آستانه,تعداد_شاخص‌ها,لیست_شاخص‌ها,الگوی_وضعیت,تعداد_کل_وقوع,تعداد_ضررده,تعداد_سودده,درصد_ضررده,درصد_سودده,نسبت_شانس,دوره‌ها
0.0,1,CPI m/m,Bad,21,16,5,76.2,23.8,3.2,2020-09-02_2020-09-11|2020-12-01_2020-12-10|2021-04-10_2021-04-19|2021-06-09_2021-06-18|2021-07-09_2021-07-18|2021-10-07_2021-10-16|2021-11-06_2021-11-15|2022-01-05_2022-01-14|2022-05-05_2022-05-14|2022-06-04_2022-06-13|2022-10-12_2022-10-21|2023-10-07_2023-10-16|2023-12-06_2023-12-15|2024-01-05_2024-01-14|2024-04-04_2024-04-13|2024-10-01_2024-10-10|2025-02-08_2025-02-17|2025-09-06_2025-09-15|2019-12-07_2019-12-16|2020-07-14_2020-07-23|2022-02-04_2022-02-13
0.0,1,CPI m/m,Neutral,28,18,10,64.3,35.7,1.8,2020-10-12_2020-10-21|2021-01-10_2021-01-19|2021-02-09_2021-02-18|2021-03-01_2021-03-10|2021-08-08_2021-08-17|2022-03-06_2022-03-15|2023-01-10_2023-01-19|2023-02-09_2023-02-18|2023-09-07_2023-09-16|2024-08-12_2024-08-21|2024-09-11_2024-09-20|2024-11-10_2024-11-19|2025-01-09_2025-01-18|2025-07-08_2025-07-17|2025-08-07_2025-08-16|2026-01-04_2026-01-13|2018-11-12_2018-11-21|2018-12-12_2018-12-21|2019-01-11_2019-01-20|2019-06-10_2019-06-19|2019-08-09_2019-08-18|2019-09-08_2019-09-17|2020-01-06_2020-01-15|2022-04-05_2022-04-14|2023-03-11_2023-03-20|2023-05-10_2023-05-19|2023-08-08_2023-08-17|2024-12-10_2024-12-19
0.0,1,CPI m/m,Good,25,15,10,60.0,40.0,1.5,2020-11-11_2020-11-20|2021-09-07_2021-09-16|2022-08-03_2022-08-12|2022-11-01_2022-11-10|2022-12-11_2022-12-20|2023-04-10_2023-04-19|2023-06-09_2023-06-18|2023-07-09_2023-07-18|2023-11-06_2023-11-15|2024-05-14_2024-05-23|2024-06-03_2024-06-12|2024-07-03_2024-07-12|2025-04-09_2025-04-18|2025-05-09_2025-05-18|2025-06-08_2025-06-17|2025-10-16_2025-10-25|2026-02-13_2026-02-22|2018-05-06_2018-05-15|2018-07-05_2018-07-14|2018-10-03_2018-10-12|2019-02-10_2019-02-19|2019-10-08_2019-10-17|2020-04-05_2020-04-14|2020-05-05_2020-05-14|2020-06-04_2020-06-13
0.1,1,CPI m/m,Bad,12,8,4,66.7,33.3,2.0,2020-09-02_2020-09-11|2021-06-09_2021-06-18|2021-07-09_2021-07-18|2021-10-07_2021-10-16|2021-11-06_2021-11-15|2022-06-04_2022-06-13|2022-10-12_2022-10-21|2023-10-07_2023-10-16|2024-04-04_2024-04-13|2025-02-08_2025-02-17|2025-09-06_2025-09-15|2022-02-04_2022-02-13
0.1,1,CPI m/m,Neutral,52,37,15,71.2,28.8,2.47,2020-10-12_2020-10-21|2020-11-11_2020-11-20|2020-12-01_2020-12-10|2021-01-10_2021-01-19|2021-02-09_2021-02-18|2021-03-01_2021-03-10|2021-04-10_2021-04-19|2021-08-08_2021-08-17|2022-01-05_2022-01-14|2022-03-06_2022-03-15|2022-05-05_2022-05-14|2023-01-10_2023-01-19|2023-02-09_2023-02-18|2023-04-10_2023-04-19|2023-06-09_2023-06-18|2023-07-09_2023-07-18|2023-09-07_2023-09-16|2023-11-06_2023-11-15|2023-12-06_2023-12-15|2024-01-05_2024-01-14|2024-06-03_2024-06-12|2024-08-12_2024-08-21|2024-09-11_2024-09-20|2024-10-01_2024-10-10|2024-11-10_2024-11-19|2025-01-09_2025-01-18|2025-05-09_2025-05-18|2025-06-08_2025-06-17|2025-07-08_2025-07-17|2025-08-07_2025-08-16|2026-01-04_2026-01-13|2026-02-13_2026-02-22|2018-05-06_2018-05-15|2018-07-05_2018-07-14|2018-10-03_2018-10-12|2018-11-12_2018-11-21|2018-12-12_2018-12-21|2019-01-11_2019-01-20|2019-02-10_2019-02-19|2019-06-10_2019-06-19|2019-08-09_2019-08-18|2019-09-08_2019-09-17|2019-10-08_2019-10-17|2019-12-07_2019-12-16|2020-01-06_2020-01-15|2020-06-04_2020-06-13|2020-07-14_2020-07-23|2022-04-05_2022-04-14|2023-03-11_2023-03-20|2023-05-10_2023-05-19|2023-08-08_2023-08-17|2024-12-10_2024-12-19
0.1,1,CPI m/m,Good,10,4,6,40.0,60.0,0.67,2021-09-07_2021-09-16|2022-08-03_2022-08-12|2022-11-01_2022-11-10|2022-12-11_2022-12-20|2024-05-14_2024-05-23|2024-07-03_2024-07-12|2025-04-09_2025-04-18|2025-10-16_2025-10-25|2020-04-05_2020-04-14|2020-05-05_2020-05-14
0.2,1,CPI m/m,Neutral,71,46,25,64.8,35.2,1.84,2020-09-02_2020-09-11|2020-10-12_2020-10-21|2020-11-11_2020-11-20|2020-12-01_2020-12-10|2021-01-10_2021-01-19|2021-02-09_2021-02-18|2021-03-01_2021-03-10|2021-04-10_2021-04-19|2021-06-09_2021-06-18|2021-08-08_2021-08-17|2021-09-07_2021-09-16|2021-10-07_2021-10-16|2022-01-05_2022-01-14|2022-03-06_2022-03-15|2022-05-05_2022-05-14|2022-08-03_2022-08-12|2022-10-12_2022-10-21|2022-11-01_2022-11-10|2022-12-11_2022-12-20|2023-01-10_2023-01-19|2023-02-09_2023-02-18|2023-04-10_2023-04-19|2023-06-09_2023-06-18|2023-07-09_2023-07-18|2023-09-07_2023-09-16|2023-10-07_2023-10-16|2023-11-06_2023-11-15|2023-12-06_2023-12-15|2024-01-05_2024-01-14|2024-04-04_2024-04-13|2024-05-14_2024-05-23|2024-06-03_2024-06-12|2024-07-03_2024-07-12|2024-08-12_2024-08-21|2024-09-11_2024-09-20|2024-10-01_2024-10-10|2024-11-10_2024-11-19|2025-01-09_2025-01-18|2025-02-08_2025-02-17|2025-04-09_2025-04-18|2025-05-09_2025-05-18|2025-06-08_2025-06-17|2025-07-08_2025-07-17|2025-08-07_2025-08-16|2025-09-06_2025-09-15|2025-10-16_2025-10-25|2026-01-04_2026-01-13|2026-02-13_2026-02-22|2018-05-06_2018-05-15|2018-07-05_2018-07-14|2018-10-03_2018-10-12|2018-11-12_2018-11-21|2018-12-12_2018-12-21|2019-01-11_2019-01-20|2019-02-10_2019-02-19|2019-06-10_2019-06-19|2019-08-09_2019-08-18|2019-09-08_2019-09-17|2019-10-08_2019-10-17|2019-12-07_2019-12-16|2020-01-06_2020-01-15|2020-04-05_2020-04-14|2020-05-05_2020-05-14|2020-06-04_2020-06-13|2020-07-14_2020-07-23|2022-02-04_2022-02-13|2022-04-05_2022-04-14|2023-03-11_2023-03-20|2023-05-10_2023-05-19|2023-08-08_2023-08-17|2024-12-10_2024-12-19
0.2,1,CPI m/m,Bad,3,3,0,100.0,0.0,inf,2021-07-09_2021-07-18|2021-11-06_2021-11-15|2022-06-04_2022-06-13
0.3,1,CPI m/m,Neutral,71,46,25,64.8,35.2,1.84,2020-09-02_2020-09-11|2020-10-12_2020-10-21|2020-11-11_2020-11-20|2020-12-01_2020-12-10|2021-01-10_2021-01-19|2021-02-09_2021-02-18|2021-03-01_2021-03-10|2021-04-10_2021-04-19|2021-06-09_2021-06-18|2021-08-08_2021-08-17|2021-09-07_2021-09-16|2021-10-07_2021-10-16|2022-01-05_2022-01-14|2022-03-06_2022-03-15|2022-05-05_2022-05-14|2022-08-03_2022-08-12|2022-10-12_2022-10-21|2022-11-01_2022-11-10|2022-12-11_2022-12-20|2023-01-10_2023-01-19|2023-02-09_2023-02-18|2023-04-10_2023-04-19|2023-06-09_2023-06-18|2023-07-09_2023-07-18|2023-09-07_2023-09-16|2023-10-07_2023-10-16|2023-11-06_2023-11-15|2023-12-06_2023-12-15|2024-01-05_2024-01-14|2024-04-04_2024-04-13|2024-05-14_2024-05-23|2024-06-03_2024-06-12|2024-07-03_2024-07-12|2024-08-12_2024-08-21|2024-09-11_2024-09-20|2024-10-01_2024-10-10|2024-11-10_2024-11-19|2025-01-09_2025-01-18|2025-02-08_2025-02-17|2025-04-09_2025-04-18|2025-05-09_2025-05-18|2025-06-08_2025-06-17|2025-07-08_2025-07-17|2025-08-07_2025-08-16|2025-09-06_2025-09-15|2025-10-16_2025-10-25|2026-01-04_2026-01-13|2026-02-13_2026-02-22|2018-05-06_2018-05-15|2018-07-05_2018-07-14|2018-10-03_2018-10-12|2018-11-12_2018-11-21|2018-12-12_2018-12-21|2019-01-11_2019-01-20|2019-02-10_2019-02-19|2019-06-10_2019-06-19|2019-08-09_2019-08-18|2019-09-08_2019-09-17|2019-10-08_2019-10-17|2019-12-07_2019-12-16|2020-01-06_2020-01-15|2020-04-05_2020-04-14|2020-05-05_2020-05-14|2020-06-04_2020-06-13|2020-07-14_2020-07-23|2022-02-04_2022-02-13|2022-04-05_2022-04-14|2023-03-11_2023-03-20|2023-05-10_2023-05-19|2023-08-08_2023-08-17|2024-12-10_2024-12-19
0.3,1,CPI m/m,Bad,3,3,0,100.0,0.0,inf,2021-07-09_2021-07-18|2021-11-06_2021-11-15|2022-06-04_2022-06-13
0.0,1,Core CPI m/m,Bad,21,16,5,76.2,23.8,3.2,2020-09-02_2020-09-11|2020-12-01_2020-12-10|2021-04-10_2021-04-19|2021-06-09_2021-06-18|2021-07-09_2021-07-18|2021-11-06_2021-11-15|2022-01-05_2022-01-14|2022-05-05_2022-05-14|2022-06-04_2022-06-13|2022-10-12_2022-10-21|2023-09-07_2023-09-16|2024-04-04_2024-04-13|2024-09-11_2024-09-20|2024-10-01_2024-10-10|2025-02-08_2025-02-17|2019-08-09_2019-08-18|2019-09-08_2019-09-17|2020-07-14_2020-07-23|2022-02-04_2022-02-13|2023-03-11_2023-03-20|2023-05-10_2023-05-19
0.0,1,Core CPI m/m,Neutral,25,17,8,68.0,32.0,2.12,2020-10-12_2020-10-21|2021-01-10_2021-01-19|2021-10-07_2021-10-16|2022-03-06_2022-03-15|2023-01-10_2023-01-19|2023-02-09_2023-02-18|2023-04-10_2023-04-19|2023-06-09_2023-06-18|2023-10-07_2023-10-16|2023-12-06_2023-12-15|2024-01-05_2024-01-14|2024-05-14_2024-05-23|2024-08-12_2024-08-21|2024-11-10_2024-11-19|2025-08-07_2025-08-16|2025-09-06_2025-09-15|2026-02-13_2026-02-22|2018-07-05_2018-07-14|2018-11-12_2018-11-21|2018-12-12_2018-12-21|2019-01-11_2019-01-20|2019-02-10_2019-02-19|2019-12-07_2019-12-16|2023-08-08_2023-08-17|2024-12-10_2024-12-19
0.0,1,Core CPI m/m,Good,28,16,12,57.1,42.9,1.33,2020-11-11_2020-11-20|2021-02-09_2021-02-18|2021-03-01_2021-03-10|2021-08-08_2021-08-17|2021-09-07_2021-09-16|2022-08-03_2022-08-12|2022-11-01_2022-11-10|2022-12-11_2022-12-20|2023-07-09_2023-07-18|2023-11-06_2023-11-15|2024-06-03_2024-06-12|2024-07-03_2024-07-12|2025-01-09_2025-01-18|2025-04-09_2025-04-18|2025-05-09_2025-05-18|2025-06-08_2025-06-17|2025-07-08_2025-07-17|2025-10-16_2025-10-25|2026-01-04_2026-01-13|2018-05-06_2018-05-15|2018-10-03_2018-10-12|2019-06-10_2019-06-19|2019-10-08_2019-10-17|2020-01-06_2020-01-15|2020-04-05_2020-04-14|2020-05-05_2020-05-14|2020-06-04_2020-06-13|2022-04-05_2022-04-14
0.1,1,Core CPI m/m,Bad,9,8,1,88.9,11.1,8.0,2020-09-02_2020-09-11|2021-06-09_2021-06-18|2021-07-09_2021-07-18|2021-11-06_2021-11-15|2022-05-05_2022-05-14|2022-10-12_2022-10-21|2024-04-04_2024-04-13|2025-02-08_2025-02-17|2023-05-10_2023-05-19
0.1,1,Core CPI m/m,Neutral,54,36,18,66.7,33.3,2.0,2020-10-12_2020-10-21|2020-12-01_2020-12-10|2021-01-10_2021-01-19|2021-03-01_2021-03-10|2021-04-10_2021-04-19|2021-10-07_2021-10-16|2022-01-05_2022-01-14|2022-03-06_2022-03-15|2022-06-04_2022-06-13|2022-12-11_2022-12-20|2023-01-10_2023-01-19|2023-02-09_2023-02-18|2023-04-10_2023-04-19|2023-06-09_2023-06-18|2023-07-09_2023-07-18|2023-09-07_2023-09-16|2023-10-07_2023-10-16|2023-11-06_2023-11-15|2023-12-06_2023-12-15|2024-01-05_2024-01-14|2024-05-14_2024-05-23|2024-06-03_2024-06-12|2024-07-03_2024-07-12|2024-08-12_2024-08-21|2024-09-11_2024-09-20|2024-10-01_2024-10-10|2024-11-10_2024-11-19|2025-01-09_2025-01-18|2025-05-09_2025-05-18|2025-07-08_2025-07-17|2025-08-07_2025-08-16|2025-09-06_2025-09-15|2025-10-16_2025-10-25|2026-01-04_2026-01-13|2026-02-13_2026-02-22|2018-05-06_2018-05-15|2018-07-05_2018-07-14|2018-10-03_2018-10-12|2018-11-12_2018-11-21|2018-12-12_2018-12-21|2019-01-11_2019-01-20|2019-02-10_2019-02-19|2019-06-10_2019-06-19|2019-08-09_2019-08-18|2019-09-08_2019-09-17|2019-10-08_2019-10-17|2019-12-07_2019-12-16|2020-01-06_2020-01-15|2020-06-04_2020-06-13|2020-07-14_2020-07-23|2022-02-04_2022-02-13|2023-03-11_2023-03-20|2023-08-08_2023-08-17|2024-12-10_2024-12-19
0.1,1,Core CPI m/m,Good,11,5,6,45.5,54.5,0.83,2020-11-11_2020-11-20|2021-02-09_2021-02-18|2021-08-08_2021-08-17|2021-09-07_2021-09-16|2022-08-03_2022-08-12|2022-11-01_2022-11-10|2025-04-09_2025-04-18|2025-06-08_2025-06-17|2020-04-05_2020-04-14|2020-05-05_2020-05-14|2022-04-05_2022-04-14
0.2,1,Core CPI m/m,Neutral,73,48,25,65.8,34.2,1.92,2020-09-02_2020-09-11|2020-10-12_2020-10-21|2020-11-11_2020-11-20|2020-12-01_2020-12-10|2021-01-10_2021-01-19|2021-02-09_2021-02-18|2021-03-01_2021-03-10|2021-04-10_2021-04-19|2021-06-09_2021-06-18|2021-08-08_2021-08-17|2021-09-07_2021-09-16|2021-10-07_2021-10-16|2021-11-06_2021-11-15|2022-01-05_2022-01-14|2022-03-06_2022-03-15|2022-05-05_2022-05-14|2022-06-04_2022-06-13|2022-08-03_2022-08-12|2022-10-12_2022-10-21|2022-11-01_2022-11-10|2022-12-11_2022-12-20|2023-01-10_2023-01-19|2023-02-09_2023-02-18|2023-04-10_2023-04-19|2023-06-09_2023-06-18|2023-07-09_2023-07-18|2023-09-07_2023-09-16|2023-10-07_2023-10-16|2023-11-06_2023-11-15|2023-12-06_2023-12-15|2024-01-05_2024-01-14|2024-04-04_2024-04-13|2024-05-14_2024-05-23|2024-06-03_2024-06-12|2024-07-03_2024-07-12|2024-08-12_2024-08-21|2024-09-11_2024-09-20|2024-10-01_2024-10-10|2024-11-10_2024-11-19|2025-01-09_2025-01-18|2025-02-08_2025-02-17|2025-04-09_2025-04-18|2025-05-09_2025-05-18|2025-06-08_2025-06-17|2025-07-08_2025-07-17|2025-08-07_2025-08-16|2025-09-06_2025-09-15|2025-10-16_2025-10-25|2026-01-04_2026-01-13|2026-02-13_2026-02-22|2018-05-06_2018-05-15|2018-07-05_2018-07-14|2018-10-03_2018-10-12|2018-11-12_2018-11-21|2018-12-12_2018-12-21|2019-01-11_2019-01-20|2019-02-10_2019-02-19|2019-06-10_2019-06-19|2019-08-09_2019-08-18|2019-09-08_2019-09-17|2019-10-08_2019-10-17|2019-12-07_2019-12-16|2020-01-06_2020-01-15|2020-04-05_2020-04-14|2020-05-05_2020-05-14|2020-06-04_2020-06-13|2020-07-14_2020-07-23|2022-02-04_2022-02-13|2022-04-05_2022-04-14|2023-03-11_2023-03-20|2023-05-10_2023-05-19|2023-08-08_2023-08-17|2024-12-10_2024-12-19
0.2,1,Core CPI m/m,Bad,1,1,0,100.0,0.0,inf,2021-07-09_2021-07-18
0.3,1,Core CPI m/m,Neutral,73,48,25,65.8,34.2,1.92,2020-09-02_2020-09-11|2020-10-12_2020-10-21|2020-11-11_2020-11-20|2020-12-01_2020-12-10|2021-01-10_2021-01-19|2021-02-09_2021-02-18|2021-03-01_2021-03-10|2021-04-10_2021-04-19|2021-06-09_2021-06-18|2021-08-08_2021-08-17|2021-09-07_2021-09-16|2021-10-07_2021-10-16|2021-11-06_2021-11-15|2022-01-05_2022-01-14|2022-03-06_2022-03-15|2022-05-05_2022-05-14|2022-06-04_2022-06-13|2022-08-03_2022-08-12|2022-10-12_2022-10-21|2022-11-01_2022-11-10|2022-12-11_2022-12-20|2023-01-10_2023-01-19|2023-02-09_2023-02-18|2023-04-10_2023-04-19|2023-06-09_2023-06-18|2023-07-09_2023-07-18|2023-09-07_2023-09-16|2023-10-07_2023-10-16|2023-11-06_2023-11-15|2023-12-06_2023-12-15|2024-01-05_2024-01-14|2024-04-04_2024-04-13|2024-05-14_2024-05-23|2024-06-03_2024-06-12|2024-07-03_2024-07-12|2024-08-12_2024-08-21|2024-09-11_2024-09-20|2024-10-01_2024-10-10|2024-11-10_2024-11-19|2025-01-09_2025-01-18|2025-02-08_2025-02-17|2025-04-09_2025-04-18|2025-05-09_2025-05-18|2025-06-08_2025-06-17|2025-07-08_2025-07-17|2025-08-07_2025-08-16|2025-09-06_2025-09-15|2025-10-16_2025-10-25|2026-01-04_2026-01-13|2026-02-13_2026-02-22|2018-05-06_2018-05-15|2018-07-05_2018-07-14|2018-10-03_2018-10-12|2018-11-12_2018-11-21|2018-12-12_2018-12-21|2019-01-11_2019-01-20|2019-02-10_2019-02-19|2019-06-10_2019-06-19|2019-08-09_2019-08-18|2019-09-08_2019-09-17|2019-10-08_2019-10-17|2019-12-07_2019-12-16|2020-01-06_2020-01-15|2020-04-05_2020-04-14|2020-05-05_2020-05-14|2020-06-04_2020-06-13|2020-07-14_2020-07-23|2022-02-04_2022-02-13|2022-04-05_2022-04-14|2023-03-11_2023-03-20|2023-05-10_2023-05-19|2023-08-08_2023-08-17|2024-12-10_2024-12-19
0.3,1,Core CPI m/m,Bad,1,1,0,100.0,0.0,inf,2021-07-09_2021-07-18
0.0,1,PPI m/m,Bad,35,22,13,62.9,37.1,1.69,2020-09-02_2020-09-11|2020-10-12_2020-10-21|2020-11-11_2020-11-20|2021-02-09_2021-02-18|2021-03-11_2021-03-20|2021-03-31_2021-04-09|2021-06-09_2021-06-18|2021-07-09_2021-07-18|2021-08-08_2021-08-17|2021-09-07_2021-09-16|2022-02-14_2022-02-23|2022-07-14_2022-07-23|2022-10-12_2022-10-21|2022-12-01_2022-12-10|2023-02-09_2023-02-18|2023-09-07_2023-09-16|2023-10-07_2023-10-16|2024-02-14_2024-02-23|2024-05-14_2024-05-23|2024-07-03_2024-07-12|2024-09-11_2024-09-20|2025-02-08_2025-02-17|2025-08-07_2025-08-16|2026-01-24_2026-02-02|2026-02-23_2026-03-04|2018-07-05_2018-07-14|2018-11-02_2018-11-11|2019-04-11_2019-04-20|2019-09-08_2019-09-17|2020-02-15_2020-02-24|2020-04-05_2020-04-14|2020-06-04_2020-06-13|2022-04-05_2022-04-14|2023-08-08_2023-08-17|2024-12-10_2024-12-19
0.0,1,PPI m/m,Neutral,11,5,6,45.5,54.5,0.83,2020-12-11_2020-12-20|2021-11-06_2021-11-15|2022-05-05_2022-05-14|2022-06-14_2022-06-23|2023-12-06_2023-12-15|2024-11-10_2024-11-19|2025-11-25_2025-12-04|2026-01-14_2026-01-23|2018-10-03_2018-10-12|2019-06-10_2019-06-19|2019-08-09_2019-08-18
0.0,1,PPI m/m,Good,32,19,13,59.4,40.6,1.46,2021-01-10_2021-01-19|2021-10-07_2021-10-16|2022-01-05_2022-01-14|2022-03-06_2022-03-15|2022-08-03_2022-08-12|2022-11-11_2022-11-20|2023-01-10_2023-01-19|2023-04-10_2023-04-19|2023-06-09_2023-06-18|2023-07-09_2023-07-18|2023-11-06_2023-11-15|2024-01-05_2024-01-14|2024-04-04_2024-04-13|2024-06-13_2024-06-22|2024-08-12_2024-08-21|2024-10-11_2024-10-20|2025-01-09_2025-01-18|2025-04-09_2025-04-18|2025-05-09_2025-05-18|2025-06-08_2025-06-17|2025-07-08_2025-07-17|2025-09-06_2025-09-15|2018-05-06_2018-05-15|2018-09-03_2018-09-12|2019-01-11_2019-01-20|2019-02-10_2019-02-19|2019-10-08_2019-10-17|2019-12-07_2019-12-16|2020-01-06_2020-01-15|2020-05-05_2020-05-14|2023-03-11_2023-03-20|2023-05-10_2023-05-19
0.1,1,PPI m/m,Neutral,32,18,14,56.2,43.8,1.29,2020-09-02_2020-09-11|2020-11-11_2020-11-20|2020-12-11_2020-12-20|2021-03-11_2021-03-20|2021-09-07_2021-09-16|2021-10-07_2021-10-16|2021-11-06_2021-11-15|2022-05-05_2022-05-14|2022-06-14_2022-06-23|2022-12-01_2022-12-10|2023-07-09_2023-07-18|2023-12-06_2023-12-15|2024-04-04_2024-04-13|2024-07-03_2024-07-12|2024-08-12_2024-08-21|2024-09-11_2024-09-20|2024-10-11_2024-10-20|2024-11-10_2024-11-19|2025-06-08_2025-06-17|2025-11-25_2025-12-04|2026-01-14_2026-01-23|2018-05-06_2018-05-15|2018-07-05_2018-07-14|2018-10-03_2018-10-12|2019-01-11_2019-01-20|2019-06-10_2019-06-19|2019-08-09_2019-08-18|2019-09-08_2019-09-17|2020-01-06_2020-01-15|2020-04-05_2020-04-14|2023-05-10_2023-05-19|2023-08-08_2023-08-17
0.1,1,PPI m/m,Bad,24,15,9,62.5,37.5,1.67,2020-10-12_2020-10-21|2021-02-09_2021-02-18|2021-03-31_2021-04-09|2021-06-09_2021-06-18|2021-07-09_2021-07-18|2021-08-08_2021-08-17|2022-02-14_2022-02-23|2022-07-14_2022-07-23|2022-10-12_2022-10-21|2023-02-09_2023-02-18|2023-09-07_2023-09-16|2023-10-07_2023-10-16|2024-02-14_2024-02-23|2024-05-14_2024-05-23|2025-02-08_2025-02-17|2025-08-07_2025-08-16|2026-01-24_2026-02-02|2026-02-23_2026-03-04|2018-11-02_2018-11-11|2019-04-11_2019-04-20|2020-02-15_2020-02-24|2020-06-04_2020-06-13|2022-04-05_2022-04-14|2024-12-10_2024-12-19
0.1,1,PPI m/m,Good,22,13,9,59.1,40.9,1.44,2021-01-10_2021-01-19|2022-01-05_2022-01-14|2022-03-06_2022-03-15|2022-08-03_2022-08-12|2022-11-11_2022-11-20|2023-01-10_2023-01-19|2023-04-10_2023-04-19|2023-06-09_2023-06-18|2023-11-06_2023-11-15|2024-01-05_2024-01-14|2024-06-13_2024-06-22|2025-01-09_2025-01-18|2025-04-09_2025-04-18|2025-05-09_2025-05-18|2025-07-08_2025-07-17|2025-09-06_2025-09-15|2018-09-03_2018-09-12|2019-02-10_2019-02-19|2019-10-08_2019-10-17|2019-12-07_2019-12-16|2020-05-05_2020-05-14|2023-03-11_2023-03-20
0.2,1,PPI m/m,Neutral,50,32,18,64.0,36.0,1.78,2020-09-02_2020-09-11|2020-10-12_2020-10-21|2020-11-11_2020-11-20|2020-12-11_2020-12-20|2021-01-10_2021-01-19|2021-03-11_2021-03-20|2021-09-07_2021-09-16|2021-10-07_2021-10-16|2021-11-06_2021-11-15|2022-01-05_2022-01-14|2022-03-06_2022-03-15|2022-05-05_2022-05-14|2022-06-14_2022-06-23|2022-10-12_2022-10-21|2022-11-11_2022-11-20|2022-12-01_2022-12-10|2023-06-09_2023-06-18|2023-07-09_2023-07-18|2023-10-07_2023-10-16|2023-12-06_2023-12-15|2024-01-05_2024-01-14|2024-02-14_2024-02-23|2024-04-04_2024-04-13|2024-05-14_2024-05-23|2024-07-03_2024-07-12|2024-08-12_2024-08-21|2024-09-11_2024-09-20|2024-10-11_2024-10-20|2024-11-10_2024-11-19|2025-01-09_2025-01-18|2025-02-08_2025-02-17|2025-06-08_2025-06-17|2025-07-08_2025-07-17|2025-11-25_2025-12-04|2026-01-14_2026-01-23|2026-02-23_2026-03-04|2018-05-06_2018-05-15|2018-07-05_2018-07-14|2018-10-03_2018-10-12|2019-01-11_2019-01-20|2019-02-10_2019-02-19|2019-06-10_2019-06-19|2019-08-09_2019-08-18|2019-09-08_2019-09-17|2019-12-07_2019-12-16|2020-01-06_2020-01-15|2020-04-05_2020-04-14|2023-05-10_2023-05-19|2023-08-08_2023-08-17|2024-12-10_2024-12-19
0.2,1,PPI m/m,Bad,16,9,7,56.2,43.8,1.29,2021-02-09_2021-02-18|2021-03-31_2021-04-09|2021-06-09_2021-06-18|2021-07-09_2021-07-18|2021-08-08_2021-08-17|2022-02-14_2022-02-23|2022-07-14_2022-07-23|2023-02-09_2023-02-18|2023-09-07_2023-09-16|2025-08-07_2025-08-16|2026-01-24_2026-02-02|2018-11-02_2018-11-11|2019-04-11_2019-04-20|2020-02-15_2020-02-24|2020-06-04_2020-06-13|2022-04-05_2022-04-14
0.2,1,PPI m/m,Good,12,5,7,41.7,58.3,0.71,2022-08-03_2022-08-12|2023-01-10_2023-01-19|2023-04-10_2023-04-19|2023-11-06_2023-11-15|2024-06-13_2024-06-22|2025-04-09_2025-04-18|2025-05-09_2025-05-18|2025-09-06_2025-09-15|2018-09-03_2018-09-12|2019-10-08_2019-10-17|2020-05-05_2020-05-14|2023-03-11_2023-03-20
0.3,1,PPI m/m,Neutral,55,33,22,60.0,40.0,1.5,2020-09-02_2020-09-11|2020-10-12_2020-10-21|2020-11-11_2020-11-20|2020-12-11_2020-12-20|2021-01-10_2021-01-19|2021-03-11_2021-03-20|2021-09-07_2021-09-16|2021-10-07_2021-10-16|2021-11-06_2021-11-15|2022-01-05_2022-01-14|2022-03-06_2022-03-15|2022-05-05_2022-05-14|2022-06-14_2022-06-23|2022-10-12_2022-10-21|2022-11-11_2022-11-20|2022-12-01_2022-12-10|2023-02-09_2023-02-18|2023-06-09_2023-06-18|2023-07-09_2023-07-18|2023-09-07_2023-09-16|2023-10-07_2023-10-16|2023-12-06_2023-12-15|2024-01-05_2024-01-14|2024-02-14_2024-02-23|2024-04-04_2024-04-13|2024-05-14_2024-05-23|2024-07-03_2024-07-12|2024-08-12_2024-08-21|2024-09-11_2024-09-20|2024-10-11_2024-10-20|2024-11-10_2024-11-19|2025-01-09_2025-01-18|2025-02-08_2025-02-17|2025-06-08_2025-06-17|2025-07-08_2025-07-17|2025-11-25_2025-12-04|2026-01-14_2026-01-23|2026-01-24_2026-02-02|2026-02-23_2026-03-04|2018-05-06_2018-05-15|2018-07-05_2018-07-14|2018-10-03_2018-10-12|2019-01-11_2019-01-20|2019-02-10_2019-02-19|2019-04-11_2019-04-20|2019-06-10_2019-06-19|2019-08-09_2019-08-18|2019-09-08_2019-09-17|2019-12-07_2019-12-16|2020-01-06_2020-01-15|2020-04-05_2020-04-14|2022-04-05_2022-04-14|2023-05-10_2023-05-19|2023-08-08_2023-08-17|2024-12-10_2024-12-19
0.3,1,PPI m/m,Bad,11,8,3,72.7,27.3,2.67,2021-02-09_2021-02-18|2021-03-31_2021-04-09|2021-06-09_2021-06-18|2021-07-09_2021-07-18|2021-08-08_2021-08-17|2022-02-14_2022-02-23|2022-07-14_2022-07-23|2025-08-07_2025-08-16|2018-11-02_2018-11-11|2020-02-15_2020-02-24|2020-06-04_2020-06-13
0.3,1,PPI m/m,Good,12,5,7,41.7,58.3,0.71,2022-08-03_2022-08-12|2023-01-10_2023-01-19|2023-04-10_2023-04-19|2023-11-06_2023-11-15|2024-06-13_2024-06-22|2025-04-09_2025-04-18|2025-05-09_2025-05-18|2025-09-06_2025-09-15|2018-09-03_2018-09-12|2019-10-08_2019-10-17|2020-05-05_2020-05-14|2023-03-11_2023-03-20
0.0,1,Core PPI m/m,Bad,28,15,13,53.6,46.4,1.15,2020-09-02_2020-09-11|2020-10-12_2020-10-21|2021-02-09_2021-02-18|2021-03-31_2021-04-09|2021-06-09_2021-06-18|2021-07-09_2021-07-18|2021-08-08_2021-08-17|2021-09-07_2021-09-16|2022-02-14_2022-02-23|2022-12-01_2022-12-10|2023-02-09_2023-02-18|2023-10-07_2023-10-16|2024-02-14_2024-02-23|2024-05-14_2024-05-23|2024-07-03_2024-07-12|2024-09-11_2024-09-20|2025-08-07_2025-08-16|2026-01-24_2026-02-02|2026-02-23_2026-03-04|2018-07-05_2018-07-14|2018-11-02_2018-11-11|2019-02-10_2019-02-19|2019-04-11_2019-04-20|2019-09-08_2019-09-17|2020-02-15_2020-02-24|2020-04-05_2020-04-14|2022-04-05_2022-04-14|2023-08-08_2023-08-17
0.0,1,Core PPI m/m,Good,33,18,15,54.5,45.5,1.2,2020-11-11_2020-11-20|2020-12-11_2020-12-20|2021-10-07_2021-10-16|2021-11-06_2021-11-15|2022-03-06_2022-03-15|2022-05-05_2022-05-14|2022-06-14_2022-06-23|2022-07-14_2022-07-23|2022-08-03_2022-08-12|2022-11-11_2022-11-20|2023-04-10_2023-04-19|2023-07-09_2023-07-18|2023-11-06_2023-11-15|2023-12-06_2023-12-15|2024-01-05_2024-01-14|2024-06-13_2024-06-22|2024-08-12_2024-08-21|2025-01-09_2025-01-18|2025-04-09_2025-04-18|2025-05-09_2025-05-18|2025-06-08_2025-06-17|2025-07-08_2025-07-17|2025-09-06_2025-09-15|2025-11-25_2025-12-04|2026-01-14_2026-01-23|2018-09-03_2018-09-12|2019-01-11_2019-01-20|2019-08-09_2019-08-18|2019-10-08_2019-10-17|2019-12-07_2019-12-16|2020-01-06_2020-01-15|2020-05-05_2020-05-14|2023-03-11_2023-03-20
0.0,1,Core PPI m/m,Neutral,17,13,4,76.5,23.5,3.25,2021-01-10_2021-01-19|2021-03-11_2021-03-20|2022-01-05_2022-01-14|2022-10-12_2022-10-21|2023-01-10_2023-01-19|2023-06-09_2023-06-18|2023-09-07_2023-09-16|2024-04-04_2024-04-13|2024-10-11_2024-10-20|2024-11-10_2024-11-19|2025-02-08_2025-02-17|2018-05-06_2018-05-15|2018-10-03_2018-10-12|2019-06-10_2019-06-19|2020-06-04_2020-06-13|2023-05-10_2023-05-19|2024-12-10_2024-12-19
0.1,1,Core PPI m/m,Bad,20,11,9,55.0,45.0,1.22,2020-09-02_2020-09-11|2020-10-12_2020-10-21|2021-02-09_2021-02-18|2021-03-31_2021-04-09|2021-06-09_2021-06-18|2021-07-09_2021-07-18|2021-08-08_2021-08-17|2022-02-14_2022-02-23|2022-12-01_2022-12-10|2023-02-09_2023-02-18|2024-02-14_2024-02-23|2024-05-14_2024-05-23|2024-07-03_2024-07-12|2025-08-07_2025-08-16|2026-01-24_2026-02-02|2026-02-23_2026-03-04|2018-11-02_2018-11-11|2020-02-15_2020-02-24|2020-04-05_2020-04-14|2022-04-05_2022-04-14
0.1,1,Core PPI m/m,Neutral,33,21,12,63.6,36.4,1.75,2020-11-11_2020-11-20|2020-12-11_2020-12-20|2021-01-10_2021-01-19|2021-03-11_2021-03-20|2021-09-07_2021-09-16|2021-11-06_2021-11-15|2022-01-05_2022-01-14|2022-06-14_2022-06-23|2022-07-14_2022-07-23|2022-10-12_2022-10-21|2023-01-10_2023-01-19|2023-06-09_2023-06-18|2023-07-09_2023-07-18|2023-09-07_2023-09-16|2023-10-07_2023-10-16|2024-04-04_2024-04-13|2024-09-11_2024-09-20|2024-10-11_2024-10-20|2024-11-10_2024-11-19|2025-02-08_2025-02-17|2025-11-25_2025-12-04|2018-05-06_2018-05-15|2018-07-05_2018-07-14|2018-10-03_2018-10-12|2019-02-10_2019-02-19|2019-04-11_2019-04-20|2019-06-10_2019-06-19|2019-09-08_2019-09-17|2020-01-06_2020-01-15|2020-06-04_2020-06-13|2023-05-10_2023-05-19|2023-08-08_2023-08-17|2024-12-10_2024-12-19
0.1,1,Core PPI m/m,Good,25,14,11,56.0,44.0,1.27,2021-10-07_2021-10-16|2022-03-06_2022-03-15|2022-05-05_2022-05-14|2022-08-03_2022-08-12|2022-11-11_2022-11-20|2023-04-10_2023-04-19|2023-11-06_2023-11-15|2023-12-06_2023-12-15|2024-01-05_2024-01-14|2024-06-13_2024-06-22|2024-08-12_2024-08-21|2025-01-09_2025-01-18|2025-04-09_2025-04-18|2025-05-09_2025-05-18|2025-06-08_2025-06-17|2025-07-08_2025-07-17|2025-09-06_2025-09-15|2026-01-14_2026-01-23|2018-09-03_2018-09-12|2019-01-11_2019-01-20|2019-08-09_2019-08-18|2019-10-08_2019-10-17|2019-12-07_2019-12-16|2020-05-05_2020-05-14|2023-03-11_2023-03-20
0.2,1,Core PPI m/m,Neutral,50,32,18,64.0,36.0,1.78,2020-09-02_2020-09-11|2020-10-12_2020-10-21|2020-11-11_2020-11-20|2020-12-11_2020-12-20|2021-01-10_2021-01-19|2021-03-11_2021-03-20|2021-06-09_2021-06-18|2021-09-07_2021-09-16|2021-11-06_2021-11-15|2022-01-05_2022-01-14|2022-05-05_2022-05-14|2022-06-14_2022-06-23|2022-07-14_2022-07-23|2022-08-03_2022-08-12|2022-10-12_2022-10-21|2022-12-01_2022-12-10|2023-01-10_2023-01-19|2023-02-09_2023-02-18|2023-06-09_2023-06-18|2023-07-09_2023-07-18|2023-09-07_2023-09-16|2023-10-07_2023-10-16|2023-12-06_2023-12-15|2024-01-05_2024-01-14|2024-04-04_2024-04-13|2024-07-03_2024-07-12|2024-08-12_2024-08-21|2024-09-11_2024-09-20|2024-10-11_2024-10-20|2024-11-10_2024-11-19|2025-01-09_2025-01-18|2025-02-08_2025-02-17|2025-06-08_2025-06-17|2025-07-08_2025-07-17|2025-11-25_2025-12-04|2026-01-14_2026-01-23|2018-05-06_2018-05-15|2018-07-05_2018-07-14|2018-10-03_2018-10-12|2019-02-10_2019-02-19|2019-04-11_2019-04-20|2019-06-10_2019-06-19|2019-09-08_2019-09-17|2020-01-06_2020-01-15|2020-04-05_2020-04-14|2020-05-05_2020-05-14|2020-06-04_2020-06-13|2023-05-10_2023-05-19|2023-08-08_2023-08-17|2024-12-10_2024-12-19
0.2,1,Core PPI m/m,Bad,13,7,6,53.8,46.2,1.17,2021-02-09_2021-02-18|2021-03-31_2021-04-09|2021-07-09_2021-07-18|2021-08-08_2021-08-17|2022-02-14_2022-02-23|2024-02-14_2024-02-23|2024-05-14_2024-05-23|2025-08-07_2025-08-16|2026-01-24_2026-02-02|2026-02-23_2026-03-04|2018-11-02_2018-11-11|2020-02-15_2020-02-24|2022-04-05_2022-04-14
0.2,1,Core PPI m/m,Good,15,7,8,46.7,53.3,0.87,2021-10-07_2021-10-16|2022-03-06_2022-03-15|2022-11-11_2022-11-20|2023-04-10_2023-04-19|2023-11-06_2023-11-15|2024-06-13_2024-06-22|2025-04-09_2025-04-18|2025-05-09_2025-05-18|2025-09-06_2025-09-15|2018-09-03_2018-09-12|2019-01-11_2019-01-20|2019-08-09_2019-08-18|2019-10-08_2019-10-17|2019-12-07_2019-12-16|2023-03-11_2023-03-20
0.3,1,Core PPI m/m,Neutral,57,35,22,61.4,38.6,1.59,2020-09-02_2020-09-11|2020-10-12_2020-10-21|2020-11-11_2020-11-20|2020-12-11_2020-12-20|2021-01-10_2021-01-19|2021-03-11_2021-03-20|2021-06-09_2021-06-18|2021-09-07_2021-09-16|2021-10-07_2021-10-16|2021-11-06_2021-11-15|2022-01-05_2022-01-14|2022-05-05_2022-05-14|2022-06-14_2022-06-23|2022-07-14_2022-07-23|2022-08-03_2022-08-12|2022-10-12_2022-10-21|2022-11-11_2022-11-20|2022-12-01_2022-12-10|2023-01-10_2023-01-19|2023-02-09_2023-02-18|2023-06-09_2023-06-18|2023-07-09_2023-07-18|2023-09-07_2023-09-16|2023-10-07_2023-10-16|2023-11-06_2023-11-15|2023-12-06_2023-12-15|2024-01-05_2024-01-14|2024-04-04_2024-04-13|2024-05-14_2024-05-23|2024-06-13_2024-06-22|2024-07-03_2024-07-12|2024-08-12_2024-08-21|2024-09-11_2024-09-20|2024-10-11_2024-10-20|2024-11-10_2024-11-19|2025-01-09_2025-01-18|2025-02-08_2025-02-17|2025-06-08_2025-06-17|2025-07-08_2025-07-17|2025-11-25_2025-12-04|2026-01-14_2026-01-23|2018-05-06_2018-05-15|2018-07-05_2018-07-14|2018-10-03_2018-10-12|2018-11-02_2018-11-11|2019-02-10_2019-02-19|2019-04-11_2019-04-20|2019-06-10_2019-06-19|2019-09-08_2019-09-17|2020-01-06_2020-01-15|2020-02-15_2020-02-24|2020-04-05_2020-04-14|2020-05-05_2020-05-14|2020-06-04_2020-06-13|2023-05-10_2023-05-19|2023-08-08_2023-08-17|2024-12-10_2024-12-19
0.3,1,Core PPI m/m,Bad,10,6,4,60.0,40.0,1.5,2021-02-09_2021-02-18|2021-03-31_2021-04-09|2021-07-09_2021-07-18|2021-08-08_2021-08-17|2022-02-14_2022-02-23|2024-02-14_2024-02-23|2025-08-07_2025-08-16|2026-01-24_2026-02-02|2026-02-23_2026-03-04|2022-04-05_2022-04-14
0.3,1,Core PPI m/m,Good,11,5,6,45.5,54.5,0.83,2022-03-06_2022-03-15|2023-04-10_2023-04-19|2025-04-09_2025-04-18|2025-05-09_2025-05-18|2025-09-06_2025-09-15|2018-09-03_2018-09-12|2019-01-11_2019-01-20|2019-08-09_2019-08-18|2019-10-08_2019-10-17|2019-12-07_2019-12-16|2023-03-11_2023-03-20
0.0,1,FOMC,Neutral,12,9,3,75.0,25.0,3.0,2023-04-30_2023-05-09|2023-06-09_2023-06-18|2023-07-19_2023-07-28|2023-09-17_2023-09-26|2023-10-27_2023-11-05|2023-12-06_2023-12-15|2024-06-03_2024-06-12|2024-07-23_2024-08-01|2024-10-31_2024-11-09|2025-01-29_2025-02-07|2023-03-21_2023-03-30|2024-12-10_2024-12-19
0.0,1,FOMC,Good,1,1,0,100.0,0.0,inf,2024-09-11_2024-09-20
0.1,1,FOMC,Neutral,12,9,3,75.0,25.0,3.0,2023-04-30_2023-05-09|2023-06-09_2023-06-18|2023-07-19_2023-07-28|2023-09-17_2023-09-26|2023-10-27_2023-11-05|2023-12-06_2023-12-15|2024-06-03_2024-06-12|2024-07-23_2024-08-01|2024-10-31_2024-11-09|2025-01-29_2025-02-07|2023-03-21_2023-03-30|2024-12-10_2024-12-19
0.1,1,FOMC,Good,1,1,0,100.0,0.0,inf,2024-09-11_2024-09-20
0.2,1,FOMC,Neutral,12,9,3,75.0,25.0,3.0,2023-04-30_2023-05-09|2023-06-09_2023-06-18|2023-07-19_2023-07-28|2023-09-17_2023-09-26|2023-10-27_2023-11-05|2023-12-06_2023-12-15|2024-06-03_2024-06-12|2024-07-23_2024-08-01|2024-10-31_2024-11-09|2025-01-29_2025-02-07|2023-03-21_2023-03-30|2024-12-10_2024-12-19
0.2,1,FOMC,Good,1,1,0,100.0,0.0,inf,2024-09-11_2024-09-20
0.3,1,FOMC,Neutral,13,10,3,76.9,23.1,3.33,2023-04-30_2023-05-09|2023-06-09_2023-06-18|2023-07-19_2023-07-28|2023-09-17_2023-09-26|2023-10-27_2023-11-05|2023-12-06_2023-12-15|2024-06-03_2024-06-12|2024-07-23_2024-08-01|2024-09-11_2024-09-20|2024-10-31_2024-11-09|2025-01-29_2025-02-07|2023-03-21_2023-03-30|2024-12-10_2024-12-19
0.0,1,CPI y/y,Bad,23,16,7,69.6,30.4,2.29,2020-09-02_2020-09-11|2021-04-10_2021-04-19|2021-06-09_2021-06-18|2021-07-09_2021-07-18|2021-08-08_2021-08-17|2021-10-07_2021-10-16|2021-11-06_2021-11-15|2022-05-05_2022-05-14|2022-06-04_2022-06-13|2022-10-12_2022-10-21|2023-02-09_2023-02-18|2023-09-07_2023-09-16|2023-10-07_2023-10-16|2024-01-05_2024-01-14|2024-04-04_2024-04-13|2024-10-01_2024-10-10|2025-02-08_2025-02-17|2025-07-08_2025-07-17|2019-02-10_2019-02-19|2019-08-09_2019-08-18|2019-12-07_2019-12-16|2022-02-04_2022-02-13|2022-04-05_2022-04-14
0.0,1,CPI y/y,Neutral,25,18,7,72.0,28.0,2.57,2020-10-12_2020-10-21|2020-12-01_2020-12-10|2021-01-10_2021-01-19|2021-02-09_2021-02-18|2021-03-01_2021-03-10|2021-09-07_2021-09-16|2022-01-05_2022-01-14|2022-03-06_2022-03-15|2023-01-10_2023-01-19|2023-12-06_2023-12-15|2024-05-14_2024-05-23|2024-09-11_2024-09-20|2024-11-10_2024-11-19|2025-01-09_2025-01-18|2025-09-06_2025-09-15|2026-01-04_2026-01-13|2018-05-06_2018-05-15|2018-07-05_2018-07-14|2018-11-12_2018-11-21|2018-12-12_2018-12-21|2019-01-11_2019-01-20|2020-01-06_2020-01-15|2020-07-14_2020-07-23|2023-03-11_2023-03-20|2024-12-10_2024-12-19
0.0,1,CPI y/y,Good,27,15,12,55.6,44.4,1.25,2020-11-11_2020-11-20|2022-08-03_2022-08-12|2022-11-01_2022-11-10|2022-12-11_2022-12-20|2023-04-10_2023-04-19|2023-06-09_2023-06-18|2023-07-09_2023-07-18|2023-11-06_2023-11-15|2024-06-03_2024-06-12|2024-07-03_2024-07-12|2024-08-12_2024-08-21|2025-04-09_2025-04-18|2025-05-09_2025-05-18|2025-06-08_2025-06-17|2025-08-07_2025-08-16|2025-10-16_2025-10-25|2025-12-15_2025-12-24|2026-02-13_2026-02-22|2018-10-03_2018-10-12|2019-06-10_2019-06-19|2019-09-08_2019-09-17|2019-10-08_2019-10-17|2020-04-05_2020-04-14|2020-05-05_2020-05-14|2020-06-04_2020-06-13|2023-05-10_2023-05-19|2023-08-08_2023-08-17
0.1,1,CPI y/y,Bad,21,15,6,71.4,28.6,2.5,2020-09-02_2020-09-11|2021-04-10_2021-04-19|2021-06-09_2021-06-18|2021-07-09_2021-07-18|2021-08-08_2021-08-17|2021-10-07_2021-10-16|2021-11-06_2021-11-15|2022-05-05_2022-05-14|2022-06-04_2022-06-13|2023-02-09_2023-02-18|2023-09-07_2023-09-16|2023-10-07_2023-10-16|2024-01-05_2024-01-14|2024-04-04_2024-04-13|2024-10-01_2024-10-10|2025-02-08_2025-02-17|2025-07-08_2025-07-17|2019-02-10_2019-02-19|2019-08-09_2019-08-18|2019-12-07_2019-12-16|2022-02-04_2022-02-13
0.1,1,CPI y/y,Neutral,34,23,11,67.6,32.4,2.09,2020-10-12_2020-10-21|2020-12-01_2020-12-10|2021-01-10_2021-01-19|2021-02-09_2021-02-18|2021-03-01_2021-03-10|2021-09-07_2021-09-16|2022-01-05_2022-01-14|2022-03-06_2022-03-15|2022-10-12_2022-10-21|2023-01-10_2023-01-19|2023-04-10_2023-04-19|2023-06-09_2023-06-18|2023-11-06_2023-11-15|2023-12-06_2023-12-15|2024-05-14_2024-05-23|2024-09-11_2024-09-20|2024-11-10_2024-11-19|2025-01-09_2025-01-18|2025-08-07_2025-08-16|2025-09-06_2025-09-15|2026-01-04_2026-01-13|2018-05-06_2018-05-15|2018-07-05_2018-07-14|2018-11-12_2018-11-21|2018-12-12_2018-12-21|2019-01-11_2019-01-20|2019-06-10_2019-06-19|2020-01-06_2020-01-15|2020-07-14_2020-07-23|2022-04-05_2022-04-14|2023-03-11_2023-03-20|2023-05-10_2023-05-19|2023-08-08_2023-08-17|2024-12-10_2024-12-19
0.1,1,CPI y/y,Good,20,11,9,55.0,45.0,1.22,2020-11-11_2020-11-20|2022-08-03_2022-08-12|2022-11-01_2022-11-10|2022-12-11_2022-12-20|2023-07-09_2023-07-18|2024-06-03_2024-06-12|2024-07-03_2024-07-12|2024-08-12_2024-08-21|2025-04-09_2025-04-18|2025-05-09_2025-05-18|2025-06-08_2025-06-17|2025-10-16_2025-10-25|2025-12-15_2025-12-24|2026-02-13_2026-02-22|2018-10-03_2018-10-12|2019-09-08_2019-09-17|2019-10-08_2019-10-17|2020-04-05_2020-04-14|2020-05-05_2020-05-14|2020-06-04_2020-06-13
0.2,1,CPI y/y,Neutral,65,41,24,63.1,36.9,1.71,2020-09-02_2020-09-11|2020-10-12_2020-10-21|2020-11-11_2020-11-20|2020-12-01_2020-12-10|2021-01-10_2021-01-19|2021-02-09_2021-02-18|2021-03-01_2021-03-10|2021-04-10_2021-04-19|2021-08-08_2021-08-17|2021-09-07_2021-09-16|2021-10-07_2021-10-16|2022-01-05_2022-01-14|2022-03-06_2022-03-15|2022-08-03_2022-08-12|2022-10-12_2022-10-21|2023-01-10_2023-01-19|2023-04-10_2023-04-19|2023-06-09_2023-06-18|2023-07-09_2023-07-18|2023-09-07_2023-09-16|2023-10-07_2023-10-16|2023-11-06_2023-11-15|2023-12-06_2023-12-15|2024-01-05_2024-01-14|2024-04-04_2024-04-13|2024-05-14_2024-05-23|2024-06-03_2024-06-12|2024-07-03_2024-07-12|2024-08-12_2024-08-21|2024-09-11_2024-09-20|2024-10-01_2024-10-10|2024-11-10_2024-11-19|2025-01-09_2025-01-18|2025-02-08_2025-02-17|2025-04-09_2025-04-18|2025-05-09_2025-05-18|2025-06-08_2025-06-17|2025-07-08_2025-07-17|2025-08-07_2025-08-16|2025-09-06_2025-09-15|2025-10-16_2025-10-25|2026-01-04_2026-01-13|2026-02-13_2026-02-22|2018-05-06_2018-05-15|2018-07-05_2018-07-14|2018-10-03_2018-10-12|2018-11-12_2018-11-21|2018-12-12_2018-12-21|2019-01-11_2019-01-20|2019-02-10_2019-02-19|2019-06-10_2019-06-19|2019-08-09_2019-08-18|2019-09-08_2019-09-17|2019-10-08_2019-10-17|2019-12-07_2019-12-16|2020-01-06_2020-01-15|2020-04-05_2020-04-14|2020-05-05_2020-05-14|2020-06-04_2020-06-13|2020-07-14_2020-07-23|2022-04-05_2022-04-14|2023-03-11_2023-03-20|2023-05-10_2023-05-19|2023-08-08_2023-08-17|2024-12-10_2024-12-19
0.2,1,CPI y/y,Bad,7,6,1,85.7,14.3,6.0,2021-06-09_2021-06-18|2021-07-09_2021-07-18|2021-11-06_2021-11-15|2022-05-05_2022-05-14|2022-06-04_2022-06-13|2023-02-09_2023-02-18|2022-02-04_2022-02-13
0.2,1,CPI y/y,Good,3,2,1,66.7,33.3,2.0,2022-11-01_2022-11-10|2022-12-11_2022-12-20|2025-12-15_2025-12-24
0.3,1,CPI y/y,Neutral,73,48,25,65.8,34.2,1.92,2020-09-02_2020-09-11|2020-10-12_2020-10-21|2020-11-11_2020-11-20|2020-12-01_2020-12-10|2021-01-10_2021-01-19|2021-02-09_2021-02-18|2021-03-01_2021-03-10|2021-04-10_2021-04-19|2021-06-09_2021-06-18|2021-08-08_2021-08-17|2021-09-07_2021-09-16|2021-10-07_2021-10-16|2021-11-06_2021-11-15|2022-01-05_2022-01-14|2022-03-06_2022-03-15|2022-05-05_2022-05-14|2022-06-04_2022-06-13|2022-08-03_2022-08-12|2022-10-12_2022-10-21|2022-11-01_2022-11-10|2022-12-11_2022-12-20|2023-01-10_2023-01-19|2023-02-09_2023-02-18|2023-04-10_2023-04-19|2023-06-09_2023-06-18|2023-07-09_2023-07-18|2023-09-07_2023-09-16|2023-10-07_2023-10-16|2023-11-06_2023-11-15|2023-12-06_2023-12-15|2024-01-05_2024-01-14|2024-04-04_2024-04-13|2024-05-14_2024-05-23|2024-06-03_2024-06-12|2024-07-03_2024-07-12|2024-08-12_2024-08-21|2024-09-11_2024-09-20|2024-10-01_2024-10-10|2024-11-10_2024-11-19|2025-01-09_2025-01-18|2025-02-08_2025-02-17|2025-04-09_2025-04-18|2025-05-09_2025-05-18|2025-06-08_2025-06-17|2025-07-08_2025-07-17|2025-08-07_2025-08-16|2025-09-06_2025-09-15|2025-10-16_2025-10-25|2026-01-04_2026-01-13|2026-02-13_2026-02-22|2018-05-06_2018-05-15|2018-07-05_2018-07-14|2018-10-03_2018-10-12|2018-11-12_2018-11-21|2018-12-12_2018-12-21|2019-01-11_2019-01-20|2019-02-10_2019-02-19|2019-06-10_2019-06-19|2019-08-09_2019-08-18|2019-09-08_2019-09-17|2019-10-08_2019-10-17|2019-12-07_2019-12-16|2020-01-06_2020-01-15|2020-04-05_2020-04-14|2020-05-05_2020-05-14|2020-06-04_2020-06-13|2020-07-14_2020-07-23|2022-02-04_2022-02-13|2022-04-05_2022-04-14|2023-03-11_2023-03-20|2023-05-10_2023-05-19|2023-08-08_2023-08-17|2024-12-10_2024-12-19
0.3,1,CPI y/y,Bad,1,1,0,100.0,0.0,inf,2021-07-09_2021-07-18
0.3,1,CPI y/y,Good,1,0,1,0.0,100.0,0.0,2025-12-15_2025-12-24
0.0,2,CPI m/m|Core CPI m/m,Bad|Bad,15,13,2,86.7,13.3,6.5,2020-09-02_2020-09-11|2020-12-01_2020-12-10|2021-04-10_2021-04-19|2021-06-09_2021-06-18|2021-07-09_2021-07-18|2021-11-06_2021-11-15|2022-01-05_2022-01-14|2022-05-05_2022-05-14|2022-06-04_2022-06-13|2022-10-12_2022-10-21|2024-04-04_2024-04-13|2024-10-01_2024-10-10|2025-02-08_2025-02-17|2020-07-14_2020-07-23|2022-02-04_2022-02-13
0.0,2,CPI m/m|Core CPI m/m,Neutral|Neutral,13,10,3,76.9,23.1,3.33,2020-10-12_2020-10-21|2021-01-10_2021-01-19|2022-03-06_2022-03-15|2023-01-10_2023-01-19|2023-02-09_2023-02-18|2024-08-12_2024-08-21|2024-11-10_2024-11-19|2025-08-07_2025-08-16|2018-11-12_2018-11-21|2018-12-12_2018-12-21|2019-01-11_2019-01-20|2023-08-08_2023-08-17|2024-12-10_2024-12-19
0.0,2,CPI m/m|Core CPI m/m,Good|Good,19,11,8,57.9,42.1,1.38,2020-11-11_2020-11-20|2021-09-07_2021-09-16|2022-08-03_2022-08-12|2022-11-01_2022-11-10|2022-12-11_2022-12-20|2023-07-09_2023-07-18|2023-11-06_2023-11-15|2024-06-03_2024-06-12|2024-07-03_2024-07-12|2025-04-09_2025-04-18|2025-05-09_2025-05-18|2025-06-08_2025-06-17|2025-10-16_2025-10-25|2018-05-06_2018-05-15|2018-10-03_2018-10-12|2019-10-08_2019-10-17|2020-04-05_2020-04-14|2020-05-05_2020-05-14|2020-06-04_2020-06-13
0.0,2,CPI m/m|Core CPI m/m,Neutral|Good,9,5,4,55.6,44.4,1.25,2021-02-09_2021-02-18|2021-03-01_2021-03-10|2021-08-08_2021-08-17|2025-01-09_2025-01-18|2025-07-08_2025-07-17|2026-01-04_2026-01-13|2019-06-10_2019-06-19|2020-01-06_2020-01-15|2022-04-05_2022-04-14
0.0,2,CPI m/m|Core CPI m/m,Bad|Neutral,6,3,3,50.0,50.0,1.0,2021-10-07_2021-10-16|2023-10-07_2023-10-16|2023-12-06_2023-12-15|2024-01-05_2024-01-14|2025-09-06_2025-09-15|2019-12-07_2019-12-16
0.0,2,CPI m/m|Core CPI m/m,Good|Neutral,6,4,2,66.7,33.3,2.0,2023-04-10_2023-04-19|2023-06-09_2023-06-18|2024-05-14_2024-05-23|2026-02-13_2026-02-22|2018-07-05_2018-07-14|2019-02-10_2019-02-19
0.0,2,CPI m/m|Core CPI m/m,Neutral|Bad,6,3,3,50.0,50.0,1.0,2023-09-07_2023-09-16|2024-09-11_2024-09-20|2019-08-09_2019-08-18|2019-09-08_2019-09-17|2023-03-11_2023-03-20|2023-05-10_2023-05-19
0.1,2,CPI m/m|Core CPI m/m,Bad|Bad,7,7,0,100.0,0.0,inf,2020-09-02_2020-09-11|2021-06-09_2021-06-18|2021-07-09_2021-07-18|2021-11-06_2021-11-15|2022-10-12_2022-10-21|2024-04-04_2024-04-13|2025-02-08_2025-02-17
0.1,2,CPI m/m|Core CPI m/m,Neutral|Neutral,45,34,11,75.6,24.4,3.09,2020-10-12_2020-10-21|2020-12-01_2020-12-10|2021-01-10_2021-01-19|2021-03-01_2021-03-10|2021-04-10_2021-04-19|2022-01-05_2022-01-14|2022-03-06_2022-03-15|2023-01-10_2023-01-19|2023-02-09_2023-02-18|2023-04-10_2023-04-19|2023-06-09_2023-06-18|2023-07-09_2023-07-18|2023-09-07_2023-09-16|2023-11-06_2023-11-15|2023-12-06_2023-12-15|2024-01-05_2024-01-14|2024-06-03_2024-06-12|2024-08-12_2024-08-21|2024-09-11_2024-09-20|2024-10-01_2024-10-10|2024-11-10_2024-11-19|2025-01-09_2025-01-18|2025-05-09_2025-05-18|2025-07-08_2025-07-17|2025-08-07_2025-08-16|2026-01-04_2026-01-13|2026-02-13_2026-02-22|2018-05-06_2018-05-15|2018-07-05_2018-07-14|2018-10-03_2018-10-12|2018-11-12_2018-11-21|2018-12-12_2018-12-21|2019-01-11_2019-01-20|2019-02-10_2019-02-19|2019-06-10_2019-06-19|2019-08-09_2019-08-18|2019-09-08_2019-09-17|2019-10-08_2019-10-17|2019-12-07_2019-12-16|2020-01-06_2020-01-15|2020-06-04_2020-06-13|2020-07-14_2020-07-23|2023-03-11_2023-03-20|2023-08-08_2023-08-17|2024-12-10_2024-12-19
0.1,2,CPI m/m|Core CPI m/m,Neutral|Good,5,2,3,40.0,60.0,0.67,2020-11-11_2020-11-20|2021-02-09_2021-02-18|2021-08-08_2021-08-17|2025-06-08_2025-06-17|2022-04-05_2022-04-14
0.1,2,CPI m/m|Core CPI m/m,Good|Good,6,3,3,50.0,50.0,1.0,2021-09-07_2021-09-16|2022-08-03_2022-08-12|2022-11-01_2022-11-10|2025-04-09_2025-04-18|2020-04-05_2020-04-14|2020-05-05_2020-05-14
0.1,2,CPI m/m|Core CPI m/m,Bad|Neutral,5,1,4,20.0,80.0,0.25,2021-10-07_2021-10-16|2022-06-04_2022-06-13|2023-10-07_2023-10-16|2025-09-06_2025-09-15|2022-02-04_2022-02-13
0.1,2,CPI m/m|Core CPI m/m,Neutral|Bad,2,1,1,50.0,50.0,1.0,2022-05-05_2022-05-14|2023-05-10_2023-05-19
0.1,2,CPI m/m|Core CPI m/m,Good|Neutral,4,1,3,25.0,75.0,0.33,2022-12-11_2022-12-20|2024-05-14_2024-05-23|2024-07-03_2024-07-12|2025-10-16_2025-10-25
0.2,2,CPI m/m|Core CPI m/m,Neutral|Neutral,71,46,25,64.8,35.2,1.84,2020-09-02_2020-09-11|2020-10-12_2020-10-21|2020-11-11_2020-11-20|2020-12-01_2020-12-10|2021-01-10_2021-01-19|2021-02-09_2021-02-18|2021-03-01_2021-03-10|2021-04-10_2021-04-19|2021-06-09_2021-06-18|2021-08-08_2021-08-17|2021-09-07_2021-09-16|2021-10-07_2021-10-16|2022-01-05_2022-01-14|2022-03-06_2022-03-15|2022-05-05_2022-05-14|2022-08-03_2022-08-12|2022-10-12_2022-10-21|2022-11-01_2022-11-10|2022-12-11_2022-12-20|2023-01-10_2023-01-19|2023-02-09_2023-02-18|2023-04-10_2023-04-19|2023-06-09_2023-06-18|2023-07-09_2023-07-18|2023-09-07_2023-09-16|2023-10-07_2023-10-16|2023-11-06_2023-11-15|2023-12-06_2023-12-15|2024-01-05_2024-01-14|2024-04-04_2024-04-13|2024-05-14_2024-05-23|2024-06-03_2024-06-12|2024-07-03_2024-07-12|2024-08-12_2024-08-21|2024-09-11_2024-09-20|2024-10-01_2024-10-10|2024-11-10_2024-11-19|2025-01-09_2025-01-18|2025-02-08_2025-02-17|2025-04-09_2025-04-18|2025-05-09_2025-05-18|2025-06-08_2025-06-17|2025-07-08_2025-07-17|2025-08-07_2025-08-16|2025-09-06_2025-09-15|2025-10-16_2025-10-25|2026-01-04_2026-01-13|2026-02-13_2026-02-22|2018-05-06_2018-05-15|2018-07-05_2018-07-14|2018-10-03_2018-10-12|2018-11-12_2018-11-21|2018-12-12_2018-12-21|2019-01-11_2019-01-20|2019-02-10_2019-02-19|2019-06-10_2019-06-19|2019-08-09_2019-08-18|2019-09-08_2019-09-17|2019-10-08_2019-10-17|2019-12-07_2019-12-16|2020-01-06_2020-01-15|2020-04-05_2020-04-14|2020-05-05_2020-05-14|2020-06-04_2020-06-13|2020-07-14_2020-07-23|2022-02-04_2022-02-13|2022-04-05_2022-04-14|2023-03-11_2023-03-20|2023-05-10_2023-05-19|2023-08-08_2023-08-17|2024-12-10_2024-12-19
0.2,2,CPI m/m|Core CPI m/m,Bad|Bad,1,1,0,100.0,0.0,inf,2021-07-09_2021-07-18
0.2,2,CPI m/m|Core CPI m/m,Bad|Neutral,2,2,0,100.0,0.0,inf,2021-11-06_2021-11-15|2022-06-04_2022-06-13
0.3,2,CPI m/m|Core CPI m/m,Neutral|Neutral,71,46,25,64.8,35.2,1.84,2020-09-02_2020-09-11|2020-10-12_2020-10-21|2020-11-11_2020-11-20|2020-12-01_2020-12-10|2021-01-10_2021-01-19|2021-02-09_2021-02-18|2021-03-01_2021-03-10|2021-04-10_2021-04-19|2021-06-09_2021-06-18|2021-08-08_2021-08-17|2021-09-07_2021-09-16|2021-10-07_2021-10-16|2022-01-05_2022-01-14|2022-03-06_2022-03-15|2022-05-05_2022-05-14|2022-08-03_2022-08-12|2022-10-12_2022-10-21|2022-11-01_2022-11-10|2022-12-11_2022-12-20|2023-01-10_2023-01-19|2023-02-09_2023-02-18|2023-04-10_2023-04-19|2023-06-09_2023-06-18|2023-07-09_2023-07-18|2023-09-07_2023-09-16|2023-10-07_2023-10-16|2023-11-06_2023-11-15|2023-12-06_2023-12-15|2024-01-05_2024-01-14|2024-04-04_2024-04-13|2024-05-14_2024-05-23|2024-06-03_2024-06-12|2024-07-03_2024-07-12|2024-08-12_2024-08-21|2024-09-11_2024-09-20|2024-10-01_2024-10-10|2024-11-10_2024-11-19|2025-01-09_2025-01-18|2025-02-08_2025-02-17|2025-04-09_2025-04-18|2025-05-09_2025-05-18|2025-06-08_2025-06-17|2025-07-08_2025-07-17|2025-08-07_2025-08-16|2025-09-06_2025-09-15|2025-10-16_2025-10-25|2026-01-04_2026-01-13|2026-02-13_2026-02-22|2018-05-06_2018-05-15|2018-07-05_2018-07-14|2018-10-03_2018-10-12|2018-11-12_2018-11-21|2018-12-12_2018-12-21|2019-01-11_2019-01-20|2019-02-10_2019-02-19|2019-06-10_2019-06-19|2019-08-09_2019-08-18|2019-09-08_2019-09-17|2019-10-08_2019-10-17|2019-12-07_2019-12-16|2020-01-06_2020-01-15|2020-04-05_2020-04-14|2020-05-05_2020-05-14|2020-06-04_2020-06-13|2020-07-14_2020-07-23|2022-02-04_2022-02-13|2022-04-05_2022-04-14|2023-03-11_2023-03-20|2023-05-10_2023-05-19|2023-08-08_2023-08-17|2024-12-10_2024-12-19
0.3,2,CPI m/m|Core CPI m/m,Bad|Bad,1,1,0,100.0,0.0,inf,2021-07-09_2021-07-18
0.3,2,CPI m/m|Core CPI m/m,Bad|Neutral,2,2,0,100.0,0.0,inf,2021-11-06_2021-11-15|2022-06-04_2022-06-13
0.0,2,CPI m/m|PPI m/m,Bad|Bad,6,5,1,83.3,16.7,5.0,2020-09-02_2020-09-11|2021-06-09_2021-06-18|2021-07-09_2021-07-18|2022-10-12_2022-10-21|2023-10-07_2023-10-16|2025-02-08_2025-02-17
0.0,2,CPI m/m|PPI m/m,Neutral|Bad,11,7,4,63.6,36.4,1.75,2020-10-12_2020-10-21|2021-02-09_2021-02-18|2021-08-08_2021-08-17|2023-02-09_2023-02-18|2023-09-07_2023-09-16|2024-09-11_2024-09-20|2025-08-07_2025-08-16|2019-09-08_2019-09-17|2022-04-05_2022-04-14|2023-08-08_2023-08-17|2024-12-10_2024-12-19
0.0,2,CPI m/m|PPI m/m,Good|Bad,7,4,3,57.1,42.9,1.33,2020-11-11_2020-11-20|2021-09-07_2021-09-16|2024-05-14_2024-05-23|2024-07-03_2024-07-12|2018-07-05_2018-07-14|2020-04-05_2020-04-14|2020-06-04_2020-06-13
0.0,2,CPI m/m|PPI m/m,Neutral|Good,10,7,3,70.0,30.0,2.33,2021-01-10_2021-01-19|2022-03-06_2022-03-15|2023-01-10_2023-01-19|2024-08-12_2024-08-21|2025-01-09_2025-01-18|2025-07-08_2025-07-17|2019-01-11_2019-01-20|2020-01-06_2020-01-15|2023-03-11_2023-03-20|2023-05-10_2023-05-19
0.0,2,CPI m/m|PPI m/m,Bad|Good,6,4,2,66.7,33.3,2.0,2021-10-07_2021-10-16|2022-01-05_2022-01-14|2024-01-05_2024-01-14|2024-04-04_2024-04-13|2025-09-06_2025-09-15|2019-12-07_2019-12-16
0.0,2,CPI m/m|PPI m/m,Bad|Neutral,3,3,0,100.0,0.0,inf,2021-11-06_2021-11-15|2022-05-05_2022-05-14|2023-12-06_2023-12-15
0.0,2,CPI m/m|PPI m/m,Good|Good,12,6,6,50.0,50.0,1.0,2022-08-03_2022-08-12|2023-04-10_2023-04-19|2023-06-09_2023-06-18|2023-07-09_2023-07-18|2023-11-06_2023-11-15|2025-04-09_2025-04-18|2025-05-09_2025-05-18|2025-06-08_2025-06-17|2018-05-06_2018-05-15|2019-02-10_2019-02-19|2019-10-08_2019-10-17|2020-05-05_2020-05-14
0.0,2,CPI m/m|PPI m/m,Neutral|Neutral,3,1,2,33.3,66.7,0.5,2024-11-10_2024-11-19|2019-06-10_2019-06-19|2019-08-09_2019-08-18
0.0,2,CPI m/m|PPI m/m,Good|Neutral,1,1,0,100.0,0.0,inf,2018-10-03_2018-10-12
0.1,2,CPI m/m|PPI m/m,Bad|Neutral,4,3,1,75.0,25.0,3.0,2020-09-02_2020-09-11|2021-10-07_2021-10-16|2021-11-06_2021-11-15|2024-04-04_2024-04-13
0.1,2,CPI m/m|PPI m/m,Neutral|Bad,9,6,3,66.7,33.3,2.0,2020-10-12_2020-10-21|2021-02-09_2021-02-18|2021-08-08_2021-08-17|2023-02-09_2023-02-18|2023-09-07_2023-09-16|2025-08-07_2025-08-16|2020-06-04_2020-06-13|2022-04-05_2022-04-14|2024-12-10_2024-12-19
0.1,2,CPI m/m|PPI m/m,Neutral|Neutral,18,12,6,66.7,33.3,2.0,2020-11-11_2020-11-20|2022-05-05_2022-05-14|2023-07-09_2023-07-18|2023-12-06_2023-12-15|2024-08-12_2024-08-21|2024-09-11_2024-09-20|2024-11-10_2024-11-19|2025-06-08_2025-06-17|2018-05-06_2018-05-15|2018-07-05_2018-07-14|2018-10-03_2018-10-12|2019-01-11_2019-01-20|2019-06-10_2019-06-19|2019-08-09_2019-08-18|2019-09-08_2019-09-17|2020-01-06_2020-01-15|2023-05-10_2023-05-19|2023-08-08_2023-08-17
0.1,2,CPI m/m|PPI m/m,Neutral|Good,15,11,4,73.3,26.7,2.75,2021-01-10_2021-01-19|2022-01-05_2022-01-14|2022-03-06_2022-03-15|2023-01-10_2023-01-19|2023-04-10_2023-04-19|2023-06-09_2023-06-18|2023-11-06_2023-11-15|2024-01-05_2024-01-14|2025-01-09_2025-01-18|2025-05-09_2025-05-18|2025-07-08_2025-07-17|2019-02-10_2019-02-19|2019-10-08_2019-10-17|2019-12-07_2019-12-16|2023-03-11_2023-03-20
0.1,2,CPI m/m|PPI m/m,Bad|Bad,5,4,1,80.0,20.0,4.0,2021-06-09_2021-06-18|2021-07-09_2021-07-18|2022-10-12_2022-10-21|2023-10-07_2023-10-16|2025-02-08_2025-02-17
0.1,2,CPI m/m|PPI m/m,Good|Neutral,3,1,2,33.3,66.7,0.5,2021-09-07_2021-09-16|2024-07-03_2024-07-12|2020-04-05_2020-04-14
0.1,2,CPI m/m|PPI m/m,Good|Good,3,1,2,33.3,66.7,0.5,2022-08-03_2022-08-12|2025-04-09_2025-04-18|2020-05-05_2020-05-14
0.1,2,CPI m/m|PPI m/m,Good|Bad,1,0,1,0.0,100.0,0.0,2024-05-14_2024-05-23
0.1,2,CPI m/m|PPI m/m,Bad|Good,1,0,1,0.0,100.0,0.0,2025-09-06_2025-09-15
0.2,2,CPI m/m|PPI m/m,Neutral|Neutral,39,26,13,66.7,33.3,2.0,2020-09-02_2020-09-11|2020-10-12_2020-10-21|2020-11-11_2020-11-20|2021-01-10_2021-01-19|2021-09-07_2021-09-16|2021-10-07_2021-10-16|2022-01-05_2022-01-14|2022-03-06_2022-03-15|2022-05-05_2022-05-14|2022-10-12_2022-10-21|2023-06-09_2023-06-18|2023-07-09_2023-07-18|2023-10-07_2023-10-16|2023-12-06_2023-12-15|2024-01-05_2024-01-14|2024-04-04_2024-04-13|2024-05-14_2024-05-23|2024-07-03_2024-07-12|2024-08-12_2024-08-21|2024-09-11_2024-09-20|2024-11-10_2024-11-19|2025-01-09_2025-01-18|2025-02-08_2025-02-17|2025-06-08_2025-06-17|2025-07-08_2025-07-17|2018-05-06_2018-05-15|2018-07-05_2018-07-14|2018-10-03_2018-10-12|2019-01-11_2019-01-20|2019-02-10_2019-02-19|2019-06-10_2019-06-19|2019-08-09_2019-08-18|2019-09-08_2019-09-17|2019-12-07_2019-12-16|2020-01-06_2020-01-15|2020-04-05_2020-04-14|2023-05-10_2023-05-19|2023-08-08_2023-08-17|2024-12-10_2024-12-19
0.2,2,CPI m/m|PPI m/m,Neutral|Bad,8,5,3,62.5,37.5,1.67,2021-02-09_2021-02-18|2021-06-09_2021-06-18|2021-08-08_2021-08-17|2023-02-09_2023-02-18|2023-09-07_2023-09-16|2025-08-07_2025-08-16|2020-06-04_2020-06-13|2022-04-05_2022-04-14
0.2,2,CPI m/m|PPI m/m,Bad|Bad,1,1,0,100.0,0.0,inf,2021-07-09_2021-07-18
0.2,2,CPI m/m|PPI m/m,Bad|Neutral,1,1,0,100.0,0.0,inf,2021-11-06_2021-11-15
0.2,2,CPI m/m|PPI m/m,Neutral|Good,10,5,5,50.0,50.0,1.0,2022-08-03_2022-08-12|2023-01-10_2023-01-19|2023-04-10_2023-04-19|2023-11-06_2023-11-15|2025-04-09_2025-04-18|2025-05-09_2025-05-18|2025-09-06_2025-09-15|2019-10-08_2019-10-17|2020-05-05_2020-05-14|2023-03-11_2023-03-20
0.3,2,CPI m/m|PPI m/m,Neutral|Neutral,42,27,15,64.3,35.7,1.8,2020-09-02_2020-09-11|2020-10-12_2020-10-21|2020-11-11_2020-11-20|2021-01-10_2021-01-19|2021-09-07_2021-09-16|2021-10-07_2021-10-16|2022-01-05_2022-01-14|2022-03-06_2022-03-15|2022-05-05_2022-05-14|2022-10-12_2022-10-21|2023-02-09_2023-02-18|2023-06-09_2023-06-18|2023-07-09_2023-07-18|2023-09-07_2023-09-16|2023-10-07_2023-10-16|2023-12-06_2023-12-15|2024-01-05_2024-01-14|2024-04-04_2024-04-13|2024-05-14_2024-05-23|2024-07-03_2024-07-12|2024-08-12_2024-08-21|2024-09-11_2024-09-20|2024-11-10_2024-11-19|2025-01-09_2025-01-18|2025-02-08_2025-02-17|2025-06-08_2025-06-17|2025-07-08_2025-07-17|2018-05-06_2018-05-15|2018-07-05_2018-07-14|2018-10-03_2018-10-12|2019-01-11_2019-01-20|2019-02-10_2019-02-19|2019-06-10_2019-06-19|2019-08-09_2019-08-18|2019-09-08_2019-09-17|2019-12-07_2019-12-16|2020-01-06_2020-01-15|2020-04-05_2020-04-14|2022-04-05_2022-04-14|2023-05-10_2023-05-19|2023-08-08_2023-08-17|2024-12-10_2024-12-19
0.3,2,CPI m/m|PPI m/m,Neutral|Bad,5,4,1,80.0,20.0,4.0,2021-02-09_2021-02-18|2021-06-09_2021-06-18|2021-08-08_2021-08-17|2025-08-07_2025-08-16|2020-06-04_2020-06-13
0.3,2,CPI m/m|PPI m/m,Bad|Bad,1,1,0,100.0,0.0,inf,2021-07-09_2021-07-18
0.3,2,CPI m/m|PPI m/m,Bad|Neutral,1,1,0,100.0,0.0,inf,2021-11-06_2021-11-15
0.3,2,CPI m/m|PPI m/m,Neutral|Good,10,5,5,50.0,50.0,1.0,2022-08-03_2022-08-12|2023-01-10_2023-01-19|2023-04-10_2023-04-19|2023-11-06_2023-11-15|2025-04-09_2025-04-18|2025-05-09_2025-05-18|2025-09-06_2025-09-15|2019-10-08_2019-10-17|2020-05-05_2020-05-14|2023-03-11_2023-03-20
0.0,2,CPI m/m|Core PPI m/m,Bad|Bad,4,3,1,75.0,25.0,3.0,2020-09-02_2020-09-11|2021-06-09_2021-06-18|2021-07-09_2021-07-18|2023-10-07_2023-10-16
0.0,2,CPI m/m|Core PPI m/m,Neutral|Bad,9,6,3,66.7,33.3,2.0,2020-10-12_2020-10-21|2021-02-09_2021-02-18|2021-08-08_2021-08-17|2023-02-09_2023-02-18|2024-09-11_2024-09-20|2025-08-07_2025-08-16|2019-09-08_2019-09-17|2022-04-05_2022-04-14|2023-08-08_2023-08-17
0.0,2,CPI m/m|Core PPI m/m,Good|Good,10,5,5,50.0,50.0,1.0,2020-11-11_2020-11-20|2022-08-03_2022-08-12|2023-04-10_2023-04-19|2023-07-09_2023-07-18|2023-11-06_2023-11-15|2025-04-09_2025-04-18|2025-05-09_2025-05-18|2025-06-08_2025-06-17|2019-10-08_2019-10-17|2020-05-05_2020-05-14
0.0,2,CPI m/m|Core PPI m/m,Neutral|Neutral,7,3,4,42.9,57.1,0.75,2021-01-10_2021-01-19|2023-01-10_2023-01-19|2023-09-07_2023-09-16|2024-11-10_2024-11-19|2019-06-10_2019-06-19|2023-05-10_2023-05-19|2024-12-10_2024-12-19
0.0,2,CPI m/m|Core PPI m/m,Good|Bad,6,2,4,33.3,66.7,0.5,2021-09-07_2021-09-16|2024-05-14_2024-05-23|2024-07-03_2024-07-12|2018-07-05_2018-07-14|2019-02-10_2019-02-19|2020-04-05_2020-04-14
0.0,2,CPI m/m|Core PPI m/m,Bad|Good,7,5,2,71.4,28.6,2.5,2021-10-07_2021-10-16|2021-11-06_2021-11-15|2022-05-05_2022-05-14|2023-12-06_2023-12-15|2024-01-05_2024-01-14|2025-09-06_2025-09-15|2019-12-07_2019-12-16
0.0,2,CPI m/m|Core PPI m/m,Bad|Neutral,4,4,0,100.0,0.0,inf,2022-01-05_2022-01-14|2022-10-12_2022-10-21|2024-04-04_2024-04-13|2025-02-08_2025-02-17
0.0,2,CPI m/m|Core PPI m/m,Neutral|Good,8,6,2,75.0,25.0,3.0,2022-03-06_2022-03-15|2024-08-12_2024-08-21|2025-01-09_2025-01-18|2025-07-08_2025-07-17|2019-01-11_2019-01-20|2019-08-09_2019-08-18|2020-01-06_2020-01-15|2023-03-11_2023-03-20
0.0,2,CPI m/m|Core PPI m/m,Good|Neutral,4,4,0,100.0,0.0,inf,2023-06-09_2023-06-18|2018-05-06_2018-05-15|2018-10-03_2018-10-12|2020-06-04_2020-06-13
0.1,2,CPI m/m|Core PPI m/m,Bad|Bad,3,3,0,100.0,0.0,inf,2020-09-02_2020-09-11|2021-06-09_2021-06-18|2021-07-09_2021-07-18
0.1,2,CPI m/m|Core PPI m/m,Neutral|Bad,6,4,2,66.7,33.3,2.0,2020-10-12_2020-10-21|2021-02-09_2021-02-18|2021-08-08_2021-08-17|2023-02-09_2023-02-18|2025-08-07_2025-08-16|2022-04-05_2022-04-14
0.1,2,CPI m/m|Core PPI m/m,Neutral|Neutral,20,13,7,65.0,35.0,1.86,2020-11-11_2020-11-20|2021-01-10_2021-01-19|2022-01-05_2022-01-14|2023-01-10_2023-01-19|2023-06-09_2023-06-18|2023-07-09_2023-07-18|2023-09-07_2023-09-16|2024-09-11_2024-09-20|2024-11-10_2024-11-19|2018-05-06_2018-05-15|2018-07-05_2018-07-14|2018-10-03_2018-10-12|2019-02-10_2019-02-19|2019-06-10_2019-06-19|2019-09-08_2019-09-17|2020-01-06_2020-01-15|2020-06-04_2020-06-13|2023-05-10_2023-05-19|2023-08-08_2023-08-17|2024-12-10_2024-12-19
0.1,2,CPI m/m|Core PPI m/m,Good|Neutral,1,1,0,100.0,0.0,inf,2021-09-07_2021-09-16
0.1,2,CPI m/m|Core PPI m/m,Bad|Good,2,0,2,0.0,100.0,0.0,2021-10-07_2021-10-16|2025-09-06_2025-09-15
0.1,2,CPI m/m|Core PPI m/m,Bad|Neutral,5,4,1,80.0,20.0,4.0,2021-11-06_2021-11-15|2022-10-12_2022-10-21|2023-10-07_2023-10-16|2024-04-04_2024-04-13|2025-02-08_2025-02-17
0.1,2,CPI m/m|Core PPI m/m,Neutral|Good,16,12,4,75.0,25.0,3.0,2022-03-06_2022-03-15|2022-05-05_2022-05-14|2023-04-10_2023-04-19|2023-11-06_2023-11-15|2023-12-06_2023-12-15|2024-01-05_2024-01-14|2024-08-12_2024-08-21|2025-01-09_2025-01-18|2025-05-09_2025-05-18|2025-06-08_2025-06-17|2025-07-08_2025-07-17|2019-01-11_2019-01-20|2019-08-09_2019-08-18|2019-10-08_2019-10-17|2019-12-07_2019-12-16|2023-03-11_2023-03-20
0.1,2,CPI m/m|Core PPI m/m,Good|Good,3,1,2,33.3,66.7,0.5,2022-08-03_2022-08-12|2025-04-09_2025-04-18|2020-05-05_2020-05-14
0.1,2,CPI m/m|Core PPI m/m,Good|Bad,3,0,3,0.0,100.0,0.0,2024-05-14_2024-05-23|2024-07-03_2024-07-12|2020-04-05_2020-04-14
0.2,2,CPI m/m|Core PPI m/m,Neutral|Neutral,40,28,12,70.0,30.0,2.33,2020-09-02_2020-09-11|2020-10-12_2020-10-21|2020-11-11_2020-11-20|2021-01-10_2021-01-19|2021-06-09_2021-06-18|2021-09-07_2021-09-16|2022-01-05_2022-01-14|2022-05-05_2022-05-14|2022-08-03_2022-08-12|2022-10-12_2022-10-21|2023-01-10_2023-01-19|2023-02-09_2023-02-18|2023-06-09_2023-06-18|2023-07-09_2023-07-18|2023-09-07_2023-09-16|2023-10-07_2023-10-16|2023-12-06_2023-12-15|2024-01-05_2024-01-14|2024-04-04_2024-04-13|2024-07-03_2024-07-12|2024-08-12_2024-08-21|2024-09-11_2024-09-20|2024-11-10_2024-11-19|2025-01-09_2025-01-18|2025-02-08_2025-02-17|2025-06-08_2025-06-17|2025-07-08_2025-07-17|2018-05-06_2018-05-15|2018-07-05_2018-07-14|2018-10-03_2018-10-12|2019-02-10_2019-02-19|2019-06-10_2019-06-19|2019-09-08_2019-09-17|2020-01-06_2020-01-15|2020-04-05_2020-04-14|2020-05-05_2020-05-14|2020-06-04_2020-06-13|2023-05-10_2023-05-19|2023-08-08_2023-08-17|2024-12-10_2024-12-19
0.2,2,CPI m/m|Core PPI m/m,Neutral|Bad,5,2,3,40.0,60.0,0.67,2021-02-09_2021-02-18|2021-08-08_2021-08-17|2024-05-14_2024-05-23|2025-08-07_2025-08-16|2022-04-05_2022-04-14
0.2,2,CPI m/m|Core PPI m/m,Bad|Bad,1,1,0,100.0,0.0,inf,2021-07-09_2021-07-18
0.2,2,CPI m/m|Core PPI m/m,Neutral|Good,12,6,6,50.0,50.0,1.0,2021-10-07_2021-10-16|2022-03-06_2022-03-15|2023-04-10_2023-04-19|2023-11-06_2023-11-15|2025-04-09_2025-04-18|2025-05-09_2025-05-18|2025-09-06_2025-09-15|2019-01-11_2019-01-20|2019-08-09_2019-08-18|2019-10-08_2019-10-17|2019-12-07_2019-12-16|2023-03-11_2023-03-20
0.2,2,CPI m/m|Core PPI m/m,Bad|Neutral,1,1,0,100.0,0.0,inf,2021-11-06_2021-11-15
0.3,2,CPI m/m|Core PPI m/m,Neutral|Neutral,43,29,14,67.4,32.6,2.07,2020-09-02_2020-09-11|2020-10-12_2020-10-21|2020-11-11_2020-11-20|2021-01-10_2021-01-19|2021-06-09_2021-06-18|2021-09-07_2021-09-16|2021-10-07_2021-10-16|2022-01-05_2022-01-14|2022-05-05_2022-05-14|2022-08-03_2022-08-12|2022-10-12_2022-10-21|2023-01-10_2023-01-19|2023-02-09_2023-02-18|2023-06-09_2023-06-18|2023-07-09_2023-07-18|2023-09-07_2023-09-16|2023-10-07_2023-10-16|2023-11-06_2023-11-15|2023-12-06_2023-12-15|2024-01-05_2024-01-14|2024-04-04_2024-04-13|2024-05-14_2024-05-23|2024-07-03_2024-07-12|2024-08-12_2024-08-21|2024-09-11_2024-09-20|2024-11-10_2024-11-19|2025-01-09_2025-01-18|2025-02-08_2025-02-17|2025-06-08_2025-06-17|2025-07-08_2025-07-17|2018-05-06_2018-05-15|2018-07-05_2018-07-14|2018-10-03_2018-10-12|2019-02-10_2019-02-19|2019-06-10_2019-06-19|2019-09-08_2019-09-17|2020-01-06_2020-01-15|2020-04-05_2020-04-14|2020-05-05_2020-05-14|2020-06-04_2020-06-13|2023-05-10_2023-05-19|2023-08-08_2023-08-17|2024-12-10_2024-12-19
0.3,2,CPI m/m|Core PPI m/m,Neutral|Bad,4,2,2,50.0,50.0,1.0,2021-02-09_2021-02-18|2021-08-08_2021-08-17|2025-08-07_2025-08-16|2022-04-05_2022-04-14
0.3,2,CPI m/m|Core PPI m/m,Bad|Bad,1,1,0,100.0,0.0,inf,2021-07-09_2021-07-18
0.3,2,CPI m/m|Core PPI m/m,Bad|Neutral,1,1,0,100.0,0.0,inf,2021-11-06_2021-11-15
0.3,2,CPI m/m|Core PPI m/m,Neutral|Good,10,5,5,50.0,50.0,1.0,2022-03-06_2022-03-15|2023-04-10_2023-04-19|2025-04-09_2025-04-18|2025-05-09_2025-05-18|2025-09-06_2025-09-15|2019-01-11_2019-01-20|2019-08-09_2019-08-18|2019-10-08_2019-10-17|2019-12-07_2019-12-16|2023-03-11_2023-03-20
0.0,2,CPI m/m|FOMC,Good|Neutral,2,2,0,100.0,0.0,inf,2023-06-09_2023-06-18|2024-06-03_2024-06-12
0.0,2,CPI m/m|FOMC,Bad|Neutral,1,1,0,100.0,0.0,inf,2023-12-06_2023-12-15
0.0,2,CPI m/m|FOMC,Neutral|Good,1,1,0,100.0,0.0,inf,2024-09-11_2024-09-20
0.0,2,CPI m/m|FOMC,Neutral|Neutral,1,1,0,100.0,0.0,inf,2024-12-10_2024-12-19
0.1,2,CPI m/m|FOMC,Neutral|Neutral,4,4,0,100.0,0.0,inf,2023-06-09_2023-06-18|2023-12-06_2023-12-15|2024-06-03_2024-06-12|2024-12-10_2024-12-19
0.1,2,CPI m/m|FOMC,Neutral|Good,1,1,0,100.0,0.0,inf,2024-09-11_2024-09-20
0.2,2,CPI m/m|FOMC,Neutral|Neutral,4,4,0,100.0,0.0,inf,2023-06-09_2023-06-18|2023-12-06_2023-12-15|2024-06-03_2024-06-12|2024-12-10_2024-12-19
0.2,2,CPI m/m|FOMC,Neutral|Good,1,1,0,100.0,0.0,inf,2024-09-11_2024-09-20
0.3,2,CPI m/m|FOMC,Neutral|Neutral,5,5,0,100.0,0.0,inf,2023-06-09_2023-06-18|2023-12-06_2023-12-15|2024-06-03_2024-06-12|2024-09-11_2024-09-20|2024-12-10_2024-12-19
0.0,2,CPI m/m|CPI y/y,Bad|Bad,16,13,3,81.2,18.8,4.33,2020-09-02_2020-09-11|2021-04-10_2021-04-19|2021-06-09_2021-06-18|2021-07-09_2021-07-18|2021-10-07_2021-10-16|2021-11-06_2021-11-15|2022-05-05_2022-05-14|2022-06-04_2022-06-13|2022-10-12_2022-10-21|2023-10-07_2023-10-16|2024-01-05_2024-01-14|2024-04-04_2024-04-13|2024-10-01_2024-10-10|2025-02-08_2025-02-17|2019-12-07_2019-12-16|2022-02-04_2022-02-13
0.0,2,CPI m/m|CPI y/y,Neutral|Neutral,16,12,4,75.0,25.0,3.0,2020-10-12_2020-10-21|2021-01-10_2021-01-19|2021-02-09_2021-02-18|2021-03-01_2021-03-10|2022-03-06_2022-03-15|2023-01-10_2023-01-19|2024-09-11_2024-09-20|2024-11-10_2024-11-19|2025-01-09_2025-01-18|2026-01-04_2026-01-13|2018-11-12_2018-11-21|2018-12-12_2018-12-21|2019-01-11_2019-01-20|2020-01-06_2020-01-15|2023-03-11_2023-03-20|2024-12-10_2024-12-19
0.0,2,CPI m/m|CPI y/y,Good|Good,20,12,8,60.0,40.0,1.5,2020-11-11_2020-11-20|2022-08-03_2022-08-12|2022-11-01_2022-11-10|2022-12-11_2022-12-20|2023-04-10_2023-04-19|2023-06-09_2023-06-18|2023-07-09_2023-07-18|2023-11-06_2023-11-15|2024-06-03_2024-06-12|2024-07-03_2024-07-12|2025-04-09_2025-04-18|2025-05-09_2025-05-18|2025-06-08_2025-06-17|2025-10-16_2025-10-25|2026-02-13_2026-02-22|2018-10-03_2018-10-12|2019-10-08_2019-10-17|2020-04-05_2020-04-14|2020-05-05_2020-05-14|2020-06-04_2020-06-13
0.0,2,CPI m/m|CPI y/y,Bad|Neutral,5,3,2,60.0,40.0,1.5,2020-12-01_2020-12-10|2022-01-05_2022-01-14|2023-12-06_2023-12-15|2025-09-06_2025-09-15|2020-07-14_2020-07-23
0.0,2,CPI m/m|CPI y/y,Neutral|Bad,6,3,3,50.0,50.0,1.0,2021-08-08_2021-08-17|2023-02-09_2023-02-18|2023-09-07_2023-09-16|2025-07-08_2025-07-17|2019-08-09_2019-08-18|2022-04-05_2022-04-14
0.0,2,CPI m/m|CPI y/y,Good|Neutral,4,3,1,75.0,25.0,3.0,2021-09-07_2021-09-16|2024-05-14_2024-05-23|2018-05-06_2018-05-15|2018-07-05_2018-07-14
0.0,2,CPI m/m|CPI y/y,Neutral|Good,6,3,3,50.0,50.0,1.0,2024-08-12_2024-08-21|2025-08-07_2025-08-16|2019-06-10_2019-06-19|2019-09-08_2019-09-17|2023-05-10_2023-05-19|2023-08-08_2023-08-17
0.0,2,CPI m/m|CPI y/y,Good|Bad,1,0,1,0.0,100.0,0.0,2019-02-10_2019-02-19
0.1,2,CPI m/m|CPI y/y,Bad|Bad,10,7,3,70.0,30.0,2.33,2020-09-02_2020-09-11|2021-06-09_2021-06-18|2021-07-09_2021-07-18|2021-10-07_2021-10-16|2021-11-06_2021-11-15|2022-06-04_2022-06-13|2023-10-07_2023-10-16|2024-04-04_2024-04-13|2025-02-08_2025-02-17|2022-02-04_2022-02-13
0.1,2,CPI m/m|CPI y/y,Neutral|Neutral,30,21,9,70.0,30.0,2.33,2020-10-12_2020-10-21|2020-12-01_2020-12-10|2021-01-10_2021-01-19|2021-02-09_2021-02-18|2021-03-01_2021-03-10|2022-01-05_2022-01-14|2022-03-06_2022-03-15|2023-01-10_2023-01-19|2023-04-10_2023-04-19|2023-06-09_2023-06-18|2023-11-06_2023-11-15|2023-12-06_2023-12-15|2024-09-11_2024-09-20|2024-11-10_2024-11-19|2025-01-09_2025-01-18|2025-08-07_2025-08-16|2026-01-04_2026-01-13|2018-05-06_2018-05-15|2018-07-05_2018-07-14|2018-11-12_2018-11-21|2018-12-12_2018-12-21|2019-01-11_2019-01-20|2019-06-10_2019-06-19|2020-01-06_2020-01-15|2020-07-14_2020-07-23|2022-04-05_2022-04-14|2023-03-11_2023-03-20|2023-05-10_2023-05-19|2023-08-08_2023-08-17|2024-12-10_2024-12-19
0.1,2,CPI m/m|CPI y/y,Neutral|Good,11,8,3,72.7,27.3,2.67,2020-11-11_2020-11-20|2023-07-09_2023-07-18|2024-06-03_2024-06-12|2024-08-12_2024-08-21|2025-05-09_2025-05-18|2025-06-08_2025-06-17|2026-02-13_2026-02-22|2018-10-03_2018-10-12|2019-09-08_2019-09-17|2019-10-08_2019-10-17|2020-06-04_2020-06-13
0.1,2,CPI m/m|CPI y/y,Neutral|Bad,11,8,3,72.7,27.3,2.67,2021-04-10_2021-04-19|2021-08-08_2021-08-17|2022-05-05_2022-05-14|2023-02-09_2023-02-18|2023-09-07_2023-09-16|2024-01-05_2024-01-14|2024-10-01_2024-10-10|2025-07-08_2025-07-17|2019-02-10_2019-02-19|2019-08-09_2019-08-18|2019-12-07_2019-12-16
0.1,2,CPI m/m|CPI y/y,Good|Neutral,2,1,1,50.0,50.0,1.0,2021-09-07_2021-09-16|2024-05-14_2024-05-23
0.1,2,CPI m/m|CPI y/y,Good|Good,8,3,5,37.5,62.5,0.6,2022-08-03_2022-08-12|2022-11-01_2022-11-10|2022-12-11_2022-12-20|2024-07-03_2024-07-12|2025-04-09_2025-04-18|2025-10-16_2025-10-25|2020-04-05_2020-04-14|2020-05-05_2020-05-14
0.1,2,CPI m/m|CPI y/y,Bad|Neutral,2,1,1,50.0,50.0,1.0,2022-10-12_2022-10-21|2025-09-06_2025-09-15
0.2,2,CPI m/m|CPI y/y,Neutral|Neutral,65,41,24,63.1,36.9,1.71,2020-09-02_2020-09-11|2020-10-12_2020-10-21|2020-11-11_2020-11-20|2020-12-01_2020-12-10|2021-01-10_2021-01-19|2021-02-09_2021-02-18|2021-03-01_2021-03-10|2021-04-10_2021-04-19|2021-08-08_2021-08-17|2021-09-07_2021-09-16|2021-10-07_2021-10-16|2022-01-05_2022-01-14|2022-03-06_2022-03-15|2022-08-03_2022-08-12|2022-10-12_2022-10-21|2023-01-10_2023-01-19|2023-04-10_2023-04-19|2023-06-09_2023-06-18|2023-07-09_2023-07-18|2023-09-07_2023-09-16|2023-10-07_2023-10-16|2023-11-06_2023-11-15|2023-12-06_2023-12-15|2024-01-05_2024-01-14|2024-04-04_2024-04-13|2024-05-14_2024-05-23|2024-06-03_2024-06-12|2024-07-03_2024-07-12|2024-08-12_2024-08-21|2024-09-11_2024-09-20|2024-10-01_2024-10-10|2024-11-10_2024-11-19|2025-01-09_2025-01-18|2025-02-08_2025-02-17|2025-04-09_2025-04-18|2025-05-09_2025-05-18|2025-06-08_2025-06-17|2025-07-08_2025-07-17|2025-08-07_2025-08-16|2025-09-06_2025-09-15|2025-10-16_2025-10-25|2026-01-04_2026-01-13|2026-02-13_2026-02-22|2018-05-06_2018-05-15|2018-07-05_2018-07-14|2018-10-03_2018-10-12|2018-11-12_2018-11-21|2018-12-12_2018-12-21|2019-01-11_2019-01-20|2019-02-10_2019-02-19|2019-06-10_2019-06-19|2019-08-09_2019-08-18|2019-09-08_2019-09-17|2019-10-08_2019-10-17|2019-12-07_2019-12-16|2020-01-06_2020-01-15|2020-04-05_2020-04-14|2020-05-05_2020-05-14|2020-06-04_2020-06-13|2020-07-14_2020-07-23|2022-04-05_2022-04-14|2023-03-11_2023-03-20|2023-05-10_2023-05-19|2023-08-08_2023-08-17|2024-12-10_2024-12-19
0.2,2,CPI m/m|CPI y/y,Neutral|Bad,4,3,1,75.0,25.0,3.0,2021-06-09_2021-06-18|2022-05-05_2022-05-14|2023-02-09_2023-02-18|2022-02-04_2022-02-13
0.2,2,CPI m/m|CPI y/y,Bad|Bad,3,3,0,100.0,0.0,inf,2021-07-09_2021-07-18|2021-11-06_2021-11-15|2022-06-04_2022-06-13
0.2,2,CPI m/m|CPI y/y,Neutral|Good,2,2,0,100.0,0.0,inf,2022-11-01_2022-11-10|2022-12-11_2022-12-20
0.3,2,CPI m/m|CPI y/y,Neutral|Neutral,71,46,25,64.8,35.2,1.84,2020-09-02_2020-09-11|2020-10-12_2020-10-21|2020-11-11_2020-11-20|2020-12-01_2020-12-10|2021-01-10_2021-01-19|2021-02-09_2021-02-18|2021-03-01_2021-03-10|2021-04-10_2021-04-19|2021-06-09_2021-06-18|2021-08-08_2021-08-17|2021-09-07_2021-09-16|2021-10-07_2021-10-16|2022-01-05_2022-01-14|2022-03-06_2022-03-15|2022-05-05_2022-05-14|2022-08-03_2022-08-12|2022-10-12_2022-10-21|2022-11-01_2022-11-10|2022-12-11_2022-12-20|2023-01-10_2023-01-19|2023-02-09_2023-02-18|2023-04-10_2023-04-19|2023-06-09_2023-06-18|2023-07-09_2023-07-18|2023-09-07_2023-09-16|2023-10-07_2023-10-16|2023-11-06_2023-11-15|2023-12-06_2023-12-15|2024-01-05_2024-01-14|2024-04-04_2024-04-13|2024-05-14_2024-05-23|2024-06-03_2024-06-12|2024-07-03_2024-07-12|2024-08-12_2024-08-21|2024-09-11_2024-09-20|2024-10-01_2024-10-10|2024-11-10_2024-11-19|2025-01-09_2025-01-18|2025-02-08_2025-02-17|2025-04-09_2025-04-18|2025-05-09_2025-05-18|2025-06-08_2025-06-17|2025-07-08_2025-07-17|2025-08-07_2025-08-16|2025-09-06_2025-09-15|2025-10-16_2025-10-25|2026-01-04_2026-01-13|2026-02-13_2026-02-22|2018-05-06_2018-05-15|2018-07-05_2018-07-14|2018-10-03_2018-10-12|2018-11-12_2018-11-21|2018-12-12_2018-12-21|2019-01-11_2019-01-20|2019-02-10_2019-02-19|2019-06-10_2019-06-19|2019-08-09_2019-08-18|2019-09-08_2019-09-17|2019-10-08_2019-10-17|2019-12-07_2019-12-16|2020-01-06_2020-01-15|2020-04-05_2020-04-14|2020-05-05_2020-05-14|2020-06-04_2020-06-13|2020-07-14_2020-07-23|2022-02-04_2022-02-13|2022-04-05_2022-04-14|2023-03-11_2023-03-20|2023-05-10_2023-05-19|2023-08-08_2023-08-17|2024-12-10_2024-12-19
0.3,2,CPI m/m|CPI y/y,Bad|Bad,1,1,0,100.0,0.0,inf,2021-07-09_2021-07-18
0.3,2,CPI m/m|CPI y/y,Bad|Neutral,2,2,0,100.0,0.0,inf,2021-11-06_2021-11-15|2022-06-04_2022-06-13
0.0,2,Core CPI m/m|PPI m/m,Bad|Bad,8,7,1,87.5,12.5,7.0,2020-09-02_2020-09-11|2021-06-09_2021-06-18|2021-07-09_2021-07-18|2022-10-12_2022-10-21|2023-09-07_2023-09-16|2024-09-11_2024-09-20|2025-02-08_2025-02-17|2019-09-08_2019-09-17
0.0,2,Core CPI m/m|PPI m/m,Neutral|Bad,8,5,3,62.5,37.5,1.67,2020-10-12_2020-10-21|2023-02-09_2023-02-18|2023-10-07_2023-10-16|2024-05-14_2024-05-23|2025-08-07_2025-08-16|2018-07-05_2018-07-14|2023-08-08_2023-08-17|2024-12-10_2024-12-19
0.0,2,Core CPI m/m|PPI m/m,Good|Bad,8,4,4,50.0,50.0,1.0,2020-11-11_2020-11-20|2021-02-09_2021-02-18|2021-08-08_2021-08-17|2021-09-07_2021-09-16|2024-07-03_2024-07-12|2020-04-05_2020-04-14|2020-06-04_2020-06-13|2022-04-05_2022-04-14
0.0,2,Core CPI m/m|PPI m/m,Neutral|Good,12,8,4,66.7,33.3,2.0,2021-01-10_2021-01-19|2021-10-07_2021-10-16|2022-03-06_2022-03-15|2023-01-10_2023-01-19|2023-04-10_2023-04-19|2023-06-09_2023-06-18|2024-01-05_2024-01-14|2024-08-12_2024-08-21|2025-09-06_2025-09-15|2019-01-11_2019-01-20|2019-02-10_2019-02-19|2019-12-07_2019-12-16
0.0,2,Core CPI m/m|PPI m/m,Bad|Neutral,3,2,1,66.7,33.3,2.0,2021-11-06_2021-11-15|2022-05-05_2022-05-14|2019-08-09_2019-08-18
0.0,2,Core CPI m/m|PPI m/m,Bad|Good,4,3,1,75.0,25.0,3.0,2022-01-05_2022-01-14|2024-04-04_2024-04-13|2023-03-11_2023-03-20|2023-05-10_2023-05-19
0.0,2,Core CPI m/m|PPI m/m,Good|Good,12,6,6,50.0,50.0,1.0,2022-08-03_2022-08-12|2023-07-09_2023-07-18|2023-11-06_2023-11-15|2025-01-09_2025-01-18|2025-04-09_2025-04-18|2025-05-09_2025-05-18|2025-06-08_2025-06-17|2025-07-08_2025-07-17|2018-05-06_2018-05-15|2019-10-08_2019-10-17|2020-01-06_2020-01-15|2020-05-05_2020-05-14
0.0,2,Core CPI m/m|PPI m/m,Neutral|Neutral,2,2,0,100.0,0.0,inf,2023-12-06_2023-12-15|2024-11-10_2024-11-19
0.0,2,Core CPI m/m|PPI m/m,Good|Neutral,2,1,1,50.0,50.0,1.0,2018-10-03_2018-10-12|2019-06-10_2019-06-19
0.1,2,Core CPI m/m|PPI m/m,Bad|Neutral,5,4,1,80.0,20.0,4.0,2020-09-02_2020-09-11|2021-11-06_2021-11-15|2022-05-05_2022-05-14|2024-04-04_2024-04-13|2023-05-10_2023-05-19
0.1,2,Core CPI m/m|PPI m/m,Neutral|Bad,8,5,3,62.5,37.5,1.67,2020-10-12_2020-10-21|2023-02-09_2023-02-18|2023-09-07_2023-09-16|2023-10-07_2023-10-16|2024-05-14_2024-05-23|2025-08-07_2025-08-16|2020-06-04_2020-06-13|2024-12-10_2024-12-19
0.1,2,Core CPI m/m|PPI m/m,Good|Neutral,4,2,2,50.0,50.0,1.0,2020-11-11_2020-11-20|2021-09-07_2021-09-16|2025-06-08_2025-06-17|2020-04-05_2020-04-14
0.1,2,Core CPI m/m|PPI m/m,Neutral|Good,16,11,5,68.8,31.2,2.2,2021-01-10_2021-01-19|2022-01-05_2022-01-14|2022-03-06_2022-03-15|2023-01-10_2023-01-19|2023-04-10_2023-04-19|2023-06-09_2023-06-18|2023-11-06_2023-11-15|2024-01-05_2024-01-14|2025-01-09_2025-01-18|2025-05-09_2025-05-18|2025-07-08_2025-07-17|2025-09-06_2025-09-15|2019-02-10_2019-02-19|2019-10-08_2019-10-17|2019-12-07_2019-12-16|2023-03-11_2023-03-20
0.1,2,Core CPI m/m|PPI m/m,Good|Bad,3,1,2,33.3,66.7,0.5,2021-02-09_2021-02-18|2021-08-08_2021-08-17|2022-04-05_2022-04-14
0.1,2,Core CPI m/m|PPI m/m,Bad|Bad,4,4,0,100.0,0.0,inf,2021-06-09_2021-06-18|2021-07-09_2021-07-18|2022-10-12_2022-10-21|2025-02-08_2025-02-17
0.1,2,Core CPI m/m|PPI m/m,Neutral|Neutral,16,10,6,62.5,37.5,1.67,2021-10-07_2021-10-16|2023-07-09_2023-07-18|2023-12-06_2023-12-15|2024-07-03_2024-07-12|2024-08-12_2024-08-21|2024-09-11_2024-09-20|2024-11-10_2024-11-19|2018-05-06_2018-05-15|2018-07-05_2018-07-14|2018-10-03_2018-10-12|2019-01-11_2019-01-20|2019-06-10_2019-06-19|2019-08-09_2019-08-18|2019-09-08_2019-09-17|2020-01-06_2020-01-15|2023-08-08_2023-08-17
0.1,2,Core CPI m/m|PPI m/m,Good|Good,3,1,2,33.3,66.7,0.5,2022-08-03_2022-08-12|2025-04-09_2025-04-18|2020-05-05_2020-05-14
0.2,2,Core CPI m/m|PPI m/m,Neutral|Neutral,40,27,13,67.5,32.5,2.08,2020-09-02_2020-09-11|2020-10-12_2020-10-21|2020-11-11_2020-11-20|2021-01-10_2021-01-19|2021-09-07_2021-09-16|2021-10-07_2021-10-16|2021-11-06_2021-11-15|2022-01-05_2022-01-14|2022-03-06_2022-03-15|2022-05-05_2022-05-14|2022-10-12_2022-10-21|2023-06-09_2023-06-18|2023-07-09_2023-07-18|2023-10-07_2023-10-16|2023-12-06_2023-12-15|2024-01-05_2024-01-14|2024-04-04_2024-04-13|2024-05-14_2024-05-23|2024-07-03_2024-07-12|2024-08-12_2024-08-21|2024-09-11_2024-09-20|2024-11-10_2024-11-19|2025-01-09_2025-01-18|2025-02-08_2025-02-17|2025-06-08_2025-06-17|2025-07-08_2025-07-17|2018-05-06_2018-05-15|2018-07-05_2018-07-14|2018-10-03_2018-10-12|2019-01-11_2019-01-20|2019-02-10_2019-02-19|2019-06-10_2019-06-19|2019-08-09_2019-08-18|2019-09-08_2019-09-17|2019-12-07_2019-12-16|2020-01-06_2020-01-15|2020-04-05_2020-04-14|2023-05-10_2023-05-19|2023-08-08_2023-08-17|2024-12-10_2024-12-19
0.2,2,Core CPI m/m|PPI m/m,Neutral|Bad,8,5,3,62.5,37.5,1.67,2021-02-09_2021-02-18|2021-06-09_2021-06-18|2021-08-08_2021-08-17|2023-02-09_2023-02-18|2023-09-07_2023-09-16|2025-08-07_2025-08-16|2020-06-04_2020-06-13|2022-04-05_2022-04-14
0.2,2,Core CPI m/m|PPI m/m,Bad|Bad,1,1,0,100.0,0.0,inf,2021-07-09_2021-07-18
0.2,2,Core CPI m/m|PPI m/m,Neutral|Good,10,5,5,50.0,50.0,1.0,2022-08-03_2022-08-12|2023-01-10_2023-01-19|2023-04-10_2023-04-19|2023-11-06_2023-11-15|2025-04-09_2025-04-18|2025-05-09_2025-05-18|2025-09-06_2025-09-15|2019-10-08_2019-10-17|2020-05-05_2020-05-14|2023-03-11_2023-03-20
0.3,2,Core CPI m/m|PPI m/m,Neutral|Neutral,43,28,15,65.1,34.9,1.87,2020-09-02_2020-09-11|2020-10-12_2020-10-21|2020-11-11_2020-11-20|2021-01-10_2021-01-19|2021-09-07_2021-09-16|2021-10-07_2021-10-16|2021-11-06_2021-11-15|2022-01-05_2022-01-14|2022-03-06_2022-03-15|2022-05-05_2022-05-14|2022-10-12_2022-10-21|2023-02-09_2023-02-18|2023-06-09_2023-06-18|2023-07-09_2023-07-18|2023-09-07_2023-09-16|2023-10-07_2023-10-16|2023-12-06_2023-12-15|2024-01-05_2024-01-14|2024-04-04_2024-04-13|2024-05-14_2024-05-23|2024-07-03_2024-07-12|2024-08-12_2024-08-21|2024-09-11_2024-09-20|2024-11-10_2024-11-19|2025-01-09_2025-01-18|2025-02-08_2025-02-17|2025-06-08_2025-06-17|2025-07-08_2025-07-17|2018-05-06_2018-05-15|2018-07-05_2018-07-14|2018-10-03_2018-10-12|2019-01-11_2019-01-20|2019-02-10_2019-02-19|2019-06-10_2019-06-19|2019-08-09_2019-08-18|2019-09-08_2019-09-17|2019-12-07_2019-12-16|2020-01-06_2020-01-15|2020-04-05_2020-04-14|2022-04-05_2022-04-14|2023-05-10_2023-05-19|2023-08-08_2023-08-17|2024-12-10_2024-12-19
0.3,2,Core CPI m/m|PPI m/m,Neutral|Bad,5,4,1,80.0,20.0,4.0,2021-02-09_2021-02-18|2021-06-09_2021-06-18|2021-08-08_2021-08-17|2025-08-07_2025-08-16|2020-06-04_2020-06-13
0.3,2,Core CPI m/m|PPI m/m,Bad|Bad,1,1,0,100.0,0.0,inf,2021-07-09_2021-07-18
0.3,2,Core CPI m/m|PPI m/m,Neutral|Good,10,5,5,50.0,50.0,1.0,2022-08-03_2022-08-12|2023-01-10_2023-01-19|2023-04-10_2023-04-19|2023-11-06_2023-11-15|2025-04-09_2025-04-18|2025-05-09_2025-05-18|2025-09-06_2025-09-15|2019-10-08_2019-10-17|2020-05-05_2020-05-14|2023-03-11_2023-03-20
0.0,2,Core CPI m/m|Core PPI m/m,Bad|Bad,5,5,0,100.0,0.0,inf,2020-09-02_2020-09-11|2021-06-09_2021-06-18|2021-07-09_2021-07-18|2024-09-11_2024-09-20|2019-09-08_2019-09-17
0.0,2,Core CPI m/m|Core PPI m/m,Neutral|Bad,8,4,4,50.0,50.0,1.0,2020-10-12_2020-10-21|2023-02-09_2023-02-18|2023-10-07_2023-10-16|2024-05-14_2024-05-23|2025-08-07_2025-08-16|2018-07-05_2018-07-14|2019-02-10_2019-02-19|2023-08-08_2023-08-17
0.0,2,Core CPI m/m|Core PPI m/m,Good|Good,12,6,6,50.0,50.0,1.0,2020-11-11_2020-11-20|2022-08-03_2022-08-12|2023-07-09_2023-07-18|2023-11-06_2023-11-15|2025-01-09_2025-01-18|2025-04-09_2025-04-18|2025-05-09_2025-05-18|2025-06-08_2025-06-17|2025-07-08_2025-07-17|2019-10-08_2019-10-17|2020-01-06_2020-01-15|2020-05-05_2020-05-14
0.0,2,Core CPI m/m|Core PPI m/m,Neutral|Neutral,5,4,1,80.0,20.0,4.0,2021-01-10_2021-01-19|2023-01-10_2023-01-19|2023-06-09_2023-06-18|2024-11-10_2024-11-19|2024-12-10_2024-12-19
0.0,2,Core CPI m/m|Core PPI m/m,Good|Bad,6,2,4,33.3,66.7,0.5,2021-02-09_2021-02-18|2021-08-08_2021-08-17|2021-09-07_2021-09-16|2024-07-03_2024-07-12|2020-04-05_2020-04-14|2022-04-05_2022-04-14
0.0,2,Core CPI m/m|Core PPI m/m,Neutral|Good,9,7,2,77.8,22.2,3.5,2021-10-07_2021-10-16|2022-03-06_2022-03-15|2023-04-10_2023-04-19|2023-12-06_2023-12-15|2024-01-05_2024-01-14|2024-08-12_2024-08-21|2025-09-06_2025-09-15|2019-01-11_2019-01-20|2019-12-07_2019-12-16
0.0,2,Core CPI m/m|Core PPI m/m,Bad|Good,4,3,1,75.0,25.0,3.0,2021-11-06_2021-11-15|2022-05-05_2022-05-14|2019-08-09_2019-08-18|2023-03-11_2023-03-20
0.0,2,Core CPI m/m|Core PPI m/m,Bad|Neutral,6,4,2,66.7,33.3,2.0,2022-01-05_2022-01-14|2022-10-12_2022-10-21|2023-09-07_2023-09-16|2024-04-04_2024-04-13|2025-02-08_2025-02-17|2023-05-10_2023-05-19
0.0,2,Core CPI m/m|Core PPI m/m,Good|Neutral,4,3,1,75.0,25.0,3.0,2018-05-06_2018-05-15|2018-10-03_2018-10-12|2019-06-10_2019-06-19|2020-06-04_2020-06-13
0.1,2,Core CPI m/m|Core PPI m/m,Bad|Bad,3,3,0,100.0,0.0,inf,2020-09-02_2020-09-11|2021-06-09_2021-06-18|2021-07-09_2021-07-18
0.1,2,Core CPI m/m|Core PPI m/m,Neutral|Bad,5,3,2,60.0,40.0,1.5,2020-10-12_2020-10-21|2023-02-09_2023-02-18|2024-05-14_2024-05-23|2024-07-03_2024-07-12|2025-08-07_2025-08-16
0.1,2,Core CPI m/m|Core PPI m/m,Good|Neutral,2,2,0,100.0,0.0,inf,2020-11-11_2020-11-20|2021-09-07_2021-09-16
0.1,2,Core CPI m/m|Core PPI m/m,Neutral|Neutral,19,12,7,63.2,36.8,1.71,2021-01-10_2021-01-19|2022-01-05_2022-01-14|2023-01-10_2023-01-19|2023-06-09_2023-06-18|2023-07-09_2023-07-18|2023-09-07_2023-09-16|2023-10-07_2023-10-16|2024-09-11_2024-09-20|2024-11-10_2024-11-19|2018-05-06_2018-05-15|2018-07-05_2018-07-14|2018-10-03_2018-10-12|2019-02-10_2019-02-19|2019-06-10_2019-06-19|2019-09-08_2019-09-17|2020-01-06_2020-01-15|2020-06-04_2020-06-13|2023-08-08_2023-08-17|2024-12-10_2024-12-19
0.1,2,Core CPI m/m|Core PPI m/m,Good|Bad,4,1,3,25.0,75.0,0.33,2021-02-09_2021-02-18|2021-08-08_2021-08-17|2020-04-05_2020-04-14|2022-04-05_2022-04-14
0.1,2,Core CPI m/m|Core PPI m/m,Neutral|Good,16,11,5,68.8,31.2,2.2,2021-10-07_2021-10-16|2022-03-06_2022-03-15|2023-04-10_2023-04-19|2023-11-06_2023-11-15|2023-12-06_2023-12-15|2024-01-05_2024-01-14|2024-08-12_2024-08-21|2025-01-09_2025-01-18|2025-05-09_2025-05-18|2025-07-08_2025-07-17|2025-09-06_2025-09-15|2019-01-11_2019-01-20|2019-08-09_2019-08-18|2019-10-08_2019-10-17|2019-12-07_2019-12-16|2023-03-11_2023-03-20
0.1,2,Core CPI m/m|Core PPI m/m,Bad|Neutral,5,4,1,80.0,20.0,4.0,2021-11-06_2021-11-15|2022-10-12_2022-10-21|2024-04-04_2024-04-13|2025-02-08_2025-02-17|2023-05-10_2023-05-19
0.1,2,Core CPI m/m|Core PPI m/m,Bad|Good,1,1,0,100.0,0.0,inf,2022-05-05_2022-05-14
0.1,2,Core CPI m/m|Core PPI m/m,Good|Good,4,1,3,25.0,75.0,0.33,2022-08-03_2022-08-12|2025-04-09_2025-04-18|2025-06-08_2025-06-17|2020-05-05_2020-05-14
0.2,2,Core CPI m/m|Core PPI m/m,Neutral|Neutral,41,29,12,70.7,29.3,2.42,2020-09-02_2020-09-11|2020-10-12_2020-10-21|2020-11-11_2020-11-20|2021-01-10_2021-01-19|2021-06-09_2021-06-18|2021-09-07_2021-09-16|2021-11-06_2021-11-15|2022-01-05_2022-01-14|2022-05-05_2022-05-14|2022-08-03_2022-08-12|2022-10-12_2022-10-21|2023-01-10_2023-01-19|2023-02-09_2023-02-18|2023-06-09_2023-06-18|2023-07-09_2023-07-18|2023-09-07_2023-09-16|2023-10-07_2023-10-16|2023-12-06_2023-12-15|2024-01-05_2024-01-14|2024-04-04_2024-04-13|2024-07-03_2024-07-12|2024-08-12_2024-08-21|2024-09-11_2024-09-20|2024-11-10_2024-11-19|2025-01-09_2025-01-18|2025-02-08_2025-02-17|2025-06-08_2025-06-17|2025-07-08_2025-07-17|2018-05-06_2018-05-15|2018-07-05_2018-07-14|2018-10-03_2018-10-12|2019-02-10_2019-02-19|2019-06-10_2019-06-19|2019-09-08_2019-09-17|2020-01-06_2020-01-15|2020-04-05_2020-04-14|2020-05-05_2020-05-14|2020-06-04_2020-06-13|2023-05-10_2023-05-19|2023-08-08_2023-08-17|2024-12-10_2024-12-19
0.2,2,Core CPI m/m|Core PPI m/m,Neutral|Bad,5,2,3,40.0,60.0,0.67,2021-02-09_2021-02-18|2021-08-08_2021-08-17|2024-05-14_2024-05-23|2025-08-07_2025-08-16|2022-04-05_2022-04-14
0.2,2,Core CPI m/m|Core PPI m/m,Bad|Bad,1,1,0,100.0,0.0,inf,2021-07-09_2021-07-18
0.2,2,Core CPI m/m|Core PPI m/m,Neutral|Good,12,6,6,50.0,50.0,1.0,2021-10-07_2021-10-16|2022-03-06_2022-03-15|2023-04-10_2023-04-19|2023-11-06_2023-11-15|2025-04-09_2025-04-18|2025-05-09_2025-05-18|2025-09-06_2025-09-15|2019-01-11_2019-01-20|2019-08-09_2019-08-18|2019-10-08_2019-10-17|2019-12-07_2019-12-16|2023-03-11_2023-03-20
0.3,2,Core CPI m/m|Core PPI m/m,Neutral|Neutral,44,30,14,68.2,31.8,2.14,2020-09-02_2020-09-11|2020-10-12_2020-10-21|2020-11-11_2020-11-20|2021-01-10_2021-01-19|2021-06-09_2021-06-18|2021-09-07_2021-09-16|2021-10-07_2021-10-16|2021-11-06_2021-11-15|2022-01-05_2022-01-14|2022-05-05_2022-05-14|2022-08-03_2022-08-12|2022-10-12_2022-10-21|2023-01-10_2023-01-19|2023-02-09_2023-02-18|2023-06-09_2023-06-18|2023-07-09_2023-07-18|2023-09-07_2023-09-16|2023-10-07_2023-10-16|2023-11-06_2023-11-15|2023-12-06_2023-12-15|2024-01-05_2024-01-14|2024-04-04_2024-04-13|2024-05-14_2024-05-23|2024-07-03_2024-07-12|2024-08-12_2024-08-21|2024-09-11_2024-09-20|2024-11-10_2024-11-19|2025-01-09_2025-01-18|2025-02-08_2025-02-17|2025-06-08_2025-06-17|2025-07-08_2025-07-17|2018-05-06_2018-05-15|2018-07-05_2018-07-14|2018-10-03_2018-10-12|2019-02-10_2019-02-19|2019-06-10_2019-06-19|2019-09-08_2019-09-17|2020-01-06_2020-01-15|2020-04-05_2020-04-14|2020-05-05_2020-05-14|2020-06-04_2020-06-13|2023-05-10_2023-05-19|2023-08-08_2023-08-17|2024-12-10_2024-12-19
0.3,2,Core CPI m/m|Core PPI m/m,Neutral|Bad,4,2,2,50.0,50.0,1.0,2021-02-09_2021-02-18|2021-08-08_2021-08-17|2025-08-07_2025-08-16|2022-04-05_2022-04-14
0.3,2,Core CPI m/m|Core PPI m/m,Bad|Bad,1,1,0,100.0,0.0,inf,2021-07-09_2021-07-18
0.3,2,Core CPI m/m|Core PPI m/m,Neutral|Good,10,5,5,50.0,50.0,1.0,2022-03-06_2022-03-15|2023-04-10_2023-04-19|2025-04-09_2025-04-18|2025-05-09_2025-05-18|2025-09-06_2025-09-15|2019-01-11_2019-01-20|2019-08-09_2019-08-18|2019-10-08_2019-10-17|2019-12-07_2019-12-16|2023-03-11_2023-03-20
0.0,2,Core CPI m/m|FOMC,Neutral|Neutral,3,3,0,100.0,0.0,inf,2023-06-09_2023-06-18|2023-12-06_2023-12-15|2024-12-10_2024-12-19
0.0,2,Core CPI m/m|FOMC,Good|Neutral,1,1,0,100.0,0.0,inf,2024-06-03_2024-06-12
0.0,2,Core CPI m/m|FOMC,Bad|Good,1,1,0,100.0,0.0,inf,2024-09-11_2024-09-20
0.1,2,Core CPI m/m|FOMC,Neutral|Neutral,4,4,0,100.0,0.0,inf,2023-06-09_2023-06-18|2023-12-06_2023-12-15|2024-06-03_2024-06-12|2024-12-10_2024-12-19
0.1,2,Core CPI m/m|FOMC,Neutral|Good,1,1,0,100.0,0.0,inf,2024-09-11_2024-09-20
0.2,2,Core CPI m/m|FOMC,Neutral|Neutral,4,4,0,100.0,0.0,inf,2023-06-09_2023-06-18|2023-12-06_2023-12-15|2024-06-03_2024-06-12|2024-12-10_2024-12-19
0.2,2,Core CPI m/m|FOMC,Neutral|Good,1,1,0,100.0,0.0,inf,2024-09-11_2024-09-20
0.3,2,Core CPI m/m|FOMC,Neutral|Neutral,5,5,0,100.0,0.0,inf,2023-06-09_2023-06-18|2023-12-06_2023-12-15|2024-06-03_2024-06-12|2024-09-11_2024-09-20|2024-12-10_2024-12-19
0.0,2,Core CPI m/m|CPI y/y,Bad|Bad,14,11,3,78.6,21.4,3.67,2020-09-02_2020-09-11|2021-04-10_2021-04-19|2021-06-09_2021-06-18|2021-07-09_2021-07-18|2021-11-06_2021-11-15|2022-05-05_2022-05-14|2022-06-04_2022-06-13|2022-10-12_2022-10-21|2023-09-07_2023-09-16|2024-04-04_2024-04-13|2024-10-01_2024-10-10|2025-02-08_2025-02-17|2019-08-09_2019-08-18|2022-02-04_2022-02-13
0.0,2,Core CPI m/m|CPI y/y,Neutral|Neutral,13,9,4,69.2,30.8,2.25,2020-10-12_2020-10-21|2021-01-10_2021-01-19|2022-03-06_2022-03-15|2023-01-10_2023-01-19|2023-12-06_2023-12-15|2024-05-14_2024-05-23|2024-11-10_2024-11-19|2025-09-06_2025-09-15|2018-07-05_2018-07-14|2018-11-12_2018-11-21|2018-12-12_2018-12-21|2019-01-11_2019-01-20|2024-12-10_2024-12-19
0.0,2,Core CPI m/m|CPI y/y,Good|Good,18,9,9,50.0,50.0,1.0,2020-11-11_2020-11-20|2022-08-03_2022-08-12|2022-11-01_2022-11-10|2022-12-11_2022-12-20|2023-07-09_2023-07-18|2023-11-06_2023-11-15|2024-06-03_2024-06-12|2024-07-03_2024-07-12|2025-04-09_2025-04-18|2025-05-09_2025-05-18|2025-06-08_2025-06-17|2025-10-16_2025-10-25|2018-10-03_2018-10-12|2019-06-10_2019-06-19|2019-10-08_2019-10-17|2020-04-05_2020-04-14|2020-05-05_2020-05-14|2020-06-04_2020-06-13
0.0,2,Core CPI m/m|CPI y/y,Bad|Neutral,5,4,1,80.0,20.0,4.0,2020-12-01_2020-12-10|2022-01-05_2022-01-14|2024-09-11_2024-09-20|2020-07-14_2020-07-23|2023-03-11_2023-03-20
0.0,2,Core CPI m/m|CPI y/y,Good|Neutral,7,5,2,71.4,28.6,2.5,2021-02-09_2021-02-18|2021-03-01_2021-03-10|2021-09-07_2021-09-16|2025-01-09_2025-01-18|2026-01-04_2026-01-13|2018-05-06_2018-05-15|2020-01-06_2020-01-15
0.0,2,Core CPI m/m|CPI y/y,Good|Bad,3,2,1,66.7,33.3,2.0,2021-08-08_2021-08-17|2025-07-08_2025-07-17|2022-04-05_2022-04-14
0.0,2,Core CPI m/m|CPI y/y,Neutral|Bad,6,3,3,50.0,50.0,1.0,2021-10-07_2021-10-16|2023-02-09_2023-02-18|2023-10-07_2023-10-16|2024-01-05_2024-01-14|2019-02-10_2019-02-19|2019-12-07_2019-12-16
0.0,2,Core CPI m/m|CPI y/y,Neutral|Good,6,5,1,83.3,16.7,5.0,2023-04-10_2023-04-19|2023-06-09_2023-06-18|2024-08-12_2024-08-21|2025-08-07_2025-08-16|2026-02-13_2026-02-22|2023-08-08_2023-08-17
0.0,2,Core CPI m/m|CPI y/y,Bad|Good,2,1,1,50.0,50.0,1.0,2019-09-08_2019-09-17|2023-05-10_2023-05-19
0.1,2,Core CPI m/m|CPI y/y,Bad|Bad,7,7,0,100.0,0.0,inf,2020-09-02_2020-09-11|2021-06-09_2021-06-18|2021-07-09_2021-07-18|2021-11-06_2021-11-15|2022-05-05_2022-05-14|2024-04-04_2024-04-13|2025-02-08_2025-02-17
0.1,2,Core CPI m/m|CPI y/y,Neutral|Neutral,29,21,8,72.4,27.6,2.62,2020-10-12_2020-10-21|2020-12-01_2020-12-10|2021-01-10_2021-01-19|2021-03-01_2021-03-10|2022-01-05_2022-01-14|2022-03-06_2022-03-15|2023-01-10_2023-01-19|2023-04-10_2023-04-19|2023-06-09_2023-06-18|2023-11-06_2023-11-15|2023-12-06_2023-12-15|2024-05-14_2024-05-23|2024-09-11_2024-09-20|2024-11-10_2024-11-19|2025-01-09_2025-01-18|2025-08-07_2025-08-16|2025-09-06_2025-09-15|2026-01-04_2026-01-13|2018-05-06_2018-05-15|2018-07-05_2018-07-14|2018-11-12_2018-11-21|2018-12-12_2018-12-21|2019-01-11_2019-01-20|2019-06-10_2019-06-19|2020-01-06_2020-01-15|2020-07-14_2020-07-23|2023-03-11_2023-03-20|2023-08-08_2023-08-17|2024-12-10_2024-12-19
0.1,2,Core CPI m/m|CPI y/y,Good|Good,7,3,4,42.9,57.1,0.75,2020-11-11_2020-11-20|2022-08-03_2022-08-12|2022-11-01_2022-11-10|2025-04-09_2025-04-18|2025-06-08_2025-06-17|2020-04-05_2020-04-14|2020-05-05_2020-05-14
0.1,2,Core CPI m/m|CPI y/y,Good|Neutral,3,1,2,33.3,66.7,0.5,2021-02-09_2021-02-18|2021-09-07_2021-09-16|2022-04-05_2022-04-14
0.1,2,Core CPI m/m|CPI y/y,Neutral|Bad,13,7,6,53.8,46.2,1.17,2021-04-10_2021-04-19|2021-10-07_2021-10-16|2022-06-04_2022-06-13|2023-02-09_2023-02-18|2023-09-07_2023-09-16|2023-10-07_2023-10-16|2024-01-05_2024-01-14|2024-10-01_2024-10-10|2025-07-08_2025-07-17|2019-02-10_2019-02-19|2019-08-09_2019-08-18|2019-12-07_2019-12-16|2022-02-04_2022-02-13
0.1,2,Core CPI m/m|CPI y/y,Good|Bad,1,1,0,100.0,0.0,inf,2021-08-08_2021-08-17
0.1,2,Core CPI m/m|CPI y/y,Bad|Neutral,2,1,1,50.0,50.0,1.0,2022-10-12_2022-10-21|2023-05-10_2023-05-19
0.1,2,Core CPI m/m|CPI y/y,Neutral|Good,12,8,4,66.7,33.3,2.0,2022-12-11_2022-12-20|2023-07-09_2023-07-18|2024-06-03_2024-06-12|2024-07-03_2024-07-12|2024-08-12_2024-08-21|2025-05-09_2025-05-18|2025-10-16_2025-10-25|2026-02-13_2026-02-22|2018-10-03_2018-10-12|2019-09-08_2019-09-17|2019-10-08_2019-10-17|2020-06-04_2020-06-13
0.2,2,Core CPI m/m|CPI y/y,Neutral|Neutral,65,41,24,63.1,36.9,1.71,2020-09-02_2020-09-11|2020-10-12_2020-10-21|2020-11-11_2020-11-20|2020-12-01_2020-12-10|2021-01-10_2021-01-19|2021-02-09_2021-02-18|2021-03-01_2021-03-10|2021-04-10_2021-04-19|2021-08-08_2021-08-17|2021-09-07_2021-09-16|2021-10-07_2021-10-16|2022-01-05_2022-01-14|2022-03-06_2022-03-15|2022-08-03_2022-08-12|2022-10-12_2022-10-21|2023-01-10_2023-01-19|2023-04-10_2023-04-19|2023-06-09_2023-06-18|2023-07-09_2023-07-18|2023-09-07_2023-09-16|2023-10-07_2023-10-16|2023-11-06_2023-11-15|2023-12-06_2023-12-15|2024-01-05_2024-01-14|2024-04-04_2024-04-13|2024-05-14_2024-05-23|2024-06-03_2024-06-12|2024-07-03_2024-07-12|2024-08-12_2024-08-21|2024-09-11_2024-09-20|2024-10-01_2024-10-10|2024-11-10_2024-11-19|2025-01-09_2025-01-18|2025-02-08_2025-02-17|2025-04-09_2025-04-18|2025-05-09_2025-05-18|2025-06-08_2025-06-17|2025-07-08_2025-07-17|2025-08-07_2025-08-16|2025-09-06_2025-09-15|2025-10-16_2025-10-25|2026-01-04_2026-01-13|2026-02-13_2026-02-22|2018-05-06_2018-05-15|2018-07-05_2018-07-14|2018-10-03_2018-10-12|2018-11-12_2018-11-21|2018-12-12_2018-12-21|2019-01-11_2019-01-20|2019-02-10_2019-02-19|2019-06-10_2019-06-19|2019-08-09_2019-08-18|2019-09-08_2019-09-17|2019-10-08_2019-10-17|2019-12-07_2019-12-16|2020-01-06_2020-01-15|2020-04-05_2020-04-14|2020-05-05_2020-05-14|2020-06-04_2020-06-13|2020-07-14_2020-07-23|2022-04-05_2022-04-14|2023-03-11_2023-03-20|2023-05-10_2023-05-19|2023-08-08_2023-08-17|2024-12-10_2024-12-19
0.2,2,Core CPI m/m|CPI y/y,Neutral|Bad,6,5,1,83.3,16.7,5.0,2021-06-09_2021-06-18|2021-11-06_2021-11-15|2022-05-05_2022-05-14|2022-06-04_2022-06-13|2023-02-09_2023-02-18|2022-02-04_2022-02-13
0.2,2,Core CPI m/m|CPI y/y,Bad|Bad,1,1,0,100.0,0.0,inf,2021-07-09_2021-07-18
0.2,2,Core CPI m/m|CPI y/y,Neutral|Good,2,2,0,100.0,0.0,inf,2022-11-01_2022-11-10|2022-12-11_2022-12-20
0.3,2,Core CPI m/m|CPI y/y,Neutral|Neutral,73,48,25,65.8,34.2,1.92,2020-09-02_2020-09-11|2020-10-12_2020-10-21|2020-11-11_2020-11-20|2020-12-01_2020-12-10|2021-01-10_2021-01-19|2021-02-09_2021-02-18|2021-03-01_2021-03-10|2021-04-10_2021-04-19|2021-06-09_2021-06-18|2021-08-08_2021-08-17|2021-09-07_2021-09-16|2021-10-07_2021-10-16|2021-11-06_2021-11-15|2022-01-05_2022-01-14|2022-03-06_2022-03-15|2022-05-05_2022-05-14|2022-06-04_2022-06-13|2022-08-03_2022-08-12|2022-10-12_2022-10-21|2022-11-01_2022-11-10|2022-12-11_2022-12-20|2023-01-10_2023-01-19|2023-02-09_2023-02-18|2023-04-10_2023-04-19|2023-06-09_2023-06-18|2023-07-09_2023-07-18|2023-09-07_2023-09-16|2023-10-07_2023-10-16|2023-11-06_2023-11-15|2023-12-06_2023-12-15|2024-01-05_2024-01-14|2024-04-04_2024-04-13|2024-05-14_2024-05-23|2024-06-03_2024-06-12|2024-07-03_2024-07-12|2024-08-12_2024-08-21|2024-09-11_2024-09-20|2024-10-01_2024-10-10|2024-11-10_2024-11-19|2025-01-09_2025-01-18|2025-02-08_2025-02-17|2025-04-09_2025-04-18|2025-05-09_2025-05-18|2025-06-08_2025-06-17|2025-07-08_2025-07-17|2025-08-07_2025-08-16|2025-09-06_2025-09-15|2025-10-16_2025-10-25|2026-01-04_2026-01-13|2026-02-13_2026-02-22|2018-05-06_2018-05-15|2018-07-05_2018-07-14|2018-10-03_2018-10-12|2018-11-12_2018-11-21|2018-12-12_2018-12-21|2019-01-11_2019-01-20|2019-02-10_2019-02-19|2019-06-10_2019-06-19|2019-08-09_2019-08-18|2019-09-08_2019-09-17|2019-10-08_2019-10-17|2019-12-07_2019-12-16|2020-01-06_2020-01-15|2020-04-05_2020-04-14|2020-05-05_2020-05-14|2020-06-04_2020-06-13|2020-07-14_2020-07-23|2022-02-04_2022-02-13|2022-04-05_2022-04-14|2023-03-11_2023-03-20|2023-05-10_2023-05-19|2023-08-08_2023-08-17|2024-12-10_2024-12-19
0.3,2,Core CPI m/m|CPI y/y,Bad|Bad,1,1,0,100.0,0.0,inf,2021-07-09_2021-07-18
0.0,2,PPI m/m|Core PPI m/m,Bad|Bad,27,15,12,55.6,44.4,1.25,2020-09-02_2020-09-11|2020-10-12_2020-10-21|2021-02-09_2021-02-18|2021-03-31_2021-04-09|2021-06-09_2021-06-18|2021-07-09_2021-07-18|2021-08-08_2021-08-17|2021-09-07_2021-09-16|2022-02-14_2022-02-23|2022-12-01_2022-12-10|2023-02-09_2023-02-18|2023-10-07_2023-10-16|2024-02-14_2024-02-23|2024-05-14_2024-05-23|2024-07-03_2024-07-12|2024-09-11_2024-09-20|2025-08-07_2025-08-16|2026-01-24_2026-02-02|2026-02-23_2026-03-04|2018-07-05_2018-07-14|2018-11-02_2018-11-11|2019-04-11_2019-04-20|2019-09-08_2019-09-17|2020-02-15_2020-02-24|2020-04-05_2020-04-14|2022-04-05_2022-04-14|2023-08-08_2023-08-17
0.0,2,PPI m/m|Core PPI m/m,Bad|Good,2,2,0,100.0,0.0,inf,2020-11-11_2020-11-20|2022-07-14_2022-07-23
0.0,2,PPI m/m|Core PPI m/m,Neutral|Good,8,3,5,37.5,62.5,0.6,2020-12-11_2020-12-20|2021-11-06_2021-11-15|2022-05-05_2022-05-14|2022-06-14_2022-06-23|2023-12-06_2023-12-15|2025-11-25_2025-12-04|2026-01-14_2026-01-23|2019-08-09_2019-08-18
0.0,2,PPI m/m|Core PPI m/m,Good|Neutral,8,6,2,75.0,25.0,3.0,2021-01-10_2021-01-19|2022-01-05_2022-01-14|2023-01-10_2023-01-19|2023-06-09_2023-06-18|2024-04-04_2024-04-13|2024-10-11_2024-10-20|2018-05-06_2018-05-15|2023-05-10_2023-05-19
0.0,2,PPI m/m|Core PPI m/m,Bad|Neutral,6,5,1,83.3,16.7,5.0,2021-03-11_2021-03-20|2022-10-12_2022-10-21|2023-09-07_2023-09-16|2025-02-08_2025-02-17|2020-06-04_2020-06-13|2024-12-10_2024-12-19
0.0,2,PPI m/m|Core PPI m/m,Good|Good,23,13,10,56.5,43.5,1.3,2021-10-07_2021-10-16|2022-03-06_2022-03-15|2022-08-03_2022-08-12|2022-11-11_2022-11-20|2023-04-10_2023-04-19|2023-07-09_2023-07-18|2023-11-06_2023-11-15|2024-01-05_2024-01-14|2024-06-13_2024-06-22|2024-08-12_2024-08-21|2025-01-09_2025-01-18|2025-04-09_2025-04-18|2025-05-09_2025-05-18|2025-06-08_2025-06-17|2025-07-08_2025-07-17|2025-09-06_2025-09-15|2018-09-03_2018-09-12|2019-01-11_2019-01-20|2019-10-08_2019-10-17|2019-12-07_2019-12-16|2020-01-06_2020-01-15|2020-05-05_2020-05-14|2023-03-11_2023-03-20
0.0,2,PPI m/m|Core PPI m/m,Neutral|Neutral,3,2,1,66.7,33.3,2.0,2024-11-10_2024-11-19|2018-10-03_2018-10-12|2019-06-10_2019-06-19
0.0,2,PPI m/m|Core PPI m/m,Good|Bad,1,0,1,0.0,100.0,0.0,2019-02-10_2019-02-19
0.1,2,PPI m/m|Core PPI m/m,Neutral|Bad,4,1,3,25.0,75.0,0.33,2020-09-02_2020-09-11|2022-12-01_2022-12-10|2024-07-03_2024-07-12|2020-04-05_2020-04-14
0.1,2,PPI m/m|Core PPI m/m,Bad|Bad,16,10,6,62.5,37.5,1.67,2020-10-12_2020-10-21|2021-02-09_2021-02-18|2021-03-31_2021-04-09|2021-06-09_2021-06-18|2021-07-09_2021-07-18|2021-08-08_2021-08-17|2022-02-14_2022-02-23|2023-02-09_2023-02-18|2024-02-14_2024-02-23|2024-05-14_2024-05-23|2025-08-07_2025-08-16|2026-01-24_2026-02-02|2026-02-23_2026-03-04|2018-11-02_2018-11-11|2020-02-15_2020-02-24|2022-04-05_2022-04-14
0.1,2,PPI m/m|Core PPI m/m,Neutral|Neutral,20,13,7,65.0,35.0,1.86,2020-11-11_2020-11-20|2020-12-11_2020-12-20|2021-03-11_2021-03-20|2021-09-07_2021-09-16|2021-11-06_2021-11-15|2022-06-14_2022-06-23|2023-07-09_2023-07-18|2024-04-04_2024-04-13|2024-09-11_2024-09-20|2024-10-11_2024-10-20|2024-11-10_2024-11-19|2025-11-25_2025-12-04|2018-05-06_2018-05-15|2018-07-05_2018-07-14|2018-10-03_2018-10-12|2019-06-10_2019-06-19|2019-09-08_2019-09-17|2020-01-06_2020-01-15|2023-05-10_2023-05-19|2023-08-08_2023-08-17
0.1,2,PPI m/m|Core PPI m/m,Good|Neutral,5,3,2,60.0,40.0,1.5,2021-01-10_2021-01-19|2022-01-05_2022-01-14|2023-01-10_2023-01-19|2023-06-09_2023-06-18|2019-02-10_2019-02-19
0.1,2,PPI m/m|Core PPI m/m,Neutral|Good,8,4,4,50.0,50.0,1.0,2021-10-07_2021-10-16|2022-05-05_2022-05-14|2023-12-06_2023-12-15|2024-08-12_2024-08-21|2025-06-08_2025-06-17|2026-01-14_2026-01-23|2019-01-11_2019-01-20|2019-08-09_2019-08-18
0.1,2,PPI m/m|Core PPI m/m,Good|Good,17,10,7,58.8,41.2,1.43,2022-03-06_2022-03-15|2022-08-03_2022-08-12|2022-11-11_2022-11-20|2023-04-10_2023-04-19|2023-11-06_2023-11-15|2024-01-05_2024-01-14|2024-06-13_2024-06-22|2025-01-09_2025-01-18|2025-04-09_2025-04-18|2025-05-09_2025-05-18|2025-07-08_2025-07-17|2025-09-06_2025-09-15|2018-09-03_2018-09-12|2019-10-08_2019-10-17|2019-12-07_2019-12-16|2020-05-05_2020-05-14|2023-03-11_2023-03-20
0.1,2,PPI m/m|Core PPI m/m,Bad|Neutral,8,5,3,62.5,37.5,1.67,2022-07-14_2022-07-23|2022-10-12_2022-10-21|2023-09-07_2023-09-16|2023-10-07_2023-10-16|2025-02-08_2025-02-17|2019-04-11_2019-04-20|2020-06-04_2020-06-13|2024-12-10_2024-12-19
0.2,2,PPI m/m|Core PPI m/m,Neutral|Neutral,41,26,15,63.4,36.6,1.73,2020-09-02_2020-09-11|2020-10-12_2020-10-21|2020-11-11_2020-11-20|2020-12-11_2020-12-20|2021-01-10_2021-01-19|2021-03-11_2021-03-20|2021-09-07_2021-09-16|2021-11-06_2021-11-15|2022-01-05_2022-01-14|2022-05-05_2022-05-14|2022-06-14_2022-06-23|2022-10-12_2022-10-21|2022-12-01_2022-12-10|2023-06-09_2023-06-18|2023-07-09_2023-07-18|2023-10-07_2023-10-16|2023-12-06_2023-12-15|2024-01-05_2024-01-14|2024-04-04_2024-04-13|2024-07-03_2024-07-12|2024-08-12_2024-08-21|2024-09-11_2024-09-20|2024-10-11_2024-10-20|2024-11-10_2024-11-19|2025-01-09_2025-01-18|2025-02-08_2025-02-17|2025-06-08_2025-06-17|2025-07-08_2025-07-17|2025-11-25_2025-12-04|2026-01-14_2026-01-23|2018-05-06_2018-05-15|2018-07-05_2018-07-14|2018-10-03_2018-10-12|2019-02-10_2019-02-19|2019-06-10_2019-06-19|2019-09-08_2019-09-17|2020-01-06_2020-01-15|2020-04-05_2020-04-14|2023-05-10_2023-05-19|2023-08-08_2023-08-17|2024-12-10_2024-12-19
0.2,2,PPI m/m|Core PPI m/m,Bad|Bad,10,5,5,50.0,50.0,1.0,2021-02-09_2021-02-18|2021-03-31_2021-04-09|2021-07-09_2021-07-18|2021-08-08_2021-08-17|2022-02-14_2022-02-23|2025-08-07_2025-08-16|2026-01-24_2026-02-02|2018-11-02_2018-11-11|2020-02-15_2020-02-24|2022-04-05_2022-04-14
0.2,2,PPI m/m|Core PPI m/m,Bad|Neutral,6,4,2,66.7,33.3,2.0,2021-06-09_2021-06-18|2022-07-14_2022-07-23|2023-02-09_2023-02-18|2023-09-07_2023-09-16|2019-04-11_2019-04-20|2020-06-04_2020-06-13
0.2,2,PPI m/m|Core PPI m/m,Neutral|Good,6,4,2,66.7,33.3,2.0,2021-10-07_2021-10-16|2022-03-06_2022-03-15|2022-11-11_2022-11-20|2019-01-11_2019-01-20|2019-08-09_2019-08-18|2019-12-07_2019-12-16
0.2,2,PPI m/m|Core PPI m/m,Good|Neutral,3,2,1,66.7,33.3,2.0,2022-08-03_2022-08-12|2023-01-10_2023-01-19|2020-05-05_2020-05-14
0.2,2,PPI m/m|Core PPI m/m,Good|Good,9,3,6,33.3,66.7,0.5,2023-04-10_2023-04-19|2023-11-06_2023-11-15|2024-06-13_2024-06-22|2025-04-09_2025-04-18|2025-05-09_2025-05-18|2025-09-06_2025-09-15|2018-09-03_2018-09-12|2019-10-08_2019-10-17|2023-03-11_2023-03-20
0.2,2,PPI m/m|Core PPI m/m,Neutral|Bad,3,2,1,66.7,33.3,2.0,2024-02-14_2024-02-23|2024-05-14_2024-05-23|2026-02-23_2026-03-04
0.3,2,PPI m/m|Core PPI m/m,Neutral|Neutral,47,28,19,59.6,40.4,1.47,2020-09-02_2020-09-11|2020-10-12_2020-10-21|2020-11-11_2020-11-20|2020-12-11_2020-12-20|2021-01-10_2021-01-19|2021-03-11_2021-03-20|2021-09-07_2021-09-16|2021-10-07_2021-10-16|2021-11-06_2021-11-15|2022-01-05_2022-01-14|2022-05-05_2022-05-14|2022-06-14_2022-06-23|2022-10-12_2022-10-21|2022-11-11_2022-11-20|2022-12-01_2022-12-10|2023-02-09_2023-02-18|2023-06-09_2023-06-18|2023-07-09_2023-07-18|2023-09-07_2023-09-16|2023-10-07_2023-10-16|2023-12-06_2023-12-15|2024-01-05_2024-01-14|2024-04-04_2024-04-13|2024-05-14_2024-05-23|2024-07-03_2024-07-12|2024-08-12_2024-08-21|2024-09-11_2024-09-20|2024-10-11_2024-10-20|2024-11-10_2024-11-19|2025-01-09_2025-01-18|2025-02-08_2025-02-17|2025-06-08_2025-06-17|2025-07-08_2025-07-17|2025-11-25_2025-12-04|2026-01-14_2026-01-23|2018-05-06_2018-05-15|2018-07-05_2018-07-14|2018-10-03_2018-10-12|2019-02-10_2019-02-19|2019-04-11_2019-04-20|2019-06-10_2019-06-19|2019-09-08_2019-09-17|2020-01-06_2020-01-15|2020-04-05_2020-04-14|2023-05-10_2023-05-19|2023-08-08_2023-08-17|2024-12-10_2024-12-19
0.3,2,PPI m/m|Core PPI m/m,Bad|Bad,6,4,2,66.7,33.3,2.0,2021-02-09_2021-02-18|2021-03-31_2021-04-09|2021-07-09_2021-07-18|2021-08-08_2021-08-17|2022-02-14_2022-02-23|2025-08-07_2025-08-16
0.3,2,PPI m/m|Core PPI m/m,Bad|Neutral,5,4,1,80.0,20.0,4.0,2021-06-09_2021-06-18|2022-07-14_2022-07-23|2018-11-02_2018-11-11|2020-02-15_2020-02-24|2020-06-04_2020-06-13
0.3,2,PPI m/m|Core PPI m/m,Neutral|Good,4,3,1,75.0,25.0,3.0,2022-03-06_2022-03-15|2019-01-11_2019-01-20|2019-08-09_2019-08-18|2019-12-07_2019-12-16
0.3,2,PPI m/m|Core PPI m/m,Good|Neutral,5,3,2,60.0,40.0,1.5,2022-08-03_2022-08-12|2023-01-10_2023-01-19|2023-11-06_2023-11-15|2024-06-13_2024-06-22|2020-05-05_2020-05-14
0.3,2,PPI m/m|Core PPI m/m,Good|Good,7,2,5,28.6,71.4,0.4,2023-04-10_2023-04-19|2025-04-09_2025-04-18|2025-05-09_2025-05-18|2025-09-06_2025-09-15|2018-09-03_2018-09-12|2019-10-08_2019-10-17|2023-03-11_2023-03-20
0.3,2,PPI m/m|Core PPI m/m,Neutral|Bad,4,2,2,50.0,50.0,1.0,2024-02-14_2024-02-23|2026-01-24_2026-02-02|2026-02-23_2026-03-04|2022-04-05_2022-04-14
0.0,2,PPI m/m|FOMC,Good|Neutral,1,1,0,100.0,0.0,inf,2023-06-09_2023-06-18
0.0,2,PPI m/m|FOMC,Neutral|Neutral,1,1,0,100.0,0.0,inf,2023-12-06_2023-12-15
0.0,2,PPI m/m|FOMC,Bad|Good,1,1,0,100.0,0.0,inf,2024-09-11_2024-09-20
0.0,2,PPI m/m|FOMC,Bad|Neutral,1,1,0,100.0,0.0,inf,2024-12-10_2024-12-19
0.1,2,PPI m/m|FOMC,Good|Neutral,1,1,0,100.0,0.0,inf,2023-06-09_2023-06-18
0.1,2,PPI m/m|FOMC,Neutral|Neutral,1,1,0,100.0,0.0,inf,2023-12-06_2023-12-15
0.1,2,PPI m/m|FOMC,Neutral|Good,1,1,0,100.0,0.0,inf,2024-09-11_2024-09-20
0.1,2,PPI m/m|FOMC,Bad|Neutral,1,1,0,100.0,0.0,inf,2024-12-10_2024-12-19
0.2,2,PPI m/m|FOMC,Neutral|Neutral,3,3,0,100.0,0.0,inf,2023-06-09_2023-06-18|2023-12-06_2023-12-15|2024-12-10_2024-12-19
0.2,2,PPI m/m|FOMC,Neutral|Good,1,1,0,100.0,0.0,inf,2024-09-11_2024-09-20
0.3,2,PPI m/m|FOMC,Neutral|Neutral,4,4,0,100.0,0.0,inf,2023-06-09_2023-06-18|2023-12-06_2023-12-15|2024-09-11_2024-09-20|2024-12-10_2024-12-19
0.0,2,PPI m/m|CPI y/y,Bad|Bad,10,7,3,70.0,30.0,2.33,2020-09-02_2020-09-11|2021-06-09_2021-06-18|2021-07-09_2021-07-18|2021-08-08_2021-08-17|2022-10-12_2022-10-21|2023-02-09_2023-02-18|2023-09-07_2023-09-16|2023-10-07_2023-10-16|2025-02-08_2025-02-17|2022-04-05_2022-04-14
0.0,2,PPI m/m|CPI y/y,Bad|Neutral,7,5,2,71.4,28.6,2.5,2020-10-12_2020-10-21|2021-02-09_2021-02-18|2021-09-07_2021-09-16|2024-05-14_2024-05-23|2024-09-11_2024-09-20|2018-07-05_2018-07-14|2024-12-10_2024-12-19
0.0,2,PPI m/m|CPI y/y,Bad|Good,7,4,3,57.1,42.9,1.33,2020-11-11_2020-11-20|2024-07-03_2024-07-12|2025-08-07_2025-08-16|2019-09-08_2019-09-17|2020-04-05_2020-04-14|2020-06-04_2020-06-13|2023-08-08_2023-08-17
0.0,2,PPI m/m|CPI y/y,Good|Neutral,10,7,3,70.0,30.0,2.33,2021-01-10_2021-01-19|2022-01-05_2022-01-14|2022-03-06_2022-03-15|2023-01-10_2023-01-19|2025-01-09_2025-01-18|2025-09-06_2025-09-15|2018-05-06_2018-05-15|2019-01-11_2019-01-20|2020-01-06_2020-01-15|2023-03-11_2023-03-20
0.0,2,PPI m/m|CPI y/y,Good|Bad,6,4,2,66.7,33.3,2.0,2021-10-07_2021-10-16|2024-01-05_2024-01-14|2024-04-04_2024-04-13|2025-07-08_2025-07-17|2019-02-10_2019-02-19|2019-12-07_2019-12-16
0.0,2,PPI m/m|CPI y/y,Neutral|Bad,3,2,1,66.7,33.3,2.0,2021-11-06_2021-11-15|2022-05-05_2022-05-14|2019-08-09_2019-08-18
0.0,2,PPI m/m|CPI y/y,Good|Good,12,6,6,50.0,50.0,1.0,2022-08-03_2022-08-12|2023-04-10_2023-04-19|2023-06-09_2023-06-18|2023-07-09_2023-07-18|2023-11-06_2023-11-15|2024-08-12_2024-08-21|2025-04-09_2025-04-18|2025-05-09_2025-05-18|2025-06-08_2025-06-17|2019-10-08_2019-10-17|2020-05-05_2020-05-14|2023-05-10_2023-05-19
0.0,2,PPI m/m|CPI y/y,Neutral|Neutral,2,2,0,100.0,0.0,inf,2023-12-06_2023-12-15|2024-11-10_2024-11-19
0.0,2,PPI m/m|CPI y/y,Neutral|Good,2,1,1,50.0,50.0,1.0,2018-10-03_2018-10-12|2019-06-10_2019-06-19
0.1,2,PPI m/m|CPI y/y,Neutral|Bad,6,4,2,66.7,33.3,2.0,2020-09-02_2020-09-11|2021-10-07_2021-10-16|2021-11-06_2021-11-15|2022-05-05_2022-05-14|2024-04-04_2024-04-13|2019-08-09_2019-08-18
0.1,2,PPI m/m|CPI y/y,Bad|Neutral,7,4,3,57.1,42.9,1.33,2020-10-12_2020-10-21|2021-02-09_2021-02-18|2022-10-12_2022-10-21|2024-05-14_2024-05-23|2025-08-07_2025-08-16|2022-04-05_2022-04-14|2024-12-10_2024-12-19
0.1,2,PPI m/m|CPI y/y,Neutral|Good,8,5,3,62.5,37.5,1.67,2020-11-11_2020-11-20|2023-07-09_2023-07-18|2024-07-03_2024-07-12|2024-08-12_2024-08-21|2025-06-08_2025-06-17|2018-10-03_2018-10-12|2019-09-08_2019-09-17|2020-04-05_2020-04-14
0.1,2,PPI m/m|CPI y/y,Good|Neutral,10,8,2,80.0,20.0,4.0,2021-01-10_2021-01-19|2022-01-05_2022-01-14|2022-03-06_2022-03-15|2023-01-10_2023-01-19|2023-04-10_2023-04-19|2023-06-09_2023-06-18|2023-11-06_2023-11-15|2025-01-09_2025-01-18|2025-09-06_2025-09-15|2023-03-11_2023-03-20
0.1,2,PPI m/m|CPI y/y,Bad|Bad,7,5,2,71.4,28.6,2.5,2021-06-09_2021-06-18|2021-07-09_2021-07-18|2021-08-08_2021-08-17|2023-02-09_2023-02-18|2023-09-07_2023-09-16|2023-10-07_2023-10-16|2025-02-08_2025-02-17
0.1,2,PPI m/m|CPI y/y,Neutral|Neutral,11,7,4,63.6,36.4,1.75,2021-09-07_2021-09-16|2023-12-06_2023-12-15|2024-09-11_2024-09-20|2024-11-10_2024-11-19|2018-05-06_2018-05-15|2018-07-05_2018-07-14|2019-01-11_2019-01-20|2019-06-10_2019-06-19|2020-01-06_2020-01-15|2023-05-10_2023-05-19|2023-08-08_2023-08-17
0.1,2,PPI m/m|CPI y/y,Good|Good,5,1,4,20.0,80.0,0.25,2022-08-03_2022-08-12|2025-04-09_2025-04-18|2025-05-09_2025-05-18|2019-10-08_2019-10-17|2020-05-05_2020-05-14
0.1,2,PPI m/m|CPI y/y,Good|Bad,4,3,1,75.0,25.0,3.0,2024-01-05_2024-01-14|2025-07-08_2025-07-17|2019-02-10_2019-02-19|2019-12-07_2019-12-16
0.1,2,PPI m/m|CPI y/y,Bad|Good,1,1,0,100.0,0.0,inf,2020-06-04_2020-06-13
0.2,2,PPI m/m|CPI y/y,Neutral|Neutral,38,25,13,65.8,34.2,1.92,2020-09-02_2020-09-11|2020-10-12_2020-10-21|2020-11-11_2020-11-20|2021-01-10_2021-01-19|2021-09-07_2021-09-16|2021-10-07_2021-10-16|2022-01-05_2022-01-14|2022-03-06_2022-03-15|2022-10-12_2022-10-21|2023-06-09_2023-06-18|2023-07-09_2023-07-18|2023-10-07_2023-10-16|2023-12-06_2023-12-15|2024-01-05_2024-01-14|2024-04-04_2024-04-13|2024-05-14_2024-05-23|2024-07-03_2024-07-12|2024-08-12_2024-08-21|2024-09-11_2024-09-20|2024-11-10_2024-11-19|2025-01-09_2025-01-18|2025-02-08_2025-02-17|2025-06-08_2025-06-17|2025-07-08_2025-07-17|2018-05-06_2018-05-15|2018-07-05_2018-07-14|2018-10-03_2018-10-12|2019-01-11_2019-01-20|2019-02-10_2019-02-19|2019-06-10_2019-06-19|2019-08-09_2019-08-18|2019-09-08_2019-09-17|2019-12-07_2019-12-16|2020-01-06_2020-01-15|2020-04-05_2020-04-14|2023-05-10_2023-05-19|2023-08-08_2023-08-17|2024-12-10_2024-12-19
0.2,2,PPI m/m|CPI y/y,Bad|Neutral,6,3,3,50.0,50.0,1.0,2021-02-09_2021-02-18|2021-08-08_2021-08-17|2023-09-07_2023-09-16|2025-08-07_2025-08-16|2020-06-04_2020-06-13|2022-04-05_2022-04-14
0.2,2,PPI m/m|CPI y/y,Bad|Bad,3,3,0,100.0,0.0,inf,2021-06-09_2021-06-18|2021-07-09_2021-07-18|2023-02-09_2023-02-18
0.2,2,PPI m/m|CPI y/y,Neutral|Bad,2,2,0,100.0,0.0,inf,2021-11-06_2021-11-15|2022-05-05_2022-05-14
0.2,2,PPI m/m|CPI y/y,Good|Neutral,10,5,5,50.0,50.0,1.0,2022-08-03_2022-08-12|2023-01-10_2023-01-19|2023-04-10_2023-04-19|2023-11-06_2023-11-15|2025-04-09_2025-04-18|2025-05-09_2025-05-18|2025-09-06_2025-09-15|2019-10-08_2019-10-17|2020-05-05_2020-05-14|2023-03-11_2023-03-20
0.3,2,PPI m/m|CPI y/y,Neutral|Neutral,43,28,15,65.1,34.9,1.87,2020-09-02_2020-09-11|2020-10-12_2020-10-21|2020-11-11_2020-11-20|2021-01-10_2021-01-19|2021-09-07_2021-09-16|2021-10-07_2021-10-16|2021-11-06_2021-11-15|2022-01-05_2022-01-14|2022-03-06_2022-03-15|2022-05-05_2022-05-14|2022-10-12_2022-10-21|2023-02-09_2023-02-18|2023-06-09_2023-06-18|2023-07-09_2023-07-18|2023-09-07_2023-09-16|2023-10-07_2023-10-16|2023-12-06_2023-12-15|2024-01-05_2024-01-14|2024-04-04_2024-04-13|2024-05-14_2024-05-23|2024-07-03_2024-07-12|2024-08-12_2024-08-21|2024-09-11_2024-09-20|2024-11-10_2024-11-19|2025-01-09_2025-01-18|2025-02-08_2025-02-17|2025-06-08_2025-06-17|2025-07-08_2025-07-17|2018-05-06_2018-05-15|2018-07-05_2018-07-14|2018-10-03_2018-10-12|2019-01-11_2019-01-20|2019-02-10_2019-02-19|2019-06-10_2019-06-19|2019-08-09_2019-08-18|2019-09-08_2019-09-17|2019-12-07_2019-12-16|2020-01-06_2020-01-15|2020-04-05_2020-04-14|2022-04-05_2022-04-14|2023-05-10_2023-05-19|2023-08-08_2023-08-17|2024-12-10_2024-12-19
0.3,2,PPI m/m|CPI y/y,Bad|Neutral,5,4,1,80.0,20.0,4.0,2021-02-09_2021-02-18|2021-06-09_2021-06-18|2021-08-08_2021-08-17|2025-08-07_2025-08-16|2020-06-04_2020-06-13
0.3,2,PPI m/m|CPI y/y,Bad|Bad,1,1,0,100.0,0.0,inf,2021-07-09_2021-07-18
0.3,2,PPI m/m|CPI y/y,Good|Neutral,10,5,5,50.0,50.0,1.0,2022-08-03_2022-08-12|2023-01-10_2023-01-19|2023-04-10_2023-04-19|2023-11-06_2023-11-15|2025-04-09_2025-04-18|2025-05-09_2025-05-18|2025-09-06_2025-09-15|2019-10-08_2019-10-17|2020-05-05_2020-05-14|2023-03-11_2023-03-20
0.0,2,Core PPI m/m|FOMC,Neutral|Neutral,2,2,0,100.0,0.0,inf,2023-06-09_2023-06-18|2024-12-10_2024-12-19
0.0,2,Core PPI m/m|FOMC,Good|Neutral,1,1,0,100.0,0.0,inf,2023-12-06_2023-12-15
0.0,2,Core PPI m/m|FOMC,Bad|Good,1,1,0,100.0,0.0,inf,2024-09-11_2024-09-20
0.1,2,Core PPI m/m|FOMC,Neutral|Neutral,2,2,0,100.0,0.0,inf,2023-06-09_2023-06-18|2024-12-10_2024-12-19
0.1,2,Core PPI m/m|FOMC,Good|Neutral,1,1,0,100.0,0.0,inf,2023-12-06_2023-12-15
0.1,2,Core PPI m/m|FOMC,Neutral|Good,1,1,0,100.0,0.0,inf,2024-09-11_2024-09-20
0.2,2,Core PPI m/m|FOMC,Neutral|Neutral,3,3,0,100.0,0.0,inf,2023-06-09_2023-06-18|2023-12-06_2023-12-15|2024-12-10_2024-12-19
0.2,2,Core PPI m/m|FOMC,Neutral|Good,1,1,0,100.0,0.0,inf,2024-09-11_2024-09-20
0.3,2,Core PPI m/m|FOMC,Neutral|Neutral,4,4,0,100.0,0.0,inf,2023-06-09_2023-06-18|2023-12-06_2023-12-15|2024-09-11_2024-09-20|2024-12-10_2024-12-19
0.0,2,Core PPI m/m|CPI y/y,Bad|Bad,8,5,3,62.5,37.5,1.67,2020-09-02_2020-09-11|2021-06-09_2021-06-18|2021-07-09_2021-07-18|2021-08-08_2021-08-17|2023-02-09_2023-02-18|2023-10-07_2023-10-16|2019-02-10_2019-02-19|2022-04-05_2022-04-14
0.0,2,Core PPI m/m|CPI y/y,Bad|Neutral,6,4,2,66.7,33.3,2.0,2020-10-12_2020-10-21|2021-02-09_2021-02-18|2021-09-07_2021-09-16|2024-05-14_2024-05-23|2024-09-11_2024-09-20|2018-07-05_2018-07-14
0.0,2,Core PPI m/m|CPI y/y,Good|Good,11,6,5,54.5,45.5,1.2,2020-11-11_2020-11-20|2022-08-03_2022-08-12|2023-04-10_2023-04-19|2023-07-09_2023-07-18|2023-11-06_2023-11-15|2024-08-12_2024-08-21|2025-04-09_2025-04-18|2025-05-09_2025-05-18|2025-06-08_2025-06-17|2019-10-08_2019-10-17|2020-05-05_2020-05-14
0.0,2,Core PPI m/m|CPI y/y,Neutral|Neutral,6,5,1,83.3,16.7,5.0,2021-01-10_2021-01-19|2022-01-05_2022-01-14|2023-01-10_2023-01-19|2024-11-10_2024-11-19|2018-05-06_2018-05-15|2024-12-10_2024-12-19
0.0,2,Core PPI m/m|CPI y/y,Good|Bad,7,5,2,71.4,28.6,2.5,2021-10-07_2021-10-16|2021-11-06_2021-11-15|2022-05-05_2022-05-14|2024-01-05_2024-01-14|2025-07-08_2025-07-17|2019-08-09_2019-08-18|2019-12-07_2019-12-16
0.0,2,Core PPI m/m|CPI y/y,Good|Neutral,7,5,2,71.4,28.6,2.5,2022-03-06_2022-03-15|2023-12-06_2023-12-15|2025-01-09_2025-01-18|2025-09-06_2025-09-15|2019-01-11_2019-01-20|2020-01-06_2020-01-15|2023-03-11_2023-03-20
0.0,2,Core PPI m/m|CPI y/y,Neutral|Bad,4,3,1,75.0,25.0,3.0,2022-10-12_2022-10-21|2023-09-07_2023-09-16|2024-04-04_2024-04-13|2025-02-08_2025-02-17
0.0,2,Core PPI m/m|CPI y/y,Neutral|Good,5,3,2,60.0,40.0,1.5,2023-06-09_2023-06-18|2018-10-03_2018-10-12|2019-06-10_2019-06-19|2020-06-04_2020-06-13|2023-05-10_2023-05-19
0.0,2,Core PPI m/m|CPI y/y,Bad|Good,5,2,3,40.0,60.0,0.67,2024-07-03_2024-07-12|2025-08-07_2025-08-16|2019-09-08_2019-09-17|2020-04-05_2020-04-14|2023-08-08_2023-08-17
0.1,2,Core PPI m/m|CPI y/y,Bad|Bad,5,5,0,100.0,0.0,inf,2020-09-02_2020-09-11|2021-06-09_2021-06-18|2021-07-09_2021-07-18|2021-08-08_2021-08-17|2023-02-09_2023-02-18
0.1,2,Core PPI m/m|CPI y/y,Bad|Neutral,5,2,3,40.0,60.0,0.67,2020-10-12_2020-10-21|2021-02-09_2021-02-18|2024-05-14_2024-05-23|2025-08-07_2025-08-16|2022-04-05_2022-04-14
0.1,2,Core PPI m/m|CPI y/y,Neutral|Good,5,5,0,100.0,0.0,inf,2020-11-11_2020-11-20|2023-07-09_2023-07-18|2018-10-03_2018-10-12|2019-09-08_2019-09-17|2020-06-04_2020-06-13
0.1,2,Core PPI m/m|CPI y/y,Neutral|Neutral,15,10,5,66.7,33.3,2.0,2021-01-10_2021-01-19|2021-09-07_2021-09-16|2022-01-05_2022-01-14|2022-10-12_2022-10-21|2023-01-10_2023-01-19|2023-06-09_2023-06-18|2024-09-11_2024-09-20|2024-11-10_2024-11-19|2018-05-06_2018-05-15|2018-07-05_2018-07-14|2019-06-10_2019-06-19|2020-01-06_2020-01-15|2023-05-10_2023-05-19|2023-08-08_2023-08-17|2024-12-10_2024-12-19
0.1,2,Core PPI m/m|CPI y/y,Good|Bad,6,4,2,66.7,33.3,2.0,2021-10-07_2021-10-16|2022-05-05_2022-05-14|2024-01-05_2024-01-14|2025-07-08_2025-07-17|2019-08-09_2019-08-18|2019-12-07_2019-12-16
0.1,2,Core PPI m/m|CPI y/y,Neutral|Bad,6,3,3,50.0,50.0,1.0,2021-11-06_2021-11-15|2023-09-07_2023-09-16|2023-10-07_2023-10-16|2024-04-04_2024-04-13|2025-02-08_2025-02-17|2019-02-10_2019-02-19
0.1,2,Core PPI m/m|CPI y/y,Good|Neutral,8,7,1,87.5,12.5,7.0,2022-03-06_2022-03-15|2023-04-10_2023-04-19|2023-11-06_2023-11-15|2023-12-06_2023-12-15|2025-01-09_2025-01-18|2025-09-06_2025-09-15|2019-01-11_2019-01-20|2023-03-11_2023-03-20
0.1,2,Core PPI m/m|CPI y/y,Good|Good,7,2,5,28.6,71.4,0.4,2022-08-03_2022-08-12|2024-08-12_2024-08-21|2025-04-09_2025-04-18|2025-05-09_2025-05-18|2025-06-08_2025-06-17|2019-10-08_2019-10-17|2020-05-05_2020-05-14
0.1,2,Core PPI m/m|CPI y/y,Bad|Good,2,0,2,0.0,100.0,0.0,2024-07-03_2024-07-12|2020-04-05_2020-04-14
0.2,2,Core PPI m/m|CPI y/y,Neutral|Neutral,37,25,12,67.6,32.4,2.08,2020-09-02_2020-09-11|2020-10-12_2020-10-21|2020-11-11_2020-11-20|2021-01-10_2021-01-19|2021-09-07_2021-09-16|2022-01-05_2022-01-14|2022-08-03_2022-08-12|2022-10-12_2022-10-21|2023-01-10_2023-01-19|2023-06-09_2023-06-18|2023-07-09_2023-07-18|2023-09-07_2023-09-16|2023-10-07_2023-10-16|2023-12-06_2023-12-15|2024-01-05_2024-01-14|2024-04-04_2024-04-13|2024-07-03_2024-07-12|2024-08-12_2024-08-21|2024-09-11_2024-09-20|2024-11-10_2024-11-19|2025-01-09_2025-01-18|2025-02-08_2025-02-17|2025-06-08_2025-06-17|2025-07-08_2025-07-17|2018-05-06_2018-05-15|2018-07-05_2018-07-14|2018-10-03_2018-10-12|2019-02-10_2019-02-19|2019-06-10_2019-06-19|2019-09-08_2019-09-17|2020-01-06_2020-01-15|2020-04-05_2020-04-14|2020-05-05_2020-05-14|2020-06-04_2020-06-13|2023-05-10_2023-05-19|2023-08-08_2023-08-17|2024-12-10_2024-12-19
0.2,2,Core PPI m/m|CPI y/y,Bad|Neutral,5,2,3,40.0,60.0,0.67,2021-02-09_2021-02-18|2021-08-08_2021-08-17|2024-05-14_2024-05-23|2025-08-07_2025-08-16|2022-04-05_2022-04-14
0.2,2,Core PPI m/m|CPI y/y,Neutral|Bad,4,4,0,100.0,0.0,inf,2021-06-09_2021-06-18|2021-11-06_2021-11-15|2022-05-05_2022-05-14|2023-02-09_2023-02-18
0.2,2,Core PPI m/m|CPI y/y,Bad|Bad,1,1,0,100.0,0.0,inf,2021-07-09_2021-07-18
0.2,2,Core PPI m/m|CPI y/y,Good|Neutral,12,6,6,50.0,50.0,1.0,2021-10-07_2021-10-16|2022-03-06_2022-03-15|2023-04-10_2023-04-19|2023-11-06_2023-11-15|2025-04-09_2025-04-18|2025-05-09_2025-05-18|2025-09-06_2025-09-15|2019-01-11_2019-01-20|2019-08-09_2019-08-18|2019-10-08_2019-10-17|2019-12-07_2019-12-16|2023-03-11_2023-03-20
0.3,2,Core PPI m/m|CPI y/y,Neutral|Neutral,44,30,14,68.2,31.8,2.14,2020-09-02_2020-09-11|2020-10-12_2020-10-21|2020-11-11_2020-11-20|2021-01-10_2021-01-19|2021-06-09_2021-06-18|2021-09-07_2021-09-16|2021-10-07_2021-10-16|2021-11-06_2021-11-15|2022-01-05_2022-01-14|2022-05-05_2022-05-14|2022-08-03_2022-08-12|2022-10-12_2022-10-21|2023-01-10_2023-01-19|2023-02-09_2023-02-18|2023-06-09_2023-06-18|2023-07-09_2023-07-18|2023-09-07_2023-09-16|2023-10-07_2023-10-16|2023-11-06_2023-11-15|2023-12-06_2023-12-15|2024-01-05_2024-01-14|2024-04-04_2024-04-13|2024-05-14_2024-05-23|2024-07-03_2024-07-12|2024-08-12_2024-08-21|2024-09-11_2024-09-20|2024-11-10_2024-11-19|2025-01-09_2025-01-18|2025-02-08_2025-02-17|2025-06-08_2025-06-17|2025-07-08_2025-07-17|2018-05-06_2018-05-15|2018-07-05_2018-07-14|2018-10-03_2018-10-12|2019-02-10_2019-02-19|2019-06-10_2019-06-19|2019-09-08_2019-09-17|2020-01-06_2020-01-15|2020-04-05_2020-04-14|2020-05-05_2020-05-14|2020-06-04_2020-06-13|2023-05-10_2023-05-19|2023-08-08_2023-08-17|2024-12-10_2024-12-19
0.3,2,Core PPI m/m|CPI y/y,Bad|Neutral,4,2,2,50.0,50.0,1.0,2021-02-09_2021-02-18|2021-08-08_2021-08-17|2025-08-07_2025-08-16|2022-04-05_2022-04-14
0.3,2,Core PPI m/m|CPI y/y,Bad|Bad,1,1,0,100.0,0.0,inf,2021-07-09_2021-07-18
0.3,2,Core PPI m/m|CPI y/y,Good|Neutral,10,5,5,50.0,50.0,1.0,2022-03-06_2022-03-15|2023-04-10_2023-04-19|2025-04-09_2025-04-18|2025-05-09_2025-05-18|2025-09-06_2025-09-15|2019-01-11_2019-01-20|2019-08-09_2019-08-18|2019-10-08_2019-10-17|2019-12-07_2019-12-16|2023-03-11_2023-03-20
0.0,2,FOMC|CPI y/y,Neutral|Good,2,2,0,100.0,0.0,inf,2023-06-09_2023-06-18|2024-06-03_2024-06-12
0.0,2,FOMC|CPI y/y,Neutral|Neutral,2,2,0,100.0,0.0,inf,2023-12-06_2023-12-15|2024-12-10_2024-12-19
0.0,2,FOMC|CPI y/y,Good|Neutral,1,1,0,100.0,0.0,inf,2024-09-11_2024-09-20
0.1,2,FOMC|CPI y/y,Neutral|Neutral,3,3,0,100.0,0.0,inf,2023-06-09_2023-06-18|2023-12-06_2023-12-15|2024-12-10_2024-12-19
0.1,2,FOMC|CPI y/y,Neutral|Good,1,1,0,100.0,0.0,inf,2024-06-03_2024-06-12
0.1,2,FOMC|CPI y/y,Good|Neutral,1,1,0,100.0,0.0,inf,2024-09-11_2024-09-20
0.2,2,FOMC|CPI y/y,Neutral|Neutral,4,4,0,100.0,0.0,inf,2023-06-09_2023-06-18|2023-12-06_2023-12-15|2024-06-03_2024-06-12|2024-12-10_2024-12-19
0.2,2,FOMC|CPI y/y,Good|Neutral,1,1,0,100.0,0.0,inf,2024-09-11_2024-09-20
0.3,2,FOMC|CPI y/y,Neutral|Neutral,5,5,0,100.0,0.0,inf,2023-06-09_2023-06-18|2023-12-06_2023-12-15|2024-06-03_2024-06-12|2024-09-11_2024-09-20|2024-12-10_2024-12-19
