آستانه,تعداد_شاخص‌ها,لیست_شاخص‌ها,الگوی_وضعیت,تعداد_کل_وقوع,تعداد_ضررده,تعداد_سودده,درصد_ضررده,درصد_سودده,نسبت_شانس,دوره‌ها
0.0,1,CPI m/m,Good,12,7,5,58.3,41.7,1.4,2019-02-10_2019-02-19|2020-06-04_2020-06-13|2023-04-10_2023-04-19|2024-07-03_2024-07-12|2025-04-09_2025-04-18|2025-06-08_2025-06-17|2026-02-13_2026-02-22|2024-06-03_2024-06-12|2018-05-06_2018-05-15|2020-05-05_2020-05-14|2022-08-03_2022-08-12|2025-10-16_2025-10-25
0.0,1,CPI m/m,Neutral,11,7,4,63.6,36.4,1.75,2019-03-12_2019-03-21|2019-06-10_2019-06-19|2021-01-10_2021-01-19|2022-03-06_2022-03-15|2023-09-07_2023-09-16|2025-07-08_2025-07-17|2025-08-07_2025-08-16|2024-08-12_2024-08-21|2019-01-11_2019-01-20|2020-10-12_2020-10-21|2023-08-08_2023-08-17
0.0,1,CPI m/m,Bad,14,11,3,78.6,21.4,3.67,2020-07-14_2020-07-23|2020-09-02_2020-09-11|2021-04-10_2021-04-19|2021-07-09_2021-07-18|2021-11-06_2021-11-15|2022-01-05_2022-01-14|2024-01-05_2024-01-14|2022-02-04_2022-02-13|2022-06-04_2022-06-13|2023-10-07_2023-10-16|2019-07-10_2019-07-19|2020-08-03_2020-08-12|2020-12-01_2020-12-10|2022-07-04_2022-07-13
0.1,1,CPI m/m,Neutral,24,15,9,62.5,37.5,1.67,2019-02-10_2019-02-19|2019-03-12_2019-03-21|2019-06-10_2019-06-19|2020-06-04_2020-06-13|2020-07-14_2020-07-23|2021-01-10_2021-01-19|2021-04-10_2021-04-19|2022-01-05_2022-01-14|2022-03-06_2022-03-15|2023-04-10_2023-04-19|2023-09-07_2023-09-16|2024-01-05_2024-01-14|2025-06-08_2025-06-17|2025-07-08_2025-07-17|2025-08-07_2025-08-16|2026-02-13_2026-02-22|2024-06-03_2024-06-12|2024-08-12_2024-08-21|2018-05-06_2018-05-15|2019-01-11_2019-01-20|2019-07-10_2019-07-19|2020-10-12_2020-10-21|2020-12-01_2020-12-10|2023-08-08_2023-08-17
0.1,1,CPI m/m,Bad,8,6,2,75.0,25.0,3.0,2020-09-02_2020-09-11|2021-07-09_2021-07-18|2021-11-06_2021-11-15|2022-02-04_2022-02-13|2022-06-04_2022-06-13|2023-10-07_2023-10-16|2020-08-03_2020-08-12|2022-07-04_2022-07-13
0.1,1,CPI m/m,Good,5,4,1,80.0,20.0,4.0,2024-07-03_2024-07-12|2025-04-09_2025-04-18|2020-05-05_2020-05-14|2022-08-03_2022-08-12|2025-10-16_2025-10-25
0.2,1,CPI m/m,Neutral,33,21,12,63.6,36.4,1.75,2019-02-10_2019-02-19|2019-03-12_2019-03-21|2019-06-10_2019-06-19|2020-06-04_2020-06-13|2020-07-14_2020-07-23|2020-09-02_2020-09-11|2021-01-10_2021-01-19|2021-04-10_2021-04-19|2022-01-05_2022-01-14|2022-03-06_2022-03-15|2023-04-10_2023-04-19|2023-09-07_2023-09-16|2024-01-05_2024-01-14|2024-07-03_2024-07-12|2025-04-09_2025-04-18|2025-06-08_2025-06-17|2025-07-08_2025-07-17|2025-08-07_2025-08-16|2026-02-13_2026-02-22|2022-02-04_2022-02-13|2023-10-07_2023-10-16|2024-06-03_2024-06-12|2024-08-12_2024-08-21|2018-05-06_2018-05-15|2019-01-11_2019-01-20|2019-07-10_2019-07-19|2020-05-05_2020-05-14|2020-10-12_2020-10-21|2020-12-01_2020-12-10|2022-07-04_2022-07-13|2022-08-03_2022-08-12|2023-08-08_2023-08-17|2025-10-16_2025-10-25
0.2,1,CPI m/m,Bad,4,4,0,100.0,0.0,inf,2021-07-09_2021-07-18|2021-11-06_2021-11-15|2022-06-04_2022-06-13|2020-08-03_2020-08-12
0.3,1,CPI m/m,Neutral,34,22,12,64.7,35.3,1.83,2019-02-10_2019-02-19|2019-03-12_2019-03-21|2019-06-10_2019-06-19|2020-06-04_2020-06-13|2020-07-14_2020-07-23|2020-09-02_2020-09-11|2021-01-10_2021-01-19|2021-04-10_2021-04-19|2022-01-05_2022-01-14|2022-03-06_2022-03-15|2023-04-10_2023-04-19|2023-09-07_2023-09-16|2024-01-05_2024-01-14|2024-07-03_2024-07-12|2025-04-09_2025-04-18|2025-06-08_2025-06-17|2025-07-08_2025-07-17|2025-08-07_2025-08-16|2026-02-13_2026-02-22|2022-02-04_2022-02-13|2023-10-07_2023-10-16|2024-06-03_2024-06-12|2024-08-12_2024-08-21|2018-05-06_2018-05-15|2019-01-11_2019-01-20|2019-07-10_2019-07-19|2020-05-05_2020-05-14|2020-08-03_2020-08-12|2020-10-12_2020-10-21|2020-12-01_2020-12-10|2022-07-04_2022-07-13|2022-08-03_2022-08-12|2023-08-08_2023-08-17|2025-10-16_2025-10-25
0.3,1,CPI m/m,Bad,3,3,0,100.0,0.0,inf,2021-07-09_2021-07-18|2021-11-06_2021-11-15|2022-06-04_2022-06-13
0.0,1,Core CPI m/m,Neutral,12,9,3,75.0,25.0,3.0,2019-02-10_2019-02-19|2021-01-10_2021-01-19|2022-03-06_2022-03-15|2023-04-10_2023-04-19|2024-01-05_2024-01-14|2025-08-07_2025-08-16|2026-02-13_2026-02-22|2023-10-07_2023-10-16|2024-08-12_2024-08-21|2019-01-11_2019-01-20|2020-10-12_2020-10-21|2023-08-08_2023-08-17
0.0,1,Core CPI m/m,Good,12,7,5,58.3,41.7,1.4,2019-03-12_2019-03-21|2019-06-10_2019-06-19|2020-06-04_2020-06-13|2024-07-03_2024-07-12|2025-04-09_2025-04-18|2025-06-08_2025-06-17|2025-07-08_2025-07-17|2024-06-03_2024-06-12|2018-05-06_2018-05-15|2020-05-05_2020-05-14|2022-08-03_2022-08-12|2025-10-16_2025-10-25
0.0,1,Core CPI m/m,Bad,13,9,4,69.2,30.8,2.25,2020-07-14_2020-07-23|2020-09-02_2020-09-11|2021-04-10_2021-04-19|2021-07-09_2021-07-18|2021-11-06_2021-11-15|2022-01-05_2022-01-14|2023-09-07_2023-09-16|2022-02-04_2022-02-13|2022-06-04_2022-06-13|2019-07-10_2019-07-19|2020-08-03_2020-08-12|2020-12-01_2020-12-10|2022-07-04_2022-07-13
0.1,1,Core CPI m/m,Neutral,28,18,10,64.3,35.7,1.8,2019-02-10_2019-02-19|2019-03-12_2019-03-21|2019-06-10_2019-06-19|2020-06-04_2020-06-13|2020-07-14_2020-07-23|2021-01-10_2021-01-19|2021-04-10_2021-04-19|2022-01-05_2022-01-14|2022-03-06_2022-03-15|2023-04-10_2023-04-19|2023-09-07_2023-09-16|2024-01-05_2024-01-14|2024-07-03_2024-07-12|2025-07-08_2025-07-17|2025-08-07_2025-08-16|2026-02-13_2026-02-22|2022-02-04_2022-02-13|2022-06-04_2022-06-13|2023-10-07_2023-10-16|2024-06-03_2024-06-12|2024-08-12_2024-08-21|2018-05-06_2018-05-15|2019-01-11_2019-01-20|2019-07-10_2019-07-19|2020-10-12_2020-10-21|2020-12-01_2020-12-10|2023-08-08_2023-08-17|2025-10-16_2025-10-25
0.1,1,Core CPI m/m,Bad,5,4,1,80.0,20.0,4.0,2020-09-02_2020-09-11|2021-07-09_2021-07-18|2021-11-06_2021-11-15|2020-08-03_2020-08-12|2022-07-04_2022-07-13
0.1,1,Core CPI m/m,Good,4,3,1,75.0,25.0,3.0,2025-04-09_2025-04-18|2025-06-08_2025-06-17|2020-05-05_2020-05-14|2022-08-03_2022-08-12
0.2,1,Core CPI m/m,Neutral,35,23,12,65.7,34.3,1.92,2019-02-10_2019-02-19|2019-03-12_2019-03-21|2019-06-10_2019-06-19|2020-06-04_2020-06-13|2020-07-14_2020-07-23|2020-09-02_2020-09-11|2021-01-10_2021-01-19|2021-04-10_2021-04-19|2021-11-06_2021-11-15|2022-01-05_2022-01-14|2022-03-06_2022-03-15|2023-04-10_2023-04-19|2023-09-07_2023-09-16|2024-01-05_2024-01-14|2024-07-03_2024-07-12|2025-04-09_2025-04-18|2025-06-08_2025-06-17|2025-07-08_2025-07-17|2025-08-07_2025-08-16|2026-02-13_2026-02-22|2022-02-04_2022-02-13|2022-06-04_2022-06-13|2023-10-07_2023-10-16|2024-06-03_2024-06-12|2024-08-12_2024-08-21|2018-05-06_2018-05-15|2019-01-11_2019-01-20|2019-07-10_2019-07-19|2020-05-05_2020-05-14|2020-10-12_2020-10-21|2020-12-01_2020-12-10|2022-07-04_2022-07-13|2022-08-03_2022-08-12|2023-08-08_2023-08-17|2025-10-16_2025-10-25
0.2,1,Core CPI m/m,Bad,2,2,0,100.0,0.0,inf,2021-07-09_2021-07-18|2020-08-03_2020-08-12
0.3,1,Core CPI m/m,Neutral,35,23,12,65.7,34.3,1.92,2019-02-10_2019-02-19|2019-03-12_2019-03-21|2019-06-10_2019-06-19|2020-06-04_2020-06-13|2020-07-14_2020-07-23|2020-09-02_2020-09-11|2021-01-10_2021-01-19|2021-04-10_2021-04-19|2021-11-06_2021-11-15|2022-01-05_2022-01-14|2022-03-06_2022-03-15|2023-04-10_2023-04-19|2023-09-07_2023-09-16|2024-01-05_2024-01-14|2024-07-03_2024-07-12|2025-04-09_2025-04-18|2025-06-08_2025-06-17|2025-07-08_2025-07-17|2025-08-07_2025-08-16|2026-02-13_2026-02-22|2022-02-04_2022-02-13|2022-06-04_2022-06-13|2023-10-07_2023-10-16|2024-06-03_2024-06-12|2024-08-12_2024-08-21|2018-05-06_2018-05-15|2019-01-11_2019-01-20|2019-07-10_2019-07-19|2020-05-05_2020-05-14|2020-10-12_2020-10-21|2020-12-01_2020-12-10|2022-07-04_2022-07-13|2022-08-03_2022-08-12|2023-08-08_2023-08-17|2025-10-16_2025-10-25
0.3,1,Core CPI m/m,Bad,2,2,0,100.0,0.0,inf,2021-07-09_2021-07-18|2020-08-03_2020-08-12
0.0,1,PPI m/m,Bad,16,14,2,87.5,12.5,7.0,2018-11-02_2018-11-11|2020-02-15_2020-02-24|2020-06-04_2020-06-13|2020-09-02_2020-09-11|2021-03-11_2021-03-20|2021-07-09_2021-07-18|2022-07-14_2022-07-23|2022-12-01_2022-12-10|2023-09-07_2023-09-16|2024-07-03_2024-07-12|2025-08-07_2025-08-16|2023-10-07_2023-10-16|2026-01-24_2026-02-02|2020-08-03_2020-08-12|2020-10-12_2020-10-21|2023-08-08_2023-08-17
0.0,1,PPI m/m,Good,15,11,4,73.3,26.7,2.75,2019-02-10_2019-02-19|2019-03-12_2019-03-21|2021-01-10_2021-01-19|2022-01-05_2022-01-14|2022-03-06_2022-03-15|2023-04-10_2023-04-19|2024-01-05_2024-01-14|2025-04-09_2025-04-18|2025-06-08_2025-06-17|2025-07-08_2025-07-17|2024-08-12_2024-08-21|2018-05-06_2018-05-15|2019-01-11_2019-01-20|2020-05-05_2020-05-14|2022-08-03_2022-08-12
0.0,1,PPI m/m,Neutral,4,3,1,75.0,25.0,3.0,2019-06-10_2019-06-19|2020-12-11_2020-12-20|2021-11-06_2021-11-15|2019-07-10_2019-07-19
0.1,1,PPI m/m,Bad,11,10,1,90.9,9.1,10.0,2018-11-02_2018-11-11|2020-02-15_2020-02-24|2020-06-04_2020-06-13|2021-07-09_2021-07-18|2022-07-14_2022-07-23|2023-09-07_2023-09-16|2025-08-07_2025-08-16|2023-10-07_2023-10-16|2026-01-24_2026-02-02|2020-08-03_2020-08-12|2020-10-12_2020-10-21
0.1,1,PPI m/m,Good,10,8,2,80.0,20.0,4.0,2019-02-10_2019-02-19|2021-01-10_2021-01-19|2022-01-05_2022-01-14|2022-03-06_2022-03-15|2023-04-10_2023-04-19|2024-01-05_2024-01-14|2025-04-09_2025-04-18|2025-07-08_2025-07-17|2020-05-05_2020-05-14|2022-08-03_2022-08-12
0.1,1,PPI m/m,Neutral,14,10,4,71.4,28.6,2.5,2019-03-12_2019-03-21|2019-06-10_2019-06-19|2020-09-02_2020-09-11|2020-12-11_2020-12-20|2021-03-11_2021-03-20|2021-11-06_2021-11-15|2022-12-01_2022-12-10|2024-07-03_2024-07-12|2025-06-08_2025-06-17|2024-08-12_2024-08-21|2018-05-06_2018-05-15|2019-01-11_2019-01-20|2019-07-10_2019-07-19|2023-08-08_2023-08-17
0.2,1,PPI m/m,Bad,9,8,1,88.9,11.1,8.0,2018-11-02_2018-11-11|2020-02-15_2020-02-24|2020-06-04_2020-06-13|2021-07-09_2021-07-18|2022-07-14_2022-07-23|2023-09-07_2023-09-16|2025-08-07_2025-08-16|2026-01-24_2026-02-02|2020-08-03_2020-08-12
0.2,1,PPI m/m,Neutral,22,17,5,77.3,22.7,3.4,2019-02-10_2019-02-19|2019-03-12_2019-03-21|2019-06-10_2019-06-19|2020-09-02_2020-09-11|2020-12-11_2020-12-20|2021-01-10_2021-01-19|2021-03-11_2021-03-20|2021-11-06_2021-11-15|2022-01-05_2022-01-14|2022-03-06_2022-03-15|2022-12-01_2022-12-10|2024-01-05_2024-01-14|2024-07-03_2024-07-12|2025-06-08_2025-06-17|2025-07-08_2025-07-17|2023-10-07_2023-10-16|2024-08-12_2024-08-21|2018-05-06_2018-05-15|2019-01-11_2019-01-20|2019-07-10_2019-07-19|2020-10-12_2020-10-21|2023-08-08_2023-08-17
0.2,1,PPI m/m,Good,4,3,1,75.0,25.0,3.0,2023-04-10_2023-04-19|2025-04-09_2025-04-18|2020-05-05_2020-05-14|2022-08-03_2022-08-12
0.3,1,PPI m/m,Bad,6,6,0,100.0,0.0,inf,2018-11-02_2018-11-11|2020-02-15_2020-02-24|2020-06-04_2020-06-13|2021-07-09_2021-07-18|2022-07-14_2022-07-23|2025-08-07_2025-08-16
0.3,1,PPI m/m,Neutral,25,19,6,76.0,24.0,3.17,2019-02-10_2019-02-19|2019-03-12_2019-03-21|2019-06-10_2019-06-19|2020-09-02_2020-09-11|2020-12-11_2020-12-20|2021-01-10_2021-01-19|2021-03-11_2021-03-20|2021-11-06_2021-11-15|2022-01-05_2022-01-14|2022-03-06_2022-03-15|2022-12-01_2022-12-10|2023-09-07_2023-09-16|2024-01-05_2024-01-14|2024-07-03_2024-07-12|2025-06-08_2025-06-17|2025-07-08_2025-07-17|2023-10-07_2023-10-16|2024-08-12_2024-08-21|2026-01-24_2026-02-02|2018-05-06_2018-05-15|2019-01-11_2019-01-20|2019-07-10_2019-07-19|2020-08-03_2020-08-12|2020-10-12_2020-10-21|2023-08-08_2023-08-17
0.3,1,PPI m/m,Good,4,3,1,75.0,25.0,3.0,2023-04-10_2023-04-19|2025-04-09_2025-04-18|2020-05-05_2020-05-14|2022-08-03_2022-08-12
0.0,1,Core PPI m/m,Bad,14,13,1,92.9,7.1,13.0,2018-11-02_2018-11-11|2019-02-10_2019-02-19|2020-02-15_2020-02-24|2020-09-02_2020-09-11|2021-07-09_2021-07-18|2022-12-01_2022-12-10|2024-07-03_2024-07-12|2025-08-07_2025-08-16|2023-10-07_2023-10-16|2026-01-24_2026-02-02|2019-07-10_2019-07-19|2020-08-03_2020-08-12|2020-10-12_2020-10-21|2023-08-08_2023-08-17
0.0,1,Core PPI m/m,Good,14,10,4,71.4,28.6,2.5,2019-03-12_2019-03-21|2020-12-11_2020-12-20|2021-11-06_2021-11-15|2022-03-06_2022-03-15|2022-07-14_2022-07-23|2023-04-10_2023-04-19|2024-01-05_2024-01-14|2025-04-09_2025-04-18|2025-06-08_2025-06-17|2025-07-08_2025-07-17|2024-08-12_2024-08-21|2019-01-11_2019-01-20|2020-05-05_2020-05-14|2022-08-03_2022-08-12
0.0,1,Core PPI m/m,Neutral,7,5,2,71.4,28.6,2.5,2019-06-10_2019-06-19|2020-06-04_2020-06-13|2021-01-10_2021-01-19|2021-03-11_2021-03-20|2022-01-05_2022-01-14|2023-09-07_2023-09-16|2018-05-06_2018-05-15
0.1,1,Core PPI m/m,Bad,10,9,1,90.0,10.0,9.0,2018-11-02_2018-11-11|2020-02-15_2020-02-24|2020-09-02_2020-09-11|2021-07-09_2021-07-18|2022-12-01_2022-12-10|2024-07-03_2024-07-12|2025-08-07_2025-08-16|2026-01-24_2026-02-02|2020-08-03_2020-08-12|2020-10-12_2020-10-21
0.1,1,Core PPI m/m,Neutral,15,12,3,80.0,20.0,4.0,2019-02-10_2019-02-19|2019-03-12_2019-03-21|2019-06-10_2019-06-19|2020-06-04_2020-06-13|2020-12-11_2020-12-20|2021-01-10_2021-01-19|2021-03-11_2021-03-20|2021-11-06_2021-11-15|2022-01-05_2022-01-14|2022-07-14_2022-07-23|2023-09-07_2023-09-16|2023-10-07_2023-10-16|2018-05-06_2018-05-15|2019-07-10_2019-07-19|2023-08-08_2023-08-17
0.1,1,Core PPI m/m,Good,10,7,3,70.0,30.0,2.33,2022-03-06_2022-03-15|2023-04-10_2023-04-19|2024-01-05_2024-01-14|2025-04-09_2025-04-18|2025-06-08_2025-06-17|2025-07-08_2025-07-17|2024-08-12_2024-08-21|2019-01-11_2019-01-20|2020-05-05_2020-05-14|2022-08-03_2022-08-12
0.2,1,Core PPI m/m,Bad,6,6,0,100.0,0.0,inf,2018-11-02_2018-11-11|2020-02-15_2020-02-24|2021-07-09_2021-07-18|2025-08-07_2025-08-16|2026-01-24_2026-02-02|2020-08-03_2020-08-12
0.2,1,Core PPI m/m,Neutral,25,20,5,80.0,20.0,4.0,2019-02-10_2019-02-19|2019-03-12_2019-03-21|2019-06-10_2019-06-19|2020-06-04_2020-06-13|2020-09-02_2020-09-11|2020-12-11_2020-12-20|2021-01-10_2021-01-19|2021-03-11_2021-03-20|2021-11-06_2021-11-15|2022-01-05_2022-01-14|2022-07-14_2022-07-23|2022-12-01_2022-12-10|2023-09-07_2023-09-16|2024-01-05_2024-01-14|2024-07-03_2024-07-12|2025-06-08_2025-06-17|2025-07-08_2025-07-17|2023-10-07_2023-10-16|2024-08-12_2024-08-21|2018-05-06_2018-05-15|2019-07-10_2019-07-19|2020-05-05_2020-05-14|2020-10-12_2020-10-21|2022-08-03_2022-08-12|2023-08-08_2023-08-17
0.2,1,Core PPI m/m,Good,4,2,2,50.0,50.0,1.0,2022-03-06_2022-03-15|2023-04-10_2023-04-19|2025-04-09_2025-04-18|2019-01-11_2019-01-20
0.3,1,Core PPI m/m,Neutral,27,22,5,81.5,18.5,4.4,2018-11-02_2018-11-11|2019-02-10_2019-02-19|2019-03-12_2019-03-21|2019-06-10_2019-06-19|2020-02-15_2020-02-24|2020-06-04_2020-06-13|2020-09-02_2020-09-11|2020-12-11_2020-12-20|2021-01-10_2021-01-19|2021-03-11_2021-03-20|2021-11-06_2021-11-15|2022-01-05_2022-01-14|2022-07-14_2022-07-23|2022-12-01_2022-12-10|2023-09-07_2023-09-16|2024-01-05_2024-01-14|2024-07-03_2024-07-12|2025-06-08_2025-06-17|2025-07-08_2025-07-17|2023-10-07_2023-10-16|2024-08-12_2024-08-21|2018-05-06_2018-05-15|2019-07-10_2019-07-19|2020-05-05_2020-05-14|2020-10-12_2020-10-21|2022-08-03_2022-08-12|2023-08-08_2023-08-17
0.3,1,Core PPI m/m,Bad,4,4,0,100.0,0.0,inf,2021-07-09_2021-07-18|2025-08-07_2025-08-16|2026-01-24_2026-02-02|2020-08-03_2020-08-12
0.3,1,Core PPI m/m,Good,4,2,2,50.0,50.0,1.0,2022-03-06_2022-03-15|2023-04-10_2023-04-19|2025-04-09_2025-04-18|2019-01-11_2019-01-20
0.0,1,FOMC,Neutral,6,2,4,33.3,66.7,0.5,2023-03-21_2023-03-30|2023-04-30_2023-05-09|2023-07-19_2023-07-28|2024-07-23_2024-08-01|2024-10-31_2024-11-09|2024-06-03_2024-06-12
0.1,1,FOMC,Neutral,6,2,4,33.3,66.7,0.5,2023-03-21_2023-03-30|2023-04-30_2023-05-09|2023-07-19_2023-07-28|2024-07-23_2024-08-01|2024-10-31_2024-11-09|2024-06-03_2024-06-12
0.2,1,FOMC,Neutral,6,2,4,33.3,66.7,0.5,2023-03-21_2023-03-30|2023-04-30_2023-05-09|2023-07-19_2023-07-28|2024-07-23_2024-08-01|2024-10-31_2024-11-09|2024-06-03_2024-06-12
0.3,1,FOMC,Neutral,6,2,4,33.3,66.7,0.5,2023-03-21_2023-03-30|2023-04-30_2023-05-09|2023-07-19_2023-07-28|2024-07-23_2024-08-01|2024-10-31_2024-11-09|2024-06-03_2024-06-12
0.0,1,CPI y/y,Bad,13,9,4,69.2,30.8,2.25,2019-02-10_2019-02-19|2020-09-02_2020-09-11|2021-04-10_2021-04-19|2021-07-09_2021-07-18|2021-11-06_2021-11-15|2023-09-07_2023-09-16|2024-01-05_2024-01-14|2025-07-08_2025-07-17|2022-02-04_2022-02-13|2022-06-04_2022-06-13|2023-10-07_2023-10-16|2020-08-03_2020-08-12|2022-07-04_2022-07-13
0.0,1,CPI y/y,Good,16,9,7,56.2,43.8,1.29,2019-03-12_2019-03-21|2019-06-10_2019-06-19|2020-06-04_2020-06-13|2023-04-10_2023-04-19|2024-07-03_2024-07-12|2025-04-09_2025-04-18|2025-06-08_2025-06-17|2025-08-07_2025-08-16|2025-12-15_2025-12-24|2026-02-13_2026-02-22|2024-06-03_2024-06-12|2024-08-12_2024-08-21|2020-05-05_2020-05-14|2022-08-03_2022-08-12|2023-08-08_2023-08-17|2025-10-16_2025-10-25
0.0,1,CPI y/y,Neutral,9,8,1,88.9,11.1,8.0,2020-07-14_2020-07-23|2021-01-10_2021-01-19|2022-01-05_2022-01-14|2022-03-06_2022-03-15|2018-05-06_2018-05-15|2019-01-11_2019-01-20|2019-07-10_2019-07-19|2020-10-12_2020-10-21|2020-12-01_2020-12-10
0.1,1,CPI y/y,Bad,13,9,4,69.2,30.8,2.25,2019-02-10_2019-02-19|2020-09-02_2020-09-11|2021-04-10_2021-04-19|2021-07-09_2021-07-18|2021-11-06_2021-11-15|2023-09-07_2023-09-16|2024-01-05_2024-01-14|2025-07-08_2025-07-17|2022-02-04_2022-02-13|2022-06-04_2022-06-13|2023-10-07_2023-10-16|2020-08-03_2020-08-12|2022-07-04_2022-07-13
0.1,1,CPI y/y,Good,12,7,5,58.3,41.7,1.4,2019-03-12_2019-03-21|2020-06-04_2020-06-13|2024-07-03_2024-07-12|2025-04-09_2025-04-18|2025-06-08_2025-06-17|2025-12-15_2025-12-24|2026-02-13_2026-02-22|2024-06-03_2024-06-12|2024-08-12_2024-08-21|2020-05-05_2020-05-14|2022-08-03_2022-08-12|2025-10-16_2025-10-25
0.1,1,CPI y/y,Neutral,13,10,3,76.9,23.1,3.33,2019-06-10_2019-06-19|2020-07-14_2020-07-23|2021-01-10_2021-01-19|2022-01-05_2022-01-14|2022-03-06_2022-03-15|2023-04-10_2023-04-19|2025-08-07_2025-08-16|2018-05-06_2018-05-15|2019-01-11_2019-01-20|2019-07-10_2019-07-19|2020-10-12_2020-10-21|2020-12-01_2020-12-10|2023-08-08_2023-08-17
0.2,1,CPI y/y,Neutral,31,21,10,67.7,32.3,2.1,2019-02-10_2019-02-19|2019-03-12_2019-03-21|2019-06-10_2019-06-19|2020-06-04_2020-06-13|2020-07-14_2020-07-23|2020-09-02_2020-09-11|2021-01-10_2021-01-19|2021-04-10_2021-04-19|2022-01-05_2022-01-14|2022-03-06_2022-03-15|2023-04-10_2023-04-19|2023-09-07_2023-09-16|2024-01-05_2024-01-14|2024-07-03_2024-07-12|2025-04-09_2025-04-18|2025-06-08_2025-06-17|2025-07-08_2025-07-17|2025-08-07_2025-08-16|2026-02-13_2026-02-22|2023-10-07_2023-10-16|2024-06-03_2024-06-12|2024-08-12_2024-08-21|2018-05-06_2018-05-15|2019-01-11_2019-01-20|2019-07-10_2019-07-19|2020-05-05_2020-05-14|2020-10-12_2020-10-21|2020-12-01_2020-12-10|2022-08-03_2022-08-12|2023-08-08_2023-08-17|2025-10-16_2025-10-25
0.2,1,CPI y/y,Bad,6,4,2,66.7,33.3,2.0,2021-07-09_2021-07-18|2021-11-06_2021-11-15|2022-02-04_2022-02-13|2022-06-04_2022-06-13|2020-08-03_2020-08-12|2022-07-04_2022-07-13
0.2,1,CPI y/y,Good,1,1,0,100.0,0.0,inf,2025-12-15_2025-12-24
0.3,1,CPI y/y,Neutral,34,23,11,67.6,32.4,2.09,2019-02-10_2019-02-19|2019-03-12_2019-03-21|2019-06-10_2019-06-19|2020-06-04_2020-06-13|2020-07-14_2020-07-23|2020-09-02_2020-09-11|2021-01-10_2021-01-19|2021-04-10_2021-04-19|2021-11-06_2021-11-15|2022-01-05_2022-01-14|2022-03-06_2022-03-15|2023-04-10_2023-04-19|2023-09-07_2023-09-16|2024-01-05_2024-01-14|2024-07-03_2024-07-12|2025-04-09_2025-04-18|2025-06-08_2025-06-17|2025-07-08_2025-07-17|2025-08-07_2025-08-16|2026-02-13_2026-02-22|2022-02-04_2022-02-13|2022-06-04_2022-06-13|2023-10-07_2023-10-16|2024-06-03_2024-06-12|2024-08-12_2024-08-21|2018-05-06_2018-05-15|2019-01-11_2019-01-20|2019-07-10_2019-07-19|2020-05-05_2020-05-14|2020-10-12_2020-10-21|2020-12-01_2020-12-10|2022-08-03_2022-08-12|2023-08-08_2023-08-17|2025-10-16_2025-10-25
0.3,1,CPI y/y,Bad,3,2,1,66.7,33.3,2.0,2021-07-09_2021-07-18|2020-08-03_2020-08-12|2022-07-04_2022-07-13
0.3,1,CPI y/y,Good,1,1,0,100.0,0.0,inf,2025-12-15_2025-12-24
0.0,2,CPI m/m|Core CPI m/m,Good|Neutral,3,1,2,33.3,66.7,0.5,2019-02-10_2019-02-19|2023-04-10_2023-04-19|2026-02-13_2026-02-22
0.0,2,CPI m/m|Core CPI m/m,Neutral|Good,3,1,2,33.3,66.7,0.5,2019-03-12_2019-03-21|2019-06-10_2019-06-19|2025-07-08_2025-07-17
0.0,2,CPI m/m|Core CPI m/m,Good|Good,9,6,3,66.7,33.3,2.0,2020-06-04_2020-06-13|2024-07-03_2024-07-12|2025-04-09_2025-04-18|2025-06-08_2025-06-17|2024-06-03_2024-06-12|2018-05-06_2018-05-15|2020-05-05_2020-05-14|2022-08-03_2022-08-12|2025-10-16_2025-10-25
0.0,2,CPI m/m|Core CPI m/m,Bad|Bad,12,9,3,75.0,25.0,3.0,2020-07-14_2020-07-23|2020-09-02_2020-09-11|2021-04-10_2021-04-19|2021-07-09_2021-07-18|2021-11-06_2021-11-15|2022-01-05_2022-01-14|2022-02-04_2022-02-13|2022-06-04_2022-06-13|2019-07-10_2019-07-19|2020-08-03_2020-08-12|2020-12-01_2020-12-10|2022-07-04_2022-07-13
0.0,2,CPI m/m|Core CPI m/m,Neutral|Neutral,7,6,1,85.7,14.3,6.0,2021-01-10_2021-01-19|2022-03-06_2022-03-15|2025-08-07_2025-08-16|2024-08-12_2024-08-21|2019-01-11_2019-01-20|2020-10-12_2020-10-21|2023-08-08_2023-08-17
0.0,2,CPI m/m|Core CPI m/m,Neutral|Bad,1,0,1,0.0,100.0,0.0,2023-09-07_2023-09-16
0.0,2,CPI m/m|Core CPI m/m,Bad|Neutral,2,2,0,100.0,0.0,inf,2024-01-05_2024-01-14|2023-10-07_2023-10-16
0.1,2,CPI m/m|Core CPI m/m,Neutral|Neutral,23,15,8,65.2,34.8,1.88,2019-02-10_2019-02-19|2019-03-12_2019-03-21|2019-06-10_2019-06-19|2020-06-04_2020-06-13|2020-07-14_2020-07-23|2021-01-10_2021-01-19|2021-04-10_2021-04-19|2022-01-05_2022-01-14|2022-03-06_2022-03-15|2023-04-10_2023-04-19|2023-09-07_2023-09-16|2024-01-05_2024-01-14|2025-07-08_2025-07-17|2025-08-07_2025-08-16|2026-02-13_2026-02-22|2024-06-03_2024-06-12|2024-08-12_2024-08-21|2018-05-06_2018-05-15|2019-01-11_2019-01-20|2019-07-10_2019-07-19|2020-10-12_2020-10-21|2020-12-01_2020-12-10|2023-08-08_2023-08-17
0.1,2,CPI m/m|Core CPI m/m,Bad|Bad,5,4,1,80.0,20.0,4.0,2020-09-02_2020-09-11|2021-07-09_2021-07-18|2021-11-06_2021-11-15|2020-08-03_2020-08-12|2022-07-04_2022-07-13
0.1,2,CPI m/m|Core CPI m/m,Good|Neutral,2,1,1,50.0,50.0,1.0,2024-07-03_2024-07-12|2025-10-16_2025-10-25
0.1,2,CPI m/m|Core CPI m/m,Good|Good,3,3,0,100.0,0.0,inf,2025-04-09_2025-04-18|2020-05-05_2020-05-14|2022-08-03_2022-08-12
0.1,2,CPI m/m|Core CPI m/m,Neutral|Good,1,0,1,0.0,100.0,0.0,2025-06-08_2025-06-17
0.1,2,CPI m/m|Core CPI m/m,Bad|Neutral,3,2,1,66.7,33.3,2.0,2022-02-04_2022-02-13|2022-06-04_2022-06-13|2023-10-07_2023-10-16
0.2,2,CPI m/m|Core CPI m/m,Neutral|Neutral,33,21,12,63.6,36.4,1.75,2019-02-10_2019-02-19|2019-03-12_2019-03-21|2019-06-10_2019-06-19|2020-06-04_2020-06-13|2020-07-14_2020-07-23|2020-09-02_2020-09-11|2021-01-10_2021-01-19|2021-04-10_2021-04-19|2022-01-05_2022-01-14|2022-03-06_2022-03-15|2023-04-10_2023-04-19|2023-09-07_2023-09-16|2024-01-05_2024-01-14|2024-07-03_2024-07-12|2025-04-09_2025-04-18|2025-06-08_2025-06-17|2025-07-08_2025-07-17|2025-08-07_2025-08-16|2026-02-13_2026-02-22|2022-02-04_2022-02-13|2023-10-07_2023-10-16|2024-06-03_2024-06-12|2024-08-12_2024-08-21|2018-05-06_2018-05-15|2019-01-11_2019-01-20|2019-07-10_2019-07-19|2020-05-05_2020-05-14|2020-10-12_2020-10-21|2020-12-01_2020-12-10|2022-07-04_2022-07-13|2022-08-03_2022-08-12|2023-08-08_2023-08-17|2025-10-16_2025-10-25
0.2,2,CPI m/m|Core CPI m/m,Bad|Bad,2,2,0,100.0,0.0,inf,2021-07-09_2021-07-18|2020-08-03_2020-08-12
0.2,2,CPI m/m|Core CPI m/m,Bad|Neutral,2,2,0,100.0,0.0,inf,2021-11-06_2021-11-15|2022-06-04_2022-06-13
0.3,2,CPI m/m|Core CPI m/m,Neutral|Neutral,33,21,12,63.6,36.4,1.75,2019-02-10_2019-02-19|2019-03-12_2019-03-21|2019-06-10_2019-06-19|2020-06-04_2020-06-13|2020-07-14_2020-07-23|2020-09-02_2020-09-11|2021-01-10_2021-01-19|2021-04-10_2021-04-19|2022-01-05_2022-01-14|2022-03-06_2022-03-15|2023-04-10_2023-04-19|2023-09-07_2023-09-16|2024-01-05_2024-01-14|2024-07-03_2024-07-12|2025-04-09_2025-04-18|2025-06-08_2025-06-17|2025-07-08_2025-07-17|2025-08-07_2025-08-16|2026-02-13_2026-02-22|2022-02-04_2022-02-13|2023-10-07_2023-10-16|2024-06-03_2024-06-12|2024-08-12_2024-08-21|2018-05-06_2018-05-15|2019-01-11_2019-01-20|2019-07-10_2019-07-19|2020-05-05_2020-05-14|2020-10-12_2020-10-21|2020-12-01_2020-12-10|2022-07-04_2022-07-13|2022-08-03_2022-08-12|2023-08-08_2023-08-17|2025-10-16_2025-10-25
0.3,2,CPI m/m|Core CPI m/m,Bad|Bad,1,1,0,100.0,0.0,inf,2021-07-09_2021-07-18
0.3,2,CPI m/m|Core CPI m/m,Bad|Neutral,2,2,0,100.0,0.0,inf,2021-11-06_2021-11-15|2022-06-04_2022-06-13
0.3,2,CPI m/m|Core CPI m/m,Neutral|Bad,1,1,0,100.0,0.0,inf,2020-08-03_2020-08-12
0.0,2,CPI m/m|PPI m/m,Good|Good,7,5,2,71.4,28.6,2.5,2019-02-10_2019-02-19|2023-04-10_2023-04-19|2025-04-09_2025-04-18|2025-06-08_2025-06-17|2018-05-06_2018-05-15|2020-05-05_2020-05-14|2022-08-03_2022-08-12
0.0,2,CPI m/m|PPI m/m,Neutral|Good,6,4,2,66.7,33.3,2.0,2019-03-12_2019-03-21|2021-01-10_2021-01-19|2022-03-06_2022-03-15|2025-07-08_2025-07-17|2024-08-12_2024-08-21|2019-01-11_2019-01-20
0.0,2,CPI m/m|PPI m/m,Neutral|Neutral,1,0,1,0.0,100.0,0.0,2019-06-10_2019-06-19
0.0,2,CPI m/m|PPI m/m,Good|Bad,2,1,1,50.0,50.0,1.0,2020-06-04_2020-06-13|2024-07-03_2024-07-12
0.0,2,CPI m/m|PPI m/m,Bad|Bad,4,4,0,100.0,0.0,inf,2020-09-02_2020-09-11|2021-07-09_2021-07-18|2023-10-07_2023-10-16|2020-08-03_2020-08-12
0.0,2,CPI m/m|PPI m/m,Bad|Neutral,2,2,0,100.0,0.0,inf,2021-11-06_2021-11-15|2019-07-10_2019-07-19
0.0,2,CPI m/m|PPI m/m,Bad|Good,2,2,0,100.0,0.0,inf,2022-01-05_2022-01-14|2024-01-05_2024-01-14
0.0,2,CPI m/m|PPI m/m,Neutral|Bad,4,3,1,75.0,25.0,3.0,2023-09-07_2023-09-16|2025-08-07_2025-08-16|2020-10-12_2020-10-21|2023-08-08_2023-08-17
0.1,2,CPI m/m|PPI m/m,Neutral|Good,7,5,2,71.4,28.6,2.5,2019-02-10_2019-02-19|2021-01-10_2021-01-19|2022-01-05_2022-01-14|2022-03-06_2022-03-15|2023-04-10_2023-04-19|2024-01-05_2024-01-14|2025-07-08_2025-07-17
0.1,2,CPI m/m|PPI m/m,Neutral|Neutral,8,5,3,62.5,37.5,1.67,2019-03-12_2019-03-21|2019-06-10_2019-06-19|2025-06-08_2025-06-17|2024-08-12_2024-08-21|2018-05-06_2018-05-15|2019-01-11_2019-01-20|2019-07-10_2019-07-19|2023-08-08_2023-08-17
0.1,2,CPI m/m|PPI m/m,Neutral|Bad,4,3,1,75.0,25.0,3.0,2020-06-04_2020-06-13|2023-09-07_2023-09-16|2025-08-07_2025-08-16|2020-10-12_2020-10-21
0.1,2,CPI m/m|PPI m/m,Bad|Neutral,2,2,0,100.0,0.0,inf,2020-09-02_2020-09-11|2021-11-06_2021-11-15
0.1,2,CPI m/m|PPI m/m,Bad|Bad,3,3,0,100.0,0.0,inf,2021-07-09_2021-07-18|2023-10-07_2023-10-16|2020-08-03_2020-08-12
0.1,2,CPI m/m|PPI m/m,Good|Neutral,1,0,1,0.0,100.0,0.0,2024-07-03_2024-07-12
0.1,2,CPI m/m|PPI m/m,Good|Good,3,3,0,100.0,0.0,inf,2025-04-09_2025-04-18|2020-05-05_2020-05-14|2022-08-03_2022-08-12
0.2,2,CPI m/m|PPI m/m,Neutral|Neutral,18,13,5,72.2,27.8,2.6,2019-02-10_2019-02-19|2019-03-12_2019-03-21|2019-06-10_2019-06-19|2020-09-02_2020-09-11|2021-01-10_2021-01-19|2022-01-05_2022-01-14|2022-03-06_2022-03-15|2024-01-05_2024-01-14|2024-07-03_2024-07-12|2025-06-08_2025-06-17|2025-07-08_2025-07-17|2023-10-07_2023-10-16|2024-08-12_2024-08-21|2018-05-06_2018-05-15|2019-01-11_2019-01-20|2019-07-10_2019-07-19|2020-10-12_2020-10-21|2023-08-08_2023-08-17
0.2,2,CPI m/m|PPI m/m,Neutral|Bad,3,2,1,66.7,33.3,2.0,2020-06-04_2020-06-13|2023-09-07_2023-09-16|2025-08-07_2025-08-16
0.2,2,CPI m/m|PPI m/m,Bad|Bad,2,2,0,100.0,0.0,inf,2021-07-09_2021-07-18|2020-08-03_2020-08-12
0.2,2,CPI m/m|PPI m/m,Bad|Neutral,1,1,0,100.0,0.0,inf,2021-11-06_2021-11-15
0.2,2,CPI m/m|PPI m/m,Neutral|Good,4,3,1,75.0,25.0,3.0,2023-04-10_2023-04-19|2025-04-09_2025-04-18|2020-05-05_2020-05-14|2022-08-03_2022-08-12
0.3,2,CPI m/m|PPI m/m,Neutral|Neutral,20,14,6,70.0,30.0,2.33,2019-02-10_2019-02-19|2019-03-12_2019-03-21|2019-06-10_2019-06-19|2020-09-02_2020-09-11|2021-01-10_2021-01-19|2022-01-05_2022-01-14|2022-03-06_2022-03-15|2023-09-07_2023-09-16|2024-01-05_2024-01-14|2024-07-03_2024-07-12|2025-06-08_2025-06-17|2025-07-08_2025-07-17|2023-10-07_2023-10-16|2024-08-12_2024-08-21|2018-05-06_2018-05-15|2019-01-11_2019-01-20|2019-07-10_2019-07-19|2020-08-03_2020-08-12|2020-10-12_2020-10-21|2023-08-08_2023-08-17
0.3,2,CPI m/m|PPI m/m,Neutral|Bad,2,2,0,100.0,0.0,inf,2020-06-04_2020-06-13|2025-08-07_2025-08-16
0.3,2,CPI m/m|PPI m/m,Bad|Bad,1,1,0,100.0,0.0,inf,2021-07-09_2021-07-18
0.3,2,CPI m/m|PPI m/m,Bad|Neutral,1,1,0,100.0,0.0,inf,2021-11-06_2021-11-15
0.3,2,CPI m/m|PPI m/m,Neutral|Good,4,3,1,75.0,25.0,3.0,2023-04-10_2023-04-19|2025-04-09_2025-04-18|2020-05-05_2020-05-14|2022-08-03_2022-08-12
0.0,2,CPI m/m|Core PPI m/m,Good|Bad,2,1,1,50.0,50.0,1.0,2019-02-10_2019-02-19|2024-07-03_2024-07-12
0.0,2,CPI m/m|Core PPI m/m,Neutral|Good,5,3,2,60.0,40.0,1.5,2019-03-12_2019-03-21|2022-03-06_2022-03-15|2025-07-08_2025-07-17|2024-08-12_2024-08-21|2019-01-11_2019-01-20
0.0,2,CPI m/m|Core PPI m/m,Neutral|Neutral,3,1,2,33.3,66.7,0.5,2019-06-10_2019-06-19|2021-01-10_2021-01-19|2023-09-07_2023-09-16
0.0,2,CPI m/m|Core PPI m/m,Good|Neutral,2,2,0,100.0,0.0,inf,2020-06-04_2020-06-13|2018-05-06_2018-05-15
0.0,2,CPI m/m|Core PPI m/m,Bad|Bad,5,5,0,100.0,0.0,inf,2020-09-02_2020-09-11|2021-07-09_2021-07-18|2023-10-07_2023-10-16|2019-07-10_2019-07-19|2020-08-03_2020-08-12
0.0,2,CPI m/m|Core PPI m/m,Bad|Good,2,2,0,100.0,0.0,inf,2021-11-06_2021-11-15|2024-01-05_2024-01-14
0.0,2,CPI m/m|Core PPI m/m,Bad|Neutral,1,1,0,100.0,0.0,inf,2022-01-05_2022-01-14
0.0,2,CPI m/m|Core PPI m/m,Good|Good,5,3,2,60.0,40.0,1.5,2023-04-10_2023-04-19|2025-04-09_2025-04-18|2025-06-08_2025-06-17|2020-05-05_2020-05-14|2022-08-03_2022-08-12
0.0,2,CPI m/m|Core PPI m/m,Neutral|Bad,3,3,0,100.0,0.0,inf,2025-08-07_2025-08-16|2020-10-12_2020-10-21|2023-08-08_2023-08-17
0.1,2,CPI m/m|Core PPI m/m,Neutral|Neutral,10,7,3,70.0,30.0,2.33,2019-02-10_2019-02-19|2019-03-12_2019-03-21|2019-06-10_2019-06-19|2020-06-04_2020-06-13|2021-01-10_2021-01-19|2022-01-05_2022-01-14|2023-09-07_2023-09-16|2018-05-06_2018-05-15|2019-07-10_2019-07-19|2023-08-08_2023-08-17
0.1,2,CPI m/m|Core PPI m/m,Bad|Bad,3,3,0,100.0,0.0,inf,2020-09-02_2020-09-11|2021-07-09_2021-07-18|2020-08-03_2020-08-12
0.1,2,CPI m/m|Core PPI m/m,Bad|Neutral,2,2,0,100.0,0.0,inf,2021-11-06_2021-11-15|2023-10-07_2023-10-16
0.1,2,CPI m/m|Core PPI m/m,Neutral|Good,7,4,3,57.1,42.9,1.33,2022-03-06_2022-03-15|2023-04-10_2023-04-19|2024-01-05_2024-01-14|2025-06-08_2025-06-17|2025-07-08_2025-07-17|2024-08-12_2024-08-21|2019-01-11_2019-01-20
0.1,2,CPI m/m|Core PPI m/m,Good|Bad,1,0,1,0.0,100.0,0.0,2024-07-03_2024-07-12
0.1,2,CPI m/m|Core PPI m/m,Good|Good,3,3,0,100.0,0.0,inf,2025-04-09_2025-04-18|2020-05-05_2020-05-14|2022-08-03_2022-08-12
0.1,2,CPI m/m|Core PPI m/m,Neutral|Bad,2,2,0,100.0,0.0,inf,2025-08-07_2025-08-16|2020-10-12_2020-10-21
0.2,2,CPI m/m|Core PPI m/m,Neutral|Neutral,20,15,5,75.0,25.0,3.0,2019-02-10_2019-02-19|2019-03-12_2019-03-21|2019-06-10_2019-06-19|2020-06-04_2020-06-13|2020-09-02_2020-09-11|2021-01-10_2021-01-19|2022-01-05_2022-01-14|2023-09-07_2023-09-16|2024-01-05_2024-01-14|2024-07-03_2024-07-12|2025-06-08_2025-06-17|2025-07-08_2025-07-17|2023-10-07_2023-10-16|2024-08-12_2024-08-21|2018-05-06_2018-05-15|2019-07-10_2019-07-19|2020-05-05_2020-05-14|2020-10-12_2020-10-21|2022-08-03_2022-08-12|2023-08-08_2023-08-17
0.2,2,CPI m/m|Core PPI m/m,Bad|Bad,2,2,0,100.0,0.0,inf,2021-07-09_2021-07-18|2020-08-03_2020-08-12
0.2,2,CPI m/m|Core PPI m/m,Bad|Neutral,1,1,0,100.0,0.0,inf,2021-11-06_2021-11-15
0.2,2,CPI m/m|Core PPI m/m,Neutral|Good,4,2,2,50.0,50.0,1.0,2022-03-06_2022-03-15|2023-04-10_2023-04-19|2025-04-09_2025-04-18|2019-01-11_2019-01-20
0.2,2,CPI m/m|Core PPI m/m,Neutral|Bad,1,1,0,100.0,0.0,inf,2025-08-07_2025-08-16
0.3,2,CPI m/m|Core PPI m/m,Neutral|Neutral,20,15,5,75.0,25.0,3.0,2019-02-10_2019-02-19|2019-03-12_2019-03-21|2019-06-10_2019-06-19|2020-06-04_2020-06-13|2020-09-02_2020-09-11|2021-01-10_2021-01-19|2022-01-05_2022-01-14|2023-09-07_2023-09-16|2024-01-05_2024-01-14|2024-07-03_2024-07-12|2025-06-08_2025-06-17|2025-07-08_2025-07-17|2023-10-07_2023-10-16|2024-08-12_2024-08-21|2018-05-06_2018-05-15|2019-07-10_2019-07-19|2020-05-05_2020-05-14|2020-10-12_2020-10-21|2022-08-03_2022-08-12|2023-08-08_2023-08-17
0.3,2,CPI m/m|Core PPI m/m,Bad|Bad,1,1,0,100.0,0.0,inf,2021-07-09_2021-07-18
0.3,2,CPI m/m|Core PPI m/m,Bad|Neutral,1,1,0,100.0,0.0,inf,2021-11-06_2021-11-15
0.3,2,CPI m/m|Core PPI m/m,Neutral|Good,4,2,2,50.0,50.0,1.0,2022-03-06_2022-03-15|2023-04-10_2023-04-19|2025-04-09_2025-04-18|2019-01-11_2019-01-20
0.3,2,CPI m/m|Core PPI m/m,Neutral|Bad,2,2,0,100.0,0.0,inf,2025-08-07_2025-08-16|2020-08-03_2020-08-12
0.0,2,CPI m/m|FOMC,Good|Neutral,1,0,1,0.0,100.0,0.0,2024-06-03_2024-06-12
0.1,2,CPI m/m|FOMC,Neutral|Neutral,1,0,1,0.0,100.0,0.0,2024-06-03_2024-06-12
0.2,2,CPI m/m|FOMC,Neutral|Neutral,1,0,1,0.0,100.0,0.0,2024-06-03_2024-06-12
0.3,2,CPI m/m|FOMC,Neutral|Neutral,1,0,1,0.0,100.0,0.0,2024-06-03_2024-06-12
0.0,2,CPI m/m|CPI y/y,Good|Bad,1,1,0,100.0,0.0,inf,2019-02-10_2019-02-19
0.0,2,CPI m/m|CPI y/y,Neutral|Good,5,3,2,60.0,40.0,1.5,2019-03-12_2019-03-21|2019-06-10_2019-06-19|2025-08-07_2025-08-16|2024-08-12_2024-08-21|2023-08-08_2023-08-17
0.0,2,CPI m/m|CPI y/y,Good|Good,10,5,5,50.0,50.0,1.0,2020-06-04_2020-06-13|2023-04-10_2023-04-19|2024-07-03_2024-07-12|2025-04-09_2025-04-18|2025-06-08_2025-06-17|2026-02-13_2026-02-22|2024-06-03_2024-06-12|2020-05-05_2020-05-14|2022-08-03_2022-08-12|2025-10-16_2025-10-25
0.0,2,CPI m/m|CPI y/y,Bad|Neutral,4,4,0,100.0,0.0,inf,2020-07-14_2020-07-23|2022-01-05_2022-01-14|2019-07-10_2019-07-19|2020-12-01_2020-12-10
0.0,2,CPI m/m|CPI y/y,Bad|Bad,10,7,3,70.0,30.0,2.33,2020-09-02_2020-09-11|2021-04-10_2021-04-19|2021-07-09_2021-07-18|2021-11-06_2021-11-15|2024-01-05_2024-01-14|2022-02-04_2022-02-13|2022-06-04_2022-06-13|2023-10-07_2023-10-16|2020-08-03_2020-08-12|2022-07-04_2022-07-13
0.0,2,CPI m/m|CPI y/y,Neutral|Neutral,4,3,1,75.0,25.0,3.0,2021-01-10_2021-01-19|2022-03-06_2022-03-15|2019-01-11_2019-01-20|2020-10-12_2020-10-21
0.0,2,CPI m/m|CPI y/y,Neutral|Bad,2,1,1,50.0,50.0,1.0,2023-09-07_2023-09-16|2025-07-08_2025-07-17
0.0,2,CPI m/m|CPI y/y,Good|Neutral,1,1,0,100.0,0.0,inf,2018-05-06_2018-05-15
0.1,2,CPI m/m|CPI y/y,Neutral|Bad,5,3,2,60.0,40.0,1.5,2019-02-10_2019-02-19|2021-04-10_2021-04-19|2023-09-07_2023-09-16|2024-01-05_2024-01-14|2025-07-08_2025-07-17
0.1,2,CPI m/m|CPI y/y,Neutral|Good,6,2,4,33.3,66.7,0.5,2019-03-12_2019-03-21|2020-06-04_2020-06-13|2025-06-08_2025-06-17|2026-02-13_2026-02-22|2024-06-03_2024-06-12|2024-08-12_2024-08-21
0.1,2,CPI m/m|CPI y/y,Neutral|Neutral,13,10,3,76.9,23.1,3.33,2019-06-10_2019-06-19|2020-07-14_2020-07-23|2021-01-10_2021-01-19|2022-01-05_2022-01-14|2022-03-06_2022-03-15|2023-04-10_2023-04-19|2025-08-07_2025-08-16|2018-05-06_2018-05-15|2019-01-11_2019-01-20|2019-07-10_2019-07-19|2020-10-12_2020-10-21|2020-12-01_2020-12-10|2023-08-08_2023-08-17
0.1,2,CPI m/m|CPI y/y,Bad|Bad,8,6,2,75.0,25.0,3.0,2020-09-02_2020-09-11|2021-07-09_2021-07-18|2021-11-06_2021-11-15|2022-02-04_2022-02-13|2022-06-04_2022-06-13|2023-10-07_2023-10-16|2020-08-03_2020-08-12|2022-07-04_2022-07-13
0.1,2,CPI m/m|CPI y/y,Good|Good,5,4,1,80.0,20.0,4.0,2024-07-03_2024-07-12|2025-04-09_2025-04-18|2020-05-05_2020-05-14|2022-08-03_2022-08-12|2025-10-16_2025-10-25
0.2,2,CPI m/m|CPI y/y,Neutral|Neutral,31,21,10,67.7,32.3,2.1,2019-02-10_2019-02-19|2019-03-12_2019-03-21|2019-06-10_2019-06-19|2020-06-04_2020-06-13|2020-07-14_2020-07-23|2020-09-02_2020-09-11|2021-01-10_2021-01-19|2021-04-10_2021-04-19|2022-01-05_2022-01-14|2022-03-06_2022-03-15|2023-04-10_2023-04-19|2023-09-07_2023-09-16|2024-01-05_2024-01-14|2024-07-03_2024-07-12|2025-04-09_2025-04-18|2025-06-08_2025-06-17|2025-07-08_2025-07-17|2025-08-07_2025-08-16|2026-02-13_2026-02-22|2023-10-07_2023-10-16|2024-06-03_2024-06-12|2024-08-12_2024-08-21|2018-05-06_2018-05-15|2019-01-11_2019-01-20|2019-07-10_2019-07-19|2020-05-05_2020-05-14|2020-10-12_2020-10-21|2020-12-01_2020-12-10|2022-08-03_2022-08-12|2023-08-08_2023-08-17|2025-10-16_2025-10-25
0.2,2,CPI m/m|CPI y/y,Bad|Bad,4,4,0,100.0,0.0,inf,2021-07-09_2021-07-18|2021-11-06_2021-11-15|2022-06-04_2022-06-13|2020-08-03_2020-08-12
0.2,2,CPI m/m|CPI y/y,Neutral|Bad,2,0,2,0.0,100.0,0.0,2022-02-04_2022-02-13|2022-07-04_2022-07-13
0.3,2,CPI m/m|CPI y/y,Neutral|Neutral,32,21,11,65.6,34.4,1.91,2019-02-10_2019-02-19|2019-03-12_2019-03-21|2019-06-10_2019-06-19|2020-06-04_2020-06-13|2020-07-14_2020-07-23|2020-09-02_2020-09-11|2021-01-10_2021-01-19|2021-04-10_2021-04-19|2022-01-05_2022-01-14|2022-03-06_2022-03-15|2023-04-10_2023-04-19|2023-09-07_2023-09-16|2024-01-05_2024-01-14|2024-07-03_2024-07-12|2025-04-09_2025-04-18|2025-06-08_2025-06-17|2025-07-08_2025-07-17|2025-08-07_2025-08-16|2026-02-13_2026-02-22|2022-02-04_2022-02-13|2023-10-07_2023-10-16|2024-06-03_2024-06-12|2024-08-12_2024-08-21|2018-05-06_2018-05-15|2019-01-11_2019-01-20|2019-07-10_2019-07-19|2020-05-05_2020-05-14|2020-10-12_2020-10-21|2020-12-01_2020-12-10|2022-08-03_2022-08-12|2023-08-08_2023-08-17|2025-10-16_2025-10-25
0.3,2,CPI m/m|CPI y/y,Bad|Bad,1,1,0,100.0,0.0,inf,2021-07-09_2021-07-18
0.3,2,CPI m/m|CPI y/y,Bad|Neutral,2,2,0,100.0,0.0,inf,2021-11-06_2021-11-15|2022-06-04_2022-06-13
0.3,2,CPI m/m|CPI y/y,Neutral|Bad,2,1,1,50.0,50.0,1.0,2020-08-03_2020-08-12|2022-07-04_2022-07-13
0.0,2,Core CPI m/m|PPI m/m,Neutral|Good,7,5,2,71.4,28.6,2.5,2019-02-10_2019-02-19|2021-01-10_2021-01-19|2022-03-06_2022-03-15|2023-04-10_2023-04-19|2024-01-05_2024-01-14|2024-08-12_2024-08-21|2019-01-11_2019-01-20
0.0,2,Core CPI m/m|PPI m/m,Good|Good,7,5,2,71.4,28.6,2.5,2019-03-12_2019-03-21|2025-04-09_2025-04-18|2025-06-08_2025-06-17|2025-07-08_2025-07-17|2018-05-06_2018-05-15|2020-05-05_2020-05-14|2022-08-03_2022-08-12
0.0,2,Core CPI m/m|PPI m/m,Good|Neutral,1,0,1,0.0,100.0,0.0,2019-06-10_2019-06-19
0.0,2,Core CPI m/m|PPI m/m,Good|Bad,2,1,1,50.0,50.0,1.0,2020-06-04_2020-06-13|2024-07-03_2024-07-12
0.0,2,Core CPI m/m|PPI m/m,Bad|Bad,4,3,1,75.0,25.0,3.0,2020-09-02_2020-09-11|2021-07-09_2021-07-18|2023-09-07_2023-09-16|2020-08-03_2020-08-12
0.0,2,Core CPI m/m|PPI m/m,Bad|Neutral,2,2,0,100.0,0.0,inf,2021-11-06_2021-11-15|2019-07-10_2019-07-19
0.0,2,Core CPI m/m|PPI m/m,Bad|Good,1,1,0,100.0,0.0,inf,2022-01-05_2022-01-14
0.0,2,Core CPI m/m|PPI m/m,Neutral|Bad,4,4,0,100.0,0.0,inf,2025-08-07_2025-08-16|2023-10-07_2023-10-16|2020-10-12_2020-10-21|2023-08-08_2023-08-17
0.1,2,Core CPI m/m|PPI m/m,Neutral|Good,7,5,2,71.4,28.6,2.5,2019-02-10_2019-02-19|2021-01-10_2021-01-19|2022-01-05_2022-01-14|2022-03-06_2022-03-15|2023-04-10_2023-04-19|2024-01-05_2024-01-14|2025-07-08_2025-07-17
0.1,2,Core CPI m/m|PPI m/m,Neutral|Neutral,8,5,3,62.5,37.5,1.67,2019-03-12_2019-03-21|2019-06-10_2019-06-19|2024-07-03_2024-07-12|2024-08-12_2024-08-21|2018-05-06_2018-05-15|2019-01-11_2019-01-20|2019-07-10_2019-07-19|2023-08-08_2023-08-17
0.1,2,Core CPI m/m|PPI m/m,Neutral|Bad,5,4,1,80.0,20.0,4.0,2020-06-04_2020-06-13|2023-09-07_2023-09-16|2025-08-07_2025-08-16|2023-10-07_2023-10-16|2020-10-12_2020-10-21
0.1,2,Core CPI m/m|PPI m/m,Bad|Neutral,2,2,0,100.0,0.0,inf,2020-09-02_2020-09-11|2021-11-06_2021-11-15
0.1,2,Core CPI m/m|PPI m/m,Bad|Bad,2,2,0,100.0,0.0,inf,2021-07-09_2021-07-18|2020-08-03_2020-08-12
0.1,2,Core CPI m/m|PPI m/m,Good|Good,3,3,0,100.0,0.0,inf,2025-04-09_2025-04-18|2020-05-05_2020-05-14|2022-08-03_2022-08-12
0.1,2,Core CPI m/m|PPI m/m,Good|Neutral,1,0,1,0.0,100.0,0.0,2025-06-08_2025-06-17
0.2,2,Core CPI m/m|PPI m/m,Neutral|Neutral,19,14,5,73.7,26.3,2.8,2019-02-10_2019-02-19|2019-03-12_2019-03-21|2019-06-10_2019-06-19|2020-09-02_2020-09-11|2021-01-10_2021-01-19|2021-11-06_2021-11-15|2022-01-05_2022-01-14|2022-03-06_2022-03-15|2024-01-05_2024-01-14|2024-07-03_2024-07-12|2025-06-08_2025-06-17|2025-07-08_2025-07-17|2023-10-07_2023-10-16|2024-08-12_2024-08-21|2018-05-06_2018-05-15|2019-01-11_2019-01-20|2019-07-10_2019-07-19|2020-10-12_2020-10-21|2023-08-08_2023-08-17
0.2,2,Core CPI m/m|PPI m/m,Neutral|Bad,3,2,1,66.7,33.3,2.0,2020-06-04_2020-06-13|2023-09-07_2023-09-16|2025-08-07_2025-08-16
0.2,2,Core CPI m/m|PPI m/m,Bad|Bad,2,2,0,100.0,0.0,inf,2021-07-09_2021-07-18|2020-08-03_2020-08-12
0.2,2,Core CPI m/m|PPI m/m,Neutral|Good,4,3,1,75.0,25.0,3.0,2023-04-10_2023-04-19|2025-04-09_2025-04-18|2020-05-05_2020-05-14|2022-08-03_2022-08-12
0.3,2,Core CPI m/m|PPI m/m,Neutral|Neutral,20,14,6,70.0,30.0,2.33,2019-02-10_2019-02-19|2019-03-12_2019-03-21|2019-06-10_2019-06-19|2020-09-02_2020-09-11|2021-01-10_2021-01-19|2021-11-06_2021-11-15|2022-01-05_2022-01-14|2022-03-06_2022-03-15|2023-09-07_2023-09-16|2024-01-05_2024-01-14|2024-07-03_2024-07-12|2025-06-08_2025-06-17|2025-07-08_2025-07-17|2023-10-07_2023-10-16|2024-08-12_2024-08-21|2018-05-06_2018-05-15|2019-01-11_2019-01-20|2019-07-10_2019-07-19|2020-10-12_2020-10-21|2023-08-08_2023-08-17
0.3,2,Core CPI m/m|PPI m/m,Neutral|Bad,2,2,0,100.0,0.0,inf,2020-06-04_2020-06-13|2025-08-07_2025-08-16
0.3,2,Core CPI m/m|PPI m/m,Bad|Bad,1,1,0,100.0,0.0,inf,2021-07-09_2021-07-18
0.3,2,Core CPI m/m|PPI m/m,Neutral|Good,4,3,1,75.0,25.0,3.0,2023-04-10_2023-04-19|2025-04-09_2025-04-18|2020-05-05_2020-05-14|2022-08-03_2022-08-12
0.3,2,Core CPI m/m|PPI m/m,Bad|Neutral,1,1,0,100.0,0.0,inf,2020-08-03_2020-08-12
0.0,2,Core CPI m/m|Core PPI m/m,Neutral|Bad,5,5,0,100.0,0.0,inf,2019-02-10_2019-02-19|2025-08-07_2025-08-16|2023-10-07_2023-10-16|2020-10-12_2020-10-21|2023-08-08_2023-08-17
0.0,2,Core CPI m/m|Core PPI m/m,Good|Good,6,4,2,66.7,33.3,2.0,2019-03-12_2019-03-21|2025-04-09_2025-04-18|2025-06-08_2025-06-17|2025-07-08_2025-07-17|2020-05-05_2020-05-14|2022-08-03_2022-08-12
0.0,2,Core CPI m/m|Core PPI m/m,Good|Neutral,3,2,1,66.7,33.3,2.0,2019-06-10_2019-06-19|2020-06-04_2020-06-13|2018-05-06_2018-05-15
0.0,2,Core CPI m/m|Core PPI m/m,Bad|Bad,4,4,0,100.0,0.0,inf,2020-09-02_2020-09-11|2021-07-09_2021-07-18|2019-07-10_2019-07-19|2020-08-03_2020-08-12
0.0,2,Core CPI m/m|Core PPI m/m,Neutral|Neutral,1,1,0,100.0,0.0,inf,2021-01-10_2021-01-19
0.0,2,Core CPI m/m|Core PPI m/m,Bad|Good,1,1,0,100.0,0.0,inf,2021-11-06_2021-11-15
0.0,2,Core CPI m/m|Core PPI m/m,Bad|Neutral,2,1,1,50.0,50.0,1.0,2022-01-05_2022-01-14|2023-09-07_2023-09-16
0.0,2,Core CPI m/m|Core PPI m/m,Neutral|Good,5,3,2,60.0,40.0,1.5,2022-03-06_2022-03-15|2023-04-10_2023-04-19|2024-01-05_2024-01-14|2024-08-12_2024-08-21|2019-01-11_2019-01-20
0.0,2,Core CPI m/m|Core PPI m/m,Good|Bad,1,0,1,0.0,100.0,0.0,2024-07-03_2024-07-12
0.1,2,Core CPI m/m|Core PPI m/m,Neutral|Neutral,11,8,3,72.7,27.3,2.67,2019-02-10_2019-02-19|2019-03-12_2019-03-21|2019-06-10_2019-06-19|2020-06-04_2020-06-13|2021-01-10_2021-01-19|2022-01-05_2022-01-14|2023-09-07_2023-09-16|2023-10-07_2023-10-16|2018-05-06_2018-05-15|2019-07-10_2019-07-19|2023-08-08_2023-08-17
0.1,2,Core CPI m/m|Core PPI m/m,Bad|Bad,3,3,0,100.0,0.0,inf,2020-09-02_2020-09-11|2021-07-09_2021-07-18|2020-08-03_2020-08-12
0.1,2,Core CPI m/m|Core PPI m/m,Bad|Neutral,1,1,0,100.0,0.0,inf,2021-11-06_2021-11-15
0.1,2,Core CPI m/m|Core PPI m/m,Neutral|Good,6,4,2,66.7,33.3,2.0,2022-03-06_2022-03-15|2023-04-10_2023-04-19|2024-01-05_2024-01-14|2025-07-08_2025-07-17|2024-08-12_2024-08-21|2019-01-11_2019-01-20
0.1,2,Core CPI m/m|Core PPI m/m,Neutral|Bad,3,2,1,66.7,33.3,2.0,2024-07-03_2024-07-12|2025-08-07_2025-08-16|2020-10-12_2020-10-21
0.1,2,Core CPI m/m|Core PPI m/m,Good|Good,4,3,1,75.0,25.0,3.0,2025-04-09_2025-04-18|2025-06-08_2025-06-17|2020-05-05_2020-05-14|2022-08-03_2022-08-12
0.2,2,Core CPI m/m|Core PPI m/m,Neutral|Neutral,21,16,5,76.2,23.8,3.2,2019-02-10_2019-02-19|2019-03-12_2019-03-21|2019-06-10_2019-06-19|2020-06-04_2020-06-13|2020-09-02_2020-09-11|2021-01-10_2021-01-19|2021-11-06_2021-11-15|2022-01-05_2022-01-14|2023-09-07_2023-09-16|2024-01-05_2024-01-14|2024-07-03_2024-07-12|2025-06-08_2025-06-17|2025-07-08_2025-07-17|2023-10-07_2023-10-16|2024-08-12_2024-08-21|2018-05-06_2018-05-15|2019-07-10_2019-07-19|2020-05-05_2020-05-14|2020-10-12_2020-10-21|2022-08-03_2022-08-12|2023-08-08_2023-08-17
0.2,2,Core CPI m/m|Core PPI m/m,Bad|Bad,2,2,0,100.0,0.0,inf,2021-07-09_2021-07-18|2020-08-03_2020-08-12
0.2,2,Core CPI m/m|Core PPI m/m,Neutral|Good,4,2,2,50.0,50.0,1.0,2022-03-06_2022-03-15|2023-04-10_2023-04-19|2025-04-09_2025-04-18|2019-01-11_2019-01-20
0.2,2,Core CPI m/m|Core PPI m/m,Neutral|Bad,1,1,0,100.0,0.0,inf,2025-08-07_2025-08-16
0.3,2,Core CPI m/m|Core PPI m/m,Neutral|Neutral,21,16,5,76.2,23.8,3.2,2019-02-10_2019-02-19|2019-03-12_2019-03-21|2019-06-10_2019-06-19|2020-06-04_2020-06-13|2020-09-02_2020-09-11|2021-01-10_2021-01-19|2021-11-06_2021-11-15|2022-01-05_2022-01-14|2023-09-07_2023-09-16|2024-01-05_2024-01-14|2024-07-03_2024-07-12|2025-06-08_2025-06-17|2025-07-08_2025-07-17|2023-10-07_2023-10-16|2024-08-12_2024-08-21|2018-05-06_2018-05-15|2019-07-10_2019-07-19|2020-05-05_2020-05-14|2020-10-12_2020-10-21|2022-08-03_2022-08-12|2023-08-08_2023-08-17
0.3,2,Core CPI m/m|Core PPI m/m,Bad|Bad,2,2,0,100.0,0.0,inf,2021-07-09_2021-07-18|2020-08-03_2020-08-12
0.3,2,Core CPI m/m|Core PPI m/m,Neutral|Good,4,2,2,50.0,50.0,1.0,2022-03-06_2022-03-15|2023-04-10_2023-04-19|2025-04-09_2025-04-18|2019-01-11_2019-01-20
0.3,2,Core CPI m/m|Core PPI m/m,Neutral|Bad,1,1,0,100.0,0.0,inf,2025-08-07_2025-08-16
0.0,2,Core CPI m/m|FOMC,Good|Neutral,1,0,1,0.0,100.0,0.0,2024-06-03_2024-06-12
0.1,2,Core CPI m/m|FOMC,Neutral|Neutral,1,0,1,0.0,100.0,0.0,2024-06-03_2024-06-12
0.2,2,Core CPI m/m|FOMC,Neutral|Neutral,1,0,1,0.0,100.0,0.0,2024-06-03_2024-06-12
0.3,2,Core CPI m/m|FOMC,Neutral|Neutral,1,0,1,0.0,100.0,0.0,2024-06-03_2024-06-12
0.0,2,Core CPI m/m|CPI y/y,Neutral|Bad,3,3,0,100.0,0.0,inf,2019-02-10_2019-02-19|2024-01-05_2024-01-14|2023-10-07_2023-10-16
0.0,2,Core CPI m/m|CPI y/y,Good|Good,10,5,5,50.0,50.0,1.0,2019-03-12_2019-03-21|2019-06-10_2019-06-19|2020-06-04_2020-06-13|2024-07-03_2024-07-12|2025-04-09_2025-04-18|2025-06-08_2025-06-17|2024-06-03_2024-06-12|2020-05-05_2020-05-14|2022-08-03_2022-08-12|2025-10-16_2025-10-25
0.0,2,Core CPI m/m|CPI y/y,Bad|Neutral,4,4,0,100.0,0.0,inf,2020-07-14_2020-07-23|2022-01-05_2022-01-14|2019-07-10_2019-07-19|2020-12-01_2020-12-10
0.0,2,Core CPI m/m|CPI y/y,Bad|Bad,9,5,4,55.6,44.4,1.25,2020-09-02_2020-09-11|2021-04-10_2021-04-19|2021-07-09_2021-07-18|2021-11-06_2021-11-15|2023-09-07_2023-09-16|2022-02-04_2022-02-13|2022-06-04_2022-06-13|2020-08-03_2020-08-12|2022-07-04_2022-07-13
0.0,2,Core CPI m/m|CPI y/y,Neutral|Neutral,4,3,1,75.0,25.0,3.0,2021-01-10_2021-01-19|2022-03-06_2022-03-15|2019-01-11_2019-01-20|2020-10-12_2020-10-21
0.0,2,Core CPI m/m|CPI y/y,Neutral|Good,5,3,2,60.0,40.0,1.5,2023-04-10_2023-04-19|2025-08-07_2025-08-16|2026-02-13_2026-02-22|2024-08-12_2024-08-21|2023-08-08_2023-08-17
0.0,2,Core CPI m/m|CPI y/y,Good|Bad,1,1,0,100.0,0.0,inf,2025-07-08_2025-07-17
0.0,2,Core CPI m/m|CPI y/y,Good|Neutral,1,1,0,100.0,0.0,inf,2018-05-06_2018-05-15
0.1,2,Core CPI m/m|CPI y/y,Neutral|Bad,8,5,3,62.5,37.5,1.67,2019-02-10_2019-02-19|2021-04-10_2021-04-19|2023-09-07_2023-09-16|2024-01-05_2024-01-14|2025-07-08_2025-07-17|2022-02-04_2022-02-13|2022-06-04_2022-06-13|2023-10-07_2023-10-16
0.1,2,Core CPI m/m|CPI y/y,Neutral|Good,7,3,4,42.9,57.1,0.75,2019-03-12_2019-03-21|2020-06-04_2020-06-13|2024-07-03_2024-07-12|2026-02-13_2026-02-22|2024-06-03_2024-06-12|2024-08-12_2024-08-21|2025-10-16_2025-10-25
0.1,2,Core CPI m/m|CPI y/y,Neutral|Neutral,13,10,3,76.9,23.1,3.33,2019-06-10_2019-06-19|2020-07-14_2020-07-23|2021-01-10_2021-01-19|2022-01-05_2022-01-14|2022-03-06_2022-03-15|2023-04-10_2023-04-19|2025-08-07_2025-08-16|2018-05-06_2018-05-15|2019-01-11_2019-01-20|2019-07-10_2019-07-19|2020-10-12_2020-10-21|2020-12-01_2020-12-10|2023-08-08_2023-08-17
0.1,2,Core CPI m/m|CPI y/y,Bad|Bad,5,4,1,80.0,20.0,4.0,2020-09-02_2020-09-11|2021-07-09_2021-07-18|2021-11-06_2021-11-15|2020-08-03_2020-08-12|2022-07-04_2022-07-13
0.1,2,Core CPI m/m|CPI y/y,Good|Good,4,3,1,75.0,25.0,3.0,2025-04-09_2025-04-18|2025-06-08_2025-06-17|2020-05-05_2020-05-14|2022-08-03_2022-08-12
0.2,2,Core CPI m/m|CPI y/y,Neutral|Neutral,31,21,10,67.7,32.3,2.1,2019-02-10_2019-02-19|2019-03-12_2019-03-21|2019-06-10_2019-06-19|2020-06-04_2020-06-13|2020-07-14_2020-07-23|2020-09-02_2020-09-11|2021-01-10_2021-01-19|2021-04-10_2021-04-19|2022-01-05_2022-01-14|2022-03-06_2022-03-15|2023-04-10_2023-04-19|2023-09-07_2023-09-16|2024-01-05_2024-01-14|2024-07-03_2024-07-12|2025-04-09_2025-04-18|2025-06-08_2025-06-17|2025-07-08_2025-07-17|2025-08-07_2025-08-16|2026-02-13_2026-02-22|2023-10-07_2023-10-16|2024-06-03_2024-06-12|2024-08-12_2024-08-21|2018-05-06_2018-05-15|2019-01-11_2019-01-20|2019-07-10_2019-07-19|2020-05-05_2020-05-14|2020-10-12_2020-10-21|2020-12-01_2020-12-10|2022-08-03_2022-08-12|2023-08-08_2023-08-17|2025-10-16_2025-10-25
0.2,2,Core CPI m/m|CPI y/y,Bad|Bad,2,2,0,100.0,0.0,inf,2021-07-09_2021-07-18|2020-08-03_2020-08-12
0.2,2,Core CPI m/m|CPI y/y,Neutral|Bad,4,2,2,50.0,50.0,1.0,2021-11-06_2021-11-15|2022-02-04_2022-02-13|2022-06-04_2022-06-13|2022-07-04_2022-07-13
0.3,2,Core CPI m/m|CPI y/y,Neutral|Neutral,34,23,11,67.6,32.4,2.09,2019-02-10_2019-02-19|2019-03-12_2019-03-21|2019-06-10_2019-06-19|2020-06-04_2020-06-13|2020-07-14_2020-07-23|2020-09-02_2020-09-11|2021-01-10_2021-01-19|2021-04-10_2021-04-19|2021-11-06_2021-11-15|2022-01-05_2022-01-14|2022-03-06_2022-03-15|2023-04-10_2023-04-19|2023-09-07_2023-09-16|2024-01-05_2024-01-14|2024-07-03_2024-07-12|2025-04-09_2025-04-18|2025-06-08_2025-06-17|2025-07-08_2025-07-17|2025-08-07_2025-08-16|2026-02-13_2026-02-22|2022-02-04_2022-02-13|2022-06-04_2022-06-13|2023-10-07_2023-10-16|2024-06-03_2024-06-12|2024-08-12_2024-08-21|2018-05-06_2018-05-15|2019-01-11_2019-01-20|2019-07-10_2019-07-19|2020-05-05_2020-05-14|2020-10-12_2020-10-21|2020-12-01_2020-12-10|2022-08-03_2022-08-12|2023-08-08_2023-08-17|2025-10-16_2025-10-25
0.3,2,Core CPI m/m|CPI y/y,Bad|Bad,2,2,0,100.0,0.0,inf,2021-07-09_2021-07-18|2020-08-03_2020-08-12
0.3,2,Core CPI m/m|CPI y/y,Neutral|Bad,1,0,1,0.0,100.0,0.0,2022-07-04_2022-07-13
0.0,2,PPI m/m|Core PPI m/m,Bad|Bad,12,11,1,91.7,8.3,11.0,2018-11-02_2018-11-11|2020-02-15_2020-02-24|2020-09-02_2020-09-11|2021-07-09_2021-07-18|2022-12-01_2022-12-10|2024-07-03_2024-07-12|2025-08-07_2025-08-16|2023-10-07_2023-10-16|2026-01-24_2026-02-02|2020-08-03_2020-08-12|2020-10-12_2020-10-21|2023-08-08_2023-08-17
0.0,2,PPI m/m|Core PPI m/m,Good|Bad,1,1,0,100.0,0.0,inf,2019-02-10_2019-02-19
0.0,2,PPI m/m|Core PPI m/m,Good|Good,11,7,4,63.6,36.4,1.75,2019-03-12_2019-03-21|2022-03-06_2022-03-15|2023-04-10_2023-04-19|2024-01-05_2024-01-14|2025-04-09_2025-04-18|2025-06-08_2025-06-17|2025-07-08_2025-07-17|2024-08-12_2024-08-21|2019-01-11_2019-01-20|2020-05-05_2020-05-14|2022-08-03_2022-08-12
0.0,2,PPI m/m|Core PPI m/m,Neutral|Neutral,1,0,1,0.0,100.0,0.0,2019-06-10_2019-06-19
0.0,2,PPI m/m|Core PPI m/m,Bad|Neutral,3,2,1,66.7,33.3,2.0,2020-06-04_2020-06-13|2021-03-11_2021-03-20|2023-09-07_2023-09-16
0.0,2,PPI m/m|Core PPI m/m,Neutral|Good,2,2,0,100.0,0.0,inf,2020-12-11_2020-12-20|2021-11-06_2021-11-15
0.0,2,PPI m/m|Core PPI m/m,Good|Neutral,3,3,0,100.0,0.0,inf,2021-01-10_2021-01-19|2022-01-05_2022-01-14|2018-05-06_2018-05-15
0.0,2,PPI m/m|Core PPI m/m,Bad|Good,1,1,0,100.0,0.0,inf,2022-07-14_2022-07-23
0.0,2,PPI m/m|Core PPI m/m,Neutral|Bad,1,1,0,100.0,0.0,inf,2019-07-10_2019-07-19
0.1,2,PPI m/m|Core PPI m/m,Bad|Bad,7,7,0,100.0,0.0,inf,2018-11-02_2018-11-11|2020-02-15_2020-02-24|2021-07-09_2021-07-18|2025-08-07_2025-08-16|2026-01-24_2026-02-02|2020-08-03_2020-08-12|2020-10-12_2020-10-21
0.1,2,PPI m/m|Core PPI m/m,Good|Neutral,3,3,0,100.0,0.0,inf,2019-02-10_2019-02-19|2021-01-10_2021-01-19|2022-01-05_2022-01-14
0.1,2,PPI m/m|Core PPI m/m,Neutral|Neutral,8,6,2,75.0,25.0,3.0,2019-03-12_2019-03-21|2019-06-10_2019-06-19|2020-12-11_2020-12-20|2021-03-11_2021-03-20|2021-11-06_2021-11-15|2018-05-06_2018-05-15|2019-07-10_2019-07-19|2023-08-08_2023-08-17
0.1,2,PPI m/m|Core PPI m/m,Bad|Neutral,4,3,1,75.0,25.0,3.0,2020-06-04_2020-06-13|2022-07-14_2022-07-23|2023-09-07_2023-09-16|2023-10-07_2023-10-16
0.1,2,PPI m/m|Core PPI m/m,Neutral|Bad,3,2,1,66.7,33.3,2.0,2020-09-02_2020-09-11|2022-12-01_2022-12-10|2024-07-03_2024-07-12
0.1,2,PPI m/m|Core PPI m/m,Good|Good,7,5,2,71.4,28.6,2.5,2022-03-06_2022-03-15|2023-04-10_2023-04-19|2024-01-05_2024-01-14|2025-04-09_2025-04-18|2025-07-08_2025-07-17|2020-05-05_2020-05-14|2022-08-03_2022-08-12
0.1,2,PPI m/m|Core PPI m/m,Neutral|Good,3,2,1,66.7,33.3,2.0,2025-06-08_2025-06-17|2024-08-12_2024-08-21|2019-01-11_2019-01-20
0.2,2,PPI m/m|Core PPI m/m,Bad|Bad,6,6,0,100.0,0.0,inf,2018-11-02_2018-11-11|2020-02-15_2020-02-24|2021-07-09_2021-07-18|2025-08-07_2025-08-16|2026-01-24_2026-02-02|2020-08-03_2020-08-12
0.2,2,PPI m/m|Core PPI m/m,Neutral|Neutral,20,16,4,80.0,20.0,4.0,2019-02-10_2019-02-19|2019-03-12_2019-03-21|2019-06-10_2019-06-19|2020-09-02_2020-09-11|2020-12-11_2020-12-20|2021-01-10_2021-01-19|2021-03-11_2021-03-20|2021-11-06_2021-11-15|2022-01-05_2022-01-14|2022-12-01_2022-12-10|2024-01-05_2024-01-14|2024-07-03_2024-07-12|2025-06-08_2025-06-17|2025-07-08_2025-07-17|2023-10-07_2023-10-16|2024-08-12_2024-08-21|2018-05-06_2018-05-15|2019-07-10_2019-07-19|2020-10-12_2020-10-21|2023-08-08_2023-08-17
0.2,2,PPI m/m|Core PPI m/m,Bad|Neutral,3,2,1,66.7,33.3,2.0,2020-06-04_2020-06-13|2022-07-14_2022-07-23|2023-09-07_2023-09-16
0.2,2,PPI m/m|Core PPI m/m,Neutral|Good,2,1,1,50.0,50.0,1.0,2022-03-06_2022-03-15|2019-01-11_2019-01-20
0.2,2,PPI m/m|Core PPI m/m,Good|Good,2,1,1,50.0,50.0,1.0,2023-04-10_2023-04-19|2025-04-09_2025-04-18
0.2,2,PPI m/m|Core PPI m/m,Good|Neutral,2,2,0,100.0,0.0,inf,2020-05-05_2020-05-14|2022-08-03_2022-08-12
0.3,2,PPI m/m|Core PPI m/m,Bad|Neutral,4,4,0,100.0,0.0,inf,2018-11-02_2018-11-11|2020-02-15_2020-02-24|2020-06-04_2020-06-13|2022-07-14_2022-07-23
0.3,2,PPI m/m|Core PPI m/m,Neutral|Neutral,21,16,5,76.2,23.8,3.2,2019-02-10_2019-02-19|2019-03-12_2019-03-21|2019-06-10_2019-06-19|2020-09-02_2020-09-11|2020-12-11_2020-12-20|2021-01-10_2021-01-19|2021-03-11_2021-03-20|2021-11-06_2021-11-15|2022-01-05_2022-01-14|2022-12-01_2022-12-10|2023-09-07_2023-09-16|2024-01-05_2024-01-14|2024-07-03_2024-07-12|2025-06-08_2025-06-17|2025-07-08_2025-07-17|2023-10-07_2023-10-16|2024-08-12_2024-08-21|2018-05-06_2018-05-15|2019-07-10_2019-07-19|2020-10-12_2020-10-21|2023-08-08_2023-08-17
0.3,2,PPI m/m|Core PPI m/m,Bad|Bad,2,2,0,100.0,0.0,inf,2021-07-09_2021-07-18|2025-08-07_2025-08-16
0.3,2,PPI m/m|Core PPI m/m,Neutral|Good,2,1,1,50.0,50.0,1.0,2022-03-06_2022-03-15|2019-01-11_2019-01-20
0.3,2,PPI m/m|Core PPI m/m,Good|Good,2,1,1,50.0,50.0,1.0,2023-04-10_2023-04-19|2025-04-09_2025-04-18
0.3,2,PPI m/m|Core PPI m/m,Neutral|Bad,2,2,0,100.0,0.0,inf,2026-01-24_2026-02-02|2020-08-03_2020-08-12
0.3,2,PPI m/m|Core PPI m/m,Good|Neutral,2,2,0,100.0,0.0,inf,2020-05-05_2020-05-14|2022-08-03_2022-08-12
0.0,2,PPI m/m|CPI y/y,Good|Bad,3,3,0,100.0,0.0,inf,2019-02-10_2019-02-19|2024-01-05_2024-01-14|2025-07-08_2025-07-17
0.0,2,PPI m/m|CPI y/y,Good|Good,7,4,3,57.1,42.9,1.33,2019-03-12_2019-03-21|2023-04-10_2023-04-19|2025-04-09_2025-04-18|2025-06-08_2025-06-17|2024-08-12_2024-08-21|2020-05-05_2020-05-14|2022-08-03_2022-08-12
0.0,2,PPI m/m|CPI y/y,Neutral|Good,1,0,1,0.0,100.0,0.0,2019-06-10_2019-06-19
0.0,2,PPI m/m|CPI y/y,Bad|Good,4,3,1,75.0,25.0,3.0,2020-06-04_2020-06-13|2024-07-03_2024-07-12|2025-08-07_2025-08-16|2023-08-08_2023-08-17
0.0,2,PPI m/m|CPI y/y,Bad|Bad,5,4,1,80.0,20.0,4.0,2020-09-02_2020-09-11|2021-07-09_2021-07-18|2023-09-07_2023-09-16|2023-10-07_2023-10-16|2020-08-03_2020-08-12
0.0,2,PPI m/m|CPI y/y,Good|Neutral,5,4,1,80.0,20.0,4.0,2021-01-10_2021-01-19|2022-01-05_2022-01-14|2022-03-06_2022-03-15|2018-05-06_2018-05-15|2019-01-11_2019-01-20
0.0,2,PPI m/m|CPI y/y,Neutral|Bad,1,1,0,100.0,0.0,inf,2021-11-06_2021-11-15
0.0,2,PPI m/m|CPI y/y,Neutral|Neutral,1,1,0,100.0,0.0,inf,2019-07-10_2019-07-19
0.0,2,PPI m/m|CPI y/y,Bad|Neutral,1,1,0,100.0,0.0,inf,2020-10-12_2020-10-21
0.1,2,PPI m/m|CPI y/y,Good|Bad,3,3,0,100.0,0.0,inf,2019-02-10_2019-02-19|2024-01-05_2024-01-14|2025-07-08_2025-07-17
0.1,2,PPI m/m|CPI y/y,Neutral|Good,4,1,3,25.0,75.0,0.33,2019-03-12_2019-03-21|2024-07-03_2024-07-12|2025-06-08_2025-06-17|2024-08-12_2024-08-21
0.1,2,PPI m/m|CPI y/y,Neutral|Neutral,5,4,1,80.0,20.0,4.0,2019-06-10_2019-06-19|2018-05-06_2018-05-15|2019-01-11_2019-01-20|2019-07-10_2019-07-19|2023-08-08_2023-08-17
0.1,2,PPI m/m|CPI y/y,Bad|Good,1,1,0,100.0,0.0,inf,2020-06-04_2020-06-13
0.1,2,PPI m/m|CPI y/y,Neutral|Bad,2,2,0,100.0,0.0,inf,2020-09-02_2020-09-11|2021-11-06_2021-11-15
0.1,2,PPI m/m|CPI y/y,Good|Neutral,4,2,2,50.0,50.0,1.0,2021-01-10_2021-01-19|2022-01-05_2022-01-14|2022-03-06_2022-03-15|2023-04-10_2023-04-19
0.1,2,PPI m/m|CPI y/y,Bad|Bad,4,3,1,75.0,25.0,3.0,2021-07-09_2021-07-18|2023-09-07_2023-09-16|2023-10-07_2023-10-16|2020-08-03_2020-08-12
0.1,2,PPI m/m|CPI y/y,Good|Good,3,3,0,100.0,0.0,inf,2025-04-09_2025-04-18|2020-05-05_2020-05-14|2022-08-03_2022-08-12
0.1,2,PPI m/m|CPI y/y,Bad|Neutral,2,2,0,100.0,0.0,inf,2025-08-07_2025-08-16|2020-10-12_2020-10-21
0.2,2,PPI m/m|CPI y/y,Neutral|Neutral,18,13,5,72.2,27.8,2.6,2019-02-10_2019-02-19|2019-03-12_2019-03-21|2019-06-10_2019-06-19|2020-09-02_2020-09-11|2021-01-10_2021-01-19|2022-01-05_2022-01-14|2022-03-06_2022-03-15|2024-01-05_2024-01-14|2024-07-03_2024-07-12|2025-06-08_2025-06-17|2025-07-08_2025-07-17|2023-10-07_2023-10-16|2024-08-12_2024-08-21|2018-05-06_2018-05-15|2019-01-11_2019-01-20|2019-07-10_2019-07-19|2020-10-12_2020-10-21|2023-08-08_2023-08-17
0.2,2,PPI m/m|CPI y/y,Bad|Neutral,3,2,1,66.7,33.3,2.0,2020-06-04_2020-06-13|2023-09-07_2023-09-16|2025-08-07_2025-08-16
0.2,2,PPI m/m|CPI y/y,Bad|Bad,2,2,0,100.0,0.0,inf,2021-07-09_2021-07-18|2020-08-03_2020-08-12
0.2,2,PPI m/m|CPI y/y,Neutral|Bad,1,1,0,100.0,0.0,inf,2021-11-06_2021-11-15
0.2,2,PPI m/m|CPI y/y,Good|Neutral,4,3,1,75.0,25.0,3.0,2023-04-10_2023-04-19|2025-04-09_2025-04-18|2020-05-05_2020-05-14|2022-08-03_2022-08-12
0.3,2,PPI m/m|CPI y/y,Neutral|Neutral,20,14,6,70.0,30.0,2.33,2019-02-10_2019-02-19|2019-03-12_2019-03-21|2019-06-10_2019-06-19|2020-09-02_2020-09-11|2021-01-10_2021-01-19|2021-11-06_2021-11-15|2022-01-05_2022-01-14|2022-03-06_2022-03-15|2023-09-07_2023-09-16|2024-01-05_2024-01-14|2024-07-03_2024-07-12|2025-06-08_2025-06-17|2025-07-08_2025-07-17|2023-10-07_2023-10-16|2024-08-12_2024-08-21|2018-05-06_2018-05-15|2019-01-11_2019-01-20|2019-07-10_2019-07-19|2020-10-12_2020-10-21|2023-08-08_2023-08-17
0.3,2,PPI m/m|CPI y/y,Bad|Neutral,2,2,0,100.0,0.0,inf,2020-06-04_2020-06-13|2025-08-07_2025-08-16
0.3,2,PPI m/m|CPI y/y,Bad|Bad,1,1,0,100.0,0.0,inf,2021-07-09_2021-07-18
0.3,2,PPI m/m|CPI y/y,Good|Neutral,4,3,1,75.0,25.0,3.0,2023-04-10_2023-04-19|2025-04-09_2025-04-18|2020-05-05_2020-05-14|2022-08-03_2022-08-12
0.3,2,PPI m/m|CPI y/y,Neutral|Bad,1,1,0,100.0,0.0,inf,2020-08-03_2020-08-12
0.0,2,Core PPI m/m|CPI y/y,Bad|Bad,5,5,0,100.0,0.0,inf,2019-02-10_2019-02-19|2020-09-02_2020-09-11|2021-07-09_2021-07-18|2023-10-07_2023-10-16|2020-08-03_2020-08-12
0.0,2,Core PPI m/m|CPI y/y,Good|Good,7,4,3,57.1,42.9,1.33,2019-03-12_2019-03-21|2023-04-10_2023-04-19|2025-04-09_2025-04-18|2025-06-08_2025-06-17|2024-08-12_2024-08-21|2020-05-05_2020-05-14|2022-08-03_2022-08-12
0.0,2,Core PPI m/m|CPI y/y,Neutral|Good,2,1,1,50.0,50.0,1.0,2019-06-10_2019-06-19|2020-06-04_2020-06-13
0.0,2,Core PPI m/m|CPI y/y,Neutral|Neutral,3,3,0,100.0,0.0,inf,2021-01-10_2021-01-19|2022-01-05_2022-01-14|2018-05-06_2018-05-15
0.0,2,Core PPI m/m|CPI y/y,Good|Bad,3,3,0,100.0,0.0,inf,2021-11-06_2021-11-15|2024-01-05_2024-01-14|2025-07-08_2025-07-17
0.0,2,Core PPI m/m|CPI y/y,Good|Neutral,2,1,1,50.0,50.0,1.0,2022-03-06_2022-03-15|2019-01-11_2019-01-20
0.0,2,Core PPI m/m|CPI y/y,Neutral|Bad,1,0,1,0.0,100.0,0.0,2023-09-07_2023-09-16
0.0,2,Core PPI m/m|CPI y/y,Bad|Good,3,2,1,66.7,33.3,2.0,2024-07-03_2024-07-12|2025-08-07_2025-08-16|2023-08-08_2023-08-17
0.0,2,Core PPI m/m|CPI y/y,Bad|Neutral,2,2,0,100.0,0.0,inf,2019-07-10_2019-07-19|2020-10-12_2020-10-21
0.1,2,Core PPI m/m|CPI y/y,Neutral|Bad,4,3,1,75.0,25.0,3.0,2019-02-10_2019-02-19|2021-11-06_2021-11-15|2023-09-07_2023-09-16|2023-10-07_2023-10-16
0.1,2,Core PPI m/m|CPI y/y,Neutral|Good,2,1,1,50.0,50.0,1.0,2019-03-12_2019-03-21|2020-06-04_2020-06-13
0.1,2,Core PPI m/m|CPI y/y,Neutral|Neutral,6,5,1,83.3,16.7,5.0,2019-06-10_2019-06-19|2021-01-10_2021-01-19|2022-01-05_2022-01-14|2018-05-06_2018-05-15|2019-07-10_2019-07-19|2023-08-08_2023-08-17
0.1,2,Core PPI m/m|CPI y/y,Bad|Bad,3,3,0,100.0,0.0,inf,2020-09-02_2020-09-11|2021-07-09_2021-07-18|2020-08-03_2020-08-12
0.1,2,Core PPI m/m|CPI y/y,Good|Neutral,3,1,2,33.3,66.7,0.5,2022-03-06_2022-03-15|2023-04-10_2023-04-19|2019-01-11_2019-01-20
0.1,2,Core PPI m/m|CPI y/y,Good|Bad,2,2,0,100.0,0.0,inf,2024-01-05_2024-01-14|2025-07-08_2025-07-17
0.1,2,Core PPI m/m|CPI y/y,Bad|Good,1,0,1,0.0,100.0,0.0,2024-07-03_2024-07-12
0.1,2,Core PPI m/m|CPI y/y,Good|Good,5,4,1,80.0,20.0,4.0,2025-04-09_2025-04-18|2025-06-08_2025-06-17|2024-08-12_2024-08-21|2020-05-05_2020-05-14|2022-08-03_2022-08-12
0.1,2,Core PPI m/m|CPI y/y,Bad|Neutral,2,2,0,100.0,0.0,inf,2025-08-07_2025-08-16|2020-10-12_2020-10-21
0.2,2,Core PPI m/m|CPI y/y,Neutral|Neutral,20,15,5,75.0,25.0,3.0,2019-02-10_2019-02-19|2019-03-12_2019-03-21|2019-06-10_2019-06-19|2020-06-04_2020-06-13|2020-09-02_2020-09-11|2021-01-10_2021-01-19|2022-01-05_2022-01-14|2023-09-07_2023-09-16|2024-01-05_2024-01-14|2024-07-03_2024-07-12|2025-06-08_2025-06-17|2025-07-08_2025-07-17|2023-10-07_2023-10-16|2024-08-12_2024-08-21|2018-05-06_2018-05-15|2019-07-10_2019-07-19|2020-05-05_2020-05-14|2020-10-12_2020-10-21|2022-08-03_2022-08-12|2023-08-08_2023-08-17
0.2,2,Core PPI m/m|CPI y/y,Bad|Bad,2,2,0,100.0,0.0,inf,2021-07-09_2021-07-18|2020-08-03_2020-08-12
0.2,2,Core PPI m/m|CPI y/y,Neutral|Bad,1,1,0,100.0,0.0,inf,2021-11-06_2021-11-15
0.2,2,Core PPI m/m|CPI y/y,Good|Neutral,4,2,2,50.0,50.0,1.0,2022-03-06_2022-03-15|2023-04-10_2023-04-19|2025-04-09_2025-04-18|2019-01-11_2019-01-20
0.2,2,Core PPI m/m|CPI y/y,Bad|Neutral,1,1,0,100.0,0.0,inf,2025-08-07_2025-08-16
0.3,2,Core PPI m/m|CPI y/y,Neutral|Neutral,21,16,5,76.2,23.8,3.2,2019-02-10_2019-02-19|2019-03-12_2019-03-21|2019-06-10_2019-06-19|2020-06-04_2020-06-13|2020-09-02_2020-09-11|2021-01-10_2021-01-19|2021-11-06_2021-11-15|2022-01-05_2022-01-14|2023-09-07_2023-09-16|2024-01-05_2024-01-14|2024-07-03_2024-07-12|2025-06-08_2025-06-17|2025-07-08_2025-07-17|2023-10-07_2023-10-16|2024-08-12_2024-08-21|2018-05-06_2018-05-15|2019-07-10_2019-07-19|2020-05-05_2020-05-14|2020-10-12_2020-10-21|2022-08-03_2022-08-12|2023-08-08_2023-08-17
0.3,2,Core PPI m/m|CPI y/y,Bad|Bad,2,2,0,100.0,0.0,inf,2021-07-09_2021-07-18|2020-08-03_2020-08-12
0.3,2,Core PPI m/m|CPI y/y,Good|Neutral,4,2,2,50.0,50.0,1.0,2022-03-06_2022-03-15|2023-04-10_2023-04-19|2025-04-09_2025-04-18|2019-01-11_2019-01-20
0.3,2,Core PPI m/m|CPI y/y,Bad|Neutral,1,1,0,100.0,0.0,inf,2025-08-07_2025-08-16
0.0,2,FOMC|CPI y/y,Neutral|Good,1,0,1,0.0,100.0,0.0,2024-06-03_2024-06-12
0.1,2,FOMC|CPI y/y,Neutral|Good,1,0,1,0.0,100.0,0.0,2024-06-03_2024-06-12
0.2,2,FOMC|CPI y/y,Neutral|Neutral,1,0,1,0.0,100.0,0.0,2024-06-03_2024-06-12
0.3,2,FOMC|CPI y/y,Neutral|Neutral,1,0,1,0.0,100.0,0.0,2024-06-03_2024-06-12
0.0,3,CPI m/m|Core CPI m/m|PPI m/m,Good|Neutral|Good,2,1,1,50.0,50.0,1.0,2019-02-10_2019-02-19|2023-04-10_2023-04-19
0.0,3,CPI m/m|Core CPI m/m|PPI m/m,Neutral|Good|Good,2,1,1,50.0,50.0,1.0,2019-03-12_2019-03-21|2025-07-08_2025-07-17
0.0,3,CPI m/m|Core CPI m/m|PPI m/m,Neutral|Good|Neutral,1,0,1,0.0,100.0,0.0,2019-06-10_2019-06-19
0.0,3,CPI m/m|Core CPI m/m|PPI m/m,Good|Good|Bad,2,1,1,50.0,50.0,1.0,2020-06-04_2020-06-13|2024-07-03_2024-07-12
0.0,3,CPI m/m|Core CPI m/m|PPI m/m,Bad|Bad|Bad,3,3,0,100.0,0.0,inf,2020-09-02_2020-09-11|2021-07-09_2021-07-18|2020-08-03_2020-08-12
0.0,3,CPI m/m|Core CPI m/m|PPI m/m,Neutral|Neutral|Good,4,3,1,75.0,25.0,3.0,2021-01-10_2021-01-19|2022-03-06_2022-03-15|2024-08-12_2024-08-21|2019-01-11_2019-01-20
0.0,3,CPI m/m|Core CPI m/m|PPI m/m,Bad|Bad|Neutral,2,2,0,100.0,0.0,inf,2021-11-06_2021-11-15|2019-07-10_2019-07-19
0.0,3,CPI m/m|Core CPI m/m|PPI m/m,Bad|Bad|Good,1,1,0,100.0,0.0,inf,2022-01-05_2022-01-14
0.0,3,CPI m/m|Core CPI m/m|PPI m/m,Neutral|Bad|Bad,1,0,1,0.0,100.0,0.0,2023-09-07_2023-09-16
0.0,3,CPI m/m|Core CPI m/m|PPI m/m,Bad|Neutral|Good,1,1,0,100.0,0.0,inf,2024-01-05_2024-01-14
0.0,3,CPI m/m|Core CPI m/m|PPI m/m,Good|Good|Good,5,4,1,80.0,20.0,4.0,2025-04-09_2025-04-18|2025-06-08_2025-06-17|2018-05-06_2018-05-15|2020-05-05_2020-05-14|2022-08-03_2022-08-12
0.0,3,CPI m/m|Core CPI m/m|PPI m/m,Neutral|Neutral|Bad,3,3,0,100.0,0.0,inf,2025-08-07_2025-08-16|2020-10-12_2020-10-21|2023-08-08_2023-08-17
0.0,3,CPI m/m|Core CPI m/m|PPI m/m,Bad|Neutral|Bad,1,1,0,100.0,0.0,inf,2023-10-07_2023-10-16
0.1,3,CPI m/m|Core CPI m/m|PPI m/m,Neutral|Neutral|Good,7,5,2,71.4,28.6,2.5,2019-02-10_2019-02-19|2021-01-10_2021-01-19|2022-01-05_2022-01-14|2022-03-06_2022-03-15|2023-04-10_2023-04-19|2024-01-05_2024-01-14|2025-07-08_2025-07-17
0.1,3,CPI m/m|Core CPI m/m|PPI m/m,Neutral|Neutral|Neutral,7,5,2,71.4,28.6,2.5,2019-03-12_2019-03-21|2019-06-10_2019-06-19|2024-08-12_2024-08-21|2018-05-06_2018-05-15|2019-01-11_2019-01-20|2019-07-10_2019-07-19|2023-08-08_2023-08-17
0.1,3,CPI m/m|Core CPI m/m|PPI m/m,Neutral|Neutral|Bad,4,3,1,75.0,25.0,3.0,2020-06-04_2020-06-13|2023-09-07_2023-09-16|2025-08-07_2025-08-16|2020-10-12_2020-10-21
0.1,3,CPI m/m|Core CPI m/m|PPI m/m,Bad|Bad|Neutral,2,2,0,100.0,0.0,inf,2020-09-02_2020-09-11|2021-11-06_2021-11-15
0.1,3,CPI m/m|Core CPI m/m|PPI m/m,Bad|Bad|Bad,2,2,0,100.0,0.0,inf,2021-07-09_2021-07-18|2020-08-03_2020-08-12
0.1,3,CPI m/m|Core CPI m/m|PPI m/m,Good|Neutral|Neutral,1,0,1,0.0,100.0,0.0,2024-07-03_2024-07-12
0.1,3,CPI m/m|Core CPI m/m|PPI m/m,Good|Good|Good,3,3,0,100.0,0.0,inf,2025-04-09_2025-04-18|2020-05-05_2020-05-14|2022-08-03_2022-08-12
0.1,3,CPI m/m|Core CPI m/m|PPI m/m,Neutral|Good|Neutral,1,0,1,0.0,100.0,0.0,2025-06-08_2025-06-17
0.1,3,CPI m/m|Core CPI m/m|PPI m/m,Bad|Neutral|Bad,1,1,0,100.0,0.0,inf,2023-10-07_2023-10-16
0.2,3,CPI m/m|Core CPI m/m|PPI m/m,Neutral|Neutral|Neutral,18,13,5,72.2,27.8,2.6,2019-02-10_2019-02-19|2019-03-12_2019-03-21|2019-06-10_2019-06-19|2020-09-02_2020-09-11|2021-01-10_2021-01-19|2022-01-05_2022-01-14|2022-03-06_2022-03-15|2024-01-05_2024-01-14|2024-07-03_2024-07-12|2025-06-08_2025-06-17|2025-07-08_2025-07-17|2023-10-07_2023-10-16|2024-08-12_2024-08-21|2018-05-06_2018-05-15|2019-01-11_2019-01-20|2019-07-10_2019-07-19|2020-10-12_2020-10-21|2023-08-08_2023-08-17
0.2,3,CPI m/m|Core CPI m/m|PPI m/m,Neutral|Neutral|Bad,3,2,1,66.7,33.3,2.0,2020-06-04_2020-06-13|2023-09-07_2023-09-16|2025-08-07_2025-08-16
0.2,3,CPI m/m|Core CPI m/m|PPI m/m,Bad|Bad|Bad,2,2,0,100.0,0.0,inf,2021-07-09_2021-07-18|2020-08-03_2020-08-12
0.2,3,CPI m/m|Core CPI m/m|PPI m/m,Bad|Neutral|Neutral,1,1,0,100.0,0.0,inf,2021-11-06_2021-11-15
0.2,3,CPI m/m|Core CPI m/m|PPI m/m,Neutral|Neutral|Good,4,3,1,75.0,25.0,3.0,2023-04-10_2023-04-19|2025-04-09_2025-04-18|2020-05-05_2020-05-14|2022-08-03_2022-08-12
0.3,3,CPI m/m|Core CPI m/m|PPI m/m,Neutral|Neutral|Neutral,19,13,6,68.4,31.6,2.17,2019-02-10_2019-02-19|2019-03-12_2019-03-21|2019-06-10_2019-06-19|2020-09-02_2020-09-11|2021-01-10_2021-01-19|2022-01-05_2022-01-14|2022-03-06_2022-03-15|2023-09-07_2023-09-16|2024-01-05_2024-01-14|2024-07-03_2024-07-12|2025-06-08_2025-06-17|2025-07-08_2025-07-17|2023-10-07_2023-10-16|2024-08-12_2024-08-21|2018-05-06_2018-05-15|2019-01-11_2019-01-20|2019-07-10_2019-07-19|2020-10-12_2020-10-21|2023-08-08_2023-08-17
0.3,3,CPI m/m|Core CPI m/m|PPI m/m,Neutral|Neutral|Bad,2,2,0,100.0,0.0,inf,2020-06-04_2020-06-13|2025-08-07_2025-08-16
0.3,3,CPI m/m|Core CPI m/m|PPI m/m,Bad|Bad|Bad,1,1,0,100.0,0.0,inf,2021-07-09_2021-07-18
0.3,3,CPI m/m|Core CPI m/m|PPI m/m,Bad|Neutral|Neutral,1,1,0,100.0,0.0,inf,2021-11-06_2021-11-15
0.3,3,CPI m/m|Core CPI m/m|PPI m/m,Neutral|Neutral|Good,4,3,1,75.0,25.0,3.0,2023-04-10_2023-04-19|2025-04-09_2025-04-18|2020-05-05_2020-05-14|2022-08-03_2022-08-12
0.3,3,CPI m/m|Core CPI m/m|PPI m/m,Neutral|Bad|Neutral,1,1,0,100.0,0.0,inf,2020-08-03_2020-08-12
0.0,3,CPI m/m|Core CPI m/m|Core PPI m/m,Good|Neutral|Bad,1,1,0,100.0,0.0,inf,2019-02-10_2019-02-19
0.0,3,CPI m/m|Core CPI m/m|Core PPI m/m,Neutral|Good|Good,2,1,1,50.0,50.0,1.0,2019-03-12_2019-03-21|2025-07-08_2025-07-17
0.0,3,CPI m/m|Core CPI m/m|Core PPI m/m,Neutral|Good|Neutral,1,0,1,0.0,100.0,0.0,2019-06-10_2019-06-19
0.0,3,CPI m/m|Core CPI m/m|Core PPI m/m,Good|Good|Neutral,2,2,0,100.0,0.0,inf,2020-06-04_2020-06-13|2018-05-06_2018-05-15
0.0,3,CPI m/m|Core CPI m/m|Core PPI m/m,Bad|Bad|Bad,4,4,0,100.0,0.0,inf,2020-09-02_2020-09-11|2021-07-09_2021-07-18|2019-07-10_2019-07-19|2020-08-03_2020-08-12
0.0,3,CPI m/m|Core CPI m/m|Core PPI m/m,Neutral|Neutral|Neutral,1,1,0,100.0,0.0,inf,2021-01-10_2021-01-19
0.0,3,CPI m/m|Core CPI m/m|Core PPI m/m,Bad|Bad|Good,1,1,0,100.0,0.0,inf,2021-11-06_2021-11-15
0.0,3,CPI m/m|Core CPI m/m|Core PPI m/m,Bad|Bad|Neutral,1,1,0,100.0,0.0,inf,2022-01-05_2022-01-14
0.0,3,CPI m/m|Core CPI m/m|Core PPI m/m,Neutral|Neutral|Good,3,2,1,66.7,33.3,2.0,2022-03-06_2022-03-15|2024-08-12_2024-08-21|2019-01-11_2019-01-20
0.0,3,CPI m/m|Core CPI m/m|Core PPI m/m,Good|Neutral|Good,1,0,1,0.0,100.0,0.0,2023-04-10_2023-04-19
0.0,3,CPI m/m|Core CPI m/m|Core PPI m/m,Neutral|Bad|Neutral,1,0,1,0.0,100.0,0.0,2023-09-07_2023-09-16
0.0,3,CPI m/m|Core CPI m/m|Core PPI m/m,Bad|Neutral|Good,1,1,0,100.0,0.0,inf,2024-01-05_2024-01-14
0.0,3,CPI m/m|Core CPI m/m|Core PPI m/m,Good|Good|Bad,1,0,1,0.0,100.0,0.0,2024-07-03_2024-07-12
0.0,3,CPI m/m|Core CPI m/m|Core PPI m/m,Good|Good|Good,4,3,1,75.0,25.0,3.0,2025-04-09_2025-04-18|2025-06-08_2025-06-17|2020-05-05_2020-05-14|2022-08-03_2022-08-12
0.0,3,CPI m/m|Core CPI m/m|Core PPI m/m,Neutral|Neutral|Bad,3,3,0,100.0,0.0,inf,2025-08-07_2025-08-16|2020-10-12_2020-10-21|2023-08-08_2023-08-17
0.0,3,CPI m/m|Core CPI m/m|Core PPI m/m,Bad|Neutral|Bad,1,1,0,100.0,0.0,inf,2023-10-07_2023-10-16
0.1,3,CPI m/m|Core CPI m/m|Core PPI m/m,Neutral|Neutral|Neutral,10,7,3,70.0,30.0,2.33,2019-02-10_2019-02-19|2019-03-12_2019-03-21|2019-06-10_2019-06-19|2020-06-04_2020-06-13|2021-01-10_2021-01-19|2022-01-05_2022-01-14|2023-09-07_2023-09-16|2018-05-06_2018-05-15|2019-07-10_2019-07-19|2023-08-08_2023-08-17
0.1,3,CPI m/m|Core CPI m/m|Core PPI m/m,Bad|Bad|Bad,3,3,0,100.0,0.0,inf,2020-09-02_2020-09-11|2021-07-09_2021-07-18|2020-08-03_2020-08-12
0.1,3,CPI m/m|Core CPI m/m|Core PPI m/m,Bad|Bad|Neutral,1,1,0,100.0,0.0,inf,2021-11-06_2021-11-15
0.1,3,CPI m/m|Core CPI m/m|Core PPI m/m,Neutral|Neutral|Good,6,4,2,66.7,33.3,2.0,2022-03-06_2022-03-15|2023-04-10_2023-04-19|2024-01-05_2024-01-14|2025-07-08_2025-07-17|2024-08-12_2024-08-21|2019-01-11_2019-01-20
0.1,3,CPI m/m|Core CPI m/m|Core PPI m/m,Good|Neutral|Bad,1,0,1,0.0,100.0,0.0,2024-07-03_2024-07-12
0.1,3,CPI m/m|Core CPI m/m|Core PPI m/m,Good|Good|Good,3,3,0,100.0,0.0,inf,2025-04-09_2025-04-18|2020-05-05_2020-05-14|2022-08-03_2022-08-12
0.1,3,CPI m/m|Core CPI m/m|Core PPI m/m,Neutral|Good|Good,1,0,1,0.0,100.0,0.0,2025-06-08_2025-06-17
0.1,3,CPI m/m|Core CPI m/m|Core PPI m/m,Neutral|Neutral|Bad,2,2,0,100.0,0.0,inf,2025-08-07_2025-08-16|2020-10-12_2020-10-21
0.1,3,CPI m/m|Core CPI m/m|Core PPI m/m,Bad|Neutral|Neutral,1,1,0,100.0,0.0,inf,2023-10-07_2023-10-16
0.2,3,CPI m/m|Core CPI m/m|Core PPI m/m,Neutral|Neutral|Neutral,20,15,5,75.0,25.0,3.0,2019-02-10_2019-02-19|2019-03-12_2019-03-21|2019-06-10_2019-06-19|2020-06-04_2020-06-13|2020-09-02_2020-09-11|2021-01-10_2021-01-19|2022-01-05_2022-01-14|2023-09-07_2023-09-16|2024-01-05_2024-01-14|2024-07-03_2024-07-12|2025-06-08_2025-06-17|2025-07-08_2025-07-17|2023-10-07_2023-10-16|2024-08-12_2024-08-21|2018-05-06_2018-05-15|2019-07-10_2019-07-19|2020-05-05_2020-05-14|2020-10-12_2020-10-21|2022-08-03_2022-08-12|2023-08-08_2023-08-17
0.2,3,CPI m/m|Core CPI m/m|Core PPI m/m,Bad|Bad|Bad,2,2,0,100.0,0.0,inf,2021-07-09_2021-07-18|2020-08-03_2020-08-12
0.2,3,CPI m/m|Core CPI m/m|Core PPI m/m,Bad|Neutral|Neutral,1,1,0,100.0,0.0,inf,2021-11-06_2021-11-15
0.2,3,CPI m/m|Core CPI m/m|Core PPI m/m,Neutral|Neutral|Good,4,2,2,50.0,50.0,1.0,2022-03-06_2022-03-15|2023-04-10_2023-04-19|2025-04-09_2025-04-18|2019-01-11_2019-01-20
0.2,3,CPI m/m|Core CPI m/m|Core PPI m/m,Neutral|Neutral|Bad,1,1,0,100.0,0.0,inf,2025-08-07_2025-08-16
0.3,3,CPI m/m|Core CPI m/m|Core PPI m/m,Neutral|Neutral|Neutral,20,15,5,75.0,25.0,3.0,2019-02-10_2019-02-19|2019-03-12_2019-03-21|2019-06-10_2019-06-19|2020-06-04_2020-06-13|2020-09-02_2020-09-11|2021-01-10_2021-01-19|2022-01-05_2022-01-14|2023-09-07_2023-09-16|2024-01-05_2024-01-14|2024-07-03_2024-07-12|2025-06-08_2025-06-17|2025-07-08_2025-07-17|2023-10-07_2023-10-16|2024-08-12_2024-08-21|2018-05-06_2018-05-15|2019-07-10_2019-07-19|2020-05-05_2020-05-14|2020-10-12_2020-10-21|2022-08-03_2022-08-12|2023-08-08_2023-08-17
0.3,3,CPI m/m|Core CPI m/m|Core PPI m/m,Bad|Bad|Bad,1,1,0,100.0,0.0,inf,2021-07-09_2021-07-18
0.3,3,CPI m/m|Core CPI m/m|Core PPI m/m,Bad|Neutral|Neutral,1,1,0,100.0,0.0,inf,2021-11-06_2021-11-15
0.3,3,CPI m/m|Core CPI m/m|Core PPI m/m,Neutral|Neutral|Good,4,2,2,50.0,50.0,1.0,2022-03-06_2022-03-15|2023-04-10_2023-04-19|2025-04-09_2025-04-18|2019-01-11_2019-01-20
0.3,3,CPI m/m|Core CPI m/m|Core PPI m/m,Neutral|Neutral|Bad,1,1,0,100.0,0.0,inf,2025-08-07_2025-08-16
0.3,3,CPI m/m|Core CPI m/m|Core PPI m/m,Neutral|Bad|Bad,1,1,0,100.0,0.0,inf,2020-08-03_2020-08-12
0.0,3,CPI m/m|Core CPI m/m|FOMC,Good|Good|Neutral,1,0,1,0.0,100.0,0.0,2024-06-03_2024-06-12
0.1,3,CPI m/m|Core CPI m/m|FOMC,Neutral|Neutral|Neutral,1,0,1,0.0,100.0,0.0,2024-06-03_2024-06-12
0.2,3,CPI m/m|Core CPI m/m|FOMC,Neutral|Neutral|Neutral,1,0,1,0.0,100.0,0.0,2024-06-03_2024-06-12
0.3,3,CPI m/m|Core CPI m/m|FOMC,Neutral|Neutral|Neutral,1,0,1,0.0,100.0,0.0,2024-06-03_2024-06-12
0.0,3,CPI m/m|Core CPI m/m|CPI y/y,Good|Neutral|Bad,1,1,0,100.0,0.0,inf,2019-02-10_2019-02-19
0.0,3,CPI m/m|Core CPI m/m|CPI y/y,Neutral|Good|Good,2,0,2,0.0,100.0,0.0,2019-03-12_2019-03-21|2019-06-10_2019-06-19
0.0,3,CPI m/m|Core CPI m/m|CPI y/y,Good|Good|Good,8,5,3,62.5,37.5,1.67,2020-06-04_2020-06-13|2024-07-03_2024-07-12|2025-04-09_2025-04-18|2025-06-08_2025-06-17|2024-06-03_2024-06-12|2020-05-05_2020-05-14|2022-08-03_2022-08-12|2025-10-16_2025-10-25
0.0,3,CPI m/m|Core CPI m/m|CPI y/y,Bad|Bad|Neutral,4,4,0,100.0,0.0,inf,2020-07-14_2020-07-23|2022-01-05_2022-01-14|2019-07-10_2019-07-19|2020-12-01_2020-12-10
0.0,3,CPI m/m|Core CPI m/m|CPI y/y,Bad|Bad|Bad,8,5,3,62.5,37.5,1.67,2020-09-02_2020-09-11|2021-04-10_2021-04-19|2021-07-09_2021-07-18|2021-11-06_2021-11-15|2022-02-04_2022-02-13|2022-06-04_2022-06-13|2020-08-03_2020-08-12|2022-07-04_2022-07-13
0.0,3,CPI m/m|Core CPI m/m|CPI y/y,Neutral|Neutral|Neutral,4,3,1,75.0,25.0,3.0,2021-01-10_2021-01-19|2022-03-06_2022-03-15|2019-01-11_2019-01-20|2020-10-12_2020-10-21
0.0,3,CPI m/m|Core CPI m/m|CPI y/y,Good|Neutral|Good,2,0,2,0.0,100.0,0.0,2023-04-10_2023-04-19|2026-02-13_2026-02-22
0.0,3,CPI m/m|Core CPI m/m|CPI y/y,Neutral|Bad|Bad,1,0,1,0.0,100.0,0.0,2023-09-07_2023-09-16
0.0,3,CPI m/m|Core CPI m/m|CPI y/y,Bad|Neutral|Bad,2,2,0,100.0,0.0,inf,2024-01-05_2024-01-14|2023-10-07_2023-10-16
0.0,3,CPI m/m|Core CPI m/m|CPI y/y,Neutral|Good|Bad,1,1,0,100.0,0.0,inf,2025-07-08_2025-07-17
0.0,3,CPI m/m|Core CPI m/m|CPI y/y,Neutral|Neutral|Good,3,3,0,100.0,0.0,inf,2025-08-07_2025-08-16|2024-08-12_2024-08-21|2023-08-08_2023-08-17
0.0,3,CPI m/m|Core CPI m/m|CPI y/y,Good|Good|Neutral,1,1,0,100.0,0.0,inf,2018-05-06_2018-05-15
0.1,3,CPI m/m|Core CPI m/m|CPI y/y,Neutral|Neutral|Bad,5,3,2,60.0,40.0,1.5,2019-02-10_2019-02-19|2021-04-10_2021-04-19|2023-09-07_2023-09-16|2024-01-05_2024-01-14|2025-07-08_2025-07-17
0.1,3,CPI m/m|Core CPI m/m|CPI y/y,Neutral|Neutral|Good,5,2,3,40.0,60.0,0.67,2019-03-12_2019-03-21|2020-06-04_2020-06-13|2026-02-13_2026-02-22|2024-06-03_2024-06-12|2024-08-12_2024-08-21
0.1,3,CPI m/m|Core CPI m/m|CPI y/y,Neutral|Neutral|Neutral,13,10,3,76.9,23.1,3.33,2019-06-10_2019-06-19|2020-07-14_2020-07-23|2021-01-10_2021-01-19|2022-01-05_2022-01-14|2022-03-06_2022-03-15|2023-04-10_2023-04-19|2025-08-07_2025-08-16|2018-05-06_2018-05-15|2019-01-11_2019-01-20|2019-07-10_2019-07-19|2020-10-12_2020-10-21|2020-12-01_2020-12-10|2023-08-08_2023-08-17
0.1,3,CPI m/m|Core CPI m/m|CPI y/y,Bad|Bad|Bad,5,4,1,80.0,20.0,4.0,2020-09-02_2020-09-11|2021-07-09_2021-07-18|2021-11-06_2021-11-15|2020-08-03_2020-08-12|2022-07-04_2022-07-13
0.1,3,CPI m/m|Core CPI m/m|CPI y/y,Good|Neutral|Good,2,1,1,50.0,50.0,1.0,2024-07-03_2024-07-12|2025-10-16_2025-10-25
0.1,3,CPI m/m|Core CPI m/m|CPI y/y,Good|Good|Good,3,3,0,100.0,0.0,inf,2025-04-09_2025-04-18|2020-05-05_2020-05-14|2022-08-03_2022-08-12
0.1,3,CPI m/m|Core CPI m/m|CPI y/y,Neutral|Good|Good,1,0,1,0.0,100.0,0.0,2025-06-08_2025-06-17
0.1,3,CPI m/m|Core CPI m/m|CPI y/y,Bad|Neutral|Bad,3,2,1,66.7,33.3,2.0,2022-02-04_2022-02-13|2022-06-04_2022-06-13|2023-10-07_2023-10-16
0.2,3,CPI m/m|Core CPI m/m|CPI y/y,Neutral|Neutral|Neutral,31,21,10,67.7,32.3,2.1,2019-02-10_2019-02-19|2019-03-12_2019-03-21|2019-06-10_2019-06-19|2020-06-04_2020-06-13|2020-07-14_2020-07-23|2020-09-02_2020-09-11|2021-01-10_2021-01-19|2021-04-10_2021-04-19|2022-01-05_2022-01-14|2022-03-06_2022-03-15|2023-04-10_2023-04-19|2023-09-07_2023-09-16|2024-01-05_2024-01-14|2024-07-03_2024-07-12|2025-04-09_2025-04-18|2025-06-08_2025-06-17|2025-07-08_2025-07-17|2025-08-07_2025-08-16|2026-02-13_2026-02-22|2023-10-07_2023-10-16|2024-06-03_2024-06-12|2024-08-12_2024-08-21|2018-05-06_2018-05-15|2019-01-11_2019-01-20|2019-07-10_2019-07-19|2020-05-05_2020-05-14|2020-10-12_2020-10-21|2020-12-01_2020-12-10|2022-08-03_2022-08-12|2023-08-08_2023-08-17|2025-10-16_2025-10-25
0.2,3,CPI m/m|Core CPI m/m|CPI y/y,Bad|Bad|Bad,2,2,0,100.0,0.0,inf,2021-07-09_2021-07-18|2020-08-03_2020-08-12
0.2,3,CPI m/m|Core CPI m/m|CPI y/y,Bad|Neutral|Bad,2,2,0,100.0,0.0,inf,2021-11-06_2021-11-15|2022-06-04_2022-06-13
0.2,3,CPI m/m|Core CPI m/m|CPI y/y,Neutral|Neutral|Bad,2,0,2,0.0,100.0,0.0,2022-02-04_2022-02-13|2022-07-04_2022-07-13
0.3,3,CPI m/m|Core CPI m/m|CPI y/y,Neutral|Neutral|Neutral,32,21,11,65.6,34.4,1.91,2019-02-10_2019-02-19|2019-03-12_2019-03-21|2019-06-10_2019-06-19|2020-06-04_2020-06-13|2020-07-14_2020-07-23|2020-09-02_2020-09-11|2021-01-10_2021-01-19|2021-04-10_2021-04-19|2022-01-05_2022-01-14|2022-03-06_2022-03-15|2023-04-10_2023-04-19|2023-09-07_2023-09-16|2024-01-05_2024-01-14|2024-07-03_2024-07-12|2025-04-09_2025-04-18|2025-06-08_2025-06-17|2025-07-08_2025-07-17|2025-08-07_2025-08-16|2026-02-13_2026-02-22|2022-02-04_2022-02-13|2023-10-07_2023-10-16|2024-06-03_2024-06-12|2024-08-12_2024-08-21|2018-05-06_2018-05-15|2019-01-11_2019-01-20|2019-07-10_2019-07-19|2020-05-05_2020-05-14|2020-10-12_2020-10-21|2020-12-01_2020-12-10|2022-08-03_2022-08-12|2023-08-08_2023-08-17|2025-10-16_2025-10-25
0.3,3,CPI m/m|Core CPI m/m|CPI y/y,Bad|Bad|Bad,1,1,0,100.0,0.0,inf,2021-07-09_2021-07-18
0.3,3,CPI m/m|Core CPI m/m|CPI y/y,Bad|Neutral|Neutral,2,2,0,100.0,0.0,inf,2021-11-06_2021-11-15|2022-06-04_2022-06-13
0.3,3,CPI m/m|Core CPI m/m|CPI y/y,Neutral|Bad|Bad,1,1,0,100.0,0.0,inf,2020-08-03_2020-08-12
0.3,3,CPI m/m|Core CPI m/m|CPI y/y,Neutral|Neutral|Bad,1,0,1,0.0,100.0,0.0,2022-07-04_2022-07-13
0.0,3,CPI m/m|PPI m/m|Core PPI m/m,Good|Good|Bad,1,1,0,100.0,0.0,inf,2019-02-10_2019-02-19
0.0,3,CPI m/m|PPI m/m|Core PPI m/m,Neutral|Good|Good,5,3,2,60.0,40.0,1.5,2019-03-12_2019-03-21|2022-03-06_2022-03-15|2025-07-08_2025-07-17|2024-08-12_2024-08-21|2019-01-11_2019-01-20
0.0,3,CPI m/m|PPI m/m|Core PPI m/m,Neutral|Neutral|Neutral,1,0,1,0.0,100.0,0.0,2019-06-10_2019-06-19
0.0,3,CPI m/m|PPI m/m|Core PPI m/m,Good|Bad|Neutral,1,1,0,100.0,0.0,inf,2020-06-04_2020-06-13
0.0,3,CPI m/m|PPI m/m|Core PPI m/m,Bad|Bad|Bad,4,4,0,100.0,0.0,inf,2020-09-02_2020-09-11|2021-07-09_2021-07-18|2023-10-07_2023-10-16|2020-08-03_2020-08-12
0.0,3,CPI m/m|PPI m/m|Core PPI m/m,Neutral|Good|Neutral,1,1,0,100.0,0.0,inf,2021-01-10_2021-01-19
0.0,3,CPI m/m|PPI m/m|Core PPI m/m,Bad|Neutral|Good,1,1,0,100.0,0.0,inf,2021-11-06_2021-11-15
0.0,3,CPI m/m|PPI m/m|Core PPI m/m,Bad|Good|Neutral,1,1,0,100.0,0.0,inf,2022-01-05_2022-01-14
0.0,3,CPI m/m|PPI m/m|Core PPI m/m,Good|Good|Good,5,3,2,60.0,40.0,1.5,2023-04-10_2023-04-19|2025-04-09_2025-04-18|2025-06-08_2025-06-17|2020-05-05_2020-05-14|2022-08-03_2022-08-12
0.0,3,CPI m/m|PPI m/m|Core PPI m/m,Neutral|Bad|Neutral,1,0,1,0.0,100.0,0.0,2023-09-07_2023-09-16
0.0,3,CPI m/m|PPI m/m|Core PPI m/m,Bad|Good|Good,1,1,0,100.0,0.0,inf,2024-01-05_2024-01-14
0.0,3,CPI m/m|PPI m/m|Core PPI m/m,Good|Bad|Bad,1,0,1,0.0,100.0,0.0,2024-07-03_2024-07-12
0.0,3,CPI m/m|PPI m/m|Core PPI m/m,Neutral|Bad|Bad,3,3,0,100.0,0.0,inf,2025-08-07_2025-08-16|2020-10-12_2020-10-21|2023-08-08_2023-08-17
0.0,3,CPI m/m|PPI m/m|Core PPI m/m,Good|Good|Neutral,1,1,0,100.0,0.0,inf,2018-05-06_2018-05-15
0.0,3,CPI m/m|PPI m/m|Core PPI m/m,Bad|Neutral|Bad,1,1,0,100.0,0.0,inf,2019-07-10_2019-07-19
0.1,3,CPI m/m|PPI m/m|Core PPI m/m,Neutral|Good|Neutral,3,3,0,100.0,0.0,inf,2019-02-10_2019-02-19|2021-01-10_2021-01-19|2022-01-05_2022-01-14
0.1,3,CPI m/m|PPI m/m|Core PPI m/m,Neutral|Neutral|Neutral,5,3,2,60.0,40.0,1.5,2019-03-12_2019-03-21|2019-06-10_2019-06-19|2018-05-06_2018-05-15|2019-07-10_2019-07-19|2023-08-08_2023-08-17
0.1,3,CPI m/m|PPI m/m|Core PPI m/m,Neutral|Bad|Neutral,2,1,1,50.0,50.0,1.0,2020-06-04_2020-06-13|2023-09-07_2023-09-16
0.1,3,CPI m/m|PPI m/m|Core PPI m/m,Bad|Neutral|Bad,1,1,0,100.0,0.0,inf,2020-09-02_2020-09-11
0.1,3,CPI m/m|PPI m/m|Core PPI m/m,Bad|Bad|Bad,2,2,0,100.0,0.0,inf,2021-07-09_2021-07-18|2020-08-03_2020-08-12
0.1,3,CPI m/m|PPI m/m|Core PPI m/m,Bad|Neutral|Neutral,1,1,0,100.0,0.0,inf,2021-11-06_2021-11-15
0.1,3,CPI m/m|PPI m/m|Core PPI m/m,Neutral|Good|Good,4,2,2,50.0,50.0,1.0,2022-03-06_2022-03-15|2023-04-10_2023-04-19|2024-01-05_2024-01-14|2025-07-08_2025-07-17
0.1,3,CPI m/m|PPI m/m|Core PPI m/m,Good|Neutral|Bad,1,0,1,0.0,100.0,0.0,2024-07-03_2024-07-12
0.1,3,CPI m/m|PPI m/m|Core PPI m/m,Good|Good|Good,3,3,0,100.0,0.0,inf,2025-04-09_2025-04-18|2020-05-05_2020-05-14|2022-08-03_2022-08-12
0.1,3,CPI m/m|PPI m/m|Core PPI m/m,Neutral|Neutral|Good,3,2,1,66.7,33.3,2.0,2025-06-08_2025-06-17|2024-08-12_2024-08-21|2019-01-11_2019-01-20
0.1,3,CPI m/m|PPI m/m|Core PPI m/m,Neutral|Bad|Bad,2,2,0,100.0,0.0,inf,2025-08-07_2025-08-16|2020-10-12_2020-10-21
0.1,3,CPI m/m|PPI m/m|Core PPI m/m,Bad|Bad|Neutral,1,1,0,100.0,0.0,inf,2023-10-07_2023-10-16
0.2,3,CPI m/m|PPI m/m|Core PPI m/m,Neutral|Neutral|Neutral,16,12,4,75.0,25.0,3.0,2019-02-10_2019-02-19|2019-03-12_2019-03-21|2019-06-10_2019-06-19|2020-09-02_2020-09-11|2021-01-10_2021-01-19|2022-01-05_2022-01-14|2024-01-05_2024-01-14|2024-07-03_2024-07-12|2025-06-08_2025-06-17|2025-07-08_2025-07-17|2023-10-07_2023-10-16|2024-08-12_2024-08-21|2018-05-06_2018-05-15|2019-07-10_2019-07-19|2020-10-12_2020-10-21|2023-08-08_2023-08-17
0.2,3,CPI m/m|PPI m/m|Core PPI m/m,Neutral|Bad|Neutral,2,1,1,50.0,50.0,1.0,2020-06-04_2020-06-13|2023-09-07_2023-09-16
0.2,3,CPI m/m|PPI m/m|Core PPI m/m,Bad|Bad|Bad,2,2,0,100.0,0.0,inf,2021-07-09_2021-07-18|2020-08-03_2020-08-12
0.2,3,CPI m/m|PPI m/m|Core PPI m/m,Bad|Neutral|Neutral,1,1,0,100.0,0.0,inf,2021-11-06_2021-11-15
0.2,3,CPI m/m|PPI m/m|Core PPI m/m,Neutral|Neutral|Good,2,1,1,50.0,50.0,1.0,2022-03-06_2022-03-15|2019-01-11_2019-01-20
0.2,3,CPI m/m|PPI m/m|Core PPI m/m,Neutral|Good|Good,2,1,1,50.0,50.0,1.0,2023-04-10_2023-04-19|2025-04-09_2025-04-18
0.2,3,CPI m/m|PPI m/m|Core PPI m/m,Neutral|Bad|Bad,1,1,0,100.0,0.0,inf,2025-08-07_2025-08-16
0.2,3,CPI m/m|PPI m/m|Core PPI m/m,Neutral|Good|Neutral,2,2,0,100.0,0.0,inf,2020-05-05_2020-05-14|2022-08-03_2022-08-12
0.3,3,CPI m/m|PPI m/m|Core PPI m/m,Neutral|Neutral|Neutral,17,12,5,70.6,29.4,2.4,2019-02-10_2019-02-19|2019-03-12_2019-03-21|2019-06-10_2019-06-19|2020-09-02_2020-09-11|2021-01-10_2021-01-19|2022-01-05_2022-01-14|2023-09-07_2023-09-16|2024-01-05_2024-01-14|2024-07-03_2024-07-12|2025-06-08_2025-06-17|2025-07-08_2025-07-17|2023-10-07_2023-10-16|2024-08-12_2024-08-21|2018-05-06_2018-05-15|2019-07-10_2019-07-19|2020-10-12_2020-10-21|2023-08-08_2023-08-17
0.3,3,CPI m/m|PPI m/m|Core PPI m/m,Neutral|Bad|Neutral,1,1,0,100.0,0.0,inf,2020-06-04_2020-06-13
0.3,3,CPI m/m|PPI m/m|Core PPI m/m,Bad|Bad|Bad,1,1,0,100.0,0.0,inf,2021-07-09_2021-07-18
0.3,3,CPI m/m|PPI m/m|Core PPI m/m,Bad|Neutral|Neutral,1,1,0,100.0,0.0,inf,2021-11-06_2021-11-15
0.3,3,CPI m/m|PPI m/m|Core PPI m/m,Neutral|Neutral|Good,2,1,1,50.0,50.0,1.0,2022-03-06_2022-03-15|2019-01-11_2019-01-20
0.3,3,CPI m/m|PPI m/m|Core PPI m/m,Neutral|Good|Good,2,1,1,50.0,50.0,1.0,2023-04-10_2023-04-19|2025-04-09_2025-04-18
0.3,3,CPI m/m|PPI m/m|Core PPI m/m,Neutral|Bad|Bad,1,1,0,100.0,0.0,inf,2025-08-07_2025-08-16
0.3,3,CPI m/m|PPI m/m|Core PPI m/m,Neutral|Good|Neutral,2,2,0,100.0,0.0,inf,2020-05-05_2020-05-14|2022-08-03_2022-08-12
0.3,3,CPI m/m|PPI m/m|Core PPI m/m,Neutral|Neutral|Bad,1,1,0,100.0,0.0,inf,2020-08-03_2020-08-12
0.0,3,CPI m/m|PPI m/m|CPI y/y,Good|Good|Bad,1,1,0,100.0,0.0,inf,2019-02-10_2019-02-19
0.0,3,CPI m/m|PPI m/m|CPI y/y,Neutral|Good|Good,2,1,1,50.0,50.0,1.0,2019-03-12_2019-03-21|2024-08-12_2024-08-21
0.0,3,CPI m/m|PPI m/m|CPI y/y,Neutral|Neutral|Good,1,0,1,0.0,100.0,0.0,2019-06-10_2019-06-19
0.0,3,CPI m/m|PPI m/m|CPI y/y,Good|Bad|Good,2,1,1,50.0,50.0,1.0,2020-06-04_2020-06-13|2024-07-03_2024-07-12
0.0,3,CPI m/m|PPI m/m|CPI y/y,Bad|Bad|Bad,4,4,0,100.0,0.0,inf,2020-09-02_2020-09-11|2021-07-09_2021-07-18|2023-10-07_2023-10-16|2020-08-03_2020-08-12
0.0,3,CPI m/m|PPI m/m|CPI y/y,Neutral|Good|Neutral,3,2,1,66.7,33.3,2.0,2021-01-10_2021-01-19|2022-03-06_2022-03-15|2019-01-11_2019-01-20
0.0,3,CPI m/m|PPI m/m|CPI y/y,Bad|Neutral|Bad,1,1,0,100.0,0.0,inf,2021-11-06_2021-11-15
0.0,3,CPI m/m|PPI m/m|CPI y/y,Bad|Good|Neutral,1,1,0,100.0,0.0,inf,2022-01-05_2022-01-14
0.0,3,CPI m/m|PPI m/m|CPI y/y,Good|Good|Good,5,3,2,60.0,40.0,1.5,2023-04-10_2023-04-19|2025-04-09_2025-04-18|2025-06-08_2025-06-17|2020-05-05_2020-05-14|2022-08-03_2022-08-12
0.0,3,CPI m/m|PPI m/m|CPI y/y,Neutral|Bad|Bad,1,0,1,0.0,100.0,0.0,2023-09-07_2023-09-16
0.0,3,CPI m/m|PPI m/m|CPI y/y,Bad|Good|Bad,1,1,0,100.0,0.0,inf,2024-01-05_2024-01-14
0.0,3,CPI m/m|PPI m/m|CPI y/y,Neutral|Good|Bad,1,1,0,100.0,0.0,inf,2025-07-08_2025-07-17
0.0,3,CPI m/m|PPI m/m|CPI y/y,Neutral|Bad|Good,2,2,0,100.0,0.0,inf,2025-08-07_2025-08-16|2023-08-08_2023-08-17
0.0,3,CPI m/m|PPI m/m|CPI y/y,Good|Good|Neutral,1,1,0,100.0,0.0,inf,2018-05-06_2018-05-15
0.0,3,CPI m/m|PPI m/m|CPI y/y,Bad|Neutral|Neutral,1,1,0,100.0,0.0,inf,2019-07-10_2019-07-19
0.0,3,CPI m/m|PPI m/m|CPI y/y,Neutral|Bad|Neutral,1,1,0,100.0,0.0,inf,2020-10-12_2020-10-21
0.1,3,CPI m/m|PPI m/m|CPI y/y,Neutral|Good|Bad,3,3,0,100.0,0.0,inf,2019-02-10_2019-02-19|2024-01-05_2024-01-14|2025-07-08_2025-07-17
0.1,3,CPI m/m|PPI m/m|CPI y/y,Neutral|Neutral|Good,3,1,2,33.3,66.7,0.5,2019-03-12_2019-03-21|2025-06-08_2025-06-17|2024-08-12_2024-08-21
0.1,3,CPI m/m|PPI m/m|CPI y/y,Neutral|Neutral|Neutral,5,4,1,80.0,20.0,4.0,2019-06-10_2019-06-19|2018-05-06_2018-05-15|2019-01-11_2019-01-20|2019-07-10_2019-07-19|2023-08-08_2023-08-17
0.1,3,CPI m/m|PPI m/m|CPI y/y,Neutral|Bad|Good,1,1,0,100.0,0.0,inf,2020-06-04_2020-06-13
0.1,3,CPI m/m|PPI m/m|CPI y/y,Bad|Neutral|Bad,2,2,0,100.0,0.0,inf,2020-09-02_2020-09-11|2021-11-06_2021-11-15
0.1,3,CPI m/m|PPI m/m|CPI y/y,Neutral|Good|Neutral,4,2,2,50.0,50.0,1.0,2021-01-10_2021-01-19|2022-01-05_2022-01-14|2022-03-06_2022-03-15|2023-04-10_2023-04-19
0.1,3,CPI m/m|PPI m/m|CPI y/y,Bad|Bad|Bad,3,3,0,100.0,0.0,inf,2021-07-09_2021-07-18|2023-10-07_2023-10-16|2020-08-03_2020-08-12
0.1,3,CPI m/m|PPI m/m|CPI y/y,Neutral|Bad|Bad,1,0,1,0.0,100.0,0.0,2023-09-07_2023-09-16
0.1,3,CPI m/m|PPI m/m|CPI y/y,Good|Neutral|Good,1,0,1,0.0,100.0,0.0,2024-07-03_2024-07-12
0.1,3,CPI m/m|PPI m/m|CPI y/y,Good|Good|Good,3,3,0,100.0,0.0,inf,2025-04-09_2025-04-18|2020-05-05_2020-05-14|2022-08-03_2022-08-12
0.1,3,CPI m/m|PPI m/m|CPI y/y,Neutral|Bad|Neutral,2,2,0,100.0,0.0,inf,2025-08-07_2025-08-16|2020-10-12_2020-10-21
0.2,3,CPI m/m|PPI m/m|CPI y/y,Neutral|Neutral|Neutral,18,13,5,72.2,27.8,2.6,2019-02-10_2019-02-19|2019-03-12_2019-03-21|2019-06-10_2019-06-19|2020-09-02_2020-09-11|2021-01-10_2021-01-19|2022-01-05_2022-01-14|2022-03-06_2022-03-15|2024-01-05_2024-01-14|2024-07-03_2024-07-12|2025-06-08_2025-06-17|2025-07-08_2025-07-17|2023-10-07_2023-10-16|2024-08-12_2024-08-21|2018-05-06_2018-05-15|2019-01-11_2019-01-20|2019-07-10_2019-07-19|2020-10-12_2020-10-21|2023-08-08_2023-08-17
0.2,3,CPI m/m|PPI m/m|CPI y/y,Neutral|Bad|Neutral,3,2,1,66.7,33.3,2.0,2020-06-04_2020-06-13|2023-09-07_2023-09-16|2025-08-07_2025-08-16
0.2,3,CPI m/m|PPI m/m|CPI y/y,Bad|Bad|Bad,2,2,0,100.0,0.0,inf,2021-07-09_2021-07-18|2020-08-03_2020-08-12
0.2,3,CPI m/m|PPI m/m|CPI y/y,Bad|Neutral|Bad,1,1,0,100.0,0.0,inf,2021-11-06_2021-11-15
0.2,3,CPI m/m|PPI m/m|CPI y/y,Neutral|Good|Neutral,4,3,1,75.0,25.0,3.0,2023-04-10_2023-04-19|2025-04-09_2025-04-18|2020-05-05_2020-05-14|2022-08-03_2022-08-12
0.3,3,CPI m/m|PPI m/m|CPI y/y,Neutral|Neutral|Neutral,19,13,6,68.4,31.6,2.17,2019-02-10_2019-02-19|2019-03-12_2019-03-21|2019-06-10_2019-06-19|2020-09-02_2020-09-11|2021-01-10_2021-01-19|2022-01-05_2022-01-14|2022-03-06_2022-03-15|2023-09-07_2023-09-16|2024-01-05_2024-01-14|2024-07-03_2024-07-12|2025-06-08_2025-06-17|2025-07-08_2025-07-17|2023-10-07_2023-10-16|2024-08-12_2024-08-21|2018-05-06_2018-05-15|2019-01-11_2019-01-20|2019-07-10_2019-07-19|2020-10-12_2020-10-21|2023-08-08_2023-08-17
0.3,3,CPI m/m|PPI m/m|CPI y/y,Neutral|Bad|Neutral,2,2,0,100.0,0.0,inf,2020-06-04_2020-06-13|2025-08-07_2025-08-16
0.3,3,CPI m/m|PPI m/m|CPI y/y,Bad|Bad|Bad,1,1,0,100.0,0.0,inf,2021-07-09_2021-07-18
0.3,3,CPI m/m|PPI m/m|CPI y/y,Bad|Neutral|Neutral,1,1,0,100.0,0.0,inf,2021-11-06_2021-11-15
0.3,3,CPI m/m|PPI m/m|CPI y/y,Neutral|Good|Neutral,4,3,1,75.0,25.0,3.0,2023-04-10_2023-04-19|2025-04-09_2025-04-18|2020-05-05_2020-05-14|2022-08-03_2022-08-12
0.3,3,CPI m/m|PPI m/m|CPI y/y,Neutral|Neutral|Bad,1,1,0,100.0,0.0,inf,2020-08-03_2020-08-12
0.0,3,CPI m/m|Core PPI m/m|CPI y/y,Good|Bad|Bad,1,1,0,100.0,0.0,inf,2019-02-10_2019-02-19
0.0,3,CPI m/m|Core PPI m/m|CPI y/y,Neutral|Good|Good,2,1,1,50.0,50.0,1.0,2019-03-12_2019-03-21|2024-08-12_2024-08-21
0.0,3,CPI m/m|Core PPI m/m|CPI y/y,Neutral|Neutral|Good,1,0,1,0.0,100.0,0.0,2019-06-10_2019-06-19
0.0,3,CPI m/m|Core PPI m/m|CPI y/y,Good|Neutral|Good,1,1,0,100.0,0.0,inf,2020-06-04_2020-06-13
0.0,3,CPI m/m|Core PPI m/m|CPI y/y,Bad|Bad|Bad,4,4,0,100.0,0.0,inf,2020-09-02_2020-09-11|2021-07-09_2021-07-18|2023-10-07_2023-10-16|2020-08-03_2020-08-12
0.0,3,CPI m/m|Core PPI m/m|CPI y/y,Neutral|Neutral|Neutral,1,1,0,100.0,0.0,inf,2021-01-10_2021-01-19
0.0,3,CPI m/m|Core PPI m/m|CPI y/y,Bad|Good|Bad,2,2,0,100.0,0.0,inf,2021-11-06_2021-11-15|2024-01-05_2024-01-14
0.0,3,CPI m/m|Core PPI m/m|CPI y/y,Bad|Neutral|Neutral,1,1,0,100.0,0.0,inf,2022-01-05_2022-01-14
0.0,3,CPI m/m|Core PPI m/m|CPI y/y,Neutral|Good|Neutral,2,1,1,50.0,50.0,1.0,2022-03-06_2022-03-15|2019-01-11_2019-01-20
0.0,3,CPI m/m|Core PPI m/m|CPI y/y,Good|Good|Good,5,3,2,60.0,40.0,1.5,2023-04-10_2023-04-19|2025-04-09_2025-04-18|2025-06-08_2025-06-17|2020-05-05_2020-05-14|2022-08-03_2022-08-12
0.0,3,CPI m/m|Core PPI m/m|CPI y/y,Neutral|Neutral|Bad,1,0,1,0.0,100.0,0.0,2023-09-07_2023-09-16
0.0,3,CPI m/m|Core PPI m/m|CPI y/y,Good|Bad|Good,1,0,1,0.0,100.0,0.0,2024-07-03_2024-07-12
0.0,3,CPI m/m|Core PPI m/m|CPI y/y,Neutral|Good|Bad,1,1,0,100.0,0.0,inf,2025-07-08_2025-07-17
0.0,3,CPI m/m|Core PPI m/m|CPI y/y,Neutral|Bad|Good,2,2,0,100.0,0.0,inf,2025-08-07_2025-08-16|2023-08-08_2023-08-17
0.0,3,CPI m/m|Core PPI m/m|CPI y/y,Good|Neutral|Neutral,1,1,0,100.0,0.0,inf,2018-05-06_2018-05-15
0.0,3,CPI m/m|Core PPI m/m|CPI y/y,Bad|Bad|Neutral,1,1,0,100.0,0.0,inf,2019-07-10_2019-07-19
0.0,3,CPI m/m|Core PPI m/m|CPI y/y,Neutral|Bad|Neutral,1,1,0,100.0,0.0,inf,2020-10-12_2020-10-21
0.1,3,CPI m/m|Core PPI m/m|CPI y/y,Neutral|Neutral|Bad,2,1,1,50.0,50.0,1.0,2019-02-10_2019-02-19|2023-09-07_2023-09-16
0.1,3,CPI m/m|Core PPI m/m|CPI y/y,Neutral|Neutral|Good,2,1,1,50.0,50.0,1.0,2019-03-12_2019-03-21|2020-06-04_2020-06-13
0.1,3,CPI m/m|Core PPI m/m|CPI y/y,Neutral|Neutral|Neutral,6,5,1,83.3,16.7,5.0,2019-06-10_2019-06-19|2021-01-10_2021-01-19|2022-01-05_2022-01-14|2018-05-06_2018-05-15|2019-07-10_2019-07-19|2023-08-08_2023-08-17
0.1,3,CPI m/m|Core PPI m/m|CPI y/y,Bad|Bad|Bad,3,3,0,100.0,0.0,inf,2020-09-02_2020-09-11|2021-07-09_2021-07-18|2020-08-03_2020-08-12
0.1,3,CPI m/m|Core PPI m/m|CPI y/y,Bad|Neutral|Bad,2,2,0,100.0,0.0,inf,2021-11-06_2021-11-15|2023-10-07_2023-10-16
0.1,3,CPI m/m|Core PPI m/m|CPI y/y,Neutral|Good|Neutral,3,1,2,33.3,66.7,0.5,2022-03-06_2022-03-15|2023-04-10_2023-04-19|2019-01-11_2019-01-20
0.1,3,CPI m/m|Core PPI m/m|CPI y/y,Neutral|Good|Bad,2,2,0,100.0,0.0,inf,2024-01-05_2024-01-14|2025-07-08_2025-07-17
0.1,3,CPI m/m|Core PPI m/m|CPI y/y,Good|Bad|Good,1,0,1,0.0,100.0,0.0,2024-07-03_2024-07-12
0.1,3,CPI m/m|Core PPI m/m|CPI y/y,Good|Good|Good,3,3,0,100.0,0.0,inf,2025-04-09_2025-04-18|2020-05-05_2020-05-14|2022-08-03_2022-08-12
0.1,3,CPI m/m|Core PPI m/m|CPI y/y,Neutral|Good|Good,2,1,1,50.0,50.0,1.0,2025-06-08_2025-06-17|2024-08-12_2024-08-21
0.1,3,CPI m/m|Core PPI m/m|CPI y/y,Neutral|Bad|Neutral,2,2,0,100.0,0.0,inf,2025-08-07_2025-08-16|2020-10-12_2020-10-21
0.2,3,CPI m/m|Core PPI m/m|CPI y/y,Neutral|Neutral|Neutral,20,15,5,75.0,25.0,3.0,2019-02-10_2019-02-19|2019-03-12_2019-03-21|2019-06-10_2019-06-19|2020-06-04_2020-06-13|2020-09-02_2020-09-11|2021-01-10_2021-01-19|2022-01-05_2022-01-14|2023-09-07_2023-09-16|2024-01-05_2024-01-14|2024-07-03_2024-07-12|2025-06-08_2025-06-17|2025-07-08_2025-07-17|2023-10-07_2023-10-16|2024-08-12_2024-08-21|2018-05-06_2018-05-15|2019-07-10_2019-07-19|2020-05-05_2020-05-14|2020-10-12_2020-10-21|2022-08-03_2022-08-12|2023-08-08_2023-08-17
0.2,3,CPI m/m|Core PPI m/m|CPI y/y,Bad|Bad|Bad,2,2,0,100.0,0.0,inf,2021-07-09_2021-07-18|2020-08-03_2020-08-12
0.2,3,CPI m/m|Core PPI m/m|CPI y/y,Bad|Neutral|Bad,1,1,0,100.0,0.0,inf,2021-11-06_2021-11-15
0.2,3,CPI m/m|Core PPI m/m|CPI y/y,Neutral|Good|Neutral,4,2,2,50.0,50.0,1.0,2022-03-06_2022-03-15|2023-04-10_2023-04-19|2025-04-09_2025-04-18|2019-01-11_2019-01-20
0.2,3,CPI m/m|Core PPI m/m|CPI y/y,Neutral|Bad|Neutral,1,1,0,100.0,0.0,inf,2025-08-07_2025-08-16
0.3,3,CPI m/m|Core PPI m/m|CPI y/y,Neutral|Neutral|Neutral,20,15,5,75.0,25.0,3.0,2019-02-10_2019-02-19|2019-03-12_2019-03-21|2019-06-10_2019-06-19|2020-06-04_2020-06-13|2020-09-02_2020-09-11|2021-01-10_2021-01-19|2022-01-05_2022-01-14|2023-09-07_2023-09-16|2024-01-05_2024-01-14|2024-07-03_2024-07-12|2025-06-08_2025-06-17|2025-07-08_2025-07-17|2023-10-07_2023-10-16|2024-08-12_2024-08-21|2018-05-06_2018-05-15|2019-07-10_2019-07-19|2020-05-05_2020-05-14|2020-10-12_2020-10-21|2022-08-03_2022-08-12|2023-08-08_2023-08-17
0.3,3,CPI m/m|Core PPI m/m|CPI y/y,Bad|Bad|Bad,1,1,0,100.0,0.0,inf,2021-07-09_2021-07-18
0.3,3,CPI m/m|Core PPI m/m|CPI y/y,Bad|Neutral|Neutral,1,1,0,100.0,0.0,inf,2021-11-06_2021-11-15
0.3,3,CPI m/m|Core PPI m/m|CPI y/y,Neutral|Good|Neutral,4,2,2,50.0,50.0,1.0,2022-03-06_2022-03-15|2023-04-10_2023-04-19|2025-04-09_2025-04-18|2019-01-11_2019-01-20
0.3,3,CPI m/m|Core PPI m/m|CPI y/y,Neutral|Bad|Neutral,1,1,0,100.0,0.0,inf,2025-08-07_2025-08-16
0.3,3,CPI m/m|Core PPI m/m|CPI y/y,Neutral|Bad|Bad,1,1,0,100.0,0.0,inf,2020-08-03_2020-08-12
0.0,3,CPI m/m|FOMC|CPI y/y,Good|Neutral|Good,1,0,1,0.0,100.0,0.0,2024-06-03_2024-06-12
0.1,3,CPI m/m|FOMC|CPI y/y,Neutral|Neutral|Good,1,0,1,0.0,100.0,0.0,2024-06-03_2024-06-12
0.2,3,CPI m/m|FOMC|CPI y/y,Neutral|Neutral|Neutral,1,0,1,0.0,100.0,0.0,2024-06-03_2024-06-12
0.3,3,CPI m/m|FOMC|CPI y/y,Neutral|Neutral|Neutral,1,0,1,0.0,100.0,0.0,2024-06-03_2024-06-12
0.0,3,Core CPI m/m|PPI m/m|Core PPI m/m,Neutral|Good|Bad,1,1,0,100.0,0.0,inf,2019-02-10_2019-02-19
0.0,3,Core CPI m/m|PPI m/m|Core PPI m/m,Good|Good|Good,6,4,2,66.7,33.3,2.0,2019-03-12_2019-03-21|2025-04-09_2025-04-18|2025-06-08_2025-06-17|2025-07-08_2025-07-17|2020-05-05_2020-05-14|2022-08-03_2022-08-12
0.0,3,Core CPI m/m|PPI m/m|Core PPI m/m,Good|Neutral|Neutral,1,0,1,0.0,100.0,0.0,2019-06-10_2019-06-19
0.0,3,Core CPI m/m|PPI m/m|Core PPI m/m,Good|Bad|Neutral,1,1,0,100.0,0.0,inf,2020-06-04_2020-06-13
0.0,3,Core CPI m/m|PPI m/m|Core PPI m/m,Bad|Bad|Bad,3,3,0,100.0,0.0,inf,2020-09-02_2020-09-11|2021-07-09_2021-07-18|2020-08-03_2020-08-12
0.0,3,Core CPI m/m|PPI m/m|Core PPI m/m,Neutral|Good|Neutral,1,1,0,100.0,0.0,inf,2021-01-10_2021-01-19
0.0,3,Core CPI m/m|PPI m/m|Core PPI m/m,Bad|Neutral|Good,1,1,0,100.0,0.0,inf,2021-11-06_2021-11-15
0.0,3,Core CPI m/m|PPI m/m|Core PPI m/m,Bad|Good|Neutral,1,1,0,100.0,0.0,inf,2022-01-05_2022-01-14
0.0,3,Core CPI m/m|PPI m/m|Core PPI m/m,Neutral|Good|Good,5,3,2,60.0,40.0,1.5,2022-03-06_2022-03-15|2023-04-10_2023-04-19|2024-01-05_2024-01-14|2024-08-12_2024-08-21|2019-01-11_2019-01-20
0.0,3,Core CPI m/m|PPI m/m|Core PPI m/m,Bad|Bad|Neutral,1,0,1,0.0,100.0,0.0,2023-09-07_2023-09-16
0.0,3,Core CPI m/m|PPI m/m|Core PPI m/m,Good|Bad|Bad,1,0,1,0.0,100.0,0.0,2024-07-03_2024-07-12
0.0,3,Core CPI m/m|PPI m/m|Core PPI m/m,Neutral|Bad|Bad,4,4,0,100.0,0.0,inf,2025-08-07_2025-08-16|2023-10-07_2023-10-16|2020-10-12_2020-10-21|2023-08-08_2023-08-17
0.0,3,Core CPI m/m|PPI m/m|Core PPI m/m,Good|Good|Neutral,1,1,0,100.0,0.0,inf,2018-05-06_2018-05-15
0.0,3,Core CPI m/m|PPI m/m|Core PPI m/m,Bad|Neutral|Bad,1,1,0,100.0,0.0,inf,2019-07-10_2019-07-19
0.1,3,Core CPI m/m|PPI m/m|Core PPI m/m,Neutral|Good|Neutral,3,3,0,100.0,0.0,inf,2019-02-10_2019-02-19|2021-01-10_2021-01-19|2022-01-05_2022-01-14
0.1,3,Core CPI m/m|PPI m/m|Core PPI m/m,Neutral|Neutral|Neutral,5,3,2,60.0,40.0,1.5,2019-03-12_2019-03-21|2019-06-10_2019-06-19|2018-05-06_2018-05-15|2019-07-10_2019-07-19|2023-08-08_2023-08-17
0.1,3,Core CPI m/m|PPI m/m|Core PPI m/m,Neutral|Bad|Neutral,3,2,1,66.7,33.3,2.0,2020-06-04_2020-06-13|2023-09-07_2023-09-16|2023-10-07_2023-10-16
0.1,3,Core CPI m/m|PPI m/m|Core PPI m/m,Bad|Neutral|Bad,1,1,0,100.0,0.0,inf,2020-09-02_2020-09-11
0.1,3,Core CPI m/m|PPI m/m|Core PPI m/m,Bad|Bad|Bad,2,2,0,100.0,0.0,inf,2021-07-09_2021-07-18|2020-08-03_2020-08-12
0.1,3,Core CPI m/m|PPI m/m|Core PPI m/m,Bad|Neutral|Neutral,1,1,0,100.0,0.0,inf,2021-11-06_2021-11-15
0.1,3,Core CPI m/m|PPI m/m|Core PPI m/m,Neutral|Good|Good,4,2,2,50.0,50.0,1.0,2022-03-06_2022-03-15|2023-04-10_2023-04-19|2024-01-05_2024-01-14|2025-07-08_2025-07-17
0.1,3,Core CPI m/m|PPI m/m|Core PPI m/m,Neutral|Neutral|Bad,1,0,1,0.0,100.0,0.0,2024-07-03_2024-07-12
0.1,3,Core CPI m/m|PPI m/m|Core PPI m/m,Good|Good|Good,3,3,0,100.0,0.0,inf,2025-04-09_2025-04-18|2020-05-05_2020-05-14|2022-08-03_2022-08-12
0.1,3,Core CPI m/m|PPI m/m|Core PPI m/m,Good|Neutral|Good,1,0,1,0.0,100.0,0.0,2025-06-08_2025-06-17
0.1,3,Core CPI m/m|PPI m/m|Core PPI m/m,Neutral|Bad|Bad,2,2,0,100.0,0.0,inf,2025-08-07_2025-08-16|2020-10-12_2020-10-21
0.1,3,Core CPI m/m|PPI m/m|Core PPI m/m,Neutral|Neutral|Good,2,2,0,100.0,0.0,inf,2024-08-12_2024-08-21|2019-01-11_2019-01-20
0.2,3,Core CPI m/m|PPI m/m|Core PPI m/m,Neutral|Neutral|Neutral,17,13,4,76.5,23.5,3.25,2019-02-10_2019-02-19|2019-03-12_2019-03-21|2019-06-10_2019-06-19|2020-09-02_2020-09-11|2021-01-10_2021-01-19|2021-11-06_2021-11-15|2022-01-05_2022-01-14|2024-01-05_2024-01-14|2024-07-03_2024-07-12|2025-06-08_2025-06-17|2025-07-08_2025-07-17|2023-10-07_2023-10-16|2024-08-12_2024-08-21|2018-05-06_2018-05-15|2019-07-10_2019-07-19|2020-10-12_2020-10-21|2023-08-08_2023-08-17
0.2,3,Core CPI m/m|PPI m/m|Core PPI m/m,Neutral|Bad|Neutral,2,1,1,50.0,50.0,1.0,2020-06-04_2020-06-13|2023-09-07_2023-09-16
0.2,3,Core CPI m/m|PPI m/m|Core PPI m/m,Bad|Bad|Bad,2,2,0,100.0,0.0,inf,2021-07-09_2021-07-18|2020-08-03_2020-08-12
0.2,3,Core CPI m/m|PPI m/m|Core PPI m/m,Neutral|Neutral|Good,2,1,1,50.0,50.0,1.0,2022-03-06_2022-03-15|2019-01-11_2019-01-20
0.2,3,Core CPI m/m|PPI m/m|Core PPI m/m,Neutral|Good|Good,2,1,1,50.0,50.0,1.0,2023-04-10_2023-04-19|2025-04-09_2025-04-18
0.2,3,Core CPI m/m|PPI m/m|Core PPI m/m,Neutral|Bad|Bad,1,1,0,100.0,0.0,inf,2025-08-07_2025-08-16
0.2,3,Core CPI m/m|PPI m/m|Core PPI m/m,Neutral|Good|Neutral,2,2,0,100.0,0.0,inf,2020-05-05_2020-05-14|2022-08-03_2022-08-12
0.3,3,Core CPI m/m|PPI m/m|Core PPI m/m,Neutral|Neutral|Neutral,18,13,5,72.2,27.8,2.6,2019-02-10_2019-02-19|2019-03-12_2019-03-21|2019-06-10_2019-06-19|2020-09-02_2020-09-11|2021-01-10_2021-01-19|2021-11-06_2021-11-15|2022-01-05_2022-01-14|2023-09-07_2023-09-16|2024-01-05_2024-01-14|2024-07-03_2024-07-12|2025-06-08_2025-06-17|2025-07-08_2025-07-17|2023-10-07_2023-10-16|2024-08-12_2024-08-21|2018-05-06_2018-05-15|2019-07-10_2019-07-19|2020-10-12_2020-10-21|2023-08-08_2023-08-17
0.3,3,Core CPI m/m|PPI m/m|Core PPI m/m,Neutral|Bad|Neutral,1,1,0,100.0,0.0,inf,2020-06-04_2020-06-13
0.3,3,Core CPI m/m|PPI m/m|Core PPI m/m,Bad|Bad|Bad,1,1,0,100.0,0.0,inf,2021-07-09_2021-07-18
0.3,3,Core CPI m/m|PPI m/m|Core PPI m/m,Neutral|Neutral|Good,2,1,1,50.0,50.0,1.0,2022-03-06_2022-03-15|2019-01-11_2019-01-20
0.3,3,Core CPI m/m|PPI m/m|Core PPI m/m,Neutral|Good|Good,2,1,1,50.0,50.0,1.0,2023-04-10_2023-04-19|2025-04-09_2025-04-18
0.3,3,Core CPI m/m|PPI m/m|Core PPI m/m,Neutral|Bad|Bad,1,1,0,100.0,0.0,inf,2025-08-07_2025-08-16
0.3,3,Core CPI m/m|PPI m/m|Core PPI m/m,Neutral|Good|Neutral,2,2,0,100.0,0.0,inf,2020-05-05_2020-05-14|2022-08-03_2022-08-12
0.3,3,Core CPI m/m|PPI m/m|Core PPI m/m,Bad|Neutral|Bad,1,1,0,100.0,0.0,inf,2020-08-03_2020-08-12
0.0,3,Core CPI m/m|PPI m/m|CPI y/y,Neutral|Good|Bad,2,2,0,100.0,0.0,inf,2019-02-10_2019-02-19|2024-01-05_2024-01-14
0.0,3,Core CPI m/m|PPI m/m|CPI y/y,Good|Good|Good,5,3,2,60.0,40.0,1.5,2019-03-12_2019-03-21|2025-04-09_2025-04-18|2025-06-08_2025-06-17|2020-05-05_2020-05-14|2022-08-03_2022-08-12
0.0,3,Core CPI m/m|PPI m/m|CPI y/y,Good|Neutral|Good,1,0,1,0.0,100.0,0.0,2019-06-10_2019-06-19
0.0,3,Core CPI m/m|PPI m/m|CPI y/y,Good|Bad|Good,2,1,1,50.0,50.0,1.0,2020-06-04_2020-06-13|2024-07-03_2024-07-12
0.0,3,Core CPI m/m|PPI m/m|CPI y/y,Bad|Bad|Bad,4,3,1,75.0,25.0,3.0,2020-09-02_2020-09-11|2021-07-09_2021-07-18|2023-09-07_2023-09-16|2020-08-03_2020-08-12
0.0,3,Core CPI m/m|PPI m/m|CPI y/y,Neutral|Good|Neutral,3,2,1,66.7,33.3,2.0,2021-01-10_2021-01-19|2022-03-06_2022-03-15|2019-01-11_2019-01-20
0.0,3,Core CPI m/m|PPI m/m|CPI y/y,Bad|Neutral|Bad,1,1,0,100.0,0.0,inf,2021-11-06_2021-11-15
0.0,3,Core CPI m/m|PPI m/m|CPI y/y,Bad|Good|Neutral,1,1,0,100.0,0.0,inf,2022-01-05_2022-01-14
0.0,3,Core CPI m/m|PPI m/m|CPI y/y,Neutral|Good|Good,2,1,1,50.0,50.0,1.0,2023-04-10_2023-04-19|2024-08-12_2024-08-21
0.0,3,Core CPI m/m|PPI m/m|CPI y/y,Good|Good|Bad,1,1,0,100.0,0.0,inf,2025-07-08_2025-07-17
0.0,3,Core CPI m/m|PPI m/m|CPI y/y,Neutral|Bad|Good,2,2,0,100.0,0.0,inf,2025-08-07_2025-08-16|2023-08-08_2023-08-17
0.0,3,Core CPI m/m|PPI m/m|CPI y/y,Neutral|Bad|Bad,1,1,0,100.0,0.0,inf,2023-10-07_2023-10-16
0.0,3,Core CPI m/m|PPI m/m|CPI y/y,Good|Good|Neutral,1,1,0,100.0,0.0,inf,2018-05-06_2018-05-15
0.0,3,Core CPI m/m|PPI m/m|CPI y/y,Bad|Neutral|Neutral,1,1,0,100.0,0.0,inf,2019-07-10_2019-07-19
0.0,3,Core CPI m/m|PPI m/m|CPI y/y,Neutral|Bad|Neutral,1,1,0,100.0,0.0,inf,2020-10-12_2020-10-21
0.1,3,Core CPI m/m|PPI m/m|CPI y/y,Neutral|Good|Bad,3,3,0,100.0,0.0,inf,2019-02-10_2019-02-19|2024-01-05_2024-01-14|2025-07-08_2025-07-17
0.1,3,Core CPI m/m|PPI m/m|CPI y/y,Neutral|Neutral|Good,3,1,2,33.3,66.7,0.5,2019-03-12_2019-03-21|2024-07-03_2024-07-12|2024-08-12_2024-08-21
0.1,3,Core CPI m/m|PPI m/m|CPI y/y,Neutral|Neutral|Neutral,5,4,1,80.0,20.0,4.0,2019-06-10_2019-06-19|2018-05-06_2018-05-15|2019-01-11_2019-01-20|2019-07-10_2019-07-19|2023-08-08_2023-08-17
0.1,3,Core CPI m/m|PPI m/m|CPI y/y,Neutral|Bad|Good,1,1,0,100.0,0.0,inf,2020-06-04_2020-06-13
0.1,3,Core CPI m/m|PPI m/m|CPI y/y,Bad|Neutral|Bad,2,2,0,100.0,0.0,inf,2020-09-02_2020-09-11|2021-11-06_2021-11-15
0.1,3,Core CPI m/m|PPI m/m|CPI y/y,Neutral|Good|Neutral,4,2,2,50.0,50.0,1.0,2021-01-10_2021-01-19|2022-01-05_2022-01-14|2022-03-06_2022-03-15|2023-04-10_2023-04-19
0.1,3,Core CPI m/m|PPI m/m|CPI y/y,Bad|Bad|Bad,2,2,0,100.0,0.0,inf,2021-07-09_2021-07-18|2020-08-03_2020-08-12
0.1,3,Core CPI m/m|PPI m/m|CPI y/y,Neutral|Bad|Bad,2,1,1,50.0,50.0,1.0,2023-09-07_2023-09-16|2023-10-07_2023-10-16
0.1,3,Core CPI m/m|PPI m/m|CPI y/y,Good|Good|Good,3,3,0,100.0,0.0,inf,2025-04-09_2025-04-18|2020-05-05_2020-05-14|2022-08-03_2022-08-12
0.1,3,Core CPI m/m|PPI m/m|CPI y/y,Good|Neutral|Good,1,0,1,0.0,100.0,0.0,2025-06-08_2025-06-17
0.1,3,Core CPI m/m|PPI m/m|CPI y/y,Neutral|Bad|Neutral,2,2,0,100.0,0.0,inf,2025-08-07_2025-08-16|2020-10-12_2020-10-21
0.2,3,Core CPI m/m|PPI m/m|CPI y/y,Neutral|Neutral|Neutral,18,13,5,72.2,27.8,2.6,2019-02-10_2019-02-19|2019-03-12_2019-03-21|2019-06-10_2019-06-19|2020-09-02_2020-09-11|2021-01-10_2021-01-19|2022-01-05_2022-01-14|2022-03-06_2022-03-15|2024-01-05_2024-01-14|2024-07-03_2024-07-12|2025-06-08_2025-06-17|2025-07-08_2025-07-17|2023-10-07_2023-10-16|2024-08-12_2024-08-21|2018-05-06_2018-05-15|2019-01-11_2019-01-20|2019-07-10_2019-07-19|2020-10-12_2020-10-21|2023-08-08_2023-08-17
0.2,3,Core CPI m/m|PPI m/m|CPI y/y,Neutral|Bad|Neutral,3,2,1,66.7,33.3,2.0,2020-06-04_2020-06-13|2023-09-07_2023-09-16|2025-08-07_2025-08-16
0.2,3,Core CPI m/m|PPI m/m|CPI y/y,Bad|Bad|Bad,2,2,0,100.0,0.0,inf,2021-07-09_2021-07-18|2020-08-03_2020-08-12
0.2,3,Core CPI m/m|PPI m/m|CPI y/y,Neutral|Neutral|Bad,1,1,0,100.0,0.0,inf,2021-11-06_2021-11-15
0.2,3,Core CPI m/m|PPI m/m|CPI y/y,Neutral|Good|Neutral,4,3,1,75.0,25.0,3.0,2023-04-10_2023-04-19|2025-04-09_2025-04-18|2020-05-05_2020-05-14|2022-08-03_2022-08-12
0.3,3,Core CPI m/m|PPI m/m|CPI y/y,Neutral|Neutral|Neutral,20,14,6,70.0,30.0,2.33,2019-02-10_2019-02-19|2019-03-12_2019-03-21|2019-06-10_2019-06-19|2020-09-02_2020-09-11|2021-01-10_2021-01-19|2021-11-06_2021-11-15|2022-01-05_2022-01-14|2022-03-06_2022-03-15|2023-09-07_2023-09-16|2024-01-05_2024-01-14|2024-07-03_2024-07-12|2025-06-08_2025-06-17|2025-07-08_2025-07-17|2023-10-07_2023-10-16|2024-08-12_2024-08-21|2018-05-06_2018-05-15|2019-01-11_2019-01-20|2019-07-10_2019-07-19|2020-10-12_2020-10-21|2023-08-08_2023-08-17
0.3,3,Core CPI m/m|PPI m/m|CPI y/y,Neutral|Bad|Neutral,2,2,0,100.0,0.0,inf,2020-06-04_2020-06-13|2025-08-07_2025-08-16
0.3,3,Core CPI m/m|PPI m/m|CPI y/y,Bad|Bad|Bad,1,1,0,100.0,0.0,inf,2021-07-09_2021-07-18
0.3,3,Core CPI m/m|PPI m/m|CPI y/y,Neutral|Good|Neutral,4,3,1,75.0,25.0,3.0,2023-04-10_2023-04-19|2025-04-09_2025-04-18|2020-05-05_2020-05-14|2022-08-03_2022-08-12
0.3,3,Core CPI m/m|PPI m/m|CPI y/y,Bad|Neutral|Bad,1,1,0,100.0,0.0,inf,2020-08-03_2020-08-12
0.0,3,Core CPI m/m|Core PPI m/m|CPI y/y,Neutral|Bad|Bad,2,2,0,100.0,0.0,inf,2019-02-10_2019-02-19|2023-10-07_2023-10-16
0.0,3,Core CPI m/m|Core PPI m/m|CPI y/y,Good|Good|Good,5,3,2,60.0,40.0,1.5,2019-03-12_2019-03-21|2025-04-09_2025-04-18|2025-06-08_2025-06-17|2020-05-05_2020-05-14|2022-08-03_2022-08-12
0.0,3,Core CPI m/m|Core PPI m/m|CPI y/y,Good|Neutral|Good,2,1,1,50.0,50.0,1.0,2019-06-10_2019-06-19|2020-06-04_2020-06-13
0.0,3,Core CPI m/m|Core PPI m/m|CPI y/y,Bad|Bad|Bad,3,3,0,100.0,0.0,inf,2020-09-02_2020-09-11|2021-07-09_2021-07-18|2020-08-03_2020-08-12
0.0,3,Core CPI m/m|Core PPI m/m|CPI y/y,Neutral|Neutral|Neutral,1,1,0,100.0,0.0,inf,2021-01-10_2021-01-19
0.0,3,Core CPI m/m|Core PPI m/m|CPI y/y,Bad|Good|Bad,1,1,0,100.0,0.0,inf,2021-11-06_2021-11-15
0.0,3,Core CPI m/m|Core PPI m/m|CPI y/y,Bad|Neutral|Neutral,1,1,0,100.0,0.0,inf,2022-01-05_2022-01-14
0.0,3,Core CPI m/m|Core PPI m/m|CPI y/y,Neutral|Good|Neutral,2,1,1,50.0,50.0,1.0,2022-03-06_2022-03-15|2019-01-11_2019-01-20
0.0,3,Core CPI m/m|Core PPI m/m|CPI y/y,Neutral|Good|Good,2,1,1,50.0,50.0,1.0,2023-04-10_2023-04-19|2024-08-12_2024-08-21
0.0,3,Core CPI m/m|Core PPI m/m|CPI y/y,Bad|Neutral|Bad,1,0,1,0.0,100.0,0.0,2023-09-07_2023-09-16
0.0,3,Core CPI m/m|Core PPI m/m|CPI y/y,Neutral|Good|Bad,1,1,0,100.0,0.0,inf,2024-01-05_2024-01-14
0.0,3,Core CPI m/m|Core PPI m/m|CPI y/y,Good|Bad|Good,1,0,1,0.0,100.0,0.0,2024-07-03_2024-07-12
0.0,3,Core CPI m/m|Core PPI m/m|CPI y/y,Good|Good|Bad,1,1,0,100.0,0.0,inf,2025-07-08_2025-07-17
0.0,3,Core CPI m/m|Core PPI m/m|CPI y/y,Neutral|Bad|Good,2,2,0,100.0,0.0,inf,2025-08-07_2025-08-16|2023-08-08_2023-08-17
0.0,3,Core CPI m/m|Core PPI m/m|CPI y/y,Good|Neutral|Neutral,1,1,0,100.0,0.0,inf,2018-05-06_2018-05-15
0.0,3,Core CPI m/m|Core PPI m/m|CPI y/y,Bad|Bad|Neutral,1,1,0,100.0,0.0,inf,2019-07-10_2019-07-19
0.0,3,Core CPI m/m|Core PPI m/m|CPI y/y,Neutral|Bad|Neutral,1,1,0,100.0,0.0,inf,2020-10-12_2020-10-21
0.1,3,Core CPI m/m|Core PPI m/m|CPI y/y,Neutral|Neutral|Bad,3,2,1,66.7,33.3,2.0,2019-02-10_2019-02-19|2023-09-07_2023-09-16|2023-10-07_2023-10-16
0.1,3,Core CPI m/m|Core PPI m/m|CPI y/y,Neutral|Neutral|Good,2,1,1,50.0,50.0,1.0,2019-03-12_2019-03-21|2020-06-04_2020-06-13
0.1,3,Core CPI m/m|Core PPI m/m|CPI y/y,Neutral|Neutral|Neutral,6,5,1,83.3,16.7,5.0,2019-06-10_2019-06-19|2021-01-10_2021-01-19|2022-01-05_2022-01-14|2018-05-06_2018-05-15|2019-07-10_2019-07-19|2023-08-08_2023-08-17
0.1,3,Core CPI m/m|Core PPI m/m|CPI y/y,Bad|Bad|Bad,3,3,0,100.0,0.0,inf,2020-09-02_2020-09-11|2021-07-09_2021-07-18|2020-08-03_2020-08-12
0.1,3,Core CPI m/m|Core PPI m/m|CPI y/y,Bad|Neutral|Bad,1,1,0,100.0,0.0,inf,2021-11-06_2021-11-15
0.1,3,Core CPI m/m|Core PPI m/m|CPI y/y,Neutral|Good|Neutral,3,1,2,33.3,66.7,0.5,2022-03-06_2022-03-15|2023-04-10_2023-04-19|2019-01-11_2019-01-20
0.1,3,Core CPI m/m|Core PPI m/m|CPI y/y,Neutral|Good|Bad,2,2,0,100.0,0.0,inf,2024-01-05_2024-01-14|2025-07-08_2025-07-17
0.1,3,Core CPI m/m|Core PPI m/m|CPI y/y,Neutral|Bad|Good,1,0,1,0.0,100.0,0.0,2024-07-03_2024-07-12
0.1,3,Core CPI m/m|Core PPI m/m|CPI y/y,Good|Good|Good,4,3,1,75.0,25.0,3.0,2025-04-09_2025-04-18|2025-06-08_2025-06-17|2020-05-05_2020-05-14|2022-08-03_2022-08-12
0.1,3,Core CPI m/m|Core PPI m/m|CPI y/y,Neutral|Bad|Neutral,2,2,0,100.0,0.0,inf,2025-08-07_2025-08-16|2020-10-12_2020-10-21
0.1,3,Core CPI m/m|Core PPI m/m|CPI y/y,Neutral|Good|Good,1,1,0,100.0,0.0,inf,2024-08-12_2024-08-21
0.2,3,Core CPI m/m|Core PPI m/m|CPI y/y,Neutral|Neutral|Neutral,20,15,5,75.0,25.0,3.0,2019-02-10_2019-02-19|2019-03-12_2019-03-21|2019-06-10_2019-06-19|2020-06-04_2020-06-13|2020-09-02_2020-09-11|2021-01-10_2021-01-19|2022-01-05_2022-01-14|2023-09-07_2023-09-16|2024-01-05_2024-01-14|2024-07-03_2024-07-12|2025-06-08_2025-06-17|2025-07-08_2025-07-17|2023-10-07_2023-10-16|2024-08-12_2024-08-21|2018-05-06_2018-05-15|2019-07-10_2019-07-19|2020-05-05_2020-05-14|2020-10-12_2020-10-21|2022-08-03_2022-08-12|2023-08-08_2023-08-17
0.2,3,Core CPI m/m|Core PPI m/m|CPI y/y,Bad|Bad|Bad,2,2,0,100.0,0.0,inf,2021-07-09_2021-07-18|2020-08-03_2020-08-12
0.2,3,Core CPI m/m|Core PPI m/m|CPI y/y,Neutral|Neutral|Bad,1,1,0,100.0,0.0,inf,2021-11-06_2021-11-15
0.2,3,Core CPI m/m|Core PPI m/m|CPI y/y,Neutral|Good|Neutral,4,2,2,50.0,50.0,1.0,2022-03-06_2022-03-15|2023-04-10_2023-04-19|2025-04-09_2025-04-18|2019-01-11_2019-01-20
0.2,3,Core CPI m/m|Core PPI m/m|CPI y/y,Neutral|Bad|Neutral,1,1,0,100.0,0.0,inf,2025-08-07_2025-08-16
0.3,3,Core CPI m/m|Core PPI m/m|CPI y/y,Neutral|Neutral|Neutral,21,16,5,76.2,23.8,3.2,2019-02-10_2019-02-19|2019-03-12_2019-03-21|2019-06-10_2019-06-19|2020-06-04_2020-06-13|2020-09-02_2020-09-11|2021-01-10_2021-01-19|2021-11-06_2021-11-15|2022-01-05_2022-01-14|2023-09-07_2023-09-16|2024-01-05_2024-01-14|2024-07-03_2024-07-12|2025-06-08_2025-06-17|2025-07-08_2025-07-17|2023-10-07_2023-10-16|2024-08-12_2024-08-21|2018-05-06_2018-05-15|2019-07-10_2019-07-19|2020-05-05_2020-05-14|2020-10-12_2020-10-21|2022-08-03_2022-08-12|2023-08-08_2023-08-17
0.3,3,Core CPI m/m|Core PPI m/m|CPI y/y,Bad|Bad|Bad,2,2,0,100.0,0.0,inf,2021-07-09_2021-07-18|2020-08-03_2020-08-12
0.3,3,Core CPI m/m|Core PPI m/m|CPI y/y,Neutral|Good|Neutral,4,2,2,50.0,50.0,1.0,2022-03-06_2022-03-15|2023-04-10_2023-04-19|2025-04-09_2025-04-18|2019-01-11_2019-01-20
0.3,3,Core CPI m/m|Core PPI m/m|CPI y/y,Neutral|Bad|Neutral,1,1,0,100.0,0.0,inf,2025-08-07_2025-08-16
0.0,3,Core CPI m/m|FOMC|CPI y/y,Good|Neutral|Good,1,0,1,0.0,100.0,0.0,2024-06-03_2024-06-12
0.1,3,Core CPI m/m|FOMC|CPI y/y,Neutral|Neutral|Good,1,0,1,0.0,100.0,0.0,2024-06-03_2024-06-12
0.2,3,Core CPI m/m|FOMC|CPI y/y,Neutral|Neutral|Neutral,1,0,1,0.0,100.0,0.0,2024-06-03_2024-06-12
0.3,3,Core CPI m/m|FOMC|CPI y/y,Neutral|Neutral|Neutral,1,0,1,0.0,100.0,0.0,2024-06-03_2024-06-12
0.0,3,PPI m/m|Core PPI m/m|CPI y/y,Good|Bad|Bad,1,1,0,100.0,0.0,inf,2019-02-10_2019-02-19
0.0,3,PPI m/m|Core PPI m/m|CPI y/y,Good|Good|Good,7,4,3,57.1,42.9,1.33,2019-03-12_2019-03-21|2023-04-10_2023-04-19|2025-04-09_2025-04-18|2025-06-08_2025-06-17|2024-08-12_2024-08-21|2020-05-05_2020-05-14|2022-08-03_2022-08-12
0.0,3,PPI m/m|Core PPI m/m|CPI y/y,Neutral|Neutral|Good,1,0,1,0.0,100.0,0.0,2019-06-10_2019-06-19
0.0,3,PPI m/m|Core PPI m/m|CPI y/y,Bad|Neutral|Good,1,1,0,100.0,0.0,inf,2020-06-04_2020-06-13
0.0,3,PPI m/m|Core PPI m/m|CPI y/y,Bad|Bad|Bad,4,4,0,100.0,0.0,inf,2020-09-02_2020-09-11|2021-07-09_2021-07-18|2023-10-07_2023-10-16|2020-08-03_2020-08-12
0.0,3,PPI m/m|Core PPI m/m|CPI y/y,Good|Neutral|Neutral,3,3,0,100.0,0.0,inf,2021-01-10_2021-01-19|2022-01-05_2022-01-14|2018-05-06_2018-05-15
0.0,3,PPI m/m|Core PPI m/m|CPI y/y,Neutral|Good|Bad,1,1,0,100.0,0.0,inf,2021-11-06_2021-11-15
0.0,3,PPI m/m|Core PPI m/m|CPI y/y,Good|Good|Neutral,2,1,1,50.0,50.0,1.0,2022-03-06_2022-03-15|2019-01-11_2019-01-20
0.0,3,PPI m/m|Core PPI m/m|CPI y/y,Bad|Neutral|Bad,1,0,1,0.0,100.0,0.0,2023-09-07_2023-09-16
0.0,3,PPI m/m|Core PPI m/m|CPI y/y,Good|Good|Bad,2,2,0,100.0,0.0,inf,2024-01-05_2024-01-14|2025-07-08_2025-07-17
0.0,3,PPI m/m|Core PPI m/m|CPI y/y,Bad|Bad|Good,3,2,1,66.7,33.3,2.0,2024-07-03_2024-07-12|2025-08-07_2025-08-16|2023-08-08_2023-08-17
0.0,3,PPI m/m|Core PPI m/m|CPI y/y,Neutral|Bad|Neutral,1,1,0,100.0,0.0,inf,2019-07-10_2019-07-19
0.0,3,PPI m/m|Core PPI m/m|CPI y/y,Bad|Bad|Neutral,1,1,0,100.0,0.0,inf,2020-10-12_2020-10-21
0.1,3,PPI m/m|Core PPI m/m|CPI y/y,Good|Neutral|Bad,1,1,0,100.0,0.0,inf,2019-02-10_2019-02-19
0.1,3,PPI m/m|Core PPI m/m|CPI y/y,Neutral|Neutral|Good,1,0,1,0.0,100.0,0.0,2019-03-12_2019-03-21
0.1,3,PPI m/m|Core PPI m/m|CPI y/y,Neutral|Neutral|Neutral,4,3,1,75.0,25.0,3.0,2019-06-10_2019-06-19|2018-05-06_2018-05-15|2019-07-10_2019-07-19|2023-08-08_2023-08-17
0.1,3,PPI m/m|Core PPI m/m|CPI y/y,Bad|Neutral|Good,1,1,0,100.0,0.0,inf,2020-06-04_2020-06-13
0.1,3,PPI m/m|Core PPI m/m|CPI y/y,Neutral|Bad|Bad,1,1,0,100.0,0.0,inf,2020-09-02_2020-09-11
0.1,3,PPI m/m|Core PPI m/m|CPI y/y,Good|Neutral|Neutral,2,2,0,100.0,0.0,inf,2021-01-10_2021-01-19|2022-01-05_2022-01-14
0.1,3,PPI m/m|Core PPI m/m|CPI y/y,Bad|Bad|Bad,2,2,0,100.0,0.0,inf,2021-07-09_2021-07-18|2020-08-03_2020-08-12
0.1,3,PPI m/m|Core PPI m/m|CPI y/y,Neutral|Neutral|Bad,1,1,0,100.0,0.0,inf,2021-11-06_2021-11-15
0.1,3,PPI m/m|Core PPI m/m|CPI y/y,Good|Good|Neutral,2,0,2,0.0,100.0,0.0,2022-03-06_2022-03-15|2023-04-10_2023-04-19
0.1,3,PPI m/m|Core PPI m/m|CPI y/y,Bad|Neutral|Bad,2,1,1,50.0,50.0,1.0,2023-09-07_2023-09-16|2023-10-07_2023-10-16
0.1,3,PPI m/m|Core PPI m/m|CPI y/y,Good|Good|Bad,2,2,0,100.0,0.0,inf,2024-01-05_2024-01-14|2025-07-08_2025-07-17
0.1,3,PPI m/m|Core PPI m/m|CPI y/y,Neutral|Bad|Good,1,0,1,0.0,100.0,0.0,2024-07-03_2024-07-12
0.1,3,PPI m/m|Core PPI m/m|CPI y/y,Good|Good|Good,3,3,0,100.0,0.0,inf,2025-04-09_2025-04-18|2020-05-05_2020-05-14|2022-08-03_2022-08-12
0.1,3,PPI m/m|Core PPI m/m|CPI y/y,Neutral|Good|Good,2,1,1,50.0,50.0,1.0,2025-06-08_2025-06-17|2024-08-12_2024-08-21
0.1,3,PPI m/m|Core PPI m/m|CPI y/y,Bad|Bad|Neutral,2,2,0,100.0,0.0,inf,2025-08-07_2025-08-16|2020-10-12_2020-10-21
0.1,3,PPI m/m|Core PPI m/m|CPI y/y,Neutral|Good|Neutral,1,1,0,100.0,0.0,inf,2019-01-11_2019-01-20
0.2,3,PPI m/m|Core PPI m/m|CPI y/y,Neutral|Neutral|Neutral,16,12,4,75.0,25.0,3.0,2019-02-10_2019-02-19|2019-03-12_2019-03-21|2019-06-10_2019-06-19|2020-09-02_2020-09-11|2021-01-10_2021-01-19|2022-01-05_2022-01-14|2024-01-05_2024-01-14|2024-07-03_2024-07-12|2025-06-08_2025-06-17|2025-07-08_2025-07-17|2023-10-07_2023-10-16|2024-08-12_2024-08-21|2018-05-06_2018-05-15|2019-07-10_2019-07-19|2020-10-12_2020-10-21|2023-08-08_2023-08-17
0.2,3,PPI m/m|Core PPI m/m|CPI y/y,Bad|Neutral|Neutral,2,1,1,50.0,50.0,1.0,2020-06-04_2020-06-13|2023-09-07_2023-09-16
0.2,3,PPI m/m|Core PPI m/m|CPI y/y,Bad|Bad|Bad,2,2,0,100.0,0.0,inf,2021-07-09_2021-07-18|2020-08-03_2020-08-12
0.2,3,PPI m/m|Core PPI m/m|CPI y/y,Neutral|Neutral|Bad,1,1,0,100.0,0.0,inf,2021-11-06_2021-11-15
0.2,3,PPI m/m|Core PPI m/m|CPI y/y,Neutral|Good|Neutral,2,1,1,50.0,50.0,1.0,2022-03-06_2022-03-15|2019-01-11_2019-01-20
0.2,3,PPI m/m|Core PPI m/m|CPI y/y,Good|Good|Neutral,2,1,1,50.0,50.0,1.0,2023-04-10_2023-04-19|2025-04-09_2025-04-18
0.2,3,PPI m/m|Core PPI m/m|CPI y/y,Bad|Bad|Neutral,1,1,0,100.0,0.0,inf,2025-08-07_2025-08-16
0.2,3,PPI m/m|Core PPI m/m|CPI y/y,Good|Neutral|Neutral,2,2,0,100.0,0.0,inf,2020-05-05_2020-05-14|2022-08-03_2022-08-12
0.3,3,PPI m/m|Core PPI m/m|CPI y/y,Neutral|Neutral|Neutral,18,13,5,72.2,27.8,2.6,2019-02-10_2019-02-19|2019-03-12_2019-03-21|2019-06-10_2019-06-19|2020-09-02_2020-09-11|2021-01-10_2021-01-19|2021-11-06_2021-11-15|2022-01-05_2022-01-14|2023-09-07_2023-09-16|2024-01-05_2024-01-14|2024-07-03_2024-07-12|2025-06-08_2025-06-17|2025-07-08_2025-07-17|2023-10-07_2023-10-16|2024-08-12_2024-08-21|2018-05-06_2018-05-15|2019-07-10_2019-07-19|2020-10-12_2020-10-21|2023-08-08_2023-08-17
0.3,3,PPI m/m|Core PPI m/m|CPI y/y,Bad|Neutral|Neutral,1,1,0,100.0,0.0,inf,2020-06-04_2020-06-13
0.3,3,PPI m/m|Core PPI m/m|CPI y/y,Bad|Bad|Bad,1,1,0,100.0,0.0,inf,2021-07-09_2021-07-18
0.3,3,PPI m/m|Core PPI m/m|CPI y/y,Neutral|Good|Neutral,2,1,1,50.0,50.0,1.0,2022-03-06_2022-03-15|2019-01-11_2019-01-20
0.3,3,PPI m/m|Core PPI m/m|CPI y/y,Good|Good|Neutral,2,1,1,50.0,50.0,1.0,2023-04-10_2023-04-19|2025-04-09_2025-04-18
0.3,3,PPI m/m|Core PPI m/m|CPI y/y,Bad|Bad|Neutral,1,1,0,100.0,0.0,inf,2025-08-07_2025-08-16
0.3,3,PPI m/m|Core PPI m/m|CPI y/y,Good|Neutral|Neutral,2,2,0,100.0,0.0,inf,2020-05-05_2020-05-14|2022-08-03_2022-08-12
0.3,3,PPI m/m|Core PPI m/m|CPI y/y,Neutral|Bad|Bad,1,1,0,100.0,0.0,inf,2020-08-03_2020-08-12
0.0,4,CPI m/m|Core CPI m/m|PPI m/m|Core PPI m/m,Good|Neutral|Good|Bad,1,1,0,100.0,0.0,inf,2019-02-10_2019-02-19
0.0,4,CPI m/m|Core CPI m/m|PPI m/m|Core PPI m/m,Neutral|Good|Good|Good,2,1,1,50.0,50.0,1.0,2019-03-12_2019-03-21|2025-07-08_2025-07-17
0.0,4,CPI m/m|Core CPI m/m|PPI m/m|Core PPI m/m,Neutral|Good|Neutral|Neutral,1,0,1,0.0,100.0,0.0,2019-06-10_2019-06-19
0.0,4,CPI m/m|Core CPI m/m|PPI m/m|Core PPI m/m,Good|Good|Bad|Neutral,1,1,0,100.0,0.0,inf,2020-06-04_2020-06-13
0.0,4,CPI m/m|Core CPI m/m|PPI m/m|Core PPI m/m,Bad|Bad|Bad|Bad,3,3,0,100.0,0.0,inf,2020-09-02_2020-09-11|2021-07-09_2021-07-18|2020-08-03_2020-08-12
0.0,4,CPI m/m|Core CPI m/m|PPI m/m|Core PPI m/m,Neutral|Neutral|Good|Neutral,1,1,0,100.0,0.0,inf,2021-01-10_2021-01-19
0.0,4,CPI m/m|Core CPI m/m|PPI m/m|Core PPI m/m,Bad|Bad|Neutral|Good,1,1,0,100.0,0.0,inf,2021-11-06_2021-11-15
0.0,4,CPI m/m|Core CPI m/m|PPI m/m|Core PPI m/m,Bad|Bad|Good|Neutral,1,1,0,100.0,0.0,inf,2022-01-05_2022-01-14
0.0,4,CPI m/m|Core CPI m/m|PPI m/m|Core PPI m/m,Neutral|Neutral|Good|Good,3,2,1,66.7,33.3,2.0,2022-03-06_2022-03-15|2024-08-12_2024-08-21|2019-01-11_2019-01-20
0.0,4,CPI m/m|Core CPI m/m|PPI m/m|Core PPI m/m,Good|Neutral|Good|Good,1,0,1,0.0,100.0,0.0,2023-04-10_2023-04-19
0.0,4,CPI m/m|Core CPI m/m|PPI m/m|Core PPI m/m,Neutral|Bad|Bad|Neutral,1,0,1,0.0,100.0,0.0,2023-09-07_2023-09-16
0.0,4,CPI m/m|Core CPI m/m|PPI m/m|Core PPI m/m,Bad|Neutral|Good|Good,1,1,0,100.0,0.0,inf,2024-01-05_2024-01-14
0.0,4,CPI m/m|Core CPI m/m|PPI m/m|Core PPI m/m,Good|Good|Bad|Bad,1,0,1,0.0,100.0,0.0,2024-07-03_2024-07-12
0.0,4,CPI m/m|Core CPI m/m|PPI m/m|Core PPI m/m,Good|Good|Good|Good,4,3,1,75.0,25.0,3.0,2025-04-09_2025-04-18|2025-06-08_2025-06-17|2020-05-05_2020-05-14|2022-08-03_2022-08-12
0.0,4,CPI m/m|Core CPI m/m|PPI m/m|Core PPI m/m,Neutral|Neutral|Bad|Bad,3,3,0,100.0,0.0,inf,2025-08-07_2025-08-16|2020-10-12_2020-10-21|2023-08-08_2023-08-17
0.0,4,CPI m/m|Core CPI m/m|PPI m/m|Core PPI m/m,Bad|Neutral|Bad|Bad,1,1,0,100.0,0.0,inf,2023-10-07_2023-10-16
0.0,4,CPI m/m|Core CPI m/m|PPI m/m|Core PPI m/m,Good|Good|Good|Neutral,1,1,0,100.0,0.0,inf,2018-05-06_2018-05-15
0.0,4,CPI m/m|Core CPI m/m|PPI m/m|Core PPI m/m,Bad|Bad|Neutral|Bad,1,1,0,100.0,0.0,inf,2019-07-10_2019-07-19
0.1,4,CPI m/m|Core CPI m/m|PPI m/m|Core PPI m/m,Neutral|Neutral|Good|Neutral,3,3,0,100.0,0.0,inf,2019-02-10_2019-02-19|2021-01-10_2021-01-19|2022-01-05_2022-01-14
0.1,4,CPI m/m|Core CPI m/m|PPI m/m|Core PPI m/m,Neutral|Neutral|Neutral|Neutral,5,3,2,60.0,40.0,1.5,2019-03-12_2019-03-21|2019-06-10_2019-06-19|2018-05-06_2018-05-15|2019-07-10_2019-07-19|2023-08-08_2023-08-17
0.1,4,CPI m/m|Core CPI m/m|PPI m/m|Core PPI m/m,Neutral|Neutral|Bad|Neutral,2,1,1,50.0,50.0,1.0,2020-06-04_2020-06-13|2023-09-07_2023-09-16
0.1,4,CPI m/m|Core CPI m/m|PPI m/m|Core PPI m/m,Bad|Bad|Neutral|Bad,1,1,0,100.0,0.0,inf,2020-09-02_2020-09-11
0.1,4,CPI m/m|Core CPI m/m|PPI m/m|Core PPI m/m,Bad|Bad|Bad|Bad,2,2,0,100.0,0.0,inf,2021-07-09_2021-07-18|2020-08-03_2020-08-12
0.1,4,CPI m/m|Core CPI m/m|PPI m/m|Core PPI m/m,Bad|Bad|Neutral|Neutral,1,1,0,100.0,0.0,inf,2021-11-06_2021-11-15
0.1,4,CPI m/m|Core CPI m/m|PPI m/m|Core PPI m/m,Neutral|Neutral|Good|Good,4,2,2,50.0,50.0,1.0,2022-03-06_2022-03-15|2023-04-10_2023-04-19|2024-01-05_2024-01-14|2025-07-08_2025-07-17
0.1,4,CPI m/m|Core CPI m/m|PPI m/m|Core PPI m/m,Good|Neutral|Neutral|Bad,1,0,1,0.0,100.0,0.0,2024-07-03_2024-07-12
0.1,4,CPI m/m|Core CPI m/m|PPI m/m|Core PPI m/m,Good|Good|Good|Good,3,3,0,100.0,0.0,inf,2025-04-09_2025-04-18|2020-05-05_2020-05-14|2022-08-03_2022-08-12
0.1,4,CPI m/m|Core CPI m/m|PPI m/m|Core PPI m/m,Neutral|Good|Neutral|Good,1,0,1,0.0,100.0,0.0,2025-06-08_2025-06-17
0.1,4,CPI m/m|Core CPI m/m|PPI m/m|Core PPI m/m,Neutral|Neutral|Bad|Bad,2,2,0,100.0,0.0,inf,2025-08-07_2025-08-16|2020-10-12_2020-10-21
0.1,4,CPI m/m|Core CPI m/m|PPI m/m|Core PPI m/m,Bad|Neutral|Bad|Neutral,1,1,0,100.0,0.0,inf,2023-10-07_2023-10-16
0.1,4,CPI m/m|Core CPI m/m|PPI m/m|Core PPI m/m,Neutral|Neutral|Neutral|Good,2,2,0,100.0,0.0,inf,2024-08-12_2024-08-21|2019-01-11_2019-01-20
0.2,4,CPI m/m|Core CPI m/m|PPI m/m|Core PPI m/m,Neutral|Neutral|Neutral|Neutral,16,12,4,75.0,25.0,3.0,2019-02-10_2019-02-19|2019-03-12_2019-03-21|2019-06-10_2019-06-19|2020-09-02_2020-09-11|2021-01-10_2021-01-19|2022-01-05_2022-01-14|2024-01-05_2024-01-14|2024-07-03_2024-07-12|2025-06-08_2025-06-17|2025-07-08_2025-07-17|2023-10-07_2023-10-16|2024-08-12_2024-08-21|2018-05-06_2018-05-15|2019-07-10_2019-07-19|2020-10-12_2020-10-21|2023-08-08_2023-08-17
0.2,4,CPI m/m|Core CPI m/m|PPI m/m|Core PPI m/m,Neutral|Neutral|Bad|Neutral,2,1,1,50.0,50.0,1.0,2020-06-04_2020-06-13|2023-09-07_2023-09-16
0.2,4,CPI m/m|Core CPI m/m|PPI m/m|Core PPI m/m,Bad|Bad|Bad|Bad,2,2,0,100.0,0.0,inf,2021-07-09_2021-07-18|2020-08-03_2020-08-12
0.2,4,CPI m/m|Core CPI m/m|PPI m/m|Core PPI m/m,Bad|Neutral|Neutral|Neutral,1,1,0,100.0,0.0,inf,2021-11-06_2021-11-15
0.2,4,CPI m/m|Core CPI m/m|PPI m/m|Core PPI m/m,Neutral|Neutral|Neutral|Good,2,1,1,50.0,50.0,1.0,2022-03-06_2022-03-15|2019-01-11_2019-01-20
0.2,4,CPI m/m|Core CPI m/m|PPI m/m|Core PPI m/m,Neutral|Neutral|Good|Good,2,1,1,50.0,50.0,1.0,2023-04-10_2023-04-19|2025-04-09_2025-04-18
0.2,4,CPI m/m|Core CPI m/m|PPI m/m|Core PPI m/m,Neutral|Neutral|Bad|Bad,1,1,0,100.0,0.0,inf,2025-08-07_2025-08-16
0.2,4,CPI m/m|Core CPI m/m|PPI m/m|Core PPI m/m,Neutral|Neutral|Good|Neutral,2,2,0,100.0,0.0,inf,2020-05-05_2020-05-14|2022-08-03_2022-08-12
0.3,4,CPI m/m|Core CPI m/m|PPI m/m|Core PPI m/m,Neutral|Neutral|Neutral|Neutral,17,12,5,70.6,29.4,2.4,2019-02-10_2019-02-19|2019-03-12_2019-03-21|2019-06-10_2019-06-19|2020-09-02_2020-09-11|2021-01-10_2021-01-19|2022-01-05_2022-01-14|2023-09-07_2023-09-16|2024-01-05_2024-01-14|2024-07-03_2024-07-12|2025-06-08_2025-06-17|2025-07-08_2025-07-17|2023-10-07_2023-10-16|2024-08-12_2024-08-21|2018-05-06_2018-05-15|2019-07-10_2019-07-19|2020-10-12_2020-10-21|2023-08-08_2023-08-17
0.3,4,CPI m/m|Core CPI m/m|PPI m/m|Core PPI m/m,Neutral|Neutral|Bad|Neutral,1,1,0,100.0,0.0,inf,2020-06-04_2020-06-13
0.3,4,CPI m/m|Core CPI m/m|PPI m/m|Core PPI m/m,Bad|Bad|Bad|Bad,1,1,0,100.0,0.0,inf,2021-07-09_2021-07-18
0.3,4,CPI m/m|Core CPI m/m|PPI m/m|Core PPI m/m,Bad|Neutral|Neutral|Neutral,1,1,0,100.0,0.0,inf,2021-11-06_2021-11-15
0.3,4,CPI m/m|Core CPI m/m|PPI m/m|Core PPI m/m,Neutral|Neutral|Neutral|Good,2,1,1,50.0,50.0,1.0,2022-03-06_2022-03-15|2019-01-11_2019-01-20
0.3,4,CPI m/m|Core CPI m/m|PPI m/m|Core PPI m/m,Neutral|Neutral|Good|Good,2,1,1,50.0,50.0,1.0,2023-04-10_2023-04-19|2025-04-09_2025-04-18
0.3,4,CPI m/m|Core CPI m/m|PPI m/m|Core PPI m/m,Neutral|Neutral|Bad|Bad,1,1,0,100.0,0.0,inf,2025-08-07_2025-08-16
0.3,4,CPI m/m|Core CPI m/m|PPI m/m|Core PPI m/m,Neutral|Neutral|Good|Neutral,2,2,0,100.0,0.0,inf,2020-05-05_2020-05-14|2022-08-03_2022-08-12
0.3,4,CPI m/m|Core CPI m/m|PPI m/m|Core PPI m/m,Neutral|Bad|Neutral|Bad,1,1,0,100.0,0.0,inf,2020-08-03_2020-08-12
0.0,4,CPI m/m|Core CPI m/m|PPI m/m|CPI y/y,Good|Neutral|Good|Bad,1,1,0,100.0,0.0,inf,2019-02-10_2019-02-19
0.0,4,CPI m/m|Core CPI m/m|PPI m/m|CPI y/y,Neutral|Good|Good|Good,1,0,1,0.0,100.0,0.0,2019-03-12_2019-03-21
0.0,4,CPI m/m|Core CPI m/m|PPI m/m|CPI y/y,Neutral|Good|Neutral|Good,1,0,1,0.0,100.0,0.0,2019-06-10_2019-06-19
0.0,4,CPI m/m|Core CPI m/m|PPI m/m|CPI y/y,Good|Good|Bad|Good,2,1,1,50.0,50.0,1.0,2020-06-04_2020-06-13|2024-07-03_2024-07-12
0.0,4,CPI m/m|Core CPI m/m|PPI m/m|CPI y/y,Bad|Bad|Bad|Bad,3,3,0,100.0,0.0,inf,2020-09-02_2020-09-11|2021-07-09_2021-07-18|2020-08-03_2020-08-12
0.0,4,CPI m/m|Core CPI m/m|PPI m/m|CPI y/y,Neutral|Neutral|Good|Neutral,3,2,1,66.7,33.3,2.0,2021-01-10_2021-01-19|2022-03-06_2022-03-15|2019-01-11_2019-01-20
0.0,4,CPI m/m|Core CPI m/m|PPI m/m|CPI y/y,Bad|Bad|Neutral|Bad,1,1,0,100.0,0.0,inf,2021-11-06_2021-11-15
0.0,4,CPI m/m|Core CPI m/m|PPI m/m|CPI y/y,Bad|Bad|Good|Neutral,1,1,0,100.0,0.0,inf,2022-01-05_2022-01-14
0.0,4,CPI m/m|Core CPI m/m|PPI m/m|CPI y/y,Good|Neutral|Good|Good,1,0,1,0.0,100.0,0.0,2023-04-10_2023-04-19
0.0,4,CPI m/m|Core CPI m/m|PPI m/m|CPI y/y,Neutral|Bad|Bad|Bad,1,0,1,0.0,100.0,0.0,2023-09-07_2023-09-16
0.0,4,CPI m/m|Core CPI m/m|PPI m/m|CPI y/y,Bad|Neutral|Good|Bad,1,1,0,100.0,0.0,inf,2024-01-05_2024-01-14
0.0,4,CPI m/m|Core CPI m/m|PPI m/m|CPI y/y,Good|Good|Good|Good,4,3,1,75.0,25.0,3.0,2025-04-09_2025-04-18|2025-06-08_2025-06-17|2020-05-05_2020-05-14|2022-08-03_2022-08-12
0.0,4,CPI m/m|Core CPI m/m|PPI m/m|CPI y/y,Neutral|Good|Good|Bad,1,1,0,100.0,0.0,inf,2025-07-08_2025-07-17
0.0,4,CPI m/m|Core CPI m/m|PPI m/m|CPI y/y,Neutral|Neutral|Bad|Good,2,2,0,100.0,0.0,inf,2025-08-07_2025-08-16|2023-08-08_2023-08-17
0.0,4,CPI m/m|Core CPI m/m|PPI m/m|CPI y/y,Bad|Neutral|Bad|Bad,1,1,0,100.0,0.0,inf,2023-10-07_2023-10-16
0.0,4,CPI m/m|Core CPI m/m|PPI m/m|CPI y/y,Neutral|Neutral|Good|Good,1,1,0,100.0,0.0,inf,2024-08-12_2024-08-21
0.0,4,CPI m/m|Core CPI m/m|PPI m/m|CPI y/y,Good|Good|Good|Neutral,1,1,0,100.0,0.0,inf,2018-05-06_2018-05-15
0.0,4,CPI m/m|Core CPI m/m|PPI m/m|CPI y/y,Bad|Bad|Neutral|Neutral,1,1,0,100.0,0.0,inf,2019-07-10_2019-07-19
0.0,4,CPI m/m|Core CPI m/m|PPI m/m|CPI y/y,Neutral|Neutral|Bad|Neutral,1,1,0,100.0,0.0,inf,2020-10-12_2020-10-21
0.1,4,CPI m/m|Core CPI m/m|PPI m/m|CPI y/y,Neutral|Neutral|Good|Bad,3,3,0,100.0,0.0,inf,2019-02-10_2019-02-19|2024-01-05_2024-01-14|2025-07-08_2025-07-17
0.1,4,CPI m/m|Core CPI m/m|PPI m/m|CPI y/y,Neutral|Neutral|Neutral|Good,2,1,1,50.0,50.0,1.0,2019-03-12_2019-03-21|2024-08-12_2024-08-21
0.1,4,CPI m/m|Core CPI m/m|PPI m/m|CPI y/y,Neutral|Neutral|Neutral|Neutral,5,4,1,80.0,20.0,4.0,2019-06-10_2019-06-19|2018-05-06_2018-05-15|2019-01-11_2019-01-20|2019-07-10_2019-07-19|2023-08-08_2023-08-17
0.1,4,CPI m/m|Core CPI m/m|PPI m/m|CPI y/y,Neutral|Neutral|Bad|Good,1,1,0,100.0,0.0,inf,2020-06-04_2020-06-13
0.1,4,CPI m/m|Core CPI m/m|PPI m/m|CPI y/y,Bad|Bad|Neutral|Bad,2,2,0,100.0,0.0,inf,2020-09-02_2020-09-11|2021-11-06_2021-11-15
0.1,4,CPI m/m|Core CPI m/m|PPI m/m|CPI y/y,Neutral|Neutral|Good|Neutral,4,2,2,50.0,50.0,1.0,2021-01-10_2021-01-19|2022-01-05_2022-01-14|2022-03-06_2022-03-15|2023-04-10_2023-04-19
0.1,4,CPI m/m|Core CPI m/m|PPI m/m|CPI y/y,Bad|Bad|Bad|Bad,2,2,0,100.0,0.0,inf,2021-07-09_2021-07-18|2020-08-03_2020-08-12
0.1,4,CPI m/m|Core CPI m/m|PPI m/m|CPI y/y,Neutral|Neutral|Bad|Bad,1,0,1,0.0,100.0,0.0,2023-09-07_2023-09-16
0.1,4,CPI m/m|Core CPI m/m|PPI m/m|CPI y/y,Good|Neutral|Neutral|Good,1,0,1,0.0,100.0,0.0,2024-07-03_2024-07-12
0.1,4,CPI m/m|Core CPI m/m|PPI m/m|CPI y/y,Good|Good|Good|Good,3,3,0,100.0,0.0,inf,2025-04-09_2025-04-18|2020-05-05_2020-05-14|2022-08-03_2022-08-12
0.1,4,CPI m/m|Core CPI m/m|PPI m/m|CPI y/y,Neutral|Good|Neutral|Good,1,0,1,0.0,100.0,0.0,2025-06-08_2025-06-17
0.1,4,CPI m/m|Core CPI m/m|PPI m/m|CPI y/y,Neutral|Neutral|Bad|Neutral,2,2,0,100.0,0.0,inf,2025-08-07_2025-08-16|2020-10-12_2020-10-21
0.1,4,CPI m/m|Core CPI m/m|PPI m/m|CPI y/y,Bad|Neutral|Bad|Bad,1,1,0,100.0,0.0,inf,2023-10-07_2023-10-16
0.2,4,CPI m/m|Core CPI m/m|PPI m/m|CPI y/y,Neutral|Neutral|Neutral|Neutral,18,13,5,72.2,27.8,2.6,2019-02-10_2019-02-19|2019-03-12_2019-03-21|2019-06-10_2019-06-19|2020-09-02_2020-09-11|2021-01-10_2021-01-19|2022-01-05_2022-01-14|2022-03-06_2022-03-15|2024-01-05_2024-01-14|2024-07-03_2024-07-12|2025-06-08_2025-06-17|2025-07-08_2025-07-17|2023-10-07_2023-10-16|2024-08-12_2024-08-21|2018-05-06_2018-05-15|2019-01-11_2019-01-20|2019-07-10_2019-07-19|2020-10-12_2020-10-21|2023-08-08_2023-08-17
0.2,4,CPI m/m|Core CPI m/m|PPI m/m|CPI y/y,Neutral|Neutral|Bad|Neutral,3,2,1,66.7,33.3,2.0,2020-06-04_2020-06-13|2023-09-07_2023-09-16|2025-08-07_2025-08-16
0.2,4,CPI m/m|Core CPI m/m|PPI m/m|CPI y/y,Bad|Bad|Bad|Bad,2,2,0,100.0,0.0,inf,2021-07-09_2021-07-18|2020-08-03_2020-08-12
0.2,4,CPI m/m|Core CPI m/m|PPI m/m|CPI y/y,Bad|Neutral|Neutral|Bad,1,1,0,100.0,0.0,inf,2021-11-06_2021-11-15
0.2,4,CPI m/m|Core CPI m/m|PPI m/m|CPI y/y,Neutral|Neutral|Good|Neutral,4,3,1,75.0,25.0,3.0,2023-04-10_2023-04-19|2025-04-09_2025-04-18|2020-05-05_2020-05-14|2022-08-03_2022-08-12
0.3,4,CPI m/m|Core CPI m/m|PPI m/m|CPI y/y,Neutral|Neutral|Neutral|Neutral,19,13,6,68.4,31.6,2.17,2019-02-10_2019-02-19|2019-03-12_2019-03-21|2019-06-10_2019-06-19|2020-09-02_2020-09-11|2021-01-10_2021-01-19|2022-01-05_2022-01-14|2022-03-06_2022-03-15|2023-09-07_2023-09-16|2024-01-05_2024-01-14|2024-07-03_2024-07-12|2025-06-08_2025-06-17|2025-07-08_2025-07-17|2023-10-07_2023-10-16|2024-08-12_2024-08-21|2018-05-06_2018-05-15|2019-01-11_2019-01-20|2019-07-10_2019-07-19|2020-10-12_2020-10-21|2023-08-08_2023-08-17
0.3,4,CPI m/m|Core CPI m/m|PPI m/m|CPI y/y,Neutral|Neutral|Bad|Neutral,2,2,0,100.0,0.0,inf,2020-06-04_2020-06-13|2025-08-07_2025-08-16
0.3,4,CPI m/m|Core CPI m/m|PPI m/m|CPI y/y,Bad|Bad|Bad|Bad,1,1,0,100.0,0.0,inf,2021-07-09_2021-07-18
0.3,4,CPI m/m|Core CPI m/m|PPI m/m|CPI y/y,Bad|Neutral|Neutral|Neutral,1,1,0,100.0,0.0,inf,2021-11-06_2021-11-15
0.3,4,CPI m/m|Core CPI m/m|PPI m/m|CPI y/y,Neutral|Neutral|Good|Neutral,4,3,1,75.0,25.0,3.0,2023-04-10_2023-04-19|2025-04-09_2025-04-18|2020-05-05_2020-05-14|2022-08-03_2022-08-12
0.3,4,CPI m/m|Core CPI m/m|PPI m/m|CPI y/y,Neutral|Bad|Neutral|Bad,1,1,0,100.0,0.0,inf,2020-08-03_2020-08-12
0.0,4,CPI m/m|Core CPI m/m|Core PPI m/m|CPI y/y,Good|Neutral|Bad|Bad,1,1,0,100.0,0.0,inf,2019-02-10_2019-02-19
0.0,4,CPI m/m|Core CPI m/m|Core PPI m/m|CPI y/y,Neutral|Good|Good|Good,1,0,1,0.0,100.0,0.0,2019-03-12_2019-03-21
0.0,4,CPI m/m|Core CPI m/m|Core PPI m/m|CPI y/y,Neutral|Good|Neutral|Good,1,0,1,0.0,100.0,0.0,2019-06-10_2019-06-19
0.0,4,CPI m/m|Core CPI m/m|Core PPI m/m|CPI y/y,Good|Good|Neutral|Good,1,1,0,100.0,0.0,inf,2020-06-04_2020-06-13
0.0,4,CPI m/m|Core CPI m/m|Core PPI m/m|CPI y/y,Bad|Bad|Bad|Bad,3,3,0,100.0,0.0,inf,2020-09-02_2020-09-11|2021-07-09_2021-07-18|2020-08-03_2020-08-12
0.0,4,CPI m/m|Core CPI m/m|Core PPI m/m|CPI y/y,Neutral|Neutral|Neutral|Neutral,1,1,0,100.0,0.0,inf,2021-01-10_2021-01-19
0.0,4,CPI m/m|Core CPI m/m|Core PPI m/m|CPI y/y,Bad|Bad|Good|Bad,1,1,0,100.0,0.0,inf,2021-11-06_2021-11-15
0.0,4,CPI m/m|Core CPI m/m|Core PPI m/m|CPI y/y,Bad|Bad|Neutral|Neutral,1,1,0,100.0,0.0,inf,2022-01-05_2022-01-14
0.0,4,CPI m/m|Core CPI m/m|Core PPI m/m|CPI y/y,Neutral|Neutral|Good|Neutral,2,1,1,50.0,50.0,1.0,2022-03-06_2022-03-15|2019-01-11_2019-01-20
0.0,4,CPI m/m|Core CPI m/m|Core PPI m/m|CPI y/y,Good|Neutral|Good|Good,1,0,1,0.0,100.0,0.0,2023-04-10_2023-04-19
0.0,4,CPI m/m|Core CPI m/m|Core PPI m/m|CPI y/y,Neutral|Bad|Neutral|Bad,1,0,1,0.0,100.0,0.0,2023-09-07_2023-09-16
0.0,4,CPI m/m|Core CPI m/m|Core PPI m/m|CPI y/y,Bad|Neutral|Good|Bad,1,1,0,100.0,0.0,inf,2024-01-05_2024-01-14
0.0,4,CPI m/m|Core CPI m/m|Core PPI m/m|CPI y/y,Good|Good|Bad|Good,1,0,1,0.0,100.0,0.0,2024-07-03_2024-07-12
0.0,4,CPI m/m|Core CPI m/m|Core PPI m/m|CPI y/y,Good|Good|Good|Good,4,3,1,75.0,25.0,3.0,2025-04-09_2025-04-18|2025-06-08_2025-06-17|2020-05-05_2020-05-14|2022-08-03_2022-08-12
0.0,4,CPI m/m|Core CPI m/m|Core PPI m/m|CPI y/y,Neutral|Good|Good|Bad,1,1,0,100.0,0.0,inf,2025-07-08_2025-07-17
0.0,4,CPI m/m|Core CPI m/m|Core PPI m/m|CPI y/y,Neutral|Neutral|Bad|Good,2,2,0,100.0,0.0,inf,2025-08-07_2025-08-16|2023-08-08_2023-08-17
0.0,4,CPI m/m|Core CPI m/m|Core PPI m/m|CPI y/y,Bad|Neutral|Bad|Bad,1,1,0,100.0,0.0,inf,2023-10-07_2023-10-16
0.0,4,CPI m/m|Core CPI m/m|Core PPI m/m|CPI y/y,Neutral|Neutral|Good|Good,1,1,0,100.0,0.0,inf,2024-08-12_2024-08-21
0.0,4,CPI m/m|Core CPI m/m|Core PPI m/m|CPI y/y,Good|Good|Neutral|Neutral,1,1,0,100.0,0.0,inf,2018-05-06_2018-05-15
0.0,4,CPI m/m|Core CPI m/m|Core PPI m/m|CPI y/y,Bad|Bad|Bad|Neutral,1,1,0,100.0,0.0,inf,2019-07-10_2019-07-19
0.0,4,CPI m/m|Core CPI m/m|Core PPI m/m|CPI y/y,Neutral|Neutral|Bad|Neutral,1,1,0,100.0,0.0,inf,2020-10-12_2020-10-21
0.1,4,CPI m/m|Core CPI m/m|Core PPI m/m|CPI y/y,Neutral|Neutral|Neutral|Bad,2,1,1,50.0,50.0,1.0,2019-02-10_2019-02-19|2023-09-07_2023-09-16
0.1,4,CPI m/m|Core CPI m/m|Core PPI m/m|CPI y/y,Neutral|Neutral|Neutral|Good,2,1,1,50.0,50.0,1.0,2019-03-12_2019-03-21|2020-06-04_2020-06-13
0.1,4,CPI m/m|Core CPI m/m|Core PPI m/m|CPI y/y,Neutral|Neutral|Neutral|Neutral,6,5,1,83.3,16.7,5.0,2019-06-10_2019-06-19|2021-01-10_2021-01-19|2022-01-05_2022-01-14|2018-05-06_2018-05-15|2019-07-10_2019-07-19|2023-08-08_2023-08-17
0.1,4,CPI m/m|Core CPI m/m|Core PPI m/m|CPI y/y,Bad|Bad|Bad|Bad,3,3,0,100.0,0.0,inf,2020-09-02_2020-09-11|2021-07-09_2021-07-18|2020-08-03_2020-08-12
0.1,4,CPI m/m|Core CPI m/m|Core PPI m/m|CPI y/y,Bad|Bad|Neutral|Bad,1,1,0,100.0,0.0,inf,2021-11-06_2021-11-15
0.1,4,CPI m/m|Core CPI m/m|Core PPI m/m|CPI y/y,Neutral|Neutral|Good|Neutral,3,1,2,33.3,66.7,0.5,2022-03-06_2022-03-15|2023-04-10_2023-04-19|2019-01-11_2019-01-20
0.1,4,CPI m/m|Core CPI m/m|Core PPI m/m|CPI y/y,Neutral|Neutral|Good|Bad,2,2,0,100.0,0.0,inf,2024-01-05_2024-01-14|2025-07-08_2025-07-17
0.1,4,CPI m/m|Core CPI m/m|Core PPI m/m|CPI y/y,Good|Neutral|Bad|Good,1,0,1,0.0,100.0,0.0,2024-07-03_2024-07-12
0.1,4,CPI m/m|Core CPI m/m|Core PPI m/m|CPI y/y,Good|Good|Good|Good,3,3,0,100.0,0.0,inf,2025-04-09_2025-04-18|2020-05-05_2020-05-14|2022-08-03_2022-08-12
0.1,4,CPI m/m|Core CPI m/m|Core PPI m/m|CPI y/y,Neutral|Good|Good|Good,1,0,1,0.0,100.0,0.0,2025-06-08_2025-06-17
0.1,4,CPI m/m|Core CPI m/m|Core PPI m/m|CPI y/y,Neutral|Neutral|Bad|Neutral,2,2,0,100.0,0.0,inf,2025-08-07_2025-08-16|2020-10-12_2020-10-21
0.1,4,CPI m/m|Core CPI m/m|Core PPI m/m|CPI y/y,Bad|Neutral|Neutral|Bad,1,1,0,100.0,0.0,inf,2023-10-07_2023-10-16
0.1,4,CPI m/m|Core CPI m/m|Core PPI m/m|CPI y/y,Neutral|Neutral|Good|Good,1,1,0,100.0,0.0,inf,2024-08-12_2024-08-21
0.2,4,CPI m/m|Core CPI m/m|Core PPI m/m|CPI y/y,Neutral|Neutral|Neutral|Neutral,20,15,5,75.0,25.0,3.0,2019-02-10_2019-02-19|2019-03-12_2019-03-21|2019-06-10_2019-06-19|2020-06-04_2020-06-13|2020-09-02_2020-09-11|2021-01-10_2021-01-19|2022-01-05_2022-01-14|2023-09-07_2023-09-16|2024-01-05_2024-01-14|2024-07-03_2024-07-12|2025-06-08_2025-06-17|2025-07-08_2025-07-17|2023-10-07_2023-10-16|2024-08-12_2024-08-21|2018-05-06_2018-05-15|2019-07-10_2019-07-19|2020-05-05_2020-05-14|2020-10-12_2020-10-21|2022-08-03_2022-08-12|2023-08-08_2023-08-17
0.2,4,CPI m/m|Core CPI m/m|Core PPI m/m|CPI y/y,Bad|Bad|Bad|Bad,2,2,0,100.0,0.0,inf,2021-07-09_2021-07-18|2020-08-03_2020-08-12
0.2,4,CPI m/m|Core CPI m/m|Core PPI m/m|CPI y/y,Bad|Neutral|Neutral|Bad,1,1,0,100.0,0.0,inf,2021-11-06_2021-11-15
0.2,4,CPI m/m|Core CPI m/m|Core PPI m/m|CPI y/y,Neutral|Neutral|Good|Neutral,4,2,2,50.0,50.0,1.0,2022-03-06_2022-03-15|2023-04-10_2023-04-19|2025-04-09_2025-04-18|2019-01-11_2019-01-20
0.2,4,CPI m/m|Core CPI m/m|Core PPI m/m|CPI y/y,Neutral|Neutral|Bad|Neutral,1,1,0,100.0,0.0,inf,2025-08-07_2025-08-16
0.3,4,CPI m/m|Core CPI m/m|Core PPI m/m|CPI y/y,Neutral|Neutral|Neutral|Neutral,20,15,5,75.0,25.0,3.0,2019-02-10_2019-02-19|2019-03-12_2019-03-21|2019-06-10_2019-06-19|2020-06-04_2020-06-13|2020-09-02_2020-09-11|2021-01-10_2021-01-19|2022-01-05_2022-01-14|2023-09-07_2023-09-16|2024-01-05_2024-01-14|2024-07-03_2024-07-12|2025-06-08_2025-06-17|2025-07-08_2025-07-17|2023-10-07_2023-10-16|2024-08-12_2024-08-21|2018-05-06_2018-05-15|2019-07-10_2019-07-19|2020-05-05_2020-05-14|2020-10-12_2020-10-21|2022-08-03_2022-08-12|2023-08-08_2023-08-17
0.3,4,CPI m/m|Core CPI m/m|Core PPI m/m|CPI y/y,Bad|Bad|Bad|Bad,1,1,0,100.0,0.0,inf,2021-07-09_2021-07-18
0.3,4,CPI m/m|Core CPI m/m|Core PPI m/m|CPI y/y,Bad|Neutral|Neutral|Neutral,1,1,0,100.0,0.0,inf,2021-11-06_2021-11-15
0.3,4,CPI m/m|Core CPI m/m|Core PPI m/m|CPI y/y,Neutral|Neutral|Good|Neutral,4,2,2,50.0,50.0,1.0,2022-03-06_2022-03-15|2023-04-10_2023-04-19|2025-04-09_2025-04-18|2019-01-11_2019-01-20
0.3,4,CPI m/m|Core CPI m/m|Core PPI m/m|CPI y/y,Neutral|Neutral|Bad|Neutral,1,1,0,100.0,0.0,inf,2025-08-07_2025-08-16
0.3,4,CPI m/m|Core CPI m/m|Core PPI m/m|CPI y/y,Neutral|Bad|Bad|Bad,1,1,0,100.0,0.0,inf,2020-08-03_2020-08-12
0.0,4,CPI m/m|Core CPI m/m|FOMC|CPI y/y,Good|Good|Neutral|Good,1,0,1,0.0,100.0,0.0,2024-06-03_2024-06-12
0.1,4,CPI m/m|Core CPI m/m|FOMC|CPI y/y,Neutral|Neutral|Neutral|Good,1,0,1,0.0,100.0,0.0,2024-06-03_2024-06-12
0.2,4,CPI m/m|Core CPI m/m|FOMC|CPI y/y,Neutral|Neutral|Neutral|Neutral,1,0,1,0.0,100.0,0.0,2024-06-03_2024-06-12
0.3,4,CPI m/m|Core CPI m/m|FOMC|CPI y/y,Neutral|Neutral|Neutral|Neutral,1,0,1,0.0,100.0,0.0,2024-06-03_2024-06-12
0.0,4,CPI m/m|PPI m/m|Core PPI m/m|CPI y/y,Good|Good|Bad|Bad,1,1,0,100.0,0.0,inf,2019-02-10_2019-02-19
0.0,4,CPI m/m|PPI m/m|Core PPI m/m|CPI y/y,Neutral|Good|Good|Good,2,1,1,50.0,50.0,1.0,2019-03-12_2019-03-21|2024-08-12_2024-08-21
0.0,4,CPI m/m|PPI m/m|Core PPI m/m|CPI y/y,Neutral|Neutral|Neutral|Good,1,0,1,0.0,100.0,0.0,2019-06-10_2019-06-19
0.0,4,CPI m/m|PPI m/m|Core PPI m/m|CPI y/y,Good|Bad|Neutral|Good,1,1,0,100.0,0.0,inf,2020-06-04_2020-06-13
0.0,4,CPI m/m|PPI m/m|Core PPI m/m|CPI y/y,Bad|Bad|Bad|Bad,4,4,0,100.0,0.0,inf,2020-09-02_2020-09-11|2021-07-09_2021-07-18|2023-10-07_2023-10-16|2020-08-03_2020-08-12
0.0,4,CPI m/m|PPI m/m|Core PPI m/m|CPI y/y,Neutral|Good|Neutral|Neutral,1,1,0,100.0,0.0,inf,2021-01-10_2021-01-19
0.0,4,CPI m/m|PPI m/m|Core PPI m/m|CPI y/y,Bad|Neutral|Good|Bad,1,1,0,100.0,0.0,inf,2021-11-06_2021-11-15
0.0,4,CPI m/m|PPI m/m|Core PPI m/m|CPI y/y,Bad|Good|Neutral|Neutral,1,1,0,100.0,0.0,inf,2022-01-05_2022-01-14
0.0,4,CPI m/m|PPI m/m|Core PPI m/m|CPI y/y,Neutral|Good|Good|Neutral,2,1,1,50.0,50.0,1.0,2022-03-06_2022-03-15|2019-01-11_2019-01-20
0.0,4,CPI m/m|PPI m/m|Core PPI m/m|CPI y/y,Good|Good|Good|Good,5,3,2,60.0,40.0,1.5,2023-04-10_2023-04-19|2025-04-09_2025-04-18|2025-06-08_2025-06-17|2020-05-05_2020-05-14|2022-08-03_2022-08-12
0.0,4,CPI m/m|PPI m/m|Core PPI m/m|CPI y/y,Neutral|Bad|Neutral|Bad,1,0,1,0.0,100.0,0.0,2023-09-07_2023-09-16
0.0,4,CPI m/m|PPI m/m|Core PPI m/m|CPI y/y,Bad|Good|Good|Bad,1,1,0,100.0,0.0,inf,2024-01-05_2024-01-14
0.0,4,CPI m/m|PPI m/m|Core PPI m/m|CPI y/y,Good|Bad|Bad|Good,1,0,1,0.0,100.0,0.0,2024-07-03_2024-07-12
0.0,4,CPI m/m|PPI m/m|Core PPI m/m|CPI y/y,Neutral|Good|Good|Bad,1,1,0,100.0,0.0,inf,2025-07-08_2025-07-17
0.0,4,CPI m/m|PPI m/m|Core PPI m/m|CPI y/y,Neutral|Bad|Bad|Good,2,2,0,100.0,0.0,inf,2025-08-07_2025-08-16|2023-08-08_2023-08-17
0.0,4,CPI m/m|PPI m/m|Core PPI m/m|CPI y/y,Good|Good|Neutral|Neutral,1,1,0,100.0,0.0,inf,2018-05-06_2018-05-15
0.0,4,CPI m/m|PPI m/m|Core PPI m/m|CPI y/y,Bad|Neutral|Bad|Neutral,1,1,0,100.0,0.0,inf,2019-07-10_2019-07-19
0.0,4,CPI m/m|PPI m/m|Core PPI m/m|CPI y/y,Neutral|Bad|Bad|Neutral,1,1,0,100.0,0.0,inf,2020-10-12_2020-10-21
0.1,4,CPI m/m|PPI m/m|Core PPI m/m|CPI y/y,Neutral|Good|Neutral|Bad,1,1,0,100.0,0.0,inf,2019-02-10_2019-02-19
0.1,4,CPI m/m|PPI m/m|Core PPI m/m|CPI y/y,Neutral|Neutral|Neutral|Good,1,0,1,0.0,100.0,0.0,2019-03-12_2019-03-21
0.1,4,CPI m/m|PPI m/m|Core PPI m/m|CPI y/y,Neutral|Neutral|Neutral|Neutral,4,3,1,75.0,25.0,3.0,2019-06-10_2019-06-19|2018-05-06_2018-05-15|2019-07-10_2019-07-19|2023-08-08_2023-08-17
0.1,4,CPI m/m|PPI m/m|Core PPI m/m|CPI y/y,Neutral|Bad|Neutral|Good,1,1,0,100.0,0.0,inf,2020-06-04_2020-06-13
0.1,4,CPI m/m|PPI m/m|Core PPI m/m|CPI y/y,Bad|Neutral|Bad|Bad,1,1,0,100.0,0.0,inf,2020-09-02_2020-09-11
0.1,4,CPI m/m|PPI m/m|Core PPI m/m|CPI y/y,Neutral|Good|Neutral|Neutral,2,2,0,100.0,0.0,inf,2021-01-10_2021-01-19|2022-01-05_2022-01-14
0.1,4,CPI m/m|PPI m/m|Core PPI m/m|CPI y/y,Bad|Bad|Bad|Bad,2,2,0,100.0,0.0,inf,2021-07-09_2021-07-18|2020-08-03_2020-08-12
0.1,4,CPI m/m|PPI m/m|Core PPI m/m|CPI y/y,Bad|Neutral|Neutral|Bad,1,1,0,100.0,0.0,inf,2021-11-06_2021-11-15
0.1,4,CPI m/m|PPI m/m|Core PPI m/m|CPI y/y,Neutral|Good|Good|Neutral,2,0,2,0.0,100.0,0.0,2022-03-06_2022-03-15|2023-04-10_2023-04-19
0.1,4,CPI m/m|PPI m/m|Core PPI m/m|CPI y/y,Neutral|Bad|Neutral|Bad,1,0,1,0.0,100.0,0.0,2023-09-07_2023-09-16
0.1,4,CPI m/m|PPI m/m|Core PPI m/m|CPI y/y,Neutral|Good|Good|Bad,2,2,0,100.0,0.0,inf,2024-01-05_2024-01-14|2025-07-08_2025-07-17
0.1,4,CPI m/m|PPI m/m|Core PPI m/m|CPI y/y,Good|Neutral|Bad|Good,1,0,1,0.0,100.0,0.0,2024-07-03_2024-07-12
0.1,4,CPI m/m|PPI m/m|Core PPI m/m|CPI y/y,Good|Good|Good|Good,3,3,0,100.0,0.0,inf,2025-04-09_2025-04-18|2020-05-05_2020-05-14|2022-08-03_2022-08-12
0.1,4,CPI m/m|PPI m/m|Core PPI m/m|CPI y/y,Neutral|Neutral|Good|Good,2,1,1,50.0,50.0,1.0,2025-06-08_2025-06-17|2024-08-12_2024-08-21
0.1,4,CPI m/m|PPI m/m|Core PPI m/m|CPI y/y,Neutral|Bad|Bad|Neutral,2,2,0,100.0,0.0,inf,2025-08-07_2025-08-16|2020-10-12_2020-10-21
0.1,4,CPI m/m|PPI m/m|Core PPI m/m|CPI y/y,Bad|Bad|Neutral|Bad,1,1,0,100.0,0.0,inf,2023-10-07_2023-10-16
0.1,4,CPI m/m|PPI m/m|Core PPI m/m|CPI y/y,Neutral|Neutral|Good|Neutral,1,1,0,100.0,0.0,inf,2019-01-11_2019-01-20
0.2,4,CPI m/m|PPI m/m|Core PPI m/m|CPI y/y,Neutral|Neutral|Neutral|Neutral,16,12,4,75.0,25.0,3.0,2019-02-10_2019-02-19|2019-03-12_2019-03-21|2019-06-10_2019-06-19|2020-09-02_2020-09-11|2021-01-10_2021-01-19|2022-01-05_2022-01-14|2024-01-05_2024-01-14|2024-07-03_2024-07-12|2025-06-08_2025-06-17|2025-07-08_2025-07-17|2023-10-07_2023-10-16|2024-08-12_2024-08-21|2018-05-06_2018-05-15|2019-07-10_2019-07-19|2020-10-12_2020-10-21|2023-08-08_2023-08-17
0.2,4,CPI m/m|PPI m/m|Core PPI m/m|CPI y/y,Neutral|Bad|Neutral|Neutral,2,1,1,50.0,50.0,1.0,2020-06-04_2020-06-13|2023-09-07_2023-09-16
0.2,4,CPI m/m|PPI m/m|Core PPI m/m|CPI y/y,Bad|Bad|Bad|Bad,2,2,0,100.0,0.0,inf,2021-07-09_2021-07-18|2020-08-03_2020-08-12
0.2,4,CPI m/m|PPI m/m|Core PPI m/m|CPI y/y,Bad|Neutral|Neutral|Bad,1,1,0,100.0,0.0,inf,2021-11-06_2021-11-15
0.2,4,CPI m/m|PPI m/m|Core PPI m/m|CPI y/y,Neutral|Neutral|Good|Neutral,2,1,1,50.0,50.0,1.0,2022-03-06_2022-03-15|2019-01-11_2019-01-20
0.2,4,CPI m/m|PPI m/m|Core PPI m/m|CPI y/y,Neutral|Good|Good|Neutral,2,1,1,50.0,50.0,1.0,2023-04-10_2023-04-19|2025-04-09_2025-04-18
0.2,4,CPI m/m|PPI m/m|Core PPI m/m|CPI y/y,Neutral|Bad|Bad|Neutral,1,1,0,100.0,0.0,inf,2025-08-07_2025-08-16
0.2,4,CPI m/m|PPI m/m|Core PPI m/m|CPI y/y,Neutral|Good|Neutral|Neutral,2,2,0,100.0,0.0,inf,2020-05-05_2020-05-14|2022-08-03_2022-08-12
0.3,4,CPI m/m|PPI m/m|Core PPI m/m|CPI y/y,Neutral|Neutral|Neutral|Neutral,17,12,5,70.6,29.4,2.4,2019-02-10_2019-02-19|2019-03-12_2019-03-21|2019-06-10_2019-06-19|2020-09-02_2020-09-11|2021-01-10_2021-01-19|2022-01-05_2022-01-14|2023-09-07_2023-09-16|2024-01-05_2024-01-14|2024-07-03_2024-07-12|2025-06-08_2025-06-17|2025-07-08_2025-07-17|2023-10-07_2023-10-16|2024-08-12_2024-08-21|2018-05-06_2018-05-15|2019-07-10_2019-07-19|2020-10-12_2020-10-21|2023-08-08_2023-08-17
0.3,4,CPI m/m|PPI m/m|Core PPI m/m|CPI y/y,Neutral|Bad|Neutral|Neutral,1,1,0,100.0,0.0,inf,2020-06-04_2020-06-13
0.3,4,CPI m/m|PPI m/m|Core PPI m/m|CPI y/y,Bad|Bad|Bad|Bad,1,1,0,100.0,0.0,inf,2021-07-09_2021-07-18
0.3,4,CPI m/m|PPI m/m|Core PPI m/m|CPI y/y,Bad|Neutral|Neutral|Neutral,1,1,0,100.0,0.0,inf,2021-11-06_2021-11-15
0.3,4,CPI m/m|PPI m/m|Core PPI m/m|CPI y/y,Neutral|Neutral|Good|Neutral,2,1,1,50.0,50.0,1.0,2022-03-06_2022-03-15|2019-01-11_2019-01-20
0.3,4,CPI m/m|PPI m/m|Core PPI m/m|CPI y/y,Neutral|Good|Good|Neutral,2,1,1,50.0,50.0,1.0,2023-04-10_2023-04-19|2025-04-09_2025-04-18
0.3,4,CPI m/m|PPI m/m|Core PPI m/m|CPI y/y,Neutral|Bad|Bad|Neutral,1,1,0,100.0,0.0,inf,2025-08-07_2025-08-16
0.3,4,CPI m/m|PPI m/m|Core PPI m/m|CPI y/y,Neutral|Good|Neutral|Neutral,2,2,0,100.0,0.0,inf,2020-05-05_2020-05-14|2022-08-03_2022-08-12
0.3,4,CPI m/m|PPI m/m|Core PPI m/m|CPI y/y,Neutral|Neutral|Bad|Bad,1,1,0,100.0,0.0,inf,2020-08-03_2020-08-12
0.0,4,Core CPI m/m|PPI m/m|Core PPI m/m|CPI y/y,Neutral|Good|Bad|Bad,1,1,0,100.0,0.0,inf,2019-02-10_2019-02-19
0.0,4,Core CPI m/m|PPI m/m|Core PPI m/m|CPI y/y,Good|Good|Good|Good,5,3,2,60.0,40.0,1.5,2019-03-12_2019-03-21|2025-04-09_2025-04-18|2025-06-08_2025-06-17|2020-05-05_2020-05-14|2022-08-03_2022-08-12
0.0,4,Core CPI m/m|PPI m/m|Core PPI m/m|CPI y/y,Good|Neutral|Neutral|Good,1,0,1,0.0,100.0,0.0,2019-06-10_2019-06-19
0.0,4,Core CPI m/m|PPI m/m|Core PPI m/m|CPI y/y,Good|Bad|Neutral|Good,1,1,0,100.0,0.0,inf,2020-06-04_2020-06-13
0.0,4,Core CPI m/m|PPI m/m|Core PPI m/m|CPI y/y,Bad|Bad|Bad|Bad,3,3,0,100.0,0.0,inf,2020-09-02_2020-09-11|2021-07-09_2021-07-18|2020-08-03_2020-08-12
0.0,4,Core CPI m/m|PPI m/m|Core PPI m/m|CPI y/y,Neutral|Good|Neutral|Neutral,1,1,0,100.0,0.0,inf,2021-01-10_2021-01-19
0.0,4,Core CPI m/m|PPI m/m|Core PPI m/m|CPI y/y,Bad|Neutral|Good|Bad,1,1,0,100.0,0.0,inf,2021-11-06_2021-11-15
0.0,4,Core CPI m/m|PPI m/m|Core PPI m/m|CPI y/y,Bad|Good|Neutral|Neutral,1,1,0,100.0,0.0,inf,2022-01-05_2022-01-14
0.0,4,Core CPI m/m|PPI m/m|Core PPI m/m|CPI y/y,Neutral|Good|Good|Neutral,2,1,1,50.0,50.0,1.0,2022-03-06_2022-03-15|2019-01-11_2019-01-20
0.0,4,Core CPI m/m|PPI m/m|Core PPI m/m|CPI y/y,Neutral|Good|Good|Good,2,1,1,50.0,50.0,1.0,2023-04-10_2023-04-19|2024-08-12_2024-08-21
0.0,4,Core CPI m/m|PPI m/m|Core PPI m/m|CPI y/y,Bad|Bad|Neutral|Bad,1,0,1,0.0,100.0,0.0,2023-09-07_2023-09-16
0.0,4,Core CPI m/m|PPI m/m|Core PPI m/m|CPI y/y,Neutral|Good|Good|Bad,1,1,0,100.0,0.0,inf,2024-01-05_2024-01-14
0.0,4,Core CPI m/m|PPI m/m|Core PPI m/m|CPI y/y,Good|Bad|Bad|Good,1,0,1,0.0,100.0,0.0,2024-07-03_2024-07-12
0.0,4,Core CPI m/m|PPI m/m|Core PPI m/m|CPI y/y,Good|Good|Good|Bad,1,1,0,100.0,0.0,inf,2025-07-08_2025-07-17
0.0,4,Core CPI m/m|PPI m/m|Core PPI m/m|CPI y/y,Neutral|Bad|Bad|Good,2,2,0,100.0,0.0,inf,2025-08-07_2025-08-16|2023-08-08_2023-08-17
0.0,4,Core CPI m/m|PPI m/m|Core PPI m/m|CPI y/y,Neutral|Bad|Bad|Bad,1,1,0,100.0,0.0,inf,2023-10-07_2023-10-16
0.0,4,Core CPI m/m|PPI m/m|Core PPI m/m|CPI y/y,Good|Good|Neutral|Neutral,1,1,0,100.0,0.0,inf,2018-05-06_2018-05-15
0.0,4,Core CPI m/m|PPI m/m|Core PPI m/m|CPI y/y,Bad|Neutral|Bad|Neutral,1,1,0,100.0,0.0,inf,2019-07-10_2019-07-19
0.0,4,Core CPI m/m|PPI m/m|Core PPI m/m|CPI y/y,Neutral|Bad|Bad|Neutral,1,1,0,100.0,0.0,inf,2020-10-12_2020-10-21
0.1,4,Core CPI m/m|PPI m/m|Core PPI m/m|CPI y/y,Neutral|Good|Neutral|Bad,1,1,0,100.0,0.0,inf,2019-02-10_2019-02-19
0.1,4,Core CPI m/m|PPI m/m|Core PPI m/m|CPI y/y,Neutral|Neutral|Neutral|Good,1,0,1,0.0,100.0,0.0,2019-03-12_2019-03-21
0.1,4,Core CPI m/m|PPI m/m|Core PPI m/m|CPI y/y,Neutral|Neutral|Neutral|Neutral,4,3,1,75.0,25.0,3.0,2019-06-10_2019-06-19|2018-05-06_2018-05-15|2019-07-10_2019-07-19|2023-08-08_2023-08-17
0.1,4,Core CPI m/m|PPI m/m|Core PPI m/m|CPI y/y,Neutral|Bad|Neutral|Good,1,1,0,100.0,0.0,inf,2020-06-04_2020-06-13
0.1,4,Core CPI m/m|PPI m/m|Core PPI m/m|CPI y/y,Bad|Neutral|Bad|Bad,1,1,0,100.0,0.0,inf,2020-09-02_2020-09-11
0.1,4,Core CPI m/m|PPI m/m|Core PPI m/m|CPI y/y,Neutral|Good|Neutral|Neutral,2,2,0,100.0,0.0,inf,2021-01-10_2021-01-19|2022-01-05_2022-01-14
0.1,4,Core CPI m/m|PPI m/m|Core PPI m/m|CPI y/y,Bad|Bad|Bad|Bad,2,2,0,100.0,0.0,inf,2021-07-09_2021-07-18|2020-08-03_2020-08-12
0.1,4,Core CPI m/m|PPI m/m|Core PPI m/m|CPI y/y,Bad|Neutral|Neutral|Bad,1,1,0,100.0,0.0,inf,2021-11-06_2021-11-15
0.1,4,Core CPI m/m|PPI m/m|Core PPI m/m|CPI y/y,Neutral|Good|Good|Neutral,2,0,2,0.0,100.0,0.0,2022-03-06_2022-03-15|2023-04-10_2023-04-19
0.1,4,Core CPI m/m|PPI m/m|Core PPI m/m|CPI y/y,Neutral|Bad|Neutral|Bad,2,1,1,50.0,50.0,1.0,2023-09-07_2023-09-16|2023-10-07_2023-10-16
0.1,4,Core CPI m/m|PPI m/m|Core PPI m/m|CPI y/y,Neutral|Good|Good|Bad,2,2,0,100.0,0.0,inf,2024-01-05_2024-01-14|2025-07-08_2025-07-17
0.1,4,Core CPI m/m|PPI m/m|Core PPI m/m|CPI y/y,Neutral|Neutral|Bad|Good,1,0,1,0.0,100.0,0.0,2024-07-03_2024-07-12
0.1,4,Core CPI m/m|PPI m/m|Core PPI m/m|CPI y/y,Good|Good|Good|Good,3,3,0,100.0,0.0,inf,2025-04-09_2025-04-18|2020-05-05_2020-05-14|2022-08-03_2022-08-12
0.1,4,Core CPI m/m|PPI m/m|Core PPI m/m|CPI y/y,Good|Neutral|Good|Good,1,0,1,0.0,100.0,0.0,2025-06-08_2025-06-17
0.1,4,Core CPI m/m|PPI m/m|Core PPI m/m|CPI y/y,Neutral|Bad|Bad|Neutral,2,2,0,100.0,0.0,inf,2025-08-07_2025-08-16|2020-10-12_2020-10-21
0.1,4,Core CPI m/m|PPI m/m|Core PPI m/m|CPI y/y,Neutral|Neutral|Good|Good,1,1,0,100.0,0.0,inf,2024-08-12_2024-08-21
0.1,4,Core CPI m/m|PPI m/m|Core PPI m/m|CPI y/y,Neutral|Neutral|Good|Neutral,1,1,0,100.0,0.0,inf,2019-01-11_2019-01-20
0.2,4,Core CPI m/m|PPI m/m|Core PPI m/m|CPI y/y,Neutral|Neutral|Neutral|Neutral,16,12,4,75.0,25.0,3.0,2019-02-10_2019-02-19|2019-03-12_2019-03-21|2019-06-10_2019-06-19|2020-09-02_2020-09-11|2021-01-10_2021-01-19|2022-01-05_2022-01-14|2024-01-05_2024-01-14|2024-07-03_2024-07-12|2025-06-08_2025-06-17|2025-07-08_2025-07-17|2023-10-07_2023-10-16|2024-08-12_2024-08-21|2018-05-06_2018-05-15|2019-07-10_2019-07-19|2020-10-12_2020-10-21|2023-08-08_2023-08-17
0.2,4,Core CPI m/m|PPI m/m|Core PPI m/m|CPI y/y,Neutral|Bad|Neutral|Neutral,2,1,1,50.0,50.0,1.0,2020-06-04_2020-06-13|2023-09-07_2023-09-16
0.2,4,Core CPI m/m|PPI m/m|Core PPI m/m|CPI y/y,Bad|Bad|Bad|Bad,2,2,0,100.0,0.0,inf,2021-07-09_2021-07-18|2020-08-03_2020-08-12
0.2,4,Core CPI m/m|PPI m/m|Core PPI m/m|CPI y/y,Neutral|Neutral|Neutral|Bad,1,1,0,100.0,0.0,inf,2021-11-06_2021-11-15
0.2,4,Core CPI m/m|PPI m/m|Core PPI m/m|CPI y/y,Neutral|Neutral|Good|Neutral,2,1,1,50.0,50.0,1.0,2022-03-06_2022-03-15|2019-01-11_2019-01-20
0.2,4,Core CPI m/m|PPI m/m|Core PPI m/m|CPI y/y,Neutral|Good|Good|Neutral,2,1,1,50.0,50.0,1.0,2023-04-10_2023-04-19|2025-04-09_2025-04-18
0.2,4,Core CPI m/m|PPI m/m|Core PPI m/m|CPI y/y,Neutral|Bad|Bad|Neutral,1,1,0,100.0,0.0,inf,2025-08-07_2025-08-16
0.2,4,Core CPI m/m|PPI m/m|Core PPI m/m|CPI y/y,Neutral|Good|Neutral|Neutral,2,2,0,100.0,0.0,inf,2020-05-05_2020-05-14|2022-08-03_2022-08-12
0.3,4,Core CPI m/m|PPI m/m|Core PPI m/m|CPI y/y,Neutral|Neutral|Neutral|Neutral,18,13,5,72.2,27.8,2.6,2019-02-10_2019-02-19|2019-03-12_2019-03-21|2019-06-10_2019-06-19|2020-09-02_2020-09-11|2021-01-10_2021-01-19|2021-11-06_2021-11-15|2022-01-05_2022-01-14|2023-09-07_2023-09-16|2024-01-05_2024-01-14|2024-07-03_2024-07-12|2025-06-08_2025-06-17|2025-07-08_2025-07-17|2023-10-07_2023-10-16|2024-08-12_2024-08-21|2018-05-06_2018-05-15|2019-07-10_2019-07-19|2020-10-12_2020-10-21|2023-08-08_2023-08-17
0.3,4,Core CPI m/m|PPI m/m|Core PPI m/m|CPI y/y,Neutral|Bad|Neutral|Neutral,1,1,0,100.0,0.0,inf,2020-06-04_2020-06-13
0.3,4,Core CPI m/m|PPI m/m|Core PPI m/m|CPI y/y,Bad|Bad|Bad|Bad,1,1,0,100.0,0.0,inf,2021-07-09_2021-07-18
0.3,4,Core CPI m/m|PPI m/m|Core PPI m/m|CPI y/y,Neutral|Neutral|Good|Neutral,2,1,1,50.0,50.0,1.0,2022-03-06_2022-03-15|2019-01-11_2019-01-20
0.3,4,Core CPI m/m|PPI m/m|Core PPI m/m|CPI y/y,Neutral|Good|Good|Neutral,2,1,1,50.0,50.0,1.0,2023-04-10_2023-04-19|2025-04-09_2025-04-18
0.3,4,Core CPI m/m|PPI m/m|Core PPI m/m|CPI y/y,Neutral|Bad|Bad|Neutral,1,1,0,100.0,0.0,inf,2025-08-07_2025-08-16
0.3,4,Core CPI m/m|PPI m/m|Core PPI m/m|CPI y/y,Neutral|Good|Neutral|Neutral,2,2,0,100.0,0.0,inf,2020-05-05_2020-05-14|2022-08-03_2022-08-12
0.3,4,Core CPI m/m|PPI m/m|Core PPI m/m|CPI y/y,Bad|Neutral|Bad|Bad,1,1,0,100.0,0.0,inf,2020-08-03_2020-08-12
0.0,5,CPI m/m|Core CPI m/m|PPI m/m|Core PPI m/m|CPI y/y,Good|Neutral|Good|Bad|Bad,1,1,0,100.0,0.0,inf,2019-02-10_2019-02-19
0.0,5,CPI m/m|Core CPI m/m|PPI m/m|Core PPI m/m|CPI y/y,Neutral|Good|Good|Good|Good,1,0,1,0.0,100.0,0.0,2019-03-12_2019-03-21
0.0,5,CPI m/m|Core CPI m/m|PPI m/m|Core PPI m/m|CPI y/y,Neutral|Good|Neutral|Neutral|Good,1,0,1,0.0,100.0,0.0,2019-06-10_2019-06-19
0.0,5,CPI m/m|Core CPI m/m|PPI m/m|Core PPI m/m|CPI y/y,Good|Good|Bad|Neutral|Good,1,1,0,100.0,0.0,inf,2020-06-04_2020-06-13
0.0,5,CPI m/m|Core CPI m/m|PPI m/m|Core PPI m/m|CPI y/y,Bad|Bad|Bad|Bad|Bad,3,3,0,100.0,0.0,inf,2020-09-02_2020-09-11|2021-07-09_2021-07-18|2020-08-03_2020-08-12
0.0,5,CPI m/m|Core CPI m/m|PPI m/m|Core PPI m/m|CPI y/y,Neutral|Neutral|Good|Neutral|Neutral,1,1,0,100.0,0.0,inf,2021-01-10_2021-01-19
0.0,5,CPI m/m|Core CPI m/m|PPI m/m|Core PPI m/m|CPI y/y,Bad|Bad|Neutral|Good|Bad,1,1,0,100.0,0.0,inf,2021-11-06_2021-11-15
0.0,5,CPI m/m|Core CPI m/m|PPI m/m|Core PPI m/m|CPI y/y,Bad|Bad|Good|Neutral|Neutral,1,1,0,100.0,0.0,inf,2022-01-05_2022-01-14
0.0,5,CPI m/m|Core CPI m/m|PPI m/m|Core PPI m/m|CPI y/y,Neutral|Neutral|Good|Good|Neutral,2,1,1,50.0,50.0,1.0,2022-03-06_2022-03-15|2019-01-11_2019-01-20
0.0,5,CPI m/m|Core CPI m/m|PPI m/m|Core PPI m/m|CPI y/y,Good|Neutral|Good|Good|Good,1,0,1,0.0,100.0,0.0,2023-04-10_2023-04-19
0.0,5,CPI m/m|Core CPI m/m|PPI m/m|Core PPI m/m|CPI y/y,Neutral|Bad|Bad|Neutral|Bad,1,0,1,0.0,100.0,0.0,2023-09-07_2023-09-16
0.0,5,CPI m/m|Core CPI m/m|PPI m/m|Core PPI m/m|CPI y/y,Bad|Neutral|Good|Good|Bad,1,1,0,100.0,0.0,inf,2024-01-05_2024-01-14
0.0,5,CPI m/m|Core CPI m/m|PPI m/m|Core PPI m/m|CPI y/y,Good|Good|Bad|Bad|Good,1,0,1,0.0,100.0,0.0,2024-07-03_2024-07-12
0.0,5,CPI m/m|Core CPI m/m|PPI m/m|Core PPI m/m|CPI y/y,Good|Good|Good|Good|Good,4,3,1,75.0,25.0,3.0,2025-04-09_2025-04-18|2025-06-08_2025-06-17|2020-05-05_2020-05-14|2022-08-03_2022-08-12
0.0,5,CPI m/m|Core CPI m/m|PPI m/m|Core PPI m/m|CPI y/y,Neutral|Good|Good|Good|Bad,1,1,0,100.0,0.0,inf,2025-07-08_2025-07-17
0.0,5,CPI m/m|Core CPI m/m|PPI m/m|Core PPI m/m|CPI y/y,Neutral|Neutral|Bad|Bad|Good,2,2,0,100.0,0.0,inf,2025-08-07_2025-08-16|2023-08-08_2023-08-17
0.0,5,CPI m/m|Core CPI m/m|PPI m/m|Core PPI m/m|CPI y/y,Bad|Neutral|Bad|Bad|Bad,1,1,0,100.0,0.0,inf,2023-10-07_2023-10-16
0.0,5,CPI m/m|Core CPI m/m|PPI m/m|Core PPI m/m|CPI y/y,Neutral|Neutral|Good|Good|Good,1,1,0,100.0,0.0,inf,2024-08-12_2024-08-21
0.0,5,CPI m/m|Core CPI m/m|PPI m/m|Core PPI m/m|CPI y/y,Good|Good|Good|Neutral|Neutral,1,1,0,100.0,0.0,inf,2018-05-06_2018-05-15
0.0,5,CPI m/m|Core CPI m/m|PPI m/m|Core PPI m/m|CPI y/y,Bad|Bad|Neutral|Bad|Neutral,1,1,0,100.0,0.0,inf,2019-07-10_2019-07-19
0.0,5,CPI m/m|Core CPI m/m|PPI m/m|Core PPI m/m|CPI y/y,Neutral|Neutral|Bad|Bad|Neutral,1,1,0,100.0,0.0,inf,2020-10-12_2020-10-21
0.1,5,CPI m/m|Core CPI m/m|PPI m/m|Core PPI m/m|CPI y/y,Neutral|Neutral|Good|Neutral|Bad,1,1,0,100.0,0.0,inf,2019-02-10_2019-02-19
0.1,5,CPI m/m|Core CPI m/m|PPI m/m|Core PPI m/m|CPI y/y,Neutral|Neutral|Neutral|Neutral|Good,1,0,1,0.0,100.0,0.0,2019-03-12_2019-03-21
0.1,5,CPI m/m|Core CPI m/m|PPI m/m|Core PPI m/m|CPI y/y,Neutral|Neutral|Neutral|Neutral|Neutral,4,3,1,75.0,25.0,3.0,2019-06-10_2019-06-19|2018-05-06_2018-05-15|2019-07-10_2019-07-19|2023-08-08_2023-08-17
0.1,5,CPI m/m|Core CPI m/m|PPI m/m|Core PPI m/m|CPI y/y,Neutral|Neutral|Bad|Neutral|Good,1,1,0,100.0,0.0,inf,2020-06-04_2020-06-13
0.1,5,CPI m/m|Core CPI m/m|PPI m/m|Core PPI m/m|CPI y/y,Bad|Bad|Neutral|Bad|Bad,1,1,0,100.0,0.0,inf,2020-09-02_2020-09-11
0.1,5,CPI m/m|Core CPI m/m|PPI m/m|Core PPI m/m|CPI y/y,Neutral|Neutral|Good|Neutral|Neutral,2,2,0,100.0,0.0,inf,2021-01-10_2021-01-19|2022-01-05_2022-01-14
0.1,5,CPI m/m|Core CPI m/m|PPI m/m|Core PPI m/m|CPI y/y,Bad|Bad|Bad|Bad|Bad,2,2,0,100.0,0.0,inf,2021-07-09_2021-07-18|2020-08-03_2020-08-12
0.1,5,CPI m/m|Core CPI m/m|PPI m/m|Core PPI m/m|CPI y/y,Bad|Bad|Neutral|Neutral|Bad,1,1,0,100.0,0.0,inf,2021-11-06_2021-11-15
0.1,5,CPI m/m|Core CPI m/m|PPI m/m|Core PPI m/m|CPI y/y,Neutral|Neutral|Good|Good|Neutral,2,0,2,0.0,100.0,0.0,2022-03-06_2022-03-15|2023-04-10_2023-04-19
0.1,5,CPI m/m|Core CPI m/m|PPI m/m|Core PPI m/m|CPI y/y,Neutral|Neutral|Bad|Neutral|Bad,1,0,1,0.0,100.0,0.0,2023-09-07_2023-09-16
0.1,5,CPI m/m|Core CPI m/m|PPI m/m|Core PPI m/m|CPI y/y,Neutral|Neutral|Good|Good|Bad,2,2,0,100.0,0.0,inf,2024-01-05_2024-01-14|2025-07-08_2025-07-17
0.1,5,CPI m/m|Core CPI m/m|PPI m/m|Core PPI m/m|CPI y/y,Good|Neutral|Neutral|Bad|Good,1,0,1,0.0,100.0,0.0,2024-07-03_2024-07-12
0.1,5,CPI m/m|Core CPI m/m|PPI m/m|Core PPI m/m|CPI y/y,Good|Good|Good|Good|Good,3,3,0,100.0,0.0,inf,2025-04-09_2025-04-18|2020-05-05_2020-05-14|2022-08-03_2022-08-12
0.1,5,CPI m/m|Core CPI m/m|PPI m/m|Core PPI m/m|CPI y/y,Neutral|Good|Neutral|Good|Good,1,0,1,0.0,100.0,0.0,2025-06-08_2025-06-17
0.1,5,CPI m/m|Core CPI m/m|PPI m/m|Core PPI m/m|CPI y/y,Neutral|Neutral|Bad|Bad|Neutral,2,2,0,100.0,0.0,inf,2025-08-07_2025-08-16|2020-10-12_2020-10-21
0.1,5,CPI m/m|Core CPI m/m|PPI m/m|Core PPI m/m|CPI y/y,Bad|Neutral|Bad|Neutral|Bad,1,1,0,100.0,0.0,inf,2023-10-07_2023-10-16
0.1,5,CPI m/m|Core CPI m/m|PPI m/m|Core PPI m/m|CPI y/y,Neutral|Neutral|Neutral|Good|Good,1,1,0,100.0,0.0,inf,2024-08-12_2024-08-21
0.1,5,CPI m/m|Core CPI m/m|PPI m/m|Core PPI m/m|CPI y/y,Neutral|Neutral|Neutral|Good|Neutral,1,1,0,100.0,0.0,inf,2019-01-11_2019-01-20
0.2,5,CPI m/m|Core CPI m/m|PPI m/m|Core PPI m/m|CPI y/y,Neutral|Neutral|Neutral|Neutral|Neutral,16,12,4,75.0,25.0,3.0,2019-02-10_2019-02-19|2019-03-12_2019-03-21|2019-06-10_2019-06-19|2020-09-02_2020-09-11|2021-01-10_2021-01-19|2022-01-05_2022-01-14|2024-01-05_2024-01-14|2024-07-03_2024-07-12|2025-06-08_2025-06-17|2025-07-08_2025-07-17|2023-10-07_2023-10-16|2024-08-12_2024-08-21|2018-05-06_2018-05-15|2019-07-10_2019-07-19|2020-10-12_2020-10-21|2023-08-08_2023-08-17
0.2,5,CPI m/m|Core CPI m/m|PPI m/m|Core PPI m/m|CPI y/y,Neutral|Neutral|Bad|Neutral|Neutral,2,1,1,50.0,50.0,1.0,2020-06-04_2020-06-13|2023-09-07_2023-09-16
0.2,5,CPI m/m|Core CPI m/m|PPI m/m|Core PPI m/m|CPI y/y,Bad|Bad|Bad|Bad|Bad,2,2,0,100.0,0.0,inf,2021-07-09_2021-07-18|2020-08-03_2020-08-12
0.2,5,CPI m/m|Core CPI m/m|PPI m/m|Core PPI m/m|CPI y/y,Bad|Neutral|Neutral|Neutral|Bad,1,1,0,100.0,0.0,inf,2021-11-06_2021-11-15
0.2,5,CPI m/m|Core CPI m/m|PPI m/m|Core PPI m/m|CPI y/y,Neutral|Neutral|Neutral|Good|Neutral,2,1,1,50.0,50.0,1.0,2022-03-06_2022-03-15|2019-01-11_2019-01-20
0.2,5,CPI m/m|Core CPI m/m|PPI m/m|Core PPI m/m|CPI y/y,Neutral|Neutral|Good|Good|Neutral,2,1,1,50.0,50.0,1.0,2023-04-10_2023-04-19|2025-04-09_2025-04-18
0.2,5,CPI m/m|Core CPI m/m|PPI m/m|Core PPI m/m|CPI y/y,Neutral|Neutral|Bad|Bad|Neutral,1,1,0,100.0,0.0,inf,2025-08-07_2025-08-16
0.2,5,CPI m/m|Core CPI m/m|PPI m/m|Core PPI m/m|CPI y/y,Neutral|Neutral|Good|Neutral|Neutral,2,2,0,100.0,0.0,inf,2020-05-05_2020-05-14|2022-08-03_2022-08-12
0.3,5,CPI m/m|Core CPI m/m|PPI m/m|Core PPI m/m|CPI y/y,Neutral|Neutral|Neutral|Neutral|Neutral,17,12,5,70.6,29.4,2.4,2019-02-10_2019-02-19|2019-03-12_2019-03-21|2019-06-10_2019-06-19|2020-09-02_2020-09-11|2021-01-10_2021-01-19|2022-01-05_2022-01-14|2023-09-07_2023-09-16|2024-01-05_2024-01-14|2024-07-03_2024-07-12|2025-06-08_2025-06-17|2025-07-08_2025-07-17|2023-10-07_2023-10-16|2024-08-12_2024-08-21|2018-05-06_2018-05-15|2019-07-10_2019-07-19|2020-10-12_2020-10-21|2023-08-08_2023-08-17
0.3,5,CPI m/m|Core CPI m/m|PPI m/m|Core PPI m/m|CPI y/y,Neutral|Neutral|Bad|Neutral|Neutral,1,1,0,100.0,0.0,inf,2020-06-04_2020-06-13
0.3,5,CPI m/m|Core CPI m/m|PPI m/m|Core PPI m/m|CPI y/y,Bad|Bad|Bad|Bad|Bad,1,1,0,100.0,0.0,inf,2021-07-09_2021-07-18
0.3,5,CPI m/m|Core CPI m/m|PPI m/m|Core PPI m/m|CPI y/y,Bad|Neutral|Neutral|Neutral|Neutral,1,1,0,100.0,0.0,inf,2021-11-06_2021-11-15
0.3,5,CPI m/m|Core CPI m/m|PPI m/m|Core PPI m/m|CPI y/y,Neutral|Neutral|Neutral|Good|Neutral,2,1,1,50.0,50.0,1.0,2022-03-06_2022-03-15|2019-01-11_2019-01-20
0.3,5,CPI m/m|Core CPI m/m|PPI m/m|Core PPI m/m|CPI y/y,Neutral|Neutral|Good|Good|Neutral,2,1,1,50.0,50.0,1.0,2023-04-10_2023-04-19|2025-04-09_2025-04-18
0.3,5,CPI m/m|Core CPI m/m|PPI m/m|Core PPI m/m|CPI y/y,Neutral|Neutral|Bad|Bad|Neutral,1,1,0,100.0,0.0,inf,2025-08-07_2025-08-16
0.3,5,CPI m/m|Core CPI m/m|PPI m/m|Core PPI m/m|CPI y/y,Neutral|Neutral|Good|Neutral|Neutral,2,2,0,100.0,0.0,inf,2020-05-05_2020-05-14|2022-08-03_2022-08-12
0.3,5,CPI m/m|Core CPI m/m|PPI m/m|Core PPI m/m|CPI y/y,Neutral|Bad|Neutral|Bad|Bad,1,1,0,100.0,0.0,inf,2020-08-03_2020-08-12
