آستانه,تعداد_شاخص‌ها,لیست_شاخص‌ها,الگوی_وضعیت,تعداد_کل_وقوع,تعداد_ضررده,تعداد_سودده,درصد_ضررده,درصد_سودده,نسبت_شانس,دوره‌ها
0.0,1,CPI m/m,Bad,22,18,4,81.8,18.2,4.5,2020-08-13_2020-09-11|2021-04-10_2021-05-09|2021-06-09_2021-07-08|2021-07-09_2021-08-07|2021-10-07_2021-11-05|2021-11-06_2021-12-05|2022-01-05_2022-02-03|2022-05-05_2022-06-03|2022-06-04_2022-07-03|2022-07-04_2022-08-02|2022-09-02_2022-10-01|2022-10-02_2022-10-31|2023-09-27_2023-10-26|2023-12-26_2024-01-24|2024-01-25_2024-02-23|2025-08-17_2025-09-15|2021-05-10_2021-06-08|2021-12-06_2022-01-04|2022-02-04_2022-03-05|2023-11-26_2023-12-25|2024-03-25_2024-04-23|2025-01-19_2025-02-17
0.0,1,CPI m/m,Neutral,21,17,4,81.0,19.0,4.25,2020-10-12_2020-11-10|2020-11-11_2020-12-10|2021-01-10_2021-02-08|2021-02-09_2021-03-10|2021-08-08_2021-09-06|2022-04-05_2022-05-04|2023-01-30_2023-02-28|2023-03-01_2023-03-30|2023-04-30_2023-05-29|2023-07-29_2023-08-27|2024-07-23_2024-08-21|2024-08-22_2024-09-20|2024-10-21_2024-11-19|2024-11-20_2024-12-19|2024-12-20_2025-01-18|2025-06-18_2025-07-17|2025-07-18_2025-08-16|2025-12-15_2026-01-13|2022-03-06_2022-04-04|2022-12-31_2023-01-29|2023-08-28_2023-09-26
0.0,1,CPI m/m,Good,17,11,6,64.7,35.3,1.83,2021-09-07_2021-10-06|2022-08-03_2022-09-01|2023-03-31_2023-04-29|2023-05-30_2023-06-28|2023-06-29_2023-07-28|2023-10-27_2023-11-25|2024-04-24_2024-05-23|2025-03-20_2025-04-18|2025-04-19_2025-05-18|2025-05-19_2025-06-17|2025-10-16_2025-11-14|2022-11-01_2022-11-30|2022-12-01_2022-12-30|2024-05-24_2024-06-22|2024-06-23_2024-07-22|2025-02-18_2025-03-19|2026-02-13_2026-03-14
0.1,1,CPI m/m,Bad,16,14,2,87.5,12.5,7.0,2020-08-13_2020-09-11|2021-06-09_2021-07-08|2021-07-09_2021-08-07|2021-10-07_2021-11-05|2021-11-06_2021-12-05|2022-06-04_2022-07-03|2022-07-04_2022-08-02|2022-09-02_2022-10-01|2022-10-02_2022-10-31|2023-09-27_2023-10-26|2025-08-17_2025-09-15|2021-05-10_2021-06-08|2021-12-06_2022-01-04|2022-02-04_2022-03-05|2024-03-25_2024-04-23|2025-01-19_2025-02-17
0.1,1,CPI m/m,Neutral,36,28,8,77.8,22.2,3.5,2020-10-12_2020-11-10|2020-11-11_2020-12-10|2021-01-10_2021-02-08|2021-02-09_2021-03-10|2021-04-10_2021-05-09|2021-08-08_2021-09-06|2022-01-05_2022-02-03|2022-04-05_2022-05-04|2022-05-05_2022-06-03|2023-01-30_2023-02-28|2023-03-01_2023-03-30|2023-03-31_2023-04-29|2023-04-30_2023-05-29|2023-05-30_2023-06-28|2023-06-29_2023-07-28|2023-07-29_2023-08-27|2023-10-27_2023-11-25|2023-12-26_2024-01-24|2024-01-25_2024-02-23|2024-07-23_2024-08-21|2024-08-22_2024-09-20|2024-10-21_2024-11-19|2024-11-20_2024-12-19|2024-12-20_2025-01-18|2025-04-19_2025-05-18|2025-05-19_2025-06-17|2025-06-18_2025-07-17|2025-07-18_2025-08-16|2025-12-15_2026-01-13|2022-03-06_2022-04-04|2022-12-31_2023-01-29|2023-08-28_2023-09-26|2023-11-26_2023-12-25|2024-05-24_2024-06-22|2025-02-18_2025-03-19|2026-02-13_2026-03-14
0.1,1,CPI m/m,Good,8,4,4,50.0,50.0,1.0,2021-09-07_2021-10-06|2022-08-03_2022-09-01|2024-04-24_2024-05-23|2025-03-20_2025-04-18|2025-10-16_2025-11-14|2022-11-01_2022-11-30|2022-12-01_2022-12-30|2024-06-23_2024-07-22
0.2,1,CPI m/m,Neutral,56,42,14,75.0,25.0,3.0,2020-08-13_2020-09-11|2020-10-12_2020-11-10|2020-11-11_2020-12-10|2021-01-10_2021-02-08|2021-02-09_2021-03-10|2021-04-10_2021-05-09|2021-06-09_2021-07-08|2021-08-08_2021-09-06|2021-09-07_2021-10-06|2021-10-07_2021-11-05|2022-01-05_2022-02-03|2022-04-05_2022-05-04|2022-05-05_2022-06-03|2022-07-04_2022-08-02|2022-08-03_2022-09-01|2022-09-02_2022-10-01|2022-10-02_2022-10-31|2023-01-30_2023-02-28|2023-03-01_2023-03-30|2023-03-31_2023-04-29|2023-04-30_2023-05-29|2023-05-30_2023-06-28|2023-06-29_2023-07-28|2023-07-29_2023-08-27|2023-09-27_2023-10-26|2023-10-27_2023-11-25|2023-12-26_2024-01-24|2024-01-25_2024-02-23|2024-04-24_2024-05-23|2024-07-23_2024-08-21|2024-08-22_2024-09-20|2024-10-21_2024-11-19|2024-11-20_2024-12-19|2024-12-20_2025-01-18|2025-03-20_2025-04-18|2025-04-19_2025-05-18|2025-05-19_2025-06-17|2025-06-18_2025-07-17|2025-07-18_2025-08-16|2025-08-17_2025-09-15|2025-10-16_2025-11-14|2025-12-15_2026-01-13|2021-12-06_2022-01-04|2022-02-04_2022-03-05|2022-03-06_2022-04-04|2022-11-01_2022-11-30|2022-12-01_2022-12-30|2022-12-31_2023-01-29|2023-08-28_2023-09-26|2023-11-26_2023-12-25|2024-03-25_2024-04-23|2024-05-24_2024-06-22|2024-06-23_2024-07-22|2025-01-19_2025-02-17|2025-02-18_2025-03-19|2026-02-13_2026-03-14
0.2,1,CPI m/m,Bad,4,4,0,100.0,0.0,inf,2021-07-09_2021-08-07|2021-11-06_2021-12-05|2022-06-04_2022-07-03|2021-05-10_2021-06-08
0.3,1,CPI m/m,Neutral,56,42,14,75.0,25.0,3.0,2020-08-13_2020-09-11|2020-10-12_2020-11-10|2020-11-11_2020-12-10|2021-01-10_2021-02-08|2021-02-09_2021-03-10|2021-04-10_2021-05-09|2021-06-09_2021-07-08|2021-08-08_2021-09-06|2021-09-07_2021-10-06|2021-10-07_2021-11-05|2022-01-05_2022-02-03|2022-04-05_2022-05-04|2022-05-05_2022-06-03|2022-07-04_2022-08-02|2022-08-03_2022-09-01|2022-09-02_2022-10-01|2022-10-02_2022-10-31|2023-01-30_2023-02-28|2023-03-01_2023-03-30|2023-03-31_2023-04-29|2023-04-30_2023-05-29|2023-05-30_2023-06-28|2023-06-29_2023-07-28|2023-07-29_2023-08-27|2023-09-27_2023-10-26|2023-10-27_2023-11-25|2023-12-26_2024-01-24|2024-01-25_2024-02-23|2024-04-24_2024-05-23|2024-07-23_2024-08-21|2024-08-22_2024-09-20|2024-10-21_2024-11-19|2024-11-20_2024-12-19|2024-12-20_2025-01-18|2025-03-20_2025-04-18|2025-04-19_2025-05-18|2025-05-19_2025-06-17|2025-06-18_2025-07-17|2025-07-18_2025-08-16|2025-08-17_2025-09-15|2025-10-16_2025-11-14|2025-12-15_2026-01-13|2021-12-06_2022-01-04|2022-02-04_2022-03-05|2022-03-06_2022-04-04|2022-11-01_2022-11-30|2022-12-01_2022-12-30|2022-12-31_2023-01-29|2023-08-28_2023-09-26|2023-11-26_2023-12-25|2024-03-25_2024-04-23|2024-05-24_2024-06-22|2024-06-23_2024-07-22|2025-01-19_2025-02-17|2025-02-18_2025-03-19|2026-02-13_2026-03-14
0.3,1,CPI m/m,Bad,4,4,0,100.0,0.0,inf,2021-07-09_2021-08-07|2021-11-06_2021-12-05|2022-06-04_2022-07-03|2021-05-10_2021-06-08
0.0,1,Core CPI m/m,Bad,20,16,4,80.0,20.0,4.0,2020-08-13_2020-09-11|2021-04-10_2021-05-09|2021-06-09_2021-07-08|2021-07-09_2021-08-07|2021-11-06_2021-12-05|2022-01-05_2022-02-03|2022-05-05_2022-06-03|2022-06-04_2022-07-03|2022-07-04_2022-08-02|2022-09-02_2022-10-01|2022-10-02_2022-10-31|2023-03-01_2023-03-30|2023-04-30_2023-05-29|2024-01-25_2024-02-23|2024-08-22_2024-09-20|2021-05-10_2021-06-08|2022-02-04_2022-03-05|2023-08-28_2023-09-26|2024-03-25_2024-04-23|2025-01-19_2025-02-17
0.0,1,Core CPI m/m,Neutral,20,18,2,90.0,10.0,9.0,2020-10-12_2020-11-10|2021-01-10_2021-02-08|2021-10-07_2021-11-05|2023-01-30_2023-02-28|2023-03-31_2023-04-29|2023-05-30_2023-06-28|2023-07-29_2023-08-27|2023-09-27_2023-10-26|2023-12-26_2024-01-24|2024-04-24_2024-05-23|2024-07-23_2024-08-21|2024-10-21_2024-11-19|2024-11-20_2024-12-19|2025-07-18_2025-08-16|2025-08-17_2025-09-15|2021-12-06_2022-01-04|2022-03-06_2022-04-04|2022-12-31_2023-01-29|2023-11-26_2023-12-25|2026-02-13_2026-03-14
0.0,1,Core CPI m/m,Good,20,12,8,60.0,40.0,1.5,2020-11-11_2020-12-10|2021-02-09_2021-03-10|2021-08-08_2021-09-06|2021-09-07_2021-10-06|2022-04-05_2022-05-04|2022-08-03_2022-09-01|2023-06-29_2023-07-28|2023-10-27_2023-11-25|2024-12-20_2025-01-18|2025-03-20_2025-04-18|2025-04-19_2025-05-18|2025-05-19_2025-06-17|2025-06-18_2025-07-17|2025-10-16_2025-11-14|2025-12-15_2026-01-13|2022-11-01_2022-11-30|2022-12-01_2022-12-30|2024-05-24_2024-06-22|2024-06-23_2024-07-22|2025-02-18_2025-03-19
0.1,1,Core CPI m/m,Bad,13,12,1,92.3,7.7,12.0,2020-08-13_2020-09-11|2021-06-09_2021-07-08|2021-07-09_2021-08-07|2021-11-06_2021-12-05|2022-05-05_2022-06-03|2022-07-04_2022-08-02|2022-09-02_2022-10-01|2022-10-02_2022-10-31|2023-04-30_2023-05-29|2024-01-25_2024-02-23|2021-05-10_2021-06-08|2024-03-25_2024-04-23|2025-01-19_2025-02-17
0.1,1,Core CPI m/m,Neutral,39,30,9,76.9,23.1,3.33,2020-10-12_2020-11-10|2020-11-11_2020-12-10|2021-01-10_2021-02-08|2021-04-10_2021-05-09|2021-10-07_2021-11-05|2022-01-05_2022-02-03|2022-06-04_2022-07-03|2023-01-30_2023-02-28|2023-03-01_2023-03-30|2023-03-31_2023-04-29|2023-05-30_2023-06-28|2023-06-29_2023-07-28|2023-07-29_2023-08-27|2023-09-27_2023-10-26|2023-10-27_2023-11-25|2023-12-26_2024-01-24|2024-04-24_2024-05-23|2024-07-23_2024-08-21|2024-08-22_2024-09-20|2024-10-21_2024-11-19|2024-11-20_2024-12-19|2024-12-20_2025-01-18|2025-04-19_2025-05-18|2025-06-18_2025-07-17|2025-07-18_2025-08-16|2025-08-17_2025-09-15|2025-10-16_2025-11-14|2025-12-15_2026-01-13|2021-12-06_2022-01-04|2022-02-04_2022-03-05|2022-03-06_2022-04-04|2022-12-01_2022-12-30|2022-12-31_2023-01-29|2023-08-28_2023-09-26|2023-11-26_2023-12-25|2024-05-24_2024-06-22|2024-06-23_2024-07-22|2025-02-18_2025-03-19|2026-02-13_2026-03-14
0.1,1,Core CPI m/m,Good,8,4,4,50.0,50.0,1.0,2021-02-09_2021-03-10|2021-08-08_2021-09-06|2021-09-07_2021-10-06|2022-04-05_2022-05-04|2022-08-03_2022-09-01|2025-03-20_2025-04-18|2025-05-19_2025-06-17|2022-11-01_2022-11-30
0.2,1,Core CPI m/m,Neutral,57,43,14,75.4,24.6,3.07,2020-08-13_2020-09-11|2020-10-12_2020-11-10|2020-11-11_2020-12-10|2021-01-10_2021-02-08|2021-02-09_2021-03-10|2021-04-10_2021-05-09|2021-06-09_2021-07-08|2021-08-08_2021-09-06|2021-09-07_2021-10-06|2021-10-07_2021-11-05|2021-11-06_2021-12-05|2022-01-05_2022-02-03|2022-04-05_2022-05-04|2022-05-05_2022-06-03|2022-06-04_2022-07-03|2022-07-04_2022-08-02|2022-08-03_2022-09-01|2022-10-02_2022-10-31|2023-01-30_2023-02-28|2023-03-01_2023-03-30|2023-03-31_2023-04-29|2023-04-30_2023-05-29|2023-05-30_2023-06-28|2023-06-29_2023-07-28|2023-07-29_2023-08-27|2023-09-27_2023-10-26|2023-10-27_2023-11-25|2023-12-26_2024-01-24|2024-01-25_2024-02-23|2024-04-24_2024-05-23|2024-07-23_2024-08-21|2024-08-22_2024-09-20|2024-10-21_2024-11-19|2024-11-20_2024-12-19|2024-12-20_2025-01-18|2025-03-20_2025-04-18|2025-04-19_2025-05-18|2025-05-19_2025-06-17|2025-06-18_2025-07-17|2025-07-18_2025-08-16|2025-08-17_2025-09-15|2025-10-16_2025-11-14|2025-12-15_2026-01-13|2021-12-06_2022-01-04|2022-02-04_2022-03-05|2022-03-06_2022-04-04|2022-11-01_2022-11-30|2022-12-01_2022-12-30|2022-12-31_2023-01-29|2023-08-28_2023-09-26|2023-11-26_2023-12-25|2024-03-25_2024-04-23|2024-05-24_2024-06-22|2024-06-23_2024-07-22|2025-01-19_2025-02-17|2025-02-18_2025-03-19|2026-02-13_2026-03-14
0.2,1,Core CPI m/m,Bad,3,3,0,100.0,0.0,inf,2021-07-09_2021-08-07|2022-09-02_2022-10-01|2021-05-10_2021-06-08
0.3,1,Core CPI m/m,Neutral,58,44,14,75.9,24.1,3.14,2020-08-13_2020-09-11|2020-10-12_2020-11-10|2020-11-11_2020-12-10|2021-01-10_2021-02-08|2021-02-09_2021-03-10|2021-04-10_2021-05-09|2021-06-09_2021-07-08|2021-08-08_2021-09-06|2021-09-07_2021-10-06|2021-10-07_2021-11-05|2021-11-06_2021-12-05|2022-01-05_2022-02-03|2022-04-05_2022-05-04|2022-05-05_2022-06-03|2022-06-04_2022-07-03|2022-07-04_2022-08-02|2022-08-03_2022-09-01|2022-09-02_2022-10-01|2022-10-02_2022-10-31|2023-01-30_2023-02-28|2023-03-01_2023-03-30|2023-03-31_2023-04-29|2023-04-30_2023-05-29|2023-05-30_2023-06-28|2023-06-29_2023-07-28|2023-07-29_2023-08-27|2023-09-27_2023-10-26|2023-10-27_2023-11-25|2023-12-26_2024-01-24|2024-01-25_2024-02-23|2024-04-24_2024-05-23|2024-07-23_2024-08-21|2024-08-22_2024-09-20|2024-10-21_2024-11-19|2024-11-20_2024-12-19|2024-12-20_2025-01-18|2025-03-20_2025-04-18|2025-04-19_2025-05-18|2025-05-19_2025-06-17|2025-06-18_2025-07-17|2025-07-18_2025-08-16|2025-08-17_2025-09-15|2025-10-16_2025-11-14|2025-12-15_2026-01-13|2021-12-06_2022-01-04|2022-02-04_2022-03-05|2022-03-06_2022-04-04|2022-11-01_2022-11-30|2022-12-01_2022-12-30|2022-12-31_2023-01-29|2023-08-28_2023-09-26|2023-11-26_2023-12-25|2024-03-25_2024-04-23|2024-05-24_2024-06-22|2024-06-23_2024-07-22|2025-01-19_2025-02-17|2025-02-18_2025-03-19|2026-02-13_2026-03-14
0.3,1,Core CPI m/m,Bad,2,2,0,100.0,0.0,inf,2021-07-09_2021-08-07|2021-05-10_2021-06-08
0.0,1,PPI m/m,Bad,29,24,5,82.8,17.2,4.8,2020-08-13_2020-09-11|2020-10-12_2020-11-10|2020-11-11_2020-12-10|2021-02-09_2021-03-10|2021-06-09_2021-07-08|2021-07-09_2021-08-07|2021-08-08_2021-09-06|2021-09-07_2021-10-06|2022-04-05_2022-05-04|2022-07-04_2022-08-02|2022-10-02_2022-10-31|2023-01-30_2023-02-28|2023-07-29_2023-08-27|2023-09-27_2023-10-26|2024-01-25_2024-02-23|2024-04-24_2024-05-23|2024-08-22_2024-09-20|2024-11-20_2024-12-19|2025-07-18_2025-08-16|2026-01-14_2026-02-12|2021-03-11_2021-04-09|2021-05-10_2021-06-08|2021-12-06_2022-01-04|2022-02-04_2022-03-05|2022-12-01_2022-12-30|2023-08-28_2023-09-26|2024-06-23_2024-07-22|2025-01-19_2025-02-17|2026-02-13_2026-03-14
0.0,1,PPI m/m,Neutral,8,7,1,87.5,12.5,7.0,2020-12-11_2021-01-09|2021-11-06_2021-12-05|2022-05-05_2022-06-03|2022-06-04_2022-07-03|2022-09-02_2022-10-01|2024-10-21_2024-11-19|2025-11-15_2025-12-14|2023-11-26_2023-12-25
0.0,1,PPI m/m,Good,24,14,10,58.3,41.7,1.4,2021-01-10_2021-02-08|2021-10-07_2021-11-05|2022-01-05_2022-02-03|2022-08-03_2022-09-01|2023-03-01_2023-03-30|2023-03-31_2023-04-29|2023-04-30_2023-05-29|2023-05-30_2023-06-28|2023-06-29_2023-07-28|2023-10-27_2023-11-25|2023-12-26_2024-01-24|2024-07-23_2024-08-21|2024-12-20_2025-01-18|2025-03-20_2025-04-18|2025-04-19_2025-05-18|2025-05-19_2025-06-17|2025-06-18_2025-07-17|2025-08-17_2025-09-15|2022-03-06_2022-04-04|2022-11-01_2022-11-30|2022-12-31_2023-01-29|2024-03-25_2024-04-23|2024-05-24_2024-06-22|2025-02-18_2025-03-19
0.1,1,PPI m/m,Neutral,21,14,7,66.7,33.3,2.0,2020-08-13_2020-09-11|2020-11-11_2020-12-10|2020-12-11_2021-01-09|2021-09-07_2021-10-06|2021-10-07_2021-11-05|2021-11-06_2021-12-05|2022-05-05_2022-06-03|2022-06-04_2022-07-03|2022-09-02_2022-10-01|2023-04-30_2023-05-29|2023-06-29_2023-07-28|2023-07-29_2023-08-27|2024-07-23_2024-08-21|2024-08-22_2024-09-20|2024-10-21_2024-11-19|2025-05-19_2025-06-17|2025-11-15_2025-12-14|2022-12-01_2022-12-30|2023-11-26_2023-12-25|2024-03-25_2024-04-23|2024-06-23_2024-07-22
0.1,1,PPI m/m,Bad,22,20,2,90.9,9.1,10.0,2020-10-12_2020-11-10|2021-02-09_2021-03-10|2021-06-09_2021-07-08|2021-07-09_2021-08-07|2021-08-08_2021-09-06|2022-04-05_2022-05-04|2022-07-04_2022-08-02|2022-10-02_2022-10-31|2023-01-30_2023-02-28|2023-09-27_2023-10-26|2024-01-25_2024-02-23|2024-04-24_2024-05-23|2024-11-20_2024-12-19|2025-07-18_2025-08-16|2026-01-14_2026-02-12|2021-03-11_2021-04-09|2021-05-10_2021-06-08|2021-12-06_2022-01-04|2022-02-04_2022-03-05|2023-08-28_2023-09-26|2025-01-19_2025-02-17|2026-02-13_2026-03-14
0.1,1,PPI m/m,Good,18,11,7,61.1,38.9,1.57,2021-01-10_2021-02-08|2022-01-05_2022-02-03|2022-08-03_2022-09-01|2023-03-01_2023-03-30|2023-03-31_2023-04-29|2023-05-30_2023-06-28|2023-10-27_2023-11-25|2023-12-26_2024-01-24|2024-12-20_2025-01-18|2025-03-20_2025-04-18|2025-04-19_2025-05-18|2025-06-18_2025-07-17|2025-08-17_2025-09-15|2022-03-06_2022-04-04|2022-11-01_2022-11-30|2022-12-31_2023-01-29|2024-05-24_2024-06-22|2025-02-18_2025-03-19
0.2,1,PPI m/m,Neutral,38,27,11,71.1,28.9,2.45,2020-08-13_2020-09-11|2020-10-12_2020-11-10|2020-11-11_2020-12-10|2020-12-11_2021-01-09|2021-01-10_2021-02-08|2021-09-07_2021-10-06|2021-10-07_2021-11-05|2021-11-06_2021-12-05|2022-01-05_2022-02-03|2022-05-05_2022-06-03|2022-06-04_2022-07-03|2022-09-02_2022-10-01|2022-10-02_2022-10-31|2023-04-30_2023-05-29|2023-05-30_2023-06-28|2023-06-29_2023-07-28|2023-07-29_2023-08-27|2023-09-27_2023-10-26|2023-12-26_2024-01-24|2024-01-25_2024-02-23|2024-04-24_2024-05-23|2024-07-23_2024-08-21|2024-08-22_2024-09-20|2024-10-21_2024-11-19|2024-11-20_2024-12-19|2024-12-20_2025-01-18|2025-05-19_2025-06-17|2025-06-18_2025-07-17|2025-11-15_2025-12-14|2026-01-14_2026-02-12|2022-03-06_2022-04-04|2022-11-01_2022-11-30|2022-12-01_2022-12-30|2023-11-26_2023-12-25|2024-03-25_2024-04-23|2024-06-23_2024-07-22|2025-01-19_2025-02-17|2026-02-13_2026-03-14
0.2,1,PPI m/m,Bad,13,11,2,84.6,15.4,5.5,2021-02-09_2021-03-10|2021-06-09_2021-07-08|2021-07-09_2021-08-07|2021-08-08_2021-09-06|2022-04-05_2022-05-04|2022-07-04_2022-08-02|2023-01-30_2023-02-28|2025-07-18_2025-08-16|2021-03-11_2021-04-09|2021-05-10_2021-06-08|2021-12-06_2022-01-04|2022-02-04_2022-03-05|2023-08-28_2023-09-26
0.2,1,PPI m/m,Good,10,7,3,70.0,30.0,2.33,2022-08-03_2022-09-01|2023-03-01_2023-03-30|2023-03-31_2023-04-29|2023-10-27_2023-11-25|2025-03-20_2025-04-18|2025-04-19_2025-05-18|2025-08-17_2025-09-15|2022-12-31_2023-01-29|2024-05-24_2024-06-22|2025-02-18_2025-03-19
0.3,1,PPI m/m,Neutral,44,31,13,70.5,29.5,2.38,2020-08-13_2020-09-11|2020-10-12_2020-11-10|2020-11-11_2020-12-10|2020-12-11_2021-01-09|2021-01-10_2021-02-08|2021-09-07_2021-10-06|2021-10-07_2021-11-05|2021-11-06_2021-12-05|2022-01-05_2022-02-03|2022-04-05_2022-05-04|2022-05-05_2022-06-03|2022-06-04_2022-07-03|2022-09-02_2022-10-01|2022-10-02_2022-10-31|2023-01-30_2023-02-28|2023-04-30_2023-05-29|2023-05-30_2023-06-28|2023-06-29_2023-07-28|2023-07-29_2023-08-27|2023-09-27_2023-10-26|2023-12-26_2024-01-24|2024-01-25_2024-02-23|2024-04-24_2024-05-23|2024-07-23_2024-08-21|2024-08-22_2024-09-20|2024-10-21_2024-11-19|2024-11-20_2024-12-19|2024-12-20_2025-01-18|2025-05-19_2025-06-17|2025-06-18_2025-07-17|2025-11-15_2025-12-14|2026-01-14_2026-02-12|2021-03-11_2021-04-09|2021-05-10_2021-06-08|2022-03-06_2022-04-04|2022-11-01_2022-11-30|2022-12-01_2022-12-30|2023-08-28_2023-09-26|2023-11-26_2023-12-25|2024-03-25_2024-04-23|2024-06-23_2024-07-22|2025-01-19_2025-02-17|2025-02-18_2025-03-19|2026-02-13_2026-03-14
0.3,1,PPI m/m,Bad,8,7,1,87.5,12.5,7.0,2021-02-09_2021-03-10|2021-06-09_2021-07-08|2021-07-09_2021-08-07|2021-08-08_2021-09-06|2022-07-04_2022-08-02|2025-07-18_2025-08-16|2021-12-06_2022-01-04|2022-02-04_2022-03-05
0.3,1,PPI m/m,Good,9,7,2,77.8,22.2,3.5,2022-08-03_2022-09-01|2023-03-01_2023-03-30|2023-03-31_2023-04-29|2023-10-27_2023-11-25|2025-03-20_2025-04-18|2025-04-19_2025-05-18|2025-08-17_2025-09-15|2022-12-31_2023-01-29|2024-05-24_2024-06-22
0.0,1,Core PPI m/m,Bad,24,19,5,79.2,20.8,3.8,2020-08-13_2020-09-11|2020-10-12_2020-11-10|2021-02-09_2021-03-10|2021-06-09_2021-07-08|2021-07-09_2021-08-07|2021-08-08_2021-09-06|2021-09-07_2021-10-06|2022-04-05_2022-05-04|2022-09-02_2022-10-01|2023-01-30_2023-02-28|2023-07-29_2023-08-27|2023-09-27_2023-10-26|2024-01-25_2024-02-23|2024-04-24_2024-05-23|2024-08-22_2024-09-20|2025-07-18_2025-08-16|2026-01-14_2026-02-12|2021-03-11_2021-04-09|2021-05-10_2021-06-08|2021-12-06_2022-01-04|2022-02-04_2022-03-05|2022-12-01_2022-12-30|2024-06-23_2024-07-22|2026-02-13_2026-03-14
0.0,1,Core PPI m/m,Good,26,17,9,65.4,34.6,1.89,2020-11-11_2020-12-10|2020-12-11_2021-01-09|2021-10-07_2021-11-05|2021-11-06_2021-12-05|2022-05-05_2022-06-03|2022-06-04_2022-07-03|2022-07-04_2022-08-02|2022-08-03_2022-09-01|2023-03-01_2023-03-30|2023-03-31_2023-04-29|2023-06-29_2023-07-28|2023-10-27_2023-11-25|2023-12-26_2024-01-24|2024-07-23_2024-08-21|2024-12-20_2025-01-18|2025-03-20_2025-04-18|2025-04-19_2025-05-18|2025-05-19_2025-06-17|2025-06-18_2025-07-17|2025-08-17_2025-09-15|2025-11-15_2025-12-14|2022-03-06_2022-04-04|2022-11-01_2022-11-30|2023-11-26_2023-12-25|2024-05-24_2024-06-22|2025-02-18_2025-03-19
0.0,1,Core PPI m/m,Neutral,11,9,2,81.8,18.2,4.5,2021-01-10_2021-02-08|2022-01-05_2022-02-03|2022-10-02_2022-10-31|2023-04-30_2023-05-29|2023-05-30_2023-06-28|2024-10-21_2024-11-19|2024-11-20_2024-12-19|2022-12-31_2023-01-29|2023-08-28_2023-09-26|2024-03-25_2024-04-23|2025-01-19_2025-02-17
0.1,1,Core PPI m/m,Bad,20,16,4,80.0,20.0,4.0,2020-08-13_2020-09-11|2020-10-12_2020-11-10|2021-02-09_2021-03-10|2021-06-09_2021-07-08|2021-07-09_2021-08-07|2021-08-08_2021-09-06|2022-04-05_2022-05-04|2022-09-02_2022-10-01|2023-01-30_2023-02-28|2024-01-25_2024-02-23|2024-04-24_2024-05-23|2025-07-18_2025-08-16|2026-01-14_2026-02-12|2021-03-11_2021-04-09|2021-05-10_2021-06-08|2021-12-06_2022-01-04|2022-02-04_2022-03-05|2022-12-01_2022-12-30|2024-06-23_2024-07-22|2026-02-13_2026-03-14
0.1,1,Core PPI m/m,Neutral,22,18,4,81.8,18.2,4.5,2020-11-11_2020-12-10|2020-12-11_2021-01-09|2021-01-10_2021-02-08|2021-09-07_2021-10-06|2021-11-06_2021-12-05|2022-01-05_2022-02-03|2022-06-04_2022-07-03|2022-07-04_2022-08-02|2022-10-02_2022-10-31|2023-04-30_2023-05-29|2023-05-30_2023-06-28|2023-06-29_2023-07-28|2023-07-29_2023-08-27|2023-09-27_2023-10-26|2024-08-22_2024-09-20|2024-10-21_2024-11-19|2024-11-20_2024-12-19|2025-11-15_2025-12-14|2022-12-31_2023-01-29|2023-08-28_2023-09-26|2024-03-25_2024-04-23|2025-01-19_2025-02-17
0.1,1,Core PPI m/m,Good,19,11,8,57.9,42.1,1.38,2021-10-07_2021-11-05|2022-05-05_2022-06-03|2022-08-03_2022-09-01|2023-03-01_2023-03-30|2023-03-31_2023-04-29|2023-10-27_2023-11-25|2023-12-26_2024-01-24|2024-07-23_2024-08-21|2024-12-20_2025-01-18|2025-03-20_2025-04-18|2025-04-19_2025-05-18|2025-05-19_2025-06-17|2025-06-18_2025-07-17|2025-08-17_2025-09-15|2022-03-06_2022-04-04|2022-11-01_2022-11-30|2023-11-26_2023-12-25|2024-05-24_2024-06-22|2025-02-18_2025-03-19
0.2,1,Core PPI m/m,Neutral,38,29,9,76.3,23.7,3.22,2020-08-13_2020-09-11|2020-10-12_2020-11-10|2020-11-11_2020-12-10|2020-12-11_2021-01-09|2021-01-10_2021-02-08|2021-06-09_2021-07-08|2021-09-07_2021-10-06|2021-11-06_2021-12-05|2022-01-05_2022-02-03|2022-05-05_2022-06-03|2022-06-04_2022-07-03|2022-07-04_2022-08-02|2022-08-03_2022-09-01|2022-09-02_2022-10-01|2022-10-02_2022-10-31|2023-01-30_2023-02-28|2023-04-30_2023-05-29|2023-05-30_2023-06-28|2023-06-29_2023-07-28|2023-07-29_2023-08-27|2023-09-27_2023-10-26|2023-12-26_2024-01-24|2024-07-23_2024-08-21|2024-08-22_2024-09-20|2024-10-21_2024-11-19|2024-11-20_2024-12-19|2024-12-20_2025-01-18|2025-05-19_2025-06-17|2025-06-18_2025-07-17|2025-11-15_2025-12-14|2026-01-14_2026-02-12|2022-12-01_2022-12-30|2022-12-31_2023-01-29|2023-08-28_2023-09-26|2023-11-26_2023-12-25|2024-03-25_2024-04-23|2024-06-23_2024-07-22|2025-01-19_2025-02-17
0.2,1,Core PPI m/m,Bad,12,10,2,83.3,16.7,5.0,2021-02-09_2021-03-10|2021-07-09_2021-08-07|2021-08-08_2021-09-06|2022-04-05_2022-05-04|2024-01-25_2024-02-23|2024-04-24_2024-05-23|2025-07-18_2025-08-16|2021-03-11_2021-04-09|2021-05-10_2021-06-08|2021-12-06_2022-01-04|2022-02-04_2022-03-05|2026-02-13_2026-03-14
0.2,1,Core PPI m/m,Good,11,6,5,54.5,45.5,1.2,2021-10-07_2021-11-05|2023-03-01_2023-03-30|2023-03-31_2023-04-29|2023-10-27_2023-11-25|2025-03-20_2025-04-18|2025-04-19_2025-05-18|2025-08-17_2025-09-15|2022-03-06_2022-04-04|2022-11-01_2022-11-30|2024-05-24_2024-06-22|2025-02-18_2025-03-19
0.3,1,Core PPI m/m,Neutral,46,34,12,73.9,26.1,2.83,2020-08-13_2020-09-11|2020-10-12_2020-11-10|2020-11-11_2020-12-10|2020-12-11_2021-01-09|2021-01-10_2021-02-08|2021-06-09_2021-07-08|2021-09-07_2021-10-06|2021-10-07_2021-11-05|2021-11-06_2021-12-05|2022-01-05_2022-02-03|2022-05-05_2022-06-03|2022-06-04_2022-07-03|2022-07-04_2022-08-02|2022-08-03_2022-09-01|2022-09-02_2022-10-01|2022-10-02_2022-10-31|2023-01-30_2023-02-28|2023-04-30_2023-05-29|2023-05-30_2023-06-28|2023-06-29_2023-07-28|2023-07-29_2023-08-27|2023-09-27_2023-10-26|2023-10-27_2023-11-25|2023-12-26_2024-01-24|2024-04-24_2024-05-23|2024-07-23_2024-08-21|2024-08-22_2024-09-20|2024-10-21_2024-11-19|2024-11-20_2024-12-19|2024-12-20_2025-01-18|2025-05-19_2025-06-17|2025-06-18_2025-07-17|2025-11-15_2025-12-14|2026-01-14_2026-02-12|2021-03-11_2021-04-09|2021-05-10_2021-06-08|2021-12-06_2022-01-04|2022-11-01_2022-11-30|2022-12-01_2022-12-30|2022-12-31_2023-01-29|2023-08-28_2023-09-26|2023-11-26_2023-12-25|2024-03-25_2024-04-23|2024-05-24_2024-06-22|2024-06-23_2024-07-22|2025-01-19_2025-02-17
0.3,1,Core PPI m/m,Bad,8,7,1,87.5,12.5,7.0,2021-02-09_2021-03-10|2021-07-09_2021-08-07|2021-08-08_2021-09-06|2022-04-05_2022-05-04|2024-01-25_2024-02-23|2025-07-18_2025-08-16|2022-02-04_2022-03-05|2026-02-13_2026-03-14
0.3,1,Core PPI m/m,Good,7,4,3,57.1,42.9,1.33,2023-03-01_2023-03-30|2023-03-31_2023-04-29|2025-03-20_2025-04-18|2025-04-19_2025-05-18|2025-08-17_2025-09-15|2022-03-06_2022-04-04|2025-02-18_2025-03-19
0.0,1,FOMC,Neutral,12,11,1,91.7,8.3,11.0,2023-03-01_2023-03-30|2023-04-30_2023-05-29|2023-05-30_2023-06-28|2023-06-29_2023-07-28|2023-10-27_2023-11-25|2024-07-23_2024-08-21|2024-10-21_2024-11-19|2024-11-20_2024-12-19|2023-08-28_2023-09-26|2023-11-26_2023-12-25|2024-05-24_2024-06-22|2025-01-19_2025-02-17
0.0,1,FOMC,Good,1,0,1,0.0,100.0,0.0,2024-08-22_2024-09-20
0.1,1,FOMC,Neutral,12,11,1,91.7,8.3,11.0,2023-03-01_2023-03-30|2023-04-30_2023-05-29|2023-05-30_2023-06-28|2023-06-29_2023-07-28|2023-10-27_2023-11-25|2024-07-23_2024-08-21|2024-10-21_2024-11-19|2024-11-20_2024-12-19|2023-08-28_2023-09-26|2023-11-26_2023-12-25|2024-05-24_2024-06-22|2025-01-19_2025-02-17
0.1,1,FOMC,Good,1,0,1,0.0,100.0,0.0,2024-08-22_2024-09-20
0.2,1,FOMC,Neutral,12,11,1,91.7,8.3,11.0,2023-03-01_2023-03-30|2023-04-30_2023-05-29|2023-05-30_2023-06-28|2023-06-29_2023-07-28|2023-10-27_2023-11-25|2024-07-23_2024-08-21|2024-10-21_2024-11-19|2024-11-20_2024-12-19|2023-08-28_2023-09-26|2023-11-26_2023-12-25|2024-05-24_2024-06-22|2025-01-19_2025-02-17
0.2,1,FOMC,Good,1,0,1,0.0,100.0,0.0,2024-08-22_2024-09-20
0.3,1,FOMC,Neutral,13,11,2,84.6,15.4,5.5,2023-03-01_2023-03-30|2023-04-30_2023-05-29|2023-05-30_2023-06-28|2023-06-29_2023-07-28|2023-10-27_2023-11-25|2024-07-23_2024-08-21|2024-08-22_2024-09-20|2024-10-21_2024-11-19|2024-11-20_2024-12-19|2023-08-28_2023-09-26|2023-11-26_2023-12-25|2024-05-24_2024-06-22|2025-01-19_2025-02-17
0.0,1,CPI y/y,Bad,23,20,3,87.0,13.0,6.67,2020-08-13_2020-09-11|2021-04-10_2021-05-09|2021-06-09_2021-07-08|2021-07-09_2021-08-07|2021-08-08_2021-09-06|2021-10-07_2021-11-05|2021-11-06_2021-12-05|2022-04-05_2022-05-04|2022-05-05_2022-06-03|2022-06-04_2022-07-03|2022-07-04_2022-08-02|2022-09-02_2022-10-01|2022-10-02_2022-10-31|2023-01-30_2023-02-28|2023-09-27_2023-10-26|2023-12-26_2024-01-24|2024-01-25_2024-02-23|2025-06-18_2025-07-17|2021-05-10_2021-06-08|2022-02-04_2022-03-05|2023-08-28_2023-09-26|2024-03-25_2024-04-23|2025-01-19_2025-02-17
0.0,1,CPI y/y,Neutral,16,11,5,68.8,31.2,2.2,2020-10-12_2020-11-10|2021-01-10_2021-02-08|2021-02-09_2021-03-10|2021-09-07_2021-10-06|2022-01-05_2022-02-03|2023-03-01_2023-03-30|2024-04-24_2024-05-23|2024-08-22_2024-09-20|2024-10-21_2024-11-19|2024-11-20_2024-12-19|2024-12-20_2025-01-18|2025-08-17_2025-09-15|2021-12-06_2022-01-04|2022-03-06_2022-04-04|2022-12-31_2023-01-29|2023-11-26_2023-12-25
0.0,1,CPI y/y,Good,21,15,6,71.4,28.6,2.5,2020-11-11_2020-12-10|2022-08-03_2022-09-01|2023-03-31_2023-04-29|2023-04-30_2023-05-29|2023-05-30_2023-06-28|2023-06-29_2023-07-28|2023-07-29_2023-08-27|2023-10-27_2023-11-25|2024-07-23_2024-08-21|2025-03-20_2025-04-18|2025-04-19_2025-05-18|2025-05-19_2025-06-17|2025-07-18_2025-08-16|2025-10-16_2025-11-14|2025-12-15_2026-01-13|2022-11-01_2022-11-30|2022-12-01_2022-12-30|2024-05-24_2024-06-22|2024-06-23_2024-07-22|2025-02-18_2025-03-19|2026-02-13_2026-03-14
0.1,1,CPI y/y,Bad,21,18,3,85.7,14.3,6.0,2020-08-13_2020-09-11|2021-04-10_2021-05-09|2021-06-09_2021-07-08|2021-07-09_2021-08-07|2021-08-08_2021-09-06|2021-10-07_2021-11-05|2021-11-06_2021-12-05|2022-05-05_2022-06-03|2022-06-04_2022-07-03|2022-07-04_2022-08-02|2022-09-02_2022-10-01|2023-01-30_2023-02-28|2023-09-27_2023-10-26|2023-12-26_2024-01-24|2024-01-25_2024-02-23|2025-06-18_2025-07-17|2021-05-10_2021-06-08|2022-02-04_2022-03-05|2023-08-28_2023-09-26|2024-03-25_2024-04-23|2025-01-19_2025-02-17
0.1,1,CPI y/y,Neutral,25,20,5,80.0,20.0,4.0,2020-10-12_2020-11-10|2020-11-11_2020-12-10|2021-01-10_2021-02-08|2021-02-09_2021-03-10|2021-09-07_2021-10-06|2022-01-05_2022-02-03|2022-04-05_2022-05-04|2022-10-02_2022-10-31|2023-03-01_2023-03-30|2023-03-31_2023-04-29|2023-04-30_2023-05-29|2023-05-30_2023-06-28|2023-07-29_2023-08-27|2023-10-27_2023-11-25|2024-04-24_2024-05-23|2024-08-22_2024-09-20|2024-10-21_2024-11-19|2024-11-20_2024-12-19|2024-12-20_2025-01-18|2025-07-18_2025-08-16|2025-08-17_2025-09-15|2021-12-06_2022-01-04|2022-03-06_2022-04-04|2022-12-31_2023-01-29|2023-11-26_2023-12-25
0.1,1,CPI y/y,Good,14,8,6,57.1,42.9,1.33,2022-08-03_2022-09-01|2023-06-29_2023-07-28|2024-07-23_2024-08-21|2025-03-20_2025-04-18|2025-04-19_2025-05-18|2025-05-19_2025-06-17|2025-10-16_2025-11-14|2025-12-15_2026-01-13|2022-11-01_2022-11-30|2022-12-01_2022-12-30|2024-05-24_2024-06-22|2024-06-23_2024-07-22|2025-02-18_2025-03-19|2026-02-13_2026-03-14
0.2,1,CPI y/y,Neutral,47,35,12,74.5,25.5,2.92,2020-08-13_2020-09-11|2020-10-12_2020-11-10|2020-11-11_2020-12-10|2021-01-10_2021-02-08|2021-02-09_2021-03-10|2021-04-10_2021-05-09|2021-08-08_2021-09-06|2021-09-07_2021-10-06|2021-10-07_2021-11-05|2022-01-05_2022-02-03|2022-04-05_2022-05-04|2022-08-03_2022-09-01|2022-10-02_2022-10-31|2023-03-01_2023-03-30|2023-03-31_2023-04-29|2023-04-30_2023-05-29|2023-05-30_2023-06-28|2023-06-29_2023-07-28|2023-07-29_2023-08-27|2023-09-27_2023-10-26|2023-10-27_2023-11-25|2023-12-26_2024-01-24|2024-04-24_2024-05-23|2024-07-23_2024-08-21|2024-08-22_2024-09-20|2024-10-21_2024-11-19|2024-11-20_2024-12-19|2024-12-20_2025-01-18|2025-03-20_2025-04-18|2025-04-19_2025-05-18|2025-05-19_2025-06-17|2025-06-18_2025-07-17|2025-07-18_2025-08-16|2025-08-17_2025-09-15|2025-10-16_2025-11-14|2025-12-15_2026-01-13|2021-12-06_2022-01-04|2022-03-06_2022-04-04|2022-12-31_2023-01-29|2023-08-28_2023-09-26|2023-11-26_2023-12-25|2024-03-25_2024-04-23|2024-05-24_2024-06-22|2024-06-23_2024-07-22|2025-01-19_2025-02-17|2025-02-18_2025-03-19|2026-02-13_2026-03-14
0.2,1,CPI y/y,Bad,11,11,0,100.0,0.0,inf,2021-06-09_2021-07-08|2021-07-09_2021-08-07|2021-11-06_2021-12-05|2022-05-05_2022-06-03|2022-06-04_2022-07-03|2022-07-04_2022-08-02|2022-09-02_2022-10-01|2023-01-30_2023-02-28|2024-01-25_2024-02-23|2021-05-10_2021-06-08|2022-02-04_2022-03-05
0.2,1,CPI y/y,Good,2,0,2,0.0,100.0,0.0,2022-11-01_2022-11-30|2022-12-01_2022-12-30
0.3,1,CPI y/y,Neutral,57,43,14,75.4,24.6,3.07,2020-08-13_2020-09-11|2020-10-12_2020-11-10|2020-11-11_2020-12-10|2021-01-10_2021-02-08|2021-02-09_2021-03-10|2021-04-10_2021-05-09|2021-06-09_2021-07-08|2021-08-08_2021-09-06|2021-09-07_2021-10-06|2021-10-07_2021-11-05|2021-11-06_2021-12-05|2022-01-05_2022-02-03|2022-04-05_2022-05-04|2022-05-05_2022-06-03|2022-06-04_2022-07-03|2022-08-03_2022-09-01|2022-09-02_2022-10-01|2022-10-02_2022-10-31|2023-01-30_2023-02-28|2023-03-01_2023-03-30|2023-03-31_2023-04-29|2023-04-30_2023-05-29|2023-05-30_2023-06-28|2023-06-29_2023-07-28|2023-07-29_2023-08-27|2023-09-27_2023-10-26|2023-10-27_2023-11-25|2023-12-26_2024-01-24|2024-01-25_2024-02-23|2024-04-24_2024-05-23|2024-07-23_2024-08-21|2024-08-22_2024-09-20|2024-10-21_2024-11-19|2024-11-20_2024-12-19|2024-12-20_2025-01-18|2025-03-20_2025-04-18|2025-04-19_2025-05-18|2025-05-19_2025-06-17|2025-06-18_2025-07-17|2025-07-18_2025-08-16|2025-08-17_2025-09-15|2025-10-16_2025-11-14|2025-12-15_2026-01-13|2021-12-06_2022-01-04|2022-02-04_2022-03-05|2022-03-06_2022-04-04|2022-11-01_2022-11-30|2022-12-01_2022-12-30|2022-12-31_2023-01-29|2023-08-28_2023-09-26|2023-11-26_2023-12-25|2024-03-25_2024-04-23|2024-05-24_2024-06-22|2024-06-23_2024-07-22|2025-01-19_2025-02-17|2025-02-18_2025-03-19|2026-02-13_2026-03-14
0.3,1,CPI y/y,Bad,3,3,0,100.0,0.0,inf,2021-07-09_2021-08-07|2022-07-04_2022-08-02|2021-05-10_2021-06-08
0.0,2,CPI m/m|Core CPI m/m,Bad|Bad,16,14,2,87.5,12.5,7.0,2020-08-13_2020-09-11|2021-04-10_2021-05-09|2021-06-09_2021-07-08|2021-07-09_2021-08-07|2021-11-06_2021-12-05|2022-01-05_2022-02-03|2022-05-05_2022-06-03|2022-06-04_2022-07-03|2022-07-04_2022-08-02|2022-09-02_2022-10-01|2022-10-02_2022-10-31|2024-01-25_2024-02-23|2021-05-10_2021-06-08|2022-02-04_2022-03-05|2024-03-25_2024-04-23|2025-01-19_2025-02-17
0.0,2,CPI m/m|Core CPI m/m,Neutral|Neutral,10,10,0,100.0,0.0,inf,2020-10-12_2020-11-10|2021-01-10_2021-02-08|2023-01-30_2023-02-28|2023-07-29_2023-08-27|2024-07-23_2024-08-21|2024-10-21_2024-11-19|2024-11-20_2024-12-19|2025-07-18_2025-08-16|2022-03-06_2022-04-04|2022-12-31_2023-01-29
0.0,2,CPI m/m|Core CPI m/m,Neutral|Good,7,5,2,71.4,28.6,2.5,2020-11-11_2020-12-10|2021-02-09_2021-03-10|2021-08-08_2021-09-06|2022-04-05_2022-05-04|2024-12-20_2025-01-18|2025-06-18_2025-07-17|2025-12-15_2026-01-13
0.0,2,CPI m/m|Core CPI m/m,Good|Good,13,7,6,53.8,46.2,1.17,2021-09-07_2021-10-06|2022-08-03_2022-09-01|2023-06-29_2023-07-28|2023-10-27_2023-11-25|2025-03-20_2025-04-18|2025-04-19_2025-05-18|2025-05-19_2025-06-17|2025-10-16_2025-11-14|2022-11-01_2022-11-30|2022-12-01_2022-12-30|2024-05-24_2024-06-22|2024-06-23_2024-07-22|2025-02-18_2025-03-19
0.0,2,CPI m/m|Core CPI m/m,Bad|Neutral,6,4,2,66.7,33.3,2.0,2021-10-07_2021-11-05|2023-09-27_2023-10-26|2023-12-26_2024-01-24|2025-08-17_2025-09-15|2021-12-06_2022-01-04|2023-11-26_2023-12-25
0.0,2,CPI m/m|Core CPI m/m,Neutral|Bad,4,2,2,50.0,50.0,1.0,2023-03-01_2023-03-30|2023-04-30_2023-05-29|2024-08-22_2024-09-20|2023-08-28_2023-09-26
0.0,2,CPI m/m|Core CPI m/m,Good|Neutral,4,4,0,100.0,0.0,inf,2023-03-31_2023-04-29|2023-05-30_2023-06-28|2024-04-24_2024-05-23|2026-02-13_2026-03-14
0.1,2,CPI m/m|Core CPI m/m,Bad|Bad,10,9,1,90.0,10.0,9.0,2020-08-13_2020-09-11|2021-06-09_2021-07-08|2021-07-09_2021-08-07|2021-11-06_2021-12-05|2022-07-04_2022-08-02|2022-09-02_2022-10-01|2022-10-02_2022-10-31|2021-05-10_2021-06-08|2024-03-25_2024-04-23|2025-01-19_2025-02-17
0.1,2,CPI m/m|Core CPI m/m,Neutral|Neutral,29,23,6,79.3,20.7,3.83,2020-10-12_2020-11-10|2020-11-11_2020-12-10|2021-01-10_2021-02-08|2021-04-10_2021-05-09|2022-01-05_2022-02-03|2023-01-30_2023-02-28|2023-03-01_2023-03-30|2023-03-31_2023-04-29|2023-05-30_2023-06-28|2023-06-29_2023-07-28|2023-07-29_2023-08-27|2023-10-27_2023-11-25|2023-12-26_2024-01-24|2024-07-23_2024-08-21|2024-08-22_2024-09-20|2024-10-21_2024-11-19|2024-11-20_2024-12-19|2024-12-20_2025-01-18|2025-04-19_2025-05-18|2025-06-18_2025-07-17|2025-07-18_2025-08-16|2025-12-15_2026-01-13|2022-03-06_2022-04-04|2022-12-31_2023-01-29|2023-08-28_2023-09-26|2023-11-26_2023-12-25|2024-05-24_2024-06-22|2025-02-18_2025-03-19|2026-02-13_2026-03-14
0.1,2,CPI m/m|Core CPI m/m,Neutral|Good,4,2,2,50.0,50.0,1.0,2021-02-09_2021-03-10|2021-08-08_2021-09-06|2022-04-05_2022-05-04|2025-05-19_2025-06-17
0.1,2,CPI m/m|Core CPI m/m,Good|Good,4,2,2,50.0,50.0,1.0,2021-09-07_2021-10-06|2022-08-03_2022-09-01|2025-03-20_2025-04-18|2022-11-01_2022-11-30
0.1,2,CPI m/m|Core CPI m/m,Bad|Neutral,6,5,1,83.3,16.7,5.0,2021-10-07_2021-11-05|2022-06-04_2022-07-03|2023-09-27_2023-10-26|2025-08-17_2025-09-15|2021-12-06_2022-01-04|2022-02-04_2022-03-05
0.1,2,CPI m/m|Core CPI m/m,Neutral|Bad,3,3,0,100.0,0.0,inf,2022-05-05_2022-06-03|2023-04-30_2023-05-29|2024-01-25_2024-02-23
0.1,2,CPI m/m|Core CPI m/m,Good|Neutral,4,2,2,50.0,50.0,1.0,2024-04-24_2024-05-23|2025-10-16_2025-11-14|2022-12-01_2022-12-30|2024-06-23_2024-07-22
0.2,2,CPI m/m|Core CPI m/m,Neutral|Neutral,55,41,14,74.5,25.5,2.93,2020-08-13_2020-09-11|2020-10-12_2020-11-10|2020-11-11_2020-12-10|2021-01-10_2021-02-08|2021-02-09_2021-03-10|2021-04-10_2021-05-09|2021-06-09_2021-07-08|2021-08-08_2021-09-06|2021-09-07_2021-10-06|2021-10-07_2021-11-05|2022-01-05_2022-02-03|2022-04-05_2022-05-04|2022-05-05_2022-06-03|2022-07-04_2022-08-02|2022-08-03_2022-09-01|2022-10-02_2022-10-31|2023-01-30_2023-02-28|2023-03-01_2023-03-30|2023-03-31_2023-04-29|2023-04-30_2023-05-29|2023-05-30_2023-06-28|2023-06-29_2023-07-28|2023-07-29_2023-08-27|2023-09-27_2023-10-26|2023-10-27_2023-11-25|2023-12-26_2024-01-24|2024-01-25_2024-02-23|2024-04-24_2024-05-23|2024-07-23_2024-08-21|2024-08-22_2024-09-20|2024-10-21_2024-11-19|2024-11-20_2024-12-19|2024-12-20_2025-01-18|2025-03-20_2025-04-18|2025-04-19_2025-05-18|2025-05-19_2025-06-17|2025-06-18_2025-07-17|2025-07-18_2025-08-16|2025-08-17_2025-09-15|2025-10-16_2025-11-14|2025-12-15_2026-01-13|2021-12-06_2022-01-04|2022-02-04_2022-03-05|2022-03-06_2022-04-04|2022-11-01_2022-11-30|2022-12-01_2022-12-30|2022-12-31_2023-01-29|2023-08-28_2023-09-26|2023-11-26_2023-12-25|2024-03-25_2024-04-23|2024-05-24_2024-06-22|2024-06-23_2024-07-22|2025-01-19_2025-02-17|2025-02-18_2025-03-19|2026-02-13_2026-03-14
0.2,2,CPI m/m|Core CPI m/m,Bad|Bad,2,2,0,100.0,0.0,inf,2021-07-09_2021-08-07|2021-05-10_2021-06-08
0.2,2,CPI m/m|Core CPI m/m,Bad|Neutral,2,2,0,100.0,0.0,inf,2021-11-06_2021-12-05|2022-06-04_2022-07-03
0.2,2,CPI m/m|Core CPI m/m,Neutral|Bad,1,1,0,100.0,0.0,inf,2022-09-02_2022-10-01
0.3,2,CPI m/m|Core CPI m/m,Neutral|Neutral,56,42,14,75.0,25.0,3.0,2020-08-13_2020-09-11|2020-10-12_2020-11-10|2020-11-11_2020-12-10|2021-01-10_2021-02-08|2021-02-09_2021-03-10|2021-04-10_2021-05-09|2021-06-09_2021-07-08|2021-08-08_2021-09-06|2021-09-07_2021-10-06|2021-10-07_2021-11-05|2022-01-05_2022-02-03|2022-04-05_2022-05-04|2022-05-05_2022-06-03|2022-07-04_2022-08-02|2022-08-03_2022-09-01|2022-09-02_2022-10-01|2022-10-02_2022-10-31|2023-01-30_2023-02-28|2023-03-01_2023-03-30|2023-03-31_2023-04-29|2023-04-30_2023-05-29|2023-05-30_2023-06-28|2023-06-29_2023-07-28|2023-07-29_2023-08-27|2023-09-27_2023-10-26|2023-10-27_2023-11-25|2023-12-26_2024-01-24|2024-01-25_2024-02-23|2024-04-24_2024-05-23|2024-07-23_2024-08-21|2024-08-22_2024-09-20|2024-10-21_2024-11-19|2024-11-20_2024-12-19|2024-12-20_2025-01-18|2025-03-20_2025-04-18|2025-04-19_2025-05-18|2025-05-19_2025-06-17|2025-06-18_2025-07-17|2025-07-18_2025-08-16|2025-08-17_2025-09-15|2025-10-16_2025-11-14|2025-12-15_2026-01-13|2021-12-06_2022-01-04|2022-02-04_2022-03-05|2022-03-06_2022-04-04|2022-11-01_2022-11-30|2022-12-01_2022-12-30|2022-12-31_2023-01-29|2023-08-28_2023-09-26|2023-11-26_2023-12-25|2024-03-25_2024-04-23|2024-05-24_2024-06-22|2024-06-23_2024-07-22|2025-01-19_2025-02-17|2025-02-18_2025-03-19|2026-02-13_2026-03-14
0.3,2,CPI m/m|Core CPI m/m,Bad|Bad,2,2,0,100.0,0.0,inf,2021-07-09_2021-08-07|2021-05-10_2021-06-08
0.3,2,CPI m/m|Core CPI m/m,Bad|Neutral,2,2,0,100.0,0.0,inf,2021-11-06_2021-12-05|2022-06-04_2022-07-03
0.0,2,CPI m/m|PPI m/m,Bad|Bad,11,11,0,100.0,0.0,inf,2020-08-13_2020-09-11|2021-06-09_2021-07-08|2021-07-09_2021-08-07|2022-07-04_2022-08-02|2022-10-02_2022-10-31|2023-09-27_2023-10-26|2024-01-25_2024-02-23|2021-05-10_2021-06-08|2021-12-06_2022-01-04|2022-02-04_2022-03-05|2025-01-19_2025-02-17
0.0,2,CPI m/m|PPI m/m,Neutral|Bad,11,9,2,81.8,18.2,4.5,2020-10-12_2020-11-10|2020-11-11_2020-12-10|2021-02-09_2021-03-10|2021-08-08_2021-09-06|2022-04-05_2022-05-04|2023-01-30_2023-02-28|2023-07-29_2023-08-27|2024-08-22_2024-09-20|2024-11-20_2024-12-19|2025-07-18_2025-08-16|2023-08-28_2023-09-26
0.0,2,CPI m/m|PPI m/m,Neutral|Good,8,6,2,75.0,25.0,3.0,2021-01-10_2021-02-08|2023-03-01_2023-03-30|2023-04-30_2023-05-29|2024-07-23_2024-08-21|2024-12-20_2025-01-18|2025-06-18_2025-07-17|2022-03-06_2022-04-04|2022-12-31_2023-01-29
0.0,2,CPI m/m|PPI m/m,Good|Bad,5,3,2,60.0,40.0,1.5,2021-09-07_2021-10-06|2024-04-24_2024-05-23|2022-12-01_2022-12-30|2024-06-23_2024-07-22|2026-02-13_2026-03-14
0.0,2,CPI m/m|PPI m/m,Bad|Good,5,1,4,20.0,80.0,0.25,2021-10-07_2021-11-05|2022-01-05_2022-02-03|2023-12-26_2024-01-24|2025-08-17_2025-09-15|2024-03-25_2024-04-23
0.0,2,CPI m/m|PPI m/m,Bad|Neutral,5,5,0,100.0,0.0,inf,2021-11-06_2021-12-05|2022-05-05_2022-06-03|2022-06-04_2022-07-03|2022-09-02_2022-10-01|2023-11-26_2023-12-25
0.0,2,CPI m/m|PPI m/m,Good|Good,11,7,4,63.6,36.4,1.75,2022-08-03_2022-09-01|2023-03-31_2023-04-29|2023-05-30_2023-06-28|2023-06-29_2023-07-28|2023-10-27_2023-11-25|2025-03-20_2025-04-18|2025-04-19_2025-05-18|2025-05-19_2025-06-17|2022-11-01_2022-11-30|2024-05-24_2024-06-22|2025-02-18_2025-03-19
0.0,2,CPI m/m|PPI m/m,Neutral|Neutral,1,1,0,100.0,0.0,inf,2024-10-21_2024-11-19
0.1,2,CPI m/m|PPI m/m,Bad|Neutral,6,4,2,66.7,33.3,2.0,2020-08-13_2020-09-11|2021-10-07_2021-11-05|2021-11-06_2021-12-05|2022-06-04_2022-07-03|2022-09-02_2022-10-01|2024-03-25_2024-04-23
0.1,2,CPI m/m|PPI m/m,Neutral|Bad,10,9,1,90.0,10.0,9.0,2020-10-12_2020-11-10|2021-02-09_2021-03-10|2021-08-08_2021-09-06|2022-04-05_2022-05-04|2023-01-30_2023-02-28|2024-01-25_2024-02-23|2024-11-20_2024-12-19|2025-07-18_2025-08-16|2023-08-28_2023-09-26|2026-02-13_2026-03-14
0.1,2,CPI m/m|PPI m/m,Neutral|Neutral,10,8,2,80.0,20.0,4.0,2020-11-11_2020-12-10|2022-05-05_2022-06-03|2023-04-30_2023-05-29|2023-06-29_2023-07-28|2023-07-29_2023-08-27|2024-07-23_2024-08-21|2024-08-22_2024-09-20|2024-10-21_2024-11-19|2025-05-19_2025-06-17|2023-11-26_2023-12-25
0.1,2,CPI m/m|PPI m/m,Neutral|Good,14,9,5,64.3,35.7,1.8,2021-01-10_2021-02-08|2022-01-05_2022-02-03|2023-03-01_2023-03-30|2023-03-31_2023-04-29|2023-05-30_2023-06-28|2023-10-27_2023-11-25|2023-12-26_2024-01-24|2024-12-20_2025-01-18|2025-04-19_2025-05-18|2025-06-18_2025-07-17|2022-03-06_2022-04-04|2022-12-31_2023-01-29|2024-05-24_2024-06-22|2025-02-18_2025-03-19
0.1,2,CPI m/m|PPI m/m,Bad|Bad,9,9,0,100.0,0.0,inf,2021-06-09_2021-07-08|2021-07-09_2021-08-07|2022-07-04_2022-08-02|2022-10-02_2022-10-31|2023-09-27_2023-10-26|2021-05-10_2021-06-08|2021-12-06_2022-01-04|2022-02-04_2022-03-05|2025-01-19_2025-02-17
0.1,2,CPI m/m|PPI m/m,Good|Neutral,3,1,2,33.3,66.7,0.5,2021-09-07_2021-10-06|2022-12-01_2022-12-30|2024-06-23_2024-07-22
0.1,2,CPI m/m|PPI m/m,Good|Good,3,1,2,33.3,66.7,0.5,2022-08-03_2022-09-01|2025-03-20_2025-04-18|2022-11-01_2022-11-30
0.1,2,CPI m/m|PPI m/m,Good|Bad,1,1,0,100.0,0.0,inf,2024-04-24_2024-05-23
0.1,2,CPI m/m|PPI m/m,Bad|Good,1,1,0,100.0,0.0,inf,2025-08-17_2025-09-15
0.2,2,CPI m/m|PPI m/m,Neutral|Neutral,33,23,10,69.7,30.3,2.3,2020-08-13_2020-09-11|2020-10-12_2020-11-10|2020-11-11_2020-12-10|2021-01-10_2021-02-08|2021-09-07_2021-10-06|2021-10-07_2021-11-05|2022-01-05_2022-02-03|2022-05-05_2022-06-03|2022-09-02_2022-10-01|2022-10-02_2022-10-31|2023-04-30_2023-05-29|2023-05-30_2023-06-28|2023-06-29_2023-07-28|2023-07-29_2023-08-27|2023-09-27_2023-10-26|2023-12-26_2024-01-24|2024-01-25_2024-02-23|2024-04-24_2024-05-23|2024-07-23_2024-08-21|2024-08-22_2024-09-20|2024-10-21_2024-11-19|2024-11-20_2024-12-19|2024-12-20_2025-01-18|2025-05-19_2025-06-17|2025-06-18_2025-07-17|2022-03-06_2022-04-04|2022-11-01_2022-11-30|2022-12-01_2022-12-30|2023-11-26_2023-12-25|2024-03-25_2024-04-23|2024-06-23_2024-07-22|2025-01-19_2025-02-17|2026-02-13_2026-03-14
0.2,2,CPI m/m|PPI m/m,Neutral|Bad,10,9,1,90.0,10.0,9.0,2021-02-09_2021-03-10|2021-06-09_2021-07-08|2021-08-08_2021-09-06|2022-04-05_2022-05-04|2022-07-04_2022-08-02|2023-01-30_2023-02-28|2025-07-18_2025-08-16|2021-12-06_2022-01-04|2022-02-04_2022-03-05|2023-08-28_2023-09-26
0.2,2,CPI m/m|PPI m/m,Bad|Bad,2,2,0,100.0,0.0,inf,2021-07-09_2021-08-07|2021-05-10_2021-06-08
0.2,2,CPI m/m|PPI m/m,Bad|Neutral,2,2,0,100.0,0.0,inf,2021-11-06_2021-12-05|2022-06-04_2022-07-03
0.2,2,CPI m/m|PPI m/m,Neutral|Good,10,7,3,70.0,30.0,2.33,2022-08-03_2022-09-01|2023-03-01_2023-03-30|2023-03-31_2023-04-29|2023-10-27_2023-11-25|2025-03-20_2025-04-18|2025-04-19_2025-05-18|2025-08-17_2025-09-15|2022-12-31_2023-01-29|2024-05-24_2024-06-22|2025-02-18_2025-03-19
0.3,2,CPI m/m|PPI m/m,Neutral|Neutral,37,26,11,70.3,29.7,2.36,2020-08-13_2020-09-11|2020-10-12_2020-11-10|2020-11-11_2020-12-10|2021-01-10_2021-02-08|2021-09-07_2021-10-06|2021-10-07_2021-11-05|2022-01-05_2022-02-03|2022-04-05_2022-05-04|2022-05-05_2022-06-03|2022-09-02_2022-10-01|2022-10-02_2022-10-31|2023-01-30_2023-02-28|2023-04-30_2023-05-29|2023-05-30_2023-06-28|2023-06-29_2023-07-28|2023-07-29_2023-08-27|2023-09-27_2023-10-26|2023-12-26_2024-01-24|2024-01-25_2024-02-23|2024-04-24_2024-05-23|2024-07-23_2024-08-21|2024-08-22_2024-09-20|2024-10-21_2024-11-19|2024-11-20_2024-12-19|2024-12-20_2025-01-18|2025-05-19_2025-06-17|2025-06-18_2025-07-17|2022-03-06_2022-04-04|2022-11-01_2022-11-30|2022-12-01_2022-12-30|2023-08-28_2023-09-26|2023-11-26_2023-12-25|2024-03-25_2024-04-23|2024-06-23_2024-07-22|2025-01-19_2025-02-17|2025-02-18_2025-03-19|2026-02-13_2026-03-14
0.3,2,CPI m/m|PPI m/m,Neutral|Bad,7,6,1,85.7,14.3,6.0,2021-02-09_2021-03-10|2021-06-09_2021-07-08|2021-08-08_2021-09-06|2022-07-04_2022-08-02|2025-07-18_2025-08-16|2021-12-06_2022-01-04|2022-02-04_2022-03-05
0.3,2,CPI m/m|PPI m/m,Bad|Bad,1,1,0,100.0,0.0,inf,2021-07-09_2021-08-07
0.3,2,CPI m/m|PPI m/m,Bad|Neutral,3,3,0,100.0,0.0,inf,2021-11-06_2021-12-05|2022-06-04_2022-07-03|2021-05-10_2021-06-08
0.3,2,CPI m/m|PPI m/m,Neutral|Good,9,7,2,77.8,22.2,3.5,2022-08-03_2022-09-01|2023-03-01_2023-03-30|2023-03-31_2023-04-29|2023-10-27_2023-11-25|2025-03-20_2025-04-18|2025-04-19_2025-05-18|2025-08-17_2025-09-15|2022-12-31_2023-01-29|2024-05-24_2024-06-22
0.0,2,CPI m/m|Core PPI m/m,Bad|Bad,9,9,0,100.0,0.0,inf,2020-08-13_2020-09-11|2021-06-09_2021-07-08|2021-07-09_2021-08-07|2022-09-02_2022-10-01|2023-09-27_2023-10-26|2024-01-25_2024-02-23|2021-05-10_2021-06-08|2021-12-06_2022-01-04|2022-02-04_2022-03-05
0.0,2,CPI m/m|Core PPI m/m,Neutral|Bad,8,6,2,75.0,25.0,3.0,2020-10-12_2020-11-10|2021-02-09_2021-03-10|2021-08-08_2021-09-06|2022-04-05_2022-05-04|2023-01-30_2023-02-28|2023-07-29_2023-08-27|2024-08-22_2024-09-20|2025-07-18_2025-08-16
0.0,2,CPI m/m|Core PPI m/m,Neutral|Good,6,4,2,66.7,33.3,2.0,2020-11-11_2020-12-10|2023-03-01_2023-03-30|2024-07-23_2024-08-21|2024-12-20_2025-01-18|2025-06-18_2025-07-17|2022-03-06_2022-04-04
0.0,2,CPI m/m|Core PPI m/m,Neutral|Neutral,6,6,0,100.0,0.0,inf,2021-01-10_2021-02-08|2023-04-30_2023-05-29|2024-10-21_2024-11-19|2024-11-20_2024-12-19|2022-12-31_2023-01-29|2023-08-28_2023-09-26
0.0,2,CPI m/m|Core PPI m/m,Good|Bad,5,3,2,60.0,40.0,1.5,2021-09-07_2021-10-06|2024-04-24_2024-05-23|2022-12-01_2022-12-30|2024-06-23_2024-07-22|2026-02-13_2026-03-14
0.0,2,CPI m/m|Core PPI m/m,Bad|Good,8,6,2,75.0,25.0,3.0,2021-10-07_2021-11-05|2021-11-06_2021-12-05|2022-05-05_2022-06-03|2022-06-04_2022-07-03|2022-07-04_2022-08-02|2023-12-26_2024-01-24|2025-08-17_2025-09-15|2023-11-26_2023-12-25
0.0,2,CPI m/m|Core PPI m/m,Bad|Neutral,4,2,2,50.0,50.0,1.0,2022-01-05_2022-02-03|2022-10-02_2022-10-31|2024-03-25_2024-04-23|2025-01-19_2025-02-17
0.0,2,CPI m/m|Core PPI m/m,Good|Good,10,6,4,60.0,40.0,1.5,2022-08-03_2022-09-01|2023-03-31_2023-04-29|2023-06-29_2023-07-28|2023-10-27_2023-11-25|2025-03-20_2025-04-18|2025-04-19_2025-05-18|2025-05-19_2025-06-17|2022-11-01_2022-11-30|2024-05-24_2024-06-22|2025-02-18_2025-03-19
0.0,2,CPI m/m|Core PPI m/m,Good|Neutral,1,1,0,100.0,0.0,inf,2023-05-30_2023-06-28
0.1,2,CPI m/m|Core PPI m/m,Bad|Bad,7,7,0,100.0,0.0,inf,2020-08-13_2020-09-11|2021-06-09_2021-07-08|2021-07-09_2021-08-07|2022-09-02_2022-10-01|2021-05-10_2021-06-08|2021-12-06_2022-01-04|2022-02-04_2022-03-05
0.1,2,CPI m/m|Core PPI m/m,Neutral|Bad,8,7,1,87.5,12.5,7.0,2020-10-12_2020-11-10|2021-02-09_2021-03-10|2021-08-08_2021-09-06|2022-04-05_2022-05-04|2023-01-30_2023-02-28|2024-01-25_2024-02-23|2025-07-18_2025-08-16|2026-02-13_2026-03-14
0.1,2,CPI m/m|Core PPI m/m,Neutral|Neutral,12,10,2,83.3,16.7,5.0,2020-11-11_2020-12-10|2021-01-10_2021-02-08|2022-01-05_2022-02-03|2023-04-30_2023-05-29|2023-05-30_2023-06-28|2023-06-29_2023-07-28|2023-07-29_2023-08-27|2024-08-22_2024-09-20|2024-10-21_2024-11-19|2024-11-20_2024-12-19|2022-12-31_2023-01-29|2023-08-28_2023-09-26
0.1,2,CPI m/m|Core PPI m/m,Good|Neutral,1,1,0,100.0,0.0,inf,2021-09-07_2021-10-06
0.1,2,CPI m/m|Core PPI m/m,Bad|Good,2,1,1,50.0,50.0,1.0,2021-10-07_2021-11-05|2025-08-17_2025-09-15
0.1,2,CPI m/m|Core PPI m/m,Bad|Neutral,7,6,1,85.7,14.3,6.0,2021-11-06_2021-12-05|2022-06-04_2022-07-03|2022-07-04_2022-08-02|2022-10-02_2022-10-31|2023-09-27_2023-10-26|2024-03-25_2024-04-23|2025-01-19_2025-02-17
0.1,2,CPI m/m|Core PPI m/m,Neutral|Good,14,9,5,64.3,35.7,1.8,2022-05-05_2022-06-03|2023-03-01_2023-03-30|2023-03-31_2023-04-29|2023-10-27_2023-11-25|2023-12-26_2024-01-24|2024-07-23_2024-08-21|2024-12-20_2025-01-18|2025-04-19_2025-05-18|2025-05-19_2025-06-17|2025-06-18_2025-07-17|2022-03-06_2022-04-04|2023-11-26_2023-12-25|2024-05-24_2024-06-22|2025-02-18_2025-03-19
0.1,2,CPI m/m|Core PPI m/m,Good|Good,3,1,2,33.3,66.7,0.5,2022-08-03_2022-09-01|2025-03-20_2025-04-18|2022-11-01_2022-11-30
0.1,2,CPI m/m|Core PPI m/m,Good|Bad,3,1,2,33.3,66.7,0.5,2024-04-24_2024-05-23|2022-12-01_2022-12-30|2024-06-23_2024-07-22
0.2,2,CPI m/m|Core PPI m/m,Neutral|Neutral,33,25,8,75.8,24.2,3.12,2020-08-13_2020-09-11|2020-10-12_2020-11-10|2020-11-11_2020-12-10|2021-01-10_2021-02-08|2021-06-09_2021-07-08|2021-09-07_2021-10-06|2022-01-05_2022-02-03|2022-05-05_2022-06-03|2022-07-04_2022-08-02|2022-08-03_2022-09-01|2022-09-02_2022-10-01|2022-10-02_2022-10-31|2023-01-30_2023-02-28|2023-04-30_2023-05-29|2023-05-30_2023-06-28|2023-06-29_2023-07-28|2023-07-29_2023-08-27|2023-09-27_2023-10-26|2023-12-26_2024-01-24|2024-07-23_2024-08-21|2024-08-22_2024-09-20|2024-10-21_2024-11-19|2024-11-20_2024-12-19|2024-12-20_2025-01-18|2025-05-19_2025-06-17|2025-06-18_2025-07-17|2022-12-01_2022-12-30|2022-12-31_2023-01-29|2023-08-28_2023-09-26|2023-11-26_2023-12-25|2024-03-25_2024-04-23|2024-06-23_2024-07-22|2025-01-19_2025-02-17
0.2,2,CPI m/m|Core PPI m/m,Neutral|Bad,9,8,1,88.9,11.1,8.0,2021-02-09_2021-03-10|2021-08-08_2021-09-06|2022-04-05_2022-05-04|2024-01-25_2024-02-23|2024-04-24_2024-05-23|2025-07-18_2025-08-16|2021-12-06_2022-01-04|2022-02-04_2022-03-05|2026-02-13_2026-03-14
0.2,2,CPI m/m|Core PPI m/m,Bad|Bad,2,2,0,100.0,0.0,inf,2021-07-09_2021-08-07|2021-05-10_2021-06-08
0.2,2,CPI m/m|Core PPI m/m,Neutral|Good,11,6,5,54.5,45.5,1.2,2021-10-07_2021-11-05|2023-03-01_2023-03-30|2023-03-31_2023-04-29|2023-10-27_2023-11-25|2025-03-20_2025-04-18|2025-04-19_2025-05-18|2025-08-17_2025-09-15|2022-03-06_2022-04-04|2022-11-01_2022-11-30|2024-05-24_2024-06-22|2025-02-18_2025-03-19
0.2,2,CPI m/m|Core PPI m/m,Bad|Neutral,2,2,0,100.0,0.0,inf,2021-11-06_2021-12-05|2022-06-04_2022-07-03
0.3,2,CPI m/m|Core PPI m/m,Neutral|Neutral,39,29,10,74.4,25.6,2.9,2020-08-13_2020-09-11|2020-10-12_2020-11-10|2020-11-11_2020-12-10|2021-01-10_2021-02-08|2021-06-09_2021-07-08|2021-09-07_2021-10-06|2021-10-07_2021-11-05|2022-01-05_2022-02-03|2022-05-05_2022-06-03|2022-07-04_2022-08-02|2022-08-03_2022-09-01|2022-09-02_2022-10-01|2022-10-02_2022-10-31|2023-01-30_2023-02-28|2023-04-30_2023-05-29|2023-05-30_2023-06-28|2023-06-29_2023-07-28|2023-07-29_2023-08-27|2023-09-27_2023-10-26|2023-10-27_2023-11-25|2023-12-26_2024-01-24|2024-04-24_2024-05-23|2024-07-23_2024-08-21|2024-08-22_2024-09-20|2024-10-21_2024-11-19|2024-11-20_2024-12-19|2024-12-20_2025-01-18|2025-05-19_2025-06-17|2025-06-18_2025-07-17|2021-12-06_2022-01-04|2022-11-01_2022-11-30|2022-12-01_2022-12-30|2022-12-31_2023-01-29|2023-08-28_2023-09-26|2023-11-26_2023-12-25|2024-03-25_2024-04-23|2024-05-24_2024-06-22|2024-06-23_2024-07-22|2025-01-19_2025-02-17
0.3,2,CPI m/m|Core PPI m/m,Neutral|Bad,7,6,1,85.7,14.3,6.0,2021-02-09_2021-03-10|2021-08-08_2021-09-06|2022-04-05_2022-05-04|2024-01-25_2024-02-23|2025-07-18_2025-08-16|2022-02-04_2022-03-05|2026-02-13_2026-03-14
0.3,2,CPI m/m|Core PPI m/m,Bad|Bad,1,1,0,100.0,0.0,inf,2021-07-09_2021-08-07
0.3,2,CPI m/m|Core PPI m/m,Bad|Neutral,3,3,0,100.0,0.0,inf,2021-11-06_2021-12-05|2022-06-04_2022-07-03|2021-05-10_2021-06-08
0.3,2,CPI m/m|Core PPI m/m,Neutral|Good,7,4,3,57.1,42.9,1.33,2023-03-01_2023-03-30|2023-03-31_2023-04-29|2025-03-20_2025-04-18|2025-04-19_2025-05-18|2025-08-17_2025-09-15|2022-03-06_2022-04-04|2025-02-18_2025-03-19
0.0,2,CPI m/m|FOMC,Neutral|Neutral,6,5,1,83.3,16.7,5.0,2023-03-01_2023-03-30|2023-04-30_2023-05-29|2024-07-23_2024-08-21|2024-10-21_2024-11-19|2024-11-20_2024-12-19|2023-08-28_2023-09-26
0.0,2,CPI m/m|FOMC,Good|Neutral,4,4,0,100.0,0.0,inf,2023-05-30_2023-06-28|2023-06-29_2023-07-28|2023-10-27_2023-11-25|2024-05-24_2024-06-22
0.0,2,CPI m/m|FOMC,Neutral|Good,1,0,1,0.0,100.0,0.0,2024-08-22_2024-09-20
0.0,2,CPI m/m|FOMC,Bad|Neutral,2,2,0,100.0,0.0,inf,2023-11-26_2023-12-25|2025-01-19_2025-02-17
0.1,2,CPI m/m|FOMC,Neutral|Neutral,11,10,1,90.9,9.1,10.0,2023-03-01_2023-03-30|2023-04-30_2023-05-29|2023-05-30_2023-06-28|2023-06-29_2023-07-28|2023-10-27_2023-11-25|2024-07-23_2024-08-21|2024-10-21_2024-11-19|2024-11-20_2024-12-19|2023-08-28_2023-09-26|2023-11-26_2023-12-25|2024-05-24_2024-06-22
0.1,2,CPI m/m|FOMC,Neutral|Good,1,0,1,0.0,100.0,0.0,2024-08-22_2024-09-20
0.1,2,CPI m/m|FOMC,Bad|Neutral,1,1,0,100.0,0.0,inf,2025-01-19_2025-02-17
0.2,2,CPI m/m|FOMC,Neutral|Neutral,12,11,1,91.7,8.3,11.0,2023-03-01_2023-03-30|2023-04-30_2023-05-29|2023-05-30_2023-06-28|2023-06-29_2023-07-28|2023-10-27_2023-11-25|2024-07-23_2024-08-21|2024-10-21_2024-11-19|2024-11-20_2024-12-19|2023-08-28_2023-09-26|2023-11-26_2023-12-25|2024-05-24_2024-06-22|2025-01-19_2025-02-17
0.2,2,CPI m/m|FOMC,Neutral|Good,1,0,1,0.0,100.0,0.0,2024-08-22_2024-09-20
0.3,2,CPI m/m|FOMC,Neutral|Neutral,13,11,2,84.6,15.4,5.5,2023-03-01_2023-03-30|2023-04-30_2023-05-29|2023-05-30_2023-06-28|2023-06-29_2023-07-28|2023-10-27_2023-11-25|2024-07-23_2024-08-21|2024-08-22_2024-09-20|2024-10-21_2024-11-19|2024-11-20_2024-12-19|2023-08-28_2023-09-26|2023-11-26_2023-12-25|2024-05-24_2024-06-22|2025-01-19_2025-02-17
0.0,2,CPI m/m|CPI y/y,Bad|Bad,18,15,3,83.3,16.7,5.0,2020-08-13_2020-09-11|2021-04-10_2021-05-09|2021-06-09_2021-07-08|2021-07-09_2021-08-07|2021-10-07_2021-11-05|2021-11-06_2021-12-05|2022-05-05_2022-06-03|2022-06-04_2022-07-03|2022-07-04_2022-08-02|2022-09-02_2022-10-01|2022-10-02_2022-10-31|2023-09-27_2023-10-26|2023-12-26_2024-01-24|2024-01-25_2024-02-23|2021-05-10_2021-06-08|2022-02-04_2022-03-05|2024-03-25_2024-04-23|2025-01-19_2025-02-17
0.0,2,CPI m/m|CPI y/y,Neutral|Neutral,10,6,4,60.0,40.0,1.5,2020-10-12_2020-11-10|2021-01-10_2021-02-08|2021-02-09_2021-03-10|2023-03-01_2023-03-30|2024-08-22_2024-09-20|2024-10-21_2024-11-19|2024-11-20_2024-12-19|2024-12-20_2025-01-18|2022-03-06_2022-04-04|2022-12-31_2023-01-29
0.0,2,CPI m/m|CPI y/y,Neutral|Good,6,6,0,100.0,0.0,inf,2020-11-11_2020-12-10|2023-04-30_2023-05-29|2023-07-29_2023-08-27|2024-07-23_2024-08-21|2025-07-18_2025-08-16|2025-12-15_2026-01-13
0.0,2,CPI m/m|CPI y/y,Neutral|Bad,5,5,0,100.0,0.0,inf,2021-08-08_2021-09-06|2022-04-05_2022-05-04|2023-01-30_2023-02-28|2025-06-18_2025-07-17|2023-08-28_2023-09-26
0.0,2,CPI m/m|CPI y/y,Good|Neutral,2,2,0,100.0,0.0,inf,2021-09-07_2021-10-06|2024-04-24_2024-05-23
0.0,2,CPI m/m|CPI y/y,Bad|Neutral,4,3,1,75.0,25.0,3.0,2022-01-05_2022-02-03|2025-08-17_2025-09-15|2021-12-06_2022-01-04|2023-11-26_2023-12-25
0.0,2,CPI m/m|CPI y/y,Good|Good,15,9,6,60.0,40.0,1.5,2022-08-03_2022-09-01|2023-03-31_2023-04-29|2023-05-30_2023-06-28|2023-06-29_2023-07-28|2023-10-27_2023-11-25|2025-03-20_2025-04-18|2025-04-19_2025-05-18|2025-05-19_2025-06-17|2025-10-16_2025-11-14|2022-11-01_2022-11-30|2022-12-01_2022-12-30|2024-05-24_2024-06-22|2024-06-23_2024-07-22|2025-02-18_2025-03-19|2026-02-13_2026-03-14
0.1,2,CPI m/m|CPI y/y,Bad|Bad,13,11,2,84.6,15.4,5.5,2020-08-13_2020-09-11|2021-06-09_2021-07-08|2021-07-09_2021-08-07|2021-10-07_2021-11-05|2021-11-06_2021-12-05|2022-06-04_2022-07-03|2022-07-04_2022-08-02|2022-09-02_2022-10-01|2023-09-27_2023-10-26|2021-05-10_2021-06-08|2022-02-04_2022-03-05|2024-03-25_2024-04-23|2025-01-19_2025-02-17
0.1,2,CPI m/m|CPI y/y,Neutral|Neutral,20,15,5,75.0,25.0,3.0,2020-10-12_2020-11-10|2020-11-11_2020-12-10|2021-01-10_2021-02-08|2021-02-09_2021-03-10|2022-01-05_2022-02-03|2022-04-05_2022-05-04|2023-03-01_2023-03-30|2023-03-31_2023-04-29|2023-04-30_2023-05-29|2023-05-30_2023-06-28|2023-07-29_2023-08-27|2023-10-27_2023-11-25|2024-08-22_2024-09-20|2024-10-21_2024-11-19|2024-11-20_2024-12-19|2024-12-20_2025-01-18|2025-07-18_2025-08-16|2022-03-06_2022-04-04|2022-12-31_2023-01-29|2023-11-26_2023-12-25
0.1,2,CPI m/m|CPI y/y,Neutral|Bad,8,7,1,87.5,12.5,7.0,2021-04-10_2021-05-09|2021-08-08_2021-09-06|2022-05-05_2022-06-03|2023-01-30_2023-02-28|2023-12-26_2024-01-24|2024-01-25_2024-02-23|2025-06-18_2025-07-17|2023-08-28_2023-09-26
0.1,2,CPI m/m|CPI y/y,Good|Neutral,2,2,0,100.0,0.0,inf,2021-09-07_2021-10-06|2024-04-24_2024-05-23
0.1,2,CPI m/m|CPI y/y,Good|Good,6,2,4,33.3,66.7,0.5,2022-08-03_2022-09-01|2025-03-20_2025-04-18|2025-10-16_2025-11-14|2022-11-01_2022-11-30|2022-12-01_2022-12-30|2024-06-23_2024-07-22
0.1,2,CPI m/m|CPI y/y,Bad|Neutral,3,3,0,100.0,0.0,inf,2022-10-02_2022-10-31|2025-08-17_2025-09-15|2021-12-06_2022-01-04
0.1,2,CPI m/m|CPI y/y,Neutral|Good,8,6,2,75.0,25.0,3.0,2023-06-29_2023-07-28|2024-07-23_2024-08-21|2025-04-19_2025-05-18|2025-05-19_2025-06-17|2025-12-15_2026-01-13|2024-05-24_2024-06-22|2025-02-18_2025-03-19|2026-02-13_2026-03-14
0.2,2,CPI m/m|CPI y/y,Neutral|Neutral,47,35,12,74.5,25.5,2.92,2020-08-13_2020-09-11|2020-10-12_2020-11-10|2020-11-11_2020-12-10|2021-01-10_2021-02-08|2021-02-09_2021-03-10|2021-04-10_2021-05-09|2021-08-08_2021-09-06|2021-09-07_2021-10-06|2021-10-07_2021-11-05|2022-01-05_2022-02-03|2022-04-05_2022-05-04|2022-08-03_2022-09-01|2022-10-02_2022-10-31|2023-03-01_2023-03-30|2023-03-31_2023-04-29|2023-04-30_2023-05-29|2023-05-30_2023-06-28|2023-06-29_2023-07-28|2023-07-29_2023-08-27|2023-09-27_2023-10-26|2023-10-27_2023-11-25|2023-12-26_2024-01-24|2024-04-24_2024-05-23|2024-07-23_2024-08-21|2024-08-22_2024-09-20|2024-10-21_2024-11-19|2024-11-20_2024-12-19|2024-12-20_2025-01-18|2025-03-20_2025-04-18|2025-04-19_2025-05-18|2025-05-19_2025-06-17|2025-06-18_2025-07-17|2025-07-18_2025-08-16|2025-08-17_2025-09-15|2025-10-16_2025-11-14|2025-12-15_2026-01-13|2021-12-06_2022-01-04|2022-03-06_2022-04-04|2022-12-31_2023-01-29|2023-08-28_2023-09-26|2023-11-26_2023-12-25|2024-03-25_2024-04-23|2024-05-24_2024-06-22|2024-06-23_2024-07-22|2025-01-19_2025-02-17|2025-02-18_2025-03-19|2026-02-13_2026-03-14
0.2,2,CPI m/m|CPI y/y,Neutral|Bad,7,7,0,100.0,0.0,inf,2021-06-09_2021-07-08|2022-05-05_2022-06-03|2022-07-04_2022-08-02|2022-09-02_2022-10-01|2023-01-30_2023-02-28|2024-01-25_2024-02-23|2022-02-04_2022-03-05
0.2,2,CPI m/m|CPI y/y,Bad|Bad,4,4,0,100.0,0.0,inf,2021-07-09_2021-08-07|2021-11-06_2021-12-05|2022-06-04_2022-07-03|2021-05-10_2021-06-08
0.2,2,CPI m/m|CPI y/y,Neutral|Good,2,0,2,0.0,100.0,0.0,2022-11-01_2022-11-30|2022-12-01_2022-12-30
0.3,2,CPI m/m|CPI y/y,Neutral|Neutral,55,41,14,74.5,25.5,2.93,2020-08-13_2020-09-11|2020-10-12_2020-11-10|2020-11-11_2020-12-10|2021-01-10_2021-02-08|2021-02-09_2021-03-10|2021-04-10_2021-05-09|2021-06-09_2021-07-08|2021-08-08_2021-09-06|2021-09-07_2021-10-06|2021-10-07_2021-11-05|2022-01-05_2022-02-03|2022-04-05_2022-05-04|2022-05-05_2022-06-03|2022-08-03_2022-09-01|2022-09-02_2022-10-01|2022-10-02_2022-10-31|2023-01-30_2023-02-28|2023-03-01_2023-03-30|2023-03-31_2023-04-29|2023-04-30_2023-05-29|2023-05-30_2023-06-28|2023-06-29_2023-07-28|2023-07-29_2023-08-27|2023-09-27_2023-10-26|2023-10-27_2023-11-25|2023-12-26_2024-01-24|2024-01-25_2024-02-23|2024-04-24_2024-05-23|2024-07-23_2024-08-21|2024-08-22_2024-09-20|2024-10-21_2024-11-19|2024-11-20_2024-12-19|2024-12-20_2025-01-18|2025-03-20_2025-04-18|2025-04-19_2025-05-18|2025-05-19_2025-06-17|2025-06-18_2025-07-17|2025-07-18_2025-08-16|2025-08-17_2025-09-15|2025-10-16_2025-11-14|2025-12-15_2026-01-13|2021-12-06_2022-01-04|2022-02-04_2022-03-05|2022-03-06_2022-04-04|2022-11-01_2022-11-30|2022-12-01_2022-12-30|2022-12-31_2023-01-29|2023-08-28_2023-09-26|2023-11-26_2023-12-25|2024-03-25_2024-04-23|2024-05-24_2024-06-22|2024-06-23_2024-07-22|2025-01-19_2025-02-17|2025-02-18_2025-03-19|2026-02-13_2026-03-14
0.3,2,CPI m/m|CPI y/y,Bad|Bad,2,2,0,100.0,0.0,inf,2021-07-09_2021-08-07|2021-05-10_2021-06-08
0.3,2,CPI m/m|CPI y/y,Bad|Neutral,2,2,0,100.0,0.0,inf,2021-11-06_2021-12-05|2022-06-04_2022-07-03
0.3,2,CPI m/m|CPI y/y,Neutral|Bad,1,1,0,100.0,0.0,inf,2022-07-04_2022-08-02
0.0,2,Core CPI m/m|PPI m/m,Bad|Bad,11,10,1,90.9,9.1,10.0,2020-08-13_2020-09-11|2021-06-09_2021-07-08|2021-07-09_2021-08-07|2022-07-04_2022-08-02|2022-10-02_2022-10-31|2024-01-25_2024-02-23|2024-08-22_2024-09-20|2021-05-10_2021-06-08|2022-02-04_2022-03-05|2023-08-28_2023-09-26|2025-01-19_2025-02-17
0.0,2,Core CPI m/m|PPI m/m,Neutral|Bad,9,9,0,100.0,0.0,inf,2020-10-12_2020-11-10|2023-01-30_2023-02-28|2023-07-29_2023-08-27|2023-09-27_2023-10-26|2024-04-24_2024-05-23|2024-11-20_2024-12-19|2025-07-18_2025-08-16|2021-12-06_2022-01-04|2026-02-13_2026-03-14
0.0,2,Core CPI m/m|PPI m/m,Good|Bad,7,4,3,57.1,42.9,1.33,2020-11-11_2020-12-10|2021-02-09_2021-03-10|2021-08-08_2021-09-06|2021-09-07_2021-10-06|2022-04-05_2022-05-04|2022-12-01_2022-12-30|2024-06-23_2024-07-22
0.0,2,Core CPI m/m|PPI m/m,Neutral|Good,9,7,2,77.8,22.2,3.5,2021-01-10_2021-02-08|2021-10-07_2021-11-05|2023-03-31_2023-04-29|2023-05-30_2023-06-28|2023-12-26_2024-01-24|2024-07-23_2024-08-21|2025-08-17_2025-09-15|2022-03-06_2022-04-04|2022-12-31_2023-01-29
0.0,2,Core CPI m/m|PPI m/m,Bad|Neutral,4,4,0,100.0,0.0,inf,2021-11-06_2021-12-05|2022-05-05_2022-06-03|2022-06-04_2022-07-03|2022-09-02_2022-10-01
0.0,2,Core CPI m/m|PPI m/m,Bad|Good,4,1,3,25.0,75.0,0.33,2022-01-05_2022-02-03|2023-03-01_2023-03-30|2023-04-30_2023-05-29|2024-03-25_2024-04-23
0.0,2,Core CPI m/m|PPI m/m,Good|Good,11,6,5,54.5,45.5,1.2,2022-08-03_2022-09-01|2023-06-29_2023-07-28|2023-10-27_2023-11-25|2024-12-20_2025-01-18|2025-03-20_2025-04-18|2025-04-19_2025-05-18|2025-05-19_2025-06-17|2025-06-18_2025-07-17|2022-11-01_2022-11-30|2024-05-24_2024-06-22|2025-02-18_2025-03-19
0.0,2,Core CPI m/m|PPI m/m,Neutral|Neutral,2,2,0,100.0,0.0,inf,2024-10-21_2024-11-19|2023-11-26_2023-12-25
0.1,2,Core CPI m/m|PPI m/m,Bad|Neutral,6,5,1,83.3,16.7,5.0,2020-08-13_2020-09-11|2021-11-06_2021-12-05|2022-05-05_2022-06-03|2022-09-02_2022-10-01|2023-04-30_2023-05-29|2024-03-25_2024-04-23
0.1,2,Core CPI m/m|PPI m/m,Neutral|Bad,10,10,0,100.0,0.0,inf,2020-10-12_2020-11-10|2023-01-30_2023-02-28|2023-09-27_2023-10-26|2024-04-24_2024-05-23|2024-11-20_2024-12-19|2025-07-18_2025-08-16|2021-12-06_2022-01-04|2022-02-04_2022-03-05|2023-08-28_2023-09-26|2026-02-13_2026-03-14
0.1,2,Core CPI m/m|PPI m/m,Neutral|Neutral,11,7,4,63.6,36.4,1.75,2020-11-11_2020-12-10|2021-10-07_2021-11-05|2022-06-04_2022-07-03|2023-06-29_2023-07-28|2023-07-29_2023-08-27|2024-07-23_2024-08-21|2024-08-22_2024-09-20|2024-10-21_2024-11-19|2022-12-01_2022-12-30|2023-11-26_2023-12-25|2024-06-23_2024-07-22
0.1,2,Core CPI m/m|PPI m/m,Neutral|Good,15,10,5,66.7,33.3,2.0,2021-01-10_2021-02-08|2022-01-05_2022-02-03|2023-03-01_2023-03-30|2023-03-31_2023-04-29|2023-05-30_2023-06-28|2023-10-27_2023-11-25|2023-12-26_2024-01-24|2024-12-20_2025-01-18|2025-04-19_2025-05-18|2025-06-18_2025-07-17|2025-08-17_2025-09-15|2022-03-06_2022-04-04|2022-12-31_2023-01-29|2024-05-24_2024-06-22|2025-02-18_2025-03-19
0.1,2,Core CPI m/m|PPI m/m,Good|Bad,3,2,1,66.7,33.3,2.0,2021-02-09_2021-03-10|2021-08-08_2021-09-06|2022-04-05_2022-05-04
0.1,2,Core CPI m/m|PPI m/m,Bad|Bad,7,7,0,100.0,0.0,inf,2021-06-09_2021-07-08|2021-07-09_2021-08-07|2022-07-04_2022-08-02|2022-10-02_2022-10-31|2024-01-25_2024-02-23|2021-05-10_2021-06-08|2025-01-19_2025-02-17
0.1,2,Core CPI m/m|PPI m/m,Good|Neutral,2,1,1,50.0,50.0,1.0,2021-09-07_2021-10-06|2025-05-19_2025-06-17
0.1,2,Core CPI m/m|PPI m/m,Good|Good,3,1,2,33.3,66.7,0.5,2022-08-03_2022-09-01|2025-03-20_2025-04-18|2022-11-01_2022-11-30
0.2,2,Core CPI m/m|PPI m/m,Neutral|Neutral,34,24,10,70.6,29.4,2.4,2020-08-13_2020-09-11|2020-10-12_2020-11-10|2020-11-11_2020-12-10|2021-01-10_2021-02-08|2021-09-07_2021-10-06|2021-10-07_2021-11-05|2021-11-06_2021-12-05|2022-01-05_2022-02-03|2022-05-05_2022-06-03|2022-06-04_2022-07-03|2022-10-02_2022-10-31|2023-04-30_2023-05-29|2023-05-30_2023-06-28|2023-06-29_2023-07-28|2023-07-29_2023-08-27|2023-09-27_2023-10-26|2023-12-26_2024-01-24|2024-01-25_2024-02-23|2024-04-24_2024-05-23|2024-07-23_2024-08-21|2024-08-22_2024-09-20|2024-10-21_2024-11-19|2024-11-20_2024-12-19|2024-12-20_2025-01-18|2025-05-19_2025-06-17|2025-06-18_2025-07-17|2022-03-06_2022-04-04|2022-11-01_2022-11-30|2022-12-01_2022-12-30|2023-11-26_2023-12-25|2024-03-25_2024-04-23|2024-06-23_2024-07-22|2025-01-19_2025-02-17|2026-02-13_2026-03-14
0.2,2,Core CPI m/m|PPI m/m,Neutral|Bad,10,9,1,90.0,10.0,9.0,2021-02-09_2021-03-10|2021-06-09_2021-07-08|2021-08-08_2021-09-06|2022-04-05_2022-05-04|2022-07-04_2022-08-02|2023-01-30_2023-02-28|2025-07-18_2025-08-16|2021-12-06_2022-01-04|2022-02-04_2022-03-05|2023-08-28_2023-09-26
0.2,2,Core CPI m/m|PPI m/m,Bad|Bad,2,2,0,100.0,0.0,inf,2021-07-09_2021-08-07|2021-05-10_2021-06-08
0.2,2,Core CPI m/m|PPI m/m,Neutral|Good,10,7,3,70.0,30.0,2.33,2022-08-03_2022-09-01|2023-03-01_2023-03-30|2023-03-31_2023-04-29|2023-10-27_2023-11-25|2025-03-20_2025-04-18|2025-04-19_2025-05-18|2025-08-17_2025-09-15|2022-12-31_2023-01-29|2024-05-24_2024-06-22|2025-02-18_2025-03-19
0.2,2,Core CPI m/m|PPI m/m,Bad|Neutral,1,1,0,100.0,0.0,inf,2022-09-02_2022-10-01
0.3,2,Core CPI m/m|PPI m/m,Neutral|Neutral,39,28,11,71.8,28.2,2.55,2020-08-13_2020-09-11|2020-10-12_2020-11-10|2020-11-11_2020-12-10|2021-01-10_2021-02-08|2021-09-07_2021-10-06|2021-10-07_2021-11-05|2021-11-06_2021-12-05|2022-01-05_2022-02-03|2022-04-05_2022-05-04|2022-05-05_2022-06-03|2022-06-04_2022-07-03|2022-09-02_2022-10-01|2022-10-02_2022-10-31|2023-01-30_2023-02-28|2023-04-30_2023-05-29|2023-05-30_2023-06-28|2023-06-29_2023-07-28|2023-07-29_2023-08-27|2023-09-27_2023-10-26|2023-12-26_2024-01-24|2024-01-25_2024-02-23|2024-04-24_2024-05-23|2024-07-23_2024-08-21|2024-08-22_2024-09-20|2024-10-21_2024-11-19|2024-11-20_2024-12-19|2024-12-20_2025-01-18|2025-05-19_2025-06-17|2025-06-18_2025-07-17|2022-03-06_2022-04-04|2022-11-01_2022-11-30|2022-12-01_2022-12-30|2023-08-28_2023-09-26|2023-11-26_2023-12-25|2024-03-25_2024-04-23|2024-06-23_2024-07-22|2025-01-19_2025-02-17|2025-02-18_2025-03-19|2026-02-13_2026-03-14
0.3,2,Core CPI m/m|PPI m/m,Neutral|Bad,7,6,1,85.7,14.3,6.0,2021-02-09_2021-03-10|2021-06-09_2021-07-08|2021-08-08_2021-09-06|2022-07-04_2022-08-02|2025-07-18_2025-08-16|2021-12-06_2022-01-04|2022-02-04_2022-03-05
0.3,2,Core CPI m/m|PPI m/m,Bad|Bad,1,1,0,100.0,0.0,inf,2021-07-09_2021-08-07
0.3,2,Core CPI m/m|PPI m/m,Neutral|Good,9,7,2,77.8,22.2,3.5,2022-08-03_2022-09-01|2023-03-01_2023-03-30|2023-03-31_2023-04-29|2023-10-27_2023-11-25|2025-03-20_2025-04-18|2025-04-19_2025-05-18|2025-08-17_2025-09-15|2022-12-31_2023-01-29|2024-05-24_2024-06-22
0.3,2,Core CPI m/m|PPI m/m,Bad|Neutral,1,1,0,100.0,0.0,inf,2021-05-10_2021-06-08
0.0,2,Core CPI m/m|Core PPI m/m,Bad|Bad,8,7,1,87.5,12.5,7.0,2020-08-13_2020-09-11|2021-06-09_2021-07-08|2021-07-09_2021-08-07|2022-09-02_2022-10-01|2024-01-25_2024-02-23|2024-08-22_2024-09-20|2021-05-10_2021-06-08|2022-02-04_2022-03-05
0.0,2,Core CPI m/m|Core PPI m/m,Neutral|Bad,8,8,0,100.0,0.0,inf,2020-10-12_2020-11-10|2023-01-30_2023-02-28|2023-07-29_2023-08-27|2023-09-27_2023-10-26|2024-04-24_2024-05-23|2025-07-18_2025-08-16|2021-12-06_2022-01-04|2026-02-13_2026-03-14
0.0,2,Core CPI m/m|Core PPI m/m,Good|Good,12,7,5,58.3,41.7,1.4,2020-11-11_2020-12-10|2022-08-03_2022-09-01|2023-06-29_2023-07-28|2023-10-27_2023-11-25|2024-12-20_2025-01-18|2025-03-20_2025-04-18|2025-04-19_2025-05-18|2025-05-19_2025-06-17|2025-06-18_2025-07-17|2022-11-01_2022-11-30|2024-05-24_2024-06-22|2025-02-18_2025-03-19
0.0,2,Core CPI m/m|Core PPI m/m,Neutral|Neutral,5,5,0,100.0,0.0,inf,2021-01-10_2021-02-08|2023-05-30_2023-06-28|2024-10-21_2024-11-19|2024-11-20_2024-12-19|2022-12-31_2023-01-29
0.0,2,Core CPI m/m|Core PPI m/m,Good|Bad,6,3,3,50.0,50.0,1.0,2021-02-09_2021-03-10|2021-08-08_2021-09-06|2021-09-07_2021-10-06|2022-04-05_2022-05-04|2022-12-01_2022-12-30|2024-06-23_2024-07-22
0.0,2,Core CPI m/m|Core PPI m/m,Neutral|Good,7,5,2,71.4,28.6,2.5,2021-10-07_2021-11-05|2023-03-31_2023-04-29|2023-12-26_2024-01-24|2024-07-23_2024-08-21|2025-08-17_2025-09-15|2022-03-06_2022-04-04|2023-11-26_2023-12-25
0.0,2,Core CPI m/m|Core PPI m/m,Bad|Good,5,4,1,80.0,20.0,4.0,2021-11-06_2021-12-05|2022-05-05_2022-06-03|2022-06-04_2022-07-03|2022-07-04_2022-08-02|2023-03-01_2023-03-30
0.0,2,Core CPI m/m|Core PPI m/m,Bad|Neutral,6,4,2,66.7,33.3,2.0,2022-01-05_2022-02-03|2022-10-02_2022-10-31|2023-04-30_2023-05-29|2023-08-28_2023-09-26|2024-03-25_2024-04-23|2025-01-19_2025-02-17
0.1,2,Core CPI m/m|Core PPI m/m,Bad|Bad,6,6,0,100.0,0.0,inf,2020-08-13_2020-09-11|2021-06-09_2021-07-08|2021-07-09_2021-08-07|2022-09-02_2022-10-01|2024-01-25_2024-02-23|2021-05-10_2021-06-08
0.1,2,Core CPI m/m|Core PPI m/m,Neutral|Bad,9,7,2,77.8,22.2,3.5,2020-10-12_2020-11-10|2023-01-30_2023-02-28|2024-04-24_2024-05-23|2025-07-18_2025-08-16|2021-12-06_2022-01-04|2022-02-04_2022-03-05|2022-12-01_2022-12-30|2024-06-23_2024-07-22|2026-02-13_2026-03-14
0.1,2,Core CPI m/m|Core PPI m/m,Neutral|Neutral,13,11,2,84.6,15.4,5.5,2020-11-11_2020-12-10|2021-01-10_2021-02-08|2022-01-05_2022-02-03|2022-06-04_2022-07-03|2023-05-30_2023-06-28|2023-06-29_2023-07-28|2023-07-29_2023-08-27|2023-09-27_2023-10-26|2024-08-22_2024-09-20|2024-10-21_2024-11-19|2024-11-20_2024-12-19|2022-12-31_2023-01-29|2023-08-28_2023-09-26
0.1,2,Core CPI m/m|Core PPI m/m,Good|Bad,3,2,1,66.7,33.3,2.0,2021-02-09_2021-03-10|2021-08-08_2021-09-06|2022-04-05_2022-05-04
0.1,2,Core CPI m/m|Core PPI m/m,Good|Neutral,1,1,0,100.0,0.0,inf,2021-09-07_2021-10-06
0.1,2,Core CPI m/m|Core PPI m/m,Neutral|Good,14,9,5,64.3,35.7,1.8,2021-10-07_2021-11-05|2023-03-01_2023-03-30|2023-03-31_2023-04-29|2023-10-27_2023-11-25|2023-12-26_2024-01-24|2024-07-23_2024-08-21|2024-12-20_2025-01-18|2025-04-19_2025-05-18|2025-06-18_2025-07-17|2025-08-17_2025-09-15|2022-03-06_2022-04-04|2023-11-26_2023-12-25|2024-05-24_2024-06-22|2025-02-18_2025-03-19
0.1,2,Core CPI m/m|Core PPI m/m,Bad|Neutral,6,5,1,83.3,16.7,5.0,2021-11-06_2021-12-05|2022-07-04_2022-08-02|2022-10-02_2022-10-31|2023-04-30_2023-05-29|2024-03-25_2024-04-23|2025-01-19_2025-02-17
0.1,2,Core CPI m/m|Core PPI m/m,Bad|Good,1,1,0,100.0,0.0,inf,2022-05-05_2022-06-03
0.1,2,Core CPI m/m|Core PPI m/m,Good|Good,4,1,3,25.0,75.0,0.33,2022-08-03_2022-09-01|2025-03-20_2025-04-18|2025-05-19_2025-06-17|2022-11-01_2022-11-30
0.2,2,Core CPI m/m|Core PPI m/m,Neutral|Neutral,34,26,8,76.5,23.5,3.25,2020-08-13_2020-09-11|2020-10-12_2020-11-10|2020-11-11_2020-12-10|2021-01-10_2021-02-08|2021-06-09_2021-07-08|2021-09-07_2021-10-06|2021-11-06_2021-12-05|2022-01-05_2022-02-03|2022-05-05_2022-06-03|2022-06-04_2022-07-03|2022-07-04_2022-08-02|2022-08-03_2022-09-01|2022-10-02_2022-10-31|2023-01-30_2023-02-28|2023-04-30_2023-05-29|2023-05-30_2023-06-28|2023-06-29_2023-07-28|2023-07-29_2023-08-27|2023-09-27_2023-10-26|2023-12-26_2024-01-24|2024-07-23_2024-08-21|2024-08-22_2024-09-20|2024-10-21_2024-11-19|2024-11-20_2024-12-19|2024-12-20_2025-01-18|2025-05-19_2025-06-17|2025-06-18_2025-07-17|2022-12-01_2022-12-30|2022-12-31_2023-01-29|2023-08-28_2023-09-26|2023-11-26_2023-12-25|2024-03-25_2024-04-23|2024-06-23_2024-07-22|2025-01-19_2025-02-17
0.2,2,Core CPI m/m|Core PPI m/m,Neutral|Bad,9,8,1,88.9,11.1,8.0,2021-02-09_2021-03-10|2021-08-08_2021-09-06|2022-04-05_2022-05-04|2024-01-25_2024-02-23|2024-04-24_2024-05-23|2025-07-18_2025-08-16|2021-12-06_2022-01-04|2022-02-04_2022-03-05|2026-02-13_2026-03-14
0.2,2,Core CPI m/m|Core PPI m/m,Bad|Bad,2,2,0,100.0,0.0,inf,2021-07-09_2021-08-07|2021-05-10_2021-06-08
0.2,2,Core CPI m/m|Core PPI m/m,Neutral|Good,11,6,5,54.5,45.5,1.2,2021-10-07_2021-11-05|2023-03-01_2023-03-30|2023-03-31_2023-04-29|2023-10-27_2023-11-25|2025-03-20_2025-04-18|2025-04-19_2025-05-18|2025-08-17_2025-09-15|2022-03-06_2022-04-04|2022-11-01_2022-11-30|2024-05-24_2024-06-22|2025-02-18_2025-03-19
0.2,2,Core CPI m/m|Core PPI m/m,Bad|Neutral,1,1,0,100.0,0.0,inf,2022-09-02_2022-10-01
0.3,2,Core CPI m/m|Core PPI m/m,Neutral|Neutral,41,31,10,75.6,24.4,3.1,2020-08-13_2020-09-11|2020-10-12_2020-11-10|2020-11-11_2020-12-10|2021-01-10_2021-02-08|2021-06-09_2021-07-08|2021-09-07_2021-10-06|2021-10-07_2021-11-05|2021-11-06_2021-12-05|2022-01-05_2022-02-03|2022-05-05_2022-06-03|2022-06-04_2022-07-03|2022-07-04_2022-08-02|2022-08-03_2022-09-01|2022-09-02_2022-10-01|2022-10-02_2022-10-31|2023-01-30_2023-02-28|2023-04-30_2023-05-29|2023-05-30_2023-06-28|2023-06-29_2023-07-28|2023-07-29_2023-08-27|2023-09-27_2023-10-26|2023-10-27_2023-11-25|2023-12-26_2024-01-24|2024-04-24_2024-05-23|2024-07-23_2024-08-21|2024-08-22_2024-09-20|2024-10-21_2024-11-19|2024-11-20_2024-12-19|2024-12-20_2025-01-18|2025-05-19_2025-06-17|2025-06-18_2025-07-17|2021-12-06_2022-01-04|2022-11-01_2022-11-30|2022-12-01_2022-12-30|2022-12-31_2023-01-29|2023-08-28_2023-09-26|2023-11-26_2023-12-25|2024-03-25_2024-04-23|2024-05-24_2024-06-22|2024-06-23_2024-07-22|2025-01-19_2025-02-17
0.3,2,Core CPI m/m|Core PPI m/m,Neutral|Bad,7,6,1,85.7,14.3,6.0,2021-02-09_2021-03-10|2021-08-08_2021-09-06|2022-04-05_2022-05-04|2024-01-25_2024-02-23|2025-07-18_2025-08-16|2022-02-04_2022-03-05|2026-02-13_2026-03-14
0.3,2,Core CPI m/m|Core PPI m/m,Bad|Bad,1,1,0,100.0,0.0,inf,2021-07-09_2021-08-07
0.3,2,Core CPI m/m|Core PPI m/m,Neutral|Good,7,4,3,57.1,42.9,1.33,2023-03-01_2023-03-30|2023-03-31_2023-04-29|2025-03-20_2025-04-18|2025-04-19_2025-05-18|2025-08-17_2025-09-15|2022-03-06_2022-04-04|2025-02-18_2025-03-19
0.3,2,Core CPI m/m|Core PPI m/m,Bad|Neutral,1,1,0,100.0,0.0,inf,2021-05-10_2021-06-08
0.0,2,Core CPI m/m|FOMC,Bad|Neutral,4,3,1,75.0,25.0,3.0,2023-03-01_2023-03-30|2023-04-30_2023-05-29|2023-08-28_2023-09-26|2025-01-19_2025-02-17
0.0,2,Core CPI m/m|FOMC,Neutral|Neutral,5,5,0,100.0,0.0,inf,2023-05-30_2023-06-28|2024-07-23_2024-08-21|2024-10-21_2024-11-19|2024-11-20_2024-12-19|2023-11-26_2023-12-25
0.0,2,Core CPI m/m|FOMC,Good|Neutral,3,3,0,100.0,0.0,inf,2023-06-29_2023-07-28|2023-10-27_2023-11-25|2024-05-24_2024-06-22
0.0,2,Core CPI m/m|FOMC,Bad|Good,1,0,1,0.0,100.0,0.0,2024-08-22_2024-09-20
0.1,2,Core CPI m/m|FOMC,Neutral|Neutral,10,9,1,90.0,10.0,9.0,2023-03-01_2023-03-30|2023-05-30_2023-06-28|2023-06-29_2023-07-28|2023-10-27_2023-11-25|2024-07-23_2024-08-21|2024-10-21_2024-11-19|2024-11-20_2024-12-19|2023-08-28_2023-09-26|2023-11-26_2023-12-25|2024-05-24_2024-06-22
0.1,2,Core CPI m/m|FOMC,Bad|Neutral,2,2,0,100.0,0.0,inf,2023-04-30_2023-05-29|2025-01-19_2025-02-17
0.1,2,Core CPI m/m|FOMC,Neutral|Good,1,0,1,0.0,100.0,0.0,2024-08-22_2024-09-20
0.2,2,Core CPI m/m|FOMC,Neutral|Neutral,12,11,1,91.7,8.3,11.0,2023-03-01_2023-03-30|2023-04-30_2023-05-29|2023-05-30_2023-06-28|2023-06-29_2023-07-28|2023-10-27_2023-11-25|2024-07-23_2024-08-21|2024-10-21_2024-11-19|2024-11-20_2024-12-19|2023-08-28_2023-09-26|2023-11-26_2023-12-25|2024-05-24_2024-06-22|2025-01-19_2025-02-17
0.2,2,Core CPI m/m|FOMC,Neutral|Good,1,0,1,0.0,100.0,0.0,2024-08-22_2024-09-20
0.3,2,Core CPI m/m|FOMC,Neutral|Neutral,13,11,2,84.6,15.4,5.5,2023-03-01_2023-03-30|2023-04-30_2023-05-29|2023-05-30_2023-06-28|2023-06-29_2023-07-28|2023-10-27_2023-11-25|2024-07-23_2024-08-21|2024-08-22_2024-09-20|2024-10-21_2024-11-19|2024-11-20_2024-12-19|2023-08-28_2023-09-26|2023-11-26_2023-12-25|2024-05-24_2024-06-22|2025-01-19_2025-02-17
0.0,2,Core CPI m/m|CPI y/y,Bad|Bad,16,15,1,93.8,6.2,15.0,2020-08-13_2020-09-11|2021-04-10_2021-05-09|2021-06-09_2021-07-08|2021-07-09_2021-08-07|2021-11-06_2021-12-05|2022-05-05_2022-06-03|2022-06-04_2022-07-03|2022-07-04_2022-08-02|2022-09-02_2022-10-01|2022-10-02_2022-10-31|2024-01-25_2024-02-23|2021-05-10_2021-06-08|2022-02-04_2022-03-05|2023-08-28_2023-09-26|2024-03-25_2024-04-23|2025-01-19_2025-02-17
0.0,2,Core CPI m/m|CPI y/y,Neutral|Neutral,10,10,0,100.0,0.0,inf,2020-10-12_2020-11-10|2021-01-10_2021-02-08|2024-04-24_2024-05-23|2024-10-21_2024-11-19|2024-11-20_2024-12-19|2025-08-17_2025-09-15|2021-12-06_2022-01-04|2022-03-06_2022-04-04|2022-12-31_2023-01-29|2023-11-26_2023-12-25
0.0,2,Core CPI m/m|CPI y/y,Good|Good,14,8,6,57.1,42.9,1.33,2020-11-11_2020-12-10|2022-08-03_2022-09-01|2023-06-29_2023-07-28|2023-10-27_2023-11-25|2025-03-20_2025-04-18|2025-04-19_2025-05-18|2025-05-19_2025-06-17|2025-10-16_2025-11-14|2025-12-15_2026-01-13|2022-11-01_2022-11-30|2022-12-01_2022-12-30|2024-05-24_2024-06-22|2024-06-23_2024-07-22|2025-02-18_2025-03-19
0.0,2,Core CPI m/m|CPI y/y,Good|Neutral,3,1,2,33.3,66.7,0.5,2021-02-09_2021-03-10|2021-09-07_2021-10-06|2024-12-20_2025-01-18
0.0,2,Core CPI m/m|CPI y/y,Good|Bad,3,3,0,100.0,0.0,inf,2021-08-08_2021-09-06|2022-04-05_2022-05-04|2025-06-18_2025-07-17
0.0,2,Core CPI m/m|CPI y/y,Neutral|Bad,4,2,2,50.0,50.0,1.0,2021-10-07_2021-11-05|2023-01-30_2023-02-28|2023-09-27_2023-10-26|2023-12-26_2024-01-24
0.0,2,Core CPI m/m|CPI y/y,Bad|Neutral,3,0,3,0.0,100.0,0.0,2022-01-05_2022-02-03|2023-03-01_2023-03-30|2024-08-22_2024-09-20
0.0,2,Core CPI m/m|CPI y/y,Neutral|Good,6,6,0,100.0,0.0,inf,2023-03-31_2023-04-29|2023-05-30_2023-06-28|2023-07-29_2023-08-27|2024-07-23_2024-08-21|2025-07-18_2025-08-16|2026-02-13_2026-03-14
0.0,2,Core CPI m/m|CPI y/y,Bad|Good,1,1,0,100.0,0.0,inf,2023-04-30_2023-05-29
0.1,2,Core CPI m/m|CPI y/y,Bad|Bad,11,10,1,90.9,9.1,10.0,2020-08-13_2020-09-11|2021-06-09_2021-07-08|2021-07-09_2021-08-07|2021-11-06_2021-12-05|2022-05-05_2022-06-03|2022-07-04_2022-08-02|2022-09-02_2022-10-01|2024-01-25_2024-02-23|2021-05-10_2021-06-08|2024-03-25_2024-04-23|2025-01-19_2025-02-17
0.1,2,Core CPI m/m|CPI y/y,Neutral|Neutral,20,16,4,80.0,20.0,4.0,2020-10-12_2020-11-10|2020-11-11_2020-12-10|2021-01-10_2021-02-08|2022-01-05_2022-02-03|2023-03-01_2023-03-30|2023-03-31_2023-04-29|2023-05-30_2023-06-28|2023-07-29_2023-08-27|2023-10-27_2023-11-25|2024-04-24_2024-05-23|2024-08-22_2024-09-20|2024-10-21_2024-11-19|2024-11-20_2024-12-19|2024-12-20_2025-01-18|2025-07-18_2025-08-16|2025-08-17_2025-09-15|2021-12-06_2022-01-04|2022-03-06_2022-04-04|2022-12-31_2023-01-29|2023-11-26_2023-12-25
0.1,2,Core CPI m/m|CPI y/y,Good|Neutral,3,2,1,66.7,33.3,2.0,2021-02-09_2021-03-10|2021-09-07_2021-10-06|2022-04-05_2022-05-04
0.1,2,Core CPI m/m|CPI y/y,Neutral|Bad,9,7,2,77.8,22.2,3.5,2021-04-10_2021-05-09|2021-10-07_2021-11-05|2022-06-04_2022-07-03|2023-01-30_2023-02-28|2023-09-27_2023-10-26|2023-12-26_2024-01-24|2025-06-18_2025-07-17|2022-02-04_2022-03-05|2023-08-28_2023-09-26
0.1,2,Core CPI m/m|CPI y/y,Good|Bad,1,1,0,100.0,0.0,inf,2021-08-08_2021-09-06
0.1,2,Core CPI m/m|CPI y/y,Good|Good,4,1,3,25.0,75.0,0.33,2022-08-03_2022-09-01|2025-03-20_2025-04-18|2025-05-19_2025-06-17|2022-11-01_2022-11-30
0.1,2,Core CPI m/m|CPI y/y,Bad|Neutral,2,2,0,100.0,0.0,inf,2022-10-02_2022-10-31|2023-04-30_2023-05-29
0.1,2,Core CPI m/m|CPI y/y,Neutral|Good,10,7,3,70.0,30.0,2.33,2023-06-29_2023-07-28|2024-07-23_2024-08-21|2025-04-19_2025-05-18|2025-10-16_2025-11-14|2025-12-15_2026-01-13|2022-12-01_2022-12-30|2024-05-24_2024-06-22|2024-06-23_2024-07-22|2025-02-18_2025-03-19|2026-02-13_2026-03-14
0.2,2,Core CPI m/m|CPI y/y,Neutral|Neutral,47,35,12,74.5,25.5,2.92,2020-08-13_2020-09-11|2020-10-12_2020-11-10|2020-11-11_2020-12-10|2021-01-10_2021-02-08|2021-02-09_2021-03-10|2021-04-10_2021-05-09|2021-08-08_2021-09-06|2021-09-07_2021-10-06|2021-10-07_2021-11-05|2022-01-05_2022-02-03|2022-04-05_2022-05-04|2022-08-03_2022-09-01|2022-10-02_2022-10-31|2023-03-01_2023-03-30|2023-03-31_2023-04-29|2023-04-30_2023-05-29|2023-05-30_2023-06-28|2023-06-29_2023-07-28|2023-07-29_2023-08-27|2023-09-27_2023-10-26|2023-10-27_2023-11-25|2023-12-26_2024-01-24|2024-04-24_2024-05-23|2024-07-23_2024-08-21|2024-08-22_2024-09-20|2024-10-21_2024-11-19|2024-11-20_2024-12-19|2024-12-20_2025-01-18|2025-03-20_2025-04-18|2025-04-19_2025-05-18|2025-05-19_2025-06-17|2025-06-18_2025-07-17|2025-07-18_2025-08-16|2025-08-17_2025-09-15|2025-10-16_2025-11-14|2025-12-15_2026-01-13|2021-12-06_2022-01-04|2022-03-06_2022-04-04|2022-12-31_2023-01-29|2023-08-28_2023-09-26|2023-11-26_2023-12-25|2024-03-25_2024-04-23|2024-05-24_2024-06-22|2024-06-23_2024-07-22|2025-01-19_2025-02-17|2025-02-18_2025-03-19|2026-02-13_2026-03-14
0.2,2,Core CPI m/m|CPI y/y,Neutral|Bad,8,8,0,100.0,0.0,inf,2021-06-09_2021-07-08|2021-11-06_2021-12-05|2022-05-05_2022-06-03|2022-06-04_2022-07-03|2022-07-04_2022-08-02|2023-01-30_2023-02-28|2024-01-25_2024-02-23|2022-02-04_2022-03-05
0.2,2,Core CPI m/m|CPI y/y,Bad|Bad,3,3,0,100.0,0.0,inf,2021-07-09_2021-08-07|2022-09-02_2022-10-01|2021-05-10_2021-06-08
0.2,2,Core CPI m/m|CPI y/y,Neutral|Good,2,0,2,0.0,100.0,0.0,2022-11-01_2022-11-30|2022-12-01_2022-12-30
0.3,2,Core CPI m/m|CPI y/y,Neutral|Neutral,57,43,14,75.4,24.6,3.07,2020-08-13_2020-09-11|2020-10-12_2020-11-10|2020-11-11_2020-12-10|2021-01-10_2021-02-08|2021-02-09_2021-03-10|2021-04-10_2021-05-09|2021-06-09_2021-07-08|2021-08-08_2021-09-06|2021-09-07_2021-10-06|2021-10-07_2021-11-05|2021-11-06_2021-12-05|2022-01-05_2022-02-03|2022-04-05_2022-05-04|2022-05-05_2022-06-03|2022-06-04_2022-07-03|2022-08-03_2022-09-01|2022-09-02_2022-10-01|2022-10-02_2022-10-31|2023-01-30_2023-02-28|2023-03-01_2023-03-30|2023-03-31_2023-04-29|2023-04-30_2023-05-29|2023-05-30_2023-06-28|2023-06-29_2023-07-28|2023-07-29_2023-08-27|2023-09-27_2023-10-26|2023-10-27_2023-11-25|2023-12-26_2024-01-24|2024-01-25_2024-02-23|2024-04-24_2024-05-23|2024-07-23_2024-08-21|2024-08-22_2024-09-20|2024-10-21_2024-11-19|2024-11-20_2024-12-19|2024-12-20_2025-01-18|2025-03-20_2025-04-18|2025-04-19_2025-05-18|2025-05-19_2025-06-17|2025-06-18_2025-07-17|2025-07-18_2025-08-16|2025-08-17_2025-09-15|2025-10-16_2025-11-14|2025-12-15_2026-01-13|2021-12-06_2022-01-04|2022-02-04_2022-03-05|2022-03-06_2022-04-04|2022-11-01_2022-11-30|2022-12-01_2022-12-30|2022-12-31_2023-01-29|2023-08-28_2023-09-26|2023-11-26_2023-12-25|2024-03-25_2024-04-23|2024-05-24_2024-06-22|2024-06-23_2024-07-22|2025-01-19_2025-02-17|2025-02-18_2025-03-19|2026-02-13_2026-03-14
0.3,2,Core CPI m/m|CPI y/y,Bad|Bad,2,2,0,100.0,0.0,inf,2021-07-09_2021-08-07|2021-05-10_2021-06-08
0.3,2,Core CPI m/m|CPI y/y,Neutral|Bad,1,1,0,100.0,0.0,inf,2022-07-04_2022-08-02
0.0,2,PPI m/m|Core PPI m/m,Bad|Bad,23,18,5,78.3,21.7,3.6,2020-08-13_2020-09-11|2020-10-12_2020-11-10|2021-02-09_2021-03-10|2021-06-09_2021-07-08|2021-07-09_2021-08-07|2021-08-08_2021-09-06|2021-09-07_2021-10-06|2022-04-05_2022-05-04|2023-01-30_2023-02-28|2023-07-29_2023-08-27|2023-09-27_2023-10-26|2024-01-25_2024-02-23|2024-04-24_2024-05-23|2024-08-22_2024-09-20|2025-07-18_2025-08-16|2026-01-14_2026-02-12|2021-03-11_2021-04-09|2021-05-10_2021-06-08|2021-12-06_2022-01-04|2022-02-04_2022-03-05|2022-12-01_2022-12-30|2024-06-23_2024-07-22|2026-02-13_2026-03-14
0.0,2,PPI m/m|Core PPI m/m,Bad|Good,2,2,0,100.0,0.0,inf,2020-11-11_2020-12-10|2022-07-04_2022-08-02
0.0,2,PPI m/m|Core PPI m/m,Neutral|Good,6,5,1,83.3,16.7,5.0,2020-12-11_2021-01-09|2021-11-06_2021-12-05|2022-05-05_2022-06-03|2022-06-04_2022-07-03|2025-11-15_2025-12-14|2023-11-26_2023-12-25
0.0,2,PPI m/m|Core PPI m/m,Good|Neutral,6,4,2,66.7,33.3,2.0,2021-01-10_2021-02-08|2022-01-05_2022-02-03|2023-04-30_2023-05-29|2023-05-30_2023-06-28|2022-12-31_2023-01-29|2024-03-25_2024-04-23
0.0,2,PPI m/m|Core PPI m/m,Good|Good,18,10,8,55.6,44.4,1.25,2021-10-07_2021-11-05|2022-08-03_2022-09-01|2023-03-01_2023-03-30|2023-03-31_2023-04-29|2023-06-29_2023-07-28|2023-10-27_2023-11-25|2023-12-26_2024-01-24|2024-07-23_2024-08-21|2024-12-20_2025-01-18|2025-03-20_2025-04-18|2025-04-19_2025-05-18|2025-05-19_2025-06-17|2025-06-18_2025-07-17|2025-08-17_2025-09-15|2022-03-06_2022-04-04|2022-11-01_2022-11-30|2024-05-24_2024-06-22|2025-02-18_2025-03-19
0.0,2,PPI m/m|Core PPI m/m,Neutral|Bad,1,1,0,100.0,0.0,inf,2022-09-02_2022-10-01
0.0,2,PPI m/m|Core PPI m/m,Bad|Neutral,4,4,0,100.0,0.0,inf,2022-10-02_2022-10-31|2024-11-20_2024-12-19|2023-08-28_2023-09-26|2025-01-19_2025-02-17
0.0,2,PPI m/m|Core PPI m/m,Neutral|Neutral,1,1,0,100.0,0.0,inf,2024-10-21_2024-11-19
0.1,2,PPI m/m|Core PPI m/m,Neutral|Bad,4,2,2,50.0,50.0,1.0,2020-08-13_2020-09-11|2022-09-02_2022-10-01|2022-12-01_2022-12-30|2024-06-23_2024-07-22
0.1,2,PPI m/m|Core PPI m/m,Bad|Bad,16,14,2,87.5,12.5,7.0,2020-10-12_2020-11-10|2021-02-09_2021-03-10|2021-06-09_2021-07-08|2021-07-09_2021-08-07|2021-08-08_2021-09-06|2022-04-05_2022-05-04|2023-01-30_2023-02-28|2024-01-25_2024-02-23|2024-04-24_2024-05-23|2025-07-18_2025-08-16|2026-01-14_2026-02-12|2021-03-11_2021-04-09|2021-05-10_2021-06-08|2021-12-06_2022-01-04|2022-02-04_2022-03-05|2026-02-13_2026-03-14
0.1,2,PPI m/m|Core PPI m/m,Neutral|Neutral,12,9,3,75.0,25.0,3.0,2020-11-11_2020-12-10|2020-12-11_2021-01-09|2021-09-07_2021-10-06|2021-11-06_2021-12-05|2022-06-04_2022-07-03|2023-04-30_2023-05-29|2023-06-29_2023-07-28|2023-07-29_2023-08-27|2024-08-22_2024-09-20|2024-10-21_2024-11-19|2025-11-15_2025-12-14|2024-03-25_2024-04-23
0.1,2,PPI m/m|Core PPI m/m,Good|Neutral,4,3,1,75.0,25.0,3.0,2021-01-10_2021-02-08|2022-01-05_2022-02-03|2023-05-30_2023-06-28|2022-12-31_2023-01-29
0.1,2,PPI m/m|Core PPI m/m,Neutral|Good,5,3,2,60.0,40.0,1.5,2021-10-07_2021-11-05|2022-05-05_2022-06-03|2024-07-23_2024-08-21|2025-05-19_2025-06-17|2023-11-26_2023-12-25
0.1,2,PPI m/m|Core PPI m/m,Bad|Neutral,6,6,0,100.0,0.0,inf,2022-07-04_2022-08-02|2022-10-02_2022-10-31|2023-09-27_2023-10-26|2024-11-20_2024-12-19|2023-08-28_2023-09-26|2025-01-19_2025-02-17
0.1,2,PPI m/m|Core PPI m/m,Good|Good,14,8,6,57.1,42.9,1.33,2022-08-03_2022-09-01|2023-03-01_2023-03-30|2023-03-31_2023-04-29|2023-10-27_2023-11-25|2023-12-26_2024-01-24|2024-12-20_2025-01-18|2025-03-20_2025-04-18|2025-04-19_2025-05-18|2025-06-18_2025-07-17|2025-08-17_2025-09-15|2022-03-06_2022-04-04|2022-11-01_2022-11-30|2024-05-24_2024-06-22|2025-02-18_2025-03-19
0.2,2,PPI m/m|Core PPI m/m,Neutral|Neutral,32,23,9,71.9,28.1,2.56,2020-08-13_2020-09-11|2020-10-12_2020-11-10|2020-11-11_2020-12-10|2020-12-11_2021-01-09|2021-01-10_2021-02-08|2021-09-07_2021-10-06|2021-11-06_2021-12-05|2022-01-05_2022-02-03|2022-05-05_2022-06-03|2022-06-04_2022-07-03|2022-09-02_2022-10-01|2022-10-02_2022-10-31|2023-04-30_2023-05-29|2023-05-30_2023-06-28|2023-06-29_2023-07-28|2023-07-29_2023-08-27|2023-09-27_2023-10-26|2023-12-26_2024-01-24|2024-07-23_2024-08-21|2024-08-22_2024-09-20|2024-10-21_2024-11-19|2024-11-20_2024-12-19|2024-12-20_2025-01-18|2025-05-19_2025-06-17|2025-06-18_2025-07-17|2025-11-15_2025-12-14|2026-01-14_2026-02-12|2022-12-01_2022-12-30|2023-11-26_2023-12-25|2024-03-25_2024-04-23|2024-06-23_2024-07-22|2025-01-19_2025-02-17
0.2,2,PPI m/m|Core PPI m/m,Bad|Bad,9,7,2,77.8,22.2,3.5,2021-02-09_2021-03-10|2021-07-09_2021-08-07|2021-08-08_2021-09-06|2022-04-05_2022-05-04|2025-07-18_2025-08-16|2021-03-11_2021-04-09|2021-05-10_2021-06-08|2021-12-06_2022-01-04|2022-02-04_2022-03-05
0.2,2,PPI m/m|Core PPI m/m,Bad|Neutral,4,4,0,100.0,0.0,inf,2021-06-09_2021-07-08|2022-07-04_2022-08-02|2023-01-30_2023-02-28|2023-08-28_2023-09-26
0.2,2,PPI m/m|Core PPI m/m,Neutral|Good,3,1,2,33.3,66.7,0.5,2021-10-07_2021-11-05|2022-03-06_2022-04-04|2022-11-01_2022-11-30
0.2,2,PPI m/m|Core PPI m/m,Good|Neutral,2,2,0,100.0,0.0,inf,2022-08-03_2022-09-01|2022-12-31_2023-01-29
0.2,2,PPI m/m|Core PPI m/m,Good|Good,8,5,3,62.5,37.5,1.67,2023-03-01_2023-03-30|2023-03-31_2023-04-29|2023-10-27_2023-11-25|2025-03-20_2025-04-18|2025-04-19_2025-05-18|2025-08-17_2025-09-15|2024-05-24_2024-06-22|2025-02-18_2025-03-19
0.2,2,PPI m/m|Core PPI m/m,Neutral|Bad,3,3,0,100.0,0.0,inf,2024-01-25_2024-02-23|2024-04-24_2024-05-23|2026-02-13_2026-03-14
0.3,2,PPI m/m|Core PPI m/m,Neutral|Neutral,39,27,12,69.2,30.8,2.25,2020-08-13_2020-09-11|2020-10-12_2020-11-10|2020-11-11_2020-12-10|2020-12-11_2021-01-09|2021-01-10_2021-02-08|2021-09-07_2021-10-06|2021-10-07_2021-11-05|2021-11-06_2021-12-05|2022-01-05_2022-02-03|2022-05-05_2022-06-03|2022-06-04_2022-07-03|2022-09-02_2022-10-01|2022-10-02_2022-10-31|2023-01-30_2023-02-28|2023-04-30_2023-05-29|2023-05-30_2023-06-28|2023-06-29_2023-07-28|2023-07-29_2023-08-27|2023-09-27_2023-10-26|2023-12-26_2024-01-24|2024-04-24_2024-05-23|2024-07-23_2024-08-21|2024-08-22_2024-09-20|2024-10-21_2024-11-19|2024-11-20_2024-12-19|2024-12-20_2025-01-18|2025-05-19_2025-06-17|2025-06-18_2025-07-17|2025-11-15_2025-12-14|2026-01-14_2026-02-12|2021-03-11_2021-04-09|2021-05-10_2021-06-08|2022-11-01_2022-11-30|2022-12-01_2022-12-30|2023-08-28_2023-09-26|2023-11-26_2023-12-25|2024-03-25_2024-04-23|2024-06-23_2024-07-22|2025-01-19_2025-02-17
0.3,2,PPI m/m|Core PPI m/m,Bad|Bad,5,4,1,80.0,20.0,4.0,2021-02-09_2021-03-10|2021-07-09_2021-08-07|2021-08-08_2021-09-06|2025-07-18_2025-08-16|2022-02-04_2022-03-05
0.3,2,PPI m/m|Core PPI m/m,Bad|Neutral,3,3,0,100.0,0.0,inf,2021-06-09_2021-07-08|2022-07-04_2022-08-02|2021-12-06_2022-01-04
0.3,2,PPI m/m|Core PPI m/m,Neutral|Bad,3,3,0,100.0,0.0,inf,2022-04-05_2022-05-04|2024-01-25_2024-02-23|2026-02-13_2026-03-14
0.3,2,PPI m/m|Core PPI m/m,Good|Neutral,4,4,0,100.0,0.0,inf,2022-08-03_2022-09-01|2023-10-27_2023-11-25|2022-12-31_2023-01-29|2024-05-24_2024-06-22
0.3,2,PPI m/m|Core PPI m/m,Good|Good,5,3,2,60.0,40.0,1.5,2023-03-01_2023-03-30|2023-03-31_2023-04-29|2025-03-20_2025-04-18|2025-04-19_2025-05-18|2025-08-17_2025-09-15
0.3,2,PPI m/m|Core PPI m/m,Neutral|Good,2,1,1,50.0,50.0,1.0,2022-03-06_2022-04-04|2025-02-18_2025-03-19
0.0,2,PPI m/m|FOMC,Good|Neutral,7,6,1,85.7,14.3,6.0,2023-03-01_2023-03-30|2023-04-30_2023-05-29|2023-05-30_2023-06-28|2023-06-29_2023-07-28|2023-10-27_2023-11-25|2024-07-23_2024-08-21|2024-05-24_2024-06-22
0.0,2,PPI m/m|FOMC,Bad|Good,1,0,1,0.0,100.0,0.0,2024-08-22_2024-09-20
0.0,2,PPI m/m|FOMC,Neutral|Neutral,2,2,0,100.0,0.0,inf,2024-10-21_2024-11-19|2023-11-26_2023-12-25
0.0,2,PPI m/m|FOMC,Bad|Neutral,3,3,0,100.0,0.0,inf,2024-11-20_2024-12-19|2023-08-28_2023-09-26|2025-01-19_2025-02-17
0.1,2,PPI m/m|FOMC,Good|Neutral,4,3,1,75.0,25.0,3.0,2023-03-01_2023-03-30|2023-05-30_2023-06-28|2023-10-27_2023-11-25|2024-05-24_2024-06-22
0.1,2,PPI m/m|FOMC,Neutral|Neutral,5,5,0,100.0,0.0,inf,2023-04-30_2023-05-29|2023-06-29_2023-07-28|2024-07-23_2024-08-21|2024-10-21_2024-11-19|2023-11-26_2023-12-25
0.1,2,PPI m/m|FOMC,Neutral|Good,1,0,1,0.0,100.0,0.0,2024-08-22_2024-09-20
0.1,2,PPI m/m|FOMC,Bad|Neutral,3,3,0,100.0,0.0,inf,2024-11-20_2024-12-19|2023-08-28_2023-09-26|2025-01-19_2025-02-17
0.2,2,PPI m/m|FOMC,Good|Neutral,3,2,1,66.7,33.3,2.0,2023-03-01_2023-03-30|2023-10-27_2023-11-25|2024-05-24_2024-06-22
0.2,2,PPI m/m|FOMC,Neutral|Neutral,8,8,0,100.0,0.0,inf,2023-04-30_2023-05-29|2023-05-30_2023-06-28|2023-06-29_2023-07-28|2024-07-23_2024-08-21|2024-10-21_2024-11-19|2024-11-20_2024-12-19|2023-11-26_2023-12-25|2025-01-19_2025-02-17
0.2,2,PPI m/m|FOMC,Neutral|Good,1,0,1,0.0,100.0,0.0,2024-08-22_2024-09-20
0.2,2,PPI m/m|FOMC,Bad|Neutral,1,1,0,100.0,0.0,inf,2023-08-28_2023-09-26
0.3,2,PPI m/m|FOMC,Good|Neutral,3,2,1,66.7,33.3,2.0,2023-03-01_2023-03-30|2023-10-27_2023-11-25|2024-05-24_2024-06-22
0.3,2,PPI m/m|FOMC,Neutral|Neutral,10,9,1,90.0,10.0,9.0,2023-04-30_2023-05-29|2023-05-30_2023-06-28|2023-06-29_2023-07-28|2024-07-23_2024-08-21|2024-08-22_2024-09-20|2024-10-21_2024-11-19|2024-11-20_2024-12-19|2023-08-28_2023-09-26|2023-11-26_2023-12-25|2025-01-19_2025-02-17
0.0,2,PPI m/m|CPI y/y,Bad|Bad,14,14,0,100.0,0.0,inf,2020-08-13_2020-09-11|2021-06-09_2021-07-08|2021-07-09_2021-08-07|2021-08-08_2021-09-06|2022-04-05_2022-05-04|2022-07-04_2022-08-02|2022-10-02_2022-10-31|2023-01-30_2023-02-28|2023-09-27_2023-10-26|2024-01-25_2024-02-23|2021-05-10_2021-06-08|2022-02-04_2022-03-05|2023-08-28_2023-09-26|2025-01-19_2025-02-17
0.0,2,PPI m/m|CPI y/y,Bad|Neutral,7,5,2,71.4,28.6,2.5,2020-10-12_2020-11-10|2021-02-09_2021-03-10|2021-09-07_2021-10-06|2024-04-24_2024-05-23|2024-08-22_2024-09-20|2024-11-20_2024-12-19|2021-12-06_2022-01-04
0.0,2,PPI m/m|CPI y/y,Bad|Good,6,4,2,66.7,33.3,2.0,2020-11-11_2020-12-10|2023-07-29_2023-08-27|2025-07-18_2025-08-16|2022-12-01_2022-12-30|2024-06-23_2024-07-22|2026-02-13_2026-03-14
0.0,2,PPI m/m|CPI y/y,Good|Neutral,7,4,3,57.1,42.9,1.33,2021-01-10_2021-02-08|2022-01-05_2022-02-03|2023-03-01_2023-03-30|2024-12-20_2025-01-18|2025-08-17_2025-09-15|2022-03-06_2022-04-04|2022-12-31_2023-01-29
0.0,2,PPI m/m|CPI y/y,Good|Bad,4,1,3,25.0,75.0,0.33,2021-10-07_2021-11-05|2023-12-26_2024-01-24|2025-06-18_2025-07-17|2024-03-25_2024-04-23
0.0,2,PPI m/m|CPI y/y,Neutral|Bad,4,4,0,100.0,0.0,inf,2021-11-06_2021-12-05|2022-05-05_2022-06-03|2022-06-04_2022-07-03|2022-09-02_2022-10-01
0.0,2,PPI m/m|CPI y/y,Good|Good,13,9,4,69.2,30.8,2.25,2022-08-03_2022-09-01|2023-03-31_2023-04-29|2023-04-30_2023-05-29|2023-05-30_2023-06-28|2023-06-29_2023-07-28|2023-10-27_2023-11-25|2024-07-23_2024-08-21|2025-03-20_2025-04-18|2025-04-19_2025-05-18|2025-05-19_2025-06-17|2022-11-01_2022-11-30|2024-05-24_2024-06-22|2025-02-18_2025-03-19
0.0,2,PPI m/m|CPI y/y,Neutral|Neutral,2,2,0,100.0,0.0,inf,2024-10-21_2024-11-19|2023-11-26_2023-12-25
0.1,2,PPI m/m|CPI y/y,Neutral|Bad,7,5,2,71.4,28.6,2.5,2020-08-13_2020-09-11|2021-10-07_2021-11-05|2021-11-06_2021-12-05|2022-05-05_2022-06-03|2022-06-04_2022-07-03|2022-09-02_2022-10-01|2024-03-25_2024-04-23
0.1,2,PPI m/m|CPI y/y,Bad|Neutral,8,7,1,87.5,12.5,7.0,2020-10-12_2020-11-10|2021-02-09_2021-03-10|2022-04-05_2022-05-04|2022-10-02_2022-10-31|2024-04-24_2024-05-23|2024-11-20_2024-12-19|2025-07-18_2025-08-16|2021-12-06_2022-01-04
0.1,2,PPI m/m|CPI y/y,Neutral|Neutral,7,6,1,85.7,14.3,6.0,2020-11-11_2020-12-10|2021-09-07_2021-10-06|2023-04-30_2023-05-29|2023-07-29_2023-08-27|2024-08-22_2024-09-20|2024-10-21_2024-11-19|2023-11-26_2023-12-25
0.1,2,PPI m/m|CPI y/y,Good|Neutral,10,7,3,70.0,30.0,2.33,2021-01-10_2021-02-08|2022-01-05_2022-02-03|2023-03-01_2023-03-30|2023-03-31_2023-04-29|2023-05-30_2023-06-28|2023-10-27_2023-11-25|2024-12-20_2025-01-18|2025-08-17_2025-09-15|2022-03-06_2022-04-04|2022-12-31_2023-01-29
0.1,2,PPI m/m|CPI y/y,Bad|Bad,11,11,0,100.0,0.0,inf,2021-06-09_2021-07-08|2021-07-09_2021-08-07|2021-08-08_2021-09-06|2022-07-04_2022-08-02|2023-01-30_2023-02-28|2023-09-27_2023-10-26|2024-01-25_2024-02-23|2021-05-10_2021-06-08|2022-02-04_2022-03-05|2023-08-28_2023-09-26|2025-01-19_2025-02-17
0.1,2,PPI m/m|CPI y/y,Good|Good,6,3,3,50.0,50.0,1.0,2022-08-03_2022-09-01|2025-03-20_2025-04-18|2025-04-19_2025-05-18|2022-11-01_2022-11-30|2024-05-24_2024-06-22|2025-02-18_2025-03-19
0.1,2,PPI m/m|CPI y/y,Neutral|Good,5,2,3,40.0,60.0,0.67,2023-06-29_2023-07-28|2024-07-23_2024-08-21|2025-05-19_2025-06-17|2022-12-01_2022-12-30|2024-06-23_2024-07-22
0.1,2,PPI m/m|CPI y/y,Good|Bad,2,1,1,50.0,50.0,1.0,2023-12-26_2024-01-24|2025-06-18_2025-07-17
0.1,2,PPI m/m|CPI y/y,Bad|Good,1,1,0,100.0,0.0,inf,2026-02-13_2026-03-14
0.2,2,PPI m/m|CPI y/y,Neutral|Neutral,28,20,8,71.4,28.6,2.5,2020-08-13_2020-09-11|2020-10-12_2020-11-10|2020-11-11_2020-12-10|2021-01-10_2021-02-08|2021-09-07_2021-10-06|2021-10-07_2021-11-05|2022-01-05_2022-02-03|2022-10-02_2022-10-31|2023-04-30_2023-05-29|2023-05-30_2023-06-28|2023-06-29_2023-07-28|2023-07-29_2023-08-27|2023-09-27_2023-10-26|2023-12-26_2024-01-24|2024-04-24_2024-05-23|2024-07-23_2024-08-21|2024-08-22_2024-09-20|2024-10-21_2024-11-19|2024-11-20_2024-12-19|2024-12-20_2025-01-18|2025-05-19_2025-06-17|2025-06-18_2025-07-17|2022-03-06_2022-04-04|2023-11-26_2023-12-25|2024-03-25_2024-04-23|2024-06-23_2024-07-22|2025-01-19_2025-02-17|2026-02-13_2026-03-14
0.2,2,PPI m/m|CPI y/y,Bad|Neutral,6,5,1,83.3,16.7,5.0,2021-02-09_2021-03-10|2021-08-08_2021-09-06|2022-04-05_2022-05-04|2025-07-18_2025-08-16|2021-12-06_2022-01-04|2023-08-28_2023-09-26
0.2,2,PPI m/m|CPI y/y,Bad|Bad,6,6,0,100.0,0.0,inf,2021-06-09_2021-07-08|2021-07-09_2021-08-07|2022-07-04_2022-08-02|2023-01-30_2023-02-28|2021-05-10_2021-06-08|2022-02-04_2022-03-05
0.2,2,PPI m/m|CPI y/y,Neutral|Bad,5,5,0,100.0,0.0,inf,2021-11-06_2021-12-05|2022-05-05_2022-06-03|2022-06-04_2022-07-03|2022-09-02_2022-10-01|2024-01-25_2024-02-23
0.2,2,PPI m/m|CPI y/y,Good|Neutral,10,7,3,70.0,30.0,2.33,2022-08-03_2022-09-01|2023-03-01_2023-03-30|2023-03-31_2023-04-29|2023-10-27_2023-11-25|2025-03-20_2025-04-18|2025-04-19_2025-05-18|2025-08-17_2025-09-15|2022-12-31_2023-01-29|2024-05-24_2024-06-22|2025-02-18_2025-03-19
0.2,2,PPI m/m|CPI y/y,Neutral|Good,2,0,2,0.0,100.0,0.0,2022-11-01_2022-11-30|2022-12-01_2022-12-30
0.3,2,PPI m/m|CPI y/y,Neutral|Neutral,39,28,11,71.8,28.2,2.55,2020-08-13_2020-09-11|2020-10-12_2020-11-10|2020-11-11_2020-12-10|2021-01-10_2021-02-08|2021-09-07_2021-10-06|2021-10-07_2021-11-05|2021-11-06_2021-12-05|2022-01-05_2022-02-03|2022-04-05_2022-05-04|2022-05-05_2022-06-03|2022-06-04_2022-07-03|2022-09-02_2022-10-01|2022-10-02_2022-10-31|2023-01-30_2023-02-28|2023-04-30_2023-05-29|2023-05-30_2023-06-28|2023-06-29_2023-07-28|2023-07-29_2023-08-27|2023-09-27_2023-10-26|2023-12-26_2024-01-24|2024-01-25_2024-02-23|2024-04-24_2024-05-23|2024-07-23_2024-08-21|2024-08-22_2024-09-20|2024-10-21_2024-11-19|2024-11-20_2024-12-19|2024-12-20_2025-01-18|2025-05-19_2025-06-17|2025-06-18_2025-07-17|2022-03-06_2022-04-04|2022-11-01_2022-11-30|2022-12-01_2022-12-30|2023-08-28_2023-09-26|2023-11-26_2023-12-25|2024-03-25_2024-04-23|2024-06-23_2024-07-22|2025-01-19_2025-02-17|2025-02-18_2025-03-19|2026-02-13_2026-03-14
0.3,2,PPI m/m|CPI y/y,Bad|Neutral,6,5,1,83.3,16.7,5.0,2021-02-09_2021-03-10|2021-06-09_2021-07-08|2021-08-08_2021-09-06|2025-07-18_2025-08-16|2021-12-06_2022-01-04|2022-02-04_2022-03-05
0.3,2,PPI m/m|CPI y/y,Bad|Bad,2,2,0,100.0,0.0,inf,2021-07-09_2021-08-07|2022-07-04_2022-08-02
0.3,2,PPI m/m|CPI y/y,Good|Neutral,9,7,2,77.8,22.2,3.5,2022-08-03_2022-09-01|2023-03-01_2023-03-30|2023-03-31_2023-04-29|2023-10-27_2023-11-25|2025-03-20_2025-04-18|2025-04-19_2025-05-18|2025-08-17_2025-09-15|2022-12-31_2023-01-29|2024-05-24_2024-06-22
0.3,2,PPI m/m|CPI y/y,Neutral|Bad,1,1,0,100.0,0.0,inf,2021-05-10_2021-06-08
0.0,2,Core PPI m/m|FOMC,Good|Neutral,6,5,1,83.3,16.7,5.0,2023-03-01_2023-03-30|2023-06-29_2023-07-28|2023-10-27_2023-11-25|2024-07-23_2024-08-21|2023-11-26_2023-12-25|2024-05-24_2024-06-22
0.0,2,Core PPI m/m|FOMC,Neutral|Neutral,6,6,0,100.0,0.0,inf,2023-04-30_2023-05-29|2023-05-30_2023-06-28|2024-10-21_2024-11-19|2024-11-20_2024-12-19|2023-08-28_2023-09-26|2025-01-19_2025-02-17
0.0,2,Core PPI m/m|FOMC,Bad|Good,1,0,1,0.0,100.0,0.0,2024-08-22_2024-09-20
0.1,2,Core PPI m/m|FOMC,Good|Neutral,5,4,1,80.0,20.0,4.0,2023-03-01_2023-03-30|2023-10-27_2023-11-25|2024-07-23_2024-08-21|2023-11-26_2023-12-25|2024-05-24_2024-06-22
0.1,2,Core PPI m/m|FOMC,Neutral|Neutral,7,7,0,100.0,0.0,inf,2023-04-30_2023-05-29|2023-05-30_2023-06-28|2023-06-29_2023-07-28|2024-10-21_2024-11-19|2024-11-20_2024-12-19|2023-08-28_2023-09-26|2025-01-19_2025-02-17
0.1,2,Core PPI m/m|FOMC,Neutral|Good,1,0,1,0.0,100.0,0.0,2024-08-22_2024-09-20
0.2,2,Core PPI m/m|FOMC,Good|Neutral,3,2,1,66.7,33.3,2.0,2023-03-01_2023-03-30|2023-10-27_2023-11-25|2024-05-24_2024-06-22
0.2,2,Core PPI m/m|FOMC,Neutral|Neutral,9,9,0,100.0,0.0,inf,2023-04-30_2023-05-29|2023-05-30_2023-06-28|2023-06-29_2023-07-28|2024-07-23_2024-08-21|2024-10-21_2024-11-19|2024-11-20_2024-12-19|2023-08-28_2023-09-26|2023-11-26_2023-12-25|2025-01-19_2025-02-17
0.2,2,Core PPI m/m|FOMC,Neutral|Good,1,0,1,0.0,100.0,0.0,2024-08-22_2024-09-20
0.3,2,Core PPI m/m|FOMC,Good|Neutral,1,0,1,0.0,100.0,0.0,2023-03-01_2023-03-30
0.3,2,Core PPI m/m|FOMC,Neutral|Neutral,12,11,1,91.7,8.3,11.0,2023-04-30_2023-05-29|2023-05-30_2023-06-28|2023-06-29_2023-07-28|2023-10-27_2023-11-25|2024-07-23_2024-08-21|2024-08-22_2024-09-20|2024-10-21_2024-11-19|2024-11-20_2024-12-19|2023-08-28_2023-09-26|2023-11-26_2023-12-25|2024-05-24_2024-06-22|2025-01-19_2025-02-17
0.0,2,Core PPI m/m|CPI y/y,Bad|Bad,11,11,0,100.0,0.0,inf,2020-08-13_2020-09-11|2021-06-09_2021-07-08|2021-07-09_2021-08-07|2021-08-08_2021-09-06|2022-04-05_2022-05-04|2022-09-02_2022-10-01|2023-01-30_2023-02-28|2023-09-27_2023-10-26|2024-01-25_2024-02-23|2021-05-10_2021-06-08|2022-02-04_2022-03-05
0.0,2,Core PPI m/m|CPI y/y,Bad|Neutral,6,4,2,66.7,33.3,2.0,2020-10-12_2020-11-10|2021-02-09_2021-03-10|2021-09-07_2021-10-06|2024-04-24_2024-05-23|2024-08-22_2024-09-20|2021-12-06_2022-01-04
0.0,2,Core PPI m/m|CPI y/y,Good|Good,12,8,4,66.7,33.3,2.0,2020-11-11_2020-12-10|2022-08-03_2022-09-01|2023-03-31_2023-04-29|2023-06-29_2023-07-28|2023-10-27_2023-11-25|2024-07-23_2024-08-21|2025-03-20_2025-04-18|2025-04-19_2025-05-18|2025-05-19_2025-06-17|2022-11-01_2022-11-30|2024-05-24_2024-06-22|2025-02-18_2025-03-19
0.0,2,Core PPI m/m|CPI y/y,Neutral|Neutral,5,4,1,80.0,20.0,4.0,2021-01-10_2021-02-08|2022-01-05_2022-02-03|2024-10-21_2024-11-19|2024-11-20_2024-12-19|2022-12-31_2023-01-29
0.0,2,Core PPI m/m|CPI y/y,Good|Bad,7,5,2,71.4,28.6,2.5,2021-10-07_2021-11-05|2021-11-06_2021-12-05|2022-05-05_2022-06-03|2022-06-04_2022-07-03|2022-07-04_2022-08-02|2023-12-26_2024-01-24|2025-06-18_2025-07-17
0.0,2,Core PPI m/m|CPI y/y,Neutral|Bad,4,3,1,75.0,25.0,3.0,2022-10-02_2022-10-31|2023-08-28_2023-09-26|2024-03-25_2024-04-23|2025-01-19_2025-02-17
0.0,2,Core PPI m/m|CPI y/y,Good|Neutral,5,3,2,60.0,40.0,1.5,2023-03-01_2023-03-30|2024-12-20_2025-01-18|2025-08-17_2025-09-15|2022-03-06_2022-04-04|2023-11-26_2023-12-25
0.0,2,Core PPI m/m|CPI y/y,Neutral|Good,2,2,0,100.0,0.0,inf,2023-04-30_2023-05-29|2023-05-30_2023-06-28
0.0,2,Core PPI m/m|CPI y/y,Bad|Good,5,3,2,60.0,40.0,1.5,2023-07-29_2023-08-27|2025-07-18_2025-08-16|2022-12-01_2022-12-30|2024-06-23_2024-07-22|2026-02-13_2026-03-14
0.1,2,Core PPI m/m|CPI y/y,Bad|Bad,9,9,0,100.0,0.0,inf,2020-08-13_2020-09-11|2021-06-09_2021-07-08|2021-07-09_2021-08-07|2021-08-08_2021-09-06|2022-09-02_2022-10-01|2023-01-30_2023-02-28|2024-01-25_2024-02-23|2021-05-10_2021-06-08|2022-02-04_2022-03-05
0.1,2,Core PPI m/m|CPI y/y,Bad|Neutral,6,5,1,83.3,16.7,5.0,2020-10-12_2020-11-10|2021-02-09_2021-03-10|2022-04-05_2022-05-04|2024-04-24_2024-05-23|2025-07-18_2025-08-16|2021-12-06_2022-01-04
0.1,2,Core PPI m/m|CPI y/y,Neutral|Neutral,12,10,2,83.3,16.7,5.0,2020-11-11_2020-12-10|2021-01-10_2021-02-08|2021-09-07_2021-10-06|2022-01-05_2022-02-03|2022-10-02_2022-10-31|2023-04-30_2023-05-29|2023-05-30_2023-06-28|2023-07-29_2023-08-27|2024-08-22_2024-09-20|2024-10-21_2024-11-19|2024-11-20_2024-12-19|2022-12-31_2023-01-29
0.1,2,Core PPI m/m|CPI y/y,Good|Bad,4,2,2,50.0,50.0,1.0,2021-10-07_2021-11-05|2022-05-05_2022-06-03|2023-12-26_2024-01-24|2025-06-18_2025-07-17
0.1,2,Core PPI m/m|CPI y/y,Neutral|Bad,7,6,1,85.7,14.3,6.0,2021-11-06_2021-12-05|2022-06-04_2022-07-03|2022-07-04_2022-08-02|2023-09-27_2023-10-26|2023-08-28_2023-09-26|2024-03-25_2024-04-23|2025-01-19_2025-02-17
0.1,2,Core PPI m/m|CPI y/y,Good|Good,8,4,4,50.0,50.0,1.0,2022-08-03_2022-09-01|2024-07-23_2024-08-21|2025-03-20_2025-04-18|2025-04-19_2025-05-18|2025-05-19_2025-06-17|2022-11-01_2022-11-30|2024-05-24_2024-06-22|2025-02-18_2025-03-19
0.1,2,Core PPI m/m|CPI y/y,Good|Neutral,7,5,2,71.4,28.6,2.5,2023-03-01_2023-03-30|2023-03-31_2023-04-29|2023-10-27_2023-11-25|2024-12-20_2025-01-18|2025-08-17_2025-09-15|2022-03-06_2022-04-04|2023-11-26_2023-12-25
0.1,2,Core PPI m/m|CPI y/y,Neutral|Good,1,1,0,100.0,0.0,inf,2023-06-29_2023-07-28
0.1,2,Core PPI m/m|CPI y/y,Bad|Good,3,1,2,33.3,66.7,0.5,2022-12-01_2022-12-30|2024-06-23_2024-07-22|2026-02-13_2026-03-14
0.2,2,Core PPI m/m|CPI y/y,Neutral|Neutral,27,20,7,74.1,25.9,2.86,2020-08-13_2020-09-11|2020-10-12_2020-11-10|2020-11-11_2020-12-10|2021-01-10_2021-02-08|2021-09-07_2021-10-06|2022-01-05_2022-02-03|2022-08-03_2022-09-01|2022-10-02_2022-10-31|2023-04-30_2023-05-29|2023-05-30_2023-06-28|2023-06-29_2023-07-28|2023-07-29_2023-08-27|2023-09-27_2023-10-26|2023-12-26_2024-01-24|2024-07-23_2024-08-21|2024-08-22_2024-09-20|2024-10-21_2024-11-19|2024-11-20_2024-12-19|2024-12-20_2025-01-18|2025-05-19_2025-06-17|2025-06-18_2025-07-17|2022-12-31_2023-01-29|2023-08-28_2023-09-26|2023-11-26_2023-12-25|2024-03-25_2024-04-23|2024-06-23_2024-07-22|2025-01-19_2025-02-17
0.2,2,Core PPI m/m|CPI y/y,Bad|Neutral,7,6,1,85.7,14.3,6.0,2021-02-09_2021-03-10|2021-08-08_2021-09-06|2022-04-05_2022-05-04|2024-04-24_2024-05-23|2025-07-18_2025-08-16|2021-12-06_2022-01-04|2026-02-13_2026-03-14
0.2,2,Core PPI m/m|CPI y/y,Neutral|Bad,7,7,0,100.0,0.0,inf,2021-06-09_2021-07-08|2021-11-06_2021-12-05|2022-05-05_2022-06-03|2022-06-04_2022-07-03|2022-07-04_2022-08-02|2022-09-02_2022-10-01|2023-01-30_2023-02-28
0.2,2,Core PPI m/m|CPI y/y,Bad|Bad,4,4,0,100.0,0.0,inf,2021-07-09_2021-08-07|2024-01-25_2024-02-23|2021-05-10_2021-06-08|2022-02-04_2022-03-05
0.2,2,Core PPI m/m|CPI y/y,Good|Neutral,10,6,4,60.0,40.0,1.5,2021-10-07_2021-11-05|2023-03-01_2023-03-30|2023-03-31_2023-04-29|2023-10-27_2023-11-25|2025-03-20_2025-04-18|2025-04-19_2025-05-18|2025-08-17_2025-09-15|2022-03-06_2022-04-04|2024-05-24_2024-06-22|2025-02-18_2025-03-19
0.2,2,Core PPI m/m|CPI y/y,Good|Good,1,0,1,0.0,100.0,0.0,2022-11-01_2022-11-30
0.2,2,Core PPI m/m|CPI y/y,Neutral|Good,1,0,1,0.0,100.0,0.0,2022-12-01_2022-12-30
0.3,2,Core PPI m/m|CPI y/y,Neutral|Neutral,40,30,10,75.0,25.0,3.0,2020-08-13_2020-09-11|2020-10-12_2020-11-10|2020-11-11_2020-12-10|2021-01-10_2021-02-08|2021-06-09_2021-07-08|2021-09-07_2021-10-06|2021-10-07_2021-11-05|2021-11-06_2021-12-05|2022-01-05_2022-02-03|2022-05-05_2022-06-03|2022-06-04_2022-07-03|2022-08-03_2022-09-01|2022-09-02_2022-10-01|2022-10-02_2022-10-31|2023-01-30_2023-02-28|2023-04-30_2023-05-29|2023-05-30_2023-06-28|2023-06-29_2023-07-28|2023-07-29_2023-08-27|2023-09-27_2023-10-26|2023-10-27_2023-11-25|2023-12-26_2024-01-24|2024-04-24_2024-05-23|2024-07-23_2024-08-21|2024-08-22_2024-09-20|2024-10-21_2024-11-19|2024-11-20_2024-12-19|2024-12-20_2025-01-18|2025-05-19_2025-06-17|2025-06-18_2025-07-17|2021-12-06_2022-01-04|2022-11-01_2022-11-30|2022-12-01_2022-12-30|2022-12-31_2023-01-29|2023-08-28_2023-09-26|2023-11-26_2023-12-25|2024-03-25_2024-04-23|2024-05-24_2024-06-22|2024-06-23_2024-07-22|2025-01-19_2025-02-17
0.3,2,Core PPI m/m|CPI y/y,Bad|Neutral,7,6,1,85.7,14.3,6.0,2021-02-09_2021-03-10|2021-08-08_2021-09-06|2022-04-05_2022-05-04|2024-01-25_2024-02-23|2025-07-18_2025-08-16|2022-02-04_2022-03-05|2026-02-13_2026-03-14
0.3,2,Core PPI m/m|CPI y/y,Bad|Bad,1,1,0,100.0,0.0,inf,2021-07-09_2021-08-07
0.3,2,Core PPI m/m|CPI y/y,Neutral|Bad,2,2,0,100.0,0.0,inf,2022-07-04_2022-08-02|2021-05-10_2021-06-08
0.3,2,Core PPI m/m|CPI y/y,Good|Neutral,7,4,3,57.1,42.9,1.33,2023-03-01_2023-03-30|2023-03-31_2023-04-29|2025-03-20_2025-04-18|2025-04-19_2025-05-18|2025-08-17_2025-09-15|2022-03-06_2022-04-04|2025-02-18_2025-03-19
0.0,2,FOMC|CPI y/y,Neutral|Neutral,4,3,1,75.0,25.0,3.0,2023-03-01_2023-03-30|2024-10-21_2024-11-19|2024-11-20_2024-12-19|2023-11-26_2023-12-25
0.0,2,FOMC|CPI y/y,Neutral|Good,6,6,0,100.0,0.0,inf,2023-04-30_2023-05-29|2023-05-30_2023-06-28|2023-06-29_2023-07-28|2023-10-27_2023-11-25|2024-07-23_2024-08-21|2024-05-24_2024-06-22
0.0,2,FOMC|CPI y/y,Good|Neutral,1,0,1,0.0,100.0,0.0,2024-08-22_2024-09-20
0.0,2,FOMC|CPI y/y,Neutral|Bad,2,2,0,100.0,0.0,inf,2023-08-28_2023-09-26|2025-01-19_2025-02-17
0.1,2,FOMC|CPI y/y,Neutral|Neutral,7,6,1,85.7,14.3,6.0,2023-03-01_2023-03-30|2023-04-30_2023-05-29|2023-05-30_2023-06-28|2023-10-27_2023-11-25|2024-10-21_2024-11-19|2024-11-20_2024-12-19|2023-11-26_2023-12-25
0.1,2,FOMC|CPI y/y,Neutral|Good,3,3,0,100.0,0.0,inf,2023-06-29_2023-07-28|2024-07-23_2024-08-21|2024-05-24_2024-06-22
0.1,2,FOMC|CPI y/y,Good|Neutral,1,0,1,0.0,100.0,0.0,2024-08-22_2024-09-20
0.1,2,FOMC|CPI y/y,Neutral|Bad,2,2,0,100.0,0.0,inf,2023-08-28_2023-09-26|2025-01-19_2025-02-17
0.2,2,FOMC|CPI y/y,Neutral|Neutral,12,11,1,91.7,8.3,11.0,2023-03-01_2023-03-30|2023-04-30_2023-05-29|2023-05-30_2023-06-28|2023-06-29_2023-07-28|2023-10-27_2023-11-25|2024-07-23_2024-08-21|2024-10-21_2024-11-19|2024-11-20_2024-12-19|2023-08-28_2023-09-26|2023-11-26_2023-12-25|2024-05-24_2024-06-22|2025-01-19_2025-02-17
0.2,2,FOMC|CPI y/y,Good|Neutral,1,0,1,0.0,100.0,0.0,2024-08-22_2024-09-20
0.3,2,FOMC|CPI y/y,Neutral|Neutral,13,11,2,84.6,15.4,5.5,2023-03-01_2023-03-30|2023-04-30_2023-05-29|2023-05-30_2023-06-28|2023-06-29_2023-07-28|2023-10-27_2023-11-25|2024-07-23_2024-08-21|2024-08-22_2024-09-20|2024-10-21_2024-11-19|2024-11-20_2024-12-19|2023-08-28_2023-09-26|2023-11-26_2023-12-25|2024-05-24_2024-06-22|2025-01-19_2025-02-17
