آستانه,تعداد_شاخص‌ها,لیست_شاخص‌ها,الگوی_وضعیت,تعداد_کل_وقوع,تعداد_ضررده,تعداد_سودده,درصد_ضررده,درصد_سودده,نسبت_شانس,ماه‌ها
0.0,1,CPI m/m,Neutral,28,21,7,75.0,25.0,3.0,2018-01|2018-08|2018-12|2019-01|2019-06|2019-08|2020-10|2021-01|2021-02|2021-03|2021-08|2022-03|2022-04|2023-01|2023-02|2023-03|2023-05|2023-08|2023-09|2024-03|2024-08|2024-09|2024-11|2024-12|2025-01|2025-07|2025-08|2026-01
0.0,1,CPI m/m,Bad,23,17,6,73.9,26.1,2.83,2018-02|2019-04|2019-07|2020-07|2020-08|2020-09|2020-12|2021-04|2021-05|2021-06|2021-07|2021-10|2021-11|2021-12|2022-01|2022-02|2022-05|2022-06|2024-01|2024-02|2024-10|2025-02|2025-09
0.0,1,CPI m/m,Good,26,17,9,65.4,34.6,1.89,2018-05|2018-07|2018-09|2018-10|2019-02|2019-05|2020-02|2020-04|2020-05|2020-06|2020-11|2021-09|2022-11|2022-12|2023-04|2023-06|2023-07|2023-11|2024-05|2024-06|2024-07|2025-03|2025-05|2025-06|2025-10|2026-02
0.1,1,CPI m/m,Neutral,54,38,16,70.4,29.6,2.38,2018-01|2018-05|2018-07|2018-08|2018-09|2018-10|2018-12|2019-01|2019-02|2019-06|2019-07|2019-08|2020-02|2020-06|2020-07|2020-10|2020-11|2020-12|2021-01|2021-02|2021-03|2021-04|2021-08|2022-01|2022-03|2022-04|2022-05|2023-01|2023-02|2023-03|2023-04|2023-05|2023-06|2023-07|2023-08|2023-09|2023-11|2024-01|2024-02|2024-03|2024-06|2024-08|2024-09|2024-10|2024-11|2024-12|2025-01|2025-03|2025-05|2025-06|2025-07|2025-08|2026-01|2026-02
0.1,1,CPI m/m,Bad,14,11,3,78.6,21.4,3.67,2018-02|2019-04|2020-08|2020-09|2021-05|2021-06|2021-07|2021-10|2021-11|2021-12|2022-02|2022-06|2025-02|2025-09
0.1,1,CPI m/m,Good,9,6,3,66.7,33.3,2.0,2019-05|2020-04|2020-05|2021-09|2022-11|2022-12|2024-05|2024-07|2025-10
0.2,1,CPI m/m,Neutral,72,51,21,70.8,29.2,2.43,2018-01|2018-02|2018-05|2018-07|2018-08|2018-09|2018-10|2018-12|2019-01|2019-02|2019-04|2019-05|2019-06|2019-07|2019-08|2020-02|2020-04|2020-05|2020-06|2020-07|2020-09|2020-10|2020-11|2020-12|2021-01|2021-02|2021-03|2021-04|2021-06|2021-08|2021-09|2021-10|2021-12|2022-01|2022-02|2022-03|2022-04|2022-05|2022-11|2022-12|2023-01|2023-02|2023-03|2023-04|2023-05|2023-06|2023-07|2023-08|2023-09|2023-11|2024-01|2024-02|2024-03|2024-05|2024-06|2024-07|2024-08|2024-09|2024-10|2024-11|2024-12|2025-01|2025-02|2025-03|2025-05|2025-06|2025-07|2025-08|2025-09|2025-10|2026-01|2026-02
0.2,1,CPI m/m,Bad,5,4,1,80.0,20.0,4.0,2020-08|2021-05|2021-07|2021-11|2022-06
0.3,1,CPI m/m,Neutral,73,52,21,71.2,28.8,2.48,2018-01|2018-02|2018-05|2018-07|2018-08|2018-09|2018-10|2018-12|2019-01|2019-02|2019-04|2019-05|2019-06|2019-07|2019-08|2020-02|2020-04|2020-05|2020-06|2020-07|2020-08|2020-09|2020-10|2020-11|2020-12|2021-01|2021-02|2021-03|2021-04|2021-06|2021-08|2021-09|2021-10|2021-12|2022-01|2022-02|2022-03|2022-04|2022-05|2022-11|2022-12|2023-01|2023-02|2023-03|2023-04|2023-05|2023-06|2023-07|2023-08|2023-09|2023-11|2024-01|2024-02|2024-03|2024-05|2024-06|2024-07|2024-08|2024-09|2024-10|2024-11|2024-12|2025-01|2025-02|2025-03|2025-05|2025-06|2025-07|2025-08|2025-09|2025-10|2026-01|2026-02
0.3,1,CPI m/m,Bad,4,3,1,75.0,25.0,3.0,2021-05|2021-07|2021-11|2022-06
0.0,1,Core CPI m/m,Bad,25,18,7,72.0,28.0,2.57,2018-01|2018-02|2019-07|2019-08|2020-07|2020-08|2020-09|2020-12|2021-04|2021-05|2021-06|2021-07|2021-11|2022-01|2022-02|2022-05|2022-06|2023-03|2023-05|2023-09|2024-02|2024-03|2024-09|2024-10|2025-02
0.0,1,Core CPI m/m,Good,28,19,9,67.9,32.1,2.11,2018-05|2018-09|2018-10|2019-04|2019-05|2019-06|2020-04|2020-05|2020-06|2020-11|2021-02|2021-03|2021-08|2021-09|2022-04|2022-11|2022-12|2023-07|2023-11|2024-06|2024-07|2025-01|2025-03|2025-05|2025-06|2025-07|2025-10|2026-01
0.0,1,Core CPI m/m,Neutral,24,18,6,75.0,25.0,3.0,2018-07|2018-08|2018-12|2019-01|2019-02|2020-02|2020-10|2021-01|2021-10|2021-12|2022-03|2023-01|2023-02|2023-04|2023-06|2023-08|2024-01|2024-05|2024-08|2024-11|2024-12|2025-08|2025-09|2026-02
0.1,1,Core CPI m/m,Neutral,57,42,15,73.7,26.3,2.8,2018-01|2018-02|2018-05|2018-07|2018-08|2018-09|2018-10|2018-12|2019-01|2019-02|2019-04|2019-05|2019-06|2019-07|2019-08|2020-02|2020-06|2020-07|2020-10|2020-12|2021-01|2021-03|2021-04|2021-10|2021-12|2022-01|2022-02|2022-03|2022-06|2022-12|2023-01|2023-02|2023-03|2023-04|2023-06|2023-07|2023-08|2023-09|2023-11|2024-01|2024-05|2024-06|2024-07|2024-08|2024-09|2024-10|2024-11|2024-12|2025-01|2025-03|2025-05|2025-07|2025-08|2025-09|2025-10|2026-01|2026-02
0.1,1,Core CPI m/m,Good,9,7,2,77.8,22.2,3.5,2020-04|2020-05|2020-11|2021-02|2021-08|2021-09|2022-04|2022-11|2025-06
0.1,1,Core CPI m/m,Bad,11,6,5,54.5,45.5,1.2,2020-08|2020-09|2021-05|2021-06|2021-07|2021-11|2022-05|2023-05|2024-02|2024-03|2025-02
0.2,1,Core CPI m/m,Neutral,74,53,21,71.6,28.4,2.52,2018-01|2018-02|2018-05|2018-07|2018-08|2018-09|2018-10|2018-12|2019-01|2019-02|2019-04|2019-05|2019-06|2019-07|2019-08|2020-02|2020-04|2020-05|2020-06|2020-07|2020-09|2020-10|2020-11|2020-12|2021-01|2021-02|2021-03|2021-04|2021-06|2021-08|2021-09|2021-10|2021-11|2021-12|2022-01|2022-02|2022-03|2022-04|2022-05|2022-06|2022-11|2022-12|2023-01|2023-02|2023-03|2023-04|2023-05|2023-06|2023-07|2023-08|2023-09|2023-11|2024-01|2024-02|2024-03|2024-05|2024-06|2024-07|2024-08|2024-09|2024-10|2024-11|2024-12|2025-01|2025-02|2025-03|2025-05|2025-06|2025-07|2025-08|2025-09|2025-10|2026-01|2026-02
0.2,1,Core CPI m/m,Bad,3,2,1,66.7,33.3,2.0,2020-08|2021-05|2021-07
0.3,1,Core CPI m/m,Neutral,74,53,21,71.6,28.4,2.52,2018-01|2018-02|2018-05|2018-07|2018-08|2018-09|2018-10|2018-12|2019-01|2019-02|2019-04|2019-05|2019-06|2019-07|2019-08|2020-02|2020-04|2020-05|2020-06|2020-07|2020-09|2020-10|2020-11|2020-12|2021-01|2021-02|2021-03|2021-04|2021-06|2021-08|2021-09|2021-10|2021-11|2021-12|2022-01|2022-02|2022-03|2022-04|2022-05|2022-06|2022-11|2022-12|2023-01|2023-02|2023-03|2023-04|2023-05|2023-06|2023-07|2023-08|2023-09|2023-11|2024-01|2024-02|2024-03|2024-05|2024-06|2024-07|2024-08|2024-09|2024-10|2024-11|2024-12|2025-01|2025-02|2025-03|2025-05|2025-06|2025-07|2025-08|2025-09|2025-10|2026-01|2026-02
0.3,1,Core CPI m/m,Bad,3,2,1,66.7,33.3,2.0,2020-08|2021-05|2021-07
0.0,1,PPI m/m,Good,30,23,7,76.7,23.3,3.29,2018-01|2018-05|2018-08|2018-09|2019-01|2019-02|2020-05|2020-07|2021-01|2021-10|2022-01|2022-03|2022-11|2023-01|2023-03|2023-04|2023-05|2023-06|2023-07|2023-11|2024-01|2024-06|2024-08|2024-10|2025-01|2025-03|2025-05|2025-06|2025-07|2025-09
0.0,1,PPI m/m,Neutral,11,8,3,72.7,27.3,2.67,2018-02|2018-10|2019-05|2019-06|2019-07|2019-08|2020-12|2021-11|2022-05|2022-06|2024-11
0.0,1,PPI m/m,Bad,35,24,11,68.6,31.4,2.18,2018-07|2018-12|2019-04|2020-02|2020-04|2020-06|2020-08|2020-09|2020-10|2020-11|2021-02|2021-03|2021-04|2021-05|2021-06|2021-07|2021-08|2021-09|2021-12|2022-02|2022-04|2022-12|2023-02|2023-08|2023-09|2024-02|2024-03|2024-05|2024-07|2024-09|2024-12|2025-02|2025-08|2026-01|2026-02
0.1,1,PPI m/m,Good,22,16,6,72.7,27.3,2.67,2018-01|2018-08|2018-09|2019-02|2020-05|2020-07|2021-01|2022-01|2022-03|2022-11|2023-01|2023-03|2023-04|2023-06|2023-11|2024-01|2024-06|2025-01|2025-03|2025-05|2025-07|2025-09
0.1,1,PPI m/m,Neutral,30,24,6,80.0,20.0,4.0,2018-02|2018-05|2018-07|2018-10|2018-12|2019-01|2019-05|2019-06|2019-07|2019-08|2020-04|2020-09|2020-11|2020-12|2021-03|2021-09|2021-10|2021-11|2022-05|2022-06|2022-12|2023-05|2023-07|2023-08|2024-07|2024-08|2024-09|2024-10|2024-11|2025-06
0.1,1,PPI m/m,Bad,24,15,9,62.5,37.5,1.67,2019-04|2020-02|2020-06|2020-08|2020-10|2021-02|2021-04|2021-05|2021-06|2021-07|2021-08|2021-12|2022-02|2022-04|2023-02|2023-09|2024-02|2024-03|2024-05|2024-12|2025-02|2025-08|2026-01|2026-02
0.2,1,PPI m/m,Good,12,8,4,66.7,33.3,2.0,2018-01|2018-09|2020-05|2020-07|2023-01|2023-03|2023-04|2023-11|2024-06|2025-03|2025-05|2025-09
0.2,1,PPI m/m,Neutral,47,35,12,74.5,25.5,2.92,2018-02|2018-05|2018-07|2018-08|2018-10|2018-12|2019-01|2019-02|2019-05|2019-06|2019-07|2019-08|2020-04|2020-09|2020-10|2020-11|2020-12|2021-01|2021-03|2021-09|2021-10|2021-11|2022-01|2022-03|2022-05|2022-06|2022-11|2022-12|2023-05|2023-06|2023-07|2023-08|2024-01|2024-02|2024-05|2024-07|2024-08|2024-09|2024-10|2024-11|2024-12|2025-01|2025-02|2025-06|2025-07|2026-01|2026-02
0.2,1,PPI m/m,Bad,17,12,5,70.6,29.4,2.4,2019-04|2020-02|2020-06|2020-08|2021-02|2021-04|2021-05|2021-06|2021-07|2021-08|2021-12|2022-02|2022-04|2023-02|2023-09|2024-03|2025-08
0.3,1,PPI m/m,Good,11,7,4,63.6,36.4,1.75,2018-01|2018-09|2020-05|2020-07|2023-01|2023-03|2023-04|2023-11|2024-06|2025-05|2025-09
0.3,1,PPI m/m,Neutral,55,41,14,74.5,25.5,2.93,2018-02|2018-05|2018-07|2018-08|2018-10|2018-12|2019-01|2019-02|2019-04|2019-05|2019-06|2019-07|2019-08|2020-04|2020-08|2020-09|2020-10|2020-11|2020-12|2021-01|2021-03|2021-05|2021-09|2021-10|2021-11|2022-01|2022-03|2022-04|2022-05|2022-06|2022-11|2022-12|2023-02|2023-05|2023-06|2023-07|2023-08|2023-09|2024-01|2024-02|2024-03|2024-05|2024-07|2024-08|2024-09|2024-10|2024-11|2024-12|2025-01|2025-02|2025-03|2025-06|2025-07|2026-01|2026-02
0.3,1,PPI m/m,Bad,10,7,3,70.0,30.0,2.33,2020-02|2020-06|2021-02|2021-04|2021-06|2021-07|2021-08|2021-12|2022-02|2025-08
0.0,1,Core PPI m/m,Good,29,24,5,82.8,17.2,4.8,2018-01|2018-08|2018-09|2019-01|2019-05|2019-08|2020-05|2020-07|2020-11|2020-12|2021-10|2021-11|2022-03|2022-05|2022-06|2022-11|2023-03|2023-04|2023-07|2023-11|2024-01|2024-06|2024-08|2025-01|2025-03|2025-05|2025-06|2025-07|2025-09
0.0,1,Core PPI m/m,Bad,32,20,12,62.5,37.5,1.67,2018-02|2018-07|2018-12|2019-02|2019-04|2019-07|2020-02|2020-04|2020-08|2020-09|2020-10|2021-02|2021-04|2021-05|2021-06|2021-07|2021-08|2021-09|2021-12|2022-02|2022-04|2022-12|2023-02|2023-08|2024-02|2024-03|2024-05|2024-07|2024-09|2025-08|2026-01|2026-02
0.0,1,Core PPI m/m,Neutral,15,11,4,73.3,26.7,2.75,2018-05|2018-10|2019-06|2020-06|2021-01|2021-03|2022-01|2023-01|2023-05|2023-06|2023-09|2024-10|2024-11|2024-12|2025-02
0.1,1,Core PPI m/m,Good,22,18,4,81.8,18.2,4.5,2018-01|2018-09|2019-01|2019-08|2020-05|2020-07|2021-10|2022-03|2022-05|2022-11|2023-03|2023-04|2023-11|2024-01|2024-06|2024-08|2025-01|2025-03|2025-05|2025-06|2025-07|2025-09
0.1,1,Core PPI m/m,Bad,24,16,8,66.7,33.3,2.0,2018-02|2018-12|2020-02|2020-04|2020-08|2020-09|2020-10|2021-02|2021-04|2021-05|2021-06|2021-07|2021-08|2021-12|2022-02|2022-04|2022-12|2023-02|2024-02|2024-05|2024-07|2025-08|2026-01|2026-02
0.1,1,Core PPI m/m,Neutral,30,21,9,70.0,30.0,2.33,2018-05|2018-07|2018-08|2018-10|2019-02|2019-04|2019-05|2019-06|2019-07|2020-06|2020-11|2020-12|2021-01|2021-03|2021-09|2021-11|2022-01|2022-06|2023-01|2023-05|2023-06|2023-07|2023-08|2023-09|2024-03|2024-09|2024-10|2024-11|2024-12|2025-02
0.2,1,Core PPI m/m,Good,15,13,2,86.7,13.3,6.5,2018-01|2018-09|2019-01|2019-08|2020-07|2021-10|2022-03|2022-11|2023-03|2023-04|2023-11|2024-06|2025-03|2025-05|2025-09
0.2,1,Core PPI m/m,Neutral,47,33,14,70.2,29.8,2.36,2018-02|2018-05|2018-07|2018-08|2018-10|2018-12|2019-02|2019-04|2019-05|2019-06|2019-07|2020-04|2020-05|2020-06|2020-09|2020-10|2020-11|2020-12|2021-01|2021-03|2021-06|2021-09|2021-11|2022-01|2022-05|2022-06|2022-12|2023-01|2023-02|2023-05|2023-06|2023-07|2023-08|2023-09|2024-01|2024-03|2024-07|2024-08|2024-09|2024-10|2024-11|2024-12|2025-01|2025-02|2025-06|2025-07|2026-01
0.2,1,Core PPI m/m,Bad,14,9,5,64.3,35.7,1.8,2020-02|2020-08|2021-02|2021-04|2021-05|2021-07|2021-08|2021-12|2022-02|2022-04|2024-02|2024-05|2025-08|2026-02
0.3,1,Core PPI m/m,Good,11,11,0,100.0,0.0,inf,2018-01|2018-09|2019-01|2019-08|2020-07|2022-03|2023-03|2023-04|2025-03|2025-05|2025-09
0.3,1,Core PPI m/m,Neutral,55,38,17,69.1,30.9,2.24,2018-02|2018-05|2018-07|2018-08|2018-10|2018-12|2019-02|2019-04|2019-05|2019-06|2019-07|2020-02|2020-04|2020-05|2020-06|2020-09|2020-10|2020-11|2020-12|2021-01|2021-03|2021-05|2021-06|2021-09|2021-10|2021-11|2021-12|2022-01|2022-05|2022-06|2022-11|2022-12|2023-01|2023-02|2023-05|2023-06|2023-07|2023-08|2023-09|2023-11|2024-01|2024-03|2024-05|2024-06|2024-07|2024-08|2024-09|2024-10|2024-11|2024-12|2025-01|2025-02|2025-06|2025-07|2026-01
0.3,1,Core PPI m/m,Bad,10,6,4,60.0,40.0,1.5,2020-08|2021-02|2021-04|2021-07|2021-08|2022-02|2022-04|2024-02|2025-08|2026-02
0.0,1,FOMC,Neutral,11,9,2,81.8,18.2,4.5,2023-03|2023-05|2023-06|2023-07|2023-09|2023-11|2024-06|2024-07|2024-11|2024-12|2025-01
0.0,1,FOMC,Good,1,1,0,100.0,0.0,inf,2024-09
0.1,1,FOMC,Neutral,11,9,2,81.8,18.2,4.5,2023-03|2023-05|2023-06|2023-07|2023-09|2023-11|2024-06|2024-07|2024-11|2024-12|2025-01
0.1,1,FOMC,Good,1,1,0,100.0,0.0,inf,2024-09
0.2,1,FOMC,Neutral,11,9,2,81.8,18.2,4.5,2023-03|2023-05|2023-06|2023-07|2023-09|2023-11|2024-06|2024-07|2024-11|2024-12|2025-01
0.2,1,FOMC,Good,1,1,0,100.0,0.0,inf,2024-09
0.3,1,FOMC,Neutral,12,10,2,83.3,16.7,5.0,2023-03|2023-05|2023-06|2023-07|2023-09|2023-11|2024-06|2024-07|2024-09|2024-11|2024-12|2025-01
0.0,1,CPI y/y,Neutral,26,19,7,73.1,26.9,2.71,2018-01|2018-05|2018-07|2018-08|2018-12|2019-01|2019-07|2020-07|2020-10|2020-12|2021-01|2021-02|2021-03|2021-09|2021-12|2022-01|2022-03|2023-01|2023-03|2024-05|2024-09|2024-11|2024-12|2025-01|2025-09|2026-01
0.0,1,CPI y/y,Bad,26,17,9,65.4,34.6,1.89,2018-02|2019-02|2019-04|2019-08|2020-02|2020-08|2020-09|2021-04|2021-05|2021-06|2021-07|2021-08|2021-10|2021-11|2022-02|2022-04|2022-05|2022-06|2023-02|2023-09|2024-01|2024-02|2024-03|2024-10|2025-02|2025-07
0.0,1,CPI y/y,Good,26,20,6,76.9,23.1,3.33,2018-09|2018-10|2019-05|2019-06|2020-04|2020-05|2020-06|2020-11|2022-11|2022-12|2023-04|2023-05|2023-06|2023-07|2023-08|2023-11|2024-06|2024-07|2024-08|2025-03|2025-05|2025-06|2025-08|2025-10|2025-12|2026-02
0.1,1,CPI y/y,Neutral,36,26,10,72.2,27.8,2.6,2018-01|2018-05|2018-07|2018-08|2018-09|2018-12|2019-01|2019-04|2019-06|2019-07|2020-07|2020-10|2020-12|2021-01|2021-02|2021-03|2021-09|2021-12|2022-01|2022-03|2022-04|2023-01|2023-03|2023-04|2023-05|2023-06|2023-08|2023-11|2024-05|2024-09|2024-11|2024-12|2025-01|2025-08|2025-09|2026-01
0.1,1,CPI y/y,Bad,24,16,8,66.7,33.3,2.0,2018-02|2019-02|2019-08|2020-02|2020-08|2020-09|2021-04|2021-05|2021-06|2021-07|2021-08|2021-10|2021-11|2022-02|2022-05|2022-06|2023-02|2023-09|2024-01|2024-02|2024-03|2024-10|2025-02|2025-07
0.1,1,CPI y/y,Good,18,14,4,77.8,22.2,3.5,2018-10|2019-05|2020-04|2020-05|2020-06|2020-11|2022-11|2022-12|2023-07|2024-06|2024-07|2024-08|2025-03|2025-05|2025-06|2025-10|2025-12|2026-02
0.2,1,CPI y/y,Neutral,64,47,17,73.4,26.6,2.76,2018-01|2018-05|2018-07|2018-08|2018-09|2018-10|2018-12|2019-01|2019-02|2019-04|2019-05|2019-06|2019-07|2019-08|2020-02|2020-04|2020-05|2020-06|2020-07|2020-09|2020-10|2020-11|2020-12|2021-01|2021-02|2021-03|2021-04|2021-08|2021-09|2021-10|2021-12|2022-01|2022-03|2022-04|2023-01|2023-03|2023-04|2023-05|2023-06|2023-07|2023-08|2023-09|2023-11|2024-01|2024-03|2024-05|2024-06|2024-07|2024-08|2024-09|2024-10|2024-11|2024-12|2025-01|2025-02|2025-03|2025-05|2025-06|2025-07|2025-08|2025-09|2025-10|2026-01|2026-02
0.2,1,CPI y/y,Bad,11,7,4,63.6,36.4,1.75,2018-02|2020-08|2021-05|2021-06|2021-07|2021-11|2022-02|2022-05|2022-06|2023-02|2024-02
0.2,1,CPI y/y,Good,3,2,1,66.7,33.3,2.0,2022-11|2022-12|2025-12
0.3,1,CPI y/y,Neutral,74,53,21,71.6,28.4,2.52,2018-01|2018-02|2018-05|2018-07|2018-08|2018-09|2018-10|2018-12|2019-01|2019-02|2019-04|2019-05|2019-06|2019-07|2019-08|2020-02|2020-04|2020-05|2020-06|2020-07|2020-09|2020-10|2020-11|2020-12|2021-01|2021-02|2021-03|2021-04|2021-06|2021-08|2021-09|2021-10|2021-11|2021-12|2022-01|2022-02|2022-03|2022-04|2022-05|2022-06|2022-11|2022-12|2023-01|2023-02|2023-03|2023-04|2023-05|2023-06|2023-07|2023-08|2023-09|2023-11|2024-01|2024-02|2024-03|2024-05|2024-06|2024-07|2024-08|2024-09|2024-10|2024-11|2024-12|2025-01|2025-02|2025-03|2025-05|2025-06|2025-07|2025-08|2025-09|2025-10|2026-01|2026-02
0.3,1,CPI y/y,Bad,3,2,1,66.7,33.3,2.0,2020-08|2021-05|2021-07
0.3,1,CPI y/y,Good,1,1,0,100.0,0.0,inf,2025-12
0.0,2,CPI m/m|Core CPI m/m,Neutral|Bad,7,6,1,85.7,14.3,6.0,2018-01|2019-08|2023-03|2023-05|2023-09|2024-03|2024-09
0.0,2,CPI m/m|Core CPI m/m,Bad|Bad,18,12,6,66.7,33.3,2.0,2018-02|2019-07|2020-07|2020-08|2020-09|2020-12|2021-04|2021-05|2021-06|2021-07|2021-11|2022-01|2022-02|2022-05|2022-06|2024-02|2024-10|2025-02
0.0,2,CPI m/m|Core CPI m/m,Good|Good,19,13,6,68.4,31.6,2.17,2018-05|2018-09|2018-10|2019-05|2020-04|2020-05|2020-06|2020-11|2021-09|2022-11|2022-12|2023-07|2023-11|2024-06|2024-07|2025-03|2025-05|2025-06|2025-10
0.0,2,CPI m/m|Core CPI m/m,Good|Neutral,7,4,3,57.1,42.9,1.33,2018-07|2019-02|2020-02|2023-04|2023-06|2024-05|2026-02
0.0,2,CPI m/m|Core CPI m/m,Neutral|Neutral,13,10,3,76.9,23.1,3.33,2018-08|2018-12|2019-01|2020-10|2021-01|2022-03|2023-01|2023-02|2023-08|2024-08|2024-11|2024-12|2025-08
0.0,2,CPI m/m|Core CPI m/m,Bad|Good,1,1,0,100.0,0.0,inf,2019-04
0.0,2,CPI m/m|Core CPI m/m,Neutral|Good,8,5,3,62.5,37.5,1.67,2019-06|2021-02|2021-03|2021-08|2022-04|2025-01|2025-07|2026-01
0.0,2,CPI m/m|Core CPI m/m,Bad|Neutral,4,4,0,100.0,0.0,inf,2021-10|2021-12|2024-01|2025-09
0.1,2,CPI m/m|Core CPI m/m,Neutral|Neutral,45,33,12,73.3,26.7,2.75,2018-01|2018-05|2018-07|2018-08|2018-09|2018-10|2018-12|2019-01|2019-02|2019-06|2019-07|2019-08|2020-02|2020-06|2020-07|2020-10|2020-12|2021-01|2021-03|2021-04|2022-01|2022-03|2023-01|2023-02|2023-03|2023-04|2023-06|2023-07|2023-08|2023-09|2023-11|2024-01|2024-06|2024-08|2024-09|2024-10|2024-11|2024-12|2025-01|2025-03|2025-05|2025-07|2025-08|2026-01|2026-02
0.1,2,CPI m/m|Core CPI m/m,Bad|Neutral,7,6,1,85.7,14.3,6.0,2018-02|2019-04|2021-10|2021-12|2022-02|2022-06|2025-09
0.1,2,CPI m/m|Core CPI m/m,Good|Neutral,5,3,2,60.0,40.0,1.5,2019-05|2022-12|2024-05|2024-07|2025-10
0.1,2,CPI m/m|Core CPI m/m,Good|Good,4,3,1,75.0,25.0,3.0,2020-04|2020-05|2021-09|2022-11
0.1,2,CPI m/m|Core CPI m/m,Bad|Bad,7,5,2,71.4,28.6,2.5,2020-08|2020-09|2021-05|2021-06|2021-07|2021-11|2025-02
0.1,2,CPI m/m|Core CPI m/m,Neutral|Good,5,4,1,80.0,20.0,4.0,2020-11|2021-02|2021-08|2022-04|2025-06
0.1,2,CPI m/m|Core CPI m/m,Neutral|Bad,4,1,3,25.0,75.0,0.33,2022-05|2023-05|2024-02|2024-03
0.2,2,CPI m/m|Core CPI m/m,Neutral|Neutral,72,51,21,70.8,29.2,2.43,2018-01|2018-02|2018-05|2018-07|2018-08|2018-09|2018-10|2018-12|2019-01|2019-02|2019-04|2019-05|2019-06|2019-07|2019-08|2020-02|2020-04|2020-05|2020-06|2020-07|2020-09|2020-10|2020-11|2020-12|2021-01|2021-02|2021-03|2021-04|2021-06|2021-08|2021-09|2021-10|2021-12|2022-01|2022-02|2022-03|2022-04|2022-05|2022-11|2022-12|2023-01|2023-02|2023-03|2023-04|2023-05|2023-06|2023-07|2023-08|2023-09|2023-11|2024-01|2024-02|2024-03|2024-05|2024-06|2024-07|2024-08|2024-09|2024-10|2024-11|2024-12|2025-01|2025-02|2025-03|2025-05|2025-06|2025-07|2025-08|2025-09|2025-10|2026-01|2026-02
0.2,2,CPI m/m|Core CPI m/m,Bad|Bad,3,2,1,66.7,33.3,2.0,2020-08|2021-05|2021-07
0.2,2,CPI m/m|Core CPI m/m,Bad|Neutral,2,2,0,100.0,0.0,inf,2021-11|2022-06
0.3,2,CPI m/m|Core CPI m/m,Neutral|Neutral,72,51,21,70.8,29.2,2.43,2018-01|2018-02|2018-05|2018-07|2018-08|2018-09|2018-10|2018-12|2019-01|2019-02|2019-04|2019-05|2019-06|2019-07|2019-08|2020-02|2020-04|2020-05|2020-06|2020-07|2020-09|2020-10|2020-11|2020-12|2021-01|2021-02|2021-03|2021-04|2021-06|2021-08|2021-09|2021-10|2021-12|2022-01|2022-02|2022-03|2022-04|2022-05|2022-11|2022-12|2023-01|2023-02|2023-03|2023-04|2023-05|2023-06|2023-07|2023-08|2023-09|2023-11|2024-01|2024-02|2024-03|2024-05|2024-06|2024-07|2024-08|2024-09|2024-10|2024-11|2024-12|2025-01|2025-02|2025-03|2025-05|2025-06|2025-07|2025-08|2025-09|2025-10|2026-01|2026-02
0.3,2,CPI m/m|Core CPI m/m,Neutral|Bad,1,1,0,100.0,0.0,inf,2020-08
0.3,2,CPI m/m|Core CPI m/m,Bad|Bad,2,1,1,50.0,50.0,1.0,2021-05|2021-07
0.3,2,CPI m/m|Core CPI m/m,Bad|Neutral,2,2,0,100.0,0.0,inf,2021-11|2022-06
0.0,2,CPI m/m|PPI m/m,Neutral|Good,11,9,2,81.8,18.2,4.5,2018-01|2018-08|2019-01|2021-01|2022-03|2023-01|2023-03|2023-05|2024-08|2025-01|2025-07
0.0,2,CPI m/m|PPI m/m,Bad|Neutral,6,4,2,66.7,33.3,2.0,2018-02|2019-07|2020-12|2021-11|2022-05|2022-06
0.0,2,CPI m/m|PPI m/m,Good|Good,13,8,5,61.5,38.5,1.6,2018-05|2018-09|2019-02|2020-05|2022-11|2023-04|2023-06|2023-07|2023-11|2024-06|2025-03|2025-05|2025-06
0.0,2,CPI m/m|PPI m/m,Good|Bad,10,7,3,70.0,30.0,2.33,2018-07|2020-02|2020-04|2020-06|2020-11|2021-09|2022-12|2024-05|2024-07|2026-02
0.0,2,CPI m/m|PPI m/m,Good|Neutral,2,2,0,100.0,0.0,inf,2018-10|2019-05
0.0,2,CPI m/m|PPI m/m,Neutral|Bad,14,10,4,71.4,28.6,2.5,2018-12|2020-10|2021-02|2021-03|2021-08|2022-04|2023-02|2023-08|2023-09|2024-03|2024-09|2024-12|2025-08|2026-01
0.0,2,CPI m/m|PPI m/m,Bad|Bad,11,7,4,63.6,36.4,1.75,2019-04|2020-08|2020-09|2021-04|2021-05|2021-06|2021-07|2021-12|2022-02|2024-02|2025-02
0.0,2,CPI m/m|PPI m/m,Neutral|Neutral,3,2,1,66.7,33.3,2.0,2019-06|2019-08|2024-11
0.0,2,CPI m/m|PPI m/m,Bad|Good,6,6,0,100.0,0.0,inf,2020-07|2021-10|2022-01|2024-01|2024-10|2025-09
0.1,2,CPI m/m|PPI m/m,Neutral|Good,19,14,5,73.7,26.3,2.8,2018-01|2018-08|2018-09|2019-02|2020-07|2021-01|2022-01|2022-03|2023-01|2023-03|2023-04|2023-06|2023-11|2024-01|2024-06|2025-01|2025-03|2025-05|2025-07
0.1,2,CPI m/m|PPI m/m,Bad|Neutral,5,5,0,100.0,0.0,inf,2018-02|2020-09|2021-10|2021-11|2022-06
0.1,2,CPI m/m|PPI m/m,Neutral|Neutral,20,15,5,75.0,25.0,3.0,2018-05|2018-07|2018-10|2018-12|2019-01|2019-06|2019-07|2019-08|2020-11|2020-12|2021-03|2022-05|2023-05|2023-07|2023-08|2024-08|2024-09|2024-10|2024-11|2025-06
0.1,2,CPI m/m|PPI m/m,Bad|Bad,8,5,3,62.5,37.5,1.67,2019-04|2020-08|2021-05|2021-06|2021-07|2021-12|2022-02|2025-02
0.1,2,CPI m/m|PPI m/m,Good|Neutral,5,4,1,80.0,20.0,4.0,2019-05|2020-04|2021-09|2022-12|2024-07
0.1,2,CPI m/m|PPI m/m,Neutral|Bad,15,9,6,60.0,40.0,1.5,2020-02|2020-06|2020-10|2021-02|2021-04|2021-08|2022-04|2023-02|2023-09|2024-02|2024-03|2024-12|2025-08|2026-01|2026-02
0.1,2,CPI m/m|PPI m/m,Good|Good,2,1,1,50.0,50.0,1.0,2020-05|2022-11
0.1,2,CPI m/m|PPI m/m,Good|Bad,1,1,0,100.0,0.0,inf,2024-05
0.1,2,CPI m/m|PPI m/m,Bad|Good,1,1,0,100.0,0.0,inf,2025-09
0.2,2,CPI m/m|PPI m/m,Neutral|Good,12,8,4,66.7,33.3,2.0,2018-01|2018-09|2020-05|2020-07|2023-01|2023-03|2023-04|2023-11|2024-06|2025-03|2025-05|2025-09
0.2,2,CPI m/m|PPI m/m,Neutral|Neutral,45,33,12,73.3,26.7,2.75,2018-02|2018-05|2018-07|2018-08|2018-10|2018-12|2019-01|2019-02|2019-05|2019-06|2019-07|2019-08|2020-04|2020-09|2020-10|2020-11|2020-12|2021-01|2021-03|2021-09|2021-10|2022-01|2022-03|2022-05|2022-11|2022-12|2023-05|2023-06|2023-07|2023-08|2024-01|2024-02|2024-05|2024-07|2024-08|2024-09|2024-10|2024-11|2024-12|2025-01|2025-02|2025-06|2025-07|2026-01|2026-02
0.2,2,CPI m/m|PPI m/m,Neutral|Bad,14,10,4,71.4,28.6,2.5,2019-04|2020-02|2020-06|2021-02|2021-04|2021-06|2021-08|2021-12|2022-02|2022-04|2023-02|2023-09|2024-03|2025-08
0.2,2,CPI m/m|PPI m/m,Bad|Bad,3,2,1,66.7,33.3,2.0,2020-08|2021-05|2021-07
0.2,2,CPI m/m|PPI m/m,Bad|Neutral,2,2,0,100.0,0.0,inf,2021-11|2022-06
0.3,2,CPI m/m|PPI m/m,Neutral|Good,11,7,4,63.6,36.4,1.75,2018-01|2018-09|2020-05|2020-07|2023-01|2023-03|2023-04|2023-11|2024-06|2025-05|2025-09
0.3,2,CPI m/m|PPI m/m,Neutral|Neutral,52,38,14,73.1,26.9,2.71,2018-02|2018-05|2018-07|2018-08|2018-10|2018-12|2019-01|2019-02|2019-04|2019-05|2019-06|2019-07|2019-08|2020-04|2020-08|2020-09|2020-10|2020-11|2020-12|2021-01|2021-03|2021-09|2021-10|2022-01|2022-03|2022-04|2022-05|2022-11|2022-12|2023-02|2023-05|2023-06|2023-07|2023-08|2023-09|2024-01|2024-02|2024-03|2024-05|2024-07|2024-08|2024-09|2024-10|2024-11|2024-12|2025-01|2025-02|2025-03|2025-06|2025-07|2026-01|2026-02
0.3,2,CPI m/m|PPI m/m,Neutral|Bad,9,7,2,77.8,22.2,3.5,2020-02|2020-06|2021-02|2021-04|2021-06|2021-08|2021-12|2022-02|2025-08
0.3,2,CPI m/m|PPI m/m,Bad|Neutral,3,3,0,100.0,0.0,inf,2021-05|2021-11|2022-06
0.3,2,CPI m/m|PPI m/m,Bad|Bad,1,0,1,0.0,100.0,0.0,2021-07
0.0,2,CPI m/m|Core PPI m/m,Neutral|Good,9,8,1,88.9,11.1,8.0,2018-01|2018-08|2019-01|2019-08|2022-03|2023-03|2024-08|2025-01|2025-07
0.0,2,CPI m/m|Core PPI m/m,Bad|Bad,12,8,4,66.7,33.3,2.0,2018-02|2019-04|2019-07|2020-08|2020-09|2021-04|2021-05|2021-06|2021-07|2021-12|2022-02|2024-02
0.0,2,CPI m/m|Core PPI m/m,Good|Neutral,4,3,1,75.0,25.0,3.0,2018-05|2018-10|2020-06|2023-06
0.0,2,CPI m/m|Core PPI m/m,Good|Bad,9,5,4,55.6,44.4,1.25,2018-07|2019-02|2020-02|2020-04|2021-09|2022-12|2024-05|2024-07|2026-02
0.0,2,CPI m/m|Core PPI m/m,Good|Good,12,9,3,75.0,25.0,3.0,2018-09|2019-05|2020-05|2020-11|2022-11|2023-04|2023-07|2023-11|2024-06|2025-03|2025-05|2025-06
0.0,2,CPI m/m|Core PPI m/m,Neutral|Bad,11,7,4,63.6,36.4,1.75,2018-12|2020-10|2021-02|2021-08|2022-04|2023-02|2023-08|2024-03|2024-09|2025-08|2026-01
0.0,2,CPI m/m|Core PPI m/m,Neutral|Neutral,8,6,2,75.0,25.0,3.0,2019-06|2021-01|2021-03|2023-01|2023-05|2023-09|2024-11|2024-12
0.0,2,CPI m/m|Core PPI m/m,Bad|Good,8,7,1,87.5,12.5,7.0,2020-07|2020-12|2021-10|2021-11|2022-05|2022-06|2024-01|2025-09
0.0,2,CPI m/m|Core PPI m/m,Bad|Neutral,3,2,1,66.7,33.3,2.0,2022-01|2024-10|2025-02
0.1,2,CPI m/m|Core PPI m/m,Neutral|Good,18,15,3,83.3,16.7,5.0,2018-01|2018-09|2019-01|2019-08|2020-07|2022-03|2022-05|2023-03|2023-04|2023-11|2024-01|2024-06|2024-08|2025-01|2025-03|2025-05|2025-06|2025-07
0.1,2,CPI m/m|Core PPI m/m,Bad|Bad,8,6,2,75.0,25.0,3.0,2018-02|2020-08|2020-09|2021-05|2021-06|2021-07|2021-12|2022-02
0.1,2,CPI m/m|Core PPI m/m,Neutral|Neutral,24,16,8,66.7,33.3,2.0,2018-05|2018-07|2018-08|2018-10|2019-02|2019-06|2019-07|2020-06|2020-11|2020-12|2021-01|2021-03|2022-01|2023-01|2023-05|2023-06|2023-07|2023-08|2023-09|2024-03|2024-09|2024-10|2024-11|2024-12
0.1,2,CPI m/m|Core PPI m/m,Neutral|Bad,12,7,5,58.3,41.7,1.4,2018-12|2020-02|2020-10|2021-02|2021-04|2021-08|2022-04|2023-02|2024-02|2025-08|2026-01|2026-02
0.1,2,CPI m/m|Core PPI m/m,Bad|Neutral,4,3,1,75.0,25.0,3.0,2019-04|2021-11|2022-06|2025-02
0.1,2,CPI m/m|Core PPI m/m,Good|Neutral,2,2,0,100.0,0.0,inf,2019-05|2021-09
0.1,2,CPI m/m|Core PPI m/m,Good|Bad,4,3,1,75.0,25.0,3.0,2020-04|2022-12|2024-05|2024-07
0.1,2,CPI m/m|Core PPI m/m,Good|Good,2,1,1,50.0,50.0,1.0,2020-05|2022-11
0.1,2,CPI m/m|Core PPI m/m,Bad|Good,2,2,0,100.0,0.0,inf,2021-10|2025-09
0.2,2,CPI m/m|Core PPI m/m,Neutral|Good,15,13,2,86.7,13.3,6.5,2018-01|2018-09|2019-01|2019-08|2020-07|2021-10|2022-03|2022-11|2023-03|2023-04|2023-11|2024-06|2025-03|2025-05|2025-09
0.2,2,CPI m/m|Core PPI m/m,Neutral|Neutral,45,31,14,68.9,31.1,2.21,2018-02|2018-05|2018-07|2018-08|2018-10|2018-12|2019-02|2019-04|2019-05|2019-06|2019-07|2020-04|2020-05|2020-06|2020-09|2020-10|2020-11|2020-12|2021-01|2021-03|2021-06|2021-09|2022-01|2022-05|2022-12|2023-01|2023-02|2023-05|2023-06|2023-07|2023-08|2023-09|2024-01|2024-03|2024-07|2024-08|2024-09|2024-10|2024-11|2024-12|2025-01|2025-02|2025-06|2025-07|2026-01
0.2,2,CPI m/m|Core PPI m/m,Neutral|Bad,11,7,4,63.6,36.4,1.75,2020-02|2021-02|2021-04|2021-08|2021-12|2022-02|2022-04|2024-02|2024-05|2025-08|2026-02
0.2,2,CPI m/m|Core PPI m/m,Bad|Bad,3,2,1,66.7,33.3,2.0,2020-08|2021-05|2021-07
0.2,2,CPI m/m|Core PPI m/m,Bad|Neutral,2,2,0,100.0,0.0,inf,2021-11|2022-06
0.3,2,CPI m/m|Core PPI m/m,Neutral|Good,11,11,0,100.0,0.0,inf,2018-01|2018-09|2019-01|2019-08|2020-07|2022-03|2023-03|2023-04|2025-03|2025-05|2025-09
0.3,2,CPI m/m|Core PPI m/m,Neutral|Neutral,52,35,17,67.3,32.7,2.06,2018-02|2018-05|2018-07|2018-08|2018-10|2018-12|2019-02|2019-04|2019-05|2019-06|2019-07|2020-02|2020-04|2020-05|2020-06|2020-09|2020-10|2020-11|2020-12|2021-01|2021-03|2021-06|2021-09|2021-10|2021-12|2022-01|2022-05|2022-11|2022-12|2023-01|2023-02|2023-05|2023-06|2023-07|2023-08|2023-09|2023-11|2024-01|2024-03|2024-05|2024-06|2024-07|2024-08|2024-09|2024-10|2024-11|2024-12|2025-01|2025-02|2025-06|2025-07|2026-01
0.3,2,CPI m/m|Core PPI m/m,Neutral|Bad,9,6,3,66.7,33.3,2.0,2020-08|2021-02|2021-04|2021-08|2022-02|2022-04|2024-02|2025-08|2026-02
0.3,2,CPI m/m|Core PPI m/m,Bad|Neutral,3,3,0,100.0,0.0,inf,2021-05|2021-11|2022-06
0.3,2,CPI m/m|Core PPI m/m,Bad|Bad,1,0,1,0.0,100.0,0.0,2021-07
0.0,2,CPI m/m|FOMC,Neutral|Neutral,6,6,0,100.0,0.0,inf,2023-03|2023-05|2023-09|2024-11|2024-12|2025-01
0.0,2,CPI m/m|FOMC,Good|Neutral,5,3,2,60.0,40.0,1.5,2023-06|2023-07|2023-11|2024-06|2024-07
0.0,2,CPI m/m|FOMC,Neutral|Good,1,1,0,100.0,0.0,inf,2024-09
0.1,2,CPI m/m|FOMC,Neutral|Neutral,10,8,2,80.0,20.0,4.0,2023-03|2023-05|2023-06|2023-07|2023-09|2023-11|2024-06|2024-11|2024-12|2025-01
0.1,2,CPI m/m|FOMC,Good|Neutral,1,1,0,100.0,0.0,inf,2024-07
0.1,2,CPI m/m|FOMC,Neutral|Good,1,1,0,100.0,0.0,inf,2024-09
0.2,2,CPI m/m|FOMC,Neutral|Neutral,11,9,2,81.8,18.2,4.5,2023-03|2023-05|2023-06|2023-07|2023-09|2023-11|2024-06|2024-07|2024-11|2024-12|2025-01
0.2,2,CPI m/m|FOMC,Neutral|Good,1,1,0,100.0,0.0,inf,2024-09
0.3,2,CPI m/m|FOMC,Neutral|Neutral,12,10,2,83.3,16.7,5.0,2023-03|2023-05|2023-06|2023-07|2023-09|2023-11|2024-06|2024-07|2024-09|2024-11|2024-12|2025-01
0.0,2,CPI m/m|CPI y/y,Neutral|Neutral,16,12,4,75.0,25.0,3.0,2018-01|2018-08|2018-12|2019-01|2020-10|2021-01|2021-02|2021-03|2022-03|2023-01|2023-03|2024-09|2024-11|2024-12|2025-01|2026-01
0.0,2,CPI m/m|CPI y/y,Bad|Bad,17,12,5,70.6,29.4,2.4,2018-02|2019-04|2020-08|2020-09|2021-04|2021-05|2021-06|2021-07|2021-10|2021-11|2022-02|2022-05|2022-06|2024-01|2024-02|2024-10|2025-02
0.0,2,CPI m/m|CPI y/y,Good|Neutral,4,2,2,50.0,50.0,1.0,2018-05|2018-07|2021-09|2024-05
0.0,2,CPI m/m|CPI y/y,Good|Good,20,15,5,75.0,25.0,3.0,2018-09|2018-10|2019-05|2020-04|2020-05|2020-06|2020-11|2022-11|2022-12|2023-04|2023-06|2023-07|2023-11|2024-06|2024-07|2025-03|2025-05|2025-06|2025-10|2026-02
0.0,2,CPI m/m|CPI y/y,Good|Bad,2,0,2,0.0,100.0,0.0,2019-02|2020-02
0.0,2,CPI m/m|CPI y/y,Neutral|Good,5,4,1,80.0,20.0,4.0,2019-06|2023-05|2023-08|2024-08|2025-08
0.0,2,CPI m/m|CPI y/y,Bad|Neutral,6,5,1,83.3,16.7,5.0,2019-07|2020-07|2020-12|2021-12|2022-01|2025-09
0.0,2,CPI m/m|CPI y/y,Neutral|Bad,7,5,2,71.4,28.6,2.5,2019-08|2021-08|2022-04|2023-02|2023-09|2024-03|2025-07
0.1,2,CPI m/m|CPI y/y,Neutral|Neutral,31,21,10,67.7,32.3,2.1,2018-01|2018-05|2018-07|2018-08|2018-09|2018-12|2019-01|2019-06|2019-07|2020-07|2020-10|2020-12|2021-01|2021-02|2021-03|2022-01|2022-03|2022-04|2023-01|2023-03|2023-04|2023-05|2023-06|2023-08|2023-11|2024-09|2024-11|2024-12|2025-01|2025-08|2026-01
0.1,2,CPI m/m|CPI y/y,Bad|Bad,11,8,3,72.7,27.3,2.67,2018-02|2020-08|2020-09|2021-05|2021-06|2021-07|2021-10|2021-11|2022-02|2022-06|2025-02
0.1,2,CPI m/m|CPI y/y,Neutral|Good,10,9,1,90.0,10.0,9.0,2018-10|2020-06|2020-11|2023-07|2024-06|2024-08|2025-03|2025-05|2025-06|2026-02
0.1,2,CPI m/m|CPI y/y,Neutral|Bad,13,8,5,61.5,38.5,1.6,2019-02|2019-08|2020-02|2021-04|2021-08|2022-05|2023-02|2023-09|2024-01|2024-02|2024-03|2024-10|2025-07
0.1,2,CPI m/m|CPI y/y,Bad|Neutral,3,3,0,100.0,0.0,inf,2019-04|2021-12|2025-09
0.1,2,CPI m/m|CPI y/y,Good|Good,7,4,3,57.1,42.9,1.33,2019-05|2020-04|2020-05|2022-11|2022-12|2024-07|2025-10
0.1,2,CPI m/m|CPI y/y,Good|Neutral,2,2,0,100.0,0.0,inf,2021-09|2024-05
0.2,2,CPI m/m|CPI y/y,Neutral|Neutral,64,47,17,73.4,26.6,2.76,2018-01|2018-05|2018-07|2018-08|2018-09|2018-10|2018-12|2019-01|2019-02|2019-04|2019-05|2019-06|2019-07|2019-08|2020-02|2020-04|2020-05|2020-06|2020-07|2020-09|2020-10|2020-11|2020-12|2021-01|2021-02|2021-03|2021-04|2021-08|2021-09|2021-10|2021-12|2022-01|2022-03|2022-04|2023-01|2023-03|2023-04|2023-05|2023-06|2023-07|2023-08|2023-09|2023-11|2024-01|2024-03|2024-05|2024-06|2024-07|2024-08|2024-09|2024-10|2024-11|2024-12|2025-01|2025-02|2025-03|2025-05|2025-06|2025-07|2025-08|2025-09|2025-10|2026-01|2026-02
0.2,2,CPI m/m|CPI y/y,Neutral|Bad,6,3,3,50.0,50.0,1.0,2018-02|2021-06|2022-02|2022-05|2023-02|2024-02
0.2,2,CPI m/m|CPI y/y,Bad|Bad,5,4,1,80.0,20.0,4.0,2020-08|2021-05|2021-07|2021-11|2022-06
0.2,2,CPI m/m|CPI y/y,Neutral|Good,2,1,1,50.0,50.0,1.0,2022-11|2022-12
0.3,2,CPI m/m|CPI y/y,Neutral|Neutral,72,51,21,70.8,29.2,2.43,2018-01|2018-02|2018-05|2018-07|2018-08|2018-09|2018-10|2018-12|2019-01|2019-02|2019-04|2019-05|2019-06|2019-07|2019-08|2020-02|2020-04|2020-05|2020-06|2020-07|2020-09|2020-10|2020-11|2020-12|2021-01|2021-02|2021-03|2021-04|2021-06|2021-08|2021-09|2021-10|2021-12|2022-01|2022-02|2022-03|2022-04|2022-05|2022-11|2022-12|2023-01|2023-02|2023-03|2023-04|2023-05|2023-06|2023-07|2023-08|2023-09|2023-11|2024-01|2024-02|2024-03|2024-05|2024-06|2024-07|2024-08|2024-09|2024-10|2024-11|2024-12|2025-01|2025-02|2025-03|2025-05|2025-06|2025-07|2025-08|2025-09|2025-10|2026-01|2026-02
0.3,2,CPI m/m|CPI y/y,Neutral|Bad,1,1,0,100.0,0.0,inf,2020-08
0.3,2,CPI m/m|CPI y/y,Bad|Bad,2,1,1,50.0,50.0,1.0,2021-05|2021-07
0.3,2,CPI m/m|CPI y/y,Bad|Neutral,2,2,0,100.0,0.0,inf,2021-11|2022-06
0.0,2,Core CPI m/m|PPI m/m,Bad|Good,6,6,0,100.0,0.0,inf,2018-01|2020-07|2022-01|2023-03|2023-05|2024-10
0.0,2,Core CPI m/m|PPI m/m,Bad|Neutral,7,5,2,71.4,28.6,2.5,2018-02|2019-07|2019-08|2020-12|2021-11|2022-05|2022-06
0.0,2,Core CPI m/m|PPI m/m,Good|Good,12,8,4,66.7,33.3,2.0,2018-05|2018-09|2020-05|2022-11|2023-07|2023-11|2024-06|2025-01|2025-03|2025-05|2025-06|2025-07
0.0,2,Core CPI m/m|PPI m/m,Neutral|Bad,11,8,3,72.7,27.3,2.67,2018-07|2018-12|2020-02|2020-10|2021-12|2023-02|2023-08|2024-05|2024-12|2025-08|2026-02
0.0,2,Core CPI m/m|PPI m/m,Neutral|Good,12,9,3,75.0,25.0,3.0,2018-08|2019-01|2019-02|2021-01|2021-10|2022-03|2023-01|2023-04|2023-06|2024-01|2024-08|2025-09
0.0,2,Core CPI m/m|PPI m/m,Good|Neutral,3,2,1,66.7,33.3,2.0,2018-10|2019-05|2019-06
0.0,2,Core CPI m/m|PPI m/m,Good|Bad,12,9,3,75.0,25.0,3.0,2019-04|2020-04|2020-06|2020-11|2021-02|2021-03|2021-08|2021-09|2022-04|2022-12|2024-07|2026-01
0.0,2,Core CPI m/m|PPI m/m,Bad|Bad,12,7,5,58.3,41.7,1.4,2020-08|2020-09|2021-04|2021-05|2021-06|2021-07|2022-02|2023-09|2024-02|2024-03|2024-09|2025-02
0.0,2,Core CPI m/m|PPI m/m,Neutral|Neutral,1,1,0,100.0,0.0,inf,2024-11
0.1,2,Core CPI m/m|PPI m/m,Neutral|Good,20,15,5,75.0,25.0,3.0,2018-01|2018-08|2018-09|2019-02|2020-07|2021-01|2022-01|2022-03|2023-01|2023-03|2023-04|2023-06|2023-11|2024-01|2024-06|2025-01|2025-03|2025-05|2025-07|2025-09
0.1,2,Core CPI m/m|PPI m/m,Neutral|Neutral,22,17,5,77.3,22.7,3.4,2018-02|2018-05|2018-07|2018-10|2018-12|2019-01|2019-05|2019-06|2019-07|2019-08|2020-12|2021-03|2021-10|2022-06|2022-12|2023-07|2023-08|2024-07|2024-08|2024-09|2024-10|2024-11
0.1,2,Core CPI m/m|PPI m/m,Neutral|Bad,14,10,4,71.4,28.6,2.5,2019-04|2020-02|2020-06|2020-10|2021-04|2021-12|2022-02|2023-02|2023-09|2024-05|2024-12|2025-08|2026-01|2026-02
0.1,2,Core CPI m/m|PPI m/m,Good|Neutral,4,4,0,100.0,0.0,inf,2020-04|2020-11|2021-09|2025-06
0.1,2,Core CPI m/m|PPI m/m,Good|Good,2,1,1,50.0,50.0,1.0,2020-05|2022-11
0.1,2,Core CPI m/m|PPI m/m,Bad|Bad,7,3,4,42.9,57.1,0.75,2020-08|2021-05|2021-06|2021-07|2024-02|2024-03|2025-02
0.1,2,Core CPI m/m|PPI m/m,Bad|Neutral,4,3,1,75.0,25.0,3.0,2020-09|2021-11|2022-05|2023-05
0.1,2,Core CPI m/m|PPI m/m,Good|Bad,3,2,1,66.7,33.3,2.0,2021-02|2021-08|2022-04
0.2,2,Core CPI m/m|PPI m/m,Neutral|Good,12,8,4,66.7,33.3,2.0,2018-01|2018-09|2020-05|2020-07|2023-01|2023-03|2023-04|2023-11|2024-06|2025-03|2025-05|2025-09
0.2,2,Core CPI m/m|PPI m/m,Neutral|Neutral,47,35,12,74.5,25.5,2.92,2018-02|2018-05|2018-07|2018-08|2018-10|2018-12|2019-01|2019-02|2019-05|2019-06|2019-07|2019-08|2020-04|2020-09|2020-10|2020-11|2020-12|2021-01|2021-03|2021-09|2021-10|2021-11|2022-01|2022-03|2022-05|2022-06|2022-11|2022-12|2023-05|2023-06|2023-07|2023-08|2024-01|2024-02|2024-05|2024-07|2024-08|2024-09|2024-10|2024-11|2024-12|2025-01|2025-02|2025-06|2025-07|2026-01|2026-02
0.2,2,Core CPI m/m|PPI m/m,Neutral|Bad,14,10,4,71.4,28.6,2.5,2019-04|2020-02|2020-06|2021-02|2021-04|2021-06|2021-08|2021-12|2022-02|2022-04|2023-02|2023-09|2024-03|2025-08
0.2,2,Core CPI m/m|PPI m/m,Bad|Bad,3,2,1,66.7,33.3,2.0,2020-08|2021-05|2021-07
0.3,2,Core CPI m/m|PPI m/m,Neutral|Good,11,7,4,63.6,36.4,1.75,2018-01|2018-09|2020-05|2020-07|2023-01|2023-03|2023-04|2023-11|2024-06|2025-05|2025-09
0.3,2,Core CPI m/m|PPI m/m,Neutral|Neutral,53,39,14,73.6,26.4,2.79,2018-02|2018-05|2018-07|2018-08|2018-10|2018-12|2019-01|2019-02|2019-04|2019-05|2019-06|2019-07|2019-08|2020-04|2020-09|2020-10|2020-11|2020-12|2021-01|2021-03|2021-09|2021-10|2021-11|2022-01|2022-03|2022-04|2022-05|2022-06|2022-11|2022-12|2023-02|2023-05|2023-06|2023-07|2023-08|2023-09|2024-01|2024-02|2024-03|2024-05|2024-07|2024-08|2024-09|2024-10|2024-11|2024-12|2025-01|2025-02|2025-03|2025-06|2025-07|2026-01|2026-02
0.3,2,Core CPI m/m|PPI m/m,Neutral|Bad,9,7,2,77.8,22.2,3.5,2020-02|2020-06|2021-02|2021-04|2021-06|2021-08|2021-12|2022-02|2025-08
0.3,2,Core CPI m/m|PPI m/m,Bad|Neutral,2,2,0,100.0,0.0,inf,2020-08|2021-05
0.3,2,Core CPI m/m|PPI m/m,Bad|Bad,1,0,1,0.0,100.0,0.0,2021-07
0.0,2,Core CPI m/m|Core PPI m/m,Bad|Good,8,7,1,87.5,12.5,7.0,2018-01|2019-08|2020-07|2020-12|2021-11|2022-05|2022-06|2023-03
0.0,2,Core CPI m/m|Core PPI m/m,Bad|Bad,12,7,5,58.3,41.7,1.4,2018-02|2019-07|2020-08|2020-09|2021-04|2021-05|2021-06|2021-07|2022-02|2024-02|2024-03|2024-09
0.0,2,Core CPI m/m|Core PPI m/m,Good|Neutral,5,3,2,60.0,40.0,1.5,2018-05|2018-10|2019-06|2020-06|2021-03
0.0,2,Core CPI m/m|Core PPI m/m,Neutral|Bad,11,7,4,63.6,36.4,1.75,2018-07|2018-12|2019-02|2020-02|2020-10|2021-12|2023-02|2023-08|2024-05|2025-08|2026-02
0.0,2,Core CPI m/m|Core PPI m/m,Neutral|Good,8,7,1,87.5,12.5,7.0,2018-08|2019-01|2021-10|2022-03|2023-04|2024-01|2024-08|2025-09
0.0,2,Core CPI m/m|Core PPI m/m,Good|Good,13,10,3,76.9,23.1,3.33,2018-09|2019-05|2020-05|2020-11|2022-11|2023-07|2023-11|2024-06|2025-01|2025-03|2025-05|2025-06|2025-07
0.0,2,Core CPI m/m|Core PPI m/m,Good|Bad,9,6,3,66.7,33.3,2.0,2019-04|2020-04|2021-02|2021-08|2021-09|2022-04|2022-12|2024-07|2026-01
0.0,2,Core CPI m/m|Core PPI m/m,Neutral|Neutral,5,4,1,80.0,20.0,4.0,2021-01|2023-01|2023-06|2024-11|2024-12
0.0,2,Core CPI m/m|Core PPI m/m,Bad|Neutral,5,4,1,80.0,20.0,4.0,2022-01|2023-05|2023-09|2024-10|2025-02
0.1,2,Core CPI m/m|Core PPI m/m,Neutral|Good,18,16,2,88.9,11.1,8.0,2018-01|2018-09|2019-01|2019-08|2020-07|2021-10|2022-03|2023-03|2023-04|2023-11|2024-01|2024-06|2024-08|2025-01|2025-03|2025-05|2025-07|2025-09
0.1,2,Core CPI m/m|Core PPI m/m,Neutral|Bad,14,9,5,64.3,35.7,1.8,2018-02|2018-12|2020-02|2020-10|2021-04|2021-12|2022-02|2022-12|2023-02|2024-05|2024-07|2025-08|2026-01|2026-02
0.1,2,Core CPI m/m|Core PPI m/m,Neutral|Neutral,24,17,7,70.8,29.2,2.43,2018-05|2018-07|2018-08|2018-10|2019-02|2019-04|2019-05|2019-06|2019-07|2020-06|2020-12|2021-01|2021-03|2022-01|2022-06|2023-01|2023-06|2023-07|2023-08|2023-09|2024-09|2024-10|2024-11|2024-12
0.1,2,Core CPI m/m|Core PPI m/m,Good|Bad,4,3,1,75.0,25.0,3.0,2020-04|2021-02|2021-08|2022-04
0.1,2,Core CPI m/m|Core PPI m/m,Good|Good,3,2,1,66.7,33.3,2.0,2020-05|2022-11|2025-06
0.1,2,Core CPI m/m|Core PPI m/m,Bad|Bad,6,4,2,66.7,33.3,2.0,2020-08|2020-09|2021-05|2021-06|2021-07|2024-02
0.1,2,Core CPI m/m|Core PPI m/m,Good|Neutral,2,2,0,100.0,0.0,inf,2020-11|2021-09
0.1,2,Core CPI m/m|Core PPI m/m,Bad|Neutral,4,2,2,50.0,50.0,1.0,2021-11|2023-05|2024-03|2025-02
0.1,2,Core CPI m/m|Core PPI m/m,Bad|Good,1,0,1,0.0,100.0,0.0,2022-05
0.2,2,Core CPI m/m|Core PPI m/m,Neutral|Good,15,13,2,86.7,13.3,6.5,2018-01|2018-09|2019-01|2019-08|2020-07|2021-10|2022-03|2022-11|2023-03|2023-04|2023-11|2024-06|2025-03|2025-05|2025-09
0.2,2,Core CPI m/m|Core PPI m/m,Neutral|Neutral,47,33,14,70.2,29.8,2.36,2018-02|2018-05|2018-07|2018-08|2018-10|2018-12|2019-02|2019-04|2019-05|2019-06|2019-07|2020-04|2020-05|2020-06|2020-09|2020-10|2020-11|2020-12|2021-01|2021-03|2021-06|2021-09|2021-11|2022-01|2022-05|2022-06|2022-12|2023-01|2023-02|2023-05|2023-06|2023-07|2023-08|2023-09|2024-01|2024-03|2024-07|2024-08|2024-09|2024-10|2024-11|2024-12|2025-01|2025-02|2025-06|2025-07|2026-01
0.2,2,Core CPI m/m|Core PPI m/m,Neutral|Bad,11,7,4,63.6,36.4,1.75,2020-02|2021-02|2021-04|2021-08|2021-12|2022-02|2022-04|2024-02|2024-05|2025-08|2026-02
0.2,2,Core CPI m/m|Core PPI m/m,Bad|Bad,3,2,1,66.7,33.3,2.0,2020-08|2021-05|2021-07
0.3,2,Core CPI m/m|Core PPI m/m,Neutral|Good,11,11,0,100.0,0.0,inf,2018-01|2018-09|2019-01|2019-08|2020-07|2022-03|2023-03|2023-04|2025-03|2025-05|2025-09
0.3,2,Core CPI m/m|Core PPI m/m,Neutral|Neutral,54,37,17,68.5,31.5,2.18,2018-02|2018-05|2018-07|2018-08|2018-10|2018-12|2019-02|2019-04|2019-05|2019-06|2019-07|2020-02|2020-04|2020-05|2020-06|2020-09|2020-10|2020-11|2020-12|2021-01|2021-03|2021-06|2021-09|2021-10|2021-11|2021-12|2022-01|2022-05|2022-06|2022-11|2022-12|2023-01|2023-02|2023-05|2023-06|2023-07|2023-08|2023-09|2023-11|2024-01|2024-03|2024-05|2024-06|2024-07|2024-08|2024-09|2024-10|2024-11|2024-12|2025-01|2025-02|2025-06|2025-07|2026-01
0.3,2,Core CPI m/m|Core PPI m/m,Bad|Bad,2,1,1,50.0,50.0,1.0,2020-08|2021-07
0.3,2,Core CPI m/m|Core PPI m/m,Neutral|Bad,8,5,3,62.5,37.5,1.67,2021-02|2021-04|2021-08|2022-02|2022-04|2024-02|2025-08|2026-02
0.3,2,Core CPI m/m|Core PPI m/m,Bad|Neutral,1,1,0,100.0,0.0,inf,2021-05
0.0,2,Core CPI m/m|FOMC,Bad|Neutral,3,3,0,100.0,0.0,inf,2023-03|2023-05|2023-09
0.0,2,Core CPI m/m|FOMC,Neutral|Neutral,3,3,0,100.0,0.0,inf,2023-06|2024-11|2024-12
0.0,2,Core CPI m/m|FOMC,Good|Neutral,5,3,2,60.0,40.0,1.5,2023-07|2023-11|2024-06|2024-07|2025-01
0.0,2,Core CPI m/m|FOMC,Bad|Good,1,1,0,100.0,0.0,inf,2024-09
0.1,2,Core CPI m/m|FOMC,Neutral|Neutral,10,8,2,80.0,20.0,4.0,2023-03|2023-06|2023-07|2023-09|2023-11|2024-06|2024-07|2024-11|2024-12|2025-01
0.1,2,Core CPI m/m|FOMC,Bad|Neutral,1,1,0,100.0,0.0,inf,2023-05
0.1,2,Core CPI m/m|FOMC,Neutral|Good,1,1,0,100.0,0.0,inf,2024-09
0.2,2,Core CPI m/m|FOMC,Neutral|Neutral,11,9,2,81.8,18.2,4.5,2023-03|2023-05|2023-06|2023-07|2023-09|2023-11|2024-06|2024-07|2024-11|2024-12|2025-01
0.2,2,Core CPI m/m|FOMC,Neutral|Good,1,1,0,100.0,0.0,inf,2024-09
0.3,2,Core CPI m/m|FOMC,Neutral|Neutral,12,10,2,83.3,16.7,5.0,2023-03|2023-05|2023-06|2023-07|2023-09|2023-11|2024-06|2024-07|2024-09|2024-11|2024-12|2025-01
0.0,2,Core CPI m/m|CPI y/y,Bad|Neutral,7,6,1,85.7,14.3,6.0,2018-01|2019-07|2020-07|2020-12|2022-01|2023-03|2024-09
0.0,2,Core CPI m/m|CPI y/y,Bad|Bad,17,11,6,64.7,35.3,1.83,2018-02|2019-08|2020-08|2020-09|2021-04|2021-05|2021-06|2021-07|2021-11|2022-02|2022-05|2022-06|2023-09|2024-02|2024-03|2024-10|2025-02
0.0,2,Core CPI m/m|CPI y/y,Good|Neutral,6,4,2,66.7,33.3,2.0,2018-05|2021-02|2021-03|2021-09|2025-01|2026-01
0.0,2,Core CPI m/m|CPI y/y,Neutral|Neutral,13,9,4,69.2,30.8,2.25,2018-07|2018-08|2018-12|2019-01|2020-10|2021-01|2021-12|2022-03|2023-01|2024-05|2024-11|2024-12|2025-09
0.0,2,Core CPI m/m|CPI y/y,Good|Good,18,12,6,66.7,33.3,2.0,2018-09|2018-10|2019-05|2019-06|2020-04|2020-05|2020-06|2020-11|2022-11|2022-12|2023-07|2023-11|2024-06|2024-07|2025-03|2025-05|2025-06|2025-10
0.0,2,Core CPI m/m|CPI y/y,Neutral|Bad,5,3,2,60.0,40.0,1.5,2019-02|2020-02|2021-10|2023-02|2024-01
0.0,2,Core CPI m/m|CPI y/y,Good|Bad,4,3,1,75.0,25.0,3.0,2019-04|2021-08|2022-04|2025-07
0.0,2,Core CPI m/m|CPI y/y,Neutral|Good,6,6,0,100.0,0.0,inf,2023-04|2023-06|2023-08|2024-08|2025-08|2026-02
0.0,2,Core CPI m/m|CPI y/y,Bad|Good,1,1,0,100.0,0.0,inf,2023-05
0.1,2,Core CPI m/m|CPI y/y,Neutral|Neutral,32,23,9,71.9,28.1,2.56,2018-01|2018-05|2018-07|2018-08|2018-09|2018-12|2019-01|2019-04|2019-06|2019-07|2020-07|2020-10|2020-12|2021-01|2021-03|2021-12|2022-01|2022-03|2023-01|2023-03|2023-04|2023-06|2023-08|2023-11|2024-05|2024-09|2024-11|2024-12|2025-01|2025-08|2025-09|2026-01
0.1,2,Core CPI m/m|CPI y/y,Neutral|Bad,13,10,3,76.9,23.1,3.33,2018-02|2019-02|2019-08|2020-02|2021-04|2021-10|2022-02|2022-06|2023-02|2023-09|2024-01|2024-10|2025-07
0.1,2,Core CPI m/m|CPI y/y,Neutral|Good,12,9,3,75.0,25.0,3.0,2018-10|2019-05|2020-06|2022-12|2023-07|2024-06|2024-07|2024-08|2025-03|2025-05|2025-10|2026-02
0.1,2,Core CPI m/m|CPI y/y,Good|Good,5,4,1,80.0,20.0,4.0,2020-04|2020-05|2020-11|2022-11|2025-06
0.1,2,Core CPI m/m|CPI y/y,Bad|Bad,10,5,5,50.0,50.0,1.0,2020-08|2020-09|2021-05|2021-06|2021-07|2021-11|2022-05|2024-02|2024-03|2025-02
0.1,2,Core CPI m/m|CPI y/y,Good|Neutral,3,2,1,66.7,33.3,2.0,2021-02|2021-09|2022-04
0.1,2,Core CPI m/m|CPI y/y,Good|Bad,1,1,0,100.0,0.0,inf,2021-08
0.1,2,Core CPI m/m|CPI y/y,Bad|Neutral,1,1,0,100.0,0.0,inf,2023-05
0.2,2,Core CPI m/m|CPI y/y,Neutral|Neutral,64,47,17,73.4,26.6,2.76,2018-01|2018-05|2018-07|2018-08|2018-09|2018-10|2018-12|2019-01|2019-02|2019-04|2019-05|2019-06|2019-07|2019-08|2020-02|2020-04|2020-05|2020-06|2020-07|2020-09|2020-10|2020-11|2020-12|2021-01|2021-02|2021-03|2021-04|2021-08|2021-09|2021-10|2021-12|2022-01|2022-03|2022-04|2023-01|2023-03|2023-04|2023-05|2023-06|2023-07|2023-08|2023-09|2023-11|2024-01|2024-03|2024-05|2024-06|2024-07|2024-08|2024-09|2024-10|2024-11|2024-12|2025-01|2025-02|2025-03|2025-05|2025-06|2025-07|2025-08|2025-09|2025-10|2026-01|2026-02
0.2,2,Core CPI m/m|CPI y/y,Neutral|Bad,8,5,3,62.5,37.5,1.67,2018-02|2021-06|2021-11|2022-02|2022-05|2022-06|2023-02|2024-02
0.2,2,Core CPI m/m|CPI y/y,Bad|Bad,3,2,1,66.7,33.3,2.0,2020-08|2021-05|2021-07
0.2,2,Core CPI m/m|CPI y/y,Neutral|Good,2,1,1,50.0,50.0,1.0,2022-11|2022-12
0.3,2,Core CPI m/m|CPI y/y,Neutral|Neutral,74,53,21,71.6,28.4,2.52,2018-01|2018-02|2018-05|2018-07|2018-08|2018-09|2018-10|2018-12|2019-01|2019-02|2019-04|2019-05|2019-06|2019-07|2019-08|2020-02|2020-04|2020-05|2020-06|2020-07|2020-09|2020-10|2020-11|2020-12|2021-01|2021-02|2021-03|2021-04|2021-06|2021-08|2021-09|2021-10|2021-11|2021-12|2022-01|2022-02|2022-03|2022-04|2022-05|2022-06|2022-11|2022-12|2023-01|2023-02|2023-03|2023-04|2023-05|2023-06|2023-07|2023-08|2023-09|2023-11|2024-01|2024-02|2024-03|2024-05|2024-06|2024-07|2024-08|2024-09|2024-10|2024-11|2024-12|2025-01|2025-02|2025-03|2025-05|2025-06|2025-07|2025-08|2025-09|2025-10|2026-01|2026-02
0.3,2,Core CPI m/m|CPI y/y,Bad|Bad,3,2,1,66.7,33.3,2.0,2020-08|2021-05|2021-07
0.0,2,PPI m/m|Core PPI m/m,Good|Good,22,18,4,81.8,18.2,4.5,2018-01|2018-08|2018-09|2019-01|2020-05|2020-07|2021-10|2022-03|2022-11|2023-03|2023-04|2023-07|2023-11|2024-01|2024-06|2024-08|2025-01|2025-03|2025-05|2025-06|2025-07|2025-09
0.0,2,PPI m/m|Core PPI m/m,Neutral|Bad,2,1,1,50.0,50.0,1.0,2018-02|2019-07
0.0,2,PPI m/m|Core PPI m/m,Good|Neutral,7,5,2,71.4,28.6,2.5,2018-05|2021-01|2022-01|2023-01|2023-05|2023-06|2024-10
0.0,2,PPI m/m|Core PPI m/m,Bad|Bad,29,19,10,65.5,34.5,1.9,2018-07|2018-12|2019-04|2020-02|2020-04|2020-08|2020-09|2020-10|2021-02|2021-04|2021-05|2021-06|2021-07|2021-08|2021-09|2021-12|2022-02|2022-04|2022-12|2023-02|2023-08|2024-02|2024-03|2024-05|2024-07|2024-09|2025-08|2026-01|2026-02
0.0,2,PPI m/m|Core PPI m/m,Neutral|Neutral,3,2,1,66.7,33.3,2.0,2018-10|2019-06|2024-11
0.0,2,PPI m/m|Core PPI m/m,Good|Bad,1,0,1,0.0,100.0,0.0,2019-02
0.0,2,PPI m/m|Core PPI m/m,Neutral|Good,6,5,1,83.3,16.7,5.0,2019-05|2019-08|2020-12|2021-11|2022-05|2022-06
0.0,2,PPI m/m|Core PPI m/m,Bad|Neutral,5,4,1,80.0,20.0,4.0,2020-06|2021-03|2023-09|2024-12|2025-02
0.0,2,PPI m/m|Core PPI m/m,Bad|Good,1,1,0,100.0,0.0,inf,2020-11
0.1,2,PPI m/m|Core PPI m/m,Good|Good,16,13,3,81.2,18.8,4.33,2018-01|2018-09|2020-05|2020-07|2022-03|2022-11|2023-03|2023-04|2023-11|2024-01|2024-06|2025-01|2025-03|2025-05|2025-07|2025-09
0.1,2,PPI m/m|Core PPI m/m,Neutral|Bad,6,5,1,83.3,16.7,5.0,2018-02|2018-12|2020-04|2020-09|2022-12|2024-07
0.1,2,PPI m/m|Core PPI m/m,Neutral|Neutral,18,14,4,77.8,22.2,3.5,2018-05|2018-07|2018-10|2019-05|2019-06|2019-07|2020-11|2020-12|2021-03|2021-09|2021-11|2022-06|2023-05|2023-07|2023-08|2024-09|2024-10|2024-11
0.1,2,PPI m/m|Core PPI m/m,Good|Neutral,6,3,3,50.0,50.0,1.0,2018-08|2019-02|2021-01|2022-01|2023-01|2023-06
0.1,2,PPI m/m|Core PPI m/m,Neutral|Good,6,5,1,83.3,16.7,5.0,2019-01|2019-08|2021-10|2022-05|2024-08|2025-06
0.1,2,PPI m/m|Core PPI m/m,Bad|Neutral,6,4,2,66.7,33.3,2.0,2019-04|2020-06|2023-09|2024-03|2024-12|2025-02
0.1,2,PPI m/m|Core PPI m/m,Bad|Bad,18,11,7,61.1,38.9,1.57,2020-02|2020-08|2020-10|2021-02|2021-04|2021-05|2021-06|2021-07|2021-08|2021-12|2022-02|2022-04|2023-02|2024-02|2024-05|2025-08|2026-01|2026-02
0.2,2,PPI m/m|Core PPI m/m,Good|Good,10,8,2,80.0,20.0,4.0,2018-01|2018-09|2020-07|2023-03|2023-04|2023-11|2024-06|2025-03|2025-05|2025-09
0.2,2,PPI m/m|Core PPI m/m,Neutral|Neutral,39,28,11,71.8,28.2,2.55,2018-02|2018-05|2018-07|2018-08|2018-10|2018-12|2019-02|2019-05|2019-06|2019-07|2020-04|2020-09|2020-10|2020-11|2020-12|2021-01|2021-03|2021-09|2021-11|2022-01|2022-05|2022-06|2022-12|2023-05|2023-06|2023-07|2023-08|2024-01|2024-07|2024-08|2024-09|2024-10|2024-11|2024-12|2025-01|2025-02|2025-06|2025-07|2026-01
0.2,2,PPI m/m|Core PPI m/m,Neutral|Good,5,5,0,100.0,0.0,inf,2019-01|2019-08|2021-10|2022-03|2022-11
0.2,2,PPI m/m|Core PPI m/m,Bad|Neutral,6,5,1,83.3,16.7,5.0,2019-04|2020-06|2021-06|2023-02|2023-09|2024-03
0.2,2,PPI m/m|Core PPI m/m,Bad|Bad,11,7,4,63.6,36.4,1.75,2020-02|2020-08|2021-02|2021-04|2021-05|2021-07|2021-08|2021-12|2022-02|2022-04|2025-08
0.2,2,PPI m/m|Core PPI m/m,Good|Neutral,2,0,2,0.0,100.0,0.0,2020-05|2023-01
0.2,2,PPI m/m|Core PPI m/m,Neutral|Bad,3,2,1,66.7,33.3,2.0,2024-02|2024-05|2026-02
0.3,2,PPI m/m|Core PPI m/m,Good|Good,7,7,0,100.0,0.0,inf,2018-01|2018-09|2020-07|2023-03|2023-04|2025-05|2025-09
0.3,2,PPI m/m|Core PPI m/m,Neutral|Neutral,47,35,12,74.5,25.5,2.92,2018-02|2018-05|2018-07|2018-08|2018-10|2018-12|2019-02|2019-04|2019-05|2019-06|2019-07|2020-04|2020-09|2020-10|2020-11|2020-12|2021-01|2021-03|2021-05|2021-09|2021-10|2021-11|2022-01|2022-05|2022-06|2022-11|2022-12|2023-02|2023-05|2023-06|2023-07|2023-08|2023-09|2024-01|2024-03|2024-05|2024-07|2024-08|2024-09|2024-10|2024-11|2024-12|2025-01|2025-02|2025-06|2025-07|2026-01
0.3,2,PPI m/m|Core PPI m/m,Neutral|Good,4,4,0,100.0,0.0,inf,2019-01|2019-08|2022-03|2025-03
0.3,2,PPI m/m|Core PPI m/m,Bad|Neutral,4,3,1,75.0,25.0,3.0,2020-02|2020-06|2021-06|2021-12
0.3,2,PPI m/m|Core PPI m/m,Good|Neutral,4,0,4,0.0,100.0,0.0,2020-05|2023-01|2023-11|2024-06
0.3,2,PPI m/m|Core PPI m/m,Neutral|Bad,4,2,2,50.0,50.0,1.0,2020-08|2022-04|2024-02|2026-02
0.3,2,PPI m/m|Core PPI m/m,Bad|Bad,6,4,2,66.7,33.3,2.0,2021-02|2021-04|2021-07|2021-08|2022-02|2025-08
0.0,2,PPI m/m|FOMC,Good|Neutral,7,5,2,71.4,28.6,2.5,2023-03|2023-05|2023-06|2023-07|2023-11|2024-06|2025-01
0.0,2,PPI m/m|FOMC,Bad|Neutral,3,3,0,100.0,0.0,inf,2023-09|2024-07|2024-12
0.0,2,PPI m/m|FOMC,Bad|Good,1,1,0,100.0,0.0,inf,2024-09
0.0,2,PPI m/m|FOMC,Neutral|Neutral,1,1,0,100.0,0.0,inf,2024-11
0.1,2,PPI m/m|FOMC,Good|Neutral,5,3,2,60.0,40.0,1.5,2023-03|2023-06|2023-11|2024-06|2025-01
0.1,2,PPI m/m|FOMC,Neutral|Neutral,4,4,0,100.0,0.0,inf,2023-05|2023-07|2024-07|2024-11
0.1,2,PPI m/m|FOMC,Bad|Neutral,2,2,0,100.0,0.0,inf,2023-09|2024-12
0.1,2,PPI m/m|FOMC,Neutral|Good,1,1,0,100.0,0.0,inf,2024-09
0.2,2,PPI m/m|FOMC,Good|Neutral,3,1,2,33.3,66.7,0.5,2023-03|2023-11|2024-06
0.2,2,PPI m/m|FOMC,Neutral|Neutral,7,7,0,100.0,0.0,inf,2023-05|2023-06|2023-07|2024-07|2024-11|2024-12|2025-01
0.2,2,PPI m/m|FOMC,Bad|Neutral,1,1,0,100.0,0.0,inf,2023-09
0.2,2,PPI m/m|FOMC,Neutral|Good,1,1,0,100.0,0.0,inf,2024-09
0.3,2,PPI m/m|FOMC,Good|Neutral,3,1,2,33.3,66.7,0.5,2023-03|2023-11|2024-06
0.3,2,PPI m/m|FOMC,Neutral|Neutral,9,9,0,100.0,0.0,inf,2023-05|2023-06|2023-07|2023-09|2024-07|2024-09|2024-11|2024-12|2025-01
0.0,2,PPI m/m|CPI y/y,Good|Neutral,12,9,3,75.0,25.0,3.0,2018-01|2018-05|2018-08|2019-01|2020-07|2021-01|2022-01|2022-03|2023-01|2023-03|2025-01|2025-09
0.0,2,PPI m/m|CPI y/y,Neutral|Bad,5,4,1,80.0,20.0,4.0,2018-02|2019-08|2021-11|2022-05|2022-06
0.0,2,PPI m/m|CPI y/y,Bad|Neutral,11,8,3,72.7,27.3,2.67,2018-07|2018-12|2020-10|2021-02|2021-03|2021-09|2021-12|2024-05|2024-09|2024-12|2026-01
0.0,2,PPI m/m|CPI y/y,Good|Good,13,10,3,76.9,23.1,3.33,2018-09|2020-05|2022-11|2023-04|2023-05|2023-06|2023-07|2023-11|2024-06|2024-08|2025-03|2025-05|2025-06
0.0,2,PPI m/m|CPI y/y,Neutral|Good,3,2,1,66.7,33.3,2.0,2018-10|2019-05|2019-06
0.0,2,PPI m/m|CPI y/y,Good|Bad,5,4,1,80.0,20.0,4.0,2019-02|2021-10|2024-01|2024-10|2025-07
0.0,2,PPI m/m|CPI y/y,Bad|Bad,16,9,7,56.2,43.8,1.29,2019-04|2020-02|2020-08|2020-09|2021-04|2021-05|2021-06|2021-07|2021-08|2022-02|2022-04|2023-02|2023-09|2024-02|2024-03|2025-02
0.0,2,PPI m/m|CPI y/y,Neutral|Neutral,3,2,1,66.7,33.3,2.0,2019-07|2020-12|2024-11
0.0,2,PPI m/m|CPI y/y,Bad|Good,8,7,1,87.5,12.5,7.0,2020-04|2020-06|2020-11|2022-12|2023-08|2024-07|2025-08|2026-02
0.1,2,PPI m/m|CPI y/y,Good|Neutral,14,11,3,78.6,21.4,3.67,2018-01|2018-08|2018-09|2020-07|2021-01|2022-01|2022-03|2023-01|2023-03|2023-04|2023-06|2023-11|2025-01|2025-09
0.1,2,PPI m/m|CPI y/y,Neutral|Bad,8,7,1,87.5,12.5,7.0,2018-02|2019-08|2020-09|2021-10|2021-11|2022-05|2022-06|2024-10
0.1,2,PPI m/m|CPI y/y,Neutral|Neutral,13,9,4,69.2,30.8,2.25,2018-05|2018-07|2018-12|2019-01|2019-06|2019-07|2020-12|2021-03|2021-09|2023-05|2023-08|2024-09|2024-11
0.1,2,PPI m/m|CPI y/y,Neutral|Good,9,8,1,88.9,11.1,8.0,2018-10|2019-05|2020-04|2020-11|2022-12|2023-07|2024-07|2024-08|2025-06
0.1,2,PPI m/m|CPI y/y,Good|Bad,3,2,1,66.7,33.3,2.0,2019-02|2024-01|2025-07
0.1,2,PPI m/m|CPI y/y,Bad|Neutral,9,6,3,66.7,33.3,2.0,2019-04|2020-10|2021-02|2021-12|2022-04|2024-05|2024-12|2025-08|2026-01
0.1,2,PPI m/m|CPI y/y,Bad|Bad,13,7,6,53.8,46.2,1.17,2020-02|2020-08|2021-04|2021-05|2021-06|2021-07|2021-08|2022-02|2023-02|2023-09|2024-02|2024-03|2025-02
0.1,2,PPI m/m|CPI y/y,Good|Good,5,3,2,60.0,40.0,1.5,2020-05|2022-11|2024-06|2025-03|2025-05
0.1,2,PPI m/m|CPI y/y,Bad|Good,2,2,0,100.0,0.0,inf,2020-06|2026-02
0.2,2,PPI m/m|CPI y/y,Good|Neutral,12,8,4,66.7,33.3,2.0,2018-01|2018-09|2020-05|2020-07|2023-01|2023-03|2023-04|2023-11|2024-06|2025-03|2025-05|2025-09
0.2,2,PPI m/m|CPI y/y,Neutral|Bad,5,3,2,60.0,40.0,1.5,2018-02|2021-11|2022-05|2022-06|2024-02
0.2,2,PPI m/m|CPI y/y,Neutral|Neutral,40,31,9,77.5,22.5,3.44,2018-05|2018-07|2018-08|2018-10|2018-12|2019-01|2019-02|2019-05|2019-06|2019-07|2019-08|2020-04|2020-09|2020-10|2020-11|2020-12|2021-01|2021-03|2021-09|2021-10|2022-01|2022-03|2023-05|2023-06|2023-07|2023-08|2024-01|2024-05|2024-07|2024-08|2024-09|2024-10|2024-11|2024-12|2025-01|2025-02|2025-06|2025-07|2026-01|2026-02
0.2,2,PPI m/m|CPI y/y,Bad|Neutral,11,8,3,72.7,27.3,2.67,2019-04|2020-02|2020-06|2021-02|2021-04|2021-08|2021-12|2022-04|2023-09|2024-03|2025-08
0.2,2,PPI m/m|CPI y/y,Bad|Bad,6,4,2,66.7,33.3,2.0,2020-08|2021-05|2021-06|2021-07|2022-02|2023-02
0.2,2,PPI m/m|CPI y/y,Neutral|Good,2,1,1,50.0,50.0,1.0,2022-11|2022-12
0.3,2,PPI m/m|CPI y/y,Good|Neutral,11,7,4,63.6,36.4,1.75,2018-01|2018-09|2020-05|2020-07|2023-01|2023-03|2023-04|2023-11|2024-06|2025-05|2025-09
0.3,2,PPI m/m|CPI y/y,Neutral|Neutral,53,39,14,73.6,26.4,2.79,2018-02|2018-05|2018-07|2018-08|2018-10|2018-12|2019-01|2019-02|2019-04|2019-05|2019-06|2019-07|2019-08|2020-04|2020-09|2020-10|2020-11|2020-12|2021-01|2021-03|2021-09|2021-10|2021-11|2022-01|2022-03|2022-04|2022-05|2022-06|2022-11|2022-12|2023-02|2023-05|2023-06|2023-07|2023-08|2023-09|2024-01|2024-02|2024-03|2024-05|2024-07|2024-08|2024-09|2024-10|2024-11|2024-12|2025-01|2025-02|2025-03|2025-06|2025-07|2026-01|2026-02
0.3,2,PPI m/m|CPI y/y,Bad|Neutral,9,7,2,77.8,22.2,3.5,2020-02|2020-06|2021-02|2021-04|2021-06|2021-08|2021-12|2022-02|2025-08
0.3,2,PPI m/m|CPI y/y,Neutral|Bad,2,2,0,100.0,0.0,inf,2020-08|2021-05
0.3,2,PPI m/m|CPI y/y,Bad|Bad,1,0,1,0.0,100.0,0.0,2021-07
0.0,2,Core PPI m/m|FOMC,Good|Neutral,5,3,2,60.0,40.0,1.5,2023-03|2023-07|2023-11|2024-06|2025-01
0.0,2,Core PPI m/m|FOMC,Neutral|Neutral,5,5,0,100.0,0.0,inf,2023-05|2023-06|2023-09|2024-11|2024-12
0.0,2,Core PPI m/m|FOMC,Bad|Neutral,1,1,0,100.0,0.0,inf,2024-07
0.0,2,Core PPI m/m|FOMC,Bad|Good,1,1,0,100.0,0.0,inf,2024-09
0.1,2,Core PPI m/m|FOMC,Good|Neutral,4,2,2,50.0,50.0,1.0,2023-03|2023-11|2024-06|2025-01
0.1,2,Core PPI m/m|FOMC,Neutral|Neutral,6,6,0,100.0,0.0,inf,2023-05|2023-06|2023-07|2023-09|2024-11|2024-12
0.1,2,Core PPI m/m|FOMC,Bad|Neutral,1,1,0,100.0,0.0,inf,2024-07
0.1,2,Core PPI m/m|FOMC,Neutral|Good,1,1,0,100.0,0.0,inf,2024-09
0.2,2,Core PPI m/m|FOMC,Good|Neutral,3,1,2,33.3,66.7,0.5,2023-03|2023-11|2024-06
0.2,2,Core PPI m/m|FOMC,Neutral|Neutral,8,8,0,100.0,0.0,inf,2023-05|2023-06|2023-07|2023-09|2024-07|2024-11|2024-12|2025-01
0.2,2,Core PPI m/m|FOMC,Neutral|Good,1,1,0,100.0,0.0,inf,2024-09
0.3,2,Core PPI m/m|FOMC,Good|Neutral,1,1,0,100.0,0.0,inf,2023-03
0.3,2,Core PPI m/m|FOMC,Neutral|Neutral,11,9,2,81.8,18.2,4.5,2023-05|2023-06|2023-07|2023-09|2023-11|2024-06|2024-07|2024-09|2024-11|2024-12|2025-01
0.0,2,Core PPI m/m|CPI y/y,Good|Neutral,9,8,1,88.9,11.1,8.0,2018-01|2018-08|2019-01|2020-07|2020-12|2022-03|2023-03|2025-01|2025-09
0.0,2,Core PPI m/m|CPI y/y,Bad|Bad,16,9,7,56.2,43.8,1.29,2018-02|2019-02|2019-04|2020-02|2020-08|2020-09|2021-04|2021-05|2021-06|2021-07|2021-08|2022-02|2022-04|2023-02|2024-02|2024-03
0.0,2,Core PPI m/m|CPI y/y,Neutral|Neutral,7,5,2,71.4,28.6,2.5,2018-05|2021-01|2021-03|2022-01|2023-01|2024-11|2024-12
0.0,2,Core PPI m/m|CPI y/y,Bad|Neutral,10,6,4,60.0,40.0,1.5,2018-07|2018-12|2019-07|2020-10|2021-02|2021-09|2021-12|2024-05|2024-09|2026-01
0.0,2,Core PPI m/m|CPI y/y,Good|Good,13,10,3,76.9,23.1,3.33,2018-09|2019-05|2020-05|2020-11|2022-11|2023-04|2023-07|2023-11|2024-06|2024-08|2025-03|2025-05|2025-06
0.0,2,Core PPI m/m|CPI y/y,Neutral|Good,5,4,1,80.0,20.0,4.0,2018-10|2019-06|2020-06|2023-05|2023-06
0.0,2,Core PPI m/m|CPI y/y,Good|Bad,7,6,1,85.7,14.3,6.0,2019-08|2021-10|2021-11|2022-05|2022-06|2024-01|2025-07
0.0,2,Core PPI m/m|CPI y/y,Bad|Good,6,5,1,83.3,16.7,5.0,2020-04|2022-12|2023-08|2024-07|2025-08|2026-02
0.0,2,Core PPI m/m|CPI y/y,Neutral|Bad,3,2,1,66.7,33.3,2.0,2023-09|2024-10|2025-02
0.1,2,Core PPI m/m|CPI y/y,Good|Neutral,10,9,1,90.0,10.0,9.0,2018-01|2018-09|2019-01|2020-07|2022-03|2023-03|2023-04|2023-11|2025-01|2025-09
0.1,2,Core PPI m/m|CPI y/y,Bad|Bad,12,8,4,66.7,33.3,2.0,2018-02|2020-02|2020-08|2020-09|2021-04|2021-05|2021-06|2021-07|2021-08|2022-02|2023-02|2024-02
0.1,2,Core PPI m/m|CPI y/y,Neutral|Neutral,18,12,6,66.7,33.3,2.0,2018-05|2018-07|2018-08|2019-04|2019-06|2019-07|2020-12|2021-01|2021-03|2021-09|2022-01|2023-01|2023-05|2023-06|2023-08|2024-09|2024-11|2024-12
0.1,2,Core PPI m/m|CPI y/y,Neutral|Good,5,5,0,100.0,0.0,inf,2018-10|2019-05|2020-06|2020-11|2023-07
0.1,2,Core PPI m/m|CPI y/y,Bad|Neutral,8,5,3,62.5,37.5,1.67,2018-12|2020-10|2021-02|2021-12|2022-04|2024-05|2025-08|2026-01
0.1,2,Core PPI m/m|CPI y/y,Neutral|Bad,7,4,3,57.1,42.9,1.33,2019-02|2021-11|2022-06|2023-09|2024-03|2024-10|2025-02
0.1,2,Core PPI m/m|CPI y/y,Good|Bad,5,4,1,80.0,20.0,4.0,2019-08|2021-10|2022-05|2024-01|2025-07
0.1,2,Core PPI m/m|CPI y/y,Bad|Good,4,3,1,75.0,25.0,3.0,2020-04|2022-12|2024-07|2026-02
0.1,2,Core PPI m/m|CPI y/y,Good|Good,7,5,2,71.4,28.6,2.5,2020-05|2022-11|2024-06|2024-08|2025-03|2025-05|2025-06
0.2,2,Core PPI m/m|CPI y/y,Good|Neutral,14,12,2,85.7,14.3,6.0,2018-01|2018-09|2019-01|2019-08|2020-07|2021-10|2022-03|2023-03|2023-04|2023-11|2024-06|2025-03|2025-05|2025-09
0.2,2,Core PPI m/m|CPI y/y,Neutral|Bad,6,5,1,83.3,16.7,5.0,2018-02|2021-06|2021-11|2022-05|2022-06|2023-02
0.2,2,Core PPI m/m|CPI y/y,Neutral|Neutral,40,28,12,70.0,30.0,2.33,2018-05|2018-07|2018-08|2018-10|2018-12|2019-02|2019-04|2019-05|2019-06|2019-07|2020-04|2020-05|2020-06|2020-09|2020-10|2020-11|2020-12|2021-01|2021-03|2021-09|2022-01|2023-01|2023-05|2023-06|2023-07|2023-08|2023-09|2024-01|2024-03|2024-07|2024-08|2024-09|2024-10|2024-11|2024-12|2025-01|2025-02|2025-06|2025-07|2026-01
0.2,2,Core PPI m/m|CPI y/y,Bad|Neutral,9,7,2,77.8,22.2,3.5,2020-02|2021-02|2021-04|2021-08|2021-12|2022-04|2024-05|2025-08|2026-02
0.2,2,Core PPI m/m|CPI y/y,Bad|Bad,5,2,3,40.0,60.0,0.67,2020-08|2021-05|2021-07|2022-02|2024-02
0.2,2,Core PPI m/m|CPI y/y,Good|Good,1,1,0,100.0,0.0,inf,2022-11
0.2,2,Core PPI m/m|CPI y/y,Neutral|Good,1,0,1,0.0,100.0,0.0,2022-12
0.3,2,Core PPI m/m|CPI y/y,Good|Neutral,11,11,0,100.0,0.0,inf,2018-01|2018-09|2019-01|2019-08|2020-07|2022-03|2023-03|2023-04|2025-03|2025-05|2025-09
0.3,2,Core PPI m/m|CPI y/y,Neutral|Neutral,54,37,17,68.5,31.5,2.18,2018-02|2018-05|2018-07|2018-08|2018-10|2018-12|2019-02|2019-04|2019-05|2019-06|2019-07|2020-02|2020-04|2020-05|2020-06|2020-09|2020-10|2020-11|2020-12|2021-01|2021-03|2021-06|2021-09|2021-10|2021-11|2021-12|2022-01|2022-05|2022-06|2022-11|2022-12|2023-01|2023-02|2023-05|2023-06|2023-07|2023-08|2023-09|2023-11|2024-01|2024-03|2024-05|2024-06|2024-07|2024-08|2024-09|2024-10|2024-11|2024-12|2025-01|2025-02|2025-06|2025-07|2026-01
0.3,2,Core PPI m/m|CPI y/y,Bad|Bad,2,1,1,50.0,50.0,1.0,2020-08|2021-07
0.3,2,Core PPI m/m|CPI y/y,Bad|Neutral,8,5,3,62.5,37.5,1.67,2021-02|2021-04|2021-08|2022-02|2022-04|2024-02|2025-08|2026-02
0.3,2,Core PPI m/m|CPI y/y,Neutral|Bad,1,1,0,100.0,0.0,inf,2021-05
0.0,2,FOMC|CPI y/y,Neutral|Neutral,4,4,0,100.0,0.0,inf,2023-03|2024-11|2024-12|2025-01
0.0,2,FOMC|CPI y/y,Neutral|Good,6,4,2,66.7,33.3,2.0,2023-05|2023-06|2023-07|2023-11|2024-06|2024-07
0.0,2,FOMC|CPI y/y,Neutral|Bad,1,1,0,100.0,0.0,inf,2023-09
0.0,2,FOMC|CPI y/y,Good|Neutral,1,1,0,100.0,0.0,inf,2024-09
0.1,2,FOMC|CPI y/y,Neutral|Neutral,7,6,1,85.7,14.3,6.0,2023-03|2023-05|2023-06|2023-11|2024-11|2024-12|2025-01
0.1,2,FOMC|CPI y/y,Neutral|Good,3,2,1,66.7,33.3,2.0,2023-07|2024-06|2024-07
0.1,2,FOMC|CPI y/y,Neutral|Bad,1,1,0,100.0,0.0,inf,2023-09
0.1,2,FOMC|CPI y/y,Good|Neutral,1,1,0,100.0,0.0,inf,2024-09
0.2,2,FOMC|CPI y/y,Neutral|Neutral,11,9,2,81.8,18.2,4.5,2023-03|2023-05|2023-06|2023-07|2023-09|2023-11|2024-06|2024-07|2024-11|2024-12|2025-01
0.2,2,FOMC|CPI y/y,Good|Neutral,1,1,0,100.0,0.0,inf,2024-09
0.3,2,FOMC|CPI y/y,Neutral|Neutral,12,10,2,83.3,16.7,5.0,2023-03|2023-05|2023-06|2023-07|2023-09|2023-11|2024-06|2024-07|2024-09|2024-11|2024-12|2025-01
0.0,3,CPI m/m|Core CPI m/m|PPI m/m,Neutral|Bad|Good,3,3,0,100.0,0.0,inf,2018-01|2023-03|2023-05
0.0,3,CPI m/m|Core CPI m/m|PPI m/m,Bad|Bad|Neutral,6,4,2,66.7,33.3,2.0,2018-02|2019-07|2020-12|2021-11|2022-05|2022-06
0.0,3,CPI m/m|Core CPI m/m|PPI m/m,Good|Good|Good,10,6,4,60.0,40.0,1.5,2018-05|2018-09|2020-05|2022-11|2023-07|2023-11|2024-06|2025-03|2025-05|2025-06
0.0,3,CPI m/m|Core CPI m/m|PPI m/m,Good|Neutral|Bad,4,2,2,50.0,50.0,1.0,2018-07|2020-02|2024-05|2026-02
0.0,3,CPI m/m|Core CPI m/m|PPI m/m,Neutral|Neutral|Good,6,4,2,66.7,33.3,2.0,2018-08|2019-01|2021-01|2022-03|2023-01|2024-08
0.0,3,CPI m/m|Core CPI m/m|PPI m/m,Good|Good|Neutral,2,2,0,100.0,0.0,inf,2018-10|2019-05
0.0,3,CPI m/m|Core CPI m/m|PPI m/m,Neutral|Neutral|Bad,6,5,1,83.3,16.7,5.0,2018-12|2020-10|2023-02|2023-08|2024-12|2025-08
0.0,3,CPI m/m|Core CPI m/m|PPI m/m,Good|Neutral|Good,3,2,1,66.7,33.3,2.0,2019-02|2023-04|2023-06
0.0,3,CPI m/m|Core CPI m/m|PPI m/m,Bad|Good|Bad,1,1,0,100.0,0.0,inf,2019-04
0.0,3,CPI m/m|Core CPI m/m|PPI m/m,Neutral|Good|Neutral,1,0,1,0.0,100.0,0.0,2019-06
0.0,3,CPI m/m|Core CPI m/m|PPI m/m,Neutral|Bad|Neutral,1,1,0,100.0,0.0,inf,2019-08
0.0,3,CPI m/m|Core CPI m/m|PPI m/m,Good|Good|Bad,6,5,1,83.3,16.7,5.0,2020-04|2020-06|2020-11|2021-09|2022-12|2024-07
0.0,3,CPI m/m|Core CPI m/m|PPI m/m,Bad|Bad|Good,3,3,0,100.0,0.0,inf,2020-07|2022-01|2024-10
0.0,3,CPI m/m|Core CPI m/m|PPI m/m,Bad|Bad|Bad,9,5,4,55.6,44.4,1.25,2020-08|2020-09|2021-04|2021-05|2021-06|2021-07|2022-02|2024-02|2025-02
0.0,3,CPI m/m|Core CPI m/m|PPI m/m,Neutral|Good|Bad,5,3,2,60.0,40.0,1.5,2021-02|2021-03|2021-08|2022-04|2026-01
0.0,3,CPI m/m|Core CPI m/m|PPI m/m,Bad|Neutral|Good,3,3,0,100.0,0.0,inf,2021-10|2024-01|2025-09
0.0,3,CPI m/m|Core CPI m/m|PPI m/m,Bad|Neutral|Bad,1,1,0,100.0,0.0,inf,2021-12
0.0,3,CPI m/m|Core CPI m/m|PPI m/m,Neutral|Bad|Bad,3,2,1,66.7,33.3,2.0,2023-09|2024-03|2024-09
0.0,3,CPI m/m|Core CPI m/m|PPI m/m,Neutral|Neutral|Neutral,1,1,0,100.0,0.0,inf,2024-11
0.0,3,CPI m/m|Core CPI m/m|PPI m/m,Neutral|Good|Good,2,2,0,100.0,0.0,inf,2025-01|2025-07
0.1,3,CPI m/m|Core CPI m/m|PPI m/m,Neutral|Neutral|Good,19,14,5,73.7,26.3,2.8,2018-01|2018-08|2018-09|2019-02|2020-07|2021-01|2022-01|2022-03|2023-01|2023-03|2023-04|2023-06|2023-11|2024-01|2024-06|2025-01|2025-03|2025-05|2025-07
0.1,3,CPI m/m|Core CPI m/m|PPI m/m,Bad|Neutral|Neutral,3,3,0,100.0,0.0,inf,2018-02|2021-10|2022-06
0.1,3,CPI m/m|Core CPI m/m|PPI m/m,Neutral|Neutral|Neutral,16,12,4,75.0,25.0,3.0,2018-05|2018-07|2018-10|2018-12|2019-01|2019-06|2019-07|2019-08|2020-12|2021-03|2023-07|2023-08|2024-08|2024-09|2024-10|2024-11
0.1,3,CPI m/m|Core CPI m/m|PPI m/m,Bad|Neutral|Bad,3,2,1,66.7,33.3,2.0,2019-04|2021-12|2022-02
0.1,3,CPI m/m|Core CPI m/m|PPI m/m,Good|Neutral|Neutral,3,2,1,66.7,33.3,2.0,2019-05|2022-12|2024-07
0.1,3,CPI m/m|Core CPI m/m|PPI m/m,Neutral|Neutral|Bad,10,7,3,70.0,30.0,2.33,2020-02|2020-06|2020-10|2021-04|2023-02|2023-09|2024-12|2025-08|2026-01|2026-02
0.1,3,CPI m/m|Core CPI m/m|PPI m/m,Good|Good|Neutral,2,2,0,100.0,0.0,inf,2020-04|2021-09
0.1,3,CPI m/m|Core CPI m/m|PPI m/m,Good|Good|Good,2,1,1,50.0,50.0,1.0,2020-05|2022-11
0.1,3,CPI m/m|Core CPI m/m|PPI m/m,Bad|Bad|Bad,5,3,2,60.0,40.0,1.5,2020-08|2021-05|2021-06|2021-07|2025-02
0.1,3,CPI m/m|Core CPI m/m|PPI m/m,Bad|Bad|Neutral,2,2,0,100.0,0.0,inf,2020-09|2021-11
0.1,3,CPI m/m|Core CPI m/m|PPI m/m,Neutral|Good|Neutral,2,2,0,100.0,0.0,inf,2020-11|2025-06
0.1,3,CPI m/m|Core CPI m/m|PPI m/m,Neutral|Good|Bad,3,2,1,66.7,33.3,2.0,2021-02|2021-08|2022-04
0.1,3,CPI m/m|Core CPI m/m|PPI m/m,Neutral|Bad|Neutral,2,1,1,50.0,50.0,1.0,2022-05|2023-05
0.1,3,CPI m/m|Core CPI m/m|PPI m/m,Neutral|Bad|Bad,2,0,2,0.0,100.0,0.0,2024-02|2024-03
0.1,3,CPI m/m|Core CPI m/m|PPI m/m,Good|Neutral|Bad,1,1,0,100.0,0.0,inf,2024-05
0.1,3,CPI m/m|Core CPI m/m|PPI m/m,Bad|Neutral|Good,1,1,0,100.0,0.0,inf,2025-09
0.2,3,CPI m/m|Core CPI m/m|PPI m/m,Neutral|Neutral|Good,12,8,4,66.7,33.3,2.0,2018-01|2018-09|2020-05|2020-07|2023-01|2023-03|2023-04|2023-11|2024-06|2025-03|2025-05|2025-09
0.2,3,CPI m/m|Core CPI m/m|PPI m/m,Neutral|Neutral|Neutral,45,33,12,73.3,26.7,2.75,2018-02|2018-05|2018-07|2018-08|2018-10|2018-12|2019-01|2019-02|2019-05|2019-06|2019-07|2019-08|2020-04|2020-09|2020-10|2020-11|2020-12|2021-01|2021-03|2021-09|2021-10|2022-01|2022-03|2022-05|2022-11|2022-12|2023-05|2023-06|2023-07|2023-08|2024-01|2024-02|2024-05|2024-07|2024-08|2024-09|2024-10|2024-11|2024-12|2025-01|2025-02|2025-06|2025-07|2026-01|2026-02
0.2,3,CPI m/m|Core CPI m/m|PPI m/m,Neutral|Neutral|Bad,14,10,4,71.4,28.6,2.5,2019-04|2020-02|2020-06|2021-02|2021-04|2021-06|2021-08|2021-12|2022-02|2022-04|2023-02|2023-09|2024-03|2025-08
0.2,3,CPI m/m|Core CPI m/m|PPI m/m,Bad|Bad|Bad,3,2,1,66.7,33.3,2.0,2020-08|2021-05|2021-07
0.2,3,CPI m/m|Core CPI m/m|PPI m/m,Bad|Neutral|Neutral,2,2,0,100.0,0.0,inf,2021-11|2022-06
0.3,3,CPI m/m|Core CPI m/m|PPI m/m,Neutral|Neutral|Good,11,7,4,63.6,36.4,1.75,2018-01|2018-09|2020-05|2020-07|2023-01|2023-03|2023-04|2023-11|2024-06|2025-05|2025-09
0.3,3,CPI m/m|Core CPI m/m|PPI m/m,Neutral|Neutral|Neutral,51,37,14,72.5,27.5,2.64,2018-02|2018-05|2018-07|2018-08|2018-10|2018-12|2019-01|2019-02|2019-04|2019-05|2019-06|2019-07|2019-08|2020-04|2020-09|2020-10|2020-11|2020-12|2021-01|2021-03|2021-09|2021-10|2022-01|2022-03|2022-04|2022-05|2022-11|2022-12|2023-02|2023-05|2023-06|2023-07|2023-08|2023-09|2024-01|2024-02|2024-03|2024-05|2024-07|2024-08|2024-09|2024-10|2024-11|2024-12|2025-01|2025-02|2025-03|2025-06|2025-07|2026-01|2026-02
0.3,3,CPI m/m|Core CPI m/m|PPI m/m,Neutral|Neutral|Bad,9,7,2,77.8,22.2,3.5,2020-02|2020-06|2021-02|2021-04|2021-06|2021-08|2021-12|2022-02|2025-08
0.3,3,CPI m/m|Core CPI m/m|PPI m/m,Neutral|Bad|Neutral,1,1,0,100.0,0.0,inf,2020-08
0.3,3,CPI m/m|Core CPI m/m|PPI m/m,Bad|Bad|Neutral,1,1,0,100.0,0.0,inf,2021-05
0.3,3,CPI m/m|Core CPI m/m|PPI m/m,Bad|Bad|Bad,1,0,1,0.0,100.0,0.0,2021-07
0.3,3,CPI m/m|Core CPI m/m|PPI m/m,Bad|Neutral|Neutral,2,2,0,100.0,0.0,inf,2021-11|2022-06
0.0,3,CPI m/m|Core CPI m/m|Core PPI m/m,Neutral|Bad|Good,3,3,0,100.0,0.0,inf,2018-01|2019-08|2023-03
0.0,3,CPI m/m|Core CPI m/m|Core PPI m/m,Bad|Bad|Bad,10,6,4,60.0,40.0,1.5,2018-02|2019-07|2020-08|2020-09|2021-04|2021-05|2021-06|2021-07|2022-02|2024-02
0.0,3,CPI m/m|Core CPI m/m|Core PPI m/m,Good|Good|Neutral,3,2,1,66.7,33.3,2.0,2018-05|2018-10|2020-06
0.0,3,CPI m/m|Core CPI m/m|Core PPI m/m,Good|Neutral|Bad,5,2,3,40.0,60.0,0.67,2018-07|2019-02|2020-02|2024-05|2026-02
0.0,3,CPI m/m|Core CPI m/m|Core PPI m/m,Neutral|Neutral|Good,4,3,1,75.0,25.0,3.0,2018-08|2019-01|2022-03|2024-08
0.0,3,CPI m/m|Core CPI m/m|Core PPI m/m,Good|Good|Good,11,8,3,72.7,27.3,2.67,2018-09|2019-05|2020-05|2020-11|2022-11|2023-07|2023-11|2024-06|2025-03|2025-05|2025-06
0.0,3,CPI m/m|Core CPI m/m|Core PPI m/m,Neutral|Neutral|Bad,5,4,1,80.0,20.0,4.0,2018-12|2020-10|2023-02|2023-08|2025-08
0.0,3,CPI m/m|Core CPI m/m|Core PPI m/m,Bad|Good|Bad,1,1,0,100.0,0.0,inf,2019-04
0.0,3,CPI m/m|Core CPI m/m|Core PPI m/m,Neutral|Good|Neutral,2,1,1,50.0,50.0,1.0,2019-06|2021-03
0.0,3,CPI m/m|Core CPI m/m|Core PPI m/m,Good|Good|Bad,4,3,1,75.0,25.0,3.0,2020-04|2021-09|2022-12|2024-07
0.0,3,CPI m/m|Core CPI m/m|Core PPI m/m,Bad|Bad|Good,5,4,1,80.0,20.0,4.0,2020-07|2020-12|2021-11|2022-05|2022-06
0.0,3,CPI m/m|Core CPI m/m|Core PPI m/m,Neutral|Neutral|Neutral,4,3,1,75.0,25.0,3.0,2021-01|2023-01|2024-11|2024-12
0.0,3,CPI m/m|Core CPI m/m|Core PPI m/m,Neutral|Good|Bad,4,2,2,50.0,50.0,1.0,2021-02|2021-08|2022-04|2026-01
0.0,3,CPI m/m|Core CPI m/m|Core PPI m/m,Bad|Neutral|Good,3,3,0,100.0,0.0,inf,2021-10|2024-01|2025-09
0.0,3,CPI m/m|Core CPI m/m|Core PPI m/m,Bad|Neutral|Bad,1,1,0,100.0,0.0,inf,2021-12
0.0,3,CPI m/m|Core CPI m/m|Core PPI m/m,Bad|Bad|Neutral,3,2,1,66.7,33.3,2.0,2022-01|2024-10|2025-02
0.0,3,CPI m/m|Core CPI m/m|Core PPI m/m,Good|Neutral|Good,1,1,0,100.0,0.0,inf,2023-04
0.0,3,CPI m/m|Core CPI m/m|Core PPI m/m,Neutral|Bad|Neutral,2,2,0,100.0,0.0,inf,2023-05|2023-09
0.0,3,CPI m/m|Core CPI m/m|Core PPI m/m,Good|Neutral|Neutral,1,1,0,100.0,0.0,inf,2023-06
0.0,3,CPI m/m|Core CPI m/m|Core PPI m/m,Neutral|Bad|Bad,2,1,1,50.0,50.0,1.0,2024-03|2024-09
0.0,3,CPI m/m|Core CPI m/m|Core PPI m/m,Neutral|Good|Good,2,2,0,100.0,0.0,inf,2025-01|2025-07
0.1,3,CPI m/m|Core CPI m/m|Core PPI m/m,Neutral|Neutral|Good,16,14,2,87.5,12.5,7.0,2018-01|2018-09|2019-01|2019-08|2020-07|2022-03|2023-03|2023-04|2023-11|2024-01|2024-06|2024-08|2025-01|2025-03|2025-05|2025-07
0.1,3,CPI m/m|Core CPI m/m|Core PPI m/m,Bad|Neutral|Bad,3,2,1,66.7,33.3,2.0,2018-02|2021-12|2022-02
0.1,3,CPI m/m|Core CPI m/m|Core PPI m/m,Neutral|Neutral|Neutral,21,14,7,66.7,33.3,2.0,2018-05|2018-07|2018-08|2018-10|2019-02|2019-06|2019-07|2020-06|2020-12|2021-01|2021-03|2022-01|2023-01|2023-06|2023-07|2023-08|2023-09|2024-09|2024-10|2024-11|2024-12
0.1,3,CPI m/m|Core CPI m/m|Core PPI m/m,Neutral|Neutral|Bad,8,5,3,62.5,37.5,1.67,2018-12|2020-02|2020-10|2021-04|2023-02|2025-08|2026-01|2026-02
0.1,3,CPI m/m|Core CPI m/m|Core PPI m/m,Bad|Neutral|Neutral,2,2,0,100.0,0.0,inf,2019-04|2022-06
0.1,3,CPI m/m|Core CPI m/m|Core PPI m/m,Good|Neutral|Neutral,1,1,0,100.0,0.0,inf,2019-05
0.1,3,CPI m/m|Core CPI m/m|Core PPI m/m,Good|Good|Bad,1,1,0,100.0,0.0,inf,2020-04
0.1,3,CPI m/m|Core CPI m/m|Core PPI m/m,Good|Good|Good,2,1,1,50.0,50.0,1.0,2020-05|2022-11
0.1,3,CPI m/m|Core CPI m/m|Core PPI m/m,Bad|Bad|Bad,5,4,1,80.0,20.0,4.0,2020-08|2020-09|2021-05|2021-06|2021-07
0.1,3,CPI m/m|Core CPI m/m|Core PPI m/m,Neutral|Good|Neutral,1,1,0,100.0,0.0,inf,2020-11
0.1,3,CPI m/m|Core CPI m/m|Core PPI m/m,Neutral|Good|Bad,3,2,1,66.7,33.3,2.0,2021-02|2021-08|2022-04
0.1,3,CPI m/m|Core CPI m/m|Core PPI m/m,Good|Good|Neutral,1,1,0,100.0,0.0,inf,2021-09
0.1,3,CPI m/m|Core CPI m/m|Core PPI m/m,Bad|Neutral|Good,2,2,0,100.0,0.0,inf,2021-10|2025-09
0.1,3,CPI m/m|Core CPI m/m|Core PPI m/m,Bad|Bad|Neutral,2,1,1,50.0,50.0,1.0,2021-11|2025-02
0.1,3,CPI m/m|Core CPI m/m|Core PPI m/m,Neutral|Bad|Good,1,0,1,0.0,100.0,0.0,2022-05
0.1,3,CPI m/m|Core CPI m/m|Core PPI m/m,Good|Neutral|Bad,3,2,1,66.7,33.3,2.0,2022-12|2024-05|2024-07
0.1,3,CPI m/m|Core CPI m/m|Core PPI m/m,Neutral|Bad|Neutral,2,1,1,50.0,50.0,1.0,2023-05|2024-03
0.1,3,CPI m/m|Core CPI m/m|Core PPI m/m,Neutral|Bad|Bad,1,0,1,0.0,100.0,0.0,2024-02
0.1,3,CPI m/m|Core CPI m/m|Core PPI m/m,Neutral|Good|Good,1,1,0,100.0,0.0,inf,2025-06
0.2,3,CPI m/m|Core CPI m/m|Core PPI m/m,Neutral|Neutral|Good,15,13,2,86.7,13.3,6.5,2018-01|2018-09|2019-01|2019-08|2020-07|2021-10|2022-03|2022-11|2023-03|2023-04|2023-11|2024-06|2025-03|2025-05|2025-09
0.2,3,CPI m/m|Core CPI m/m|Core PPI m/m,Neutral|Neutral|Neutral,45,31,14,68.9,31.1,2.21,2018-02|2018-05|2018-07|2018-08|2018-10|2018-12|2019-02|2019-04|2019-05|2019-06|2019-07|2020-04|2020-05|2020-06|2020-09|2020-10|2020-11|2020-12|2021-01|2021-03|2021-06|2021-09|2022-01|2022-05|2022-12|2023-01|2023-02|2023-05|2023-06|2023-07|2023-08|2023-09|2024-01|2024-03|2024-07|2024-08|2024-09|2024-10|2024-11|2024-12|2025-01|2025-02|2025-06|2025-07|2026-01
0.2,3,CPI m/m|Core CPI m/m|Core PPI m/m,Neutral|Neutral|Bad,11,7,4,63.6,36.4,1.75,2020-02|2021-02|2021-04|2021-08|2021-12|2022-02|2022-04|2024-02|2024-05|2025-08|2026-02
0.2,3,CPI m/m|Core CPI m/m|Core PPI m/m,Bad|Bad|Bad,3,2,1,66.7,33.3,2.0,2020-08|2021-05|2021-07
0.2,3,CPI m/m|Core CPI m/m|Core PPI m/m,Bad|Neutral|Neutral,2,2,0,100.0,0.0,inf,2021-11|2022-06
0.3,3,CPI m/m|Core CPI m/m|Core PPI m/m,Neutral|Neutral|Good,11,11,0,100.0,0.0,inf,2018-01|2018-09|2019-01|2019-08|2020-07|2022-03|2023-03|2023-04|2025-03|2025-05|2025-09
0.3,3,CPI m/m|Core CPI m/m|Core PPI m/m,Neutral|Neutral|Neutral,52,35,17,67.3,32.7,2.06,2018-02|2018-05|2018-07|2018-08|2018-10|2018-12|2019-02|2019-04|2019-05|2019-06|2019-07|2020-02|2020-04|2020-05|2020-06|2020-09|2020-10|2020-11|2020-12|2021-01|2021-03|2021-06|2021-09|2021-10|2021-12|2022-01|2022-05|2022-11|2022-12|2023-01|2023-02|2023-05|2023-06|2023-07|2023-08|2023-09|2023-11|2024-01|2024-03|2024-05|2024-06|2024-07|2024-08|2024-09|2024-10|2024-11|2024-12|2025-01|2025-02|2025-06|2025-07|2026-01
0.3,3,CPI m/m|Core CPI m/m|Core PPI m/m,Neutral|Bad|Bad,1,1,0,100.0,0.0,inf,2020-08
0.3,3,CPI m/m|Core CPI m/m|Core PPI m/m,Neutral|Neutral|Bad,8,5,3,62.5,37.5,1.67,2021-02|2021-04|2021-08|2022-02|2022-04|2024-02|2025-08|2026-02
0.3,3,CPI m/m|Core CPI m/m|Core PPI m/m,Bad|Bad|Neutral,1,1,0,100.0,0.0,inf,2021-05
0.3,3,CPI m/m|Core CPI m/m|Core PPI m/m,Bad|Bad|Bad,1,0,1,0.0,100.0,0.0,2021-07
0.3,3,CPI m/m|Core CPI m/m|Core PPI m/m,Bad|Neutral|Neutral,2,2,0,100.0,0.0,inf,2021-11|2022-06
0.0,3,CPI m/m|Core CPI m/m|FOMC,Neutral|Bad|Neutral,3,3,0,100.0,0.0,inf,2023-03|2023-05|2023-09
0.0,3,CPI m/m|Core CPI m/m|FOMC,Good|Neutral|Neutral,1,1,0,100.0,0.0,inf,2023-06
0.0,3,CPI m/m|Core CPI m/m|FOMC,Good|Good|Neutral,4,2,2,50.0,50.0,1.0,2023-07|2023-11|2024-06|2024-07
0.0,3,CPI m/m|Core CPI m/m|FOMC,Neutral|Bad|Good,1,1,0,100.0,0.0,inf,2024-09
0.0,3,CPI m/m|Core CPI m/m|FOMC,Neutral|Neutral|Neutral,2,2,0,100.0,0.0,inf,2024-11|2024-12
0.0,3,CPI m/m|Core CPI m/m|FOMC,Neutral|Good|Neutral,1,1,0,100.0,0.0,inf,2025-01
0.1,3,CPI m/m|Core CPI m/m|FOMC,Neutral|Neutral|Neutral,9,7,2,77.8,22.2,3.5,2023-03|2023-06|2023-07|2023-09|2023-11|2024-06|2024-11|2024-12|2025-01
0.1,3,CPI m/m|Core CPI m/m|FOMC,Neutral|Bad|Neutral,1,1,0,100.0,0.0,inf,2023-05
0.1,3,CPI m/m|Core CPI m/m|FOMC,Good|Neutral|Neutral,1,1,0,100.0,0.0,inf,2024-07
0.1,3,CPI m/m|Core CPI m/m|FOMC,Neutral|Neutral|Good,1,1,0,100.0,0.0,inf,2024-09
0.2,3,CPI m/m|Core CPI m/m|FOMC,Neutral|Neutral|Neutral,11,9,2,81.8,18.2,4.5,2023-03|2023-05|2023-06|2023-07|2023-09|2023-11|2024-06|2024-07|2024-11|2024-12|2025-01
0.2,3,CPI m/m|Core CPI m/m|FOMC,Neutral|Neutral|Good,1,1,0,100.0,0.0,inf,2024-09
0.3,3,CPI m/m|Core CPI m/m|FOMC,Neutral|Neutral|Neutral,12,10,2,83.3,16.7,5.0,2023-03|2023-05|2023-06|2023-07|2023-09|2023-11|2024-06|2024-07|2024-09|2024-11|2024-12|2025-01
0.0,3,CPI m/m|Core CPI m/m|CPI y/y,Neutral|Bad|Neutral,3,3,0,100.0,0.0,inf,2018-01|2023-03|2024-09
0.0,3,CPI m/m|Core CPI m/m|CPI y/y,Bad|Bad|Bad,14,9,5,64.3,35.7,1.8,2018-02|2020-08|2020-09|2021-04|2021-05|2021-06|2021-07|2021-11|2022-02|2022-05|2022-06|2024-02|2024-10|2025-02
0.0,3,CPI m/m|Core CPI m/m|CPI y/y,Good|Good|Neutral,2,1,1,50.0,50.0,1.0,2018-05|2021-09
0.0,3,CPI m/m|Core CPI m/m|CPI y/y,Good|Neutral|Neutral,2,1,1,50.0,50.0,1.0,2018-07|2024-05
0.0,3,CPI m/m|Core CPI m/m|CPI y/y,Neutral|Neutral|Neutral,9,6,3,66.7,33.3,2.0,2018-08|2018-12|2019-01|2020-10|2021-01|2022-03|2023-01|2024-11|2024-12
0.0,3,CPI m/m|Core CPI m/m|CPI y/y,Good|Good|Good,17,12,5,70.6,29.4,2.4,2018-09|2018-10|2019-05|2020-04|2020-05|2020-06|2020-11|2022-11|2022-12|2023-07|2023-11|2024-06|2024-07|2025-03|2025-05|2025-06|2025-10
0.0,3,CPI m/m|Core CPI m/m|CPI y/y,Good|Neutral|Bad,2,0,2,0.0,100.0,0.0,2019-02|2020-02
0.0,3,CPI m/m|Core CPI m/m|CPI y/y,Bad|Good|Bad,1,1,0,100.0,0.0,inf,2019-04
0.0,3,CPI m/m|Core CPI m/m|CPI y/y,Neutral|Good|Good,1,0,1,0.0,100.0,0.0,2019-06
0.0,3,CPI m/m|Core CPI m/m|CPI y/y,Bad|Bad|Neutral,4,3,1,75.0,25.0,3.0,2019-07|2020-07|2020-12|2022-01
0.0,3,CPI m/m|Core CPI m/m|CPI y/y,Neutral|Bad|Bad,3,2,1,66.7,33.3,2.0,2019-08|2023-09|2024-03
0.0,3,CPI m/m|Core CPI m/m|CPI y/y,Neutral|Good|Neutral,4,3,1,75.0,25.0,3.0,2021-02|2021-03|2025-01|2026-01
0.0,3,CPI m/m|Core CPI m/m|CPI y/y,Neutral|Good|Bad,3,2,1,66.7,33.3,2.0,2021-08|2022-04|2025-07
0.0,3,CPI m/m|Core CPI m/m|CPI y/y,Bad|Neutral|Bad,2,2,0,100.0,0.0,inf,2021-10|2024-01
0.0,3,CPI m/m|Core CPI m/m|CPI y/y,Bad|Neutral|Neutral,2,2,0,100.0,0.0,inf,2021-12|2025-09
0.0,3,CPI m/m|Core CPI m/m|CPI y/y,Neutral|Neutral|Bad,1,1,0,100.0,0.0,inf,2023-02
0.0,3,CPI m/m|Core CPI m/m|CPI y/y,Good|Neutral|Good,3,3,0,100.0,0.0,inf,2023-04|2023-06|2026-02
0.0,3,CPI m/m|Core CPI m/m|CPI y/y,Neutral|Bad|Good,1,1,0,100.0,0.0,inf,2023-05
0.0,3,CPI m/m|Core CPI m/m|CPI y/y,Neutral|Neutral|Good,3,3,0,100.0,0.0,inf,2023-08|2024-08|2025-08
0.1,3,CPI m/m|Core CPI m/m|CPI y/y,Neutral|Neutral|Neutral,28,19,9,67.9,32.1,2.11,2018-01|2018-05|2018-07|2018-08|2018-09|2018-12|2019-01|2019-06|2019-07|2020-07|2020-10|2020-12|2021-01|2021-03|2022-01|2022-03|2023-01|2023-03|2023-04|2023-06|2023-08|2023-11|2024-09|2024-11|2024-12|2025-01|2025-08|2026-01
0.1,3,CPI m/m|Core CPI m/m|CPI y/y,Bad|Neutral|Bad,4,3,1,75.0,25.0,3.0,2018-02|2021-10|2022-02|2022-06
0.1,3,CPI m/m|Core CPI m/m|CPI y/y,Neutral|Neutral|Good,8,7,1,87.5,12.5,7.0,2018-10|2020-06|2023-07|2024-06|2024-08|2025-03|2025-05|2026-02
0.1,3,CPI m/m|Core CPI m/m|CPI y/y,Neutral|Neutral|Bad,9,7,2,77.8,22.2,3.5,2019-02|2019-08|2020-02|2021-04|2023-02|2023-09|2024-01|2024-10|2025-07
0.1,3,CPI m/m|Core CPI m/m|CPI y/y,Bad|Neutral|Neutral,3,3,0,100.0,0.0,inf,2019-04|2021-12|2025-09
0.1,3,CPI m/m|Core CPI m/m|CPI y/y,Good|Neutral|Good,4,2,2,50.0,50.0,1.0,2019-05|2022-12|2024-07|2025-10
0.1,3,CPI m/m|Core CPI m/m|CPI y/y,Good|Good|Good,3,2,1,66.7,33.3,2.0,2020-04|2020-05|2022-11
0.1,3,CPI m/m|Core CPI m/m|CPI y/y,Bad|Bad|Bad,7,5,2,71.4,28.6,2.5,2020-08|2020-09|2021-05|2021-06|2021-07|2021-11|2025-02
0.1,3,CPI m/m|Core CPI m/m|CPI y/y,Neutral|Good|Good,2,2,0,100.0,0.0,inf,2020-11|2025-06
0.1,3,CPI m/m|Core CPI m/m|CPI y/y,Neutral|Good|Neutral,2,1,1,50.0,50.0,1.0,2021-02|2022-04
0.1,3,CPI m/m|Core CPI m/m|CPI y/y,Neutral|Good|Bad,1,1,0,100.0,0.0,inf,2021-08
0.1,3,CPI m/m|Core CPI m/m|CPI y/y,Good|Good|Neutral,1,1,0,100.0,0.0,inf,2021-09
0.1,3,CPI m/m|Core CPI m/m|CPI y/y,Neutral|Bad|Bad,3,0,3,0.0,100.0,0.0,2022-05|2024-02|2024-03
0.1,3,CPI m/m|Core CPI m/m|CPI y/y,Neutral|Bad|Neutral,1,1,0,100.0,0.0,inf,2023-05
0.1,3,CPI m/m|Core CPI m/m|CPI y/y,Good|Neutral|Neutral,1,1,0,100.0,0.0,inf,2024-05
0.2,3,CPI m/m|Core CPI m/m|CPI y/y,Neutral|Neutral|Neutral,64,47,17,73.4,26.6,2.76,2018-01|2018-05|2018-07|2018-08|2018-09|2018-10|2018-12|2019-01|2019-02|2019-04|2019-05|2019-06|2019-07|2019-08|2020-02|2020-04|2020-05|2020-06|2020-07|2020-09|2020-10|2020-11|2020-12|2021-01|2021-02|2021-03|2021-04|2021-08|2021-09|2021-10|2021-12|2022-01|2022-03|2022-04|2023-01|2023-03|2023-04|2023-05|2023-06|2023-07|2023-08|2023-09|2023-11|2024-01|2024-03|2024-05|2024-06|2024-07|2024-08|2024-09|2024-10|2024-11|2024-12|2025-01|2025-02|2025-03|2025-05|2025-06|2025-07|2025-08|2025-09|2025-10|2026-01|2026-02
0.2,3,CPI m/m|Core CPI m/m|CPI y/y,Neutral|Neutral|Bad,6,3,3,50.0,50.0,1.0,2018-02|2021-06|2022-02|2022-05|2023-02|2024-02
0.2,3,CPI m/m|Core CPI m/m|CPI y/y,Bad|Bad|Bad,3,2,1,66.7,33.3,2.0,2020-08|2021-05|2021-07
0.2,3,CPI m/m|Core CPI m/m|CPI y/y,Bad|Neutral|Bad,2,2,0,100.0,0.0,inf,2021-11|2022-06
0.2,3,CPI m/m|Core CPI m/m|CPI y/y,Neutral|Neutral|Good,2,1,1,50.0,50.0,1.0,2022-11|2022-12
0.3,3,CPI m/m|Core CPI m/m|CPI y/y,Neutral|Neutral|Neutral,72,51,21,70.8,29.2,2.43,2018-01|2018-02|2018-05|2018-07|2018-08|2018-09|2018-10|2018-12|2019-01|2019-02|2019-04|2019-05|2019-06|2019-07|2019-08|2020-02|2020-04|2020-05|2020-06|2020-07|2020-09|2020-10|2020-11|2020-12|2021-01|2021-02|2021-03|2021-04|2021-06|2021-08|2021-09|2021-10|2021-12|2022-01|2022-02|2022-03|2022-04|2022-05|2022-11|2022-12|2023-01|2023-02|2023-03|2023-04|2023-05|2023-06|2023-07|2023-08|2023-09|2023-11|2024-01|2024-02|2024-03|2024-05|2024-06|2024-07|2024-08|2024-09|2024-10|2024-11|2024-12|2025-01|2025-02|2025-03|2025-05|2025-06|2025-07|2025-08|2025-09|2025-10|2026-01|2026-02
0.3,3,CPI m/m|Core CPI m/m|CPI y/y,Neutral|Bad|Bad,1,1,0,100.0,0.0,inf,2020-08
0.3,3,CPI m/m|Core CPI m/m|CPI y/y,Bad|Bad|Bad,2,1,1,50.0,50.0,1.0,2021-05|2021-07
0.3,3,CPI m/m|Core CPI m/m|CPI y/y,Bad|Neutral|Neutral,2,2,0,100.0,0.0,inf,2021-11|2022-06
0.0,3,CPI m/m|PPI m/m|Core PPI m/m,Neutral|Good|Good,8,7,1,87.5,12.5,7.0,2018-01|2018-08|2019-01|2022-03|2023-03|2024-08|2025-01|2025-07
0.0,3,CPI m/m|PPI m/m|Core PPI m/m,Bad|Neutral|Bad,2,1,1,50.0,50.0,1.0,2018-02|2019-07
0.0,3,CPI m/m|PPI m/m|Core PPI m/m,Good|Good|Neutral,2,1,1,50.0,50.0,1.0,2018-05|2023-06
0.0,3,CPI m/m|PPI m/m|Core PPI m/m,Good|Bad|Bad,8,5,3,62.5,37.5,1.67,2018-07|2020-02|2020-04|2021-09|2022-12|2024-05|2024-07|2026-02
0.0,3,CPI m/m|PPI m/m|Core PPI m/m,Good|Good|Good,10,7,3,70.0,30.0,2.33,2018-09|2020-05|2022-11|2023-04|2023-07|2023-11|2024-06|2025-03|2025-05|2025-06
0.0,3,CPI m/m|PPI m/m|Core PPI m/m,Good|Neutral|Neutral,1,1,0,100.0,0.0,inf,2018-10
0.0,3,CPI m/m|PPI m/m|Core PPI m/m,Neutral|Bad|Bad,11,7,4,63.6,36.4,1.75,2018-12|2020-10|2021-02|2021-08|2022-04|2023-02|2023-08|2024-03|2024-09|2025-08|2026-01
0.0,3,CPI m/m|PPI m/m|Core PPI m/m,Good|Good|Bad,1,0,1,0.0,100.0,0.0,2019-02
0.0,3,CPI m/m|PPI m/m|Core PPI m/m,Bad|Bad|Bad,10,7,3,70.0,30.0,2.33,2019-04|2020-08|2020-09|2021-04|2021-05|2021-06|2021-07|2021-12|2022-02|2024-02
0.0,3,CPI m/m|PPI m/m|Core PPI m/m,Good|Neutral|Good,1,1,0,100.0,0.0,inf,2019-05
0.0,3,CPI m/m|PPI m/m|Core PPI m/m,Neutral|Neutral|Neutral,2,1,1,50.0,50.0,1.0,2019-06|2024-11
0.0,3,CPI m/m|PPI m/m|Core PPI m/m,Neutral|Neutral|Good,1,1,0,100.0,0.0,inf,2019-08
0.0,3,CPI m/m|PPI m/m|Core PPI m/m,Good|Bad|Neutral,1,1,0,100.0,0.0,inf,2020-06
0.0,3,CPI m/m|PPI m/m|Core PPI m/m,Bad|Good|Good,4,4,0,100.0,0.0,inf,2020-07|2021-10|2024-01|2025-09
0.0,3,CPI m/m|PPI m/m|Core PPI m/m,Good|Bad|Good,1,1,0,100.0,0.0,inf,2020-11
0.0,3,CPI m/m|PPI m/m|Core PPI m/m,Bad|Neutral|Good,4,3,1,75.0,25.0,3.0,2020-12|2021-11|2022-05|2022-06
0.0,3,CPI m/m|PPI m/m|Core PPI m/m,Neutral|Good|Neutral,3,2,1,66.7,33.3,2.0,2021-01|2023-01|2023-05
0.0,3,CPI m/m|PPI m/m|Core PPI m/m,Neutral|Bad|Neutral,3,3,0,100.0,0.0,inf,2021-03|2023-09|2024-12
0.0,3,CPI m/m|PPI m/m|Core PPI m/m,Bad|Good|Neutral,2,2,0,100.0,0.0,inf,2022-01|2024-10
0.0,3,CPI m/m|PPI m/m|Core PPI m/m,Bad|Bad|Neutral,1,0,1,0.0,100.0,0.0,2025-02
0.1,3,CPI m/m|PPI m/m|Core PPI m/m,Neutral|Good|Good,13,11,2,84.6,15.4,5.5,2018-01|2018-09|2020-07|2022-03|2023-03|2023-04|2023-11|2024-01|2024-06|2025-01|2025-03|2025-05|2025-07
0.1,3,CPI m/m|PPI m/m|Core PPI m/m,Bad|Neutral|Bad,2,2,0,100.0,0.0,inf,2018-02|2020-09
0.1,3,CPI m/m|PPI m/m|Core PPI m/m,Neutral|Neutral|Neutral,14,10,4,71.4,28.6,2.5,2018-05|2018-07|2018-10|2019-06|2019-07|2020-11|2020-12|2021-03|2023-05|2023-07|2023-08|2024-09|2024-10|2024-11
0.1,3,CPI m/m|PPI m/m|Core PPI m/m,Neutral|Good|Neutral,6,3,3,50.0,50.0,1.0,2018-08|2019-02|2021-01|2022-01|2023-01|2023-06
0.1,3,CPI m/m|PPI m/m|Core PPI m/m,Neutral|Neutral|Bad,1,1,0,100.0,0.0,inf,2018-12
0.1,3,CPI m/m|PPI m/m|Core PPI m/m,Neutral|Neutral|Good,5,4,1,80.0,20.0,4.0,2019-01|2019-08|2022-05|2024-08|2025-06
0.1,3,CPI m/m|PPI m/m|Core PPI m/m,Bad|Bad|Neutral,2,1,1,50.0,50.0,1.0,2019-04|2025-02
0.1,3,CPI m/m|PPI m/m|Core PPI m/m,Good|Neutral|Neutral,2,2,0,100.0,0.0,inf,2019-05|2021-09
0.1,3,CPI m/m|PPI m/m|Core PPI m/m,Neutral|Bad|Bad,11,6,5,54.5,45.5,1.2,2020-02|2020-10|2021-02|2021-04|2021-08|2022-04|2023-02|2024-02|2025-08|2026-01|2026-02
0.1,3,CPI m/m|PPI m/m|Core PPI m/m,Good|Neutral|Bad,3,2,1,66.7,33.3,2.0,2020-04|2022-12|2024-07
0.1,3,CPI m/m|PPI m/m|Core PPI m/m,Good|Good|Good,2,1,1,50.0,50.0,1.0,2020-05|2022-11
0.1,3,CPI m/m|PPI m/m|Core PPI m/m,Neutral|Bad|Neutral,4,3,1,75.0,25.0,3.0,2020-06|2023-09|2024-03|2024-12
0.1,3,CPI m/m|PPI m/m|Core PPI m/m,Bad|Bad|Bad,6,4,2,66.7,33.3,2.0,2020-08|2021-05|2021-06|2021-07|2021-12|2022-02
0.1,3,CPI m/m|PPI m/m|Core PPI m/m,Bad|Neutral|Good,1,1,0,100.0,0.0,inf,2021-10
0.1,3,CPI m/m|PPI m/m|Core PPI m/m,Bad|Neutral|Neutral,2,2,0,100.0,0.0,inf,2021-11|2022-06
0.1,3,CPI m/m|PPI m/m|Core PPI m/m,Good|Bad|Bad,1,1,0,100.0,0.0,inf,2024-05
0.1,3,CPI m/m|PPI m/m|Core PPI m/m,Bad|Good|Good,1,1,0,100.0,0.0,inf,2025-09
0.2,3,CPI m/m|PPI m/m|Core PPI m/m,Neutral|Good|Good,10,8,2,80.0,20.0,4.0,2018-01|2018-09|2020-07|2023-03|2023-04|2023-11|2024-06|2025-03|2025-05|2025-09
0.2,3,CPI m/m|PPI m/m|Core PPI m/m,Neutral|Neutral|Neutral,37,26,11,70.3,29.7,2.36,2018-02|2018-05|2018-07|2018-08|2018-10|2018-12|2019-02|2019-05|2019-06|2019-07|2020-04|2020-09|2020-10|2020-11|2020-12|2021-01|2021-03|2021-09|2022-01|2022-05|2022-12|2023-05|2023-06|2023-07|2023-08|2024-01|2024-07|2024-08|2024-09|2024-10|2024-11|2024-12|2025-01|2025-02|2025-06|2025-07|2026-01
0.2,3,CPI m/m|PPI m/m|Core PPI m/m,Neutral|Neutral|Good,5,5,0,100.0,0.0,inf,2019-01|2019-08|2021-10|2022-03|2022-11
0.2,3,CPI m/m|PPI m/m|Core PPI m/m,Neutral|Bad|Neutral,6,5,1,83.3,16.7,5.0,2019-04|2020-06|2021-06|2023-02|2023-09|2024-03
0.2,3,CPI m/m|PPI m/m|Core PPI m/m,Neutral|Bad|Bad,8,5,3,62.5,37.5,1.67,2020-02|2021-02|2021-04|2021-08|2021-12|2022-02|2022-04|2025-08
0.2,3,CPI m/m|PPI m/m|Core PPI m/m,Neutral|Good|Neutral,2,0,2,0.0,100.0,0.0,2020-05|2023-01
0.2,3,CPI m/m|PPI m/m|Core PPI m/m,Bad|Bad|Bad,3,2,1,66.7,33.3,2.0,2020-08|2021-05|2021-07
0.2,3,CPI m/m|PPI m/m|Core PPI m/m,Bad|Neutral|Neutral,2,2,0,100.0,0.0,inf,2021-11|2022-06
0.2,3,CPI m/m|PPI m/m|Core PPI m/m,Neutral|Neutral|Bad,3,2,1,66.7,33.3,2.0,2024-02|2024-05|2026-02
0.3,3,CPI m/m|PPI m/m|Core PPI m/m,Neutral|Good|Good,7,7,0,100.0,0.0,inf,2018-01|2018-09|2020-07|2023-03|2023-04|2025-05|2025-09
0.3,3,CPI m/m|PPI m/m|Core PPI m/m,Neutral|Neutral|Neutral,44,32,12,72.7,27.3,2.67,2018-02|2018-05|2018-07|2018-08|2018-10|2018-12|2019-02|2019-04|2019-05|2019-06|2019-07|2020-04|2020-09|2020-10|2020-11|2020-12|2021-01|2021-03|2021-09|2021-10|2022-01|2022-05|2022-11|2022-12|2023-02|2023-05|2023-06|2023-07|2023-08|2023-09|2024-01|2024-03|2024-05|2024-07|2024-08|2024-09|2024-10|2024-11|2024-12|2025-01|2025-02|2025-06|2025-07|2026-01
0.3,3,CPI m/m|PPI m/m|Core PPI m/m,Neutral|Neutral|Good,4,4,0,100.0,0.0,inf,2019-01|2019-08|2022-03|2025-03
0.3,3,CPI m/m|PPI m/m|Core PPI m/m,Neutral|Bad|Neutral,4,3,1,75.0,25.0,3.0,2020-02|2020-06|2021-06|2021-12
0.3,3,CPI m/m|PPI m/m|Core PPI m/m,Neutral|Good|Neutral,4,0,4,0.0,100.0,0.0,2020-05|2023-01|2023-11|2024-06
0.3,3,CPI m/m|PPI m/m|Core PPI m/m,Neutral|Neutral|Bad,4,2,2,50.0,50.0,1.0,2020-08|2022-04|2024-02|2026-02
0.3,3,CPI m/m|PPI m/m|Core PPI m/m,Neutral|Bad|Bad,5,4,1,80.0,20.0,4.0,2021-02|2021-04|2021-08|2022-02|2025-08
0.3,3,CPI m/m|PPI m/m|Core PPI m/m,Bad|Neutral|Neutral,3,3,0,100.0,0.0,inf,2021-05|2021-11|2022-06
0.3,3,CPI m/m|PPI m/m|Core PPI m/m,Bad|Bad|Bad,1,0,1,0.0,100.0,0.0,2021-07
0.0,3,CPI m/m|PPI m/m|FOMC,Neutral|Good|Neutral,3,3,0,100.0,0.0,inf,2023-03|2023-05|2025-01
0.0,3,CPI m/m|PPI m/m|FOMC,Good|Good|Neutral,4,2,2,50.0,50.0,1.0,2023-06|2023-07|2023-11|2024-06
0.0,3,CPI m/m|PPI m/m|FOMC,Neutral|Bad|Neutral,2,2,0,100.0,0.0,inf,2023-09|2024-12
0.0,3,CPI m/m|PPI m/m|FOMC,Good|Bad|Neutral,1,1,0,100.0,0.0,inf,2024-07
0.0,3,CPI m/m|PPI m/m|FOMC,Neutral|Bad|Good,1,1,0,100.0,0.0,inf,2024-09
0.0,3,CPI m/m|PPI m/m|FOMC,Neutral|Neutral|Neutral,1,1,0,100.0,0.0,inf,2024-11
0.1,3,CPI m/m|PPI m/m|FOMC,Neutral|Good|Neutral,5,3,2,60.0,40.0,1.5,2023-03|2023-06|2023-11|2024-06|2025-01
0.1,3,CPI m/m|PPI m/m|FOMC,Neutral|Neutral|Neutral,3,3,0,100.0,0.0,inf,2023-05|2023-07|2024-11
0.1,3,CPI m/m|PPI m/m|FOMC,Neutral|Bad|Neutral,2,2,0,100.0,0.0,inf,2023-09|2024-12
0.1,3,CPI m/m|PPI m/m|FOMC,Good|Neutral|Neutral,1,1,0,100.0,0.0,inf,2024-07
0.1,3,CPI m/m|PPI m/m|FOMC,Neutral|Neutral|Good,1,1,0,100.0,0.0,inf,2024-09
0.2,3,CPI m/m|PPI m/m|FOMC,Neutral|Good|Neutral,3,1,2,33.3,66.7,0.5,2023-03|2023-11|2024-06
0.2,3,CPI m/m|PPI m/m|FOMC,Neutral|Neutral|Neutral,7,7,0,100.0,0.0,inf,2023-05|2023-06|2023-07|2024-07|2024-11|2024-12|2025-01
0.2,3,CPI m/m|PPI m/m|FOMC,Neutral|Bad|Neutral,1,1,0,100.0,0.0,inf,2023-09
0.2,3,CPI m/m|PPI m/m|FOMC,Neutral|Neutral|Good,1,1,0,100.0,0.0,inf,2024-09
0.3,3,CPI m/m|PPI m/m|FOMC,Neutral|Good|Neutral,3,1,2,33.3,66.7,0.5,2023-03|2023-11|2024-06
0.3,3,CPI m/m|PPI m/m|FOMC,Neutral|Neutral|Neutral,9,9,0,100.0,0.0,inf,2023-05|2023-06|2023-07|2023-09|2024-07|2024-09|2024-11|2024-12|2025-01
0.0,3,CPI m/m|PPI m/m|CPI y/y,Neutral|Good|Neutral,8,6,2,75.0,25.0,3.0,2018-01|2018-08|2019-01|2021-01|2022-03|2023-01|2023-03|2025-01
0.0,3,CPI m/m|PPI m/m|CPI y/y,Bad|Neutral|Bad,4,3,1,75.0,25.0,3.0,2018-02|2021-11|2022-05|2022-06
0.0,3,CPI m/m|PPI m/m|CPI y/y,Good|Good|Neutral,1,0,1,0.0,100.0,0.0,2018-05
0.0,3,CPI m/m|PPI m/m|CPI y/y,Good|Bad|Neutral,3,2,1,66.7,33.3,2.0,2018-07|2021-09|2024-05
0.0,3,CPI m/m|PPI m/m|CPI y/y,Good|Good|Good,11,8,3,72.7,27.3,2.67,2018-09|2020-05|2022-11|2023-04|2023-06|2023-07|2023-11|2024-06|2025-03|2025-05|2025-06
0.0,3,CPI m/m|PPI m/m|CPI y/y,Good|Neutral|Good,2,2,0,100.0,0.0,inf,2018-10|2019-05
0.0,3,CPI m/m|PPI m/m|CPI y/y,Neutral|Bad|Neutral,7,5,2,71.4,28.6,2.5,2018-12|2020-10|2021-02|2021-03|2024-09|2024-12|2026-01
0.0,3,CPI m/m|PPI m/m|CPI y/y,Good|Good|Bad,1,0,1,0.0,100.0,0.0,2019-02
0.0,3,CPI m/m|PPI m/m|CPI y/y,Bad|Bad|Bad,10,6,4,60.0,40.0,1.5,2019-04|2020-08|2020-09|2021-04|2021-05|2021-06|2021-07|2022-02|2024-02|2025-02
0.0,3,CPI m/m|PPI m/m|CPI y/y,Neutral|Neutral|Good,1,0,1,0.0,100.0,0.0,2019-06
0.0,3,CPI m/m|PPI m/m|CPI y/y,Bad|Neutral|Neutral,2,1,1,50.0,50.0,1.0,2019-07|2020-12
0.0,3,CPI m/m|PPI m/m|CPI y/y,Neutral|Neutral|Bad,1,1,0,100.0,0.0,inf,2019-08
0.0,3,CPI m/m|PPI m/m|CPI y/y,Good|Bad|Bad,1,0,1,0.0,100.0,0.0,2020-02
0.0,3,CPI m/m|PPI m/m|CPI y/y,Good|Bad|Good,6,5,1,83.3,16.7,5.0,2020-04|2020-06|2020-11|2022-12|2024-07|2026-02
0.0,3,CPI m/m|PPI m/m|CPI y/y,Bad|Good|Neutral,3,3,0,100.0,0.0,inf,2020-07|2022-01|2025-09
0.0,3,CPI m/m|PPI m/m|CPI y/y,Neutral|Bad|Bad,5,3,2,60.0,40.0,1.5,2021-08|2022-04|2023-02|2023-09|2024-03
0.0,3,CPI m/m|PPI m/m|CPI y/y,Bad|Good|Bad,3,3,0,100.0,0.0,inf,2021-10|2024-01|2024-10
0.0,3,CPI m/m|PPI m/m|CPI y/y,Bad|Bad|Neutral,1,1,0,100.0,0.0,inf,2021-12
0.0,3,CPI m/m|PPI m/m|CPI y/y,Neutral|Good|Good,2,2,0,100.0,0.0,inf,2023-05|2024-08
0.0,3,CPI m/m|PPI m/m|CPI y/y,Neutral|Bad|Good,2,2,0,100.0,0.0,inf,2023-08|2025-08
0.0,3,CPI m/m|PPI m/m|CPI y/y,Neutral|Neutral|Neutral,1,1,0,100.0,0.0,inf,2024-11
0.0,3,CPI m/m|PPI m/m|CPI y/y,Neutral|Good|Bad,1,1,0,100.0,0.0,inf,2025-07
0.1,3,CPI m/m|PPI m/m|CPI y/y,Neutral|Good|Neutral,13,10,3,76.9,23.1,3.33,2018-01|2018-08|2018-09|2020-07|2021-01|2022-01|2022-03|2023-01|2023-03|2023-04|2023-06|2023-11|2025-01
0.1,3,CPI m/m|PPI m/m|CPI y/y,Bad|Neutral|Bad,5,5,0,100.0,0.0,inf,2018-02|2020-09|2021-10|2021-11|2022-06
0.1,3,CPI m/m|PPI m/m|CPI y/y,Neutral|Neutral|Neutral,12,8,4,66.7,33.3,2.0,2018-05|2018-07|2018-12|2019-01|2019-06|2019-07|2020-12|2021-03|2023-05|2023-08|2024-09|2024-11
0.1,3,CPI m/m|PPI m/m|CPI y/y,Neutral|Neutral|Good,5,5,0,100.0,0.0,inf,2018-10|2020-11|2023-07|2024-08|2025-06
0.1,3,CPI m/m|PPI m/m|CPI y/y,Neutral|Good|Bad,3,2,1,66.7,33.3,2.0,2019-02|2024-01|2025-07
0.1,3,CPI m/m|PPI m/m|CPI y/y,Bad|Bad|Neutral,2,2,0,100.0,0.0,inf,2019-04|2021-12
0.1,3,CPI m/m|PPI m/m|CPI y/y,Good|Neutral|Good,4,3,1,75.0,25.0,3.0,2019-05|2020-04|2022-12|2024-07
0.1,3,CPI m/m|PPI m/m|CPI y/y,Neutral|Neutral|Bad,3,2,1,66.7,33.3,2.0,2019-08|2022-05|2024-10
0.1,3,CPI m/m|PPI m/m|CPI y/y,Neutral|Bad|Bad,7,4,3,57.1,42.9,1.33,2020-02|2021-04|2021-08|2023-02|2023-09|2024-02|2024-03
0.1,3,CPI m/m|PPI m/m|CPI y/y,Good|Good|Good,2,1,1,50.0,50.0,1.0,2020-05|2022-11
0.1,3,CPI m/m|PPI m/m|CPI y/y,Neutral|Bad|Good,2,2,0,100.0,0.0,inf,2020-06|2026-02
0.1,3,CPI m/m|PPI m/m|CPI y/y,Bad|Bad|Bad,6,3,3,50.0,50.0,1.0,2020-08|2021-05|2021-06|2021-07|2022-02|2025-02
0.1,3,CPI m/m|PPI m/m|CPI y/y,Neutral|Bad|Neutral,6,3,3,50.0,50.0,1.0,2020-10|2021-02|2022-04|2024-12|2025-08|2026-01
0.1,3,CPI m/m|PPI m/m|CPI y/y,Good|Neutral|Neutral,1,1,0,100.0,0.0,inf,2021-09
0.1,3,CPI m/m|PPI m/m|CPI y/y,Good|Bad|Neutral,1,1,0,100.0,0.0,inf,2024-05
0.1,3,CPI m/m|PPI m/m|CPI y/y,Neutral|Good|Good,3,2,1,66.7,33.3,2.0,2024-06|2025-03|2025-05
0.1,3,CPI m/m|PPI m/m|CPI y/y,Bad|Good|Neutral,1,1,0,100.0,0.0,inf,2025-09
0.2,3,CPI m/m|PPI m/m|CPI y/y,Neutral|Good|Neutral,12,8,4,66.7,33.3,2.0,2018-01|2018-09|2020-05|2020-07|2023-01|2023-03|2023-04|2023-11|2024-06|2025-03|2025-05|2025-09
0.2,3,CPI m/m|PPI m/m|CPI y/y,Neutral|Neutral|Bad,3,1,2,33.3,66.7,0.5,2018-02|2022-05|2024-02
0.2,3,CPI m/m|PPI m/m|CPI y/y,Neutral|Neutral|Neutral,40,31,9,77.5,22.5,3.44,2018-05|2018-07|2018-08|2018-10|2018-12|2019-01|2019-02|2019-05|2019-06|2019-07|2019-08|2020-04|2020-09|2020-10|2020-11|2020-12|2021-01|2021-03|2021-09|2021-10|2022-01|2022-03|2023-05|2023-06|2023-07|2023-08|2024-01|2024-05|2024-07|2024-08|2024-09|2024-10|2024-11|2024-12|2025-01|2025-02|2025-06|2025-07|2026-01|2026-02
0.2,3,CPI m/m|PPI m/m|CPI y/y,Neutral|Bad|Neutral,11,8,3,72.7,27.3,2.67,2019-04|2020-02|2020-06|2021-02|2021-04|2021-08|2021-12|2022-04|2023-09|2024-03|2025-08
0.2,3,CPI m/m|PPI m/m|CPI y/y,Bad|Bad|Bad,3,2,1,66.7,33.3,2.0,2020-08|2021-05|2021-07
0.2,3,CPI m/m|PPI m/m|CPI y/y,Neutral|Bad|Bad,3,2,1,66.7,33.3,2.0,2021-06|2022-02|2023-02
0.2,3,CPI m/m|PPI m/m|CPI y/y,Bad|Neutral|Bad,2,2,0,100.0,0.0,inf,2021-11|2022-06
0.2,3,CPI m/m|PPI m/m|CPI y/y,Neutral|Neutral|Good,2,1,1,50.0,50.0,1.0,2022-11|2022-12
0.3,3,CPI m/m|PPI m/m|CPI y/y,Neutral|Good|Neutral,11,7,4,63.6,36.4,1.75,2018-01|2018-09|2020-05|2020-07|2023-01|2023-03|2023-04|2023-11|2024-06|2025-05|2025-09
0.3,3,CPI m/m|PPI m/m|CPI y/y,Neutral|Neutral|Neutral,51,37,14,72.5,27.5,2.64,2018-02|2018-05|2018-07|2018-08|2018-10|2018-12|2019-01|2019-02|2019-04|2019-05|2019-06|2019-07|2019-08|2020-04|2020-09|2020-10|2020-11|2020-12|2021-01|2021-03|2021-09|2021-10|2022-01|2022-03|2022-04|2022-05|2022-11|2022-12|2023-02|2023-05|2023-06|2023-07|2023-08|2023-09|2024-01|2024-02|2024-03|2024-05|2024-07|2024-08|2024-09|2024-10|2024-11|2024-12|2025-01|2025-02|2025-03|2025-06|2025-07|2026-01|2026-02
0.3,3,CPI m/m|PPI m/m|CPI y/y,Neutral|Bad|Neutral,9,7,2,77.8,22.2,3.5,2020-02|2020-06|2021-02|2021-04|2021-06|2021-08|2021-12|2022-02|2025-08
0.3,3,CPI m/m|PPI m/m|CPI y/y,Neutral|Neutral|Bad,1,1,0,100.0,0.0,inf,2020-08
0.3,3,CPI m/m|PPI m/m|CPI y/y,Bad|Neutral|Bad,1,1,0,100.0,0.0,inf,2021-05
0.3,3,CPI m/m|PPI m/m|CPI y/y,Bad|Bad|Bad,1,0,1,0.0,100.0,0.0,2021-07
0.3,3,CPI m/m|PPI m/m|CPI y/y,Bad|Neutral|Neutral,2,2,0,100.0,0.0,inf,2021-11|2022-06
0.0,3,CPI m/m|Core PPI m/m|FOMC,Neutral|Good|Neutral,2,2,0,100.0,0.0,inf,2023-03|2025-01
0.0,3,CPI m/m|Core PPI m/m|FOMC,Neutral|Neutral|Neutral,4,4,0,100.0,0.0,inf,2023-05|2023-09|2024-11|2024-12
0.0,3,CPI m/m|Core PPI m/m|FOMC,Good|Neutral|Neutral,1,1,0,100.0,0.0,inf,2023-06
0.0,3,CPI m/m|Core PPI m/m|FOMC,Good|Good|Neutral,3,1,2,33.3,66.7,0.5,2023-07|2023-11|2024-06
0.0,3,CPI m/m|Core PPI m/m|FOMC,Good|Bad|Neutral,1,1,0,100.0,0.0,inf,2024-07
0.0,3,CPI m/m|Core PPI m/m|FOMC,Neutral|Bad|Good,1,1,0,100.0,0.0,inf,2024-09
0.1,3,CPI m/m|Core PPI m/m|FOMC,Neutral|Good|Neutral,4,2,2,50.0,50.0,1.0,2023-03|2023-11|2024-06|2025-01
0.1,3,CPI m/m|Core PPI m/m|FOMC,Neutral|Neutral|Neutral,6,6,0,100.0,0.0,inf,2023-05|2023-06|2023-07|2023-09|2024-11|2024-12
0.1,3,CPI m/m|Core PPI m/m|FOMC,Good|Bad|Neutral,1,1,0,100.0,0.0,inf,2024-07
0.1,3,CPI m/m|Core PPI m/m|FOMC,Neutral|Neutral|Good,1,1,0,100.0,0.0,inf,2024-09
0.2,3,CPI m/m|Core PPI m/m|FOMC,Neutral|Good|Neutral,3,1,2,33.3,66.7,0.5,2023-03|2023-11|2024-06
0.2,3,CPI m/m|Core PPI m/m|FOMC,Neutral|Neutral|Neutral,8,8,0,100.0,0.0,inf,2023-05|2023-06|2023-07|2023-09|2024-07|2024-11|2024-12|2025-01
0.2,3,CPI m/m|Core PPI m/m|FOMC,Neutral|Neutral|Good,1,1,0,100.0,0.0,inf,2024-09
0.3,3,CPI m/m|Core PPI m/m|FOMC,Neutral|Good|Neutral,1,1,0,100.0,0.0,inf,2023-03
0.3,3,CPI m/m|Core PPI m/m|FOMC,Neutral|Neutral|Neutral,11,9,2,81.8,18.2,4.5,2023-05|2023-06|2023-07|2023-09|2023-11|2024-06|2024-07|2024-09|2024-11|2024-12|2025-01
0.0,3,CPI m/m|Core PPI m/m|CPI y/y,Neutral|Good|Neutral,6,5,1,83.3,16.7,5.0,2018-01|2018-08|2019-01|2022-03|2023-03|2025-01
0.0,3,CPI m/m|Core PPI m/m|CPI y/y,Bad|Bad|Bad,10,7,3,70.0,30.0,2.33,2018-02|2019-04|2020-08|2020-09|2021-04|2021-05|2021-06|2021-07|2022-02|2024-02
0.0,3,CPI m/m|Core PPI m/m|CPI y/y,Good|Neutral|Neutral,1,0,1,0.0,100.0,0.0,2018-05
0.0,3,CPI m/m|Core PPI m/m|CPI y/y,Good|Bad|Neutral,3,2,1,66.7,33.3,2.0,2018-07|2021-09|2024-05
0.0,3,CPI m/m|Core PPI m/m|CPI y/y,Good|Good|Good,12,9,3,75.0,25.0,3.0,2018-09|2019-05|2020-05|2020-11|2022-11|2023-04|2023-07|2023-11|2024-06|2025-03|2025-05|2025-06
0.0,3,CPI m/m|Core PPI m/m|CPI y/y,Good|Neutral|Good,3,3,0,100.0,0.0,inf,2018-10|2020-06|2023-06
0.0,3,CPI m/m|Core PPI m/m|CPI y/y,Neutral|Bad|Neutral,5,3,2,60.0,40.0,1.5,2018-12|2020-10|2021-02|2024-09|2026-01
0.0,3,CPI m/m|Core PPI m/m|CPI y/y,Good|Bad|Bad,2,0,2,0.0,100.0,0.0,2019-02|2020-02
0.0,3,CPI m/m|Core PPI m/m|CPI y/y,Neutral|Neutral|Good,2,1,1,50.0,50.0,1.0,2019-06|2023-05
0.0,3,CPI m/m|Core PPI m/m|CPI y/y,Bad|Bad|Neutral,2,1,1,50.0,50.0,1.0,2019-07|2021-12
0.0,3,CPI m/m|Core PPI m/m|CPI y/y,Neutral|Good|Bad,2,2,0,100.0,0.0,inf,2019-08|2025-07
0.0,3,CPI m/m|Core PPI m/m|CPI y/y,Good|Bad|Good,4,3,1,75.0,25.0,3.0,2020-04|2022-12|2024-07|2026-02
0.0,3,CPI m/m|Core PPI m/m|CPI y/y,Bad|Good|Neutral,3,3,0,100.0,0.0,inf,2020-07|2020-12|2025-09
0.0,3,CPI m/m|Core PPI m/m|CPI y/y,Neutral|Neutral|Neutral,5,4,1,80.0,20.0,4.0,2021-01|2021-03|2023-01|2024-11|2024-12
0.0,3,CPI m/m|Core PPI m/m|CPI y/y,Neutral|Bad|Bad,4,2,2,50.0,50.0,1.0,2021-08|2022-04|2023-02|2024-03
0.0,3,CPI m/m|Core PPI m/m|CPI y/y,Bad|Good|Bad,5,4,1,80.0,20.0,4.0,2021-10|2021-11|2022-05|2022-06|2024-01
0.0,3,CPI m/m|Core PPI m/m|CPI y/y,Bad|Neutral|Neutral,1,1,0,100.0,0.0,inf,2022-01
0.0,3,CPI m/m|Core PPI m/m|CPI y/y,Neutral|Bad|Good,2,2,0,100.0,0.0,inf,2023-08|2025-08
0.0,3,CPI m/m|Core PPI m/m|CPI y/y,Neutral|Neutral|Bad,1,1,0,100.0,0.0,inf,2023-09
0.0,3,CPI m/m|Core PPI m/m|CPI y/y,Neutral|Good|Good,1,1,0,100.0,0.0,inf,2024-08
0.0,3,CPI m/m|Core PPI m/m|CPI y/y,Bad|Neutral|Bad,2,1,1,50.0,50.0,1.0,2024-10|2025-02
0.1,3,CPI m/m|Core PPI m/m|CPI y/y,Neutral|Good|Neutral,9,8,1,88.9,11.1,8.0,2018-01|2018-09|2019-01|2020-07|2022-03|2023-03|2023-04|2023-11|2025-01
0.1,3,CPI m/m|Core PPI m/m|CPI y/y,Bad|Bad|Bad,7,5,2,71.4,28.6,2.5,2018-02|2020-08|2020-09|2021-05|2021-06|2021-07|2022-02
0.1,3,CPI m/m|Core PPI m/m|CPI y/y,Neutral|Neutral|Neutral,16,10,6,62.5,37.5,1.67,2018-05|2018-07|2018-08|2019-06|2019-07|2020-12|2021-01|2021-03|2022-01|2023-01|2023-05|2023-06|2023-08|2024-09|2024-11|2024-12
0.1,3,CPI m/m|Core PPI m/m|CPI y/y,Neutral|Neutral|Good,4,4,0,100.0,0.0,inf,2018-10|2020-06|2020-11|2023-07
0.1,3,CPI m/m|Core PPI m/m|CPI y/y,Neutral|Bad|Neutral,6,3,3,50.0,50.0,1.0,2018-12|2020-10|2021-02|2022-04|2025-08|2026-01
0.1,3,CPI m/m|Core PPI m/m|CPI y/y,Neutral|Neutral|Bad,4,2,2,50.0,50.0,1.0,2019-02|2023-09|2024-03|2024-10
0.1,3,CPI m/m|Core PPI m/m|CPI y/y,Bad|Neutral|Neutral,1,1,0,100.0,0.0,inf,2019-04
0.1,3,CPI m/m|Core PPI m/m|CPI y/y,Good|Neutral|Good,1,1,0,100.0,0.0,inf,2019-05
0.1,3,CPI m/m|Core PPI m/m|CPI y/y,Neutral|Good|Bad,4,3,1,75.0,25.0,3.0,2019-08|2022-05|2024-01|2025-07
0.1,3,CPI m/m|Core PPI m/m|CPI y/y,Neutral|Bad|Bad,5,3,2,60.0,40.0,1.5,2020-02|2021-04|2021-08|2023-02|2024-02
0.1,3,CPI m/m|Core PPI m/m|CPI y/y,Good|Bad|Good,3,2,1,66.7,33.3,2.0,2020-04|2022-12|2024-07
0.1,3,CPI m/m|Core PPI m/m|CPI y/y,Good|Good|Good,2,1,1,50.0,50.0,1.0,2020-05|2022-11
0.1,3,CPI m/m|Core PPI m/m|CPI y/y,Good|Neutral|Neutral,1,1,0,100.0,0.0,inf,2021-09
0.1,3,CPI m/m|Core PPI m/m|CPI y/y,Bad|Good|Bad,1,1,0,100.0,0.0,inf,2021-10
0.1,3,CPI m/m|Core PPI m/m|CPI y/y,Bad|Neutral|Bad,3,2,1,66.7,33.3,2.0,2021-11|2022-06|2025-02
0.1,3,CPI m/m|Core PPI m/m|CPI y/y,Bad|Bad|Neutral,1,1,0,100.0,0.0,inf,2021-12
0.1,3,CPI m/m|Core PPI m/m|CPI y/y,Good|Bad|Neutral,1,1,0,100.0,0.0,inf,2024-05
0.1,3,CPI m/m|Core PPI m/m|CPI y/y,Neutral|Good|Good,5,4,1,80.0,20.0,4.0,2024-06|2024-08|2025-03|2025-05|2025-06
0.1,3,CPI m/m|Core PPI m/m|CPI y/y,Bad|Good|Neutral,1,1,0,100.0,0.0,inf,2025-09
0.1,3,CPI m/m|Core PPI m/m|CPI y/y,Neutral|Bad|Good,1,1,0,100.0,0.0,inf,2026-02
0.2,3,CPI m/m|Core PPI m/m|CPI y/y,Neutral|Good|Neutral,14,12,2,85.7,14.3,6.0,2018-01|2018-09|2019-01|2019-08|2020-07|2021-10|2022-03|2023-03|2023-04|2023-11|2024-06|2025-03|2025-05|2025-09
0.2,3,CPI m/m|Core PPI m/m|CPI y/y,Neutral|Neutral|Bad,4,3,1,75.0,25.0,3.0,2018-02|2021-06|2022-05|2023-02
0.2,3,CPI m/m|Core PPI m/m|CPI y/y,Neutral|Neutral|Neutral,40,28,12,70.0,30.0,2.33,2018-05|2018-07|2018-08|2018-10|2018-12|2019-02|2019-04|2019-05|2019-06|2019-07|2020-04|2020-05|2020-06|2020-09|2020-10|2020-11|2020-12|2021-01|2021-03|2021-09|2022-01|2023-01|2023-05|2023-06|2023-07|2023-08|2023-09|2024-01|2024-03|2024-07|2024-08|2024-09|2024-10|2024-11|2024-12|2025-01|2025-02|2025-06|2025-07|2026-01
0.2,3,CPI m/m|Core PPI m/m|CPI y/y,Neutral|Bad|Neutral,9,7,2,77.8,22.2,3.5,2020-02|2021-02|2021-04|2021-08|2021-12|2022-04|2024-05|2025-08|2026-02
0.2,3,CPI m/m|Core PPI m/m|CPI y/y,Bad|Bad|Bad,3,2,1,66.7,33.3,2.0,2020-08|2021-05|2021-07
0.2,3,CPI m/m|Core PPI m/m|CPI y/y,Bad|Neutral|Bad,2,2,0,100.0,0.0,inf,2021-11|2022-06
0.2,3,CPI m/m|Core PPI m/m|CPI y/y,Neutral|Bad|Bad,2,0,2,0.0,100.0,0.0,2022-02|2024-02
0.2,3,CPI m/m|Core PPI m/m|CPI y/y,Neutral|Good|Good,1,1,0,100.0,0.0,inf,2022-11
0.2,3,CPI m/m|Core PPI m/m|CPI y/y,Neutral|Neutral|Good,1,0,1,0.0,100.0,0.0,2022-12
0.3,3,CPI m/m|Core PPI m/m|CPI y/y,Neutral|Good|Neutral,11,11,0,100.0,0.0,inf,2018-01|2018-09|2019-01|2019-08|2020-07|2022-03|2023-03|2023-04|2025-03|2025-05|2025-09
0.3,3,CPI m/m|Core PPI m/m|CPI y/y,Neutral|Neutral|Neutral,52,35,17,67.3,32.7,2.06,2018-02|2018-05|2018-07|2018-08|2018-10|2018-12|2019-02|2019-04|2019-05|2019-06|2019-07|2020-02|2020-04|2020-05|2020-06|2020-09|2020-10|2020-11|2020-12|2021-01|2021-03|2021-06|2021-09|2021-10|2021-12|2022-01|2022-05|2022-11|2022-12|2023-01|2023-02|2023-05|2023-06|2023-07|2023-08|2023-09|2023-11|2024-01|2024-03|2024-05|2024-06|2024-07|2024-08|2024-09|2024-10|2024-11|2024-12|2025-01|2025-02|2025-06|2025-07|2026-01
0.3,3,CPI m/m|Core PPI m/m|CPI y/y,Neutral|Bad|Bad,1,1,0,100.0,0.0,inf,2020-08
0.3,3,CPI m/m|Core PPI m/m|CPI y/y,Neutral|Bad|Neutral,8,5,3,62.5,37.5,1.67,2021-02|2021-04|2021-08|2022-02|2022-04|2024-02|2025-08|2026-02
0.3,3,CPI m/m|Core PPI m/m|CPI y/y,Bad|Neutral|Bad,1,1,0,100.0,0.0,inf,2021-05
0.3,3,CPI m/m|Core PPI m/m|CPI y/y,Bad|Bad|Bad,1,0,1,0.0,100.0,0.0,2021-07
0.3,3,CPI m/m|Core PPI m/m|CPI y/y,Bad|Neutral|Neutral,2,2,0,100.0,0.0,inf,2021-11|2022-06
0.0,3,CPI m/m|FOMC|CPI y/y,Neutral|Neutral|Neutral,4,4,0,100.0,0.0,inf,2023-03|2024-11|2024-12|2025-01
0.0,3,CPI m/m|FOMC|CPI y/y,Neutral|Neutral|Good,1,1,0,100.0,0.0,inf,2023-05
0.0,3,CPI m/m|FOMC|CPI y/y,Good|Neutral|Good,5,3,2,60.0,40.0,1.5,2023-06|2023-07|2023-11|2024-06|2024-07
0.0,3,CPI m/m|FOMC|CPI y/y,Neutral|Neutral|Bad,1,1,0,100.0,0.0,inf,2023-09
0.0,3,CPI m/m|FOMC|CPI y/y,Neutral|Good|Neutral,1,1,0,100.0,0.0,inf,2024-09
0.1,3,CPI m/m|FOMC|CPI y/y,Neutral|Neutral|Neutral,7,6,1,85.7,14.3,6.0,2023-03|2023-05|2023-06|2023-11|2024-11|2024-12|2025-01
0.1,3,CPI m/m|FOMC|CPI y/y,Neutral|Neutral|Good,2,1,1,50.0,50.0,1.0,2023-07|2024-06
0.1,3,CPI m/m|FOMC|CPI y/y,Neutral|Neutral|Bad,1,1,0,100.0,0.0,inf,2023-09
0.1,3,CPI m/m|FOMC|CPI y/y,Good|Neutral|Good,1,1,0,100.0,0.0,inf,2024-07
0.1,3,CPI m/m|FOMC|CPI y/y,Neutral|Good|Neutral,1,1,0,100.0,0.0,inf,2024-09
0.2,3,CPI m/m|FOMC|CPI y/y,Neutral|Neutral|Neutral,11,9,2,81.8,18.2,4.5,2023-03|2023-05|2023-06|2023-07|2023-09|2023-11|2024-06|2024-07|2024-11|2024-12|2025-01
0.2,3,CPI m/m|FOMC|CPI y/y,Neutral|Good|Neutral,1,1,0,100.0,0.0,inf,2024-09
0.3,3,CPI m/m|FOMC|CPI y/y,Neutral|Neutral|Neutral,12,10,2,83.3,16.7,5.0,2023-03|2023-05|2023-06|2023-07|2023-09|2023-11|2024-06|2024-07|2024-09|2024-11|2024-12|2025-01
0.0,3,Core CPI m/m|PPI m/m|Core PPI m/m,Bad|Good|Good,3,3,0,100.0,0.0,inf,2018-01|2020-07|2023-03
0.0,3,Core CPI m/m|PPI m/m|Core PPI m/m,Bad|Neutral|Bad,2,1,1,50.0,50.0,1.0,2018-02|2019-07
0.0,3,Core CPI m/m|PPI m/m|Core PPI m/m,Good|Good|Neutral,1,0,1,0.0,100.0,0.0,2018-05
0.0,3,Core CPI m/m|PPI m/m|Core PPI m/m,Neutral|Bad|Bad,10,7,3,70.0,30.0,2.33,2018-07|2018-12|2020-02|2020-10|2021-12|2023-02|2023-08|2024-05|2025-08|2026-02
0.0,3,Core CPI m/m|PPI m/m|Core PPI m/m,Neutral|Good|Good,8,7,1,87.5,12.5,7.0,2018-08|2019-01|2021-10|2022-03|2023-04|2024-01|2024-08|2025-09
0.0,3,Core CPI m/m|PPI m/m|Core PPI m/m,Good|Good|Good,11,8,3,72.7,27.3,2.67,2018-09|2020-05|2022-11|2023-07|2023-11|2024-06|2025-01|2025-03|2025-05|2025-06|2025-07
0.0,3,Core CPI m/m|PPI m/m|Core PPI m/m,Good|Neutral|Neutral,2,1,1,50.0,50.0,1.0,2018-10|2019-06
0.0,3,Core CPI m/m|PPI m/m|Core PPI m/m,Neutral|Good|Bad,1,0,1,0.0,100.0,0.0,2019-02
0.0,3,Core CPI m/m|PPI m/m|Core PPI m/m,Good|Bad|Bad,9,6,3,66.7,33.3,2.0,2019-04|2020-04|2021-02|2021-08|2021-09|2022-04|2022-12|2024-07|2026-01
0.0,3,Core CPI m/m|PPI m/m|Core PPI m/m,Good|Neutral|Good,1,1,0,100.0,0.0,inf,2019-05
0.0,3,Core CPI m/m|PPI m/m|Core PPI m/m,Bad|Neutral|Good,5,4,1,80.0,20.0,4.0,2019-08|2020-12|2021-11|2022-05|2022-06
0.0,3,Core CPI m/m|PPI m/m|Core PPI m/m,Good|Bad|Neutral,2,2,0,100.0,0.0,inf,2020-06|2021-03
0.0,3,Core CPI m/m|PPI m/m|Core PPI m/m,Bad|Bad|Bad,10,6,4,60.0,40.0,1.5,2020-08|2020-09|2021-04|2021-05|2021-06|2021-07|2022-02|2024-02|2024-03|2024-09
0.0,3,Core CPI m/m|PPI m/m|Core PPI m/m,Good|Bad|Good,1,1,0,100.0,0.0,inf,2020-11
0.0,3,Core CPI m/m|PPI m/m|Core PPI m/m,Neutral|Good|Neutral,3,2,1,66.7,33.3,2.0,2021-01|2023-01|2023-06
0.0,3,Core CPI m/m|PPI m/m|Core PPI m/m,Bad|Good|Neutral,3,3,0,100.0,0.0,inf,2022-01|2023-05|2024-10
0.0,3,Core CPI m/m|PPI m/m|Core PPI m/m,Bad|Bad|Neutral,2,1,1,50.0,50.0,1.0,2023-09|2025-02
0.0,3,Core CPI m/m|PPI m/m|Core PPI m/m,Neutral|Neutral|Neutral,1,1,0,100.0,0.0,inf,2024-11
0.0,3,Core CPI m/m|PPI m/m|Core PPI m/m,Neutral|Bad|Neutral,1,1,0,100.0,0.0,inf,2024-12
0.1,3,Core CPI m/m|PPI m/m|Core PPI m/m,Neutral|Good|Good,14,12,2,85.7,14.3,6.0,2018-01|2018-09|2020-07|2022-03|2023-03|2023-04|2023-11|2024-01|2024-06|2025-01|2025-03|2025-05|2025-07|2025-09
0.1,3,Core CPI m/m|PPI m/m|Core PPI m/m,Neutral|Neutral|Bad,4,3,1,75.0,25.0,3.0,2018-02|2018-12|2022-12|2024-07
0.1,3,Core CPI m/m|PPI m/m|Core PPI m/m,Neutral|Neutral|Neutral,14,10,4,71.4,28.6,2.5,2018-05|2018-07|2018-10|2019-05|2019-06|2019-07|2020-12|2021-03|2022-06|2023-07|2023-08|2024-09|2024-10|2024-11
0.1,3,Core CPI m/m|PPI m/m|Core PPI m/m,Neutral|Good|Neutral,6,3,3,50.0,50.0,1.0,2018-08|2019-02|2021-01|2022-01|2023-01|2023-06
0.1,3,Core CPI m/m|PPI m/m|Core PPI m/m,Neutral|Neutral|Good,4,4,0,100.0,0.0,inf,2019-01|2019-08|2021-10|2024-08
0.1,3,Core CPI m/m|PPI m/m|Core PPI m/m,Neutral|Bad|Neutral,4,4,0,100.0,0.0,inf,2019-04|2020-06|2023-09|2024-12
0.1,3,Core CPI m/m|PPI m/m|Core PPI m/m,Neutral|Bad|Bad,10,6,4,60.0,40.0,1.5,2020-02|2020-10|2021-04|2021-12|2022-02|2023-02|2024-05|2025-08|2026-01|2026-02
0.1,3,Core CPI m/m|PPI m/m|Core PPI m/m,Good|Neutral|Bad,1,1,0,100.0,0.0,inf,2020-04
0.1,3,Core CPI m/m|PPI m/m|Core PPI m/m,Good|Good|Good,2,1,1,50.0,50.0,1.0,2020-05|2022-11
0.1,3,Core CPI m/m|PPI m/m|Core PPI m/m,Bad|Bad|Bad,5,3,2,60.0,40.0,1.5,2020-08|2021-05|2021-06|2021-07|2024-02
0.1,3,Core CPI m/m|PPI m/m|Core PPI m/m,Bad|Neutral|Bad,1,1,0,100.0,0.0,inf,2020-09
0.1,3,Core CPI m/m|PPI m/m|Core PPI m/m,Good|Neutral|Neutral,2,2,0,100.0,0.0,inf,2020-11|2021-09
0.1,3,Core CPI m/m|PPI m/m|Core PPI m/m,Good|Bad|Bad,3,2,1,66.7,33.3,2.0,2021-02|2021-08|2022-04
0.1,3,Core CPI m/m|PPI m/m|Core PPI m/m,Bad|Neutral|Neutral,2,2,0,100.0,0.0,inf,2021-11|2023-05
0.1,3,Core CPI m/m|PPI m/m|Core PPI m/m,Bad|Neutral|Good,1,0,1,0.0,100.0,0.0,2022-05
0.1,3,Core CPI m/m|PPI m/m|Core PPI m/m,Bad|Bad|Neutral,2,0,2,0.0,100.0,0.0,2024-03|2025-02
0.1,3,Core CPI m/m|PPI m/m|Core PPI m/m,Good|Neutral|Good,1,1,0,100.0,0.0,inf,2025-06
0.2,3,Core CPI m/m|PPI m/m|Core PPI m/m,Neutral|Good|Good,10,8,2,80.0,20.0,4.0,2018-01|2018-09|2020-07|2023-03|2023-04|2023-11|2024-06|2025-03|2025-05|2025-09
0.2,3,Core CPI m/m|PPI m/m|Core PPI m/m,Neutral|Neutral|Neutral,39,28,11,71.8,28.2,2.55,2018-02|2018-05|2018-07|2018-08|2018-10|2018-12|2019-02|2019-05|2019-06|2019-07|2020-04|2020-09|2020-10|2020-11|2020-12|2021-01|2021-03|2021-09|2021-11|2022-01|2022-05|2022-06|2022-12|2023-05|2023-06|2023-07|2023-08|2024-01|2024-07|2024-08|2024-09|2024-10|2024-11|2024-12|2025-01|2025-02|2025-06|2025-07|2026-01
0.2,3,Core CPI m/m|PPI m/m|Core PPI m/m,Neutral|Neutral|Good,5,5,0,100.0,0.0,inf,2019-01|2019-08|2021-10|2022-03|2022-11
0.2,3,Core CPI m/m|PPI m/m|Core PPI m/m,Neutral|Bad|Neutral,6,5,1,83.3,16.7,5.0,2019-04|2020-06|2021-06|2023-02|2023-09|2024-03
0.2,3,Core CPI m/m|PPI m/m|Core PPI m/m,Neutral|Bad|Bad,8,5,3,62.5,37.5,1.67,2020-02|2021-02|2021-04|2021-08|2021-12|2022-02|2022-04|2025-08
0.2,3,Core CPI m/m|PPI m/m|Core PPI m/m,Neutral|Good|Neutral,2,0,2,0.0,100.0,0.0,2020-05|2023-01
0.2,3,Core CPI m/m|PPI m/m|Core PPI m/m,Bad|Bad|Bad,3,2,1,66.7,33.3,2.0,2020-08|2021-05|2021-07
0.2,3,Core CPI m/m|PPI m/m|Core PPI m/m,Neutral|Neutral|Bad,3,2,1,66.7,33.3,2.0,2024-02|2024-05|2026-02
0.3,3,Core CPI m/m|PPI m/m|Core PPI m/m,Neutral|Good|Good,7,7,0,100.0,0.0,inf,2018-01|2018-09|2020-07|2023-03|2023-04|2025-05|2025-09
0.3,3,Core CPI m/m|PPI m/m|Core PPI m/m,Neutral|Neutral|Neutral,46,34,12,73.9,26.1,2.83,2018-02|2018-05|2018-07|2018-08|2018-10|2018-12|2019-02|2019-04|2019-05|2019-06|2019-07|2020-04|2020-09|2020-10|2020-11|2020-12|2021-01|2021-03|2021-09|2021-10|2021-11|2022-01|2022-05|2022-06|2022-11|2022-12|2023-02|2023-05|2023-06|2023-07|2023-08|2023-09|2024-01|2024-03|2024-05|2024-07|2024-08|2024-09|2024-10|2024-11|2024-12|2025-01|2025-02|2025-06|2025-07|2026-01
0.3,3,Core CPI m/m|PPI m/m|Core PPI m/m,Neutral|Neutral|Good,4,4,0,100.0,0.0,inf,2019-01|2019-08|2022-03|2025-03
0.3,3,Core CPI m/m|PPI m/m|Core PPI m/m,Neutral|Bad|Neutral,4,3,1,75.0,25.0,3.0,2020-02|2020-06|2021-06|2021-12
0.3,3,Core CPI m/m|PPI m/m|Core PPI m/m,Neutral|Good|Neutral,4,0,4,0.0,100.0,0.0,2020-05|2023-01|2023-11|2024-06
0.3,3,Core CPI m/m|PPI m/m|Core PPI m/m,Bad|Neutral|Bad,1,1,0,100.0,0.0,inf,2020-08
0.3,3,Core CPI m/m|PPI m/m|Core PPI m/m,Neutral|Bad|Bad,5,4,1,80.0,20.0,4.0,2021-02|2021-04|2021-08|2022-02|2025-08
0.3,3,Core CPI m/m|PPI m/m|Core PPI m/m,Bad|Neutral|Neutral,1,1,0,100.0,0.0,inf,2021-05
0.3,3,Core CPI m/m|PPI m/m|Core PPI m/m,Bad|Bad|Bad,1,0,1,0.0,100.0,0.0,2021-07
0.3,3,Core CPI m/m|PPI m/m|Core PPI m/m,Neutral|Neutral|Bad,3,1,2,33.3,66.7,0.5,2022-04|2024-02|2026-02
0.0,3,Core CPI m/m|PPI m/m|FOMC,Bad|Good|Neutral,2,2,0,100.0,0.0,inf,2023-03|2023-05
0.0,3,Core CPI m/m|PPI m/m|FOMC,Neutral|Good|Neutral,1,1,0,100.0,0.0,inf,2023-06
0.0,3,Core CPI m/m|PPI m/m|FOMC,Good|Good|Neutral,4,2,2,50.0,50.0,1.0,2023-07|2023-11|2024-06|2025-01
0.0,3,Core CPI m/m|PPI m/m|FOMC,Bad|Bad|Neutral,1,1,0,100.0,0.0,inf,2023-09
0.0,3,Core CPI m/m|PPI m/m|FOMC,Good|Bad|Neutral,1,1,0,100.0,0.0,inf,2024-07
0.0,3,Core CPI m/m|PPI m/m|FOMC,Bad|Bad|Good,1,1,0,100.0,0.0,inf,2024-09
0.0,3,Core CPI m/m|PPI m/m|FOMC,Neutral|Neutral|Neutral,1,1,0,100.0,0.0,inf,2024-11
0.0,3,Core CPI m/m|PPI m/m|FOMC,Neutral|Bad|Neutral,1,1,0,100.0,0.0,inf,2024-12
0.1,3,Core CPI m/m|PPI m/m|FOMC,Neutral|Good|Neutral,5,3,2,60.0,40.0,1.5,2023-03|2023-06|2023-11|2024-06|2025-01
0.1,3,Core CPI m/m|PPI m/m|FOMC,Bad|Neutral|Neutral,1,1,0,100.0,0.0,inf,2023-05
0.1,3,Core CPI m/m|PPI m/m|FOMC,Neutral|Neutral|Neutral,3,3,0,100.0,0.0,inf,2023-07|2024-07|2024-11
0.1,3,Core CPI m/m|PPI m/m|FOMC,Neutral|Bad|Neutral,2,2,0,100.0,0.0,inf,2023-09|2024-12
0.1,3,Core CPI m/m|PPI m/m|FOMC,Neutral|Neutral|Good,1,1,0,100.0,0.0,inf,2024-09
0.2,3,Core CPI m/m|PPI m/m|FOMC,Neutral|Good|Neutral,3,1,2,33.3,66.7,0.5,2023-03|2023-11|2024-06
0.2,3,Core CPI m/m|PPI m/m|FOMC,Neutral|Neutral|Neutral,7,7,0,100.0,0.0,inf,2023-05|2023-06|2023-07|2024-07|2024-11|2024-12|2025-01
0.2,3,Core CPI m/m|PPI m/m|FOMC,Neutral|Bad|Neutral,1,1,0,100.0,0.0,inf,2023-09
0.2,3,Core CPI m/m|PPI m/m|FOMC,Neutral|Neutral|Good,1,1,0,100.0,0.0,inf,2024-09
0.3,3,Core CPI m/m|PPI m/m|FOMC,Neutral|Good|Neutral,3,1,2,33.3,66.7,0.5,2023-03|2023-11|2024-06
0.3,3,Core CPI m/m|PPI m/m|FOMC,Neutral|Neutral|Neutral,9,9,0,100.0,0.0,inf,2023-05|2023-06|2023-07|2023-09|2024-07|2024-09|2024-11|2024-12|2025-01
0.0,3,Core CPI m/m|PPI m/m|CPI y/y,Bad|Good|Neutral,4,4,0,100.0,0.0,inf,2018-01|2020-07|2022-01|2023-03
0.0,3,Core CPI m/m|PPI m/m|CPI y/y,Bad|Neutral|Bad,5,4,1,80.0,20.0,4.0,2018-02|2019-08|2021-11|2022-05|2022-06
0.0,3,Core CPI m/m|PPI m/m|CPI y/y,Good|Good|Neutral,2,1,1,50.0,50.0,1.0,2018-05|2025-01
0.0,3,Core CPI m/m|PPI m/m|CPI y/y,Neutral|Bad|Neutral,6,4,2,66.7,33.3,2.0,2018-07|2018-12|2020-10|2021-12|2024-05|2024-12
0.0,3,Core CPI m/m|PPI m/m|CPI y/y,Neutral|Good|Neutral,6,4,2,66.7,33.3,2.0,2018-08|2019-01|2021-01|2022-03|2023-01|2025-09
0.0,3,Core CPI m/m|PPI m/m|CPI y/y,Good|Good|Good,9,6,3,66.7,33.3,2.0,2018-09|2020-05|2022-11|2023-07|2023-11|2024-06|2025-03|2025-05|2025-06
0.0,3,Core CPI m/m|PPI m/m|CPI y/y,Good|Neutral|Good,3,2,1,66.7,33.3,2.0,2018-10|2019-05|2019-06
0.0,3,Core CPI m/m|PPI m/m|CPI y/y,Neutral|Good|Bad,3,2,1,66.7,33.3,2.0,2019-02|2021-10|2024-01
0.0,3,Core CPI m/m|PPI m/m|CPI y/y,Good|Bad|Bad,3,2,1,66.7,33.3,2.0,2019-04|2021-08|2022-04
0.0,3,Core CPI m/m|PPI m/m|CPI y/y,Bad|Neutral|Neutral,2,1,1,50.0,50.0,1.0,2019-07|2020-12
0.0,3,Core CPI m/m|PPI m/m|CPI y/y,Neutral|Bad|Bad,2,1,1,50.0,50.0,1.0,2020-02|2023-02
0.0,3,Core CPI m/m|PPI m/m|CPI y/y,Good|Bad|Good,5,4,1,80.0,20.0,4.0,2020-04|2020-06|2020-11|2022-12|2024-07
0.0,3,Core CPI m/m|PPI m/m|CPI y/y,Bad|Bad|Bad,11,6,5,54.5,45.5,1.2,2020-08|2020-09|2021-04|2021-05|2021-06|2021-07|2022-02|2023-09|2024-02|2024-03|2025-02
0.0,3,Core CPI m/m|PPI m/m|CPI y/y,Good|Bad|Neutral,4,3,1,75.0,25.0,3.0,2021-02|2021-03|2021-09|2026-01
0.0,3,Core CPI m/m|PPI m/m|CPI y/y,Neutral|Good|Good,3,3,0,100.0,0.0,inf,2023-04|2023-06|2024-08
0.0,3,Core CPI m/m|PPI m/m|CPI y/y,Bad|Good|Good,1,1,0,100.0,0.0,inf,2023-05
0.0,3,Core CPI m/m|PPI m/m|CPI y/y,Neutral|Bad|Good,3,3,0,100.0,0.0,inf,2023-08|2025-08|2026-02
0.0,3,Core CPI m/m|PPI m/m|CPI y/y,Bad|Bad|Neutral,1,1,0,100.0,0.0,inf,2024-09
0.0,3,Core CPI m/m|PPI m/m|CPI y/y,Bad|Good|Bad,1,1,0,100.0,0.0,inf,2024-10
0.0,3,Core CPI m/m|PPI m/m|CPI y/y,Neutral|Neutral|Neutral,1,1,0,100.0,0.0,inf,2024-11
0.0,3,Core CPI m/m|PPI m/m|CPI y/y,Good|Good|Bad,1,1,0,100.0,0.0,inf,2025-07
0.1,3,Core CPI m/m|PPI m/m|CPI y/y,Neutral|Good|Neutral,14,11,3,78.6,21.4,3.67,2018-01|2018-08|2018-09|2020-07|2021-01|2022-01|2022-03|2023-01|2023-03|2023-04|2023-06|2023-11|2025-01|2025-09
0.1,3,Core CPI m/m|PPI m/m|CPI y/y,Neutral|Neutral|Bad,5,5,0,100.0,0.0,inf,2018-02|2019-08|2021-10|2022-06|2024-10
0.1,3,Core CPI m/m|PPI m/m|CPI y/y,Neutral|Neutral|Neutral,11,7,4,63.6,36.4,1.75,2018-05|2018-07|2018-12|2019-01|2019-06|2019-07|2020-12|2021-03|2023-08|2024-09|2024-11
0.1,3,Core CPI m/m|PPI m/m|CPI y/y,Neutral|Neutral|Good,6,5,1,83.3,16.7,5.0,2018-10|2019-05|2022-12|2023-07|2024-07|2024-08
0.1,3,Core CPI m/m|PPI m/m|CPI y/y,Neutral|Good|Bad,3,2,1,66.7,33.3,2.0,2019-02|2024-01|2025-07
0.1,3,Core CPI m/m|PPI m/m|CPI y/y,Neutral|Bad|Neutral,7,5,2,71.4,28.6,2.5,2019-04|2020-10|2021-12|2024-05|2024-12|2025-08|2026-01
0.1,3,Core CPI m/m|PPI m/m|CPI y/y,Neutral|Bad|Bad,5,3,2,60.0,40.0,1.5,2020-02|2021-04|2022-02|2023-02|2023-09
0.1,3,Core CPI m/m|PPI m/m|CPI y/y,Good|Neutral|Good,3,3,0,100.0,0.0,inf,2020-04|2020-11|2025-06
0.1,3,Core CPI m/m|PPI m/m|CPI y/y,Good|Good|Good,2,1,1,50.0,50.0,1.0,2020-05|2022-11
0.1,3,Core CPI m/m|PPI m/m|CPI y/y,Neutral|Bad|Good,2,2,0,100.0,0.0,inf,2020-06|2026-02
0.1,3,Core CPI m/m|PPI m/m|CPI y/y,Bad|Bad|Bad,7,3,4,42.9,57.1,0.75,2020-08|2021-05|2021-06|2021-07|2024-02|2024-03|2025-02
0.1,3,Core CPI m/m|PPI m/m|CPI y/y,Bad|Neutral|Bad,3,2,1,66.7,33.3,2.0,2020-09|2021-11|2022-05
0.1,3,Core CPI m/m|PPI m/m|CPI y/y,Good|Bad|Neutral,2,1,1,50.0,50.0,1.0,2021-02|2022-04
0.1,3,Core CPI m/m|PPI m/m|CPI y/y,Good|Bad|Bad,1,1,0,100.0,0.0,inf,2021-08
0.1,3,Core CPI m/m|PPI m/m|CPI y/y,Good|Neutral|Neutral,1,1,0,100.0,0.0,inf,2021-09
0.1,3,Core CPI m/m|PPI m/m|CPI y/y,Bad|Neutral|Neutral,1,1,0,100.0,0.0,inf,2023-05
0.1,3,Core CPI m/m|PPI m/m|CPI y/y,Neutral|Good|Good,3,2,1,66.7,33.3,2.0,2024-06|2025-03|2025-05
0.2,3,Core CPI m/m|PPI m/m|CPI y/y,Neutral|Good|Neutral,12,8,4,66.7,33.3,2.0,2018-01|2018-09|2020-05|2020-07|2023-01|2023-03|2023-04|2023-11|2024-06|2025-03|2025-05|2025-09
0.2,3,Core CPI m/m|PPI m/m|CPI y/y,Neutral|Neutral|Bad,5,3,2,60.0,40.0,1.5,2018-02|2021-11|2022-05|2022-06|2024-02
0.2,3,Core CPI m/m|PPI m/m|CPI y/y,Neutral|Neutral|Neutral,40,31,9,77.5,22.5,3.44,2018-05|2018-07|2018-08|2018-10|2018-12|2019-01|2019-02|2019-05|2019-06|2019-07|2019-08|2020-04|2020-09|2020-10|2020-11|2020-12|2021-01|2021-03|2021-09|2021-10|2022-01|2022-03|2023-05|2023-06|2023-07|2023-08|2024-01|2024-05|2024-07|2024-08|2024-09|2024-10|2024-11|2024-12|2025-01|2025-02|2025-06|2025-07|2026-01|2026-02
0.2,3,Core CPI m/m|PPI m/m|CPI y/y,Neutral|Bad|Neutral,11,8,3,72.7,27.3,2.67,2019-04|2020-02|2020-06|2021-02|2021-04|2021-08|2021-12|2022-04|2023-09|2024-03|2025-08
0.2,3,Core CPI m/m|PPI m/m|CPI y/y,Bad|Bad|Bad,3,2,1,66.7,33.3,2.0,2020-08|2021-05|2021-07
0.2,3,Core CPI m/m|PPI m/m|CPI y/y,Neutral|Bad|Bad,3,2,1,66.7,33.3,2.0,2021-06|2022-02|2023-02
0.2,3,Core CPI m/m|PPI m/m|CPI y/y,Neutral|Neutral|Good,2,1,1,50.0,50.0,1.0,2022-11|2022-12
0.3,3,Core CPI m/m|PPI m/m|CPI y/y,Neutral|Good|Neutral,11,7,4,63.6,36.4,1.75,2018-01|2018-09|2020-05|2020-07|2023-01|2023-03|2023-04|2023-11|2024-06|2025-05|2025-09
0.3,3,Core CPI m/m|PPI m/m|CPI y/y,Neutral|Neutral|Neutral,53,39,14,73.6,26.4,2.79,2018-02|2018-05|2018-07|2018-08|2018-10|2018-12|2019-01|2019-02|2019-04|2019-05|2019-06|2019-07|2019-08|2020-04|2020-09|2020-10|2020-11|2020-12|2021-01|2021-03|2021-09|2021-10|2021-11|2022-01|2022-03|2022-04|2022-05|2022-06|2022-11|2022-12|2023-02|2023-05|2023-06|2023-07|2023-08|2023-09|2024-01|2024-02|2024-03|2024-05|2024-07|2024-08|2024-09|2024-10|2024-11|2024-12|2025-01|2025-02|2025-03|2025-06|2025-07|2026-01|2026-02
0.3,3,Core CPI m/m|PPI m/m|CPI y/y,Neutral|Bad|Neutral,9,7,2,77.8,22.2,3.5,2020-02|2020-06|2021-02|2021-04|2021-06|2021-08|2021-12|2022-02|2025-08
0.3,3,Core CPI m/m|PPI m/m|CPI y/y,Bad|Neutral|Bad,2,2,0,100.0,0.0,inf,2020-08|2021-05
0.3,3,Core CPI m/m|PPI m/m|CPI y/y,Bad|Bad|Bad,1,0,1,0.0,100.0,0.0,2021-07
0.0,3,Core CPI m/m|Core PPI m/m|FOMC,Bad|Good|Neutral,1,1,0,100.0,0.0,inf,2023-03
0.0,3,Core CPI m/m|Core PPI m/m|FOMC,Bad|Neutral|Neutral,2,2,0,100.0,0.0,inf,2023-05|2023-09
0.0,3,Core CPI m/m|Core PPI m/m|FOMC,Neutral|Neutral|Neutral,3,3,0,100.0,0.0,inf,2023-06|2024-11|2024-12
0.0,3,Core CPI m/m|Core PPI m/m|FOMC,Good|Good|Neutral,4,2,2,50.0,50.0,1.0,2023-07|2023-11|2024-06|2025-01
0.0,3,Core CPI m/m|Core PPI m/m|FOMC,Good|Bad|Neutral,1,1,0,100.0,0.0,inf,2024-07
0.0,3,Core CPI m/m|Core PPI m/m|FOMC,Bad|Bad|Good,1,1,0,100.0,0.0,inf,2024-09
0.1,3,Core CPI m/m|Core PPI m/m|FOMC,Neutral|Good|Neutral,4,2,2,50.0,50.0,1.0,2023-03|2023-11|2024-06|2025-01
0.1,3,Core CPI m/m|Core PPI m/m|FOMC,Bad|Neutral|Neutral,1,1,0,100.0,0.0,inf,2023-05
0.1,3,Core CPI m/m|Core PPI m/m|FOMC,Neutral|Neutral|Neutral,5,5,0,100.0,0.0,inf,2023-06|2023-07|2023-09|2024-11|2024-12
0.1,3,Core CPI m/m|Core PPI m/m|FOMC,Neutral|Bad|Neutral,1,1,0,100.0,0.0,inf,2024-07
0.1,3,Core CPI m/m|Core PPI m/m|FOMC,Neutral|Neutral|Good,1,1,0,100.0,0.0,inf,2024-09
0.2,3,Core CPI m/m|Core PPI m/m|FOMC,Neutral|Good|Neutral,3,1,2,33.3,66.7,0.5,2023-03|2023-11|2024-06
0.2,3,Core CPI m/m|Core PPI m/m|FOMC,Neutral|Neutral|Neutral,8,8,0,100.0,0.0,inf,2023-05|2023-06|2023-07|2023-09|2024-07|2024-11|2024-12|2025-01
0.2,3,Core CPI m/m|Core PPI m/m|FOMC,Neutral|Neutral|Good,1,1,0,100.0,0.0,inf,2024-09
0.3,3,Core CPI m/m|Core PPI m/m|FOMC,Neutral|Good|Neutral,1,1,0,100.0,0.0,inf,2023-03
0.3,3,Core CPI m/m|Core PPI m/m|FOMC,Neutral|Neutral|Neutral,11,9,2,81.8,18.2,4.5,2023-05|2023-06|2023-07|2023-09|2023-11|2024-06|2024-07|2024-09|2024-11|2024-12|2025-01
0.0,3,Core CPI m/m|Core PPI m/m|CPI y/y,Bad|Good|Neutral,4,4,0,100.0,0.0,inf,2018-01|2020-07|2020-12|2023-03
0.0,3,Core CPI m/m|Core PPI m/m|CPI y/y,Bad|Bad|Bad,10,6,4,60.0,40.0,1.5,2018-02|2020-08|2020-09|2021-04|2021-05|2021-06|2021-07|2022-02|2024-02|2024-03
0.0,3,Core CPI m/m|Core PPI m/m|CPI y/y,Good|Neutral|Neutral,2,1,1,50.0,50.0,1.0,2018-05|2021-03
0.0,3,Core CPI m/m|Core PPI m/m|CPI y/y,Neutral|Bad|Neutral,5,3,2,60.0,40.0,1.5,2018-07|2018-12|2020-10|2021-12|2024-05
0.0,3,Core CPI m/m|Core PPI m/m|CPI y/y,Neutral|Good|Neutral,4,3,1,75.0,25.0,3.0,2018-08|2019-01|2022-03|2025-09
0.0,3,Core CPI m/m|Core PPI m/m|CPI y/y,Good|Good|Good,11,8,3,72.7,27.3,2.67,2018-09|2019-05|2020-05|2020-11|2022-11|2023-07|2023-11|2024-06|2025-03|2025-05|2025-06
0.0,3,Core CPI m/m|Core PPI m/m|CPI y/y,Good|Neutral|Good,3,2,1,66.7,33.3,2.0,2018-10|2019-06|2020-06
0.0,3,Core CPI m/m|Core PPI m/m|CPI y/y,Neutral|Bad|Bad,3,1,2,33.3,66.7,0.5,2019-02|2020-02|2023-02
0.0,3,Core CPI m/m|Core PPI m/m|CPI y/y,Good|Bad|Bad,3,2,1,66.7,33.3,2.0,2019-04|2021-08|2022-04
0.0,3,Core CPI m/m|Core PPI m/m|CPI y/y,Bad|Bad|Neutral,2,1,1,50.0,50.0,1.0,2019-07|2024-09
0.0,3,Core CPI m/m|Core PPI m/m|CPI y/y,Bad|Good|Bad,4,3,1,75.0,25.0,3.0,2019-08|2021-11|2022-05|2022-06
0.0,3,Core CPI m/m|Core PPI m/m|CPI y/y,Good|Bad|Good,3,2,1,66.7,33.3,2.0,2020-04|2022-12|2024-07
0.0,3,Core CPI m/m|Core PPI m/m|CPI y/y,Neutral|Neutral|Neutral,4,3,1,75.0,25.0,3.0,2021-01|2023-01|2024-11|2024-12
0.0,3,Core CPI m/m|Core PPI m/m|CPI y/y,Good|Bad|Neutral,3,2,1,66.7,33.3,2.0,2021-02|2021-09|2026-01
0.0,3,Core CPI m/m|Core PPI m/m|CPI y/y,Neutral|Good|Bad,2,2,0,100.0,0.0,inf,2021-10|2024-01
0.0,3,Core CPI m/m|Core PPI m/m|CPI y/y,Bad|Neutral|Neutral,1,1,0,100.0,0.0,inf,2022-01
0.0,3,Core CPI m/m|Core PPI m/m|CPI y/y,Neutral|Good|Good,2,2,0,100.0,0.0,inf,2023-04|2024-08
0.0,3,Core CPI m/m|Core PPI m/m|CPI y/y,Bad|Neutral|Good,1,1,0,100.0,0.0,inf,2023-05
0.0,3,Core CPI m/m|Core PPI m/m|CPI y/y,Neutral|Neutral|Good,1,1,0,100.0,0.0,inf,2023-06
0.0,3,Core CPI m/m|Core PPI m/m|CPI y/y,Neutral|Bad|Good,3,3,0,100.0,0.0,inf,2023-08|2025-08|2026-02
0.0,3,Core CPI m/m|Core PPI m/m|CPI y/y,Bad|Neutral|Bad,3,2,1,66.7,33.3,2.0,2023-09|2024-10|2025-02
0.0,3,Core CPI m/m|Core PPI m/m|CPI y/y,Good|Good|Neutral,1,1,0,100.0,0.0,inf,2025-01
0.0,3,Core CPI m/m|Core PPI m/m|CPI y/y,Good|Good|Bad,1,1,0,100.0,0.0,inf,2025-07
0.1,3,Core CPI m/m|Core PPI m/m|CPI y/y,Neutral|Good|Neutral,10,9,1,90.0,10.0,9.0,2018-01|2018-09|2019-01|2020-07|2022-03|2023-03|2023-04|2023-11|2025-01|2025-09
0.1,3,Core CPI m/m|Core PPI m/m|CPI y/y,Neutral|Bad|Bad,5,3,2,60.0,40.0,1.5,2018-02|2020-02|2021-04|2022-02|2023-02
0.1,3,Core CPI m/m|Core PPI m/m|CPI y/y,Neutral|Neutral|Neutral,16,10,6,62.5,37.5,1.67,2018-05|2018-07|2018-08|2019-04|2019-06|2019-07|2020-12|2021-01|2021-03|2022-01|2023-01|2023-06|2023-08|2024-09|2024-11|2024-12
0.1,3,Core CPI m/m|Core PPI m/m|CPI y/y,Neutral|Neutral|Good,4,4,0,100.0,0.0,inf,2018-10|2019-05|2020-06|2023-07
0.1,3,Core CPI m/m|Core PPI m/m|CPI y/y,Neutral|Bad|Neutral,6,4,2,66.7,33.3,2.0,2018-12|2020-10|2021-12|2024-05|2025-08|2026-01
0.1,3,Core CPI m/m|Core PPI m/m|CPI y/y,Neutral|Neutral|Bad,4,3,1,75.0,25.0,3.0,2019-02|2022-06|2023-09|2024-10
0.1,3,Core CPI m/m|Core PPI m/m|CPI y/y,Neutral|Good|Bad,4,4,0,100.0,0.0,inf,2019-08|2021-10|2024-01|2025-07
0.1,3,Core CPI m/m|Core PPI m/m|CPI y/y,Good|Bad|Good,1,1,0,100.0,0.0,inf,2020-04
0.1,3,Core CPI m/m|Core PPI m/m|CPI y/y,Good|Good|Good,3,2,1,66.7,33.3,2.0,2020-05|2022-11|2025-06
0.1,3,Core CPI m/m|Core PPI m/m|CPI y/y,Bad|Bad|Bad,6,4,2,66.7,33.3,2.0,2020-08|2020-09|2021-05|2021-06|2021-07|2024-02
0.1,3,Core CPI m/m|Core PPI m/m|CPI y/y,Good|Neutral|Good,1,1,0,100.0,0.0,inf,2020-11
0.1,3,Core CPI m/m|Core PPI m/m|CPI y/y,Good|Bad|Neutral,2,1,1,50.0,50.0,1.0,2021-02|2022-04
0.1,3,Core CPI m/m|Core PPI m/m|CPI y/y,Good|Bad|Bad,1,1,0,100.0,0.0,inf,2021-08
0.1,3,Core CPI m/m|Core PPI m/m|CPI y/y,Good|Neutral|Neutral,1,1,0,100.0,0.0,inf,2021-09
0.1,3,Core CPI m/m|Core PPI m/m|CPI y/y,Bad|Neutral|Bad,3,1,2,33.3,66.7,0.5,2021-11|2024-03|2025-02
0.1,3,Core CPI m/m|Core PPI m/m|CPI y/y,Bad|Good|Bad,1,0,1,0.0,100.0,0.0,2022-05
0.1,3,Core CPI m/m|Core PPI m/m|CPI y/y,Neutral|Bad|Good,3,2,1,66.7,33.3,2.0,2022-12|2024-07|2026-02
0.1,3,Core CPI m/m|Core PPI m/m|CPI y/y,Bad|Neutral|Neutral,1,1,0,100.0,0.0,inf,2023-05
0.1,3,Core CPI m/m|Core PPI m/m|CPI y/y,Neutral|Good|Good,4,3,1,75.0,25.0,3.0,2024-06|2024-08|2025-03|2025-05
0.2,3,Core CPI m/m|Core PPI m/m|CPI y/y,Neutral|Good|Neutral,14,12,2,85.7,14.3,6.0,2018-01|2018-09|2019-01|2019-08|2020-07|2021-10|2022-03|2023-03|2023-04|2023-11|2024-06|2025-03|2025-05|2025-09
0.2,3,Core CPI m/m|Core PPI m/m|CPI y/y,Neutral|Neutral|Bad,6,5,1,83.3,16.7,5.0,2018-02|2021-06|2021-11|2022-05|2022-06|2023-02
0.2,3,Core CPI m/m|Core PPI m/m|CPI y/y,Neutral|Neutral|Neutral,40,28,12,70.0,30.0,2.33,2018-05|2018-07|2018-08|2018-10|2018-12|2019-02|2019-04|2019-05|2019-06|2019-07|2020-04|2020-05|2020-06|2020-09|2020-10|2020-11|2020-12|2021-01|2021-03|2021-09|2022-01|2023-01|2023-05|2023-06|2023-07|2023-08|2023-09|2024-01|2024-03|2024-07|2024-08|2024-09|2024-10|2024-11|2024-12|2025-01|2025-02|2025-06|2025-07|2026-01
0.2,3,Core CPI m/m|Core PPI m/m|CPI y/y,Neutral|Bad|Neutral,9,7,2,77.8,22.2,3.5,2020-02|2021-02|2021-04|2021-08|2021-12|2022-04|2024-05|2025-08|2026-02
0.2,3,Core CPI m/m|Core PPI m/m|CPI y/y,Bad|Bad|Bad,3,2,1,66.7,33.3,2.0,2020-08|2021-05|2021-07
0.2,3,Core CPI m/m|Core PPI m/m|CPI y/y,Neutral|Bad|Bad,2,0,2,0.0,100.0,0.0,2022-02|2024-02
0.2,3,Core CPI m/m|Core PPI m/m|CPI y/y,Neutral|Good|Good,1,1,0,100.0,0.0,inf,2022-11
0.2,3,Core CPI m/m|Core PPI m/m|CPI y/y,Neutral|Neutral|Good,1,0,1,0.0,100.0,0.0,2022-12
0.3,3,Core CPI m/m|Core PPI m/m|CPI y/y,Neutral|Good|Neutral,11,11,0,100.0,0.0,inf,2018-01|2018-09|2019-01|2019-08|2020-07|2022-03|2023-03|2023-04|2025-03|2025-05|2025-09
0.3,3,Core CPI m/m|Core PPI m/m|CPI y/y,Neutral|Neutral|Neutral,54,37,17,68.5,31.5,2.18,2018-02|2018-05|2018-07|2018-08|2018-10|2018-12|2019-02|2019-04|2019-05|2019-06|2019-07|2020-02|2020-04|2020-05|2020-06|2020-09|2020-10|2020-11|2020-12|2021-01|2021-03|2021-06|2021-09|2021-10|2021-11|2021-12|2022-01|2022-05|2022-06|2022-11|2022-12|2023-01|2023-02|2023-05|2023-06|2023-07|2023-08|2023-09|2023-11|2024-01|2024-03|2024-05|2024-06|2024-07|2024-08|2024-09|2024-10|2024-11|2024-12|2025-01|2025-02|2025-06|2025-07|2026-01
0.3,3,Core CPI m/m|Core PPI m/m|CPI y/y,Bad|Bad|Bad,2,1,1,50.0,50.0,1.0,2020-08|2021-07
0.3,3,Core CPI m/m|Core PPI m/m|CPI y/y,Neutral|Bad|Neutral,8,5,3,62.5,37.5,1.67,2021-02|2021-04|2021-08|2022-02|2022-04|2024-02|2025-08|2026-02
0.3,3,Core CPI m/m|Core PPI m/m|CPI y/y,Bad|Neutral|Bad,1,1,0,100.0,0.0,inf,2021-05
0.0,3,Core CPI m/m|FOMC|CPI y/y,Bad|Neutral|Neutral,1,1,0,100.0,0.0,inf,2023-03
0.0,3,Core CPI m/m|FOMC|CPI y/y,Bad|Neutral|Good,1,1,0,100.0,0.0,inf,2023-05
0.0,3,Core CPI m/m|FOMC|CPI y/y,Neutral|Neutral|Good,1,1,0,100.0,0.0,inf,2023-06
0.0,3,Core CPI m/m|FOMC|CPI y/y,Good|Neutral|Good,4,2,2,50.0,50.0,1.0,2023-07|2023-11|2024-06|2024-07
0.0,3,Core CPI m/m|FOMC|CPI y/y,Bad|Neutral|Bad,1,1,0,100.0,0.0,inf,2023-09
0.0,3,Core CPI m/m|FOMC|CPI y/y,Bad|Good|Neutral,1,1,0,100.0,0.0,inf,2024-09
0.0,3,Core CPI m/m|FOMC|CPI y/y,Neutral|Neutral|Neutral,2,2,0,100.0,0.0,inf,2024-11|2024-12
0.0,3,Core CPI m/m|FOMC|CPI y/y,Good|Neutral|Neutral,1,1,0,100.0,0.0,inf,2025-01
0.1,3,Core CPI m/m|FOMC|CPI y/y,Neutral|Neutral|Neutral,6,5,1,83.3,16.7,5.0,2023-03|2023-06|2023-11|2024-11|2024-12|2025-01
0.1,3,Core CPI m/m|FOMC|CPI y/y,Bad|Neutral|Neutral,1,1,0,100.0,0.0,inf,2023-05
0.1,3,Core CPI m/m|FOMC|CPI y/y,Neutral|Neutral|Good,3,2,1,66.7,33.3,2.0,2023-07|2024-06|2024-07
0.1,3,Core CPI m/m|FOMC|CPI y/y,Neutral|Neutral|Bad,1,1,0,100.0,0.0,inf,2023-09
0.1,3,Core CPI m/m|FOMC|CPI y/y,Neutral|Good|Neutral,1,1,0,100.0,0.0,inf,2024-09
0.2,3,Core CPI m/m|FOMC|CPI y/y,Neutral|Neutral|Neutral,11,9,2,81.8,18.2,4.5,2023-03|2023-05|2023-06|2023-07|2023-09|2023-11|2024-06|2024-07|2024-11|2024-12|2025-01
0.2,3,Core CPI m/m|FOMC|CPI y/y,Neutral|Good|Neutral,1,1,0,100.0,0.0,inf,2024-09
0.3,3,Core CPI m/m|FOMC|CPI y/y,Neutral|Neutral|Neutral,12,10,2,83.3,16.7,5.0,2023-03|2023-05|2023-06|2023-07|2023-09|2023-11|2024-06|2024-07|2024-09|2024-11|2024-12|2025-01
0.0,3,PPI m/m|Core PPI m/m|FOMC,Good|Good|Neutral,5,3,2,60.0,40.0,1.5,2023-03|2023-07|2023-11|2024-06|2025-01
0.0,3,PPI m/m|Core PPI m/m|FOMC,Good|Neutral|Neutral,2,2,0,100.0,0.0,inf,2023-05|2023-06
0.0,3,PPI m/m|Core PPI m/m|FOMC,Bad|Neutral|Neutral,2,2,0,100.0,0.0,inf,2023-09|2024-12
0.0,3,PPI m/m|Core PPI m/m|FOMC,Bad|Bad|Neutral,1,1,0,100.0,0.0,inf,2024-07
0.0,3,PPI m/m|Core PPI m/m|FOMC,Bad|Bad|Good,1,1,0,100.0,0.0,inf,2024-09
0.0,3,PPI m/m|Core PPI m/m|FOMC,Neutral|Neutral|Neutral,1,1,0,100.0,0.0,inf,2024-11
0.1,3,PPI m/m|Core PPI m/m|FOMC,Good|Good|Neutral,4,2,2,50.0,50.0,1.0,2023-03|2023-11|2024-06|2025-01
0.1,3,PPI m/m|Core PPI m/m|FOMC,Neutral|Neutral|Neutral,3,3,0,100.0,0.0,inf,2023-05|2023-07|2024-11
0.1,3,PPI m/m|Core PPI m/m|FOMC,Good|Neutral|Neutral,1,1,0,100.0,0.0,inf,2023-06
0.1,3,PPI m/m|Core PPI m/m|FOMC,Bad|Neutral|Neutral,2,2,0,100.0,0.0,inf,2023-09|2024-12
0.1,3,PPI m/m|Core PPI m/m|FOMC,Neutral|Bad|Neutral,1,1,0,100.0,0.0,inf,2024-07
0.1,3,PPI m/m|Core PPI m/m|FOMC,Neutral|Neutral|Good,1,1,0,100.0,0.0,inf,2024-09
0.2,3,PPI m/m|Core PPI m/m|FOMC,Good|Good|Neutral,3,1,2,33.3,66.7,0.5,2023-03|2023-11|2024-06
0.2,3,PPI m/m|Core PPI m/m|FOMC,Neutral|Neutral|Neutral,7,7,0,100.0,0.0,inf,2023-05|2023-06|2023-07|2024-07|2024-11|2024-12|2025-01
0.2,3,PPI m/m|Core PPI m/m|FOMC,Bad|Neutral|Neutral,1,1,0,100.0,0.0,inf,2023-09
0.2,3,PPI m/m|Core PPI m/m|FOMC,Neutral|Neutral|Good,1,1,0,100.0,0.0,inf,2024-09
0.3,3,PPI m/m|Core PPI m/m|FOMC,Good|Good|Neutral,1,1,0,100.0,0.0,inf,2023-03
0.3,3,PPI m/m|Core PPI m/m|FOMC,Neutral|Neutral|Neutral,9,9,0,100.0,0.0,inf,2023-05|2023-06|2023-07|2023-09|2024-07|2024-09|2024-11|2024-12|2025-01
0.3,3,PPI m/m|Core PPI m/m|FOMC,Good|Neutral|Neutral,2,0,2,0.0,100.0,0.0,2023-11|2024-06
0.0,3,PPI m/m|Core PPI m/m|CPI y/y,Good|Good|Neutral,8,7,1,87.5,12.5,7.0,2018-01|2018-08|2019-01|2020-07|2022-03|2023-03|2025-01|2025-09
0.0,3,PPI m/m|Core PPI m/m|CPI y/y,Neutral|Bad|Bad,1,1,0,100.0,0.0,inf,2018-02
0.0,3,PPI m/m|Core PPI m/m|CPI y/y,Good|Neutral|Neutral,4,2,2,50.0,50.0,1.0,2018-05|2021-01|2022-01|2023-01
0.0,3,PPI m/m|Core PPI m/m|CPI y/y,Bad|Bad|Neutral,9,6,3,66.7,33.3,2.0,2018-07|2018-12|2020-10|2021-02|2021-09|2021-12|2024-05|2024-09|2026-01
0.0,3,PPI m/m|Core PPI m/m|CPI y/y,Good|Good|Good,11,8,3,72.7,27.3,2.67,2018-09|2020-05|2022-11|2023-04|2023-07|2023-11|2024-06|2024-08|2025-03|2025-05|2025-06
0.0,3,PPI m/m|Core PPI m/m|CPI y/y,Neutral|Neutral|Good,2,1,1,50.0,50.0,1.0,2018-10|2019-06
0.0,3,PPI m/m|Core PPI m/m|CPI y/y,Good|Bad|Bad,1,0,1,0.0,100.0,0.0,2019-02
0.0,3,PPI m/m|Core PPI m/m|CPI y/y,Bad|Bad|Bad,14,8,6,57.1,42.9,1.33,2019-04|2020-02|2020-08|2020-09|2021-04|2021-05|2021-06|2021-07|2021-08|2022-02|2022-04|2023-02|2024-02|2024-03
0.0,3,PPI m/m|Core PPI m/m|CPI y/y,Neutral|Good|Good,1,1,0,100.0,0.0,inf,2019-05
0.0,3,PPI m/m|Core PPI m/m|CPI y/y,Neutral|Bad|Neutral,1,0,1,0.0,100.0,0.0,2019-07
0.0,3,PPI m/m|Core PPI m/m|CPI y/y,Neutral|Good|Bad,4,3,1,75.0,25.0,3.0,2019-08|2021-11|2022-05|2022-06
0.0,3,PPI m/m|Core PPI m/m|CPI y/y,Bad|Bad|Good,6,5,1,83.3,16.7,5.0,2020-04|2022-12|2023-08|2024-07|2025-08|2026-02
0.0,3,PPI m/m|Core PPI m/m|CPI y/y,Bad|Neutral|Good,1,1,0,100.0,0.0,inf,2020-06
0.0,3,PPI m/m|Core PPI m/m|CPI y/y,Bad|Good|Good,1,1,0,100.0,0.0,inf,2020-11
0.0,3,PPI m/m|Core PPI m/m|CPI y/y,Neutral|Good|Neutral,1,1,0,100.0,0.0,inf,2020-12
0.0,3,PPI m/m|Core PPI m/m|CPI y/y,Bad|Neutral|Neutral,2,2,0,100.0,0.0,inf,2021-03|2024-12
0.0,3,PPI m/m|Core PPI m/m|CPI y/y,Good|Good|Bad,3,3,0,100.0,0.0,inf,2021-10|2024-01|2025-07
0.0,3,PPI m/m|Core PPI m/m|CPI y/y,Good|Neutral|Good,2,2,0,100.0,0.0,inf,2023-05|2023-06
0.0,3,PPI m/m|Core PPI m/m|CPI y/y,Bad|Neutral|Bad,2,1,1,50.0,50.0,1.0,2023-09|2025-02
0.0,3,PPI m/m|Core PPI m/m|CPI y/y,Good|Neutral|Bad,1,1,0,100.0,0.0,inf,2024-10
0.0,3,PPI m/m|Core PPI m/m|CPI y/y,Neutral|Neutral|Neutral,1,1,0,100.0,0.0,inf,2024-11
0.1,3,PPI m/m|Core PPI m/m|CPI y/y,Good|Good|Neutral,9,8,1,88.9,11.1,8.0,2018-01|2018-09|2020-07|2022-03|2023-03|2023-04|2023-11|2025-01|2025-09
0.1,3,PPI m/m|Core PPI m/m|CPI y/y,Neutral|Bad|Bad,2,2,0,100.0,0.0,inf,2018-02|2020-09
0.1,3,PPI m/m|Core PPI m/m|CPI y/y,Neutral|Neutral|Neutral,11,7,4,63.6,36.4,1.75,2018-05|2018-07|2019-06|2019-07|2020-12|2021-03|2021-09|2023-05|2023-08|2024-09|2024-11
0.1,3,PPI m/m|Core PPI m/m|CPI y/y,Good|Neutral|Neutral,5,3,2,60.0,40.0,1.5,2018-08|2021-01|2022-01|2023-01|2023-06
0.1,3,PPI m/m|Core PPI m/m|CPI y/y,Neutral|Neutral|Good,4,4,0,100.0,0.0,inf,2018-10|2019-05|2020-11|2023-07
0.1,3,PPI m/m|Core PPI m/m|CPI y/y,Neutral|Bad|Neutral,1,1,0,100.0,0.0,inf,2018-12
0.1,3,PPI m/m|Core PPI m/m|CPI y/y,Neutral|Good|Neutral,1,1,0,100.0,0.0,inf,2019-01
0.1,3,PPI m/m|Core PPI m/m|CPI y/y,Good|Neutral|Bad,1,0,1,0.0,100.0,0.0,2019-02
0.1,3,PPI m/m|Core PPI m/m|CPI y/y,Bad|Neutral|Neutral,2,2,0,100.0,0.0,inf,2019-04|2024-12
0.1,3,PPI m/m|Core PPI m/m|CPI y/y,Neutral|Good|Bad,3,2,1,66.7,33.3,2.0,2019-08|2021-10|2022-05
0.1,3,PPI m/m|Core PPI m/m|CPI y/y,Bad|Bad|Bad,10,6,4,60.0,40.0,1.5,2020-02|2020-08|2021-04|2021-05|2021-06|2021-07|2021-08|2022-02|2023-02|2024-02
0.1,3,PPI m/m|Core PPI m/m|CPI y/y,Neutral|Bad|Good,3,2,1,66.7,33.3,2.0,2020-04|2022-12|2024-07
0.1,3,PPI m/m|Core PPI m/m|CPI y/y,Good|Good|Good,5,3,2,60.0,40.0,1.5,2020-05|2022-11|2024-06|2025-03|2025-05
0.1,3,PPI m/m|Core PPI m/m|CPI y/y,Bad|Neutral|Good,1,1,0,100.0,0.0,inf,2020-06
0.1,3,PPI m/m|Core PPI m/m|CPI y/y,Bad|Bad|Neutral,7,4,3,57.1,42.9,1.33,2020-10|2021-02|2021-12|2022-04|2024-05|2025-08|2026-01
0.1,3,PPI m/m|Core PPI m/m|CPI y/y,Neutral|Neutral|Bad,3,3,0,100.0,0.0,inf,2021-11|2022-06|2024-10
0.1,3,PPI m/m|Core PPI m/m|CPI y/y,Bad|Neutral|Bad,3,1,2,33.3,66.7,0.5,2023-09|2024-03|2025-02
0.1,3,PPI m/m|Core PPI m/m|CPI y/y,Good|Good|Bad,2,2,0,100.0,0.0,inf,2024-01|2025-07
0.1,3,PPI m/m|Core PPI m/m|CPI y/y,Neutral|Good|Good,2,2,0,100.0,0.0,inf,2024-08|2025-06
0.1,3,PPI m/m|Core PPI m/m|CPI y/y,Bad|Bad|Good,1,1,0,100.0,0.0,inf,2026-02
0.2,3,PPI m/m|Core PPI m/m|CPI y/y,Good|Good|Neutral,10,8,2,80.0,20.0,4.0,2018-01|2018-09|2020-07|2023-03|2023-04|2023-11|2024-06|2025-03|2025-05|2025-09
0.2,3,PPI m/m|Core PPI m/m|CPI y/y,Neutral|Neutral|Bad,4,3,1,75.0,25.0,3.0,2018-02|2021-11|2022-05|2022-06
0.2,3,PPI m/m|Core PPI m/m|CPI y/y,Neutral|Neutral|Neutral,34,25,9,73.5,26.5,2.78,2018-05|2018-07|2018-08|2018-10|2018-12|2019-02|2019-05|2019-06|2019-07|2020-04|2020-09|2020-10|2020-11|2020-12|2021-01|2021-03|2021-09|2022-01|2023-05|2023-06|2023-07|2023-08|2024-01|2024-07|2024-08|2024-09|2024-10|2024-11|2024-12|2025-01|2025-02|2025-06|2025-07|2026-01
0.2,3,PPI m/m|Core PPI m/m|CPI y/y,Neutral|Good|Neutral,4,4,0,100.0,0.0,inf,2019-01|2019-08|2021-10|2022-03
0.2,3,PPI m/m|Core PPI m/m|CPI y/y,Bad|Neutral|Neutral,4,3,1,75.0,25.0,3.0,2019-04|2020-06|2023-09|2024-03
0.2,3,PPI m/m|Core PPI m/m|CPI y/y,Bad|Bad|Neutral,7,5,2,71.4,28.6,2.5,2020-02|2021-02|2021-04|2021-08|2021-12|2022-04|2025-08
0.2,3,PPI m/m|Core PPI m/m|CPI y/y,Good|Neutral|Neutral,2,0,2,0.0,100.0,0.0,2020-05|2023-01
0.2,3,PPI m/m|Core PPI m/m|CPI y/y,Bad|Bad|Bad,4,2,2,50.0,50.0,1.0,2020-08|2021-05|2021-07|2022-02
0.2,3,PPI m/m|Core PPI m/m|CPI y/y,Bad|Neutral|Bad,2,2,0,100.0,0.0,inf,2021-06|2023-02
0.2,3,PPI m/m|Core PPI m/m|CPI y/y,Neutral|Good|Good,1,1,0,100.0,0.0,inf,2022-11
0.2,3,PPI m/m|Core PPI m/m|CPI y/y,Neutral|Neutral|Good,1,0,1,0.0,100.0,0.0,2022-12
0.2,3,PPI m/m|Core PPI m/m|CPI y/y,Neutral|Bad|Bad,1,0,1,0.0,100.0,0.0,2024-02
0.2,3,PPI m/m|Core PPI m/m|CPI y/y,Neutral|Bad|Neutral,2,2,0,100.0,0.0,inf,2024-05|2026-02
0.3,3,PPI m/m|Core PPI m/m|CPI y/y,Good|Good|Neutral,7,7,0,100.0,0.0,inf,2018-01|2018-09|2020-07|2023-03|2023-04|2025-05|2025-09
0.3,3,PPI m/m|Core PPI m/m|CPI y/y,Neutral|Neutral|Neutral,46,34,12,73.9,26.1,2.83,2018-02|2018-05|2018-07|2018-08|2018-10|2018-12|2019-02|2019-04|2019-05|2019-06|2019-07|2020-04|2020-09|2020-10|2020-11|2020-12|2021-01|2021-03|2021-09|2021-10|2021-11|2022-01|2022-05|2022-06|2022-11|2022-12|2023-02|2023-05|2023-06|2023-07|2023-08|2023-09|2024-01|2024-03|2024-05|2024-07|2024-08|2024-09|2024-10|2024-11|2024-12|2025-01|2025-02|2025-06|2025-07|2026-01
0.3,3,PPI m/m|Core PPI m/m|CPI y/y,Neutral|Good|Neutral,4,4,0,100.0,0.0,inf,2019-01|2019-08|2022-03|2025-03
0.3,3,PPI m/m|Core PPI m/m|CPI y/y,Bad|Neutral|Neutral,4,3,1,75.0,25.0,3.0,2020-02|2020-06|2021-06|2021-12
0.3,3,PPI m/m|Core PPI m/m|CPI y/y,Good|Neutral|Neutral,4,0,4,0.0,100.0,0.0,2020-05|2023-01|2023-11|2024-06
0.3,3,PPI m/m|Core PPI m/m|CPI y/y,Neutral|Bad|Bad,1,1,0,100.0,0.0,inf,2020-08
0.3,3,PPI m/m|Core PPI m/m|CPI y/y,Bad|Bad|Neutral,5,4,1,80.0,20.0,4.0,2021-02|2021-04|2021-08|2022-02|2025-08
0.3,3,PPI m/m|Core PPI m/m|CPI y/y,Neutral|Neutral|Bad,1,1,0,100.0,0.0,inf,2021-05
0.3,3,PPI m/m|Core PPI m/m|CPI y/y,Bad|Bad|Bad,1,0,1,0.0,100.0,0.0,2021-07
0.3,3,PPI m/m|Core PPI m/m|CPI y/y,Neutral|Bad|Neutral,3,1,2,33.3,66.7,0.5,2022-04|2024-02|2026-02
0.0,3,PPI m/m|FOMC|CPI y/y,Good|Neutral|Neutral,2,2,0,100.0,0.0,inf,2023-03|2025-01
0.0,3,PPI m/m|FOMC|CPI y/y,Good|Neutral|Good,5,3,2,60.0,40.0,1.5,2023-05|2023-06|2023-07|2023-11|2024-06
0.0,3,PPI m/m|FOMC|CPI y/y,Bad|Neutral|Bad,1,1,0,100.0,0.0,inf,2023-09
0.0,3,PPI m/m|FOMC|CPI y/y,Bad|Neutral|Good,1,1,0,100.0,0.0,inf,2024-07
0.0,3,PPI m/m|FOMC|CPI y/y,Bad|Good|Neutral,1,1,0,100.0,0.0,inf,2024-09
0.0,3,PPI m/m|FOMC|CPI y/y,Neutral|Neutral|Neutral,1,1,0,100.0,0.0,inf,2024-11
0.0,3,PPI m/m|FOMC|CPI y/y,Bad|Neutral|Neutral,1,1,0,100.0,0.0,inf,2024-12
0.1,3,PPI m/m|FOMC|CPI y/y,Good|Neutral|Neutral,4,3,1,75.0,25.0,3.0,2023-03|2023-06|2023-11|2025-01
0.1,3,PPI m/m|FOMC|CPI y/y,Neutral|Neutral|Neutral,2,2,0,100.0,0.0,inf,2023-05|2024-11
0.1,3,PPI m/m|FOMC|CPI y/y,Neutral|Neutral|Good,2,2,0,100.0,0.0,inf,2023-07|2024-07
0.1,3,PPI m/m|FOMC|CPI y/y,Bad|Neutral|Bad,1,1,0,100.0,0.0,inf,2023-09
0.1,3,PPI m/m|FOMC|CPI y/y,Good|Neutral|Good,1,0,1,0.0,100.0,0.0,2024-06
0.1,3,PPI m/m|FOMC|CPI y/y,Neutral|Good|Neutral,1,1,0,100.0,0.0,inf,2024-09
0.1,3,PPI m/m|FOMC|CPI y/y,Bad|Neutral|Neutral,1,1,0,100.0,0.0,inf,2024-12
0.2,3,PPI m/m|FOMC|CPI y/y,Good|Neutral|Neutral,3,1,2,33.3,66.7,0.5,2023-03|2023-11|2024-06
0.2,3,PPI m/m|FOMC|CPI y/y,Neutral|Neutral|Neutral,7,7,0,100.0,0.0,inf,2023-05|2023-06|2023-07|2024-07|2024-11|2024-12|2025-01
0.2,3,PPI m/m|FOMC|CPI y/y,Bad|Neutral|Neutral,1,1,0,100.0,0.0,inf,2023-09
0.2,3,PPI m/m|FOMC|CPI y/y,Neutral|Good|Neutral,1,1,0,100.0,0.0,inf,2024-09
0.3,3,PPI m/m|FOMC|CPI y/y,Good|Neutral|Neutral,3,1,2,33.3,66.7,0.5,2023-03|2023-11|2024-06
0.3,3,PPI m/m|FOMC|CPI y/y,Neutral|Neutral|Neutral,9,9,0,100.0,0.0,inf,2023-05|2023-06|2023-07|2023-09|2024-07|2024-09|2024-11|2024-12|2025-01
0.0,3,Core PPI m/m|FOMC|CPI y/y,Good|Neutral|Neutral,2,2,0,100.0,0.0,inf,2023-03|2025-01
0.0,3,Core PPI m/m|FOMC|CPI y/y,Neutral|Neutral|Good,2,2,0,100.0,0.0,inf,2023-05|2023-06
0.0,3,Core PPI m/m|FOMC|CPI y/y,Good|Neutral|Good,3,1,2,33.3,66.7,0.5,2023-07|2023-11|2024-06
0.0,3,Core PPI m/m|FOMC|CPI y/y,Neutral|Neutral|Bad,1,1,0,100.0,0.0,inf,2023-09
0.0,3,Core PPI m/m|FOMC|CPI y/y,Bad|Neutral|Good,1,1,0,100.0,0.0,inf,2024-07
0.0,3,Core PPI m/m|FOMC|CPI y/y,Bad|Good|Neutral,1,1,0,100.0,0.0,inf,2024-09
0.0,3,Core PPI m/m|FOMC|CPI y/y,Neutral|Neutral|Neutral,2,2,0,100.0,0.0,inf,2024-11|2024-12
0.1,3,Core PPI m/m|FOMC|CPI y/y,Good|Neutral|Neutral,3,2,1,66.7,33.3,2.0,2023-03|2023-11|2025-01
0.1,3,Core PPI m/m|FOMC|CPI y/y,Neutral|Neutral|Neutral,4,4,0,100.0,0.0,inf,2023-05|2023-06|2024-11|2024-12
0.1,3,Core PPI m/m|FOMC|CPI y/y,Neutral|Neutral|Good,1,1,0,100.0,0.0,inf,2023-07
0.1,3,Core PPI m/m|FOMC|CPI y/y,Neutral|Neutral|Bad,1,1,0,100.0,0.0,inf,2023-09
0.1,3,Core PPI m/m|FOMC|CPI y/y,Good|Neutral|Good,1,0,1,0.0,100.0,0.0,2024-06
0.1,3,Core PPI m/m|FOMC|CPI y/y,Bad|Neutral|Good,1,1,0,100.0,0.0,inf,2024-07
0.1,3,Core PPI m/m|FOMC|CPI y/y,Neutral|Good|Neutral,1,1,0,100.0,0.0,inf,2024-09
0.2,3,Core PPI m/m|FOMC|CPI y/y,Good|Neutral|Neutral,3,1,2,33.3,66.7,0.5,2023-03|2023-11|2024-06
0.2,3,Core PPI m/m|FOMC|CPI y/y,Neutral|Neutral|Neutral,8,8,0,100.0,0.0,inf,2023-05|2023-06|2023-07|2023-09|2024-07|2024-11|2024-12|2025-01
0.2,3,Core PPI m/m|FOMC|CPI y/y,Neutral|Good|Neutral,1,1,0,100.0,0.0,inf,2024-09
0.3,3,Core PPI m/m|FOMC|CPI y/y,Good|Neutral|Neutral,1,1,0,100.0,0.0,inf,2023-03
0.3,3,Core PPI m/m|FOMC|CPI y/y,Neutral|Neutral|Neutral,11,9,2,81.8,18.2,4.5,2023-05|2023-06|2023-07|2023-09|2023-11|2024-06|2024-07|2024-09|2024-11|2024-12|2025-01
0.0,4,CPI m/m|Core CPI m/m|PPI m/m|Core PPI m/m,Neutral|Bad|Good|Good,2,2,0,100.0,0.0,inf,2018-01|2023-03
0.0,4,CPI m/m|Core CPI m/m|PPI m/m|Core PPI m/m,Bad|Bad|Neutral|Bad,2,1,1,50.0,50.0,1.0,2018-02|2019-07
0.0,4,CPI m/m|Core CPI m/m|PPI m/m|Core PPI m/m,Good|Good|Good|Neutral,1,0,1,0.0,100.0,0.0,2018-05
0.0,4,CPI m/m|Core CPI m/m|PPI m/m|Core PPI m/m,Good|Neutral|Bad|Bad,4,2,2,50.0,50.0,1.0,2018-07|2020-02|2024-05|2026-02
0.0,4,CPI m/m|Core CPI m/m|PPI m/m|Core PPI m/m,Neutral|Neutral|Good|Good,4,3,1,75.0,25.0,3.0,2018-08|2019-01|2022-03|2024-08
0.0,4,CPI m/m|Core CPI m/m|PPI m/m|Core PPI m/m,Good|Good|Good|Good,9,6,3,66.7,33.3,2.0,2018-09|2020-05|2022-11|2023-07|2023-11|2024-06|2025-03|2025-05|2025-06
0.0,4,CPI m/m|Core CPI m/m|PPI m/m|Core PPI m/m,Good|Good|Neutral|Neutral,1,1,0,100.0,0.0,inf,2018-10
0.0,4,CPI m/m|Core CPI m/m|PPI m/m|Core PPI m/m,Neutral|Neutral|Bad|Bad,5,4,1,80.0,20.0,4.0,2018-12|2020-10|2023-02|2023-08|2025-08
0.0,4,CPI m/m|Core CPI m/m|PPI m/m|Core PPI m/m,Good|Neutral|Good|Bad,1,0,1,0.0,100.0,0.0,2019-02
0.0,4,CPI m/m|Core CPI m/m|PPI m/m|Core PPI m/m,Bad|Good|Bad|Bad,1,1,0,100.0,0.0,inf,2019-04
0.0,4,CPI m/m|Core CPI m/m|PPI m/m|Core PPI m/m,Good|Good|Neutral|Good,1,1,0,100.0,0.0,inf,2019-05
0.0,4,CPI m/m|Core CPI m/m|PPI m/m|Core PPI m/m,Neutral|Good|Neutral|Neutral,1,0,1,0.0,100.0,0.0,2019-06
0.0,4,CPI m/m|Core CPI m/m|PPI m/m|Core PPI m/m,Neutral|Bad|Neutral|Good,1,1,0,100.0,0.0,inf,2019-08
0.0,4,CPI m/m|Core CPI m/m|PPI m/m|Core PPI m/m,Good|Good|Bad|Bad,4,3,1,75.0,25.0,3.0,2020-04|2021-09|2022-12|2024-07
0.0,4,CPI m/m|Core CPI m/m|PPI m/m|Core PPI m/m,Good|Good|Bad|Neutral,1,1,0,100.0,0.0,inf,2020-06
0.0,4,CPI m/m|Core CPI m/m|PPI m/m|Core PPI m/m,Bad|Bad|Good|Good,1,1,0,100.0,0.0,inf,2020-07
0.0,4,CPI m/m|Core CPI m/m|PPI m/m|Core PPI m/m,Bad|Bad|Bad|Bad,8,5,3,62.5,37.5,1.67,2020-08|2020-09|2021-04|2021-05|2021-06|2021-07|2022-02|2024-02
0.0,4,CPI m/m|Core CPI m/m|PPI m/m|Core PPI m/m,Good|Good|Bad|Good,1,1,0,100.0,0.0,inf,2020-11
0.0,4,CPI m/m|Core CPI m/m|PPI m/m|Core PPI m/m,Bad|Bad|Neutral|Good,4,3,1,75.0,25.0,3.0,2020-12|2021-11|2022-05|2022-06
0.0,4,CPI m/m|Core CPI m/m|PPI m/m|Core PPI m/m,Neutral|Neutral|Good|Neutral,2,1,1,50.0,50.0,1.0,2021-01|2023-01
0.0,4,CPI m/m|Core CPI m/m|PPI m/m|Core PPI m/m,Neutral|Good|Bad|Bad,4,2,2,50.0,50.0,1.0,2021-02|2021-08|2022-04|2026-01
0.0,4,CPI m/m|Core CPI m/m|PPI m/m|Core PPI m/m,Neutral|Good|Bad|Neutral,1,1,0,100.0,0.0,inf,2021-03
0.0,4,CPI m/m|Core CPI m/m|PPI m/m|Core PPI m/m,Bad|Neutral|Good|Good,3,3,0,100.0,0.0,inf,2021-10|2024-01|2025-09
0.0,4,CPI m/m|Core CPI m/m|PPI m/m|Core PPI m/m,Bad|Neutral|Bad|Bad,1,1,0,100.0,0.0,inf,2021-12
0.0,4,CPI m/m|Core CPI m/m|PPI m/m|Core PPI m/m,Bad|Bad|Good|Neutral,2,2,0,100.0,0.0,inf,2022-01|2024-10
0.0,4,CPI m/m|Core CPI m/m|PPI m/m|Core PPI m/m,Good|Neutral|Good|Good,1,1,0,100.0,0.0,inf,2023-04
0.0,4,CPI m/m|Core CPI m/m|PPI m/m|Core PPI m/m,Neutral|Bad|Good|Neutral,1,1,0,100.0,0.0,inf,2023-05
0.0,4,CPI m/m|Core CPI m/m|PPI m/m|Core PPI m/m,Good|Neutral|Good|Neutral,1,1,0,100.0,0.0,inf,2023-06
0.0,4,CPI m/m|Core CPI m/m|PPI m/m|Core PPI m/m,Neutral|Bad|Bad|Neutral,1,1,0,100.0,0.0,inf,2023-09
0.0,4,CPI m/m|Core CPI m/m|PPI m/m|Core PPI m/m,Neutral|Bad|Bad|Bad,2,1,1,50.0,50.0,1.0,2024-03|2024-09
0.0,4,CPI m/m|Core CPI m/m|PPI m/m|Core PPI m/m,Neutral|Neutral|Neutral|Neutral,1,1,0,100.0,0.0,inf,2024-11
0.0,4,CPI m/m|Core CPI m/m|PPI m/m|Core PPI m/m,Neutral|Neutral|Bad|Neutral,1,1,0,100.0,0.0,inf,2024-12
0.0,4,CPI m/m|Core CPI m/m|PPI m/m|Core PPI m/m,Neutral|Good|Good|Good,2,2,0,100.0,0.0,inf,2025-01|2025-07
0.0,4,CPI m/m|Core CPI m/m|PPI m/m|Core PPI m/m,Bad|Bad|Bad|Neutral,1,0,1,0.0,100.0,0.0,2025-02
0.1,4,CPI m/m|Core CPI m/m|PPI m/m|Core PPI m/m,Neutral|Neutral|Good|Good,13,11,2,84.6,15.4,5.5,2018-01|2018-09|2020-07|2022-03|2023-03|2023-04|2023-11|2024-01|2024-06|2025-01|2025-03|2025-05|2025-07
0.1,4,CPI m/m|Core CPI m/m|PPI m/m|Core PPI m/m,Bad|Neutral|Neutral|Bad,1,1,0,100.0,0.0,inf,2018-02
0.1,4,CPI m/m|Core CPI m/m|PPI m/m|Core PPI m/m,Neutral|Neutral|Neutral|Neutral,12,8,4,66.7,33.3,2.0,2018-05|2018-07|2018-10|2019-06|2019-07|2020-12|2021-03|2023-07|2023-08|2024-09|2024-10|2024-11
0.1,4,CPI m/m|Core CPI m/m|PPI m/m|Core PPI m/m,Neutral|Neutral|Good|Neutral,6,3,3,50.0,50.0,1.0,2018-08|2019-02|2021-01|2022-01|2023-01|2023-06
0.1,4,CPI m/m|Core CPI m/m|PPI m/m|Core PPI m/m,Neutral|Neutral|Neutral|Bad,1,1,0,100.0,0.0,inf,2018-12
0.1,4,CPI m/m|Core CPI m/m|PPI m/m|Core PPI m/m,Neutral|Neutral|Neutral|Good,3,3,0,100.0,0.0,inf,2019-01|2019-08|2024-08
0.1,4,CPI m/m|Core CPI m/m|PPI m/m|Core PPI m/m,Bad|Neutral|Bad|Neutral,1,1,0,100.0,0.0,inf,2019-04
0.1,4,CPI m/m|Core CPI m/m|PPI m/m|Core PPI m/m,Good|Neutral|Neutral|Neutral,1,1,0,100.0,0.0,inf,2019-05
0.1,4,CPI m/m|Core CPI m/m|PPI m/m|Core PPI m/m,Neutral|Neutral|Bad|Bad,7,4,3,57.1,42.9,1.33,2020-02|2020-10|2021-04|2023-02|2025-08|2026-01|2026-02
0.1,4,CPI m/m|Core CPI m/m|PPI m/m|Core PPI m/m,Good|Good|Neutral|Bad,1,1,0,100.0,0.0,inf,2020-04
0.1,4,CPI m/m|Core CPI m/m|PPI m/m|Core PPI m/m,Good|Good|Good|Good,2,1,1,50.0,50.0,1.0,2020-05|2022-11
0.1,4,CPI m/m|Core CPI m/m|PPI m/m|Core PPI m/m,Neutral|Neutral|Bad|Neutral,3,3,0,100.0,0.0,inf,2020-06|2023-09|2024-12
0.1,4,CPI m/m|Core CPI m/m|PPI m/m|Core PPI m/m,Bad|Bad|Bad|Bad,4,3,1,75.0,25.0,3.0,2020-08|2021-05|2021-06|2021-07
0.1,4,CPI m/m|Core CPI m/m|PPI m/m|Core PPI m/m,Bad|Bad|Neutral|Bad,1,1,0,100.0,0.0,inf,2020-09
0.1,4,CPI m/m|Core CPI m/m|PPI m/m|Core PPI m/m,Neutral|Good|Neutral|Neutral,1,1,0,100.0,0.0,inf,2020-11
0.1,4,CPI m/m|Core CPI m/m|PPI m/m|Core PPI m/m,Neutral|Good|Bad|Bad,3,2,1,66.7,33.3,2.0,2021-02|2021-08|2022-04
0.1,4,CPI m/m|Core CPI m/m|PPI m/m|Core PPI m/m,Good|Good|Neutral|Neutral,1,1,0,100.0,0.0,inf,2021-09
0.1,4,CPI m/m|Core CPI m/m|PPI m/m|Core PPI m/m,Bad|Neutral|Neutral|Good,1,1,0,100.0,0.0,inf,2021-10
0.1,4,CPI m/m|Core CPI m/m|PPI m/m|Core PPI m/m,Bad|Bad|Neutral|Neutral,1,1,0,100.0,0.0,inf,2021-11
0.1,4,CPI m/m|Core CPI m/m|PPI m/m|Core PPI m/m,Bad|Neutral|Bad|Bad,2,1,1,50.0,50.0,1.0,2021-12|2022-02
0.1,4,CPI m/m|Core CPI m/m|PPI m/m|Core PPI m/m,Neutral|Bad|Neutral|Good,1,0,1,0.0,100.0,0.0,2022-05
0.1,4,CPI m/m|Core CPI m/m|PPI m/m|Core PPI m/m,Bad|Neutral|Neutral|Neutral,1,1,0,100.0,0.0,inf,2022-06
0.1,4,CPI m/m|Core CPI m/m|PPI m/m|Core PPI m/m,Good|Neutral|Neutral|Bad,2,1,1,50.0,50.0,1.0,2022-12|2024-07
0.1,4,CPI m/m|Core CPI m/m|PPI m/m|Core PPI m/m,Neutral|Bad|Neutral|Neutral,1,1,0,100.0,0.0,inf,2023-05
0.1,4,CPI m/m|Core CPI m/m|PPI m/m|Core PPI m/m,Neutral|Bad|Bad|Bad,1,0,1,0.0,100.0,0.0,2024-02
0.1,4,CPI m/m|Core CPI m/m|PPI m/m|Core PPI m/m,Neutral|Bad|Bad|Neutral,1,0,1,0.0,100.0,0.0,2024-03
0.1,4,CPI m/m|Core CPI m/m|PPI m/m|Core PPI m/m,Good|Neutral|Bad|Bad,1,1,0,100.0,0.0,inf,2024-05
0.1,4,CPI m/m|Core CPI m/m|PPI m/m|Core PPI m/m,Bad|Bad|Bad|Neutral,1,0,1,0.0,100.0,0.0,2025-02
0.1,4,CPI m/m|Core CPI m/m|PPI m/m|Core PPI m/m,Neutral|Good|Neutral|Good,1,1,0,100.0,0.0,inf,2025-06
0.1,4,CPI m/m|Core CPI m/m|PPI m/m|Core PPI m/m,Bad|Neutral|Good|Good,1,1,0,100.0,0.0,inf,2025-09
0.2,4,CPI m/m|Core CPI m/m|PPI m/m|Core PPI m/m,Neutral|Neutral|Good|Good,10,8,2,80.0,20.0,4.0,2018-01|2018-09|2020-07|2023-03|2023-04|2023-11|2024-06|2025-03|2025-05|2025-09
0.2,4,CPI m/m|Core CPI m/m|PPI m/m|Core PPI m/m,Neutral|Neutral|Neutral|Neutral,37,26,11,70.3,29.7,2.36,2018-02|2018-05|2018-07|2018-08|2018-10|2018-12|2019-02|2019-05|2019-06|2019-07|2020-04|2020-09|2020-10|2020-11|2020-12|2021-01|2021-03|2021-09|2022-01|2022-05|2022-12|2023-05|2023-06|2023-07|2023-08|2024-01|2024-07|2024-08|2024-09|2024-10|2024-11|2024-12|2025-01|2025-02|2025-06|2025-07|2026-01
0.2,4,CPI m/m|Core CPI m/m|PPI m/m|Core PPI m/m,Neutral|Neutral|Neutral|Good,5,5,0,100.0,0.0,inf,2019-01|2019-08|2021-10|2022-03|2022-11
0.2,4,CPI m/m|Core CPI m/m|PPI m/m|Core PPI m/m,Neutral|Neutral|Bad|Neutral,6,5,1,83.3,16.7,5.0,2019-04|2020-06|2021-06|2023-02|2023-09|2024-03
0.2,4,CPI m/m|Core CPI m/m|PPI m/m|Core PPI m/m,Neutral|Neutral|Bad|Bad,8,5,3,62.5,37.5,1.67,2020-02|2021-02|2021-04|2021-08|2021-12|2022-02|2022-04|2025-08
0.2,4,CPI m/m|Core CPI m/m|PPI m/m|Core PPI m/m,Neutral|Neutral|Good|Neutral,2,0,2,0.0,100.0,0.0,2020-05|2023-01
0.2,4,CPI m/m|Core CPI m/m|PPI m/m|Core PPI m/m,Bad|Bad|Bad|Bad,3,2,1,66.7,33.3,2.0,2020-08|2021-05|2021-07
0.2,4,CPI m/m|Core CPI m/m|PPI m/m|Core PPI m/m,Bad|Neutral|Neutral|Neutral,2,2,0,100.0,0.0,inf,2021-11|2022-06
0.2,4,CPI m/m|Core CPI m/m|PPI m/m|Core PPI m/m,Neutral|Neutral|Neutral|Bad,3,2,1,66.7,33.3,2.0,2024-02|2024-05|2026-02
0.3,4,CPI m/m|Core CPI m/m|PPI m/m|Core PPI m/m,Neutral|Neutral|Good|Good,7,7,0,100.0,0.0,inf,2018-01|2018-09|2020-07|2023-03|2023-04|2025-05|2025-09
0.3,4,CPI m/m|Core CPI m/m|PPI m/m|Core PPI m/m,Neutral|Neutral|Neutral|Neutral,44,32,12,72.7,27.3,2.67,2018-02|2018-05|2018-07|2018-08|2018-10|2018-12|2019-02|2019-04|2019-05|2019-06|2019-07|2020-04|2020-09|2020-10|2020-11|2020-12|2021-01|2021-03|2021-09|2021-10|2022-01|2022-05|2022-11|2022-12|2023-02|2023-05|2023-06|2023-07|2023-08|2023-09|2024-01|2024-03|2024-05|2024-07|2024-08|2024-09|2024-10|2024-11|2024-12|2025-01|2025-02|2025-06|2025-07|2026-01
0.3,4,CPI m/m|Core CPI m/m|PPI m/m|Core PPI m/m,Neutral|Neutral|Neutral|Good,4,4,0,100.0,0.0,inf,2019-01|2019-08|2022-03|2025-03
0.3,4,CPI m/m|Core CPI m/m|PPI m/m|Core PPI m/m,Neutral|Neutral|Bad|Neutral,4,3,1,75.0,25.0,3.0,2020-02|2020-06|2021-06|2021-12
0.3,4,CPI m/m|Core CPI m/m|PPI m/m|Core PPI m/m,Neutral|Neutral|Good|Neutral,4,0,4,0.0,100.0,0.0,2020-05|2023-01|2023-11|2024-06
0.3,4,CPI m/m|Core CPI m/m|PPI m/m|Core PPI m/m,Neutral|Bad|Neutral|Bad,1,1,0,100.0,0.0,inf,2020-08
0.3,4,CPI m/m|Core CPI m/m|PPI m/m|Core PPI m/m,Neutral|Neutral|Bad|Bad,5,4,1,80.0,20.0,4.0,2021-02|2021-04|2021-08|2022-02|2025-08
0.3,4,CPI m/m|Core CPI m/m|PPI m/m|Core PPI m/m,Bad|Bad|Neutral|Neutral,1,1,0,100.0,0.0,inf,2021-05
0.3,4,CPI m/m|Core CPI m/m|PPI m/m|Core PPI m/m,Bad|Bad|Bad|Bad,1,0,1,0.0,100.0,0.0,2021-07
0.3,4,CPI m/m|Core CPI m/m|PPI m/m|Core PPI m/m,Bad|Neutral|Neutral|Neutral,2,2,0,100.0,0.0,inf,2021-11|2022-06
0.3,4,CPI m/m|Core CPI m/m|PPI m/m|Core PPI m/m,Neutral|Neutral|Neutral|Bad,3,1,2,33.3,66.7,0.5,2022-04|2024-02|2026-02
0.0,4,CPI m/m|Core CPI m/m|PPI m/m|FOMC,Neutral|Bad|Good|Neutral,2,2,0,100.0,0.0,inf,2023-03|2023-05
0.0,4,CPI m/m|Core CPI m/m|PPI m/m|FOMC,Good|Neutral|Good|Neutral,1,1,0,100.0,0.0,inf,2023-06
0.0,4,CPI m/m|Core CPI m/m|PPI m/m|FOMC,Good|Good|Good|Neutral,3,1,2,33.3,66.7,0.5,2023-07|2023-11|2024-06
0.0,4,CPI m/m|Core CPI m/m|PPI m/m|FOMC,Neutral|Bad|Bad|Neutral,1,1,0,100.0,0.0,inf,2023-09
0.0,4,CPI m/m|Core CPI m/m|PPI m/m|FOMC,Good|Good|Bad|Neutral,1,1,0,100.0,0.0,inf,2024-07
0.0,4,CPI m/m|Core CPI m/m|PPI m/m|FOMC,Neutral|Bad|Bad|Good,1,1,0,100.0,0.0,inf,2024-09
0.0,4,CPI m/m|Core CPI m/m|PPI m/m|FOMC,Neutral|Neutral|Neutral|Neutral,1,1,0,100.0,0.0,inf,2024-11
0.0,4,CPI m/m|Core CPI m/m|PPI m/m|FOMC,Neutral|Neutral|Bad|Neutral,1,1,0,100.0,0.0,inf,2024-12
0.0,4,CPI m/m|Core CPI m/m|PPI m/m|FOMC,Neutral|Good|Good|Neutral,1,1,0,100.0,0.0,inf,2025-01
0.1,4,CPI m/m|Core CPI m/m|PPI m/m|FOMC,Neutral|Neutral|Good|Neutral,5,3,2,60.0,40.0,1.5,2023-03|2023-06|2023-11|2024-06|2025-01
0.1,4,CPI m/m|Core CPI m/m|PPI m/m|FOMC,Neutral|Bad|Neutral|Neutral,1,1,0,100.0,0.0,inf,2023-05
0.1,4,CPI m/m|Core CPI m/m|PPI m/m|FOMC,Neutral|Neutral|Neutral|Neutral,2,2,0,100.0,0.0,inf,2023-07|2024-11
0.1,4,CPI m/m|Core CPI m/m|PPI m/m|FOMC,Neutral|Neutral|Bad|Neutral,2,2,0,100.0,0.0,inf,2023-09|2024-12
0.1,4,CPI m/m|Core CPI m/m|PPI m/m|FOMC,Good|Neutral|Neutral|Neutral,1,1,0,100.0,0.0,inf,2024-07
0.1,4,CPI m/m|Core CPI m/m|PPI m/m|FOMC,Neutral|Neutral|Neutral|Good,1,1,0,100.0,0.0,inf,2024-09
0.2,4,CPI m/m|Core CPI m/m|PPI m/m|FOMC,Neutral|Neutral|Good|Neutral,3,1,2,33.3,66.7,0.5,2023-03|2023-11|2024-06
0.2,4,CPI m/m|Core CPI m/m|PPI m/m|FOMC,Neutral|Neutral|Neutral|Neutral,7,7,0,100.0,0.0,inf,2023-05|2023-06|2023-07|2024-07|2024-11|2024-12|2025-01
0.2,4,CPI m/m|Core CPI m/m|PPI m/m|FOMC,Neutral|Neutral|Bad|Neutral,1,1,0,100.0,0.0,inf,2023-09
0.2,4,CPI m/m|Core CPI m/m|PPI m/m|FOMC,Neutral|Neutral|Neutral|Good,1,1,0,100.0,0.0,inf,2024-09
0.3,4,CPI m/m|Core CPI m/m|PPI m/m|FOMC,Neutral|Neutral|Good|Neutral,3,1,2,33.3,66.7,0.5,2023-03|2023-11|2024-06
0.3,4,CPI m/m|Core CPI m/m|PPI m/m|FOMC,Neutral|Neutral|Neutral|Neutral,9,9,0,100.0,0.0,inf,2023-05|2023-06|2023-07|2023-09|2024-07|2024-09|2024-11|2024-12|2025-01
0.0,4,CPI m/m|Core CPI m/m|PPI m/m|CPI y/y,Neutral|Bad|Good|Neutral,2,2,0,100.0,0.0,inf,2018-01|2023-03
0.0,4,CPI m/m|Core CPI m/m|PPI m/m|CPI y/y,Bad|Bad|Neutral|Bad,4,3,1,75.0,25.0,3.0,2018-02|2021-11|2022-05|2022-06
0.0,4,CPI m/m|Core CPI m/m|PPI m/m|CPI y/y,Good|Good|Good|Neutral,1,0,1,0.0,100.0,0.0,2018-05
0.0,4,CPI m/m|Core CPI m/m|PPI m/m|CPI y/y,Good|Neutral|Bad|Neutral,2,1,1,50.0,50.0,1.0,2018-07|2024-05
0.0,4,CPI m/m|Core CPI m/m|PPI m/m|CPI y/y,Neutral|Neutral|Good|Neutral,5,3,2,60.0,40.0,1.5,2018-08|2019-01|2021-01|2022-03|2023-01
0.0,4,CPI m/m|Core CPI m/m|PPI m/m|CPI y/y,Good|Good|Good|Good,9,6,3,66.7,33.3,2.0,2018-09|2020-05|2022-11|2023-07|2023-11|2024-06|2025-03|2025-05|2025-06
0.0,4,CPI m/m|Core CPI m/m|PPI m/m|CPI y/y,Good|Good|Neutral|Good,2,2,0,100.0,0.0,inf,2018-10|2019-05
0.0,4,CPI m/m|Core CPI m/m|PPI m/m|CPI y/y,Neutral|Neutral|Bad|Neutral,3,2,1,66.7,33.3,2.0,2018-12|2020-10|2024-12
0.0,4,CPI m/m|Core CPI m/m|PPI m/m|CPI y/y,Good|Neutral|Good|Bad,1,0,1,0.0,100.0,0.0,2019-02
0.0,4,CPI m/m|Core CPI m/m|PPI m/m|CPI y/y,Bad|Good|Bad|Bad,1,1,0,100.0,0.0,inf,2019-04
0.0,4,CPI m/m|Core CPI m/m|PPI m/m|CPI y/y,Neutral|Good|Neutral|Good,1,0,1,0.0,100.0,0.0,2019-06
0.0,4,CPI m/m|Core CPI m/m|PPI m/m|CPI y/y,Bad|Bad|Neutral|Neutral,2,1,1,50.0,50.0,1.0,2019-07|2020-12
0.0,4,CPI m/m|Core CPI m/m|PPI m/m|CPI y/y,Neutral|Bad|Neutral|Bad,1,1,0,100.0,0.0,inf,2019-08
0.0,4,CPI m/m|Core CPI m/m|PPI m/m|CPI y/y,Good|Neutral|Bad|Bad,1,0,1,0.0,100.0,0.0,2020-02
0.0,4,CPI m/m|Core CPI m/m|PPI m/m|CPI y/y,Good|Good|Bad|Good,5,4,1,80.0,20.0,4.0,2020-04|2020-06|2020-11|2022-12|2024-07
0.0,4,CPI m/m|Core CPI m/m|PPI m/m|CPI y/y,Bad|Bad|Good|Neutral,2,2,0,100.0,0.0,inf,2020-07|2022-01
0.0,4,CPI m/m|Core CPI m/m|PPI m/m|CPI y/y,Bad|Bad|Bad|Bad,9,5,4,55.6,44.4,1.25,2020-08|2020-09|2021-04|2021-05|2021-06|2021-07|2022-02|2024-02|2025-02
0.0,4,CPI m/m|Core CPI m/m|PPI m/m|CPI y/y,Neutral|Good|Bad|Neutral,3,2,1,66.7,33.3,2.0,2021-02|2021-03|2026-01
0.0,4,CPI m/m|Core CPI m/m|PPI m/m|CPI y/y,Neutral|Good|Bad|Bad,2,1,1,50.0,50.0,1.0,2021-08|2022-04
0.0,4,CPI m/m|Core CPI m/m|PPI m/m|CPI y/y,Good|Good|Bad|Neutral,1,1,0,100.0,0.0,inf,2021-09
0.0,4,CPI m/m|Core CPI m/m|PPI m/m|CPI y/y,Bad|Neutral|Good|Bad,2,2,0,100.0,0.0,inf,2021-10|2024-01
0.0,4,CPI m/m|Core CPI m/m|PPI m/m|CPI y/y,Bad|Neutral|Bad|Neutral,1,1,0,100.0,0.0,inf,2021-12
0.0,4,CPI m/m|Core CPI m/m|PPI m/m|CPI y/y,Neutral|Neutral|Bad|Bad,1,1,0,100.0,0.0,inf,2023-02
0.0,4,CPI m/m|Core CPI m/m|PPI m/m|CPI y/y,Good|Neutral|Good|Good,2,2,0,100.0,0.0,inf,2023-04|2023-06
0.0,4,CPI m/m|Core CPI m/m|PPI m/m|CPI y/y,Neutral|Bad|Good|Good,1,1,0,100.0,0.0,inf,2023-05
0.0,4,CPI m/m|Core CPI m/m|PPI m/m|CPI y/y,Neutral|Neutral|Bad|Good,2,2,0,100.0,0.0,inf,2023-08|2025-08
0.0,4,CPI m/m|Core CPI m/m|PPI m/m|CPI y/y,Neutral|Bad|Bad|Bad,2,1,1,50.0,50.0,1.0,2023-09|2024-03
0.0,4,CPI m/m|Core CPI m/m|PPI m/m|CPI y/y,Neutral|Neutral|Good|Good,1,1,0,100.0,0.0,inf,2024-08
0.0,4,CPI m/m|Core CPI m/m|PPI m/m|CPI y/y,Neutral|Bad|Bad|Neutral,1,1,0,100.0,0.0,inf,2024-09
0.0,4,CPI m/m|Core CPI m/m|PPI m/m|CPI y/y,Bad|Bad|Good|Bad,1,1,0,100.0,0.0,inf,2024-10
0.0,4,CPI m/m|Core CPI m/m|PPI m/m|CPI y/y,Neutral|Neutral|Neutral|Neutral,1,1,0,100.0,0.0,inf,2024-11
0.0,4,CPI m/m|Core CPI m/m|PPI m/m|CPI y/y,Neutral|Good|Good|Neutral,1,1,0,100.0,0.0,inf,2025-01
0.0,4,CPI m/m|Core CPI m/m|PPI m/m|CPI y/y,Neutral|Good|Good|Bad,1,1,0,100.0,0.0,inf,2025-07
0.0,4,CPI m/m|Core CPI m/m|PPI m/m|CPI y/y,Bad|Neutral|Good|Neutral,1,1,0,100.0,0.0,inf,2025-09
0.0,4,CPI m/m|Core CPI m/m|PPI m/m|CPI y/y,Good|Neutral|Bad|Good,1,1,0,100.0,0.0,inf,2026-02
0.1,4,CPI m/m|Core CPI m/m|PPI m/m|CPI y/y,Neutral|Neutral|Good|Neutral,13,10,3,76.9,23.1,3.33,2018-01|2018-08|2018-09|2020-07|2021-01|2022-01|2022-03|2023-01|2023-03|2023-04|2023-06|2023-11|2025-01
0.1,4,CPI m/m|Core CPI m/m|PPI m/m|CPI y/y,Bad|Neutral|Neutral|Bad,3,3,0,100.0,0.0,inf,2018-02|2021-10|2022-06
0.1,4,CPI m/m|Core CPI m/m|PPI m/m|CPI y/y,Neutral|Neutral|Neutral|Neutral,11,7,4,63.6,36.4,1.75,2018-05|2018-07|2018-12|2019-01|2019-06|2019-07|2020-12|2021-03|2023-08|2024-09|2024-11
0.1,4,CPI m/m|Core CPI m/m|PPI m/m|CPI y/y,Neutral|Neutral|Neutral|Good,3,3,0,100.0,0.0,inf,2018-10|2023-07|2024-08
0.1,4,CPI m/m|Core CPI m/m|PPI m/m|CPI y/y,Neutral|Neutral|Good|Bad,3,2,1,66.7,33.3,2.0,2019-02|2024-01|2025-07
0.1,4,CPI m/m|Core CPI m/m|PPI m/m|CPI y/y,Bad|Neutral|Bad|Neutral,2,2,0,100.0,0.0,inf,2019-04|2021-12
0.1,4,CPI m/m|Core CPI m/m|PPI m/m|CPI y/y,Good|Neutral|Neutral|Good,3,2,1,66.7,33.3,2.0,2019-05|2022-12|2024-07
0.1,4,CPI m/m|Core CPI m/m|PPI m/m|CPI y/y,Neutral|Neutral|Neutral|Bad,2,2,0,100.0,0.0,inf,2019-08|2024-10
0.1,4,CPI m/m|Core CPI m/m|PPI m/m|CPI y/y,Neutral|Neutral|Bad|Bad,4,3,1,75.0,25.0,3.0,2020-02|2021-04|2023-02|2023-09
0.1,4,CPI m/m|Core CPI m/m|PPI m/m|CPI y/y,Good|Good|Neutral|Good,1,1,0,100.0,0.0,inf,2020-04
0.1,4,CPI m/m|Core CPI m/m|PPI m/m|CPI y/y,Good|Good|Good|Good,2,1,1,50.0,50.0,1.0,2020-05|2022-11
0.1,4,CPI m/m|Core CPI m/m|PPI m/m|CPI y/y,Neutral|Neutral|Bad|Good,2,2,0,100.0,0.0,inf,2020-06|2026-02
0.1,4,CPI m/m|Core CPI m/m|PPI m/m|CPI y/y,Bad|Bad|Bad|Bad,5,3,2,60.0,40.0,1.5,2020-08|2021-05|2021-06|2021-07|2025-02
0.1,4,CPI m/m|Core CPI m/m|PPI m/m|CPI y/y,Bad|Bad|Neutral|Bad,2,2,0,100.0,0.0,inf,2020-09|2021-11
0.1,4,CPI m/m|Core CPI m/m|PPI m/m|CPI y/y,Neutral|Neutral|Bad|Neutral,4,2,2,50.0,50.0,1.0,2020-10|2024-12|2025-08|2026-01
0.1,4,CPI m/m|Core CPI m/m|PPI m/m|CPI y/y,Neutral|Good|Neutral|Good,2,2,0,100.0,0.0,inf,2020-11|2025-06
0.1,4,CPI m/m|Core CPI m/m|PPI m/m|CPI y/y,Neutral|Good|Bad|Neutral,2,1,1,50.0,50.0,1.0,2021-02|2022-04
0.1,4,CPI m/m|Core CPI m/m|PPI m/m|CPI y/y,Neutral|Good|Bad|Bad,1,1,0,100.0,0.0,inf,2021-08
0.1,4,CPI m/m|Core CPI m/m|PPI m/m|CPI y/y,Good|Good|Neutral|Neutral,1,1,0,100.0,0.0,inf,2021-09
0.1,4,CPI m/m|Core CPI m/m|PPI m/m|CPI y/y,Bad|Neutral|Bad|Bad,1,0,1,0.0,100.0,0.0,2022-02
0.1,4,CPI m/m|Core CPI m/m|PPI m/m|CPI y/y,Neutral|Bad|Neutral|Bad,1,0,1,0.0,100.0,0.0,2022-05
0.1,4,CPI m/m|Core CPI m/m|PPI m/m|CPI y/y,Neutral|Bad|Neutral|Neutral,1,1,0,100.0,0.0,inf,2023-05
0.1,4,CPI m/m|Core CPI m/m|PPI m/m|CPI y/y,Neutral|Bad|Bad|Bad,2,0,2,0.0,100.0,0.0,2024-02|2024-03
0.1,4,CPI m/m|Core CPI m/m|PPI m/m|CPI y/y,Good|Neutral|Bad|Neutral,1,1,0,100.0,0.0,inf,2024-05
0.1,4,CPI m/m|Core CPI m/m|PPI m/m|CPI y/y,Neutral|Neutral|Good|Good,3,2,1,66.7,33.3,2.0,2024-06|2025-03|2025-05
0.1,4,CPI m/m|Core CPI m/m|PPI m/m|CPI y/y,Bad|Neutral|Good|Neutral,1,1,0,100.0,0.0,inf,2025-09
0.2,4,CPI m/m|Core CPI m/m|PPI m/m|CPI y/y,Neutral|Neutral|Good|Neutral,12,8,4,66.7,33.3,2.0,2018-01|2018-09|2020-05|2020-07|2023-01|2023-03|2023-04|2023-11|2024-06|2025-03|2025-05|2025-09
0.2,4,CPI m/m|Core CPI m/m|PPI m/m|CPI y/y,Neutral|Neutral|Neutral|Bad,3,1,2,33.3,66.7,0.5,2018-02|2022-05|2024-02
0.2,4,CPI m/m|Core CPI m/m|PPI m/m|CPI y/y,Neutral|Neutral|Neutral|Neutral,40,31,9,77.5,22.5,3.44,2018-05|2018-07|2018-08|2018-10|2018-12|2019-01|2019-02|2019-05|2019-06|2019-07|2019-08|2020-04|2020-09|2020-10|2020-11|2020-12|2021-01|2021-03|2021-09|2021-10|2022-01|2022-03|2023-05|2023-06|2023-07|2023-08|2024-01|2024-05|2024-07|2024-08|2024-09|2024-10|2024-11|2024-12|2025-01|2025-02|2025-06|2025-07|2026-01|2026-02
0.2,4,CPI m/m|Core CPI m/m|PPI m/m|CPI y/y,Neutral|Neutral|Bad|Neutral,11,8,3,72.7,27.3,2.67,2019-04|2020-02|2020-06|2021-02|2021-04|2021-08|2021-12|2022-04|2023-09|2024-03|2025-08
0.2,4,CPI m/m|Core CPI m/m|PPI m/m|CPI y/y,Bad|Bad|Bad|Bad,3,2,1,66.7,33.3,2.0,2020-08|2021-05|2021-07
0.2,4,CPI m/m|Core CPI m/m|PPI m/m|CPI y/y,Neutral|Neutral|Bad|Bad,3,2,1,66.7,33.3,2.0,2021-06|2022-02|2023-02
0.2,4,CPI m/m|Core CPI m/m|PPI m/m|CPI y/y,Bad|Neutral|Neutral|Bad,2,2,0,100.0,0.0,inf,2021-11|2022-06
0.2,4,CPI m/m|Core CPI m/m|PPI m/m|CPI y/y,Neutral|Neutral|Neutral|Good,2,1,1,50.0,50.0,1.0,2022-11|2022-12
0.3,4,CPI m/m|Core CPI m/m|PPI m/m|CPI y/y,Neutral|Neutral|Good|Neutral,11,7,4,63.6,36.4,1.75,2018-01|2018-09|2020-05|2020-07|2023-01|2023-03|2023-04|2023-11|2024-06|2025-05|2025-09
0.3,4,CPI m/m|Core CPI m/m|PPI m/m|CPI y/y,Neutral|Neutral|Neutral|Neutral,51,37,14,72.5,27.5,2.64,2018-02|2018-05|2018-07|2018-08|2018-10|2018-12|2019-01|2019-02|2019-04|2019-05|2019-06|2019-07|2019-08|2020-04|2020-09|2020-10|2020-11|2020-12|2021-01|2021-03|2021-09|2021-10|2022-01|2022-03|2022-04|2022-05|2022-11|2022-12|2023-02|2023-05|2023-06|2023-07|2023-08|2023-09|2024-01|2024-02|2024-03|2024-05|2024-07|2024-08|2024-09|2024-10|2024-11|2024-12|2025-01|2025-02|2025-03|2025-06|2025-07|2026-01|2026-02
0.3,4,CPI m/m|Core CPI m/m|PPI m/m|CPI y/y,Neutral|Neutral|Bad|Neutral,9,7,2,77.8,22.2,3.5,2020-02|2020-06|2021-02|2021-04|2021-06|2021-08|2021-12|2022-02|2025-08
0.3,4,CPI m/m|Core CPI m/m|PPI m/m|CPI y/y,Neutral|Bad|Neutral|Bad,1,1,0,100.0,0.0,inf,2020-08
0.3,4,CPI m/m|Core CPI m/m|PPI m/m|CPI y/y,Bad|Bad|Neutral|Bad,1,1,0,100.0,0.0,inf,2021-05
0.3,4,CPI m/m|Core CPI m/m|PPI m/m|CPI y/y,Bad|Bad|Bad|Bad,1,0,1,0.0,100.0,0.0,2021-07
0.3,4,CPI m/m|Core CPI m/m|PPI m/m|CPI y/y,Bad|Neutral|Neutral|Neutral,2,2,0,100.0,0.0,inf,2021-11|2022-06
0.0,4,CPI m/m|Core CPI m/m|Core PPI m/m|FOMC,Neutral|Bad|Good|Neutral,1,1,0,100.0,0.0,inf,2023-03
0.0,4,CPI m/m|Core CPI m/m|Core PPI m/m|FOMC,Neutral|Bad|Neutral|Neutral,2,2,0,100.0,0.0,inf,2023-05|2023-09
0.0,4,CPI m/m|Core CPI m/m|Core PPI m/m|FOMC,Good|Neutral|Neutral|Neutral,1,1,0,100.0,0.0,inf,2023-06
0.0,4,CPI m/m|Core CPI m/m|Core PPI m/m|FOMC,Good|Good|Good|Neutral,3,1,2,33.3,66.7,0.5,2023-07|2023-11|2024-06
0.0,4,CPI m/m|Core CPI m/m|Core PPI m/m|FOMC,Good|Good|Bad|Neutral,1,1,0,100.0,0.0,inf,2024-07
0.0,4,CPI m/m|Core CPI m/m|Core PPI m/m|FOMC,Neutral|Bad|Bad|Good,1,1,0,100.0,0.0,inf,2024-09
0.0,4,CPI m/m|Core CPI m/m|Core PPI m/m|FOMC,Neutral|Neutral|Neutral|Neutral,2,2,0,100.0,0.0,inf,2024-11|2024-12
0.0,4,CPI m/m|Core CPI m/m|Core PPI m/m|FOMC,Neutral|Good|Good|Neutral,1,1,0,100.0,0.0,inf,2025-01
0.1,4,CPI m/m|Core CPI m/m|Core PPI m/m|FOMC,Neutral|Neutral|Good|Neutral,4,2,2,50.0,50.0,1.0,2023-03|2023-11|2024-06|2025-01
0.1,4,CPI m/m|Core CPI m/m|Core PPI m/m|FOMC,Neutral|Bad|Neutral|Neutral,1,1,0,100.0,0.0,inf,2023-05
0.1,4,CPI m/m|Core CPI m/m|Core PPI m/m|FOMC,Neutral|Neutral|Neutral|Neutral,5,5,0,100.0,0.0,inf,2023-06|2023-07|2023-09|2024-11|2024-12
0.1,4,CPI m/m|Core CPI m/m|Core PPI m/m|FOMC,Good|Neutral|Bad|Neutral,1,1,0,100.0,0.0,inf,2024-07
0.1,4,CPI m/m|Core CPI m/m|Core PPI m/m|FOMC,Neutral|Neutral|Neutral|Good,1,1,0,100.0,0.0,inf,2024-09
0.2,4,CPI m/m|Core CPI m/m|Core PPI m/m|FOMC,Neutral|Neutral|Good|Neutral,3,1,2,33.3,66.7,0.5,2023-03|2023-11|2024-06
0.2,4,CPI m/m|Core CPI m/m|Core PPI m/m|FOMC,Neutral|Neutral|Neutral|Neutral,8,8,0,100.0,0.0,inf,2023-05|2023-06|2023-07|2023-09|2024-07|2024-11|2024-12|2025-01
0.2,4,CPI m/m|Core CPI m/m|Core PPI m/m|FOMC,Neutral|Neutral|Neutral|Good,1,1,0,100.0,0.0,inf,2024-09
0.3,4,CPI m/m|Core CPI m/m|Core PPI m/m|FOMC,Neutral|Neutral|Good|Neutral,1,1,0,100.0,0.0,inf,2023-03
0.3,4,CPI m/m|Core CPI m/m|Core PPI m/m|FOMC,Neutral|Neutral|Neutral|Neutral,11,9,2,81.8,18.2,4.5,2023-05|2023-06|2023-07|2023-09|2023-11|2024-06|2024-07|2024-09|2024-11|2024-12|2025-01
0.0,4,CPI m/m|Core CPI m/m|Core PPI m/m|CPI y/y,Neutral|Bad|Good|Neutral,2,2,0,100.0,0.0,inf,2018-01|2023-03
0.0,4,CPI m/m|Core CPI m/m|Core PPI m/m|CPI y/y,Bad|Bad|Bad|Bad,9,6,3,66.7,33.3,2.0,2018-02|2020-08|2020-09|2021-04|2021-05|2021-06|2021-07|2022-02|2024-02
0.0,4,CPI m/m|Core CPI m/m|Core PPI m/m|CPI y/y,Good|Good|Neutral|Neutral,1,0,1,0.0,100.0,0.0,2018-05
0.0,4,CPI m/m|Core CPI m/m|Core PPI m/m|CPI y/y,Good|Neutral|Bad|Neutral,2,1,1,50.0,50.0,1.0,2018-07|2024-05
0.0,4,CPI m/m|Core CPI m/m|Core PPI m/m|CPI y/y,Neutral|Neutral|Good|Neutral,3,2,1,66.7,33.3,2.0,2018-08|2019-01|2022-03
0.0,4,CPI m/m|Core CPI m/m|Core PPI m/m|CPI y/y,Good|Good|Good|Good,11,8,3,72.7,27.3,2.67,2018-09|2019-05|2020-05|2020-11|2022-11|2023-07|2023-11|2024-06|2025-03|2025-05|2025-06
0.0,4,CPI m/m|Core CPI m/m|Core PPI m/m|CPI y/y,Good|Good|Neutral|Good,2,2,0,100.0,0.0,inf,2018-10|2020-06
0.0,4,CPI m/m|Core CPI m/m|Core PPI m/m|CPI y/y,Neutral|Neutral|Bad|Neutral,2,1,1,50.0,50.0,1.0,2018-12|2020-10
0.0,4,CPI m/m|Core CPI m/m|Core PPI m/m|CPI y/y,Good|Neutral|Bad|Bad,2,0,2,0.0,100.0,0.0,2019-02|2020-02
0.0,4,CPI m/m|Core CPI m/m|Core PPI m/m|CPI y/y,Bad|Good|Bad|Bad,1,1,0,100.0,0.0,inf,2019-04
0.0,4,CPI m/m|Core CPI m/m|Core PPI m/m|CPI y/y,Neutral|Good|Neutral|Good,1,0,1,0.0,100.0,0.0,2019-06
0.0,4,CPI m/m|Core CPI m/m|Core PPI m/m|CPI y/y,Bad|Bad|Bad|Neutral,1,0,1,0.0,100.0,0.0,2019-07
0.0,4,CPI m/m|Core CPI m/m|Core PPI m/m|CPI y/y,Neutral|Bad|Good|Bad,1,1,0,100.0,0.0,inf,2019-08
0.0,4,CPI m/m|Core CPI m/m|Core PPI m/m|CPI y/y,Good|Good|Bad|Good,3,2,1,66.7,33.3,2.0,2020-04|2022-12|2024-07
0.0,4,CPI m/m|Core CPI m/m|Core PPI m/m|CPI y/y,Bad|Bad|Good|Neutral,2,2,0,100.0,0.0,inf,2020-07|2020-12
0.0,4,CPI m/m|Core CPI m/m|Core PPI m/m|CPI y/y,Neutral|Neutral|Neutral|Neutral,4,3,1,75.0,25.0,3.0,2021-01|2023-01|2024-11|2024-12
0.0,4,CPI m/m|Core CPI m/m|Core PPI m/m|CPI y/y,Neutral|Good|Bad|Neutral,2,1,1,50.0,50.0,1.0,2021-02|2026-01
0.0,4,CPI m/m|Core CPI m/m|Core PPI m/m|CPI y/y,Neutral|Good|Neutral|Neutral,1,1,0,100.0,0.0,inf,2021-03
0.0,4,CPI m/m|Core CPI m/m|Core PPI m/m|CPI y/y,Neutral|Good|Bad|Bad,2,1,1,50.0,50.0,1.0,2021-08|2022-04
0.0,4,CPI m/m|Core CPI m/m|Core PPI m/m|CPI y/y,Good|Good|Bad|Neutral,1,1,0,100.0,0.0,inf,2021-09
0.0,4,CPI m/m|Core CPI m/m|Core PPI m/m|CPI y/y,Bad|Neutral|Good|Bad,2,2,0,100.0,0.0,inf,2021-10|2024-01
0.0,4,CPI m/m|Core CPI m/m|Core PPI m/m|CPI y/y,Bad|Bad|Good|Bad,3,2,1,66.7,33.3,2.0,2021-11|2022-05|2022-06
0.0,4,CPI m/m|Core CPI m/m|Core PPI m/m|CPI y/y,Bad|Neutral|Bad|Neutral,1,1,0,100.0,0.0,inf,2021-12
0.0,4,CPI m/m|Core CPI m/m|Core PPI m/m|CPI y/y,Bad|Bad|Neutral|Neutral,1,1,0,100.0,0.0,inf,2022-01
0.0,4,CPI m/m|Core CPI m/m|Core PPI m/m|CPI y/y,Neutral|Neutral|Bad|Bad,1,1,0,100.0,0.0,inf,2023-02
0.0,4,CPI m/m|Core CPI m/m|Core PPI m/m|CPI y/y,Good|Neutral|Good|Good,1,1,0,100.0,0.0,inf,2023-04
0.0,4,CPI m/m|Core CPI m/m|Core PPI m/m|CPI y/y,Neutral|Bad|Neutral|Good,1,1,0,100.0,0.0,inf,2023-05
0.0,4,CPI m/m|Core CPI m/m|Core PPI m/m|CPI y/y,Good|Neutral|Neutral|Good,1,1,0,100.0,0.0,inf,2023-06
0.0,4,CPI m/m|Core CPI m/m|Core PPI m/m|CPI y/y,Neutral|Neutral|Bad|Good,2,2,0,100.0,0.0,inf,2023-08|2025-08
0.0,4,CPI m/m|Core CPI m/m|Core PPI m/m|CPI y/y,Neutral|Bad|Neutral|Bad,1,1,0,100.0,0.0,inf,2023-09
0.0,4,CPI m/m|Core CPI m/m|Core PPI m/m|CPI y/y,Neutral|Bad|Bad|Bad,1,0,1,0.0,100.0,0.0,2024-03
0.0,4,CPI m/m|Core CPI m/m|Core PPI m/m|CPI y/y,Neutral|Neutral|Good|Good,1,1,0,100.0,0.0,inf,2024-08
0.0,4,CPI m/m|Core CPI m/m|Core PPI m/m|CPI y/y,Neutral|Bad|Bad|Neutral,1,1,0,100.0,0.0,inf,2024-09
0.0,4,CPI m/m|Core CPI m/m|Core PPI m/m|CPI y/y,Bad|Bad|Neutral|Bad,2,1,1,50.0,50.0,1.0,2024-10|2025-02
0.0,4,CPI m/m|Core CPI m/m|Core PPI m/m|CPI y/y,Neutral|Good|Good|Neutral,1,1,0,100.0,0.0,inf,2025-01
0.0,4,CPI m/m|Core CPI m/m|Core PPI m/m|CPI y/y,Neutral|Good|Good|Bad,1,1,0,100.0,0.0,inf,2025-07
0.0,4,CPI m/m|Core CPI m/m|Core PPI m/m|CPI y/y,Bad|Neutral|Good|Neutral,1,1,0,100.0,0.0,inf,2025-09
0.0,4,CPI m/m|Core CPI m/m|Core PPI m/m|CPI y/y,Good|Neutral|Bad|Good,1,1,0,100.0,0.0,inf,2026-02
0.1,4,CPI m/m|Core CPI m/m|Core PPI m/m|CPI y/y,Neutral|Neutral|Good|Neutral,9,8,1,88.9,11.1,8.0,2018-01|2018-09|2019-01|2020-07|2022-03|2023-03|2023-04|2023-11|2025-01
0.1,4,CPI m/m|Core CPI m/m|Core PPI m/m|CPI y/y,Bad|Neutral|Bad|Bad,2,1,1,50.0,50.0,1.0,2018-02|2022-02
0.1,4,CPI m/m|Core CPI m/m|Core PPI m/m|CPI y/y,Neutral|Neutral|Neutral|Neutral,15,9,6,60.0,40.0,1.5,2018-05|2018-07|2018-08|2019-06|2019-07|2020-12|2021-01|2021-03|2022-01|2023-01|2023-06|2023-08|2024-09|2024-11|2024-12
0.1,4,CPI m/m|Core CPI m/m|Core PPI m/m|CPI y/y,Neutral|Neutral|Neutral|Good,3,3,0,100.0,0.0,inf,2018-10|2020-06|2023-07
0.1,4,CPI m/m|Core CPI m/m|Core PPI m/m|CPI y/y,Neutral|Neutral|Bad|Neutral,4,2,2,50.0,50.0,1.0,2018-12|2020-10|2025-08|2026-01
0.1,4,CPI m/m|Core CPI m/m|Core PPI m/m|CPI y/y,Neutral|Neutral|Neutral|Bad,3,2,1,66.7,33.3,2.0,2019-02|2023-09|2024-10
0.1,4,CPI m/m|Core CPI m/m|Core PPI m/m|CPI y/y,Bad|Neutral|Neutral|Neutral,1,1,0,100.0,0.0,inf,2019-04
0.1,4,CPI m/m|Core CPI m/m|Core PPI m/m|CPI y/y,Good|Neutral|Neutral|Good,1,1,0,100.0,0.0,inf,2019-05
0.1,4,CPI m/m|Core CPI m/m|Core PPI m/m|CPI y/y,Neutral|Neutral|Good|Bad,3,3,0,100.0,0.0,inf,2019-08|2024-01|2025-07
0.1,4,CPI m/m|Core CPI m/m|Core PPI m/m|CPI y/y,Neutral|Neutral|Bad|Bad,3,2,1,66.7,33.3,2.0,2020-02|2021-04|2023-02
0.1,4,CPI m/m|Core CPI m/m|Core PPI m/m|CPI y/y,Good|Good|Bad|Good,1,1,0,100.0,0.0,inf,2020-04
0.1,4,CPI m/m|Core CPI m/m|Core PPI m/m|CPI y/y,Good|Good|Good|Good,2,1,1,50.0,50.0,1.0,2020-05|2022-11
0.1,4,CPI m/m|Core CPI m/m|Core PPI m/m|CPI y/y,Bad|Bad|Bad|Bad,5,4,1,80.0,20.0,4.0,2020-08|2020-09|2021-05|2021-06|2021-07
0.1,4,CPI m/m|Core CPI m/m|Core PPI m/m|CPI y/y,Neutral|Good|Neutral|Good,1,1,0,100.0,0.0,inf,2020-11
0.1,4,CPI m/m|Core CPI m/m|Core PPI m/m|CPI y/y,Neutral|Good|Bad|Neutral,2,1,1,50.0,50.0,1.0,2021-02|2022-04
0.1,4,CPI m/m|Core CPI m/m|Core PPI m/m|CPI y/y,Neutral|Good|Bad|Bad,1,1,0,100.0,0.0,inf,2021-08
0.1,4,CPI m/m|Core CPI m/m|Core PPI m/m|CPI y/y,Good|Good|Neutral|Neutral,1,1,0,100.0,0.0,inf,2021-09
0.1,4,CPI m/m|Core CPI m/m|Core PPI m/m|CPI y/y,Bad|Neutral|Good|Bad,1,1,0,100.0,0.0,inf,2021-10
0.1,4,CPI m/m|Core CPI m/m|Core PPI m/m|CPI y/y,Bad|Bad|Neutral|Bad,2,1,1,50.0,50.0,1.0,2021-11|2025-02
0.1,4,CPI m/m|Core CPI m/m|Core PPI m/m|CPI y/y,Bad|Neutral|Bad|Neutral,1,1,0,100.0,0.0,inf,2021-12
0.1,4,CPI m/m|Core CPI m/m|Core PPI m/m|CPI y/y,Neutral|Bad|Good|Bad,1,0,1,0.0,100.0,0.0,2022-05
0.1,4,CPI m/m|Core CPI m/m|Core PPI m/m|CPI y/y,Bad|Neutral|Neutral|Bad,1,1,0,100.0,0.0,inf,2022-06
0.1,4,CPI m/m|Core CPI m/m|Core PPI m/m|CPI y/y,Good|Neutral|Bad|Good,2,1,1,50.0,50.0,1.0,2022-12|2024-07
0.1,4,CPI m/m|Core CPI m/m|Core PPI m/m|CPI y/y,Neutral|Bad|Neutral|Neutral,1,1,0,100.0,0.0,inf,2023-05
0.1,4,CPI m/m|Core CPI m/m|Core PPI m/m|CPI y/y,Neutral|Bad|Bad|Bad,1,0,1,0.0,100.0,0.0,2024-02
0.1,4,CPI m/m|Core CPI m/m|Core PPI m/m|CPI y/y,Neutral|Bad|Neutral|Bad,1,0,1,0.0,100.0,0.0,2024-03
0.1,4,CPI m/m|Core CPI m/m|Core PPI m/m|CPI y/y,Good|Neutral|Bad|Neutral,1,1,0,100.0,0.0,inf,2024-05
0.1,4,CPI m/m|Core CPI m/m|Core PPI m/m|CPI y/y,Neutral|Neutral|Good|Good,4,3,1,75.0,25.0,3.0,2024-06|2024-08|2025-03|2025-05
0.1,4,CPI m/m|Core CPI m/m|Core PPI m/m|CPI y/y,Neutral|Good|Good|Good,1,1,0,100.0,0.0,inf,2025-06
0.1,4,CPI m/m|Core CPI m/m|Core PPI m/m|CPI y/y,Bad|Neutral|Good|Neutral,1,1,0,100.0,0.0,inf,2025-09
0.1,4,CPI m/m|Core CPI m/m|Core PPI m/m|CPI y/y,Neutral|Neutral|Bad|Good,1,1,0,100.0,0.0,inf,2026-02
0.2,4,CPI m/m|Core CPI m/m|Core PPI m/m|CPI y/y,Neutral|Neutral|Good|Neutral,14,12,2,85.7,14.3,6.0,2018-01|2018-09|2019-01|2019-08|2020-07|2021-10|2022-03|2023-03|2023-04|2023-11|2024-06|2025-03|2025-05|2025-09
0.2,4,CPI m/m|Core CPI m/m|Core PPI m/m|CPI y/y,Neutral|Neutral|Neutral|Bad,4,3,1,75.0,25.0,3.0,2018-02|2021-06|2022-05|2023-02
0.2,4,CPI m/m|Core CPI m/m|Core PPI m/m|CPI y/y,Neutral|Neutral|Neutral|Neutral,40,28,12,70.0,30.0,2.33,2018-05|2018-07|2018-08|2018-10|2018-12|2019-02|2019-04|2019-05|2019-06|2019-07|2020-04|2020-05|2020-06|2020-09|2020-10|2020-11|2020-12|2021-01|2021-03|2021-09|2022-01|2023-01|2023-05|2023-06|2023-07|2023-08|2023-09|2024-01|2024-03|2024-07|2024-08|2024-09|2024-10|2024-11|2024-12|2025-01|2025-02|2025-06|2025-07|2026-01
0.2,4,CPI m/m|Core CPI m/m|Core PPI m/m|CPI y/y,Neutral|Neutral|Bad|Neutral,9,7,2,77.8,22.2,3.5,2020-02|2021-02|2021-04|2021-08|2021-12|2022-04|2024-05|2025-08|2026-02
0.2,4,CPI m/m|Core CPI m/m|Core PPI m/m|CPI y/y,Bad|Bad|Bad|Bad,3,2,1,66.7,33.3,2.0,2020-08|2021-05|2021-07
0.2,4,CPI m/m|Core CPI m/m|Core PPI m/m|CPI y/y,Bad|Neutral|Neutral|Bad,2,2,0,100.0,0.0,inf,2021-11|2022-06
0.2,4,CPI m/m|Core CPI m/m|Core PPI m/m|CPI y/y,Neutral|Neutral|Bad|Bad,2,0,2,0.0,100.0,0.0,2022-02|2024-02
0.2,4,CPI m/m|Core CPI m/m|Core PPI m/m|CPI y/y,Neutral|Neutral|Good|Good,1,1,0,100.0,0.0,inf,2022-11
0.2,4,CPI m/m|Core CPI m/m|Core PPI m/m|CPI y/y,Neutral|Neutral|Neutral|Good,1,0,1,0.0,100.0,0.0,2022-12
0.3,4,CPI m/m|Core CPI m/m|Core PPI m/m|CPI y/y,Neutral|Neutral|Good|Neutral,11,11,0,100.0,0.0,inf,2018-01|2018-09|2019-01|2019-08|2020-07|2022-03|2023-03|2023-04|2025-03|2025-05|2025-09
0.3,4,CPI m/m|Core CPI m/m|Core PPI m/m|CPI y/y,Neutral|Neutral|Neutral|Neutral,52,35,17,67.3,32.7,2.06,2018-02|2018-05|2018-07|2018-08|2018-10|2018-12|2019-02|2019-04|2019-05|2019-06|2019-07|2020-02|2020-04|2020-05|2020-06|2020-09|2020-10|2020-11|2020-12|2021-01|2021-03|2021-06|2021-09|2021-10|2021-12|2022-01|2022-05|2022-11|2022-12|2023-01|2023-02|2023-05|2023-06|2023-07|2023-08|2023-09|2023-11|2024-01|2024-03|2024-05|2024-06|2024-07|2024-08|2024-09|2024-10|2024-11|2024-12|2025-01|2025-02|2025-06|2025-07|2026-01
0.3,4,CPI m/m|Core CPI m/m|Core PPI m/m|CPI y/y,Neutral|Bad|Bad|Bad,1,1,0,100.0,0.0,inf,2020-08
0.3,4,CPI m/m|Core CPI m/m|Core PPI m/m|CPI y/y,Neutral|Neutral|Bad|Neutral,8,5,3,62.5,37.5,1.67,2021-02|2021-04|2021-08|2022-02|2022-04|2024-02|2025-08|2026-02
0.3,4,CPI m/m|Core CPI m/m|Core PPI m/m|CPI y/y,Bad|Bad|Neutral|Bad,1,1,0,100.0,0.0,inf,2021-05
0.3,4,CPI m/m|Core CPI m/m|Core PPI m/m|CPI y/y,Bad|Bad|Bad|Bad,1,0,1,0.0,100.0,0.0,2021-07
0.3,4,CPI m/m|Core CPI m/m|Core PPI m/m|CPI y/y,Bad|Neutral|Neutral|Neutral,2,2,0,100.0,0.0,inf,2021-11|2022-06
0.0,4,CPI m/m|Core CPI m/m|FOMC|CPI y/y,Neutral|Bad|Neutral|Neutral,1,1,0,100.0,0.0,inf,2023-03
0.0,4,CPI m/m|Core CPI m/m|FOMC|CPI y/y,Neutral|Bad|Neutral|Good,1,1,0,100.0,0.0,inf,2023-05
0.0,4,CPI m/m|Core CPI m/m|FOMC|CPI y/y,Good|Neutral|Neutral|Good,1,1,0,100.0,0.0,inf,2023-06
0.0,4,CPI m/m|Core CPI m/m|FOMC|CPI y/y,Good|Good|Neutral|Good,4,2,2,50.0,50.0,1.0,2023-07|2023-11|2024-06|2024-07
0.0,4,CPI m/m|Core CPI m/m|FOMC|CPI y/y,Neutral|Bad|Neutral|Bad,1,1,0,100.0,0.0,inf,2023-09
0.0,4,CPI m/m|Core CPI m/m|FOMC|CPI y/y,Neutral|Bad|Good|Neutral,1,1,0,100.0,0.0,inf,2024-09
0.0,4,CPI m/m|Core CPI m/m|FOMC|CPI y/y,Neutral|Neutral|Neutral|Neutral,2,2,0,100.0,0.0,inf,2024-11|2024-12
0.0,4,CPI m/m|Core CPI m/m|FOMC|CPI y/y,Neutral|Good|Neutral|Neutral,1,1,0,100.0,0.0,inf,2025-01
0.1,4,CPI m/m|Core CPI m/m|FOMC|CPI y/y,Neutral|Neutral|Neutral|Neutral,6,5,1,83.3,16.7,5.0,2023-03|2023-06|2023-11|2024-11|2024-12|2025-01
0.1,4,CPI m/m|Core CPI m/m|FOMC|CPI y/y,Neutral|Bad|Neutral|Neutral,1,1,0,100.0,0.0,inf,2023-05
0.1,4,CPI m/m|Core CPI m/m|FOMC|CPI y/y,Neutral|Neutral|Neutral|Good,2,1,1,50.0,50.0,1.0,2023-07|2024-06
0.1,4,CPI m/m|Core CPI m/m|FOMC|CPI y/y,Neutral|Neutral|Neutral|Bad,1,1,0,100.0,0.0,inf,2023-09
0.1,4,CPI m/m|Core CPI m/m|FOMC|CPI y/y,Good|Neutral|Neutral|Good,1,1,0,100.0,0.0,inf,2024-07
0.1,4,CPI m/m|Core CPI m/m|FOMC|CPI y/y,Neutral|Neutral|Good|Neutral,1,1,0,100.0,0.0,inf,2024-09
0.2,4,CPI m/m|Core CPI m/m|FOMC|CPI y/y,Neutral|Neutral|Neutral|Neutral,11,9,2,81.8,18.2,4.5,2023-03|2023-05|2023-06|2023-07|2023-09|2023-11|2024-06|2024-07|2024-11|2024-12|2025-01
0.2,4,CPI m/m|Core CPI m/m|FOMC|CPI y/y,Neutral|Neutral|Good|Neutral,1,1,0,100.0,0.0,inf,2024-09
0.3,4,CPI m/m|Core CPI m/m|FOMC|CPI y/y,Neutral|Neutral|Neutral|Neutral,12,10,2,83.3,16.7,5.0,2023-03|2023-05|2023-06|2023-07|2023-09|2023-11|2024-06|2024-07|2024-09|2024-11|2024-12|2025-01
0.0,4,CPI m/m|PPI m/m|Core PPI m/m|FOMC,Neutral|Good|Good|Neutral,2,2,0,100.0,0.0,inf,2023-03|2025-01
0.0,4,CPI m/m|PPI m/m|Core PPI m/m|FOMC,Neutral|Good|Neutral|Neutral,1,1,0,100.0,0.0,inf,2023-05
0.0,4,CPI m/m|PPI m/m|Core PPI m/m|FOMC,Good|Good|Neutral|Neutral,1,1,0,100.0,0.0,inf,2023-06
0.0,4,CPI m/m|PPI m/m|Core PPI m/m|FOMC,Good|Good|Good|Neutral,3,1,2,33.3,66.7,0.5,2023-07|2023-11|2024-06
0.0,4,CPI m/m|PPI m/m|Core PPI m/m|FOMC,Neutral|Bad|Neutral|Neutral,2,2,0,100.0,0.0,inf,2023-09|2024-12
0.0,4,CPI m/m|PPI m/m|Core PPI m/m|FOMC,Good|Bad|Bad|Neutral,1,1,0,100.0,0.0,inf,2024-07
0.0,4,CPI m/m|PPI m/m|Core PPI m/m|FOMC,Neutral|Bad|Bad|Good,1,1,0,100.0,0.0,inf,2024-09
0.0,4,CPI m/m|PPI m/m|Core PPI m/m|FOMC,Neutral|Neutral|Neutral|Neutral,1,1,0,100.0,0.0,inf,2024-11
0.1,4,CPI m/m|PPI m/m|Core PPI m/m|FOMC,Neutral|Good|Good|Neutral,4,2,2,50.0,50.0,1.0,2023-03|2023-11|2024-06|2025-01
0.1,4,CPI m/m|PPI m/m|Core PPI m/m|FOMC,Neutral|Neutral|Neutral|Neutral,3,3,0,100.0,0.0,inf,2023-05|2023-07|2024-11
0.1,4,CPI m/m|PPI m/m|Core PPI m/m|FOMC,Neutral|Good|Neutral|Neutral,1,1,0,100.0,0.0,inf,2023-06
0.1,4,CPI m/m|PPI m/m|Core PPI m/m|FOMC,Neutral|Bad|Neutral|Neutral,2,2,0,100.0,0.0,inf,2023-09|2024-12
0.1,4,CPI m/m|PPI m/m|Core PPI m/m|FOMC,Good|Neutral|Bad|Neutral,1,1,0,100.0,0.0,inf,2024-07
0.1,4,CPI m/m|PPI m/m|Core PPI m/m|FOMC,Neutral|Neutral|Neutral|Good,1,1,0,100.0,0.0,inf,2024-09
0.2,4,CPI m/m|PPI m/m|Core PPI m/m|FOMC,Neutral|Good|Good|Neutral,3,1,2,33.3,66.7,0.5,2023-03|2023-11|2024-06
0.2,4,CPI m/m|PPI m/m|Core PPI m/m|FOMC,Neutral|Neutral|Neutral|Neutral,7,7,0,100.0,0.0,inf,2023-05|2023-06|2023-07|2024-07|2024-11|2024-12|2025-01
0.2,4,CPI m/m|PPI m/m|Core PPI m/m|FOMC,Neutral|Bad|Neutral|Neutral,1,1,0,100.0,0.0,inf,2023-09
0.2,4,CPI m/m|PPI m/m|Core PPI m/m|FOMC,Neutral|Neutral|Neutral|Good,1,1,0,100.0,0.0,inf,2024-09
0.3,4,CPI m/m|PPI m/m|Core PPI m/m|FOMC,Neutral|Good|Good|Neutral,1,1,0,100.0,0.0,inf,2023-03
0.3,4,CPI m/m|PPI m/m|Core PPI m/m|FOMC,Neutral|Neutral|Neutral|Neutral,9,9,0,100.0,0.0,inf,2023-05|2023-06|2023-07|2023-09|2024-07|2024-09|2024-11|2024-12|2025-01
0.3,4,CPI m/m|PPI m/m|Core PPI m/m|FOMC,Neutral|Good|Neutral|Neutral,2,0,2,0.0,100.0,0.0,2023-11|2024-06
0.0,4,CPI m/m|PPI m/m|Core PPI m/m|CPI y/y,Neutral|Good|Good|Neutral,6,5,1,83.3,16.7,5.0,2018-01|2018-08|2019-01|2022-03|2023-03|2025-01
0.0,4,CPI m/m|PPI m/m|Core PPI m/m|CPI y/y,Bad|Neutral|Bad|Bad,1,1,0,100.0,0.0,inf,2018-02
0.0,4,CPI m/m|PPI m/m|Core PPI m/m|CPI y/y,Good|Good|Neutral|Neutral,1,0,1,0.0,100.0,0.0,2018-05
0.0,4,CPI m/m|PPI m/m|Core PPI m/m|CPI y/y,Good|Bad|Bad|Neutral,3,2,1,66.7,33.3,2.0,2018-07|2021-09|2024-05
0.0,4,CPI m/m|PPI m/m|Core PPI m/m|CPI y/y,Good|Good|Good|Good,10,7,3,70.0,30.0,2.33,2018-09|2020-05|2022-11|2023-04|2023-07|2023-11|2024-06|2025-03|2025-05|2025-06
0.0,4,CPI m/m|PPI m/m|Core PPI m/m|CPI y/y,Good|Neutral|Neutral|Good,1,1,0,100.0,0.0,inf,2018-10
0.0,4,CPI m/m|PPI m/m|Core PPI m/m|CPI y/y,Neutral|Bad|Bad|Neutral,5,3,2,60.0,40.0,1.5,2018-12|2020-10|2021-02|2024-09|2026-01
0.0,4,CPI m/m|PPI m/m|Core PPI m/m|CPI y/y,Good|Good|Bad|Bad,1,0,1,0.0,100.0,0.0,2019-02
0.0,4,CPI m/m|PPI m/m|Core PPI m/m|CPI y/y,Bad|Bad|Bad|Bad,9,6,3,66.7,33.3,2.0,2019-04|2020-08|2020-09|2021-04|2021-05|2021-06|2021-07|2022-02|2024-02
0.0,4,CPI m/m|PPI m/m|Core PPI m/m|CPI y/y,Good|Neutral|Good|Good,1,1,0,100.0,0.0,inf,2019-05
0.0,4,CPI m/m|PPI m/m|Core PPI m/m|CPI y/y,Neutral|Neutral|Neutral|Good,1,0,1,0.0,100.0,0.0,2019-06
0.0,4,CPI m/m|PPI m/m|Core PPI m/m|CPI y/y,Bad|Neutral|Bad|Neutral,1,0,1,0.0,100.0,0.0,2019-07
0.0,4,CPI m/m|PPI m/m|Core PPI m/m|CPI y/y,Neutral|Neutral|Good|Bad,1,1,0,100.0,0.0,inf,2019-08
0.0,4,CPI m/m|PPI m/m|Core PPI m/m|CPI y/y,Good|Bad|Bad|Bad,1,0,1,0.0,100.0,0.0,2020-02
0.0,4,CPI m/m|PPI m/m|Core PPI m/m|CPI y/y,Good|Bad|Bad|Good,4,3,1,75.0,25.0,3.0,2020-04|2022-12|2024-07|2026-02
0.0,4,CPI m/m|PPI m/m|Core PPI m/m|CPI y/y,Good|Bad|Neutral|Good,1,1,0,100.0,0.0,inf,2020-06
0.0,4,CPI m/m|PPI m/m|Core PPI m/m|CPI y/y,Bad|Good|Good|Neutral,2,2,0,100.0,0.0,inf,2020-07|2025-09
0.0,4,CPI m/m|PPI m/m|Core PPI m/m|CPI y/y,Good|Bad|Good|Good,1,1,0,100.0,0.0,inf,2020-11
0.0,4,CPI m/m|PPI m/m|Core PPI m/m|CPI y/y,Bad|Neutral|Good|Neutral,1,1,0,100.0,0.0,inf,2020-12
0.0,4,CPI m/m|PPI m/m|Core PPI m/m|CPI y/y,Neutral|Good|Neutral|Neutral,2,1,1,50.0,50.0,1.0,2021-01|2023-01
0.0,4,CPI m/m|PPI m/m|Core PPI m/m|CPI y/y,Neutral|Bad|Neutral|Neutral,2,2,0,100.0,0.0,inf,2021-03|2024-12
0.0,4,CPI m/m|PPI m/m|Core PPI m/m|CPI y/y,Neutral|Bad|Bad|Bad,4,2,2,50.0,50.0,1.0,2021-08|2022-04|2023-02|2024-03
0.0,4,CPI m/m|PPI m/m|Core PPI m/m|CPI y/y,Bad|Good|Good|Bad,2,2,0,100.0,0.0,inf,2021-10|2024-01
0.0,4,CPI m/m|PPI m/m|Core PPI m/m|CPI y/y,Bad|Neutral|Good|Bad,3,2,1,66.7,33.3,2.0,2021-11|2022-05|2022-06
0.0,4,CPI m/m|PPI m/m|Core PPI m/m|CPI y/y,Bad|Bad|Bad|Neutral,1,1,0,100.0,0.0,inf,2021-12
0.0,4,CPI m/m|PPI m/m|Core PPI m/m|CPI y/y,Bad|Good|Neutral|Neutral,1,1,0,100.0,0.0,inf,2022-01
0.0,4,CPI m/m|PPI m/m|Core PPI m/m|CPI y/y,Neutral|Good|Neutral|Good,1,1,0,100.0,0.0,inf,2023-05
0.0,4,CPI m/m|PPI m/m|Core PPI m/m|CPI y/y,Good|Good|Neutral|Good,1,1,0,100.0,0.0,inf,2023-06
0.0,4,CPI m/m|PPI m/m|Core PPI m/m|CPI y/y,Neutral|Bad|Bad|Good,2,2,0,100.0,0.0,inf,2023-08|2025-08
0.0,4,CPI m/m|PPI m/m|Core PPI m/m|CPI y/y,Neutral|Bad|Neutral|Bad,1,1,0,100.0,0.0,inf,2023-09
0.0,4,CPI m/m|PPI m/m|Core PPI m/m|CPI y/y,Neutral|Good|Good|Good,1,1,0,100.0,0.0,inf,2024-08
0.0,4,CPI m/m|PPI m/m|Core PPI m/m|CPI y/y,Bad|Good|Neutral|Bad,1,1,0,100.0,0.0,inf,2024-10
0.0,4,CPI m/m|PPI m/m|Core PPI m/m|CPI y/y,Neutral|Neutral|Neutral|Neutral,1,1,0,100.0,0.0,inf,2024-11
0.0,4,CPI m/m|PPI m/m|Core PPI m/m|CPI y/y,Bad|Bad|Neutral|Bad,1,0,1,0.0,100.0,0.0,2025-02
0.0,4,CPI m/m|PPI m/m|Core PPI m/m|CPI y/y,Neutral|Good|Good|Bad,1,1,0,100.0,0.0,inf,2025-07
0.1,4,CPI m/m|PPI m/m|Core PPI m/m|CPI y/y,Neutral|Good|Good|Neutral,8,7,1,87.5,12.5,7.0,2018-01|2018-09|2020-07|2022-03|2023-03|2023-04|2023-11|2025-01
0.1,4,CPI m/m|PPI m/m|Core PPI m/m|CPI y/y,Bad|Neutral|Bad|Bad,2,2,0,100.0,0.0,inf,2018-02|2020-09
0.1,4,CPI m/m|PPI m/m|Core PPI m/m|CPI y/y,Neutral|Neutral|Neutral|Neutral,10,6,4,60.0,40.0,1.5,2018-05|2018-07|2019-06|2019-07|2020-12|2021-03|2023-05|2023-08|2024-09|2024-11
0.1,4,CPI m/m|PPI m/m|Core PPI m/m|CPI y/y,Neutral|Good|Neutral|Neutral,5,3,2,60.0,40.0,1.5,2018-08|2021-01|2022-01|2023-01|2023-06
0.1,4,CPI m/m|PPI m/m|Core PPI m/m|CPI y/y,Neutral|Neutral|Neutral|Good,3,3,0,100.0,0.0,inf,2018-10|2020-11|2023-07
0.1,4,CPI m/m|PPI m/m|Core PPI m/m|CPI y/y,Neutral|Neutral|Bad|Neutral,1,1,0,100.0,0.0,inf,2018-12
0.1,4,CPI m/m|PPI m/m|Core PPI m/m|CPI y/y,Neutral|Neutral|Good|Neutral,1,1,0,100.0,0.0,inf,2019-01
0.1,4,CPI m/m|PPI m/m|Core PPI m/m|CPI y/y,Neutral|Good|Neutral|Bad,1,0,1,0.0,100.0,0.0,2019-02
0.1,4,CPI m/m|PPI m/m|Core PPI m/m|CPI y/y,Bad|Bad|Neutral|Neutral,1,1,0,100.0,0.0,inf,2019-04
0.1,4,CPI m/m|PPI m/m|Core PPI m/m|CPI y/y,Good|Neutral|Neutral|Good,1,1,0,100.0,0.0,inf,2019-05
0.1,4,CPI m/m|PPI m/m|Core PPI m/m|CPI y/y,Neutral|Neutral|Good|Bad,2,1,1,50.0,50.0,1.0,2019-08|2022-05
0.1,4,CPI m/m|PPI m/m|Core PPI m/m|CPI y/y,Neutral|Bad|Bad|Bad,5,3,2,60.0,40.0,1.5,2020-02|2021-04|2021-08|2023-02|2024-02
0.1,4,CPI m/m|PPI m/m|Core PPI m/m|CPI y/y,Good|Neutral|Bad|Good,3,2,1,66.7,33.3,2.0,2020-04|2022-12|2024-07
0.1,4,CPI m/m|PPI m/m|Core PPI m/m|CPI y/y,Good|Good|Good|Good,2,1,1,50.0,50.0,1.0,2020-05|2022-11
0.1,4,CPI m/m|PPI m/m|Core PPI m/m|CPI y/y,Neutral|Bad|Neutral|Good,1,1,0,100.0,0.0,inf,2020-06
0.1,4,CPI m/m|PPI m/m|Core PPI m/m|CPI y/y,Bad|Bad|Bad|Bad,5,3,2,60.0,40.0,1.5,2020-08|2021-05|2021-06|2021-07|2022-02
0.1,4,CPI m/m|PPI m/m|Core PPI m/m|CPI y/y,Neutral|Bad|Bad|Neutral,5,2,3,40.0,60.0,0.67,2020-10|2021-02|2022-04|2025-08|2026-01
0.1,4,CPI m/m|PPI m/m|Core PPI m/m|CPI y/y,Good|Neutral|Neutral|Neutral,1,1,0,100.0,0.0,inf,2021-09
0.1,4,CPI m/m|PPI m/m|Core PPI m/m|CPI y/y,Bad|Neutral|Good|Bad,1,1,0,100.0,0.0,inf,2021-10
0.1,4,CPI m/m|PPI m/m|Core PPI m/m|CPI y/y,Bad|Neutral|Neutral|Bad,2,2,0,100.0,0.0,inf,2021-11|2022-06
0.1,4,CPI m/m|PPI m/m|Core PPI m/m|CPI y/y,Bad|Bad|Bad|Neutral,1,1,0,100.0,0.0,inf,2021-12
0.1,4,CPI m/m|PPI m/m|Core PPI m/m|CPI y/y,Neutral|Bad|Neutral|Bad,2,1,1,50.0,50.0,1.0,2023-09|2024-03
0.1,4,CPI m/m|PPI m/m|Core PPI m/m|CPI y/y,Neutral|Good|Good|Bad,2,2,0,100.0,0.0,inf,2024-01|2025-07
0.1,4,CPI m/m|PPI m/m|Core PPI m/m|CPI y/y,Good|Bad|Bad|Neutral,1,1,0,100.0,0.0,inf,2024-05
0.1,4,CPI m/m|PPI m/m|Core PPI m/m|CPI y/y,Neutral|Good|Good|Good,3,2,1,66.7,33.3,2.0,2024-06|2025-03|2025-05
0.1,4,CPI m/m|PPI m/m|Core PPI m/m|CPI y/y,Neutral|Neutral|Good|Good,2,2,0,100.0,0.0,inf,2024-08|2025-06
0.1,4,CPI m/m|PPI m/m|Core PPI m/m|CPI y/y,Neutral|Neutral|Neutral|Bad,1,1,0,100.0,0.0,inf,2024-10
0.1,4,CPI m/m|PPI m/m|Core PPI m/m|CPI y/y,Neutral|Bad|Neutral|Neutral,1,1,0,100.0,0.0,inf,2024-12
0.1,4,CPI m/m|PPI m/m|Core PPI m/m|CPI y/y,Bad|Bad|Neutral|Bad,1,0,1,0.0,100.0,0.0,2025-02
0.1,4,CPI m/m|PPI m/m|Core PPI m/m|CPI y/y,Bad|Good|Good|Neutral,1,1,0,100.0,0.0,inf,2025-09
0.1,4,CPI m/m|PPI m/m|Core PPI m/m|CPI y/y,Neutral|Bad|Bad|Good,1,1,0,100.0,0.0,inf,2026-02
0.2,4,CPI m/m|PPI m/m|Core PPI m/m|CPI y/y,Neutral|Good|Good|Neutral,10,8,2,80.0,20.0,4.0,2018-01|2018-09|2020-07|2023-03|2023-04|2023-11|2024-06|2025-03|2025-05|2025-09
0.2,4,CPI m/m|PPI m/m|Core PPI m/m|CPI y/y,Neutral|Neutral|Neutral|Bad,2,1,1,50.0,50.0,1.0,2018-02|2022-05
0.2,4,CPI m/m|PPI m/m|Core PPI m/m|CPI y/y,Neutral|Neutral|Neutral|Neutral,34,25,9,73.5,26.5,2.78,2018-05|2018-07|2018-08|2018-10|2018-12|2019-02|2019-05|2019-06|2019-07|2020-04|2020-09|2020-10|2020-11|2020-12|2021-01|2021-03|2021-09|2022-01|2023-05|2023-06|2023-07|2023-08|2024-01|2024-07|2024-08|2024-09|2024-10|2024-11|2024-12|2025-01|2025-02|2025-06|2025-07|2026-01
0.2,4,CPI m/m|PPI m/m|Core PPI m/m|CPI y/y,Neutral|Neutral|Good|Neutral,4,4,0,100.0,0.0,inf,2019-01|2019-08|2021-10|2022-03
0.2,4,CPI m/m|PPI m/m|Core PPI m/m|CPI y/y,Neutral|Bad|Neutral|Neutral,4,3,1,75.0,25.0,3.0,2019-04|2020-06|2023-09|2024-03
0.2,4,CPI m/m|PPI m/m|Core PPI m/m|CPI y/y,Neutral|Bad|Bad|Neutral,7,5,2,71.4,28.6,2.5,2020-02|2021-02|2021-04|2021-08|2021-12|2022-04|2025-08
0.2,4,CPI m/m|PPI m/m|Core PPI m/m|CPI y/y,Neutral|Good|Neutral|Neutral,2,0,2,0.0,100.0,0.0,2020-05|2023-01
0.2,4,CPI m/m|PPI m/m|Core PPI m/m|CPI y/y,Bad|Bad|Bad|Bad,3,2,1,66.7,33.3,2.0,2020-08|2021-05|2021-07
0.2,4,CPI m/m|PPI m/m|Core PPI m/m|CPI y/y,Neutral|Bad|Neutral|Bad,2,2,0,100.0,0.0,inf,2021-06|2023-02
0.2,4,CPI m/m|PPI m/m|Core PPI m/m|CPI y/y,Bad|Neutral|Neutral|Bad,2,2,0,100.0,0.0,inf,2021-11|2022-06
0.2,4,CPI m/m|PPI m/m|Core PPI m/m|CPI y/y,Neutral|Bad|Bad|Bad,1,0,1,0.0,100.0,0.0,2022-02
0.2,4,CPI m/m|PPI m/m|Core PPI m/m|CPI y/y,Neutral|Neutral|Good|Good,1,1,0,100.0,0.0,inf,2022-11
0.2,4,CPI m/m|PPI m/m|Core PPI m/m|CPI y/y,Neutral|Neutral|Neutral|Good,1,0,1,0.0,100.0,0.0,2022-12
0.2,4,CPI m/m|PPI m/m|Core PPI m/m|CPI y/y,Neutral|Neutral|Bad|Bad,1,0,1,0.0,100.0,0.0,2024-02
0.2,4,CPI m/m|PPI m/m|Core PPI m/m|CPI y/y,Neutral|Neutral|Bad|Neutral,2,2,0,100.0,0.0,inf,2024-05|2026-02
0.3,4,CPI m/m|PPI m/m|Core PPI m/m|CPI y/y,Neutral|Good|Good|Neutral,7,7,0,100.0,0.0,inf,2018-01|2018-09|2020-07|2023-03|2023-04|2025-05|2025-09
0.3,4,CPI m/m|PPI m/m|Core PPI m/m|CPI y/y,Neutral|Neutral|Neutral|Neutral,44,32,12,72.7,27.3,2.67,2018-02|2018-05|2018-07|2018-08|2018-10|2018-12|2019-02|2019-04|2019-05|2019-06|2019-07|2020-04|2020-09|2020-10|2020-11|2020-12|2021-01|2021-03|2021-09|2021-10|2022-01|2022-05|2022-11|2022-12|2023-02|2023-05|2023-06|2023-07|2023-08|2023-09|2024-01|2024-03|2024-05|2024-07|2024-08|2024-09|2024-10|2024-11|2024-12|2025-01|2025-02|2025-06|2025-07|2026-01
0.3,4,CPI m/m|PPI m/m|Core PPI m/m|CPI y/y,Neutral|Neutral|Good|Neutral,4,4,0,100.0,0.0,inf,2019-01|2019-08|2022-03|2025-03
0.3,4,CPI m/m|PPI m/m|Core PPI m/m|CPI y/y,Neutral|Bad|Neutral|Neutral,4,3,1,75.0,25.0,3.0,2020-02|2020-06|2021-06|2021-12
0.3,4,CPI m/m|PPI m/m|Core PPI m/m|CPI y/y,Neutral|Good|Neutral|Neutral,4,0,4,0.0,100.0,0.0,2020-05|2023-01|2023-11|2024-06
0.3,4,CPI m/m|PPI m/m|Core PPI m/m|CPI y/y,Neutral|Neutral|Bad|Bad,1,1,0,100.0,0.0,inf,2020-08
0.3,4,CPI m/m|PPI m/m|Core PPI m/m|CPI y/y,Neutral|Bad|Bad|Neutral,5,4,1,80.0,20.0,4.0,2021-02|2021-04|2021-08|2022-02|2025-08
0.3,4,CPI m/m|PPI m/m|Core PPI m/m|CPI y/y,Bad|Neutral|Neutral|Bad,1,1,0,100.0,0.0,inf,2021-05
0.3,4,CPI m/m|PPI m/m|Core PPI m/m|CPI y/y,Bad|Bad|Bad|Bad,1,0,1,0.0,100.0,0.0,2021-07
0.3,4,CPI m/m|PPI m/m|Core PPI m/m|CPI y/y,Bad|Neutral|Neutral|Neutral,2,2,0,100.0,0.0,inf,2021-11|2022-06
0.3,4,CPI m/m|PPI m/m|Core PPI m/m|CPI y/y,Neutral|Neutral|Bad|Neutral,3,1,2,33.3,66.7,0.5,2022-04|2024-02|2026-02
0.0,4,CPI m/m|PPI m/m|FOMC|CPI y/y,Neutral|Good|Neutral|Neutral,2,2,0,100.0,0.0,inf,2023-03|2025-01
0.0,4,CPI m/m|PPI m/m|FOMC|CPI y/y,Neutral|Good|Neutral|Good,1,1,0,100.0,0.0,inf,2023-05
0.0,4,CPI m/m|PPI m/m|FOMC|CPI y/y,Good|Good|Neutral|Good,4,2,2,50.0,50.0,1.0,2023-06|2023-07|2023-11|2024-06
0.0,4,CPI m/m|PPI m/m|FOMC|CPI y/y,Neutral|Bad|Neutral|Bad,1,1,0,100.0,0.0,inf,2023-09
0.0,4,CPI m/m|PPI m/m|FOMC|CPI y/y,Good|Bad|Neutral|Good,1,1,0,100.0,0.0,inf,2024-07
0.0,4,CPI m/m|PPI m/m|FOMC|CPI y/y,Neutral|Bad|Good|Neutral,1,1,0,100.0,0.0,inf,2024-09
0.0,4,CPI m/m|PPI m/m|FOMC|CPI y/y,Neutral|Neutral|Neutral|Neutral,1,1,0,100.0,0.0,inf,2024-11
0.0,4,CPI m/m|PPI m/m|FOMC|CPI y/y,Neutral|Bad|Neutral|Neutral,1,1,0,100.0,0.0,inf,2024-12
0.1,4,CPI m/m|PPI m/m|FOMC|CPI y/y,Neutral|Good|Neutral|Neutral,4,3,1,75.0,25.0,3.0,2023-03|2023-06|2023-11|2025-01
0.1,4,CPI m/m|PPI m/m|FOMC|CPI y/y,Neutral|Neutral|Neutral|Neutral,2,2,0,100.0,0.0,inf,2023-05|2024-11
0.1,4,CPI m/m|PPI m/m|FOMC|CPI y/y,Neutral|Neutral|Neutral|Good,1,1,0,100.0,0.0,inf,2023-07
0.1,4,CPI m/m|PPI m/m|FOMC|CPI y/y,Neutral|Bad|Neutral|Bad,1,1,0,100.0,0.0,inf,2023-09
0.1,4,CPI m/m|PPI m/m|FOMC|CPI y/y,Neutral|Good|Neutral|Good,1,0,1,0.0,100.0,0.0,2024-06
0.1,4,CPI m/m|PPI m/m|FOMC|CPI y/y,Good|Neutral|Neutral|Good,1,1,0,100.0,0.0,inf,2024-07
0.1,4,CPI m/m|PPI m/m|FOMC|CPI y/y,Neutral|Neutral|Good|Neutral,1,1,0,100.0,0.0,inf,2024-09
0.1,4,CPI m/m|PPI m/m|FOMC|CPI y/y,Neutral|Bad|Neutral|Neutral,1,1,0,100.0,0.0,inf,2024-12
0.2,4,CPI m/m|PPI m/m|FOMC|CPI y/y,Neutral|Good|Neutral|Neutral,3,1,2,33.3,66.7,0.5,2023-03|2023-11|2024-06
0.2,4,CPI m/m|PPI m/m|FOMC|CPI y/y,Neutral|Neutral|Neutral|Neutral,7,7,0,100.0,0.0,inf,2023-05|2023-06|2023-07|2024-07|2024-11|2024-12|2025-01
0.2,4,CPI m/m|PPI m/m|FOMC|CPI y/y,Neutral|Bad|Neutral|Neutral,1,1,0,100.0,0.0,inf,2023-09
0.2,4,CPI m/m|PPI m/m|FOMC|CPI y/y,Neutral|Neutral|Good|Neutral,1,1,0,100.0,0.0,inf,2024-09
0.3,4,CPI m/m|PPI m/m|FOMC|CPI y/y,Neutral|Good|Neutral|Neutral,3,1,2,33.3,66.7,0.5,2023-03|2023-11|2024-06
0.3,4,CPI m/m|PPI m/m|FOMC|CPI y/y,Neutral|Neutral|Neutral|Neutral,9,9,0,100.0,0.0,inf,2023-05|2023-06|2023-07|2023-09|2024-07|2024-09|2024-11|2024-12|2025-01
0.0,4,CPI m/m|Core PPI m/m|FOMC|CPI y/y,Neutral|Good|Neutral|Neutral,2,2,0,100.0,0.0,inf,2023-03|2025-01
0.0,4,CPI m/m|Core PPI m/m|FOMC|CPI y/y,Neutral|Neutral|Neutral|Good,1,1,0,100.0,0.0,inf,2023-05
0.0,4,CPI m/m|Core PPI m/m|FOMC|CPI y/y,Good|Neutral|Neutral|Good,1,1,0,100.0,0.0,inf,2023-06
0.0,4,CPI m/m|Core PPI m/m|FOMC|CPI y/y,Good|Good|Neutral|Good,3,1,2,33.3,66.7,0.5,2023-07|2023-11|2024-06
0.0,4,CPI m/m|Core PPI m/m|FOMC|CPI y/y,Neutral|Neutral|Neutral|Bad,1,1,0,100.0,0.0,inf,2023-09
0.0,4,CPI m/m|Core PPI m/m|FOMC|CPI y/y,Good|Bad|Neutral|Good,1,1,0,100.0,0.0,inf,2024-07
0.0,4,CPI m/m|Core PPI m/m|FOMC|CPI y/y,Neutral|Bad|Good|Neutral,1,1,0,100.0,0.0,inf,2024-09
0.0,4,CPI m/m|Core PPI m/m|FOMC|CPI y/y,Neutral|Neutral|Neutral|Neutral,2,2,0,100.0,0.0,inf,2024-11|2024-12
0.1,4,CPI m/m|Core PPI m/m|FOMC|CPI y/y,Neutral|Good|Neutral|Neutral,3,2,1,66.7,33.3,2.0,2023-03|2023-11|2025-01
0.1,4,CPI m/m|Core PPI m/m|FOMC|CPI y/y,Neutral|Neutral|Neutral|Neutral,4,4,0,100.0,0.0,inf,2023-05|2023-06|2024-11|2024-12
0.1,4,CPI m/m|Core PPI m/m|FOMC|CPI y/y,Neutral|Neutral|Neutral|Good,1,1,0,100.0,0.0,inf,2023-07
0.1,4,CPI m/m|Core PPI m/m|FOMC|CPI y/y,Neutral|Neutral|Neutral|Bad,1,1,0,100.0,0.0,inf,2023-09
0.1,4,CPI m/m|Core PPI m/m|FOMC|CPI y/y,Neutral|Good|Neutral|Good,1,0,1,0.0,100.0,0.0,2024-06
0.1,4,CPI m/m|Core PPI m/m|FOMC|CPI y/y,Good|Bad|Neutral|Good,1,1,0,100.0,0.0,inf,2024-07
0.1,4,CPI m/m|Core PPI m/m|FOMC|CPI y/y,Neutral|Neutral|Good|Neutral,1,1,0,100.0,0.0,inf,2024-09
0.2,4,CPI m/m|Core PPI m/m|FOMC|CPI y/y,Neutral|Good|Neutral|Neutral,3,1,2,33.3,66.7,0.5,2023-03|2023-11|2024-06
0.2,4,CPI m/m|Core PPI m/m|FOMC|CPI y/y,Neutral|Neutral|Neutral|Neutral,8,8,0,100.0,0.0,inf,2023-05|2023-06|2023-07|2023-09|2024-07|2024-11|2024-12|2025-01
0.2,4,CPI m/m|Core PPI m/m|FOMC|CPI y/y,Neutral|Neutral|Good|Neutral,1,1,0,100.0,0.0,inf,2024-09
0.3,4,CPI m/m|Core PPI m/m|FOMC|CPI y/y,Neutral|Good|Neutral|Neutral,1,1,0,100.0,0.0,inf,2023-03
0.3,4,CPI m/m|Core PPI m/m|FOMC|CPI y/y,Neutral|Neutral|Neutral|Neutral,11,9,2,81.8,18.2,4.5,2023-05|2023-06|2023-07|2023-09|2023-11|2024-06|2024-07|2024-09|2024-11|2024-12|2025-01
0.0,4,Core CPI m/m|PPI m/m|Core PPI m/m|FOMC,Bad|Good|Good|Neutral,1,1,0,100.0,0.0,inf,2023-03
0.0,4,Core CPI m/m|PPI m/m|Core PPI m/m|FOMC,Bad|Good|Neutral|Neutral,1,1,0,100.0,0.0,inf,2023-05
0.0,4,Core CPI m/m|PPI m/m|Core PPI m/m|FOMC,Neutral|Good|Neutral|Neutral,1,1,0,100.0,0.0,inf,2023-06
0.0,4,Core CPI m/m|PPI m/m|Core PPI m/m|FOMC,Good|Good|Good|Neutral,4,2,2,50.0,50.0,1.0,2023-07|2023-11|2024-06|2025-01
0.0,4,Core CPI m/m|PPI m/m|Core PPI m/m|FOMC,Bad|Bad|Neutral|Neutral,1,1,0,100.0,0.0,inf,2023-09
0.0,4,Core CPI m/m|PPI m/m|Core PPI m/m|FOMC,Good|Bad|Bad|Neutral,1,1,0,100.0,0.0,inf,2024-07
0.0,4,Core CPI m/m|PPI m/m|Core PPI m/m|FOMC,Bad|Bad|Bad|Good,1,1,0,100.0,0.0,inf,2024-09
0.0,4,Core CPI m/m|PPI m/m|Core PPI m/m|FOMC,Neutral|Neutral|Neutral|Neutral,1,1,0,100.0,0.0,inf,2024-11
0.0,4,Core CPI m/m|PPI m/m|Core PPI m/m|FOMC,Neutral|Bad|Neutral|Neutral,1,1,0,100.0,0.0,inf,2024-12
0.1,4,Core CPI m/m|PPI m/m|Core PPI m/m|FOMC,Neutral|Good|Good|Neutral,4,2,2,50.0,50.0,1.0,2023-03|2023-11|2024-06|2025-01
0.1,4,Core CPI m/m|PPI m/m|Core PPI m/m|FOMC,Bad|Neutral|Neutral|Neutral,1,1,0,100.0,0.0,inf,2023-05
0.1,4,Core CPI m/m|PPI m/m|Core PPI m/m|FOMC,Neutral|Good|Neutral|Neutral,1,1,0,100.0,0.0,inf,2023-06
0.1,4,Core CPI m/m|PPI m/m|Core PPI m/m|FOMC,Neutral|Neutral|Neutral|Neutral,2,2,0,100.0,0.0,inf,2023-07|2024-11
0.1,4,Core CPI m/m|PPI m/m|Core PPI m/m|FOMC,Neutral|Bad|Neutral|Neutral,2,2,0,100.0,0.0,inf,2023-09|2024-12
0.1,4,Core CPI m/m|PPI m/m|Core PPI m/m|FOMC,Neutral|Neutral|Bad|Neutral,1,1,0,100.0,0.0,inf,2024-07
0.1,4,Core CPI m/m|PPI m/m|Core PPI m/m|FOMC,Neutral|Neutral|Neutral|Good,1,1,0,100.0,0.0,inf,2024-09
0.2,4,Core CPI m/m|PPI m/m|Core PPI m/m|FOMC,Neutral|Good|Good|Neutral,3,1,2,33.3,66.7,0.5,2023-03|2023-11|2024-06
0.2,4,Core CPI m/m|PPI m/m|Core PPI m/m|FOMC,Neutral|Neutral|Neutral|Neutral,7,7,0,100.0,0.0,inf,2023-05|2023-06|2023-07|2024-07|2024-11|2024-12|2025-01
0.2,4,Core CPI m/m|PPI m/m|Core PPI m/m|FOMC,Neutral|Bad|Neutral|Neutral,1,1,0,100.0,0.0,inf,2023-09
0.2,4,Core CPI m/m|PPI m/m|Core PPI m/m|FOMC,Neutral|Neutral|Neutral|Good,1,1,0,100.0,0.0,inf,2024-09
0.3,4,Core CPI m/m|PPI m/m|Core PPI m/m|FOMC,Neutral|Good|Good|Neutral,1,1,0,100.0,0.0,inf,2023-03
0.3,4,Core CPI m/m|PPI m/m|Core PPI m/m|FOMC,Neutral|Neutral|Neutral|Neutral,9,9,0,100.0,0.0,inf,2023-05|2023-06|2023-07|2023-09|2024-07|2024-09|2024-11|2024-12|2025-01
0.3,4,Core CPI m/m|PPI m/m|Core PPI m/m|FOMC,Neutral|Good|Neutral|Neutral,2,0,2,0.0,100.0,0.0,2023-11|2024-06
0.0,4,Core CPI m/m|PPI m/m|Core PPI m/m|CPI y/y,Bad|Good|Good|Neutral,3,3,0,100.0,0.0,inf,2018-01|2020-07|2023-03
0.0,4,Core CPI m/m|PPI m/m|Core PPI m/m|CPI y/y,Bad|Neutral|Bad|Bad,1,1,0,100.0,0.0,inf,2018-02
0.0,4,Core CPI m/m|PPI m/m|Core PPI m/m|CPI y/y,Good|Good|Neutral|Neutral,1,0,1,0.0,100.0,0.0,2018-05
0.0,4,Core CPI m/m|PPI m/m|Core PPI m/m|CPI y/y,Neutral|Bad|Bad|Neutral,5,3,2,60.0,40.0,1.5,2018-07|2018-12|2020-10|2021-12|2024-05
0.0,4,Core CPI m/m|PPI m/m|Core PPI m/m|CPI y/y,Neutral|Good|Good|Neutral,4,3,1,75.0,25.0,3.0,2018-08|2019-01|2022-03|2025-09
0.0,4,Core CPI m/m|PPI m/m|Core PPI m/m|CPI y/y,Good|Good|Good|Good,9,6,3,66.7,33.3,2.0,2018-09|2020-05|2022-11|2023-07|2023-11|2024-06|2025-03|2025-05|2025-06
0.0,4,Core CPI m/m|PPI m/m|Core PPI m/m|CPI y/y,Good|Neutral|Neutral|Good,2,1,1,50.0,50.0,1.0,2018-10|2019-06
0.0,4,Core CPI m/m|PPI m/m|Core PPI m/m|CPI y/y,Neutral|Good|Bad|Bad,1,0,1,0.0,100.0,0.0,2019-02
0.0,4,Core CPI m/m|PPI m/m|Core PPI m/m|CPI y/y,Good|Bad|Bad|Bad,3,2,1,66.7,33.3,2.0,2019-04|2021-08|2022-04
0.0,4,Core CPI m/m|PPI m/m|Core PPI m/m|CPI y/y,Good|Neutral|Good|Good,1,1,0,100.0,0.0,inf,2019-05
0.0,4,Core CPI m/m|PPI m/m|Core PPI m/m|CPI y/y,Bad|Neutral|Bad|Neutral,1,0,1,0.0,100.0,0.0,2019-07
0.0,4,Core CPI m/m|PPI m/m|Core PPI m/m|CPI y/y,Bad|Neutral|Good|Bad,4,3,1,75.0,25.0,3.0,2019-08|2021-11|2022-05|2022-06
0.0,4,Core CPI m/m|PPI m/m|Core PPI m/m|CPI y/y,Neutral|Bad|Bad|Bad,2,1,1,50.0,50.0,1.0,2020-02|2023-02
0.0,4,Core CPI m/m|PPI m/m|Core PPI m/m|CPI y/y,Good|Bad|Bad|Good,3,2,1,66.7,33.3,2.0,2020-04|2022-12|2024-07
0.0,4,Core CPI m/m|PPI m/m|Core PPI m/m|CPI y/y,Good|Bad|Neutral|Good,1,1,0,100.0,0.0,inf,2020-06
0.0,4,Core CPI m/m|PPI m/m|Core PPI m/m|CPI y/y,Bad|Bad|Bad|Bad,9,5,4,55.6,44.4,1.25,2020-08|2020-09|2021-04|2021-05|2021-06|2021-07|2022-02|2024-02|2024-03
0.0,4,Core CPI m/m|PPI m/m|Core PPI m/m|CPI y/y,Good|Bad|Good|Good,1,1,0,100.0,0.0,inf,2020-11
0.0,4,Core CPI m/m|PPI m/m|Core PPI m/m|CPI y/y,Bad|Neutral|Good|Neutral,1,1,0,100.0,0.0,inf,2020-12
0.0,4,Core CPI m/m|PPI m/m|Core PPI m/m|CPI y/y,Neutral|Good|Neutral|Neutral,2,1,1,50.0,50.0,1.0,2021-01|2023-01
0.0,4,Core CPI m/m|PPI m/m|Core PPI m/m|CPI y/y,Good|Bad|Bad|Neutral,3,2,1,66.7,33.3,2.0,2021-02|2021-09|2026-01
0.0,4,Core CPI m/m|PPI m/m|Core PPI m/m|CPI y/y,Good|Bad|Neutral|Neutral,1,1,0,100.0,0.0,inf,2021-03
0.0,4,Core CPI m/m|PPI m/m|Core PPI m/m|CPI y/y,Neutral|Good|Good|Bad,2,2,0,100.0,0.0,inf,2021-10|2024-01
0.0,4,Core CPI m/m|PPI m/m|Core PPI m/m|CPI y/y,Bad|Good|Neutral|Neutral,1,1,0,100.0,0.0,inf,2022-01
0.0,4,Core CPI m/m|PPI m/m|Core PPI m/m|CPI y/y,Neutral|Good|Good|Good,2,2,0,100.0,0.0,inf,2023-04|2024-08
0.0,4,Core CPI m/m|PPI m/m|Core PPI m/m|CPI y/y,Bad|Good|Neutral|Good,1,1,0,100.0,0.0,inf,2023-05
0.0,4,Core CPI m/m|PPI m/m|Core PPI m/m|CPI y/y,Neutral|Good|Neutral|Good,1,1,0,100.0,0.0,inf,2023-06
0.0,4,Core CPI m/m|PPI m/m|Core PPI m/m|CPI y/y,Neutral|Bad|Bad|Good,3,3,0,100.0,0.0,inf,2023-08|2025-08|2026-02
0.0,4,Core CPI m/m|PPI m/m|Core PPI m/m|CPI y/y,Bad|Bad|Neutral|Bad,2,1,1,50.0,50.0,1.0,2023-09|2025-02
0.0,4,Core CPI m/m|PPI m/m|Core PPI m/m|CPI y/y,Bad|Bad|Bad|Neutral,1,1,0,100.0,0.0,inf,2024-09
0.0,4,Core CPI m/m|PPI m/m|Core PPI m/m|CPI y/y,Bad|Good|Neutral|Bad,1,1,0,100.0,0.0,inf,2024-10
0.0,4,Core CPI m/m|PPI m/m|Core PPI m/m|CPI y/y,Neutral|Neutral|Neutral|Neutral,1,1,0,100.0,0.0,inf,2024-11
0.0,4,Core CPI m/m|PPI m/m|Core PPI m/m|CPI y/y,Neutral|Bad|Neutral|Neutral,1,1,0,100.0,0.0,inf,2024-12
0.0,4,Core CPI m/m|PPI m/m|Core PPI m/m|CPI y/y,Good|Good|Good|Neutral,1,1,0,100.0,0.0,inf,2025-01
0.0,4,Core CPI m/m|PPI m/m|Core PPI m/m|CPI y/y,Good|Good|Good|Bad,1,1,0,100.0,0.0,inf,2025-07
0.1,4,Core CPI m/m|PPI m/m|Core PPI m/m|CPI y/y,Neutral|Good|Good|Neutral,9,8,1,88.9,11.1,8.0,2018-01|2018-09|2020-07|2022-03|2023-03|2023-04|2023-11|2025-01|2025-09
0.1,4,Core CPI m/m|PPI m/m|Core PPI m/m|CPI y/y,Neutral|Neutral|Bad|Bad,1,1,0,100.0,0.0,inf,2018-02
0.1,4,Core CPI m/m|PPI m/m|Core PPI m/m|CPI y/y,Neutral|Neutral|Neutral|Neutral,9,5,4,55.6,44.4,1.25,2018-05|2018-07|2019-06|2019-07|2020-12|2021-03|2023-08|2024-09|2024-11
0.1,4,Core CPI m/m|PPI m/m|Core PPI m/m|CPI y/y,Neutral|Good|Neutral|Neutral,5,3,2,60.0,40.0,1.5,2018-08|2021-01|2022-01|2023-01|2023-06
0.1,4,Core CPI m/m|PPI m/m|Core PPI m/m|CPI y/y,Neutral|Neutral|Neutral|Good,3,3,0,100.0,0.0,inf,2018-10|2019-05|2023-07
0.1,4,Core CPI m/m|PPI m/m|Core PPI m/m|CPI y/y,Neutral|Neutral|Bad|Neutral,1,1,0,100.0,0.0,inf,2018-12
0.1,4,Core CPI m/m|PPI m/m|Core PPI m/m|CPI y/y,Neutral|Neutral|Good|Neutral,1,1,0,100.0,0.0,inf,2019-01
0.1,4,Core CPI m/m|PPI m/m|Core PPI m/m|CPI y/y,Neutral|Good|Neutral|Bad,1,0,1,0.0,100.0,0.0,2019-02
0.1,4,Core CPI m/m|PPI m/m|Core PPI m/m|CPI y/y,Neutral|Bad|Neutral|Neutral,2,2,0,100.0,0.0,inf,2019-04|2024-12
0.1,4,Core CPI m/m|PPI m/m|Core PPI m/m|CPI y/y,Neutral|Neutral|Good|Bad,2,2,0,100.0,0.0,inf,2019-08|2021-10
0.1,4,Core CPI m/m|PPI m/m|Core PPI m/m|CPI y/y,Neutral|Bad|Bad|Bad,4,2,2,50.0,50.0,1.0,2020-02|2021-04|2022-02|2023-02
0.1,4,Core CPI m/m|PPI m/m|Core PPI m/m|CPI y/y,Good|Neutral|Bad|Good,1,1,0,100.0,0.0,inf,2020-04
0.1,4,Core CPI m/m|PPI m/m|Core PPI m/m|CPI y/y,Good|Good|Good|Good,2,1,1,50.0,50.0,1.0,2020-05|2022-11
0.1,4,Core CPI m/m|PPI m/m|Core PPI m/m|CPI y/y,Neutral|Bad|Neutral|Good,1,1,0,100.0,0.0,inf,2020-06
0.1,4,Core CPI m/m|PPI m/m|Core PPI m/m|CPI y/y,Bad|Bad|Bad|Bad,5,3,2,60.0,40.0,1.5,2020-08|2021-05|2021-06|2021-07|2024-02
0.1,4,Core CPI m/m|PPI m/m|Core PPI m/m|CPI y/y,Bad|Neutral|Bad|Bad,1,1,0,100.0,0.0,inf,2020-09
0.1,4,Core CPI m/m|PPI m/m|Core PPI m/m|CPI y/y,Neutral|Bad|Bad|Neutral,5,3,2,60.0,40.0,1.5,2020-10|2021-12|2024-05|2025-08|2026-01
0.1,4,Core CPI m/m|PPI m/m|Core PPI m/m|CPI y/y,Good|Neutral|Neutral|Good,1,1,0,100.0,0.0,inf,2020-11
0.1,4,Core CPI m/m|PPI m/m|Core PPI m/m|CPI y/y,Good|Bad|Bad|Neutral,2,1,1,50.0,50.0,1.0,2021-02|2022-04
0.1,4,Core CPI m/m|PPI m/m|Core PPI m/m|CPI y/y,Good|Bad|Bad|Bad,1,1,0,100.0,0.0,inf,2021-08
0.1,4,Core CPI m/m|PPI m/m|Core PPI m/m|CPI y/y,Good|Neutral|Neutral|Neutral,1,1,0,100.0,0.0,inf,2021-09
0.1,4,Core CPI m/m|PPI m/m|Core PPI m/m|CPI y/y,Bad|Neutral|Neutral|Bad,1,1,0,100.0,0.0,inf,2021-11
0.1,4,Core CPI m/m|PPI m/m|Core PPI m/m|CPI y/y,Bad|Neutral|Good|Bad,1,0,1,0.0,100.0,0.0,2022-05
0.1,4,Core CPI m/m|PPI m/m|Core PPI m/m|CPI y/y,Neutral|Neutral|Neutral|Bad,2,2,0,100.0,0.0,inf,2022-06|2024-10
0.1,4,Core CPI m/m|PPI m/m|Core PPI m/m|CPI y/y,Neutral|Neutral|Bad|Good,2,1,1,50.0,50.0,1.0,2022-12|2024-07
0.1,4,Core CPI m/m|PPI m/m|Core PPI m/m|CPI y/y,Bad|Neutral|Neutral|Neutral,1,1,0,100.0,0.0,inf,2023-05
0.1,4,Core CPI m/m|PPI m/m|Core PPI m/m|CPI y/y,Neutral|Bad|Neutral|Bad,1,1,0,100.0,0.0,inf,2023-09
0.1,4,Core CPI m/m|PPI m/m|Core PPI m/m|CPI y/y,Neutral|Good|Good|Bad,2,2,0,100.0,0.0,inf,2024-01|2025-07
0.1,4,Core CPI m/m|PPI m/m|Core PPI m/m|CPI y/y,Bad|Bad|Neutral|Bad,2,0,2,0.0,100.0,0.0,2024-03|2025-02
0.1,4,Core CPI m/m|PPI m/m|Core PPI m/m|CPI y/y,Neutral|Good|Good|Good,3,2,1,66.7,33.3,2.0,2024-06|2025-03|2025-05
0.1,4,Core CPI m/m|PPI m/m|Core PPI m/m|CPI y/y,Neutral|Neutral|Good|Good,1,1,0,100.0,0.0,inf,2024-08
0.1,4,Core CPI m/m|PPI m/m|Core PPI m/m|CPI y/y,Good|Neutral|Good|Good,1,1,0,100.0,0.0,inf,2025-06
0.1,4,Core CPI m/m|PPI m/m|Core PPI m/m|CPI y/y,Neutral|Bad|Bad|Good,1,1,0,100.0,0.0,inf,2026-02
0.2,4,Core CPI m/m|PPI m/m|Core PPI m/m|CPI y/y,Neutral|Good|Good|Neutral,10,8,2,80.0,20.0,4.0,2018-01|2018-09|2020-07|2023-03|2023-04|2023-11|2024-06|2025-03|2025-05|2025-09
0.2,4,Core CPI m/m|PPI m/m|Core PPI m/m|CPI y/y,Neutral|Neutral|Neutral|Bad,4,3,1,75.0,25.0,3.0,2018-02|2021-11|2022-05|2022-06
0.2,4,Core CPI m/m|PPI m/m|Core PPI m/m|CPI y/y,Neutral|Neutral|Neutral|Neutral,34,25,9,73.5,26.5,2.78,2018-05|2018-07|2018-08|2018-10|2018-12|2019-02|2019-05|2019-06|2019-07|2020-04|2020-09|2020-10|2020-11|2020-12|2021-01|2021-03|2021-09|2022-01|2023-05|2023-06|2023-07|2023-08|2024-01|2024-07|2024-08|2024-09|2024-10|2024-11|2024-12|2025-01|2025-02|2025-06|2025-07|2026-01
0.2,4,Core CPI m/m|PPI m/m|Core PPI m/m|CPI y/y,Neutral|Neutral|Good|Neutral,4,4,0,100.0,0.0,inf,2019-01|2019-08|2021-10|2022-03
0.2,4,Core CPI m/m|PPI m/m|Core PPI m/m|CPI y/y,Neutral|Bad|Neutral|Neutral,4,3,1,75.0,25.0,3.0,2019-04|2020-06|2023-09|2024-03
0.2,4,Core CPI m/m|PPI m/m|Core PPI m/m|CPI y/y,Neutral|Bad|Bad|Neutral,7,5,2,71.4,28.6,2.5,2020-02|2021-02|2021-04|2021-08|2021-12|2022-04|2025-08
0.2,4,Core CPI m/m|PPI m/m|Core PPI m/m|CPI y/y,Neutral|Good|Neutral|Neutral,2,0,2,0.0,100.0,0.0,2020-05|2023-01
0.2,4,Core CPI m/m|PPI m/m|Core PPI m/m|CPI y/y,Bad|Bad|Bad|Bad,3,2,1,66.7,33.3,2.0,2020-08|2021-05|2021-07
0.2,4,Core CPI m/m|PPI m/m|Core PPI m/m|CPI y/y,Neutral|Bad|Neutral|Bad,2,2,0,100.0,0.0,inf,2021-06|2023-02
0.2,4,Core CPI m/m|PPI m/m|Core PPI m/m|CPI y/y,Neutral|Bad|Bad|Bad,1,0,1,0.0,100.0,0.0,2022-02
0.2,4,Core CPI m/m|PPI m/m|Core PPI m/m|CPI y/y,Neutral|Neutral|Good|Good,1,1,0,100.0,0.0,inf,2022-11
0.2,4,Core CPI m/m|PPI m/m|Core PPI m/m|CPI y/y,Neutral|Neutral|Neutral|Good,1,0,1,0.0,100.0,0.0,2022-12
0.2,4,Core CPI m/m|PPI m/m|Core PPI m/m|CPI y/y,Neutral|Neutral|Bad|Bad,1,0,1,0.0,100.0,0.0,2024-02
0.2,4,Core CPI m/m|PPI m/m|Core PPI m/m|CPI y/y,Neutral|Neutral|Bad|Neutral,2,2,0,100.0,0.0,inf,2024-05|2026-02
0.3,4,Core CPI m/m|PPI m/m|Core PPI m/m|CPI y/y,Neutral|Good|Good|Neutral,7,7,0,100.0,0.0,inf,2018-01|2018-09|2020-07|2023-03|2023-04|2025-05|2025-09
0.3,4,Core CPI m/m|PPI m/m|Core PPI m/m|CPI y/y,Neutral|Neutral|Neutral|Neutral,46,34,12,73.9,26.1,2.83,2018-02|2018-05|2018-07|2018-08|2018-10|2018-12|2019-02|2019-04|2019-05|2019-06|2019-07|2020-04|2020-09|2020-10|2020-11|2020-12|2021-01|2021-03|2021-09|2021-10|2021-11|2022-01|2022-05|2022-06|2022-11|2022-12|2023-02|2023-05|2023-06|2023-07|2023-08|2023-09|2024-01|2024-03|2024-05|2024-07|2024-08|2024-09|2024-10|2024-11|2024-12|2025-01|2025-02|2025-06|2025-07|2026-01
0.3,4,Core CPI m/m|PPI m/m|Core PPI m/m|CPI y/y,Neutral|Neutral|Good|Neutral,4,4,0,100.0,0.0,inf,2019-01|2019-08|2022-03|2025-03
0.3,4,Core CPI m/m|PPI m/m|Core PPI m/m|CPI y/y,Neutral|Bad|Neutral|Neutral,4,3,1,75.0,25.0,3.0,2020-02|2020-06|2021-06|2021-12
0.3,4,Core CPI m/m|PPI m/m|Core PPI m/m|CPI y/y,Neutral|Good|Neutral|Neutral,4,0,4,0.0,100.0,0.0,2020-05|2023-01|2023-11|2024-06
0.3,4,Core CPI m/m|PPI m/m|Core PPI m/m|CPI y/y,Bad|Neutral|Bad|Bad,1,1,0,100.0,0.0,inf,2020-08
0.3,4,Core CPI m/m|PPI m/m|Core PPI m/m|CPI y/y,Neutral|Bad|Bad|Neutral,5,4,1,80.0,20.0,4.0,2021-02|2021-04|2021-08|2022-02|2025-08
0.3,4,Core CPI m/m|PPI m/m|Core PPI m/m|CPI y/y,Bad|Neutral|Neutral|Bad,1,1,0,100.0,0.0,inf,2021-05
0.3,4,Core CPI m/m|PPI m/m|Core PPI m/m|CPI y/y,Bad|Bad|Bad|Bad,1,0,1,0.0,100.0,0.0,2021-07
0.3,4,Core CPI m/m|PPI m/m|Core PPI m/m|CPI y/y,Neutral|Neutral|Bad|Neutral,3,1,2,33.3,66.7,0.5,2022-04|2024-02|2026-02
0.0,4,Core CPI m/m|PPI m/m|FOMC|CPI y/y,Bad|Good|Neutral|Neutral,1,1,0,100.0,0.0,inf,2023-03
0.0,4,Core CPI m/m|PPI m/m|FOMC|CPI y/y,Bad|Good|Neutral|Good,1,1,0,100.0,0.0,inf,2023-05
0.0,4,Core CPI m/m|PPI m/m|FOMC|CPI y/y,Neutral|Good|Neutral|Good,1,1,0,100.0,0.0,inf,2023-06
0.0,4,Core CPI m/m|PPI m/m|FOMC|CPI y/y,Good|Good|Neutral|Good,3,1,2,33.3,66.7,0.5,2023-07|2023-11|2024-06
0.0,4,Core CPI m/m|PPI m/m|FOMC|CPI y/y,Bad|Bad|Neutral|Bad,1,1,0,100.0,0.0,inf,2023-09
0.0,4,Core CPI m/m|PPI m/m|FOMC|CPI y/y,Good|Bad|Neutral|Good,1,1,0,100.0,0.0,inf,2024-07
0.0,4,Core CPI m/m|PPI m/m|FOMC|CPI y/y,Bad|Bad|Good|Neutral,1,1,0,100.0,0.0,inf,2024-09
0.0,4,Core CPI m/m|PPI m/m|FOMC|CPI y/y,Neutral|Neutral|Neutral|Neutral,1,1,0,100.0,0.0,inf,2024-11
0.0,4,Core CPI m/m|PPI m/m|FOMC|CPI y/y,Neutral|Bad|Neutral|Neutral,1,1,0,100.0,0.0,inf,2024-12
0.0,4,Core CPI m/m|PPI m/m|FOMC|CPI y/y,Good|Good|Neutral|Neutral,1,1,0,100.0,0.0,inf,2025-01
0.1,4,Core CPI m/m|PPI m/m|FOMC|CPI y/y,Neutral|Good|Neutral|Neutral,4,3,1,75.0,25.0,3.0,2023-03|2023-06|2023-11|2025-01
0.1,4,Core CPI m/m|PPI m/m|FOMC|CPI y/y,Bad|Neutral|Neutral|Neutral,1,1,0,100.0,0.0,inf,2023-05
0.1,4,Core CPI m/m|PPI m/m|FOMC|CPI y/y,Neutral|Neutral|Neutral|Good,2,2,0,100.0,0.0,inf,2023-07|2024-07
0.1,4,Core CPI m/m|PPI m/m|FOMC|CPI y/y,Neutral|Bad|Neutral|Bad,1,1,0,100.0,0.0,inf,2023-09
0.1,4,Core CPI m/m|PPI m/m|FOMC|CPI y/y,Neutral|Good|Neutral|Good,1,0,1,0.0,100.0,0.0,2024-06
0.1,4,Core CPI m/m|PPI m/m|FOMC|CPI y/y,Neutral|Neutral|Good|Neutral,1,1,0,100.0,0.0,inf,2024-09
0.1,4,Core CPI m/m|PPI m/m|FOMC|CPI y/y,Neutral|Neutral|Neutral|Neutral,1,1,0,100.0,0.0,inf,2024-11
0.1,4,Core CPI m/m|PPI m/m|FOMC|CPI y/y,Neutral|Bad|Neutral|Neutral,1,1,0,100.0,0.0,inf,2024-12
0.2,4,Core CPI m/m|PPI m/m|FOMC|CPI y/y,Neutral|Good|Neutral|Neutral,3,1,2,33.3,66.7,0.5,2023-03|2023-11|2024-06
0.2,4,Core CPI m/m|PPI m/m|FOMC|CPI y/y,Neutral|Neutral|Neutral|Neutral,7,7,0,100.0,0.0,inf,2023-05|2023-06|2023-07|2024-07|2024-11|2024-12|2025-01
0.2,4,Core CPI m/m|PPI m/m|FOMC|CPI y/y,Neutral|Bad|Neutral|Neutral,1,1,0,100.0,0.0,inf,2023-09
0.2,4,Core CPI m/m|PPI m/m|FOMC|CPI y/y,Neutral|Neutral|Good|Neutral,1,1,0,100.0,0.0,inf,2024-09
0.3,4,Core CPI m/m|PPI m/m|FOMC|CPI y/y,Neutral|Good|Neutral|Neutral,3,1,2,33.3,66.7,0.5,2023-03|2023-11|2024-06
0.3,4,Core CPI m/m|PPI m/m|FOMC|CPI y/y,Neutral|Neutral|Neutral|Neutral,9,9,0,100.0,0.0,inf,2023-05|2023-06|2023-07|2023-09|2024-07|2024-09|2024-11|2024-12|2025-01
0.0,4,Core CPI m/m|Core PPI m/m|FOMC|CPI y/y,Bad|Good|Neutral|Neutral,1,1,0,100.0,0.0,inf,2023-03
0.0,4,Core CPI m/m|Core PPI m/m|FOMC|CPI y/y,Bad|Neutral|Neutral|Good,1,1,0,100.0,0.0,inf,2023-05
0.0,4,Core CPI m/m|Core PPI m/m|FOMC|CPI y/y,Neutral|Neutral|Neutral|Good,1,1,0,100.0,0.0,inf,2023-06
0.0,4,Core CPI m/m|Core PPI m/m|FOMC|CPI y/y,Good|Good|Neutral|Good,3,1,2,33.3,66.7,0.5,2023-07|2023-11|2024-06
0.0,4,Core CPI m/m|Core PPI m/m|FOMC|CPI y/y,Bad|Neutral|Neutral|Bad,1,1,0,100.0,0.0,inf,2023-09
0.0,4,Core CPI m/m|Core PPI m/m|FOMC|CPI y/y,Good|Bad|Neutral|Good,1,1,0,100.0,0.0,inf,2024-07
0.0,4,Core CPI m/m|Core PPI m/m|FOMC|CPI y/y,Bad|Bad|Good|Neutral,1,1,0,100.0,0.0,inf,2024-09
0.0,4,Core CPI m/m|Core PPI m/m|FOMC|CPI y/y,Neutral|Neutral|Neutral|Neutral,2,2,0,100.0,0.0,inf,2024-11|2024-12
0.0,4,Core CPI m/m|Core PPI m/m|FOMC|CPI y/y,Good|Good|Neutral|Neutral,1,1,0,100.0,0.0,inf,2025-01
0.1,4,Core CPI m/m|Core PPI m/m|FOMC|CPI y/y,Neutral|Good|Neutral|Neutral,3,2,1,66.7,33.3,2.0,2023-03|2023-11|2025-01
0.1,4,Core CPI m/m|Core PPI m/m|FOMC|CPI y/y,Bad|Neutral|Neutral|Neutral,1,1,0,100.0,0.0,inf,2023-05
0.1,4,Core CPI m/m|Core PPI m/m|FOMC|CPI y/y,Neutral|Neutral|Neutral|Neutral,3,3,0,100.0,0.0,inf,2023-06|2024-11|2024-12
0.1,4,Core CPI m/m|Core PPI m/m|FOMC|CPI y/y,Neutral|Neutral|Neutral|Good,1,1,0,100.0,0.0,inf,2023-07
0.1,4,Core CPI m/m|Core PPI m/m|FOMC|CPI y/y,Neutral|Neutral|Neutral|Bad,1,1,0,100.0,0.0,inf,2023-09
0.1,4,Core CPI m/m|Core PPI m/m|FOMC|CPI y/y,Neutral|Good|Neutral|Good,1,0,1,0.0,100.0,0.0,2024-06
0.1,4,Core CPI m/m|Core PPI m/m|FOMC|CPI y/y,Neutral|Bad|Neutral|Good,1,1,0,100.0,0.0,inf,2024-07
0.1,4,Core CPI m/m|Core PPI m/m|FOMC|CPI y/y,Neutral|Neutral|Good|Neutral,1,1,0,100.0,0.0,inf,2024-09
0.2,4,Core CPI m/m|Core PPI m/m|FOMC|CPI y/y,Neutral|Good|Neutral|Neutral,3,1,2,33.3,66.7,0.5,2023-03|2023-11|2024-06
0.2,4,Core CPI m/m|Core PPI m/m|FOMC|CPI y/y,Neutral|Neutral|Neutral|Neutral,8,8,0,100.0,0.0,inf,2023-05|2023-06|2023-07|2023-09|2024-07|2024-11|2024-12|2025-01
0.2,4,Core CPI m/m|Core PPI m/m|FOMC|CPI y/y,Neutral|Neutral|Good|Neutral,1,1,0,100.0,0.0,inf,2024-09
0.3,4,Core CPI m/m|Core PPI m/m|FOMC|CPI y/y,Neutral|Good|Neutral|Neutral,1,1,0,100.0,0.0,inf,2023-03
0.3,4,Core CPI m/m|Core PPI m/m|FOMC|CPI y/y,Neutral|Neutral|Neutral|Neutral,11,9,2,81.8,18.2,4.5,2023-05|2023-06|2023-07|2023-09|2023-11|2024-06|2024-07|2024-09|2024-11|2024-12|2025-01
0.0,4,PPI m/m|Core PPI m/m|FOMC|CPI y/y,Good|Good|Neutral|Neutral,2,2,0,100.0,0.0,inf,2023-03|2025-01
0.0,4,PPI m/m|Core PPI m/m|FOMC|CPI y/y,Good|Neutral|Neutral|Good,2,2,0,100.0,0.0,inf,2023-05|2023-06
0.0,4,PPI m/m|Core PPI m/m|FOMC|CPI y/y,Good|Good|Neutral|Good,3,1,2,33.3,66.7,0.5,2023-07|2023-11|2024-06
0.0,4,PPI m/m|Core PPI m/m|FOMC|CPI y/y,Bad|Neutral|Neutral|Bad,1,1,0,100.0,0.0,inf,2023-09
0.0,4,PPI m/m|Core PPI m/m|FOMC|CPI y/y,Bad|Bad|Neutral|Good,1,1,0,100.0,0.0,inf,2024-07
0.0,4,PPI m/m|Core PPI m/m|FOMC|CPI y/y,Bad|Bad|Good|Neutral,1,1,0,100.0,0.0,inf,2024-09
0.0,4,PPI m/m|Core PPI m/m|FOMC|CPI y/y,Neutral|Neutral|Neutral|Neutral,1,1,0,100.0,0.0,inf,2024-11
0.0,4,PPI m/m|Core PPI m/m|FOMC|CPI y/y,Bad|Neutral|Neutral|Neutral,1,1,0,100.0,0.0,inf,2024-12
0.1,4,PPI m/m|Core PPI m/m|FOMC|CPI y/y,Good|Good|Neutral|Neutral,3,2,1,66.7,33.3,2.0,2023-03|2023-11|2025-01
0.1,4,PPI m/m|Core PPI m/m|FOMC|CPI y/y,Neutral|Neutral|Neutral|Neutral,2,2,0,100.0,0.0,inf,2023-05|2024-11
0.1,4,PPI m/m|Core PPI m/m|FOMC|CPI y/y,Good|Neutral|Neutral|Neutral,1,1,0,100.0,0.0,inf,2023-06
0.1,4,PPI m/m|Core PPI m/m|FOMC|CPI y/y,Neutral|Neutral|Neutral|Good,1,1,0,100.0,0.0,inf,2023-07
0.1,4,PPI m/m|Core PPI m/m|FOMC|CPI y/y,Bad|Neutral|Neutral|Bad,1,1,0,100.0,0.0,inf,2023-09
0.1,4,PPI m/m|Core PPI m/m|FOMC|CPI y/y,Good|Good|Neutral|Good,1,0,1,0.0,100.0,0.0,2024-06
0.1,4,PPI m/m|Core PPI m/m|FOMC|CPI y/y,Neutral|Bad|Neutral|Good,1,1,0,100.0,0.0,inf,2024-07
0.1,4,PPI m/m|Core PPI m/m|FOMC|CPI y/y,Neutral|Neutral|Good|Neutral,1,1,0,100.0,0.0,inf,2024-09
0.1,4,PPI m/m|Core PPI m/m|FOMC|CPI y/y,Bad|Neutral|Neutral|Neutral,1,1,0,100.0,0.0,inf,2024-12
0.2,4,PPI m/m|Core PPI m/m|FOMC|CPI y/y,Good|Good|Neutral|Neutral,3,1,2,33.3,66.7,0.5,2023-03|2023-11|2024-06
0.2,4,PPI m/m|Core PPI m/m|FOMC|CPI y/y,Neutral|Neutral|Neutral|Neutral,7,7,0,100.0,0.0,inf,2023-05|2023-06|2023-07|2024-07|2024-11|2024-12|2025-01
0.2,4,PPI m/m|Core PPI m/m|FOMC|CPI y/y,Bad|Neutral|Neutral|Neutral,1,1,0,100.0,0.0,inf,2023-09
0.2,4,PPI m/m|Core PPI m/m|FOMC|CPI y/y,Neutral|Neutral|Good|Neutral,1,1,0,100.0,0.0,inf,2024-09
0.3,4,PPI m/m|Core PPI m/m|FOMC|CPI y/y,Good|Good|Neutral|Neutral,1,1,0,100.0,0.0,inf,2023-03
0.3,4,PPI m/m|Core PPI m/m|FOMC|CPI y/y,Neutral|Neutral|Neutral|Neutral,9,9,0,100.0,0.0,inf,2023-05|2023-06|2023-07|2023-09|2024-07|2024-09|2024-11|2024-12|2025-01
0.3,4,PPI m/m|Core PPI m/m|FOMC|CPI y/y,Good|Neutral|Neutral|Neutral,2,0,2,0.0,100.0,0.0,2023-11|2024-06
0.0,5,CPI m/m|Core CPI m/m|PPI m/m|Core PPI m/m|FOMC,Neutral|Bad|Good|Good|Neutral,1,1,0,100.0,0.0,inf,2023-03
0.0,5,CPI m/m|Core CPI m/m|PPI m/m|Core PPI m/m|FOMC,Neutral|Bad|Good|Neutral|Neutral,1,1,0,100.0,0.0,inf,2023-05
0.0,5,CPI m/m|Core CPI m/m|PPI m/m|Core PPI m/m|FOMC,Good|Neutral|Good|Neutral|Neutral,1,1,0,100.0,0.0,inf,2023-06
0.0,5,CPI m/m|Core CPI m/m|PPI m/m|Core PPI m/m|FOMC,Good|Good|Good|Good|Neutral,3,1,2,33.3,66.7,0.5,2023-07|2023-11|2024-06
0.0,5,CPI m/m|Core CPI m/m|PPI m/m|Core PPI m/m|FOMC,Neutral|Bad|Bad|Neutral|Neutral,1,1,0,100.0,0.0,inf,2023-09
0.0,5,CPI m/m|Core CPI m/m|PPI m/m|Core PPI m/m|FOMC,Good|Good|Bad|Bad|Neutral,1,1,0,100.0,0.0,inf,2024-07
0.0,5,CPI m/m|Core CPI m/m|PPI m/m|Core PPI m/m|FOMC,Neutral|Bad|Bad|Bad|Good,1,1,0,100.0,0.0,inf,2024-09
0.0,5,CPI m/m|Core CPI m/m|PPI m/m|Core PPI m/m|FOMC,Neutral|Neutral|Neutral|Neutral|Neutral,1,1,0,100.0,0.0,inf,2024-11
0.0,5,CPI m/m|Core CPI m/m|PPI m/m|Core PPI m/m|FOMC,Neutral|Neutral|Bad|Neutral|Neutral,1,1,0,100.0,0.0,inf,2024-12
0.0,5,CPI m/m|Core CPI m/m|PPI m/m|Core PPI m/m|FOMC,Neutral|Good|Good|Good|Neutral,1,1,0,100.0,0.0,inf,2025-01
0.1,5,CPI m/m|Core CPI m/m|PPI m/m|Core PPI m/m|FOMC,Neutral|Neutral|Good|Good|Neutral,4,2,2,50.0,50.0,1.0,2023-03|2023-11|2024-06|2025-01
0.1,5,CPI m/m|Core CPI m/m|PPI m/m|Core PPI m/m|FOMC,Neutral|Bad|Neutral|Neutral|Neutral,1,1,0,100.0,0.0,inf,2023-05
0.1,5,CPI m/m|Core CPI m/m|PPI m/m|Core PPI m/m|FOMC,Neutral|Neutral|Good|Neutral|Neutral,1,1,0,100.0,0.0,inf,2023-06
0.1,5,CPI m/m|Core CPI m/m|PPI m/m|Core PPI m/m|FOMC,Neutral|Neutral|Neutral|Neutral|Neutral,2,2,0,100.0,0.0,inf,2023-07|2024-11
0.1,5,CPI m/m|Core CPI m/m|PPI m/m|Core PPI m/m|FOMC,Neutral|Neutral|Bad|Neutral|Neutral,2,2,0,100.0,0.0,inf,2023-09|2024-12
0.1,5,CPI m/m|Core CPI m/m|PPI m/m|Core PPI m/m|FOMC,Good|Neutral|Neutral|Bad|Neutral,1,1,0,100.0,0.0,inf,2024-07
0.1,5,CPI m/m|Core CPI m/m|PPI m/m|Core PPI m/m|FOMC,Neutral|Neutral|Neutral|Neutral|Good,1,1,0,100.0,0.0,inf,2024-09
0.2,5,CPI m/m|Core CPI m/m|PPI m/m|Core PPI m/m|FOMC,Neutral|Neutral|Good|Good|Neutral,3,1,2,33.3,66.7,0.5,2023-03|2023-11|2024-06
0.2,5,CPI m/m|Core CPI m/m|PPI m/m|Core PPI m/m|FOMC,Neutral|Neutral|Neutral|Neutral|Neutral,7,7,0,100.0,0.0,inf,2023-05|2023-06|2023-07|2024-07|2024-11|2024-12|2025-01
0.2,5,CPI m/m|Core CPI m/m|PPI m/m|Core PPI m/m|FOMC,Neutral|Neutral|Bad|Neutral|Neutral,1,1,0,100.0,0.0,inf,2023-09
0.2,5,CPI m/m|Core CPI m/m|PPI m/m|Core PPI m/m|FOMC,Neutral|Neutral|Neutral|Neutral|Good,1,1,0,100.0,0.0,inf,2024-09
0.3,5,CPI m/m|Core CPI m/m|PPI m/m|Core PPI m/m|FOMC,Neutral|Neutral|Good|Good|Neutral,1,1,0,100.0,0.0,inf,2023-03
0.3,5,CPI m/m|Core CPI m/m|PPI m/m|Core PPI m/m|FOMC,Neutral|Neutral|Neutral|Neutral|Neutral,9,9,0,100.0,0.0,inf,2023-05|2023-06|2023-07|2023-09|2024-07|2024-09|2024-11|2024-12|2025-01
0.3,5,CPI m/m|Core CPI m/m|PPI m/m|Core PPI m/m|FOMC,Neutral|Neutral|Good|Neutral|Neutral,2,0,2,0.0,100.0,0.0,2023-11|2024-06
0.0,5,CPI m/m|Core CPI m/m|PPI m/m|Core PPI m/m|CPI y/y,Neutral|Bad|Good|Good|Neutral,2,2,0,100.0,0.0,inf,2018-01|2023-03
0.0,5,CPI m/m|Core CPI m/m|PPI m/m|Core PPI m/m|CPI y/y,Bad|Bad|Neutral|Bad|Bad,1,1,0,100.0,0.0,inf,2018-02
0.0,5,CPI m/m|Core CPI m/m|PPI m/m|Core PPI m/m|CPI y/y,Good|Good|Good|Neutral|Neutral,1,0,1,0.0,100.0,0.0,2018-05
0.0,5,CPI m/m|Core CPI m/m|PPI m/m|Core PPI m/m|CPI y/y,Good|Neutral|Bad|Bad|Neutral,2,1,1,50.0,50.0,1.0,2018-07|2024-05
0.0,5,CPI m/m|Core CPI m/m|PPI m/m|Core PPI m/m|CPI y/y,Neutral|Neutral|Good|Good|Neutral,3,2,1,66.7,33.3,2.0,2018-08|2019-01|2022-03
0.0,5,CPI m/m|Core CPI m/m|PPI m/m|Core PPI m/m|CPI y/y,Good|Good|Good|Good|Good,9,6,3,66.7,33.3,2.0,2018-09|2020-05|2022-11|2023-07|2023-11|2024-06|2025-03|2025-05|2025-06
0.0,5,CPI m/m|Core CPI m/m|PPI m/m|Core PPI m/m|CPI y/y,Good|Good|Neutral|Neutral|Good,1,1,0,100.0,0.0,inf,2018-10
0.0,5,CPI m/m|Core CPI m/m|PPI m/m|Core PPI m/m|CPI y/y,Neutral|Neutral|Bad|Bad|Neutral,2,1,1,50.0,50.0,1.0,2018-12|2020-10
0.0,5,CPI m/m|Core CPI m/m|PPI m/m|Core PPI m/m|CPI y/y,Good|Neutral|Good|Bad|Bad,1,0,1,0.0,100.0,0.0,2019-02
0.0,5,CPI m/m|Core CPI m/m|PPI m/m|Core PPI m/m|CPI y/y,Bad|Good|Bad|Bad|Bad,1,1,0,100.0,0.0,inf,2019-04
0.0,5,CPI m/m|Core CPI m/m|PPI m/m|Core PPI m/m|CPI y/y,Good|Good|Neutral|Good|Good,1,1,0,100.0,0.0,inf,2019-05
0.0,5,CPI m/m|Core CPI m/m|PPI m/m|Core PPI m/m|CPI y/y,Neutral|Good|Neutral|Neutral|Good,1,0,1,0.0,100.0,0.0,2019-06
0.0,5,CPI m/m|Core CPI m/m|PPI m/m|Core PPI m/m|CPI y/y,Bad|Bad|Neutral|Bad|Neutral,1,0,1,0.0,100.0,0.0,2019-07
0.0,5,CPI m/m|Core CPI m/m|PPI m/m|Core PPI m/m|CPI y/y,Neutral|Bad|Neutral|Good|Bad,1,1,0,100.0,0.0,inf,2019-08
0.0,5,CPI m/m|Core CPI m/m|PPI m/m|Core PPI m/m|CPI y/y,Good|Neutral|Bad|Bad|Bad,1,0,1,0.0,100.0,0.0,2020-02
0.0,5,CPI m/m|Core CPI m/m|PPI m/m|Core PPI m/m|CPI y/y,Good|Good|Bad|Bad|Good,3,2,1,66.7,33.3,2.0,2020-04|2022-12|2024-07
0.0,5,CPI m/m|Core CPI m/m|PPI m/m|Core PPI m/m|CPI y/y,Good|Good|Bad|Neutral|Good,1,1,0,100.0,0.0,inf,2020-06
0.0,5,CPI m/m|Core CPI m/m|PPI m/m|Core PPI m/m|CPI y/y,Bad|Bad|Good|Good|Neutral,1,1,0,100.0,0.0,inf,2020-07
0.0,5,CPI m/m|Core CPI m/m|PPI m/m|Core PPI m/m|CPI y/y,Bad|Bad|Bad|Bad|Bad,8,5,3,62.5,37.5,1.67,2020-08|2020-09|2021-04|2021-05|2021-06|2021-07|2022-02|2024-02
0.0,5,CPI m/m|Core CPI m/m|PPI m/m|Core PPI m/m|CPI y/y,Good|Good|Bad|Good|Good,1,1,0,100.0,0.0,inf,2020-11
0.0,5,CPI m/m|Core CPI m/m|PPI m/m|Core PPI m/m|CPI y/y,Bad|Bad|Neutral|Good|Neutral,1,1,0,100.0,0.0,inf,2020-12
0.0,5,CPI m/m|Core CPI m/m|PPI m/m|Core PPI m/m|CPI y/y,Neutral|Neutral|Good|Neutral|Neutral,2,1,1,50.0,50.0,1.0,2021-01|2023-01
0.0,5,CPI m/m|Core CPI m/m|PPI m/m|Core PPI m/m|CPI y/y,Neutral|Good|Bad|Bad|Neutral,2,1,1,50.0,50.0,1.0,2021-02|2026-01
0.0,5,CPI m/m|Core CPI m/m|PPI m/m|Core PPI m/m|CPI y/y,Neutral|Good|Bad|Neutral|Neutral,1,1,0,100.0,0.0,inf,2021-03
0.0,5,CPI m/m|Core CPI m/m|PPI m/m|Core PPI m/m|CPI y/y,Neutral|Good|Bad|Bad|Bad,2,1,1,50.0,50.0,1.0,2021-08|2022-04
0.0,5,CPI m/m|Core CPI m/m|PPI m/m|Core PPI m/m|CPI y/y,Good|Good|Bad|Bad|Neutral,1,1,0,100.0,0.0,inf,2021-09
0.0,5,CPI m/m|Core CPI m/m|PPI m/m|Core PPI m/m|CPI y/y,Bad|Neutral|Good|Good|Bad,2,2,0,100.0,0.0,inf,2021-10|2024-01
0.0,5,CPI m/m|Core CPI m/m|PPI m/m|Core PPI m/m|CPI y/y,Bad|Bad|Neutral|Good|Bad,3,2,1,66.7,33.3,2.0,2021-11|2022-05|2022-06
0.0,5,CPI m/m|Core CPI m/m|PPI m/m|Core PPI m/m|CPI y/y,Bad|Neutral|Bad|Bad|Neutral,1,1,0,100.0,0.0,inf,2021-12
0.0,5,CPI m/m|Core CPI m/m|PPI m/m|Core PPI m/m|CPI y/y,Bad|Bad|Good|Neutral|Neutral,1,1,0,100.0,0.0,inf,2022-01
0.0,5,CPI m/m|Core CPI m/m|PPI m/m|Core PPI m/m|CPI y/y,Neutral|Neutral|Bad|Bad|Bad,1,1,0,100.0,0.0,inf,2023-02
0.0,5,CPI m/m|Core CPI m/m|PPI m/m|Core PPI m/m|CPI y/y,Good|Neutral|Good|Good|Good,1,1,0,100.0,0.0,inf,2023-04
0.0,5,CPI m/m|Core CPI m/m|PPI m/m|Core PPI m/m|CPI y/y,Neutral|Bad|Good|Neutral|Good,1,1,0,100.0,0.0,inf,2023-05
0.0,5,CPI m/m|Core CPI m/m|PPI m/m|Core PPI m/m|CPI y/y,Good|Neutral|Good|Neutral|Good,1,1,0,100.0,0.0,inf,2023-06
0.0,5,CPI m/m|Core CPI m/m|PPI m/m|Core PPI m/m|CPI y/y,Neutral|Neutral|Bad|Bad|Good,2,2,0,100.0,0.0,inf,2023-08|2025-08
0.0,5,CPI m/m|Core CPI m/m|PPI m/m|Core PPI m/m|CPI y/y,Neutral|Bad|Bad|Neutral|Bad,1,1,0,100.0,0.0,inf,2023-09
0.0,5,CPI m/m|Core CPI m/m|PPI m/m|Core PPI m/m|CPI y/y,Neutral|Bad|Bad|Bad|Bad,1,0,1,0.0,100.0,0.0,2024-03
0.0,5,CPI m/m|Core CPI m/m|PPI m/m|Core PPI m/m|CPI y/y,Neutral|Neutral|Good|Good|Good,1,1,0,100.0,0.0,inf,2024-08
0.0,5,CPI m/m|Core CPI m/m|PPI m/m|Core PPI m/m|CPI y/y,Neutral|Bad|Bad|Bad|Neutral,1,1,0,100.0,0.0,inf,2024-09
0.0,5,CPI m/m|Core CPI m/m|PPI m/m|Core PPI m/m|CPI y/y,Bad|Bad|Good|Neutral|Bad,1,1,0,100.0,0.0,inf,2024-10
0.0,5,CPI m/m|Core CPI m/m|PPI m/m|Core PPI m/m|CPI y/y,Neutral|Neutral|Neutral|Neutral|Neutral,1,1,0,100.0,0.0,inf,2024-11
0.0,5,CPI m/m|Core CPI m/m|PPI m/m|Core PPI m/m|CPI y/y,Neutral|Neutral|Bad|Neutral|Neutral,1,1,0,100.0,0.0,inf,2024-12
0.0,5,CPI m/m|Core CPI m/m|PPI m/m|Core PPI m/m|CPI y/y,Neutral|Good|Good|Good|Neutral,1,1,0,100.0,0.0,inf,2025-01
0.0,5,CPI m/m|Core CPI m/m|PPI m/m|Core PPI m/m|CPI y/y,Bad|Bad|Bad|Neutral|Bad,1,0,1,0.0,100.0,0.0,2025-02
0.0,5,CPI m/m|Core CPI m/m|PPI m/m|Core PPI m/m|CPI y/y,Neutral|Good|Good|Good|Bad,1,1,0,100.0,0.0,inf,2025-07
0.0,5,CPI m/m|Core CPI m/m|PPI m/m|Core PPI m/m|CPI y/y,Bad|Neutral|Good|Good|Neutral,1,1,0,100.0,0.0,inf,2025-09
0.0,5,CPI m/m|Core CPI m/m|PPI m/m|Core PPI m/m|CPI y/y,Good|Neutral|Bad|Bad|Good,1,1,0,100.0,0.0,inf,2026-02
0.1,5,CPI m/m|Core CPI m/m|PPI m/m|Core PPI m/m|CPI y/y,Neutral|Neutral|Good|Good|Neutral,8,7,1,87.5,12.5,7.0,2018-01|2018-09|2020-07|2022-03|2023-03|2023-04|2023-11|2025-01
0.1,5,CPI m/m|Core CPI m/m|PPI m/m|Core PPI m/m|CPI y/y,Bad|Neutral|Neutral|Bad|Bad,1,1,0,100.0,0.0,inf,2018-02
0.1,5,CPI m/m|Core CPI m/m|PPI m/m|Core PPI m/m|CPI y/y,Neutral|Neutral|Neutral|Neutral|Neutral,9,5,4,55.6,44.4,1.25,2018-05|2018-07|2019-06|2019-07|2020-12|2021-03|2023-08|2024-09|2024-11
0.1,5,CPI m/m|Core CPI m/m|PPI m/m|Core PPI m/m|CPI y/y,Neutral|Neutral|Good|Neutral|Neutral,5,3,2,60.0,40.0,1.5,2018-08|2021-01|2022-01|2023-01|2023-06
0.1,5,CPI m/m|Core CPI m/m|PPI m/m|Core PPI m/m|CPI y/y,Neutral|Neutral|Neutral|Neutral|Good,2,2,0,100.0,0.0,inf,2018-10|2023-07
0.1,5,CPI m/m|Core CPI m/m|PPI m/m|Core PPI m/m|CPI y/y,Neutral|Neutral|Neutral|Bad|Neutral,1,1,0,100.0,0.0,inf,2018-12
0.1,5,CPI m/m|Core CPI m/m|PPI m/m|Core PPI m/m|CPI y/y,Neutral|Neutral|Neutral|Good|Neutral,1,1,0,100.0,0.0,inf,2019-01
0.1,5,CPI m/m|Core CPI m/m|PPI m/m|Core PPI m/m|CPI y/y,Neutral|Neutral|Good|Neutral|Bad,1,0,1,0.0,100.0,0.0,2019-02
0.1,5,CPI m/m|Core CPI m/m|PPI m/m|Core PPI m/m|CPI y/y,Bad|Neutral|Bad|Neutral|Neutral,1,1,0,100.0,0.0,inf,2019-04
0.1,5,CPI m/m|Core CPI m/m|PPI m/m|Core PPI m/m|CPI y/y,Good|Neutral|Neutral|Neutral|Good,1,1,0,100.0,0.0,inf,2019-05
0.1,5,CPI m/m|Core CPI m/m|PPI m/m|Core PPI m/m|CPI y/y,Neutral|Neutral|Neutral|Good|Bad,1,1,0,100.0,0.0,inf,2019-08
0.1,5,CPI m/m|Core CPI m/m|PPI m/m|Core PPI m/m|CPI y/y,Neutral|Neutral|Bad|Bad|Bad,3,2,1,66.7,33.3,2.0,2020-02|2021-04|2023-02
0.1,5,CPI m/m|Core CPI m/m|PPI m/m|Core PPI m/m|CPI y/y,Good|Good|Neutral|Bad|Good,1,1,0,100.0,0.0,inf,2020-04
0.1,5,CPI m/m|Core CPI m/m|PPI m/m|Core PPI m/m|CPI y/y,Good|Good|Good|Good|Good,2,1,1,50.0,50.0,1.0,2020-05|2022-11
0.1,5,CPI m/m|Core CPI m/m|PPI m/m|Core PPI m/m|CPI y/y,Neutral|Neutral|Bad|Neutral|Good,1,1,0,100.0,0.0,inf,2020-06
0.1,5,CPI m/m|Core CPI m/m|PPI m/m|Core PPI m/m|CPI y/y,Bad|Bad|Bad|Bad|Bad,4,3,1,75.0,25.0,3.0,2020-08|2021-05|2021-06|2021-07
0.1,5,CPI m/m|Core CPI m/m|PPI m/m|Core PPI m/m|CPI y/y,Bad|Bad|Neutral|Bad|Bad,1,1,0,100.0,0.0,inf,2020-09
0.1,5,CPI m/m|Core CPI m/m|PPI m/m|Core PPI m/m|CPI y/y,Neutral|Neutral|Bad|Bad|Neutral,3,1,2,33.3,66.7,0.5,2020-10|2025-08|2026-01
0.1,5,CPI m/m|Core CPI m/m|PPI m/m|Core PPI m/m|CPI y/y,Neutral|Good|Neutral|Neutral|Good,1,1,0,100.0,0.0,inf,2020-11
0.1,5,CPI m/m|Core CPI m/m|PPI m/m|Core PPI m/m|CPI y/y,Neutral|Good|Bad|Bad|Neutral,2,1,1,50.0,50.0,1.0,2021-02|2022-04
0.1,5,CPI m/m|Core CPI m/m|PPI m/m|Core PPI m/m|CPI y/y,Neutral|Good|Bad|Bad|Bad,1,1,0,100.0,0.0,inf,2021-08
0.1,5,CPI m/m|Core CPI m/m|PPI m/m|Core PPI m/m|CPI y/y,Good|Good|Neutral|Neutral|Neutral,1,1,0,100.0,0.0,inf,2021-09
0.1,5,CPI m/m|Core CPI m/m|PPI m/m|Core PPI m/m|CPI y/y,Bad|Neutral|Neutral|Good|Bad,1,1,0,100.0,0.0,inf,2021-10
0.1,5,CPI m/m|Core CPI m/m|PPI m/m|Core PPI m/m|CPI y/y,Bad|Bad|Neutral|Neutral|Bad,1,1,0,100.0,0.0,inf,2021-11
0.1,5,CPI m/m|Core CPI m/m|PPI m/m|Core PPI m/m|CPI y/y,Bad|Neutral|Bad|Bad|Neutral,1,1,0,100.0,0.0,inf,2021-12
0.1,5,CPI m/m|Core CPI m/m|PPI m/m|Core PPI m/m|CPI y/y,Bad|Neutral|Bad|Bad|Bad,1,0,1,0.0,100.0,0.0,2022-02
0.1,5,CPI m/m|Core CPI m/m|PPI m/m|Core PPI m/m|CPI y/y,Neutral|Bad|Neutral|Good|Bad,1,0,1,0.0,100.0,0.0,2022-05
0.1,5,CPI m/m|Core CPI m/m|PPI m/m|Core PPI m/m|CPI y/y,Bad|Neutral|Neutral|Neutral|Bad,1,1,0,100.0,0.0,inf,2022-06
0.1,5,CPI m/m|Core CPI m/m|PPI m/m|Core PPI m/m|CPI y/y,Good|Neutral|Neutral|Bad|Good,2,1,1,50.0,50.0,1.0,2022-12|2024-07
0.1,5,CPI m/m|Core CPI m/m|PPI m/m|Core PPI m/m|CPI y/y,Neutral|Bad|Neutral|Neutral|Neutral,1,1,0,100.0,0.0,inf,2023-05
0.1,5,CPI m/m|Core CPI m/m|PPI m/m|Core PPI m/m|CPI y/y,Neutral|Neutral|Bad|Neutral|Bad,1,1,0,100.0,0.0,inf,2023-09
0.1,5,CPI m/m|Core CPI m/m|PPI m/m|Core PPI m/m|CPI y/y,Neutral|Neutral|Good|Good|Bad,2,2,0,100.0,0.0,inf,2024-01|2025-07
0.1,5,CPI m/m|Core CPI m/m|PPI m/m|Core PPI m/m|CPI y/y,Neutral|Bad|Bad|Bad|Bad,1,0,1,0.0,100.0,0.0,2024-02
0.1,5,CPI m/m|Core CPI m/m|PPI m/m|Core PPI m/m|CPI y/y,Neutral|Bad|Bad|Neutral|Bad,1,0,1,0.0,100.0,0.0,2024-03
0.1,5,CPI m/m|Core CPI m/m|PPI m/m|Core PPI m/m|CPI y/y,Good|Neutral|Bad|Bad|Neutral,1,1,0,100.0,0.0,inf,2024-05
0.1,5,CPI m/m|Core CPI m/m|PPI m/m|Core PPI m/m|CPI y/y,Neutral|Neutral|Good|Good|Good,3,2,1,66.7,33.3,2.0,2024-06|2025-03|2025-05
0.1,5,CPI m/m|Core CPI m/m|PPI m/m|Core PPI m/m|CPI y/y,Neutral|Neutral|Neutral|Good|Good,1,1,0,100.0,0.0,inf,2024-08
0.1,5,CPI m/m|Core CPI m/m|PPI m/m|Core PPI m/m|CPI y/y,Neutral|Neutral|Neutral|Neutral|Bad,1,1,0,100.0,0.0,inf,2024-10
0.1,5,CPI m/m|Core CPI m/m|PPI m/m|Core PPI m/m|CPI y/y,Neutral|Neutral|Bad|Neutral|Neutral,1,1,0,100.0,0.0,inf,2024-12
0.1,5,CPI m/m|Core CPI m/m|PPI m/m|Core PPI m/m|CPI y/y,Bad|Bad|Bad|Neutral|Bad,1,0,1,0.0,100.0,0.0,2025-02
0.1,5,CPI m/m|Core CPI m/m|PPI m/m|Core PPI m/m|CPI y/y,Neutral|Good|Neutral|Good|Good,1,1,0,100.0,0.0,inf,2025-06
0.1,5,CPI m/m|Core CPI m/m|PPI m/m|Core PPI m/m|CPI y/y,Bad|Neutral|Good|Good|Neutral,1,1,0,100.0,0.0,inf,2025-09
0.1,5,CPI m/m|Core CPI m/m|PPI m/m|Core PPI m/m|CPI y/y,Neutral|Neutral|Bad|Bad|Good,1,1,0,100.0,0.0,inf,2026-02
0.2,5,CPI m/m|Core CPI m/m|PPI m/m|Core PPI m/m|CPI y/y,Neutral|Neutral|Good|Good|Neutral,10,8,2,80.0,20.0,4.0,2018-01|2018-09|2020-07|2023-03|2023-04|2023-11|2024-06|2025-03|2025-05|2025-09
0.2,5,CPI m/m|Core CPI m/m|PPI m/m|Core PPI m/m|CPI y/y,Neutral|Neutral|Neutral|Neutral|Bad,2,1,1,50.0,50.0,1.0,2018-02|2022-05
0.2,5,CPI m/m|Core CPI m/m|PPI m/m|Core PPI m/m|CPI y/y,Neutral|Neutral|Neutral|Neutral|Neutral,34,25,9,73.5,26.5,2.78,2018-05|2018-07|2018-08|2018-10|2018-12|2019-02|2019-05|2019-06|2019-07|2020-04|2020-09|2020-10|2020-11|2020-12|2021-01|2021-03|2021-09|2022-01|2023-05|2023-06|2023-07|2023-08|2024-01|2024-07|2024-08|2024-09|2024-10|2024-11|2024-12|2025-01|2025-02|2025-06|2025-07|2026-01
0.2,5,CPI m/m|Core CPI m/m|PPI m/m|Core PPI m/m|CPI y/y,Neutral|Neutral|Neutral|Good|Neutral,4,4,0,100.0,0.0,inf,2019-01|2019-08|2021-10|2022-03
0.2,5,CPI m/m|Core CPI m/m|PPI m/m|Core PPI m/m|CPI y/y,Neutral|Neutral|Bad|Neutral|Neutral,4,3,1,75.0,25.0,3.0,2019-04|2020-06|2023-09|2024-03
0.2,5,CPI m/m|Core CPI m/m|PPI m/m|Core PPI m/m|CPI y/y,Neutral|Neutral|Bad|Bad|Neutral,7,5,2,71.4,28.6,2.5,2020-02|2021-02|2021-04|2021-08|2021-12|2022-04|2025-08
0.2,5,CPI m/m|Core CPI m/m|PPI m/m|Core PPI m/m|CPI y/y,Neutral|Neutral|Good|Neutral|Neutral,2,0,2,0.0,100.0,0.0,2020-05|2023-01
0.2,5,CPI m/m|Core CPI m/m|PPI m/m|Core PPI m/m|CPI y/y,Bad|Bad|Bad|Bad|Bad,3,2,1,66.7,33.3,2.0,2020-08|2021-05|2021-07
0.2,5,CPI m/m|Core CPI m/m|PPI m/m|Core PPI m/m|CPI y/y,Neutral|Neutral|Bad|Neutral|Bad,2,2,0,100.0,0.0,inf,2021-06|2023-02
0.2,5,CPI m/m|Core CPI m/m|PPI m/m|Core PPI m/m|CPI y/y,Bad|Neutral|Neutral|Neutral|Bad,2,2,0,100.0,0.0,inf,2021-11|2022-06
0.2,5,CPI m/m|Core CPI m/m|PPI m/m|Core PPI m/m|CPI y/y,Neutral|Neutral|Bad|Bad|Bad,1,0,1,0.0,100.0,0.0,2022-02
0.2,5,CPI m/m|Core CPI m/m|PPI m/m|Core PPI m/m|CPI y/y,Neutral|Neutral|Neutral|Good|Good,1,1,0,100.0,0.0,inf,2022-11
0.2,5,CPI m/m|Core CPI m/m|PPI m/m|Core PPI m/m|CPI y/y,Neutral|Neutral|Neutral|Neutral|Good,1,0,1,0.0,100.0,0.0,2022-12
0.2,5,CPI m/m|Core CPI m/m|PPI m/m|Core PPI m/m|CPI y/y,Neutral|Neutral|Neutral|Bad|Bad,1,0,1,0.0,100.0,0.0,2024-02
0.2,5,CPI m/m|Core CPI m/m|PPI m/m|Core PPI m/m|CPI y/y,Neutral|Neutral|Neutral|Bad|Neutral,2,2,0,100.0,0.0,inf,2024-05|2026-02
0.3,5,CPI m/m|Core CPI m/m|PPI m/m|Core PPI m/m|CPI y/y,Neutral|Neutral|Good|Good|Neutral,7,7,0,100.0,0.0,inf,2018-01|2018-09|2020-07|2023-03|2023-04|2025-05|2025-09
0.3,5,CPI m/m|Core CPI m/m|PPI m/m|Core PPI m/m|CPI y/y,Neutral|Neutral|Neutral|Neutral|Neutral,44,32,12,72.7,27.3,2.67,2018-02|2018-05|2018-07|2018-08|2018-10|2018-12|2019-02|2019-04|2019-05|2019-06|2019-07|2020-04|2020-09|2020-10|2020-11|2020-12|2021-01|2021-03|2021-09|2021-10|2022-01|2022-05|2022-11|2022-12|2023-02|2023-05|2023-06|2023-07|2023-08|2023-09|2024-01|2024-03|2024-05|2024-07|2024-08|2024-09|2024-10|2024-11|2024-12|2025-01|2025-02|2025-06|2025-07|2026-01
0.3,5,CPI m/m|Core CPI m/m|PPI m/m|Core PPI m/m|CPI y/y,Neutral|Neutral|Neutral|Good|Neutral,4,4,0,100.0,0.0,inf,2019-01|2019-08|2022-03|2025-03
0.3,5,CPI m/m|Core CPI m/m|PPI m/m|Core PPI m/m|CPI y/y,Neutral|Neutral|Bad|Neutral|Neutral,4,3,1,75.0,25.0,3.0,2020-02|2020-06|2021-06|2021-12
0.3,5,CPI m/m|Core CPI m/m|PPI m/m|Core PPI m/m|CPI y/y,Neutral|Neutral|Good|Neutral|Neutral,4,0,4,0.0,100.0,0.0,2020-05|2023-01|2023-11|2024-06
0.3,5,CPI m/m|Core CPI m/m|PPI m/m|Core PPI m/m|CPI y/y,Neutral|Bad|Neutral|Bad|Bad,1,1,0,100.0,0.0,inf,2020-08
0.3,5,CPI m/m|Core CPI m/m|PPI m/m|Core PPI m/m|CPI y/y,Neutral|Neutral|Bad|Bad|Neutral,5,4,1,80.0,20.0,4.0,2021-02|2021-04|2021-08|2022-02|2025-08
0.3,5,CPI m/m|Core CPI m/m|PPI m/m|Core PPI m/m|CPI y/y,Bad|Bad|Neutral|Neutral|Bad,1,1,0,100.0,0.0,inf,2021-05
0.3,5,CPI m/m|Core CPI m/m|PPI m/m|Core PPI m/m|CPI y/y,Bad|Bad|Bad|Bad|Bad,1,0,1,0.0,100.0,0.0,2021-07
0.3,5,CPI m/m|Core CPI m/m|PPI m/m|Core PPI m/m|CPI y/y,Bad|Neutral|Neutral|Neutral|Neutral,2,2,0,100.0,0.0,inf,2021-11|2022-06
0.3,5,CPI m/m|Core CPI m/m|PPI m/m|Core PPI m/m|CPI y/y,Neutral|Neutral|Neutral|Bad|Neutral,3,1,2,33.3,66.7,0.5,2022-04|2024-02|2026-02
0.0,5,CPI m/m|Core CPI m/m|PPI m/m|FOMC|CPI y/y,Neutral|Bad|Good|Neutral|Neutral,1,1,0,100.0,0.0,inf,2023-03
0.0,5,CPI m/m|Core CPI m/m|PPI m/m|FOMC|CPI y/y,Neutral|Bad|Good|Neutral|Good,1,1,0,100.0,0.0,inf,2023-05
0.0,5,CPI m/m|Core CPI m/m|PPI m/m|FOMC|CPI y/y,Good|Neutral|Good|Neutral|Good,1,1,0,100.0,0.0,inf,2023-06
0.0,5,CPI m/m|Core CPI m/m|PPI m/m|FOMC|CPI y/y,Good|Good|Good|Neutral|Good,3,1,2,33.3,66.7,0.5,2023-07|2023-11|2024-06
0.0,5,CPI m/m|Core CPI m/m|PPI m/m|FOMC|CPI y/y,Neutral|Bad|Bad|Neutral|Bad,1,1,0,100.0,0.0,inf,2023-09
0.0,5,CPI m/m|Core CPI m/m|PPI m/m|FOMC|CPI y/y,Good|Good|Bad|Neutral|Good,1,1,0,100.0,0.0,inf,2024-07
0.0,5,CPI m/m|Core CPI m/m|PPI m/m|FOMC|CPI y/y,Neutral|Bad|Bad|Good|Neutral,1,1,0,100.0,0.0,inf,2024-09
0.0,5,CPI m/m|Core CPI m/m|PPI m/m|FOMC|CPI y/y,Neutral|Neutral|Neutral|Neutral|Neutral,1,1,0,100.0,0.0,inf,2024-11
0.0,5,CPI m/m|Core CPI m/m|PPI m/m|FOMC|CPI y/y,Neutral|Neutral|Bad|Neutral|Neutral,1,1,0,100.0,0.0,inf,2024-12
0.0,5,CPI m/m|Core CPI m/m|PPI m/m|FOMC|CPI y/y,Neutral|Good|Good|Neutral|Neutral,1,1,0,100.0,0.0,inf,2025-01
0.1,5,CPI m/m|Core CPI m/m|PPI m/m|FOMC|CPI y/y,Neutral|Neutral|Good|Neutral|Neutral,4,3,1,75.0,25.0,3.0,2023-03|2023-06|2023-11|2025-01
0.1,5,CPI m/m|Core CPI m/m|PPI m/m|FOMC|CPI y/y,Neutral|Bad|Neutral|Neutral|Neutral,1,1,0,100.0,0.0,inf,2023-05
0.1,5,CPI m/m|Core CPI m/m|PPI m/m|FOMC|CPI y/y,Neutral|Neutral|Neutral|Neutral|Good,1,1,0,100.0,0.0,inf,2023-07
0.1,5,CPI m/m|Core CPI m/m|PPI m/m|FOMC|CPI y/y,Neutral|Neutral|Bad|Neutral|Bad,1,1,0,100.0,0.0,inf,2023-09
0.1,5,CPI m/m|Core CPI m/m|PPI m/m|FOMC|CPI y/y,Neutral|Neutral|Good|Neutral|Good,1,0,1,0.0,100.0,0.0,2024-06
0.1,5,CPI m/m|Core CPI m/m|PPI m/m|FOMC|CPI y/y,Good|Neutral|Neutral|Neutral|Good,1,1,0,100.0,0.0,inf,2024-07
0.1,5,CPI m/m|Core CPI m/m|PPI m/m|FOMC|CPI y/y,Neutral|Neutral|Neutral|Good|Neutral,1,1,0,100.0,0.0,inf,2024-09
0.1,5,CPI m/m|Core CPI m/m|PPI m/m|FOMC|CPI y/y,Neutral|Neutral|Neutral|Neutral|Neutral,1,1,0,100.0,0.0,inf,2024-11
0.1,5,CPI m/m|Core CPI m/m|PPI m/m|FOMC|CPI y/y,Neutral|Neutral|Bad|Neutral|Neutral,1,1,0,100.0,0.0,inf,2024-12
0.2,5,CPI m/m|Core CPI m/m|PPI m/m|FOMC|CPI y/y,Neutral|Neutral|Good|Neutral|Neutral,3,1,2,33.3,66.7,0.5,2023-03|2023-11|2024-06
0.2,5,CPI m/m|Core CPI m/m|PPI m/m|FOMC|CPI y/y,Neutral|Neutral|Neutral|Neutral|Neutral,7,7,0,100.0,0.0,inf,2023-05|2023-06|2023-07|2024-07|2024-11|2024-12|2025-01
0.2,5,CPI m/m|Core CPI m/m|PPI m/m|FOMC|CPI y/y,Neutral|Neutral|Bad|Neutral|Neutral,1,1,0,100.0,0.0,inf,2023-09
0.2,5,CPI m/m|Core CPI m/m|PPI m/m|FOMC|CPI y/y,Neutral|Neutral|Neutral|Good|Neutral,1,1,0,100.0,0.0,inf,2024-09
0.3,5,CPI m/m|Core CPI m/m|PPI m/m|FOMC|CPI y/y,Neutral|Neutral|Good|Neutral|Neutral,3,1,2,33.3,66.7,0.5,2023-03|2023-11|2024-06
0.3,5,CPI m/m|Core CPI m/m|PPI m/m|FOMC|CPI y/y,Neutral|Neutral|Neutral|Neutral|Neutral,9,9,0,100.0,0.0,inf,2023-05|2023-06|2023-07|2023-09|2024-07|2024-09|2024-11|2024-12|2025-01
0.0,5,CPI m/m|Core CPI m/m|Core PPI m/m|FOMC|CPI y/y,Neutral|Bad|Good|Neutral|Neutral,1,1,0,100.0,0.0,inf,2023-03
0.0,5,CPI m/m|Core CPI m/m|Core PPI m/m|FOMC|CPI y/y,Neutral|Bad|Neutral|Neutral|Good,1,1,0,100.0,0.0,inf,2023-05
0.0,5,CPI m/m|Core CPI m/m|Core PPI m/m|FOMC|CPI y/y,Good|Neutral|Neutral|Neutral|Good,1,1,0,100.0,0.0,inf,2023-06
0.0,5,CPI m/m|Core CPI m/m|Core PPI m/m|FOMC|CPI y/y,Good|Good|Good|Neutral|Good,3,1,2,33.3,66.7,0.5,2023-07|2023-11|2024-06
0.0,5,CPI m/m|Core CPI m/m|Core PPI m/m|FOMC|CPI y/y,Neutral|Bad|Neutral|Neutral|Bad,1,1,0,100.0,0.0,inf,2023-09
0.0,5,CPI m/m|Core CPI m/m|Core PPI m/m|FOMC|CPI y/y,Good|Good|Bad|Neutral|Good,1,1,0,100.0,0.0,inf,2024-07
0.0,5,CPI m/m|Core CPI m/m|Core PPI m/m|FOMC|CPI y/y,Neutral|Bad|Bad|Good|Neutral,1,1,0,100.0,0.0,inf,2024-09
0.0,5,CPI m/m|Core CPI m/m|Core PPI m/m|FOMC|CPI y/y,Neutral|Neutral|Neutral|Neutral|Neutral,2,2,0,100.0,0.0,inf,2024-11|2024-12
0.0,5,CPI m/m|Core CPI m/m|Core PPI m/m|FOMC|CPI y/y,Neutral|Good|Good|Neutral|Neutral,1,1,0,100.0,0.0,inf,2025-01
0.1,5,CPI m/m|Core CPI m/m|Core PPI m/m|FOMC|CPI y/y,Neutral|Neutral|Good|Neutral|Neutral,3,2,1,66.7,33.3,2.0,2023-03|2023-11|2025-01
0.1,5,CPI m/m|Core CPI m/m|Core PPI m/m|FOMC|CPI y/y,Neutral|Bad|Neutral|Neutral|Neutral,1,1,0,100.0,0.0,inf,2023-05
0.1,5,CPI m/m|Core CPI m/m|Core PPI m/m|FOMC|CPI y/y,Neutral|Neutral|Neutral|Neutral|Neutral,3,3,0,100.0,0.0,inf,2023-06|2024-11|2024-12
0.1,5,CPI m/m|Core CPI m/m|Core PPI m/m|FOMC|CPI y/y,Neutral|Neutral|Neutral|Neutral|Good,1,1,0,100.0,0.0,inf,2023-07
0.1,5,CPI m/m|Core CPI m/m|Core PPI m/m|FOMC|CPI y/y,Neutral|Neutral|Neutral|Neutral|Bad,1,1,0,100.0,0.0,inf,2023-09
0.1,5,CPI m/m|Core CPI m/m|Core PPI m/m|FOMC|CPI y/y,Neutral|Neutral|Good|Neutral|Good,1,0,1,0.0,100.0,0.0,2024-06
0.1,5,CPI m/m|Core CPI m/m|Core PPI m/m|FOMC|CPI y/y,Good|Neutral|Bad|Neutral|Good,1,1,0,100.0,0.0,inf,2024-07
0.1,5,CPI m/m|Core CPI m/m|Core PPI m/m|FOMC|CPI y/y,Neutral|Neutral|Neutral|Good|Neutral,1,1,0,100.0,0.0,inf,2024-09
0.2,5,CPI m/m|Core CPI m/m|Core PPI m/m|FOMC|CPI y/y,Neutral|Neutral|Good|Neutral|Neutral,3,1,2,33.3,66.7,0.5,2023-03|2023-11|2024-06
0.2,5,CPI m/m|Core CPI m/m|Core PPI m/m|FOMC|CPI y/y,Neutral|Neutral|Neutral|Neutral|Neutral,8,8,0,100.0,0.0,inf,2023-05|2023-06|2023-07|2023-09|2024-07|2024-11|2024-12|2025-01
0.2,5,CPI m/m|Core CPI m/m|Core PPI m/m|FOMC|CPI y/y,Neutral|Neutral|Neutral|Good|Neutral,1,1,0,100.0,0.0,inf,2024-09
0.3,5,CPI m/m|Core CPI m/m|Core PPI m/m|FOMC|CPI y/y,Neutral|Neutral|Good|Neutral|Neutral,1,1,0,100.0,0.0,inf,2023-03
0.3,5,CPI m/m|Core CPI m/m|Core PPI m/m|FOMC|CPI y/y,Neutral|Neutral|Neutral|Neutral|Neutral,11,9,2,81.8,18.2,4.5,2023-05|2023-06|2023-07|2023-09|2023-11|2024-06|2024-07|2024-09|2024-11|2024-12|2025-01
0.0,5,CPI m/m|PPI m/m|Core PPI m/m|FOMC|CPI y/y,Neutral|Good|Good|Neutral|Neutral,2,2,0,100.0,0.0,inf,2023-03|2025-01
0.0,5,CPI m/m|PPI m/m|Core PPI m/m|FOMC|CPI y/y,Neutral|Good|Neutral|Neutral|Good,1,1,0,100.0,0.0,inf,2023-05
0.0,5,CPI m/m|PPI m/m|Core PPI m/m|FOMC|CPI y/y,Good|Good|Neutral|Neutral|Good,1,1,0,100.0,0.0,inf,2023-06
0.0,5,CPI m/m|PPI m/m|Core PPI m/m|FOMC|CPI y/y,Good|Good|Good|Neutral|Good,3,1,2,33.3,66.7,0.5,2023-07|2023-11|2024-06
0.0,5,CPI m/m|PPI m/m|Core PPI m/m|FOMC|CPI y/y,Neutral|Bad|Neutral|Neutral|Bad,1,1,0,100.0,0.0,inf,2023-09
0.0,5,CPI m/m|PPI m/m|Core PPI m/m|FOMC|CPI y/y,Good|Bad|Bad|Neutral|Good,1,1,0,100.0,0.0,inf,2024-07
0.0,5,CPI m/m|PPI m/m|Core PPI m/m|FOMC|CPI y/y,Neutral|Bad|Bad|Good|Neutral,1,1,0,100.0,0.0,inf,2024-09
0.0,5,CPI m/m|PPI m/m|Core PPI m/m|FOMC|CPI y/y,Neutral|Neutral|Neutral|Neutral|Neutral,1,1,0,100.0,0.0,inf,2024-11
0.0,5,CPI m/m|PPI m/m|Core PPI m/m|FOMC|CPI y/y,Neutral|Bad|Neutral|Neutral|Neutral,1,1,0,100.0,0.0,inf,2024-12
0.1,5,CPI m/m|PPI m/m|Core PPI m/m|FOMC|CPI y/y,Neutral|Good|Good|Neutral|Neutral,3,2,1,66.7,33.3,2.0,2023-03|2023-11|2025-01
0.1,5,CPI m/m|PPI m/m|Core PPI m/m|FOMC|CPI y/y,Neutral|Neutral|Neutral|Neutral|Neutral,2,2,0,100.0,0.0,inf,2023-05|2024-11
0.1,5,CPI m/m|PPI m/m|Core PPI m/m|FOMC|CPI y/y,Neutral|Good|Neutral|Neutral|Neutral,1,1,0,100.0,0.0,inf,2023-06
0.1,5,CPI m/m|PPI m/m|Core PPI m/m|FOMC|CPI y/y,Neutral|Neutral|Neutral|Neutral|Good,1,1,0,100.0,0.0,inf,2023-07
0.1,5,CPI m/m|PPI m/m|Core PPI m/m|FOMC|CPI y/y,Neutral|Bad|Neutral|Neutral|Bad,1,1,0,100.0,0.0,inf,2023-09
0.1,5,CPI m/m|PPI m/m|Core PPI m/m|FOMC|CPI y/y,Neutral|Good|Good|Neutral|Good,1,0,1,0.0,100.0,0.0,2024-06
0.1,5,CPI m/m|PPI m/m|Core PPI m/m|FOMC|CPI y/y,Good|Neutral|Bad|Neutral|Good,1,1,0,100.0,0.0,inf,2024-07
0.1,5,CPI m/m|PPI m/m|Core PPI m/m|FOMC|CPI y/y,Neutral|Neutral|Neutral|Good|Neutral,1,1,0,100.0,0.0,inf,2024-09
0.1,5,CPI m/m|PPI m/m|Core PPI m/m|FOMC|CPI y/y,Neutral|Bad|Neutral|Neutral|Neutral,1,1,0,100.0,0.0,inf,2024-12
0.2,5,CPI m/m|PPI m/m|Core PPI m/m|FOMC|CPI y/y,Neutral|Good|Good|Neutral|Neutral,3,1,2,33.3,66.7,0.5,2023-03|2023-11|2024-06
0.2,5,CPI m/m|PPI m/m|Core PPI m/m|FOMC|CPI y/y,Neutral|Neutral|Neutral|Neutral|Neutral,7,7,0,100.0,0.0,inf,2023-05|2023-06|2023-07|2024-07|2024-11|2024-12|2025-01
0.2,5,CPI m/m|PPI m/m|Core PPI m/m|FOMC|CPI y/y,Neutral|Bad|Neutral|Neutral|Neutral,1,1,0,100.0,0.0,inf,2023-09
0.2,5,CPI m/m|PPI m/m|Core PPI m/m|FOMC|CPI y/y,Neutral|Neutral|Neutral|Good|Neutral,1,1,0,100.0,0.0,inf,2024-09
0.3,5,CPI m/m|PPI m/m|Core PPI m/m|FOMC|CPI y/y,Neutral|Good|Good|Neutral|Neutral,1,1,0,100.0,0.0,inf,2023-03
0.3,5,CPI m/m|PPI m/m|Core PPI m/m|FOMC|CPI y/y,Neutral|Neutral|Neutral|Neutral|Neutral,9,9,0,100.0,0.0,inf,2023-05|2023-06|2023-07|2023-09|2024-07|2024-09|2024-11|2024-12|2025-01
0.3,5,CPI m/m|PPI m/m|Core PPI m/m|FOMC|CPI y/y,Neutral|Good|Neutral|Neutral|Neutral,2,0,2,0.0,100.0,0.0,2023-11|2024-06
0.0,5,Core CPI m/m|PPI m/m|Core PPI m/m|FOMC|CPI y/y,Bad|Good|Good|Neutral|Neutral,1,1,0,100.0,0.0,inf,2023-03
0.0,5,Core CPI m/m|PPI m/m|Core PPI m/m|FOMC|CPI y/y,Bad|Good|Neutral|Neutral|Good,1,1,0,100.0,0.0,inf,2023-05
0.0,5,Core CPI m/m|PPI m/m|Core PPI m/m|FOMC|CPI y/y,Neutral|Good|Neutral|Neutral|Good,1,1,0,100.0,0.0,inf,2023-06
0.0,5,Core CPI m/m|PPI m/m|Core PPI m/m|FOMC|CPI y/y,Good|Good|Good|Neutral|Good,3,1,2,33.3,66.7,0.5,2023-07|2023-11|2024-06
0.0,5,Core CPI m/m|PPI m/m|Core PPI m/m|FOMC|CPI y/y,Bad|Bad|Neutral|Neutral|Bad,1,1,0,100.0,0.0,inf,2023-09
0.0,5,Core CPI m/m|PPI m/m|Core PPI m/m|FOMC|CPI y/y,Good|Bad|Bad|Neutral|Good,1,1,0,100.0,0.0,inf,2024-07
0.0,5,Core CPI m/m|PPI m/m|Core PPI m/m|FOMC|CPI y/y,Bad|Bad|Bad|Good|Neutral,1,1,0,100.0,0.0,inf,2024-09
0.0,5,Core CPI m/m|PPI m/m|Core PPI m/m|FOMC|CPI y/y,Neutral|Neutral|Neutral|Neutral|Neutral,1,1,0,100.0,0.0,inf,2024-11
0.0,5,Core CPI m/m|PPI m/m|Core PPI m/m|FOMC|CPI y/y,Neutral|Bad|Neutral|Neutral|Neutral,1,1,0,100.0,0.0,inf,2024-12
0.0,5,Core CPI m/m|PPI m/m|Core PPI m/m|FOMC|CPI y/y,Good|Good|Good|Neutral|Neutral,1,1,0,100.0,0.0,inf,2025-01
0.1,5,Core CPI m/m|PPI m/m|Core PPI m/m|FOMC|CPI y/y,Neutral|Good|Good|Neutral|Neutral,3,2,1,66.7,33.3,2.0,2023-03|2023-11|2025-01
0.1,5,Core CPI m/m|PPI m/m|Core PPI m/m|FOMC|CPI y/y,Bad|Neutral|Neutral|Neutral|Neutral,1,1,0,100.0,0.0,inf,2023-05
0.1,5,Core CPI m/m|PPI m/m|Core PPI m/m|FOMC|CPI y/y,Neutral|Good|Neutral|Neutral|Neutral,1,1,0,100.0,0.0,inf,2023-06
0.1,5,Core CPI m/m|PPI m/m|Core PPI m/m|FOMC|CPI y/y,Neutral|Neutral|Neutral|Neutral|Good,1,1,0,100.0,0.0,inf,2023-07
0.1,5,Core CPI m/m|PPI m/m|Core PPI m/m|FOMC|CPI y/y,Neutral|Bad|Neutral|Neutral|Bad,1,1,0,100.0,0.0,inf,2023-09
0.1,5,Core CPI m/m|PPI m/m|Core PPI m/m|FOMC|CPI y/y,Neutral|Good|Good|Neutral|Good,1,0,1,0.0,100.0,0.0,2024-06
0.1,5,Core CPI m/m|PPI m/m|Core PPI m/m|FOMC|CPI y/y,Neutral|Neutral|Bad|Neutral|Good,1,1,0,100.0,0.0,inf,2024-07
0.1,5,Core CPI m/m|PPI m/m|Core PPI m/m|FOMC|CPI y/y,Neutral|Neutral|Neutral|Good|Neutral,1,1,0,100.0,0.0,inf,2024-09
0.1,5,Core CPI m/m|PPI m/m|Core PPI m/m|FOMC|CPI y/y,Neutral|Neutral|Neutral|Neutral|Neutral,1,1,0,100.0,0.0,inf,2024-11
0.1,5,Core CPI m/m|PPI m/m|Core PPI m/m|FOMC|CPI y/y,Neutral|Bad|Neutral|Neutral|Neutral,1,1,0,100.0,0.0,inf,2024-12
0.2,5,Core CPI m/m|PPI m/m|Core PPI m/m|FOMC|CPI y/y,Neutral|Good|Good|Neutral|Neutral,3,1,2,33.3,66.7,0.5,2023-03|2023-11|2024-06
0.2,5,Core CPI m/m|PPI m/m|Core PPI m/m|FOMC|CPI y/y,Neutral|Neutral|Neutral|Neutral|Neutral,7,7,0,100.0,0.0,inf,2023-05|2023-06|2023-07|2024-07|2024-11|2024-12|2025-01
0.2,5,Core CPI m/m|PPI m/m|Core PPI m/m|FOMC|CPI y/y,Neutral|Bad|Neutral|Neutral|Neutral,1,1,0,100.0,0.0,inf,2023-09
0.2,5,Core CPI m/m|PPI m/m|Core PPI m/m|FOMC|CPI y/y,Neutral|Neutral|Neutral|Good|Neutral,1,1,0,100.0,0.0,inf,2024-09
0.3,5,Core CPI m/m|PPI m/m|Core PPI m/m|FOMC|CPI y/y,Neutral|Good|Good|Neutral|Neutral,1,1,0,100.0,0.0,inf,2023-03
0.3,5,Core CPI m/m|PPI m/m|Core PPI m/m|FOMC|CPI y/y,Neutral|Neutral|Neutral|Neutral|Neutral,9,9,0,100.0,0.0,inf,2023-05|2023-06|2023-07|2023-09|2024-07|2024-09|2024-11|2024-12|2025-01
0.3,5,Core CPI m/m|PPI m/m|Core PPI m/m|FOMC|CPI y/y,Neutral|Good|Neutral|Neutral|Neutral,2,0,2,0.0,100.0,0.0,2023-11|2024-06
0.0,6,CPI m/m|Core CPI m/m|PPI m/m|Core PPI m/m|FOMC|CPI y/y,Neutral|Bad|Good|Good|Neutral|Neutral,1,1,0,100.0,0.0,inf,2023-03
0.0,6,CPI m/m|Core CPI m/m|PPI m/m|Core PPI m/m|FOMC|CPI y/y,Neutral|Bad|Good|Neutral|Neutral|Good,1,1,0,100.0,0.0,inf,2023-05
0.0,6,CPI m/m|Core CPI m/m|PPI m/m|Core PPI m/m|FOMC|CPI y/y,Good|Neutral|Good|Neutral|Neutral|Good,1,1,0,100.0,0.0,inf,2023-06
0.0,6,CPI m/m|Core CPI m/m|PPI m/m|Core PPI m/m|FOMC|CPI y/y,Good|Good|Good|Good|Neutral|Good,3,1,2,33.3,66.7,0.5,2023-07|2023-11|2024-06
0.0,6,CPI m/m|Core CPI m/m|PPI m/m|Core PPI m/m|FOMC|CPI y/y,Neutral|Bad|Bad|Neutral|Neutral|Bad,1,1,0,100.0,0.0,inf,2023-09
0.0,6,CPI m/m|Core CPI m/m|PPI m/m|Core PPI m/m|FOMC|CPI y/y,Good|Good|Bad|Bad|Neutral|Good,1,1,0,100.0,0.0,inf,2024-07
0.0,6,CPI m/m|Core CPI m/m|PPI m/m|Core PPI m/m|FOMC|CPI y/y,Neutral|Bad|Bad|Bad|Good|Neutral,1,1,0,100.0,0.0,inf,2024-09
0.0,6,CPI m/m|Core CPI m/m|PPI m/m|Core PPI m/m|FOMC|CPI y/y,Neutral|Neutral|Neutral|Neutral|Neutral|Neutral,1,1,0,100.0,0.0,inf,2024-11
0.0,6,CPI m/m|Core CPI m/m|PPI m/m|Core PPI m/m|FOMC|CPI y/y,Neutral|Neutral|Bad|Neutral|Neutral|Neutral,1,1,0,100.0,0.0,inf,2024-12
0.0,6,CPI m/m|Core CPI m/m|PPI m/m|Core PPI m/m|FOMC|CPI y/y,Neutral|Good|Good|Good|Neutral|Neutral,1,1,0,100.0,0.0,inf,2025-01
0.1,6,CPI m/m|Core CPI m/m|PPI m/m|Core PPI m/m|FOMC|CPI y/y,Neutral|Neutral|Good|Good|Neutral|Neutral,3,2,1,66.7,33.3,2.0,2023-03|2023-11|2025-01
0.1,6,CPI m/m|Core CPI m/m|PPI m/m|Core PPI m/m|FOMC|CPI y/y,Neutral|Bad|Neutral|Neutral|Neutral|Neutral,1,1,0,100.0,0.0,inf,2023-05
0.1,6,CPI m/m|Core CPI m/m|PPI m/m|Core PPI m/m|FOMC|CPI y/y,Neutral|Neutral|Good|Neutral|Neutral|Neutral,1,1,0,100.0,0.0,inf,2023-06
0.1,6,CPI m/m|Core CPI m/m|PPI m/m|Core PPI m/m|FOMC|CPI y/y,Neutral|Neutral|Neutral|Neutral|Neutral|Good,1,1,0,100.0,0.0,inf,2023-07
0.1,6,CPI m/m|Core CPI m/m|PPI m/m|Core PPI m/m|FOMC|CPI y/y,Neutral|Neutral|Bad|Neutral|Neutral|Bad,1,1,0,100.0,0.0,inf,2023-09
0.1,6,CPI m/m|Core CPI m/m|PPI m/m|Core PPI m/m|FOMC|CPI y/y,Neutral|Neutral|Good|Good|Neutral|Good,1,0,1,0.0,100.0,0.0,2024-06
0.1,6,CPI m/m|Core CPI m/m|PPI m/m|Core PPI m/m|FOMC|CPI y/y,Good|Neutral|Neutral|Bad|Neutral|Good,1,1,0,100.0,0.0,inf,2024-07
0.1,6,CPI m/m|Core CPI m/m|PPI m/m|Core PPI m/m|FOMC|CPI y/y,Neutral|Neutral|Neutral|Neutral|Good|Neutral,1,1,0,100.0,0.0,inf,2024-09
0.1,6,CPI m/m|Core CPI m/m|PPI m/m|Core PPI m/m|FOMC|CPI y/y,Neutral|Neutral|Neutral|Neutral|Neutral|Neutral,1,1,0,100.0,0.0,inf,2024-11
0.1,6,CPI m/m|Core CPI m/m|PPI m/m|Core PPI m/m|FOMC|CPI y/y,Neutral|Neutral|Bad|Neutral|Neutral|Neutral,1,1,0,100.0,0.0,inf,2024-12
0.2,6,CPI m/m|Core CPI m/m|PPI m/m|Core PPI m/m|FOMC|CPI y/y,Neutral|Neutral|Good|Good|Neutral|Neutral,3,1,2,33.3,66.7,0.5,2023-03|2023-11|2024-06
0.2,6,CPI m/m|Core CPI m/m|PPI m/m|Core PPI m/m|FOMC|CPI y/y,Neutral|Neutral|Neutral|Neutral|Neutral|Neutral,7,7,0,100.0,0.0,inf,2023-05|2023-06|2023-07|2024-07|2024-11|2024-12|2025-01
0.2,6,CPI m/m|Core CPI m/m|PPI m/m|Core PPI m/m|FOMC|CPI y/y,Neutral|Neutral|Bad|Neutral|Neutral|Neutral,1,1,0,100.0,0.0,inf,2023-09
0.2,6,CPI m/m|Core CPI m/m|PPI m/m|Core PPI m/m|FOMC|CPI y/y,Neutral|Neutral|Neutral|Neutral|Good|Neutral,1,1,0,100.0,0.0,inf,2024-09
0.3,6,CPI m/m|Core CPI m/m|PPI m/m|Core PPI m/m|FOMC|CPI y/y,Neutral|Neutral|Good|Good|Neutral|Neutral,1,1,0,100.0,0.0,inf,2023-03
0.3,6,CPI m/m|Core CPI m/m|PPI m/m|Core PPI m/m|FOMC|CPI y/y,Neutral|Neutral|Neutral|Neutral|Neutral|Neutral,9,9,0,100.0,0.0,inf,2023-05|2023-06|2023-07|2023-09|2024-07|2024-09|2024-11|2024-12|2025-01
0.3,6,CPI m/m|Core CPI m/m|PPI m/m|Core PPI m/m|FOMC|CPI y/y,Neutral|Neutral|Good|Neutral|Neutral|Neutral,2,0,2,0.0,100.0,0.0,2023-11|2024-06
