آستانه,تعداد_شاخص‌ها,لیست_شاخص‌ها,الگوی_وضعیت,تعداد_کل_وقوع,تعداد_ضررده,تعداد_سودده,درصد_ضررده,درصد_سودده,نسبت_شانس,دوره‌ها
0.0,1,CPI m/m,Bad,12,6,6,50.0,50.0,1.0,2020-08-28_2020-09-11|2021-05-10_2021-05-24|2021-10-07_2021-10-21|2021-11-06_2021-11-20|2022-05-05_2022-05-19|2024-01-10_2024-01-24|2024-02-09_2024-02-23|2024-10-06_2024-10-20|2025-02-03_2025-02-17|2025-09-01_2025-09-15|2022-02-04_2022-02-18|2022-06-04_2022-06-18
0.0,1,CPI m/m,Neutral,11,8,3,72.7,27.3,2.67,2020-10-12_2020-10-26|2021-01-10_2021-01-24|2021-02-24_2021-03-10|2022-03-06_2022-03-20|2022-04-05_2022-04-19|2022-12-31_2023-01-14|2023-02-14_2023-02-28|2024-08-07_2024-08-21|2025-01-04_2025-01-18|2025-07-03_2025-07-17|2025-08-02_2025-08-16
0.0,1,CPI m/m,Good,10,8,2,80.0,20.0,4.0,2020-11-11_2020-11-25|2022-12-01_2022-12-15|2023-03-31_2023-04-14|2024-05-09_2024-05-23|2025-03-05_2025-03-19|2025-05-04_2025-05-18|2025-06-03_2025-06-17|2026-02-13_2026-02-27|2024-07-08_2024-07-22|2025-04-04_2025-04-18
0.1,1,CPI m/m,Bad,8,5,3,62.5,37.5,1.67,2020-08-28_2020-09-11|2021-05-10_2021-05-24|2021-10-07_2021-10-21|2021-11-06_2021-11-20|2025-02-03_2025-02-17|2025-09-01_2025-09-15|2022-02-04_2022-02-18|2022-06-04_2022-06-18
0.1,1,CPI m/m,Neutral,21,15,6,71.4,28.6,2.5,2020-10-12_2020-10-26|2020-11-11_2020-11-25|2021-01-10_2021-01-24|2021-02-24_2021-03-10|2022-03-06_2022-03-20|2022-04-05_2022-04-19|2022-05-05_2022-05-19|2022-12-31_2023-01-14|2023-02-14_2023-02-28|2023-03-31_2023-04-14|2024-01-10_2024-01-24|2024-02-09_2024-02-23|2024-08-07_2024-08-21|2024-10-06_2024-10-20|2025-01-04_2025-01-18|2025-03-05_2025-03-19|2025-05-04_2025-05-18|2025-06-03_2025-06-17|2025-07-03_2025-07-17|2025-08-02_2025-08-16|2026-02-13_2026-02-27
0.1,1,CPI m/m,Good,4,2,2,50.0,50.0,1.0,2022-12-01_2022-12-15|2024-05-09_2024-05-23|2024-07-08_2024-07-22|2025-04-04_2025-04-18
0.2,1,CPI m/m,Neutral,30,19,11,63.3,36.7,1.73,2020-08-28_2020-09-11|2020-10-12_2020-10-26|2020-11-11_2020-11-25|2021-01-10_2021-01-24|2021-02-24_2021-03-10|2021-10-07_2021-10-21|2022-03-06_2022-03-20|2022-04-05_2022-04-19|2022-05-05_2022-05-19|2022-12-01_2022-12-15|2022-12-31_2023-01-14|2023-02-14_2023-02-28|2023-03-31_2023-04-14|2024-01-10_2024-01-24|2024-02-09_2024-02-23|2024-05-09_2024-05-23|2024-08-07_2024-08-21|2024-10-06_2024-10-20|2025-01-04_2025-01-18|2025-02-03_2025-02-17|2025-03-05_2025-03-19|2025-05-04_2025-05-18|2025-06-03_2025-06-17|2025-07-03_2025-07-17|2025-08-02_2025-08-16|2025-09-01_2025-09-15|2026-02-13_2026-02-27|2022-02-04_2022-02-18|2024-07-08_2024-07-22|2025-04-04_2025-04-18
0.2,1,CPI m/m,Bad,3,3,0,100.0,0.0,inf,2021-05-10_2021-05-24|2021-11-06_2021-11-20|2022-06-04_2022-06-18
0.3,1,CPI m/m,Neutral,30,19,11,63.3,36.7,1.73,2020-08-28_2020-09-11|2020-10-12_2020-10-26|2020-11-11_2020-11-25|2021-01-10_2021-01-24|2021-02-24_2021-03-10|2021-10-07_2021-10-21|2022-03-06_2022-03-20|2022-04-05_2022-04-19|2022-05-05_2022-05-19|2022-12-01_2022-12-15|2022-12-31_2023-01-14|2023-02-14_2023-02-28|2023-03-31_2023-04-14|2024-01-10_2024-01-24|2024-02-09_2024-02-23|2024-05-09_2024-05-23|2024-08-07_2024-08-21|2024-10-06_2024-10-20|2025-01-04_2025-01-18|2025-02-03_2025-02-17|2025-03-05_2025-03-19|2025-05-04_2025-05-18|2025-06-03_2025-06-17|2025-07-03_2025-07-17|2025-08-02_2025-08-16|2025-09-01_2025-09-15|2026-02-13_2026-02-27|2022-02-04_2022-02-18|2024-07-08_2024-07-22|2025-04-04_2025-04-18
0.3,1,CPI m/m,Bad,3,3,0,100.0,0.0,inf,2021-05-10_2021-05-24|2021-11-06_2021-11-20|2022-06-04_2022-06-18
0.0,1,Core CPI m/m,Bad,9,5,4,55.6,44.4,1.25,2020-08-28_2020-09-11|2021-05-10_2021-05-24|2021-11-06_2021-11-20|2022-05-05_2022-05-19|2024-02-09_2024-02-23|2024-10-06_2024-10-20|2025-02-03_2025-02-17|2022-02-04_2022-02-18|2022-06-04_2022-06-18
0.0,1,Core CPI m/m,Neutral,13,8,5,61.5,38.5,1.6,2020-10-12_2020-10-26|2021-01-10_2021-01-24|2021-10-07_2021-10-21|2022-03-06_2022-03-20|2022-12-31_2023-01-14|2023-02-14_2023-02-28|2023-03-31_2023-04-14|2024-01-10_2024-01-24|2024-05-09_2024-05-23|2024-08-07_2024-08-21|2025-08-02_2025-08-16|2025-09-01_2025-09-15|2026-02-13_2026-02-27
0.0,1,Core CPI m/m,Good,11,9,2,81.8,18.2,4.5,2020-11-11_2020-11-25|2021-02-24_2021-03-10|2022-04-05_2022-04-19|2022-12-01_2022-12-15|2025-01-04_2025-01-18|2025-03-05_2025-03-19|2025-05-04_2025-05-18|2025-06-03_2025-06-17|2025-07-03_2025-07-17|2024-07-08_2024-07-22|2025-04-04_2025-04-18
0.1,1,Core CPI m/m,Bad,6,4,2,66.7,33.3,2.0,2020-08-28_2020-09-11|2021-05-10_2021-05-24|2021-11-06_2021-11-20|2022-05-05_2022-05-19|2024-02-09_2024-02-23|2025-02-03_2025-02-17
0.1,1,Core CPI m/m,Neutral,23,15,8,65.2,34.8,1.88,2020-10-12_2020-10-26|2021-01-10_2021-01-24|2021-02-24_2021-03-10|2021-10-07_2021-10-21|2022-03-06_2022-03-20|2022-12-01_2022-12-15|2022-12-31_2023-01-14|2023-02-14_2023-02-28|2023-03-31_2023-04-14|2024-01-10_2024-01-24|2024-05-09_2024-05-23|2024-08-07_2024-08-21|2024-10-06_2024-10-20|2025-01-04_2025-01-18|2025-03-05_2025-03-19|2025-05-04_2025-05-18|2025-07-03_2025-07-17|2025-08-02_2025-08-16|2025-09-01_2025-09-15|2026-02-13_2026-02-27|2022-02-04_2022-02-18|2022-06-04_2022-06-18|2024-07-08_2024-07-22
0.1,1,Core CPI m/m,Good,4,3,1,75.0,25.0,3.0,2020-11-11_2020-11-25|2022-04-05_2022-04-19|2025-06-03_2025-06-17|2025-04-04_2025-04-18
0.2,1,Core CPI m/m,Neutral,32,21,11,65.6,34.4,1.91,2020-08-28_2020-09-11|2020-10-12_2020-10-26|2020-11-11_2020-11-25|2021-01-10_2021-01-24|2021-02-24_2021-03-10|2021-10-07_2021-10-21|2021-11-06_2021-11-20|2022-03-06_2022-03-20|2022-04-05_2022-04-19|2022-05-05_2022-05-19|2022-12-01_2022-12-15|2022-12-31_2023-01-14|2023-02-14_2023-02-28|2023-03-31_2023-04-14|2024-01-10_2024-01-24|2024-02-09_2024-02-23|2024-05-09_2024-05-23|2024-08-07_2024-08-21|2024-10-06_2024-10-20|2025-01-04_2025-01-18|2025-02-03_2025-02-17|2025-03-05_2025-03-19|2025-05-04_2025-05-18|2025-06-03_2025-06-17|2025-07-03_2025-07-17|2025-08-02_2025-08-16|2025-09-01_2025-09-15|2026-02-13_2026-02-27|2022-02-04_2022-02-18|2022-06-04_2022-06-18|2024-07-08_2024-07-22|2025-04-04_2025-04-18
0.2,1,Core CPI m/m,Bad,1,1,0,100.0,0.0,inf,2021-05-10_2021-05-24
0.3,1,Core CPI m/m,Neutral,32,21,11,65.6,34.4,1.91,2020-08-28_2020-09-11|2020-10-12_2020-10-26|2020-11-11_2020-11-25|2021-01-10_2021-01-24|2021-02-24_2021-03-10|2021-10-07_2021-10-21|2021-11-06_2021-11-20|2022-03-06_2022-03-20|2022-04-05_2022-04-19|2022-05-05_2022-05-19|2022-12-01_2022-12-15|2022-12-31_2023-01-14|2023-02-14_2023-02-28|2023-03-31_2023-04-14|2024-01-10_2024-01-24|2024-02-09_2024-02-23|2024-05-09_2024-05-23|2024-08-07_2024-08-21|2024-10-06_2024-10-20|2025-01-04_2025-01-18|2025-02-03_2025-02-17|2025-03-05_2025-03-19|2025-05-04_2025-05-18|2025-06-03_2025-06-17|2025-07-03_2025-07-17|2025-08-02_2025-08-16|2025-09-01_2025-09-15|2026-02-13_2026-02-27|2022-02-04_2022-02-18|2022-06-04_2022-06-18|2024-07-08_2024-07-22|2025-04-04_2025-04-18
0.3,1,Core CPI m/m,Bad,1,1,0,100.0,0.0,inf,2021-05-10_2021-05-24
0.0,1,PPI m/m,Bad,17,12,5,70.6,29.4,2.4,2020-08-28_2020-09-11|2020-10-12_2020-10-26|2020-11-11_2020-11-25|2021-03-11_2021-03-25|2021-03-26_2021-04-09|2021-05-10_2021-05-24|2022-04-05_2022-04-19|2022-12-01_2022-12-15|2023-02-14_2023-02-28|2024-02-09_2024-02-23|2024-05-09_2024-05-23|2025-02-03_2025-02-17|2025-08-02_2025-08-16|2026-02-13_2026-02-27|2022-02-04_2022-02-18|2023-09-27_2023-10-11|2024-07-08_2024-07-22
0.0,1,PPI m/m,Neutral,5,2,3,40.0,60.0,0.67,2020-12-11_2020-12-25|2021-11-06_2021-11-20|2022-05-05_2022-05-19|2026-01-14_2026-01-28|2022-06-04_2022-06-18
0.0,1,PPI m/m,Good,15,11,4,73.3,26.7,2.75,2021-01-10_2021-01-24|2021-10-07_2021-10-21|2022-03-06_2022-03-20|2023-03-31_2023-04-14|2024-01-10_2024-01-24|2024-08-07_2024-08-21|2024-10-06_2024-10-20|2025-01-04_2025-01-18|2025-03-05_2025-03-19|2025-05-04_2025-05-18|2025-06-03_2025-06-17|2025-07-03_2025-07-17|2025-09-01_2025-09-15|2023-01-15_2023-01-29|2025-04-04_2025-04-18
0.1,1,PPI m/m,Neutral,14,8,6,57.1,42.9,1.33,2020-08-28_2020-09-11|2020-11-11_2020-11-25|2020-12-11_2020-12-25|2021-03-11_2021-03-25|2021-10-07_2021-10-21|2021-11-06_2021-11-20|2022-05-05_2022-05-19|2022-12-01_2022-12-15|2024-08-07_2024-08-21|2024-10-06_2024-10-20|2025-06-03_2025-06-17|2026-01-14_2026-01-28|2022-06-04_2022-06-18|2024-07-08_2024-07-22
0.1,1,PPI m/m,Bad,12,8,4,66.7,33.3,2.0,2020-10-12_2020-10-26|2021-03-26_2021-04-09|2021-05-10_2021-05-24|2022-04-05_2022-04-19|2023-02-14_2023-02-28|2024-02-09_2024-02-23|2024-05-09_2024-05-23|2025-02-03_2025-02-17|2025-08-02_2025-08-16|2026-02-13_2026-02-27|2022-02-04_2022-02-18|2023-09-27_2023-10-11
0.1,1,PPI m/m,Good,11,9,2,81.8,18.2,4.5,2021-01-10_2021-01-24|2022-03-06_2022-03-20|2023-03-31_2023-04-14|2024-01-10_2024-01-24|2025-01-04_2025-01-18|2025-03-05_2025-03-19|2025-05-04_2025-05-18|2025-07-03_2025-07-17|2025-09-01_2025-09-15|2023-01-15_2023-01-29|2025-04-04_2025-04-18
0.2,1,PPI m/m,Neutral,25,16,9,64.0,36.0,1.78,2020-08-28_2020-09-11|2020-10-12_2020-10-26|2020-11-11_2020-11-25|2020-12-11_2020-12-25|2021-01-10_2021-01-24|2021-03-11_2021-03-25|2021-10-07_2021-10-21|2021-11-06_2021-11-20|2022-03-06_2022-03-20|2022-05-05_2022-05-19|2022-12-01_2022-12-15|2024-01-10_2024-01-24|2024-02-09_2024-02-23|2024-05-09_2024-05-23|2024-08-07_2024-08-21|2024-10-06_2024-10-20|2025-01-04_2025-01-18|2025-02-03_2025-02-17|2025-06-03_2025-06-17|2025-07-03_2025-07-17|2026-01-14_2026-01-28|2026-02-13_2026-02-27|2022-06-04_2022-06-18|2023-09-27_2023-10-11|2024-07-08_2024-07-22
0.2,1,PPI m/m,Bad,6,4,2,66.7,33.3,2.0,2021-03-26_2021-04-09|2021-05-10_2021-05-24|2022-04-05_2022-04-19|2023-02-14_2023-02-28|2025-08-02_2025-08-16|2022-02-04_2022-02-18
0.2,1,PPI m/m,Good,6,5,1,83.3,16.7,5.0,2023-03-31_2023-04-14|2025-03-05_2025-03-19|2025-05-04_2025-05-18|2025-09-01_2025-09-15|2023-01-15_2023-01-29|2025-04-04_2025-04-18
0.3,1,PPI m/m,Neutral,29,19,10,65.5,34.5,1.9,2020-08-28_2020-09-11|2020-10-12_2020-10-26|2020-11-11_2020-11-25|2020-12-11_2020-12-25|2021-01-10_2021-01-24|2021-03-11_2021-03-25|2021-05-10_2021-05-24|2021-10-07_2021-10-21|2021-11-06_2021-11-20|2022-03-06_2022-03-20|2022-04-05_2022-04-19|2022-05-05_2022-05-19|2022-12-01_2022-12-15|2023-02-14_2023-02-28|2024-01-10_2024-01-24|2024-02-09_2024-02-23|2024-05-09_2024-05-23|2024-08-07_2024-08-21|2024-10-06_2024-10-20|2025-01-04_2025-01-18|2025-02-03_2025-02-17|2025-03-05_2025-03-19|2025-06-03_2025-06-17|2025-07-03_2025-07-17|2026-01-14_2026-01-28|2026-02-13_2026-02-27|2022-06-04_2022-06-18|2023-09-27_2023-10-11|2024-07-08_2024-07-22
0.3,1,PPI m/m,Bad,3,2,1,66.7,33.3,2.0,2021-03-26_2021-04-09|2025-08-02_2025-08-16|2022-02-04_2022-02-18
0.3,1,PPI m/m,Good,5,4,1,80.0,20.0,4.0,2023-03-31_2023-04-14|2025-05-04_2025-05-18|2025-09-01_2025-09-15|2023-01-15_2023-01-29|2025-04-04_2025-04-18
0.0,1,Core PPI m/m,Bad,14,9,5,64.3,35.7,1.8,2020-08-28_2020-09-11|2020-10-12_2020-10-26|2021-03-26_2021-04-09|2021-05-10_2021-05-24|2022-04-05_2022-04-19|2022-12-01_2022-12-15|2023-02-14_2023-02-28|2024-02-09_2024-02-23|2024-05-09_2024-05-23|2025-08-02_2025-08-16|2026-02-13_2026-02-27|2022-02-04_2022-02-18|2023-09-27_2023-10-11|2024-07-08_2024-07-22
0.0,1,Core PPI m/m,Good,18,12,6,66.7,33.3,2.0,2020-11-11_2020-11-25|2020-12-11_2020-12-25|2021-10-07_2021-10-21|2021-11-06_2021-11-20|2022-03-06_2022-03-20|2022-05-05_2022-05-19|2023-03-31_2023-04-14|2024-01-10_2024-01-24|2024-08-07_2024-08-21|2025-01-04_2025-01-18|2025-03-05_2025-03-19|2025-05-04_2025-05-18|2025-06-03_2025-06-17|2025-07-03_2025-07-17|2025-09-01_2025-09-15|2026-01-14_2026-01-28|2022-06-04_2022-06-18|2025-04-04_2025-04-18
0.0,1,Core PPI m/m,Neutral,5,4,1,80.0,20.0,4.0,2021-01-10_2021-01-24|2021-03-11_2021-03-25|2024-10-06_2024-10-20|2025-02-03_2025-02-17|2023-01-15_2023-01-29
0.1,1,Core PPI m/m,Bad,13,8,5,61.5,38.5,1.6,2020-08-28_2020-09-11|2020-10-12_2020-10-26|2021-03-26_2021-04-09|2021-05-10_2021-05-24|2022-04-05_2022-04-19|2022-12-01_2022-12-15|2023-02-14_2023-02-28|2024-02-09_2024-02-23|2024-05-09_2024-05-23|2025-08-02_2025-08-16|2026-02-13_2026-02-27|2022-02-04_2022-02-18|2024-07-08_2024-07-22
0.1,1,Core PPI m/m,Neutral,10,8,2,80.0,20.0,4.0,2020-11-11_2020-11-25|2020-12-11_2020-12-25|2021-01-10_2021-01-24|2021-03-11_2021-03-25|2021-11-06_2021-11-20|2024-10-06_2024-10-20|2025-02-03_2025-02-17|2022-06-04_2022-06-18|2023-01-15_2023-01-29|2023-09-27_2023-10-11
0.1,1,Core PPI m/m,Good,14,9,5,64.3,35.7,1.8,2021-10-07_2021-10-21|2022-03-06_2022-03-20|2022-05-05_2022-05-19|2023-03-31_2023-04-14|2024-01-10_2024-01-24|2024-08-07_2024-08-21|2025-01-04_2025-01-18|2025-03-05_2025-03-19|2025-05-04_2025-05-18|2025-06-03_2025-06-17|2025-07-03_2025-07-17|2025-09-01_2025-09-15|2026-01-14_2026-01-28|2025-04-04_2025-04-18
0.2,1,Core PPI m/m,Neutral,22,17,5,77.3,22.7,3.4,2020-08-28_2020-09-11|2020-10-12_2020-10-26|2020-11-11_2020-11-25|2020-12-11_2020-12-25|2021-01-10_2021-01-24|2021-03-11_2021-03-25|2021-11-06_2021-11-20|2022-05-05_2022-05-19|2022-12-01_2022-12-15|2023-02-14_2023-02-28|2024-01-10_2024-01-24|2024-08-07_2024-08-21|2024-10-06_2024-10-20|2025-01-04_2025-01-18|2025-02-03_2025-02-17|2025-06-03_2025-06-17|2025-07-03_2025-07-17|2026-01-14_2026-01-28|2022-06-04_2022-06-18|2023-01-15_2023-01-29|2023-09-27_2023-10-11|2024-07-08_2024-07-22
0.2,1,Core PPI m/m,Bad,8,4,4,50.0,50.0,1.0,2021-03-26_2021-04-09|2021-05-10_2021-05-24|2022-04-05_2022-04-19|2024-02-09_2024-02-23|2024-05-09_2024-05-23|2025-08-02_2025-08-16|2026-02-13_2026-02-27|2022-02-04_2022-02-18
0.2,1,Core PPI m/m,Good,7,4,3,57.1,42.9,1.33,2021-10-07_2021-10-21|2022-03-06_2022-03-20|2023-03-31_2023-04-14|2025-03-05_2025-03-19|2025-05-04_2025-05-18|2025-09-01_2025-09-15|2025-04-04_2025-04-18
0.3,1,Core PPI m/m,Neutral,25,18,7,72.0,28.0,2.57,2020-08-28_2020-09-11|2020-10-12_2020-10-26|2020-11-11_2020-11-25|2020-12-11_2020-12-25|2021-01-10_2021-01-24|2021-03-11_2021-03-25|2021-05-10_2021-05-24|2021-10-07_2021-10-21|2021-11-06_2021-11-20|2022-05-05_2022-05-19|2022-12-01_2022-12-15|2023-02-14_2023-02-28|2024-01-10_2024-01-24|2024-05-09_2024-05-23|2024-08-07_2024-08-21|2024-10-06_2024-10-20|2025-01-04_2025-01-18|2025-02-03_2025-02-17|2025-06-03_2025-06-17|2025-07-03_2025-07-17|2026-01-14_2026-01-28|2022-06-04_2022-06-18|2023-01-15_2023-01-29|2023-09-27_2023-10-11|2024-07-08_2024-07-22
0.3,1,Core PPI m/m,Bad,6,3,3,50.0,50.0,1.0,2021-03-26_2021-04-09|2022-04-05_2022-04-19|2024-02-09_2024-02-23|2025-08-02_2025-08-16|2026-02-13_2026-02-27|2022-02-04_2022-02-18
0.3,1,Core PPI m/m,Good,6,4,2,66.7,33.3,2.0,2022-03-06_2022-03-20|2023-03-31_2023-04-14|2025-03-05_2025-03-19|2025-05-04_2025-05-18|2025-09-01_2025-09-15|2025-04-04_2025-04-18
0.0,1,FOMC,Neutral,4,3,1,75.0,25.0,3.0,2023-03-16_2023-03-30|2023-07-14_2023-07-28|2024-07-23_2024-08-06|2025-01-19_2025-02-02
0.1,1,FOMC,Neutral,4,3,1,75.0,25.0,3.0,2023-03-16_2023-03-30|2023-07-14_2023-07-28|2024-07-23_2024-08-06|2025-01-19_2025-02-02
0.2,1,FOMC,Neutral,4,3,1,75.0,25.0,3.0,2023-03-16_2023-03-30|2023-07-14_2023-07-28|2024-07-23_2024-08-06|2025-01-19_2025-02-02
0.3,1,FOMC,Neutral,4,3,1,75.0,25.0,3.0,2023-03-16_2023-03-30|2023-07-14_2023-07-28|2024-07-23_2024-08-06|2025-01-19_2025-02-02
0.0,1,CPI y/y,Bad,14,8,6,57.1,42.9,1.33,2020-08-28_2020-09-11|2021-05-10_2021-05-24|2021-10-07_2021-10-21|2021-11-06_2021-11-20|2022-04-05_2022-04-19|2022-05-05_2022-05-19|2023-02-14_2023-02-28|2024-01-10_2024-01-24|2024-02-09_2024-02-23|2024-10-06_2024-10-20|2025-02-03_2025-02-17|2025-07-03_2025-07-17|2022-02-04_2022-02-18|2022-06-04_2022-06-18
0.0,1,CPI y/y,Neutral,8,4,4,50.0,50.0,1.0,2020-10-12_2020-10-26|2021-01-10_2021-01-24|2021-02-24_2021-03-10|2022-03-06_2022-03-20|2022-12-31_2023-01-14|2024-05-09_2024-05-23|2025-01-04_2025-01-18|2025-09-01_2025-09-15
0.0,1,CPI y/y,Good,12,10,2,83.3,16.7,5.0,2020-11-11_2020-11-25|2022-12-01_2022-12-15|2023-03-31_2023-04-14|2024-08-07_2024-08-21|2025-03-05_2025-03-19|2025-05-04_2025-05-18|2025-06-03_2025-06-17|2025-08-02_2025-08-16|2026-02-13_2026-02-27|2024-07-08_2024-07-22|2025-04-04_2025-04-18|2025-12-15_2025-12-29
0.1,1,CPI y/y,Bad,13,8,5,61.5,38.5,1.6,2020-08-28_2020-09-11|2021-05-10_2021-05-24|2021-10-07_2021-10-21|2021-11-06_2021-11-20|2022-05-05_2022-05-19|2023-02-14_2023-02-28|2024-01-10_2024-01-24|2024-02-09_2024-02-23|2024-10-06_2024-10-20|2025-02-03_2025-02-17|2025-07-03_2025-07-17|2022-02-04_2022-02-18|2022-06-04_2022-06-18
0.1,1,CPI y/y,Neutral,11,6,5,54.5,45.5,1.2,2020-10-12_2020-10-26|2021-01-10_2021-01-24|2021-02-24_2021-03-10|2022-03-06_2022-03-20|2022-04-05_2022-04-19|2022-12-31_2023-01-14|2023-03-31_2023-04-14|2024-05-09_2024-05-23|2025-01-04_2025-01-18|2025-08-02_2025-08-16|2025-09-01_2025-09-15
0.1,1,CPI y/y,Good,10,8,2,80.0,20.0,4.0,2020-11-11_2020-11-25|2022-12-01_2022-12-15|2024-08-07_2024-08-21|2025-03-05_2025-03-19|2025-05-04_2025-05-18|2025-06-03_2025-06-17|2026-02-13_2026-02-27|2024-07-08_2024-07-22|2025-04-04_2025-04-18|2025-12-15_2025-12-29
0.2,1,CPI y/y,Neutral,25,18,7,72.0,28.0,2.57,2020-08-28_2020-09-11|2020-10-12_2020-10-26|2020-11-11_2020-11-25|2021-01-10_2021-01-24|2021-02-24_2021-03-10|2021-10-07_2021-10-21|2022-03-06_2022-03-20|2022-04-05_2022-04-19|2022-12-31_2023-01-14|2023-03-31_2023-04-14|2024-01-10_2024-01-24|2024-05-09_2024-05-23|2024-08-07_2024-08-21|2024-10-06_2024-10-20|2025-01-04_2025-01-18|2025-02-03_2025-02-17|2025-03-05_2025-03-19|2025-05-04_2025-05-18|2025-06-03_2025-06-17|2025-07-03_2025-07-17|2025-08-02_2025-08-16|2025-09-01_2025-09-15|2026-02-13_2026-02-27|2024-07-08_2024-07-22|2025-04-04_2025-04-18
0.2,1,CPI y/y,Bad,7,4,3,57.1,42.9,1.33,2021-05-10_2021-05-24|2021-11-06_2021-11-20|2022-05-05_2022-05-19|2023-02-14_2023-02-28|2024-02-09_2024-02-23|2022-02-04_2022-02-18|2022-06-04_2022-06-18
0.2,1,CPI y/y,Good,2,0,2,0.0,100.0,0.0,2022-12-01_2022-12-15|2025-12-15_2025-12-29
0.3,1,CPI y/y,Neutral,32,21,11,65.6,34.4,1.91,2020-08-28_2020-09-11|2020-10-12_2020-10-26|2020-11-11_2020-11-25|2021-01-10_2021-01-24|2021-02-24_2021-03-10|2021-10-07_2021-10-21|2021-11-06_2021-11-20|2022-03-06_2022-03-20|2022-04-05_2022-04-19|2022-05-05_2022-05-19|2022-12-01_2022-12-15|2022-12-31_2023-01-14|2023-02-14_2023-02-28|2023-03-31_2023-04-14|2024-01-10_2024-01-24|2024-02-09_2024-02-23|2024-05-09_2024-05-23|2024-08-07_2024-08-21|2024-10-06_2024-10-20|2025-01-04_2025-01-18|2025-02-03_2025-02-17|2025-03-05_2025-03-19|2025-05-04_2025-05-18|2025-06-03_2025-06-17|2025-07-03_2025-07-17|2025-08-02_2025-08-16|2025-09-01_2025-09-15|2026-02-13_2026-02-27|2022-02-04_2022-02-18|2022-06-04_2022-06-18|2024-07-08_2024-07-22|2025-04-04_2025-04-18
0.3,1,CPI y/y,Bad,1,1,0,100.0,0.0,inf,2021-05-10_2021-05-24
0.3,1,CPI y/y,Good,1,0,1,0.0,100.0,0.0,2025-12-15_2025-12-29
0.0,2,CPI m/m|Core CPI m/m,Bad|Bad,9,5,4,55.6,44.4,1.25,2020-08-28_2020-09-11|2021-05-10_2021-05-24|2021-11-06_2021-11-20|2022-05-05_2022-05-19|2024-02-09_2024-02-23|2024-10-06_2024-10-20|2025-02-03_2025-02-17|2022-02-04_2022-02-18|2022-06-04_2022-06-18
0.0,2,CPI m/m|Core CPI m/m,Neutral|Neutral,7,5,2,71.4,28.6,2.5,2020-10-12_2020-10-26|2021-01-10_2021-01-24|2022-03-06_2022-03-20|2022-12-31_2023-01-14|2023-02-14_2023-02-28|2024-08-07_2024-08-21|2025-08-02_2025-08-16
0.0,2,CPI m/m|Core CPI m/m,Good|Good,7,6,1,85.7,14.3,6.0,2020-11-11_2020-11-25|2022-12-01_2022-12-15|2025-03-05_2025-03-19|2025-05-04_2025-05-18|2025-06-03_2025-06-17|2024-07-08_2024-07-22|2025-04-04_2025-04-18
0.0,2,CPI m/m|Core CPI m/m,Neutral|Good,4,3,1,75.0,25.0,3.0,2021-02-24_2021-03-10|2022-04-05_2022-04-19|2025-01-04_2025-01-18|2025-07-03_2025-07-17
0.0,2,CPI m/m|Core CPI m/m,Bad|Neutral,3,1,2,33.3,66.7,0.5,2021-10-07_2021-10-21|2024-01-10_2024-01-24|2025-09-01_2025-09-15
0.0,2,CPI m/m|Core CPI m/m,Good|Neutral,3,2,1,66.7,33.3,2.0,2023-03-31_2023-04-14|2024-05-09_2024-05-23|2026-02-13_2026-02-27
0.1,2,CPI m/m|Core CPI m/m,Bad|Bad,4,4,0,100.0,0.0,inf,2020-08-28_2020-09-11|2021-05-10_2021-05-24|2021-11-06_2021-11-20|2025-02-03_2025-02-17
0.1,2,CPI m/m|Core CPI m/m,Neutral|Neutral,16,13,3,81.2,18.8,4.33,2020-10-12_2020-10-26|2021-01-10_2021-01-24|2021-02-24_2021-03-10|2022-03-06_2022-03-20|2022-12-31_2023-01-14|2023-02-14_2023-02-28|2023-03-31_2023-04-14|2024-01-10_2024-01-24|2024-08-07_2024-08-21|2024-10-06_2024-10-20|2025-01-04_2025-01-18|2025-03-05_2025-03-19|2025-05-04_2025-05-18|2025-07-03_2025-07-17|2025-08-02_2025-08-16|2026-02-13_2026-02-27
0.1,2,CPI m/m|Core CPI m/m,Neutral|Good,3,2,1,66.7,33.3,2.0,2020-11-11_2020-11-25|2022-04-05_2022-04-19|2025-06-03_2025-06-17
0.1,2,CPI m/m|Core CPI m/m,Bad|Neutral,4,1,3,25.0,75.0,0.33,2021-10-07_2021-10-21|2025-09-01_2025-09-15|2022-02-04_2022-02-18|2022-06-04_2022-06-18
0.1,2,CPI m/m|Core CPI m/m,Neutral|Bad,2,0,2,0.0,100.0,0.0,2022-05-05_2022-05-19|2024-02-09_2024-02-23
0.1,2,CPI m/m|Core CPI m/m,Good|Neutral,3,1,2,33.3,66.7,0.5,2022-12-01_2022-12-15|2024-05-09_2024-05-23|2024-07-08_2024-07-22
0.1,2,CPI m/m|Core CPI m/m,Good|Good,1,1,0,100.0,0.0,inf,2025-04-04_2025-04-18
0.2,2,CPI m/m|Core CPI m/m,Neutral|Neutral,30,19,11,63.3,36.7,1.73,2020-08-28_2020-09-11|2020-10-12_2020-10-26|2020-11-11_2020-11-25|2021-01-10_2021-01-24|2021-02-24_2021-03-10|2021-10-07_2021-10-21|2022-03-06_2022-03-20|2022-04-05_2022-04-19|2022-05-05_2022-05-19|2022-12-01_2022-12-15|2022-12-31_2023-01-14|2023-02-14_2023-02-28|2023-03-31_2023-04-14|2024-01-10_2024-01-24|2024-02-09_2024-02-23|2024-05-09_2024-05-23|2024-08-07_2024-08-21|2024-10-06_2024-10-20|2025-01-04_2025-01-18|2025-02-03_2025-02-17|2025-03-05_2025-03-19|2025-05-04_2025-05-18|2025-06-03_2025-06-17|2025-07-03_2025-07-17|2025-08-02_2025-08-16|2025-09-01_2025-09-15|2026-02-13_2026-02-27|2022-02-04_2022-02-18|2024-07-08_2024-07-22|2025-04-04_2025-04-18
0.2,2,CPI m/m|Core CPI m/m,Bad|Bad,1,1,0,100.0,0.0,inf,2021-05-10_2021-05-24
0.2,2,CPI m/m|Core CPI m/m,Bad|Neutral,2,2,0,100.0,0.0,inf,2021-11-06_2021-11-20|2022-06-04_2022-06-18
0.3,2,CPI m/m|Core CPI m/m,Neutral|Neutral,30,19,11,63.3,36.7,1.73,2020-08-28_2020-09-11|2020-10-12_2020-10-26|2020-11-11_2020-11-25|2021-01-10_2021-01-24|2021-02-24_2021-03-10|2021-10-07_2021-10-21|2022-03-06_2022-03-20|2022-04-05_2022-04-19|2022-05-05_2022-05-19|2022-12-01_2022-12-15|2022-12-31_2023-01-14|2023-02-14_2023-02-28|2023-03-31_2023-04-14|2024-01-10_2024-01-24|2024-02-09_2024-02-23|2024-05-09_2024-05-23|2024-08-07_2024-08-21|2024-10-06_2024-10-20|2025-01-04_2025-01-18|2025-02-03_2025-02-17|2025-03-05_2025-03-19|2025-05-04_2025-05-18|2025-06-03_2025-06-17|2025-07-03_2025-07-17|2025-08-02_2025-08-16|2025-09-01_2025-09-15|2026-02-13_2026-02-27|2022-02-04_2022-02-18|2024-07-08_2024-07-22|2025-04-04_2025-04-18
0.3,2,CPI m/m|Core CPI m/m,Bad|Bad,1,1,0,100.0,0.0,inf,2021-05-10_2021-05-24
0.3,2,CPI m/m|Core CPI m/m,Bad|Neutral,2,2,0,100.0,0.0,inf,2021-11-06_2021-11-20|2022-06-04_2022-06-18
0.0,2,CPI m/m|PPI m/m,Bad|Bad,5,3,2,60.0,40.0,1.5,2020-08-28_2020-09-11|2021-05-10_2021-05-24|2024-02-09_2024-02-23|2025-02-03_2025-02-17|2022-02-04_2022-02-18
0.0,2,CPI m/m|PPI m/m,Neutral|Bad,4,3,1,75.0,25.0,3.0,2020-10-12_2020-10-26|2022-04-05_2022-04-19|2023-02-14_2023-02-28|2025-08-02_2025-08-16
0.0,2,CPI m/m|PPI m/m,Good|Bad,5,3,2,60.0,40.0,1.5,2020-11-11_2020-11-25|2022-12-01_2022-12-15|2024-05-09_2024-05-23|2026-02-13_2026-02-27|2024-07-08_2024-07-22
0.0,2,CPI m/m|PPI m/m,Neutral|Good,5,4,1,80.0,20.0,4.0,2021-01-10_2021-01-24|2022-03-06_2022-03-20|2024-08-07_2024-08-21|2025-01-04_2025-01-18|2025-07-03_2025-07-17
0.0,2,CPI m/m|PPI m/m,Bad|Good,4,1,3,25.0,75.0,0.33,2021-10-07_2021-10-21|2024-01-10_2024-01-24|2024-10-06_2024-10-20|2025-09-01_2025-09-15
0.0,2,CPI m/m|PPI m/m,Bad|Neutral,3,2,1,66.7,33.3,2.0,2021-11-06_2021-11-20|2022-05-05_2022-05-19|2022-06-04_2022-06-18
0.0,2,CPI m/m|PPI m/m,Good|Good,5,5,0,100.0,0.0,inf,2023-03-31_2023-04-14|2025-03-05_2025-03-19|2025-05-04_2025-05-18|2025-06-03_2025-06-17|2025-04-04_2025-04-18
0.1,2,CPI m/m|PPI m/m,Bad|Neutral,4,3,1,75.0,25.0,3.0,2020-08-28_2020-09-11|2021-10-07_2021-10-21|2021-11-06_2021-11-20|2022-06-04_2022-06-18
0.1,2,CPI m/m|PPI m/m,Neutral|Bad,6,4,2,66.7,33.3,2.0,2020-10-12_2020-10-26|2022-04-05_2022-04-19|2023-02-14_2023-02-28|2024-02-09_2024-02-23|2025-08-02_2025-08-16|2026-02-13_2026-02-27
0.1,2,CPI m/m|PPI m/m,Neutral|Neutral,5,3,2,60.0,40.0,1.5,2020-11-11_2020-11-25|2022-05-05_2022-05-19|2024-08-07_2024-08-21|2024-10-06_2024-10-20|2025-06-03_2025-06-17
0.1,2,CPI m/m|PPI m/m,Neutral|Good,8,7,1,87.5,12.5,7.0,2021-01-10_2021-01-24|2022-03-06_2022-03-20|2023-03-31_2023-04-14|2024-01-10_2024-01-24|2025-01-04_2025-01-18|2025-03-05_2025-03-19|2025-05-04_2025-05-18|2025-07-03_2025-07-17
0.1,2,CPI m/m|PPI m/m,Bad|Bad,3,2,1,66.7,33.3,2.0,2021-05-10_2021-05-24|2025-02-03_2025-02-17|2022-02-04_2022-02-18
0.1,2,CPI m/m|PPI m/m,Good|Neutral,2,1,1,50.0,50.0,1.0,2022-12-01_2022-12-15|2024-07-08_2024-07-22
0.1,2,CPI m/m|PPI m/m,Good|Bad,1,0,1,0.0,100.0,0.0,2024-05-09_2024-05-23
0.1,2,CPI m/m|PPI m/m,Bad|Good,1,0,1,0.0,100.0,0.0,2025-09-01_2025-09-15
0.1,2,CPI m/m|PPI m/m,Good|Good,1,1,0,100.0,0.0,inf,2025-04-04_2025-04-18
0.2,2,CPI m/m|PPI m/m,Neutral|Neutral,19,12,7,63.2,36.8,1.71,2020-08-28_2020-09-11|2020-10-12_2020-10-26|2020-11-11_2020-11-25|2021-01-10_2021-01-24|2021-10-07_2021-10-21|2022-03-06_2022-03-20|2022-05-05_2022-05-19|2022-12-01_2022-12-15|2024-01-10_2024-01-24|2024-02-09_2024-02-23|2024-05-09_2024-05-23|2024-08-07_2024-08-21|2024-10-06_2024-10-20|2025-01-04_2025-01-18|2025-02-03_2025-02-17|2025-06-03_2025-06-17|2025-07-03_2025-07-17|2026-02-13_2026-02-27|2024-07-08_2024-07-22
0.2,2,CPI m/m|PPI m/m,Bad|Bad,1,1,0,100.0,0.0,inf,2021-05-10_2021-05-24
0.2,2,CPI m/m|PPI m/m,Bad|Neutral,2,2,0,100.0,0.0,inf,2021-11-06_2021-11-20|2022-06-04_2022-06-18
0.2,2,CPI m/m|PPI m/m,Neutral|Bad,4,2,2,50.0,50.0,1.0,2022-04-05_2022-04-19|2023-02-14_2023-02-28|2025-08-02_2025-08-16|2022-02-04_2022-02-18
0.2,2,CPI m/m|PPI m/m,Neutral|Good,5,4,1,80.0,20.0,4.0,2023-03-31_2023-04-14|2025-03-05_2025-03-19|2025-05-04_2025-05-18|2025-09-01_2025-09-15|2025-04-04_2025-04-18
0.3,2,CPI m/m|PPI m/m,Neutral|Neutral,22,14,8,63.6,36.4,1.75,2020-08-28_2020-09-11|2020-10-12_2020-10-26|2020-11-11_2020-11-25|2021-01-10_2021-01-24|2021-10-07_2021-10-21|2022-03-06_2022-03-20|2022-04-05_2022-04-19|2022-05-05_2022-05-19|2022-12-01_2022-12-15|2023-02-14_2023-02-28|2024-01-10_2024-01-24|2024-02-09_2024-02-23|2024-05-09_2024-05-23|2024-08-07_2024-08-21|2024-10-06_2024-10-20|2025-01-04_2025-01-18|2025-02-03_2025-02-17|2025-03-05_2025-03-19|2025-06-03_2025-06-17|2025-07-03_2025-07-17|2026-02-13_2026-02-27|2024-07-08_2024-07-22
0.3,2,CPI m/m|PPI m/m,Bad|Neutral,3,3,0,100.0,0.0,inf,2021-05-10_2021-05-24|2021-11-06_2021-11-20|2022-06-04_2022-06-18
0.3,2,CPI m/m|PPI m/m,Neutral|Good,4,3,1,75.0,25.0,3.0,2023-03-31_2023-04-14|2025-05-04_2025-05-18|2025-09-01_2025-09-15|2025-04-04_2025-04-18
0.3,2,CPI m/m|PPI m/m,Neutral|Bad,2,1,1,50.0,50.0,1.0,2025-08-02_2025-08-16|2022-02-04_2022-02-18
0.0,2,CPI m/m|Core PPI m/m,Bad|Bad,4,2,2,50.0,50.0,1.0,2020-08-28_2020-09-11|2021-05-10_2021-05-24|2024-02-09_2024-02-23|2022-02-04_2022-02-18
0.0,2,CPI m/m|Core PPI m/m,Neutral|Bad,4,3,1,75.0,25.0,3.0,2020-10-12_2020-10-26|2022-04-05_2022-04-19|2023-02-14_2023-02-28|2025-08-02_2025-08-16
0.0,2,CPI m/m|Core PPI m/m,Good|Good,6,6,0,100.0,0.0,inf,2020-11-11_2020-11-25|2023-03-31_2023-04-14|2025-03-05_2025-03-19|2025-05-04_2025-05-18|2025-06-03_2025-06-17|2025-04-04_2025-04-18
0.0,2,CPI m/m|Core PPI m/m,Neutral|Neutral,1,1,0,100.0,0.0,inf,2021-01-10_2021-01-24
0.0,2,CPI m/m|Core PPI m/m,Bad|Good,6,3,3,50.0,50.0,1.0,2021-10-07_2021-10-21|2021-11-06_2021-11-20|2022-05-05_2022-05-19|2024-01-10_2024-01-24|2025-09-01_2025-09-15|2022-06-04_2022-06-18
0.0,2,CPI m/m|Core PPI m/m,Neutral|Good,4,3,1,75.0,25.0,3.0,2022-03-06_2022-03-20|2024-08-07_2024-08-21|2025-01-04_2025-01-18|2025-07-03_2025-07-17
0.0,2,CPI m/m|Core PPI m/m,Good|Bad,4,2,2,50.0,50.0,1.0,2022-12-01_2022-12-15|2024-05-09_2024-05-23|2026-02-13_2026-02-27|2024-07-08_2024-07-22
0.0,2,CPI m/m|Core PPI m/m,Bad|Neutral,2,1,1,50.0,50.0,1.0,2024-10-06_2024-10-20|2025-02-03_2025-02-17
0.1,2,CPI m/m|Core PPI m/m,Bad|Bad,3,2,1,66.7,33.3,2.0,2020-08-28_2020-09-11|2021-05-10_2021-05-24|2022-02-04_2022-02-18
0.1,2,CPI m/m|Core PPI m/m,Neutral|Bad,6,4,2,66.7,33.3,2.0,2020-10-12_2020-10-26|2022-04-05_2022-04-19|2023-02-14_2023-02-28|2024-02-09_2024-02-23|2025-08-02_2025-08-16|2026-02-13_2026-02-27
0.1,2,CPI m/m|Core PPI m/m,Neutral|Neutral,3,2,1,66.7,33.3,2.0,2020-11-11_2020-11-25|2021-01-10_2021-01-24|2024-10-06_2024-10-20
0.1,2,CPI m/m|Core PPI m/m,Bad|Good,2,0,2,0.0,100.0,0.0,2021-10-07_2021-10-21|2025-09-01_2025-09-15
0.1,2,CPI m/m|Core PPI m/m,Bad|Neutral,3,3,0,100.0,0.0,inf,2021-11-06_2021-11-20|2025-02-03_2025-02-17|2022-06-04_2022-06-18
0.1,2,CPI m/m|Core PPI m/m,Neutral|Good,10,8,2,80.0,20.0,4.0,2022-03-06_2022-03-20|2022-05-05_2022-05-19|2023-03-31_2023-04-14|2024-01-10_2024-01-24|2024-08-07_2024-08-21|2025-01-04_2025-01-18|2025-03-05_2025-03-19|2025-05-04_2025-05-18|2025-06-03_2025-06-17|2025-07-03_2025-07-17
0.1,2,CPI m/m|Core PPI m/m,Good|Bad,3,1,2,33.3,66.7,0.5,2022-12-01_2022-12-15|2024-05-09_2024-05-23|2024-07-08_2024-07-22
0.1,2,CPI m/m|Core PPI m/m,Good|Good,1,1,0,100.0,0.0,inf,2025-04-04_2025-04-18
0.2,2,CPI m/m|Core PPI m/m,Neutral|Neutral,15,12,3,80.0,20.0,4.0,2020-08-28_2020-09-11|2020-10-12_2020-10-26|2020-11-11_2020-11-25|2021-01-10_2021-01-24|2022-05-05_2022-05-19|2022-12-01_2022-12-15|2023-02-14_2023-02-28|2024-01-10_2024-01-24|2024-08-07_2024-08-21|2024-10-06_2024-10-20|2025-01-04_2025-01-18|2025-02-03_2025-02-17|2025-06-03_2025-06-17|2025-07-03_2025-07-17|2024-07-08_2024-07-22
0.2,2,CPI m/m|Core PPI m/m,Bad|Bad,1,1,0,100.0,0.0,inf,2021-05-10_2021-05-24
0.2,2,CPI m/m|Core PPI m/m,Neutral|Good,7,4,3,57.1,42.9,1.33,2021-10-07_2021-10-21|2022-03-06_2022-03-20|2023-03-31_2023-04-14|2025-03-05_2025-03-19|2025-05-04_2025-05-18|2025-09-01_2025-09-15|2025-04-04_2025-04-18
0.2,2,CPI m/m|Core PPI m/m,Bad|Neutral,2,2,0,100.0,0.0,inf,2021-11-06_2021-11-20|2022-06-04_2022-06-18
0.2,2,CPI m/m|Core PPI m/m,Neutral|Bad,6,2,4,33.3,66.7,0.5,2022-04-05_2022-04-19|2024-02-09_2024-02-23|2024-05-09_2024-05-23|2025-08-02_2025-08-16|2026-02-13_2026-02-27|2022-02-04_2022-02-18
0.3,2,CPI m/m|Core PPI m/m,Neutral|Neutral,17,12,5,70.6,29.4,2.4,2020-08-28_2020-09-11|2020-10-12_2020-10-26|2020-11-11_2020-11-25|2021-01-10_2021-01-24|2021-10-07_2021-10-21|2022-05-05_2022-05-19|2022-12-01_2022-12-15|2023-02-14_2023-02-28|2024-01-10_2024-01-24|2024-05-09_2024-05-23|2024-08-07_2024-08-21|2024-10-06_2024-10-20|2025-01-04_2025-01-18|2025-02-03_2025-02-17|2025-06-03_2025-06-17|2025-07-03_2025-07-17|2024-07-08_2024-07-22
0.3,2,CPI m/m|Core PPI m/m,Bad|Neutral,3,3,0,100.0,0.0,inf,2021-05-10_2021-05-24|2021-11-06_2021-11-20|2022-06-04_2022-06-18
0.3,2,CPI m/m|Core PPI m/m,Neutral|Good,6,4,2,66.7,33.3,2.0,2022-03-06_2022-03-20|2023-03-31_2023-04-14|2025-03-05_2025-03-19|2025-05-04_2025-05-18|2025-09-01_2025-09-15|2025-04-04_2025-04-18
0.3,2,CPI m/m|Core PPI m/m,Neutral|Bad,5,2,3,40.0,60.0,0.67,2022-04-05_2022-04-19|2024-02-09_2024-02-23|2025-08-02_2025-08-16|2026-02-13_2026-02-27|2022-02-04_2022-02-18
0.0,2,CPI m/m|CPI y/y,Bad|Bad,11,6,5,54.5,45.5,1.2,2020-08-28_2020-09-11|2021-05-10_2021-05-24|2021-10-07_2021-10-21|2021-11-06_2021-11-20|2022-05-05_2022-05-19|2024-01-10_2024-01-24|2024-02-09_2024-02-23|2024-10-06_2024-10-20|2025-02-03_2025-02-17|2022-02-04_2022-02-18|2022-06-04_2022-06-18
0.0,2,CPI m/m|CPI y/y,Neutral|Neutral,6,4,2,66.7,33.3,2.0,2020-10-12_2020-10-26|2021-01-10_2021-01-24|2021-02-24_2021-03-10|2022-03-06_2022-03-20|2022-12-31_2023-01-14|2025-01-04_2025-01-18
0.0,2,CPI m/m|CPI y/y,Good|Good,9,8,1,88.9,11.1,8.0,2020-11-11_2020-11-25|2022-12-01_2022-12-15|2023-03-31_2023-04-14|2025-03-05_2025-03-19|2025-05-04_2025-05-18|2025-06-03_2025-06-17|2026-02-13_2026-02-27|2024-07-08_2024-07-22|2025-04-04_2025-04-18
0.0,2,CPI m/m|CPI y/y,Neutral|Bad,3,2,1,66.7,33.3,2.0,2022-04-05_2022-04-19|2023-02-14_2023-02-28|2025-07-03_2025-07-17
0.0,2,CPI m/m|CPI y/y,Good|Neutral,1,0,1,0.0,100.0,0.0,2024-05-09_2024-05-23
0.0,2,CPI m/m|CPI y/y,Neutral|Good,2,2,0,100.0,0.0,inf,2024-08-07_2024-08-21|2025-08-02_2025-08-16
0.0,2,CPI m/m|CPI y/y,Bad|Neutral,1,0,1,0.0,100.0,0.0,2025-09-01_2025-09-15
0.1,2,CPI m/m|CPI y/y,Bad|Bad,7,5,2,71.4,28.6,2.5,2020-08-28_2020-09-11|2021-05-10_2021-05-24|2021-10-07_2021-10-21|2021-11-06_2021-11-20|2025-02-03_2025-02-17|2022-02-04_2022-02-18|2022-06-04_2022-06-18
0.1,2,CPI m/m|CPI y/y,Neutral|Neutral,9,6,3,66.7,33.3,2.0,2020-10-12_2020-10-26|2021-01-10_2021-01-24|2021-02-24_2021-03-10|2022-03-06_2022-03-20|2022-04-05_2022-04-19|2022-12-31_2023-01-14|2023-03-31_2023-04-14|2025-01-04_2025-01-18|2025-08-02_2025-08-16
0.1,2,CPI m/m|CPI y/y,Neutral|Good,6,6,0,100.0,0.0,inf,2020-11-11_2020-11-25|2024-08-07_2024-08-21|2025-03-05_2025-03-19|2025-05-04_2025-05-18|2025-06-03_2025-06-17|2026-02-13_2026-02-27
0.1,2,CPI m/m|CPI y/y,Neutral|Bad,6,3,3,50.0,50.0,1.0,2022-05-05_2022-05-19|2023-02-14_2023-02-28|2024-01-10_2024-01-24|2024-02-09_2024-02-23|2024-10-06_2024-10-20|2025-07-03_2025-07-17
0.1,2,CPI m/m|CPI y/y,Good|Good,3,2,1,66.7,33.3,2.0,2022-12-01_2022-12-15|2024-07-08_2024-07-22|2025-04-04_2025-04-18
0.1,2,CPI m/m|CPI y/y,Good|Neutral,1,0,1,0.0,100.0,0.0,2024-05-09_2024-05-23
0.1,2,CPI m/m|CPI y/y,Bad|Neutral,1,0,1,0.0,100.0,0.0,2025-09-01_2025-09-15
0.2,2,CPI m/m|CPI y/y,Neutral|Neutral,25,18,7,72.0,28.0,2.57,2020-08-28_2020-09-11|2020-10-12_2020-10-26|2020-11-11_2020-11-25|2021-01-10_2021-01-24|2021-02-24_2021-03-10|2021-10-07_2021-10-21|2022-03-06_2022-03-20|2022-04-05_2022-04-19|2022-12-31_2023-01-14|2023-03-31_2023-04-14|2024-01-10_2024-01-24|2024-05-09_2024-05-23|2024-08-07_2024-08-21|2024-10-06_2024-10-20|2025-01-04_2025-01-18|2025-02-03_2025-02-17|2025-03-05_2025-03-19|2025-05-04_2025-05-18|2025-06-03_2025-06-17|2025-07-03_2025-07-17|2025-08-02_2025-08-16|2025-09-01_2025-09-15|2026-02-13_2026-02-27|2024-07-08_2024-07-22|2025-04-04_2025-04-18
0.2,2,CPI m/m|CPI y/y,Bad|Bad,3,3,0,100.0,0.0,inf,2021-05-10_2021-05-24|2021-11-06_2021-11-20|2022-06-04_2022-06-18
0.2,2,CPI m/m|CPI y/y,Neutral|Bad,4,1,3,25.0,75.0,0.33,2022-05-05_2022-05-19|2023-02-14_2023-02-28|2024-02-09_2024-02-23|2022-02-04_2022-02-18
0.2,2,CPI m/m|CPI y/y,Neutral|Good,1,0,1,0.0,100.0,0.0,2022-12-01_2022-12-15
0.3,2,CPI m/m|CPI y/y,Neutral|Neutral,30,19,11,63.3,36.7,1.73,2020-08-28_2020-09-11|2020-10-12_2020-10-26|2020-11-11_2020-11-25|2021-01-10_2021-01-24|2021-02-24_2021-03-10|2021-10-07_2021-10-21|2022-03-06_2022-03-20|2022-04-05_2022-04-19|2022-05-05_2022-05-19|2022-12-01_2022-12-15|2022-12-31_2023-01-14|2023-02-14_2023-02-28|2023-03-31_2023-04-14|2024-01-10_2024-01-24|2024-02-09_2024-02-23|2024-05-09_2024-05-23|2024-08-07_2024-08-21|2024-10-06_2024-10-20|2025-01-04_2025-01-18|2025-02-03_2025-02-17|2025-03-05_2025-03-19|2025-05-04_2025-05-18|2025-06-03_2025-06-17|2025-07-03_2025-07-17|2025-08-02_2025-08-16|2025-09-01_2025-09-15|2026-02-13_2026-02-27|2022-02-04_2022-02-18|2024-07-08_2024-07-22|2025-04-04_2025-04-18
0.3,2,CPI m/m|CPI y/y,Bad|Bad,1,1,0,100.0,0.0,inf,2021-05-10_2021-05-24
0.3,2,CPI m/m|CPI y/y,Bad|Neutral,2,2,0,100.0,0.0,inf,2021-11-06_2021-11-20|2022-06-04_2022-06-18
0.0,2,Core CPI m/m|PPI m/m,Bad|Bad,5,3,2,60.0,40.0,1.5,2020-08-28_2020-09-11|2021-05-10_2021-05-24|2024-02-09_2024-02-23|2025-02-03_2025-02-17|2022-02-04_2022-02-18
0.0,2,Core CPI m/m|PPI m/m,Neutral|Bad,5,4,1,80.0,20.0,4.0,2020-10-12_2020-10-26|2023-02-14_2023-02-28|2024-05-09_2024-05-23|2025-08-02_2025-08-16|2026-02-13_2026-02-27
0.0,2,Core CPI m/m|PPI m/m,Good|Bad,4,2,2,50.0,50.0,1.0,2020-11-11_2020-11-25|2022-04-05_2022-04-19|2022-12-01_2022-12-15|2024-07-08_2024-07-22
0.0,2,Core CPI m/m|PPI m/m,Neutral|Good,7,4,3,57.1,42.9,1.33,2021-01-10_2021-01-24|2021-10-07_2021-10-21|2022-03-06_2022-03-20|2023-03-31_2023-04-14|2024-01-10_2024-01-24|2024-08-07_2024-08-21|2025-09-01_2025-09-15
0.0,2,Core CPI m/m|PPI m/m,Bad|Neutral,3,2,1,66.7,33.3,2.0,2021-11-06_2021-11-20|2022-05-05_2022-05-19|2022-06-04_2022-06-18
0.0,2,Core CPI m/m|PPI m/m,Bad|Good,1,0,1,0.0,100.0,0.0,2024-10-06_2024-10-20
0.0,2,Core CPI m/m|PPI m/m,Good|Good,6,6,0,100.0,0.0,inf,2025-01-04_2025-01-18|2025-03-05_2025-03-19|2025-05-04_2025-05-18|2025-06-03_2025-06-17|2025-07-03_2025-07-17|2025-04-04_2025-04-18
0.1,2,Core CPI m/m|PPI m/m,Bad|Neutral,3,2,1,66.7,33.3,2.0,2020-08-28_2020-09-11|2021-11-06_2021-11-20|2022-05-05_2022-05-19
0.1,2,Core CPI m/m|PPI m/m,Neutral|Bad,6,4,2,66.7,33.3,2.0,2020-10-12_2020-10-26|2023-02-14_2023-02-28|2024-05-09_2024-05-23|2025-08-02_2025-08-16|2026-02-13_2026-02-27|2022-02-04_2022-02-18
0.1,2,Core CPI m/m|PPI m/m,Good|Neutral,2,2,0,100.0,0.0,inf,2020-11-11_2020-11-25|2025-06-03_2025-06-17
0.1,2,Core CPI m/m|PPI m/m,Neutral|Good,9,7,2,77.8,22.2,3.5,2021-01-10_2021-01-24|2022-03-06_2022-03-20|2023-03-31_2023-04-14|2024-01-10_2024-01-24|2025-01-04_2025-01-18|2025-03-05_2025-03-19|2025-05-04_2025-05-18|2025-07-03_2025-07-17|2025-09-01_2025-09-15
0.1,2,Core CPI m/m|PPI m/m,Bad|Bad,3,2,1,66.7,33.3,2.0,2021-05-10_2021-05-24|2024-02-09_2024-02-23|2025-02-03_2025-02-17
0.1,2,Core CPI m/m|PPI m/m,Neutral|Neutral,6,3,3,50.0,50.0,1.0,2021-10-07_2021-10-21|2022-12-01_2022-12-15|2024-08-07_2024-08-21|2024-10-06_2024-10-20|2022-06-04_2022-06-18|2024-07-08_2024-07-22
0.1,2,Core CPI m/m|PPI m/m,Good|Bad,1,0,1,0.0,100.0,0.0,2022-04-05_2022-04-19
0.1,2,Core CPI m/m|PPI m/m,Good|Good,1,1,0,100.0,0.0,inf,2025-04-04_2025-04-18
0.2,2,Core CPI m/m|PPI m/m,Neutral|Neutral,21,14,7,66.7,33.3,2.0,2020-08-28_2020-09-11|2020-10-12_2020-10-26|2020-11-11_2020-11-25|2021-01-10_2021-01-24|2021-10-07_2021-10-21|2021-11-06_2021-11-20|2022-03-06_2022-03-20|2022-05-05_2022-05-19|2022-12-01_2022-12-15|2024-01-10_2024-01-24|2024-02-09_2024-02-23|2024-05-09_2024-05-23|2024-08-07_2024-08-21|2024-10-06_2024-10-20|2025-01-04_2025-01-18|2025-02-03_2025-02-17|2025-06-03_2025-06-17|2025-07-03_2025-07-17|2026-02-13_2026-02-27|2022-06-04_2022-06-18|2024-07-08_2024-07-22
0.2,2,Core CPI m/m|PPI m/m,Bad|Bad,1,1,0,100.0,0.0,inf,2021-05-10_2021-05-24
0.2,2,Core CPI m/m|PPI m/m,Neutral|Bad,4,2,2,50.0,50.0,1.0,2022-04-05_2022-04-19|2023-02-14_2023-02-28|2025-08-02_2025-08-16|2022-02-04_2022-02-18
0.2,2,Core CPI m/m|PPI m/m,Neutral|Good,5,4,1,80.0,20.0,4.0,2023-03-31_2023-04-14|2025-03-05_2025-03-19|2025-05-04_2025-05-18|2025-09-01_2025-09-15|2025-04-04_2025-04-18
0.3,2,Core CPI m/m|PPI m/m,Neutral|Neutral,24,16,8,66.7,33.3,2.0,2020-08-28_2020-09-11|2020-10-12_2020-10-26|2020-11-11_2020-11-25|2021-01-10_2021-01-24|2021-10-07_2021-10-21|2021-11-06_2021-11-20|2022-03-06_2022-03-20|2022-04-05_2022-04-19|2022-05-05_2022-05-19|2022-12-01_2022-12-15|2023-02-14_2023-02-28|2024-01-10_2024-01-24|2024-02-09_2024-02-23|2024-05-09_2024-05-23|2024-08-07_2024-08-21|2024-10-06_2024-10-20|2025-01-04_2025-01-18|2025-02-03_2025-02-17|2025-03-05_2025-03-19|2025-06-03_2025-06-17|2025-07-03_2025-07-17|2026-02-13_2026-02-27|2022-06-04_2022-06-18|2024-07-08_2024-07-22
0.3,2,Core CPI m/m|PPI m/m,Bad|Neutral,1,1,0,100.0,0.0,inf,2021-05-10_2021-05-24
0.3,2,Core CPI m/m|PPI m/m,Neutral|Good,4,3,1,75.0,25.0,3.0,2023-03-31_2023-04-14|2025-05-04_2025-05-18|2025-09-01_2025-09-15|2025-04-04_2025-04-18
0.3,2,Core CPI m/m|PPI m/m,Neutral|Bad,2,1,1,50.0,50.0,1.0,2025-08-02_2025-08-16|2022-02-04_2022-02-18
0.0,2,Core CPI m/m|Core PPI m/m,Bad|Bad,4,2,2,50.0,50.0,1.0,2020-08-28_2020-09-11|2021-05-10_2021-05-24|2024-02-09_2024-02-23|2022-02-04_2022-02-18
0.0,2,Core CPI m/m|Core PPI m/m,Neutral|Bad,5,4,1,80.0,20.0,4.0,2020-10-12_2020-10-26|2023-02-14_2023-02-28|2024-05-09_2024-05-23|2025-08-02_2025-08-16|2026-02-13_2026-02-27
0.0,2,Core CPI m/m|Core PPI m/m,Good|Good,7,7,0,100.0,0.0,inf,2020-11-11_2020-11-25|2025-01-04_2025-01-18|2025-03-05_2025-03-19|2025-05-04_2025-05-18|2025-06-03_2025-06-17|2025-07-03_2025-07-17|2025-04-04_2025-04-18
0.0,2,Core CPI m/m|Core PPI m/m,Neutral|Neutral,1,1,0,100.0,0.0,inf,2021-01-10_2021-01-24
0.0,2,Core CPI m/m|Core PPI m/m,Neutral|Good,6,3,3,50.0,50.0,1.0,2021-10-07_2021-10-21|2022-03-06_2022-03-20|2023-03-31_2023-04-14|2024-01-10_2024-01-24|2024-08-07_2024-08-21|2025-09-01_2025-09-15
0.0,2,Core CPI m/m|Core PPI m/m,Bad|Good,3,2,1,66.7,33.3,2.0,2021-11-06_2021-11-20|2022-05-05_2022-05-19|2022-06-04_2022-06-18
0.0,2,Core CPI m/m|Core PPI m/m,Good|Bad,3,1,2,33.3,66.7,0.5,2022-04-05_2022-04-19|2022-12-01_2022-12-15|2024-07-08_2024-07-22
0.0,2,Core CPI m/m|Core PPI m/m,Bad|Neutral,2,1,1,50.0,50.0,1.0,2024-10-06_2024-10-20|2025-02-03_2025-02-17
0.1,2,Core CPI m/m|Core PPI m/m,Bad|Bad,3,2,1,66.7,33.3,2.0,2020-08-28_2020-09-11|2021-05-10_2021-05-24|2024-02-09_2024-02-23
0.1,2,Core CPI m/m|Core PPI m/m,Neutral|Bad,8,5,3,62.5,37.5,1.67,2020-10-12_2020-10-26|2022-12-01_2022-12-15|2023-02-14_2023-02-28|2024-05-09_2024-05-23|2025-08-02_2025-08-16|2026-02-13_2026-02-27|2022-02-04_2022-02-18|2024-07-08_2024-07-22
0.1,2,Core CPI m/m|Core PPI m/m,Good|Neutral,1,1,0,100.0,0.0,inf,2020-11-11_2020-11-25
0.1,2,Core CPI m/m|Core PPI m/m,Neutral|Neutral,3,2,1,66.7,33.3,2.0,2021-01-10_2021-01-24|2024-10-06_2024-10-20|2022-06-04_2022-06-18
0.1,2,Core CPI m/m|Core PPI m/m,Neutral|Good,10,7,3,70.0,30.0,2.33,2021-10-07_2021-10-21|2022-03-06_2022-03-20|2023-03-31_2023-04-14|2024-01-10_2024-01-24|2024-08-07_2024-08-21|2025-01-04_2025-01-18|2025-03-05_2025-03-19|2025-05-04_2025-05-18|2025-07-03_2025-07-17|2025-09-01_2025-09-15
0.1,2,Core CPI m/m|Core PPI m/m,Bad|Neutral,2,2,0,100.0,0.0,inf,2021-11-06_2021-11-20|2025-02-03_2025-02-17
0.1,2,Core CPI m/m|Core PPI m/m,Good|Bad,1,0,1,0.0,100.0,0.0,2022-04-05_2022-04-19
0.1,2,Core CPI m/m|Core PPI m/m,Bad|Good,1,0,1,0.0,100.0,0.0,2022-05-05_2022-05-19
0.1,2,Core CPI m/m|Core PPI m/m,Good|Good,2,2,0,100.0,0.0,inf,2025-06-03_2025-06-17|2025-04-04_2025-04-18
0.2,2,Core CPI m/m|Core PPI m/m,Neutral|Neutral,17,14,3,82.4,17.6,4.67,2020-08-28_2020-09-11|2020-10-12_2020-10-26|2020-11-11_2020-11-25|2021-01-10_2021-01-24|2021-11-06_2021-11-20|2022-05-05_2022-05-19|2022-12-01_2022-12-15|2023-02-14_2023-02-28|2024-01-10_2024-01-24|2024-08-07_2024-08-21|2024-10-06_2024-10-20|2025-01-04_2025-01-18|2025-02-03_2025-02-17|2025-06-03_2025-06-17|2025-07-03_2025-07-17|2022-06-04_2022-06-18|2024-07-08_2024-07-22
0.2,2,Core CPI m/m|Core PPI m/m,Bad|Bad,1,1,0,100.0,0.0,inf,2021-05-10_2021-05-24
0.2,2,Core CPI m/m|Core PPI m/m,Neutral|Good,7,4,3,57.1,42.9,1.33,2021-10-07_2021-10-21|2022-03-06_2022-03-20|2023-03-31_2023-04-14|2025-03-05_2025-03-19|2025-05-04_2025-05-18|2025-09-01_2025-09-15|2025-04-04_2025-04-18
0.2,2,Core CPI m/m|Core PPI m/m,Neutral|Bad,6,2,4,33.3,66.7,0.5,2022-04-05_2022-04-19|2024-02-09_2024-02-23|2024-05-09_2024-05-23|2025-08-02_2025-08-16|2026-02-13_2026-02-27|2022-02-04_2022-02-18
0.3,2,Core CPI m/m|Core PPI m/m,Neutral|Neutral,19,14,5,73.7,26.3,2.8,2020-08-28_2020-09-11|2020-10-12_2020-10-26|2020-11-11_2020-11-25|2021-01-10_2021-01-24|2021-10-07_2021-10-21|2021-11-06_2021-11-20|2022-05-05_2022-05-19|2022-12-01_2022-12-15|2023-02-14_2023-02-28|2024-01-10_2024-01-24|2024-05-09_2024-05-23|2024-08-07_2024-08-21|2024-10-06_2024-10-20|2025-01-04_2025-01-18|2025-02-03_2025-02-17|2025-06-03_2025-06-17|2025-07-03_2025-07-17|2022-06-04_2022-06-18|2024-07-08_2024-07-22
0.3,2,Core CPI m/m|Core PPI m/m,Bad|Neutral,1,1,0,100.0,0.0,inf,2021-05-10_2021-05-24
0.3,2,Core CPI m/m|Core PPI m/m,Neutral|Good,6,4,2,66.7,33.3,2.0,2022-03-06_2022-03-20|2023-03-31_2023-04-14|2025-03-05_2025-03-19|2025-05-04_2025-05-18|2025-09-01_2025-09-15|2025-04-04_2025-04-18
0.3,2,Core CPI m/m|Core PPI m/m,Neutral|Bad,5,2,3,40.0,60.0,0.67,2022-04-05_2022-04-19|2024-02-09_2024-02-23|2025-08-02_2025-08-16|2026-02-13_2026-02-27|2022-02-04_2022-02-18
0.0,2,Core CPI m/m|CPI y/y,Bad|Bad,9,5,4,55.6,44.4,1.25,2020-08-28_2020-09-11|2021-05-10_2021-05-24|2021-11-06_2021-11-20|2022-05-05_2022-05-19|2024-02-09_2024-02-23|2024-10-06_2024-10-20|2025-02-03_2025-02-17|2022-02-04_2022-02-18|2022-06-04_2022-06-18
0.0,2,Core CPI m/m|CPI y/y,Neutral|Neutral,6,2,4,33.3,66.7,0.5,2020-10-12_2020-10-26|2021-01-10_2021-01-24|2022-03-06_2022-03-20|2022-12-31_2023-01-14|2024-05-09_2024-05-23|2025-09-01_2025-09-15
0.0,2,Core CPI m/m|CPI y/y,Good|Good,7,6,1,85.7,14.3,6.0,2020-11-11_2020-11-25|2022-12-01_2022-12-15|2025-03-05_2025-03-19|2025-05-04_2025-05-18|2025-06-03_2025-06-17|2024-07-08_2024-07-22|2025-04-04_2025-04-18
0.0,2,Core CPI m/m|CPI y/y,Good|Neutral,2,2,0,100.0,0.0,inf,2021-02-24_2021-03-10|2025-01-04_2025-01-18
0.0,2,Core CPI m/m|CPI y/y,Neutral|Bad,3,2,1,66.7,33.3,2.0,2021-10-07_2021-10-21|2023-02-14_2023-02-28|2024-01-10_2024-01-24
0.0,2,Core CPI m/m|CPI y/y,Good|Bad,2,1,1,50.0,50.0,1.0,2022-04-05_2022-04-19|2025-07-03_2025-07-17
0.0,2,Core CPI m/m|CPI y/y,Neutral|Good,4,4,0,100.0,0.0,inf,2023-03-31_2023-04-14|2024-08-07_2024-08-21|2025-08-02_2025-08-16|2026-02-13_2026-02-27
0.1,2,Core CPI m/m|CPI y/y,Bad|Bad,6,4,2,66.7,33.3,2.0,2020-08-28_2020-09-11|2021-05-10_2021-05-24|2021-11-06_2021-11-20|2022-05-05_2022-05-19|2024-02-09_2024-02-23|2025-02-03_2025-02-17
0.1,2,Core CPI m/m|CPI y/y,Neutral|Neutral,10,6,4,60.0,40.0,1.5,2020-10-12_2020-10-26|2021-01-10_2021-01-24|2021-02-24_2021-03-10|2022-03-06_2022-03-20|2022-12-31_2023-01-14|2023-03-31_2023-04-14|2024-05-09_2024-05-23|2025-01-04_2025-01-18|2025-08-02_2025-08-16|2025-09-01_2025-09-15
0.1,2,Core CPI m/m|CPI y/y,Good|Good,3,3,0,100.0,0.0,inf,2020-11-11_2020-11-25|2025-06-03_2025-06-17|2025-04-04_2025-04-18
0.1,2,Core CPI m/m|CPI y/y,Neutral|Bad,7,4,3,57.1,42.9,1.33,2021-10-07_2021-10-21|2023-02-14_2023-02-28|2024-01-10_2024-01-24|2024-10-06_2024-10-20|2025-07-03_2025-07-17|2022-02-04_2022-02-18|2022-06-04_2022-06-18
0.1,2,Core CPI m/m|CPI y/y,Good|Neutral,1,0,1,0.0,100.0,0.0,2022-04-05_2022-04-19
0.1,2,Core CPI m/m|CPI y/y,Neutral|Good,6,5,1,83.3,16.7,5.0,2022-12-01_2022-12-15|2024-08-07_2024-08-21|2025-03-05_2025-03-19|2025-05-04_2025-05-18|2026-02-13_2026-02-27|2024-07-08_2024-07-22
0.2,2,Core CPI m/m|CPI y/y,Neutral|Neutral,25,18,7,72.0,28.0,2.57,2020-08-28_2020-09-11|2020-10-12_2020-10-26|2020-11-11_2020-11-25|2021-01-10_2021-01-24|2021-02-24_2021-03-10|2021-10-07_2021-10-21|2022-03-06_2022-03-20|2022-04-05_2022-04-19|2022-12-31_2023-01-14|2023-03-31_2023-04-14|2024-01-10_2024-01-24|2024-05-09_2024-05-23|2024-08-07_2024-08-21|2024-10-06_2024-10-20|2025-01-04_2025-01-18|2025-02-03_2025-02-17|2025-03-05_2025-03-19|2025-05-04_2025-05-18|2025-06-03_2025-06-17|2025-07-03_2025-07-17|2025-08-02_2025-08-16|2025-09-01_2025-09-15|2026-02-13_2026-02-27|2024-07-08_2024-07-22|2025-04-04_2025-04-18
0.2,2,Core CPI m/m|CPI y/y,Bad|Bad,1,1,0,100.0,0.0,inf,2021-05-10_2021-05-24
0.2,2,Core CPI m/m|CPI y/y,Neutral|Bad,6,3,3,50.0,50.0,1.0,2021-11-06_2021-11-20|2022-05-05_2022-05-19|2023-02-14_2023-02-28|2024-02-09_2024-02-23|2022-02-04_2022-02-18|2022-06-04_2022-06-18
0.2,2,Core CPI m/m|CPI y/y,Neutral|Good,1,0,1,0.0,100.0,0.0,2022-12-01_2022-12-15
0.3,2,Core CPI m/m|CPI y/y,Neutral|Neutral,32,21,11,65.6,34.4,1.91,2020-08-28_2020-09-11|2020-10-12_2020-10-26|2020-11-11_2020-11-25|2021-01-10_2021-01-24|2021-02-24_2021-03-10|2021-10-07_2021-10-21|2021-11-06_2021-11-20|2022-03-06_2022-03-20|2022-04-05_2022-04-19|2022-05-05_2022-05-19|2022-12-01_2022-12-15|2022-12-31_2023-01-14|2023-02-14_2023-02-28|2023-03-31_2023-04-14|2024-01-10_2024-01-24|2024-02-09_2024-02-23|2024-05-09_2024-05-23|2024-08-07_2024-08-21|2024-10-06_2024-10-20|2025-01-04_2025-01-18|2025-02-03_2025-02-17|2025-03-05_2025-03-19|2025-05-04_2025-05-18|2025-06-03_2025-06-17|2025-07-03_2025-07-17|2025-08-02_2025-08-16|2025-09-01_2025-09-15|2026-02-13_2026-02-27|2022-02-04_2022-02-18|2022-06-04_2022-06-18|2024-07-08_2024-07-22|2025-04-04_2025-04-18
0.3,2,Core CPI m/m|CPI y/y,Bad|Bad,1,1,0,100.0,0.0,inf,2021-05-10_2021-05-24
0.0,2,PPI m/m|Core PPI m/m,Bad|Bad,14,9,5,64.3,35.7,1.8,2020-08-28_2020-09-11|2020-10-12_2020-10-26|2021-03-26_2021-04-09|2021-05-10_2021-05-24|2022-04-05_2022-04-19|2022-12-01_2022-12-15|2023-02-14_2023-02-28|2024-02-09_2024-02-23|2024-05-09_2024-05-23|2025-08-02_2025-08-16|2026-02-13_2026-02-27|2022-02-04_2022-02-18|2023-09-27_2023-10-11|2024-07-08_2024-07-22
0.0,2,PPI m/m|Core PPI m/m,Bad|Good,1,1,0,100.0,0.0,inf,2020-11-11_2020-11-25
0.0,2,PPI m/m|Core PPI m/m,Neutral|Good,5,2,3,40.0,60.0,0.67,2020-12-11_2020-12-25|2021-11-06_2021-11-20|2022-05-05_2022-05-19|2026-01-14_2026-01-28|2022-06-04_2022-06-18
0.0,2,PPI m/m|Core PPI m/m,Good|Neutral,3,2,1,66.7,33.3,2.0,2021-01-10_2021-01-24|2024-10-06_2024-10-20|2023-01-15_2023-01-29
0.0,2,PPI m/m|Core PPI m/m,Bad|Neutral,2,2,0,100.0,0.0,inf,2021-03-11_2021-03-25|2025-02-03_2025-02-17
0.0,2,PPI m/m|Core PPI m/m,Good|Good,12,9,3,75.0,25.0,3.0,2021-10-07_2021-10-21|2022-03-06_2022-03-20|2023-03-31_2023-04-14|2024-01-10_2024-01-24|2024-08-07_2024-08-21|2025-01-04_2025-01-18|2025-03-05_2025-03-19|2025-05-04_2025-05-18|2025-06-03_2025-06-17|2025-07-03_2025-07-17|2025-09-01_2025-09-15|2025-04-04_2025-04-18
0.1,2,PPI m/m|Core PPI m/m,Neutral|Bad,3,2,1,66.7,33.3,2.0,2020-08-28_2020-09-11|2022-12-01_2022-12-15|2024-07-08_2024-07-22
0.1,2,PPI m/m|Core PPI m/m,Bad|Bad,10,6,4,60.0,40.0,1.5,2020-10-12_2020-10-26|2021-03-26_2021-04-09|2021-05-10_2021-05-24|2022-04-05_2022-04-19|2023-02-14_2023-02-28|2024-02-09_2024-02-23|2024-05-09_2024-05-23|2025-08-02_2025-08-16|2026-02-13_2026-02-27|2022-02-04_2022-02-18
0.1,2,PPI m/m|Core PPI m/m,Neutral|Neutral,6,4,2,66.7,33.3,2.0,2020-11-11_2020-11-25|2020-12-11_2020-12-25|2021-03-11_2021-03-25|2021-11-06_2021-11-20|2024-10-06_2024-10-20|2022-06-04_2022-06-18
0.1,2,PPI m/m|Core PPI m/m,Good|Neutral,2,2,0,100.0,0.0,inf,2021-01-10_2021-01-24|2023-01-15_2023-01-29
0.1,2,PPI m/m|Core PPI m/m,Neutral|Good,5,2,3,40.0,60.0,0.67,2021-10-07_2021-10-21|2022-05-05_2022-05-19|2024-08-07_2024-08-21|2025-06-03_2025-06-17|2026-01-14_2026-01-28
0.1,2,PPI m/m|Core PPI m/m,Good|Good,9,7,2,77.8,22.2,3.5,2022-03-06_2022-03-20|2023-03-31_2023-04-14|2024-01-10_2024-01-24|2025-01-04_2025-01-18|2025-03-05_2025-03-19|2025-05-04_2025-05-18|2025-07-03_2025-07-17|2025-09-01_2025-09-15|2025-04-04_2025-04-18
0.1,2,PPI m/m|Core PPI m/m,Bad|Neutral,2,2,0,100.0,0.0,inf,2025-02-03_2025-02-17|2023-09-27_2023-10-11
0.2,2,PPI m/m|Core PPI m/m,Neutral|Neutral,20,15,5,75.0,25.0,3.0,2020-08-28_2020-09-11|2020-10-12_2020-10-26|2020-11-11_2020-11-25|2020-12-11_2020-12-25|2021-01-10_2021-01-24|2021-03-11_2021-03-25|2021-11-06_2021-11-20|2022-05-05_2022-05-19|2022-12-01_2022-12-15|2024-01-10_2024-01-24|2024-08-07_2024-08-21|2024-10-06_2024-10-20|2025-01-04_2025-01-18|2025-02-03_2025-02-17|2025-06-03_2025-06-17|2025-07-03_2025-07-17|2026-01-14_2026-01-28|2022-06-04_2022-06-18|2023-09-27_2023-10-11|2024-07-08_2024-07-22
0.2,2,PPI m/m|Core PPI m/m,Bad|Bad,5,3,2,60.0,40.0,1.5,2021-03-26_2021-04-09|2021-05-10_2021-05-24|2022-04-05_2022-04-19|2025-08-02_2025-08-16|2022-02-04_2022-02-18
0.2,2,PPI m/m|Core PPI m/m,Neutral|Good,2,0,2,0.0,100.0,0.0,2021-10-07_2021-10-21|2022-03-06_2022-03-20
0.2,2,PPI m/m|Core PPI m/m,Bad|Neutral,1,1,0,100.0,0.0,inf,2023-02-14_2023-02-28
0.2,2,PPI m/m|Core PPI m/m,Good|Good,5,4,1,80.0,20.0,4.0,2023-03-31_2023-04-14|2025-03-05_2025-03-19|2025-05-04_2025-05-18|2025-09-01_2025-09-15|2025-04-04_2025-04-18
0.2,2,PPI m/m|Core PPI m/m,Neutral|Bad,3,1,2,33.3,66.7,0.5,2024-02-09_2024-02-23|2024-05-09_2024-05-23|2026-02-13_2026-02-27
0.2,2,PPI m/m|Core PPI m/m,Good|Neutral,1,1,0,100.0,0.0,inf,2023-01-15_2023-01-29
0.3,2,PPI m/m|Core PPI m/m,Neutral|Neutral,24,17,7,70.8,29.2,2.43,2020-08-28_2020-09-11|2020-10-12_2020-10-26|2020-11-11_2020-11-25|2020-12-11_2020-12-25|2021-01-10_2021-01-24|2021-03-11_2021-03-25|2021-05-10_2021-05-24|2021-10-07_2021-10-21|2021-11-06_2021-11-20|2022-05-05_2022-05-19|2022-12-01_2022-12-15|2023-02-14_2023-02-28|2024-01-10_2024-01-24|2024-05-09_2024-05-23|2024-08-07_2024-08-21|2024-10-06_2024-10-20|2025-01-04_2025-01-18|2025-02-03_2025-02-17|2025-06-03_2025-06-17|2025-07-03_2025-07-17|2026-01-14_2026-01-28|2022-06-04_2022-06-18|2023-09-27_2023-10-11|2024-07-08_2024-07-22
0.3,2,PPI m/m|Core PPI m/m,Bad|Bad,3,2,1,66.7,33.3,2.0,2021-03-26_2021-04-09|2025-08-02_2025-08-16|2022-02-04_2022-02-18
0.3,2,PPI m/m|Core PPI m/m,Neutral|Good,2,1,1,50.0,50.0,1.0,2022-03-06_2022-03-20|2025-03-05_2025-03-19
0.3,2,PPI m/m|Core PPI m/m,Neutral|Bad,3,1,2,33.3,66.7,0.5,2022-04-05_2022-04-19|2024-02-09_2024-02-23|2026-02-13_2026-02-27
0.3,2,PPI m/m|Core PPI m/m,Good|Good,4,3,1,75.0,25.0,3.0,2023-03-31_2023-04-14|2025-05-04_2025-05-18|2025-09-01_2025-09-15|2025-04-04_2025-04-18
0.3,2,PPI m/m|Core PPI m/m,Good|Neutral,1,1,0,100.0,0.0,inf,2023-01-15_2023-01-29
0.0,2,PPI m/m|CPI y/y,Bad|Bad,7,4,3,57.1,42.9,1.33,2020-08-28_2020-09-11|2021-05-10_2021-05-24|2022-04-05_2022-04-19|2023-02-14_2023-02-28|2024-02-09_2024-02-23|2025-02-03_2025-02-17|2022-02-04_2022-02-18
0.0,2,PPI m/m|CPI y/y,Bad|Neutral,2,1,1,50.0,50.0,1.0,2020-10-12_2020-10-26|2024-05-09_2024-05-23
0.0,2,PPI m/m|CPI y/y,Bad|Good,5,4,1,80.0,20.0,4.0,2020-11-11_2020-11-25|2022-12-01_2022-12-15|2025-08-02_2025-08-16|2026-02-13_2026-02-27|2024-07-08_2024-07-22
0.0,2,PPI m/m|CPI y/y,Good|Neutral,4,2,2,50.0,50.0,1.0,2021-01-10_2021-01-24|2022-03-06_2022-03-20|2025-01-04_2025-01-18|2025-09-01_2025-09-15
0.0,2,PPI m/m|CPI y/y,Good|Bad,4,2,2,50.0,50.0,1.0,2021-10-07_2021-10-21|2024-01-10_2024-01-24|2024-10-06_2024-10-20|2025-07-03_2025-07-17
0.0,2,PPI m/m|CPI y/y,Neutral|Bad,3,2,1,66.7,33.3,2.0,2021-11-06_2021-11-20|2022-05-05_2022-05-19|2022-06-04_2022-06-18
0.0,2,PPI m/m|CPI y/y,Good|Good,6,6,0,100.0,0.0,inf,2023-03-31_2023-04-14|2024-08-07_2024-08-21|2025-03-05_2025-03-19|2025-05-04_2025-05-18|2025-06-03_2025-06-17|2025-04-04_2025-04-18
0.1,2,PPI m/m|CPI y/y,Neutral|Bad,6,3,3,50.0,50.0,1.0,2020-08-28_2020-09-11|2021-10-07_2021-10-21|2021-11-06_2021-11-20|2022-05-05_2022-05-19|2024-10-06_2024-10-20|2022-06-04_2022-06-18
0.1,2,PPI m/m|CPI y/y,Bad|Neutral,4,2,2,50.0,50.0,1.0,2020-10-12_2020-10-26|2022-04-05_2022-04-19|2024-05-09_2024-05-23|2025-08-02_2025-08-16
0.1,2,PPI m/m|CPI y/y,Neutral|Good,5,4,1,80.0,20.0,4.0,2020-11-11_2020-11-25|2022-12-01_2022-12-15|2024-08-07_2024-08-21|2025-06-03_2025-06-17|2024-07-08_2024-07-22
0.1,2,PPI m/m|CPI y/y,Good|Neutral,5,3,2,60.0,40.0,1.5,2021-01-10_2021-01-24|2022-03-06_2022-03-20|2023-03-31_2023-04-14|2025-01-04_2025-01-18|2025-09-01_2025-09-15
0.1,2,PPI m/m|CPI y/y,Bad|Bad,5,3,2,60.0,40.0,1.5,2021-05-10_2021-05-24|2023-02-14_2023-02-28|2024-02-09_2024-02-23|2025-02-03_2025-02-17|2022-02-04_2022-02-18
0.1,2,PPI m/m|CPI y/y,Good|Bad,2,2,0,100.0,0.0,inf,2024-01-10_2024-01-24|2025-07-03_2025-07-17
0.1,2,PPI m/m|CPI y/y,Good|Good,3,3,0,100.0,0.0,inf,2025-03-05_2025-03-19|2025-05-04_2025-05-18|2025-04-04_2025-04-18
0.1,2,PPI m/m|CPI y/y,Bad|Good,1,1,0,100.0,0.0,inf,2026-02-13_2026-02-27
0.2,2,PPI m/m|CPI y/y,Neutral|Neutral,16,12,4,75.0,25.0,3.0,2020-08-28_2020-09-11|2020-10-12_2020-10-26|2020-11-11_2020-11-25|2021-01-10_2021-01-24|2021-10-07_2021-10-21|2022-03-06_2022-03-20|2024-01-10_2024-01-24|2024-05-09_2024-05-23|2024-08-07_2024-08-21|2024-10-06_2024-10-20|2025-01-04_2025-01-18|2025-02-03_2025-02-17|2025-06-03_2025-06-17|2025-07-03_2025-07-17|2026-02-13_2026-02-27|2024-07-08_2024-07-22
0.2,2,PPI m/m|CPI y/y,Bad|Bad,3,2,1,66.7,33.3,2.0,2021-05-10_2021-05-24|2023-02-14_2023-02-28|2022-02-04_2022-02-18
0.2,2,PPI m/m|CPI y/y,Neutral|Bad,4,2,2,50.0,50.0,1.0,2021-11-06_2021-11-20|2022-05-05_2022-05-19|2024-02-09_2024-02-23|2022-06-04_2022-06-18
0.2,2,PPI m/m|CPI y/y,Bad|Neutral,2,1,1,50.0,50.0,1.0,2022-04-05_2022-04-19|2025-08-02_2025-08-16
0.2,2,PPI m/m|CPI y/y,Neutral|Good,1,0,1,0.0,100.0,0.0,2022-12-01_2022-12-15
0.2,2,PPI m/m|CPI y/y,Good|Neutral,5,4,1,80.0,20.0,4.0,2023-03-31_2023-04-14|2025-03-05_2025-03-19|2025-05-04_2025-05-18|2025-09-01_2025-09-15|2025-04-04_2025-04-18
0.3,2,PPI m/m|CPI y/y,Neutral|Neutral,24,16,8,66.7,33.3,2.0,2020-08-28_2020-09-11|2020-10-12_2020-10-26|2020-11-11_2020-11-25|2021-01-10_2021-01-24|2021-10-07_2021-10-21|2021-11-06_2021-11-20|2022-03-06_2022-03-20|2022-04-05_2022-04-19|2022-05-05_2022-05-19|2022-12-01_2022-12-15|2023-02-14_2023-02-28|2024-01-10_2024-01-24|2024-02-09_2024-02-23|2024-05-09_2024-05-23|2024-08-07_2024-08-21|2024-10-06_2024-10-20|2025-01-04_2025-01-18|2025-02-03_2025-02-17|2025-03-05_2025-03-19|2025-06-03_2025-06-17|2025-07-03_2025-07-17|2026-02-13_2026-02-27|2022-06-04_2022-06-18|2024-07-08_2024-07-22
0.3,2,PPI m/m|CPI y/y,Neutral|Bad,1,1,0,100.0,0.0,inf,2021-05-10_2021-05-24
0.3,2,PPI m/m|CPI y/y,Good|Neutral,4,3,1,75.0,25.0,3.0,2023-03-31_2023-04-14|2025-05-04_2025-05-18|2025-09-01_2025-09-15|2025-04-04_2025-04-18
0.3,2,PPI m/m|CPI y/y,Bad|Neutral,2,1,1,50.0,50.0,1.0,2025-08-02_2025-08-16|2022-02-04_2022-02-18
0.0,2,Core PPI m/m|CPI y/y,Bad|Bad,6,3,3,50.0,50.0,1.0,2020-08-28_2020-09-11|2021-05-10_2021-05-24|2022-04-05_2022-04-19|2023-02-14_2023-02-28|2024-02-09_2024-02-23|2022-02-04_2022-02-18
0.0,2,Core PPI m/m|CPI y/y,Bad|Neutral,2,1,1,50.0,50.0,1.0,2020-10-12_2020-10-26|2024-05-09_2024-05-23
0.0,2,Core PPI m/m|CPI y/y,Good|Good,7,7,0,100.0,0.0,inf,2020-11-11_2020-11-25|2023-03-31_2023-04-14|2024-08-07_2024-08-21|2025-03-05_2025-03-19|2025-05-04_2025-05-18|2025-06-03_2025-06-17|2025-04-04_2025-04-18
0.0,2,Core PPI m/m|CPI y/y,Neutral|Neutral,1,1,0,100.0,0.0,inf,2021-01-10_2021-01-24
0.0,2,Core PPI m/m|CPI y/y,Good|Bad,6,4,2,66.7,33.3,2.0,2021-10-07_2021-10-21|2021-11-06_2021-11-20|2022-05-05_2022-05-19|2024-01-10_2024-01-24|2025-07-03_2025-07-17|2022-06-04_2022-06-18
0.0,2,Core PPI m/m|CPI y/y,Good|Neutral,3,1,2,33.3,66.7,0.5,2022-03-06_2022-03-20|2025-01-04_2025-01-18|2025-09-01_2025-09-15
0.0,2,Core PPI m/m|CPI y/y,Bad|Good,4,3,1,75.0,25.0,3.0,2022-12-01_2022-12-15|2025-08-02_2025-08-16|2026-02-13_2026-02-27|2024-07-08_2024-07-22
0.0,2,Core PPI m/m|CPI y/y,Neutral|Bad,2,1,1,50.0,50.0,1.0,2024-10-06_2024-10-20|2025-02-03_2025-02-17
0.1,2,Core PPI m/m|CPI y/y,Bad|Bad,5,3,2,60.0,40.0,1.5,2020-08-28_2020-09-11|2021-05-10_2021-05-24|2023-02-14_2023-02-28|2024-02-09_2024-02-23|2022-02-04_2022-02-18
0.1,2,Core PPI m/m|CPI y/y,Bad|Neutral,4,2,2,50.0,50.0,1.0,2020-10-12_2020-10-26|2022-04-05_2022-04-19|2024-05-09_2024-05-23|2025-08-02_2025-08-16
0.1,2,Core PPI m/m|CPI y/y,Neutral|Good,1,1,0,100.0,0.0,inf,2020-11-11_2020-11-25
0.1,2,Core PPI m/m|CPI y/y,Neutral|Neutral,1,1,0,100.0,0.0,inf,2021-01-10_2021-01-24
0.1,2,Core PPI m/m|CPI y/y,Good|Bad,4,2,2,50.0,50.0,1.0,2021-10-07_2021-10-21|2022-05-05_2022-05-19|2024-01-10_2024-01-24|2025-07-03_2025-07-17
0.1,2,Core PPI m/m|CPI y/y,Neutral|Bad,4,3,1,75.0,25.0,3.0,2021-11-06_2021-11-20|2024-10-06_2024-10-20|2025-02-03_2025-02-17|2022-06-04_2022-06-18
0.1,2,Core PPI m/m|CPI y/y,Good|Neutral,4,2,2,50.0,50.0,1.0,2022-03-06_2022-03-20|2023-03-31_2023-04-14|2025-01-04_2025-01-18|2025-09-01_2025-09-15
0.1,2,Core PPI m/m|CPI y/y,Bad|Good,3,2,1,66.7,33.3,2.0,2022-12-01_2022-12-15|2026-02-13_2026-02-27|2024-07-08_2024-07-22
0.1,2,Core PPI m/m|CPI y/y,Good|Good,5,5,0,100.0,0.0,inf,2024-08-07_2024-08-21|2025-03-05_2025-03-19|2025-05-04_2025-05-18|2025-06-03_2025-06-17|2025-04-04_2025-04-18
0.2,2,Core PPI m/m|CPI y/y,Neutral|Neutral,12,11,1,91.7,8.3,11.0,2020-08-28_2020-09-11|2020-10-12_2020-10-26|2020-11-11_2020-11-25|2021-01-10_2021-01-24|2024-01-10_2024-01-24|2024-08-07_2024-08-21|2024-10-06_2024-10-20|2025-01-04_2025-01-18|2025-02-03_2025-02-17|2025-06-03_2025-06-17|2025-07-03_2025-07-17|2024-07-08_2024-07-22
0.2,2,Core PPI m/m|CPI y/y,Bad|Bad,3,1,2,33.3,66.7,0.5,2021-05-10_2021-05-24|2024-02-09_2024-02-23|2022-02-04_2022-02-18
0.2,2,Core PPI m/m|CPI y/y,Good|Neutral,7,4,3,57.1,42.9,1.33,2021-10-07_2021-10-21|2022-03-06_2022-03-20|2023-03-31_2023-04-14|2025-03-05_2025-03-19|2025-05-04_2025-05-18|2025-09-01_2025-09-15|2025-04-04_2025-04-18
0.2,2,Core PPI m/m|CPI y/y,Neutral|Bad,4,3,1,75.0,25.0,3.0,2021-11-06_2021-11-20|2022-05-05_2022-05-19|2023-02-14_2023-02-28|2022-06-04_2022-06-18
0.2,2,Core PPI m/m|CPI y/y,Bad|Neutral,4,2,2,50.0,50.0,1.0,2022-04-05_2022-04-19|2024-05-09_2024-05-23|2025-08-02_2025-08-16|2026-02-13_2026-02-27
0.2,2,Core PPI m/m|CPI y/y,Neutral|Good,1,0,1,0.0,100.0,0.0,2022-12-01_2022-12-15
0.3,2,Core PPI m/m|CPI y/y,Neutral|Neutral,19,14,5,73.7,26.3,2.8,2020-08-28_2020-09-11|2020-10-12_2020-10-26|2020-11-11_2020-11-25|2021-01-10_2021-01-24|2021-10-07_2021-10-21|2021-11-06_2021-11-20|2022-05-05_2022-05-19|2022-12-01_2022-12-15|2023-02-14_2023-02-28|2024-01-10_2024-01-24|2024-05-09_2024-05-23|2024-08-07_2024-08-21|2024-10-06_2024-10-20|2025-01-04_2025-01-18|2025-02-03_2025-02-17|2025-06-03_2025-06-17|2025-07-03_2025-07-17|2022-06-04_2022-06-18|2024-07-08_2024-07-22
0.3,2,Core PPI m/m|CPI y/y,Neutral|Bad,1,1,0,100.0,0.0,inf,2021-05-10_2021-05-24
0.3,2,Core PPI m/m|CPI y/y,Good|Neutral,6,4,2,66.7,33.3,2.0,2022-03-06_2022-03-20|2023-03-31_2023-04-14|2025-03-05_2025-03-19|2025-05-04_2025-05-18|2025-09-01_2025-09-15|2025-04-04_2025-04-18
0.3,2,Core PPI m/m|CPI y/y,Bad|Neutral,5,2,3,40.0,60.0,0.67,2022-04-05_2022-04-19|2024-02-09_2024-02-23|2025-08-02_2025-08-16|2026-02-13_2026-02-27|2022-02-04_2022-02-18
0.0,3,CPI m/m|Core CPI m/m|PPI m/m,Bad|Bad|Bad,5,3,2,60.0,40.0,1.5,2020-08-28_2020-09-11|2021-05-10_2021-05-24|2024-02-09_2024-02-23|2025-02-03_2025-02-17|2022-02-04_2022-02-18
0.0,3,CPI m/m|Core CPI m/m|PPI m/m,Neutral|Neutral|Bad,3,3,0,100.0,0.0,inf,2020-10-12_2020-10-26|2023-02-14_2023-02-28|2025-08-02_2025-08-16
0.0,3,CPI m/m|Core CPI m/m|PPI m/m,Good|Good|Bad,3,2,1,66.7,33.3,2.0,2020-11-11_2020-11-25|2022-12-01_2022-12-15|2024-07-08_2024-07-22
0.0,3,CPI m/m|Core CPI m/m|PPI m/m,Neutral|Neutral|Good,3,2,1,66.7,33.3,2.0,2021-01-10_2021-01-24|2022-03-06_2022-03-20|2024-08-07_2024-08-21
0.0,3,CPI m/m|Core CPI m/m|PPI m/m,Bad|Neutral|Good,3,1,2,33.3,66.7,0.5,2021-10-07_2021-10-21|2024-01-10_2024-01-24|2025-09-01_2025-09-15
0.0,3,CPI m/m|Core CPI m/m|PPI m/m,Bad|Bad|Neutral,3,2,1,66.7,33.3,2.0,2021-11-06_2021-11-20|2022-05-05_2022-05-19|2022-06-04_2022-06-18
0.0,3,CPI m/m|Core CPI m/m|PPI m/m,Neutral|Good|Bad,1,0,1,0.0,100.0,0.0,2022-04-05_2022-04-19
0.0,3,CPI m/m|Core CPI m/m|PPI m/m,Good|Neutral|Good,1,1,0,100.0,0.0,inf,2023-03-31_2023-04-14
0.0,3,CPI m/m|Core CPI m/m|PPI m/m,Good|Neutral|Bad,2,1,1,50.0,50.0,1.0,2024-05-09_2024-05-23|2026-02-13_2026-02-27
0.0,3,CPI m/m|Core CPI m/m|PPI m/m,Bad|Bad|Good,1,0,1,0.0,100.0,0.0,2024-10-06_2024-10-20
0.0,3,CPI m/m|Core CPI m/m|PPI m/m,Neutral|Good|Good,2,2,0,100.0,0.0,inf,2025-01-04_2025-01-18|2025-07-03_2025-07-17
0.0,3,CPI m/m|Core CPI m/m|PPI m/m,Good|Good|Good,4,4,0,100.0,0.0,inf,2025-03-05_2025-03-19|2025-05-04_2025-05-18|2025-06-03_2025-06-17|2025-04-04_2025-04-18
0.1,3,CPI m/m|Core CPI m/m|PPI m/m,Bad|Bad|Neutral,2,2,0,100.0,0.0,inf,2020-08-28_2020-09-11|2021-11-06_2021-11-20
0.1,3,CPI m/m|Core CPI m/m|PPI m/m,Neutral|Neutral|Bad,4,4,0,100.0,0.0,inf,2020-10-12_2020-10-26|2023-02-14_2023-02-28|2025-08-02_2025-08-16|2026-02-13_2026-02-27
0.1,3,CPI m/m|Core CPI m/m|PPI m/m,Neutral|Good|Neutral,2,2,0,100.0,0.0,inf,2020-11-11_2020-11-25|2025-06-03_2025-06-17
0.1,3,CPI m/m|Core CPI m/m|PPI m/m,Neutral|Neutral|Good,8,7,1,87.5,12.5,7.0,2021-01-10_2021-01-24|2022-03-06_2022-03-20|2023-03-31_2023-04-14|2024-01-10_2024-01-24|2025-01-04_2025-01-18|2025-03-05_2025-03-19|2025-05-04_2025-05-18|2025-07-03_2025-07-17
0.1,3,CPI m/m|Core CPI m/m|PPI m/m,Bad|Bad|Bad,2,2,0,100.0,0.0,inf,2021-05-10_2021-05-24|2025-02-03_2025-02-17
0.1,3,CPI m/m|Core CPI m/m|PPI m/m,Bad|Neutral|Neutral,2,1,1,50.0,50.0,1.0,2021-10-07_2021-10-21|2022-06-04_2022-06-18
0.1,3,CPI m/m|Core CPI m/m|PPI m/m,Neutral|Good|Bad,1,0,1,0.0,100.0,0.0,2022-04-05_2022-04-19
0.1,3,CPI m/m|Core CPI m/m|PPI m/m,Neutral|Bad|Neutral,1,0,1,0.0,100.0,0.0,2022-05-05_2022-05-19
0.1,3,CPI m/m|Core CPI m/m|PPI m/m,Good|Neutral|Neutral,2,1,1,50.0,50.0,1.0,2022-12-01_2022-12-15|2024-07-08_2024-07-22
0.1,3,CPI m/m|Core CPI m/m|PPI m/m,Neutral|Bad|Bad,1,0,1,0.0,100.0,0.0,2024-02-09_2024-02-23
0.1,3,CPI m/m|Core CPI m/m|PPI m/m,Good|Neutral|Bad,1,0,1,0.0,100.0,0.0,2024-05-09_2024-05-23
0.1,3,CPI m/m|Core CPI m/m|PPI m/m,Neutral|Neutral|Neutral,2,1,1,50.0,50.0,1.0,2024-08-07_2024-08-21|2024-10-06_2024-10-20
0.1,3,CPI m/m|Core CPI m/m|PPI m/m,Bad|Neutral|Good,1,0,1,0.0,100.0,0.0,2025-09-01_2025-09-15
0.1,3,CPI m/m|Core CPI m/m|PPI m/m,Bad|Neutral|Bad,1,0,1,0.0,100.0,0.0,2022-02-04_2022-02-18
0.1,3,CPI m/m|Core CPI m/m|PPI m/m,Good|Good|Good,1,1,0,100.0,0.0,inf,2025-04-04_2025-04-18
0.2,3,CPI m/m|Core CPI m/m|PPI m/m,Neutral|Neutral|Neutral,19,12,7,63.2,36.8,1.71,2020-08-28_2020-09-11|2020-10-12_2020-10-26|2020-11-11_2020-11-25|2021-01-10_2021-01-24|2021-10-07_2021-10-21|2022-03-06_2022-03-20|2022-05-05_2022-05-19|2022-12-01_2022-12-15|2024-01-10_2024-01-24|2024-02-09_2024-02-23|2024-05-09_2024-05-23|2024-08-07_2024-08-21|2024-10-06_2024-10-20|2025-01-04_2025-01-18|2025-02-03_2025-02-17|2025-06-03_2025-06-17|2025-07-03_2025-07-17|2026-02-13_2026-02-27|2024-07-08_2024-07-22
0.2,3,CPI m/m|Core CPI m/m|PPI m/m,Bad|Bad|Bad,1,1,0,100.0,0.0,inf,2021-05-10_2021-05-24
0.2,3,CPI m/m|Core CPI m/m|PPI m/m,Bad|Neutral|Neutral,2,2,0,100.0,0.0,inf,2021-11-06_2021-11-20|2022-06-04_2022-06-18
0.2,3,CPI m/m|Core CPI m/m|PPI m/m,Neutral|Neutral|Bad,4,2,2,50.0,50.0,1.0,2022-04-05_2022-04-19|2023-02-14_2023-02-28|2025-08-02_2025-08-16|2022-02-04_2022-02-18
0.2,3,CPI m/m|Core CPI m/m|PPI m/m,Neutral|Neutral|Good,5,4,1,80.0,20.0,4.0,2023-03-31_2023-04-14|2025-03-05_2025-03-19|2025-05-04_2025-05-18|2025-09-01_2025-09-15|2025-04-04_2025-04-18
0.3,3,CPI m/m|Core CPI m/m|PPI m/m,Neutral|Neutral|Neutral,22,14,8,63.6,36.4,1.75,2020-08-28_2020-09-11|2020-10-12_2020-10-26|2020-11-11_2020-11-25|2021-01-10_2021-01-24|2021-10-07_2021-10-21|2022-03-06_2022-03-20|2022-04-05_2022-04-19|2022-05-05_2022-05-19|2022-12-01_2022-12-15|2023-02-14_2023-02-28|2024-01-10_2024-01-24|2024-02-09_2024-02-23|2024-05-09_2024-05-23|2024-08-07_2024-08-21|2024-10-06_2024-10-20|2025-01-04_2025-01-18|2025-02-03_2025-02-17|2025-03-05_2025-03-19|2025-06-03_2025-06-17|2025-07-03_2025-07-17|2026-02-13_2026-02-27|2024-07-08_2024-07-22
0.3,3,CPI m/m|Core CPI m/m|PPI m/m,Bad|Bad|Neutral,1,1,0,100.0,0.0,inf,2021-05-10_2021-05-24
0.3,3,CPI m/m|Core CPI m/m|PPI m/m,Bad|Neutral|Neutral,2,2,0,100.0,0.0,inf,2021-11-06_2021-11-20|2022-06-04_2022-06-18
0.3,3,CPI m/m|Core CPI m/m|PPI m/m,Neutral|Neutral|Good,4,3,1,75.0,25.0,3.0,2023-03-31_2023-04-14|2025-05-04_2025-05-18|2025-09-01_2025-09-15|2025-04-04_2025-04-18
0.3,3,CPI m/m|Core CPI m/m|PPI m/m,Neutral|Neutral|Bad,2,1,1,50.0,50.0,1.0,2025-08-02_2025-08-16|2022-02-04_2022-02-18
0.0,3,CPI m/m|Core CPI m/m|Core PPI m/m,Bad|Bad|Bad,4,2,2,50.0,50.0,1.0,2020-08-28_2020-09-11|2021-05-10_2021-05-24|2024-02-09_2024-02-23|2022-02-04_2022-02-18
0.0,3,CPI m/m|Core CPI m/m|Core PPI m/m,Neutral|Neutral|Bad,3,3,0,100.0,0.0,inf,2020-10-12_2020-10-26|2023-02-14_2023-02-28|2025-08-02_2025-08-16
0.0,3,CPI m/m|Core CPI m/m|Core PPI m/m,Good|Good|Good,5,5,0,100.0,0.0,inf,2020-11-11_2020-11-25|2025-03-05_2025-03-19|2025-05-04_2025-05-18|2025-06-03_2025-06-17|2025-04-04_2025-04-18
0.0,3,CPI m/m|Core CPI m/m|Core PPI m/m,Neutral|Neutral|Neutral,1,1,0,100.0,0.0,inf,2021-01-10_2021-01-24
0.0,3,CPI m/m|Core CPI m/m|Core PPI m/m,Bad|Neutral|Good,3,1,2,33.3,66.7,0.5,2021-10-07_2021-10-21|2024-01-10_2024-01-24|2025-09-01_2025-09-15
0.0,3,CPI m/m|Core CPI m/m|Core PPI m/m,Bad|Bad|Good,3,2,1,66.7,33.3,2.0,2021-11-06_2021-11-20|2022-05-05_2022-05-19|2022-06-04_2022-06-18
0.0,3,CPI m/m|Core CPI m/m|Core PPI m/m,Neutral|Neutral|Good,2,1,1,50.0,50.0,1.0,2022-03-06_2022-03-20|2024-08-07_2024-08-21
0.0,3,CPI m/m|Core CPI m/m|Core PPI m/m,Neutral|Good|Bad,1,0,1,0.0,100.0,0.0,2022-04-05_2022-04-19
0.0,3,CPI m/m|Core CPI m/m|Core PPI m/m,Good|Good|Bad,2,1,1,50.0,50.0,1.0,2022-12-01_2022-12-15|2024-07-08_2024-07-22
0.0,3,CPI m/m|Core CPI m/m|Core PPI m/m,Good|Neutral|Good,1,1,0,100.0,0.0,inf,2023-03-31_2023-04-14
0.0,3,CPI m/m|Core CPI m/m|Core PPI m/m,Good|Neutral|Bad,2,1,1,50.0,50.0,1.0,2024-05-09_2024-05-23|2026-02-13_2026-02-27
0.0,3,CPI m/m|Core CPI m/m|Core PPI m/m,Bad|Bad|Neutral,2,1,1,50.0,50.0,1.0,2024-10-06_2024-10-20|2025-02-03_2025-02-17
0.0,3,CPI m/m|Core CPI m/m|Core PPI m/m,Neutral|Good|Good,2,2,0,100.0,0.0,inf,2025-01-04_2025-01-18|2025-07-03_2025-07-17
0.1,3,CPI m/m|Core CPI m/m|Core PPI m/m,Bad|Bad|Bad,2,2,0,100.0,0.0,inf,2020-08-28_2020-09-11|2021-05-10_2021-05-24
0.1,3,CPI m/m|Core CPI m/m|Core PPI m/m,Neutral|Neutral|Bad,4,4,0,100.0,0.0,inf,2020-10-12_2020-10-26|2023-02-14_2023-02-28|2025-08-02_2025-08-16|2026-02-13_2026-02-27
0.1,3,CPI m/m|Core CPI m/m|Core PPI m/m,Neutral|Good|Neutral,1,1,0,100.0,0.0,inf,2020-11-11_2020-11-25
0.1,3,CPI m/m|Core CPI m/m|Core PPI m/m,Neutral|Neutral|Neutral,2,1,1,50.0,50.0,1.0,2021-01-10_2021-01-24|2024-10-06_2024-10-20
0.1,3,CPI m/m|Core CPI m/m|Core PPI m/m,Bad|Neutral|Good,2,0,2,0.0,100.0,0.0,2021-10-07_2021-10-21|2025-09-01_2025-09-15
0.1,3,CPI m/m|Core CPI m/m|Core PPI m/m,Bad|Bad|Neutral,2,2,0,100.0,0.0,inf,2021-11-06_2021-11-20|2025-02-03_2025-02-17
0.1,3,CPI m/m|Core CPI m/m|Core PPI m/m,Neutral|Neutral|Good,8,7,1,87.5,12.5,7.0,2022-03-06_2022-03-20|2023-03-31_2023-04-14|2024-01-10_2024-01-24|2024-08-07_2024-08-21|2025-01-04_2025-01-18|2025-03-05_2025-03-19|2025-05-04_2025-05-18|2025-07-03_2025-07-17
0.1,3,CPI m/m|Core CPI m/m|Core PPI m/m,Neutral|Good|Bad,1,0,1,0.0,100.0,0.0,2022-04-05_2022-04-19
0.1,3,CPI m/m|Core CPI m/m|Core PPI m/m,Neutral|Bad|Good,1,0,1,0.0,100.0,0.0,2022-05-05_2022-05-19
0.1,3,CPI m/m|Core CPI m/m|Core PPI m/m,Good|Neutral|Bad,3,1,2,33.3,66.7,0.5,2022-12-01_2022-12-15|2024-05-09_2024-05-23|2024-07-08_2024-07-22
0.1,3,CPI m/m|Core CPI m/m|Core PPI m/m,Neutral|Bad|Bad,1,0,1,0.0,100.0,0.0,2024-02-09_2024-02-23
0.1,3,CPI m/m|Core CPI m/m|Core PPI m/m,Neutral|Good|Good,1,1,0,100.0,0.0,inf,2025-06-03_2025-06-17
0.1,3,CPI m/m|Core CPI m/m|Core PPI m/m,Bad|Neutral|Bad,1,0,1,0.0,100.0,0.0,2022-02-04_2022-02-18
0.1,3,CPI m/m|Core CPI m/m|Core PPI m/m,Bad|Neutral|Neutral,1,1,0,100.0,0.0,inf,2022-06-04_2022-06-18
0.1,3,CPI m/m|Core CPI m/m|Core PPI m/m,Good|Good|Good,1,1,0,100.0,0.0,inf,2025-04-04_2025-04-18
0.2,3,CPI m/m|Core CPI m/m|Core PPI m/m,Neutral|Neutral|Neutral,15,12,3,80.0,20.0,4.0,2020-08-28_2020-09-11|2020-10-12_2020-10-26|2020-11-11_2020-11-25|2021-01-10_2021-01-24|2022-05-05_2022-05-19|2022-12-01_2022-12-15|2023-02-14_2023-02-28|2024-01-10_2024-01-24|2024-08-07_2024-08-21|2024-10-06_2024-10-20|2025-01-04_2025-01-18|2025-02-03_2025-02-17|2025-06-03_2025-06-17|2025-07-03_2025-07-17|2024-07-08_2024-07-22
0.2,3,CPI m/m|Core CPI m/m|Core PPI m/m,Bad|Bad|Bad,1,1,0,100.0,0.0,inf,2021-05-10_2021-05-24
0.2,3,CPI m/m|Core CPI m/m|Core PPI m/m,Neutral|Neutral|Good,7,4,3,57.1,42.9,1.33,2021-10-07_2021-10-21|2022-03-06_2022-03-20|2023-03-31_2023-04-14|2025-03-05_2025-03-19|2025-05-04_2025-05-18|2025-09-01_2025-09-15|2025-04-04_2025-04-18
0.2,3,CPI m/m|Core CPI m/m|Core PPI m/m,Bad|Neutral|Neutral,2,2,0,100.0,0.0,inf,2021-11-06_2021-11-20|2022-06-04_2022-06-18
0.2,3,CPI m/m|Core CPI m/m|Core PPI m/m,Neutral|Neutral|Bad,6,2,4,33.3,66.7,0.5,2022-04-05_2022-04-19|2024-02-09_2024-02-23|2024-05-09_2024-05-23|2025-08-02_2025-08-16|2026-02-13_2026-02-27|2022-02-04_2022-02-18
0.3,3,CPI m/m|Core CPI m/m|Core PPI m/m,Neutral|Neutral|Neutral,17,12,5,70.6,29.4,2.4,2020-08-28_2020-09-11|2020-10-12_2020-10-26|2020-11-11_2020-11-25|2021-01-10_2021-01-24|2021-10-07_2021-10-21|2022-05-05_2022-05-19|2022-12-01_2022-12-15|2023-02-14_2023-02-28|2024-01-10_2024-01-24|2024-05-09_2024-05-23|2024-08-07_2024-08-21|2024-10-06_2024-10-20|2025-01-04_2025-01-18|2025-02-03_2025-02-17|2025-06-03_2025-06-17|2025-07-03_2025-07-17|2024-07-08_2024-07-22
0.3,3,CPI m/m|Core CPI m/m|Core PPI m/m,Bad|Bad|Neutral,1,1,0,100.0,0.0,inf,2021-05-10_2021-05-24
0.3,3,CPI m/m|Core CPI m/m|Core PPI m/m,Bad|Neutral|Neutral,2,2,0,100.0,0.0,inf,2021-11-06_2021-11-20|2022-06-04_2022-06-18
0.3,3,CPI m/m|Core CPI m/m|Core PPI m/m,Neutral|Neutral|Good,6,4,2,66.7,33.3,2.0,2022-03-06_2022-03-20|2023-03-31_2023-04-14|2025-03-05_2025-03-19|2025-05-04_2025-05-18|2025-09-01_2025-09-15|2025-04-04_2025-04-18
0.3,3,CPI m/m|Core CPI m/m|Core PPI m/m,Neutral|Neutral|Bad,5,2,3,40.0,60.0,0.67,2022-04-05_2022-04-19|2024-02-09_2024-02-23|2025-08-02_2025-08-16|2026-02-13_2026-02-27|2022-02-04_2022-02-18
0.0,3,CPI m/m|Core CPI m/m|CPI y/y,Bad|Bad|Bad,9,5,4,55.6,44.4,1.25,2020-08-28_2020-09-11|2021-05-10_2021-05-24|2021-11-06_2021-11-20|2022-05-05_2022-05-19|2024-02-09_2024-02-23|2024-10-06_2024-10-20|2025-02-03_2025-02-17|2022-02-04_2022-02-18|2022-06-04_2022-06-18
0.0,3,CPI m/m|Core CPI m/m|CPI y/y,Neutral|Neutral|Neutral,4,2,2,50.0,50.0,1.0,2020-10-12_2020-10-26|2021-01-10_2021-01-24|2022-03-06_2022-03-20|2022-12-31_2023-01-14
0.0,3,CPI m/m|Core CPI m/m|CPI y/y,Good|Good|Good,7,6,1,85.7,14.3,6.0,2020-11-11_2020-11-25|2022-12-01_2022-12-15|2025-03-05_2025-03-19|2025-05-04_2025-05-18|2025-06-03_2025-06-17|2024-07-08_2024-07-22|2025-04-04_2025-04-18
0.0,3,CPI m/m|Core CPI m/m|CPI y/y,Neutral|Good|Neutral,2,2,0,100.0,0.0,inf,2021-02-24_2021-03-10|2025-01-04_2025-01-18
0.0,3,CPI m/m|Core CPI m/m|CPI y/y,Bad|Neutral|Bad,2,1,1,50.0,50.0,1.0,2021-10-07_2021-10-21|2024-01-10_2024-01-24
0.0,3,CPI m/m|Core CPI m/m|CPI y/y,Neutral|Good|Bad,2,1,1,50.0,50.0,1.0,2022-04-05_2022-04-19|2025-07-03_2025-07-17
0.0,3,CPI m/m|Core CPI m/m|CPI y/y,Neutral|Neutral|Bad,1,1,0,100.0,0.0,inf,2023-02-14_2023-02-28
0.0,3,CPI m/m|Core CPI m/m|CPI y/y,Good|Neutral|Good,2,2,0,100.0,0.0,inf,2023-03-31_2023-04-14|2026-02-13_2026-02-27
0.0,3,CPI m/m|Core CPI m/m|CPI y/y,Good|Neutral|Neutral,1,0,1,0.0,100.0,0.0,2024-05-09_2024-05-23
0.0,3,CPI m/m|Core CPI m/m|CPI y/y,Neutral|Neutral|Good,2,2,0,100.0,0.0,inf,2024-08-07_2024-08-21|2025-08-02_2025-08-16
0.0,3,CPI m/m|Core CPI m/m|CPI y/y,Bad|Neutral|Neutral,1,0,1,0.0,100.0,0.0,2025-09-01_2025-09-15
0.1,3,CPI m/m|Core CPI m/m|CPI y/y,Bad|Bad|Bad,4,4,0,100.0,0.0,inf,2020-08-28_2020-09-11|2021-05-10_2021-05-24|2021-11-06_2021-11-20|2025-02-03_2025-02-17
0.1,3,CPI m/m|Core CPI m/m|CPI y/y,Neutral|Neutral|Neutral,8,6,2,75.0,25.0,3.0,2020-10-12_2020-10-26|2021-01-10_2021-01-24|2021-02-24_2021-03-10|2022-03-06_2022-03-20|2022-12-31_2023-01-14|2023-03-31_2023-04-14|2025-01-04_2025-01-18|2025-08-02_2025-08-16
0.1,3,CPI m/m|Core CPI m/m|CPI y/y,Neutral|Good|Good,2,2,0,100.0,0.0,inf,2020-11-11_2020-11-25|2025-06-03_2025-06-17
0.1,3,CPI m/m|Core CPI m/m|CPI y/y,Bad|Neutral|Bad,3,1,2,33.3,66.7,0.5,2021-10-07_2021-10-21|2022-02-04_2022-02-18|2022-06-04_2022-06-18
0.1,3,CPI m/m|Core CPI m/m|CPI y/y,Neutral|Good|Neutral,1,0,1,0.0,100.0,0.0,2022-04-05_2022-04-19
0.1,3,CPI m/m|Core CPI m/m|CPI y/y,Neutral|Bad|Bad,2,0,2,0.0,100.0,0.0,2022-05-05_2022-05-19|2024-02-09_2024-02-23
0.1,3,CPI m/m|Core CPI m/m|CPI y/y,Good|Neutral|Good,2,1,1,50.0,50.0,1.0,2022-12-01_2022-12-15|2024-07-08_2024-07-22
0.1,3,CPI m/m|Core CPI m/m|CPI y/y,Neutral|Neutral|Bad,4,3,1,75.0,25.0,3.0,2023-02-14_2023-02-28|2024-01-10_2024-01-24|2024-10-06_2024-10-20|2025-07-03_2025-07-17
0.1,3,CPI m/m|Core CPI m/m|CPI y/y,Good|Neutral|Neutral,1,0,1,0.0,100.0,0.0,2024-05-09_2024-05-23
0.1,3,CPI m/m|Core CPI m/m|CPI y/y,Neutral|Neutral|Good,4,4,0,100.0,0.0,inf,2024-08-07_2024-08-21|2025-03-05_2025-03-19|2025-05-04_2025-05-18|2026-02-13_2026-02-27
0.1,3,CPI m/m|Core CPI m/m|CPI y/y,Bad|Neutral|Neutral,1,0,1,0.0,100.0,0.0,2025-09-01_2025-09-15
0.1,3,CPI m/m|Core CPI m/m|CPI y/y,Good|Good|Good,1,1,0,100.0,0.0,inf,2025-04-04_2025-04-18
0.2,3,CPI m/m|Core CPI m/m|CPI y/y,Neutral|Neutral|Neutral,25,18,7,72.0,28.0,2.57,2020-08-28_2020-09-11|2020-10-12_2020-10-26|2020-11-11_2020-11-25|2021-01-10_2021-01-24|2021-02-24_2021-03-10|2021-10-07_2021-10-21|2022-03-06_2022-03-20|2022-04-05_2022-04-19|2022-12-31_2023-01-14|2023-03-31_2023-04-14|2024-01-10_2024-01-24|2024-05-09_2024-05-23|2024-08-07_2024-08-21|2024-10-06_2024-10-20|2025-01-04_2025-01-18|2025-02-03_2025-02-17|2025-03-05_2025-03-19|2025-05-04_2025-05-18|2025-06-03_2025-06-17|2025-07-03_2025-07-17|2025-08-02_2025-08-16|2025-09-01_2025-09-15|2026-02-13_2026-02-27|2024-07-08_2024-07-22|2025-04-04_2025-04-18
0.2,3,CPI m/m|Core CPI m/m|CPI y/y,Bad|Bad|Bad,1,1,0,100.0,0.0,inf,2021-05-10_2021-05-24
0.2,3,CPI m/m|Core CPI m/m|CPI y/y,Bad|Neutral|Bad,2,2,0,100.0,0.0,inf,2021-11-06_2021-11-20|2022-06-04_2022-06-18
0.2,3,CPI m/m|Core CPI m/m|CPI y/y,Neutral|Neutral|Bad,4,1,3,25.0,75.0,0.33,2022-05-05_2022-05-19|2023-02-14_2023-02-28|2024-02-09_2024-02-23|2022-02-04_2022-02-18
0.2,3,CPI m/m|Core CPI m/m|CPI y/y,Neutral|Neutral|Good,1,0,1,0.0,100.0,0.0,2022-12-01_2022-12-15
0.3,3,CPI m/m|Core CPI m/m|CPI y/y,Neutral|Neutral|Neutral,30,19,11,63.3,36.7,1.73,2020-08-28_2020-09-11|2020-10-12_2020-10-26|2020-11-11_2020-11-25|2021-01-10_2021-01-24|2021-02-24_2021-03-10|2021-10-07_2021-10-21|2022-03-06_2022-03-20|2022-04-05_2022-04-19|2022-05-05_2022-05-19|2022-12-01_2022-12-15|2022-12-31_2023-01-14|2023-02-14_2023-02-28|2023-03-31_2023-04-14|2024-01-10_2024-01-24|2024-02-09_2024-02-23|2024-05-09_2024-05-23|2024-08-07_2024-08-21|2024-10-06_2024-10-20|2025-01-04_2025-01-18|2025-02-03_2025-02-17|2025-03-05_2025-03-19|2025-05-04_2025-05-18|2025-06-03_2025-06-17|2025-07-03_2025-07-17|2025-08-02_2025-08-16|2025-09-01_2025-09-15|2026-02-13_2026-02-27|2022-02-04_2022-02-18|2024-07-08_2024-07-22|2025-04-04_2025-04-18
0.3,3,CPI m/m|Core CPI m/m|CPI y/y,Bad|Bad|Bad,1,1,0,100.0,0.0,inf,2021-05-10_2021-05-24
0.3,3,CPI m/m|Core CPI m/m|CPI y/y,Bad|Neutral|Neutral,2,2,0,100.0,0.0,inf,2021-11-06_2021-11-20|2022-06-04_2022-06-18
0.0,3,CPI m/m|PPI m/m|Core PPI m/m,Bad|Bad|Bad,4,2,2,50.0,50.0,1.0,2020-08-28_2020-09-11|2021-05-10_2021-05-24|2024-02-09_2024-02-23|2022-02-04_2022-02-18
0.0,3,CPI m/m|PPI m/m|Core PPI m/m,Neutral|Bad|Bad,4,3,1,75.0,25.0,3.0,2020-10-12_2020-10-26|2022-04-05_2022-04-19|2023-02-14_2023-02-28|2025-08-02_2025-08-16
0.0,3,CPI m/m|PPI m/m|Core PPI m/m,Good|Bad|Good,1,1,0,100.0,0.0,inf,2020-11-11_2020-11-25
0.0,3,CPI m/m|PPI m/m|Core PPI m/m,Neutral|Good|Neutral,1,1,0,100.0,0.0,inf,2021-01-10_2021-01-24
0.0,3,CPI m/m|PPI m/m|Core PPI m/m,Bad|Good|Good,3,1,2,33.3,66.7,0.5,2021-10-07_2021-10-21|2024-01-10_2024-01-24|2025-09-01_2025-09-15
0.0,3,CPI m/m|PPI m/m|Core PPI m/m,Bad|Neutral|Good,3,2,1,66.7,33.3,2.0,2021-11-06_2021-11-20|2022-05-05_2022-05-19|2022-06-04_2022-06-18
0.0,3,CPI m/m|PPI m/m|Core PPI m/m,Neutral|Good|Good,4,3,1,75.0,25.0,3.0,2022-03-06_2022-03-20|2024-08-07_2024-08-21|2025-01-04_2025-01-18|2025-07-03_2025-07-17
0.0,3,CPI m/m|PPI m/m|Core PPI m/m,Good|Bad|Bad,4,2,2,50.0,50.0,1.0,2022-12-01_2022-12-15|2024-05-09_2024-05-23|2026-02-13_2026-02-27|2024-07-08_2024-07-22
0.0,3,CPI m/m|PPI m/m|Core PPI m/m,Good|Good|Good,5,5,0,100.0,0.0,inf,2023-03-31_2023-04-14|2025-03-05_2025-03-19|2025-05-04_2025-05-18|2025-06-03_2025-06-17|2025-04-04_2025-04-18
0.0,3,CPI m/m|PPI m/m|Core PPI m/m,Bad|Good|Neutral,1,0,1,0.0,100.0,0.0,2024-10-06_2024-10-20
0.0,3,CPI m/m|PPI m/m|Core PPI m/m,Bad|Bad|Neutral,1,1,0,100.0,0.0,inf,2025-02-03_2025-02-17
0.1,3,CPI m/m|PPI m/m|Core PPI m/m,Bad|Neutral|Bad,1,1,0,100.0,0.0,inf,2020-08-28_2020-09-11
0.1,3,CPI m/m|PPI m/m|Core PPI m/m,Neutral|Bad|Bad,6,4,2,66.7,33.3,2.0,2020-10-12_2020-10-26|2022-04-05_2022-04-19|2023-02-14_2023-02-28|2024-02-09_2024-02-23|2025-08-02_2025-08-16|2026-02-13_2026-02-27
0.1,3,CPI m/m|PPI m/m|Core PPI m/m,Neutral|Neutral|Neutral,2,1,1,50.0,50.0,1.0,2020-11-11_2020-11-25|2024-10-06_2024-10-20
0.1,3,CPI m/m|PPI m/m|Core PPI m/m,Neutral|Good|Neutral,1,1,0,100.0,0.0,inf,2021-01-10_2021-01-24
0.1,3,CPI m/m|PPI m/m|Core PPI m/m,Bad|Bad|Bad,2,1,1,50.0,50.0,1.0,2021-05-10_2021-05-24|2022-02-04_2022-02-18
0.1,3,CPI m/m|PPI m/m|Core PPI m/m,Bad|Neutral|Good,1,0,1,0.0,100.0,0.0,2021-10-07_2021-10-21
0.1,3,CPI m/m|PPI m/m|Core PPI m/m,Bad|Neutral|Neutral,2,2,0,100.0,0.0,inf,2021-11-06_2021-11-20|2022-06-04_2022-06-18
0.1,3,CPI m/m|PPI m/m|Core PPI m/m,Neutral|Good|Good,7,6,1,85.7,14.3,6.0,2022-03-06_2022-03-20|2023-03-31_2023-04-14|2024-01-10_2024-01-24|2025-01-04_2025-01-18|2025-03-05_2025-03-19|2025-05-04_2025-05-18|2025-07-03_2025-07-17
0.1,3,CPI m/m|PPI m/m|Core PPI m/m,Neutral|Neutral|Good,3,2,1,66.7,33.3,2.0,2022-05-05_2022-05-19|2024-08-07_2024-08-21|2025-06-03_2025-06-17
0.1,3,CPI m/m|PPI m/m|Core PPI m/m,Good|Neutral|Bad,2,1,1,50.0,50.0,1.0,2022-12-01_2022-12-15|2024-07-08_2024-07-22
0.1,3,CPI m/m|PPI m/m|Core PPI m/m,Good|Bad|Bad,1,0,1,0.0,100.0,0.0,2024-05-09_2024-05-23
0.1,3,CPI m/m|PPI m/m|Core PPI m/m,Bad|Bad|Neutral,1,1,0,100.0,0.0,inf,2025-02-03_2025-02-17
0.1,3,CPI m/m|PPI m/m|Core PPI m/m,Bad|Good|Good,1,0,1,0.0,100.0,0.0,2025-09-01_2025-09-15
0.1,3,CPI m/m|PPI m/m|Core PPI m/m,Good|Good|Good,1,1,0,100.0,0.0,inf,2025-04-04_2025-04-18
0.2,3,CPI m/m|PPI m/m|Core PPI m/m,Neutral|Neutral|Neutral,14,11,3,78.6,21.4,3.67,2020-08-28_2020-09-11|2020-10-12_2020-10-26|2020-11-11_2020-11-25|2021-01-10_2021-01-24|2022-05-05_2022-05-19|2022-12-01_2022-12-15|2024-01-10_2024-01-24|2024-08-07_2024-08-21|2024-10-06_2024-10-20|2025-01-04_2025-01-18|2025-02-03_2025-02-17|2025-06-03_2025-06-17|2025-07-03_2025-07-17|2024-07-08_2024-07-22
0.2,3,CPI m/m|PPI m/m|Core PPI m/m,Bad|Bad|Bad,1,1,0,100.0,0.0,inf,2021-05-10_2021-05-24
0.2,3,CPI m/m|PPI m/m|Core PPI m/m,Neutral|Neutral|Good,2,0,2,0.0,100.0,0.0,2021-10-07_2021-10-21|2022-03-06_2022-03-20
0.2,3,CPI m/m|PPI m/m|Core PPI m/m,Bad|Neutral|Neutral,2,2,0,100.0,0.0,inf,2021-11-06_2021-11-20|2022-06-04_2022-06-18
0.2,3,CPI m/m|PPI m/m|Core PPI m/m,Neutral|Bad|Bad,3,1,2,33.3,66.7,0.5,2022-04-05_2022-04-19|2025-08-02_2025-08-16|2022-02-04_2022-02-18
0.2,3,CPI m/m|PPI m/m|Core PPI m/m,Neutral|Bad|Neutral,1,1,0,100.0,0.0,inf,2023-02-14_2023-02-28
0.2,3,CPI m/m|PPI m/m|Core PPI m/m,Neutral|Good|Good,5,4,1,80.0,20.0,4.0,2023-03-31_2023-04-14|2025-03-05_2025-03-19|2025-05-04_2025-05-18|2025-09-01_2025-09-15|2025-04-04_2025-04-18
0.2,3,CPI m/m|PPI m/m|Core PPI m/m,Neutral|Neutral|Bad,3,1,2,33.3,66.7,0.5,2024-02-09_2024-02-23|2024-05-09_2024-05-23|2026-02-13_2026-02-27
0.3,3,CPI m/m|PPI m/m|Core PPI m/m,Neutral|Neutral|Neutral,17,12,5,70.6,29.4,2.4,2020-08-28_2020-09-11|2020-10-12_2020-10-26|2020-11-11_2020-11-25|2021-01-10_2021-01-24|2021-10-07_2021-10-21|2022-05-05_2022-05-19|2022-12-01_2022-12-15|2023-02-14_2023-02-28|2024-01-10_2024-01-24|2024-05-09_2024-05-23|2024-08-07_2024-08-21|2024-10-06_2024-10-20|2025-01-04_2025-01-18|2025-02-03_2025-02-17|2025-06-03_2025-06-17|2025-07-03_2025-07-17|2024-07-08_2024-07-22
0.3,3,CPI m/m|PPI m/m|Core PPI m/m,Bad|Neutral|Neutral,3,3,0,100.0,0.0,inf,2021-05-10_2021-05-24|2021-11-06_2021-11-20|2022-06-04_2022-06-18
0.3,3,CPI m/m|PPI m/m|Core PPI m/m,Neutral|Neutral|Good,2,1,1,50.0,50.0,1.0,2022-03-06_2022-03-20|2025-03-05_2025-03-19
0.3,3,CPI m/m|PPI m/m|Core PPI m/m,Neutral|Neutral|Bad,3,1,2,33.3,66.7,0.5,2022-04-05_2022-04-19|2024-02-09_2024-02-23|2026-02-13_2026-02-27
0.3,3,CPI m/m|PPI m/m|Core PPI m/m,Neutral|Good|Good,4,3,1,75.0,25.0,3.0,2023-03-31_2023-04-14|2025-05-04_2025-05-18|2025-09-01_2025-09-15|2025-04-04_2025-04-18
0.3,3,CPI m/m|PPI m/m|Core PPI m/m,Neutral|Bad|Bad,2,1,1,50.0,50.0,1.0,2025-08-02_2025-08-16|2022-02-04_2022-02-18
0.0,3,CPI m/m|PPI m/m|CPI y/y,Bad|Bad|Bad,5,3,2,60.0,40.0,1.5,2020-08-28_2020-09-11|2021-05-10_2021-05-24|2024-02-09_2024-02-23|2025-02-03_2025-02-17|2022-02-04_2022-02-18
0.0,3,CPI m/m|PPI m/m|CPI y/y,Neutral|Bad|Neutral,1,1,0,100.0,0.0,inf,2020-10-12_2020-10-26
0.0,3,CPI m/m|PPI m/m|CPI y/y,Good|Bad|Good,4,3,1,75.0,25.0,3.0,2020-11-11_2020-11-25|2022-12-01_2022-12-15|2026-02-13_2026-02-27|2024-07-08_2024-07-22
0.0,3,CPI m/m|PPI m/m|CPI y/y,Neutral|Good|Neutral,3,2,1,66.7,33.3,2.0,2021-01-10_2021-01-24|2022-03-06_2022-03-20|2025-01-04_2025-01-18
0.0,3,CPI m/m|PPI m/m|CPI y/y,Bad|Good|Bad,3,1,2,33.3,66.7,0.5,2021-10-07_2021-10-21|2024-01-10_2024-01-24|2024-10-06_2024-10-20
0.0,3,CPI m/m|PPI m/m|CPI y/y,Bad|Neutral|Bad,3,2,1,66.7,33.3,2.0,2021-11-06_2021-11-20|2022-05-05_2022-05-19|2022-06-04_2022-06-18
0.0,3,CPI m/m|PPI m/m|CPI y/y,Neutral|Bad|Bad,2,1,1,50.0,50.0,1.0,2022-04-05_2022-04-19|2023-02-14_2023-02-28
0.0,3,CPI m/m|PPI m/m|CPI y/y,Good|Good|Good,5,5,0,100.0,0.0,inf,2023-03-31_2023-04-14|2025-03-05_2025-03-19|2025-05-04_2025-05-18|2025-06-03_2025-06-17|2025-04-04_2025-04-18
0.0,3,CPI m/m|PPI m/m|CPI y/y,Good|Bad|Neutral,1,0,1,0.0,100.0,0.0,2024-05-09_2024-05-23
0.0,3,CPI m/m|PPI m/m|CPI y/y,Neutral|Good|Good,1,1,0,100.0,0.0,inf,2024-08-07_2024-08-21
0.0,3,CPI m/m|PPI m/m|CPI y/y,Neutral|Good|Bad,1,1,0,100.0,0.0,inf,2025-07-03_2025-07-17
0.0,3,CPI m/m|PPI m/m|CPI y/y,Neutral|Bad|Good,1,1,0,100.0,0.0,inf,2025-08-02_2025-08-16
0.0,3,CPI m/m|PPI m/m|CPI y/y,Bad|Good|Neutral,1,0,1,0.0,100.0,0.0,2025-09-01_2025-09-15
0.1,3,CPI m/m|PPI m/m|CPI y/y,Bad|Neutral|Bad,4,3,1,75.0,25.0,3.0,2020-08-28_2020-09-11|2021-10-07_2021-10-21|2021-11-06_2021-11-20|2022-06-04_2022-06-18
0.1,3,CPI m/m|PPI m/m|CPI y/y,Neutral|Bad|Neutral,3,2,1,66.7,33.3,2.0,2020-10-12_2020-10-26|2022-04-05_2022-04-19|2025-08-02_2025-08-16
0.1,3,CPI m/m|PPI m/m|CPI y/y,Neutral|Neutral|Good,3,3,0,100.0,0.0,inf,2020-11-11_2020-11-25|2024-08-07_2024-08-21|2025-06-03_2025-06-17
0.1,3,CPI m/m|PPI m/m|CPI y/y,Neutral|Good|Neutral,4,3,1,75.0,25.0,3.0,2021-01-10_2021-01-24|2022-03-06_2022-03-20|2023-03-31_2023-04-14|2025-01-04_2025-01-18
0.1,3,CPI m/m|PPI m/m|CPI y/y,Bad|Bad|Bad,3,2,1,66.7,33.3,2.0,2021-05-10_2021-05-24|2025-02-03_2025-02-17|2022-02-04_2022-02-18
0.1,3,CPI m/m|PPI m/m|CPI y/y,Neutral|Neutral|Bad,2,0,2,0.0,100.0,0.0,2022-05-05_2022-05-19|2024-10-06_2024-10-20
0.1,3,CPI m/m|PPI m/m|CPI y/y,Good|Neutral|Good,2,1,1,50.0,50.0,1.0,2022-12-01_2022-12-15|2024-07-08_2024-07-22
0.1,3,CPI m/m|PPI m/m|CPI y/y,Neutral|Bad|Bad,2,1,1,50.0,50.0,1.0,2023-02-14_2023-02-28|2024-02-09_2024-02-23
0.1,3,CPI m/m|PPI m/m|CPI y/y,Neutral|Good|Bad,2,2,0,100.0,0.0,inf,2024-01-10_2024-01-24|2025-07-03_2025-07-17
0.1,3,CPI m/m|PPI m/m|CPI y/y,Good|Bad|Neutral,1,0,1,0.0,100.0,0.0,2024-05-09_2024-05-23
0.1,3,CPI m/m|PPI m/m|CPI y/y,Neutral|Good|Good,2,2,0,100.0,0.0,inf,2025-03-05_2025-03-19|2025-05-04_2025-05-18
0.1,3,CPI m/m|PPI m/m|CPI y/y,Bad|Good|Neutral,1,0,1,0.0,100.0,0.0,2025-09-01_2025-09-15
0.1,3,CPI m/m|PPI m/m|CPI y/y,Neutral|Bad|Good,1,1,0,100.0,0.0,inf,2026-02-13_2026-02-27
0.1,3,CPI m/m|PPI m/m|CPI y/y,Good|Good|Good,1,1,0,100.0,0.0,inf,2025-04-04_2025-04-18
0.2,3,CPI m/m|PPI m/m|CPI y/y,Neutral|Neutral|Neutral,16,12,4,75.0,25.0,3.0,2020-08-28_2020-09-11|2020-10-12_2020-10-26|2020-11-11_2020-11-25|2021-01-10_2021-01-24|2021-10-07_2021-10-21|2022-03-06_2022-03-20|2024-01-10_2024-01-24|2024-05-09_2024-05-23|2024-08-07_2024-08-21|2024-10-06_2024-10-20|2025-01-04_2025-01-18|2025-02-03_2025-02-17|2025-06-03_2025-06-17|2025-07-03_2025-07-17|2026-02-13_2026-02-27|2024-07-08_2024-07-22
0.2,3,CPI m/m|PPI m/m|CPI y/y,Bad|Bad|Bad,1,1,0,100.0,0.0,inf,2021-05-10_2021-05-24
0.2,3,CPI m/m|PPI m/m|CPI y/y,Bad|Neutral|Bad,2,2,0,100.0,0.0,inf,2021-11-06_2021-11-20|2022-06-04_2022-06-18
0.2,3,CPI m/m|PPI m/m|CPI y/y,Neutral|Bad|Neutral,2,1,1,50.0,50.0,1.0,2022-04-05_2022-04-19|2025-08-02_2025-08-16
0.2,3,CPI m/m|PPI m/m|CPI y/y,Neutral|Neutral|Bad,2,0,2,0.0,100.0,0.0,2022-05-05_2022-05-19|2024-02-09_2024-02-23
0.2,3,CPI m/m|PPI m/m|CPI y/y,Neutral|Neutral|Good,1,0,1,0.0,100.0,0.0,2022-12-01_2022-12-15
0.2,3,CPI m/m|PPI m/m|CPI y/y,Neutral|Bad|Bad,2,1,1,50.0,50.0,1.0,2023-02-14_2023-02-28|2022-02-04_2022-02-18
0.2,3,CPI m/m|PPI m/m|CPI y/y,Neutral|Good|Neutral,5,4,1,80.0,20.0,4.0,2023-03-31_2023-04-14|2025-03-05_2025-03-19|2025-05-04_2025-05-18|2025-09-01_2025-09-15|2025-04-04_2025-04-18
0.3,3,CPI m/m|PPI m/m|CPI y/y,Neutral|Neutral|Neutral,22,14,8,63.6,36.4,1.75,2020-08-28_2020-09-11|2020-10-12_2020-10-26|2020-11-11_2020-11-25|2021-01-10_2021-01-24|2021-10-07_2021-10-21|2022-03-06_2022-03-20|2022-04-05_2022-04-19|2022-05-05_2022-05-19|2022-12-01_2022-12-15|2023-02-14_2023-02-28|2024-01-10_2024-01-24|2024-02-09_2024-02-23|2024-05-09_2024-05-23|2024-08-07_2024-08-21|2024-10-06_2024-10-20|2025-01-04_2025-01-18|2025-02-03_2025-02-17|2025-03-05_2025-03-19|2025-06-03_2025-06-17|2025-07-03_2025-07-17|2026-02-13_2026-02-27|2024-07-08_2024-07-22
0.3,3,CPI m/m|PPI m/m|CPI y/y,Bad|Neutral|Bad,1,1,0,100.0,0.0,inf,2021-05-10_2021-05-24
0.3,3,CPI m/m|PPI m/m|CPI y/y,Bad|Neutral|Neutral,2,2,0,100.0,0.0,inf,2021-11-06_2021-11-20|2022-06-04_2022-06-18
0.3,3,CPI m/m|PPI m/m|CPI y/y,Neutral|Good|Neutral,4,3,1,75.0,25.0,3.0,2023-03-31_2023-04-14|2025-05-04_2025-05-18|2025-09-01_2025-09-15|2025-04-04_2025-04-18
0.3,3,CPI m/m|PPI m/m|CPI y/y,Neutral|Bad|Neutral,2,1,1,50.0,50.0,1.0,2025-08-02_2025-08-16|2022-02-04_2022-02-18
0.0,3,CPI m/m|Core PPI m/m|CPI y/y,Bad|Bad|Bad,4,2,2,50.0,50.0,1.0,2020-08-28_2020-09-11|2021-05-10_2021-05-24|2024-02-09_2024-02-23|2022-02-04_2022-02-18
0.0,3,CPI m/m|Core PPI m/m|CPI y/y,Neutral|Bad|Neutral,1,1,0,100.0,0.0,inf,2020-10-12_2020-10-26
0.0,3,CPI m/m|Core PPI m/m|CPI y/y,Good|Good|Good,6,6,0,100.0,0.0,inf,2020-11-11_2020-11-25|2023-03-31_2023-04-14|2025-03-05_2025-03-19|2025-05-04_2025-05-18|2025-06-03_2025-06-17|2025-04-04_2025-04-18
0.0,3,CPI m/m|Core PPI m/m|CPI y/y,Neutral|Neutral|Neutral,1,1,0,100.0,0.0,inf,2021-01-10_2021-01-24
0.0,3,CPI m/m|Core PPI m/m|CPI y/y,Bad|Good|Bad,5,3,2,60.0,40.0,1.5,2021-10-07_2021-10-21|2021-11-06_2021-11-20|2022-05-05_2022-05-19|2024-01-10_2024-01-24|2022-06-04_2022-06-18
0.0,3,CPI m/m|Core PPI m/m|CPI y/y,Neutral|Good|Neutral,2,1,1,50.0,50.0,1.0,2022-03-06_2022-03-20|2025-01-04_2025-01-18
0.0,3,CPI m/m|Core PPI m/m|CPI y/y,Neutral|Bad|Bad,2,1,1,50.0,50.0,1.0,2022-04-05_2022-04-19|2023-02-14_2023-02-28
0.0,3,CPI m/m|Core PPI m/m|CPI y/y,Good|Bad|Good,3,2,1,66.7,33.3,2.0,2022-12-01_2022-12-15|2026-02-13_2026-02-27|2024-07-08_2024-07-22
0.0,3,CPI m/m|Core PPI m/m|CPI y/y,Good|Bad|Neutral,1,0,1,0.0,100.0,0.0,2024-05-09_2024-05-23
0.0,3,CPI m/m|Core PPI m/m|CPI y/y,Neutral|Good|Good,1,1,0,100.0,0.0,inf,2024-08-07_2024-08-21
0.0,3,CPI m/m|Core PPI m/m|CPI y/y,Bad|Neutral|Bad,2,1,1,50.0,50.0,1.0,2024-10-06_2024-10-20|2025-02-03_2025-02-17
0.0,3,CPI m/m|Core PPI m/m|CPI y/y,Neutral|Good|Bad,1,1,0,100.0,0.0,inf,2025-07-03_2025-07-17
0.0,3,CPI m/m|Core PPI m/m|CPI y/y,Neutral|Bad|Good,1,1,0,100.0,0.0,inf,2025-08-02_2025-08-16
0.0,3,CPI m/m|Core PPI m/m|CPI y/y,Bad|Good|Neutral,1,0,1,0.0,100.0,0.0,2025-09-01_2025-09-15
0.1,3,CPI m/m|Core PPI m/m|CPI y/y,Bad|Bad|Bad,3,2,1,66.7,33.3,2.0,2020-08-28_2020-09-11|2021-05-10_2021-05-24|2022-02-04_2022-02-18
0.1,3,CPI m/m|Core PPI m/m|CPI y/y,Neutral|Bad|Neutral,3,2,1,66.7,33.3,2.0,2020-10-12_2020-10-26|2022-04-05_2022-04-19|2025-08-02_2025-08-16
0.1,3,CPI m/m|Core PPI m/m|CPI y/y,Neutral|Neutral|Good,1,1,0,100.0,0.0,inf,2020-11-11_2020-11-25
0.1,3,CPI m/m|Core PPI m/m|CPI y/y,Neutral|Neutral|Neutral,1,1,0,100.0,0.0,inf,2021-01-10_2021-01-24
0.1,3,CPI m/m|Core PPI m/m|CPI y/y,Bad|Good|Bad,1,0,1,0.0,100.0,0.0,2021-10-07_2021-10-21
0.1,3,CPI m/m|Core PPI m/m|CPI y/y,Bad|Neutral|Bad,3,3,0,100.0,0.0,inf,2021-11-06_2021-11-20|2025-02-03_2025-02-17|2022-06-04_2022-06-18
0.1,3,CPI m/m|Core PPI m/m|CPI y/y,Neutral|Good|Neutral,3,2,1,66.7,33.3,2.0,2022-03-06_2022-03-20|2023-03-31_2023-04-14|2025-01-04_2025-01-18
0.1,3,CPI m/m|Core PPI m/m|CPI y/y,Neutral|Good|Bad,3,2,1,66.7,33.3,2.0,2022-05-05_2022-05-19|2024-01-10_2024-01-24|2025-07-03_2025-07-17
0.1,3,CPI m/m|Core PPI m/m|CPI y/y,Good|Bad|Good,2,1,1,50.0,50.0,1.0,2022-12-01_2022-12-15|2024-07-08_2024-07-22
0.1,3,CPI m/m|Core PPI m/m|CPI y/y,Neutral|Bad|Bad,2,1,1,50.0,50.0,1.0,2023-02-14_2023-02-28|2024-02-09_2024-02-23
0.1,3,CPI m/m|Core PPI m/m|CPI y/y,Good|Bad|Neutral,1,0,1,0.0,100.0,0.0,2024-05-09_2024-05-23
0.1,3,CPI m/m|Core PPI m/m|CPI y/y,Neutral|Good|Good,4,4,0,100.0,0.0,inf,2024-08-07_2024-08-21|2025-03-05_2025-03-19|2025-05-04_2025-05-18|2025-06-03_2025-06-17
0.1,3,CPI m/m|Core PPI m/m|CPI y/y,Neutral|Neutral|Bad,1,0,1,0.0,100.0,0.0,2024-10-06_2024-10-20
0.1,3,CPI m/m|Core PPI m/m|CPI y/y,Bad|Good|Neutral,1,0,1,0.0,100.0,0.0,2025-09-01_2025-09-15
0.1,3,CPI m/m|Core PPI m/m|CPI y/y,Neutral|Bad|Good,1,1,0,100.0,0.0,inf,2026-02-13_2026-02-27
0.1,3,CPI m/m|Core PPI m/m|CPI y/y,Good|Good|Good,1,1,0,100.0,0.0,inf,2025-04-04_2025-04-18
0.2,3,CPI m/m|Core PPI m/m|CPI y/y,Neutral|Neutral|Neutral,12,11,1,91.7,8.3,11.0,2020-08-28_2020-09-11|2020-10-12_2020-10-26|2020-11-11_2020-11-25|2021-01-10_2021-01-24|2024-01-10_2024-01-24|2024-08-07_2024-08-21|2024-10-06_2024-10-20|2025-01-04_2025-01-18|2025-02-03_2025-02-17|2025-06-03_2025-06-17|2025-07-03_2025-07-17|2024-07-08_2024-07-22
0.2,3,CPI m/m|Core PPI m/m|CPI y/y,Bad|Bad|Bad,1,1,0,100.0,0.0,inf,2021-05-10_2021-05-24
0.2,3,CPI m/m|Core PPI m/m|CPI y/y,Neutral|Good|Neutral,7,4,3,57.1,42.9,1.33,2021-10-07_2021-10-21|2022-03-06_2022-03-20|2023-03-31_2023-04-14|2025-03-05_2025-03-19|2025-05-04_2025-05-18|2025-09-01_2025-09-15|2025-04-04_2025-04-18
0.2,3,CPI m/m|Core PPI m/m|CPI y/y,Bad|Neutral|Bad,2,2,0,100.0,0.0,inf,2021-11-06_2021-11-20|2022-06-04_2022-06-18
0.2,3,CPI m/m|Core PPI m/m|CPI y/y,Neutral|Bad|Neutral,4,2,2,50.0,50.0,1.0,2022-04-05_2022-04-19|2024-05-09_2024-05-23|2025-08-02_2025-08-16|2026-02-13_2026-02-27
0.2,3,CPI m/m|Core PPI m/m|CPI y/y,Neutral|Neutral|Bad,2,1,1,50.0,50.0,1.0,2022-05-05_2022-05-19|2023-02-14_2023-02-28
0.2,3,CPI m/m|Core PPI m/m|CPI y/y,Neutral|Neutral|Good,1,0,1,0.0,100.0,0.0,2022-12-01_2022-12-15
0.2,3,CPI m/m|Core PPI m/m|CPI y/y,Neutral|Bad|Bad,2,0,2,0.0,100.0,0.0,2024-02-09_2024-02-23|2022-02-04_2022-02-18
0.3,3,CPI m/m|Core PPI m/m|CPI y/y,Neutral|Neutral|Neutral,17,12,5,70.6,29.4,2.4,2020-08-28_2020-09-11|2020-10-12_2020-10-26|2020-11-11_2020-11-25|2021-01-10_2021-01-24|2021-10-07_2021-10-21|2022-05-05_2022-05-19|2022-12-01_2022-12-15|2023-02-14_2023-02-28|2024-01-10_2024-01-24|2024-05-09_2024-05-23|2024-08-07_2024-08-21|2024-10-06_2024-10-20|2025-01-04_2025-01-18|2025-02-03_2025-02-17|2025-06-03_2025-06-17|2025-07-03_2025-07-17|2024-07-08_2024-07-22
0.3,3,CPI m/m|Core PPI m/m|CPI y/y,Bad|Neutral|Bad,1,1,0,100.0,0.0,inf,2021-05-10_2021-05-24
0.3,3,CPI m/m|Core PPI m/m|CPI y/y,Bad|Neutral|Neutral,2,2,0,100.0,0.0,inf,2021-11-06_2021-11-20|2022-06-04_2022-06-18
0.3,3,CPI m/m|Core PPI m/m|CPI y/y,Neutral|Good|Neutral,6,4,2,66.7,33.3,2.0,2022-03-06_2022-03-20|2023-03-31_2023-04-14|2025-03-05_2025-03-19|2025-05-04_2025-05-18|2025-09-01_2025-09-15|2025-04-04_2025-04-18
0.3,3,CPI m/m|Core PPI m/m|CPI y/y,Neutral|Bad|Neutral,5,2,3,40.0,60.0,0.67,2022-04-05_2022-04-19|2024-02-09_2024-02-23|2025-08-02_2025-08-16|2026-02-13_2026-02-27|2022-02-04_2022-02-18
0.0,3,Core CPI m/m|PPI m/m|Core PPI m/m,Bad|Bad|Bad,4,2,2,50.0,50.0,1.0,2020-08-28_2020-09-11|2021-05-10_2021-05-24|2024-02-09_2024-02-23|2022-02-04_2022-02-18
0.0,3,Core CPI m/m|PPI m/m|Core PPI m/m,Neutral|Bad|Bad,5,4,1,80.0,20.0,4.0,2020-10-12_2020-10-26|2023-02-14_2023-02-28|2024-05-09_2024-05-23|2025-08-02_2025-08-16|2026-02-13_2026-02-27
0.0,3,Core CPI m/m|PPI m/m|Core PPI m/m,Good|Bad|Good,1,1,0,100.0,0.0,inf,2020-11-11_2020-11-25
0.0,3,Core CPI m/m|PPI m/m|Core PPI m/m,Neutral|Good|Neutral,1,1,0,100.0,0.0,inf,2021-01-10_2021-01-24
0.0,3,Core CPI m/m|PPI m/m|Core PPI m/m,Neutral|Good|Good,6,3,3,50.0,50.0,1.0,2021-10-07_2021-10-21|2022-03-06_2022-03-20|2023-03-31_2023-04-14|2024-01-10_2024-01-24|2024-08-07_2024-08-21|2025-09-01_2025-09-15
0.0,3,Core CPI m/m|PPI m/m|Core PPI m/m,Bad|Neutral|Good,3,2,1,66.7,33.3,2.0,2021-11-06_2021-11-20|2022-05-05_2022-05-19|2022-06-04_2022-06-18
0.0,3,Core CPI m/m|PPI m/m|Core PPI m/m,Good|Bad|Bad,3,1,2,33.3,66.7,0.5,2022-04-05_2022-04-19|2022-12-01_2022-12-15|2024-07-08_2024-07-22
0.0,3,Core CPI m/m|PPI m/m|Core PPI m/m,Bad|Good|Neutral,1,0,1,0.0,100.0,0.0,2024-10-06_2024-10-20
0.0,3,Core CPI m/m|PPI m/m|Core PPI m/m,Good|Good|Good,6,6,0,100.0,0.0,inf,2025-01-04_2025-01-18|2025-03-05_2025-03-19|2025-05-04_2025-05-18|2025-06-03_2025-06-17|2025-07-03_2025-07-17|2025-04-04_2025-04-18
0.0,3,Core CPI m/m|PPI m/m|Core PPI m/m,Bad|Bad|Neutral,1,1,0,100.0,0.0,inf,2025-02-03_2025-02-17
0.1,3,Core CPI m/m|PPI m/m|Core PPI m/m,Bad|Neutral|Bad,1,1,0,100.0,0.0,inf,2020-08-28_2020-09-11
0.1,3,Core CPI m/m|PPI m/m|Core PPI m/m,Neutral|Bad|Bad,6,4,2,66.7,33.3,2.0,2020-10-12_2020-10-26|2023-02-14_2023-02-28|2024-05-09_2024-05-23|2025-08-02_2025-08-16|2026-02-13_2026-02-27|2022-02-04_2022-02-18
0.1,3,Core CPI m/m|PPI m/m|Core PPI m/m,Good|Neutral|Neutral,1,1,0,100.0,0.0,inf,2020-11-11_2020-11-25
0.1,3,Core CPI m/m|PPI m/m|Core PPI m/m,Neutral|Good|Neutral,1,1,0,100.0,0.0,inf,2021-01-10_2021-01-24
0.1,3,Core CPI m/m|PPI m/m|Core PPI m/m,Bad|Bad|Bad,2,1,1,50.0,50.0,1.0,2021-05-10_2021-05-24|2024-02-09_2024-02-23
0.1,3,Core CPI m/m|PPI m/m|Core PPI m/m,Neutral|Neutral|Good,2,1,1,50.0,50.0,1.0,2021-10-07_2021-10-21|2024-08-07_2024-08-21
0.1,3,Core CPI m/m|PPI m/m|Core PPI m/m,Bad|Neutral|Neutral,1,1,0,100.0,0.0,inf,2021-11-06_2021-11-20
0.1,3,Core CPI m/m|PPI m/m|Core PPI m/m,Neutral|Good|Good,8,6,2,75.0,25.0,3.0,2022-03-06_2022-03-20|2023-03-31_2023-04-14|2024-01-10_2024-01-24|2025-01-04_2025-01-18|2025-03-05_2025-03-19|2025-05-04_2025-05-18|2025-07-03_2025-07-17|2025-09-01_2025-09-15
0.1,3,Core CPI m/m|PPI m/m|Core PPI m/m,Good|Bad|Bad,1,0,1,0.0,100.0,0.0,2022-04-05_2022-04-19
0.1,3,Core CPI m/m|PPI m/m|Core PPI m/m,Bad|Neutral|Good,1,0,1,0.0,100.0,0.0,2022-05-05_2022-05-19
0.1,3,Core CPI m/m|PPI m/m|Core PPI m/m,Neutral|Neutral|Bad,2,1,1,50.0,50.0,1.0,2022-12-01_2022-12-15|2024-07-08_2024-07-22
0.1,3,Core CPI m/m|PPI m/m|Core PPI m/m,Neutral|Neutral|Neutral,2,1,1,50.0,50.0,1.0,2024-10-06_2024-10-20|2022-06-04_2022-06-18
0.1,3,Core CPI m/m|PPI m/m|Core PPI m/m,Bad|Bad|Neutral,1,1,0,100.0,0.0,inf,2025-02-03_2025-02-17
0.1,3,Core CPI m/m|PPI m/m|Core PPI m/m,Good|Neutral|Good,1,1,0,100.0,0.0,inf,2025-06-03_2025-06-17
0.1,3,Core CPI m/m|PPI m/m|Core PPI m/m,Good|Good|Good,1,1,0,100.0,0.0,inf,2025-04-04_2025-04-18
0.2,3,Core CPI m/m|PPI m/m|Core PPI m/m,Neutral|Neutral|Neutral,16,13,3,81.2,18.8,4.33,2020-08-28_2020-09-11|2020-10-12_2020-10-26|2020-11-11_2020-11-25|2021-01-10_2021-01-24|2021-11-06_2021-11-20|2022-05-05_2022-05-19|2022-12-01_2022-12-15|2024-01-10_2024-01-24|2024-08-07_2024-08-21|2024-10-06_2024-10-20|2025-01-04_2025-01-18|2025-02-03_2025-02-17|2025-06-03_2025-06-17|2025-07-03_2025-07-17|2022-06-04_2022-06-18|2024-07-08_2024-07-22
0.2,3,Core CPI m/m|PPI m/m|Core PPI m/m,Bad|Bad|Bad,1,1,0,100.0,0.0,inf,2021-05-10_2021-05-24
0.2,3,Core CPI m/m|PPI m/m|Core PPI m/m,Neutral|Neutral|Good,2,0,2,0.0,100.0,0.0,2021-10-07_2021-10-21|2022-03-06_2022-03-20
0.2,3,Core CPI m/m|PPI m/m|Core PPI m/m,Neutral|Bad|Bad,3,1,2,33.3,66.7,0.5,2022-04-05_2022-04-19|2025-08-02_2025-08-16|2022-02-04_2022-02-18
0.2,3,Core CPI m/m|PPI m/m|Core PPI m/m,Neutral|Bad|Neutral,1,1,0,100.0,0.0,inf,2023-02-14_2023-02-28
0.2,3,Core CPI m/m|PPI m/m|Core PPI m/m,Neutral|Good|Good,5,4,1,80.0,20.0,4.0,2023-03-31_2023-04-14|2025-03-05_2025-03-19|2025-05-04_2025-05-18|2025-09-01_2025-09-15|2025-04-04_2025-04-18
0.2,3,Core CPI m/m|PPI m/m|Core PPI m/m,Neutral|Neutral|Bad,3,1,2,33.3,66.7,0.5,2024-02-09_2024-02-23|2024-05-09_2024-05-23|2026-02-13_2026-02-27
0.3,3,Core CPI m/m|PPI m/m|Core PPI m/m,Neutral|Neutral|Neutral,19,14,5,73.7,26.3,2.8,2020-08-28_2020-09-11|2020-10-12_2020-10-26|2020-11-11_2020-11-25|2021-01-10_2021-01-24|2021-10-07_2021-10-21|2021-11-06_2021-11-20|2022-05-05_2022-05-19|2022-12-01_2022-12-15|2023-02-14_2023-02-28|2024-01-10_2024-01-24|2024-05-09_2024-05-23|2024-08-07_2024-08-21|2024-10-06_2024-10-20|2025-01-04_2025-01-18|2025-02-03_2025-02-17|2025-06-03_2025-06-17|2025-07-03_2025-07-17|2022-06-04_2022-06-18|2024-07-08_2024-07-22
0.3,3,Core CPI m/m|PPI m/m|Core PPI m/m,Bad|Neutral|Neutral,1,1,0,100.0,0.0,inf,2021-05-10_2021-05-24
0.3,3,Core CPI m/m|PPI m/m|Core PPI m/m,Neutral|Neutral|Good,2,1,1,50.0,50.0,1.0,2022-03-06_2022-03-20|2025-03-05_2025-03-19
0.3,3,Core CPI m/m|PPI m/m|Core PPI m/m,Neutral|Neutral|Bad,3,1,2,33.3,66.7,0.5,2022-04-05_2022-04-19|2024-02-09_2024-02-23|2026-02-13_2026-02-27
0.3,3,Core CPI m/m|PPI m/m|Core PPI m/m,Neutral|Good|Good,4,3,1,75.0,25.0,3.0,2023-03-31_2023-04-14|2025-05-04_2025-05-18|2025-09-01_2025-09-15|2025-04-04_2025-04-18
0.3,3,Core CPI m/m|PPI m/m|Core PPI m/m,Neutral|Bad|Bad,2,1,1,50.0,50.0,1.0,2025-08-02_2025-08-16|2022-02-04_2022-02-18
0.0,3,Core CPI m/m|PPI m/m|CPI y/y,Bad|Bad|Bad,5,3,2,60.0,40.0,1.5,2020-08-28_2020-09-11|2021-05-10_2021-05-24|2024-02-09_2024-02-23|2025-02-03_2025-02-17|2022-02-04_2022-02-18
0.0,3,Core CPI m/m|PPI m/m|CPI y/y,Neutral|Bad|Neutral,2,1,1,50.0,50.0,1.0,2020-10-12_2020-10-26|2024-05-09_2024-05-23
0.0,3,Core CPI m/m|PPI m/m|CPI y/y,Good|Bad|Good,3,2,1,66.7,33.3,2.0,2020-11-11_2020-11-25|2022-12-01_2022-12-15|2024-07-08_2024-07-22
0.0,3,Core CPI m/m|PPI m/m|CPI y/y,Neutral|Good|Neutral,3,1,2,33.3,66.7,0.5,2021-01-10_2021-01-24|2022-03-06_2022-03-20|2025-09-01_2025-09-15
0.0,3,Core CPI m/m|PPI m/m|CPI y/y,Neutral|Good|Bad,2,1,1,50.0,50.0,1.0,2021-10-07_2021-10-21|2024-01-10_2024-01-24
0.0,3,Core CPI m/m|PPI m/m|CPI y/y,Bad|Neutral|Bad,3,2,1,66.7,33.3,2.0,2021-11-06_2021-11-20|2022-05-05_2022-05-19|2022-06-04_2022-06-18
0.0,3,Core CPI m/m|PPI m/m|CPI y/y,Good|Bad|Bad,1,0,1,0.0,100.0,0.0,2022-04-05_2022-04-19
0.0,3,Core CPI m/m|PPI m/m|CPI y/y,Neutral|Bad|Bad,1,1,0,100.0,0.0,inf,2023-02-14_2023-02-28
0.0,3,Core CPI m/m|PPI m/m|CPI y/y,Neutral|Good|Good,2,2,0,100.0,0.0,inf,2023-03-31_2023-04-14|2024-08-07_2024-08-21
0.0,3,Core CPI m/m|PPI m/m|CPI y/y,Bad|Good|Bad,1,0,1,0.0,100.0,0.0,2024-10-06_2024-10-20
0.0,3,Core CPI m/m|PPI m/m|CPI y/y,Good|Good|Neutral,1,1,0,100.0,0.0,inf,2025-01-04_2025-01-18
0.0,3,Core CPI m/m|PPI m/m|CPI y/y,Good|Good|Good,4,4,0,100.0,0.0,inf,2025-03-05_2025-03-19|2025-05-04_2025-05-18|2025-06-03_2025-06-17|2025-04-04_2025-04-18
0.0,3,Core CPI m/m|PPI m/m|CPI y/y,Good|Good|Bad,1,1,0,100.0,0.0,inf,2025-07-03_2025-07-17
0.0,3,Core CPI m/m|PPI m/m|CPI y/y,Neutral|Bad|Good,2,2,0,100.0,0.0,inf,2025-08-02_2025-08-16|2026-02-13_2026-02-27
0.1,3,Core CPI m/m|PPI m/m|CPI y/y,Bad|Neutral|Bad,3,2,1,66.7,33.3,2.0,2020-08-28_2020-09-11|2021-11-06_2021-11-20|2022-05-05_2022-05-19
0.1,3,Core CPI m/m|PPI m/m|CPI y/y,Neutral|Bad|Neutral,3,2,1,66.7,33.3,2.0,2020-10-12_2020-10-26|2024-05-09_2024-05-23|2025-08-02_2025-08-16
0.1,3,Core CPI m/m|PPI m/m|CPI y/y,Good|Neutral|Good,2,2,0,100.0,0.0,inf,2020-11-11_2020-11-25|2025-06-03_2025-06-17
0.1,3,Core CPI m/m|PPI m/m|CPI y/y,Neutral|Good|Neutral,5,3,2,60.0,40.0,1.5,2021-01-10_2021-01-24|2022-03-06_2022-03-20|2023-03-31_2023-04-14|2025-01-04_2025-01-18|2025-09-01_2025-09-15
0.1,3,Core CPI m/m|PPI m/m|CPI y/y,Bad|Bad|Bad,3,2,1,66.7,33.3,2.0,2021-05-10_2021-05-24|2024-02-09_2024-02-23|2025-02-03_2025-02-17
0.1,3,Core CPI m/m|PPI m/m|CPI y/y,Neutral|Neutral|Bad,3,1,2,33.3,66.7,0.5,2021-10-07_2021-10-21|2024-10-06_2024-10-20|2022-06-04_2022-06-18
0.1,3,Core CPI m/m|PPI m/m|CPI y/y,Good|Bad|Neutral,1,0,1,0.0,100.0,0.0,2022-04-05_2022-04-19
0.1,3,Core CPI m/m|PPI m/m|CPI y/y,Neutral|Neutral|Good,3,2,1,66.7,33.3,2.0,2022-12-01_2022-12-15|2024-08-07_2024-08-21|2024-07-08_2024-07-22
0.1,3,Core CPI m/m|PPI m/m|CPI y/y,Neutral|Bad|Bad,2,1,1,50.0,50.0,1.0,2023-02-14_2023-02-28|2022-02-04_2022-02-18
0.1,3,Core CPI m/m|PPI m/m|CPI y/y,Neutral|Good|Bad,2,2,0,100.0,0.0,inf,2024-01-10_2024-01-24|2025-07-03_2025-07-17
0.1,3,Core CPI m/m|PPI m/m|CPI y/y,Neutral|Good|Good,2,2,0,100.0,0.0,inf,2025-03-05_2025-03-19|2025-05-04_2025-05-18
0.1,3,Core CPI m/m|PPI m/m|CPI y/y,Neutral|Bad|Good,1,1,0,100.0,0.0,inf,2026-02-13_2026-02-27
0.1,3,Core CPI m/m|PPI m/m|CPI y/y,Good|Good|Good,1,1,0,100.0,0.0,inf,2025-04-04_2025-04-18
0.2,3,Core CPI m/m|PPI m/m|CPI y/y,Neutral|Neutral|Neutral,16,12,4,75.0,25.0,3.0,2020-08-28_2020-09-11|2020-10-12_2020-10-26|2020-11-11_2020-11-25|2021-01-10_2021-01-24|2021-10-07_2021-10-21|2022-03-06_2022-03-20|2024-01-10_2024-01-24|2024-05-09_2024-05-23|2024-08-07_2024-08-21|2024-10-06_2024-10-20|2025-01-04_2025-01-18|2025-02-03_2025-02-17|2025-06-03_2025-06-17|2025-07-03_2025-07-17|2026-02-13_2026-02-27|2024-07-08_2024-07-22
0.2,3,Core CPI m/m|PPI m/m|CPI y/y,Bad|Bad|Bad,1,1,0,100.0,0.0,inf,2021-05-10_2021-05-24
0.2,3,Core CPI m/m|PPI m/m|CPI y/y,Neutral|Neutral|Bad,4,2,2,50.0,50.0,1.0,2021-11-06_2021-11-20|2022-05-05_2022-05-19|2024-02-09_2024-02-23|2022-06-04_2022-06-18
0.2,3,Core CPI m/m|PPI m/m|CPI y/y,Neutral|Bad|Neutral,2,1,1,50.0,50.0,1.0,2022-04-05_2022-04-19|2025-08-02_2025-08-16
0.2,3,Core CPI m/m|PPI m/m|CPI y/y,Neutral|Neutral|Good,1,0,1,0.0,100.0,0.0,2022-12-01_2022-12-15
0.2,3,Core CPI m/m|PPI m/m|CPI y/y,Neutral|Bad|Bad,2,1,1,50.0,50.0,1.0,2023-02-14_2023-02-28|2022-02-04_2022-02-18
0.2,3,Core CPI m/m|PPI m/m|CPI y/y,Neutral|Good|Neutral,5,4,1,80.0,20.0,4.0,2023-03-31_2023-04-14|2025-03-05_2025-03-19|2025-05-04_2025-05-18|2025-09-01_2025-09-15|2025-04-04_2025-04-18
0.3,3,Core CPI m/m|PPI m/m|CPI y/y,Neutral|Neutral|Neutral,24,16,8,66.7,33.3,2.0,2020-08-28_2020-09-11|2020-10-12_2020-10-26|2020-11-11_2020-11-25|2021-01-10_2021-01-24|2021-10-07_2021-10-21|2021-11-06_2021-11-20|2022-03-06_2022-03-20|2022-04-05_2022-04-19|2022-05-05_2022-05-19|2022-12-01_2022-12-15|2023-02-14_2023-02-28|2024-01-10_2024-01-24|2024-02-09_2024-02-23|2024-05-09_2024-05-23|2024-08-07_2024-08-21|2024-10-06_2024-10-20|2025-01-04_2025-01-18|2025-02-03_2025-02-17|2025-03-05_2025-03-19|2025-06-03_2025-06-17|2025-07-03_2025-07-17|2026-02-13_2026-02-27|2022-06-04_2022-06-18|2024-07-08_2024-07-22
0.3,3,Core CPI m/m|PPI m/m|CPI y/y,Bad|Neutral|Bad,1,1,0,100.0,0.0,inf,2021-05-10_2021-05-24
0.3,3,Core CPI m/m|PPI m/m|CPI y/y,Neutral|Good|Neutral,4,3,1,75.0,25.0,3.0,2023-03-31_2023-04-14|2025-05-04_2025-05-18|2025-09-01_2025-09-15|2025-04-04_2025-04-18
0.3,3,Core CPI m/m|PPI m/m|CPI y/y,Neutral|Bad|Neutral,2,1,1,50.0,50.0,1.0,2025-08-02_2025-08-16|2022-02-04_2022-02-18
0.0,3,Core CPI m/m|Core PPI m/m|CPI y/y,Bad|Bad|Bad,4,2,2,50.0,50.0,1.0,2020-08-28_2020-09-11|2021-05-10_2021-05-24|2024-02-09_2024-02-23|2022-02-04_2022-02-18
0.0,3,Core CPI m/m|Core PPI m/m|CPI y/y,Neutral|Bad|Neutral,2,1,1,50.0,50.0,1.0,2020-10-12_2020-10-26|2024-05-09_2024-05-23
0.0,3,Core CPI m/m|Core PPI m/m|CPI y/y,Good|Good|Good,5,5,0,100.0,0.0,inf,2020-11-11_2020-11-25|2025-03-05_2025-03-19|2025-05-04_2025-05-18|2025-06-03_2025-06-17|2025-04-04_2025-04-18
0.0,3,Core CPI m/m|Core PPI m/m|CPI y/y,Neutral|Neutral|Neutral,1,1,0,100.0,0.0,inf,2021-01-10_2021-01-24
0.0,3,Core CPI m/m|Core PPI m/m|CPI y/y,Neutral|Good|Bad,2,1,1,50.0,50.0,1.0,2021-10-07_2021-10-21|2024-01-10_2024-01-24
0.0,3,Core CPI m/m|Core PPI m/m|CPI y/y,Bad|Good|Bad,3,2,1,66.7,33.3,2.0,2021-11-06_2021-11-20|2022-05-05_2022-05-19|2022-06-04_2022-06-18
0.0,3,Core CPI m/m|Core PPI m/m|CPI y/y,Neutral|Good|Neutral,2,0,2,0.0,100.0,0.0,2022-03-06_2022-03-20|2025-09-01_2025-09-15
0.0,3,Core CPI m/m|Core PPI m/m|CPI y/y,Good|Bad|Bad,1,0,1,0.0,100.0,0.0,2022-04-05_2022-04-19
0.0,3,Core CPI m/m|Core PPI m/m|CPI y/y,Good|Bad|Good,2,1,1,50.0,50.0,1.0,2022-12-01_2022-12-15|2024-07-08_2024-07-22
0.0,3,Core CPI m/m|Core PPI m/m|CPI y/y,Neutral|Bad|Bad,1,1,0,100.0,0.0,inf,2023-02-14_2023-02-28
0.0,3,Core CPI m/m|Core PPI m/m|CPI y/y,Neutral|Good|Good,2,2,0,100.0,0.0,inf,2023-03-31_2023-04-14|2024-08-07_2024-08-21
0.0,3,Core CPI m/m|Core PPI m/m|CPI y/y,Bad|Neutral|Bad,2,1,1,50.0,50.0,1.0,2024-10-06_2024-10-20|2025-02-03_2025-02-17
0.0,3,Core CPI m/m|Core PPI m/m|CPI y/y,Good|Good|Neutral,1,1,0,100.0,0.0,inf,2025-01-04_2025-01-18
0.0,3,Core CPI m/m|Core PPI m/m|CPI y/y,Good|Good|Bad,1,1,0,100.0,0.0,inf,2025-07-03_2025-07-17
0.0,3,Core CPI m/m|Core PPI m/m|CPI y/y,Neutral|Bad|Good,2,2,0,100.0,0.0,inf,2025-08-02_2025-08-16|2026-02-13_2026-02-27
0.1,3,Core CPI m/m|Core PPI m/m|CPI y/y,Bad|Bad|Bad,3,2,1,66.7,33.3,2.0,2020-08-28_2020-09-11|2021-05-10_2021-05-24|2024-02-09_2024-02-23
0.1,3,Core CPI m/m|Core PPI m/m|CPI y/y,Neutral|Bad|Neutral,3,2,1,66.7,33.3,2.0,2020-10-12_2020-10-26|2024-05-09_2024-05-23|2025-08-02_2025-08-16
0.1,3,Core CPI m/m|Core PPI m/m|CPI y/y,Good|Neutral|Good,1,1,0,100.0,0.0,inf,2020-11-11_2020-11-25
0.1,3,Core CPI m/m|Core PPI m/m|CPI y/y,Neutral|Neutral|Neutral,1,1,0,100.0,0.0,inf,2021-01-10_2021-01-24
0.1,3,Core CPI m/m|Core PPI m/m|CPI y/y,Neutral|Good|Bad,3,2,1,66.7,33.3,2.0,2021-10-07_2021-10-21|2024-01-10_2024-01-24|2025-07-03_2025-07-17
0.1,3,Core CPI m/m|Core PPI m/m|CPI y/y,Bad|Neutral|Bad,2,2,0,100.0,0.0,inf,2021-11-06_2021-11-20|2025-02-03_2025-02-17
0.1,3,Core CPI m/m|Core PPI m/m|CPI y/y,Neutral|Good|Neutral,4,2,2,50.0,50.0,1.0,2022-03-06_2022-03-20|2023-03-31_2023-04-14|2025-01-04_2025-01-18|2025-09-01_2025-09-15
0.1,3,Core CPI m/m|Core PPI m/m|CPI y/y,Good|Bad|Neutral,1,0,1,0.0,100.0,0.0,2022-04-05_2022-04-19
0.1,3,Core CPI m/m|Core PPI m/m|CPI y/y,Bad|Good|Bad,1,0,1,0.0,100.0,0.0,2022-05-05_2022-05-19
0.1,3,Core CPI m/m|Core PPI m/m|CPI y/y,Neutral|Bad|Good,3,2,1,66.7,33.3,2.0,2022-12-01_2022-12-15|2026-02-13_2026-02-27|2024-07-08_2024-07-22
0.1,3,Core CPI m/m|Core PPI m/m|CPI y/y,Neutral|Bad|Bad,2,1,1,50.0,50.0,1.0,2023-02-14_2023-02-28|2022-02-04_2022-02-18
0.1,3,Core CPI m/m|Core PPI m/m|CPI y/y,Neutral|Good|Good,3,3,0,100.0,0.0,inf,2024-08-07_2024-08-21|2025-03-05_2025-03-19|2025-05-04_2025-05-18
0.1,3,Core CPI m/m|Core PPI m/m|CPI y/y,Neutral|Neutral|Bad,2,1,1,50.0,50.0,1.0,2024-10-06_2024-10-20|2022-06-04_2022-06-18
0.1,3,Core CPI m/m|Core PPI m/m|CPI y/y,Good|Good|Good,2,2,0,100.0,0.0,inf,2025-06-03_2025-06-17|2025-04-04_2025-04-18
0.2,3,Core CPI m/m|Core PPI m/m|CPI y/y,Neutral|Neutral|Neutral,12,11,1,91.7,8.3,11.0,2020-08-28_2020-09-11|2020-10-12_2020-10-26|2020-11-11_2020-11-25|2021-01-10_2021-01-24|2024-01-10_2024-01-24|2024-08-07_2024-08-21|2024-10-06_2024-10-20|2025-01-04_2025-01-18|2025-02-03_2025-02-17|2025-06-03_2025-06-17|2025-07-03_2025-07-17|2024-07-08_2024-07-22
0.2,3,Core CPI m/m|Core PPI m/m|CPI y/y,Bad|Bad|Bad,1,1,0,100.0,0.0,inf,2021-05-10_2021-05-24
0.2,3,Core CPI m/m|Core PPI m/m|CPI y/y,Neutral|Good|Neutral,7,4,3,57.1,42.9,1.33,2021-10-07_2021-10-21|2022-03-06_2022-03-20|2023-03-31_2023-04-14|2025-03-05_2025-03-19|2025-05-04_2025-05-18|2025-09-01_2025-09-15|2025-04-04_2025-04-18
0.2,3,Core CPI m/m|Core PPI m/m|CPI y/y,Neutral|Neutral|Bad,4,3,1,75.0,25.0,3.0,2021-11-06_2021-11-20|2022-05-05_2022-05-19|2023-02-14_2023-02-28|2022-06-04_2022-06-18
0.2,3,Core CPI m/m|Core PPI m/m|CPI y/y,Neutral|Bad|Neutral,4,2,2,50.0,50.0,1.0,2022-04-05_2022-04-19|2024-05-09_2024-05-23|2025-08-02_2025-08-16|2026-02-13_2026-02-27
0.2,3,Core CPI m/m|Core PPI m/m|CPI y/y,Neutral|Neutral|Good,1,0,1,0.0,100.0,0.0,2022-12-01_2022-12-15
0.2,3,Core CPI m/m|Core PPI m/m|CPI y/y,Neutral|Bad|Bad,2,0,2,0.0,100.0,0.0,2024-02-09_2024-02-23|2022-02-04_2022-02-18
0.3,3,Core CPI m/m|Core PPI m/m|CPI y/y,Neutral|Neutral|Neutral,19,14,5,73.7,26.3,2.8,2020-08-28_2020-09-11|2020-10-12_2020-10-26|2020-11-11_2020-11-25|2021-01-10_2021-01-24|2021-10-07_2021-10-21|2021-11-06_2021-11-20|2022-05-05_2022-05-19|2022-12-01_2022-12-15|2023-02-14_2023-02-28|2024-01-10_2024-01-24|2024-05-09_2024-05-23|2024-08-07_2024-08-21|2024-10-06_2024-10-20|2025-01-04_2025-01-18|2025-02-03_2025-02-17|2025-06-03_2025-06-17|2025-07-03_2025-07-17|2022-06-04_2022-06-18|2024-07-08_2024-07-22
0.3,3,Core CPI m/m|Core PPI m/m|CPI y/y,Bad|Neutral|Bad,1,1,0,100.0,0.0,inf,2021-05-10_2021-05-24
0.3,3,Core CPI m/m|Core PPI m/m|CPI y/y,Neutral|Good|Neutral,6,4,2,66.7,33.3,2.0,2022-03-06_2022-03-20|2023-03-31_2023-04-14|2025-03-05_2025-03-19|2025-05-04_2025-05-18|2025-09-01_2025-09-15|2025-04-04_2025-04-18
0.3,3,Core CPI m/m|Core PPI m/m|CPI y/y,Neutral|Bad|Neutral,5,2,3,40.0,60.0,0.67,2022-04-05_2022-04-19|2024-02-09_2024-02-23|2025-08-02_2025-08-16|2026-02-13_2026-02-27|2022-02-04_2022-02-18
0.0,3,PPI m/m|Core PPI m/m|CPI y/y,Bad|Bad|Bad,6,3,3,50.0,50.0,1.0,2020-08-28_2020-09-11|2021-05-10_2021-05-24|2022-04-05_2022-04-19|2023-02-14_2023-02-28|2024-02-09_2024-02-23|2022-02-04_2022-02-18
0.0,3,PPI m/m|Core PPI m/m|CPI y/y,Bad|Bad|Neutral,2,1,1,50.0,50.0,1.0,2020-10-12_2020-10-26|2024-05-09_2024-05-23
0.0,3,PPI m/m|Core PPI m/m|CPI y/y,Bad|Good|Good,1,1,0,100.0,0.0,inf,2020-11-11_2020-11-25
0.0,3,PPI m/m|Core PPI m/m|CPI y/y,Good|Neutral|Neutral,1,1,0,100.0,0.0,inf,2021-01-10_2021-01-24
0.0,3,PPI m/m|Core PPI m/m|CPI y/y,Good|Good|Bad,3,2,1,66.7,33.3,2.0,2021-10-07_2021-10-21|2024-01-10_2024-01-24|2025-07-03_2025-07-17
0.0,3,PPI m/m|Core PPI m/m|CPI y/y,Neutral|Good|Bad,3,2,1,66.7,33.3,2.0,2021-11-06_2021-11-20|2022-05-05_2022-05-19|2022-06-04_2022-06-18
0.0,3,PPI m/m|Core PPI m/m|CPI y/y,Good|Good|Neutral,3,1,2,33.3,66.7,0.5,2022-03-06_2022-03-20|2025-01-04_2025-01-18|2025-09-01_2025-09-15
0.0,3,PPI m/m|Core PPI m/m|CPI y/y,Bad|Bad|Good,4,3,1,75.0,25.0,3.0,2022-12-01_2022-12-15|2025-08-02_2025-08-16|2026-02-13_2026-02-27|2024-07-08_2024-07-22
0.0,3,PPI m/m|Core PPI m/m|CPI y/y,Good|Good|Good,6,6,0,100.0,0.0,inf,2023-03-31_2023-04-14|2024-08-07_2024-08-21|2025-03-05_2025-03-19|2025-05-04_2025-05-18|2025-06-03_2025-06-17|2025-04-04_2025-04-18
0.0,3,PPI m/m|Core PPI m/m|CPI y/y,Good|Neutral|Bad,1,0,1,0.0,100.0,0.0,2024-10-06_2024-10-20
0.0,3,PPI m/m|Core PPI m/m|CPI y/y,Bad|Neutral|Bad,1,1,0,100.0,0.0,inf,2025-02-03_2025-02-17
0.1,3,PPI m/m|Core PPI m/m|CPI y/y,Neutral|Bad|Bad,1,1,0,100.0,0.0,inf,2020-08-28_2020-09-11
0.1,3,PPI m/m|Core PPI m/m|CPI y/y,Bad|Bad|Neutral,4,2,2,50.0,50.0,1.0,2020-10-12_2020-10-26|2022-04-05_2022-04-19|2024-05-09_2024-05-23|2025-08-02_2025-08-16
0.1,3,PPI m/m|Core PPI m/m|CPI y/y,Neutral|Neutral|Good,1,1,0,100.0,0.0,inf,2020-11-11_2020-11-25
0.1,3,PPI m/m|Core PPI m/m|CPI y/y,Good|Neutral|Neutral,1,1,0,100.0,0.0,inf,2021-01-10_2021-01-24
0.1,3,PPI m/m|Core PPI m/m|CPI y/y,Bad|Bad|Bad,4,2,2,50.0,50.0,1.0,2021-05-10_2021-05-24|2023-02-14_2023-02-28|2024-02-09_2024-02-23|2022-02-04_2022-02-18
0.1,3,PPI m/m|Core PPI m/m|CPI y/y,Neutral|Good|Bad,2,0,2,0.0,100.0,0.0,2021-10-07_2021-10-21|2022-05-05_2022-05-19
0.1,3,PPI m/m|Core PPI m/m|CPI y/y,Neutral|Neutral|Bad,3,2,1,66.7,33.3,2.0,2021-11-06_2021-11-20|2024-10-06_2024-10-20|2022-06-04_2022-06-18
0.1,3,PPI m/m|Core PPI m/m|CPI y/y,Good|Good|Neutral,4,2,2,50.0,50.0,1.0,2022-03-06_2022-03-20|2023-03-31_2023-04-14|2025-01-04_2025-01-18|2025-09-01_2025-09-15
0.1,3,PPI m/m|Core PPI m/m|CPI y/y,Neutral|Bad|Good,2,1,1,50.0,50.0,1.0,2022-12-01_2022-12-15|2024-07-08_2024-07-22
0.1,3,PPI m/m|Core PPI m/m|CPI y/y,Good|Good|Bad,2,2,0,100.0,0.0,inf,2024-01-10_2024-01-24|2025-07-03_2025-07-17
0.1,3,PPI m/m|Core PPI m/m|CPI y/y,Neutral|Good|Good,2,2,0,100.0,0.0,inf,2024-08-07_2024-08-21|2025-06-03_2025-06-17
0.1,3,PPI m/m|Core PPI m/m|CPI y/y,Bad|Neutral|Bad,1,1,0,100.0,0.0,inf,2025-02-03_2025-02-17
0.1,3,PPI m/m|Core PPI m/m|CPI y/y,Good|Good|Good,3,3,0,100.0,0.0,inf,2025-03-05_2025-03-19|2025-05-04_2025-05-18|2025-04-04_2025-04-18
0.1,3,PPI m/m|Core PPI m/m|CPI y/y,Bad|Bad|Good,1,1,0,100.0,0.0,inf,2026-02-13_2026-02-27
0.2,3,PPI m/m|Core PPI m/m|CPI y/y,Neutral|Neutral|Neutral,12,11,1,91.7,8.3,11.0,2020-08-28_2020-09-11|2020-10-12_2020-10-26|2020-11-11_2020-11-25|2021-01-10_2021-01-24|2024-01-10_2024-01-24|2024-08-07_2024-08-21|2024-10-06_2024-10-20|2025-01-04_2025-01-18|2025-02-03_2025-02-17|2025-06-03_2025-06-17|2025-07-03_2025-07-17|2024-07-08_2024-07-22
0.2,3,PPI m/m|Core PPI m/m|CPI y/y,Bad|Bad|Bad,2,1,1,50.0,50.0,1.0,2021-05-10_2021-05-24|2022-02-04_2022-02-18
0.2,3,PPI m/m|Core PPI m/m|CPI y/y,Neutral|Good|Neutral,2,0,2,0.0,100.0,0.0,2021-10-07_2021-10-21|2022-03-06_2022-03-20
0.2,3,PPI m/m|Core PPI m/m|CPI y/y,Neutral|Neutral|Bad,3,2,1,66.7,33.3,2.0,2021-11-06_2021-11-20|2022-05-05_2022-05-19|2022-06-04_2022-06-18
0.2,3,PPI m/m|Core PPI m/m|CPI y/y,Bad|Bad|Neutral,2,1,1,50.0,50.0,1.0,2022-04-05_2022-04-19|2025-08-02_2025-08-16
0.2,3,PPI m/m|Core PPI m/m|CPI y/y,Neutral|Neutral|Good,1,0,1,0.0,100.0,0.0,2022-12-01_2022-12-15
0.2,3,PPI m/m|Core PPI m/m|CPI y/y,Bad|Neutral|Bad,1,1,0,100.0,0.0,inf,2023-02-14_2023-02-28
0.2,3,PPI m/m|Core PPI m/m|CPI y/y,Good|Good|Neutral,5,4,1,80.0,20.0,4.0,2023-03-31_2023-04-14|2025-03-05_2025-03-19|2025-05-04_2025-05-18|2025-09-01_2025-09-15|2025-04-04_2025-04-18
0.2,3,PPI m/m|Core PPI m/m|CPI y/y,Neutral|Bad|Bad,1,0,1,0.0,100.0,0.0,2024-02-09_2024-02-23
0.2,3,PPI m/m|Core PPI m/m|CPI y/y,Neutral|Bad|Neutral,2,1,1,50.0,50.0,1.0,2024-05-09_2024-05-23|2026-02-13_2026-02-27
0.3,3,PPI m/m|Core PPI m/m|CPI y/y,Neutral|Neutral|Neutral,19,14,5,73.7,26.3,2.8,2020-08-28_2020-09-11|2020-10-12_2020-10-26|2020-11-11_2020-11-25|2021-01-10_2021-01-24|2021-10-07_2021-10-21|2021-11-06_2021-11-20|2022-05-05_2022-05-19|2022-12-01_2022-12-15|2023-02-14_2023-02-28|2024-01-10_2024-01-24|2024-05-09_2024-05-23|2024-08-07_2024-08-21|2024-10-06_2024-10-20|2025-01-04_2025-01-18|2025-02-03_2025-02-17|2025-06-03_2025-06-17|2025-07-03_2025-07-17|2022-06-04_2022-06-18|2024-07-08_2024-07-22
0.3,3,PPI m/m|Core PPI m/m|CPI y/y,Neutral|Neutral|Bad,1,1,0,100.0,0.0,inf,2021-05-10_2021-05-24
0.3,3,PPI m/m|Core PPI m/m|CPI y/y,Neutral|Good|Neutral,2,1,1,50.0,50.0,1.0,2022-03-06_2022-03-20|2025-03-05_2025-03-19
0.3,3,PPI m/m|Core PPI m/m|CPI y/y,Neutral|Bad|Neutral,3,1,2,33.3,66.7,0.5,2022-04-05_2022-04-19|2024-02-09_2024-02-23|2026-02-13_2026-02-27
0.3,3,PPI m/m|Core PPI m/m|CPI y/y,Good|Good|Neutral,4,3,1,75.0,25.0,3.0,2023-03-31_2023-04-14|2025-05-04_2025-05-18|2025-09-01_2025-09-15|2025-04-04_2025-04-18
0.3,3,PPI m/m|Core PPI m/m|CPI y/y,Bad|Bad|Neutral,2,1,1,50.0,50.0,1.0,2025-08-02_2025-08-16|2022-02-04_2022-02-18
0.0,4,CPI m/m|Core CPI m/m|PPI m/m|Core PPI m/m,Bad|Bad|Bad|Bad,4,2,2,50.0,50.0,1.0,2020-08-28_2020-09-11|2021-05-10_2021-05-24|2024-02-09_2024-02-23|2022-02-04_2022-02-18
0.0,4,CPI m/m|Core CPI m/m|PPI m/m|Core PPI m/m,Neutral|Neutral|Bad|Bad,3,3,0,100.0,0.0,inf,2020-10-12_2020-10-26|2023-02-14_2023-02-28|2025-08-02_2025-08-16
0.0,4,CPI m/m|Core CPI m/m|PPI m/m|Core PPI m/m,Good|Good|Bad|Good,1,1,0,100.0,0.0,inf,2020-11-11_2020-11-25
0.0,4,CPI m/m|Core CPI m/m|PPI m/m|Core PPI m/m,Neutral|Neutral|Good|Neutral,1,1,0,100.0,0.0,inf,2021-01-10_2021-01-24
0.0,4,CPI m/m|Core CPI m/m|PPI m/m|Core PPI m/m,Bad|Neutral|Good|Good,3,1,2,33.3,66.7,0.5,2021-10-07_2021-10-21|2024-01-10_2024-01-24|2025-09-01_2025-09-15
0.0,4,CPI m/m|Core CPI m/m|PPI m/m|Core PPI m/m,Bad|Bad|Neutral|Good,3,2,1,66.7,33.3,2.0,2021-11-06_2021-11-20|2022-05-05_2022-05-19|2022-06-04_2022-06-18
0.0,4,CPI m/m|Core CPI m/m|PPI m/m|Core PPI m/m,Neutral|Neutral|Good|Good,2,1,1,50.0,50.0,1.0,2022-03-06_2022-03-20|2024-08-07_2024-08-21
0.0,4,CPI m/m|Core CPI m/m|PPI m/m|Core PPI m/m,Neutral|Good|Bad|Bad,1,0,1,0.0,100.0,0.0,2022-04-05_2022-04-19
0.0,4,CPI m/m|Core CPI m/m|PPI m/m|Core PPI m/m,Good|Good|Bad|Bad,2,1,1,50.0,50.0,1.0,2022-12-01_2022-12-15|2024-07-08_2024-07-22
0.0,4,CPI m/m|Core CPI m/m|PPI m/m|Core PPI m/m,Good|Neutral|Good|Good,1,1,0,100.0,0.0,inf,2023-03-31_2023-04-14
0.0,4,CPI m/m|Core CPI m/m|PPI m/m|Core PPI m/m,Good|Neutral|Bad|Bad,2,1,1,50.0,50.0,1.0,2024-05-09_2024-05-23|2026-02-13_2026-02-27
0.0,4,CPI m/m|Core CPI m/m|PPI m/m|Core PPI m/m,Bad|Bad|Good|Neutral,1,0,1,0.0,100.0,0.0,2024-10-06_2024-10-20
0.0,4,CPI m/m|Core CPI m/m|PPI m/m|Core PPI m/m,Neutral|Good|Good|Good,2,2,0,100.0,0.0,inf,2025-01-04_2025-01-18|2025-07-03_2025-07-17
0.0,4,CPI m/m|Core CPI m/m|PPI m/m|Core PPI m/m,Bad|Bad|Bad|Neutral,1,1,0,100.0,0.0,inf,2025-02-03_2025-02-17
0.0,4,CPI m/m|Core CPI m/m|PPI m/m|Core PPI m/m,Good|Good|Good|Good,4,4,0,100.0,0.0,inf,2025-03-05_2025-03-19|2025-05-04_2025-05-18|2025-06-03_2025-06-17|2025-04-04_2025-04-18
0.1,4,CPI m/m|Core CPI m/m|PPI m/m|Core PPI m/m,Bad|Bad|Neutral|Bad,1,1,0,100.0,0.0,inf,2020-08-28_2020-09-11
0.1,4,CPI m/m|Core CPI m/m|PPI m/m|Core PPI m/m,Neutral|Neutral|Bad|Bad,4,4,0,100.0,0.0,inf,2020-10-12_2020-10-26|2023-02-14_2023-02-28|2025-08-02_2025-08-16|2026-02-13_2026-02-27
0.1,4,CPI m/m|Core CPI m/m|PPI m/m|Core PPI m/m,Neutral|Good|Neutral|Neutral,1,1,0,100.0,0.0,inf,2020-11-11_2020-11-25
0.1,4,CPI m/m|Core CPI m/m|PPI m/m|Core PPI m/m,Neutral|Neutral|Good|Neutral,1,1,0,100.0,0.0,inf,2021-01-10_2021-01-24
0.1,4,CPI m/m|Core CPI m/m|PPI m/m|Core PPI m/m,Bad|Bad|Bad|Bad,1,1,0,100.0,0.0,inf,2021-05-10_2021-05-24
0.1,4,CPI m/m|Core CPI m/m|PPI m/m|Core PPI m/m,Bad|Neutral|Neutral|Good,1,0,1,0.0,100.0,0.0,2021-10-07_2021-10-21
0.1,4,CPI m/m|Core CPI m/m|PPI m/m|Core PPI m/m,Bad|Bad|Neutral|Neutral,1,1,0,100.0,0.0,inf,2021-11-06_2021-11-20
0.1,4,CPI m/m|Core CPI m/m|PPI m/m|Core PPI m/m,Neutral|Neutral|Good|Good,7,6,1,85.7,14.3,6.0,2022-03-06_2022-03-20|2023-03-31_2023-04-14|2024-01-10_2024-01-24|2025-01-04_2025-01-18|2025-03-05_2025-03-19|2025-05-04_2025-05-18|2025-07-03_2025-07-17
0.1,4,CPI m/m|Core CPI m/m|PPI m/m|Core PPI m/m,Neutral|Good|Bad|Bad,1,0,1,0.0,100.0,0.0,2022-04-05_2022-04-19
0.1,4,CPI m/m|Core CPI m/m|PPI m/m|Core PPI m/m,Neutral|Bad|Neutral|Good,1,0,1,0.0,100.0,0.0,2022-05-05_2022-05-19
0.1,4,CPI m/m|Core CPI m/m|PPI m/m|Core PPI m/m,Good|Neutral|Neutral|Bad,2,1,1,50.0,50.0,1.0,2022-12-01_2022-12-15|2024-07-08_2024-07-22
0.1,4,CPI m/m|Core CPI m/m|PPI m/m|Core PPI m/m,Neutral|Bad|Bad|Bad,1,0,1,0.0,100.0,0.0,2024-02-09_2024-02-23
0.1,4,CPI m/m|Core CPI m/m|PPI m/m|Core PPI m/m,Good|Neutral|Bad|Bad,1,0,1,0.0,100.0,0.0,2024-05-09_2024-05-23
0.1,4,CPI m/m|Core CPI m/m|PPI m/m|Core PPI m/m,Neutral|Neutral|Neutral|Good,1,1,0,100.0,0.0,inf,2024-08-07_2024-08-21
0.1,4,CPI m/m|Core CPI m/m|PPI m/m|Core PPI m/m,Neutral|Neutral|Neutral|Neutral,1,0,1,0.0,100.0,0.0,2024-10-06_2024-10-20
0.1,4,CPI m/m|Core CPI m/m|PPI m/m|Core PPI m/m,Bad|Bad|Bad|Neutral,1,1,0,100.0,0.0,inf,2025-02-03_2025-02-17
0.1,4,CPI m/m|Core CPI m/m|PPI m/m|Core PPI m/m,Neutral|Good|Neutral|Good,1,1,0,100.0,0.0,inf,2025-06-03_2025-06-17
0.1,4,CPI m/m|Core CPI m/m|PPI m/m|Core PPI m/m,Bad|Neutral|Good|Good,1,0,1,0.0,100.0,0.0,2025-09-01_2025-09-15
0.1,4,CPI m/m|Core CPI m/m|PPI m/m|Core PPI m/m,Bad|Neutral|Bad|Bad,1,0,1,0.0,100.0,0.0,2022-02-04_2022-02-18
0.1,4,CPI m/m|Core CPI m/m|PPI m/m|Core PPI m/m,Bad|Neutral|Neutral|Neutral,1,1,0,100.0,0.0,inf,2022-06-04_2022-06-18
0.1,4,CPI m/m|Core CPI m/m|PPI m/m|Core PPI m/m,Good|Good|Good|Good,1,1,0,100.0,0.0,inf,2025-04-04_2025-04-18
0.2,4,CPI m/m|Core CPI m/m|PPI m/m|Core PPI m/m,Neutral|Neutral|Neutral|Neutral,14,11,3,78.6,21.4,3.67,2020-08-28_2020-09-11|2020-10-12_2020-10-26|2020-11-11_2020-11-25|2021-01-10_2021-01-24|2022-05-05_2022-05-19|2022-12-01_2022-12-15|2024-01-10_2024-01-24|2024-08-07_2024-08-21|2024-10-06_2024-10-20|2025-01-04_2025-01-18|2025-02-03_2025-02-17|2025-06-03_2025-06-17|2025-07-03_2025-07-17|2024-07-08_2024-07-22
0.2,4,CPI m/m|Core CPI m/m|PPI m/m|Core PPI m/m,Bad|Bad|Bad|Bad,1,1,0,100.0,0.0,inf,2021-05-10_2021-05-24
0.2,4,CPI m/m|Core CPI m/m|PPI m/m|Core PPI m/m,Neutral|Neutral|Neutral|Good,2,0,2,0.0,100.0,0.0,2021-10-07_2021-10-21|2022-03-06_2022-03-20
0.2,4,CPI m/m|Core CPI m/m|PPI m/m|Core PPI m/m,Bad|Neutral|Neutral|Neutral,2,2,0,100.0,0.0,inf,2021-11-06_2021-11-20|2022-06-04_2022-06-18
0.2,4,CPI m/m|Core CPI m/m|PPI m/m|Core PPI m/m,Neutral|Neutral|Bad|Bad,3,1,2,33.3,66.7,0.5,2022-04-05_2022-04-19|2025-08-02_2025-08-16|2022-02-04_2022-02-18
0.2,4,CPI m/m|Core CPI m/m|PPI m/m|Core PPI m/m,Neutral|Neutral|Bad|Neutral,1,1,0,100.0,0.0,inf,2023-02-14_2023-02-28
0.2,4,CPI m/m|Core CPI m/m|PPI m/m|Core PPI m/m,Neutral|Neutral|Good|Good,5,4,1,80.0,20.0,4.0,2023-03-31_2023-04-14|2025-03-05_2025-03-19|2025-05-04_2025-05-18|2025-09-01_2025-09-15|2025-04-04_2025-04-18
0.2,4,CPI m/m|Core CPI m/m|PPI m/m|Core PPI m/m,Neutral|Neutral|Neutral|Bad,3,1,2,33.3,66.7,0.5,2024-02-09_2024-02-23|2024-05-09_2024-05-23|2026-02-13_2026-02-27
0.3,4,CPI m/m|Core CPI m/m|PPI m/m|Core PPI m/m,Neutral|Neutral|Neutral|Neutral,17,12,5,70.6,29.4,2.4,2020-08-28_2020-09-11|2020-10-12_2020-10-26|2020-11-11_2020-11-25|2021-01-10_2021-01-24|2021-10-07_2021-10-21|2022-05-05_2022-05-19|2022-12-01_2022-12-15|2023-02-14_2023-02-28|2024-01-10_2024-01-24|2024-05-09_2024-05-23|2024-08-07_2024-08-21|2024-10-06_2024-10-20|2025-01-04_2025-01-18|2025-02-03_2025-02-17|2025-06-03_2025-06-17|2025-07-03_2025-07-17|2024-07-08_2024-07-22
0.3,4,CPI m/m|Core CPI m/m|PPI m/m|Core PPI m/m,Bad|Bad|Neutral|Neutral,1,1,0,100.0,0.0,inf,2021-05-10_2021-05-24
0.3,4,CPI m/m|Core CPI m/m|PPI m/m|Core PPI m/m,Bad|Neutral|Neutral|Neutral,2,2,0,100.0,0.0,inf,2021-11-06_2021-11-20|2022-06-04_2022-06-18
0.3,4,CPI m/m|Core CPI m/m|PPI m/m|Core PPI m/m,Neutral|Neutral|Neutral|Good,2,1,1,50.0,50.0,1.0,2022-03-06_2022-03-20|2025-03-05_2025-03-19
0.3,4,CPI m/m|Core CPI m/m|PPI m/m|Core PPI m/m,Neutral|Neutral|Neutral|Bad,3,1,2,33.3,66.7,0.5,2022-04-05_2022-04-19|2024-02-09_2024-02-23|2026-02-13_2026-02-27
0.3,4,CPI m/m|Core CPI m/m|PPI m/m|Core PPI m/m,Neutral|Neutral|Good|Good,4,3,1,75.0,25.0,3.0,2023-03-31_2023-04-14|2025-05-04_2025-05-18|2025-09-01_2025-09-15|2025-04-04_2025-04-18
0.3,4,CPI m/m|Core CPI m/m|PPI m/m|Core PPI m/m,Neutral|Neutral|Bad|Bad,2,1,1,50.0,50.0,1.0,2025-08-02_2025-08-16|2022-02-04_2022-02-18
0.0,4,CPI m/m|Core CPI m/m|PPI m/m|CPI y/y,Bad|Bad|Bad|Bad,5,3,2,60.0,40.0,1.5,2020-08-28_2020-09-11|2021-05-10_2021-05-24|2024-02-09_2024-02-23|2025-02-03_2025-02-17|2022-02-04_2022-02-18
0.0,4,CPI m/m|Core CPI m/m|PPI m/m|CPI y/y,Neutral|Neutral|Bad|Neutral,1,1,0,100.0,0.0,inf,2020-10-12_2020-10-26
0.0,4,CPI m/m|Core CPI m/m|PPI m/m|CPI y/y,Good|Good|Bad|Good,3,2,1,66.7,33.3,2.0,2020-11-11_2020-11-25|2022-12-01_2022-12-15|2024-07-08_2024-07-22
0.0,4,CPI m/m|Core CPI m/m|PPI m/m|CPI y/y,Neutral|Neutral|Good|Neutral,2,1,1,50.0,50.0,1.0,2021-01-10_2021-01-24|2022-03-06_2022-03-20
0.0,4,CPI m/m|Core CPI m/m|PPI m/m|CPI y/y,Bad|Neutral|Good|Bad,2,1,1,50.0,50.0,1.0,2021-10-07_2021-10-21|2024-01-10_2024-01-24
0.0,4,CPI m/m|Core CPI m/m|PPI m/m|CPI y/y,Bad|Bad|Neutral|Bad,3,2,1,66.7,33.3,2.0,2021-11-06_2021-11-20|2022-05-05_2022-05-19|2022-06-04_2022-06-18
0.0,4,CPI m/m|Core CPI m/m|PPI m/m|CPI y/y,Neutral|Good|Bad|Bad,1,0,1,0.0,100.0,0.0,2022-04-05_2022-04-19
0.0,4,CPI m/m|Core CPI m/m|PPI m/m|CPI y/y,Neutral|Neutral|Bad|Bad,1,1,0,100.0,0.0,inf,2023-02-14_2023-02-28
0.0,4,CPI m/m|Core CPI m/m|PPI m/m|CPI y/y,Good|Neutral|Good|Good,1,1,0,100.0,0.0,inf,2023-03-31_2023-04-14
0.0,4,CPI m/m|Core CPI m/m|PPI m/m|CPI y/y,Good|Neutral|Bad|Neutral,1,0,1,0.0,100.0,0.0,2024-05-09_2024-05-23
0.0,4,CPI m/m|Core CPI m/m|PPI m/m|CPI y/y,Neutral|Neutral|Good|Good,1,1,0,100.0,0.0,inf,2024-08-07_2024-08-21
0.0,4,CPI m/m|Core CPI m/m|PPI m/m|CPI y/y,Bad|Bad|Good|Bad,1,0,1,0.0,100.0,0.0,2024-10-06_2024-10-20
0.0,4,CPI m/m|Core CPI m/m|PPI m/m|CPI y/y,Neutral|Good|Good|Neutral,1,1,0,100.0,0.0,inf,2025-01-04_2025-01-18
0.0,4,CPI m/m|Core CPI m/m|PPI m/m|CPI y/y,Good|Good|Good|Good,4,4,0,100.0,0.0,inf,2025-03-05_2025-03-19|2025-05-04_2025-05-18|2025-06-03_2025-06-17|2025-04-04_2025-04-18
0.0,4,CPI m/m|Core CPI m/m|PPI m/m|CPI y/y,Neutral|Good|Good|Bad,1,1,0,100.0,0.0,inf,2025-07-03_2025-07-17
0.0,4,CPI m/m|Core CPI m/m|PPI m/m|CPI y/y,Neutral|Neutral|Bad|Good,1,1,0,100.0,0.0,inf,2025-08-02_2025-08-16
0.0,4,CPI m/m|Core CPI m/m|PPI m/m|CPI y/y,Bad|Neutral|Good|Neutral,1,0,1,0.0,100.0,0.0,2025-09-01_2025-09-15
0.0,4,CPI m/m|Core CPI m/m|PPI m/m|CPI y/y,Good|Neutral|Bad|Good,1,1,0,100.0,0.0,inf,2026-02-13_2026-02-27
0.1,4,CPI m/m|Core CPI m/m|PPI m/m|CPI y/y,Bad|Bad|Neutral|Bad,2,2,0,100.0,0.0,inf,2020-08-28_2020-09-11|2021-11-06_2021-11-20
0.1,4,CPI m/m|Core CPI m/m|PPI m/m|CPI y/y,Neutral|Neutral|Bad|Neutral,2,2,0,100.0,0.0,inf,2020-10-12_2020-10-26|2025-08-02_2025-08-16
0.1,4,CPI m/m|Core CPI m/m|PPI m/m|CPI y/y,Neutral|Good|Neutral|Good,2,2,0,100.0,0.0,inf,2020-11-11_2020-11-25|2025-06-03_2025-06-17
0.1,4,CPI m/m|Core CPI m/m|PPI m/m|CPI y/y,Neutral|Neutral|Good|Neutral,4,3,1,75.0,25.0,3.0,2021-01-10_2021-01-24|2022-03-06_2022-03-20|2023-03-31_2023-04-14|2025-01-04_2025-01-18
0.1,4,CPI m/m|Core CPI m/m|PPI m/m|CPI y/y,Bad|Bad|Bad|Bad,2,2,0,100.0,0.0,inf,2021-05-10_2021-05-24|2025-02-03_2025-02-17
0.1,4,CPI m/m|Core CPI m/m|PPI m/m|CPI y/y,Bad|Neutral|Neutral|Bad,2,1,1,50.0,50.0,1.0,2021-10-07_2021-10-21|2022-06-04_2022-06-18
0.1,4,CPI m/m|Core CPI m/m|PPI m/m|CPI y/y,Neutral|Good|Bad|Neutral,1,0,1,0.0,100.0,0.0,2022-04-05_2022-04-19
0.1,4,CPI m/m|Core CPI m/m|PPI m/m|CPI y/y,Neutral|Bad|Neutral|Bad,1,0,1,0.0,100.0,0.0,2022-05-05_2022-05-19
0.1,4,CPI m/m|Core CPI m/m|PPI m/m|CPI y/y,Good|Neutral|Neutral|Good,2,1,1,50.0,50.0,1.0,2022-12-01_2022-12-15|2024-07-08_2024-07-22
0.1,4,CPI m/m|Core CPI m/m|PPI m/m|CPI y/y,Neutral|Neutral|Bad|Bad,1,1,0,100.0,0.0,inf,2023-02-14_2023-02-28
0.1,4,CPI m/m|Core CPI m/m|PPI m/m|CPI y/y,Neutral|Neutral|Good|Bad,2,2,0,100.0,0.0,inf,2024-01-10_2024-01-24|2025-07-03_2025-07-17
0.1,4,CPI m/m|Core CPI m/m|PPI m/m|CPI y/y,Neutral|Bad|Bad|Bad,1,0,1,0.0,100.0,0.0,2024-02-09_2024-02-23
0.1,4,CPI m/m|Core CPI m/m|PPI m/m|CPI y/y,Good|Neutral|Bad|Neutral,1,0,1,0.0,100.0,0.0,2024-05-09_2024-05-23
0.1,4,CPI m/m|Core CPI m/m|PPI m/m|CPI y/y,Neutral|Neutral|Neutral|Good,1,1,0,100.0,0.0,inf,2024-08-07_2024-08-21
0.1,4,CPI m/m|Core CPI m/m|PPI m/m|CPI y/y,Neutral|Neutral|Neutral|Bad,1,0,1,0.0,100.0,0.0,2024-10-06_2024-10-20
0.1,4,CPI m/m|Core CPI m/m|PPI m/m|CPI y/y,Neutral|Neutral|Good|Good,2,2,0,100.0,0.0,inf,2025-03-05_2025-03-19|2025-05-04_2025-05-18
0.1,4,CPI m/m|Core CPI m/m|PPI m/m|CPI y/y,Bad|Neutral|Good|Neutral,1,0,1,0.0,100.0,0.0,2025-09-01_2025-09-15
0.1,4,CPI m/m|Core CPI m/m|PPI m/m|CPI y/y,Neutral|Neutral|Bad|Good,1,1,0,100.0,0.0,inf,2026-02-13_2026-02-27
0.1,4,CPI m/m|Core CPI m/m|PPI m/m|CPI y/y,Bad|Neutral|Bad|Bad,1,0,1,0.0,100.0,0.0,2022-02-04_2022-02-18
0.1,4,CPI m/m|Core CPI m/m|PPI m/m|CPI y/y,Good|Good|Good|Good,1,1,0,100.0,0.0,inf,2025-04-04_2025-04-18
0.2,4,CPI m/m|Core CPI m/m|PPI m/m|CPI y/y,Neutral|Neutral|Neutral|Neutral,16,12,4,75.0,25.0,3.0,2020-08-28_2020-09-11|2020-10-12_2020-10-26|2020-11-11_2020-11-25|2021-01-10_2021-01-24|2021-10-07_2021-10-21|2022-03-06_2022-03-20|2024-01-10_2024-01-24|2024-05-09_2024-05-23|2024-08-07_2024-08-21|2024-10-06_2024-10-20|2025-01-04_2025-01-18|2025-02-03_2025-02-17|2025-06-03_2025-06-17|2025-07-03_2025-07-17|2026-02-13_2026-02-27|2024-07-08_2024-07-22
0.2,4,CPI m/m|Core CPI m/m|PPI m/m|CPI y/y,Bad|Bad|Bad|Bad,1,1,0,100.0,0.0,inf,2021-05-10_2021-05-24
0.2,4,CPI m/m|Core CPI m/m|PPI m/m|CPI y/y,Bad|Neutral|Neutral|Bad,2,2,0,100.0,0.0,inf,2021-11-06_2021-11-20|2022-06-04_2022-06-18
0.2,4,CPI m/m|Core CPI m/m|PPI m/m|CPI y/y,Neutral|Neutral|Bad|Neutral,2,1,1,50.0,50.0,1.0,2022-04-05_2022-04-19|2025-08-02_2025-08-16
0.2,4,CPI m/m|Core CPI m/m|PPI m/m|CPI y/y,Neutral|Neutral|Neutral|Bad,2,0,2,0.0,100.0,0.0,2022-05-05_2022-05-19|2024-02-09_2024-02-23
0.2,4,CPI m/m|Core CPI m/m|PPI m/m|CPI y/y,Neutral|Neutral|Neutral|Good,1,0,1,0.0,100.0,0.0,2022-12-01_2022-12-15
0.2,4,CPI m/m|Core CPI m/m|PPI m/m|CPI y/y,Neutral|Neutral|Bad|Bad,2,1,1,50.0,50.0,1.0,2023-02-14_2023-02-28|2022-02-04_2022-02-18
0.2,4,CPI m/m|Core CPI m/m|PPI m/m|CPI y/y,Neutral|Neutral|Good|Neutral,5,4,1,80.0,20.0,4.0,2023-03-31_2023-04-14|2025-03-05_2025-03-19|2025-05-04_2025-05-18|2025-09-01_2025-09-15|2025-04-04_2025-04-18
0.3,4,CPI m/m|Core CPI m/m|PPI m/m|CPI y/y,Neutral|Neutral|Neutral|Neutral,22,14,8,63.6,36.4,1.75,2020-08-28_2020-09-11|2020-10-12_2020-10-26|2020-11-11_2020-11-25|2021-01-10_2021-01-24|2021-10-07_2021-10-21|2022-03-06_2022-03-20|2022-04-05_2022-04-19|2022-05-05_2022-05-19|2022-12-01_2022-12-15|2023-02-14_2023-02-28|2024-01-10_2024-01-24|2024-02-09_2024-02-23|2024-05-09_2024-05-23|2024-08-07_2024-08-21|2024-10-06_2024-10-20|2025-01-04_2025-01-18|2025-02-03_2025-02-17|2025-03-05_2025-03-19|2025-06-03_2025-06-17|2025-07-03_2025-07-17|2026-02-13_2026-02-27|2024-07-08_2024-07-22
0.3,4,CPI m/m|Core CPI m/m|PPI m/m|CPI y/y,Bad|Bad|Neutral|Bad,1,1,0,100.0,0.0,inf,2021-05-10_2021-05-24
0.3,4,CPI m/m|Core CPI m/m|PPI m/m|CPI y/y,Bad|Neutral|Neutral|Neutral,2,2,0,100.0,0.0,inf,2021-11-06_2021-11-20|2022-06-04_2022-06-18
0.3,4,CPI m/m|Core CPI m/m|PPI m/m|CPI y/y,Neutral|Neutral|Good|Neutral,4,3,1,75.0,25.0,3.0,2023-03-31_2023-04-14|2025-05-04_2025-05-18|2025-09-01_2025-09-15|2025-04-04_2025-04-18
0.3,4,CPI m/m|Core CPI m/m|PPI m/m|CPI y/y,Neutral|Neutral|Bad|Neutral,2,1,1,50.0,50.0,1.0,2025-08-02_2025-08-16|2022-02-04_2022-02-18
0.0,4,CPI m/m|Core CPI m/m|Core PPI m/m|CPI y/y,Bad|Bad|Bad|Bad,4,2,2,50.0,50.0,1.0,2020-08-28_2020-09-11|2021-05-10_2021-05-24|2024-02-09_2024-02-23|2022-02-04_2022-02-18
0.0,4,CPI m/m|Core CPI m/m|Core PPI m/m|CPI y/y,Neutral|Neutral|Bad|Neutral,1,1,0,100.0,0.0,inf,2020-10-12_2020-10-26
0.0,4,CPI m/m|Core CPI m/m|Core PPI m/m|CPI y/y,Good|Good|Good|Good,5,5,0,100.0,0.0,inf,2020-11-11_2020-11-25|2025-03-05_2025-03-19|2025-05-04_2025-05-18|2025-06-03_2025-06-17|2025-04-04_2025-04-18
0.0,4,CPI m/m|Core CPI m/m|Core PPI m/m|CPI y/y,Neutral|Neutral|Neutral|Neutral,1,1,0,100.0,0.0,inf,2021-01-10_2021-01-24
0.0,4,CPI m/m|Core CPI m/m|Core PPI m/m|CPI y/y,Bad|Neutral|Good|Bad,2,1,1,50.0,50.0,1.0,2021-10-07_2021-10-21|2024-01-10_2024-01-24
0.0,4,CPI m/m|Core CPI m/m|Core PPI m/m|CPI y/y,Bad|Bad|Good|Bad,3,2,1,66.7,33.3,2.0,2021-11-06_2021-11-20|2022-05-05_2022-05-19|2022-06-04_2022-06-18
0.0,4,CPI m/m|Core CPI m/m|Core PPI m/m|CPI y/y,Neutral|Neutral|Good|Neutral,1,0,1,0.0,100.0,0.0,2022-03-06_2022-03-20
0.0,4,CPI m/m|Core CPI m/m|Core PPI m/m|CPI y/y,Neutral|Good|Bad|Bad,1,0,1,0.0,100.0,0.0,2022-04-05_2022-04-19
0.0,4,CPI m/m|Core CPI m/m|Core PPI m/m|CPI y/y,Good|Good|Bad|Good,2,1,1,50.0,50.0,1.0,2022-12-01_2022-12-15|2024-07-08_2024-07-22
0.0,4,CPI m/m|Core CPI m/m|Core PPI m/m|CPI y/y,Neutral|Neutral|Bad|Bad,1,1,0,100.0,0.0,inf,2023-02-14_2023-02-28
0.0,4,CPI m/m|Core CPI m/m|Core PPI m/m|CPI y/y,Good|Neutral|Good|Good,1,1,0,100.0,0.0,inf,2023-03-31_2023-04-14
0.0,4,CPI m/m|Core CPI m/m|Core PPI m/m|CPI y/y,Good|Neutral|Bad|Neutral,1,0,1,0.0,100.0,0.0,2024-05-09_2024-05-23
0.0,4,CPI m/m|Core CPI m/m|Core PPI m/m|CPI y/y,Neutral|Neutral|Good|Good,1,1,0,100.0,0.0,inf,2024-08-07_2024-08-21
0.0,4,CPI m/m|Core CPI m/m|Core PPI m/m|CPI y/y,Bad|Bad|Neutral|Bad,2,1,1,50.0,50.0,1.0,2024-10-06_2024-10-20|2025-02-03_2025-02-17
0.0,4,CPI m/m|Core CPI m/m|Core PPI m/m|CPI y/y,Neutral|Good|Good|Neutral,1,1,0,100.0,0.0,inf,2025-01-04_2025-01-18
0.0,4,CPI m/m|Core CPI m/m|Core PPI m/m|CPI y/y,Neutral|Good|Good|Bad,1,1,0,100.0,0.0,inf,2025-07-03_2025-07-17
0.0,4,CPI m/m|Core CPI m/m|Core PPI m/m|CPI y/y,Neutral|Neutral|Bad|Good,1,1,0,100.0,0.0,inf,2025-08-02_2025-08-16
0.0,4,CPI m/m|Core CPI m/m|Core PPI m/m|CPI y/y,Bad|Neutral|Good|Neutral,1,0,1,0.0,100.0,0.0,2025-09-01_2025-09-15
0.0,4,CPI m/m|Core CPI m/m|Core PPI m/m|CPI y/y,Good|Neutral|Bad|Good,1,1,0,100.0,0.0,inf,2026-02-13_2026-02-27
0.1,4,CPI m/m|Core CPI m/m|Core PPI m/m|CPI y/y,Bad|Bad|Bad|Bad,2,2,0,100.0,0.0,inf,2020-08-28_2020-09-11|2021-05-10_2021-05-24
0.1,4,CPI m/m|Core CPI m/m|Core PPI m/m|CPI y/y,Neutral|Neutral|Bad|Neutral,2,2,0,100.0,0.0,inf,2020-10-12_2020-10-26|2025-08-02_2025-08-16
0.1,4,CPI m/m|Core CPI m/m|Core PPI m/m|CPI y/y,Neutral|Good|Neutral|Good,1,1,0,100.0,0.0,inf,2020-11-11_2020-11-25
0.1,4,CPI m/m|Core CPI m/m|Core PPI m/m|CPI y/y,Neutral|Neutral|Neutral|Neutral,1,1,0,100.0,0.0,inf,2021-01-10_2021-01-24
0.1,4,CPI m/m|Core CPI m/m|Core PPI m/m|CPI y/y,Bad|Neutral|Good|Bad,1,0,1,0.0,100.0,0.0,2021-10-07_2021-10-21
0.1,4,CPI m/m|Core CPI m/m|Core PPI m/m|CPI y/y,Bad|Bad|Neutral|Bad,2,2,0,100.0,0.0,inf,2021-11-06_2021-11-20|2025-02-03_2025-02-17
0.1,4,CPI m/m|Core CPI m/m|Core PPI m/m|CPI y/y,Neutral|Neutral|Good|Neutral,3,2,1,66.7,33.3,2.0,2022-03-06_2022-03-20|2023-03-31_2023-04-14|2025-01-04_2025-01-18
0.1,4,CPI m/m|Core CPI m/m|Core PPI m/m|CPI y/y,Neutral|Good|Bad|Neutral,1,0,1,0.0,100.0,0.0,2022-04-05_2022-04-19
0.1,4,CPI m/m|Core CPI m/m|Core PPI m/m|CPI y/y,Neutral|Bad|Good|Bad,1,0,1,0.0,100.0,0.0,2022-05-05_2022-05-19
0.1,4,CPI m/m|Core CPI m/m|Core PPI m/m|CPI y/y,Good|Neutral|Bad|Good,2,1,1,50.0,50.0,1.0,2022-12-01_2022-12-15|2024-07-08_2024-07-22
0.1,4,CPI m/m|Core CPI m/m|Core PPI m/m|CPI y/y,Neutral|Neutral|Bad|Bad,1,1,0,100.0,0.0,inf,2023-02-14_2023-02-28
0.1,4,CPI m/m|Core CPI m/m|Core PPI m/m|CPI y/y,Neutral|Neutral|Good|Bad,2,2,0,100.0,0.0,inf,2024-01-10_2024-01-24|2025-07-03_2025-07-17
0.1,4,CPI m/m|Core CPI m/m|Core PPI m/m|CPI y/y,Neutral|Bad|Bad|Bad,1,0,1,0.0,100.0,0.0,2024-02-09_2024-02-23
0.1,4,CPI m/m|Core CPI m/m|Core PPI m/m|CPI y/y,Good|Neutral|Bad|Neutral,1,0,1,0.0,100.0,0.0,2024-05-09_2024-05-23
0.1,4,CPI m/m|Core CPI m/m|Core PPI m/m|CPI y/y,Neutral|Neutral|Good|Good,3,3,0,100.0,0.0,inf,2024-08-07_2024-08-21|2025-03-05_2025-03-19|2025-05-04_2025-05-18
0.1,4,CPI m/m|Core CPI m/m|Core PPI m/m|CPI y/y,Neutral|Neutral|Neutral|Bad,1,0,1,0.0,100.0,0.0,2024-10-06_2024-10-20
0.1,4,CPI m/m|Core CPI m/m|Core PPI m/m|CPI y/y,Neutral|Good|Good|Good,1,1,0,100.0,0.0,inf,2025-06-03_2025-06-17
0.1,4,CPI m/m|Core CPI m/m|Core PPI m/m|CPI y/y,Bad|Neutral|Good|Neutral,1,0,1,0.0,100.0,0.0,2025-09-01_2025-09-15
0.1,4,CPI m/m|Core CPI m/m|Core PPI m/m|CPI y/y,Neutral|Neutral|Bad|Good,1,1,0,100.0,0.0,inf,2026-02-13_2026-02-27
0.1,4,CPI m/m|Core CPI m/m|Core PPI m/m|CPI y/y,Bad|Neutral|Bad|Bad,1,0,1,0.0,100.0,0.0,2022-02-04_2022-02-18
0.1,4,CPI m/m|Core CPI m/m|Core PPI m/m|CPI y/y,Bad|Neutral|Neutral|Bad,1,1,0,100.0,0.0,inf,2022-06-04_2022-06-18
0.1,4,CPI m/m|Core CPI m/m|Core PPI m/m|CPI y/y,Good|Good|Good|Good,1,1,0,100.0,0.0,inf,2025-04-04_2025-04-18
0.2,4,CPI m/m|Core CPI m/m|Core PPI m/m|CPI y/y,Neutral|Neutral|Neutral|Neutral,12,11,1,91.7,8.3,11.0,2020-08-28_2020-09-11|2020-10-12_2020-10-26|2020-11-11_2020-11-25|2021-01-10_2021-01-24|2024-01-10_2024-01-24|2024-08-07_2024-08-21|2024-10-06_2024-10-20|2025-01-04_2025-01-18|2025-02-03_2025-02-17|2025-06-03_2025-06-17|2025-07-03_2025-07-17|2024-07-08_2024-07-22
0.2,4,CPI m/m|Core CPI m/m|Core PPI m/m|CPI y/y,Bad|Bad|Bad|Bad,1,1,0,100.0,0.0,inf,2021-05-10_2021-05-24
0.2,4,CPI m/m|Core CPI m/m|Core PPI m/m|CPI y/y,Neutral|Neutral|Good|Neutral,7,4,3,57.1,42.9,1.33,2021-10-07_2021-10-21|2022-03-06_2022-03-20|2023-03-31_2023-04-14|2025-03-05_2025-03-19|2025-05-04_2025-05-18|2025-09-01_2025-09-15|2025-04-04_2025-04-18
0.2,4,CPI m/m|Core CPI m/m|Core PPI m/m|CPI y/y,Bad|Neutral|Neutral|Bad,2,2,0,100.0,0.0,inf,2021-11-06_2021-11-20|2022-06-04_2022-06-18
0.2,4,CPI m/m|Core CPI m/m|Core PPI m/m|CPI y/y,Neutral|Neutral|Bad|Neutral,4,2,2,50.0,50.0,1.0,2022-04-05_2022-04-19|2024-05-09_2024-05-23|2025-08-02_2025-08-16|2026-02-13_2026-02-27
0.2,4,CPI m/m|Core CPI m/m|Core PPI m/m|CPI y/y,Neutral|Neutral|Neutral|Bad,2,1,1,50.0,50.0,1.0,2022-05-05_2022-05-19|2023-02-14_2023-02-28
0.2,4,CPI m/m|Core CPI m/m|Core PPI m/m|CPI y/y,Neutral|Neutral|Neutral|Good,1,0,1,0.0,100.0,0.0,2022-12-01_2022-12-15
0.2,4,CPI m/m|Core CPI m/m|Core PPI m/m|CPI y/y,Neutral|Neutral|Bad|Bad,2,0,2,0.0,100.0,0.0,2024-02-09_2024-02-23|2022-02-04_2022-02-18
0.3,4,CPI m/m|Core CPI m/m|Core PPI m/m|CPI y/y,Neutral|Neutral|Neutral|Neutral,17,12,5,70.6,29.4,2.4,2020-08-28_2020-09-11|2020-10-12_2020-10-26|2020-11-11_2020-11-25|2021-01-10_2021-01-24|2021-10-07_2021-10-21|2022-05-05_2022-05-19|2022-12-01_2022-12-15|2023-02-14_2023-02-28|2024-01-10_2024-01-24|2024-05-09_2024-05-23|2024-08-07_2024-08-21|2024-10-06_2024-10-20|2025-01-04_2025-01-18|2025-02-03_2025-02-17|2025-06-03_2025-06-17|2025-07-03_2025-07-17|2024-07-08_2024-07-22
0.3,4,CPI m/m|Core CPI m/m|Core PPI m/m|CPI y/y,Bad|Bad|Neutral|Bad,1,1,0,100.0,0.0,inf,2021-05-10_2021-05-24
0.3,4,CPI m/m|Core CPI m/m|Core PPI m/m|CPI y/y,Bad|Neutral|Neutral|Neutral,2,2,0,100.0,0.0,inf,2021-11-06_2021-11-20|2022-06-04_2022-06-18
0.3,4,CPI m/m|Core CPI m/m|Core PPI m/m|CPI y/y,Neutral|Neutral|Good|Neutral,6,4,2,66.7,33.3,2.0,2022-03-06_2022-03-20|2023-03-31_2023-04-14|2025-03-05_2025-03-19|2025-05-04_2025-05-18|2025-09-01_2025-09-15|2025-04-04_2025-04-18
0.3,4,CPI m/m|Core CPI m/m|Core PPI m/m|CPI y/y,Neutral|Neutral|Bad|Neutral,5,2,3,40.0,60.0,0.67,2022-04-05_2022-04-19|2024-02-09_2024-02-23|2025-08-02_2025-08-16|2026-02-13_2026-02-27|2022-02-04_2022-02-18
0.0,4,CPI m/m|PPI m/m|Core PPI m/m|CPI y/y,Bad|Bad|Bad|Bad,4,2,2,50.0,50.0,1.0,2020-08-28_2020-09-11|2021-05-10_2021-05-24|2024-02-09_2024-02-23|2022-02-04_2022-02-18
0.0,4,CPI m/m|PPI m/m|Core PPI m/m|CPI y/y,Neutral|Bad|Bad|Neutral,1,1,0,100.0,0.0,inf,2020-10-12_2020-10-26
0.0,4,CPI m/m|PPI m/m|Core PPI m/m|CPI y/y,Good|Bad|Good|Good,1,1,0,100.0,0.0,inf,2020-11-11_2020-11-25
0.0,4,CPI m/m|PPI m/m|Core PPI m/m|CPI y/y,Neutral|Good|Neutral|Neutral,1,1,0,100.0,0.0,inf,2021-01-10_2021-01-24
0.0,4,CPI m/m|PPI m/m|Core PPI m/m|CPI y/y,Bad|Good|Good|Bad,2,1,1,50.0,50.0,1.0,2021-10-07_2021-10-21|2024-01-10_2024-01-24
0.0,4,CPI m/m|PPI m/m|Core PPI m/m|CPI y/y,Bad|Neutral|Good|Bad,3,2,1,66.7,33.3,2.0,2021-11-06_2021-11-20|2022-05-05_2022-05-19|2022-06-04_2022-06-18
0.0,4,CPI m/m|PPI m/m|Core PPI m/m|CPI y/y,Neutral|Good|Good|Neutral,2,1,1,50.0,50.0,1.0,2022-03-06_2022-03-20|2025-01-04_2025-01-18
0.0,4,CPI m/m|PPI m/m|Core PPI m/m|CPI y/y,Neutral|Bad|Bad|Bad,2,1,1,50.0,50.0,1.0,2022-04-05_2022-04-19|2023-02-14_2023-02-28
0.0,4,CPI m/m|PPI m/m|Core PPI m/m|CPI y/y,Good|Bad|Bad|Good,3,2,1,66.7,33.3,2.0,2022-12-01_2022-12-15|2026-02-13_2026-02-27|2024-07-08_2024-07-22
0.0,4,CPI m/m|PPI m/m|Core PPI m/m|CPI y/y,Good|Good|Good|Good,5,5,0,100.0,0.0,inf,2023-03-31_2023-04-14|2025-03-05_2025-03-19|2025-05-04_2025-05-18|2025-06-03_2025-06-17|2025-04-04_2025-04-18
0.0,4,CPI m/m|PPI m/m|Core PPI m/m|CPI y/y,Good|Bad|Bad|Neutral,1,0,1,0.0,100.0,0.0,2024-05-09_2024-05-23
0.0,4,CPI m/m|PPI m/m|Core PPI m/m|CPI y/y,Neutral|Good|Good|Good,1,1,0,100.0,0.0,inf,2024-08-07_2024-08-21
0.0,4,CPI m/m|PPI m/m|Core PPI m/m|CPI y/y,Bad|Good|Neutral|Bad,1,0,1,0.0,100.0,0.0,2024-10-06_2024-10-20
0.0,4,CPI m/m|PPI m/m|Core PPI m/m|CPI y/y,Bad|Bad|Neutral|Bad,1,1,0,100.0,0.0,inf,2025-02-03_2025-02-17
0.0,4,CPI m/m|PPI m/m|Core PPI m/m|CPI y/y,Neutral|Good|Good|Bad,1,1,0,100.0,0.0,inf,2025-07-03_2025-07-17
0.0,4,CPI m/m|PPI m/m|Core PPI m/m|CPI y/y,Neutral|Bad|Bad|Good,1,1,0,100.0,0.0,inf,2025-08-02_2025-08-16
0.0,4,CPI m/m|PPI m/m|Core PPI m/m|CPI y/y,Bad|Good|Good|Neutral,1,0,1,0.0,100.0,0.0,2025-09-01_2025-09-15
0.1,4,CPI m/m|PPI m/m|Core PPI m/m|CPI y/y,Bad|Neutral|Bad|Bad,1,1,0,100.0,0.0,inf,2020-08-28_2020-09-11
0.1,4,CPI m/m|PPI m/m|Core PPI m/m|CPI y/y,Neutral|Bad|Bad|Neutral,3,2,1,66.7,33.3,2.0,2020-10-12_2020-10-26|2022-04-05_2022-04-19|2025-08-02_2025-08-16
0.1,4,CPI m/m|PPI m/m|Core PPI m/m|CPI y/y,Neutral|Neutral|Neutral|Good,1,1,0,100.0,0.0,inf,2020-11-11_2020-11-25
0.1,4,CPI m/m|PPI m/m|Core PPI m/m|CPI y/y,Neutral|Good|Neutral|Neutral,1,1,0,100.0,0.0,inf,2021-01-10_2021-01-24
0.1,4,CPI m/m|PPI m/m|Core PPI m/m|CPI y/y,Bad|Bad|Bad|Bad,2,1,1,50.0,50.0,1.0,2021-05-10_2021-05-24|2022-02-04_2022-02-18
0.1,4,CPI m/m|PPI m/m|Core PPI m/m|CPI y/y,Bad|Neutral|Good|Bad,1,0,1,0.0,100.0,0.0,2021-10-07_2021-10-21
0.1,4,CPI m/m|PPI m/m|Core PPI m/m|CPI y/y,Bad|Neutral|Neutral|Bad,2,2,0,100.0,0.0,inf,2021-11-06_2021-11-20|2022-06-04_2022-06-18
0.1,4,CPI m/m|PPI m/m|Core PPI m/m|CPI y/y,Neutral|Good|Good|Neutral,3,2,1,66.7,33.3,2.0,2022-03-06_2022-03-20|2023-03-31_2023-04-14|2025-01-04_2025-01-18
0.1,4,CPI m/m|PPI m/m|Core PPI m/m|CPI y/y,Neutral|Neutral|Good|Bad,1,0,1,0.0,100.0,0.0,2022-05-05_2022-05-19
0.1,4,CPI m/m|PPI m/m|Core PPI m/m|CPI y/y,Good|Neutral|Bad|Good,2,1,1,50.0,50.0,1.0,2022-12-01_2022-12-15|2024-07-08_2024-07-22
0.1,4,CPI m/m|PPI m/m|Core PPI m/m|CPI y/y,Neutral|Bad|Bad|Bad,2,1,1,50.0,50.0,1.0,2023-02-14_2023-02-28|2024-02-09_2024-02-23
0.1,4,CPI m/m|PPI m/m|Core PPI m/m|CPI y/y,Neutral|Good|Good|Bad,2,2,0,100.0,0.0,inf,2024-01-10_2024-01-24|2025-07-03_2025-07-17
0.1,4,CPI m/m|PPI m/m|Core PPI m/m|CPI y/y,Good|Bad|Bad|Neutral,1,0,1,0.0,100.0,0.0,2024-05-09_2024-05-23
0.1,4,CPI m/m|PPI m/m|Core PPI m/m|CPI y/y,Neutral|Neutral|Good|Good,2,2,0,100.0,0.0,inf,2024-08-07_2024-08-21|2025-06-03_2025-06-17
0.1,4,CPI m/m|PPI m/m|Core PPI m/m|CPI y/y,Neutral|Neutral|Neutral|Bad,1,0,1,0.0,100.0,0.0,2024-10-06_2024-10-20
0.1,4,CPI m/m|PPI m/m|Core PPI m/m|CPI y/y,Bad|Bad|Neutral|Bad,1,1,0,100.0,0.0,inf,2025-02-03_2025-02-17
0.1,4,CPI m/m|PPI m/m|Core PPI m/m|CPI y/y,Neutral|Good|Good|Good,2,2,0,100.0,0.0,inf,2025-03-05_2025-03-19|2025-05-04_2025-05-18
0.1,4,CPI m/m|PPI m/m|Core PPI m/m|CPI y/y,Bad|Good|Good|Neutral,1,0,1,0.0,100.0,0.0,2025-09-01_2025-09-15
0.1,4,CPI m/m|PPI m/m|Core PPI m/m|CPI y/y,Neutral|Bad|Bad|Good,1,1,0,100.0,0.0,inf,2026-02-13_2026-02-27
0.1,4,CPI m/m|PPI m/m|Core PPI m/m|CPI y/y,Good|Good|Good|Good,1,1,0,100.0,0.0,inf,2025-04-04_2025-04-18
0.2,4,CPI m/m|PPI m/m|Core PPI m/m|CPI y/y,Neutral|Neutral|Neutral|Neutral,12,11,1,91.7,8.3,11.0,2020-08-28_2020-09-11|2020-10-12_2020-10-26|2020-11-11_2020-11-25|2021-01-10_2021-01-24|2024-01-10_2024-01-24|2024-08-07_2024-08-21|2024-10-06_2024-10-20|2025-01-04_2025-01-18|2025-02-03_2025-02-17|2025-06-03_2025-06-17|2025-07-03_2025-07-17|2024-07-08_2024-07-22
0.2,4,CPI m/m|PPI m/m|Core PPI m/m|CPI y/y,Bad|Bad|Bad|Bad,1,1,0,100.0,0.0,inf,2021-05-10_2021-05-24
0.2,4,CPI m/m|PPI m/m|Core PPI m/m|CPI y/y,Neutral|Neutral|Good|Neutral,2,0,2,0.0,100.0,0.0,2021-10-07_2021-10-21|2022-03-06_2022-03-20
0.2,4,CPI m/m|PPI m/m|Core PPI m/m|CPI y/y,Bad|Neutral|Neutral|Bad,2,2,0,100.0,0.0,inf,2021-11-06_2021-11-20|2022-06-04_2022-06-18
0.2,4,CPI m/m|PPI m/m|Core PPI m/m|CPI y/y,Neutral|Bad|Bad|Neutral,2,1,1,50.0,50.0,1.0,2022-04-05_2022-04-19|2025-08-02_2025-08-16
0.2,4,CPI m/m|PPI m/m|Core PPI m/m|CPI y/y,Neutral|Neutral|Neutral|Bad,1,0,1,0.0,100.0,0.0,2022-05-05_2022-05-19
0.2,4,CPI m/m|PPI m/m|Core PPI m/m|CPI y/y,Neutral|Neutral|Neutral|Good,1,0,1,0.0,100.0,0.0,2022-12-01_2022-12-15
0.2,4,CPI m/m|PPI m/m|Core PPI m/m|CPI y/y,Neutral|Bad|Neutral|Bad,1,1,0,100.0,0.0,inf,2023-02-14_2023-02-28
0.2,4,CPI m/m|PPI m/m|Core PPI m/m|CPI y/y,Neutral|Good|Good|Neutral,5,4,1,80.0,20.0,4.0,2023-03-31_2023-04-14|2025-03-05_2025-03-19|2025-05-04_2025-05-18|2025-09-01_2025-09-15|2025-04-04_2025-04-18
0.2,4,CPI m/m|PPI m/m|Core PPI m/m|CPI y/y,Neutral|Neutral|Bad|Bad,1,0,1,0.0,100.0,0.0,2024-02-09_2024-02-23
0.2,4,CPI m/m|PPI m/m|Core PPI m/m|CPI y/y,Neutral|Neutral|Bad|Neutral,2,1,1,50.0,50.0,1.0,2024-05-09_2024-05-23|2026-02-13_2026-02-27
0.2,4,CPI m/m|PPI m/m|Core PPI m/m|CPI y/y,Neutral|Bad|Bad|Bad,1,0,1,0.0,100.0,0.0,2022-02-04_2022-02-18
0.3,4,CPI m/m|PPI m/m|Core PPI m/m|CPI y/y,Neutral|Neutral|Neutral|Neutral,17,12,5,70.6,29.4,2.4,2020-08-28_2020-09-11|2020-10-12_2020-10-26|2020-11-11_2020-11-25|2021-01-10_2021-01-24|2021-10-07_2021-10-21|2022-05-05_2022-05-19|2022-12-01_2022-12-15|2023-02-14_2023-02-28|2024-01-10_2024-01-24|2024-05-09_2024-05-23|2024-08-07_2024-08-21|2024-10-06_2024-10-20|2025-01-04_2025-01-18|2025-02-03_2025-02-17|2025-06-03_2025-06-17|2025-07-03_2025-07-17|2024-07-08_2024-07-22
0.3,4,CPI m/m|PPI m/m|Core PPI m/m|CPI y/y,Bad|Neutral|Neutral|Bad,1,1,0,100.0,0.0,inf,2021-05-10_2021-05-24
0.3,4,CPI m/m|PPI m/m|Core PPI m/m|CPI y/y,Bad|Neutral|Neutral|Neutral,2,2,0,100.0,0.0,inf,2021-11-06_2021-11-20|2022-06-04_2022-06-18
0.3,4,CPI m/m|PPI m/m|Core PPI m/m|CPI y/y,Neutral|Neutral|Good|Neutral,2,1,1,50.0,50.0,1.0,2022-03-06_2022-03-20|2025-03-05_2025-03-19
0.3,4,CPI m/m|PPI m/m|Core PPI m/m|CPI y/y,Neutral|Neutral|Bad|Neutral,3,1,2,33.3,66.7,0.5,2022-04-05_2022-04-19|2024-02-09_2024-02-23|2026-02-13_2026-02-27
0.3,4,CPI m/m|PPI m/m|Core PPI m/m|CPI y/y,Neutral|Good|Good|Neutral,4,3,1,75.0,25.0,3.0,2023-03-31_2023-04-14|2025-05-04_2025-05-18|2025-09-01_2025-09-15|2025-04-04_2025-04-18
0.3,4,CPI m/m|PPI m/m|Core PPI m/m|CPI y/y,Neutral|Bad|Bad|Neutral,2,1,1,50.0,50.0,1.0,2025-08-02_2025-08-16|2022-02-04_2022-02-18
0.0,4,Core CPI m/m|PPI m/m|Core PPI m/m|CPI y/y,Bad|Bad|Bad|Bad,4,2,2,50.0,50.0,1.0,2020-08-28_2020-09-11|2021-05-10_2021-05-24|2024-02-09_2024-02-23|2022-02-04_2022-02-18
0.0,4,Core CPI m/m|PPI m/m|Core PPI m/m|CPI y/y,Neutral|Bad|Bad|Neutral,2,1,1,50.0,50.0,1.0,2020-10-12_2020-10-26|2024-05-09_2024-05-23
0.0,4,Core CPI m/m|PPI m/m|Core PPI m/m|CPI y/y,Good|Bad|Good|Good,1,1,0,100.0,0.0,inf,2020-11-11_2020-11-25
0.0,4,Core CPI m/m|PPI m/m|Core PPI m/m|CPI y/y,Neutral|Good|Neutral|Neutral,1,1,0,100.0,0.0,inf,2021-01-10_2021-01-24
0.0,4,Core CPI m/m|PPI m/m|Core PPI m/m|CPI y/y,Neutral|Good|Good|Bad,2,1,1,50.0,50.0,1.0,2021-10-07_2021-10-21|2024-01-10_2024-01-24
0.0,4,Core CPI m/m|PPI m/m|Core PPI m/m|CPI y/y,Bad|Neutral|Good|Bad,3,2,1,66.7,33.3,2.0,2021-11-06_2021-11-20|2022-05-05_2022-05-19|2022-06-04_2022-06-18
0.0,4,Core CPI m/m|PPI m/m|Core PPI m/m|CPI y/y,Neutral|Good|Good|Neutral,2,0,2,0.0,100.0,0.0,2022-03-06_2022-03-20|2025-09-01_2025-09-15
0.0,4,Core CPI m/m|PPI m/m|Core PPI m/m|CPI y/y,Good|Bad|Bad|Bad,1,0,1,0.0,100.0,0.0,2022-04-05_2022-04-19
0.0,4,Core CPI m/m|PPI m/m|Core PPI m/m|CPI y/y,Good|Bad|Bad|Good,2,1,1,50.0,50.0,1.0,2022-12-01_2022-12-15|2024-07-08_2024-07-22
0.0,4,Core CPI m/m|PPI m/m|Core PPI m/m|CPI y/y,Neutral|Bad|Bad|Bad,1,1,0,100.0,0.0,inf,2023-02-14_2023-02-28
0.0,4,Core CPI m/m|PPI m/m|Core PPI m/m|CPI y/y,Neutral|Good|Good|Good,2,2,0,100.0,0.0,inf,2023-03-31_2023-04-14|2024-08-07_2024-08-21
0.0,4,Core CPI m/m|PPI m/m|Core PPI m/m|CPI y/y,Bad|Good|Neutral|Bad,1,0,1,0.0,100.0,0.0,2024-10-06_2024-10-20
0.0,4,Core CPI m/m|PPI m/m|Core PPI m/m|CPI y/y,Good|Good|Good|Neutral,1,1,0,100.0,0.0,inf,2025-01-04_2025-01-18
0.0,4,Core CPI m/m|PPI m/m|Core PPI m/m|CPI y/y,Bad|Bad|Neutral|Bad,1,1,0,100.0,0.0,inf,2025-02-03_2025-02-17
0.0,4,Core CPI m/m|PPI m/m|Core PPI m/m|CPI y/y,Good|Good|Good|Good,4,4,0,100.0,0.0,inf,2025-03-05_2025-03-19|2025-05-04_2025-05-18|2025-06-03_2025-06-17|2025-04-04_2025-04-18
0.0,4,Core CPI m/m|PPI m/m|Core PPI m/m|CPI y/y,Good|Good|Good|Bad,1,1,0,100.0,0.0,inf,2025-07-03_2025-07-17
0.0,4,Core CPI m/m|PPI m/m|Core PPI m/m|CPI y/y,Neutral|Bad|Bad|Good,2,2,0,100.0,0.0,inf,2025-08-02_2025-08-16|2026-02-13_2026-02-27
0.1,4,Core CPI m/m|PPI m/m|Core PPI m/m|CPI y/y,Bad|Neutral|Bad|Bad,1,1,0,100.0,0.0,inf,2020-08-28_2020-09-11
0.1,4,Core CPI m/m|PPI m/m|Core PPI m/m|CPI y/y,Neutral|Bad|Bad|Neutral,3,2,1,66.7,33.3,2.0,2020-10-12_2020-10-26|2024-05-09_2024-05-23|2025-08-02_2025-08-16
0.1,4,Core CPI m/m|PPI m/m|Core PPI m/m|CPI y/y,Good|Neutral|Neutral|Good,1,1,0,100.0,0.0,inf,2020-11-11_2020-11-25
0.1,4,Core CPI m/m|PPI m/m|Core PPI m/m|CPI y/y,Neutral|Good|Neutral|Neutral,1,1,0,100.0,0.0,inf,2021-01-10_2021-01-24
0.1,4,Core CPI m/m|PPI m/m|Core PPI m/m|CPI y/y,Bad|Bad|Bad|Bad,2,1,1,50.0,50.0,1.0,2021-05-10_2021-05-24|2024-02-09_2024-02-23
0.1,4,Core CPI m/m|PPI m/m|Core PPI m/m|CPI y/y,Neutral|Neutral|Good|Bad,1,0,1,0.0,100.0,0.0,2021-10-07_2021-10-21
0.1,4,Core CPI m/m|PPI m/m|Core PPI m/m|CPI y/y,Bad|Neutral|Neutral|Bad,1,1,0,100.0,0.0,inf,2021-11-06_2021-11-20
0.1,4,Core CPI m/m|PPI m/m|Core PPI m/m|CPI y/y,Neutral|Good|Good|Neutral,4,2,2,50.0,50.0,1.0,2022-03-06_2022-03-20|2023-03-31_2023-04-14|2025-01-04_2025-01-18|2025-09-01_2025-09-15
0.1,4,Core CPI m/m|PPI m/m|Core PPI m/m|CPI y/y,Good|Bad|Bad|Neutral,1,0,1,0.0,100.0,0.0,2022-04-05_2022-04-19
0.1,4,Core CPI m/m|PPI m/m|Core PPI m/m|CPI y/y,Bad|Neutral|Good|Bad,1,0,1,0.0,100.0,0.0,2022-05-05_2022-05-19
0.1,4,Core CPI m/m|PPI m/m|Core PPI m/m|CPI y/y,Neutral|Neutral|Bad|Good,2,1,1,50.0,50.0,1.0,2022-12-01_2022-12-15|2024-07-08_2024-07-22
0.1,4,Core CPI m/m|PPI m/m|Core PPI m/m|CPI y/y,Neutral|Bad|Bad|Bad,2,1,1,50.0,50.0,1.0,2023-02-14_2023-02-28|2022-02-04_2022-02-18
0.1,4,Core CPI m/m|PPI m/m|Core PPI m/m|CPI y/y,Neutral|Good|Good|Bad,2,2,0,100.0,0.0,inf,2024-01-10_2024-01-24|2025-07-03_2025-07-17
0.1,4,Core CPI m/m|PPI m/m|Core PPI m/m|CPI y/y,Neutral|Neutral|Good|Good,1,1,0,100.0,0.0,inf,2024-08-07_2024-08-21
0.1,4,Core CPI m/m|PPI m/m|Core PPI m/m|CPI y/y,Neutral|Neutral|Neutral|Bad,2,1,1,50.0,50.0,1.0,2024-10-06_2024-10-20|2022-06-04_2022-06-18
0.1,4,Core CPI m/m|PPI m/m|Core PPI m/m|CPI y/y,Bad|Bad|Neutral|Bad,1,1,0,100.0,0.0,inf,2025-02-03_2025-02-17
0.1,4,Core CPI m/m|PPI m/m|Core PPI m/m|CPI y/y,Neutral|Good|Good|Good,2,2,0,100.0,0.0,inf,2025-03-05_2025-03-19|2025-05-04_2025-05-18
0.1,4,Core CPI m/m|PPI m/m|Core PPI m/m|CPI y/y,Good|Neutral|Good|Good,1,1,0,100.0,0.0,inf,2025-06-03_2025-06-17
0.1,4,Core CPI m/m|PPI m/m|Core PPI m/m|CPI y/y,Neutral|Bad|Bad|Good,1,1,0,100.0,0.0,inf,2026-02-13_2026-02-27
0.1,4,Core CPI m/m|PPI m/m|Core PPI m/m|CPI y/y,Good|Good|Good|Good,1,1,0,100.0,0.0,inf,2025-04-04_2025-04-18
0.2,4,Core CPI m/m|PPI m/m|Core PPI m/m|CPI y/y,Neutral|Neutral|Neutral|Neutral,12,11,1,91.7,8.3,11.0,2020-08-28_2020-09-11|2020-10-12_2020-10-26|2020-11-11_2020-11-25|2021-01-10_2021-01-24|2024-01-10_2024-01-24|2024-08-07_2024-08-21|2024-10-06_2024-10-20|2025-01-04_2025-01-18|2025-02-03_2025-02-17|2025-06-03_2025-06-17|2025-07-03_2025-07-17|2024-07-08_2024-07-22
0.2,4,Core CPI m/m|PPI m/m|Core PPI m/m|CPI y/y,Bad|Bad|Bad|Bad,1,1,0,100.0,0.0,inf,2021-05-10_2021-05-24
0.2,4,Core CPI m/m|PPI m/m|Core PPI m/m|CPI y/y,Neutral|Neutral|Good|Neutral,2,0,2,0.0,100.0,0.0,2021-10-07_2021-10-21|2022-03-06_2022-03-20
0.2,4,Core CPI m/m|PPI m/m|Core PPI m/m|CPI y/y,Neutral|Neutral|Neutral|Bad,3,2,1,66.7,33.3,2.0,2021-11-06_2021-11-20|2022-05-05_2022-05-19|2022-06-04_2022-06-18
0.2,4,Core CPI m/m|PPI m/m|Core PPI m/m|CPI y/y,Neutral|Bad|Bad|Neutral,2,1,1,50.0,50.0,1.0,2022-04-05_2022-04-19|2025-08-02_2025-08-16
0.2,4,Core CPI m/m|PPI m/m|Core PPI m/m|CPI y/y,Neutral|Neutral|Neutral|Good,1,0,1,0.0,100.0,0.0,2022-12-01_2022-12-15
0.2,4,Core CPI m/m|PPI m/m|Core PPI m/m|CPI y/y,Neutral|Bad|Neutral|Bad,1,1,0,100.0,0.0,inf,2023-02-14_2023-02-28
0.2,4,Core CPI m/m|PPI m/m|Core PPI m/m|CPI y/y,Neutral|Good|Good|Neutral,5,4,1,80.0,20.0,4.0,2023-03-31_2023-04-14|2025-03-05_2025-03-19|2025-05-04_2025-05-18|2025-09-01_2025-09-15|2025-04-04_2025-04-18
0.2,4,Core CPI m/m|PPI m/m|Core PPI m/m|CPI y/y,Neutral|Neutral|Bad|Bad,1,0,1,0.0,100.0,0.0,2024-02-09_2024-02-23
0.2,4,Core CPI m/m|PPI m/m|Core PPI m/m|CPI y/y,Neutral|Neutral|Bad|Neutral,2,1,1,50.0,50.0,1.0,2024-05-09_2024-05-23|2026-02-13_2026-02-27
0.2,4,Core CPI m/m|PPI m/m|Core PPI m/m|CPI y/y,Neutral|Bad|Bad|Bad,1,0,1,0.0,100.0,0.0,2022-02-04_2022-02-18
0.3,4,Core CPI m/m|PPI m/m|Core PPI m/m|CPI y/y,Neutral|Neutral|Neutral|Neutral,19,14,5,73.7,26.3,2.8,2020-08-28_2020-09-11|2020-10-12_2020-10-26|2020-11-11_2020-11-25|2021-01-10_2021-01-24|2021-10-07_2021-10-21|2021-11-06_2021-11-20|2022-05-05_2022-05-19|2022-12-01_2022-12-15|2023-02-14_2023-02-28|2024-01-10_2024-01-24|2024-05-09_2024-05-23|2024-08-07_2024-08-21|2024-10-06_2024-10-20|2025-01-04_2025-01-18|2025-02-03_2025-02-17|2025-06-03_2025-06-17|2025-07-03_2025-07-17|2022-06-04_2022-06-18|2024-07-08_2024-07-22
0.3,4,Core CPI m/m|PPI m/m|Core PPI m/m|CPI y/y,Bad|Neutral|Neutral|Bad,1,1,0,100.0,0.0,inf,2021-05-10_2021-05-24
0.3,4,Core CPI m/m|PPI m/m|Core PPI m/m|CPI y/y,Neutral|Neutral|Good|Neutral,2,1,1,50.0,50.0,1.0,2022-03-06_2022-03-20|2025-03-05_2025-03-19
0.3,4,Core CPI m/m|PPI m/m|Core PPI m/m|CPI y/y,Neutral|Neutral|Bad|Neutral,3,1,2,33.3,66.7,0.5,2022-04-05_2022-04-19|2024-02-09_2024-02-23|2026-02-13_2026-02-27
0.3,4,Core CPI m/m|PPI m/m|Core PPI m/m|CPI y/y,Neutral|Good|Good|Neutral,4,3,1,75.0,25.0,3.0,2023-03-31_2023-04-14|2025-05-04_2025-05-18|2025-09-01_2025-09-15|2025-04-04_2025-04-18
0.3,4,Core CPI m/m|PPI m/m|Core PPI m/m|CPI y/y,Neutral|Bad|Bad|Neutral,2,1,1,50.0,50.0,1.0,2025-08-02_2025-08-16|2022-02-04_2022-02-18
0.0,5,CPI m/m|Core CPI m/m|PPI m/m|Core PPI m/m|CPI y/y,Bad|Bad|Bad|Bad|Bad,4,2,2,50.0,50.0,1.0,2020-08-28_2020-09-11|2021-05-10_2021-05-24|2024-02-09_2024-02-23|2022-02-04_2022-02-18
0.0,5,CPI m/m|Core CPI m/m|PPI m/m|Core PPI m/m|CPI y/y,Neutral|Neutral|Bad|Bad|Neutral,1,1,0,100.0,0.0,inf,2020-10-12_2020-10-26
0.0,5,CPI m/m|Core CPI m/m|PPI m/m|Core PPI m/m|CPI y/y,Good|Good|Bad|Good|Good,1,1,0,100.0,0.0,inf,2020-11-11_2020-11-25
0.0,5,CPI m/m|Core CPI m/m|PPI m/m|Core PPI m/m|CPI y/y,Neutral|Neutral|Good|Neutral|Neutral,1,1,0,100.0,0.0,inf,2021-01-10_2021-01-24
0.0,5,CPI m/m|Core CPI m/m|PPI m/m|Core PPI m/m|CPI y/y,Bad|Neutral|Good|Good|Bad,2,1,1,50.0,50.0,1.0,2021-10-07_2021-10-21|2024-01-10_2024-01-24
0.0,5,CPI m/m|Core CPI m/m|PPI m/m|Core PPI m/m|CPI y/y,Bad|Bad|Neutral|Good|Bad,3,2,1,66.7,33.3,2.0,2021-11-06_2021-11-20|2022-05-05_2022-05-19|2022-06-04_2022-06-18
0.0,5,CPI m/m|Core CPI m/m|PPI m/m|Core PPI m/m|CPI y/y,Neutral|Neutral|Good|Good|Neutral,1,0,1,0.0,100.0,0.0,2022-03-06_2022-03-20
0.0,5,CPI m/m|Core CPI m/m|PPI m/m|Core PPI m/m|CPI y/y,Neutral|Good|Bad|Bad|Bad,1,0,1,0.0,100.0,0.0,2022-04-05_2022-04-19
0.0,5,CPI m/m|Core CPI m/m|PPI m/m|Core PPI m/m|CPI y/y,Good|Good|Bad|Bad|Good,2,1,1,50.0,50.0,1.0,2022-12-01_2022-12-15|2024-07-08_2024-07-22
0.0,5,CPI m/m|Core CPI m/m|PPI m/m|Core PPI m/m|CPI y/y,Neutral|Neutral|Bad|Bad|Bad,1,1,0,100.0,0.0,inf,2023-02-14_2023-02-28
0.0,5,CPI m/m|Core CPI m/m|PPI m/m|Core PPI m/m|CPI y/y,Good|Neutral|Good|Good|Good,1,1,0,100.0,0.0,inf,2023-03-31_2023-04-14
0.0,5,CPI m/m|Core CPI m/m|PPI m/m|Core PPI m/m|CPI y/y,Good|Neutral|Bad|Bad|Neutral,1,0,1,0.0,100.0,0.0,2024-05-09_2024-05-23
0.0,5,CPI m/m|Core CPI m/m|PPI m/m|Core PPI m/m|CPI y/y,Neutral|Neutral|Good|Good|Good,1,1,0,100.0,0.0,inf,2024-08-07_2024-08-21
0.0,5,CPI m/m|Core CPI m/m|PPI m/m|Core PPI m/m|CPI y/y,Bad|Bad|Good|Neutral|Bad,1,0,1,0.0,100.0,0.0,2024-10-06_2024-10-20
0.0,5,CPI m/m|Core CPI m/m|PPI m/m|Core PPI m/m|CPI y/y,Neutral|Good|Good|Good|Neutral,1,1,0,100.0,0.0,inf,2025-01-04_2025-01-18
0.0,5,CPI m/m|Core CPI m/m|PPI m/m|Core PPI m/m|CPI y/y,Bad|Bad|Bad|Neutral|Bad,1,1,0,100.0,0.0,inf,2025-02-03_2025-02-17
0.0,5,CPI m/m|Core CPI m/m|PPI m/m|Core PPI m/m|CPI y/y,Good|Good|Good|Good|Good,4,4,0,100.0,0.0,inf,2025-03-05_2025-03-19|2025-05-04_2025-05-18|2025-06-03_2025-06-17|2025-04-04_2025-04-18
0.0,5,CPI m/m|Core CPI m/m|PPI m/m|Core PPI m/m|CPI y/y,Neutral|Good|Good|Good|Bad,1,1,0,100.0,0.0,inf,2025-07-03_2025-07-17
0.0,5,CPI m/m|Core CPI m/m|PPI m/m|Core PPI m/m|CPI y/y,Neutral|Neutral|Bad|Bad|Good,1,1,0,100.0,0.0,inf,2025-08-02_2025-08-16
0.0,5,CPI m/m|Core CPI m/m|PPI m/m|Core PPI m/m|CPI y/y,Bad|Neutral|Good|Good|Neutral,1,0,1,0.0,100.0,0.0,2025-09-01_2025-09-15
0.0,5,CPI m/m|Core CPI m/m|PPI m/m|Core PPI m/m|CPI y/y,Good|Neutral|Bad|Bad|Good,1,1,0,100.0,0.0,inf,2026-02-13_2026-02-27
0.1,5,CPI m/m|Core CPI m/m|PPI m/m|Core PPI m/m|CPI y/y,Bad|Bad|Neutral|Bad|Bad,1,1,0,100.0,0.0,inf,2020-08-28_2020-09-11
0.1,5,CPI m/m|Core CPI m/m|PPI m/m|Core PPI m/m|CPI y/y,Neutral|Neutral|Bad|Bad|Neutral,2,2,0,100.0,0.0,inf,2020-10-12_2020-10-26|2025-08-02_2025-08-16
0.1,5,CPI m/m|Core CPI m/m|PPI m/m|Core PPI m/m|CPI y/y,Neutral|Good|Neutral|Neutral|Good,1,1,0,100.0,0.0,inf,2020-11-11_2020-11-25
0.1,5,CPI m/m|Core CPI m/m|PPI m/m|Core PPI m/m|CPI y/y,Neutral|Neutral|Good|Neutral|Neutral,1,1,0,100.0,0.0,inf,2021-01-10_2021-01-24
0.1,5,CPI m/m|Core CPI m/m|PPI m/m|Core PPI m/m|CPI y/y,Bad|Bad|Bad|Bad|Bad,1,1,0,100.0,0.0,inf,2021-05-10_2021-05-24
0.1,5,CPI m/m|Core CPI m/m|PPI m/m|Core PPI m/m|CPI y/y,Bad|Neutral|Neutral|Good|Bad,1,0,1,0.0,100.0,0.0,2021-10-07_2021-10-21
0.1,5,CPI m/m|Core CPI m/m|PPI m/m|Core PPI m/m|CPI y/y,Bad|Bad|Neutral|Neutral|Bad,1,1,0,100.0,0.0,inf,2021-11-06_2021-11-20
0.1,5,CPI m/m|Core CPI m/m|PPI m/m|Core PPI m/m|CPI y/y,Neutral|Neutral|Good|Good|Neutral,3,2,1,66.7,33.3,2.0,2022-03-06_2022-03-20|2023-03-31_2023-04-14|2025-01-04_2025-01-18
0.1,5,CPI m/m|Core CPI m/m|PPI m/m|Core PPI m/m|CPI y/y,Neutral|Good|Bad|Bad|Neutral,1,0,1,0.0,100.0,0.0,2022-04-05_2022-04-19
0.1,5,CPI m/m|Core CPI m/m|PPI m/m|Core PPI m/m|CPI y/y,Neutral|Bad|Neutral|Good|Bad,1,0,1,0.0,100.0,0.0,2022-05-05_2022-05-19
0.1,5,CPI m/m|Core CPI m/m|PPI m/m|Core PPI m/m|CPI y/y,Good|Neutral|Neutral|Bad|Good,2,1,1,50.0,50.0,1.0,2022-12-01_2022-12-15|2024-07-08_2024-07-22
0.1,5,CPI m/m|Core CPI m/m|PPI m/m|Core PPI m/m|CPI y/y,Neutral|Neutral|Bad|Bad|Bad,1,1,0,100.0,0.0,inf,2023-02-14_2023-02-28
0.1,5,CPI m/m|Core CPI m/m|PPI m/m|Core PPI m/m|CPI y/y,Neutral|Neutral|Good|Good|Bad,2,2,0,100.0,0.0,inf,2024-01-10_2024-01-24|2025-07-03_2025-07-17
0.1,5,CPI m/m|Core CPI m/m|PPI m/m|Core PPI m/m|CPI y/y,Neutral|Bad|Bad|Bad|Bad,1,0,1,0.0,100.0,0.0,2024-02-09_2024-02-23
0.1,5,CPI m/m|Core CPI m/m|PPI m/m|Core PPI m/m|CPI y/y,Good|Neutral|Bad|Bad|Neutral,1,0,1,0.0,100.0,0.0,2024-05-09_2024-05-23
0.1,5,CPI m/m|Core CPI m/m|PPI m/m|Core PPI m/m|CPI y/y,Neutral|Neutral|Neutral|Good|Good,1,1,0,100.0,0.0,inf,2024-08-07_2024-08-21
0.1,5,CPI m/m|Core CPI m/m|PPI m/m|Core PPI m/m|CPI y/y,Neutral|Neutral|Neutral|Neutral|Bad,1,0,1,0.0,100.0,0.0,2024-10-06_2024-10-20
0.1,5,CPI m/m|Core CPI m/m|PPI m/m|Core PPI m/m|CPI y/y,Bad|Bad|Bad|Neutral|Bad,1,1,0,100.0,0.0,inf,2025-02-03_2025-02-17
0.1,5,CPI m/m|Core CPI m/m|PPI m/m|Core PPI m/m|CPI y/y,Neutral|Neutral|Good|Good|Good,2,2,0,100.0,0.0,inf,2025-03-05_2025-03-19|2025-05-04_2025-05-18
0.1,5,CPI m/m|Core CPI m/m|PPI m/m|Core PPI m/m|CPI y/y,Neutral|Good|Neutral|Good|Good,1,1,0,100.0,0.0,inf,2025-06-03_2025-06-17
0.1,5,CPI m/m|Core CPI m/m|PPI m/m|Core PPI m/m|CPI y/y,Bad|Neutral|Good|Good|Neutral,1,0,1,0.0,100.0,0.0,2025-09-01_2025-09-15
0.1,5,CPI m/m|Core CPI m/m|PPI m/m|Core PPI m/m|CPI y/y,Neutral|Neutral|Bad|Bad|Good,1,1,0,100.0,0.0,inf,2026-02-13_2026-02-27
0.1,5,CPI m/m|Core CPI m/m|PPI m/m|Core PPI m/m|CPI y/y,Bad|Neutral|Bad|Bad|Bad,1,0,1,0.0,100.0,0.0,2022-02-04_2022-02-18
0.1,5,CPI m/m|Core CPI m/m|PPI m/m|Core PPI m/m|CPI y/y,Bad|Neutral|Neutral|Neutral|Bad,1,1,0,100.0,0.0,inf,2022-06-04_2022-06-18
0.1,5,CPI m/m|Core CPI m/m|PPI m/m|Core PPI m/m|CPI y/y,Good|Good|Good|Good|Good,1,1,0,100.0,0.0,inf,2025-04-04_2025-04-18
0.2,5,CPI m/m|Core CPI m/m|PPI m/m|Core PPI m/m|CPI y/y,Neutral|Neutral|Neutral|Neutral|Neutral,12,11,1,91.7,8.3,11.0,2020-08-28_2020-09-11|2020-10-12_2020-10-26|2020-11-11_2020-11-25|2021-01-10_2021-01-24|2024-01-10_2024-01-24|2024-08-07_2024-08-21|2024-10-06_2024-10-20|2025-01-04_2025-01-18|2025-02-03_2025-02-17|2025-06-03_2025-06-17|2025-07-03_2025-07-17|2024-07-08_2024-07-22
0.2,5,CPI m/m|Core CPI m/m|PPI m/m|Core PPI m/m|CPI y/y,Bad|Bad|Bad|Bad|Bad,1,1,0,100.0,0.0,inf,2021-05-10_2021-05-24
0.2,5,CPI m/m|Core CPI m/m|PPI m/m|Core PPI m/m|CPI y/y,Neutral|Neutral|Neutral|Good|Neutral,2,0,2,0.0,100.0,0.0,2021-10-07_2021-10-21|2022-03-06_2022-03-20
0.2,5,CPI m/m|Core CPI m/m|PPI m/m|Core PPI m/m|CPI y/y,Bad|Neutral|Neutral|Neutral|Bad,2,2,0,100.0,0.0,inf,2021-11-06_2021-11-20|2022-06-04_2022-06-18
0.2,5,CPI m/m|Core CPI m/m|PPI m/m|Core PPI m/m|CPI y/y,Neutral|Neutral|Bad|Bad|Neutral,2,1,1,50.0,50.0,1.0,2022-04-05_2022-04-19|2025-08-02_2025-08-16
0.2,5,CPI m/m|Core CPI m/m|PPI m/m|Core PPI m/m|CPI y/y,Neutral|Neutral|Neutral|Neutral|Bad,1,0,1,0.0,100.0,0.0,2022-05-05_2022-05-19
0.2,5,CPI m/m|Core CPI m/m|PPI m/m|Core PPI m/m|CPI y/y,Neutral|Neutral|Neutral|Neutral|Good,1,0,1,0.0,100.0,0.0,2022-12-01_2022-12-15
0.2,5,CPI m/m|Core CPI m/m|PPI m/m|Core PPI m/m|CPI y/y,Neutral|Neutral|Bad|Neutral|Bad,1,1,0,100.0,0.0,inf,2023-02-14_2023-02-28
0.2,5,CPI m/m|Core CPI m/m|PPI m/m|Core PPI m/m|CPI y/y,Neutral|Neutral|Good|Good|Neutral,5,4,1,80.0,20.0,4.0,2023-03-31_2023-04-14|2025-03-05_2025-03-19|2025-05-04_2025-05-18|2025-09-01_2025-09-15|2025-04-04_2025-04-18
0.2,5,CPI m/m|Core CPI m/m|PPI m/m|Core PPI m/m|CPI y/y,Neutral|Neutral|Neutral|Bad|Bad,1,0,1,0.0,100.0,0.0,2024-02-09_2024-02-23
0.2,5,CPI m/m|Core CPI m/m|PPI m/m|Core PPI m/m|CPI y/y,Neutral|Neutral|Neutral|Bad|Neutral,2,1,1,50.0,50.0,1.0,2024-05-09_2024-05-23|2026-02-13_2026-02-27
0.2,5,CPI m/m|Core CPI m/m|PPI m/m|Core PPI m/m|CPI y/y,Neutral|Neutral|Bad|Bad|Bad,1,0,1,0.0,100.0,0.0,2022-02-04_2022-02-18
0.3,5,CPI m/m|Core CPI m/m|PPI m/m|Core PPI m/m|CPI y/y,Neutral|Neutral|Neutral|Neutral|Neutral,17,12,5,70.6,29.4,2.4,2020-08-28_2020-09-11|2020-10-12_2020-10-26|2020-11-11_2020-11-25|2021-01-10_2021-01-24|2021-10-07_2021-10-21|2022-05-05_2022-05-19|2022-12-01_2022-12-15|2023-02-14_2023-02-28|2024-01-10_2024-01-24|2024-05-09_2024-05-23|2024-08-07_2024-08-21|2024-10-06_2024-10-20|2025-01-04_2025-01-18|2025-02-03_2025-02-17|2025-06-03_2025-06-17|2025-07-03_2025-07-17|2024-07-08_2024-07-22
0.3,5,CPI m/m|Core CPI m/m|PPI m/m|Core PPI m/m|CPI y/y,Bad|Bad|Neutral|Neutral|Bad,1,1,0,100.0,0.0,inf,2021-05-10_2021-05-24
0.3,5,CPI m/m|Core CPI m/m|PPI m/m|Core PPI m/m|CPI y/y,Bad|Neutral|Neutral|Neutral|Neutral,2,2,0,100.0,0.0,inf,2021-11-06_2021-11-20|2022-06-04_2022-06-18
0.3,5,CPI m/m|Core CPI m/m|PPI m/m|Core PPI m/m|CPI y/y,Neutral|Neutral|Neutral|Good|Neutral,2,1,1,50.0,50.0,1.0,2022-03-06_2022-03-20|2025-03-05_2025-03-19
0.3,5,CPI m/m|Core CPI m/m|PPI m/m|Core PPI m/m|CPI y/y,Neutral|Neutral|Neutral|Bad|Neutral,3,1,2,33.3,66.7,0.5,2022-04-05_2022-04-19|2024-02-09_2024-02-23|2026-02-13_2026-02-27
0.3,5,CPI m/m|Core CPI m/m|PPI m/m|Core PPI m/m|CPI y/y,Neutral|Neutral|Good|Good|Neutral,4,3,1,75.0,25.0,3.0,2023-03-31_2023-04-14|2025-05-04_2025-05-18|2025-09-01_2025-09-15|2025-04-04_2025-04-18
0.3,5,CPI m/m|Core CPI m/m|PPI m/m|Core PPI m/m|CPI y/y,Neutral|Neutral|Bad|Bad|Neutral,2,1,1,50.0,50.0,1.0,2025-08-02_2025-08-16|2022-02-04_2022-02-18
