آستانه,تعداد_شاخص‌ها,لیست_شاخص‌ها,الگوی_وضعیت,تعداد_کل_وقوع,تعداد_ضررده,تعداد_سودده,درصد_ضررده,درصد_سودده,نسبت_شانس,دوره‌ها
0.0,1,CPI m/m,Neutral,19,10,9,52.6,47.4,1.11,2017-12-14_2018-01-12|2018-02-15_2018-03-16|2018-07-13_2018-08-11|2018-11-15_2018-12-14|2018-12-13_2019-01-11|2019-02-14_2019-03-15|2019-08-14_2019-09-12|2021-01-14_2021-02-12|2021-02-11_2021-03-12|2021-07-14_2021-08-12|2022-02-11_2022-03-12|2022-12-14_2023-01-12|2023-02-15_2023-03-16|2023-04-13_2023-05-12|2023-07-13_2023-08-11|2024-02-14_2024-03-14|2024-08-15_2024-09-13|2024-11-14_2024-12-13|2025-07-16_2025-08-14
0.0,1,CPI m/m,Good,19,7,12,36.8,63.2,0.58,2018-03-14_2018-04-12|2018-04-12_2018-05-11|2018-06-13_2018-07-12|2018-09-14_2018-10-13|2019-04-11_2019-05-10|2019-09-13_2019-10-12|2020-01-15_2020-02-13|2020-03-12_2020-04-10|2020-05-13_2020-06-11|2020-10-14_2020-11-12|2022-07-14_2022-08-12|2022-10-14_2022-11-12|2023-03-15_2023-04-13|2023-06-14_2023-07-13|2024-05-16_2024-06-14|2024-06-13_2024-07-12|2025-02-13_2025-03-14|2025-03-13_2025-04-11|2025-05-14_2025-06-12
0.0,1,CPI m/m,Bad,23,13,10,56.5,43.5,1.3,2019-03-13_2019-04-11|2019-06-13_2019-07-12|2019-11-14_2019-12-13|2020-02-14_2020-03-14|2020-07-15_2020-08-13|2020-08-13_2020-09-11|2020-11-13_2020-12-12|2021-04-14_2021-05-13|2021-05-13_2021-06-11|2021-09-15_2021-10-14|2021-10-14_2021-11-12|2021-11-11_2021-12-10|2022-01-13_2022-02-11|2022-04-13_2022-05-12|2022-05-12_2022-06-10|2022-09-14_2022-10-13|2023-09-14_2023-10-13|2023-11-15_2023-12-14|2023-12-13_2024-01-11|2024-03-13_2024-04-11|2024-09-12_2024-10-11|2025-01-16_2025-02-14|2025-08-13_2025-09-11
0.1,1,CPI m/m,Neutral,40,19,21,47.5,52.5,0.9,2017-12-14_2018-01-12|2018-02-15_2018-03-16|2018-03-14_2018-04-12|2018-04-12_2018-05-11|2018-06-13_2018-07-12|2018-07-13_2018-08-11|2018-09-14_2018-10-13|2018-11-15_2018-12-14|2018-12-13_2019-01-11|2019-02-14_2019-03-15|2019-06-13_2019-07-12|2019-08-14_2019-09-12|2019-09-13_2019-10-12|2019-11-14_2019-12-13|2020-01-15_2020-02-13|2020-02-14_2020-03-14|2020-05-13_2020-06-11|2020-10-14_2020-11-12|2020-11-13_2020-12-12|2021-01-14_2021-02-12|2021-02-11_2021-03-12|2021-07-14_2021-08-12|2022-02-11_2022-03-12|2022-04-13_2022-05-12|2022-12-14_2023-01-12|2023-02-15_2023-03-16|2023-03-15_2023-04-13|2023-04-13_2023-05-12|2023-06-14_2023-07-13|2023-07-13_2023-08-11|2023-11-15_2023-12-14|2023-12-13_2024-01-11|2024-02-14_2024-03-14|2024-05-16_2024-06-14|2024-08-15_2024-09-13|2024-09-12_2024-10-11|2024-11-14_2024-12-13|2025-02-13_2025-03-14|2025-05-14_2025-06-12|2025-07-16_2025-08-14
0.1,1,CPI m/m,Bad,15,8,7,53.3,46.7,1.14,2019-03-13_2019-04-11|2020-07-15_2020-08-13|2020-08-13_2020-09-11|2021-04-14_2021-05-13|2021-05-13_2021-06-11|2021-09-15_2021-10-14|2021-10-14_2021-11-12|2021-11-11_2021-12-10|2022-01-13_2022-02-11|2022-05-12_2022-06-10|2022-09-14_2022-10-13|2023-09-14_2023-10-13|2024-03-13_2024-04-11|2025-01-16_2025-02-14|2025-08-13_2025-09-11
0.1,1,CPI m/m,Good,6,3,3,50.0,50.0,1.0,2019-04-11_2019-05-10|2020-03-12_2020-04-10|2022-07-14_2022-08-12|2022-10-14_2022-11-12|2024-06-13_2024-07-12|2025-03-13_2025-04-11
0.2,1,CPI m/m,Neutral,57,27,30,47.4,52.6,0.9,2017-12-14_2018-01-12|2018-02-15_2018-03-16|2018-03-14_2018-04-12|2018-04-12_2018-05-11|2018-06-13_2018-07-12|2018-07-13_2018-08-11|2018-09-14_2018-10-13|2018-11-15_2018-12-14|2018-12-13_2019-01-11|2019-02-14_2019-03-15|2019-03-13_2019-04-11|2019-04-11_2019-05-10|2019-06-13_2019-07-12|2019-08-14_2019-09-12|2019-09-13_2019-10-12|2019-11-14_2019-12-13|2020-01-15_2020-02-13|2020-02-14_2020-03-14|2020-03-12_2020-04-10|2020-05-13_2020-06-11|2020-08-13_2020-09-11|2020-10-14_2020-11-12|2020-11-13_2020-12-12|2021-01-14_2021-02-12|2021-02-11_2021-03-12|2021-05-13_2021-06-11|2021-07-14_2021-08-12|2021-09-15_2021-10-14|2021-11-11_2021-12-10|2022-01-13_2022-02-11|2022-02-11_2022-03-12|2022-04-13_2022-05-12|2022-07-14_2022-08-12|2022-09-14_2022-10-13|2022-10-14_2022-11-12|2022-12-14_2023-01-12|2023-02-15_2023-03-16|2023-03-15_2023-04-13|2023-04-13_2023-05-12|2023-06-14_2023-07-13|2023-07-13_2023-08-11|2023-09-14_2023-10-13|2023-11-15_2023-12-14|2023-12-13_2024-01-11|2024-02-14_2024-03-14|2024-03-13_2024-04-11|2024-05-16_2024-06-14|2024-06-13_2024-07-12|2024-08-15_2024-09-13|2024-09-12_2024-10-11|2024-11-14_2024-12-13|2025-01-16_2025-02-14|2025-02-13_2025-03-14|2025-03-13_2025-04-11|2025-05-14_2025-06-12|2025-07-16_2025-08-14|2025-08-13_2025-09-11
0.2,1,CPI m/m,Bad,4,3,1,75.0,25.0,3.0,2020-07-15_2020-08-13|2021-04-14_2021-05-13|2021-10-14_2021-11-12|2022-05-12_2022-06-10
0.3,1,CPI m/m,Neutral,58,28,30,48.3,51.7,0.93,2017-12-14_2018-01-12|2018-02-15_2018-03-16|2018-03-14_2018-04-12|2018-04-12_2018-05-11|2018-06-13_2018-07-12|2018-07-13_2018-08-11|2018-09-14_2018-10-13|2018-11-15_2018-12-14|2018-12-13_2019-01-11|2019-02-14_2019-03-15|2019-03-13_2019-04-11|2019-04-11_2019-05-10|2019-06-13_2019-07-12|2019-08-14_2019-09-12|2019-09-13_2019-10-12|2019-11-14_2019-12-13|2020-01-15_2020-02-13|2020-02-14_2020-03-14|2020-03-12_2020-04-10|2020-05-13_2020-06-11|2020-07-15_2020-08-13|2020-08-13_2020-09-11|2020-10-14_2020-11-12|2020-11-13_2020-12-12|2021-01-14_2021-02-12|2021-02-11_2021-03-12|2021-05-13_2021-06-11|2021-07-14_2021-08-12|2021-09-15_2021-10-14|2021-11-11_2021-12-10|2022-01-13_2022-02-11|2022-02-11_2022-03-12|2022-04-13_2022-05-12|2022-07-14_2022-08-12|2022-09-14_2022-10-13|2022-10-14_2022-11-12|2022-12-14_2023-01-12|2023-02-15_2023-03-16|2023-03-15_2023-04-13|2023-04-13_2023-05-12|2023-06-14_2023-07-13|2023-07-13_2023-08-11|2023-09-14_2023-10-13|2023-11-15_2023-12-14|2023-12-13_2024-01-11|2024-02-14_2024-03-14|2024-03-13_2024-04-11|2024-05-16_2024-06-14|2024-06-13_2024-07-12|2024-08-15_2024-09-13|2024-09-12_2024-10-11|2024-11-14_2024-12-13|2025-01-16_2025-02-14|2025-02-13_2025-03-14|2025-03-13_2025-04-11|2025-05-14_2025-06-12|2025-07-16_2025-08-14|2025-08-13_2025-09-11
0.3,1,CPI m/m,Bad,3,2,1,66.7,33.3,2.0,2021-04-14_2021-05-13|2021-10-14_2021-11-12|2022-05-12_2022-06-10
0.0,1,Core CPI m/m,Bad,20,12,8,60.0,40.0,1.5,2017-12-14_2018-01-12|2019-06-13_2019-07-12|2019-08-14_2019-09-12|2020-07-15_2020-08-13|2020-08-13_2020-09-11|2020-11-13_2020-12-12|2021-04-14_2021-05-13|2021-05-13_2021-06-11|2021-10-14_2021-11-12|2022-01-13_2022-02-11|2022-04-13_2022-05-12|2022-05-12_2022-06-10|2022-09-14_2022-10-13|2023-02-15_2023-03-16|2023-04-13_2023-05-12|2024-02-14_2024-03-14|2024-03-13_2024-04-11|2024-08-15_2024-09-13|2024-09-12_2024-10-11|2025-01-16_2025-02-14
0.0,1,Core CPI m/m,Neutral,21,10,11,47.6,52.4,0.91,2018-02-15_2018-03-16|2018-03-14_2018-04-12|2018-06-13_2018-07-12|2018-07-13_2018-08-11|2018-11-15_2018-12-14|2018-12-13_2019-01-11|2019-11-14_2019-12-13|2020-01-15_2020-02-13|2020-02-14_2020-03-14|2021-09-15_2021-10-14|2021-11-11_2021-12-10|2022-02-11_2022-03-12|2022-12-14_2023-01-12|2023-03-15_2023-04-13|2023-07-13_2023-08-11|2023-09-14_2023-10-13|2023-11-15_2023-12-14|2023-12-13_2024-01-11|2024-11-14_2024-12-13|2025-07-16_2025-08-14|2025-08-13_2025-09-11
0.0,1,Core CPI m/m,Good,20,8,12,40.0,60.0,0.67,2018-04-12_2018-05-11|2018-09-14_2018-10-13|2019-02-14_2019-03-15|2019-03-13_2019-04-11|2019-04-11_2019-05-10|2019-09-13_2019-10-12|2020-03-12_2020-04-10|2020-05-13_2020-06-11|2020-10-14_2020-11-12|2021-01-14_2021-02-12|2021-02-11_2021-03-12|2021-07-14_2021-08-12|2022-07-14_2022-08-12|2022-10-14_2022-11-12|2023-06-14_2023-07-13|2024-05-16_2024-06-14|2024-06-13_2024-07-12|2025-02-13_2025-03-14|2025-03-13_2025-04-11|2025-05-14_2025-06-12
0.1,1,Core CPI m/m,Neutral,42,22,20,52.4,47.6,1.1,2017-12-14_2018-01-12|2018-02-15_2018-03-16|2018-03-14_2018-04-12|2018-04-12_2018-05-11|2018-06-13_2018-07-12|2018-07-13_2018-08-11|2018-09-14_2018-10-13|2018-11-15_2018-12-14|2018-12-13_2019-01-11|2019-02-14_2019-03-15|2019-03-13_2019-04-11|2019-04-11_2019-05-10|2019-06-13_2019-07-12|2019-08-14_2019-09-12|2019-09-13_2019-10-12|2019-11-14_2019-12-13|2020-01-15_2020-02-13|2020-02-14_2020-03-14|2020-05-13_2020-06-11|2020-11-13_2020-12-12|2021-02-11_2021-03-12|2021-09-15_2021-10-14|2021-11-11_2021-12-10|2022-01-13_2022-02-11|2022-02-11_2022-03-12|2022-05-12_2022-06-10|2022-12-14_2023-01-12|2023-02-15_2023-03-16|2023-03-15_2023-04-13|2023-06-14_2023-07-13|2023-07-13_2023-08-11|2023-09-14_2023-10-13|2023-11-15_2023-12-14|2023-12-13_2024-01-11|2024-05-16_2024-06-14|2024-06-13_2024-07-12|2024-08-15_2024-09-13|2024-09-12_2024-10-11|2024-11-14_2024-12-13|2025-02-13_2025-03-14|2025-07-16_2025-08-14|2025-08-13_2025-09-11
0.1,1,Core CPI m/m,Good,8,2,6,25.0,75.0,0.33,2020-03-12_2020-04-10|2020-10-14_2020-11-12|2021-01-14_2021-02-12|2021-07-14_2021-08-12|2022-07-14_2022-08-12|2022-10-14_2022-11-12|2025-03-13_2025-04-11|2025-05-14_2025-06-12
0.1,1,Core CPI m/m,Bad,11,6,5,54.5,45.5,1.2,2020-07-15_2020-08-13|2020-08-13_2020-09-11|2021-04-14_2021-05-13|2021-05-13_2021-06-11|2021-10-14_2021-11-12|2022-04-13_2022-05-12|2022-09-14_2022-10-13|2023-04-13_2023-05-12|2024-02-14_2024-03-14|2024-03-13_2024-04-11|2025-01-16_2025-02-14
0.2,1,Core CPI m/m,Neutral,59,28,31,47.5,52.5,0.9,2017-12-14_2018-01-12|2018-02-15_2018-03-16|2018-03-14_2018-04-12|2018-04-12_2018-05-11|2018-06-13_2018-07-12|2018-07-13_2018-08-11|2018-09-14_2018-10-13|2018-11-15_2018-12-14|2018-12-13_2019-01-11|2019-02-14_2019-03-15|2019-03-13_2019-04-11|2019-04-11_2019-05-10|2019-06-13_2019-07-12|2019-08-14_2019-09-12|2019-09-13_2019-10-12|2019-11-14_2019-12-13|2020-01-15_2020-02-13|2020-02-14_2020-03-14|2020-03-12_2020-04-10|2020-05-13_2020-06-11|2020-08-13_2020-09-11|2020-10-14_2020-11-12|2020-11-13_2020-12-12|2021-01-14_2021-02-12|2021-02-11_2021-03-12|2021-05-13_2021-06-11|2021-07-14_2021-08-12|2021-09-15_2021-10-14|2021-10-14_2021-11-12|2021-11-11_2021-12-10|2022-01-13_2022-02-11|2022-02-11_2022-03-12|2022-04-13_2022-05-12|2022-05-12_2022-06-10|2022-07-14_2022-08-12|2022-09-14_2022-10-13|2022-10-14_2022-11-12|2022-12-14_2023-01-12|2023-02-15_2023-03-16|2023-03-15_2023-04-13|2023-04-13_2023-05-12|2023-06-14_2023-07-13|2023-07-13_2023-08-11|2023-09-14_2023-10-13|2023-11-15_2023-12-14|2023-12-13_2024-01-11|2024-02-14_2024-03-14|2024-03-13_2024-04-11|2024-05-16_2024-06-14|2024-06-13_2024-07-12|2024-08-15_2024-09-13|2024-09-12_2024-10-11|2024-11-14_2024-12-13|2025-01-16_2025-02-14|2025-02-13_2025-03-14|2025-03-13_2025-04-11|2025-05-14_2025-06-12|2025-07-16_2025-08-14|2025-08-13_2025-09-11
0.2,1,Core CPI m/m,Bad,2,2,0,100.0,0.0,inf,2020-07-15_2020-08-13|2021-04-14_2021-05-13
0.3,1,Core CPI m/m,Neutral,59,28,31,47.5,52.5,0.9,2017-12-14_2018-01-12|2018-02-15_2018-03-16|2018-03-14_2018-04-12|2018-04-12_2018-05-11|2018-06-13_2018-07-12|2018-07-13_2018-08-11|2018-09-14_2018-10-13|2018-11-15_2018-12-14|2018-12-13_2019-01-11|2019-02-14_2019-03-15|2019-03-13_2019-04-11|2019-04-11_2019-05-10|2019-06-13_2019-07-12|2019-08-14_2019-09-12|2019-09-13_2019-10-12|2019-11-14_2019-12-13|2020-01-15_2020-02-13|2020-02-14_2020-03-14|2020-03-12_2020-04-10|2020-05-13_2020-06-11|2020-08-13_2020-09-11|2020-10-14_2020-11-12|2020-11-13_2020-12-12|2021-01-14_2021-02-12|2021-02-11_2021-03-12|2021-05-13_2021-06-11|2021-07-14_2021-08-12|2021-09-15_2021-10-14|2021-10-14_2021-11-12|2021-11-11_2021-12-10|2022-01-13_2022-02-11|2022-02-11_2022-03-12|2022-04-13_2022-05-12|2022-05-12_2022-06-10|2022-07-14_2022-08-12|2022-09-14_2022-10-13|2022-10-14_2022-11-12|2022-12-14_2023-01-12|2023-02-15_2023-03-16|2023-03-15_2023-04-13|2023-04-13_2023-05-12|2023-06-14_2023-07-13|2023-07-13_2023-08-11|2023-09-14_2023-10-13|2023-11-15_2023-12-14|2023-12-13_2024-01-11|2024-02-14_2024-03-14|2024-03-13_2024-04-11|2024-05-16_2024-06-14|2024-06-13_2024-07-12|2024-08-15_2024-09-13|2024-09-12_2024-10-11|2024-11-14_2024-12-13|2025-01-16_2025-02-14|2025-02-13_2025-03-14|2025-03-13_2025-04-11|2025-05-14_2025-06-12|2025-07-16_2025-08-14|2025-08-13_2025-09-11
0.3,1,Core CPI m/m,Bad,2,2,0,100.0,0.0,inf,2020-07-15_2020-08-13|2021-04-14_2021-05-13
0.0,1,PPI m/m,Good,39,21,18,53.8,46.2,1.17,2017-12-14_2018-01-12|2018-04-12_2018-05-11|2018-07-13_2018-08-11|2019-01-12_2019-02-10|2019-02-14_2019-03-15|2019-09-13_2019-10-12|2019-11-14_2019-12-13|2019-12-12_2020-01-10|2020-01-15_2020-02-13|2020-02-14_2020-03-14|2020-03-12_2020-04-10|2020-05-13_2020-06-11|2020-06-11_2020-07-10|2021-01-14_2021-02-12|2021-09-15_2021-10-14|2021-10-14_2021-11-12|2022-01-13_2022-02-11|2022-03-11_2022-04-09|2022-07-14_2022-08-12|2022-08-11_2022-09-09|2022-11-11_2022-12-10|2023-01-13_2023-02-11|2023-02-15_2023-03-16|2023-03-15_2023-04-13|2023-04-13_2023-05-12|2023-05-11_2023-06-09|2023-06-14_2023-07-13|2023-07-13_2023-08-11|2023-11-15_2023-12-14|2024-01-12_2024-02-10|2024-04-11_2024-05-10|2024-05-16_2024-06-14|2024-06-13_2024-07-12|2024-10-11_2024-11-09|2025-02-13_2025-03-14|2025-03-13_2025-04-11|2025-04-11_2025-05-10|2025-05-14_2025-06-12|2025-06-12_2025-07-11
0.0,1,PPI m/m,Bad,36,21,15,58.3,41.7,1.4,2018-02-15_2018-03-16|2018-03-14_2018-04-12|2018-06-13_2018-07-12|2018-10-12_2018-11-10|2018-11-15_2018-12-14|2019-03-13_2019-04-11|2019-04-11_2019-05-10|2019-08-14_2019-09-12|2020-07-15_2020-08-13|2020-08-13_2020-09-11|2020-10-14_2020-11-12|2020-11-13_2020-12-12|2021-02-11_2021-03-12|2021-03-11_2021-04-09|2021-04-14_2021-05-13|2021-05-13_2021-06-11|2021-06-11_2021-07-10|2021-07-14_2021-08-12|2021-08-12_2021-09-10|2021-12-11_2022-01-09|2022-02-11_2022-03-12|2022-04-13_2022-05-12|2022-09-14_2022-10-13|2023-08-11_2023-09-09|2023-09-14_2023-10-13|2024-02-14_2024-03-14|2024-03-13_2024-04-11|2024-07-12_2024-08-10|2024-08-15_2024-09-13|2024-11-14_2024-12-13|2024-12-12_2025-01-10|2025-01-16_2025-02-14|2025-07-16_2025-08-14|2025-08-13_2025-09-11|2026-01-14_2026-02-12|2026-02-14_2026-03-15
0.0,1,PPI m/m,Neutral,8,4,4,50.0,50.0,1.0,2018-09-14_2018-10-13|2019-06-13_2019-07-12|2019-07-12_2019-08-10|2020-12-11_2021-01-09|2022-05-12_2022-06-10|2022-06-11_2022-07-10|2023-12-13_2024-01-11|2024-09-12_2024-10-11
0.1,1,PPI m/m,Good,24,13,11,54.2,45.8,1.18,2017-12-14_2018-01-12|2018-07-13_2018-08-11|2019-02-14_2019-03-15|2019-09-13_2019-10-12|2019-12-12_2020-01-10|2020-03-12_2020-04-10|2020-05-13_2020-06-11|2020-06-11_2020-07-10|2021-01-14_2021-02-12|2022-01-13_2022-02-11|2022-03-11_2022-04-09|2022-07-14_2022-08-12|2022-08-11_2022-09-09|2023-01-13_2023-02-11|2023-03-15_2023-04-13|2023-04-13_2023-05-12|2023-06-14_2023-07-13|2023-11-15_2023-12-14|2024-01-12_2024-02-10|2024-05-16_2024-06-14|2024-06-13_2024-07-12|2025-03-13_2025-04-11|2025-04-11_2025-05-10|2025-05-14_2025-06-12
0.1,1,PPI m/m,Neutral,35,21,14,60.0,40.0,1.5,2018-02-15_2018-03-16|2018-04-12_2018-05-11|2018-09-14_2018-10-13|2018-11-15_2018-12-14|2019-01-12_2019-02-10|2019-03-13_2019-04-11|2019-06-13_2019-07-12|2019-07-12_2019-08-10|2019-08-14_2019-09-12|2019-11-14_2019-12-13|2020-01-15_2020-02-13|2020-02-14_2020-03-14|2020-08-13_2020-09-11|2020-11-13_2020-12-12|2020-12-11_2021-01-09|2021-09-15_2021-10-14|2021-10-14_2021-11-12|2022-05-12_2022-06-10|2022-06-11_2022-07-10|2022-09-14_2022-10-13|2022-11-11_2022-12-10|2023-02-15_2023-03-16|2023-05-11_2023-06-09|2023-07-13_2023-08-11|2023-08-11_2023-09-09|2023-12-13_2024-01-11|2024-03-13_2024-04-11|2024-04-11_2024-05-10|2024-07-12_2024-08-10|2024-08-15_2024-09-13|2024-09-12_2024-10-11|2024-10-11_2024-11-09|2024-11-14_2024-12-13|2025-02-13_2025-03-14|2025-06-12_2025-07-11
0.1,1,PPI m/m,Bad,24,12,12,50.0,50.0,1.0,2018-03-14_2018-04-12|2018-06-13_2018-07-12|2018-10-12_2018-11-10|2019-04-11_2019-05-10|2020-07-15_2020-08-13|2020-10-14_2020-11-12|2021-02-11_2021-03-12|2021-03-11_2021-04-09|2021-04-14_2021-05-13|2021-05-13_2021-06-11|2021-06-11_2021-07-10|2021-07-14_2021-08-12|2021-08-12_2021-09-10|2021-12-11_2022-01-09|2022-02-11_2022-03-12|2022-04-13_2022-05-12|2023-09-14_2023-10-13|2024-02-14_2024-03-14|2024-12-12_2025-01-10|2025-01-16_2025-02-14|2025-07-16_2025-08-14|2025-08-13_2025-09-11|2026-01-14_2026-02-12|2026-02-14_2026-03-15
0.2,1,PPI m/m,Good,12,7,5,58.3,41.7,1.4,2017-12-14_2018-01-12|2019-09-13_2019-10-12|2020-05-13_2020-06-11|2022-08-11_2022-09-09|2023-01-13_2023-02-11|2023-03-15_2023-04-13|2023-04-13_2023-05-12|2023-11-15_2023-12-14|2024-05-16_2024-06-14|2025-03-13_2025-04-11|2025-04-11_2025-05-10|2025-05-14_2025-06-12
0.2,1,PPI m/m,Neutral,57,31,26,54.4,45.6,1.19,2018-02-15_2018-03-16|2018-03-14_2018-04-12|2018-04-12_2018-05-11|2018-06-13_2018-07-12|2018-07-13_2018-08-11|2018-09-14_2018-10-13|2018-11-15_2018-12-14|2019-01-12_2019-02-10|2019-02-14_2019-03-15|2019-03-13_2019-04-11|2019-04-11_2019-05-10|2019-06-13_2019-07-12|2019-07-12_2019-08-10|2019-08-14_2019-09-12|2019-11-14_2019-12-13|2019-12-12_2020-01-10|2020-01-15_2020-02-13|2020-02-14_2020-03-14|2020-03-12_2020-04-10|2020-06-11_2020-07-10|2020-08-13_2020-09-11|2020-10-14_2020-11-12|2020-11-13_2020-12-12|2020-12-11_2021-01-09|2021-01-14_2021-02-12|2021-09-15_2021-10-14|2021-10-14_2021-11-12|2022-01-13_2022-02-11|2022-03-11_2022-04-09|2022-04-13_2022-05-12|2022-05-12_2022-06-10|2022-06-11_2022-07-10|2022-07-14_2022-08-12|2022-09-14_2022-10-13|2022-11-11_2022-12-10|2023-02-15_2023-03-16|2023-05-11_2023-06-09|2023-06-14_2023-07-13|2023-07-13_2023-08-11|2023-08-11_2023-09-09|2023-12-13_2024-01-11|2024-01-12_2024-02-10|2024-03-13_2024-04-11|2024-04-11_2024-05-10|2024-06-13_2024-07-12|2024-07-12_2024-08-10|2024-08-15_2024-09-13|2024-09-12_2024-10-11|2024-10-11_2024-11-09|2024-11-14_2024-12-13|2024-12-12_2025-01-10|2025-01-16_2025-02-14|2025-02-13_2025-03-14|2025-06-12_2025-07-11|2025-08-13_2025-09-11|2026-01-14_2026-02-12|2026-02-14_2026-03-15
0.2,1,PPI m/m,Bad,14,8,6,57.1,42.9,1.33,2018-10-12_2018-11-10|2020-07-15_2020-08-13|2021-02-11_2021-03-12|2021-03-11_2021-04-09|2021-04-14_2021-05-13|2021-05-13_2021-06-11|2021-06-11_2021-07-10|2021-07-14_2021-08-12|2021-08-12_2021-09-10|2021-12-11_2022-01-09|2022-02-11_2022-03-12|2023-09-14_2023-10-13|2024-02-14_2024-03-14|2025-07-16_2025-08-14
0.3,1,PPI m/m,Good,9,5,4,55.6,44.4,1.25,2017-12-14_2018-01-12|2019-09-13_2019-10-12|2022-08-11_2022-09-09|2023-01-13_2023-02-11|2023-03-15_2023-04-13|2024-05-16_2024-06-14|2025-03-13_2025-04-11|2025-04-11_2025-05-10|2025-05-14_2025-06-12
0.3,1,PPI m/m,Neutral,68,38,30,55.9,44.1,1.27,2018-02-15_2018-03-16|2018-03-14_2018-04-12|2018-04-12_2018-05-11|2018-06-13_2018-07-12|2018-07-13_2018-08-11|2018-09-14_2018-10-13|2018-11-15_2018-12-14|2019-01-12_2019-02-10|2019-02-14_2019-03-15|2019-03-13_2019-04-11|2019-04-11_2019-05-10|2019-06-13_2019-07-12|2019-07-12_2019-08-10|2019-08-14_2019-09-12|2019-11-14_2019-12-13|2019-12-12_2020-01-10|2020-01-15_2020-02-13|2020-02-14_2020-03-14|2020-03-12_2020-04-10|2020-05-13_2020-06-11|2020-06-11_2020-07-10|2020-07-15_2020-08-13|2020-08-13_2020-09-11|2020-10-14_2020-11-12|2020-11-13_2020-12-12|2020-12-11_2021-01-09|2021-01-14_2021-02-12|2021-03-11_2021-04-09|2021-04-14_2021-05-13|2021-05-13_2021-06-11|2021-08-12_2021-09-10|2021-09-15_2021-10-14|2021-10-14_2021-11-12|2022-01-13_2022-02-11|2022-03-11_2022-04-09|2022-04-13_2022-05-12|2022-05-12_2022-06-10|2022-06-11_2022-07-10|2022-07-14_2022-08-12|2022-09-14_2022-10-13|2022-11-11_2022-12-10|2023-02-15_2023-03-16|2023-04-13_2023-05-12|2023-05-11_2023-06-09|2023-06-14_2023-07-13|2023-07-13_2023-08-11|2023-08-11_2023-09-09|2023-09-14_2023-10-13|2023-11-15_2023-12-14|2023-12-13_2024-01-11|2024-01-12_2024-02-10|2024-02-14_2024-03-14|2024-03-13_2024-04-11|2024-04-11_2024-05-10|2024-06-13_2024-07-12|2024-07-12_2024-08-10|2024-08-15_2024-09-13|2024-09-12_2024-10-11|2024-10-11_2024-11-09|2024-11-14_2024-12-13|2024-12-12_2025-01-10|2025-01-16_2025-02-14|2025-02-13_2025-03-14|2025-06-12_2025-07-11|2025-07-16_2025-08-14|2025-08-13_2025-09-11|2026-01-14_2026-02-12|2026-02-14_2026-03-15
0.3,1,PPI m/m,Bad,6,3,3,50.0,50.0,1.0,2018-10-12_2018-11-10|2021-02-11_2021-03-12|2021-06-11_2021-07-10|2021-07-14_2021-08-12|2021-12-11_2022-01-09|2022-02-11_2022-03-12
0.0,1,Core PPI m/m,Good,40,24,16,60.0,40.0,1.5,2017-12-14_2018-01-12|2018-07-13_2018-08-11|2019-01-12_2019-02-10|2019-02-14_2019-03-15|2019-03-13_2019-04-11|2019-04-11_2019-05-10|2019-07-12_2019-08-10|2019-09-13_2019-10-12|2019-11-14_2019-12-13|2019-12-12_2020-01-10|2020-01-15_2020-02-13|2020-02-14_2020-03-14|2020-03-12_2020-04-10|2020-05-13_2020-06-11|2020-06-11_2020-07-10|2020-11-13_2020-12-12|2020-12-11_2021-01-09|2021-09-15_2021-10-14|2021-10-14_2021-11-12|2022-03-11_2022-04-09|2022-05-12_2022-06-10|2022-06-11_2022-07-10|2022-07-14_2022-08-12|2022-08-11_2022-09-09|2022-11-11_2022-12-10|2023-02-15_2023-03-16|2023-03-15_2023-04-13|2023-04-13_2023-05-12|2023-06-14_2023-07-13|2023-07-13_2023-08-11|2023-11-15_2023-12-14|2023-12-13_2024-01-11|2024-01-12_2024-02-10|2024-05-16_2024-06-14|2024-06-13_2024-07-12|2025-02-13_2025-03-14|2025-03-13_2025-04-11|2025-04-11_2025-05-10|2025-05-14_2025-06-12|2025-06-12_2025-07-11
0.0,1,Core PPI m/m,Bad,32,19,13,59.4,40.6,1.46,2018-02-15_2018-03-16|2018-03-14_2018-04-12|2018-06-13_2018-07-12|2018-10-12_2018-11-10|2018-11-15_2018-12-14|2019-06-13_2019-07-12|2019-08-14_2019-09-12|2020-07-15_2020-08-13|2020-08-13_2020-09-11|2020-10-14_2020-11-12|2021-02-11_2021-03-12|2021-03-11_2021-04-09|2021-04-14_2021-05-13|2021-05-13_2021-06-11|2021-06-11_2021-07-10|2021-07-14_2021-08-12|2021-08-12_2021-09-10|2021-12-11_2022-01-09|2022-02-11_2022-03-12|2022-04-13_2022-05-12|2022-09-14_2022-10-13|2023-08-11_2023-09-09|2023-09-14_2023-10-13|2024-02-14_2024-03-14|2024-03-13_2024-04-11|2024-07-12_2024-08-10|2024-08-15_2024-09-13|2024-09-12_2024-10-11|2025-07-16_2025-08-14|2025-08-13_2025-09-11|2026-01-14_2026-02-12|2026-02-14_2026-03-15
0.0,1,Core PPI m/m,Neutral,11,3,8,27.3,72.7,0.37,2018-04-12_2018-05-11|2018-09-14_2018-10-13|2021-01-14_2021-02-12|2022-01-13_2022-02-11|2023-01-13_2023-02-11|2023-05-11_2023-06-09|2024-04-11_2024-05-10|2024-10-11_2024-11-09|2024-11-14_2024-12-13|2024-12-12_2025-01-10|2025-01-16_2025-02-14
0.1,1,Core PPI m/m,Good,24,14,10,58.3,41.7,1.4,2017-12-14_2018-01-12|2019-01-12_2019-02-10|2019-07-12_2019-08-10|2019-09-13_2019-10-12|2019-11-14_2019-12-13|2019-12-12_2020-01-10|2020-06-11_2020-07-10|2021-09-15_2021-10-14|2021-10-14_2021-11-12|2022-03-11_2022-04-09|2022-05-12_2022-06-10|2022-07-14_2022-08-12|2022-08-11_2022-09-09|2023-03-15_2023-04-13|2023-04-13_2023-05-12|2023-11-15_2023-12-14|2023-12-13_2024-01-11|2024-01-12_2024-02-10|2024-05-16_2024-06-14|2025-02-13_2025-03-14|2025-03-13_2025-04-11|2025-04-11_2025-05-10|2025-05-14_2025-06-12|2025-06-12_2025-07-11
0.1,1,Core PPI m/m,Neutral,38,20,18,52.6,47.4,1.11,2018-02-15_2018-03-16|2018-03-14_2018-04-12|2018-04-12_2018-05-11|2018-06-13_2018-07-12|2018-07-13_2018-08-11|2018-09-14_2018-10-13|2019-02-14_2019-03-15|2019-03-13_2019-04-11|2019-04-11_2019-05-10|2019-06-13_2019-07-12|2019-08-14_2019-09-12|2020-01-15_2020-02-13|2020-02-14_2020-03-14|2020-03-12_2020-04-10|2020-05-13_2020-06-11|2020-11-13_2020-12-12|2020-12-11_2021-01-09|2021-01-14_2021-02-12|2022-01-13_2022-02-11|2022-06-11_2022-07-10|2022-09-14_2022-10-13|2022-11-11_2022-12-10|2023-01-13_2023-02-11|2023-02-15_2023-03-16|2023-05-11_2023-06-09|2023-06-14_2023-07-13|2023-07-13_2023-08-11|2023-08-11_2023-09-09|2023-09-14_2023-10-13|2024-03-13_2024-04-11|2024-04-11_2024-05-10|2024-06-13_2024-07-12|2024-08-15_2024-09-13|2024-09-12_2024-10-11|2024-10-11_2024-11-09|2024-11-14_2024-12-13|2024-12-12_2025-01-10|2025-01-16_2025-02-14
0.1,1,Core PPI m/m,Bad,21,12,9,57.1,42.9,1.33,2018-10-12_2018-11-10|2018-11-15_2018-12-14|2020-07-15_2020-08-13|2020-08-13_2020-09-11|2020-10-14_2020-11-12|2021-02-11_2021-03-12|2021-03-11_2021-04-09|2021-04-14_2021-05-13|2021-05-13_2021-06-11|2021-06-11_2021-07-10|2021-07-14_2021-08-12|2021-08-12_2021-09-10|2021-12-11_2022-01-09|2022-02-11_2022-03-12|2022-04-13_2022-05-12|2024-02-14_2024-03-14|2024-07-12_2024-08-10|2025-07-16_2025-08-14|2025-08-13_2025-09-11|2026-01-14_2026-02-12|2026-02-14_2026-03-15
0.2,1,Core PPI m/m,Good,12,5,7,41.7,58.3,0.71,2017-12-14_2018-01-12|2019-01-12_2019-02-10|2019-09-13_2019-10-12|2019-12-12_2020-01-10|2021-09-15_2021-10-14|2022-03-11_2022-04-09|2023-03-15_2023-04-13|2023-11-15_2023-12-14|2024-05-16_2024-06-14|2025-03-13_2025-04-11|2025-04-11_2025-05-10|2025-05-14_2025-06-12
0.2,1,Core PPI m/m,Neutral,58,33,25,56.9,43.1,1.32,2018-02-15_2018-03-16|2018-03-14_2018-04-12|2018-04-12_2018-05-11|2018-06-13_2018-07-12|2018-07-13_2018-08-11|2018-09-14_2018-10-13|2018-11-15_2018-12-14|2019-02-14_2019-03-15|2019-03-13_2019-04-11|2019-04-11_2019-05-10|2019-06-13_2019-07-12|2019-07-12_2019-08-10|2019-08-14_2019-09-12|2019-11-14_2019-12-13|2020-01-15_2020-02-13|2020-02-14_2020-03-14|2020-03-12_2020-04-10|2020-05-13_2020-06-11|2020-06-11_2020-07-10|2020-08-13_2020-09-11|2020-10-14_2020-11-12|2020-11-13_2020-12-12|2020-12-11_2021-01-09|2021-01-14_2021-02-12|2021-06-11_2021-07-10|2021-10-14_2021-11-12|2022-01-13_2022-02-11|2022-04-13_2022-05-12|2022-05-12_2022-06-10|2022-06-11_2022-07-10|2022-07-14_2022-08-12|2022-08-11_2022-09-09|2022-09-14_2022-10-13|2022-11-11_2022-12-10|2023-01-13_2023-02-11|2023-02-15_2023-03-16|2023-04-13_2023-05-12|2023-05-11_2023-06-09|2023-06-14_2023-07-13|2023-07-13_2023-08-11|2023-08-11_2023-09-09|2023-09-14_2023-10-13|2023-12-13_2024-01-11|2024-01-12_2024-02-10|2024-03-13_2024-04-11|2024-04-11_2024-05-10|2024-06-13_2024-07-12|2024-07-12_2024-08-10|2024-08-15_2024-09-13|2024-09-12_2024-10-11|2024-10-11_2024-11-09|2024-11-14_2024-12-13|2024-12-12_2025-01-10|2025-01-16_2025-02-14|2025-02-13_2025-03-14|2025-06-12_2025-07-11|2025-08-13_2025-09-11|2026-01-14_2026-02-12
0.2,1,Core PPI m/m,Bad,13,8,5,61.5,38.5,1.6,2018-10-12_2018-11-10|2020-07-15_2020-08-13|2021-02-11_2021-03-12|2021-03-11_2021-04-09|2021-04-14_2021-05-13|2021-05-13_2021-06-11|2021-07-14_2021-08-12|2021-08-12_2021-09-10|2021-12-11_2022-01-09|2022-02-11_2022-03-12|2024-02-14_2024-03-14|2025-07-16_2025-08-14|2026-02-14_2026-03-15
0.3,1,Core PPI m/m,Good,9,3,6,33.3,66.7,0.5,2017-12-14_2018-01-12|2019-01-12_2019-02-10|2019-09-13_2019-10-12|2019-12-12_2020-01-10|2022-03-11_2022-04-09|2023-03-15_2023-04-13|2025-03-13_2025-04-11|2025-04-11_2025-05-10|2025-05-14_2025-06-12
0.3,1,Core PPI m/m,Neutral,69,40,29,58.0,42.0,1.38,2018-02-15_2018-03-16|2018-03-14_2018-04-12|2018-04-12_2018-05-11|2018-06-13_2018-07-12|2018-07-13_2018-08-11|2018-09-14_2018-10-13|2018-10-12_2018-11-10|2018-11-15_2018-12-14|2019-02-14_2019-03-15|2019-03-13_2019-04-11|2019-04-11_2019-05-10|2019-06-13_2019-07-12|2019-07-12_2019-08-10|2019-08-14_2019-09-12|2019-11-14_2019-12-13|2020-01-15_2020-02-13|2020-02-14_2020-03-14|2020-03-12_2020-04-10|2020-05-13_2020-06-11|2020-06-11_2020-07-10|2020-08-13_2020-09-11|2020-10-14_2020-11-12|2020-11-13_2020-12-12|2020-12-11_2021-01-09|2021-01-14_2021-02-12|2021-03-11_2021-04-09|2021-04-14_2021-05-13|2021-05-13_2021-06-11|2021-06-11_2021-07-10|2021-08-12_2021-09-10|2021-09-15_2021-10-14|2021-10-14_2021-11-12|2021-12-11_2022-01-09|2022-01-13_2022-02-11|2022-04-13_2022-05-12|2022-05-12_2022-06-10|2022-06-11_2022-07-10|2022-07-14_2022-08-12|2022-08-11_2022-09-09|2022-09-14_2022-10-13|2022-11-11_2022-12-10|2023-01-13_2023-02-11|2023-02-15_2023-03-16|2023-04-13_2023-05-12|2023-05-11_2023-06-09|2023-06-14_2023-07-13|2023-07-13_2023-08-11|2023-08-11_2023-09-09|2023-09-14_2023-10-13|2023-11-15_2023-12-14|2023-12-13_2024-01-11|2024-01-12_2024-02-10|2024-02-14_2024-03-14|2024-03-13_2024-04-11|2024-04-11_2024-05-10|2024-05-16_2024-06-14|2024-06-13_2024-07-12|2024-07-12_2024-08-10|2024-08-15_2024-09-13|2024-09-12_2024-10-11|2024-10-11_2024-11-09|2024-11-14_2024-12-13|2024-12-12_2025-01-10|2025-01-16_2025-02-14|2025-02-13_2025-03-14|2025-06-12_2025-07-11|2025-07-16_2025-08-14|2025-08-13_2025-09-11|2026-01-14_2026-02-12
0.3,1,Core PPI m/m,Bad,5,3,2,60.0,40.0,1.5,2020-07-15_2020-08-13|2021-02-11_2021-03-12|2021-07-14_2021-08-12|2022-02-11_2022-03-12|2026-02-14_2026-03-15
0.0,1,FOMC,Neutral,13,8,5,61.5,38.5,1.6,2023-03-15_2023-04-13|2023-04-13_2023-05-12|2023-06-14_2023-07-13|2023-07-13_2023-08-11|2023-09-14_2023-10-13|2023-10-13_2023-11-11|2023-11-15_2023-12-14|2023-12-13_2024-01-11|2024-05-16_2024-06-14|2024-07-12_2024-08-10|2024-10-11_2024-11-09|2024-12-12_2025-01-10|2025-01-16_2025-02-14
0.0,1,FOMC,Good,1,1,0,100.0,0.0,inf,2024-09-12_2024-10-11
0.1,1,FOMC,Neutral,13,8,5,61.5,38.5,1.6,2023-03-15_2023-04-13|2023-04-13_2023-05-12|2023-06-14_2023-07-13|2023-07-13_2023-08-11|2023-09-14_2023-10-13|2023-10-13_2023-11-11|2023-11-15_2023-12-14|2023-12-13_2024-01-11|2024-05-16_2024-06-14|2024-07-12_2024-08-10|2024-10-11_2024-11-09|2024-12-12_2025-01-10|2025-01-16_2025-02-14
0.1,1,FOMC,Good,1,1,0,100.0,0.0,inf,2024-09-12_2024-10-11
0.2,1,FOMC,Neutral,13,8,5,61.5,38.5,1.6,2023-03-15_2023-04-13|2023-04-13_2023-05-12|2023-06-14_2023-07-13|2023-07-13_2023-08-11|2023-09-14_2023-10-13|2023-10-13_2023-11-11|2023-11-15_2023-12-14|2023-12-13_2024-01-11|2024-05-16_2024-06-14|2024-07-12_2024-08-10|2024-10-11_2024-11-09|2024-12-12_2025-01-10|2025-01-16_2025-02-14
0.2,1,FOMC,Good,1,1,0,100.0,0.0,inf,2024-09-12_2024-10-11
0.3,1,FOMC,Neutral,14,9,5,64.3,35.7,1.8,2023-03-15_2023-04-13|2023-04-13_2023-05-12|2023-06-14_2023-07-13|2023-07-13_2023-08-11|2023-09-14_2023-10-13|2023-10-13_2023-11-11|2023-11-15_2023-12-14|2023-12-13_2024-01-11|2024-05-16_2024-06-14|2024-07-12_2024-08-10|2024-09-12_2024-10-11|2024-10-11_2024-11-09|2024-12-12_2025-01-10|2025-01-16_2025-02-14
0.0,1,CPI y/y,Neutral,20,10,10,50.0,50.0,1.0,2017-12-14_2018-01-12|2018-02-15_2018-03-16|2018-03-14_2018-04-12|2018-04-12_2018-05-11|2018-06-13_2018-07-12|2018-07-13_2018-08-11|2018-11-15_2018-12-14|2018-12-13_2019-01-11|2019-06-13_2019-07-12|2020-11-13_2020-12-12|2021-01-14_2021-02-12|2021-02-11_2021-03-12|2021-11-11_2021-12-10|2022-02-11_2022-03-12|2022-12-14_2023-01-12|2023-02-15_2023-03-16|2023-11-15_2023-12-14|2024-08-15_2024-09-13|2024-11-14_2024-12-13|2025-08-13_2025-09-11
0.0,1,CPI y/y,Good,20,9,11,45.0,55.0,0.82,2018-09-14_2018-10-13|2019-02-14_2019-03-15|2019-04-11_2019-05-10|2019-08-14_2019-09-12|2019-09-13_2019-10-12|2020-03-12_2020-04-10|2020-05-13_2020-06-11|2020-10-14_2020-11-12|2022-07-14_2022-08-12|2022-10-14_2022-11-12|2023-03-15_2023-04-13|2023-04-13_2023-05-12|2023-06-14_2023-07-13|2023-07-13_2023-08-11|2024-05-16_2024-06-14|2024-06-13_2024-07-12|2025-02-13_2025-03-14|2025-03-13_2025-04-11|2025-05-14_2025-06-12|2025-07-16_2025-08-14
0.0,1,CPI y/y,Bad,21,11,10,52.4,47.6,1.1,2019-03-13_2019-04-11|2019-11-14_2019-12-13|2020-01-15_2020-02-13|2020-02-14_2020-03-14|2020-07-15_2020-08-13|2020-08-13_2020-09-11|2021-04-14_2021-05-13|2021-05-13_2021-06-11|2021-07-14_2021-08-12|2021-09-15_2021-10-14|2021-10-14_2021-11-12|2022-01-13_2022-02-11|2022-04-13_2022-05-12|2022-05-12_2022-06-10|2022-09-14_2022-10-13|2023-09-14_2023-10-13|2023-12-13_2024-01-11|2024-02-14_2024-03-14|2024-03-13_2024-04-11|2024-09-12_2024-10-11|2025-01-16_2025-02-14
0.1,1,CPI y/y,Neutral,27,14,13,51.9,48.1,1.08,2017-12-14_2018-01-12|2018-02-15_2018-03-16|2018-03-14_2018-04-12|2018-04-12_2018-05-11|2018-06-13_2018-07-12|2018-07-13_2018-08-11|2018-11-15_2018-12-14|2018-12-13_2019-01-11|2019-03-13_2019-04-11|2019-06-13_2019-07-12|2020-02-14_2020-03-14|2020-11-13_2020-12-12|2021-01-14_2021-02-12|2021-02-11_2021-03-12|2021-11-11_2021-12-10|2022-02-11_2022-03-12|2022-09-14_2022-10-13|2022-12-14_2023-01-12|2023-02-15_2023-03-16|2023-03-15_2023-04-13|2023-04-13_2023-05-12|2023-07-13_2023-08-11|2023-11-15_2023-12-14|2024-08-15_2024-09-13|2024-11-14_2024-12-13|2025-07-16_2025-08-14|2025-08-13_2025-09-11
0.1,1,CPI y/y,Good,16,7,9,43.8,56.2,0.78,2018-09-14_2018-10-13|2019-02-14_2019-03-15|2019-04-11_2019-05-10|2019-08-14_2019-09-12|2019-09-13_2019-10-12|2020-03-12_2020-04-10|2020-05-13_2020-06-11|2020-10-14_2020-11-12|2022-07-14_2022-08-12|2022-10-14_2022-11-12|2023-06-14_2023-07-13|2024-05-16_2024-06-14|2024-06-13_2024-07-12|2025-02-13_2025-03-14|2025-03-13_2025-04-11|2025-05-14_2025-06-12
0.1,1,CPI y/y,Bad,18,9,9,50.0,50.0,1.0,2019-11-14_2019-12-13|2020-01-15_2020-02-13|2020-07-15_2020-08-13|2020-08-13_2020-09-11|2021-04-14_2021-05-13|2021-05-13_2021-06-11|2021-07-14_2021-08-12|2021-09-15_2021-10-14|2021-10-14_2021-11-12|2022-01-13_2022-02-11|2022-04-13_2022-05-12|2022-05-12_2022-06-10|2023-09-14_2023-10-13|2023-12-13_2024-01-11|2024-02-14_2024-03-14|2024-03-13_2024-04-11|2024-09-12_2024-10-11|2025-01-16_2025-02-14
0.2,1,CPI y/y,Neutral,53,26,27,49.1,50.9,0.96,2017-12-14_2018-01-12|2018-02-15_2018-03-16|2018-03-14_2018-04-12|2018-04-12_2018-05-11|2018-06-13_2018-07-12|2018-07-13_2018-08-11|2018-09-14_2018-10-13|2018-11-15_2018-12-14|2018-12-13_2019-01-11|2019-02-14_2019-03-15|2019-03-13_2019-04-11|2019-04-11_2019-05-10|2019-06-13_2019-07-12|2019-08-14_2019-09-12|2019-09-13_2019-10-12|2019-11-14_2019-12-13|2020-01-15_2020-02-13|2020-02-14_2020-03-14|2020-03-12_2020-04-10|2020-05-13_2020-06-11|2020-08-13_2020-09-11|2020-10-14_2020-11-12|2020-11-13_2020-12-12|2021-01-14_2021-02-12|2021-02-11_2021-03-12|2021-07-14_2021-08-12|2021-09-15_2021-10-14|2021-11-11_2021-12-10|2022-02-11_2022-03-12|2022-07-14_2022-08-12|2022-09-14_2022-10-13|2022-12-14_2023-01-12|2023-02-15_2023-03-16|2023-03-15_2023-04-13|2023-04-13_2023-05-12|2023-06-14_2023-07-13|2023-07-13_2023-08-11|2023-09-14_2023-10-13|2023-11-15_2023-12-14|2023-12-13_2024-01-11|2024-02-14_2024-03-14|2024-03-13_2024-04-11|2024-05-16_2024-06-14|2024-06-13_2024-07-12|2024-08-15_2024-09-13|2024-09-12_2024-10-11|2024-11-14_2024-12-13|2025-01-16_2025-02-14|2025-02-13_2025-03-14|2025-03-13_2025-04-11|2025-05-14_2025-06-12|2025-07-16_2025-08-14|2025-08-13_2025-09-11
0.2,1,CPI y/y,Bad,7,4,3,57.1,42.9,1.33,2020-07-15_2020-08-13|2021-04-14_2021-05-13|2021-05-13_2021-06-11|2021-10-14_2021-11-12|2022-01-13_2022-02-11|2022-04-13_2022-05-12|2022-05-12_2022-06-10
0.2,1,CPI y/y,Good,1,0,1,0.0,100.0,0.0,2022-10-14_2022-11-12
0.3,1,CPI y/y,Neutral,59,28,31,47.5,52.5,0.9,2017-12-14_2018-01-12|2018-02-15_2018-03-16|2018-03-14_2018-04-12|2018-04-12_2018-05-11|2018-06-13_2018-07-12|2018-07-13_2018-08-11|2018-09-14_2018-10-13|2018-11-15_2018-12-14|2018-12-13_2019-01-11|2019-02-14_2019-03-15|2019-03-13_2019-04-11|2019-04-11_2019-05-10|2019-06-13_2019-07-12|2019-08-14_2019-09-12|2019-09-13_2019-10-12|2019-11-14_2019-12-13|2020-01-15_2020-02-13|2020-02-14_2020-03-14|2020-03-12_2020-04-10|2020-05-13_2020-06-11|2020-08-13_2020-09-11|2020-10-14_2020-11-12|2020-11-13_2020-12-12|2021-01-14_2021-02-12|2021-02-11_2021-03-12|2021-05-13_2021-06-11|2021-07-14_2021-08-12|2021-09-15_2021-10-14|2021-10-14_2021-11-12|2021-11-11_2021-12-10|2022-01-13_2022-02-11|2022-02-11_2022-03-12|2022-04-13_2022-05-12|2022-05-12_2022-06-10|2022-07-14_2022-08-12|2022-09-14_2022-10-13|2022-10-14_2022-11-12|2022-12-14_2023-01-12|2023-02-15_2023-03-16|2023-03-15_2023-04-13|2023-04-13_2023-05-12|2023-06-14_2023-07-13|2023-07-13_2023-08-11|2023-09-14_2023-10-13|2023-11-15_2023-12-14|2023-12-13_2024-01-11|2024-02-14_2024-03-14|2024-03-13_2024-04-11|2024-05-16_2024-06-14|2024-06-13_2024-07-12|2024-08-15_2024-09-13|2024-09-12_2024-10-11|2024-11-14_2024-12-13|2025-01-16_2025-02-14|2025-02-13_2025-03-14|2025-03-13_2025-04-11|2025-05-14_2025-06-12|2025-07-16_2025-08-14|2025-08-13_2025-09-11
0.3,1,CPI y/y,Bad,2,2,0,100.0,0.0,inf,2020-07-15_2020-08-13|2021-04-14_2021-05-13
0.0,2,CPI m/m|Core CPI m/m,Neutral|Bad,6,4,2,66.7,33.3,2.0,2017-12-14_2018-01-12|2019-08-14_2019-09-12|2023-02-15_2023-03-16|2023-04-13_2023-05-12|2024-02-14_2024-03-14|2024-08-15_2024-09-13
0.0,2,CPI m/m|Core CPI m/m,Neutral|Neutral,9,5,4,55.6,44.4,1.25,2018-02-15_2018-03-16|2018-07-13_2018-08-11|2018-11-15_2018-12-14|2018-12-13_2019-01-11|2022-02-11_2022-03-12|2022-12-14_2023-01-12|2023-07-13_2023-08-11|2024-11-14_2024-12-13|2025-07-16_2025-08-14
0.0,2,CPI m/m|Core CPI m/m,Good|Neutral,4,1,3,25.0,75.0,0.33,2018-03-14_2018-04-12|2018-06-13_2018-07-12|2020-01-15_2020-02-13|2023-03-15_2023-04-13
0.0,2,CPI m/m|Core CPI m/m,Good|Good,15,6,9,40.0,60.0,0.67,2018-04-12_2018-05-11|2018-09-14_2018-10-13|2019-04-11_2019-05-10|2019-09-13_2019-10-12|2020-03-12_2020-04-10|2020-05-13_2020-06-11|2020-10-14_2020-11-12|2022-07-14_2022-08-12|2022-10-14_2022-11-12|2023-06-14_2023-07-13|2024-05-16_2024-06-14|2024-06-13_2024-07-12|2025-02-13_2025-03-14|2025-03-13_2025-04-11|2025-05-14_2025-06-12
0.0,2,CPI m/m|Core CPI m/m,Neutral|Good,4,1,3,25.0,75.0,0.33,2019-02-14_2019-03-15|2021-01-14_2021-02-12|2021-02-11_2021-03-12|2021-07-14_2021-08-12
0.0,2,CPI m/m|Core CPI m/m,Bad|Good,1,1,0,100.0,0.0,inf,2019-03-13_2019-04-11
0.0,2,CPI m/m|Core CPI m/m,Bad|Bad,14,8,6,57.1,42.9,1.33,2019-06-13_2019-07-12|2020-07-15_2020-08-13|2020-08-13_2020-09-11|2020-11-13_2020-12-12|2021-04-14_2021-05-13|2021-05-13_2021-06-11|2021-10-14_2021-11-12|2022-01-13_2022-02-11|2022-04-13_2022-05-12|2022-05-12_2022-06-10|2022-09-14_2022-10-13|2024-03-13_2024-04-11|2024-09-12_2024-10-11|2025-01-16_2025-02-14
0.0,2,CPI m/m|Core CPI m/m,Bad|Neutral,8,4,4,50.0,50.0,1.0,2019-11-14_2019-12-13|2020-02-14_2020-03-14|2021-09-15_2021-10-14|2021-11-11_2021-12-10|2023-09-14_2023-10-13|2023-11-15_2023-12-14|2023-12-13_2024-01-11|2025-08-13_2025-09-11
0.1,2,CPI m/m|Core CPI m/m,Neutral|Neutral,33,17,16,51.5,48.5,1.06,2017-12-14_2018-01-12|2018-02-15_2018-03-16|2018-03-14_2018-04-12|2018-04-12_2018-05-11|2018-06-13_2018-07-12|2018-07-13_2018-08-11|2018-09-14_2018-10-13|2018-11-15_2018-12-14|2018-12-13_2019-01-11|2019-02-14_2019-03-15|2019-06-13_2019-07-12|2019-08-14_2019-09-12|2019-09-13_2019-10-12|2019-11-14_2019-12-13|2020-01-15_2020-02-13|2020-02-14_2020-03-14|2020-05-13_2020-06-11|2020-11-13_2020-12-12|2021-02-11_2021-03-12|2022-02-11_2022-03-12|2022-12-14_2023-01-12|2023-02-15_2023-03-16|2023-03-15_2023-04-13|2023-06-14_2023-07-13|2023-07-13_2023-08-11|2023-11-15_2023-12-14|2023-12-13_2024-01-11|2024-05-16_2024-06-14|2024-08-15_2024-09-13|2024-09-12_2024-10-11|2024-11-14_2024-12-13|2025-02-13_2025-03-14|2025-07-16_2025-08-14
0.1,2,CPI m/m|Core CPI m/m,Bad|Neutral,7,3,4,42.9,57.1,0.75,2019-03-13_2019-04-11|2021-09-15_2021-10-14|2021-11-11_2021-12-10|2022-01-13_2022-02-11|2022-05-12_2022-06-10|2023-09-14_2023-10-13|2025-08-13_2025-09-11
0.1,2,CPI m/m|Core CPI m/m,Good|Neutral,2,2,0,100.0,0.0,inf,2019-04-11_2019-05-10|2024-06-13_2024-07-12
0.1,2,CPI m/m|Core CPI m/m,Good|Good,4,1,3,25.0,75.0,0.33,2020-03-12_2020-04-10|2022-07-14_2022-08-12|2022-10-14_2022-11-12|2025-03-13_2025-04-11
0.1,2,CPI m/m|Core CPI m/m,Bad|Bad,8,5,3,62.5,37.5,1.67,2020-07-15_2020-08-13|2020-08-13_2020-09-11|2021-04-14_2021-05-13|2021-05-13_2021-06-11|2021-10-14_2021-11-12|2022-09-14_2022-10-13|2024-03-13_2024-04-11|2025-01-16_2025-02-14
0.1,2,CPI m/m|Core CPI m/m,Neutral|Good,4,1,3,25.0,75.0,0.33,2020-10-14_2020-11-12|2021-01-14_2021-02-12|2021-07-14_2021-08-12|2025-05-14_2025-06-12
0.1,2,CPI m/m|Core CPI m/m,Neutral|Bad,3,1,2,33.3,66.7,0.5,2022-04-13_2022-05-12|2023-04-13_2023-05-12|2024-02-14_2024-03-14
0.2,2,CPI m/m|Core CPI m/m,Neutral|Neutral,57,27,30,47.4,52.6,0.9,2017-12-14_2018-01-12|2018-02-15_2018-03-16|2018-03-14_2018-04-12|2018-04-12_2018-05-11|2018-06-13_2018-07-12|2018-07-13_2018-08-11|2018-09-14_2018-10-13|2018-11-15_2018-12-14|2018-12-13_2019-01-11|2019-02-14_2019-03-15|2019-03-13_2019-04-11|2019-04-11_2019-05-10|2019-06-13_2019-07-12|2019-08-14_2019-09-12|2019-09-13_2019-10-12|2019-11-14_2019-12-13|2020-01-15_2020-02-13|2020-02-14_2020-03-14|2020-03-12_2020-04-10|2020-05-13_2020-06-11|2020-08-13_2020-09-11|2020-10-14_2020-11-12|2020-11-13_2020-12-12|2021-01-14_2021-02-12|2021-02-11_2021-03-12|2021-05-13_2021-06-11|2021-07-14_2021-08-12|2021-09-15_2021-10-14|2021-11-11_2021-12-10|2022-01-13_2022-02-11|2022-02-11_2022-03-12|2022-04-13_2022-05-12|2022-07-14_2022-08-12|2022-09-14_2022-10-13|2022-10-14_2022-11-12|2022-12-14_2023-01-12|2023-02-15_2023-03-16|2023-03-15_2023-04-13|2023-04-13_2023-05-12|2023-06-14_2023-07-13|2023-07-13_2023-08-11|2023-09-14_2023-10-13|2023-11-15_2023-12-14|2023-12-13_2024-01-11|2024-02-14_2024-03-14|2024-03-13_2024-04-11|2024-05-16_2024-06-14|2024-06-13_2024-07-12|2024-08-15_2024-09-13|2024-09-12_2024-10-11|2024-11-14_2024-12-13|2025-01-16_2025-02-14|2025-02-13_2025-03-14|2025-03-13_2025-04-11|2025-05-14_2025-06-12|2025-07-16_2025-08-14|2025-08-13_2025-09-11
0.2,2,CPI m/m|Core CPI m/m,Bad|Bad,2,2,0,100.0,0.0,inf,2020-07-15_2020-08-13|2021-04-14_2021-05-13
0.2,2,CPI m/m|Core CPI m/m,Bad|Neutral,2,1,1,50.0,50.0,1.0,2021-10-14_2021-11-12|2022-05-12_2022-06-10
0.3,2,CPI m/m|Core CPI m/m,Neutral|Neutral,57,27,30,47.4,52.6,0.9,2017-12-14_2018-01-12|2018-02-15_2018-03-16|2018-03-14_2018-04-12|2018-04-12_2018-05-11|2018-06-13_2018-07-12|2018-07-13_2018-08-11|2018-09-14_2018-10-13|2018-11-15_2018-12-14|2018-12-13_2019-01-11|2019-02-14_2019-03-15|2019-03-13_2019-04-11|2019-04-11_2019-05-10|2019-06-13_2019-07-12|2019-08-14_2019-09-12|2019-09-13_2019-10-12|2019-11-14_2019-12-13|2020-01-15_2020-02-13|2020-02-14_2020-03-14|2020-03-12_2020-04-10|2020-05-13_2020-06-11|2020-08-13_2020-09-11|2020-10-14_2020-11-12|2020-11-13_2020-12-12|2021-01-14_2021-02-12|2021-02-11_2021-03-12|2021-05-13_2021-06-11|2021-07-14_2021-08-12|2021-09-15_2021-10-14|2021-11-11_2021-12-10|2022-01-13_2022-02-11|2022-02-11_2022-03-12|2022-04-13_2022-05-12|2022-07-14_2022-08-12|2022-09-14_2022-10-13|2022-10-14_2022-11-12|2022-12-14_2023-01-12|2023-02-15_2023-03-16|2023-03-15_2023-04-13|2023-04-13_2023-05-12|2023-06-14_2023-07-13|2023-07-13_2023-08-11|2023-09-14_2023-10-13|2023-11-15_2023-12-14|2023-12-13_2024-01-11|2024-02-14_2024-03-14|2024-03-13_2024-04-11|2024-05-16_2024-06-14|2024-06-13_2024-07-12|2024-08-15_2024-09-13|2024-09-12_2024-10-11|2024-11-14_2024-12-13|2025-01-16_2025-02-14|2025-02-13_2025-03-14|2025-03-13_2025-04-11|2025-05-14_2025-06-12|2025-07-16_2025-08-14|2025-08-13_2025-09-11
0.3,2,CPI m/m|Core CPI m/m,Neutral|Bad,1,1,0,100.0,0.0,inf,2020-07-15_2020-08-13
0.3,2,CPI m/m|Core CPI m/m,Bad|Bad,1,1,0,100.0,0.0,inf,2021-04-14_2021-05-13
0.3,2,CPI m/m|Core CPI m/m,Bad|Neutral,2,1,1,50.0,50.0,1.0,2021-10-14_2021-11-12|2022-05-12_2022-06-10
0.0,2,CPI m/m|PPI m/m,Neutral|Good,7,6,1,85.7,14.3,6.0,2017-12-14_2018-01-12|2018-07-13_2018-08-11|2019-02-14_2019-03-15|2021-01-14_2021-02-12|2023-02-15_2023-03-16|2023-04-13_2023-05-12|2023-07-13_2023-08-11
0.0,2,CPI m/m|PPI m/m,Neutral|Bad,10,4,6,40.0,60.0,0.67,2018-02-15_2018-03-16|2018-11-15_2018-12-14|2019-08-14_2019-09-12|2021-02-11_2021-03-12|2021-07-14_2021-08-12|2022-02-11_2022-03-12|2024-02-14_2024-03-14|2024-08-15_2024-09-13|2024-11-14_2024-12-13|2025-07-16_2025-08-14
0.0,2,CPI m/m|PPI m/m,Good|Bad,4,2,2,50.0,50.0,1.0,2018-03-14_2018-04-12|2018-06-13_2018-07-12|2019-04-11_2019-05-10|2020-10-14_2020-11-12
0.0,2,CPI m/m|PPI m/m,Good|Good,13,5,8,38.5,61.5,0.63,2018-04-12_2018-05-11|2019-09-13_2019-10-12|2020-01-15_2020-02-13|2020-03-12_2020-04-10|2020-05-13_2020-06-11|2022-07-14_2022-08-12|2023-03-15_2023-04-13|2023-06-14_2023-07-13|2024-05-16_2024-06-14|2024-06-13_2024-07-12|2025-02-13_2025-03-14|2025-03-13_2025-04-11|2025-05-14_2025-06-12
0.0,2,CPI m/m|PPI m/m,Good|Neutral,1,0,1,0.0,100.0,0.0,2018-09-14_2018-10-13
0.0,2,CPI m/m|PPI m/m,Bad|Bad,12,7,5,58.3,41.7,1.4,2019-03-13_2019-04-11|2020-07-15_2020-08-13|2020-08-13_2020-09-11|2020-11-13_2020-12-12|2021-04-14_2021-05-13|2021-05-13_2021-06-11|2022-04-13_2022-05-12|2022-09-14_2022-10-13|2023-09-14_2023-10-13|2024-03-13_2024-04-11|2025-01-16_2025-02-14|2025-08-13_2025-09-11
0.0,2,CPI m/m|PPI m/m,Bad|Neutral,4,2,2,50.0,50.0,1.0,2019-06-13_2019-07-12|2022-05-12_2022-06-10|2023-12-13_2024-01-11|2024-09-12_2024-10-11
0.0,2,CPI m/m|PPI m/m,Bad|Good,6,4,2,66.7,33.3,2.0,2019-11-14_2019-12-13|2020-02-14_2020-03-14|2021-09-15_2021-10-14|2021-10-14_2021-11-12|2022-01-13_2022-02-11|2023-11-15_2023-12-14
0.1,2,CPI m/m|PPI m/m,Neutral|Good,12,7,5,58.3,41.7,1.4,2017-12-14_2018-01-12|2018-07-13_2018-08-11|2019-02-14_2019-03-15|2019-09-13_2019-10-12|2020-05-13_2020-06-11|2021-01-14_2021-02-12|2023-03-15_2023-04-13|2023-04-13_2023-05-12|2023-06-14_2023-07-13|2023-11-15_2023-12-14|2024-05-16_2024-06-14|2025-05-14_2025-06-12
0.1,2,CPI m/m|PPI m/m,Neutral|Neutral,17,10,7,58.8,41.2,1.43,2018-02-15_2018-03-16|2018-04-12_2018-05-11|2018-09-14_2018-10-13|2018-11-15_2018-12-14|2019-06-13_2019-07-12|2019-08-14_2019-09-12|2019-11-14_2019-12-13|2020-01-15_2020-02-13|2020-02-14_2020-03-14|2020-11-13_2020-12-12|2023-02-15_2023-03-16|2023-07-13_2023-08-11|2023-12-13_2024-01-11|2024-08-15_2024-09-13|2024-09-12_2024-10-11|2024-11-14_2024-12-13|2025-02-13_2025-03-14
0.1,2,CPI m/m|PPI m/m,Neutral|Bad,9,2,7,22.2,77.8,0.29,2018-03-14_2018-04-12|2018-06-13_2018-07-12|2020-10-14_2020-11-12|2021-02-11_2021-03-12|2021-07-14_2021-08-12|2022-02-11_2022-03-12|2022-04-13_2022-05-12|2024-02-14_2024-03-14|2025-07-16_2025-08-14
0.1,2,CPI m/m|PPI m/m,Bad|Neutral,7,4,3,57.1,42.9,1.33,2019-03-13_2019-04-11|2020-08-13_2020-09-11|2021-09-15_2021-10-14|2021-10-14_2021-11-12|2022-05-12_2022-06-10|2022-09-14_2022-10-13|2024-03-13_2024-04-11
0.1,2,CPI m/m|PPI m/m,Good|Bad,1,1,0,100.0,0.0,inf,2019-04-11_2019-05-10
0.1,2,CPI m/m|PPI m/m,Good|Good,4,2,2,50.0,50.0,1.0,2020-03-12_2020-04-10|2022-07-14_2022-08-12|2024-06-13_2024-07-12|2025-03-13_2025-04-11
0.1,2,CPI m/m|PPI m/m,Bad|Bad,6,3,3,50.0,50.0,1.0,2020-07-15_2020-08-13|2021-04-14_2021-05-13|2021-05-13_2021-06-11|2023-09-14_2023-10-13|2025-01-16_2025-02-14|2025-08-13_2025-09-11
0.1,2,CPI m/m|PPI m/m,Bad|Good,1,1,0,100.0,0.0,inf,2022-01-13_2022-02-11
0.2,2,CPI m/m|PPI m/m,Neutral|Good,9,5,4,55.6,44.4,1.25,2017-12-14_2018-01-12|2019-09-13_2019-10-12|2020-05-13_2020-06-11|2023-03-15_2023-04-13|2023-04-13_2023-05-12|2023-11-15_2023-12-14|2024-05-16_2024-06-14|2025-03-13_2025-04-11|2025-05-14_2025-06-12
0.2,2,CPI m/m|PPI m/m,Neutral|Neutral,37,20,17,54.1,45.9,1.18,2018-02-15_2018-03-16|2018-03-14_2018-04-12|2018-04-12_2018-05-11|2018-06-13_2018-07-12|2018-07-13_2018-08-11|2018-09-14_2018-10-13|2018-11-15_2018-12-14|2019-02-14_2019-03-15|2019-03-13_2019-04-11|2019-04-11_2019-05-10|2019-06-13_2019-07-12|2019-08-14_2019-09-12|2019-11-14_2019-12-13|2020-01-15_2020-02-13|2020-02-14_2020-03-14|2020-03-12_2020-04-10|2020-08-13_2020-09-11|2020-10-14_2020-11-12|2020-11-13_2020-12-12|2021-01-14_2021-02-12|2021-09-15_2021-10-14|2022-01-13_2022-02-11|2022-04-13_2022-05-12|2022-07-14_2022-08-12|2022-09-14_2022-10-13|2023-02-15_2023-03-16|2023-06-14_2023-07-13|2023-07-13_2023-08-11|2023-12-13_2024-01-11|2024-03-13_2024-04-11|2024-06-13_2024-07-12|2024-08-15_2024-09-13|2024-09-12_2024-10-11|2024-11-14_2024-12-13|2025-01-16_2025-02-14|2025-02-13_2025-03-14|2025-08-13_2025-09-11
0.2,2,CPI m/m|PPI m/m,Bad|Bad,2,2,0,100.0,0.0,inf,2020-07-15_2020-08-13|2021-04-14_2021-05-13
0.2,2,CPI m/m|PPI m/m,Neutral|Bad,7,2,5,28.6,71.4,0.4,2021-02-11_2021-03-12|2021-05-13_2021-06-11|2021-07-14_2021-08-12|2022-02-11_2022-03-12|2023-09-14_2023-10-13|2024-02-14_2024-03-14|2025-07-16_2025-08-14
0.2,2,CPI m/m|PPI m/m,Bad|Neutral,2,1,1,50.0,50.0,1.0,2021-10-14_2021-11-12|2022-05-12_2022-06-10
0.3,2,CPI m/m|PPI m/m,Neutral|Good,6,3,3,50.0,50.0,1.0,2017-12-14_2018-01-12|2019-09-13_2019-10-12|2023-03-15_2023-04-13|2024-05-16_2024-06-14|2025-03-13_2025-04-11|2025-05-14_2025-06-12
0.3,2,CPI m/m|PPI m/m,Neutral|Neutral,45,24,21,53.3,46.7,1.14,2018-02-15_2018-03-16|2018-03-14_2018-04-12|2018-04-12_2018-05-11|2018-06-13_2018-07-12|2018-07-13_2018-08-11|2018-09-14_2018-10-13|2018-11-15_2018-12-14|2019-02-14_2019-03-15|2019-03-13_2019-04-11|2019-04-11_2019-05-10|2019-06-13_2019-07-12|2019-08-14_2019-09-12|2019-11-14_2019-12-13|2020-01-15_2020-02-13|2020-02-14_2020-03-14|2020-03-12_2020-04-10|2020-05-13_2020-06-11|2020-07-15_2020-08-13|2020-08-13_2020-09-11|2020-10-14_2020-11-12|2020-11-13_2020-12-12|2021-01-14_2021-02-12|2021-05-13_2021-06-11|2021-09-15_2021-10-14|2022-01-13_2022-02-11|2022-04-13_2022-05-12|2022-07-14_2022-08-12|2022-09-14_2022-10-13|2023-02-15_2023-03-16|2023-04-13_2023-05-12|2023-06-14_2023-07-13|2023-07-13_2023-08-11|2023-09-14_2023-10-13|2023-11-15_2023-12-14|2023-12-13_2024-01-11|2024-02-14_2024-03-14|2024-03-13_2024-04-11|2024-06-13_2024-07-12|2024-08-15_2024-09-13|2024-09-12_2024-10-11|2024-11-14_2024-12-13|2025-01-16_2025-02-14|2025-02-13_2025-03-14|2025-07-16_2025-08-14|2025-08-13_2025-09-11
0.3,2,CPI m/m|PPI m/m,Neutral|Bad,3,1,2,33.3,66.7,0.5,2021-02-11_2021-03-12|2021-07-14_2021-08-12|2022-02-11_2022-03-12
0.3,2,CPI m/m|PPI m/m,Bad|Neutral,3,2,1,66.7,33.3,2.0,2021-04-14_2021-05-13|2021-10-14_2021-11-12|2022-05-12_2022-06-10
0.0,2,CPI m/m|Core PPI m/m,Neutral|Good,6,6,0,100.0,0.0,inf,2017-12-14_2018-01-12|2018-07-13_2018-08-11|2019-02-14_2019-03-15|2023-02-15_2023-03-16|2023-04-13_2023-05-12|2023-07-13_2023-08-11
0.0,2,CPI m/m|Core PPI m/m,Neutral|Bad,9,4,5,44.4,55.6,0.8,2018-02-15_2018-03-16|2018-11-15_2018-12-14|2019-08-14_2019-09-12|2021-02-11_2021-03-12|2021-07-14_2021-08-12|2022-02-11_2022-03-12|2024-02-14_2024-03-14|2024-08-15_2024-09-13|2025-07-16_2025-08-14
0.0,2,CPI m/m|Core PPI m/m,Good|Bad,3,1,2,33.3,66.7,0.5,2018-03-14_2018-04-12|2018-06-13_2018-07-12|2020-10-14_2020-11-12
0.0,2,CPI m/m|Core PPI m/m,Good|Neutral,2,1,1,50.0,50.0,1.0,2018-04-12_2018-05-11|2018-09-14_2018-10-13
0.0,2,CPI m/m|Core PPI m/m,Bad|Good,9,6,3,66.7,33.3,2.0,2019-03-13_2019-04-11|2019-11-14_2019-12-13|2020-02-14_2020-03-14|2020-11-13_2020-12-12|2021-09-15_2021-10-14|2021-10-14_2021-11-12|2022-05-12_2022-06-10|2023-11-15_2023-12-14|2023-12-13_2024-01-11
0.0,2,CPI m/m|Core PPI m/m,Good|Good,13,5,8,38.5,61.5,0.63,2019-04-11_2019-05-10|2019-09-13_2019-10-12|2020-01-15_2020-02-13|2020-03-12_2020-04-10|2020-05-13_2020-06-11|2022-07-14_2022-08-12|2023-03-15_2023-04-13|2023-06-14_2023-07-13|2024-05-16_2024-06-14|2024-06-13_2024-07-12|2025-02-13_2025-03-14|2025-03-13_2025-04-11|2025-05-14_2025-06-12
0.0,2,CPI m/m|Core PPI m/m,Bad|Bad,11,6,5,54.5,45.5,1.2,2019-06-13_2019-07-12|2020-07-15_2020-08-13|2020-08-13_2020-09-11|2021-04-14_2021-05-13|2021-05-13_2021-06-11|2022-04-13_2022-05-12|2022-09-14_2022-10-13|2023-09-14_2023-10-13|2024-03-13_2024-04-11|2024-09-12_2024-10-11|2025-08-13_2025-09-11
0.0,2,CPI m/m|Core PPI m/m,Neutral|Neutral,2,0,2,0.0,100.0,0.0,2021-01-14_2021-02-12|2024-11-14_2024-12-13
0.0,2,CPI m/m|Core PPI m/m,Bad|Neutral,2,1,1,50.0,50.0,1.0,2022-01-13_2022-02-11|2025-01-16_2025-02-14
0.1,2,CPI m/m|Core PPI m/m,Neutral|Good,10,7,3,70.0,30.0,2.33,2017-12-14_2018-01-12|2019-09-13_2019-10-12|2019-11-14_2019-12-13|2023-03-15_2023-04-13|2023-04-13_2023-05-12|2023-11-15_2023-12-14|2023-12-13_2024-01-11|2024-05-16_2024-06-14|2025-02-13_2025-03-14|2025-05-14_2025-06-12
0.1,2,CPI m/m|Core PPI m/m,Neutral|Neutral,20,10,10,50.0,50.0,1.0,2018-02-15_2018-03-16|2018-03-14_2018-04-12|2018-04-12_2018-05-11|2018-06-13_2018-07-12|2018-07-13_2018-08-11|2018-09-14_2018-10-13|2019-02-14_2019-03-15|2019-06-13_2019-07-12|2019-08-14_2019-09-12|2020-01-15_2020-02-13|2020-02-14_2020-03-14|2020-05-13_2020-06-11|2020-11-13_2020-12-12|2021-01-14_2021-02-12|2023-02-15_2023-03-16|2023-06-14_2023-07-13|2023-07-13_2023-08-11|2024-08-15_2024-09-13|2024-09-12_2024-10-11|2024-11-14_2024-12-13
0.1,2,CPI m/m|Core PPI m/m,Neutral|Bad,8,2,6,25.0,75.0,0.33,2018-11-15_2018-12-14|2020-10-14_2020-11-12|2021-02-11_2021-03-12|2021-07-14_2021-08-12|2022-02-11_2022-03-12|2022-04-13_2022-05-12|2024-02-14_2024-03-14|2025-07-16_2025-08-14
0.1,2,CPI m/m|Core PPI m/m,Bad|Neutral,6,4,2,66.7,33.3,2.0,2019-03-13_2019-04-11|2022-01-13_2022-02-11|2022-09-14_2022-10-13|2023-09-14_2023-10-13|2024-03-13_2024-04-11|2025-01-16_2025-02-14
0.1,2,CPI m/m|Core PPI m/m,Good|Neutral,3,2,1,66.7,33.3,2.0,2019-04-11_2019-05-10|2020-03-12_2020-04-10|2024-06-13_2024-07-12
0.1,2,CPI m/m|Core PPI m/m,Bad|Bad,5,3,2,60.0,40.0,1.5,2020-07-15_2020-08-13|2020-08-13_2020-09-11|2021-04-14_2021-05-13|2021-05-13_2021-06-11|2025-08-13_2025-09-11
0.1,2,CPI m/m|Core PPI m/m,Bad|Good,3,1,2,33.3,66.7,0.5,2021-09-15_2021-10-14|2021-10-14_2021-11-12|2022-05-12_2022-06-10
0.1,2,CPI m/m|Core PPI m/m,Good|Good,2,1,1,50.0,50.0,1.0,2022-07-14_2022-08-12|2025-03-13_2025-04-11
0.2,2,CPI m/m|Core PPI m/m,Neutral|Good,8,4,4,50.0,50.0,1.0,2017-12-14_2018-01-12|2019-09-13_2019-10-12|2021-09-15_2021-10-14|2023-03-15_2023-04-13|2023-11-15_2023-12-14|2024-05-16_2024-06-14|2025-03-13_2025-04-11|2025-05-14_2025-06-12
0.2,2,CPI m/m|Core PPI m/m,Neutral|Neutral,39,22,17,56.4,43.6,1.29,2018-02-15_2018-03-16|2018-03-14_2018-04-12|2018-04-12_2018-05-11|2018-06-13_2018-07-12|2018-07-13_2018-08-11|2018-09-14_2018-10-13|2018-11-15_2018-12-14|2019-02-14_2019-03-15|2019-03-13_2019-04-11|2019-04-11_2019-05-10|2019-06-13_2019-07-12|2019-08-14_2019-09-12|2019-11-14_2019-12-13|2020-01-15_2020-02-13|2020-02-14_2020-03-14|2020-03-12_2020-04-10|2020-05-13_2020-06-11|2020-08-13_2020-09-11|2020-10-14_2020-11-12|2020-11-13_2020-12-12|2021-01-14_2021-02-12|2022-01-13_2022-02-11|2022-04-13_2022-05-12|2022-07-14_2022-08-12|2022-09-14_2022-10-13|2023-02-15_2023-03-16|2023-04-13_2023-05-12|2023-06-14_2023-07-13|2023-07-13_2023-08-11|2023-09-14_2023-10-13|2023-12-13_2024-01-11|2024-03-13_2024-04-11|2024-06-13_2024-07-12|2024-08-15_2024-09-13|2024-09-12_2024-10-11|2024-11-14_2024-12-13|2025-01-16_2025-02-14|2025-02-13_2025-03-14|2025-08-13_2025-09-11
0.2,2,CPI m/m|Core PPI m/m,Bad|Bad,2,2,0,100.0,0.0,inf,2020-07-15_2020-08-13|2021-04-14_2021-05-13
0.2,2,CPI m/m|Core PPI m/m,Neutral|Bad,6,1,5,16.7,83.3,0.2,2021-02-11_2021-03-12|2021-05-13_2021-06-11|2021-07-14_2021-08-12|2022-02-11_2022-03-12|2024-02-14_2024-03-14|2025-07-16_2025-08-14
0.2,2,CPI m/m|Core PPI m/m,Bad|Neutral,2,1,1,50.0,50.0,1.0,2021-10-14_2021-11-12|2022-05-12_2022-06-10
0.3,2,CPI m/m|Core PPI m/m,Neutral|Good,5,2,3,40.0,60.0,0.67,2017-12-14_2018-01-12|2019-09-13_2019-10-12|2023-03-15_2023-04-13|2025-03-13_2025-04-11|2025-05-14_2025-06-12
0.3,2,CPI m/m|Core PPI m/m,Neutral|Neutral,45,24,21,53.3,46.7,1.14,2018-02-15_2018-03-16|2018-03-14_2018-04-12|2018-04-12_2018-05-11|2018-06-13_2018-07-12|2018-07-13_2018-08-11|2018-09-14_2018-10-13|2018-11-15_2018-12-14|2019-02-14_2019-03-15|2019-03-13_2019-04-11|2019-04-11_2019-05-10|2019-06-13_2019-07-12|2019-08-14_2019-09-12|2019-11-14_2019-12-13|2020-01-15_2020-02-13|2020-02-14_2020-03-14|2020-03-12_2020-04-10|2020-05-13_2020-06-11|2020-08-13_2020-09-11|2020-10-14_2020-11-12|2020-11-13_2020-12-12|2021-01-14_2021-02-12|2021-05-13_2021-06-11|2021-09-15_2021-10-14|2022-01-13_2022-02-11|2022-04-13_2022-05-12|2022-07-14_2022-08-12|2022-09-14_2022-10-13|2023-02-15_2023-03-16|2023-04-13_2023-05-12|2023-06-14_2023-07-13|2023-07-13_2023-08-11|2023-09-14_2023-10-13|2023-11-15_2023-12-14|2023-12-13_2024-01-11|2024-02-14_2024-03-14|2024-03-13_2024-04-11|2024-05-16_2024-06-14|2024-06-13_2024-07-12|2024-08-15_2024-09-13|2024-09-12_2024-10-11|2024-11-14_2024-12-13|2025-01-16_2025-02-14|2025-02-13_2025-03-14|2025-07-16_2025-08-14|2025-08-13_2025-09-11
0.3,2,CPI m/m|Core PPI m/m,Neutral|Bad,4,2,2,50.0,50.0,1.0,2020-07-15_2020-08-13|2021-02-11_2021-03-12|2021-07-14_2021-08-12|2022-02-11_2022-03-12
0.3,2,CPI m/m|Core PPI m/m,Bad|Neutral,3,2,1,66.7,33.3,2.0,2021-04-14_2021-05-13|2021-10-14_2021-11-12|2022-05-12_2022-06-10
0.0,2,CPI m/m|FOMC,Good|Neutral,3,1,2,33.3,66.7,0.5,2023-03-15_2023-04-13|2023-06-14_2023-07-13|2024-05-16_2024-06-14
0.0,2,CPI m/m|FOMC,Neutral|Neutral,2,2,0,100.0,0.0,inf,2023-04-13_2023-05-12|2023-07-13_2023-08-11
0.0,2,CPI m/m|FOMC,Bad|Neutral,4,3,1,75.0,25.0,3.0,2023-09-14_2023-10-13|2023-11-15_2023-12-14|2023-12-13_2024-01-11|2025-01-16_2025-02-14
0.0,2,CPI m/m|FOMC,Bad|Good,1,1,0,100.0,0.0,inf,2024-09-12_2024-10-11
0.1,2,CPI m/m|FOMC,Neutral|Neutral,7,5,2,71.4,28.6,2.5,2023-03-15_2023-04-13|2023-04-13_2023-05-12|2023-06-14_2023-07-13|2023-07-13_2023-08-11|2023-11-15_2023-12-14|2023-12-13_2024-01-11|2024-05-16_2024-06-14
0.1,2,CPI m/m|FOMC,Bad|Neutral,2,1,1,50.0,50.0,1.0,2023-09-14_2023-10-13|2025-01-16_2025-02-14
0.1,2,CPI m/m|FOMC,Neutral|Good,1,1,0,100.0,0.0,inf,2024-09-12_2024-10-11
0.2,2,CPI m/m|FOMC,Neutral|Neutral,9,6,3,66.7,33.3,2.0,2023-03-15_2023-04-13|2023-04-13_2023-05-12|2023-06-14_2023-07-13|2023-07-13_2023-08-11|2023-09-14_2023-10-13|2023-11-15_2023-12-14|2023-12-13_2024-01-11|2024-05-16_2024-06-14|2025-01-16_2025-02-14
0.2,2,CPI m/m|FOMC,Neutral|Good,1,1,0,100.0,0.0,inf,2024-09-12_2024-10-11
0.3,2,CPI m/m|FOMC,Neutral|Neutral,10,7,3,70.0,30.0,2.33,2023-03-15_2023-04-13|2023-04-13_2023-05-12|2023-06-14_2023-07-13|2023-07-13_2023-08-11|2023-09-14_2023-10-13|2023-11-15_2023-12-14|2023-12-13_2024-01-11|2024-05-16_2024-06-14|2024-09-12_2024-10-11|2025-01-16_2025-02-14
0.0,2,CPI m/m|CPI y/y,Neutral|Neutral,12,6,6,50.0,50.0,1.0,2017-12-14_2018-01-12|2018-02-15_2018-03-16|2018-07-13_2018-08-11|2018-11-15_2018-12-14|2018-12-13_2019-01-11|2021-01-14_2021-02-12|2021-02-11_2021-03-12|2022-02-11_2022-03-12|2022-12-14_2023-01-12|2023-02-15_2023-03-16|2024-08-15_2024-09-13|2024-11-14_2024-12-13
0.0,2,CPI m/m|CPI y/y,Good|Neutral,3,2,1,66.7,33.3,2.0,2018-03-14_2018-04-12|2018-04-12_2018-05-11|2018-06-13_2018-07-12
0.0,2,CPI m/m|CPI y/y,Good|Good,15,5,10,33.3,66.7,0.5,2018-09-14_2018-10-13|2019-04-11_2019-05-10|2019-09-13_2019-10-12|2020-03-12_2020-04-10|2020-05-13_2020-06-11|2020-10-14_2020-11-12|2022-07-14_2022-08-12|2022-10-14_2022-11-12|2023-03-15_2023-04-13|2023-06-14_2023-07-13|2024-05-16_2024-06-14|2024-06-13_2024-07-12|2025-02-13_2025-03-14|2025-03-13_2025-04-11|2025-05-14_2025-06-12
0.0,2,CPI m/m|CPI y/y,Neutral|Good,5,4,1,80.0,20.0,4.0,2019-02-14_2019-03-15|2019-08-14_2019-09-12|2023-04-13_2023-05-12|2023-07-13_2023-08-11|2025-07-16_2025-08-14
0.0,2,CPI m/m|CPI y/y,Bad|Bad,18,11,7,61.1,38.9,1.57,2019-03-13_2019-04-11|2019-11-14_2019-12-13|2020-02-14_2020-03-14|2020-07-15_2020-08-13|2020-08-13_2020-09-11|2021-04-14_2021-05-13|2021-05-13_2021-06-11|2021-09-15_2021-10-14|2021-10-14_2021-11-12|2022-01-13_2022-02-11|2022-04-13_2022-05-12|2022-05-12_2022-06-10|2022-09-14_2022-10-13|2023-09-14_2023-10-13|2023-12-13_2024-01-11|2024-03-13_2024-04-11|2024-09-12_2024-10-11|2025-01-16_2025-02-14
0.0,2,CPI m/m|CPI y/y,Bad|Neutral,5,2,3,40.0,60.0,0.67,2019-06-13_2019-07-12|2020-11-13_2020-12-12|2021-11-11_2021-12-10|2023-11-15_2023-12-14|2025-08-13_2025-09-11
0.0,2,CPI m/m|CPI y/y,Good|Bad,1,0,1,0.0,100.0,0.0,2020-01-15_2020-02-13
0.0,2,CPI m/m|CPI y/y,Neutral|Bad,2,0,2,0.0,100.0,0.0,2021-07-14_2021-08-12|2024-02-14_2024-03-14
0.1,2,CPI m/m|CPI y/y,Neutral|Neutral,23,12,11,52.2,47.8,1.09,2017-12-14_2018-01-12|2018-02-15_2018-03-16|2018-03-14_2018-04-12|2018-04-12_2018-05-11|2018-06-13_2018-07-12|2018-07-13_2018-08-11|2018-11-15_2018-12-14|2018-12-13_2019-01-11|2019-06-13_2019-07-12|2020-02-14_2020-03-14|2020-11-13_2020-12-12|2021-01-14_2021-02-12|2021-02-11_2021-03-12|2022-02-11_2022-03-12|2022-12-14_2023-01-12|2023-02-15_2023-03-16|2023-03-15_2023-04-13|2023-04-13_2023-05-12|2023-07-13_2023-08-11|2023-11-15_2023-12-14|2024-08-15_2024-09-13|2024-11-14_2024-12-13|2025-07-16_2025-08-14
0.1,2,CPI m/m|CPI y/y,Neutral|Good,10,4,6,40.0,60.0,0.67,2018-09-14_2018-10-13|2019-02-14_2019-03-15|2019-08-14_2019-09-12|2019-09-13_2019-10-12|2020-05-13_2020-06-11|2020-10-14_2020-11-12|2023-06-14_2023-07-13|2024-05-16_2024-06-14|2025-02-13_2025-03-14|2025-05-14_2025-06-12
0.1,2,CPI m/m|CPI y/y,Bad|Neutral,4,2,2,50.0,50.0,1.0,2019-03-13_2019-04-11|2021-11-11_2021-12-10|2022-09-14_2022-10-13|2025-08-13_2025-09-11
0.1,2,CPI m/m|CPI y/y,Good|Good,6,3,3,50.0,50.0,1.0,2019-04-11_2019-05-10|2020-03-12_2020-04-10|2022-07-14_2022-08-12|2022-10-14_2022-11-12|2024-06-13_2024-07-12|2025-03-13_2025-04-11
0.1,2,CPI m/m|CPI y/y,Neutral|Bad,7,3,4,42.9,57.1,0.75,2019-11-14_2019-12-13|2020-01-15_2020-02-13|2021-07-14_2021-08-12|2022-04-13_2022-05-12|2023-12-13_2024-01-11|2024-02-14_2024-03-14|2024-09-12_2024-10-11
0.1,2,CPI m/m|CPI y/y,Bad|Bad,11,6,5,54.5,45.5,1.2,2020-07-15_2020-08-13|2020-08-13_2020-09-11|2021-04-14_2021-05-13|2021-05-13_2021-06-11|2021-09-15_2021-10-14|2021-10-14_2021-11-12|2022-01-13_2022-02-11|2022-05-12_2022-06-10|2023-09-14_2023-10-13|2024-03-13_2024-04-11|2025-01-16_2025-02-14
0.2,2,CPI m/m|CPI y/y,Neutral|Neutral,53,26,27,49.1,50.9,0.96,2017-12-14_2018-01-12|2018-02-15_2018-03-16|2018-03-14_2018-04-12|2018-04-12_2018-05-11|2018-06-13_2018-07-12|2018-07-13_2018-08-11|2018-09-14_2018-10-13|2018-11-15_2018-12-14|2018-12-13_2019-01-11|2019-02-14_2019-03-15|2019-03-13_2019-04-11|2019-04-11_2019-05-10|2019-06-13_2019-07-12|2019-08-14_2019-09-12|2019-09-13_2019-10-12|2019-11-14_2019-12-13|2020-01-15_2020-02-13|2020-02-14_2020-03-14|2020-03-12_2020-04-10|2020-05-13_2020-06-11|2020-08-13_2020-09-11|2020-10-14_2020-11-12|2020-11-13_2020-12-12|2021-01-14_2021-02-12|2021-02-11_2021-03-12|2021-07-14_2021-08-12|2021-09-15_2021-10-14|2021-11-11_2021-12-10|2022-02-11_2022-03-12|2022-07-14_2022-08-12|2022-09-14_2022-10-13|2022-12-14_2023-01-12|2023-02-15_2023-03-16|2023-03-15_2023-04-13|2023-04-13_2023-05-12|2023-06-14_2023-07-13|2023-07-13_2023-08-11|2023-09-14_2023-10-13|2023-11-15_2023-12-14|2023-12-13_2024-01-11|2024-02-14_2024-03-14|2024-03-13_2024-04-11|2024-05-16_2024-06-14|2024-06-13_2024-07-12|2024-08-15_2024-09-13|2024-09-12_2024-10-11|2024-11-14_2024-12-13|2025-01-16_2025-02-14|2025-02-13_2025-03-14|2025-03-13_2025-04-11|2025-05-14_2025-06-12|2025-07-16_2025-08-14|2025-08-13_2025-09-11
0.2,2,CPI m/m|CPI y/y,Bad|Bad,4,3,1,75.0,25.0,3.0,2020-07-15_2020-08-13|2021-04-14_2021-05-13|2021-10-14_2021-11-12|2022-05-12_2022-06-10
0.2,2,CPI m/m|CPI y/y,Neutral|Bad,3,1,2,33.3,66.7,0.5,2021-05-13_2021-06-11|2022-01-13_2022-02-11|2022-04-13_2022-05-12
0.2,2,CPI m/m|CPI y/y,Neutral|Good,1,0,1,0.0,100.0,0.0,2022-10-14_2022-11-12
0.3,2,CPI m/m|CPI y/y,Neutral|Neutral,57,27,30,47.4,52.6,0.9,2017-12-14_2018-01-12|2018-02-15_2018-03-16|2018-03-14_2018-04-12|2018-04-12_2018-05-11|2018-06-13_2018-07-12|2018-07-13_2018-08-11|2018-09-14_2018-10-13|2018-11-15_2018-12-14|2018-12-13_2019-01-11|2019-02-14_2019-03-15|2019-03-13_2019-04-11|2019-04-11_2019-05-10|2019-06-13_2019-07-12|2019-08-14_2019-09-12|2019-09-13_2019-10-12|2019-11-14_2019-12-13|2020-01-15_2020-02-13|2020-02-14_2020-03-14|2020-03-12_2020-04-10|2020-05-13_2020-06-11|2020-08-13_2020-09-11|2020-10-14_2020-11-12|2020-11-13_2020-12-12|2021-01-14_2021-02-12|2021-02-11_2021-03-12|2021-05-13_2021-06-11|2021-07-14_2021-08-12|2021-09-15_2021-10-14|2021-11-11_2021-12-10|2022-01-13_2022-02-11|2022-02-11_2022-03-12|2022-04-13_2022-05-12|2022-07-14_2022-08-12|2022-09-14_2022-10-13|2022-10-14_2022-11-12|2022-12-14_2023-01-12|2023-02-15_2023-03-16|2023-03-15_2023-04-13|2023-04-13_2023-05-12|2023-06-14_2023-07-13|2023-07-13_2023-08-11|2023-09-14_2023-10-13|2023-11-15_2023-12-14|2023-12-13_2024-01-11|2024-02-14_2024-03-14|2024-03-13_2024-04-11|2024-05-16_2024-06-14|2024-06-13_2024-07-12|2024-08-15_2024-09-13|2024-09-12_2024-10-11|2024-11-14_2024-12-13|2025-01-16_2025-02-14|2025-02-13_2025-03-14|2025-03-13_2025-04-11|2025-05-14_2025-06-12|2025-07-16_2025-08-14|2025-08-13_2025-09-11
0.3,2,CPI m/m|CPI y/y,Neutral|Bad,1,1,0,100.0,0.0,inf,2020-07-15_2020-08-13
0.3,2,CPI m/m|CPI y/y,Bad|Bad,1,1,0,100.0,0.0,inf,2021-04-14_2021-05-13
0.3,2,CPI m/m|CPI y/y,Bad|Neutral,2,1,1,50.0,50.0,1.0,2021-10-14_2021-11-12|2022-05-12_2022-06-10
0.0,2,Core CPI m/m|PPI m/m,Bad|Good,5,5,0,100.0,0.0,inf,2017-12-14_2018-01-12|2021-10-14_2021-11-12|2022-01-13_2022-02-11|2023-02-15_2023-03-16|2023-04-13_2023-05-12
0.0,2,Core CPI m/m|PPI m/m,Neutral|Bad,9,5,4,55.6,44.4,1.25,2018-02-15_2018-03-16|2018-03-14_2018-04-12|2018-06-13_2018-07-12|2018-11-15_2018-12-14|2022-02-11_2022-03-12|2023-09-14_2023-10-13|2024-11-14_2024-12-13|2025-07-16_2025-08-14|2025-08-13_2025-09-11
0.0,2,Core CPI m/m|PPI m/m,Good|Good,13,6,7,46.2,53.8,0.86,2018-04-12_2018-05-11|2019-02-14_2019-03-15|2019-09-13_2019-10-12|2020-03-12_2020-04-10|2020-05-13_2020-06-11|2021-01-14_2021-02-12|2022-07-14_2022-08-12|2023-06-14_2023-07-13|2024-05-16_2024-06-14|2024-06-13_2024-07-12|2025-02-13_2025-03-14|2025-03-13_2025-04-11|2025-05-14_2025-06-12
0.0,2,Core CPI m/m|PPI m/m,Neutral|Good,8,4,4,50.0,50.0,1.0,2018-07-13_2018-08-11|2019-11-14_2019-12-13|2020-01-15_2020-02-13|2020-02-14_2020-03-14|2021-09-15_2021-10-14|2023-03-15_2023-04-13|2023-07-13_2023-08-11|2023-11-15_2023-12-14
0.0,2,Core CPI m/m|PPI m/m,Good|Neutral,1,0,1,0.0,100.0,0.0,2018-09-14_2018-10-13
0.0,2,Core CPI m/m|PPI m/m,Good|Bad,5,2,3,40.0,60.0,0.67,2019-03-13_2019-04-11|2019-04-11_2019-05-10|2020-10-14_2020-11-12|2021-02-11_2021-03-12|2021-07-14_2021-08-12
0.0,2,Core CPI m/m|PPI m/m,Bad|Neutral,3,1,2,33.3,66.7,0.5,2019-06-13_2019-07-12|2022-05-12_2022-06-10|2024-09-12_2024-10-11
0.0,2,Core CPI m/m|PPI m/m,Bad|Bad,12,6,6,50.0,50.0,1.0,2019-08-14_2019-09-12|2020-07-15_2020-08-13|2020-08-13_2020-09-11|2020-11-13_2020-12-12|2021-04-14_2021-05-13|2021-05-13_2021-06-11|2022-04-13_2022-05-12|2022-09-14_2022-10-13|2024-02-14_2024-03-14|2024-03-13_2024-04-11|2024-08-15_2024-09-13|2025-01-16_2025-02-14
0.0,2,Core CPI m/m|PPI m/m,Neutral|Neutral,1,1,0,100.0,0.0,inf,2023-12-13_2024-01-11
0.1,2,Core CPI m/m|PPI m/m,Neutral|Good,11,7,4,63.6,36.4,1.75,2017-12-14_2018-01-12|2018-07-13_2018-08-11|2019-02-14_2019-03-15|2019-09-13_2019-10-12|2020-05-13_2020-06-11|2022-01-13_2022-02-11|2023-03-15_2023-04-13|2023-06-14_2023-07-13|2023-11-15_2023-12-14|2024-05-16_2024-06-14|2024-06-13_2024-07-12
0.1,2,Core CPI m/m|PPI m/m,Neutral|Neutral,20,11,9,55.0,45.0,1.22,2018-02-15_2018-03-16|2018-04-12_2018-05-11|2018-09-14_2018-10-13|2018-11-15_2018-12-14|2019-03-13_2019-04-11|2019-06-13_2019-07-12|2019-08-14_2019-09-12|2019-11-14_2019-12-13|2020-01-15_2020-02-13|2020-02-14_2020-03-14|2020-11-13_2020-12-12|2021-09-15_2021-10-14|2022-05-12_2022-06-10|2023-02-15_2023-03-16|2023-07-13_2023-08-11|2023-12-13_2024-01-11|2024-08-15_2024-09-13|2024-09-12_2024-10-11|2024-11-14_2024-12-13|2025-02-13_2025-03-14
0.1,2,Core CPI m/m|PPI m/m,Neutral|Bad,8,4,4,50.0,50.0,1.0,2018-03-14_2018-04-12|2018-06-13_2018-07-12|2019-04-11_2019-05-10|2021-02-11_2021-03-12|2022-02-11_2022-03-12|2023-09-14_2023-10-13|2025-07-16_2025-08-14|2025-08-13_2025-09-11
0.1,2,Core CPI m/m|PPI m/m,Good|Good,5,2,3,40.0,60.0,0.67,2020-03-12_2020-04-10|2021-01-14_2021-02-12|2022-07-14_2022-08-12|2025-03-13_2025-04-11|2025-05-14_2025-06-12
0.1,2,Core CPI m/m|PPI m/m,Bad|Bad,6,2,4,33.3,66.7,0.5,2020-07-15_2020-08-13|2021-04-14_2021-05-13|2021-05-13_2021-06-11|2022-04-13_2022-05-12|2024-02-14_2024-03-14|2025-01-16_2025-02-14
0.1,2,Core CPI m/m|PPI m/m,Bad|Neutral,4,3,1,75.0,25.0,3.0,2020-08-13_2020-09-11|2021-10-14_2021-11-12|2022-09-14_2022-10-13|2024-03-13_2024-04-11
0.1,2,Core CPI m/m|PPI m/m,Good|Bad,2,0,2,0.0,100.0,0.0,2020-10-14_2020-11-12|2021-07-14_2021-08-12
0.1,2,Core CPI m/m|PPI m/m,Bad|Good,1,1,0,100.0,0.0,inf,2023-04-13_2023-05-12
0.2,2,Core CPI m/m|PPI m/m,Neutral|Good,9,5,4,55.6,44.4,1.25,2017-12-14_2018-01-12|2019-09-13_2019-10-12|2020-05-13_2020-06-11|2023-03-15_2023-04-13|2023-04-13_2023-05-12|2023-11-15_2023-12-14|2024-05-16_2024-06-14|2025-03-13_2025-04-11|2025-05-14_2025-06-12
0.2,2,Core CPI m/m|PPI m/m,Neutral|Neutral,39,21,18,53.8,46.2,1.17,2018-02-15_2018-03-16|2018-03-14_2018-04-12|2018-04-12_2018-05-11|2018-06-13_2018-07-12|2018-07-13_2018-08-11|2018-09-14_2018-10-13|2018-11-15_2018-12-14|2019-02-14_2019-03-15|2019-03-13_2019-04-11|2019-04-11_2019-05-10|2019-06-13_2019-07-12|2019-08-14_2019-09-12|2019-11-14_2019-12-13|2020-01-15_2020-02-13|2020-02-14_2020-03-14|2020-03-12_2020-04-10|2020-08-13_2020-09-11|2020-10-14_2020-11-12|2020-11-13_2020-12-12|2021-01-14_2021-02-12|2021-09-15_2021-10-14|2021-10-14_2021-11-12|2022-01-13_2022-02-11|2022-04-13_2022-05-12|2022-05-12_2022-06-10|2022-07-14_2022-08-12|2022-09-14_2022-10-13|2023-02-15_2023-03-16|2023-06-14_2023-07-13|2023-07-13_2023-08-11|2023-12-13_2024-01-11|2024-03-13_2024-04-11|2024-06-13_2024-07-12|2024-08-15_2024-09-13|2024-09-12_2024-10-11|2024-11-14_2024-12-13|2025-01-16_2025-02-14|2025-02-13_2025-03-14|2025-08-13_2025-09-11
0.2,2,Core CPI m/m|PPI m/m,Bad|Bad,2,2,0,100.0,0.0,inf,2020-07-15_2020-08-13|2021-04-14_2021-05-13
0.2,2,Core CPI m/m|PPI m/m,Neutral|Bad,7,2,5,28.6,71.4,0.4,2021-02-11_2021-03-12|2021-05-13_2021-06-11|2021-07-14_2021-08-12|2022-02-11_2022-03-12|2023-09-14_2023-10-13|2024-02-14_2024-03-14|2025-07-16_2025-08-14
0.3,2,Core CPI m/m|PPI m/m,Neutral|Good,6,3,3,50.0,50.0,1.0,2017-12-14_2018-01-12|2019-09-13_2019-10-12|2023-03-15_2023-04-13|2024-05-16_2024-06-14|2025-03-13_2025-04-11|2025-05-14_2025-06-12
0.3,2,Core CPI m/m|PPI m/m,Neutral|Neutral,46,24,22,52.2,47.8,1.09,2018-02-15_2018-03-16|2018-03-14_2018-04-12|2018-04-12_2018-05-11|2018-06-13_2018-07-12|2018-07-13_2018-08-11|2018-09-14_2018-10-13|2018-11-15_2018-12-14|2019-02-14_2019-03-15|2019-03-13_2019-04-11|2019-04-11_2019-05-10|2019-06-13_2019-07-12|2019-08-14_2019-09-12|2019-11-14_2019-12-13|2020-01-15_2020-02-13|2020-02-14_2020-03-14|2020-03-12_2020-04-10|2020-05-13_2020-06-11|2020-08-13_2020-09-11|2020-10-14_2020-11-12|2020-11-13_2020-12-12|2021-01-14_2021-02-12|2021-05-13_2021-06-11|2021-09-15_2021-10-14|2021-10-14_2021-11-12|2022-01-13_2022-02-11|2022-04-13_2022-05-12|2022-05-12_2022-06-10|2022-07-14_2022-08-12|2022-09-14_2022-10-13|2023-02-15_2023-03-16|2023-04-13_2023-05-12|2023-06-14_2023-07-13|2023-07-13_2023-08-11|2023-09-14_2023-10-13|2023-11-15_2023-12-14|2023-12-13_2024-01-11|2024-02-14_2024-03-14|2024-03-13_2024-04-11|2024-06-13_2024-07-12|2024-08-15_2024-09-13|2024-09-12_2024-10-11|2024-11-14_2024-12-13|2025-01-16_2025-02-14|2025-02-13_2025-03-14|2025-07-16_2025-08-14|2025-08-13_2025-09-11
0.3,2,Core CPI m/m|PPI m/m,Bad|Neutral,2,2,0,100.0,0.0,inf,2020-07-15_2020-08-13|2021-04-14_2021-05-13
0.3,2,Core CPI m/m|PPI m/m,Neutral|Bad,3,1,2,33.3,66.7,0.5,2021-02-11_2021-03-12|2021-07-14_2021-08-12|2022-02-11_2022-03-12
0.0,2,Core CPI m/m|Core PPI m/m,Bad|Good,6,5,1,83.3,16.7,5.0,2017-12-14_2018-01-12|2020-11-13_2020-12-12|2021-10-14_2021-11-12|2022-05-12_2022-06-10|2023-02-15_2023-03-16|2023-04-13_2023-05-12
0.0,2,Core CPI m/m|Core PPI m/m,Neutral|Bad,8,5,3,62.5,37.5,1.67,2018-02-15_2018-03-16|2018-03-14_2018-04-12|2018-06-13_2018-07-12|2018-11-15_2018-12-14|2022-02-11_2022-03-12|2023-09-14_2023-10-13|2025-07-16_2025-08-14|2025-08-13_2025-09-11
0.0,2,Core CPI m/m|Core PPI m/m,Good|Neutral,3,1,2,33.3,66.7,0.5,2018-04-12_2018-05-11|2018-09-14_2018-10-13|2021-01-14_2021-02-12
0.0,2,Core CPI m/m|Core PPI m/m,Neutral|Good,9,5,4,55.6,44.4,1.25,2018-07-13_2018-08-11|2019-11-14_2019-12-13|2020-01-15_2020-02-13|2020-02-14_2020-03-14|2021-09-15_2021-10-14|2023-03-15_2023-04-13|2023-07-13_2023-08-11|2023-11-15_2023-12-14|2023-12-13_2024-01-11
0.0,2,Core CPI m/m|Core PPI m/m,Good|Good,13,7,6,53.8,46.2,1.17,2019-02-14_2019-03-15|2019-03-13_2019-04-11|2019-04-11_2019-05-10|2019-09-13_2019-10-12|2020-03-12_2020-04-10|2020-05-13_2020-06-11|2022-07-14_2022-08-12|2023-06-14_2023-07-13|2024-05-16_2024-06-14|2024-06-13_2024-07-12|2025-02-13_2025-03-14|2025-03-13_2025-04-11|2025-05-14_2025-06-12
0.0,2,Core CPI m/m|Core PPI m/m,Bad|Bad,12,6,6,50.0,50.0,1.0,2019-06-13_2019-07-12|2019-08-14_2019-09-12|2020-07-15_2020-08-13|2020-08-13_2020-09-11|2021-04-14_2021-05-13|2021-05-13_2021-06-11|2022-04-13_2022-05-12|2022-09-14_2022-10-13|2024-02-14_2024-03-14|2024-03-13_2024-04-11|2024-08-15_2024-09-13|2024-09-12_2024-10-11
0.0,2,Core CPI m/m|Core PPI m/m,Good|Bad,3,0,3,0.0,100.0,0.0,2020-10-14_2020-11-12|2021-02-11_2021-03-12|2021-07-14_2021-08-12
0.0,2,Core CPI m/m|Core PPI m/m,Bad|Neutral,2,1,1,50.0,50.0,1.0,2022-01-13_2022-02-11|2025-01-16_2025-02-14
0.0,2,Core CPI m/m|Core PPI m/m,Neutral|Neutral,1,0,1,0.0,100.0,0.0,2024-11-14_2024-12-13
0.1,2,Core CPI m/m|Core PPI m/m,Neutral|Good,10,5,5,50.0,50.0,1.0,2017-12-14_2018-01-12|2019-09-13_2019-10-12|2019-11-14_2019-12-13|2021-09-15_2021-10-14|2022-05-12_2022-06-10|2023-03-15_2023-04-13|2023-11-15_2023-12-14|2023-12-13_2024-01-11|2024-05-16_2024-06-14|2025-02-13_2025-03-14
0.1,2,Core CPI m/m|Core PPI m/m,Neutral|Neutral,24,15,9,62.5,37.5,1.67,2018-02-15_2018-03-16|2018-03-14_2018-04-12|2018-04-12_2018-05-11|2018-06-13_2018-07-12|2018-07-13_2018-08-11|2018-09-14_2018-10-13|2019-02-14_2019-03-15|2019-03-13_2019-04-11|2019-04-11_2019-05-10|2019-06-13_2019-07-12|2019-08-14_2019-09-12|2020-01-15_2020-02-13|2020-02-14_2020-03-14|2020-05-13_2020-06-11|2020-11-13_2020-12-12|2022-01-13_2022-02-11|2023-02-15_2023-03-16|2023-06-14_2023-07-13|2023-07-13_2023-08-11|2023-09-14_2023-10-13|2024-06-13_2024-07-12|2024-08-15_2024-09-13|2024-09-12_2024-10-11|2024-11-14_2024-12-13
0.1,2,Core CPI m/m|Core PPI m/m,Neutral|Bad,5,2,3,40.0,60.0,0.67,2018-11-15_2018-12-14|2021-02-11_2021-03-12|2022-02-11_2022-03-12|2025-07-16_2025-08-14|2025-08-13_2025-09-11
0.1,2,Core CPI m/m|Core PPI m/m,Good|Neutral,2,0,2,0.0,100.0,0.0,2020-03-12_2020-04-10|2021-01-14_2021-02-12
0.1,2,Core CPI m/m|Core PPI m/m,Bad|Bad,6,3,3,50.0,50.0,1.0,2020-07-15_2020-08-13|2020-08-13_2020-09-11|2021-04-14_2021-05-13|2021-05-13_2021-06-11|2022-04-13_2022-05-12|2024-02-14_2024-03-14
0.1,2,Core CPI m/m|Core PPI m/m,Good|Bad,2,0,2,0.0,100.0,0.0,2020-10-14_2020-11-12|2021-07-14_2021-08-12
0.1,2,Core CPI m/m|Core PPI m/m,Bad|Good,2,2,0,100.0,0.0,inf,2021-10-14_2021-11-12|2023-04-13_2023-05-12
0.1,2,Core CPI m/m|Core PPI m/m,Good|Good,3,2,1,66.7,33.3,2.0,2022-07-14_2022-08-12|2025-03-13_2025-04-11|2025-05-14_2025-06-12
0.1,2,Core CPI m/m|Core PPI m/m,Bad|Neutral,3,1,2,33.3,66.7,0.5,2022-09-14_2022-10-13|2024-03-13_2024-04-11|2025-01-16_2025-02-14
0.2,2,Core CPI m/m|Core PPI m/m,Neutral|Good,8,4,4,50.0,50.0,1.0,2017-12-14_2018-01-12|2019-09-13_2019-10-12|2021-09-15_2021-10-14|2023-03-15_2023-04-13|2023-11-15_2023-12-14|2024-05-16_2024-06-14|2025-03-13_2025-04-11|2025-05-14_2025-06-12
0.2,2,Core CPI m/m|Core PPI m/m,Neutral|Neutral,41,23,18,56.1,43.9,1.28,2018-02-15_2018-03-16|2018-03-14_2018-04-12|2018-04-12_2018-05-11|2018-06-13_2018-07-12|2018-07-13_2018-08-11|2018-09-14_2018-10-13|2018-11-15_2018-12-14|2019-02-14_2019-03-15|2019-03-13_2019-04-11|2019-04-11_2019-05-10|2019-06-13_2019-07-12|2019-08-14_2019-09-12|2019-11-14_2019-12-13|2020-01-15_2020-02-13|2020-02-14_2020-03-14|2020-03-12_2020-04-10|2020-05-13_2020-06-11|2020-08-13_2020-09-11|2020-10-14_2020-11-12|2020-11-13_2020-12-12|2021-01-14_2021-02-12|2021-10-14_2021-11-12|2022-01-13_2022-02-11|2022-04-13_2022-05-12|2022-05-12_2022-06-10|2022-07-14_2022-08-12|2022-09-14_2022-10-13|2023-02-15_2023-03-16|2023-04-13_2023-05-12|2023-06-14_2023-07-13|2023-07-13_2023-08-11|2023-09-14_2023-10-13|2023-12-13_2024-01-11|2024-03-13_2024-04-11|2024-06-13_2024-07-12|2024-08-15_2024-09-13|2024-09-12_2024-10-11|2024-11-14_2024-12-13|2025-01-16_2025-02-14|2025-02-13_2025-03-14|2025-08-13_2025-09-11
0.2,2,Core CPI m/m|Core PPI m/m,Bad|Bad,2,2,0,100.0,0.0,inf,2020-07-15_2020-08-13|2021-04-14_2021-05-13
0.2,2,Core CPI m/m|Core PPI m/m,Neutral|Bad,6,1,5,16.7,83.3,0.2,2021-02-11_2021-03-12|2021-05-13_2021-06-11|2021-07-14_2021-08-12|2022-02-11_2022-03-12|2024-02-14_2024-03-14|2025-07-16_2025-08-14
0.3,2,Core CPI m/m|Core PPI m/m,Neutral|Good,5,2,3,40.0,60.0,0.67,2017-12-14_2018-01-12|2019-09-13_2019-10-12|2023-03-15_2023-04-13|2025-03-13_2025-04-11|2025-05-14_2025-06-12
0.3,2,Core CPI m/m|Core PPI m/m,Neutral|Neutral,47,25,22,53.2,46.8,1.14,2018-02-15_2018-03-16|2018-03-14_2018-04-12|2018-04-12_2018-05-11|2018-06-13_2018-07-12|2018-07-13_2018-08-11|2018-09-14_2018-10-13|2018-11-15_2018-12-14|2019-02-14_2019-03-15|2019-03-13_2019-04-11|2019-04-11_2019-05-10|2019-06-13_2019-07-12|2019-08-14_2019-09-12|2019-11-14_2019-12-13|2020-01-15_2020-02-13|2020-02-14_2020-03-14|2020-03-12_2020-04-10|2020-05-13_2020-06-11|2020-08-13_2020-09-11|2020-10-14_2020-11-12|2020-11-13_2020-12-12|2021-01-14_2021-02-12|2021-05-13_2021-06-11|2021-09-15_2021-10-14|2021-10-14_2021-11-12|2022-01-13_2022-02-11|2022-04-13_2022-05-12|2022-05-12_2022-06-10|2022-07-14_2022-08-12|2022-09-14_2022-10-13|2023-02-15_2023-03-16|2023-04-13_2023-05-12|2023-06-14_2023-07-13|2023-07-13_2023-08-11|2023-09-14_2023-10-13|2023-11-15_2023-12-14|2023-12-13_2024-01-11|2024-02-14_2024-03-14|2024-03-13_2024-04-11|2024-05-16_2024-06-14|2024-06-13_2024-07-12|2024-08-15_2024-09-13|2024-09-12_2024-10-11|2024-11-14_2024-12-13|2025-01-16_2025-02-14|2025-02-13_2025-03-14|2025-07-16_2025-08-14|2025-08-13_2025-09-11
0.3,2,Core CPI m/m|Core PPI m/m,Bad|Bad,1,1,0,100.0,0.0,inf,2020-07-15_2020-08-13
0.3,2,Core CPI m/m|Core PPI m/m,Neutral|Bad,3,1,2,33.3,66.7,0.5,2021-02-11_2021-03-12|2021-07-14_2021-08-12|2022-02-11_2022-03-12
0.3,2,Core CPI m/m|Core PPI m/m,Bad|Neutral,1,1,0,100.0,0.0,inf,2021-04-14_2021-05-13
0.0,2,Core CPI m/m|FOMC,Neutral|Neutral,5,4,1,80.0,20.0,4.0,2023-03-15_2023-04-13|2023-07-13_2023-08-11|2023-09-14_2023-10-13|2023-11-15_2023-12-14|2023-12-13_2024-01-11
0.0,2,Core CPI m/m|FOMC,Bad|Neutral,2,1,1,50.0,50.0,1.0,2023-04-13_2023-05-12|2025-01-16_2025-02-14
0.0,2,Core CPI m/m|FOMC,Good|Neutral,2,1,1,50.0,50.0,1.0,2023-06-14_2023-07-13|2024-05-16_2024-06-14
0.0,2,Core CPI m/m|FOMC,Bad|Good,1,1,0,100.0,0.0,inf,2024-09-12_2024-10-11
0.1,2,Core CPI m/m|FOMC,Neutral|Neutral,7,5,2,71.4,28.6,2.5,2023-03-15_2023-04-13|2023-06-14_2023-07-13|2023-07-13_2023-08-11|2023-09-14_2023-10-13|2023-11-15_2023-12-14|2023-12-13_2024-01-11|2024-05-16_2024-06-14
0.1,2,Core CPI m/m|FOMC,Bad|Neutral,2,1,1,50.0,50.0,1.0,2023-04-13_2023-05-12|2025-01-16_2025-02-14
0.1,2,Core CPI m/m|FOMC,Neutral|Good,1,1,0,100.0,0.0,inf,2024-09-12_2024-10-11
0.2,2,Core CPI m/m|FOMC,Neutral|Neutral,9,6,3,66.7,33.3,2.0,2023-03-15_2023-04-13|2023-04-13_2023-05-12|2023-06-14_2023-07-13|2023-07-13_2023-08-11|2023-09-14_2023-10-13|2023-11-15_2023-12-14|2023-12-13_2024-01-11|2024-05-16_2024-06-14|2025-01-16_2025-02-14
0.2,2,Core CPI m/m|FOMC,Neutral|Good,1,1,0,100.0,0.0,inf,2024-09-12_2024-10-11
0.3,2,Core CPI m/m|FOMC,Neutral|Neutral,10,7,3,70.0,30.0,2.33,2023-03-15_2023-04-13|2023-04-13_2023-05-12|2023-06-14_2023-07-13|2023-07-13_2023-08-11|2023-09-14_2023-10-13|2023-11-15_2023-12-14|2023-12-13_2024-01-11|2024-05-16_2024-06-14|2024-09-12_2024-10-11|2025-01-16_2025-02-14
0.0,2,Core CPI m/m|CPI y/y,Bad|Neutral,5,3,2,60.0,40.0,1.5,2017-12-14_2018-01-12|2019-06-13_2019-07-12|2020-11-13_2020-12-12|2023-02-15_2023-03-16|2024-08-15_2024-09-13
0.0,2,Core CPI m/m|CPI y/y,Neutral|Neutral,12,6,6,50.0,50.0,1.0,2018-02-15_2018-03-16|2018-03-14_2018-04-12|2018-06-13_2018-07-12|2018-07-13_2018-08-11|2018-11-15_2018-12-14|2018-12-13_2019-01-11|2021-11-11_2021-12-10|2022-02-11_2022-03-12|2022-12-14_2023-01-12|2023-11-15_2023-12-14|2024-11-14_2024-12-13|2025-08-13_2025-09-11
0.0,2,Core CPI m/m|CPI y/y,Good|Neutral,3,1,2,33.3,66.7,0.5,2018-04-12_2018-05-11|2021-01-14_2021-02-12|2021-02-11_2021-03-12
0.0,2,Core CPI m/m|CPI y/y,Good|Good,15,6,9,40.0,60.0,0.67,2018-09-14_2018-10-13|2019-02-14_2019-03-15|2019-04-11_2019-05-10|2019-09-13_2019-10-12|2020-03-12_2020-04-10|2020-05-13_2020-06-11|2020-10-14_2020-11-12|2022-07-14_2022-08-12|2022-10-14_2022-11-12|2023-06-14_2023-07-13|2024-05-16_2024-06-14|2024-06-13_2024-07-12|2025-02-13_2025-03-14|2025-03-13_2025-04-11|2025-05-14_2025-06-12
0.0,2,Core CPI m/m|CPI y/y,Good|Bad,2,1,1,50.0,50.0,1.0,2019-03-13_2019-04-11|2021-07-14_2021-08-12
0.0,2,Core CPI m/m|CPI y/y,Bad|Good,2,2,0,100.0,0.0,inf,2019-08-14_2019-09-12|2023-04-13_2023-05-12
0.0,2,Core CPI m/m|CPI y/y,Neutral|Bad,6,3,3,50.0,50.0,1.0,2019-11-14_2019-12-13|2020-01-15_2020-02-13|2020-02-14_2020-03-14|2021-09-15_2021-10-14|2023-09-14_2023-10-13|2023-12-13_2024-01-11
0.0,2,Core CPI m/m|CPI y/y,Bad|Bad,13,7,6,53.8,46.2,1.17,2020-07-15_2020-08-13|2020-08-13_2020-09-11|2021-04-14_2021-05-13|2021-05-13_2021-06-11|2021-10-14_2021-11-12|2022-01-13_2022-02-11|2022-04-13_2022-05-12|2022-05-12_2022-06-10|2022-09-14_2022-10-13|2024-02-14_2024-03-14|2024-03-13_2024-04-11|2024-09-12_2024-10-11|2025-01-16_2025-02-14
0.0,2,Core CPI m/m|CPI y/y,Neutral|Good,3,1,2,33.3,66.7,0.5,2023-03-15_2023-04-13|2023-07-13_2023-08-11|2025-07-16_2025-08-14
0.1,2,Core CPI m/m|CPI y/y,Neutral|Neutral,24,12,12,50.0,50.0,1.0,2017-12-14_2018-01-12|2018-02-15_2018-03-16|2018-03-14_2018-04-12|2018-04-12_2018-05-11|2018-06-13_2018-07-12|2018-07-13_2018-08-11|2018-11-15_2018-12-14|2018-12-13_2019-01-11|2019-03-13_2019-04-11|2019-06-13_2019-07-12|2020-02-14_2020-03-14|2020-11-13_2020-12-12|2021-02-11_2021-03-12|2021-11-11_2021-12-10|2022-02-11_2022-03-12|2022-12-14_2023-01-12|2023-02-15_2023-03-16|2023-03-15_2023-04-13|2023-07-13_2023-08-11|2023-11-15_2023-12-14|2024-08-15_2024-09-13|2024-11-14_2024-12-13|2025-07-16_2025-08-14|2025-08-13_2025-09-11
0.1,2,Core CPI m/m|CPI y/y,Neutral|Good,10,5,5,50.0,50.0,1.0,2018-09-14_2018-10-13|2019-02-14_2019-03-15|2019-04-11_2019-05-10|2019-08-14_2019-09-12|2019-09-13_2019-10-12|2020-05-13_2020-06-11|2023-06-14_2023-07-13|2024-05-16_2024-06-14|2024-06-13_2024-07-12|2025-02-13_2025-03-14
0.1,2,Core CPI m/m|CPI y/y,Neutral|Bad,8,5,3,62.5,37.5,1.67,2019-11-14_2019-12-13|2020-01-15_2020-02-13|2021-09-15_2021-10-14|2022-01-13_2022-02-11|2022-05-12_2022-06-10|2023-09-14_2023-10-13|2023-12-13_2024-01-11|2024-09-12_2024-10-11
0.1,2,Core CPI m/m|CPI y/y,Good|Good,6,2,4,33.3,66.7,0.5,2020-03-12_2020-04-10|2020-10-14_2020-11-12|2022-07-14_2022-08-12|2022-10-14_2022-11-12|2025-03-13_2025-04-11|2025-05-14_2025-06-12
0.1,2,Core CPI m/m|CPI y/y,Bad|Bad,9,4,5,44.4,55.6,0.8,2020-07-15_2020-08-13|2020-08-13_2020-09-11|2021-04-14_2021-05-13|2021-05-13_2021-06-11|2021-10-14_2021-11-12|2022-04-13_2022-05-12|2024-02-14_2024-03-14|2024-03-13_2024-04-11|2025-01-16_2025-02-14
0.1,2,Core CPI m/m|CPI y/y,Good|Neutral,1,0,1,0.0,100.0,0.0,2021-01-14_2021-02-12
0.1,2,Core CPI m/m|CPI y/y,Good|Bad,1,0,1,0.0,100.0,0.0,2021-07-14_2021-08-12
0.1,2,Core CPI m/m|CPI y/y,Bad|Neutral,2,2,0,100.0,0.0,inf,2022-09-14_2022-10-13|2023-04-13_2023-05-12
0.2,2,Core CPI m/m|CPI y/y,Neutral|Neutral,53,26,27,49.1,50.9,0.96,2017-12-14_2018-01-12|2018-02-15_2018-03-16|2018-03-14_2018-04-12|2018-04-12_2018-05-11|2018-06-13_2018-07-12|2018-07-13_2018-08-11|2018-09-14_2018-10-13|2018-11-15_2018-12-14|2018-12-13_2019-01-11|2019-02-14_2019-03-15|2019-03-13_2019-04-11|2019-04-11_2019-05-10|2019-06-13_2019-07-12|2019-08-14_2019-09-12|2019-09-13_2019-10-12|2019-11-14_2019-12-13|2020-01-15_2020-02-13|2020-02-14_2020-03-14|2020-03-12_2020-04-10|2020-05-13_2020-06-11|2020-08-13_2020-09-11|2020-10-14_2020-11-12|2020-11-13_2020-12-12|2021-01-14_2021-02-12|2021-02-11_2021-03-12|2021-07-14_2021-08-12|2021-09-15_2021-10-14|2021-11-11_2021-12-10|2022-02-11_2022-03-12|2022-07-14_2022-08-12|2022-09-14_2022-10-13|2022-12-14_2023-01-12|2023-02-15_2023-03-16|2023-03-15_2023-04-13|2023-04-13_2023-05-12|2023-06-14_2023-07-13|2023-07-13_2023-08-11|2023-09-14_2023-10-13|2023-11-15_2023-12-14|2023-12-13_2024-01-11|2024-02-14_2024-03-14|2024-03-13_2024-04-11|2024-05-16_2024-06-14|2024-06-13_2024-07-12|2024-08-15_2024-09-13|2024-09-12_2024-10-11|2024-11-14_2024-12-13|2025-01-16_2025-02-14|2025-02-13_2025-03-14|2025-03-13_2025-04-11|2025-05-14_2025-06-12|2025-07-16_2025-08-14|2025-08-13_2025-09-11
0.2,2,Core CPI m/m|CPI y/y,Bad|Bad,2,2,0,100.0,0.0,inf,2020-07-15_2020-08-13|2021-04-14_2021-05-13
0.2,2,Core CPI m/m|CPI y/y,Neutral|Bad,5,2,3,40.0,60.0,0.67,2021-05-13_2021-06-11|2021-10-14_2021-11-12|2022-01-13_2022-02-11|2022-04-13_2022-05-12|2022-05-12_2022-06-10
0.2,2,Core CPI m/m|CPI y/y,Neutral|Good,1,0,1,0.0,100.0,0.0,2022-10-14_2022-11-12
0.3,2,Core CPI m/m|CPI y/y,Neutral|Neutral,59,28,31,47.5,52.5,0.9,2017-12-14_2018-01-12|2018-02-15_2018-03-16|2018-03-14_2018-04-12|2018-04-12_2018-05-11|2018-06-13_2018-07-12|2018-07-13_2018-08-11|2018-09-14_2018-10-13|2018-11-15_2018-12-14|2018-12-13_2019-01-11|2019-02-14_2019-03-15|2019-03-13_2019-04-11|2019-04-11_2019-05-10|2019-06-13_2019-07-12|2019-08-14_2019-09-12|2019-09-13_2019-10-12|2019-11-14_2019-12-13|2020-01-15_2020-02-13|2020-02-14_2020-03-14|2020-03-12_2020-04-10|2020-05-13_2020-06-11|2020-08-13_2020-09-11|2020-10-14_2020-11-12|2020-11-13_2020-12-12|2021-01-14_2021-02-12|2021-02-11_2021-03-12|2021-05-13_2021-06-11|2021-07-14_2021-08-12|2021-09-15_2021-10-14|2021-10-14_2021-11-12|2021-11-11_2021-12-10|2022-01-13_2022-02-11|2022-02-11_2022-03-12|2022-04-13_2022-05-12|2022-05-12_2022-06-10|2022-07-14_2022-08-12|2022-09-14_2022-10-13|2022-10-14_2022-11-12|2022-12-14_2023-01-12|2023-02-15_2023-03-16|2023-03-15_2023-04-13|2023-04-13_2023-05-12|2023-06-14_2023-07-13|2023-07-13_2023-08-11|2023-09-14_2023-10-13|2023-11-15_2023-12-14|2023-12-13_2024-01-11|2024-02-14_2024-03-14|2024-03-13_2024-04-11|2024-05-16_2024-06-14|2024-06-13_2024-07-12|2024-08-15_2024-09-13|2024-09-12_2024-10-11|2024-11-14_2024-12-13|2025-01-16_2025-02-14|2025-02-13_2025-03-14|2025-03-13_2025-04-11|2025-05-14_2025-06-12|2025-07-16_2025-08-14|2025-08-13_2025-09-11
0.3,2,Core CPI m/m|CPI y/y,Bad|Bad,2,2,0,100.0,0.0,inf,2020-07-15_2020-08-13|2021-04-14_2021-05-13
0.0,2,PPI m/m|Core PPI m/m,Good|Good,32,18,14,56.2,43.8,1.29,2017-12-14_2018-01-12|2018-07-13_2018-08-11|2019-01-12_2019-02-10|2019-02-14_2019-03-15|2019-09-13_2019-10-12|2019-11-14_2019-12-13|2019-12-12_2020-01-10|2020-01-15_2020-02-13|2020-02-14_2020-03-14|2020-03-12_2020-04-10|2020-05-13_2020-06-11|2020-06-11_2020-07-10|2021-09-15_2021-10-14|2021-10-14_2021-11-12|2022-03-11_2022-04-09|2022-07-14_2022-08-12|2022-08-11_2022-09-09|2022-11-11_2022-12-10|2023-02-15_2023-03-16|2023-03-15_2023-04-13|2023-04-13_2023-05-12|2023-06-14_2023-07-13|2023-07-13_2023-08-11|2023-11-15_2023-12-14|2024-01-12_2024-02-10|2024-05-16_2024-06-14|2024-06-13_2024-07-12|2025-02-13_2025-03-14|2025-03-13_2025-04-11|2025-04-11_2025-05-10|2025-05-14_2025-06-12|2025-06-12_2025-07-11
0.0,2,PPI m/m|Core PPI m/m,Bad|Bad,30,18,12,60.0,40.0,1.5,2018-02-15_2018-03-16|2018-03-14_2018-04-12|2018-06-13_2018-07-12|2018-10-12_2018-11-10|2018-11-15_2018-12-14|2019-08-14_2019-09-12|2020-07-15_2020-08-13|2020-08-13_2020-09-11|2020-10-14_2020-11-12|2021-02-11_2021-03-12|2021-03-11_2021-04-09|2021-04-14_2021-05-13|2021-05-13_2021-06-11|2021-06-11_2021-07-10|2021-07-14_2021-08-12|2021-08-12_2021-09-10|2021-12-11_2022-01-09|2022-02-11_2022-03-12|2022-04-13_2022-05-12|2022-09-14_2022-10-13|2023-08-11_2023-09-09|2023-09-14_2023-10-13|2024-02-14_2024-03-14|2024-03-13_2024-04-11|2024-07-12_2024-08-10|2024-08-15_2024-09-13|2025-07-16_2025-08-14|2025-08-13_2025-09-11|2026-01-14_2026-02-12|2026-02-14_2026-03-15
0.0,2,PPI m/m|Core PPI m/m,Good|Neutral,7,3,4,42.9,57.1,0.75,2018-04-12_2018-05-11|2021-01-14_2021-02-12|2022-01-13_2022-02-11|2023-01-13_2023-02-11|2023-05-11_2023-06-09|2024-04-11_2024-05-10|2024-10-11_2024-11-09
0.0,2,PPI m/m|Core PPI m/m,Neutral|Neutral,1,0,1,0.0,100.0,0.0,2018-09-14_2018-10-13
0.0,2,PPI m/m|Core PPI m/m,Bad|Good,3,3,0,100.0,0.0,inf,2019-03-13_2019-04-11|2019-04-11_2019-05-10|2020-11-13_2020-12-12
0.0,2,PPI m/m|Core PPI m/m,Neutral|Bad,2,1,1,50.0,50.0,1.0,2019-06-13_2019-07-12|2024-09-12_2024-10-11
0.0,2,PPI m/m|Core PPI m/m,Neutral|Good,5,3,2,60.0,40.0,1.5,2019-07-12_2019-08-10|2020-12-11_2021-01-09|2022-05-12_2022-06-10|2022-06-11_2022-07-10|2023-12-13_2024-01-11
0.0,2,PPI m/m|Core PPI m/m,Bad|Neutral,3,0,3,0.0,100.0,0.0,2024-11-14_2024-12-13|2024-12-12_2025-01-10|2025-01-16_2025-02-14
0.1,2,PPI m/m|Core PPI m/m,Good|Good,15,8,7,53.3,46.7,1.14,2017-12-14_2018-01-12|2019-09-13_2019-10-12|2019-12-12_2020-01-10|2020-06-11_2020-07-10|2022-03-11_2022-04-09|2022-07-14_2022-08-12|2022-08-11_2022-09-09|2023-03-15_2023-04-13|2023-04-13_2023-05-12|2023-11-15_2023-12-14|2024-01-12_2024-02-10|2024-05-16_2024-06-14|2025-03-13_2025-04-11|2025-04-11_2025-05-10|2025-05-14_2025-06-12
0.1,2,PPI m/m|Core PPI m/m,Neutral|Neutral,23,12,11,52.2,47.8,1.09,2018-02-15_2018-03-16|2018-04-12_2018-05-11|2018-09-14_2018-10-13|2019-03-13_2019-04-11|2019-06-13_2019-07-12|2019-08-14_2019-09-12|2020-01-15_2020-02-13|2020-02-14_2020-03-14|2020-11-13_2020-12-12|2020-12-11_2021-01-09|2022-06-11_2022-07-10|2022-09-14_2022-10-13|2022-11-11_2022-12-10|2023-02-15_2023-03-16|2023-05-11_2023-06-09|2023-07-13_2023-08-11|2023-08-11_2023-09-09|2024-03-13_2024-04-11|2024-04-11_2024-05-10|2024-08-15_2024-09-13|2024-09-12_2024-10-11|2024-10-11_2024-11-09|2024-11-14_2024-12-13
0.1,2,PPI m/m|Core PPI m/m,Bad|Neutral,6,3,3,50.0,50.0,1.0,2018-03-14_2018-04-12|2018-06-13_2018-07-12|2019-04-11_2019-05-10|2023-09-14_2023-10-13|2024-12-12_2025-01-10|2025-01-16_2025-02-14
0.1,2,PPI m/m|Core PPI m/m,Good|Neutral,9,5,4,55.6,44.4,1.25,2018-07-13_2018-08-11|2019-02-14_2019-03-15|2020-03-12_2020-04-10|2020-05-13_2020-06-11|2021-01-14_2021-02-12|2022-01-13_2022-02-11|2023-01-13_2023-02-11|2023-06-14_2023-07-13|2024-06-13_2024-07-12
0.1,2,PPI m/m|Core PPI m/m,Bad|Bad,18,9,9,50.0,50.0,1.0,2018-10-12_2018-11-10|2020-07-15_2020-08-13|2020-10-14_2020-11-12|2021-02-11_2021-03-12|2021-03-11_2021-04-09|2021-04-14_2021-05-13|2021-05-13_2021-06-11|2021-06-11_2021-07-10|2021-07-14_2021-08-12|2021-08-12_2021-09-10|2021-12-11_2022-01-09|2022-02-11_2022-03-12|2022-04-13_2022-05-12|2024-02-14_2024-03-14|2025-07-16_2025-08-14|2025-08-13_2025-09-11|2026-01-14_2026-02-12|2026-02-14_2026-03-15
0.1,2,PPI m/m|Core PPI m/m,Neutral|Bad,3,3,0,100.0,0.0,inf,2018-11-15_2018-12-14|2020-08-13_2020-09-11|2024-07-12_2024-08-10
0.1,2,PPI m/m|Core PPI m/m,Neutral|Good,9,6,3,66.7,33.3,2.0,2019-01-12_2019-02-10|2019-07-12_2019-08-10|2019-11-14_2019-12-13|2021-09-15_2021-10-14|2021-10-14_2021-11-12|2022-05-12_2022-06-10|2023-12-13_2024-01-11|2025-02-13_2025-03-14|2025-06-12_2025-07-11
0.2,2,PPI m/m|Core PPI m/m,Good|Good,8,4,4,50.0,50.0,1.0,2017-12-14_2018-01-12|2019-09-13_2019-10-12|2023-03-15_2023-04-13|2023-11-15_2023-12-14|2024-05-16_2024-06-14|2025-03-13_2025-04-11|2025-04-11_2025-05-10|2025-05-14_2025-06-12
0.2,2,PPI m/m|Core PPI m/m,Neutral|Neutral,52,29,23,55.8,44.2,1.26,2018-02-15_2018-03-16|2018-03-14_2018-04-12|2018-04-12_2018-05-11|2018-06-13_2018-07-12|2018-07-13_2018-08-11|2018-09-14_2018-10-13|2018-11-15_2018-12-14|2019-02-14_2019-03-15|2019-03-13_2019-04-11|2019-04-11_2019-05-10|2019-06-13_2019-07-12|2019-07-12_2019-08-10|2019-08-14_2019-09-12|2019-11-14_2019-12-13|2020-01-15_2020-02-13|2020-02-14_2020-03-14|2020-03-12_2020-04-10|2020-06-11_2020-07-10|2020-08-13_2020-09-11|2020-10-14_2020-11-12|2020-11-13_2020-12-12|2020-12-11_2021-01-09|2021-01-14_2021-02-12|2021-10-14_2021-11-12|2022-01-13_2022-02-11|2022-04-13_2022-05-12|2022-05-12_2022-06-10|2022-06-11_2022-07-10|2022-07-14_2022-08-12|2022-09-14_2022-10-13|2022-11-11_2022-12-10|2023-02-15_2023-03-16|2023-05-11_2023-06-09|2023-06-14_2023-07-13|2023-07-13_2023-08-11|2023-08-11_2023-09-09|2023-12-13_2024-01-11|2024-01-12_2024-02-10|2024-03-13_2024-04-11|2024-04-11_2024-05-10|2024-06-13_2024-07-12|2024-07-12_2024-08-10|2024-08-15_2024-09-13|2024-09-12_2024-10-11|2024-10-11_2024-11-09|2024-11-14_2024-12-13|2024-12-12_2025-01-10|2025-01-16_2025-02-14|2025-02-13_2025-03-14|2025-06-12_2025-07-11|2025-08-13_2025-09-11|2026-01-14_2026-02-12
0.2,2,PPI m/m|Core PPI m/m,Bad|Bad,12,7,5,58.3,41.7,1.4,2018-10-12_2018-11-10|2020-07-15_2020-08-13|2021-02-11_2021-03-12|2021-03-11_2021-04-09|2021-04-14_2021-05-13|2021-05-13_2021-06-11|2021-07-14_2021-08-12|2021-08-12_2021-09-10|2021-12-11_2022-01-09|2022-02-11_2022-03-12|2024-02-14_2024-03-14|2025-07-16_2025-08-14
0.2,2,PPI m/m|Core PPI m/m,Neutral|Good,4,1,3,25.0,75.0,0.33,2019-01-12_2019-02-10|2019-12-12_2020-01-10|2021-09-15_2021-10-14|2022-03-11_2022-04-09
0.2,2,PPI m/m|Core PPI m/m,Good|Neutral,4,3,1,75.0,25.0,3.0,2020-05-13_2020-06-11|2022-08-11_2022-09-09|2023-01-13_2023-02-11|2023-04-13_2023-05-12
0.2,2,PPI m/m|Core PPI m/m,Bad|Neutral,2,1,1,50.0,50.0,1.0,2021-06-11_2021-07-10|2023-09-14_2023-10-13
0.2,2,PPI m/m|Core PPI m/m,Neutral|Bad,1,1,0,100.0,0.0,inf,2026-02-14_2026-03-15
0.3,2,PPI m/m|Core PPI m/m,Good|Good,6,2,4,33.3,66.7,0.5,2017-12-14_2018-01-12|2019-09-13_2019-10-12|2023-03-15_2023-04-13|2025-03-13_2025-04-11|2025-04-11_2025-05-10|2025-05-14_2025-06-12
0.3,2,PPI m/m|Core PPI m/m,Neutral|Neutral,63,35,28,55.6,44.4,1.25,2018-02-15_2018-03-16|2018-03-14_2018-04-12|2018-04-12_2018-05-11|2018-06-13_2018-07-12|2018-07-13_2018-08-11|2018-09-14_2018-10-13|2018-11-15_2018-12-14|2019-02-14_2019-03-15|2019-03-13_2019-04-11|2019-04-11_2019-05-10|2019-06-13_2019-07-12|2019-07-12_2019-08-10|2019-08-14_2019-09-12|2019-11-14_2019-12-13|2020-01-15_2020-02-13|2020-02-14_2020-03-14|2020-03-12_2020-04-10|2020-05-13_2020-06-11|2020-06-11_2020-07-10|2020-08-13_2020-09-11|2020-10-14_2020-11-12|2020-11-13_2020-12-12|2020-12-11_2021-01-09|2021-01-14_2021-02-12|2021-03-11_2021-04-09|2021-04-14_2021-05-13|2021-05-13_2021-06-11|2021-08-12_2021-09-10|2021-09-15_2021-10-14|2021-10-14_2021-11-12|2022-01-13_2022-02-11|2022-04-13_2022-05-12|2022-05-12_2022-06-10|2022-06-11_2022-07-10|2022-07-14_2022-08-12|2022-09-14_2022-10-13|2022-11-11_2022-12-10|2023-02-15_2023-03-16|2023-04-13_2023-05-12|2023-05-11_2023-06-09|2023-06-14_2023-07-13|2023-07-13_2023-08-11|2023-08-11_2023-09-09|2023-09-14_2023-10-13|2023-11-15_2023-12-14|2023-12-13_2024-01-11|2024-01-12_2024-02-10|2024-02-14_2024-03-14|2024-03-13_2024-04-11|2024-04-11_2024-05-10|2024-06-13_2024-07-12|2024-07-12_2024-08-10|2024-08-15_2024-09-13|2024-09-12_2024-10-11|2024-10-11_2024-11-09|2024-11-14_2024-12-13|2024-12-12_2025-01-10|2025-01-16_2025-02-14|2025-02-13_2025-03-14|2025-06-12_2025-07-11|2025-07-16_2025-08-14|2025-08-13_2025-09-11|2026-01-14_2026-02-12
0.3,2,PPI m/m|Core PPI m/m,Bad|Neutral,3,2,1,66.7,33.3,2.0,2018-10-12_2018-11-10|2021-06-11_2021-07-10|2021-12-11_2022-01-09
0.3,2,PPI m/m|Core PPI m/m,Neutral|Good,3,1,2,33.3,66.7,0.5,2019-01-12_2019-02-10|2019-12-12_2020-01-10|2022-03-11_2022-04-09
0.3,2,PPI m/m|Core PPI m/m,Neutral|Bad,2,2,0,100.0,0.0,inf,2020-07-15_2020-08-13|2026-02-14_2026-03-15
0.3,2,PPI m/m|Core PPI m/m,Bad|Bad,3,1,2,33.3,66.7,0.5,2021-02-11_2021-03-12|2021-07-14_2021-08-12|2022-02-11_2022-03-12
0.3,2,PPI m/m|Core PPI m/m,Good|Neutral,3,3,0,100.0,0.0,inf,2022-08-11_2022-09-09|2023-01-13_2023-02-11|2024-05-16_2024-06-14
0.0,2,PPI m/m|FOMC,Good|Neutral,7,4,3,57.1,42.9,1.33,2023-03-15_2023-04-13|2023-04-13_2023-05-12|2023-06-14_2023-07-13|2023-07-13_2023-08-11|2023-11-15_2023-12-14|2024-05-16_2024-06-14|2024-10-11_2024-11-09
0.0,2,PPI m/m|FOMC,Bad|Neutral,4,2,2,50.0,50.0,1.0,2023-09-14_2023-10-13|2024-07-12_2024-08-10|2024-12-12_2025-01-10|2025-01-16_2025-02-14
0.0,2,PPI m/m|FOMC,Neutral|Neutral,1,1,0,100.0,0.0,inf,2023-12-13_2024-01-11
0.0,2,PPI m/m|FOMC,Neutral|Good,1,1,0,100.0,0.0,inf,2024-09-12_2024-10-11
0.1,2,PPI m/m|FOMC,Good|Neutral,5,3,2,60.0,40.0,1.5,2023-03-15_2023-04-13|2023-04-13_2023-05-12|2023-06-14_2023-07-13|2023-11-15_2023-12-14|2024-05-16_2024-06-14
0.1,2,PPI m/m|FOMC,Neutral|Neutral,4,3,1,75.0,25.0,3.0,2023-07-13_2023-08-11|2023-12-13_2024-01-11|2024-07-12_2024-08-10|2024-10-11_2024-11-09
0.1,2,PPI m/m|FOMC,Bad|Neutral,3,1,2,33.3,66.7,0.5,2023-09-14_2023-10-13|2024-12-12_2025-01-10|2025-01-16_2025-02-14
0.1,2,PPI m/m|FOMC,Neutral|Good,1,1,0,100.0,0.0,inf,2024-09-12_2024-10-11
0.2,2,PPI m/m|FOMC,Good|Neutral,4,3,1,75.0,25.0,3.0,2023-03-15_2023-04-13|2023-04-13_2023-05-12|2023-11-15_2023-12-14|2024-05-16_2024-06-14
0.2,2,PPI m/m|FOMC,Neutral|Neutral,7,3,4,42.9,57.1,0.75,2023-06-14_2023-07-13|2023-07-13_2023-08-11|2023-12-13_2024-01-11|2024-07-12_2024-08-10|2024-10-11_2024-11-09|2024-12-12_2025-01-10|2025-01-16_2025-02-14
0.2,2,PPI m/m|FOMC,Bad|Neutral,1,1,0,100.0,0.0,inf,2023-09-14_2023-10-13
0.2,2,PPI m/m|FOMC,Neutral|Good,1,1,0,100.0,0.0,inf,2024-09-12_2024-10-11
0.3,2,PPI m/m|FOMC,Good|Neutral,2,1,1,50.0,50.0,1.0,2023-03-15_2023-04-13|2024-05-16_2024-06-14
0.3,2,PPI m/m|FOMC,Neutral|Neutral,11,7,4,63.6,36.4,1.75,2023-04-13_2023-05-12|2023-06-14_2023-07-13|2023-07-13_2023-08-11|2023-09-14_2023-10-13|2023-11-15_2023-12-14|2023-12-13_2024-01-11|2024-07-12_2024-08-10|2024-09-12_2024-10-11|2024-10-11_2024-11-09|2024-12-12_2025-01-10|2025-01-16_2025-02-14
0.0,2,PPI m/m|CPI y/y,Good|Neutral,6,5,1,83.3,16.7,5.0,2017-12-14_2018-01-12|2018-04-12_2018-05-11|2018-07-13_2018-08-11|2021-01-14_2021-02-12|2023-02-15_2023-03-16|2023-11-15_2023-12-14
0.0,2,PPI m/m|CPI y/y,Bad|Neutral,10,5,5,50.0,50.0,1.0,2018-02-15_2018-03-16|2018-03-14_2018-04-12|2018-06-13_2018-07-12|2018-11-15_2018-12-14|2020-11-13_2020-12-12|2021-02-11_2021-03-12|2022-02-11_2022-03-12|2024-08-15_2024-09-13|2024-11-14_2024-12-13|2025-08-13_2025-09-11
0.0,2,PPI m/m|CPI y/y,Neutral|Good,1,0,1,0.0,100.0,0.0,2018-09-14_2018-10-13
0.0,2,PPI m/m|CPI y/y,Good|Good,14,7,7,50.0,50.0,1.0,2019-02-14_2019-03-15|2019-09-13_2019-10-12|2020-03-12_2020-04-10|2020-05-13_2020-06-11|2022-07-14_2022-08-12|2023-03-15_2023-04-13|2023-04-13_2023-05-12|2023-06-14_2023-07-13|2023-07-13_2023-08-11|2024-05-16_2024-06-14|2024-06-13_2024-07-12|2025-02-13_2025-03-14|2025-03-13_2025-04-11|2025-05-14_2025-06-12
0.0,2,PPI m/m|CPI y/y,Bad|Bad,12,6,6,50.0,50.0,1.0,2019-03-13_2019-04-11|2020-07-15_2020-08-13|2020-08-13_2020-09-11|2021-04-14_2021-05-13|2021-05-13_2021-06-11|2021-07-14_2021-08-12|2022-04-13_2022-05-12|2022-09-14_2022-10-13|2023-09-14_2023-10-13|2024-02-14_2024-03-14|2024-03-13_2024-04-11|2025-01-16_2025-02-14
0.0,2,PPI m/m|CPI y/y,Bad|Good,4,2,2,50.0,50.0,1.0,2019-04-11_2019-05-10|2019-08-14_2019-09-12|2020-10-14_2020-11-12|2025-07-16_2025-08-14
0.0,2,PPI m/m|CPI y/y,Neutral|Neutral,1,0,1,0.0,100.0,0.0,2019-06-13_2019-07-12
0.0,2,PPI m/m|CPI y/y,Good|Bad,6,3,3,50.0,50.0,1.0,2019-11-14_2019-12-13|2020-01-15_2020-02-13|2020-02-14_2020-03-14|2021-09-15_2021-10-14|2021-10-14_2021-11-12|2022-01-13_2022-02-11
0.0,2,PPI m/m|CPI y/y,Neutral|Bad,3,2,1,66.7,33.3,2.0,2022-05-12_2022-06-10|2023-12-13_2024-01-11|2024-09-12_2024-10-11
0.1,2,PPI m/m|CPI y/y,Good|Neutral,6,4,2,66.7,33.3,2.0,2017-12-14_2018-01-12|2018-07-13_2018-08-11|2021-01-14_2021-02-12|2023-03-15_2023-04-13|2023-04-13_2023-05-12|2023-11-15_2023-12-14
0.1,2,PPI m/m|CPI y/y,Neutral|Neutral,12,8,4,66.7,33.3,2.0,2018-02-15_2018-03-16|2018-04-12_2018-05-11|2018-11-15_2018-12-14|2019-03-13_2019-04-11|2019-06-13_2019-07-12|2020-02-14_2020-03-14|2020-11-13_2020-12-12|2022-09-14_2022-10-13|2023-02-15_2023-03-16|2023-07-13_2023-08-11|2024-08-15_2024-09-13|2024-11-14_2024-12-13
0.1,2,PPI m/m|CPI y/y,Bad|Neutral,6,2,4,33.3,66.7,0.5,2018-03-14_2018-04-12|2018-06-13_2018-07-12|2021-02-11_2021-03-12|2022-02-11_2022-03-12|2025-07-16_2025-08-14|2025-08-13_2025-09-11
0.1,2,PPI m/m|CPI y/y,Neutral|Good,3,1,2,33.3,66.7,0.5,2018-09-14_2018-10-13|2019-08-14_2019-09-12|2025-02-13_2025-03-14
0.1,2,PPI m/m|CPI y/y,Good|Good,10,5,5,50.0,50.0,1.0,2019-02-14_2019-03-15|2019-09-13_2019-10-12|2020-03-12_2020-04-10|2020-05-13_2020-06-11|2022-07-14_2022-08-12|2023-06-14_2023-07-13|2024-05-16_2024-06-14|2024-06-13_2024-07-12|2025-03-13_2025-04-11|2025-05-14_2025-06-12
0.1,2,PPI m/m|CPI y/y,Bad|Good,2,1,1,50.0,50.0,1.0,2019-04-11_2019-05-10|2020-10-14_2020-11-12
0.1,2,PPI m/m|CPI y/y,Neutral|Bad,9,5,4,55.6,44.4,1.25,2019-11-14_2019-12-13|2020-01-15_2020-02-13|2020-08-13_2020-09-11|2021-09-15_2021-10-14|2021-10-14_2021-11-12|2022-05-12_2022-06-10|2023-12-13_2024-01-11|2024-03-13_2024-04-11|2024-09-12_2024-10-11
0.1,2,PPI m/m|CPI y/y,Bad|Bad,8,3,5,37.5,62.5,0.6,2020-07-15_2020-08-13|2021-04-14_2021-05-13|2021-05-13_2021-06-11|2021-07-14_2021-08-12|2022-04-13_2022-05-12|2023-09-14_2023-10-13|2024-02-14_2024-03-14|2025-01-16_2025-02-14
0.1,2,PPI m/m|CPI y/y,Good|Bad,1,1,0,100.0,0.0,inf,2022-01-13_2022-02-11
0.2,2,PPI m/m|CPI y/y,Good|Neutral,9,5,4,55.6,44.4,1.25,2017-12-14_2018-01-12|2019-09-13_2019-10-12|2020-05-13_2020-06-11|2023-03-15_2023-04-13|2023-04-13_2023-05-12|2023-11-15_2023-12-14|2024-05-16_2024-06-14|2025-03-13_2025-04-11|2025-05-14_2025-06-12
0.2,2,PPI m/m|CPI y/y,Neutral|Neutral,35,19,16,54.3,45.7,1.19,2018-02-15_2018-03-16|2018-03-14_2018-04-12|2018-04-12_2018-05-11|2018-06-13_2018-07-12|2018-07-13_2018-08-11|2018-09-14_2018-10-13|2018-11-15_2018-12-14|2019-02-14_2019-03-15|2019-03-13_2019-04-11|2019-04-11_2019-05-10|2019-06-13_2019-07-12|2019-08-14_2019-09-12|2019-11-14_2019-12-13|2020-01-15_2020-02-13|2020-02-14_2020-03-14|2020-03-12_2020-04-10|2020-08-13_2020-09-11|2020-10-14_2020-11-12|2020-11-13_2020-12-12|2021-01-14_2021-02-12|2021-09-15_2021-10-14|2022-07-14_2022-08-12|2022-09-14_2022-10-13|2023-02-15_2023-03-16|2023-06-14_2023-07-13|2023-07-13_2023-08-11|2023-12-13_2024-01-11|2024-03-13_2024-04-11|2024-06-13_2024-07-12|2024-08-15_2024-09-13|2024-09-12_2024-10-11|2024-11-14_2024-12-13|2025-01-16_2025-02-14|2025-02-13_2025-03-14|2025-08-13_2025-09-11
0.2,2,PPI m/m|CPI y/y,Bad|Bad,3,2,1,66.7,33.3,2.0,2020-07-15_2020-08-13|2021-04-14_2021-05-13|2021-05-13_2021-06-11
0.2,2,PPI m/m|CPI y/y,Bad|Neutral,6,2,4,33.3,66.7,0.5,2021-02-11_2021-03-12|2021-07-14_2021-08-12|2022-02-11_2022-03-12|2023-09-14_2023-10-13|2024-02-14_2024-03-14|2025-07-16_2025-08-14
0.2,2,PPI m/m|CPI y/y,Neutral|Bad,4,2,2,50.0,50.0,1.0,2021-10-14_2021-11-12|2022-01-13_2022-02-11|2022-04-13_2022-05-12|2022-05-12_2022-06-10
0.3,2,PPI m/m|CPI y/y,Good|Neutral,6,3,3,50.0,50.0,1.0,2017-12-14_2018-01-12|2019-09-13_2019-10-12|2023-03-15_2023-04-13|2024-05-16_2024-06-14|2025-03-13_2025-04-11|2025-05-14_2025-06-12
0.3,2,PPI m/m|CPI y/y,Neutral|Neutral,46,24,22,52.2,47.8,1.09,2018-02-15_2018-03-16|2018-03-14_2018-04-12|2018-04-12_2018-05-11|2018-06-13_2018-07-12|2018-07-13_2018-08-11|2018-09-14_2018-10-13|2018-11-15_2018-12-14|2019-02-14_2019-03-15|2019-03-13_2019-04-11|2019-04-11_2019-05-10|2019-06-13_2019-07-12|2019-08-14_2019-09-12|2019-11-14_2019-12-13|2020-01-15_2020-02-13|2020-02-14_2020-03-14|2020-03-12_2020-04-10|2020-05-13_2020-06-11|2020-08-13_2020-09-11|2020-10-14_2020-11-12|2020-11-13_2020-12-12|2021-01-14_2021-02-12|2021-05-13_2021-06-11|2021-09-15_2021-10-14|2021-10-14_2021-11-12|2022-01-13_2022-02-11|2022-04-13_2022-05-12|2022-05-12_2022-06-10|2022-07-14_2022-08-12|2022-09-14_2022-10-13|2023-02-15_2023-03-16|2023-04-13_2023-05-12|2023-06-14_2023-07-13|2023-07-13_2023-08-11|2023-09-14_2023-10-13|2023-11-15_2023-12-14|2023-12-13_2024-01-11|2024-02-14_2024-03-14|2024-03-13_2024-04-11|2024-06-13_2024-07-12|2024-08-15_2024-09-13|2024-09-12_2024-10-11|2024-11-14_2024-12-13|2025-01-16_2025-02-14|2025-02-13_2025-03-14|2025-07-16_2025-08-14|2025-08-13_2025-09-11
0.3,2,PPI m/m|CPI y/y,Neutral|Bad,2,2,0,100.0,0.0,inf,2020-07-15_2020-08-13|2021-04-14_2021-05-13
0.3,2,PPI m/m|CPI y/y,Bad|Neutral,3,1,2,33.3,66.7,0.5,2021-02-11_2021-03-12|2021-07-14_2021-08-12|2022-02-11_2022-03-12
0.0,2,Core PPI m/m|FOMC,Good|Neutral,7,5,2,71.4,28.6,2.5,2023-03-15_2023-04-13|2023-04-13_2023-05-12|2023-06-14_2023-07-13|2023-07-13_2023-08-11|2023-11-15_2023-12-14|2023-12-13_2024-01-11|2024-05-16_2024-06-14
0.0,2,Core PPI m/m|FOMC,Bad|Neutral,2,2,0,100.0,0.0,inf,2023-09-14_2023-10-13|2024-07-12_2024-08-10
0.0,2,Core PPI m/m|FOMC,Bad|Good,1,1,0,100.0,0.0,inf,2024-09-12_2024-10-11
0.0,2,Core PPI m/m|FOMC,Neutral|Neutral,3,0,3,0.0,100.0,0.0,2024-10-11_2024-11-09|2024-12-12_2025-01-10|2025-01-16_2025-02-14
0.1,2,Core PPI m/m|FOMC,Good|Neutral,5,4,1,80.0,20.0,4.0,2023-03-15_2023-04-13|2023-04-13_2023-05-12|2023-11-15_2023-12-14|2023-12-13_2024-01-11|2024-05-16_2024-06-14
0.1,2,Core PPI m/m|FOMC,Neutral|Neutral,6,2,4,33.3,66.7,0.5,2023-06-14_2023-07-13|2023-07-13_2023-08-11|2023-09-14_2023-10-13|2024-10-11_2024-11-09|2024-12-12_2025-01-10|2025-01-16_2025-02-14
0.1,2,Core PPI m/m|FOMC,Bad|Neutral,1,1,0,100.0,0.0,inf,2024-07-12_2024-08-10
0.1,2,Core PPI m/m|FOMC,Neutral|Good,1,1,0,100.0,0.0,inf,2024-09-12_2024-10-11
0.2,2,Core PPI m/m|FOMC,Good|Neutral,3,2,1,66.7,33.3,2.0,2023-03-15_2023-04-13|2023-11-15_2023-12-14|2024-05-16_2024-06-14
0.2,2,Core PPI m/m|FOMC,Neutral|Neutral,9,5,4,55.6,44.4,1.25,2023-04-13_2023-05-12|2023-06-14_2023-07-13|2023-07-13_2023-08-11|2023-09-14_2023-10-13|2023-12-13_2024-01-11|2024-07-12_2024-08-10|2024-10-11_2024-11-09|2024-12-12_2025-01-10|2025-01-16_2025-02-14
0.2,2,Core PPI m/m|FOMC,Neutral|Good,1,1,0,100.0,0.0,inf,2024-09-12_2024-10-11
0.3,2,Core PPI m/m|FOMC,Good|Neutral,1,0,1,0.0,100.0,0.0,2023-03-15_2023-04-13
0.3,2,Core PPI m/m|FOMC,Neutral|Neutral,12,8,4,66.7,33.3,2.0,2023-04-13_2023-05-12|2023-06-14_2023-07-13|2023-07-13_2023-08-11|2023-09-14_2023-10-13|2023-11-15_2023-12-14|2023-12-13_2024-01-11|2024-05-16_2024-06-14|2024-07-12_2024-08-10|2024-09-12_2024-10-11|2024-10-11_2024-11-09|2024-12-12_2025-01-10|2025-01-16_2025-02-14
0.0,2,Core PPI m/m|CPI y/y,Good|Neutral,5,5,0,100.0,0.0,inf,2017-12-14_2018-01-12|2018-07-13_2018-08-11|2020-11-13_2020-12-12|2023-02-15_2023-03-16|2023-11-15_2023-12-14
0.0,2,Core PPI m/m|CPI y/y,Bad|Neutral,9,4,5,44.4,55.6,0.8,2018-02-15_2018-03-16|2018-03-14_2018-04-12|2018-06-13_2018-07-12|2018-11-15_2018-12-14|2019-06-13_2019-07-12|2021-02-11_2021-03-12|2022-02-11_2022-03-12|2024-08-15_2024-09-13|2025-08-13_2025-09-11
0.0,2,Core PPI m/m|CPI y/y,Neutral|Neutral,3,1,2,33.3,66.7,0.5,2018-04-12_2018-05-11|2021-01-14_2021-02-12|2024-11-14_2024-12-13
0.0,2,Core PPI m/m|CPI y/y,Neutral|Good,1,0,1,0.0,100.0,0.0,2018-09-14_2018-10-13
0.0,2,Core PPI m/m|CPI y/y,Good|Good,15,8,7,53.3,46.7,1.14,2019-02-14_2019-03-15|2019-04-11_2019-05-10|2019-09-13_2019-10-12|2020-03-12_2020-04-10|2020-05-13_2020-06-11|2022-07-14_2022-08-12|2023-03-15_2023-04-13|2023-04-13_2023-05-12|2023-06-14_2023-07-13|2023-07-13_2023-08-11|2024-05-16_2024-06-14|2024-06-13_2024-07-12|2025-02-13_2025-03-14|2025-03-13_2025-04-11|2025-05-14_2025-06-12
0.0,2,Core PPI m/m|CPI y/y,Good|Bad,8,4,4,50.0,50.0,1.0,2019-03-13_2019-04-11|2019-11-14_2019-12-13|2020-01-15_2020-02-13|2020-02-14_2020-03-14|2021-09-15_2021-10-14|2021-10-14_2021-11-12|2022-05-12_2022-06-10|2023-12-13_2024-01-11
0.0,2,Core PPI m/m|CPI y/y,Bad|Good,3,1,2,33.3,66.7,0.5,2019-08-14_2019-09-12|2020-10-14_2020-11-12|2025-07-16_2025-08-14
0.0,2,Core PPI m/m|CPI y/y,Bad|Bad,11,6,5,54.5,45.5,1.2,2020-07-15_2020-08-13|2020-08-13_2020-09-11|2021-04-14_2021-05-13|2021-05-13_2021-06-11|2021-07-14_2021-08-12|2022-04-13_2022-05-12|2022-09-14_2022-10-13|2023-09-14_2023-10-13|2024-02-14_2024-03-14|2024-03-13_2024-04-11|2024-09-12_2024-10-11
0.0,2,Core PPI m/m|CPI y/y,Neutral|Bad,2,1,1,50.0,50.0,1.0,2022-01-13_2022-02-11|2025-01-16_2025-02-14
0.1,2,Core PPI m/m|CPI y/y,Good|Neutral,4,3,1,75.0,25.0,3.0,2017-12-14_2018-01-12|2023-03-15_2023-04-13|2023-04-13_2023-05-12|2023-11-15_2023-12-14
0.1,2,Core PPI m/m|CPI y/y,Neutral|Neutral,15,9,6,60.0,40.0,1.5,2018-02-15_2018-03-16|2018-03-14_2018-04-12|2018-04-12_2018-05-11|2018-06-13_2018-07-12|2018-07-13_2018-08-11|2019-03-13_2019-04-11|2019-06-13_2019-07-12|2020-02-14_2020-03-14|2020-11-13_2020-12-12|2021-01-14_2021-02-12|2022-09-14_2022-10-13|2023-02-15_2023-03-16|2023-07-13_2023-08-11|2024-08-15_2024-09-13|2024-11-14_2024-12-13
0.1,2,Core PPI m/m|CPI y/y,Neutral|Good,8,4,4,50.0,50.0,1.0,2018-09-14_2018-10-13|2019-02-14_2019-03-15|2019-04-11_2019-05-10|2019-08-14_2019-09-12|2020-03-12_2020-04-10|2020-05-13_2020-06-11|2023-06-14_2023-07-13|2024-06-13_2024-07-12
0.1,2,Core PPI m/m|CPI y/y,Bad|Neutral,5,2,3,40.0,60.0,0.67,2018-11-15_2018-12-14|2021-02-11_2021-03-12|2022-02-11_2022-03-12|2025-07-16_2025-08-14|2025-08-13_2025-09-11
0.1,2,Core PPI m/m|CPI y/y,Good|Good,6,3,3,50.0,50.0,1.0,2019-09-13_2019-10-12|2022-07-14_2022-08-12|2024-05-16_2024-06-14|2025-02-13_2025-03-14|2025-03-13_2025-04-11|2025-05-14_2025-06-12
0.1,2,Core PPI m/m|CPI y/y,Good|Bad,5,3,2,60.0,40.0,1.5,2019-11-14_2019-12-13|2021-09-15_2021-10-14|2021-10-14_2021-11-12|2022-05-12_2022-06-10|2023-12-13_2024-01-11
0.1,2,Core PPI m/m|CPI y/y,Neutral|Bad,6,3,3,50.0,50.0,1.0,2020-01-15_2020-02-13|2022-01-13_2022-02-11|2023-09-14_2023-10-13|2024-03-13_2024-04-11|2024-09-12_2024-10-11|2025-01-16_2025-02-14
0.1,2,Core PPI m/m|CPI y/y,Bad|Bad,7,3,4,42.9,57.1,0.75,2020-07-15_2020-08-13|2020-08-13_2020-09-11|2021-04-14_2021-05-13|2021-05-13_2021-06-11|2021-07-14_2021-08-12|2022-04-13_2022-05-12|2024-02-14_2024-03-14
0.1,2,Core PPI m/m|CPI y/y,Bad|Good,1,0,1,0.0,100.0,0.0,2020-10-14_2020-11-12
0.2,2,Core PPI m/m|CPI y/y,Good|Neutral,8,4,4,50.0,50.0,1.0,2017-12-14_2018-01-12|2019-09-13_2019-10-12|2021-09-15_2021-10-14|2023-03-15_2023-04-13|2023-11-15_2023-12-14|2024-05-16_2024-06-14|2025-03-13_2025-04-11|2025-05-14_2025-06-12
0.2,2,Core PPI m/m|CPI y/y,Neutral|Neutral,37,21,16,56.8,43.2,1.31,2018-02-15_2018-03-16|2018-03-14_2018-04-12|2018-04-12_2018-05-11|2018-06-13_2018-07-12|2018-07-13_2018-08-11|2018-09-14_2018-10-13|2018-11-15_2018-12-14|2019-02-14_2019-03-15|2019-03-13_2019-04-11|2019-04-11_2019-05-10|2019-06-13_2019-07-12|2019-08-14_2019-09-12|2019-11-14_2019-12-13|2020-01-15_2020-02-13|2020-02-14_2020-03-14|2020-03-12_2020-04-10|2020-05-13_2020-06-11|2020-08-13_2020-09-11|2020-10-14_2020-11-12|2020-11-13_2020-12-12|2021-01-14_2021-02-12|2022-07-14_2022-08-12|2022-09-14_2022-10-13|2023-02-15_2023-03-16|2023-04-13_2023-05-12|2023-06-14_2023-07-13|2023-07-13_2023-08-11|2023-09-14_2023-10-13|2023-12-13_2024-01-11|2024-03-13_2024-04-11|2024-06-13_2024-07-12|2024-08-15_2024-09-13|2024-09-12_2024-10-11|2024-11-14_2024-12-13|2025-01-16_2025-02-14|2025-02-13_2025-03-14|2025-08-13_2025-09-11
0.2,2,Core PPI m/m|CPI y/y,Bad|Bad,3,2,1,66.7,33.3,2.0,2020-07-15_2020-08-13|2021-04-14_2021-05-13|2021-05-13_2021-06-11
0.2,2,Core PPI m/m|CPI y/y,Bad|Neutral,5,1,4,20.0,80.0,0.25,2021-02-11_2021-03-12|2021-07-14_2021-08-12|2022-02-11_2022-03-12|2024-02-14_2024-03-14|2025-07-16_2025-08-14
0.2,2,Core PPI m/m|CPI y/y,Neutral|Bad,4,2,2,50.0,50.0,1.0,2021-10-14_2021-11-12|2022-01-13_2022-02-11|2022-04-13_2022-05-12|2022-05-12_2022-06-10
0.3,2,Core PPI m/m|CPI y/y,Good|Neutral,5,2,3,40.0,60.0,0.67,2017-12-14_2018-01-12|2019-09-13_2019-10-12|2023-03-15_2023-04-13|2025-03-13_2025-04-11|2025-05-14_2025-06-12
0.3,2,Core PPI m/m|CPI y/y,Neutral|Neutral,47,25,22,53.2,46.8,1.14,2018-02-15_2018-03-16|2018-03-14_2018-04-12|2018-04-12_2018-05-11|2018-06-13_2018-07-12|2018-07-13_2018-08-11|2018-09-14_2018-10-13|2018-11-15_2018-12-14|2019-02-14_2019-03-15|2019-03-13_2019-04-11|2019-04-11_2019-05-10|2019-06-13_2019-07-12|2019-08-14_2019-09-12|2019-11-14_2019-12-13|2020-01-15_2020-02-13|2020-02-14_2020-03-14|2020-03-12_2020-04-10|2020-05-13_2020-06-11|2020-08-13_2020-09-11|2020-10-14_2020-11-12|2020-11-13_2020-12-12|2021-01-14_2021-02-12|2021-05-13_2021-06-11|2021-09-15_2021-10-14|2021-10-14_2021-11-12|2022-01-13_2022-02-11|2022-04-13_2022-05-12|2022-05-12_2022-06-10|2022-07-14_2022-08-12|2022-09-14_2022-10-13|2023-02-15_2023-03-16|2023-04-13_2023-05-12|2023-06-14_2023-07-13|2023-07-13_2023-08-11|2023-09-14_2023-10-13|2023-11-15_2023-12-14|2023-12-13_2024-01-11|2024-02-14_2024-03-14|2024-03-13_2024-04-11|2024-05-16_2024-06-14|2024-06-13_2024-07-12|2024-08-15_2024-09-13|2024-09-12_2024-10-11|2024-11-14_2024-12-13|2025-01-16_2025-02-14|2025-02-13_2025-03-14|2025-07-16_2025-08-14|2025-08-13_2025-09-11
0.3,2,Core PPI m/m|CPI y/y,Bad|Bad,1,1,0,100.0,0.0,inf,2020-07-15_2020-08-13
0.3,2,Core PPI m/m|CPI y/y,Bad|Neutral,3,1,2,33.3,66.7,0.5,2021-02-11_2021-03-12|2021-07-14_2021-08-12|2022-02-11_2022-03-12
0.3,2,Core PPI m/m|CPI y/y,Neutral|Bad,1,1,0,100.0,0.0,inf,2021-04-14_2021-05-13
0.0,2,FOMC|CPI y/y,Neutral|Good,5,3,2,60.0,40.0,1.5,2023-03-15_2023-04-13|2023-04-13_2023-05-12|2023-06-14_2023-07-13|2023-07-13_2023-08-11|2024-05-16_2024-06-14
0.0,2,FOMC|CPI y/y,Neutral|Bad,3,2,1,66.7,33.3,2.0,2023-09-14_2023-10-13|2023-12-13_2024-01-11|2025-01-16_2025-02-14
0.0,2,FOMC|CPI y/y,Neutral|Neutral,1,1,0,100.0,0.0,inf,2023-11-15_2023-12-14
0.0,2,FOMC|CPI y/y,Good|Bad,1,1,0,100.0,0.0,inf,2024-09-12_2024-10-11
0.1,2,FOMC|CPI y/y,Neutral|Neutral,4,3,1,75.0,25.0,3.0,2023-03-15_2023-04-13|2023-04-13_2023-05-12|2023-07-13_2023-08-11|2023-11-15_2023-12-14
0.1,2,FOMC|CPI y/y,Neutral|Good,2,1,1,50.0,50.0,1.0,2023-06-14_2023-07-13|2024-05-16_2024-06-14
0.1,2,FOMC|CPI y/y,Neutral|Bad,3,2,1,66.7,33.3,2.0,2023-09-14_2023-10-13|2023-12-13_2024-01-11|2025-01-16_2025-02-14
0.1,2,FOMC|CPI y/y,Good|Bad,1,1,0,100.0,0.0,inf,2024-09-12_2024-10-11
0.2,2,FOMC|CPI y/y,Neutral|Neutral,9,6,3,66.7,33.3,2.0,2023-03-15_2023-04-13|2023-04-13_2023-05-12|2023-06-14_2023-07-13|2023-07-13_2023-08-11|2023-09-14_2023-10-13|2023-11-15_2023-12-14|2023-12-13_2024-01-11|2024-05-16_2024-06-14|2025-01-16_2025-02-14
0.2,2,FOMC|CPI y/y,Good|Neutral,1,1,0,100.0,0.0,inf,2024-09-12_2024-10-11
0.3,2,FOMC|CPI y/y,Neutral|Neutral,10,7,3,70.0,30.0,2.33,2023-03-15_2023-04-13|2023-04-13_2023-05-12|2023-06-14_2023-07-13|2023-07-13_2023-08-11|2023-09-14_2023-10-13|2023-11-15_2023-12-14|2023-12-13_2024-01-11|2024-05-16_2024-06-14|2024-09-12_2024-10-11|2025-01-16_2025-02-14
