آستانه,تعداد_شاخص‌ها,لیست_شاخص‌ها,الگوی_وضعیت,تعداد_کل_وقوع,تعداد_ضررده,تعداد_سودده,درصد_ضررده,درصد_سودده,نسبت_شانس,دوره‌ها
0.0,1,CPI m/m,Bad,4,3,1,75.0,25.0,3.0,2021-06-09_2021-07-08|2021-10-07_2021-11-05|2024-03-25_2024-04-23|2024-09-21_2024-10-20
0.0,1,CPI m/m,Good,8,4,4,50.0,50.0,1.0,2022-11-01_2022-11-30|2022-12-01_2022-12-30|2023-06-29_2023-07-28|2024-04-24_2024-05-23|2024-05-24_2024-06-22|2025-04-19_2025-05-18|2025-05-19_2025-06-17|2026-02-13_2026-03-14
0.0,1,CPI m/m,Neutral,9,7,2,77.8,22.2,3.5,2023-03-01_2023-03-30|2023-04-30_2023-05-29|2023-07-29_2023-08-27|2023-08-28_2023-09-26|2024-02-24_2024-03-24|2024-10-21_2024-11-19|2024-11-20_2024-12-19|2024-12-20_2025-01-18|2025-07-18_2025-08-16
0.1,1,CPI m/m,Bad,3,2,1,66.7,33.3,2.0,2021-06-09_2021-07-08|2021-10-07_2021-11-05|2024-03-25_2024-04-23
0.1,1,CPI m/m,Good,3,2,1,66.7,33.3,2.0,2022-11-01_2022-11-30|2022-12-01_2022-12-30|2024-04-24_2024-05-23
0.1,1,CPI m/m,Neutral,15,10,5,66.7,33.3,2.0,2023-03-01_2023-03-30|2023-04-30_2023-05-29|2023-06-29_2023-07-28|2023-07-29_2023-08-27|2023-08-28_2023-09-26|2024-02-24_2024-03-24|2024-05-24_2024-06-22|2024-09-21_2024-10-20|2024-10-21_2024-11-19|2024-11-20_2024-12-19|2024-12-20_2025-01-18|2025-04-19_2025-05-18|2025-05-19_2025-06-17|2025-07-18_2025-08-16|2026-02-13_2026-03-14
0.2,1,CPI m/m,Neutral,21,14,7,66.7,33.3,2.0,2021-06-09_2021-07-08|2021-10-07_2021-11-05|2022-11-01_2022-11-30|2022-12-01_2022-12-30|2023-03-01_2023-03-30|2023-04-30_2023-05-29|2023-06-29_2023-07-28|2023-07-29_2023-08-27|2023-08-28_2023-09-26|2024-02-24_2024-03-24|2024-03-25_2024-04-23|2024-04-24_2024-05-23|2024-05-24_2024-06-22|2024-09-21_2024-10-20|2024-10-21_2024-11-19|2024-11-20_2024-12-19|2024-12-20_2025-01-18|2025-04-19_2025-05-18|2025-05-19_2025-06-17|2025-07-18_2025-08-16|2026-02-13_2026-03-14
0.3,1,CPI m/m,Neutral,21,14,7,66.7,33.3,2.0,2021-06-09_2021-07-08|2021-10-07_2021-11-05|2022-11-01_2022-11-30|2022-12-01_2022-12-30|2023-03-01_2023-03-30|2023-04-30_2023-05-29|2023-06-29_2023-07-28|2023-07-29_2023-08-27|2023-08-28_2023-09-26|2024-02-24_2024-03-24|2024-03-25_2024-04-23|2024-04-24_2024-05-23|2024-05-24_2024-06-22|2024-09-21_2024-10-20|2024-10-21_2024-11-19|2024-11-20_2024-12-19|2024-12-20_2025-01-18|2025-04-19_2025-05-18|2025-05-19_2025-06-17|2025-07-18_2025-08-16|2026-02-13_2026-03-14
0.0,1,Core CPI m/m,Bad,7,6,1,85.7,14.3,6.0,2021-06-09_2021-07-08|2023-03-01_2023-03-30|2023-04-30_2023-05-29|2023-08-28_2023-09-26|2024-02-24_2024-03-24|2024-03-25_2024-04-23|2024-09-21_2024-10-20
0.0,1,Core CPI m/m,Neutral,7,5,2,71.4,28.6,2.5,2021-10-07_2021-11-05|2023-07-29_2023-08-27|2024-04-24_2024-05-23|2024-10-21_2024-11-19|2024-11-20_2024-12-19|2025-07-18_2025-08-16|2026-02-13_2026-03-14
0.0,1,Core CPI m/m,Good,7,3,4,42.9,57.1,0.75,2022-11-01_2022-11-30|2022-12-01_2022-12-30|2023-06-29_2023-07-28|2024-05-24_2024-06-22|2024-12-20_2025-01-18|2025-04-19_2025-05-18|2025-05-19_2025-06-17
0.1,1,Core CPI m/m,Bad,4,3,1,75.0,25.0,3.0,2021-06-09_2021-07-08|2023-04-30_2023-05-29|2024-02-24_2024-03-24|2024-03-25_2024-04-23
0.1,1,Core CPI m/m,Neutral,15,9,6,60.0,40.0,1.5,2021-10-07_2021-11-05|2022-12-01_2022-12-30|2023-03-01_2023-03-30|2023-06-29_2023-07-28|2023-07-29_2023-08-27|2023-08-28_2023-09-26|2024-04-24_2024-05-23|2024-05-24_2024-06-22|2024-09-21_2024-10-20|2024-10-21_2024-11-19|2024-11-20_2024-12-19|2024-12-20_2025-01-18|2025-04-19_2025-05-18|2025-07-18_2025-08-16|2026-02-13_2026-03-14
0.1,1,Core CPI m/m,Good,2,2,0,100.0,0.0,inf,2022-11-01_2022-11-30|2025-05-19_2025-06-17
0.2,1,Core CPI m/m,Neutral,21,14,7,66.7,33.3,2.0,2021-06-09_2021-07-08|2021-10-07_2021-11-05|2022-11-01_2022-11-30|2022-12-01_2022-12-30|2023-03-01_2023-03-30|2023-04-30_2023-05-29|2023-06-29_2023-07-28|2023-07-29_2023-08-27|2023-08-28_2023-09-26|2024-02-24_2024-03-24|2024-03-25_2024-04-23|2024-04-24_2024-05-23|2024-05-24_2024-06-22|2024-09-21_2024-10-20|2024-10-21_2024-11-19|2024-11-20_2024-12-19|2024-12-20_2025-01-18|2025-04-19_2025-05-18|2025-05-19_2025-06-17|2025-07-18_2025-08-16|2026-02-13_2026-03-14
0.3,1,Core CPI m/m,Neutral,21,14,7,66.7,33.3,2.0,2021-06-09_2021-07-08|2021-10-07_2021-11-05|2022-11-01_2022-11-30|2022-12-01_2022-12-30|2023-03-01_2023-03-30|2023-04-30_2023-05-29|2023-06-29_2023-07-28|2023-07-29_2023-08-27|2023-08-28_2023-09-26|2024-02-24_2024-03-24|2024-03-25_2024-04-23|2024-04-24_2024-05-23|2024-05-24_2024-06-22|2024-09-21_2024-10-20|2024-10-21_2024-11-19|2024-11-20_2024-12-19|2024-12-20_2025-01-18|2025-04-19_2025-05-18|2025-05-19_2025-06-17|2025-07-18_2025-08-16|2026-02-13_2026-03-14
0.0,1,PPI m/m,Bad,9,6,3,66.7,33.3,2.0,2021-06-09_2021-07-08|2022-12-01_2022-12-30|2023-07-29_2023-08-27|2023-08-28_2023-09-26|2024-02-24_2024-03-24|2024-04-24_2024-05-23|2024-11-20_2024-12-19|2025-07-18_2025-08-16|2026-02-13_2026-03-14
0.0,1,PPI m/m,Good,11,7,4,63.6,36.4,1.75,2021-10-07_2021-11-05|2022-11-01_2022-11-30|2023-03-01_2023-03-30|2023-04-30_2023-05-29|2023-06-29_2023-07-28|2024-03-25_2024-04-23|2024-05-24_2024-06-22|2024-09-21_2024-10-20|2024-12-20_2025-01-18|2025-04-19_2025-05-18|2025-05-19_2025-06-17
0.0,1,PPI m/m,Neutral,2,2,0,100.0,0.0,inf,2024-10-21_2024-11-19|2025-11-15_2025-12-14
0.1,1,PPI m/m,Bad,7,6,1,85.7,14.3,6.0,2021-06-09_2021-07-08|2023-08-28_2023-09-26|2024-02-24_2024-03-24|2024-04-24_2024-05-23|2024-11-20_2024-12-19|2025-07-18_2025-08-16|2026-02-13_2026-03-14
0.1,1,PPI m/m,Neutral,10,6,4,60.0,40.0,1.5,2021-10-07_2021-11-05|2022-12-01_2022-12-30|2023-04-30_2023-05-29|2023-06-29_2023-07-28|2023-07-29_2023-08-27|2024-03-25_2024-04-23|2024-09-21_2024-10-20|2024-10-21_2024-11-19|2025-05-19_2025-06-17|2025-11-15_2025-12-14
0.1,1,PPI m/m,Good,5,3,2,60.0,40.0,1.5,2022-11-01_2022-11-30|2023-03-01_2023-03-30|2024-05-24_2024-06-22|2024-12-20_2025-01-18|2025-04-19_2025-05-18
0.2,1,PPI m/m,Bad,4,4,0,100.0,0.0,inf,2021-06-09_2021-07-08|2023-08-28_2023-09-26|2024-02-24_2024-03-24|2025-07-18_2025-08-16
0.2,1,PPI m/m,Neutral,15,9,6,60.0,40.0,1.5,2021-10-07_2021-11-05|2022-11-01_2022-11-30|2022-12-01_2022-12-30|2023-04-30_2023-05-29|2023-06-29_2023-07-28|2023-07-29_2023-08-27|2024-03-25_2024-04-23|2024-04-24_2024-05-23|2024-09-21_2024-10-20|2024-10-21_2024-11-19|2024-11-20_2024-12-19|2024-12-20_2025-01-18|2025-05-19_2025-06-17|2025-11-15_2025-12-14|2026-02-13_2026-03-14
0.2,1,PPI m/m,Good,3,2,1,66.7,33.3,2.0,2023-03-01_2023-03-30|2024-05-24_2024-06-22|2025-04-19_2025-05-18
0.3,1,PPI m/m,Bad,2,2,0,100.0,0.0,inf,2021-06-09_2021-07-08|2025-07-18_2025-08-16
0.3,1,PPI m/m,Neutral,17,11,6,64.7,35.3,1.83,2021-10-07_2021-11-05|2022-11-01_2022-11-30|2022-12-01_2022-12-30|2023-04-30_2023-05-29|2023-06-29_2023-07-28|2023-07-29_2023-08-27|2023-08-28_2023-09-26|2024-02-24_2024-03-24|2024-03-25_2024-04-23|2024-04-24_2024-05-23|2024-09-21_2024-10-20|2024-10-21_2024-11-19|2024-11-20_2024-12-19|2024-12-20_2025-01-18|2025-05-19_2025-06-17|2025-11-15_2025-12-14|2026-02-13_2026-03-14
0.3,1,PPI m/m,Good,3,2,1,66.7,33.3,2.0,2023-03-01_2023-03-30|2024-05-24_2024-06-22|2025-04-19_2025-05-18
0.0,1,Core PPI m/m,Bad,7,4,3,57.1,42.9,1.33,2021-06-09_2021-07-08|2022-12-01_2022-12-30|2023-07-29_2023-08-27|2024-02-24_2024-03-24|2024-04-24_2024-05-23|2025-07-18_2025-08-16|2026-02-13_2026-03-14
0.0,1,Core PPI m/m,Good,9,6,3,66.7,33.3,2.0,2021-10-07_2021-11-05|2022-11-01_2022-11-30|2023-03-01_2023-03-30|2023-06-29_2023-07-28|2024-05-24_2024-06-22|2024-12-20_2025-01-18|2025-04-19_2025-05-18|2025-05-19_2025-06-17|2025-11-15_2025-12-14
0.0,1,Core PPI m/m,Neutral,6,5,1,83.3,16.7,5.0,2023-04-30_2023-05-29|2023-08-28_2023-09-26|2024-03-25_2024-04-23|2024-09-21_2024-10-20|2024-10-21_2024-11-19|2024-11-20_2024-12-19
0.1,1,Core PPI m/m,Bad,5,3,2,60.0,40.0,1.5,2021-06-09_2021-07-08|2022-12-01_2022-12-30|2024-04-24_2024-05-23|2025-07-18_2025-08-16|2026-02-13_2026-03-14
0.1,1,Core PPI m/m,Good,7,5,2,71.4,28.6,2.5,2021-10-07_2021-11-05|2022-11-01_2022-11-30|2023-03-01_2023-03-30|2024-05-24_2024-06-22|2024-12-20_2025-01-18|2025-04-19_2025-05-18|2025-05-19_2025-06-17
0.1,1,Core PPI m/m,Neutral,10,7,3,70.0,30.0,2.33,2023-04-30_2023-05-29|2023-06-29_2023-07-28|2023-07-29_2023-08-27|2023-08-28_2023-09-26|2024-02-24_2024-03-24|2024-03-25_2024-04-23|2024-09-21_2024-10-20|2024-10-21_2024-11-19|2024-11-20_2024-12-19|2025-11-15_2025-12-14
0.2,1,Core PPI m/m,Neutral,14,9,5,64.3,35.7,1.8,2021-06-09_2021-07-08|2022-12-01_2022-12-30|2023-04-30_2023-05-29|2023-06-29_2023-07-28|2023-07-29_2023-08-27|2023-08-28_2023-09-26|2024-02-24_2024-03-24|2024-03-25_2024-04-23|2024-09-21_2024-10-20|2024-10-21_2024-11-19|2024-11-20_2024-12-19|2024-12-20_2025-01-18|2025-05-19_2025-06-17|2025-11-15_2025-12-14
0.2,1,Core PPI m/m,Good,5,4,1,80.0,20.0,4.0,2021-10-07_2021-11-05|2022-11-01_2022-11-30|2023-03-01_2023-03-30|2024-05-24_2024-06-22|2025-04-19_2025-05-18
0.2,1,Core PPI m/m,Bad,3,2,1,66.7,33.3,2.0,2024-04-24_2024-05-23|2025-07-18_2025-08-16|2026-02-13_2026-03-14
0.3,1,Core PPI m/m,Neutral,18,12,6,66.7,33.3,2.0,2021-06-09_2021-07-08|2021-10-07_2021-11-05|2022-11-01_2022-11-30|2022-12-01_2022-12-30|2023-04-30_2023-05-29|2023-06-29_2023-07-28|2023-07-29_2023-08-27|2023-08-28_2023-09-26|2024-02-24_2024-03-24|2024-03-25_2024-04-23|2024-04-24_2024-05-23|2024-05-24_2024-06-22|2024-09-21_2024-10-20|2024-10-21_2024-11-19|2024-11-20_2024-12-19|2024-12-20_2025-01-18|2025-05-19_2025-06-17|2025-11-15_2025-12-14
0.3,1,Core PPI m/m,Good,2,2,0,100.0,0.0,inf,2023-03-01_2023-03-30|2025-04-19_2025-05-18
0.3,1,Core PPI m/m,Bad,2,1,1,50.0,50.0,1.0,2025-07-18_2025-08-16|2026-02-13_2026-03-14
0.0,1,FOMC,Neutral,7,5,2,71.4,28.6,2.5,2023-03-01_2023-03-30|2023-04-30_2023-05-29|2023-06-29_2023-07-28|2023-08-28_2023-09-26|2024-05-24_2024-06-22|2024-10-21_2024-11-19|2024-11-20_2024-12-19
0.1,1,FOMC,Neutral,7,5,2,71.4,28.6,2.5,2023-03-01_2023-03-30|2023-04-30_2023-05-29|2023-06-29_2023-07-28|2023-08-28_2023-09-26|2024-05-24_2024-06-22|2024-10-21_2024-11-19|2024-11-20_2024-12-19
0.2,1,FOMC,Neutral,7,5,2,71.4,28.6,2.5,2023-03-01_2023-03-30|2023-04-30_2023-05-29|2023-06-29_2023-07-28|2023-08-28_2023-09-26|2024-05-24_2024-06-22|2024-10-21_2024-11-19|2024-11-20_2024-12-19
0.3,1,FOMC,Neutral,7,5,2,71.4,28.6,2.5,2023-03-01_2023-03-30|2023-04-30_2023-05-29|2023-06-29_2023-07-28|2023-08-28_2023-09-26|2024-05-24_2024-06-22|2024-10-21_2024-11-19|2024-11-20_2024-12-19
0.0,1,CPI y/y,Bad,6,5,1,83.3,16.7,5.0,2021-06-09_2021-07-08|2021-10-07_2021-11-05|2023-08-28_2023-09-26|2024-02-24_2024-03-24|2024-03-25_2024-04-23|2024-09-21_2024-10-20
0.0,1,CPI y/y,Good,10,5,5,50.0,50.0,1.0,2022-11-01_2022-11-30|2022-12-01_2022-12-30|2023-04-30_2023-05-29|2023-06-29_2023-07-28|2023-07-29_2023-08-27|2024-05-24_2024-06-22|2025-04-19_2025-05-18|2025-05-19_2025-06-17|2025-07-18_2025-08-16|2026-02-13_2026-03-14
0.0,1,CPI y/y,Neutral,5,4,1,80.0,20.0,4.0,2023-03-01_2023-03-30|2024-04-24_2024-05-23|2024-10-21_2024-11-19|2024-11-20_2024-12-19|2024-12-20_2025-01-18
0.1,1,CPI y/y,Bad,6,5,1,83.3,16.7,5.0,2021-06-09_2021-07-08|2021-10-07_2021-11-05|2023-08-28_2023-09-26|2024-02-24_2024-03-24|2024-03-25_2024-04-23|2024-09-21_2024-10-20
0.1,1,CPI y/y,Good,7,3,4,42.9,57.1,0.75,2022-11-01_2022-11-30|2022-12-01_2022-12-30|2023-06-29_2023-07-28|2024-05-24_2024-06-22|2025-04-19_2025-05-18|2025-05-19_2025-06-17|2026-02-13_2026-03-14
0.1,1,CPI y/y,Neutral,8,6,2,75.0,25.0,3.0,2023-03-01_2023-03-30|2023-04-30_2023-05-29|2023-07-29_2023-08-27|2024-04-24_2024-05-23|2024-10-21_2024-11-19|2024-11-20_2024-12-19|2024-12-20_2025-01-18|2025-07-18_2025-08-16
0.2,1,CPI y/y,Bad,1,1,0,100.0,0.0,inf,2021-06-09_2021-07-08
0.2,1,CPI y/y,Neutral,18,12,6,66.7,33.3,2.0,2021-10-07_2021-11-05|2023-03-01_2023-03-30|2023-04-30_2023-05-29|2023-06-29_2023-07-28|2023-07-29_2023-08-27|2023-08-28_2023-09-26|2024-02-24_2024-03-24|2024-03-25_2024-04-23|2024-04-24_2024-05-23|2024-05-24_2024-06-22|2024-09-21_2024-10-20|2024-10-21_2024-11-19|2024-11-20_2024-12-19|2024-12-20_2025-01-18|2025-04-19_2025-05-18|2025-05-19_2025-06-17|2025-07-18_2025-08-16|2026-02-13_2026-03-14
0.2,1,CPI y/y,Good,2,1,1,50.0,50.0,1.0,2022-11-01_2022-11-30|2022-12-01_2022-12-30
0.3,1,CPI y/y,Neutral,21,14,7,66.7,33.3,2.0,2021-06-09_2021-07-08|2021-10-07_2021-11-05|2022-11-01_2022-11-30|2022-12-01_2022-12-30|2023-03-01_2023-03-30|2023-04-30_2023-05-29|2023-06-29_2023-07-28|2023-07-29_2023-08-27|2023-08-28_2023-09-26|2024-02-24_2024-03-24|2024-03-25_2024-04-23|2024-04-24_2024-05-23|2024-05-24_2024-06-22|2024-09-21_2024-10-20|2024-10-21_2024-11-19|2024-11-20_2024-12-19|2024-12-20_2025-01-18|2025-04-19_2025-05-18|2025-05-19_2025-06-17|2025-07-18_2025-08-16|2026-02-13_2026-03-14
0.0,2,CPI m/m|Core CPI m/m,Bad|Bad,3,2,1,66.7,33.3,2.0,2021-06-09_2021-07-08|2024-03-25_2024-04-23|2024-09-21_2024-10-20
0.0,2,CPI m/m|Core CPI m/m,Bad|Neutral,1,1,0,100.0,0.0,inf,2021-10-07_2021-11-05
0.0,2,CPI m/m|Core CPI m/m,Good|Good,6,3,3,50.0,50.0,1.0,2022-11-01_2022-11-30|2022-12-01_2022-12-30|2023-06-29_2023-07-28|2024-05-24_2024-06-22|2025-04-19_2025-05-18|2025-05-19_2025-06-17
0.0,2,CPI m/m|Core CPI m/m,Neutral|Bad,4,4,0,100.0,0.0,inf,2023-03-01_2023-03-30|2023-04-30_2023-05-29|2023-08-28_2023-09-26|2024-02-24_2024-03-24
0.0,2,CPI m/m|Core CPI m/m,Neutral|Neutral,4,3,1,75.0,25.0,3.0,2023-07-29_2023-08-27|2024-10-21_2024-11-19|2024-11-20_2024-12-19|2025-07-18_2025-08-16
0.0,2,CPI m/m|Core CPI m/m,Good|Neutral,2,1,1,50.0,50.0,1.0,2024-04-24_2024-05-23|2026-02-13_2026-03-14
0.0,2,CPI m/m|Core CPI m/m,Neutral|Good,1,0,1,0.0,100.0,0.0,2024-12-20_2025-01-18
0.1,2,CPI m/m|Core CPI m/m,Bad|Bad,2,1,1,50.0,50.0,1.0,2021-06-09_2021-07-08|2024-03-25_2024-04-23
0.1,2,CPI m/m|Core CPI m/m,Bad|Neutral,1,1,0,100.0,0.0,inf,2021-10-07_2021-11-05
0.1,2,CPI m/m|Core CPI m/m,Good|Good,1,1,0,100.0,0.0,inf,2022-11-01_2022-11-30
0.1,2,CPI m/m|Core CPI m/m,Good|Neutral,2,1,1,50.0,50.0,1.0,2022-12-01_2022-12-30|2024-04-24_2024-05-23
0.1,2,CPI m/m|Core CPI m/m,Neutral|Neutral,12,7,5,58.3,41.7,1.4,2023-03-01_2023-03-30|2023-06-29_2023-07-28|2023-07-29_2023-08-27|2023-08-28_2023-09-26|2024-05-24_2024-06-22|2024-09-21_2024-10-20|2024-10-21_2024-11-19|2024-11-20_2024-12-19|2024-12-20_2025-01-18|2025-04-19_2025-05-18|2025-07-18_2025-08-16|2026-02-13_2026-03-14
0.1,2,CPI m/m|Core CPI m/m,Neutral|Bad,2,2,0,100.0,0.0,inf,2023-04-30_2023-05-29|2024-02-24_2024-03-24
0.1,2,CPI m/m|Core CPI m/m,Neutral|Good,1,1,0,100.0,0.0,inf,2025-05-19_2025-06-17
0.2,2,CPI m/m|Core CPI m/m,Neutral|Neutral,21,14,7,66.7,33.3,2.0,2021-06-09_2021-07-08|2021-10-07_2021-11-05|2022-11-01_2022-11-30|2022-12-01_2022-12-30|2023-03-01_2023-03-30|2023-04-30_2023-05-29|2023-06-29_2023-07-28|2023-07-29_2023-08-27|2023-08-28_2023-09-26|2024-02-24_2024-03-24|2024-03-25_2024-04-23|2024-04-24_2024-05-23|2024-05-24_2024-06-22|2024-09-21_2024-10-20|2024-10-21_2024-11-19|2024-11-20_2024-12-19|2024-12-20_2025-01-18|2025-04-19_2025-05-18|2025-05-19_2025-06-17|2025-07-18_2025-08-16|2026-02-13_2026-03-14
0.3,2,CPI m/m|Core CPI m/m,Neutral|Neutral,21,14,7,66.7,33.3,2.0,2021-06-09_2021-07-08|2021-10-07_2021-11-05|2022-11-01_2022-11-30|2022-12-01_2022-12-30|2023-03-01_2023-03-30|2023-04-30_2023-05-29|2023-06-29_2023-07-28|2023-07-29_2023-08-27|2023-08-28_2023-09-26|2024-02-24_2024-03-24|2024-03-25_2024-04-23|2024-04-24_2024-05-23|2024-05-24_2024-06-22|2024-09-21_2024-10-20|2024-10-21_2024-11-19|2024-11-20_2024-12-19|2024-12-20_2025-01-18|2025-04-19_2025-05-18|2025-05-19_2025-06-17|2025-07-18_2025-08-16|2026-02-13_2026-03-14
0.0,2,CPI m/m|PPI m/m,Bad|Bad,1,1,0,100.0,0.0,inf,2021-06-09_2021-07-08
0.0,2,CPI m/m|PPI m/m,Bad|Good,3,2,1,66.7,33.3,2.0,2021-10-07_2021-11-05|2024-03-25_2024-04-23|2024-09-21_2024-10-20
0.0,2,CPI m/m|PPI m/m,Good|Good,5,3,2,60.0,40.0,1.5,2022-11-01_2022-11-30|2023-06-29_2023-07-28|2024-05-24_2024-06-22|2025-04-19_2025-05-18|2025-05-19_2025-06-17
0.0,2,CPI m/m|PPI m/m,Good|Bad,3,1,2,33.3,66.7,0.5,2022-12-01_2022-12-30|2024-04-24_2024-05-23|2026-02-13_2026-03-14
0.0,2,CPI m/m|PPI m/m,Neutral|Good,3,2,1,66.7,33.3,2.0,2023-03-01_2023-03-30|2023-04-30_2023-05-29|2024-12-20_2025-01-18
0.0,2,CPI m/m|PPI m/m,Neutral|Bad,5,4,1,80.0,20.0,4.0,2023-07-29_2023-08-27|2023-08-28_2023-09-26|2024-02-24_2024-03-24|2024-11-20_2024-12-19|2025-07-18_2025-08-16
0.0,2,CPI m/m|PPI m/m,Neutral|Neutral,1,1,0,100.0,0.0,inf,2024-10-21_2024-11-19
0.1,2,CPI m/m|PPI m/m,Bad|Bad,1,1,0,100.0,0.0,inf,2021-06-09_2021-07-08
0.1,2,CPI m/m|PPI m/m,Bad|Neutral,2,1,1,50.0,50.0,1.0,2021-10-07_2021-11-05|2024-03-25_2024-04-23
0.1,2,CPI m/m|PPI m/m,Good|Good,1,1,0,100.0,0.0,inf,2022-11-01_2022-11-30
0.1,2,CPI m/m|PPI m/m,Good|Neutral,1,0,1,0.0,100.0,0.0,2022-12-01_2022-12-30
0.1,2,CPI m/m|PPI m/m,Neutral|Good,4,2,2,50.0,50.0,1.0,2023-03-01_2023-03-30|2024-05-24_2024-06-22|2024-12-20_2025-01-18|2025-04-19_2025-05-18
0.1,2,CPI m/m|PPI m/m,Neutral|Neutral,6,4,2,66.7,33.3,2.0,2023-04-30_2023-05-29|2023-06-29_2023-07-28|2023-07-29_2023-08-27|2024-09-21_2024-10-20|2024-10-21_2024-11-19|2025-05-19_2025-06-17
0.1,2,CPI m/m|PPI m/m,Neutral|Bad,5,4,1,80.0,20.0,4.0,2023-08-28_2023-09-26|2024-02-24_2024-03-24|2024-11-20_2024-12-19|2025-07-18_2025-08-16|2026-02-13_2026-03-14
0.1,2,CPI m/m|PPI m/m,Good|Bad,1,1,0,100.0,0.0,inf,2024-04-24_2024-05-23
0.2,2,CPI m/m|PPI m/m,Neutral|Bad,4,4,0,100.0,0.0,inf,2021-06-09_2021-07-08|2023-08-28_2023-09-26|2024-02-24_2024-03-24|2025-07-18_2025-08-16
0.2,2,CPI m/m|PPI m/m,Neutral|Neutral,14,8,6,57.1,42.9,1.33,2021-10-07_2021-11-05|2022-11-01_2022-11-30|2022-12-01_2022-12-30|2023-04-30_2023-05-29|2023-06-29_2023-07-28|2023-07-29_2023-08-27|2024-03-25_2024-04-23|2024-04-24_2024-05-23|2024-09-21_2024-10-20|2024-10-21_2024-11-19|2024-11-20_2024-12-19|2024-12-20_2025-01-18|2025-05-19_2025-06-17|2026-02-13_2026-03-14
0.2,2,CPI m/m|PPI m/m,Neutral|Good,3,2,1,66.7,33.3,2.0,2023-03-01_2023-03-30|2024-05-24_2024-06-22|2025-04-19_2025-05-18
0.3,2,CPI m/m|PPI m/m,Neutral|Bad,2,2,0,100.0,0.0,inf,2021-06-09_2021-07-08|2025-07-18_2025-08-16
0.3,2,CPI m/m|PPI m/m,Neutral|Neutral,16,10,6,62.5,37.5,1.67,2021-10-07_2021-11-05|2022-11-01_2022-11-30|2022-12-01_2022-12-30|2023-04-30_2023-05-29|2023-06-29_2023-07-28|2023-07-29_2023-08-27|2023-08-28_2023-09-26|2024-02-24_2024-03-24|2024-03-25_2024-04-23|2024-04-24_2024-05-23|2024-09-21_2024-10-20|2024-10-21_2024-11-19|2024-11-20_2024-12-19|2024-12-20_2025-01-18|2025-05-19_2025-06-17|2026-02-13_2026-03-14
0.3,2,CPI m/m|PPI m/m,Neutral|Good,3,2,1,66.7,33.3,2.0,2023-03-01_2023-03-30|2024-05-24_2024-06-22|2025-04-19_2025-05-18
0.0,2,CPI m/m|Core PPI m/m,Bad|Bad,1,1,0,100.0,0.0,inf,2021-06-09_2021-07-08
0.0,2,CPI m/m|Core PPI m/m,Bad|Good,1,1,0,100.0,0.0,inf,2021-10-07_2021-11-05
0.0,2,CPI m/m|Core PPI m/m,Good|Good,5,3,2,60.0,40.0,1.5,2022-11-01_2022-11-30|2023-06-29_2023-07-28|2024-05-24_2024-06-22|2025-04-19_2025-05-18|2025-05-19_2025-06-17
0.0,2,CPI m/m|Core PPI m/m,Good|Bad,3,1,2,33.3,66.7,0.5,2022-12-01_2022-12-30|2024-04-24_2024-05-23|2026-02-13_2026-03-14
0.0,2,CPI m/m|Core PPI m/m,Neutral|Good,2,1,1,50.0,50.0,1.0,2023-03-01_2023-03-30|2024-12-20_2025-01-18
0.0,2,CPI m/m|Core PPI m/m,Neutral|Neutral,4,4,0,100.0,0.0,inf,2023-04-30_2023-05-29|2023-08-28_2023-09-26|2024-10-21_2024-11-19|2024-11-20_2024-12-19
0.0,2,CPI m/m|Core PPI m/m,Neutral|Bad,3,2,1,66.7,33.3,2.0,2023-07-29_2023-08-27|2024-02-24_2024-03-24|2025-07-18_2025-08-16
0.0,2,CPI m/m|Core PPI m/m,Bad|Neutral,2,1,1,50.0,50.0,1.0,2024-03-25_2024-04-23|2024-09-21_2024-10-20
0.1,2,CPI m/m|Core PPI m/m,Bad|Bad,1,1,0,100.0,0.0,inf,2021-06-09_2021-07-08
0.1,2,CPI m/m|Core PPI m/m,Bad|Good,1,1,0,100.0,0.0,inf,2021-10-07_2021-11-05
0.1,2,CPI m/m|Core PPI m/m,Good|Good,1,1,0,100.0,0.0,inf,2022-11-01_2022-11-30
0.1,2,CPI m/m|Core PPI m/m,Good|Bad,2,1,1,50.0,50.0,1.0,2022-12-01_2022-12-30|2024-04-24_2024-05-23
0.1,2,CPI m/m|Core PPI m/m,Neutral|Good,5,3,2,60.0,40.0,1.5,2023-03-01_2023-03-30|2024-05-24_2024-06-22|2024-12-20_2025-01-18|2025-04-19_2025-05-18|2025-05-19_2025-06-17
0.1,2,CPI m/m|Core PPI m/m,Neutral|Neutral,8,6,2,75.0,25.0,3.0,2023-04-30_2023-05-29|2023-06-29_2023-07-28|2023-07-29_2023-08-27|2023-08-28_2023-09-26|2024-02-24_2024-03-24|2024-09-21_2024-10-20|2024-10-21_2024-11-19|2024-11-20_2024-12-19
0.1,2,CPI m/m|Core PPI m/m,Bad|Neutral,1,0,1,0.0,100.0,0.0,2024-03-25_2024-04-23
0.1,2,CPI m/m|Core PPI m/m,Neutral|Bad,2,1,1,50.0,50.0,1.0,2025-07-18_2025-08-16|2026-02-13_2026-03-14
0.2,2,CPI m/m|Core PPI m/m,Neutral|Neutral,13,8,5,61.5,38.5,1.6,2021-06-09_2021-07-08|2022-12-01_2022-12-30|2023-04-30_2023-05-29|2023-06-29_2023-07-28|2023-07-29_2023-08-27|2023-08-28_2023-09-26|2024-02-24_2024-03-24|2024-03-25_2024-04-23|2024-09-21_2024-10-20|2024-10-21_2024-11-19|2024-11-20_2024-12-19|2024-12-20_2025-01-18|2025-05-19_2025-06-17
0.2,2,CPI m/m|Core PPI m/m,Neutral|Good,5,4,1,80.0,20.0,4.0,2021-10-07_2021-11-05|2022-11-01_2022-11-30|2023-03-01_2023-03-30|2024-05-24_2024-06-22|2025-04-19_2025-05-18
0.2,2,CPI m/m|Core PPI m/m,Neutral|Bad,3,2,1,66.7,33.3,2.0,2024-04-24_2024-05-23|2025-07-18_2025-08-16|2026-02-13_2026-03-14
0.3,2,CPI m/m|Core PPI m/m,Neutral|Neutral,17,11,6,64.7,35.3,1.83,2021-06-09_2021-07-08|2021-10-07_2021-11-05|2022-11-01_2022-11-30|2022-12-01_2022-12-30|2023-04-30_2023-05-29|2023-06-29_2023-07-28|2023-07-29_2023-08-27|2023-08-28_2023-09-26|2024-02-24_2024-03-24|2024-03-25_2024-04-23|2024-04-24_2024-05-23|2024-05-24_2024-06-22|2024-09-21_2024-10-20|2024-10-21_2024-11-19|2024-11-20_2024-12-19|2024-12-20_2025-01-18|2025-05-19_2025-06-17
0.3,2,CPI m/m|Core PPI m/m,Neutral|Good,2,2,0,100.0,0.0,inf,2023-03-01_2023-03-30|2025-04-19_2025-05-18
0.3,2,CPI m/m|Core PPI m/m,Neutral|Bad,2,1,1,50.0,50.0,1.0,2025-07-18_2025-08-16|2026-02-13_2026-03-14
0.0,2,CPI m/m|FOMC,Neutral|Neutral,5,5,0,100.0,0.0,inf,2023-03-01_2023-03-30|2023-04-30_2023-05-29|2023-08-28_2023-09-26|2024-10-21_2024-11-19|2024-11-20_2024-12-19
0.0,2,CPI m/m|FOMC,Good|Neutral,2,0,2,0.0,100.0,0.0,2023-06-29_2023-07-28|2024-05-24_2024-06-22
0.1,2,CPI m/m|FOMC,Neutral|Neutral,7,5,2,71.4,28.6,2.5,2023-03-01_2023-03-30|2023-04-30_2023-05-29|2023-06-29_2023-07-28|2023-08-28_2023-09-26|2024-05-24_2024-06-22|2024-10-21_2024-11-19|2024-11-20_2024-12-19
0.2,2,CPI m/m|FOMC,Neutral|Neutral,7,5,2,71.4,28.6,2.5,2023-03-01_2023-03-30|2023-04-30_2023-05-29|2023-06-29_2023-07-28|2023-08-28_2023-09-26|2024-05-24_2024-06-22|2024-10-21_2024-11-19|2024-11-20_2024-12-19
0.3,2,CPI m/m|FOMC,Neutral|Neutral,7,5,2,71.4,28.6,2.5,2023-03-01_2023-03-30|2023-04-30_2023-05-29|2023-06-29_2023-07-28|2023-08-28_2023-09-26|2024-05-24_2024-06-22|2024-10-21_2024-11-19|2024-11-20_2024-12-19
0.0,2,CPI m/m|CPI y/y,Bad|Bad,4,3,1,75.0,25.0,3.0,2021-06-09_2021-07-08|2021-10-07_2021-11-05|2024-03-25_2024-04-23|2024-09-21_2024-10-20
0.0,2,CPI m/m|CPI y/y,Good|Good,7,3,4,42.9,57.1,0.75,2022-11-01_2022-11-30|2022-12-01_2022-12-30|2023-06-29_2023-07-28|2024-05-24_2024-06-22|2025-04-19_2025-05-18|2025-05-19_2025-06-17|2026-02-13_2026-03-14
0.0,2,CPI m/m|CPI y/y,Neutral|Neutral,4,3,1,75.0,25.0,3.0,2023-03-01_2023-03-30|2024-10-21_2024-11-19|2024-11-20_2024-12-19|2024-12-20_2025-01-18
0.0,2,CPI m/m|CPI y/y,Neutral|Good,3,2,1,66.7,33.3,2.0,2023-04-30_2023-05-29|2023-07-29_2023-08-27|2025-07-18_2025-08-16
0.0,2,CPI m/m|CPI y/y,Neutral|Bad,2,2,0,100.0,0.0,inf,2023-08-28_2023-09-26|2024-02-24_2024-03-24
0.0,2,CPI m/m|CPI y/y,Good|Neutral,1,1,0,100.0,0.0,inf,2024-04-24_2024-05-23
0.1,2,CPI m/m|CPI y/y,Bad|Bad,3,2,1,66.7,33.3,2.0,2021-06-09_2021-07-08|2021-10-07_2021-11-05|2024-03-25_2024-04-23
0.1,2,CPI m/m|CPI y/y,Good|Good,2,1,1,50.0,50.0,1.0,2022-11-01_2022-11-30|2022-12-01_2022-12-30
0.1,2,CPI m/m|CPI y/y,Neutral|Neutral,7,5,2,71.4,28.6,2.5,2023-03-01_2023-03-30|2023-04-30_2023-05-29|2023-07-29_2023-08-27|2024-10-21_2024-11-19|2024-11-20_2024-12-19|2024-12-20_2025-01-18|2025-07-18_2025-08-16
0.1,2,CPI m/m|CPI y/y,Neutral|Good,5,2,3,40.0,60.0,0.67,2023-06-29_2023-07-28|2024-05-24_2024-06-22|2025-04-19_2025-05-18|2025-05-19_2025-06-17|2026-02-13_2026-03-14
0.1,2,CPI m/m|CPI y/y,Neutral|Bad,3,3,0,100.0,0.0,inf,2023-08-28_2023-09-26|2024-02-24_2024-03-24|2024-09-21_2024-10-20
0.1,2,CPI m/m|CPI y/y,Good|Neutral,1,1,0,100.0,0.0,inf,2024-04-24_2024-05-23
0.2,2,CPI m/m|CPI y/y,Neutral|Bad,1,1,0,100.0,0.0,inf,2021-06-09_2021-07-08
0.2,2,CPI m/m|CPI y/y,Neutral|Neutral,18,12,6,66.7,33.3,2.0,2021-10-07_2021-11-05|2023-03-01_2023-03-30|2023-04-30_2023-05-29|2023-06-29_2023-07-28|2023-07-29_2023-08-27|2023-08-28_2023-09-26|2024-02-24_2024-03-24|2024-03-25_2024-04-23|2024-04-24_2024-05-23|2024-05-24_2024-06-22|2024-09-21_2024-10-20|2024-10-21_2024-11-19|2024-11-20_2024-12-19|2024-12-20_2025-01-18|2025-04-19_2025-05-18|2025-05-19_2025-06-17|2025-07-18_2025-08-16|2026-02-13_2026-03-14
0.2,2,CPI m/m|CPI y/y,Neutral|Good,2,1,1,50.0,50.0,1.0,2022-11-01_2022-11-30|2022-12-01_2022-12-30
0.3,2,CPI m/m|CPI y/y,Neutral|Neutral,21,14,7,66.7,33.3,2.0,2021-06-09_2021-07-08|2021-10-07_2021-11-05|2022-11-01_2022-11-30|2022-12-01_2022-12-30|2023-03-01_2023-03-30|2023-04-30_2023-05-29|2023-06-29_2023-07-28|2023-07-29_2023-08-27|2023-08-28_2023-09-26|2024-02-24_2024-03-24|2024-03-25_2024-04-23|2024-04-24_2024-05-23|2024-05-24_2024-06-22|2024-09-21_2024-10-20|2024-10-21_2024-11-19|2024-11-20_2024-12-19|2024-12-20_2025-01-18|2025-04-19_2025-05-18|2025-05-19_2025-06-17|2025-07-18_2025-08-16|2026-02-13_2026-03-14
0.0,2,Core CPI m/m|PPI m/m,Bad|Bad,3,3,0,100.0,0.0,inf,2021-06-09_2021-07-08|2023-08-28_2023-09-26|2024-02-24_2024-03-24
0.0,2,Core CPI m/m|PPI m/m,Neutral|Good,1,1,0,100.0,0.0,inf,2021-10-07_2021-11-05
0.0,2,Core CPI m/m|PPI m/m,Good|Good,6,3,3,50.0,50.0,1.0,2022-11-01_2022-11-30|2023-06-29_2023-07-28|2024-05-24_2024-06-22|2024-12-20_2025-01-18|2025-04-19_2025-05-18|2025-05-19_2025-06-17
0.0,2,Core CPI m/m|PPI m/m,Good|Bad,1,0,1,0.0,100.0,0.0,2022-12-01_2022-12-30
0.0,2,Core CPI m/m|PPI m/m,Bad|Good,4,3,1,75.0,25.0,3.0,2023-03-01_2023-03-30|2023-04-30_2023-05-29|2024-03-25_2024-04-23|2024-09-21_2024-10-20
0.0,2,Core CPI m/m|PPI m/m,Neutral|Bad,5,3,2,60.0,40.0,1.5,2023-07-29_2023-08-27|2024-04-24_2024-05-23|2024-11-20_2024-12-19|2025-07-18_2025-08-16|2026-02-13_2026-03-14
0.0,2,Core CPI m/m|PPI m/m,Neutral|Neutral,1,1,0,100.0,0.0,inf,2024-10-21_2024-11-19
0.1,2,Core CPI m/m|PPI m/m,Bad|Bad,2,2,0,100.0,0.0,inf,2021-06-09_2021-07-08|2024-02-24_2024-03-24
0.1,2,Core CPI m/m|PPI m/m,Neutral|Neutral,6,3,3,50.0,50.0,1.0,2021-10-07_2021-11-05|2022-12-01_2022-12-30|2023-06-29_2023-07-28|2023-07-29_2023-08-27|2024-09-21_2024-10-20|2024-10-21_2024-11-19
0.1,2,Core CPI m/m|PPI m/m,Good|Good,1,1,0,100.0,0.0,inf,2022-11-01_2022-11-30
0.1,2,Core CPI m/m|PPI m/m,Neutral|Good,4,2,2,50.0,50.0,1.0,2023-03-01_2023-03-30|2024-05-24_2024-06-22|2024-12-20_2025-01-18|2025-04-19_2025-05-18
0.1,2,Core CPI m/m|PPI m/m,Bad|Neutral,2,1,1,50.0,50.0,1.0,2023-04-30_2023-05-29|2024-03-25_2024-04-23
0.1,2,Core CPI m/m|PPI m/m,Neutral|Bad,5,4,1,80.0,20.0,4.0,2023-08-28_2023-09-26|2024-04-24_2024-05-23|2024-11-20_2024-12-19|2025-07-18_2025-08-16|2026-02-13_2026-03-14
0.1,2,Core CPI m/m|PPI m/m,Good|Neutral,1,1,0,100.0,0.0,inf,2025-05-19_2025-06-17
0.2,2,Core CPI m/m|PPI m/m,Neutral|Bad,4,4,0,100.0,0.0,inf,2021-06-09_2021-07-08|2023-08-28_2023-09-26|2024-02-24_2024-03-24|2025-07-18_2025-08-16
0.2,2,Core CPI m/m|PPI m/m,Neutral|Neutral,14,8,6,57.1,42.9,1.33,2021-10-07_2021-11-05|2022-11-01_2022-11-30|2022-12-01_2022-12-30|2023-04-30_2023-05-29|2023-06-29_2023-07-28|2023-07-29_2023-08-27|2024-03-25_2024-04-23|2024-04-24_2024-05-23|2024-09-21_2024-10-20|2024-10-21_2024-11-19|2024-11-20_2024-12-19|2024-12-20_2025-01-18|2025-05-19_2025-06-17|2026-02-13_2026-03-14
0.2,2,Core CPI m/m|PPI m/m,Neutral|Good,3,2,1,66.7,33.3,2.0,2023-03-01_2023-03-30|2024-05-24_2024-06-22|2025-04-19_2025-05-18
0.3,2,Core CPI m/m|PPI m/m,Neutral|Bad,2,2,0,100.0,0.0,inf,2021-06-09_2021-07-08|2025-07-18_2025-08-16
0.3,2,Core CPI m/m|PPI m/m,Neutral|Neutral,16,10,6,62.5,37.5,1.67,2021-10-07_2021-11-05|2022-11-01_2022-11-30|2022-12-01_2022-12-30|2023-04-30_2023-05-29|2023-06-29_2023-07-28|2023-07-29_2023-08-27|2023-08-28_2023-09-26|2024-02-24_2024-03-24|2024-03-25_2024-04-23|2024-04-24_2024-05-23|2024-09-21_2024-10-20|2024-10-21_2024-11-19|2024-11-20_2024-12-19|2024-12-20_2025-01-18|2025-05-19_2025-06-17|2026-02-13_2026-03-14
0.3,2,Core CPI m/m|PPI m/m,Neutral|Good,3,2,1,66.7,33.3,2.0,2023-03-01_2023-03-30|2024-05-24_2024-06-22|2025-04-19_2025-05-18
0.0,2,Core CPI m/m|Core PPI m/m,Bad|Bad,2,2,0,100.0,0.0,inf,2021-06-09_2021-07-08|2024-02-24_2024-03-24
0.0,2,Core CPI m/m|Core PPI m/m,Neutral|Good,1,1,0,100.0,0.0,inf,2021-10-07_2021-11-05
0.0,2,Core CPI m/m|Core PPI m/m,Good|Good,6,3,3,50.0,50.0,1.0,2022-11-01_2022-11-30|2023-06-29_2023-07-28|2024-05-24_2024-06-22|2024-12-20_2025-01-18|2025-04-19_2025-05-18|2025-05-19_2025-06-17
0.0,2,Core CPI m/m|Core PPI m/m,Good|Bad,1,0,1,0.0,100.0,0.0,2022-12-01_2022-12-30
0.0,2,Core CPI m/m|Core PPI m/m,Bad|Good,1,1,0,100.0,0.0,inf,2023-03-01_2023-03-30
0.0,2,Core CPI m/m|Core PPI m/m,Bad|Neutral,4,3,1,75.0,25.0,3.0,2023-04-30_2023-05-29|2023-08-28_2023-09-26|2024-03-25_2024-04-23|2024-09-21_2024-10-20
0.0,2,Core CPI m/m|Core PPI m/m,Neutral|Bad,4,2,2,50.0,50.0,1.0,2023-07-29_2023-08-27|2024-04-24_2024-05-23|2025-07-18_2025-08-16|2026-02-13_2026-03-14
0.0,2,Core CPI m/m|Core PPI m/m,Neutral|Neutral,2,2,0,100.0,0.0,inf,2024-10-21_2024-11-19|2024-11-20_2024-12-19
0.1,2,Core CPI m/m|Core PPI m/m,Bad|Bad,1,1,0,100.0,0.0,inf,2021-06-09_2021-07-08
0.1,2,Core CPI m/m|Core PPI m/m,Neutral|Good,5,3,2,60.0,40.0,1.5,2021-10-07_2021-11-05|2023-03-01_2023-03-30|2024-05-24_2024-06-22|2024-12-20_2025-01-18|2025-04-19_2025-05-18
0.1,2,Core CPI m/m|Core PPI m/m,Good|Good,2,2,0,100.0,0.0,inf,2022-11-01_2022-11-30|2025-05-19_2025-06-17
0.1,2,Core CPI m/m|Core PPI m/m,Neutral|Bad,4,2,2,50.0,50.0,1.0,2022-12-01_2022-12-30|2024-04-24_2024-05-23|2025-07-18_2025-08-16|2026-02-13_2026-03-14
0.1,2,Core CPI m/m|Core PPI m/m,Bad|Neutral,3,2,1,66.7,33.3,2.0,2023-04-30_2023-05-29|2024-02-24_2024-03-24|2024-03-25_2024-04-23
0.1,2,Core CPI m/m|Core PPI m/m,Neutral|Neutral,6,4,2,66.7,33.3,2.0,2023-06-29_2023-07-28|2023-07-29_2023-08-27|2023-08-28_2023-09-26|2024-09-21_2024-10-20|2024-10-21_2024-11-19|2024-11-20_2024-12-19
0.2,2,Core CPI m/m|Core PPI m/m,Neutral|Neutral,13,8,5,61.5,38.5,1.6,2021-06-09_2021-07-08|2022-12-01_2022-12-30|2023-04-30_2023-05-29|2023-06-29_2023-07-28|2023-07-29_2023-08-27|2023-08-28_2023-09-26|2024-02-24_2024-03-24|2024-03-25_2024-04-23|2024-09-21_2024-10-20|2024-10-21_2024-11-19|2024-11-20_2024-12-19|2024-12-20_2025-01-18|2025-05-19_2025-06-17
0.2,2,Core CPI m/m|Core PPI m/m,Neutral|Good,5,4,1,80.0,20.0,4.0,2021-10-07_2021-11-05|2022-11-01_2022-11-30|2023-03-01_2023-03-30|2024-05-24_2024-06-22|2025-04-19_2025-05-18
0.2,2,Core CPI m/m|Core PPI m/m,Neutral|Bad,3,2,1,66.7,33.3,2.0,2024-04-24_2024-05-23|2025-07-18_2025-08-16|2026-02-13_2026-03-14
0.3,2,Core CPI m/m|Core PPI m/m,Neutral|Neutral,17,11,6,64.7,35.3,1.83,2021-06-09_2021-07-08|2021-10-07_2021-11-05|2022-11-01_2022-11-30|2022-12-01_2022-12-30|2023-04-30_2023-05-29|2023-06-29_2023-07-28|2023-07-29_2023-08-27|2023-08-28_2023-09-26|2024-02-24_2024-03-24|2024-03-25_2024-04-23|2024-04-24_2024-05-23|2024-05-24_2024-06-22|2024-09-21_2024-10-20|2024-10-21_2024-11-19|2024-11-20_2024-12-19|2024-12-20_2025-01-18|2025-05-19_2025-06-17
0.3,2,Core CPI m/m|Core PPI m/m,Neutral|Good,2,2,0,100.0,0.0,inf,2023-03-01_2023-03-30|2025-04-19_2025-05-18
0.3,2,Core CPI m/m|Core PPI m/m,Neutral|Bad,2,1,1,50.0,50.0,1.0,2025-07-18_2025-08-16|2026-02-13_2026-03-14
0.0,2,Core CPI m/m|FOMC,Bad|Neutral,3,3,0,100.0,0.0,inf,2023-03-01_2023-03-30|2023-04-30_2023-05-29|2023-08-28_2023-09-26
0.0,2,Core CPI m/m|FOMC,Good|Neutral,2,0,2,0.0,100.0,0.0,2023-06-29_2023-07-28|2024-05-24_2024-06-22
0.0,2,Core CPI m/m|FOMC,Neutral|Neutral,2,2,0,100.0,0.0,inf,2024-10-21_2024-11-19|2024-11-20_2024-12-19
0.1,2,Core CPI m/m|FOMC,Neutral|Neutral,6,4,2,66.7,33.3,2.0,2023-03-01_2023-03-30|2023-06-29_2023-07-28|2023-08-28_2023-09-26|2024-05-24_2024-06-22|2024-10-21_2024-11-19|2024-11-20_2024-12-19
0.1,2,Core CPI m/m|FOMC,Bad|Neutral,1,1,0,100.0,0.0,inf,2023-04-30_2023-05-29
0.2,2,Core CPI m/m|FOMC,Neutral|Neutral,7,5,2,71.4,28.6,2.5,2023-03-01_2023-03-30|2023-04-30_2023-05-29|2023-06-29_2023-07-28|2023-08-28_2023-09-26|2024-05-24_2024-06-22|2024-10-21_2024-11-19|2024-11-20_2024-12-19
0.3,2,Core CPI m/m|FOMC,Neutral|Neutral,7,5,2,71.4,28.6,2.5,2023-03-01_2023-03-30|2023-04-30_2023-05-29|2023-06-29_2023-07-28|2023-08-28_2023-09-26|2024-05-24_2024-06-22|2024-10-21_2024-11-19|2024-11-20_2024-12-19
0.0,2,Core CPI m/m|CPI y/y,Bad|Bad,5,4,1,80.0,20.0,4.0,2021-06-09_2021-07-08|2023-08-28_2023-09-26|2024-02-24_2024-03-24|2024-03-25_2024-04-23|2024-09-21_2024-10-20
0.0,2,Core CPI m/m|CPI y/y,Neutral|Bad,1,1,0,100.0,0.0,inf,2021-10-07_2021-11-05
0.0,2,Core CPI m/m|CPI y/y,Good|Good,6,3,3,50.0,50.0,1.0,2022-11-01_2022-11-30|2022-12-01_2022-12-30|2023-06-29_2023-07-28|2024-05-24_2024-06-22|2025-04-19_2025-05-18|2025-05-19_2025-06-17
0.0,2,Core CPI m/m|CPI y/y,Bad|Neutral,1,1,0,100.0,0.0,inf,2023-03-01_2023-03-30
0.0,2,Core CPI m/m|CPI y/y,Bad|Good,1,1,0,100.0,0.0,inf,2023-04-30_2023-05-29
0.0,2,Core CPI m/m|CPI y/y,Neutral|Good,3,1,2,33.3,66.7,0.5,2023-07-29_2023-08-27|2025-07-18_2025-08-16|2026-02-13_2026-03-14
0.0,2,Core CPI m/m|CPI y/y,Neutral|Neutral,3,3,0,100.0,0.0,inf,2024-04-24_2024-05-23|2024-10-21_2024-11-19|2024-11-20_2024-12-19
0.0,2,Core CPI m/m|CPI y/y,Good|Neutral,1,0,1,0.0,100.0,0.0,2024-12-20_2025-01-18
0.1,2,Core CPI m/m|CPI y/y,Bad|Bad,3,2,1,66.7,33.3,2.0,2021-06-09_2021-07-08|2024-02-24_2024-03-24|2024-03-25_2024-04-23
0.1,2,Core CPI m/m|CPI y/y,Neutral|Bad,3,3,0,100.0,0.0,inf,2021-10-07_2021-11-05|2023-08-28_2023-09-26|2024-09-21_2024-10-20
0.1,2,Core CPI m/m|CPI y/y,Good|Good,2,2,0,100.0,0.0,inf,2022-11-01_2022-11-30|2025-05-19_2025-06-17
0.1,2,Core CPI m/m|CPI y/y,Neutral|Good,5,1,4,20.0,80.0,0.25,2022-12-01_2022-12-30|2023-06-29_2023-07-28|2024-05-24_2024-06-22|2025-04-19_2025-05-18|2026-02-13_2026-03-14
0.1,2,Core CPI m/m|CPI y/y,Neutral|Neutral,7,5,2,71.4,28.6,2.5,2023-03-01_2023-03-30|2023-07-29_2023-08-27|2024-04-24_2024-05-23|2024-10-21_2024-11-19|2024-11-20_2024-12-19|2024-12-20_2025-01-18|2025-07-18_2025-08-16
0.1,2,Core CPI m/m|CPI y/y,Bad|Neutral,1,1,0,100.0,0.0,inf,2023-04-30_2023-05-29
0.2,2,Core CPI m/m|CPI y/y,Neutral|Bad,1,1,0,100.0,0.0,inf,2021-06-09_2021-07-08
0.2,2,Core CPI m/m|CPI y/y,Neutral|Neutral,18,12,6,66.7,33.3,2.0,2021-10-07_2021-11-05|2023-03-01_2023-03-30|2023-04-30_2023-05-29|2023-06-29_2023-07-28|2023-07-29_2023-08-27|2023-08-28_2023-09-26|2024-02-24_2024-03-24|2024-03-25_2024-04-23|2024-04-24_2024-05-23|2024-05-24_2024-06-22|2024-09-21_2024-10-20|2024-10-21_2024-11-19|2024-11-20_2024-12-19|2024-12-20_2025-01-18|2025-04-19_2025-05-18|2025-05-19_2025-06-17|2025-07-18_2025-08-16|2026-02-13_2026-03-14
0.2,2,Core CPI m/m|CPI y/y,Neutral|Good,2,1,1,50.0,50.0,1.0,2022-11-01_2022-11-30|2022-12-01_2022-12-30
0.3,2,Core CPI m/m|CPI y/y,Neutral|Neutral,21,14,7,66.7,33.3,2.0,2021-06-09_2021-07-08|2021-10-07_2021-11-05|2022-11-01_2022-11-30|2022-12-01_2022-12-30|2023-03-01_2023-03-30|2023-04-30_2023-05-29|2023-06-29_2023-07-28|2023-07-29_2023-08-27|2023-08-28_2023-09-26|2024-02-24_2024-03-24|2024-03-25_2024-04-23|2024-04-24_2024-05-23|2024-05-24_2024-06-22|2024-09-21_2024-10-20|2024-10-21_2024-11-19|2024-11-20_2024-12-19|2024-12-20_2025-01-18|2025-04-19_2025-05-18|2025-05-19_2025-06-17|2025-07-18_2025-08-16|2026-02-13_2026-03-14
0.0,2,PPI m/m|Core PPI m/m,Bad|Bad,7,4,3,57.1,42.9,1.33,2021-06-09_2021-07-08|2022-12-01_2022-12-30|2023-07-29_2023-08-27|2024-02-24_2024-03-24|2024-04-24_2024-05-23|2025-07-18_2025-08-16|2026-02-13_2026-03-14
0.0,2,PPI m/m|Core PPI m/m,Good|Good,8,5,3,62.5,37.5,1.67,2021-10-07_2021-11-05|2022-11-01_2022-11-30|2023-03-01_2023-03-30|2023-06-29_2023-07-28|2024-05-24_2024-06-22|2024-12-20_2025-01-18|2025-04-19_2025-05-18|2025-05-19_2025-06-17
0.0,2,PPI m/m|Core PPI m/m,Good|Neutral,3,2,1,66.7,33.3,2.0,2023-04-30_2023-05-29|2024-03-25_2024-04-23|2024-09-21_2024-10-20
0.0,2,PPI m/m|Core PPI m/m,Bad|Neutral,2,2,0,100.0,0.0,inf,2023-08-28_2023-09-26|2024-11-20_2024-12-19
0.0,2,PPI m/m|Core PPI m/m,Neutral|Neutral,1,1,0,100.0,0.0,inf,2024-10-21_2024-11-19
0.0,2,PPI m/m|Core PPI m/m,Neutral|Good,1,1,0,100.0,0.0,inf,2025-11-15_2025-12-14
0.1,2,PPI m/m|Core PPI m/m,Bad|Bad,4,3,1,75.0,25.0,3.0,2021-06-09_2021-07-08|2024-04-24_2024-05-23|2025-07-18_2025-08-16|2026-02-13_2026-03-14
0.1,2,PPI m/m|Core PPI m/m,Neutral|Good,2,2,0,100.0,0.0,inf,2021-10-07_2021-11-05|2025-05-19_2025-06-17
0.1,2,PPI m/m|Core PPI m/m,Good|Good,5,3,2,60.0,40.0,1.5,2022-11-01_2022-11-30|2023-03-01_2023-03-30|2024-05-24_2024-06-22|2024-12-20_2025-01-18|2025-04-19_2025-05-18
0.1,2,PPI m/m|Core PPI m/m,Neutral|Bad,1,0,1,0.0,100.0,0.0,2022-12-01_2022-12-30
0.1,2,PPI m/m|Core PPI m/m,Neutral|Neutral,7,4,3,57.1,42.9,1.33,2023-04-30_2023-05-29|2023-06-29_2023-07-28|2023-07-29_2023-08-27|2024-03-25_2024-04-23|2024-09-21_2024-10-20|2024-10-21_2024-11-19|2025-11-15_2025-12-14
0.1,2,PPI m/m|Core PPI m/m,Bad|Neutral,3,3,0,100.0,0.0,inf,2023-08-28_2023-09-26|2024-02-24_2024-03-24|2024-11-20_2024-12-19
0.2,2,PPI m/m|Core PPI m/m,Bad|Neutral,3,3,0,100.0,0.0,inf,2021-06-09_2021-07-08|2023-08-28_2023-09-26|2024-02-24_2024-03-24
0.2,2,PPI m/m|Core PPI m/m,Neutral|Good,2,2,0,100.0,0.0,inf,2021-10-07_2021-11-05|2022-11-01_2022-11-30
0.2,2,PPI m/m|Core PPI m/m,Neutral|Neutral,11,6,5,54.5,45.5,1.2,2022-12-01_2022-12-30|2023-04-30_2023-05-29|2023-06-29_2023-07-28|2023-07-29_2023-08-27|2024-03-25_2024-04-23|2024-09-21_2024-10-20|2024-10-21_2024-11-19|2024-11-20_2024-12-19|2024-12-20_2025-01-18|2025-05-19_2025-06-17|2025-11-15_2025-12-14
0.2,2,PPI m/m|Core PPI m/m,Good|Good,3,2,1,66.7,33.3,2.0,2023-03-01_2023-03-30|2024-05-24_2024-06-22|2025-04-19_2025-05-18
0.2,2,PPI m/m|Core PPI m/m,Neutral|Bad,2,1,1,50.0,50.0,1.0,2024-04-24_2024-05-23|2026-02-13_2026-03-14
0.2,2,PPI m/m|Core PPI m/m,Bad|Bad,1,1,0,100.0,0.0,inf,2025-07-18_2025-08-16
0.3,2,PPI m/m|Core PPI m/m,Bad|Neutral,1,1,0,100.0,0.0,inf,2021-06-09_2021-07-08
0.3,2,PPI m/m|Core PPI m/m,Neutral|Neutral,16,11,5,68.8,31.2,2.2,2021-10-07_2021-11-05|2022-11-01_2022-11-30|2022-12-01_2022-12-30|2023-04-30_2023-05-29|2023-06-29_2023-07-28|2023-07-29_2023-08-27|2023-08-28_2023-09-26|2024-02-24_2024-03-24|2024-03-25_2024-04-23|2024-04-24_2024-05-23|2024-09-21_2024-10-20|2024-10-21_2024-11-19|2024-11-20_2024-12-19|2024-12-20_2025-01-18|2025-05-19_2025-06-17|2025-11-15_2025-12-14
0.3,2,PPI m/m|Core PPI m/m,Good|Good,2,2,0,100.0,0.0,inf,2023-03-01_2023-03-30|2025-04-19_2025-05-18
0.3,2,PPI m/m|Core PPI m/m,Good|Neutral,1,0,1,0.0,100.0,0.0,2024-05-24_2024-06-22
0.3,2,PPI m/m|Core PPI m/m,Bad|Bad,1,1,0,100.0,0.0,inf,2025-07-18_2025-08-16
0.3,2,PPI m/m|Core PPI m/m,Neutral|Bad,1,0,1,0.0,100.0,0.0,2026-02-13_2026-03-14
0.0,2,PPI m/m|FOMC,Good|Neutral,4,2,2,50.0,50.0,1.0,2023-03-01_2023-03-30|2023-04-30_2023-05-29|2023-06-29_2023-07-28|2024-05-24_2024-06-22
0.0,2,PPI m/m|FOMC,Bad|Neutral,2,2,0,100.0,0.0,inf,2023-08-28_2023-09-26|2024-11-20_2024-12-19
0.0,2,PPI m/m|FOMC,Neutral|Neutral,1,1,0,100.0,0.0,inf,2024-10-21_2024-11-19
0.1,2,PPI m/m|FOMC,Good|Neutral,2,1,1,50.0,50.0,1.0,2023-03-01_2023-03-30|2024-05-24_2024-06-22
0.1,2,PPI m/m|FOMC,Neutral|Neutral,3,2,1,66.7,33.3,2.0,2023-04-30_2023-05-29|2023-06-29_2023-07-28|2024-10-21_2024-11-19
0.1,2,PPI m/m|FOMC,Bad|Neutral,2,2,0,100.0,0.0,inf,2023-08-28_2023-09-26|2024-11-20_2024-12-19
0.2,2,PPI m/m|FOMC,Good|Neutral,2,1,1,50.0,50.0,1.0,2023-03-01_2023-03-30|2024-05-24_2024-06-22
0.2,2,PPI m/m|FOMC,Neutral|Neutral,4,3,1,75.0,25.0,3.0,2023-04-30_2023-05-29|2023-06-29_2023-07-28|2024-10-21_2024-11-19|2024-11-20_2024-12-19
0.2,2,PPI m/m|FOMC,Bad|Neutral,1,1,0,100.0,0.0,inf,2023-08-28_2023-09-26
0.3,2,PPI m/m|FOMC,Good|Neutral,2,1,1,50.0,50.0,1.0,2023-03-01_2023-03-30|2024-05-24_2024-06-22
0.3,2,PPI m/m|FOMC,Neutral|Neutral,5,4,1,80.0,20.0,4.0,2023-04-30_2023-05-29|2023-06-29_2023-07-28|2023-08-28_2023-09-26|2024-10-21_2024-11-19|2024-11-20_2024-12-19
0.0,2,PPI m/m|CPI y/y,Bad|Bad,3,3,0,100.0,0.0,inf,2021-06-09_2021-07-08|2023-08-28_2023-09-26|2024-02-24_2024-03-24
0.0,2,PPI m/m|CPI y/y,Good|Bad,3,2,1,66.7,33.3,2.0,2021-10-07_2021-11-05|2024-03-25_2024-04-23|2024-09-21_2024-10-20
0.0,2,PPI m/m|CPI y/y,Good|Good,6,4,2,66.7,33.3,2.0,2022-11-01_2022-11-30|2023-04-30_2023-05-29|2023-06-29_2023-07-28|2024-05-24_2024-06-22|2025-04-19_2025-05-18|2025-05-19_2025-06-17
0.0,2,PPI m/m|CPI y/y,Bad|Good,4,1,3,25.0,75.0,0.33,2022-12-01_2022-12-30|2023-07-29_2023-08-27|2025-07-18_2025-08-16|2026-02-13_2026-03-14
0.0,2,PPI m/m|CPI y/y,Good|Neutral,2,1,1,50.0,50.0,1.0,2023-03-01_2023-03-30|2024-12-20_2025-01-18
0.0,2,PPI m/m|CPI y/y,Bad|Neutral,2,2,0,100.0,0.0,inf,2024-04-24_2024-05-23|2024-11-20_2024-12-19
0.0,2,PPI m/m|CPI y/y,Neutral|Neutral,1,1,0,100.0,0.0,inf,2024-10-21_2024-11-19
0.1,2,PPI m/m|CPI y/y,Bad|Bad,3,3,0,100.0,0.0,inf,2021-06-09_2021-07-08|2023-08-28_2023-09-26|2024-02-24_2024-03-24
0.1,2,PPI m/m|CPI y/y,Neutral|Bad,3,2,1,66.7,33.3,2.0,2021-10-07_2021-11-05|2024-03-25_2024-04-23|2024-09-21_2024-10-20
0.1,2,PPI m/m|CPI y/y,Good|Good,3,2,1,66.7,33.3,2.0,2022-11-01_2022-11-30|2024-05-24_2024-06-22|2025-04-19_2025-05-18
0.1,2,PPI m/m|CPI y/y,Neutral|Good,3,1,2,33.3,66.7,0.5,2022-12-01_2022-12-30|2023-06-29_2023-07-28|2025-05-19_2025-06-17
0.1,2,PPI m/m|CPI y/y,Good|Neutral,2,1,1,50.0,50.0,1.0,2023-03-01_2023-03-30|2024-12-20_2025-01-18
0.1,2,PPI m/m|CPI y/y,Neutral|Neutral,3,2,1,66.7,33.3,2.0,2023-04-30_2023-05-29|2023-07-29_2023-08-27|2024-10-21_2024-11-19
0.1,2,PPI m/m|CPI y/y,Bad|Neutral,3,3,0,100.0,0.0,inf,2024-04-24_2024-05-23|2024-11-20_2024-12-19|2025-07-18_2025-08-16
0.1,2,PPI m/m|CPI y/y,Bad|Good,1,0,1,0.0,100.0,0.0,2026-02-13_2026-03-14
0.2,2,PPI m/m|CPI y/y,Bad|Bad,1,1,0,100.0,0.0,inf,2021-06-09_2021-07-08
0.2,2,PPI m/m|CPI y/y,Neutral|Neutral,12,7,5,58.3,41.7,1.4,2021-10-07_2021-11-05|2023-04-30_2023-05-29|2023-06-29_2023-07-28|2023-07-29_2023-08-27|2024-03-25_2024-04-23|2024-04-24_2024-05-23|2024-09-21_2024-10-20|2024-10-21_2024-11-19|2024-11-20_2024-12-19|2024-12-20_2025-01-18|2025-05-19_2025-06-17|2026-02-13_2026-03-14
0.2,2,PPI m/m|CPI y/y,Neutral|Good,2,1,1,50.0,50.0,1.0,2022-11-01_2022-11-30|2022-12-01_2022-12-30
0.2,2,PPI m/m|CPI y/y,Good|Neutral,3,2,1,66.7,33.3,2.0,2023-03-01_2023-03-30|2024-05-24_2024-06-22|2025-04-19_2025-05-18
0.2,2,PPI m/m|CPI y/y,Bad|Neutral,3,3,0,100.0,0.0,inf,2023-08-28_2023-09-26|2024-02-24_2024-03-24|2025-07-18_2025-08-16
0.3,2,PPI m/m|CPI y/y,Bad|Neutral,2,2,0,100.0,0.0,inf,2021-06-09_2021-07-08|2025-07-18_2025-08-16
0.3,2,PPI m/m|CPI y/y,Neutral|Neutral,16,10,6,62.5,37.5,1.67,2021-10-07_2021-11-05|2022-11-01_2022-11-30|2022-12-01_2022-12-30|2023-04-30_2023-05-29|2023-06-29_2023-07-28|2023-07-29_2023-08-27|2023-08-28_2023-09-26|2024-02-24_2024-03-24|2024-03-25_2024-04-23|2024-04-24_2024-05-23|2024-09-21_2024-10-20|2024-10-21_2024-11-19|2024-11-20_2024-12-19|2024-12-20_2025-01-18|2025-05-19_2025-06-17|2026-02-13_2026-03-14
0.3,2,PPI m/m|CPI y/y,Good|Neutral,3,2,1,66.7,33.3,2.0,2023-03-01_2023-03-30|2024-05-24_2024-06-22|2025-04-19_2025-05-18
0.0,2,Core PPI m/m|FOMC,Good|Neutral,3,1,2,33.3,66.7,0.5,2023-03-01_2023-03-30|2023-06-29_2023-07-28|2024-05-24_2024-06-22
0.0,2,Core PPI m/m|FOMC,Neutral|Neutral,4,4,0,100.0,0.0,inf,2023-04-30_2023-05-29|2023-08-28_2023-09-26|2024-10-21_2024-11-19|2024-11-20_2024-12-19
0.1,2,Core PPI m/m|FOMC,Good|Neutral,2,1,1,50.0,50.0,1.0,2023-03-01_2023-03-30|2024-05-24_2024-06-22
0.1,2,Core PPI m/m|FOMC,Neutral|Neutral,5,4,1,80.0,20.0,4.0,2023-04-30_2023-05-29|2023-06-29_2023-07-28|2023-08-28_2023-09-26|2024-10-21_2024-11-19|2024-11-20_2024-12-19
0.2,2,Core PPI m/m|FOMC,Good|Neutral,2,1,1,50.0,50.0,1.0,2023-03-01_2023-03-30|2024-05-24_2024-06-22
0.2,2,Core PPI m/m|FOMC,Neutral|Neutral,5,4,1,80.0,20.0,4.0,2023-04-30_2023-05-29|2023-06-29_2023-07-28|2023-08-28_2023-09-26|2024-10-21_2024-11-19|2024-11-20_2024-12-19
0.3,2,Core PPI m/m|FOMC,Good|Neutral,1,1,0,100.0,0.0,inf,2023-03-01_2023-03-30
0.3,2,Core PPI m/m|FOMC,Neutral|Neutral,6,4,2,66.7,33.3,2.0,2023-04-30_2023-05-29|2023-06-29_2023-07-28|2023-08-28_2023-09-26|2024-05-24_2024-06-22|2024-10-21_2024-11-19|2024-11-20_2024-12-19
0.0,2,Core PPI m/m|CPI y/y,Bad|Bad,2,2,0,100.0,0.0,inf,2021-06-09_2021-07-08|2024-02-24_2024-03-24
0.0,2,Core PPI m/m|CPI y/y,Good|Bad,1,1,0,100.0,0.0,inf,2021-10-07_2021-11-05
0.0,2,Core PPI m/m|CPI y/y,Good|Good,5,3,2,60.0,40.0,1.5,2022-11-01_2022-11-30|2023-06-29_2023-07-28|2024-05-24_2024-06-22|2025-04-19_2025-05-18|2025-05-19_2025-06-17
0.0,2,Core PPI m/m|CPI y/y,Bad|Good,4,1,3,25.0,75.0,0.33,2022-12-01_2022-12-30|2023-07-29_2023-08-27|2025-07-18_2025-08-16|2026-02-13_2026-03-14
0.0,2,Core PPI m/m|CPI y/y,Good|Neutral,2,1,1,50.0,50.0,1.0,2023-03-01_2023-03-30|2024-12-20_2025-01-18
0.0,2,Core PPI m/m|CPI y/y,Neutral|Good,1,1,0,100.0,0.0,inf,2023-04-30_2023-05-29
0.0,2,Core PPI m/m|CPI y/y,Neutral|Bad,3,2,1,66.7,33.3,2.0,2023-08-28_2023-09-26|2024-03-25_2024-04-23|2024-09-21_2024-10-20
0.0,2,Core PPI m/m|CPI y/y,Bad|Neutral,1,1,0,100.0,0.0,inf,2024-04-24_2024-05-23
0.0,2,Core PPI m/m|CPI y/y,Neutral|Neutral,2,2,0,100.0,0.0,inf,2024-10-21_2024-11-19|2024-11-20_2024-12-19
0.1,2,Core PPI m/m|CPI y/y,Bad|Bad,1,1,0,100.0,0.0,inf,2021-06-09_2021-07-08
0.1,2,Core PPI m/m|CPI y/y,Good|Bad,1,1,0,100.0,0.0,inf,2021-10-07_2021-11-05
0.1,2,Core PPI m/m|CPI y/y,Good|Good,4,3,1,75.0,25.0,3.0,2022-11-01_2022-11-30|2024-05-24_2024-06-22|2025-04-19_2025-05-18|2025-05-19_2025-06-17
0.1,2,Core PPI m/m|CPI y/y,Bad|Good,2,0,2,0.0,100.0,0.0,2022-12-01_2022-12-30|2026-02-13_2026-03-14
0.1,2,Core PPI m/m|CPI y/y,Good|Neutral,2,1,1,50.0,50.0,1.0,2023-03-01_2023-03-30|2024-12-20_2025-01-18
0.1,2,Core PPI m/m|CPI y/y,Neutral|Neutral,4,3,1,75.0,25.0,3.0,2023-04-30_2023-05-29|2023-07-29_2023-08-27|2024-10-21_2024-11-19|2024-11-20_2024-12-19
0.1,2,Core PPI m/m|CPI y/y,Neutral|Good,1,0,1,0.0,100.0,0.0,2023-06-29_2023-07-28
0.1,2,Core PPI m/m|CPI y/y,Neutral|Bad,4,3,1,75.0,25.0,3.0,2023-08-28_2023-09-26|2024-02-24_2024-03-24|2024-03-25_2024-04-23|2024-09-21_2024-10-20
0.1,2,Core PPI m/m|CPI y/y,Bad|Neutral,2,2,0,100.0,0.0,inf,2024-04-24_2024-05-23|2025-07-18_2025-08-16
0.2,2,Core PPI m/m|CPI y/y,Neutral|Bad,1,1,0,100.0,0.0,inf,2021-06-09_2021-07-08
0.2,2,Core PPI m/m|CPI y/y,Good|Neutral,4,3,1,75.0,25.0,3.0,2021-10-07_2021-11-05|2023-03-01_2023-03-30|2024-05-24_2024-06-22|2025-04-19_2025-05-18
0.2,2,Core PPI m/m|CPI y/y,Good|Good,1,1,0,100.0,0.0,inf,2022-11-01_2022-11-30
0.2,2,Core PPI m/m|CPI y/y,Neutral|Good,1,0,1,0.0,100.0,0.0,2022-12-01_2022-12-30
0.2,2,Core PPI m/m|CPI y/y,Neutral|Neutral,11,7,4,63.6,36.4,1.75,2023-04-30_2023-05-29|2023-06-29_2023-07-28|2023-07-29_2023-08-27|2023-08-28_2023-09-26|2024-02-24_2024-03-24|2024-03-25_2024-04-23|2024-09-21_2024-10-20|2024-10-21_2024-11-19|2024-11-20_2024-12-19|2024-12-20_2025-01-18|2025-05-19_2025-06-17
0.2,2,Core PPI m/m|CPI y/y,Bad|Neutral,3,2,1,66.7,33.3,2.0,2024-04-24_2024-05-23|2025-07-18_2025-08-16|2026-02-13_2026-03-14
0.3,2,Core PPI m/m|CPI y/y,Neutral|Neutral,17,11,6,64.7,35.3,1.83,2021-06-09_2021-07-08|2021-10-07_2021-11-05|2022-11-01_2022-11-30|2022-12-01_2022-12-30|2023-04-30_2023-05-29|2023-06-29_2023-07-28|2023-07-29_2023-08-27|2023-08-28_2023-09-26|2024-02-24_2024-03-24|2024-03-25_2024-04-23|2024-04-24_2024-05-23|2024-05-24_2024-06-22|2024-09-21_2024-10-20|2024-10-21_2024-11-19|2024-11-20_2024-12-19|2024-12-20_2025-01-18|2025-05-19_2025-06-17
0.3,2,Core PPI m/m|CPI y/y,Good|Neutral,2,2,0,100.0,0.0,inf,2023-03-01_2023-03-30|2025-04-19_2025-05-18
0.3,2,Core PPI m/m|CPI y/y,Bad|Neutral,2,1,1,50.0,50.0,1.0,2025-07-18_2025-08-16|2026-02-13_2026-03-14
0.0,2,FOMC|CPI y/y,Neutral|Neutral,3,3,0,100.0,0.0,inf,2023-03-01_2023-03-30|2024-10-21_2024-11-19|2024-11-20_2024-12-19
0.0,2,FOMC|CPI y/y,Neutral|Good,3,1,2,33.3,66.7,0.5,2023-04-30_2023-05-29|2023-06-29_2023-07-28|2024-05-24_2024-06-22
0.0,2,FOMC|CPI y/y,Neutral|Bad,1,1,0,100.0,0.0,inf,2023-08-28_2023-09-26
0.1,2,FOMC|CPI y/y,Neutral|Neutral,4,4,0,100.0,0.0,inf,2023-03-01_2023-03-30|2023-04-30_2023-05-29|2024-10-21_2024-11-19|2024-11-20_2024-12-19
0.1,2,FOMC|CPI y/y,Neutral|Good,2,0,2,0.0,100.0,0.0,2023-06-29_2023-07-28|2024-05-24_2024-06-22
0.1,2,FOMC|CPI y/y,Neutral|Bad,1,1,0,100.0,0.0,inf,2023-08-28_2023-09-26
0.2,2,FOMC|CPI y/y,Neutral|Neutral,7,5,2,71.4,28.6,2.5,2023-03-01_2023-03-30|2023-04-30_2023-05-29|2023-06-29_2023-07-28|2023-08-28_2023-09-26|2024-05-24_2024-06-22|2024-10-21_2024-11-19|2024-11-20_2024-12-19
0.3,2,FOMC|CPI y/y,Neutral|Neutral,7,5,2,71.4,28.6,2.5,2023-03-01_2023-03-30|2023-04-30_2023-05-29|2023-06-29_2023-07-28|2023-08-28_2023-09-26|2024-05-24_2024-06-22|2024-10-21_2024-11-19|2024-11-20_2024-12-19
0.0,3,CPI m/m|Core CPI m/m|PPI m/m,Bad|Bad|Bad,1,1,0,100.0,0.0,inf,2021-06-09_2021-07-08
0.0,3,CPI m/m|Core CPI m/m|PPI m/m,Bad|Neutral|Good,1,1,0,100.0,0.0,inf,2021-10-07_2021-11-05
0.0,3,CPI m/m|Core CPI m/m|PPI m/m,Good|Good|Good,5,3,2,60.0,40.0,1.5,2022-11-01_2022-11-30|2023-06-29_2023-07-28|2024-05-24_2024-06-22|2025-04-19_2025-05-18|2025-05-19_2025-06-17
0.0,3,CPI m/m|Core CPI m/m|PPI m/m,Good|Good|Bad,1,0,1,0.0,100.0,0.0,2022-12-01_2022-12-30
0.0,3,CPI m/m|Core CPI m/m|PPI m/m,Neutral|Bad|Good,2,2,0,100.0,0.0,inf,2023-03-01_2023-03-30|2023-04-30_2023-05-29
0.0,3,CPI m/m|Core CPI m/m|PPI m/m,Neutral|Neutral|Bad,3,2,1,66.7,33.3,2.0,2023-07-29_2023-08-27|2024-11-20_2024-12-19|2025-07-18_2025-08-16
0.0,3,CPI m/m|Core CPI m/m|PPI m/m,Neutral|Bad|Bad,2,2,0,100.0,0.0,inf,2023-08-28_2023-09-26|2024-02-24_2024-03-24
0.0,3,CPI m/m|Core CPI m/m|PPI m/m,Bad|Bad|Good,2,1,1,50.0,50.0,1.0,2024-03-25_2024-04-23|2024-09-21_2024-10-20
0.0,3,CPI m/m|Core CPI m/m|PPI m/m,Good|Neutral|Bad,2,1,1,50.0,50.0,1.0,2024-04-24_2024-05-23|2026-02-13_2026-03-14
0.0,3,CPI m/m|Core CPI m/m|PPI m/m,Neutral|Neutral|Neutral,1,1,0,100.0,0.0,inf,2024-10-21_2024-11-19
0.0,3,CPI m/m|Core CPI m/m|PPI m/m,Neutral|Good|Good,1,0,1,0.0,100.0,0.0,2024-12-20_2025-01-18
0.1,3,CPI m/m|Core CPI m/m|PPI m/m,Bad|Bad|Bad,1,1,0,100.0,0.0,inf,2021-06-09_2021-07-08
0.1,3,CPI m/m|Core CPI m/m|PPI m/m,Bad|Neutral|Neutral,1,1,0,100.0,0.0,inf,2021-10-07_2021-11-05
0.1,3,CPI m/m|Core CPI m/m|PPI m/m,Good|Good|Good,1,1,0,100.0,0.0,inf,2022-11-01_2022-11-30
0.1,3,CPI m/m|Core CPI m/m|PPI m/m,Good|Neutral|Neutral,1,0,1,0.0,100.0,0.0,2022-12-01_2022-12-30
0.1,3,CPI m/m|Core CPI m/m|PPI m/m,Neutral|Neutral|Good,4,2,2,50.0,50.0,1.0,2023-03-01_2023-03-30|2024-05-24_2024-06-22|2024-12-20_2025-01-18|2025-04-19_2025-05-18
0.1,3,CPI m/m|Core CPI m/m|PPI m/m,Neutral|Bad|Neutral,1,1,0,100.0,0.0,inf,2023-04-30_2023-05-29
0.1,3,CPI m/m|Core CPI m/m|PPI m/m,Neutral|Neutral|Neutral,4,2,2,50.0,50.0,1.0,2023-06-29_2023-07-28|2023-07-29_2023-08-27|2024-09-21_2024-10-20|2024-10-21_2024-11-19
0.1,3,CPI m/m|Core CPI m/m|PPI m/m,Neutral|Neutral|Bad,4,3,1,75.0,25.0,3.0,2023-08-28_2023-09-26|2024-11-20_2024-12-19|2025-07-18_2025-08-16|2026-02-13_2026-03-14
0.1,3,CPI m/m|Core CPI m/m|PPI m/m,Neutral|Bad|Bad,1,1,0,100.0,0.0,inf,2024-02-24_2024-03-24
0.1,3,CPI m/m|Core CPI m/m|PPI m/m,Bad|Bad|Neutral,1,0,1,0.0,100.0,0.0,2024-03-25_2024-04-23
0.1,3,CPI m/m|Core CPI m/m|PPI m/m,Good|Neutral|Bad,1,1,0,100.0,0.0,inf,2024-04-24_2024-05-23
0.1,3,CPI m/m|Core CPI m/m|PPI m/m,Neutral|Good|Neutral,1,1,0,100.0,0.0,inf,2025-05-19_2025-06-17
0.2,3,CPI m/m|Core CPI m/m|PPI m/m,Neutral|Neutral|Bad,4,4,0,100.0,0.0,inf,2021-06-09_2021-07-08|2023-08-28_2023-09-26|2024-02-24_2024-03-24|2025-07-18_2025-08-16
0.2,3,CPI m/m|Core CPI m/m|PPI m/m,Neutral|Neutral|Neutral,14,8,6,57.1,42.9,1.33,2021-10-07_2021-11-05|2022-11-01_2022-11-30|2022-12-01_2022-12-30|2023-04-30_2023-05-29|2023-06-29_2023-07-28|2023-07-29_2023-08-27|2024-03-25_2024-04-23|2024-04-24_2024-05-23|2024-09-21_2024-10-20|2024-10-21_2024-11-19|2024-11-20_2024-12-19|2024-12-20_2025-01-18|2025-05-19_2025-06-17|2026-02-13_2026-03-14
0.2,3,CPI m/m|Core CPI m/m|PPI m/m,Neutral|Neutral|Good,3,2,1,66.7,33.3,2.0,2023-03-01_2023-03-30|2024-05-24_2024-06-22|2025-04-19_2025-05-18
0.3,3,CPI m/m|Core CPI m/m|PPI m/m,Neutral|Neutral|Bad,2,2,0,100.0,0.0,inf,2021-06-09_2021-07-08|2025-07-18_2025-08-16
0.3,3,CPI m/m|Core CPI m/m|PPI m/m,Neutral|Neutral|Neutral,16,10,6,62.5,37.5,1.67,2021-10-07_2021-11-05|2022-11-01_2022-11-30|2022-12-01_2022-12-30|2023-04-30_2023-05-29|2023-06-29_2023-07-28|2023-07-29_2023-08-27|2023-08-28_2023-09-26|2024-02-24_2024-03-24|2024-03-25_2024-04-23|2024-04-24_2024-05-23|2024-09-21_2024-10-20|2024-10-21_2024-11-19|2024-11-20_2024-12-19|2024-12-20_2025-01-18|2025-05-19_2025-06-17|2026-02-13_2026-03-14
0.3,3,CPI m/m|Core CPI m/m|PPI m/m,Neutral|Neutral|Good,3,2,1,66.7,33.3,2.0,2023-03-01_2023-03-30|2024-05-24_2024-06-22|2025-04-19_2025-05-18
0.0,3,CPI m/m|Core CPI m/m|Core PPI m/m,Bad|Bad|Bad,1,1,0,100.0,0.0,inf,2021-06-09_2021-07-08
0.0,3,CPI m/m|Core CPI m/m|Core PPI m/m,Bad|Neutral|Good,1,1,0,100.0,0.0,inf,2021-10-07_2021-11-05
0.0,3,CPI m/m|Core CPI m/m|Core PPI m/m,Good|Good|Good,5,3,2,60.0,40.0,1.5,2022-11-01_2022-11-30|2023-06-29_2023-07-28|2024-05-24_2024-06-22|2025-04-19_2025-05-18|2025-05-19_2025-06-17
0.0,3,CPI m/m|Core CPI m/m|Core PPI m/m,Good|Good|Bad,1,0,1,0.0,100.0,0.0,2022-12-01_2022-12-30
0.0,3,CPI m/m|Core CPI m/m|Core PPI m/m,Neutral|Bad|Good,1,1,0,100.0,0.0,inf,2023-03-01_2023-03-30
0.0,3,CPI m/m|Core CPI m/m|Core PPI m/m,Neutral|Bad|Neutral,2,2,0,100.0,0.0,inf,2023-04-30_2023-05-29|2023-08-28_2023-09-26
0.0,3,CPI m/m|Core CPI m/m|Core PPI m/m,Neutral|Neutral|Bad,2,1,1,50.0,50.0,1.0,2023-07-29_2023-08-27|2025-07-18_2025-08-16
0.0,3,CPI m/m|Core CPI m/m|Core PPI m/m,Neutral|Bad|Bad,1,1,0,100.0,0.0,inf,2024-02-24_2024-03-24
0.0,3,CPI m/m|Core CPI m/m|Core PPI m/m,Bad|Bad|Neutral,2,1,1,50.0,50.0,1.0,2024-03-25_2024-04-23|2024-09-21_2024-10-20
0.0,3,CPI m/m|Core CPI m/m|Core PPI m/m,Good|Neutral|Bad,2,1,1,50.0,50.0,1.0,2024-04-24_2024-05-23|2026-02-13_2026-03-14
0.0,3,CPI m/m|Core CPI m/m|Core PPI m/m,Neutral|Neutral|Neutral,2,2,0,100.0,0.0,inf,2024-10-21_2024-11-19|2024-11-20_2024-12-19
0.0,3,CPI m/m|Core CPI m/m|Core PPI m/m,Neutral|Good|Good,1,0,1,0.0,100.0,0.0,2024-12-20_2025-01-18
0.1,3,CPI m/m|Core CPI m/m|Core PPI m/m,Bad|Bad|Bad,1,1,0,100.0,0.0,inf,2021-06-09_2021-07-08
0.1,3,CPI m/m|Core CPI m/m|Core PPI m/m,Bad|Neutral|Good,1,1,0,100.0,0.0,inf,2021-10-07_2021-11-05
0.1,3,CPI m/m|Core CPI m/m|Core PPI m/m,Good|Good|Good,1,1,0,100.0,0.0,inf,2022-11-01_2022-11-30
0.1,3,CPI m/m|Core CPI m/m|Core PPI m/m,Good|Neutral|Bad,2,1,1,50.0,50.0,1.0,2022-12-01_2022-12-30|2024-04-24_2024-05-23
0.1,3,CPI m/m|Core CPI m/m|Core PPI m/m,Neutral|Neutral|Good,4,2,2,50.0,50.0,1.0,2023-03-01_2023-03-30|2024-05-24_2024-06-22|2024-12-20_2025-01-18|2025-04-19_2025-05-18
0.1,3,CPI m/m|Core CPI m/m|Core PPI m/m,Neutral|Bad|Neutral,2,2,0,100.0,0.0,inf,2023-04-30_2023-05-29|2024-02-24_2024-03-24
0.1,3,CPI m/m|Core CPI m/m|Core PPI m/m,Neutral|Neutral|Neutral,6,4,2,66.7,33.3,2.0,2023-06-29_2023-07-28|2023-07-29_2023-08-27|2023-08-28_2023-09-26|2024-09-21_2024-10-20|2024-10-21_2024-11-19|2024-11-20_2024-12-19
0.1,3,CPI m/m|Core CPI m/m|Core PPI m/m,Bad|Bad|Neutral,1,0,1,0.0,100.0,0.0,2024-03-25_2024-04-23
0.1,3,CPI m/m|Core CPI m/m|Core PPI m/m,Neutral|Good|Good,1,1,0,100.0,0.0,inf,2025-05-19_2025-06-17
0.1,3,CPI m/m|Core CPI m/m|Core PPI m/m,Neutral|Neutral|Bad,2,1,1,50.0,50.0,1.0,2025-07-18_2025-08-16|2026-02-13_2026-03-14
0.2,3,CPI m/m|Core CPI m/m|Core PPI m/m,Neutral|Neutral|Neutral,13,8,5,61.5,38.5,1.6,2021-06-09_2021-07-08|2022-12-01_2022-12-30|2023-04-30_2023-05-29|2023-06-29_2023-07-28|2023-07-29_2023-08-27|2023-08-28_2023-09-26|2024-02-24_2024-03-24|2024-03-25_2024-04-23|2024-09-21_2024-10-20|2024-10-21_2024-11-19|2024-11-20_2024-12-19|2024-12-20_2025-01-18|2025-05-19_2025-06-17
0.2,3,CPI m/m|Core CPI m/m|Core PPI m/m,Neutral|Neutral|Good,5,4,1,80.0,20.0,4.0,2021-10-07_2021-11-05|2022-11-01_2022-11-30|2023-03-01_2023-03-30|2024-05-24_2024-06-22|2025-04-19_2025-05-18
0.2,3,CPI m/m|Core CPI m/m|Core PPI m/m,Neutral|Neutral|Bad,3,2,1,66.7,33.3,2.0,2024-04-24_2024-05-23|2025-07-18_2025-08-16|2026-02-13_2026-03-14
0.3,3,CPI m/m|Core CPI m/m|Core PPI m/m,Neutral|Neutral|Neutral,17,11,6,64.7,35.3,1.83,2021-06-09_2021-07-08|2021-10-07_2021-11-05|2022-11-01_2022-11-30|2022-12-01_2022-12-30|2023-04-30_2023-05-29|2023-06-29_2023-07-28|2023-07-29_2023-08-27|2023-08-28_2023-09-26|2024-02-24_2024-03-24|2024-03-25_2024-04-23|2024-04-24_2024-05-23|2024-05-24_2024-06-22|2024-09-21_2024-10-20|2024-10-21_2024-11-19|2024-11-20_2024-12-19|2024-12-20_2025-01-18|2025-05-19_2025-06-17
0.3,3,CPI m/m|Core CPI m/m|Core PPI m/m,Neutral|Neutral|Good,2,2,0,100.0,0.0,inf,2023-03-01_2023-03-30|2025-04-19_2025-05-18
0.3,3,CPI m/m|Core CPI m/m|Core PPI m/m,Neutral|Neutral|Bad,2,1,1,50.0,50.0,1.0,2025-07-18_2025-08-16|2026-02-13_2026-03-14
0.0,3,CPI m/m|Core CPI m/m|FOMC,Neutral|Bad|Neutral,3,3,0,100.0,0.0,inf,2023-03-01_2023-03-30|2023-04-30_2023-05-29|2023-08-28_2023-09-26
0.0,3,CPI m/m|Core CPI m/m|FOMC,Good|Good|Neutral,2,0,2,0.0,100.0,0.0,2023-06-29_2023-07-28|2024-05-24_2024-06-22
0.0,3,CPI m/m|Core CPI m/m|FOMC,Neutral|Neutral|Neutral,2,2,0,100.0,0.0,inf,2024-10-21_2024-11-19|2024-11-20_2024-12-19
0.1,3,CPI m/m|Core CPI m/m|FOMC,Neutral|Neutral|Neutral,6,4,2,66.7,33.3,2.0,2023-03-01_2023-03-30|2023-06-29_2023-07-28|2023-08-28_2023-09-26|2024-05-24_2024-06-22|2024-10-21_2024-11-19|2024-11-20_2024-12-19
0.1,3,CPI m/m|Core CPI m/m|FOMC,Neutral|Bad|Neutral,1,1,0,100.0,0.0,inf,2023-04-30_2023-05-29
0.2,3,CPI m/m|Core CPI m/m|FOMC,Neutral|Neutral|Neutral,7,5,2,71.4,28.6,2.5,2023-03-01_2023-03-30|2023-04-30_2023-05-29|2023-06-29_2023-07-28|2023-08-28_2023-09-26|2024-05-24_2024-06-22|2024-10-21_2024-11-19|2024-11-20_2024-12-19
0.3,3,CPI m/m|Core CPI m/m|FOMC,Neutral|Neutral|Neutral,7,5,2,71.4,28.6,2.5,2023-03-01_2023-03-30|2023-04-30_2023-05-29|2023-06-29_2023-07-28|2023-08-28_2023-09-26|2024-05-24_2024-06-22|2024-10-21_2024-11-19|2024-11-20_2024-12-19
0.0,3,CPI m/m|Core CPI m/m|CPI y/y,Bad|Bad|Bad,3,2,1,66.7,33.3,2.0,2021-06-09_2021-07-08|2024-03-25_2024-04-23|2024-09-21_2024-10-20
0.0,3,CPI m/m|Core CPI m/m|CPI y/y,Bad|Neutral|Bad,1,1,0,100.0,0.0,inf,2021-10-07_2021-11-05
0.0,3,CPI m/m|Core CPI m/m|CPI y/y,Good|Good|Good,6,3,3,50.0,50.0,1.0,2022-11-01_2022-11-30|2022-12-01_2022-12-30|2023-06-29_2023-07-28|2024-05-24_2024-06-22|2025-04-19_2025-05-18|2025-05-19_2025-06-17
0.0,3,CPI m/m|Core CPI m/m|CPI y/y,Neutral|Bad|Neutral,1,1,0,100.0,0.0,inf,2023-03-01_2023-03-30
0.0,3,CPI m/m|Core CPI m/m|CPI y/y,Neutral|Bad|Good,1,1,0,100.0,0.0,inf,2023-04-30_2023-05-29
0.0,3,CPI m/m|Core CPI m/m|CPI y/y,Neutral|Neutral|Good,2,1,1,50.0,50.0,1.0,2023-07-29_2023-08-27|2025-07-18_2025-08-16
0.0,3,CPI m/m|Core CPI m/m|CPI y/y,Neutral|Bad|Bad,2,2,0,100.0,0.0,inf,2023-08-28_2023-09-26|2024-02-24_2024-03-24
0.0,3,CPI m/m|Core CPI m/m|CPI y/y,Good|Neutral|Neutral,1,1,0,100.0,0.0,inf,2024-04-24_2024-05-23
0.0,3,CPI m/m|Core CPI m/m|CPI y/y,Neutral|Neutral|Neutral,2,2,0,100.0,0.0,inf,2024-10-21_2024-11-19|2024-11-20_2024-12-19
0.0,3,CPI m/m|Core CPI m/m|CPI y/y,Neutral|Good|Neutral,1,0,1,0.0,100.0,0.0,2024-12-20_2025-01-18
0.0,3,CPI m/m|Core CPI m/m|CPI y/y,Good|Neutral|Good,1,0,1,0.0,100.0,0.0,2026-02-13_2026-03-14
0.1,3,CPI m/m|Core CPI m/m|CPI y/y,Bad|Bad|Bad,2,1,1,50.0,50.0,1.0,2021-06-09_2021-07-08|2024-03-25_2024-04-23
0.1,3,CPI m/m|Core CPI m/m|CPI y/y,Bad|Neutral|Bad,1,1,0,100.0,0.0,inf,2021-10-07_2021-11-05
0.1,3,CPI m/m|Core CPI m/m|CPI y/y,Good|Good|Good,1,1,0,100.0,0.0,inf,2022-11-01_2022-11-30
0.1,3,CPI m/m|Core CPI m/m|CPI y/y,Good|Neutral|Good,1,0,1,0.0,100.0,0.0,2022-12-01_2022-12-30
0.1,3,CPI m/m|Core CPI m/m|CPI y/y,Neutral|Neutral|Neutral,6,4,2,66.7,33.3,2.0,2023-03-01_2023-03-30|2023-07-29_2023-08-27|2024-10-21_2024-11-19|2024-11-20_2024-12-19|2024-12-20_2025-01-18|2025-07-18_2025-08-16
0.1,3,CPI m/m|Core CPI m/m|CPI y/y,Neutral|Bad|Neutral,1,1,0,100.0,0.0,inf,2023-04-30_2023-05-29
0.1,3,CPI m/m|Core CPI m/m|CPI y/y,Neutral|Neutral|Good,4,1,3,25.0,75.0,0.33,2023-06-29_2023-07-28|2024-05-24_2024-06-22|2025-04-19_2025-05-18|2026-02-13_2026-03-14
0.1,3,CPI m/m|Core CPI m/m|CPI y/y,Neutral|Neutral|Bad,2,2,0,100.0,0.0,inf,2023-08-28_2023-09-26|2024-09-21_2024-10-20
0.1,3,CPI m/m|Core CPI m/m|CPI y/y,Neutral|Bad|Bad,1,1,0,100.0,0.0,inf,2024-02-24_2024-03-24
0.1,3,CPI m/m|Core CPI m/m|CPI y/y,Good|Neutral|Neutral,1,1,0,100.0,0.0,inf,2024-04-24_2024-05-23
0.1,3,CPI m/m|Core CPI m/m|CPI y/y,Neutral|Good|Good,1,1,0,100.0,0.0,inf,2025-05-19_2025-06-17
0.2,3,CPI m/m|Core CPI m/m|CPI y/y,Neutral|Neutral|Bad,1,1,0,100.0,0.0,inf,2021-06-09_2021-07-08
0.2,3,CPI m/m|Core CPI m/m|CPI y/y,Neutral|Neutral|Neutral,18,12,6,66.7,33.3,2.0,2021-10-07_2021-11-05|2023-03-01_2023-03-30|2023-04-30_2023-05-29|2023-06-29_2023-07-28|2023-07-29_2023-08-27|2023-08-28_2023-09-26|2024-02-24_2024-03-24|2024-03-25_2024-04-23|2024-04-24_2024-05-23|2024-05-24_2024-06-22|2024-09-21_2024-10-20|2024-10-21_2024-11-19|2024-11-20_2024-12-19|2024-12-20_2025-01-18|2025-04-19_2025-05-18|2025-05-19_2025-06-17|2025-07-18_2025-08-16|2026-02-13_2026-03-14
0.2,3,CPI m/m|Core CPI m/m|CPI y/y,Neutral|Neutral|Good,2,1,1,50.0,50.0,1.0,2022-11-01_2022-11-30|2022-12-01_2022-12-30
0.3,3,CPI m/m|Core CPI m/m|CPI y/y,Neutral|Neutral|Neutral,21,14,7,66.7,33.3,2.0,2021-06-09_2021-07-08|2021-10-07_2021-11-05|2022-11-01_2022-11-30|2022-12-01_2022-12-30|2023-03-01_2023-03-30|2023-04-30_2023-05-29|2023-06-29_2023-07-28|2023-07-29_2023-08-27|2023-08-28_2023-09-26|2024-02-24_2024-03-24|2024-03-25_2024-04-23|2024-04-24_2024-05-23|2024-05-24_2024-06-22|2024-09-21_2024-10-20|2024-10-21_2024-11-19|2024-11-20_2024-12-19|2024-12-20_2025-01-18|2025-04-19_2025-05-18|2025-05-19_2025-06-17|2025-07-18_2025-08-16|2026-02-13_2026-03-14
0.0,3,CPI m/m|PPI m/m|Core PPI m/m,Bad|Bad|Bad,1,1,0,100.0,0.0,inf,2021-06-09_2021-07-08
0.0,3,CPI m/m|PPI m/m|Core PPI m/m,Bad|Good|Good,1,1,0,100.0,0.0,inf,2021-10-07_2021-11-05
0.0,3,CPI m/m|PPI m/m|Core PPI m/m,Good|Good|Good,5,3,2,60.0,40.0,1.5,2022-11-01_2022-11-30|2023-06-29_2023-07-28|2024-05-24_2024-06-22|2025-04-19_2025-05-18|2025-05-19_2025-06-17
0.0,3,CPI m/m|PPI m/m|Core PPI m/m,Good|Bad|Bad,3,1,2,33.3,66.7,0.5,2022-12-01_2022-12-30|2024-04-24_2024-05-23|2026-02-13_2026-03-14
0.0,3,CPI m/m|PPI m/m|Core PPI m/m,Neutral|Good|Good,2,1,1,50.0,50.0,1.0,2023-03-01_2023-03-30|2024-12-20_2025-01-18
0.0,3,CPI m/m|PPI m/m|Core PPI m/m,Neutral|Good|Neutral,1,1,0,100.0,0.0,inf,2023-04-30_2023-05-29
0.0,3,CPI m/m|PPI m/m|Core PPI m/m,Neutral|Bad|Bad,3,2,1,66.7,33.3,2.0,2023-07-29_2023-08-27|2024-02-24_2024-03-24|2025-07-18_2025-08-16
0.0,3,CPI m/m|PPI m/m|Core PPI m/m,Neutral|Bad|Neutral,2,2,0,100.0,0.0,inf,2023-08-28_2023-09-26|2024-11-20_2024-12-19
0.0,3,CPI m/m|PPI m/m|Core PPI m/m,Bad|Good|Neutral,2,1,1,50.0,50.0,1.0,2024-03-25_2024-04-23|2024-09-21_2024-10-20
0.0,3,CPI m/m|PPI m/m|Core PPI m/m,Neutral|Neutral|Neutral,1,1,0,100.0,0.0,inf,2024-10-21_2024-11-19
0.1,3,CPI m/m|PPI m/m|Core PPI m/m,Bad|Bad|Bad,1,1,0,100.0,0.0,inf,2021-06-09_2021-07-08
0.1,3,CPI m/m|PPI m/m|Core PPI m/m,Bad|Neutral|Good,1,1,0,100.0,0.0,inf,2021-10-07_2021-11-05
0.1,3,CPI m/m|PPI m/m|Core PPI m/m,Good|Good|Good,1,1,0,100.0,0.0,inf,2022-11-01_2022-11-30
0.1,3,CPI m/m|PPI m/m|Core PPI m/m,Good|Neutral|Bad,1,0,1,0.0,100.0,0.0,2022-12-01_2022-12-30
0.1,3,CPI m/m|PPI m/m|Core PPI m/m,Neutral|Good|Good,4,2,2,50.0,50.0,1.0,2023-03-01_2023-03-30|2024-05-24_2024-06-22|2024-12-20_2025-01-18|2025-04-19_2025-05-18
0.1,3,CPI m/m|PPI m/m|Core PPI m/m,Neutral|Neutral|Neutral,5,3,2,60.0,40.0,1.5,2023-04-30_2023-05-29|2023-06-29_2023-07-28|2023-07-29_2023-08-27|2024-09-21_2024-10-20|2024-10-21_2024-11-19
0.1,3,CPI m/m|PPI m/m|Core PPI m/m,Neutral|Bad|Neutral,3,3,0,100.0,0.0,inf,2023-08-28_2023-09-26|2024-02-24_2024-03-24|2024-11-20_2024-12-19
0.1,3,CPI m/m|PPI m/m|Core PPI m/m,Bad|Neutral|Neutral,1,0,1,0.0,100.0,0.0,2024-03-25_2024-04-23
0.1,3,CPI m/m|PPI m/m|Core PPI m/m,Good|Bad|Bad,1,1,0,100.0,0.0,inf,2024-04-24_2024-05-23
0.1,3,CPI m/m|PPI m/m|Core PPI m/m,Neutral|Neutral|Good,1,1,0,100.0,0.0,inf,2025-05-19_2025-06-17
0.1,3,CPI m/m|PPI m/m|Core PPI m/m,Neutral|Bad|Bad,2,1,1,50.0,50.0,1.0,2025-07-18_2025-08-16|2026-02-13_2026-03-14
0.2,3,CPI m/m|PPI m/m|Core PPI m/m,Neutral|Bad|Neutral,3,3,0,100.0,0.0,inf,2021-06-09_2021-07-08|2023-08-28_2023-09-26|2024-02-24_2024-03-24
0.2,3,CPI m/m|PPI m/m|Core PPI m/m,Neutral|Neutral|Good,2,2,0,100.0,0.0,inf,2021-10-07_2021-11-05|2022-11-01_2022-11-30
0.2,3,CPI m/m|PPI m/m|Core PPI m/m,Neutral|Neutral|Neutral,10,5,5,50.0,50.0,1.0,2022-12-01_2022-12-30|2023-04-30_2023-05-29|2023-06-29_2023-07-28|2023-07-29_2023-08-27|2024-03-25_2024-04-23|2024-09-21_2024-10-20|2024-10-21_2024-11-19|2024-11-20_2024-12-19|2024-12-20_2025-01-18|2025-05-19_2025-06-17
0.2,3,CPI m/m|PPI m/m|Core PPI m/m,Neutral|Good|Good,3,2,1,66.7,33.3,2.0,2023-03-01_2023-03-30|2024-05-24_2024-06-22|2025-04-19_2025-05-18
0.2,3,CPI m/m|PPI m/m|Core PPI m/m,Neutral|Neutral|Bad,2,1,1,50.0,50.0,1.0,2024-04-24_2024-05-23|2026-02-13_2026-03-14
0.2,3,CPI m/m|PPI m/m|Core PPI m/m,Neutral|Bad|Bad,1,1,0,100.0,0.0,inf,2025-07-18_2025-08-16
0.3,3,CPI m/m|PPI m/m|Core PPI m/m,Neutral|Bad|Neutral,1,1,0,100.0,0.0,inf,2021-06-09_2021-07-08
0.3,3,CPI m/m|PPI m/m|Core PPI m/m,Neutral|Neutral|Neutral,15,10,5,66.7,33.3,2.0,2021-10-07_2021-11-05|2022-11-01_2022-11-30|2022-12-01_2022-12-30|2023-04-30_2023-05-29|2023-06-29_2023-07-28|2023-07-29_2023-08-27|2023-08-28_2023-09-26|2024-02-24_2024-03-24|2024-03-25_2024-04-23|2024-04-24_2024-05-23|2024-09-21_2024-10-20|2024-10-21_2024-11-19|2024-11-20_2024-12-19|2024-12-20_2025-01-18|2025-05-19_2025-06-17
0.3,3,CPI m/m|PPI m/m|Core PPI m/m,Neutral|Good|Good,2,2,0,100.0,0.0,inf,2023-03-01_2023-03-30|2025-04-19_2025-05-18
0.3,3,CPI m/m|PPI m/m|Core PPI m/m,Neutral|Good|Neutral,1,0,1,0.0,100.0,0.0,2024-05-24_2024-06-22
0.3,3,CPI m/m|PPI m/m|Core PPI m/m,Neutral|Bad|Bad,1,1,0,100.0,0.0,inf,2025-07-18_2025-08-16
0.3,3,CPI m/m|PPI m/m|Core PPI m/m,Neutral|Neutral|Bad,1,0,1,0.0,100.0,0.0,2026-02-13_2026-03-14
0.0,3,CPI m/m|PPI m/m|FOMC,Neutral|Good|Neutral,2,2,0,100.0,0.0,inf,2023-03-01_2023-03-30|2023-04-30_2023-05-29
0.0,3,CPI m/m|PPI m/m|FOMC,Good|Good|Neutral,2,0,2,0.0,100.0,0.0,2023-06-29_2023-07-28|2024-05-24_2024-06-22
0.0,3,CPI m/m|PPI m/m|FOMC,Neutral|Bad|Neutral,2,2,0,100.0,0.0,inf,2023-08-28_2023-09-26|2024-11-20_2024-12-19
0.0,3,CPI m/m|PPI m/m|FOMC,Neutral|Neutral|Neutral,1,1,0,100.0,0.0,inf,2024-10-21_2024-11-19
0.1,3,CPI m/m|PPI m/m|FOMC,Neutral|Good|Neutral,2,1,1,50.0,50.0,1.0,2023-03-01_2023-03-30|2024-05-24_2024-06-22
0.1,3,CPI m/m|PPI m/m|FOMC,Neutral|Neutral|Neutral,3,2,1,66.7,33.3,2.0,2023-04-30_2023-05-29|2023-06-29_2023-07-28|2024-10-21_2024-11-19
0.1,3,CPI m/m|PPI m/m|FOMC,Neutral|Bad|Neutral,2,2,0,100.0,0.0,inf,2023-08-28_2023-09-26|2024-11-20_2024-12-19
0.2,3,CPI m/m|PPI m/m|FOMC,Neutral|Good|Neutral,2,1,1,50.0,50.0,1.0,2023-03-01_2023-03-30|2024-05-24_2024-06-22
0.2,3,CPI m/m|PPI m/m|FOMC,Neutral|Neutral|Neutral,4,3,1,75.0,25.0,3.0,2023-04-30_2023-05-29|2023-06-29_2023-07-28|2024-10-21_2024-11-19|2024-11-20_2024-12-19
0.2,3,CPI m/m|PPI m/m|FOMC,Neutral|Bad|Neutral,1,1,0,100.0,0.0,inf,2023-08-28_2023-09-26
0.3,3,CPI m/m|PPI m/m|FOMC,Neutral|Good|Neutral,2,1,1,50.0,50.0,1.0,2023-03-01_2023-03-30|2024-05-24_2024-06-22
0.3,3,CPI m/m|PPI m/m|FOMC,Neutral|Neutral|Neutral,5,4,1,80.0,20.0,4.0,2023-04-30_2023-05-29|2023-06-29_2023-07-28|2023-08-28_2023-09-26|2024-10-21_2024-11-19|2024-11-20_2024-12-19
0.0,3,CPI m/m|PPI m/m|CPI y/y,Bad|Bad|Bad,1,1,0,100.0,0.0,inf,2021-06-09_2021-07-08
0.0,3,CPI m/m|PPI m/m|CPI y/y,Bad|Good|Bad,3,2,1,66.7,33.3,2.0,2021-10-07_2021-11-05|2024-03-25_2024-04-23|2024-09-21_2024-10-20
0.0,3,CPI m/m|PPI m/m|CPI y/y,Good|Good|Good,5,3,2,60.0,40.0,1.5,2022-11-01_2022-11-30|2023-06-29_2023-07-28|2024-05-24_2024-06-22|2025-04-19_2025-05-18|2025-05-19_2025-06-17
0.0,3,CPI m/m|PPI m/m|CPI y/y,Good|Bad|Good,2,0,2,0.0,100.0,0.0,2022-12-01_2022-12-30|2026-02-13_2026-03-14
0.0,3,CPI m/m|PPI m/m|CPI y/y,Neutral|Good|Neutral,2,1,1,50.0,50.0,1.0,2023-03-01_2023-03-30|2024-12-20_2025-01-18
0.0,3,CPI m/m|PPI m/m|CPI y/y,Neutral|Good|Good,1,1,0,100.0,0.0,inf,2023-04-30_2023-05-29
0.0,3,CPI m/m|PPI m/m|CPI y/y,Neutral|Bad|Good,2,1,1,50.0,50.0,1.0,2023-07-29_2023-08-27|2025-07-18_2025-08-16
0.0,3,CPI m/m|PPI m/m|CPI y/y,Neutral|Bad|Bad,2,2,0,100.0,0.0,inf,2023-08-28_2023-09-26|2024-02-24_2024-03-24
0.0,3,CPI m/m|PPI m/m|CPI y/y,Good|Bad|Neutral,1,1,0,100.0,0.0,inf,2024-04-24_2024-05-23
0.0,3,CPI m/m|PPI m/m|CPI y/y,Neutral|Neutral|Neutral,1,1,0,100.0,0.0,inf,2024-10-21_2024-11-19
0.0,3,CPI m/m|PPI m/m|CPI y/y,Neutral|Bad|Neutral,1,1,0,100.0,0.0,inf,2024-11-20_2024-12-19
0.1,3,CPI m/m|PPI m/m|CPI y/y,Bad|Bad|Bad,1,1,0,100.0,0.0,inf,2021-06-09_2021-07-08
0.1,3,CPI m/m|PPI m/m|CPI y/y,Bad|Neutral|Bad,2,1,1,50.0,50.0,1.0,2021-10-07_2021-11-05|2024-03-25_2024-04-23
0.1,3,CPI m/m|PPI m/m|CPI y/y,Good|Good|Good,1,1,0,100.0,0.0,inf,2022-11-01_2022-11-30
0.1,3,CPI m/m|PPI m/m|CPI y/y,Good|Neutral|Good,1,0,1,0.0,100.0,0.0,2022-12-01_2022-12-30
0.1,3,CPI m/m|PPI m/m|CPI y/y,Neutral|Good|Neutral,2,1,1,50.0,50.0,1.0,2023-03-01_2023-03-30|2024-12-20_2025-01-18
0.1,3,CPI m/m|PPI m/m|CPI y/y,Neutral|Neutral|Neutral,3,2,1,66.7,33.3,2.0,2023-04-30_2023-05-29|2023-07-29_2023-08-27|2024-10-21_2024-11-19
0.1,3,CPI m/m|PPI m/m|CPI y/y,Neutral|Neutral|Good,2,1,1,50.0,50.0,1.0,2023-06-29_2023-07-28|2025-05-19_2025-06-17
0.1,3,CPI m/m|PPI m/m|CPI y/y,Neutral|Bad|Bad,2,2,0,100.0,0.0,inf,2023-08-28_2023-09-26|2024-02-24_2024-03-24
0.1,3,CPI m/m|PPI m/m|CPI y/y,Good|Bad|Neutral,1,1,0,100.0,0.0,inf,2024-04-24_2024-05-23
0.1,3,CPI m/m|PPI m/m|CPI y/y,Neutral|Good|Good,2,1,1,50.0,50.0,1.0,2024-05-24_2024-06-22|2025-04-19_2025-05-18
0.1,3,CPI m/m|PPI m/m|CPI y/y,Neutral|Neutral|Bad,1,1,0,100.0,0.0,inf,2024-09-21_2024-10-20
0.1,3,CPI m/m|PPI m/m|CPI y/y,Neutral|Bad|Neutral,2,2,0,100.0,0.0,inf,2024-11-20_2024-12-19|2025-07-18_2025-08-16
0.1,3,CPI m/m|PPI m/m|CPI y/y,Neutral|Bad|Good,1,0,1,0.0,100.0,0.0,2026-02-13_2026-03-14
0.2,3,CPI m/m|PPI m/m|CPI y/y,Neutral|Bad|Bad,1,1,0,100.0,0.0,inf,2021-06-09_2021-07-08
0.2,3,CPI m/m|PPI m/m|CPI y/y,Neutral|Neutral|Neutral,12,7,5,58.3,41.7,1.4,2021-10-07_2021-11-05|2023-04-30_2023-05-29|2023-06-29_2023-07-28|2023-07-29_2023-08-27|2024-03-25_2024-04-23|2024-04-24_2024-05-23|2024-09-21_2024-10-20|2024-10-21_2024-11-19|2024-11-20_2024-12-19|2024-12-20_2025-01-18|2025-05-19_2025-06-17|2026-02-13_2026-03-14
0.2,3,CPI m/m|PPI m/m|CPI y/y,Neutral|Neutral|Good,2,1,1,50.0,50.0,1.0,2022-11-01_2022-11-30|2022-12-01_2022-12-30
0.2,3,CPI m/m|PPI m/m|CPI y/y,Neutral|Good|Neutral,3,2,1,66.7,33.3,2.0,2023-03-01_2023-03-30|2024-05-24_2024-06-22|2025-04-19_2025-05-18
0.2,3,CPI m/m|PPI m/m|CPI y/y,Neutral|Bad|Neutral,3,3,0,100.0,0.0,inf,2023-08-28_2023-09-26|2024-02-24_2024-03-24|2025-07-18_2025-08-16
0.3,3,CPI m/m|PPI m/m|CPI y/y,Neutral|Bad|Neutral,2,2,0,100.0,0.0,inf,2021-06-09_2021-07-08|2025-07-18_2025-08-16
0.3,3,CPI m/m|PPI m/m|CPI y/y,Neutral|Neutral|Neutral,16,10,6,62.5,37.5,1.67,2021-10-07_2021-11-05|2022-11-01_2022-11-30|2022-12-01_2022-12-30|2023-04-30_2023-05-29|2023-06-29_2023-07-28|2023-07-29_2023-08-27|2023-08-28_2023-09-26|2024-02-24_2024-03-24|2024-03-25_2024-04-23|2024-04-24_2024-05-23|2024-09-21_2024-10-20|2024-10-21_2024-11-19|2024-11-20_2024-12-19|2024-12-20_2025-01-18|2025-05-19_2025-06-17|2026-02-13_2026-03-14
0.3,3,CPI m/m|PPI m/m|CPI y/y,Neutral|Good|Neutral,3,2,1,66.7,33.3,2.0,2023-03-01_2023-03-30|2024-05-24_2024-06-22|2025-04-19_2025-05-18
0.0,3,CPI m/m|Core PPI m/m|FOMC,Neutral|Good|Neutral,1,1,0,100.0,0.0,inf,2023-03-01_2023-03-30
0.0,3,CPI m/m|Core PPI m/m|FOMC,Neutral|Neutral|Neutral,4,4,0,100.0,0.0,inf,2023-04-30_2023-05-29|2023-08-28_2023-09-26|2024-10-21_2024-11-19|2024-11-20_2024-12-19
0.0,3,CPI m/m|Core PPI m/m|FOMC,Good|Good|Neutral,2,0,2,0.0,100.0,0.0,2023-06-29_2023-07-28|2024-05-24_2024-06-22
0.1,3,CPI m/m|Core PPI m/m|FOMC,Neutral|Good|Neutral,2,1,1,50.0,50.0,1.0,2023-03-01_2023-03-30|2024-05-24_2024-06-22
0.1,3,CPI m/m|Core PPI m/m|FOMC,Neutral|Neutral|Neutral,5,4,1,80.0,20.0,4.0,2023-04-30_2023-05-29|2023-06-29_2023-07-28|2023-08-28_2023-09-26|2024-10-21_2024-11-19|2024-11-20_2024-12-19
0.2,3,CPI m/m|Core PPI m/m|FOMC,Neutral|Good|Neutral,2,1,1,50.0,50.0,1.0,2023-03-01_2023-03-30|2024-05-24_2024-06-22
0.2,3,CPI m/m|Core PPI m/m|FOMC,Neutral|Neutral|Neutral,5,4,1,80.0,20.0,4.0,2023-04-30_2023-05-29|2023-06-29_2023-07-28|2023-08-28_2023-09-26|2024-10-21_2024-11-19|2024-11-20_2024-12-19
0.3,3,CPI m/m|Core PPI m/m|FOMC,Neutral|Good|Neutral,1,1,0,100.0,0.0,inf,2023-03-01_2023-03-30
0.3,3,CPI m/m|Core PPI m/m|FOMC,Neutral|Neutral|Neutral,6,4,2,66.7,33.3,2.0,2023-04-30_2023-05-29|2023-06-29_2023-07-28|2023-08-28_2023-09-26|2024-05-24_2024-06-22|2024-10-21_2024-11-19|2024-11-20_2024-12-19
0.0,3,CPI m/m|Core PPI m/m|CPI y/y,Bad|Bad|Bad,1,1,0,100.0,0.0,inf,2021-06-09_2021-07-08
0.0,3,CPI m/m|Core PPI m/m|CPI y/y,Bad|Good|Bad,1,1,0,100.0,0.0,inf,2021-10-07_2021-11-05
0.0,3,CPI m/m|Core PPI m/m|CPI y/y,Good|Good|Good,5,3,2,60.0,40.0,1.5,2022-11-01_2022-11-30|2023-06-29_2023-07-28|2024-05-24_2024-06-22|2025-04-19_2025-05-18|2025-05-19_2025-06-17
0.0,3,CPI m/m|Core PPI m/m|CPI y/y,Good|Bad|Good,2,0,2,0.0,100.0,0.0,2022-12-01_2022-12-30|2026-02-13_2026-03-14
0.0,3,CPI m/m|Core PPI m/m|CPI y/y,Neutral|Good|Neutral,2,1,1,50.0,50.0,1.0,2023-03-01_2023-03-30|2024-12-20_2025-01-18
0.0,3,CPI m/m|Core PPI m/m|CPI y/y,Neutral|Neutral|Good,1,1,0,100.0,0.0,inf,2023-04-30_2023-05-29
0.0,3,CPI m/m|Core PPI m/m|CPI y/y,Neutral|Bad|Good,2,1,1,50.0,50.0,1.0,2023-07-29_2023-08-27|2025-07-18_2025-08-16
0.0,3,CPI m/m|Core PPI m/m|CPI y/y,Neutral|Neutral|Bad,1,1,0,100.0,0.0,inf,2023-08-28_2023-09-26
0.0,3,CPI m/m|Core PPI m/m|CPI y/y,Neutral|Bad|Bad,1,1,0,100.0,0.0,inf,2024-02-24_2024-03-24
0.0,3,CPI m/m|Core PPI m/m|CPI y/y,Bad|Neutral|Bad,2,1,1,50.0,50.0,1.0,2024-03-25_2024-04-23|2024-09-21_2024-10-20
0.0,3,CPI m/m|Core PPI m/m|CPI y/y,Good|Bad|Neutral,1,1,0,100.0,0.0,inf,2024-04-24_2024-05-23
0.0,3,CPI m/m|Core PPI m/m|CPI y/y,Neutral|Neutral|Neutral,2,2,0,100.0,0.0,inf,2024-10-21_2024-11-19|2024-11-20_2024-12-19
0.1,3,CPI m/m|Core PPI m/m|CPI y/y,Bad|Bad|Bad,1,1,0,100.0,0.0,inf,2021-06-09_2021-07-08
0.1,3,CPI m/m|Core PPI m/m|CPI y/y,Bad|Good|Bad,1,1,0,100.0,0.0,inf,2021-10-07_2021-11-05
0.1,3,CPI m/m|Core PPI m/m|CPI y/y,Good|Good|Good,1,1,0,100.0,0.0,inf,2022-11-01_2022-11-30
0.1,3,CPI m/m|Core PPI m/m|CPI y/y,Good|Bad|Good,1,0,1,0.0,100.0,0.0,2022-12-01_2022-12-30
0.1,3,CPI m/m|Core PPI m/m|CPI y/y,Neutral|Good|Neutral,2,1,1,50.0,50.0,1.0,2023-03-01_2023-03-30|2024-12-20_2025-01-18
0.1,3,CPI m/m|Core PPI m/m|CPI y/y,Neutral|Neutral|Neutral,4,3,1,75.0,25.0,3.0,2023-04-30_2023-05-29|2023-07-29_2023-08-27|2024-10-21_2024-11-19|2024-11-20_2024-12-19
0.1,3,CPI m/m|Core PPI m/m|CPI y/y,Neutral|Neutral|Good,1,0,1,0.0,100.0,0.0,2023-06-29_2023-07-28
0.1,3,CPI m/m|Core PPI m/m|CPI y/y,Neutral|Neutral|Bad,3,3,0,100.0,0.0,inf,2023-08-28_2023-09-26|2024-02-24_2024-03-24|2024-09-21_2024-10-20
0.1,3,CPI m/m|Core PPI m/m|CPI y/y,Bad|Neutral|Bad,1,0,1,0.0,100.0,0.0,2024-03-25_2024-04-23
0.1,3,CPI m/m|Core PPI m/m|CPI y/y,Good|Bad|Neutral,1,1,0,100.0,0.0,inf,2024-04-24_2024-05-23
0.1,3,CPI m/m|Core PPI m/m|CPI y/y,Neutral|Good|Good,3,2,1,66.7,33.3,2.0,2024-05-24_2024-06-22|2025-04-19_2025-05-18|2025-05-19_2025-06-17
0.1,3,CPI m/m|Core PPI m/m|CPI y/y,Neutral|Bad|Neutral,1,1,0,100.0,0.0,inf,2025-07-18_2025-08-16
0.1,3,CPI m/m|Core PPI m/m|CPI y/y,Neutral|Bad|Good,1,0,1,0.0,100.0,0.0,2026-02-13_2026-03-14
0.2,3,CPI m/m|Core PPI m/m|CPI y/y,Neutral|Neutral|Bad,1,1,0,100.0,0.0,inf,2021-06-09_2021-07-08
0.2,3,CPI m/m|Core PPI m/m|CPI y/y,Neutral|Good|Neutral,4,3,1,75.0,25.0,3.0,2021-10-07_2021-11-05|2023-03-01_2023-03-30|2024-05-24_2024-06-22|2025-04-19_2025-05-18
0.2,3,CPI m/m|Core PPI m/m|CPI y/y,Neutral|Good|Good,1,1,0,100.0,0.0,inf,2022-11-01_2022-11-30
0.2,3,CPI m/m|Core PPI m/m|CPI y/y,Neutral|Neutral|Good,1,0,1,0.0,100.0,0.0,2022-12-01_2022-12-30
0.2,3,CPI m/m|Core PPI m/m|CPI y/y,Neutral|Neutral|Neutral,11,7,4,63.6,36.4,1.75,2023-04-30_2023-05-29|2023-06-29_2023-07-28|2023-07-29_2023-08-27|2023-08-28_2023-09-26|2024-02-24_2024-03-24|2024-03-25_2024-04-23|2024-09-21_2024-10-20|2024-10-21_2024-11-19|2024-11-20_2024-12-19|2024-12-20_2025-01-18|2025-05-19_2025-06-17
0.2,3,CPI m/m|Core PPI m/m|CPI y/y,Neutral|Bad|Neutral,3,2,1,66.7,33.3,2.0,2024-04-24_2024-05-23|2025-07-18_2025-08-16|2026-02-13_2026-03-14
0.3,3,CPI m/m|Core PPI m/m|CPI y/y,Neutral|Neutral|Neutral,17,11,6,64.7,35.3,1.83,2021-06-09_2021-07-08|2021-10-07_2021-11-05|2022-11-01_2022-11-30|2022-12-01_2022-12-30|2023-04-30_2023-05-29|2023-06-29_2023-07-28|2023-07-29_2023-08-27|2023-08-28_2023-09-26|2024-02-24_2024-03-24|2024-03-25_2024-04-23|2024-04-24_2024-05-23|2024-05-24_2024-06-22|2024-09-21_2024-10-20|2024-10-21_2024-11-19|2024-11-20_2024-12-19|2024-12-20_2025-01-18|2025-05-19_2025-06-17
0.3,3,CPI m/m|Core PPI m/m|CPI y/y,Neutral|Good|Neutral,2,2,0,100.0,0.0,inf,2023-03-01_2023-03-30|2025-04-19_2025-05-18
0.3,3,CPI m/m|Core PPI m/m|CPI y/y,Neutral|Bad|Neutral,2,1,1,50.0,50.0,1.0,2025-07-18_2025-08-16|2026-02-13_2026-03-14
0.0,3,CPI m/m|FOMC|CPI y/y,Neutral|Neutral|Neutral,3,3,0,100.0,0.0,inf,2023-03-01_2023-03-30|2024-10-21_2024-11-19|2024-11-20_2024-12-19
0.0,3,CPI m/m|FOMC|CPI y/y,Neutral|Neutral|Good,1,1,0,100.0,0.0,inf,2023-04-30_2023-05-29
0.0,3,CPI m/m|FOMC|CPI y/y,Good|Neutral|Good,2,0,2,0.0,100.0,0.0,2023-06-29_2023-07-28|2024-05-24_2024-06-22
0.0,3,CPI m/m|FOMC|CPI y/y,Neutral|Neutral|Bad,1,1,0,100.0,0.0,inf,2023-08-28_2023-09-26
0.1,3,CPI m/m|FOMC|CPI y/y,Neutral|Neutral|Neutral,4,4,0,100.0,0.0,inf,2023-03-01_2023-03-30|2023-04-30_2023-05-29|2024-10-21_2024-11-19|2024-11-20_2024-12-19
0.1,3,CPI m/m|FOMC|CPI y/y,Neutral|Neutral|Good,2,0,2,0.0,100.0,0.0,2023-06-29_2023-07-28|2024-05-24_2024-06-22
0.1,3,CPI m/m|FOMC|CPI y/y,Neutral|Neutral|Bad,1,1,0,100.0,0.0,inf,2023-08-28_2023-09-26
0.2,3,CPI m/m|FOMC|CPI y/y,Neutral|Neutral|Neutral,7,5,2,71.4,28.6,2.5,2023-03-01_2023-03-30|2023-04-30_2023-05-29|2023-06-29_2023-07-28|2023-08-28_2023-09-26|2024-05-24_2024-06-22|2024-10-21_2024-11-19|2024-11-20_2024-12-19
0.3,3,CPI m/m|FOMC|CPI y/y,Neutral|Neutral|Neutral,7,5,2,71.4,28.6,2.5,2023-03-01_2023-03-30|2023-04-30_2023-05-29|2023-06-29_2023-07-28|2023-08-28_2023-09-26|2024-05-24_2024-06-22|2024-10-21_2024-11-19|2024-11-20_2024-12-19
0.0,3,Core CPI m/m|PPI m/m|Core PPI m/m,Bad|Bad|Bad,2,2,0,100.0,0.0,inf,2021-06-09_2021-07-08|2024-02-24_2024-03-24
0.0,3,Core CPI m/m|PPI m/m|Core PPI m/m,Neutral|Good|Good,1,1,0,100.0,0.0,inf,2021-10-07_2021-11-05
0.0,3,Core CPI m/m|PPI m/m|Core PPI m/m,Good|Good|Good,6,3,3,50.0,50.0,1.0,2022-11-01_2022-11-30|2023-06-29_2023-07-28|2024-05-24_2024-06-22|2024-12-20_2025-01-18|2025-04-19_2025-05-18|2025-05-19_2025-06-17
0.0,3,Core CPI m/m|PPI m/m|Core PPI m/m,Good|Bad|Bad,1,0,1,0.0,100.0,0.0,2022-12-01_2022-12-30
0.0,3,Core CPI m/m|PPI m/m|Core PPI m/m,Bad|Good|Good,1,1,0,100.0,0.0,inf,2023-03-01_2023-03-30
0.0,3,Core CPI m/m|PPI m/m|Core PPI m/m,Bad|Good|Neutral,3,2,1,66.7,33.3,2.0,2023-04-30_2023-05-29|2024-03-25_2024-04-23|2024-09-21_2024-10-20
0.0,3,Core CPI m/m|PPI m/m|Core PPI m/m,Neutral|Bad|Bad,4,2,2,50.0,50.0,1.0,2023-07-29_2023-08-27|2024-04-24_2024-05-23|2025-07-18_2025-08-16|2026-02-13_2026-03-14
0.0,3,Core CPI m/m|PPI m/m|Core PPI m/m,Bad|Bad|Neutral,1,1,0,100.0,0.0,inf,2023-08-28_2023-09-26
0.0,3,Core CPI m/m|PPI m/m|Core PPI m/m,Neutral|Neutral|Neutral,1,1,0,100.0,0.0,inf,2024-10-21_2024-11-19
0.0,3,Core CPI m/m|PPI m/m|Core PPI m/m,Neutral|Bad|Neutral,1,1,0,100.0,0.0,inf,2024-11-20_2024-12-19
0.1,3,Core CPI m/m|PPI m/m|Core PPI m/m,Bad|Bad|Bad,1,1,0,100.0,0.0,inf,2021-06-09_2021-07-08
0.1,3,Core CPI m/m|PPI m/m|Core PPI m/m,Neutral|Neutral|Good,1,1,0,100.0,0.0,inf,2021-10-07_2021-11-05
0.1,3,Core CPI m/m|PPI m/m|Core PPI m/m,Good|Good|Good,1,1,0,100.0,0.0,inf,2022-11-01_2022-11-30
0.1,3,Core CPI m/m|PPI m/m|Core PPI m/m,Neutral|Neutral|Bad,1,0,1,0.0,100.0,0.0,2022-12-01_2022-12-30
0.1,3,Core CPI m/m|PPI m/m|Core PPI m/m,Neutral|Good|Good,4,2,2,50.0,50.0,1.0,2023-03-01_2023-03-30|2024-05-24_2024-06-22|2024-12-20_2025-01-18|2025-04-19_2025-05-18
0.1,3,Core CPI m/m|PPI m/m|Core PPI m/m,Bad|Neutral|Neutral,2,1,1,50.0,50.0,1.0,2023-04-30_2023-05-29|2024-03-25_2024-04-23
0.1,3,Core CPI m/m|PPI m/m|Core PPI m/m,Neutral|Neutral|Neutral,4,2,2,50.0,50.0,1.0,2023-06-29_2023-07-28|2023-07-29_2023-08-27|2024-09-21_2024-10-20|2024-10-21_2024-11-19
0.1,3,Core CPI m/m|PPI m/m|Core PPI m/m,Neutral|Bad|Neutral,2,2,0,100.0,0.0,inf,2023-08-28_2023-09-26|2024-11-20_2024-12-19
0.1,3,Core CPI m/m|PPI m/m|Core PPI m/m,Bad|Bad|Neutral,1,1,0,100.0,0.0,inf,2024-02-24_2024-03-24
0.1,3,Core CPI m/m|PPI m/m|Core PPI m/m,Neutral|Bad|Bad,3,2,1,66.7,33.3,2.0,2024-04-24_2024-05-23|2025-07-18_2025-08-16|2026-02-13_2026-03-14
0.1,3,Core CPI m/m|PPI m/m|Core PPI m/m,Good|Neutral|Good,1,1,0,100.0,0.0,inf,2025-05-19_2025-06-17
0.2,3,Core CPI m/m|PPI m/m|Core PPI m/m,Neutral|Bad|Neutral,3,3,0,100.0,0.0,inf,2021-06-09_2021-07-08|2023-08-28_2023-09-26|2024-02-24_2024-03-24
0.2,3,Core CPI m/m|PPI m/m|Core PPI m/m,Neutral|Neutral|Good,2,2,0,100.0,0.0,inf,2021-10-07_2021-11-05|2022-11-01_2022-11-30
0.2,3,Core CPI m/m|PPI m/m|Core PPI m/m,Neutral|Neutral|Neutral,10,5,5,50.0,50.0,1.0,2022-12-01_2022-12-30|2023-04-30_2023-05-29|2023-06-29_2023-07-28|2023-07-29_2023-08-27|2024-03-25_2024-04-23|2024-09-21_2024-10-20|2024-10-21_2024-11-19|2024-11-20_2024-12-19|2024-12-20_2025-01-18|2025-05-19_2025-06-17
0.2,3,Core CPI m/m|PPI m/m|Core PPI m/m,Neutral|Good|Good,3,2,1,66.7,33.3,2.0,2023-03-01_2023-03-30|2024-05-24_2024-06-22|2025-04-19_2025-05-18
0.2,3,Core CPI m/m|PPI m/m|Core PPI m/m,Neutral|Neutral|Bad,2,1,1,50.0,50.0,1.0,2024-04-24_2024-05-23|2026-02-13_2026-03-14
0.2,3,Core CPI m/m|PPI m/m|Core PPI m/m,Neutral|Bad|Bad,1,1,0,100.0,0.0,inf,2025-07-18_2025-08-16
0.3,3,Core CPI m/m|PPI m/m|Core PPI m/m,Neutral|Bad|Neutral,1,1,0,100.0,0.0,inf,2021-06-09_2021-07-08
0.3,3,Core CPI m/m|PPI m/m|Core PPI m/m,Neutral|Neutral|Neutral,15,10,5,66.7,33.3,2.0,2021-10-07_2021-11-05|2022-11-01_2022-11-30|2022-12-01_2022-12-30|2023-04-30_2023-05-29|2023-06-29_2023-07-28|2023-07-29_2023-08-27|2023-08-28_2023-09-26|2024-02-24_2024-03-24|2024-03-25_2024-04-23|2024-04-24_2024-05-23|2024-09-21_2024-10-20|2024-10-21_2024-11-19|2024-11-20_2024-12-19|2024-12-20_2025-01-18|2025-05-19_2025-06-17
0.3,3,Core CPI m/m|PPI m/m|Core PPI m/m,Neutral|Good|Good,2,2,0,100.0,0.0,inf,2023-03-01_2023-03-30|2025-04-19_2025-05-18
0.3,3,Core CPI m/m|PPI m/m|Core PPI m/m,Neutral|Good|Neutral,1,0,1,0.0,100.0,0.0,2024-05-24_2024-06-22
0.3,3,Core CPI m/m|PPI m/m|Core PPI m/m,Neutral|Bad|Bad,1,1,0,100.0,0.0,inf,2025-07-18_2025-08-16
0.3,3,Core CPI m/m|PPI m/m|Core PPI m/m,Neutral|Neutral|Bad,1,0,1,0.0,100.0,0.0,2026-02-13_2026-03-14
0.0,3,Core CPI m/m|PPI m/m|FOMC,Bad|Good|Neutral,2,2,0,100.0,0.0,inf,2023-03-01_2023-03-30|2023-04-30_2023-05-29
0.0,3,Core CPI m/m|PPI m/m|FOMC,Good|Good|Neutral,2,0,2,0.0,100.0,0.0,2023-06-29_2023-07-28|2024-05-24_2024-06-22
0.0,3,Core CPI m/m|PPI m/m|FOMC,Bad|Bad|Neutral,1,1,0,100.0,0.0,inf,2023-08-28_2023-09-26
0.0,3,Core CPI m/m|PPI m/m|FOMC,Neutral|Neutral|Neutral,1,1,0,100.0,0.0,inf,2024-10-21_2024-11-19
0.0,3,Core CPI m/m|PPI m/m|FOMC,Neutral|Bad|Neutral,1,1,0,100.0,0.0,inf,2024-11-20_2024-12-19
0.1,3,Core CPI m/m|PPI m/m|FOMC,Neutral|Good|Neutral,2,1,1,50.0,50.0,1.0,2023-03-01_2023-03-30|2024-05-24_2024-06-22
0.1,3,Core CPI m/m|PPI m/m|FOMC,Bad|Neutral|Neutral,1,1,0,100.0,0.0,inf,2023-04-30_2023-05-29
0.1,3,Core CPI m/m|PPI m/m|FOMC,Neutral|Neutral|Neutral,2,1,1,50.0,50.0,1.0,2023-06-29_2023-07-28|2024-10-21_2024-11-19
0.1,3,Core CPI m/m|PPI m/m|FOMC,Neutral|Bad|Neutral,2,2,0,100.0,0.0,inf,2023-08-28_2023-09-26|2024-11-20_2024-12-19
0.2,3,Core CPI m/m|PPI m/m|FOMC,Neutral|Good|Neutral,2,1,1,50.0,50.0,1.0,2023-03-01_2023-03-30|2024-05-24_2024-06-22
0.2,3,Core CPI m/m|PPI m/m|FOMC,Neutral|Neutral|Neutral,4,3,1,75.0,25.0,3.0,2023-04-30_2023-05-29|2023-06-29_2023-07-28|2024-10-21_2024-11-19|2024-11-20_2024-12-19
0.2,3,Core CPI m/m|PPI m/m|FOMC,Neutral|Bad|Neutral,1,1,0,100.0,0.0,inf,2023-08-28_2023-09-26
0.3,3,Core CPI m/m|PPI m/m|FOMC,Neutral|Good|Neutral,2,1,1,50.0,50.0,1.0,2023-03-01_2023-03-30|2024-05-24_2024-06-22
0.3,3,Core CPI m/m|PPI m/m|FOMC,Neutral|Neutral|Neutral,5,4,1,80.0,20.0,4.0,2023-04-30_2023-05-29|2023-06-29_2023-07-28|2023-08-28_2023-09-26|2024-10-21_2024-11-19|2024-11-20_2024-12-19
0.0,3,Core CPI m/m|PPI m/m|CPI y/y,Bad|Bad|Bad,3,3,0,100.0,0.0,inf,2021-06-09_2021-07-08|2023-08-28_2023-09-26|2024-02-24_2024-03-24
0.0,3,Core CPI m/m|PPI m/m|CPI y/y,Neutral|Good|Bad,1,1,0,100.0,0.0,inf,2021-10-07_2021-11-05
0.0,3,Core CPI m/m|PPI m/m|CPI y/y,Good|Good|Good,5,3,2,60.0,40.0,1.5,2022-11-01_2022-11-30|2023-06-29_2023-07-28|2024-05-24_2024-06-22|2025-04-19_2025-05-18|2025-05-19_2025-06-17
0.0,3,Core CPI m/m|PPI m/m|CPI y/y,Good|Bad|Good,1,0,1,0.0,100.0,0.0,2022-12-01_2022-12-30
0.0,3,Core CPI m/m|PPI m/m|CPI y/y,Bad|Good|Neutral,1,1,0,100.0,0.0,inf,2023-03-01_2023-03-30
0.0,3,Core CPI m/m|PPI m/m|CPI y/y,Bad|Good|Good,1,1,0,100.0,0.0,inf,2023-04-30_2023-05-29
0.0,3,Core CPI m/m|PPI m/m|CPI y/y,Neutral|Bad|Good,3,1,2,33.3,66.7,0.5,2023-07-29_2023-08-27|2025-07-18_2025-08-16|2026-02-13_2026-03-14
0.0,3,Core CPI m/m|PPI m/m|CPI y/y,Bad|Good|Bad,2,1,1,50.0,50.0,1.0,2024-03-25_2024-04-23|2024-09-21_2024-10-20
0.0,3,Core CPI m/m|PPI m/m|CPI y/y,Neutral|Bad|Neutral,2,2,0,100.0,0.0,inf,2024-04-24_2024-05-23|2024-11-20_2024-12-19
0.0,3,Core CPI m/m|PPI m/m|CPI y/y,Neutral|Neutral|Neutral,1,1,0,100.0,0.0,inf,2024-10-21_2024-11-19
0.0,3,Core CPI m/m|PPI m/m|CPI y/y,Good|Good|Neutral,1,0,1,0.0,100.0,0.0,2024-12-20_2025-01-18
0.1,3,Core CPI m/m|PPI m/m|CPI y/y,Bad|Bad|Bad,2,2,0,100.0,0.0,inf,2021-06-09_2021-07-08|2024-02-24_2024-03-24
0.1,3,Core CPI m/m|PPI m/m|CPI y/y,Neutral|Neutral|Bad,2,2,0,100.0,0.0,inf,2021-10-07_2021-11-05|2024-09-21_2024-10-20
0.1,3,Core CPI m/m|PPI m/m|CPI y/y,Good|Good|Good,1,1,0,100.0,0.0,inf,2022-11-01_2022-11-30
0.1,3,Core CPI m/m|PPI m/m|CPI y/y,Neutral|Neutral|Good,2,0,2,0.0,100.0,0.0,2022-12-01_2022-12-30|2023-06-29_2023-07-28
0.1,3,Core CPI m/m|PPI m/m|CPI y/y,Neutral|Good|Neutral,2,1,1,50.0,50.0,1.0,2023-03-01_2023-03-30|2024-12-20_2025-01-18
0.1,3,Core CPI m/m|PPI m/m|CPI y/y,Bad|Neutral|Neutral,1,1,0,100.0,0.0,inf,2023-04-30_2023-05-29
0.1,3,Core CPI m/m|PPI m/m|CPI y/y,Neutral|Neutral|Neutral,2,1,1,50.0,50.0,1.0,2023-07-29_2023-08-27|2024-10-21_2024-11-19
0.1,3,Core CPI m/m|PPI m/m|CPI y/y,Neutral|Bad|Bad,1,1,0,100.0,0.0,inf,2023-08-28_2023-09-26
0.1,3,Core CPI m/m|PPI m/m|CPI y/y,Bad|Neutral|Bad,1,0,1,0.0,100.0,0.0,2024-03-25_2024-04-23
0.1,3,Core CPI m/m|PPI m/m|CPI y/y,Neutral|Bad|Neutral,3,3,0,100.0,0.0,inf,2024-04-24_2024-05-23|2024-11-20_2024-12-19|2025-07-18_2025-08-16
0.1,3,Core CPI m/m|PPI m/m|CPI y/y,Neutral|Good|Good,2,1,1,50.0,50.0,1.0,2024-05-24_2024-06-22|2025-04-19_2025-05-18
0.1,3,Core CPI m/m|PPI m/m|CPI y/y,Good|Neutral|Good,1,1,0,100.0,0.0,inf,2025-05-19_2025-06-17
0.1,3,Core CPI m/m|PPI m/m|CPI y/y,Neutral|Bad|Good,1,0,1,0.0,100.0,0.0,2026-02-13_2026-03-14
0.2,3,Core CPI m/m|PPI m/m|CPI y/y,Neutral|Bad|Bad,1,1,0,100.0,0.0,inf,2021-06-09_2021-07-08
0.2,3,Core CPI m/m|PPI m/m|CPI y/y,Neutral|Neutral|Neutral,12,7,5,58.3,41.7,1.4,2021-10-07_2021-11-05|2023-04-30_2023-05-29|2023-06-29_2023-07-28|2023-07-29_2023-08-27|2024-03-25_2024-04-23|2024-04-24_2024-05-23|2024-09-21_2024-10-20|2024-10-21_2024-11-19|2024-11-20_2024-12-19|2024-12-20_2025-01-18|2025-05-19_2025-06-17|2026-02-13_2026-03-14
0.2,3,Core CPI m/m|PPI m/m|CPI y/y,Neutral|Neutral|Good,2,1,1,50.0,50.0,1.0,2022-11-01_2022-11-30|2022-12-01_2022-12-30
0.2,3,Core CPI m/m|PPI m/m|CPI y/y,Neutral|Good|Neutral,3,2,1,66.7,33.3,2.0,2023-03-01_2023-03-30|2024-05-24_2024-06-22|2025-04-19_2025-05-18
0.2,3,Core CPI m/m|PPI m/m|CPI y/y,Neutral|Bad|Neutral,3,3,0,100.0,0.0,inf,2023-08-28_2023-09-26|2024-02-24_2024-03-24|2025-07-18_2025-08-16
0.3,3,Core CPI m/m|PPI m/m|CPI y/y,Neutral|Bad|Neutral,2,2,0,100.0,0.0,inf,2021-06-09_2021-07-08|2025-07-18_2025-08-16
0.3,3,Core CPI m/m|PPI m/m|CPI y/y,Neutral|Neutral|Neutral,16,10,6,62.5,37.5,1.67,2021-10-07_2021-11-05|2022-11-01_2022-11-30|2022-12-01_2022-12-30|2023-04-30_2023-05-29|2023-06-29_2023-07-28|2023-07-29_2023-08-27|2023-08-28_2023-09-26|2024-02-24_2024-03-24|2024-03-25_2024-04-23|2024-04-24_2024-05-23|2024-09-21_2024-10-20|2024-10-21_2024-11-19|2024-11-20_2024-12-19|2024-12-20_2025-01-18|2025-05-19_2025-06-17|2026-02-13_2026-03-14
0.3,3,Core CPI m/m|PPI m/m|CPI y/y,Neutral|Good|Neutral,3,2,1,66.7,33.3,2.0,2023-03-01_2023-03-30|2024-05-24_2024-06-22|2025-04-19_2025-05-18
0.0,3,Core CPI m/m|Core PPI m/m|FOMC,Bad|Good|Neutral,1,1,0,100.0,0.0,inf,2023-03-01_2023-03-30
0.0,3,Core CPI m/m|Core PPI m/m|FOMC,Bad|Neutral|Neutral,2,2,0,100.0,0.0,inf,2023-04-30_2023-05-29|2023-08-28_2023-09-26
0.0,3,Core CPI m/m|Core PPI m/m|FOMC,Good|Good|Neutral,2,0,2,0.0,100.0,0.0,2023-06-29_2023-07-28|2024-05-24_2024-06-22
0.0,3,Core CPI m/m|Core PPI m/m|FOMC,Neutral|Neutral|Neutral,2,2,0,100.0,0.0,inf,2024-10-21_2024-11-19|2024-11-20_2024-12-19
0.1,3,Core CPI m/m|Core PPI m/m|FOMC,Neutral|Good|Neutral,2,1,1,50.0,50.0,1.0,2023-03-01_2023-03-30|2024-05-24_2024-06-22
0.1,3,Core CPI m/m|Core PPI m/m|FOMC,Bad|Neutral|Neutral,1,1,0,100.0,0.0,inf,2023-04-30_2023-05-29
0.1,3,Core CPI m/m|Core PPI m/m|FOMC,Neutral|Neutral|Neutral,4,3,1,75.0,25.0,3.0,2023-06-29_2023-07-28|2023-08-28_2023-09-26|2024-10-21_2024-11-19|2024-11-20_2024-12-19
0.2,3,Core CPI m/m|Core PPI m/m|FOMC,Neutral|Good|Neutral,2,1,1,50.0,50.0,1.0,2023-03-01_2023-03-30|2024-05-24_2024-06-22
0.2,3,Core CPI m/m|Core PPI m/m|FOMC,Neutral|Neutral|Neutral,5,4,1,80.0,20.0,4.0,2023-04-30_2023-05-29|2023-06-29_2023-07-28|2023-08-28_2023-09-26|2024-10-21_2024-11-19|2024-11-20_2024-12-19
0.3,3,Core CPI m/m|Core PPI m/m|FOMC,Neutral|Good|Neutral,1,1,0,100.0,0.0,inf,2023-03-01_2023-03-30
0.3,3,Core CPI m/m|Core PPI m/m|FOMC,Neutral|Neutral|Neutral,6,4,2,66.7,33.3,2.0,2023-04-30_2023-05-29|2023-06-29_2023-07-28|2023-08-28_2023-09-26|2024-05-24_2024-06-22|2024-10-21_2024-11-19|2024-11-20_2024-12-19
0.0,3,Core CPI m/m|Core PPI m/m|CPI y/y,Bad|Bad|Bad,2,2,0,100.0,0.0,inf,2021-06-09_2021-07-08|2024-02-24_2024-03-24
0.0,3,Core CPI m/m|Core PPI m/m|CPI y/y,Neutral|Good|Bad,1,1,0,100.0,0.0,inf,2021-10-07_2021-11-05
0.0,3,Core CPI m/m|Core PPI m/m|CPI y/y,Good|Good|Good,5,3,2,60.0,40.0,1.5,2022-11-01_2022-11-30|2023-06-29_2023-07-28|2024-05-24_2024-06-22|2025-04-19_2025-05-18|2025-05-19_2025-06-17
0.0,3,Core CPI m/m|Core PPI m/m|CPI y/y,Good|Bad|Good,1,0,1,0.0,100.0,0.0,2022-12-01_2022-12-30
0.0,3,Core CPI m/m|Core PPI m/m|CPI y/y,Bad|Good|Neutral,1,1,0,100.0,0.0,inf,2023-03-01_2023-03-30
0.0,3,Core CPI m/m|Core PPI m/m|CPI y/y,Bad|Neutral|Good,1,1,0,100.0,0.0,inf,2023-04-30_2023-05-29
0.0,3,Core CPI m/m|Core PPI m/m|CPI y/y,Neutral|Bad|Good,3,1,2,33.3,66.7,0.5,2023-07-29_2023-08-27|2025-07-18_2025-08-16|2026-02-13_2026-03-14
0.0,3,Core CPI m/m|Core PPI m/m|CPI y/y,Bad|Neutral|Bad,3,2,1,66.7,33.3,2.0,2023-08-28_2023-09-26|2024-03-25_2024-04-23|2024-09-21_2024-10-20
0.0,3,Core CPI m/m|Core PPI m/m|CPI y/y,Neutral|Bad|Neutral,1,1,0,100.0,0.0,inf,2024-04-24_2024-05-23
0.0,3,Core CPI m/m|Core PPI m/m|CPI y/y,Neutral|Neutral|Neutral,2,2,0,100.0,0.0,inf,2024-10-21_2024-11-19|2024-11-20_2024-12-19
0.0,3,Core CPI m/m|Core PPI m/m|CPI y/y,Good|Good|Neutral,1,0,1,0.0,100.0,0.0,2024-12-20_2025-01-18
0.1,3,Core CPI m/m|Core PPI m/m|CPI y/y,Bad|Bad|Bad,1,1,0,100.0,0.0,inf,2021-06-09_2021-07-08
0.1,3,Core CPI m/m|Core PPI m/m|CPI y/y,Neutral|Good|Bad,1,1,0,100.0,0.0,inf,2021-10-07_2021-11-05
0.1,3,Core CPI m/m|Core PPI m/m|CPI y/y,Good|Good|Good,2,2,0,100.0,0.0,inf,2022-11-01_2022-11-30|2025-05-19_2025-06-17
0.1,3,Core CPI m/m|Core PPI m/m|CPI y/y,Neutral|Bad|Good,2,0,2,0.0,100.0,0.0,2022-12-01_2022-12-30|2026-02-13_2026-03-14
0.1,3,Core CPI m/m|Core PPI m/m|CPI y/y,Neutral|Good|Neutral,2,1,1,50.0,50.0,1.0,2023-03-01_2023-03-30|2024-12-20_2025-01-18
0.1,3,Core CPI m/m|Core PPI m/m|CPI y/y,Bad|Neutral|Neutral,1,1,0,100.0,0.0,inf,2023-04-30_2023-05-29
0.1,3,Core CPI m/m|Core PPI m/m|CPI y/y,Neutral|Neutral|Good,1,0,1,0.0,100.0,0.0,2023-06-29_2023-07-28
0.1,3,Core CPI m/m|Core PPI m/m|CPI y/y,Neutral|Neutral|Neutral,3,2,1,66.7,33.3,2.0,2023-07-29_2023-08-27|2024-10-21_2024-11-19|2024-11-20_2024-12-19
0.1,3,Core CPI m/m|Core PPI m/m|CPI y/y,Neutral|Neutral|Bad,2,2,0,100.0,0.0,inf,2023-08-28_2023-09-26|2024-09-21_2024-10-20
0.1,3,Core CPI m/m|Core PPI m/m|CPI y/y,Bad|Neutral|Bad,2,1,1,50.0,50.0,1.0,2024-02-24_2024-03-24|2024-03-25_2024-04-23
0.1,3,Core CPI m/m|Core PPI m/m|CPI y/y,Neutral|Bad|Neutral,2,2,0,100.0,0.0,inf,2024-04-24_2024-05-23|2025-07-18_2025-08-16
0.1,3,Core CPI m/m|Core PPI m/m|CPI y/y,Neutral|Good|Good,2,1,1,50.0,50.0,1.0,2024-05-24_2024-06-22|2025-04-19_2025-05-18
0.2,3,Core CPI m/m|Core PPI m/m|CPI y/y,Neutral|Neutral|Bad,1,1,0,100.0,0.0,inf,2021-06-09_2021-07-08
0.2,3,Core CPI m/m|Core PPI m/m|CPI y/y,Neutral|Good|Neutral,4,3,1,75.0,25.0,3.0,2021-10-07_2021-11-05|2023-03-01_2023-03-30|2024-05-24_2024-06-22|2025-04-19_2025-05-18
0.2,3,Core CPI m/m|Core PPI m/m|CPI y/y,Neutral|Good|Good,1,1,0,100.0,0.0,inf,2022-11-01_2022-11-30
0.2,3,Core CPI m/m|Core PPI m/m|CPI y/y,Neutral|Neutral|Good,1,0,1,0.0,100.0,0.0,2022-12-01_2022-12-30
0.2,3,Core CPI m/m|Core PPI m/m|CPI y/y,Neutral|Neutral|Neutral,11,7,4,63.6,36.4,1.75,2023-04-30_2023-05-29|2023-06-29_2023-07-28|2023-07-29_2023-08-27|2023-08-28_2023-09-26|2024-02-24_2024-03-24|2024-03-25_2024-04-23|2024-09-21_2024-10-20|2024-10-21_2024-11-19|2024-11-20_2024-12-19|2024-12-20_2025-01-18|2025-05-19_2025-06-17
0.2,3,Core CPI m/m|Core PPI m/m|CPI y/y,Neutral|Bad|Neutral,3,2,1,66.7,33.3,2.0,2024-04-24_2024-05-23|2025-07-18_2025-08-16|2026-02-13_2026-03-14
0.3,3,Core CPI m/m|Core PPI m/m|CPI y/y,Neutral|Neutral|Neutral,17,11,6,64.7,35.3,1.83,2021-06-09_2021-07-08|2021-10-07_2021-11-05|2022-11-01_2022-11-30|2022-12-01_2022-12-30|2023-04-30_2023-05-29|2023-06-29_2023-07-28|2023-07-29_2023-08-27|2023-08-28_2023-09-26|2024-02-24_2024-03-24|2024-03-25_2024-04-23|2024-04-24_2024-05-23|2024-05-24_2024-06-22|2024-09-21_2024-10-20|2024-10-21_2024-11-19|2024-11-20_2024-12-19|2024-12-20_2025-01-18|2025-05-19_2025-06-17
0.3,3,Core CPI m/m|Core PPI m/m|CPI y/y,Neutral|Good|Neutral,2,2,0,100.0,0.0,inf,2023-03-01_2023-03-30|2025-04-19_2025-05-18
0.3,3,Core CPI m/m|Core PPI m/m|CPI y/y,Neutral|Bad|Neutral,2,1,1,50.0,50.0,1.0,2025-07-18_2025-08-16|2026-02-13_2026-03-14
0.0,3,Core CPI m/m|FOMC|CPI y/y,Bad|Neutral|Neutral,1,1,0,100.0,0.0,inf,2023-03-01_2023-03-30
0.0,3,Core CPI m/m|FOMC|CPI y/y,Bad|Neutral|Good,1,1,0,100.0,0.0,inf,2023-04-30_2023-05-29
0.0,3,Core CPI m/m|FOMC|CPI y/y,Good|Neutral|Good,2,0,2,0.0,100.0,0.0,2023-06-29_2023-07-28|2024-05-24_2024-06-22
0.0,3,Core CPI m/m|FOMC|CPI y/y,Bad|Neutral|Bad,1,1,0,100.0,0.0,inf,2023-08-28_2023-09-26
0.0,3,Core CPI m/m|FOMC|CPI y/y,Neutral|Neutral|Neutral,2,2,0,100.0,0.0,inf,2024-10-21_2024-11-19|2024-11-20_2024-12-19
0.1,3,Core CPI m/m|FOMC|CPI y/y,Neutral|Neutral|Neutral,3,3,0,100.0,0.0,inf,2023-03-01_2023-03-30|2024-10-21_2024-11-19|2024-11-20_2024-12-19
0.1,3,Core CPI m/m|FOMC|CPI y/y,Bad|Neutral|Neutral,1,1,0,100.0,0.0,inf,2023-04-30_2023-05-29
0.1,3,Core CPI m/m|FOMC|CPI y/y,Neutral|Neutral|Good,2,0,2,0.0,100.0,0.0,2023-06-29_2023-07-28|2024-05-24_2024-06-22
0.1,3,Core CPI m/m|FOMC|CPI y/y,Neutral|Neutral|Bad,1,1,0,100.0,0.0,inf,2023-08-28_2023-09-26
0.2,3,Core CPI m/m|FOMC|CPI y/y,Neutral|Neutral|Neutral,7,5,2,71.4,28.6,2.5,2023-03-01_2023-03-30|2023-04-30_2023-05-29|2023-06-29_2023-07-28|2023-08-28_2023-09-26|2024-05-24_2024-06-22|2024-10-21_2024-11-19|2024-11-20_2024-12-19
0.3,3,Core CPI m/m|FOMC|CPI y/y,Neutral|Neutral|Neutral,7,5,2,71.4,28.6,2.5,2023-03-01_2023-03-30|2023-04-30_2023-05-29|2023-06-29_2023-07-28|2023-08-28_2023-09-26|2024-05-24_2024-06-22|2024-10-21_2024-11-19|2024-11-20_2024-12-19
0.0,3,PPI m/m|Core PPI m/m|FOMC,Good|Good|Neutral,3,1,2,33.3,66.7,0.5,2023-03-01_2023-03-30|2023-06-29_2023-07-28|2024-05-24_2024-06-22
0.0,3,PPI m/m|Core PPI m/m|FOMC,Good|Neutral|Neutral,1,1,0,100.0,0.0,inf,2023-04-30_2023-05-29
0.0,3,PPI m/m|Core PPI m/m|FOMC,Bad|Neutral|Neutral,2,2,0,100.0,0.0,inf,2023-08-28_2023-09-26|2024-11-20_2024-12-19
0.0,3,PPI m/m|Core PPI m/m|FOMC,Neutral|Neutral|Neutral,1,1,0,100.0,0.0,inf,2024-10-21_2024-11-19
0.1,3,PPI m/m|Core PPI m/m|FOMC,Good|Good|Neutral,2,1,1,50.0,50.0,1.0,2023-03-01_2023-03-30|2024-05-24_2024-06-22
0.1,3,PPI m/m|Core PPI m/m|FOMC,Neutral|Neutral|Neutral,3,2,1,66.7,33.3,2.0,2023-04-30_2023-05-29|2023-06-29_2023-07-28|2024-10-21_2024-11-19
0.1,3,PPI m/m|Core PPI m/m|FOMC,Bad|Neutral|Neutral,2,2,0,100.0,0.0,inf,2023-08-28_2023-09-26|2024-11-20_2024-12-19
0.2,3,PPI m/m|Core PPI m/m|FOMC,Good|Good|Neutral,2,1,1,50.0,50.0,1.0,2023-03-01_2023-03-30|2024-05-24_2024-06-22
0.2,3,PPI m/m|Core PPI m/m|FOMC,Neutral|Neutral|Neutral,4,3,1,75.0,25.0,3.0,2023-04-30_2023-05-29|2023-06-29_2023-07-28|2024-10-21_2024-11-19|2024-11-20_2024-12-19
0.2,3,PPI m/m|Core PPI m/m|FOMC,Bad|Neutral|Neutral,1,1,0,100.0,0.0,inf,2023-08-28_2023-09-26
0.3,3,PPI m/m|Core PPI m/m|FOMC,Good|Good|Neutral,1,1,0,100.0,0.0,inf,2023-03-01_2023-03-30
0.3,3,PPI m/m|Core PPI m/m|FOMC,Neutral|Neutral|Neutral,5,4,1,80.0,20.0,4.0,2023-04-30_2023-05-29|2023-06-29_2023-07-28|2023-08-28_2023-09-26|2024-10-21_2024-11-19|2024-11-20_2024-12-19
0.3,3,PPI m/m|Core PPI m/m|FOMC,Good|Neutral|Neutral,1,0,1,0.0,100.0,0.0,2024-05-24_2024-06-22
0.0,3,PPI m/m|Core PPI m/m|CPI y/y,Bad|Bad|Bad,2,2,0,100.0,0.0,inf,2021-06-09_2021-07-08|2024-02-24_2024-03-24
0.0,3,PPI m/m|Core PPI m/m|CPI y/y,Good|Good|Bad,1,1,0,100.0,0.0,inf,2021-10-07_2021-11-05
0.0,3,PPI m/m|Core PPI m/m|CPI y/y,Good|Good|Good,5,3,2,60.0,40.0,1.5,2022-11-01_2022-11-30|2023-06-29_2023-07-28|2024-05-24_2024-06-22|2025-04-19_2025-05-18|2025-05-19_2025-06-17
0.0,3,PPI m/m|Core PPI m/m|CPI y/y,Bad|Bad|Good,4,1,3,25.0,75.0,0.33,2022-12-01_2022-12-30|2023-07-29_2023-08-27|2025-07-18_2025-08-16|2026-02-13_2026-03-14
0.0,3,PPI m/m|Core PPI m/m|CPI y/y,Good|Good|Neutral,2,1,1,50.0,50.0,1.0,2023-03-01_2023-03-30|2024-12-20_2025-01-18
0.0,3,PPI m/m|Core PPI m/m|CPI y/y,Good|Neutral|Good,1,1,0,100.0,0.0,inf,2023-04-30_2023-05-29
0.0,3,PPI m/m|Core PPI m/m|CPI y/y,Bad|Neutral|Bad,1,1,0,100.0,0.0,inf,2023-08-28_2023-09-26
0.0,3,PPI m/m|Core PPI m/m|CPI y/y,Good|Neutral|Bad,2,1,1,50.0,50.0,1.0,2024-03-25_2024-04-23|2024-09-21_2024-10-20
0.0,3,PPI m/m|Core PPI m/m|CPI y/y,Bad|Bad|Neutral,1,1,0,100.0,0.0,inf,2024-04-24_2024-05-23
0.0,3,PPI m/m|Core PPI m/m|CPI y/y,Neutral|Neutral|Neutral,1,1,0,100.0,0.0,inf,2024-10-21_2024-11-19
0.0,3,PPI m/m|Core PPI m/m|CPI y/y,Bad|Neutral|Neutral,1,1,0,100.0,0.0,inf,2024-11-20_2024-12-19
0.1,3,PPI m/m|Core PPI m/m|CPI y/y,Bad|Bad|Bad,1,1,0,100.0,0.0,inf,2021-06-09_2021-07-08
0.1,3,PPI m/m|Core PPI m/m|CPI y/y,Neutral|Good|Bad,1,1,0,100.0,0.0,inf,2021-10-07_2021-11-05
0.1,3,PPI m/m|Core PPI m/m|CPI y/y,Good|Good|Good,3,2,1,66.7,33.3,2.0,2022-11-01_2022-11-30|2024-05-24_2024-06-22|2025-04-19_2025-05-18
0.1,3,PPI m/m|Core PPI m/m|CPI y/y,Neutral|Bad|Good,1,0,1,0.0,100.0,0.0,2022-12-01_2022-12-30
0.1,3,PPI m/m|Core PPI m/m|CPI y/y,Good|Good|Neutral,2,1,1,50.0,50.0,1.0,2023-03-01_2023-03-30|2024-12-20_2025-01-18
0.1,3,PPI m/m|Core PPI m/m|CPI y/y,Neutral|Neutral|Neutral,3,2,1,66.7,33.3,2.0,2023-04-30_2023-05-29|2023-07-29_2023-08-27|2024-10-21_2024-11-19
0.1,3,PPI m/m|Core PPI m/m|CPI y/y,Neutral|Neutral|Good,1,0,1,0.0,100.0,0.0,2023-06-29_2023-07-28
0.1,3,PPI m/m|Core PPI m/m|CPI y/y,Bad|Neutral|Bad,2,2,0,100.0,0.0,inf,2023-08-28_2023-09-26|2024-02-24_2024-03-24
0.1,3,PPI m/m|Core PPI m/m|CPI y/y,Neutral|Neutral|Bad,2,1,1,50.0,50.0,1.0,2024-03-25_2024-04-23|2024-09-21_2024-10-20
0.1,3,PPI m/m|Core PPI m/m|CPI y/y,Bad|Bad|Neutral,2,2,0,100.0,0.0,inf,2024-04-24_2024-05-23|2025-07-18_2025-08-16
0.1,3,PPI m/m|Core PPI m/m|CPI y/y,Bad|Neutral|Neutral,1,1,0,100.0,0.0,inf,2024-11-20_2024-12-19
0.1,3,PPI m/m|Core PPI m/m|CPI y/y,Neutral|Good|Good,1,1,0,100.0,0.0,inf,2025-05-19_2025-06-17
0.1,3,PPI m/m|Core PPI m/m|CPI y/y,Bad|Bad|Good,1,0,1,0.0,100.0,0.0,2026-02-13_2026-03-14
0.2,3,PPI m/m|Core PPI m/m|CPI y/y,Bad|Neutral|Bad,1,1,0,100.0,0.0,inf,2021-06-09_2021-07-08
0.2,3,PPI m/m|Core PPI m/m|CPI y/y,Neutral|Good|Neutral,1,1,0,100.0,0.0,inf,2021-10-07_2021-11-05
0.2,3,PPI m/m|Core PPI m/m|CPI y/y,Neutral|Good|Good,1,1,0,100.0,0.0,inf,2022-11-01_2022-11-30
0.2,3,PPI m/m|Core PPI m/m|CPI y/y,Neutral|Neutral|Good,1,0,1,0.0,100.0,0.0,2022-12-01_2022-12-30
0.2,3,PPI m/m|Core PPI m/m|CPI y/y,Good|Good|Neutral,3,2,1,66.7,33.3,2.0,2023-03-01_2023-03-30|2024-05-24_2024-06-22|2025-04-19_2025-05-18
0.2,3,PPI m/m|Core PPI m/m|CPI y/y,Neutral|Neutral|Neutral,9,5,4,55.6,44.4,1.25,2023-04-30_2023-05-29|2023-06-29_2023-07-28|2023-07-29_2023-08-27|2024-03-25_2024-04-23|2024-09-21_2024-10-20|2024-10-21_2024-11-19|2024-11-20_2024-12-19|2024-12-20_2025-01-18|2025-05-19_2025-06-17
0.2,3,PPI m/m|Core PPI m/m|CPI y/y,Bad|Neutral|Neutral,2,2,0,100.0,0.0,inf,2023-08-28_2023-09-26|2024-02-24_2024-03-24
0.2,3,PPI m/m|Core PPI m/m|CPI y/y,Neutral|Bad|Neutral,2,1,1,50.0,50.0,1.0,2024-04-24_2024-05-23|2026-02-13_2026-03-14
0.2,3,PPI m/m|Core PPI m/m|CPI y/y,Bad|Bad|Neutral,1,1,0,100.0,0.0,inf,2025-07-18_2025-08-16
0.3,3,PPI m/m|Core PPI m/m|CPI y/y,Bad|Neutral|Neutral,1,1,0,100.0,0.0,inf,2021-06-09_2021-07-08
0.3,3,PPI m/m|Core PPI m/m|CPI y/y,Neutral|Neutral|Neutral,15,10,5,66.7,33.3,2.0,2021-10-07_2021-11-05|2022-11-01_2022-11-30|2022-12-01_2022-12-30|2023-04-30_2023-05-29|2023-06-29_2023-07-28|2023-07-29_2023-08-27|2023-08-28_2023-09-26|2024-02-24_2024-03-24|2024-03-25_2024-04-23|2024-04-24_2024-05-23|2024-09-21_2024-10-20|2024-10-21_2024-11-19|2024-11-20_2024-12-19|2024-12-20_2025-01-18|2025-05-19_2025-06-17
0.3,3,PPI m/m|Core PPI m/m|CPI y/y,Good|Good|Neutral,2,2,0,100.0,0.0,inf,2023-03-01_2023-03-30|2025-04-19_2025-05-18
0.3,3,PPI m/m|Core PPI m/m|CPI y/y,Good|Neutral|Neutral,1,0,1,0.0,100.0,0.0,2024-05-24_2024-06-22
0.3,3,PPI m/m|Core PPI m/m|CPI y/y,Bad|Bad|Neutral,1,1,0,100.0,0.0,inf,2025-07-18_2025-08-16
0.3,3,PPI m/m|Core PPI m/m|CPI y/y,Neutral|Bad|Neutral,1,0,1,0.0,100.0,0.0,2026-02-13_2026-03-14
0.0,3,PPI m/m|FOMC|CPI y/y,Good|Neutral|Neutral,1,1,0,100.0,0.0,inf,2023-03-01_2023-03-30
0.0,3,PPI m/m|FOMC|CPI y/y,Good|Neutral|Good,3,1,2,33.3,66.7,0.5,2023-04-30_2023-05-29|2023-06-29_2023-07-28|2024-05-24_2024-06-22
0.0,3,PPI m/m|FOMC|CPI y/y,Bad|Neutral|Bad,1,1,0,100.0,0.0,inf,2023-08-28_2023-09-26
0.0,3,PPI m/m|FOMC|CPI y/y,Neutral|Neutral|Neutral,1,1,0,100.0,0.0,inf,2024-10-21_2024-11-19
0.0,3,PPI m/m|FOMC|CPI y/y,Bad|Neutral|Neutral,1,1,0,100.0,0.0,inf,2024-11-20_2024-12-19
0.1,3,PPI m/m|FOMC|CPI y/y,Good|Neutral|Neutral,1,1,0,100.0,0.0,inf,2023-03-01_2023-03-30
0.1,3,PPI m/m|FOMC|CPI y/y,Neutral|Neutral|Neutral,2,2,0,100.0,0.0,inf,2023-04-30_2023-05-29|2024-10-21_2024-11-19
0.1,3,PPI m/m|FOMC|CPI y/y,Neutral|Neutral|Good,1,0,1,0.0,100.0,0.0,2023-06-29_2023-07-28
0.1,3,PPI m/m|FOMC|CPI y/y,Bad|Neutral|Bad,1,1,0,100.0,0.0,inf,2023-08-28_2023-09-26
0.1,3,PPI m/m|FOMC|CPI y/y,Good|Neutral|Good,1,0,1,0.0,100.0,0.0,2024-05-24_2024-06-22
0.1,3,PPI m/m|FOMC|CPI y/y,Bad|Neutral|Neutral,1,1,0,100.0,0.0,inf,2024-11-20_2024-12-19
0.2,3,PPI m/m|FOMC|CPI y/y,Good|Neutral|Neutral,2,1,1,50.0,50.0,1.0,2023-03-01_2023-03-30|2024-05-24_2024-06-22
0.2,3,PPI m/m|FOMC|CPI y/y,Neutral|Neutral|Neutral,4,3,1,75.0,25.0,3.0,2023-04-30_2023-05-29|2023-06-29_2023-07-28|2024-10-21_2024-11-19|2024-11-20_2024-12-19
0.2,3,PPI m/m|FOMC|CPI y/y,Bad|Neutral|Neutral,1,1,0,100.0,0.0,inf,2023-08-28_2023-09-26
0.3,3,PPI m/m|FOMC|CPI y/y,Good|Neutral|Neutral,2,1,1,50.0,50.0,1.0,2023-03-01_2023-03-30|2024-05-24_2024-06-22
0.3,3,PPI m/m|FOMC|CPI y/y,Neutral|Neutral|Neutral,5,4,1,80.0,20.0,4.0,2023-04-30_2023-05-29|2023-06-29_2023-07-28|2023-08-28_2023-09-26|2024-10-21_2024-11-19|2024-11-20_2024-12-19
0.0,3,Core PPI m/m|FOMC|CPI y/y,Good|Neutral|Neutral,1,1,0,100.0,0.0,inf,2023-03-01_2023-03-30
0.0,3,Core PPI m/m|FOMC|CPI y/y,Neutral|Neutral|Good,1,1,0,100.0,0.0,inf,2023-04-30_2023-05-29
0.0,3,Core PPI m/m|FOMC|CPI y/y,Good|Neutral|Good,2,0,2,0.0,100.0,0.0,2023-06-29_2023-07-28|2024-05-24_2024-06-22
0.0,3,Core PPI m/m|FOMC|CPI y/y,Neutral|Neutral|Bad,1,1,0,100.0,0.0,inf,2023-08-28_2023-09-26
0.0,3,Core PPI m/m|FOMC|CPI y/y,Neutral|Neutral|Neutral,2,2,0,100.0,0.0,inf,2024-10-21_2024-11-19|2024-11-20_2024-12-19
0.1,3,Core PPI m/m|FOMC|CPI y/y,Good|Neutral|Neutral,1,1,0,100.0,0.0,inf,2023-03-01_2023-03-30
0.1,3,Core PPI m/m|FOMC|CPI y/y,Neutral|Neutral|Neutral,3,3,0,100.0,0.0,inf,2023-04-30_2023-05-29|2024-10-21_2024-11-19|2024-11-20_2024-12-19
0.1,3,Core PPI m/m|FOMC|CPI y/y,Neutral|Neutral|Good,1,0,1,0.0,100.0,0.0,2023-06-29_2023-07-28
0.1,3,Core PPI m/m|FOMC|CPI y/y,Neutral|Neutral|Bad,1,1,0,100.0,0.0,inf,2023-08-28_2023-09-26
0.1,3,Core PPI m/m|FOMC|CPI y/y,Good|Neutral|Good,1,0,1,0.0,100.0,0.0,2024-05-24_2024-06-22
0.2,3,Core PPI m/m|FOMC|CPI y/y,Good|Neutral|Neutral,2,1,1,50.0,50.0,1.0,2023-03-01_2023-03-30|2024-05-24_2024-06-22
0.2,3,Core PPI m/m|FOMC|CPI y/y,Neutral|Neutral|Neutral,5,4,1,80.0,20.0,4.0,2023-04-30_2023-05-29|2023-06-29_2023-07-28|2023-08-28_2023-09-26|2024-10-21_2024-11-19|2024-11-20_2024-12-19
0.3,3,Core PPI m/m|FOMC|CPI y/y,Good|Neutral|Neutral,1,1,0,100.0,0.0,inf,2023-03-01_2023-03-30
0.3,3,Core PPI m/m|FOMC|CPI y/y,Neutral|Neutral|Neutral,6,4,2,66.7,33.3,2.0,2023-04-30_2023-05-29|2023-06-29_2023-07-28|2023-08-28_2023-09-26|2024-05-24_2024-06-22|2024-10-21_2024-11-19|2024-11-20_2024-12-19
0.0,4,CPI m/m|Core CPI m/m|PPI m/m|Core PPI m/m,Bad|Bad|Bad|Bad,1,1,0,100.0,0.0,inf,2021-06-09_2021-07-08
0.0,4,CPI m/m|Core CPI m/m|PPI m/m|Core PPI m/m,Bad|Neutral|Good|Good,1,1,0,100.0,0.0,inf,2021-10-07_2021-11-05
0.0,4,CPI m/m|Core CPI m/m|PPI m/m|Core PPI m/m,Good|Good|Good|Good,5,3,2,60.0,40.0,1.5,2022-11-01_2022-11-30|2023-06-29_2023-07-28|2024-05-24_2024-06-22|2025-04-19_2025-05-18|2025-05-19_2025-06-17
0.0,4,CPI m/m|Core CPI m/m|PPI m/m|Core PPI m/m,Good|Good|Bad|Bad,1,0,1,0.0,100.0,0.0,2022-12-01_2022-12-30
0.0,4,CPI m/m|Core CPI m/m|PPI m/m|Core PPI m/m,Neutral|Bad|Good|Good,1,1,0,100.0,0.0,inf,2023-03-01_2023-03-30
0.0,4,CPI m/m|Core CPI m/m|PPI m/m|Core PPI m/m,Neutral|Bad|Good|Neutral,1,1,0,100.0,0.0,inf,2023-04-30_2023-05-29
0.0,4,CPI m/m|Core CPI m/m|PPI m/m|Core PPI m/m,Neutral|Neutral|Bad|Bad,2,1,1,50.0,50.0,1.0,2023-07-29_2023-08-27|2025-07-18_2025-08-16
0.0,4,CPI m/m|Core CPI m/m|PPI m/m|Core PPI m/m,Neutral|Bad|Bad|Neutral,1,1,0,100.0,0.0,inf,2023-08-28_2023-09-26
0.0,4,CPI m/m|Core CPI m/m|PPI m/m|Core PPI m/m,Neutral|Bad|Bad|Bad,1,1,0,100.0,0.0,inf,2024-02-24_2024-03-24
0.0,4,CPI m/m|Core CPI m/m|PPI m/m|Core PPI m/m,Bad|Bad|Good|Neutral,2,1,1,50.0,50.0,1.0,2024-03-25_2024-04-23|2024-09-21_2024-10-20
0.0,4,CPI m/m|Core CPI m/m|PPI m/m|Core PPI m/m,Good|Neutral|Bad|Bad,2,1,1,50.0,50.0,1.0,2024-04-24_2024-05-23|2026-02-13_2026-03-14
0.0,4,CPI m/m|Core CPI m/m|PPI m/m|Core PPI m/m,Neutral|Neutral|Neutral|Neutral,1,1,0,100.0,0.0,inf,2024-10-21_2024-11-19
0.0,4,CPI m/m|Core CPI m/m|PPI m/m|Core PPI m/m,Neutral|Neutral|Bad|Neutral,1,1,0,100.0,0.0,inf,2024-11-20_2024-12-19
0.0,4,CPI m/m|Core CPI m/m|PPI m/m|Core PPI m/m,Neutral|Good|Good|Good,1,0,1,0.0,100.0,0.0,2024-12-20_2025-01-18
0.1,4,CPI m/m|Core CPI m/m|PPI m/m|Core PPI m/m,Bad|Bad|Bad|Bad,1,1,0,100.0,0.0,inf,2021-06-09_2021-07-08
0.1,4,CPI m/m|Core CPI m/m|PPI m/m|Core PPI m/m,Bad|Neutral|Neutral|Good,1,1,0,100.0,0.0,inf,2021-10-07_2021-11-05
0.1,4,CPI m/m|Core CPI m/m|PPI m/m|Core PPI m/m,Good|Good|Good|Good,1,1,0,100.0,0.0,inf,2022-11-01_2022-11-30
0.1,4,CPI m/m|Core CPI m/m|PPI m/m|Core PPI m/m,Good|Neutral|Neutral|Bad,1,0,1,0.0,100.0,0.0,2022-12-01_2022-12-30
0.1,4,CPI m/m|Core CPI m/m|PPI m/m|Core PPI m/m,Neutral|Neutral|Good|Good,4,2,2,50.0,50.0,1.0,2023-03-01_2023-03-30|2024-05-24_2024-06-22|2024-12-20_2025-01-18|2025-04-19_2025-05-18
0.1,4,CPI m/m|Core CPI m/m|PPI m/m|Core PPI m/m,Neutral|Bad|Neutral|Neutral,1,1,0,100.0,0.0,inf,2023-04-30_2023-05-29
0.1,4,CPI m/m|Core CPI m/m|PPI m/m|Core PPI m/m,Neutral|Neutral|Neutral|Neutral,4,2,2,50.0,50.0,1.0,2023-06-29_2023-07-28|2023-07-29_2023-08-27|2024-09-21_2024-10-20|2024-10-21_2024-11-19
0.1,4,CPI m/m|Core CPI m/m|PPI m/m|Core PPI m/m,Neutral|Neutral|Bad|Neutral,2,2,0,100.0,0.0,inf,2023-08-28_2023-09-26|2024-11-20_2024-12-19
0.1,4,CPI m/m|Core CPI m/m|PPI m/m|Core PPI m/m,Neutral|Bad|Bad|Neutral,1,1,0,100.0,0.0,inf,2024-02-24_2024-03-24
0.1,4,CPI m/m|Core CPI m/m|PPI m/m|Core PPI m/m,Bad|Bad|Neutral|Neutral,1,0,1,0.0,100.0,0.0,2024-03-25_2024-04-23
0.1,4,CPI m/m|Core CPI m/m|PPI m/m|Core PPI m/m,Good|Neutral|Bad|Bad,1,1,0,100.0,0.0,inf,2024-04-24_2024-05-23
0.1,4,CPI m/m|Core CPI m/m|PPI m/m|Core PPI m/m,Neutral|Good|Neutral|Good,1,1,0,100.0,0.0,inf,2025-05-19_2025-06-17
0.1,4,CPI m/m|Core CPI m/m|PPI m/m|Core PPI m/m,Neutral|Neutral|Bad|Bad,2,1,1,50.0,50.0,1.0,2025-07-18_2025-08-16|2026-02-13_2026-03-14
0.2,4,CPI m/m|Core CPI m/m|PPI m/m|Core PPI m/m,Neutral|Neutral|Bad|Neutral,3,3,0,100.0,0.0,inf,2021-06-09_2021-07-08|2023-08-28_2023-09-26|2024-02-24_2024-03-24
0.2,4,CPI m/m|Core CPI m/m|PPI m/m|Core PPI m/m,Neutral|Neutral|Neutral|Good,2,2,0,100.0,0.0,inf,2021-10-07_2021-11-05|2022-11-01_2022-11-30
0.2,4,CPI m/m|Core CPI m/m|PPI m/m|Core PPI m/m,Neutral|Neutral|Neutral|Neutral,10,5,5,50.0,50.0,1.0,2022-12-01_2022-12-30|2023-04-30_2023-05-29|2023-06-29_2023-07-28|2023-07-29_2023-08-27|2024-03-25_2024-04-23|2024-09-21_2024-10-20|2024-10-21_2024-11-19|2024-11-20_2024-12-19|2024-12-20_2025-01-18|2025-05-19_2025-06-17
0.2,4,CPI m/m|Core CPI m/m|PPI m/m|Core PPI m/m,Neutral|Neutral|Good|Good,3,2,1,66.7,33.3,2.0,2023-03-01_2023-03-30|2024-05-24_2024-06-22|2025-04-19_2025-05-18
0.2,4,CPI m/m|Core CPI m/m|PPI m/m|Core PPI m/m,Neutral|Neutral|Neutral|Bad,2,1,1,50.0,50.0,1.0,2024-04-24_2024-05-23|2026-02-13_2026-03-14
0.2,4,CPI m/m|Core CPI m/m|PPI m/m|Core PPI m/m,Neutral|Neutral|Bad|Bad,1,1,0,100.0,0.0,inf,2025-07-18_2025-08-16
0.3,4,CPI m/m|Core CPI m/m|PPI m/m|Core PPI m/m,Neutral|Neutral|Bad|Neutral,1,1,0,100.0,0.0,inf,2021-06-09_2021-07-08
0.3,4,CPI m/m|Core CPI m/m|PPI m/m|Core PPI m/m,Neutral|Neutral|Neutral|Neutral,15,10,5,66.7,33.3,2.0,2021-10-07_2021-11-05|2022-11-01_2022-11-30|2022-12-01_2022-12-30|2023-04-30_2023-05-29|2023-06-29_2023-07-28|2023-07-29_2023-08-27|2023-08-28_2023-09-26|2024-02-24_2024-03-24|2024-03-25_2024-04-23|2024-04-24_2024-05-23|2024-09-21_2024-10-20|2024-10-21_2024-11-19|2024-11-20_2024-12-19|2024-12-20_2025-01-18|2025-05-19_2025-06-17
0.3,4,CPI m/m|Core CPI m/m|PPI m/m|Core PPI m/m,Neutral|Neutral|Good|Good,2,2,0,100.0,0.0,inf,2023-03-01_2023-03-30|2025-04-19_2025-05-18
0.3,4,CPI m/m|Core CPI m/m|PPI m/m|Core PPI m/m,Neutral|Neutral|Good|Neutral,1,0,1,0.0,100.0,0.0,2024-05-24_2024-06-22
0.3,4,CPI m/m|Core CPI m/m|PPI m/m|Core PPI m/m,Neutral|Neutral|Bad|Bad,1,1,0,100.0,0.0,inf,2025-07-18_2025-08-16
0.3,4,CPI m/m|Core CPI m/m|PPI m/m|Core PPI m/m,Neutral|Neutral|Neutral|Bad,1,0,1,0.0,100.0,0.0,2026-02-13_2026-03-14
0.0,4,CPI m/m|Core CPI m/m|PPI m/m|FOMC,Neutral|Bad|Good|Neutral,2,2,0,100.0,0.0,inf,2023-03-01_2023-03-30|2023-04-30_2023-05-29
0.0,4,CPI m/m|Core CPI m/m|PPI m/m|FOMC,Good|Good|Good|Neutral,2,0,2,0.0,100.0,0.0,2023-06-29_2023-07-28|2024-05-24_2024-06-22
0.0,4,CPI m/m|Core CPI m/m|PPI m/m|FOMC,Neutral|Bad|Bad|Neutral,1,1,0,100.0,0.0,inf,2023-08-28_2023-09-26
0.0,4,CPI m/m|Core CPI m/m|PPI m/m|FOMC,Neutral|Neutral|Neutral|Neutral,1,1,0,100.0,0.0,inf,2024-10-21_2024-11-19
0.0,4,CPI m/m|Core CPI m/m|PPI m/m|FOMC,Neutral|Neutral|Bad|Neutral,1,1,0,100.0,0.0,inf,2024-11-20_2024-12-19
0.1,4,CPI m/m|Core CPI m/m|PPI m/m|FOMC,Neutral|Neutral|Good|Neutral,2,1,1,50.0,50.0,1.0,2023-03-01_2023-03-30|2024-05-24_2024-06-22
0.1,4,CPI m/m|Core CPI m/m|PPI m/m|FOMC,Neutral|Bad|Neutral|Neutral,1,1,0,100.0,0.0,inf,2023-04-30_2023-05-29
0.1,4,CPI m/m|Core CPI m/m|PPI m/m|FOMC,Neutral|Neutral|Neutral|Neutral,2,1,1,50.0,50.0,1.0,2023-06-29_2023-07-28|2024-10-21_2024-11-19
0.1,4,CPI m/m|Core CPI m/m|PPI m/m|FOMC,Neutral|Neutral|Bad|Neutral,2,2,0,100.0,0.0,inf,2023-08-28_2023-09-26|2024-11-20_2024-12-19
0.2,4,CPI m/m|Core CPI m/m|PPI m/m|FOMC,Neutral|Neutral|Good|Neutral,2,1,1,50.0,50.0,1.0,2023-03-01_2023-03-30|2024-05-24_2024-06-22
0.2,4,CPI m/m|Core CPI m/m|PPI m/m|FOMC,Neutral|Neutral|Neutral|Neutral,4,3,1,75.0,25.0,3.0,2023-04-30_2023-05-29|2023-06-29_2023-07-28|2024-10-21_2024-11-19|2024-11-20_2024-12-19
0.2,4,CPI m/m|Core CPI m/m|PPI m/m|FOMC,Neutral|Neutral|Bad|Neutral,1,1,0,100.0,0.0,inf,2023-08-28_2023-09-26
0.3,4,CPI m/m|Core CPI m/m|PPI m/m|FOMC,Neutral|Neutral|Good|Neutral,2,1,1,50.0,50.0,1.0,2023-03-01_2023-03-30|2024-05-24_2024-06-22
0.3,4,CPI m/m|Core CPI m/m|PPI m/m|FOMC,Neutral|Neutral|Neutral|Neutral,5,4,1,80.0,20.0,4.0,2023-04-30_2023-05-29|2023-06-29_2023-07-28|2023-08-28_2023-09-26|2024-10-21_2024-11-19|2024-11-20_2024-12-19
0.0,4,CPI m/m|Core CPI m/m|PPI m/m|CPI y/y,Bad|Bad|Bad|Bad,1,1,0,100.0,0.0,inf,2021-06-09_2021-07-08
0.0,4,CPI m/m|Core CPI m/m|PPI m/m|CPI y/y,Bad|Neutral|Good|Bad,1,1,0,100.0,0.0,inf,2021-10-07_2021-11-05
0.0,4,CPI m/m|Core CPI m/m|PPI m/m|CPI y/y,Good|Good|Good|Good,5,3,2,60.0,40.0,1.5,2022-11-01_2022-11-30|2023-06-29_2023-07-28|2024-05-24_2024-06-22|2025-04-19_2025-05-18|2025-05-19_2025-06-17
0.0,4,CPI m/m|Core CPI m/m|PPI m/m|CPI y/y,Good|Good|Bad|Good,1,0,1,0.0,100.0,0.0,2022-12-01_2022-12-30
0.0,4,CPI m/m|Core CPI m/m|PPI m/m|CPI y/y,Neutral|Bad|Good|Neutral,1,1,0,100.0,0.0,inf,2023-03-01_2023-03-30
0.0,4,CPI m/m|Core CPI m/m|PPI m/m|CPI y/y,Neutral|Bad|Good|Good,1,1,0,100.0,0.0,inf,2023-04-30_2023-05-29
0.0,4,CPI m/m|Core CPI m/m|PPI m/m|CPI y/y,Neutral|Neutral|Bad|Good,2,1,1,50.0,50.0,1.0,2023-07-29_2023-08-27|2025-07-18_2025-08-16
0.0,4,CPI m/m|Core CPI m/m|PPI m/m|CPI y/y,Neutral|Bad|Bad|Bad,2,2,0,100.0,0.0,inf,2023-08-28_2023-09-26|2024-02-24_2024-03-24
0.0,4,CPI m/m|Core CPI m/m|PPI m/m|CPI y/y,Bad|Bad|Good|Bad,2,1,1,50.0,50.0,1.0,2024-03-25_2024-04-23|2024-09-21_2024-10-20
0.0,4,CPI m/m|Core CPI m/m|PPI m/m|CPI y/y,Good|Neutral|Bad|Neutral,1,1,0,100.0,0.0,inf,2024-04-24_2024-05-23
0.0,4,CPI m/m|Core CPI m/m|PPI m/m|CPI y/y,Neutral|Neutral|Neutral|Neutral,1,1,0,100.0,0.0,inf,2024-10-21_2024-11-19
0.0,4,CPI m/m|Core CPI m/m|PPI m/m|CPI y/y,Neutral|Neutral|Bad|Neutral,1,1,0,100.0,0.0,inf,2024-11-20_2024-12-19
0.0,4,CPI m/m|Core CPI m/m|PPI m/m|CPI y/y,Neutral|Good|Good|Neutral,1,0,1,0.0,100.0,0.0,2024-12-20_2025-01-18
0.0,4,CPI m/m|Core CPI m/m|PPI m/m|CPI y/y,Good|Neutral|Bad|Good,1,0,1,0.0,100.0,0.0,2026-02-13_2026-03-14
0.1,4,CPI m/m|Core CPI m/m|PPI m/m|CPI y/y,Bad|Bad|Bad|Bad,1,1,0,100.0,0.0,inf,2021-06-09_2021-07-08
0.1,4,CPI m/m|Core CPI m/m|PPI m/m|CPI y/y,Bad|Neutral|Neutral|Bad,1,1,0,100.0,0.0,inf,2021-10-07_2021-11-05
0.1,4,CPI m/m|Core CPI m/m|PPI m/m|CPI y/y,Good|Good|Good|Good,1,1,0,100.0,0.0,inf,2022-11-01_2022-11-30
0.1,4,CPI m/m|Core CPI m/m|PPI m/m|CPI y/y,Good|Neutral|Neutral|Good,1,0,1,0.0,100.0,0.0,2022-12-01_2022-12-30
0.1,4,CPI m/m|Core CPI m/m|PPI m/m|CPI y/y,Neutral|Neutral|Good|Neutral,2,1,1,50.0,50.0,1.0,2023-03-01_2023-03-30|2024-12-20_2025-01-18
0.1,4,CPI m/m|Core CPI m/m|PPI m/m|CPI y/y,Neutral|Bad|Neutral|Neutral,1,1,0,100.0,0.0,inf,2023-04-30_2023-05-29
0.1,4,CPI m/m|Core CPI m/m|PPI m/m|CPI y/y,Neutral|Neutral|Neutral|Good,1,0,1,0.0,100.0,0.0,2023-06-29_2023-07-28
0.1,4,CPI m/m|Core CPI m/m|PPI m/m|CPI y/y,Neutral|Neutral|Neutral|Neutral,2,1,1,50.0,50.0,1.0,2023-07-29_2023-08-27|2024-10-21_2024-11-19
0.1,4,CPI m/m|Core CPI m/m|PPI m/m|CPI y/y,Neutral|Neutral|Bad|Bad,1,1,0,100.0,0.0,inf,2023-08-28_2023-09-26
0.1,4,CPI m/m|Core CPI m/m|PPI m/m|CPI y/y,Neutral|Bad|Bad|Bad,1,1,0,100.0,0.0,inf,2024-02-24_2024-03-24
0.1,4,CPI m/m|Core CPI m/m|PPI m/m|CPI y/y,Bad|Bad|Neutral|Bad,1,0,1,0.0,100.0,0.0,2024-03-25_2024-04-23
0.1,4,CPI m/m|Core CPI m/m|PPI m/m|CPI y/y,Good|Neutral|Bad|Neutral,1,1,0,100.0,0.0,inf,2024-04-24_2024-05-23
0.1,4,CPI m/m|Core CPI m/m|PPI m/m|CPI y/y,Neutral|Neutral|Good|Good,2,1,1,50.0,50.0,1.0,2024-05-24_2024-06-22|2025-04-19_2025-05-18
0.1,4,CPI m/m|Core CPI m/m|PPI m/m|CPI y/y,Neutral|Neutral|Neutral|Bad,1,1,0,100.0,0.0,inf,2024-09-21_2024-10-20
0.1,4,CPI m/m|Core CPI m/m|PPI m/m|CPI y/y,Neutral|Neutral|Bad|Neutral,2,2,0,100.0,0.0,inf,2024-11-20_2024-12-19|2025-07-18_2025-08-16
0.1,4,CPI m/m|Core CPI m/m|PPI m/m|CPI y/y,Neutral|Good|Neutral|Good,1,1,0,100.0,0.0,inf,2025-05-19_2025-06-17
0.1,4,CPI m/m|Core CPI m/m|PPI m/m|CPI y/y,Neutral|Neutral|Bad|Good,1,0,1,0.0,100.0,0.0,2026-02-13_2026-03-14
0.2,4,CPI m/m|Core CPI m/m|PPI m/m|CPI y/y,Neutral|Neutral|Bad|Bad,1,1,0,100.0,0.0,inf,2021-06-09_2021-07-08
0.2,4,CPI m/m|Core CPI m/m|PPI m/m|CPI y/y,Neutral|Neutral|Neutral|Neutral,12,7,5,58.3,41.7,1.4,2021-10-07_2021-11-05|2023-04-30_2023-05-29|2023-06-29_2023-07-28|2023-07-29_2023-08-27|2024-03-25_2024-04-23|2024-04-24_2024-05-23|2024-09-21_2024-10-20|2024-10-21_2024-11-19|2024-11-20_2024-12-19|2024-12-20_2025-01-18|2025-05-19_2025-06-17|2026-02-13_2026-03-14
0.2,4,CPI m/m|Core CPI m/m|PPI m/m|CPI y/y,Neutral|Neutral|Neutral|Good,2,1,1,50.0,50.0,1.0,2022-11-01_2022-11-30|2022-12-01_2022-12-30
0.2,4,CPI m/m|Core CPI m/m|PPI m/m|CPI y/y,Neutral|Neutral|Good|Neutral,3,2,1,66.7,33.3,2.0,2023-03-01_2023-03-30|2024-05-24_2024-06-22|2025-04-19_2025-05-18
0.2,4,CPI m/m|Core CPI m/m|PPI m/m|CPI y/y,Neutral|Neutral|Bad|Neutral,3,3,0,100.0,0.0,inf,2023-08-28_2023-09-26|2024-02-24_2024-03-24|2025-07-18_2025-08-16
0.3,4,CPI m/m|Core CPI m/m|PPI m/m|CPI y/y,Neutral|Neutral|Bad|Neutral,2,2,0,100.0,0.0,inf,2021-06-09_2021-07-08|2025-07-18_2025-08-16
0.3,4,CPI m/m|Core CPI m/m|PPI m/m|CPI y/y,Neutral|Neutral|Neutral|Neutral,16,10,6,62.5,37.5,1.67,2021-10-07_2021-11-05|2022-11-01_2022-11-30|2022-12-01_2022-12-30|2023-04-30_2023-05-29|2023-06-29_2023-07-28|2023-07-29_2023-08-27|2023-08-28_2023-09-26|2024-02-24_2024-03-24|2024-03-25_2024-04-23|2024-04-24_2024-05-23|2024-09-21_2024-10-20|2024-10-21_2024-11-19|2024-11-20_2024-12-19|2024-12-20_2025-01-18|2025-05-19_2025-06-17|2026-02-13_2026-03-14
0.3,4,CPI m/m|Core CPI m/m|PPI m/m|CPI y/y,Neutral|Neutral|Good|Neutral,3,2,1,66.7,33.3,2.0,2023-03-01_2023-03-30|2024-05-24_2024-06-22|2025-04-19_2025-05-18
0.0,4,CPI m/m|Core CPI m/m|Core PPI m/m|FOMC,Neutral|Bad|Good|Neutral,1,1,0,100.0,0.0,inf,2023-03-01_2023-03-30
0.0,4,CPI m/m|Core CPI m/m|Core PPI m/m|FOMC,Neutral|Bad|Neutral|Neutral,2,2,0,100.0,0.0,inf,2023-04-30_2023-05-29|2023-08-28_2023-09-26
0.0,4,CPI m/m|Core CPI m/m|Core PPI m/m|FOMC,Good|Good|Good|Neutral,2,0,2,0.0,100.0,0.0,2023-06-29_2023-07-28|2024-05-24_2024-06-22
0.0,4,CPI m/m|Core CPI m/m|Core PPI m/m|FOMC,Neutral|Neutral|Neutral|Neutral,2,2,0,100.0,0.0,inf,2024-10-21_2024-11-19|2024-11-20_2024-12-19
0.1,4,CPI m/m|Core CPI m/m|Core PPI m/m|FOMC,Neutral|Neutral|Good|Neutral,2,1,1,50.0,50.0,1.0,2023-03-01_2023-03-30|2024-05-24_2024-06-22
0.1,4,CPI m/m|Core CPI m/m|Core PPI m/m|FOMC,Neutral|Bad|Neutral|Neutral,1,1,0,100.0,0.0,inf,2023-04-30_2023-05-29
0.1,4,CPI m/m|Core CPI m/m|Core PPI m/m|FOMC,Neutral|Neutral|Neutral|Neutral,4,3,1,75.0,25.0,3.0,2023-06-29_2023-07-28|2023-08-28_2023-09-26|2024-10-21_2024-11-19|2024-11-20_2024-12-19
0.2,4,CPI m/m|Core CPI m/m|Core PPI m/m|FOMC,Neutral|Neutral|Good|Neutral,2,1,1,50.0,50.0,1.0,2023-03-01_2023-03-30|2024-05-24_2024-06-22
0.2,4,CPI m/m|Core CPI m/m|Core PPI m/m|FOMC,Neutral|Neutral|Neutral|Neutral,5,4,1,80.0,20.0,4.0,2023-04-30_2023-05-29|2023-06-29_2023-07-28|2023-08-28_2023-09-26|2024-10-21_2024-11-19|2024-11-20_2024-12-19
0.3,4,CPI m/m|Core CPI m/m|Core PPI m/m|FOMC,Neutral|Neutral|Good|Neutral,1,1,0,100.0,0.0,inf,2023-03-01_2023-03-30
0.3,4,CPI m/m|Core CPI m/m|Core PPI m/m|FOMC,Neutral|Neutral|Neutral|Neutral,6,4,2,66.7,33.3,2.0,2023-04-30_2023-05-29|2023-06-29_2023-07-28|2023-08-28_2023-09-26|2024-05-24_2024-06-22|2024-10-21_2024-11-19|2024-11-20_2024-12-19
0.0,4,CPI m/m|Core CPI m/m|Core PPI m/m|CPI y/y,Bad|Bad|Bad|Bad,1,1,0,100.0,0.0,inf,2021-06-09_2021-07-08
0.0,4,CPI m/m|Core CPI m/m|Core PPI m/m|CPI y/y,Bad|Neutral|Good|Bad,1,1,0,100.0,0.0,inf,2021-10-07_2021-11-05
0.0,4,CPI m/m|Core CPI m/m|Core PPI m/m|CPI y/y,Good|Good|Good|Good,5,3,2,60.0,40.0,1.5,2022-11-01_2022-11-30|2023-06-29_2023-07-28|2024-05-24_2024-06-22|2025-04-19_2025-05-18|2025-05-19_2025-06-17
0.0,4,CPI m/m|Core CPI m/m|Core PPI m/m|CPI y/y,Good|Good|Bad|Good,1,0,1,0.0,100.0,0.0,2022-12-01_2022-12-30
0.0,4,CPI m/m|Core CPI m/m|Core PPI m/m|CPI y/y,Neutral|Bad|Good|Neutral,1,1,0,100.0,0.0,inf,2023-03-01_2023-03-30
0.0,4,CPI m/m|Core CPI m/m|Core PPI m/m|CPI y/y,Neutral|Bad|Neutral|Good,1,1,0,100.0,0.0,inf,2023-04-30_2023-05-29
0.0,4,CPI m/m|Core CPI m/m|Core PPI m/m|CPI y/y,Neutral|Neutral|Bad|Good,2,1,1,50.0,50.0,1.0,2023-07-29_2023-08-27|2025-07-18_2025-08-16
0.0,4,CPI m/m|Core CPI m/m|Core PPI m/m|CPI y/y,Neutral|Bad|Neutral|Bad,1,1,0,100.0,0.0,inf,2023-08-28_2023-09-26
0.0,4,CPI m/m|Core CPI m/m|Core PPI m/m|CPI y/y,Neutral|Bad|Bad|Bad,1,1,0,100.0,0.0,inf,2024-02-24_2024-03-24
0.0,4,CPI m/m|Core CPI m/m|Core PPI m/m|CPI y/y,Bad|Bad|Neutral|Bad,2,1,1,50.0,50.0,1.0,2024-03-25_2024-04-23|2024-09-21_2024-10-20
0.0,4,CPI m/m|Core CPI m/m|Core PPI m/m|CPI y/y,Good|Neutral|Bad|Neutral,1,1,0,100.0,0.0,inf,2024-04-24_2024-05-23
0.0,4,CPI m/m|Core CPI m/m|Core PPI m/m|CPI y/y,Neutral|Neutral|Neutral|Neutral,2,2,0,100.0,0.0,inf,2024-10-21_2024-11-19|2024-11-20_2024-12-19
0.0,4,CPI m/m|Core CPI m/m|Core PPI m/m|CPI y/y,Neutral|Good|Good|Neutral,1,0,1,0.0,100.0,0.0,2024-12-20_2025-01-18
0.0,4,CPI m/m|Core CPI m/m|Core PPI m/m|CPI y/y,Good|Neutral|Bad|Good,1,0,1,0.0,100.0,0.0,2026-02-13_2026-03-14
0.1,4,CPI m/m|Core CPI m/m|Core PPI m/m|CPI y/y,Bad|Bad|Bad|Bad,1,1,0,100.0,0.0,inf,2021-06-09_2021-07-08
0.1,4,CPI m/m|Core CPI m/m|Core PPI m/m|CPI y/y,Bad|Neutral|Good|Bad,1,1,0,100.0,0.0,inf,2021-10-07_2021-11-05
0.1,4,CPI m/m|Core CPI m/m|Core PPI m/m|CPI y/y,Good|Good|Good|Good,1,1,0,100.0,0.0,inf,2022-11-01_2022-11-30
0.1,4,CPI m/m|Core CPI m/m|Core PPI m/m|CPI y/y,Good|Neutral|Bad|Good,1,0,1,0.0,100.0,0.0,2022-12-01_2022-12-30
0.1,4,CPI m/m|Core CPI m/m|Core PPI m/m|CPI y/y,Neutral|Neutral|Good|Neutral,2,1,1,50.0,50.0,1.0,2023-03-01_2023-03-30|2024-12-20_2025-01-18
0.1,4,CPI m/m|Core CPI m/m|Core PPI m/m|CPI y/y,Neutral|Bad|Neutral|Neutral,1,1,0,100.0,0.0,inf,2023-04-30_2023-05-29
0.1,4,CPI m/m|Core CPI m/m|Core PPI m/m|CPI y/y,Neutral|Neutral|Neutral|Good,1,0,1,0.0,100.0,0.0,2023-06-29_2023-07-28
0.1,4,CPI m/m|Core CPI m/m|Core PPI m/m|CPI y/y,Neutral|Neutral|Neutral|Neutral,3,2,1,66.7,33.3,2.0,2023-07-29_2023-08-27|2024-10-21_2024-11-19|2024-11-20_2024-12-19
0.1,4,CPI m/m|Core CPI m/m|Core PPI m/m|CPI y/y,Neutral|Neutral|Neutral|Bad,2,2,0,100.0,0.0,inf,2023-08-28_2023-09-26|2024-09-21_2024-10-20
0.1,4,CPI m/m|Core CPI m/m|Core PPI m/m|CPI y/y,Neutral|Bad|Neutral|Bad,1,1,0,100.0,0.0,inf,2024-02-24_2024-03-24
0.1,4,CPI m/m|Core CPI m/m|Core PPI m/m|CPI y/y,Bad|Bad|Neutral|Bad,1,0,1,0.0,100.0,0.0,2024-03-25_2024-04-23
0.1,4,CPI m/m|Core CPI m/m|Core PPI m/m|CPI y/y,Good|Neutral|Bad|Neutral,1,1,0,100.0,0.0,inf,2024-04-24_2024-05-23
0.1,4,CPI m/m|Core CPI m/m|Core PPI m/m|CPI y/y,Neutral|Neutral|Good|Good,2,1,1,50.0,50.0,1.0,2024-05-24_2024-06-22|2025-04-19_2025-05-18
0.1,4,CPI m/m|Core CPI m/m|Core PPI m/m|CPI y/y,Neutral|Good|Good|Good,1,1,0,100.0,0.0,inf,2025-05-19_2025-06-17
0.1,4,CPI m/m|Core CPI m/m|Core PPI m/m|CPI y/y,Neutral|Neutral|Bad|Neutral,1,1,0,100.0,0.0,inf,2025-07-18_2025-08-16
0.1,4,CPI m/m|Core CPI m/m|Core PPI m/m|CPI y/y,Neutral|Neutral|Bad|Good,1,0,1,0.0,100.0,0.0,2026-02-13_2026-03-14
0.2,4,CPI m/m|Core CPI m/m|Core PPI m/m|CPI y/y,Neutral|Neutral|Neutral|Bad,1,1,0,100.0,0.0,inf,2021-06-09_2021-07-08
0.2,4,CPI m/m|Core CPI m/m|Core PPI m/m|CPI y/y,Neutral|Neutral|Good|Neutral,4,3,1,75.0,25.0,3.0,2021-10-07_2021-11-05|2023-03-01_2023-03-30|2024-05-24_2024-06-22|2025-04-19_2025-05-18
0.2,4,CPI m/m|Core CPI m/m|Core PPI m/m|CPI y/y,Neutral|Neutral|Good|Good,1,1,0,100.0,0.0,inf,2022-11-01_2022-11-30
0.2,4,CPI m/m|Core CPI m/m|Core PPI m/m|CPI y/y,Neutral|Neutral|Neutral|Good,1,0,1,0.0,100.0,0.0,2022-12-01_2022-12-30
0.2,4,CPI m/m|Core CPI m/m|Core PPI m/m|CPI y/y,Neutral|Neutral|Neutral|Neutral,11,7,4,63.6,36.4,1.75,2023-04-30_2023-05-29|2023-06-29_2023-07-28|2023-07-29_2023-08-27|2023-08-28_2023-09-26|2024-02-24_2024-03-24|2024-03-25_2024-04-23|2024-09-21_2024-10-20|2024-10-21_2024-11-19|2024-11-20_2024-12-19|2024-12-20_2025-01-18|2025-05-19_2025-06-17
0.2,4,CPI m/m|Core CPI m/m|Core PPI m/m|CPI y/y,Neutral|Neutral|Bad|Neutral,3,2,1,66.7,33.3,2.0,2024-04-24_2024-05-23|2025-07-18_2025-08-16|2026-02-13_2026-03-14
0.3,4,CPI m/m|Core CPI m/m|Core PPI m/m|CPI y/y,Neutral|Neutral|Neutral|Neutral,17,11,6,64.7,35.3,1.83,2021-06-09_2021-07-08|2021-10-07_2021-11-05|2022-11-01_2022-11-30|2022-12-01_2022-12-30|2023-04-30_2023-05-29|2023-06-29_2023-07-28|2023-07-29_2023-08-27|2023-08-28_2023-09-26|2024-02-24_2024-03-24|2024-03-25_2024-04-23|2024-04-24_2024-05-23|2024-05-24_2024-06-22|2024-09-21_2024-10-20|2024-10-21_2024-11-19|2024-11-20_2024-12-19|2024-12-20_2025-01-18|2025-05-19_2025-06-17
0.3,4,CPI m/m|Core CPI m/m|Core PPI m/m|CPI y/y,Neutral|Neutral|Good|Neutral,2,2,0,100.0,0.0,inf,2023-03-01_2023-03-30|2025-04-19_2025-05-18
0.3,4,CPI m/m|Core CPI m/m|Core PPI m/m|CPI y/y,Neutral|Neutral|Bad|Neutral,2,1,1,50.0,50.0,1.0,2025-07-18_2025-08-16|2026-02-13_2026-03-14
0.0,4,CPI m/m|Core CPI m/m|FOMC|CPI y/y,Neutral|Bad|Neutral|Neutral,1,1,0,100.0,0.0,inf,2023-03-01_2023-03-30
0.0,4,CPI m/m|Core CPI m/m|FOMC|CPI y/y,Neutral|Bad|Neutral|Good,1,1,0,100.0,0.0,inf,2023-04-30_2023-05-29
0.0,4,CPI m/m|Core CPI m/m|FOMC|CPI y/y,Good|Good|Neutral|Good,2,0,2,0.0,100.0,0.0,2023-06-29_2023-07-28|2024-05-24_2024-06-22
0.0,4,CPI m/m|Core CPI m/m|FOMC|CPI y/y,Neutral|Bad|Neutral|Bad,1,1,0,100.0,0.0,inf,2023-08-28_2023-09-26
0.0,4,CPI m/m|Core CPI m/m|FOMC|CPI y/y,Neutral|Neutral|Neutral|Neutral,2,2,0,100.0,0.0,inf,2024-10-21_2024-11-19|2024-11-20_2024-12-19
0.1,4,CPI m/m|Core CPI m/m|FOMC|CPI y/y,Neutral|Neutral|Neutral|Neutral,3,3,0,100.0,0.0,inf,2023-03-01_2023-03-30|2024-10-21_2024-11-19|2024-11-20_2024-12-19
0.1,4,CPI m/m|Core CPI m/m|FOMC|CPI y/y,Neutral|Bad|Neutral|Neutral,1,1,0,100.0,0.0,inf,2023-04-30_2023-05-29
0.1,4,CPI m/m|Core CPI m/m|FOMC|CPI y/y,Neutral|Neutral|Neutral|Good,2,0,2,0.0,100.0,0.0,2023-06-29_2023-07-28|2024-05-24_2024-06-22
0.1,4,CPI m/m|Core CPI m/m|FOMC|CPI y/y,Neutral|Neutral|Neutral|Bad,1,1,0,100.0,0.0,inf,2023-08-28_2023-09-26
0.2,4,CPI m/m|Core CPI m/m|FOMC|CPI y/y,Neutral|Neutral|Neutral|Neutral,7,5,2,71.4,28.6,2.5,2023-03-01_2023-03-30|2023-04-30_2023-05-29|2023-06-29_2023-07-28|2023-08-28_2023-09-26|2024-05-24_2024-06-22|2024-10-21_2024-11-19|2024-11-20_2024-12-19
0.3,4,CPI m/m|Core CPI m/m|FOMC|CPI y/y,Neutral|Neutral|Neutral|Neutral,7,5,2,71.4,28.6,2.5,2023-03-01_2023-03-30|2023-04-30_2023-05-29|2023-06-29_2023-07-28|2023-08-28_2023-09-26|2024-05-24_2024-06-22|2024-10-21_2024-11-19|2024-11-20_2024-12-19
0.0,4,CPI m/m|PPI m/m|Core PPI m/m|FOMC,Neutral|Good|Good|Neutral,1,1,0,100.0,0.0,inf,2023-03-01_2023-03-30
0.0,4,CPI m/m|PPI m/m|Core PPI m/m|FOMC,Neutral|Good|Neutral|Neutral,1,1,0,100.0,0.0,inf,2023-04-30_2023-05-29
0.0,4,CPI m/m|PPI m/m|Core PPI m/m|FOMC,Good|Good|Good|Neutral,2,0,2,0.0,100.0,0.0,2023-06-29_2023-07-28|2024-05-24_2024-06-22
0.0,4,CPI m/m|PPI m/m|Core PPI m/m|FOMC,Neutral|Bad|Neutral|Neutral,2,2,0,100.0,0.0,inf,2023-08-28_2023-09-26|2024-11-20_2024-12-19
0.0,4,CPI m/m|PPI m/m|Core PPI m/m|FOMC,Neutral|Neutral|Neutral|Neutral,1,1,0,100.0,0.0,inf,2024-10-21_2024-11-19
0.1,4,CPI m/m|PPI m/m|Core PPI m/m|FOMC,Neutral|Good|Good|Neutral,2,1,1,50.0,50.0,1.0,2023-03-01_2023-03-30|2024-05-24_2024-06-22
0.1,4,CPI m/m|PPI m/m|Core PPI m/m|FOMC,Neutral|Neutral|Neutral|Neutral,3,2,1,66.7,33.3,2.0,2023-04-30_2023-05-29|2023-06-29_2023-07-28|2024-10-21_2024-11-19
0.1,4,CPI m/m|PPI m/m|Core PPI m/m|FOMC,Neutral|Bad|Neutral|Neutral,2,2,0,100.0,0.0,inf,2023-08-28_2023-09-26|2024-11-20_2024-12-19
0.2,4,CPI m/m|PPI m/m|Core PPI m/m|FOMC,Neutral|Good|Good|Neutral,2,1,1,50.0,50.0,1.0,2023-03-01_2023-03-30|2024-05-24_2024-06-22
0.2,4,CPI m/m|PPI m/m|Core PPI m/m|FOMC,Neutral|Neutral|Neutral|Neutral,4,3,1,75.0,25.0,3.0,2023-04-30_2023-05-29|2023-06-29_2023-07-28|2024-10-21_2024-11-19|2024-11-20_2024-12-19
0.2,4,CPI m/m|PPI m/m|Core PPI m/m|FOMC,Neutral|Bad|Neutral|Neutral,1,1,0,100.0,0.0,inf,2023-08-28_2023-09-26
0.3,4,CPI m/m|PPI m/m|Core PPI m/m|FOMC,Neutral|Good|Good|Neutral,1,1,0,100.0,0.0,inf,2023-03-01_2023-03-30
0.3,4,CPI m/m|PPI m/m|Core PPI m/m|FOMC,Neutral|Neutral|Neutral|Neutral,5,4,1,80.0,20.0,4.0,2023-04-30_2023-05-29|2023-06-29_2023-07-28|2023-08-28_2023-09-26|2024-10-21_2024-11-19|2024-11-20_2024-12-19
0.3,4,CPI m/m|PPI m/m|Core PPI m/m|FOMC,Neutral|Good|Neutral|Neutral,1,0,1,0.0,100.0,0.0,2024-05-24_2024-06-22
0.0,4,CPI m/m|PPI m/m|Core PPI m/m|CPI y/y,Bad|Bad|Bad|Bad,1,1,0,100.0,0.0,inf,2021-06-09_2021-07-08
0.0,4,CPI m/m|PPI m/m|Core PPI m/m|CPI y/y,Bad|Good|Good|Bad,1,1,0,100.0,0.0,inf,2021-10-07_2021-11-05
0.0,4,CPI m/m|PPI m/m|Core PPI m/m|CPI y/y,Good|Good|Good|Good,5,3,2,60.0,40.0,1.5,2022-11-01_2022-11-30|2023-06-29_2023-07-28|2024-05-24_2024-06-22|2025-04-19_2025-05-18|2025-05-19_2025-06-17
0.0,4,CPI m/m|PPI m/m|Core PPI m/m|CPI y/y,Good|Bad|Bad|Good,2,0,2,0.0,100.0,0.0,2022-12-01_2022-12-30|2026-02-13_2026-03-14
0.0,4,CPI m/m|PPI m/m|Core PPI m/m|CPI y/y,Neutral|Good|Good|Neutral,2,1,1,50.0,50.0,1.0,2023-03-01_2023-03-30|2024-12-20_2025-01-18
0.0,4,CPI m/m|PPI m/m|Core PPI m/m|CPI y/y,Neutral|Good|Neutral|Good,1,1,0,100.0,0.0,inf,2023-04-30_2023-05-29
0.0,4,CPI m/m|PPI m/m|Core PPI m/m|CPI y/y,Neutral|Bad|Bad|Good,2,1,1,50.0,50.0,1.0,2023-07-29_2023-08-27|2025-07-18_2025-08-16
0.0,4,CPI m/m|PPI m/m|Core PPI m/m|CPI y/y,Neutral|Bad|Neutral|Bad,1,1,0,100.0,0.0,inf,2023-08-28_2023-09-26
0.0,4,CPI m/m|PPI m/m|Core PPI m/m|CPI y/y,Neutral|Bad|Bad|Bad,1,1,0,100.0,0.0,inf,2024-02-24_2024-03-24
0.0,4,CPI m/m|PPI m/m|Core PPI m/m|CPI y/y,Bad|Good|Neutral|Bad,2,1,1,50.0,50.0,1.0,2024-03-25_2024-04-23|2024-09-21_2024-10-20
0.0,4,CPI m/m|PPI m/m|Core PPI m/m|CPI y/y,Good|Bad|Bad|Neutral,1,1,0,100.0,0.0,inf,2024-04-24_2024-05-23
0.0,4,CPI m/m|PPI m/m|Core PPI m/m|CPI y/y,Neutral|Neutral|Neutral|Neutral,1,1,0,100.0,0.0,inf,2024-10-21_2024-11-19
0.0,4,CPI m/m|PPI m/m|Core PPI m/m|CPI y/y,Neutral|Bad|Neutral|Neutral,1,1,0,100.0,0.0,inf,2024-11-20_2024-12-19
0.1,4,CPI m/m|PPI m/m|Core PPI m/m|CPI y/y,Bad|Bad|Bad|Bad,1,1,0,100.0,0.0,inf,2021-06-09_2021-07-08
0.1,4,CPI m/m|PPI m/m|Core PPI m/m|CPI y/y,Bad|Neutral|Good|Bad,1,1,0,100.0,0.0,inf,2021-10-07_2021-11-05
0.1,4,CPI m/m|PPI m/m|Core PPI m/m|CPI y/y,Good|Good|Good|Good,1,1,0,100.0,0.0,inf,2022-11-01_2022-11-30
0.1,4,CPI m/m|PPI m/m|Core PPI m/m|CPI y/y,Good|Neutral|Bad|Good,1,0,1,0.0,100.0,0.0,2022-12-01_2022-12-30
0.1,4,CPI m/m|PPI m/m|Core PPI m/m|CPI y/y,Neutral|Good|Good|Neutral,2,1,1,50.0,50.0,1.0,2023-03-01_2023-03-30|2024-12-20_2025-01-18
0.1,4,CPI m/m|PPI m/m|Core PPI m/m|CPI y/y,Neutral|Neutral|Neutral|Neutral,3,2,1,66.7,33.3,2.0,2023-04-30_2023-05-29|2023-07-29_2023-08-27|2024-10-21_2024-11-19
0.1,4,CPI m/m|PPI m/m|Core PPI m/m|CPI y/y,Neutral|Neutral|Neutral|Good,1,0,1,0.0,100.0,0.0,2023-06-29_2023-07-28
0.1,4,CPI m/m|PPI m/m|Core PPI m/m|CPI y/y,Neutral|Bad|Neutral|Bad,2,2,0,100.0,0.0,inf,2023-08-28_2023-09-26|2024-02-24_2024-03-24
0.1,4,CPI m/m|PPI m/m|Core PPI m/m|CPI y/y,Bad|Neutral|Neutral|Bad,1,0,1,0.0,100.0,0.0,2024-03-25_2024-04-23
0.1,4,CPI m/m|PPI m/m|Core PPI m/m|CPI y/y,Good|Bad|Bad|Neutral,1,1,0,100.0,0.0,inf,2024-04-24_2024-05-23
0.1,4,CPI m/m|PPI m/m|Core PPI m/m|CPI y/y,Neutral|Good|Good|Good,2,1,1,50.0,50.0,1.0,2024-05-24_2024-06-22|2025-04-19_2025-05-18
0.1,4,CPI m/m|PPI m/m|Core PPI m/m|CPI y/y,Neutral|Neutral|Neutral|Bad,1,1,0,100.0,0.0,inf,2024-09-21_2024-10-20
0.1,4,CPI m/m|PPI m/m|Core PPI m/m|CPI y/y,Neutral|Bad|Neutral|Neutral,1,1,0,100.0,0.0,inf,2024-11-20_2024-12-19
0.1,4,CPI m/m|PPI m/m|Core PPI m/m|CPI y/y,Neutral|Neutral|Good|Good,1,1,0,100.0,0.0,inf,2025-05-19_2025-06-17
0.1,4,CPI m/m|PPI m/m|Core PPI m/m|CPI y/y,Neutral|Bad|Bad|Neutral,1,1,0,100.0,0.0,inf,2025-07-18_2025-08-16
0.1,4,CPI m/m|PPI m/m|Core PPI m/m|CPI y/y,Neutral|Bad|Bad|Good,1,0,1,0.0,100.0,0.0,2026-02-13_2026-03-14
0.2,4,CPI m/m|PPI m/m|Core PPI m/m|CPI y/y,Neutral|Bad|Neutral|Bad,1,1,0,100.0,0.0,inf,2021-06-09_2021-07-08
0.2,4,CPI m/m|PPI m/m|Core PPI m/m|CPI y/y,Neutral|Neutral|Good|Neutral,1,1,0,100.0,0.0,inf,2021-10-07_2021-11-05
0.2,4,CPI m/m|PPI m/m|Core PPI m/m|CPI y/y,Neutral|Neutral|Good|Good,1,1,0,100.0,0.0,inf,2022-11-01_2022-11-30
0.2,4,CPI m/m|PPI m/m|Core PPI m/m|CPI y/y,Neutral|Neutral|Neutral|Good,1,0,1,0.0,100.0,0.0,2022-12-01_2022-12-30
0.2,4,CPI m/m|PPI m/m|Core PPI m/m|CPI y/y,Neutral|Good|Good|Neutral,3,2,1,66.7,33.3,2.0,2023-03-01_2023-03-30|2024-05-24_2024-06-22|2025-04-19_2025-05-18
0.2,4,CPI m/m|PPI m/m|Core PPI m/m|CPI y/y,Neutral|Neutral|Neutral|Neutral,9,5,4,55.6,44.4,1.25,2023-04-30_2023-05-29|2023-06-29_2023-07-28|2023-07-29_2023-08-27|2024-03-25_2024-04-23|2024-09-21_2024-10-20|2024-10-21_2024-11-19|2024-11-20_2024-12-19|2024-12-20_2025-01-18|2025-05-19_2025-06-17
0.2,4,CPI m/m|PPI m/m|Core PPI m/m|CPI y/y,Neutral|Bad|Neutral|Neutral,2,2,0,100.0,0.0,inf,2023-08-28_2023-09-26|2024-02-24_2024-03-24
0.2,4,CPI m/m|PPI m/m|Core PPI m/m|CPI y/y,Neutral|Neutral|Bad|Neutral,2,1,1,50.0,50.0,1.0,2024-04-24_2024-05-23|2026-02-13_2026-03-14
0.2,4,CPI m/m|PPI m/m|Core PPI m/m|CPI y/y,Neutral|Bad|Bad|Neutral,1,1,0,100.0,0.0,inf,2025-07-18_2025-08-16
0.3,4,CPI m/m|PPI m/m|Core PPI m/m|CPI y/y,Neutral|Bad|Neutral|Neutral,1,1,0,100.0,0.0,inf,2021-06-09_2021-07-08
0.3,4,CPI m/m|PPI m/m|Core PPI m/m|CPI y/y,Neutral|Neutral|Neutral|Neutral,15,10,5,66.7,33.3,2.0,2021-10-07_2021-11-05|2022-11-01_2022-11-30|2022-12-01_2022-12-30|2023-04-30_2023-05-29|2023-06-29_2023-07-28|2023-07-29_2023-08-27|2023-08-28_2023-09-26|2024-02-24_2024-03-24|2024-03-25_2024-04-23|2024-04-24_2024-05-23|2024-09-21_2024-10-20|2024-10-21_2024-11-19|2024-11-20_2024-12-19|2024-12-20_2025-01-18|2025-05-19_2025-06-17
0.3,4,CPI m/m|PPI m/m|Core PPI m/m|CPI y/y,Neutral|Good|Good|Neutral,2,2,0,100.0,0.0,inf,2023-03-01_2023-03-30|2025-04-19_2025-05-18
0.3,4,CPI m/m|PPI m/m|Core PPI m/m|CPI y/y,Neutral|Good|Neutral|Neutral,1,0,1,0.0,100.0,0.0,2024-05-24_2024-06-22
0.3,4,CPI m/m|PPI m/m|Core PPI m/m|CPI y/y,Neutral|Bad|Bad|Neutral,1,1,0,100.0,0.0,inf,2025-07-18_2025-08-16
0.3,4,CPI m/m|PPI m/m|Core PPI m/m|CPI y/y,Neutral|Neutral|Bad|Neutral,1,0,1,0.0,100.0,0.0,2026-02-13_2026-03-14
0.0,4,CPI m/m|PPI m/m|FOMC|CPI y/y,Neutral|Good|Neutral|Neutral,1,1,0,100.0,0.0,inf,2023-03-01_2023-03-30
0.0,4,CPI m/m|PPI m/m|FOMC|CPI y/y,Neutral|Good|Neutral|Good,1,1,0,100.0,0.0,inf,2023-04-30_2023-05-29
0.0,4,CPI m/m|PPI m/m|FOMC|CPI y/y,Good|Good|Neutral|Good,2,0,2,0.0,100.0,0.0,2023-06-29_2023-07-28|2024-05-24_2024-06-22
0.0,4,CPI m/m|PPI m/m|FOMC|CPI y/y,Neutral|Bad|Neutral|Bad,1,1,0,100.0,0.0,inf,2023-08-28_2023-09-26
0.0,4,CPI m/m|PPI m/m|FOMC|CPI y/y,Neutral|Neutral|Neutral|Neutral,1,1,0,100.0,0.0,inf,2024-10-21_2024-11-19
0.0,4,CPI m/m|PPI m/m|FOMC|CPI y/y,Neutral|Bad|Neutral|Neutral,1,1,0,100.0,0.0,inf,2024-11-20_2024-12-19
0.1,4,CPI m/m|PPI m/m|FOMC|CPI y/y,Neutral|Good|Neutral|Neutral,1,1,0,100.0,0.0,inf,2023-03-01_2023-03-30
0.1,4,CPI m/m|PPI m/m|FOMC|CPI y/y,Neutral|Neutral|Neutral|Neutral,2,2,0,100.0,0.0,inf,2023-04-30_2023-05-29|2024-10-21_2024-11-19
0.1,4,CPI m/m|PPI m/m|FOMC|CPI y/y,Neutral|Neutral|Neutral|Good,1,0,1,0.0,100.0,0.0,2023-06-29_2023-07-28
0.1,4,CPI m/m|PPI m/m|FOMC|CPI y/y,Neutral|Bad|Neutral|Bad,1,1,0,100.0,0.0,inf,2023-08-28_2023-09-26
0.1,4,CPI m/m|PPI m/m|FOMC|CPI y/y,Neutral|Good|Neutral|Good,1,0,1,0.0,100.0,0.0,2024-05-24_2024-06-22
0.1,4,CPI m/m|PPI m/m|FOMC|CPI y/y,Neutral|Bad|Neutral|Neutral,1,1,0,100.0,0.0,inf,2024-11-20_2024-12-19
0.2,4,CPI m/m|PPI m/m|FOMC|CPI y/y,Neutral|Good|Neutral|Neutral,2,1,1,50.0,50.0,1.0,2023-03-01_2023-03-30|2024-05-24_2024-06-22
0.2,4,CPI m/m|PPI m/m|FOMC|CPI y/y,Neutral|Neutral|Neutral|Neutral,4,3,1,75.0,25.0,3.0,2023-04-30_2023-05-29|2023-06-29_2023-07-28|2024-10-21_2024-11-19|2024-11-20_2024-12-19
0.2,4,CPI m/m|PPI m/m|FOMC|CPI y/y,Neutral|Bad|Neutral|Neutral,1,1,0,100.0,0.0,inf,2023-08-28_2023-09-26
0.3,4,CPI m/m|PPI m/m|FOMC|CPI y/y,Neutral|Good|Neutral|Neutral,2,1,1,50.0,50.0,1.0,2023-03-01_2023-03-30|2024-05-24_2024-06-22
0.3,4,CPI m/m|PPI m/m|FOMC|CPI y/y,Neutral|Neutral|Neutral|Neutral,5,4,1,80.0,20.0,4.0,2023-04-30_2023-05-29|2023-06-29_2023-07-28|2023-08-28_2023-09-26|2024-10-21_2024-11-19|2024-11-20_2024-12-19
0.0,4,CPI m/m|Core PPI m/m|FOMC|CPI y/y,Neutral|Good|Neutral|Neutral,1,1,0,100.0,0.0,inf,2023-03-01_2023-03-30
0.0,4,CPI m/m|Core PPI m/m|FOMC|CPI y/y,Neutral|Neutral|Neutral|Good,1,1,0,100.0,0.0,inf,2023-04-30_2023-05-29
0.0,4,CPI m/m|Core PPI m/m|FOMC|CPI y/y,Good|Good|Neutral|Good,2,0,2,0.0,100.0,0.0,2023-06-29_2023-07-28|2024-05-24_2024-06-22
0.0,4,CPI m/m|Core PPI m/m|FOMC|CPI y/y,Neutral|Neutral|Neutral|Bad,1,1,0,100.0,0.0,inf,2023-08-28_2023-09-26
0.0,4,CPI m/m|Core PPI m/m|FOMC|CPI y/y,Neutral|Neutral|Neutral|Neutral,2,2,0,100.0,0.0,inf,2024-10-21_2024-11-19|2024-11-20_2024-12-19
0.1,4,CPI m/m|Core PPI m/m|FOMC|CPI y/y,Neutral|Good|Neutral|Neutral,1,1,0,100.0,0.0,inf,2023-03-01_2023-03-30
0.1,4,CPI m/m|Core PPI m/m|FOMC|CPI y/y,Neutral|Neutral|Neutral|Neutral,3,3,0,100.0,0.0,inf,2023-04-30_2023-05-29|2024-10-21_2024-11-19|2024-11-20_2024-12-19
0.1,4,CPI m/m|Core PPI m/m|FOMC|CPI y/y,Neutral|Neutral|Neutral|Good,1,0,1,0.0,100.0,0.0,2023-06-29_2023-07-28
0.1,4,CPI m/m|Core PPI m/m|FOMC|CPI y/y,Neutral|Neutral|Neutral|Bad,1,1,0,100.0,0.0,inf,2023-08-28_2023-09-26
0.1,4,CPI m/m|Core PPI m/m|FOMC|CPI y/y,Neutral|Good|Neutral|Good,1,0,1,0.0,100.0,0.0,2024-05-24_2024-06-22
0.2,4,CPI m/m|Core PPI m/m|FOMC|CPI y/y,Neutral|Good|Neutral|Neutral,2,1,1,50.0,50.0,1.0,2023-03-01_2023-03-30|2024-05-24_2024-06-22
0.2,4,CPI m/m|Core PPI m/m|FOMC|CPI y/y,Neutral|Neutral|Neutral|Neutral,5,4,1,80.0,20.0,4.0,2023-04-30_2023-05-29|2023-06-29_2023-07-28|2023-08-28_2023-09-26|2024-10-21_2024-11-19|2024-11-20_2024-12-19
0.3,4,CPI m/m|Core PPI m/m|FOMC|CPI y/y,Neutral|Good|Neutral|Neutral,1,1,0,100.0,0.0,inf,2023-03-01_2023-03-30
0.3,4,CPI m/m|Core PPI m/m|FOMC|CPI y/y,Neutral|Neutral|Neutral|Neutral,6,4,2,66.7,33.3,2.0,2023-04-30_2023-05-29|2023-06-29_2023-07-28|2023-08-28_2023-09-26|2024-05-24_2024-06-22|2024-10-21_2024-11-19|2024-11-20_2024-12-19
0.0,4,Core CPI m/m|PPI m/m|Core PPI m/m|FOMC,Bad|Good|Good|Neutral,1,1,0,100.0,0.0,inf,2023-03-01_2023-03-30
0.0,4,Core CPI m/m|PPI m/m|Core PPI m/m|FOMC,Bad|Good|Neutral|Neutral,1,1,0,100.0,0.0,inf,2023-04-30_2023-05-29
0.0,4,Core CPI m/m|PPI m/m|Core PPI m/m|FOMC,Good|Good|Good|Neutral,2,0,2,0.0,100.0,0.0,2023-06-29_2023-07-28|2024-05-24_2024-06-22
0.0,4,Core CPI m/m|PPI m/m|Core PPI m/m|FOMC,Bad|Bad|Neutral|Neutral,1,1,0,100.0,0.0,inf,2023-08-28_2023-09-26
0.0,4,Core CPI m/m|PPI m/m|Core PPI m/m|FOMC,Neutral|Neutral|Neutral|Neutral,1,1,0,100.0,0.0,inf,2024-10-21_2024-11-19
0.0,4,Core CPI m/m|PPI m/m|Core PPI m/m|FOMC,Neutral|Bad|Neutral|Neutral,1,1,0,100.0,0.0,inf,2024-11-20_2024-12-19
0.1,4,Core CPI m/m|PPI m/m|Core PPI m/m|FOMC,Neutral|Good|Good|Neutral,2,1,1,50.0,50.0,1.0,2023-03-01_2023-03-30|2024-05-24_2024-06-22
0.1,4,Core CPI m/m|PPI m/m|Core PPI m/m|FOMC,Bad|Neutral|Neutral|Neutral,1,1,0,100.0,0.0,inf,2023-04-30_2023-05-29
0.1,4,Core CPI m/m|PPI m/m|Core PPI m/m|FOMC,Neutral|Neutral|Neutral|Neutral,2,1,1,50.0,50.0,1.0,2023-06-29_2023-07-28|2024-10-21_2024-11-19
0.1,4,Core CPI m/m|PPI m/m|Core PPI m/m|FOMC,Neutral|Bad|Neutral|Neutral,2,2,0,100.0,0.0,inf,2023-08-28_2023-09-26|2024-11-20_2024-12-19
0.2,4,Core CPI m/m|PPI m/m|Core PPI m/m|FOMC,Neutral|Good|Good|Neutral,2,1,1,50.0,50.0,1.0,2023-03-01_2023-03-30|2024-05-24_2024-06-22
0.2,4,Core CPI m/m|PPI m/m|Core PPI m/m|FOMC,Neutral|Neutral|Neutral|Neutral,4,3,1,75.0,25.0,3.0,2023-04-30_2023-05-29|2023-06-29_2023-07-28|2024-10-21_2024-11-19|2024-11-20_2024-12-19
0.2,4,Core CPI m/m|PPI m/m|Core PPI m/m|FOMC,Neutral|Bad|Neutral|Neutral,1,1,0,100.0,0.0,inf,2023-08-28_2023-09-26
0.3,4,Core CPI m/m|PPI m/m|Core PPI m/m|FOMC,Neutral|Good|Good|Neutral,1,1,0,100.0,0.0,inf,2023-03-01_2023-03-30
0.3,4,Core CPI m/m|PPI m/m|Core PPI m/m|FOMC,Neutral|Neutral|Neutral|Neutral,5,4,1,80.0,20.0,4.0,2023-04-30_2023-05-29|2023-06-29_2023-07-28|2023-08-28_2023-09-26|2024-10-21_2024-11-19|2024-11-20_2024-12-19
0.3,4,Core CPI m/m|PPI m/m|Core PPI m/m|FOMC,Neutral|Good|Neutral|Neutral,1,0,1,0.0,100.0,0.0,2024-05-24_2024-06-22
0.0,4,Core CPI m/m|PPI m/m|Core PPI m/m|CPI y/y,Bad|Bad|Bad|Bad,2,2,0,100.0,0.0,inf,2021-06-09_2021-07-08|2024-02-24_2024-03-24
0.0,4,Core CPI m/m|PPI m/m|Core PPI m/m|CPI y/y,Neutral|Good|Good|Bad,1,1,0,100.0,0.0,inf,2021-10-07_2021-11-05
0.0,4,Core CPI m/m|PPI m/m|Core PPI m/m|CPI y/y,Good|Good|Good|Good,5,3,2,60.0,40.0,1.5,2022-11-01_2022-11-30|2023-06-29_2023-07-28|2024-05-24_2024-06-22|2025-04-19_2025-05-18|2025-05-19_2025-06-17
0.0,4,Core CPI m/m|PPI m/m|Core PPI m/m|CPI y/y,Good|Bad|Bad|Good,1,0,1,0.0,100.0,0.0,2022-12-01_2022-12-30
0.0,4,Core CPI m/m|PPI m/m|Core PPI m/m|CPI y/y,Bad|Good|Good|Neutral,1,1,0,100.0,0.0,inf,2023-03-01_2023-03-30
0.0,4,Core CPI m/m|PPI m/m|Core PPI m/m|CPI y/y,Bad|Good|Neutral|Good,1,1,0,100.0,0.0,inf,2023-04-30_2023-05-29
0.0,4,Core CPI m/m|PPI m/m|Core PPI m/m|CPI y/y,Neutral|Bad|Bad|Good,3,1,2,33.3,66.7,0.5,2023-07-29_2023-08-27|2025-07-18_2025-08-16|2026-02-13_2026-03-14
0.0,4,Core CPI m/m|PPI m/m|Core PPI m/m|CPI y/y,Bad|Bad|Neutral|Bad,1,1,0,100.0,0.0,inf,2023-08-28_2023-09-26
0.0,4,Core CPI m/m|PPI m/m|Core PPI m/m|CPI y/y,Bad|Good|Neutral|Bad,2,1,1,50.0,50.0,1.0,2024-03-25_2024-04-23|2024-09-21_2024-10-20
0.0,4,Core CPI m/m|PPI m/m|Core PPI m/m|CPI y/y,Neutral|Bad|Bad|Neutral,1,1,0,100.0,0.0,inf,2024-04-24_2024-05-23
0.0,4,Core CPI m/m|PPI m/m|Core PPI m/m|CPI y/y,Neutral|Neutral|Neutral|Neutral,1,1,0,100.0,0.0,inf,2024-10-21_2024-11-19
0.0,4,Core CPI m/m|PPI m/m|Core PPI m/m|CPI y/y,Neutral|Bad|Neutral|Neutral,1,1,0,100.0,0.0,inf,2024-11-20_2024-12-19
0.0,4,Core CPI m/m|PPI m/m|Core PPI m/m|CPI y/y,Good|Good|Good|Neutral,1,0,1,0.0,100.0,0.0,2024-12-20_2025-01-18
0.1,4,Core CPI m/m|PPI m/m|Core PPI m/m|CPI y/y,Bad|Bad|Bad|Bad,1,1,0,100.0,0.0,inf,2021-06-09_2021-07-08
0.1,4,Core CPI m/m|PPI m/m|Core PPI m/m|CPI y/y,Neutral|Neutral|Good|Bad,1,1,0,100.0,0.0,inf,2021-10-07_2021-11-05
0.1,4,Core CPI m/m|PPI m/m|Core PPI m/m|CPI y/y,Good|Good|Good|Good,1,1,0,100.0,0.0,inf,2022-11-01_2022-11-30
0.1,4,Core CPI m/m|PPI m/m|Core PPI m/m|CPI y/y,Neutral|Neutral|Bad|Good,1,0,1,0.0,100.0,0.0,2022-12-01_2022-12-30
0.1,4,Core CPI m/m|PPI m/m|Core PPI m/m|CPI y/y,Neutral|Good|Good|Neutral,2,1,1,50.0,50.0,1.0,2023-03-01_2023-03-30|2024-12-20_2025-01-18
0.1,4,Core CPI m/m|PPI m/m|Core PPI m/m|CPI y/y,Bad|Neutral|Neutral|Neutral,1,1,0,100.0,0.0,inf,2023-04-30_2023-05-29
0.1,4,Core CPI m/m|PPI m/m|Core PPI m/m|CPI y/y,Neutral|Neutral|Neutral|Good,1,0,1,0.0,100.0,0.0,2023-06-29_2023-07-28
0.1,4,Core CPI m/m|PPI m/m|Core PPI m/m|CPI y/y,Neutral|Neutral|Neutral|Neutral,2,1,1,50.0,50.0,1.0,2023-07-29_2023-08-27|2024-10-21_2024-11-19
0.1,4,Core CPI m/m|PPI m/m|Core PPI m/m|CPI y/y,Neutral|Bad|Neutral|Bad,1,1,0,100.0,0.0,inf,2023-08-28_2023-09-26
0.1,4,Core CPI m/m|PPI m/m|Core PPI m/m|CPI y/y,Bad|Bad|Neutral|Bad,1,1,0,100.0,0.0,inf,2024-02-24_2024-03-24
0.1,4,Core CPI m/m|PPI m/m|Core PPI m/m|CPI y/y,Bad|Neutral|Neutral|Bad,1,0,1,0.0,100.0,0.0,2024-03-25_2024-04-23
0.1,4,Core CPI m/m|PPI m/m|Core PPI m/m|CPI y/y,Neutral|Bad|Bad|Neutral,2,2,0,100.0,0.0,inf,2024-04-24_2024-05-23|2025-07-18_2025-08-16
0.1,4,Core CPI m/m|PPI m/m|Core PPI m/m|CPI y/y,Neutral|Good|Good|Good,2,1,1,50.0,50.0,1.0,2024-05-24_2024-06-22|2025-04-19_2025-05-18
0.1,4,Core CPI m/m|PPI m/m|Core PPI m/m|CPI y/y,Neutral|Neutral|Neutral|Bad,1,1,0,100.0,0.0,inf,2024-09-21_2024-10-20
0.1,4,Core CPI m/m|PPI m/m|Core PPI m/m|CPI y/y,Neutral|Bad|Neutral|Neutral,1,1,0,100.0,0.0,inf,2024-11-20_2024-12-19
0.1,4,Core CPI m/m|PPI m/m|Core PPI m/m|CPI y/y,Good|Neutral|Good|Good,1,1,0,100.0,0.0,inf,2025-05-19_2025-06-17
0.1,4,Core CPI m/m|PPI m/m|Core PPI m/m|CPI y/y,Neutral|Bad|Bad|Good,1,0,1,0.0,100.0,0.0,2026-02-13_2026-03-14
0.2,4,Core CPI m/m|PPI m/m|Core PPI m/m|CPI y/y,Neutral|Bad|Neutral|Bad,1,1,0,100.0,0.0,inf,2021-06-09_2021-07-08
0.2,4,Core CPI m/m|PPI m/m|Core PPI m/m|CPI y/y,Neutral|Neutral|Good|Neutral,1,1,0,100.0,0.0,inf,2021-10-07_2021-11-05
0.2,4,Core CPI m/m|PPI m/m|Core PPI m/m|CPI y/y,Neutral|Neutral|Good|Good,1,1,0,100.0,0.0,inf,2022-11-01_2022-11-30
0.2,4,Core CPI m/m|PPI m/m|Core PPI m/m|CPI y/y,Neutral|Neutral|Neutral|Good,1,0,1,0.0,100.0,0.0,2022-12-01_2022-12-30
0.2,4,Core CPI m/m|PPI m/m|Core PPI m/m|CPI y/y,Neutral|Good|Good|Neutral,3,2,1,66.7,33.3,2.0,2023-03-01_2023-03-30|2024-05-24_2024-06-22|2025-04-19_2025-05-18
0.2,4,Core CPI m/m|PPI m/m|Core PPI m/m|CPI y/y,Neutral|Neutral|Neutral|Neutral,9,5,4,55.6,44.4,1.25,2023-04-30_2023-05-29|2023-06-29_2023-07-28|2023-07-29_2023-08-27|2024-03-25_2024-04-23|2024-09-21_2024-10-20|2024-10-21_2024-11-19|2024-11-20_2024-12-19|2024-12-20_2025-01-18|2025-05-19_2025-06-17
0.2,4,Core CPI m/m|PPI m/m|Core PPI m/m|CPI y/y,Neutral|Bad|Neutral|Neutral,2,2,0,100.0,0.0,inf,2023-08-28_2023-09-26|2024-02-24_2024-03-24
0.2,4,Core CPI m/m|PPI m/m|Core PPI m/m|CPI y/y,Neutral|Neutral|Bad|Neutral,2,1,1,50.0,50.0,1.0,2024-04-24_2024-05-23|2026-02-13_2026-03-14
0.2,4,Core CPI m/m|PPI m/m|Core PPI m/m|CPI y/y,Neutral|Bad|Bad|Neutral,1,1,0,100.0,0.0,inf,2025-07-18_2025-08-16
0.3,4,Core CPI m/m|PPI m/m|Core PPI m/m|CPI y/y,Neutral|Bad|Neutral|Neutral,1,1,0,100.0,0.0,inf,2021-06-09_2021-07-08
0.3,4,Core CPI m/m|PPI m/m|Core PPI m/m|CPI y/y,Neutral|Neutral|Neutral|Neutral,15,10,5,66.7,33.3,2.0,2021-10-07_2021-11-05|2022-11-01_2022-11-30|2022-12-01_2022-12-30|2023-04-30_2023-05-29|2023-06-29_2023-07-28|2023-07-29_2023-08-27|2023-08-28_2023-09-26|2024-02-24_2024-03-24|2024-03-25_2024-04-23|2024-04-24_2024-05-23|2024-09-21_2024-10-20|2024-10-21_2024-11-19|2024-11-20_2024-12-19|2024-12-20_2025-01-18|2025-05-19_2025-06-17
0.3,4,Core CPI m/m|PPI m/m|Core PPI m/m|CPI y/y,Neutral|Good|Good|Neutral,2,2,0,100.0,0.0,inf,2023-03-01_2023-03-30|2025-04-19_2025-05-18
0.3,4,Core CPI m/m|PPI m/m|Core PPI m/m|CPI y/y,Neutral|Good|Neutral|Neutral,1,0,1,0.0,100.0,0.0,2024-05-24_2024-06-22
0.3,4,Core CPI m/m|PPI m/m|Core PPI m/m|CPI y/y,Neutral|Bad|Bad|Neutral,1,1,0,100.0,0.0,inf,2025-07-18_2025-08-16
0.3,4,Core CPI m/m|PPI m/m|Core PPI m/m|CPI y/y,Neutral|Neutral|Bad|Neutral,1,0,1,0.0,100.0,0.0,2026-02-13_2026-03-14
0.0,4,Core CPI m/m|PPI m/m|FOMC|CPI y/y,Bad|Good|Neutral|Neutral,1,1,0,100.0,0.0,inf,2023-03-01_2023-03-30
0.0,4,Core CPI m/m|PPI m/m|FOMC|CPI y/y,Bad|Good|Neutral|Good,1,1,0,100.0,0.0,inf,2023-04-30_2023-05-29
0.0,4,Core CPI m/m|PPI m/m|FOMC|CPI y/y,Good|Good|Neutral|Good,2,0,2,0.0,100.0,0.0,2023-06-29_2023-07-28|2024-05-24_2024-06-22
0.0,4,Core CPI m/m|PPI m/m|FOMC|CPI y/y,Bad|Bad|Neutral|Bad,1,1,0,100.0,0.0,inf,2023-08-28_2023-09-26
0.0,4,Core CPI m/m|PPI m/m|FOMC|CPI y/y,Neutral|Neutral|Neutral|Neutral,1,1,0,100.0,0.0,inf,2024-10-21_2024-11-19
0.0,4,Core CPI m/m|PPI m/m|FOMC|CPI y/y,Neutral|Bad|Neutral|Neutral,1,1,0,100.0,0.0,inf,2024-11-20_2024-12-19
0.1,4,Core CPI m/m|PPI m/m|FOMC|CPI y/y,Neutral|Good|Neutral|Neutral,1,1,0,100.0,0.0,inf,2023-03-01_2023-03-30
0.1,4,Core CPI m/m|PPI m/m|FOMC|CPI y/y,Bad|Neutral|Neutral|Neutral,1,1,0,100.0,0.0,inf,2023-04-30_2023-05-29
0.1,4,Core CPI m/m|PPI m/m|FOMC|CPI y/y,Neutral|Neutral|Neutral|Good,1,0,1,0.0,100.0,0.0,2023-06-29_2023-07-28
0.1,4,Core CPI m/m|PPI m/m|FOMC|CPI y/y,Neutral|Bad|Neutral|Bad,1,1,0,100.0,0.0,inf,2023-08-28_2023-09-26
0.1,4,Core CPI m/m|PPI m/m|FOMC|CPI y/y,Neutral|Good|Neutral|Good,1,0,1,0.0,100.0,0.0,2024-05-24_2024-06-22
0.1,4,Core CPI m/m|PPI m/m|FOMC|CPI y/y,Neutral|Neutral|Neutral|Neutral,1,1,0,100.0,0.0,inf,2024-10-21_2024-11-19
0.1,4,Core CPI m/m|PPI m/m|FOMC|CPI y/y,Neutral|Bad|Neutral|Neutral,1,1,0,100.0,0.0,inf,2024-11-20_2024-12-19
0.2,4,Core CPI m/m|PPI m/m|FOMC|CPI y/y,Neutral|Good|Neutral|Neutral,2,1,1,50.0,50.0,1.0,2023-03-01_2023-03-30|2024-05-24_2024-06-22
0.2,4,Core CPI m/m|PPI m/m|FOMC|CPI y/y,Neutral|Neutral|Neutral|Neutral,4,3,1,75.0,25.0,3.0,2023-04-30_2023-05-29|2023-06-29_2023-07-28|2024-10-21_2024-11-19|2024-11-20_2024-12-19
0.2,4,Core CPI m/m|PPI m/m|FOMC|CPI y/y,Neutral|Bad|Neutral|Neutral,1,1,0,100.0,0.0,inf,2023-08-28_2023-09-26
0.3,4,Core CPI m/m|PPI m/m|FOMC|CPI y/y,Neutral|Good|Neutral|Neutral,2,1,1,50.0,50.0,1.0,2023-03-01_2023-03-30|2024-05-24_2024-06-22
0.3,4,Core CPI m/m|PPI m/m|FOMC|CPI y/y,Neutral|Neutral|Neutral|Neutral,5,4,1,80.0,20.0,4.0,2023-04-30_2023-05-29|2023-06-29_2023-07-28|2023-08-28_2023-09-26|2024-10-21_2024-11-19|2024-11-20_2024-12-19
0.0,4,Core CPI m/m|Core PPI m/m|FOMC|CPI y/y,Bad|Good|Neutral|Neutral,1,1,0,100.0,0.0,inf,2023-03-01_2023-03-30
0.0,4,Core CPI m/m|Core PPI m/m|FOMC|CPI y/y,Bad|Neutral|Neutral|Good,1,1,0,100.0,0.0,inf,2023-04-30_2023-05-29
0.0,4,Core CPI m/m|Core PPI m/m|FOMC|CPI y/y,Good|Good|Neutral|Good,2,0,2,0.0,100.0,0.0,2023-06-29_2023-07-28|2024-05-24_2024-06-22
0.0,4,Core CPI m/m|Core PPI m/m|FOMC|CPI y/y,Bad|Neutral|Neutral|Bad,1,1,0,100.0,0.0,inf,2023-08-28_2023-09-26
0.0,4,Core CPI m/m|Core PPI m/m|FOMC|CPI y/y,Neutral|Neutral|Neutral|Neutral,2,2,0,100.0,0.0,inf,2024-10-21_2024-11-19|2024-11-20_2024-12-19
0.1,4,Core CPI m/m|Core PPI m/m|FOMC|CPI y/y,Neutral|Good|Neutral|Neutral,1,1,0,100.0,0.0,inf,2023-03-01_2023-03-30
0.1,4,Core CPI m/m|Core PPI m/m|FOMC|CPI y/y,Bad|Neutral|Neutral|Neutral,1,1,0,100.0,0.0,inf,2023-04-30_2023-05-29
0.1,4,Core CPI m/m|Core PPI m/m|FOMC|CPI y/y,Neutral|Neutral|Neutral|Good,1,0,1,0.0,100.0,0.0,2023-06-29_2023-07-28
0.1,4,Core CPI m/m|Core PPI m/m|FOMC|CPI y/y,Neutral|Neutral|Neutral|Bad,1,1,0,100.0,0.0,inf,2023-08-28_2023-09-26
0.1,4,Core CPI m/m|Core PPI m/m|FOMC|CPI y/y,Neutral|Good|Neutral|Good,1,0,1,0.0,100.0,0.0,2024-05-24_2024-06-22
0.1,4,Core CPI m/m|Core PPI m/m|FOMC|CPI y/y,Neutral|Neutral|Neutral|Neutral,2,2,0,100.0,0.0,inf,2024-10-21_2024-11-19|2024-11-20_2024-12-19
0.2,4,Core CPI m/m|Core PPI m/m|FOMC|CPI y/y,Neutral|Good|Neutral|Neutral,2,1,1,50.0,50.0,1.0,2023-03-01_2023-03-30|2024-05-24_2024-06-22
0.2,4,Core CPI m/m|Core PPI m/m|FOMC|CPI y/y,Neutral|Neutral|Neutral|Neutral,5,4,1,80.0,20.0,4.0,2023-04-30_2023-05-29|2023-06-29_2023-07-28|2023-08-28_2023-09-26|2024-10-21_2024-11-19|2024-11-20_2024-12-19
0.3,4,Core CPI m/m|Core PPI m/m|FOMC|CPI y/y,Neutral|Good|Neutral|Neutral,1,1,0,100.0,0.0,inf,2023-03-01_2023-03-30
0.3,4,Core CPI m/m|Core PPI m/m|FOMC|CPI y/y,Neutral|Neutral|Neutral|Neutral,6,4,2,66.7,33.3,2.0,2023-04-30_2023-05-29|2023-06-29_2023-07-28|2023-08-28_2023-09-26|2024-05-24_2024-06-22|2024-10-21_2024-11-19|2024-11-20_2024-12-19
0.0,4,PPI m/m|Core PPI m/m|FOMC|CPI y/y,Good|Good|Neutral|Neutral,1,1,0,100.0,0.0,inf,2023-03-01_2023-03-30
0.0,4,PPI m/m|Core PPI m/m|FOMC|CPI y/y,Good|Neutral|Neutral|Good,1,1,0,100.0,0.0,inf,2023-04-30_2023-05-29
0.0,4,PPI m/m|Core PPI m/m|FOMC|CPI y/y,Good|Good|Neutral|Good,2,0,2,0.0,100.0,0.0,2023-06-29_2023-07-28|2024-05-24_2024-06-22
0.0,4,PPI m/m|Core PPI m/m|FOMC|CPI y/y,Bad|Neutral|Neutral|Bad,1,1,0,100.0,0.0,inf,2023-08-28_2023-09-26
0.0,4,PPI m/m|Core PPI m/m|FOMC|CPI y/y,Neutral|Neutral|Neutral|Neutral,1,1,0,100.0,0.0,inf,2024-10-21_2024-11-19
0.0,4,PPI m/m|Core PPI m/m|FOMC|CPI y/y,Bad|Neutral|Neutral|Neutral,1,1,0,100.0,0.0,inf,2024-11-20_2024-12-19
0.1,4,PPI m/m|Core PPI m/m|FOMC|CPI y/y,Good|Good|Neutral|Neutral,1,1,0,100.0,0.0,inf,2023-03-01_2023-03-30
0.1,4,PPI m/m|Core PPI m/m|FOMC|CPI y/y,Neutral|Neutral|Neutral|Neutral,2,2,0,100.0,0.0,inf,2023-04-30_2023-05-29|2024-10-21_2024-11-19
0.1,4,PPI m/m|Core PPI m/m|FOMC|CPI y/y,Neutral|Neutral|Neutral|Good,1,0,1,0.0,100.0,0.0,2023-06-29_2023-07-28
0.1,4,PPI m/m|Core PPI m/m|FOMC|CPI y/y,Bad|Neutral|Neutral|Bad,1,1,0,100.0,0.0,inf,2023-08-28_2023-09-26
0.1,4,PPI m/m|Core PPI m/m|FOMC|CPI y/y,Good|Good|Neutral|Good,1,0,1,0.0,100.0,0.0,2024-05-24_2024-06-22
0.1,4,PPI m/m|Core PPI m/m|FOMC|CPI y/y,Bad|Neutral|Neutral|Neutral,1,1,0,100.0,0.0,inf,2024-11-20_2024-12-19
0.2,4,PPI m/m|Core PPI m/m|FOMC|CPI y/y,Good|Good|Neutral|Neutral,2,1,1,50.0,50.0,1.0,2023-03-01_2023-03-30|2024-05-24_2024-06-22
0.2,4,PPI m/m|Core PPI m/m|FOMC|CPI y/y,Neutral|Neutral|Neutral|Neutral,4,3,1,75.0,25.0,3.0,2023-04-30_2023-05-29|2023-06-29_2023-07-28|2024-10-21_2024-11-19|2024-11-20_2024-12-19
0.2,4,PPI m/m|Core PPI m/m|FOMC|CPI y/y,Bad|Neutral|Neutral|Neutral,1,1,0,100.0,0.0,inf,2023-08-28_2023-09-26
0.3,4,PPI m/m|Core PPI m/m|FOMC|CPI y/y,Good|Good|Neutral|Neutral,1,1,0,100.0,0.0,inf,2023-03-01_2023-03-30
0.3,4,PPI m/m|Core PPI m/m|FOMC|CPI y/y,Neutral|Neutral|Neutral|Neutral,5,4,1,80.0,20.0,4.0,2023-04-30_2023-05-29|2023-06-29_2023-07-28|2023-08-28_2023-09-26|2024-10-21_2024-11-19|2024-11-20_2024-12-19
0.3,4,PPI m/m|Core PPI m/m|FOMC|CPI y/y,Good|Neutral|Neutral|Neutral,1,0,1,0.0,100.0,0.0,2024-05-24_2024-06-22
0.0,5,CPI m/m|Core CPI m/m|PPI m/m|Core PPI m/m|FOMC,Neutral|Bad|Good|Good|Neutral,1,1,0,100.0,0.0,inf,2023-03-01_2023-03-30
0.0,5,CPI m/m|Core CPI m/m|PPI m/m|Core PPI m/m|FOMC,Neutral|Bad|Good|Neutral|Neutral,1,1,0,100.0,0.0,inf,2023-04-30_2023-05-29
0.0,5,CPI m/m|Core CPI m/m|PPI m/m|Core PPI m/m|FOMC,Good|Good|Good|Good|Neutral,2,0,2,0.0,100.0,0.0,2023-06-29_2023-07-28|2024-05-24_2024-06-22
0.0,5,CPI m/m|Core CPI m/m|PPI m/m|Core PPI m/m|FOMC,Neutral|Bad|Bad|Neutral|Neutral,1,1,0,100.0,0.0,inf,2023-08-28_2023-09-26
0.0,5,CPI m/m|Core CPI m/m|PPI m/m|Core PPI m/m|FOMC,Neutral|Neutral|Neutral|Neutral|Neutral,1,1,0,100.0,0.0,inf,2024-10-21_2024-11-19
0.0,5,CPI m/m|Core CPI m/m|PPI m/m|Core PPI m/m|FOMC,Neutral|Neutral|Bad|Neutral|Neutral,1,1,0,100.0,0.0,inf,2024-11-20_2024-12-19
0.1,5,CPI m/m|Core CPI m/m|PPI m/m|Core PPI m/m|FOMC,Neutral|Neutral|Good|Good|Neutral,2,1,1,50.0,50.0,1.0,2023-03-01_2023-03-30|2024-05-24_2024-06-22
0.1,5,CPI m/m|Core CPI m/m|PPI m/m|Core PPI m/m|FOMC,Neutral|Bad|Neutral|Neutral|Neutral,1,1,0,100.0,0.0,inf,2023-04-30_2023-05-29
0.1,5,CPI m/m|Core CPI m/m|PPI m/m|Core PPI m/m|FOMC,Neutral|Neutral|Neutral|Neutral|Neutral,2,1,1,50.0,50.0,1.0,2023-06-29_2023-07-28|2024-10-21_2024-11-19
0.1,5,CPI m/m|Core CPI m/m|PPI m/m|Core PPI m/m|FOMC,Neutral|Neutral|Bad|Neutral|Neutral,2,2,0,100.0,0.0,inf,2023-08-28_2023-09-26|2024-11-20_2024-12-19
0.2,5,CPI m/m|Core CPI m/m|PPI m/m|Core PPI m/m|FOMC,Neutral|Neutral|Good|Good|Neutral,2,1,1,50.0,50.0,1.0,2023-03-01_2023-03-30|2024-05-24_2024-06-22
0.2,5,CPI m/m|Core CPI m/m|PPI m/m|Core PPI m/m|FOMC,Neutral|Neutral|Neutral|Neutral|Neutral,4,3,1,75.0,25.0,3.0,2023-04-30_2023-05-29|2023-06-29_2023-07-28|2024-10-21_2024-11-19|2024-11-20_2024-12-19
0.2,5,CPI m/m|Core CPI m/m|PPI m/m|Core PPI m/m|FOMC,Neutral|Neutral|Bad|Neutral|Neutral,1,1,0,100.0,0.0,inf,2023-08-28_2023-09-26
0.3,5,CPI m/m|Core CPI m/m|PPI m/m|Core PPI m/m|FOMC,Neutral|Neutral|Good|Good|Neutral,1,1,0,100.0,0.0,inf,2023-03-01_2023-03-30
0.3,5,CPI m/m|Core CPI m/m|PPI m/m|Core PPI m/m|FOMC,Neutral|Neutral|Neutral|Neutral|Neutral,5,4,1,80.0,20.0,4.0,2023-04-30_2023-05-29|2023-06-29_2023-07-28|2023-08-28_2023-09-26|2024-10-21_2024-11-19|2024-11-20_2024-12-19
0.3,5,CPI m/m|Core CPI m/m|PPI m/m|Core PPI m/m|FOMC,Neutral|Neutral|Good|Neutral|Neutral,1,0,1,0.0,100.0,0.0,2024-05-24_2024-06-22
0.0,5,CPI m/m|Core CPI m/m|PPI m/m|Core PPI m/m|CPI y/y,Bad|Bad|Bad|Bad|Bad,1,1,0,100.0,0.0,inf,2021-06-09_2021-07-08
0.0,5,CPI m/m|Core CPI m/m|PPI m/m|Core PPI m/m|CPI y/y,Bad|Neutral|Good|Good|Bad,1,1,0,100.0,0.0,inf,2021-10-07_2021-11-05
0.0,5,CPI m/m|Core CPI m/m|PPI m/m|Core PPI m/m|CPI y/y,Good|Good|Good|Good|Good,5,3,2,60.0,40.0,1.5,2022-11-01_2022-11-30|2023-06-29_2023-07-28|2024-05-24_2024-06-22|2025-04-19_2025-05-18|2025-05-19_2025-06-17
0.0,5,CPI m/m|Core CPI m/m|PPI m/m|Core PPI m/m|CPI y/y,Good|Good|Bad|Bad|Good,1,0,1,0.0,100.0,0.0,2022-12-01_2022-12-30
0.0,5,CPI m/m|Core CPI m/m|PPI m/m|Core PPI m/m|CPI y/y,Neutral|Bad|Good|Good|Neutral,1,1,0,100.0,0.0,inf,2023-03-01_2023-03-30
0.0,5,CPI m/m|Core CPI m/m|PPI m/m|Core PPI m/m|CPI y/y,Neutral|Bad|Good|Neutral|Good,1,1,0,100.0,0.0,inf,2023-04-30_2023-05-29
0.0,5,CPI m/m|Core CPI m/m|PPI m/m|Core PPI m/m|CPI y/y,Neutral|Neutral|Bad|Bad|Good,2,1,1,50.0,50.0,1.0,2023-07-29_2023-08-27|2025-07-18_2025-08-16
0.0,5,CPI m/m|Core CPI m/m|PPI m/m|Core PPI m/m|CPI y/y,Neutral|Bad|Bad|Neutral|Bad,1,1,0,100.0,0.0,inf,2023-08-28_2023-09-26
0.0,5,CPI m/m|Core CPI m/m|PPI m/m|Core PPI m/m|CPI y/y,Neutral|Bad|Bad|Bad|Bad,1,1,0,100.0,0.0,inf,2024-02-24_2024-03-24
0.0,5,CPI m/m|Core CPI m/m|PPI m/m|Core PPI m/m|CPI y/y,Bad|Bad|Good|Neutral|Bad,2,1,1,50.0,50.0,1.0,2024-03-25_2024-04-23|2024-09-21_2024-10-20
0.0,5,CPI m/m|Core CPI m/m|PPI m/m|Core PPI m/m|CPI y/y,Good|Neutral|Bad|Bad|Neutral,1,1,0,100.0,0.0,inf,2024-04-24_2024-05-23
0.0,5,CPI m/m|Core CPI m/m|PPI m/m|Core PPI m/m|CPI y/y,Neutral|Neutral|Neutral|Neutral|Neutral,1,1,0,100.0,0.0,inf,2024-10-21_2024-11-19
0.0,5,CPI m/m|Core CPI m/m|PPI m/m|Core PPI m/m|CPI y/y,Neutral|Neutral|Bad|Neutral|Neutral,1,1,0,100.0,0.0,inf,2024-11-20_2024-12-19
0.0,5,CPI m/m|Core CPI m/m|PPI m/m|Core PPI m/m|CPI y/y,Neutral|Good|Good|Good|Neutral,1,0,1,0.0,100.0,0.0,2024-12-20_2025-01-18
0.0,5,CPI m/m|Core CPI m/m|PPI m/m|Core PPI m/m|CPI y/y,Good|Neutral|Bad|Bad|Good,1,0,1,0.0,100.0,0.0,2026-02-13_2026-03-14
0.1,5,CPI m/m|Core CPI m/m|PPI m/m|Core PPI m/m|CPI y/y,Bad|Bad|Bad|Bad|Bad,1,1,0,100.0,0.0,inf,2021-06-09_2021-07-08
0.1,5,CPI m/m|Core CPI m/m|PPI m/m|Core PPI m/m|CPI y/y,Bad|Neutral|Neutral|Good|Bad,1,1,0,100.0,0.0,inf,2021-10-07_2021-11-05
0.1,5,CPI m/m|Core CPI m/m|PPI m/m|Core PPI m/m|CPI y/y,Good|Good|Good|Good|Good,1,1,0,100.0,0.0,inf,2022-11-01_2022-11-30
0.1,5,CPI m/m|Core CPI m/m|PPI m/m|Core PPI m/m|CPI y/y,Good|Neutral|Neutral|Bad|Good,1,0,1,0.0,100.0,0.0,2022-12-01_2022-12-30
0.1,5,CPI m/m|Core CPI m/m|PPI m/m|Core PPI m/m|CPI y/y,Neutral|Neutral|Good|Good|Neutral,2,1,1,50.0,50.0,1.0,2023-03-01_2023-03-30|2024-12-20_2025-01-18
0.1,5,CPI m/m|Core CPI m/m|PPI m/m|Core PPI m/m|CPI y/y,Neutral|Bad|Neutral|Neutral|Neutral,1,1,0,100.0,0.0,inf,2023-04-30_2023-05-29
0.1,5,CPI m/m|Core CPI m/m|PPI m/m|Core PPI m/m|CPI y/y,Neutral|Neutral|Neutral|Neutral|Good,1,0,1,0.0,100.0,0.0,2023-06-29_2023-07-28
0.1,5,CPI m/m|Core CPI m/m|PPI m/m|Core PPI m/m|CPI y/y,Neutral|Neutral|Neutral|Neutral|Neutral,2,1,1,50.0,50.0,1.0,2023-07-29_2023-08-27|2024-10-21_2024-11-19
0.1,5,CPI m/m|Core CPI m/m|PPI m/m|Core PPI m/m|CPI y/y,Neutral|Neutral|Bad|Neutral|Bad,1,1,0,100.0,0.0,inf,2023-08-28_2023-09-26
0.1,5,CPI m/m|Core CPI m/m|PPI m/m|Core PPI m/m|CPI y/y,Neutral|Bad|Bad|Neutral|Bad,1,1,0,100.0,0.0,inf,2024-02-24_2024-03-24
0.1,5,CPI m/m|Core CPI m/m|PPI m/m|Core PPI m/m|CPI y/y,Bad|Bad|Neutral|Neutral|Bad,1,0,1,0.0,100.0,0.0,2024-03-25_2024-04-23
0.1,5,CPI m/m|Core CPI m/m|PPI m/m|Core PPI m/m|CPI y/y,Good|Neutral|Bad|Bad|Neutral,1,1,0,100.0,0.0,inf,2024-04-24_2024-05-23
0.1,5,CPI m/m|Core CPI m/m|PPI m/m|Core PPI m/m|CPI y/y,Neutral|Neutral|Good|Good|Good,2,1,1,50.0,50.0,1.0,2024-05-24_2024-06-22|2025-04-19_2025-05-18
0.1,5,CPI m/m|Core CPI m/m|PPI m/m|Core PPI m/m|CPI y/y,Neutral|Neutral|Neutral|Neutral|Bad,1,1,0,100.0,0.0,inf,2024-09-21_2024-10-20
0.1,5,CPI m/m|Core CPI m/m|PPI m/m|Core PPI m/m|CPI y/y,Neutral|Neutral|Bad|Neutral|Neutral,1,1,0,100.0,0.0,inf,2024-11-20_2024-12-19
0.1,5,CPI m/m|Core CPI m/m|PPI m/m|Core PPI m/m|CPI y/y,Neutral|Good|Neutral|Good|Good,1,1,0,100.0,0.0,inf,2025-05-19_2025-06-17
0.1,5,CPI m/m|Core CPI m/m|PPI m/m|Core PPI m/m|CPI y/y,Neutral|Neutral|Bad|Bad|Neutral,1,1,0,100.0,0.0,inf,2025-07-18_2025-08-16
0.1,5,CPI m/m|Core CPI m/m|PPI m/m|Core PPI m/m|CPI y/y,Neutral|Neutral|Bad|Bad|Good,1,0,1,0.0,100.0,0.0,2026-02-13_2026-03-14
0.2,5,CPI m/m|Core CPI m/m|PPI m/m|Core PPI m/m|CPI y/y,Neutral|Neutral|Bad|Neutral|Bad,1,1,0,100.0,0.0,inf,2021-06-09_2021-07-08
0.2,5,CPI m/m|Core CPI m/m|PPI m/m|Core PPI m/m|CPI y/y,Neutral|Neutral|Neutral|Good|Neutral,1,1,0,100.0,0.0,inf,2021-10-07_2021-11-05
0.2,5,CPI m/m|Core CPI m/m|PPI m/m|Core PPI m/m|CPI y/y,Neutral|Neutral|Neutral|Good|Good,1,1,0,100.0,0.0,inf,2022-11-01_2022-11-30
0.2,5,CPI m/m|Core CPI m/m|PPI m/m|Core PPI m/m|CPI y/y,Neutral|Neutral|Neutral|Neutral|Good,1,0,1,0.0,100.0,0.0,2022-12-01_2022-12-30
0.2,5,CPI m/m|Core CPI m/m|PPI m/m|Core PPI m/m|CPI y/y,Neutral|Neutral|Good|Good|Neutral,3,2,1,66.7,33.3,2.0,2023-03-01_2023-03-30|2024-05-24_2024-06-22|2025-04-19_2025-05-18
0.2,5,CPI m/m|Core CPI m/m|PPI m/m|Core PPI m/m|CPI y/y,Neutral|Neutral|Neutral|Neutral|Neutral,9,5,4,55.6,44.4,1.25,2023-04-30_2023-05-29|2023-06-29_2023-07-28|2023-07-29_2023-08-27|2024-03-25_2024-04-23|2024-09-21_2024-10-20|2024-10-21_2024-11-19|2024-11-20_2024-12-19|2024-12-20_2025-01-18|2025-05-19_2025-06-17
0.2,5,CPI m/m|Core CPI m/m|PPI m/m|Core PPI m/m|CPI y/y,Neutral|Neutral|Bad|Neutral|Neutral,2,2,0,100.0,0.0,inf,2023-08-28_2023-09-26|2024-02-24_2024-03-24
0.2,5,CPI m/m|Core CPI m/m|PPI m/m|Core PPI m/m|CPI y/y,Neutral|Neutral|Neutral|Bad|Neutral,2,1,1,50.0,50.0,1.0,2024-04-24_2024-05-23|2026-02-13_2026-03-14
0.2,5,CPI m/m|Core CPI m/m|PPI m/m|Core PPI m/m|CPI y/y,Neutral|Neutral|Bad|Bad|Neutral,1,1,0,100.0,0.0,inf,2025-07-18_2025-08-16
0.3,5,CPI m/m|Core CPI m/m|PPI m/m|Core PPI m/m|CPI y/y,Neutral|Neutral|Bad|Neutral|Neutral,1,1,0,100.0,0.0,inf,2021-06-09_2021-07-08
0.3,5,CPI m/m|Core CPI m/m|PPI m/m|Core PPI m/m|CPI y/y,Neutral|Neutral|Neutral|Neutral|Neutral,15,10,5,66.7,33.3,2.0,2021-10-07_2021-11-05|2022-11-01_2022-11-30|2022-12-01_2022-12-30|2023-04-30_2023-05-29|2023-06-29_2023-07-28|2023-07-29_2023-08-27|2023-08-28_2023-09-26|2024-02-24_2024-03-24|2024-03-25_2024-04-23|2024-04-24_2024-05-23|2024-09-21_2024-10-20|2024-10-21_2024-11-19|2024-11-20_2024-12-19|2024-12-20_2025-01-18|2025-05-19_2025-06-17
0.3,5,CPI m/m|Core CPI m/m|PPI m/m|Core PPI m/m|CPI y/y,Neutral|Neutral|Good|Good|Neutral,2,2,0,100.0,0.0,inf,2023-03-01_2023-03-30|2025-04-19_2025-05-18
0.3,5,CPI m/m|Core CPI m/m|PPI m/m|Core PPI m/m|CPI y/y,Neutral|Neutral|Good|Neutral|Neutral,1,0,1,0.0,100.0,0.0,2024-05-24_2024-06-22
0.3,5,CPI m/m|Core CPI m/m|PPI m/m|Core PPI m/m|CPI y/y,Neutral|Neutral|Bad|Bad|Neutral,1,1,0,100.0,0.0,inf,2025-07-18_2025-08-16
0.3,5,CPI m/m|Core CPI m/m|PPI m/m|Core PPI m/m|CPI y/y,Neutral|Neutral|Neutral|Bad|Neutral,1,0,1,0.0,100.0,0.0,2026-02-13_2026-03-14
0.0,5,CPI m/m|Core CPI m/m|PPI m/m|FOMC|CPI y/y,Neutral|Bad|Good|Neutral|Neutral,1,1,0,100.0,0.0,inf,2023-03-01_2023-03-30
0.0,5,CPI m/m|Core CPI m/m|PPI m/m|FOMC|CPI y/y,Neutral|Bad|Good|Neutral|Good,1,1,0,100.0,0.0,inf,2023-04-30_2023-05-29
0.0,5,CPI m/m|Core CPI m/m|PPI m/m|FOMC|CPI y/y,Good|Good|Good|Neutral|Good,2,0,2,0.0,100.0,0.0,2023-06-29_2023-07-28|2024-05-24_2024-06-22
0.0,5,CPI m/m|Core CPI m/m|PPI m/m|FOMC|CPI y/y,Neutral|Bad|Bad|Neutral|Bad,1,1,0,100.0,0.0,inf,2023-08-28_2023-09-26
0.0,5,CPI m/m|Core CPI m/m|PPI m/m|FOMC|CPI y/y,Neutral|Neutral|Neutral|Neutral|Neutral,1,1,0,100.0,0.0,inf,2024-10-21_2024-11-19
0.0,5,CPI m/m|Core CPI m/m|PPI m/m|FOMC|CPI y/y,Neutral|Neutral|Bad|Neutral|Neutral,1,1,0,100.0,0.0,inf,2024-11-20_2024-12-19
0.1,5,CPI m/m|Core CPI m/m|PPI m/m|FOMC|CPI y/y,Neutral|Neutral|Good|Neutral|Neutral,1,1,0,100.0,0.0,inf,2023-03-01_2023-03-30
0.1,5,CPI m/m|Core CPI m/m|PPI m/m|FOMC|CPI y/y,Neutral|Bad|Neutral|Neutral|Neutral,1,1,0,100.0,0.0,inf,2023-04-30_2023-05-29
0.1,5,CPI m/m|Core CPI m/m|PPI m/m|FOMC|CPI y/y,Neutral|Neutral|Neutral|Neutral|Good,1,0,1,0.0,100.0,0.0,2023-06-29_2023-07-28
0.1,5,CPI m/m|Core CPI m/m|PPI m/m|FOMC|CPI y/y,Neutral|Neutral|Bad|Neutral|Bad,1,1,0,100.0,0.0,inf,2023-08-28_2023-09-26
0.1,5,CPI m/m|Core CPI m/m|PPI m/m|FOMC|CPI y/y,Neutral|Neutral|Good|Neutral|Good,1,0,1,0.0,100.0,0.0,2024-05-24_2024-06-22
0.1,5,CPI m/m|Core CPI m/m|PPI m/m|FOMC|CPI y/y,Neutral|Neutral|Neutral|Neutral|Neutral,1,1,0,100.0,0.0,inf,2024-10-21_2024-11-19
0.1,5,CPI m/m|Core CPI m/m|PPI m/m|FOMC|CPI y/y,Neutral|Neutral|Bad|Neutral|Neutral,1,1,0,100.0,0.0,inf,2024-11-20_2024-12-19
0.2,5,CPI m/m|Core CPI m/m|PPI m/m|FOMC|CPI y/y,Neutral|Neutral|Good|Neutral|Neutral,2,1,1,50.0,50.0,1.0,2023-03-01_2023-03-30|2024-05-24_2024-06-22
0.2,5,CPI m/m|Core CPI m/m|PPI m/m|FOMC|CPI y/y,Neutral|Neutral|Neutral|Neutral|Neutral,4,3,1,75.0,25.0,3.0,2023-04-30_2023-05-29|2023-06-29_2023-07-28|2024-10-21_2024-11-19|2024-11-20_2024-12-19
0.2,5,CPI m/m|Core CPI m/m|PPI m/m|FOMC|CPI y/y,Neutral|Neutral|Bad|Neutral|Neutral,1,1,0,100.0,0.0,inf,2023-08-28_2023-09-26
0.3,5,CPI m/m|Core CPI m/m|PPI m/m|FOMC|CPI y/y,Neutral|Neutral|Good|Neutral|Neutral,2,1,1,50.0,50.0,1.0,2023-03-01_2023-03-30|2024-05-24_2024-06-22
0.3,5,CPI m/m|Core CPI m/m|PPI m/m|FOMC|CPI y/y,Neutral|Neutral|Neutral|Neutral|Neutral,5,4,1,80.0,20.0,4.0,2023-04-30_2023-05-29|2023-06-29_2023-07-28|2023-08-28_2023-09-26|2024-10-21_2024-11-19|2024-11-20_2024-12-19
0.0,5,CPI m/m|Core CPI m/m|Core PPI m/m|FOMC|CPI y/y,Neutral|Bad|Good|Neutral|Neutral,1,1,0,100.0,0.0,inf,2023-03-01_2023-03-30
0.0,5,CPI m/m|Core CPI m/m|Core PPI m/m|FOMC|CPI y/y,Neutral|Bad|Neutral|Neutral|Good,1,1,0,100.0,0.0,inf,2023-04-30_2023-05-29
0.0,5,CPI m/m|Core CPI m/m|Core PPI m/m|FOMC|CPI y/y,Good|Good|Good|Neutral|Good,2,0,2,0.0,100.0,0.0,2023-06-29_2023-07-28|2024-05-24_2024-06-22
0.0,5,CPI m/m|Core CPI m/m|Core PPI m/m|FOMC|CPI y/y,Neutral|Bad|Neutral|Neutral|Bad,1,1,0,100.0,0.0,inf,2023-08-28_2023-09-26
0.0,5,CPI m/m|Core CPI m/m|Core PPI m/m|FOMC|CPI y/y,Neutral|Neutral|Neutral|Neutral|Neutral,2,2,0,100.0,0.0,inf,2024-10-21_2024-11-19|2024-11-20_2024-12-19
0.1,5,CPI m/m|Core CPI m/m|Core PPI m/m|FOMC|CPI y/y,Neutral|Neutral|Good|Neutral|Neutral,1,1,0,100.0,0.0,inf,2023-03-01_2023-03-30
0.1,5,CPI m/m|Core CPI m/m|Core PPI m/m|FOMC|CPI y/y,Neutral|Bad|Neutral|Neutral|Neutral,1,1,0,100.0,0.0,inf,2023-04-30_2023-05-29
0.1,5,CPI m/m|Core CPI m/m|Core PPI m/m|FOMC|CPI y/y,Neutral|Neutral|Neutral|Neutral|Good,1,0,1,0.0,100.0,0.0,2023-06-29_2023-07-28
0.1,5,CPI m/m|Core CPI m/m|Core PPI m/m|FOMC|CPI y/y,Neutral|Neutral|Neutral|Neutral|Bad,1,1,0,100.0,0.0,inf,2023-08-28_2023-09-26
0.1,5,CPI m/m|Core CPI m/m|Core PPI m/m|FOMC|CPI y/y,Neutral|Neutral|Good|Neutral|Good,1,0,1,0.0,100.0,0.0,2024-05-24_2024-06-22
0.1,5,CPI m/m|Core CPI m/m|Core PPI m/m|FOMC|CPI y/y,Neutral|Neutral|Neutral|Neutral|Neutral,2,2,0,100.0,0.0,inf,2024-10-21_2024-11-19|2024-11-20_2024-12-19
0.2,5,CPI m/m|Core CPI m/m|Core PPI m/m|FOMC|CPI y/y,Neutral|Neutral|Good|Neutral|Neutral,2,1,1,50.0,50.0,1.0,2023-03-01_2023-03-30|2024-05-24_2024-06-22
0.2,5,CPI m/m|Core CPI m/m|Core PPI m/m|FOMC|CPI y/y,Neutral|Neutral|Neutral|Neutral|Neutral,5,4,1,80.0,20.0,4.0,2023-04-30_2023-05-29|2023-06-29_2023-07-28|2023-08-28_2023-09-26|2024-10-21_2024-11-19|2024-11-20_2024-12-19
0.3,5,CPI m/m|Core CPI m/m|Core PPI m/m|FOMC|CPI y/y,Neutral|Neutral|Good|Neutral|Neutral,1,1,0,100.0,0.0,inf,2023-03-01_2023-03-30
0.3,5,CPI m/m|Core CPI m/m|Core PPI m/m|FOMC|CPI y/y,Neutral|Neutral|Neutral|Neutral|Neutral,6,4,2,66.7,33.3,2.0,2023-04-30_2023-05-29|2023-06-29_2023-07-28|2023-08-28_2023-09-26|2024-05-24_2024-06-22|2024-10-21_2024-11-19|2024-11-20_2024-12-19
0.0,5,CPI m/m|PPI m/m|Core PPI m/m|FOMC|CPI y/y,Neutral|Good|Good|Neutral|Neutral,1,1,0,100.0,0.0,inf,2023-03-01_2023-03-30
0.0,5,CPI m/m|PPI m/m|Core PPI m/m|FOMC|CPI y/y,Neutral|Good|Neutral|Neutral|Good,1,1,0,100.0,0.0,inf,2023-04-30_2023-05-29
0.0,5,CPI m/m|PPI m/m|Core PPI m/m|FOMC|CPI y/y,Good|Good|Good|Neutral|Good,2,0,2,0.0,100.0,0.0,2023-06-29_2023-07-28|2024-05-24_2024-06-22
0.0,5,CPI m/m|PPI m/m|Core PPI m/m|FOMC|CPI y/y,Neutral|Bad|Neutral|Neutral|Bad,1,1,0,100.0,0.0,inf,2023-08-28_2023-09-26
0.0,5,CPI m/m|PPI m/m|Core PPI m/m|FOMC|CPI y/y,Neutral|Neutral|Neutral|Neutral|Neutral,1,1,0,100.0,0.0,inf,2024-10-21_2024-11-19
0.0,5,CPI m/m|PPI m/m|Core PPI m/m|FOMC|CPI y/y,Neutral|Bad|Neutral|Neutral|Neutral,1,1,0,100.0,0.0,inf,2024-11-20_2024-12-19
0.1,5,CPI m/m|PPI m/m|Core PPI m/m|FOMC|CPI y/y,Neutral|Good|Good|Neutral|Neutral,1,1,0,100.0,0.0,inf,2023-03-01_2023-03-30
0.1,5,CPI m/m|PPI m/m|Core PPI m/m|FOMC|CPI y/y,Neutral|Neutral|Neutral|Neutral|Neutral,2,2,0,100.0,0.0,inf,2023-04-30_2023-05-29|2024-10-21_2024-11-19
0.1,5,CPI m/m|PPI m/m|Core PPI m/m|FOMC|CPI y/y,Neutral|Neutral|Neutral|Neutral|Good,1,0,1,0.0,100.0,0.0,2023-06-29_2023-07-28
0.1,5,CPI m/m|PPI m/m|Core PPI m/m|FOMC|CPI y/y,Neutral|Bad|Neutral|Neutral|Bad,1,1,0,100.0,0.0,inf,2023-08-28_2023-09-26
0.1,5,CPI m/m|PPI m/m|Core PPI m/m|FOMC|CPI y/y,Neutral|Good|Good|Neutral|Good,1,0,1,0.0,100.0,0.0,2024-05-24_2024-06-22
0.1,5,CPI m/m|PPI m/m|Core PPI m/m|FOMC|CPI y/y,Neutral|Bad|Neutral|Neutral|Neutral,1,1,0,100.0,0.0,inf,2024-11-20_2024-12-19
0.2,5,CPI m/m|PPI m/m|Core PPI m/m|FOMC|CPI y/y,Neutral|Good|Good|Neutral|Neutral,2,1,1,50.0,50.0,1.0,2023-03-01_2023-03-30|2024-05-24_2024-06-22
0.2,5,CPI m/m|PPI m/m|Core PPI m/m|FOMC|CPI y/y,Neutral|Neutral|Neutral|Neutral|Neutral,4,3,1,75.0,25.0,3.0,2023-04-30_2023-05-29|2023-06-29_2023-07-28|2024-10-21_2024-11-19|2024-11-20_2024-12-19
0.2,5,CPI m/m|PPI m/m|Core PPI m/m|FOMC|CPI y/y,Neutral|Bad|Neutral|Neutral|Neutral,1,1,0,100.0,0.0,inf,2023-08-28_2023-09-26
0.3,5,CPI m/m|PPI m/m|Core PPI m/m|FOMC|CPI y/y,Neutral|Good|Good|Neutral|Neutral,1,1,0,100.0,0.0,inf,2023-03-01_2023-03-30
0.3,5,CPI m/m|PPI m/m|Core PPI m/m|FOMC|CPI y/y,Neutral|Neutral|Neutral|Neutral|Neutral,5,4,1,80.0,20.0,4.0,2023-04-30_2023-05-29|2023-06-29_2023-07-28|2023-08-28_2023-09-26|2024-10-21_2024-11-19|2024-11-20_2024-12-19
0.3,5,CPI m/m|PPI m/m|Core PPI m/m|FOMC|CPI y/y,Neutral|Good|Neutral|Neutral|Neutral,1,0,1,0.0,100.0,0.0,2024-05-24_2024-06-22
0.0,5,Core CPI m/m|PPI m/m|Core PPI m/m|FOMC|CPI y/y,Bad|Good|Good|Neutral|Neutral,1,1,0,100.0,0.0,inf,2023-03-01_2023-03-30
0.0,5,Core CPI m/m|PPI m/m|Core PPI m/m|FOMC|CPI y/y,Bad|Good|Neutral|Neutral|Good,1,1,0,100.0,0.0,inf,2023-04-30_2023-05-29
0.0,5,Core CPI m/m|PPI m/m|Core PPI m/m|FOMC|CPI y/y,Good|Good|Good|Neutral|Good,2,0,2,0.0,100.0,0.0,2023-06-29_2023-07-28|2024-05-24_2024-06-22
0.0,5,Core CPI m/m|PPI m/m|Core PPI m/m|FOMC|CPI y/y,Bad|Bad|Neutral|Neutral|Bad,1,1,0,100.0,0.0,inf,2023-08-28_2023-09-26
0.0,5,Core CPI m/m|PPI m/m|Core PPI m/m|FOMC|CPI y/y,Neutral|Neutral|Neutral|Neutral|Neutral,1,1,0,100.0,0.0,inf,2024-10-21_2024-11-19
0.0,5,Core CPI m/m|PPI m/m|Core PPI m/m|FOMC|CPI y/y,Neutral|Bad|Neutral|Neutral|Neutral,1,1,0,100.0,0.0,inf,2024-11-20_2024-12-19
0.1,5,Core CPI m/m|PPI m/m|Core PPI m/m|FOMC|CPI y/y,Neutral|Good|Good|Neutral|Neutral,1,1,0,100.0,0.0,inf,2023-03-01_2023-03-30
0.1,5,Core CPI m/m|PPI m/m|Core PPI m/m|FOMC|CPI y/y,Bad|Neutral|Neutral|Neutral|Neutral,1,1,0,100.0,0.0,inf,2023-04-30_2023-05-29
0.1,5,Core CPI m/m|PPI m/m|Core PPI m/m|FOMC|CPI y/y,Neutral|Neutral|Neutral|Neutral|Good,1,0,1,0.0,100.0,0.0,2023-06-29_2023-07-28
0.1,5,Core CPI m/m|PPI m/m|Core PPI m/m|FOMC|CPI y/y,Neutral|Bad|Neutral|Neutral|Bad,1,1,0,100.0,0.0,inf,2023-08-28_2023-09-26
0.1,5,Core CPI m/m|PPI m/m|Core PPI m/m|FOMC|CPI y/y,Neutral|Good|Good|Neutral|Good,1,0,1,0.0,100.0,0.0,2024-05-24_2024-06-22
0.1,5,Core CPI m/m|PPI m/m|Core PPI m/m|FOMC|CPI y/y,Neutral|Neutral|Neutral|Neutral|Neutral,1,1,0,100.0,0.0,inf,2024-10-21_2024-11-19
0.1,5,Core CPI m/m|PPI m/m|Core PPI m/m|FOMC|CPI y/y,Neutral|Bad|Neutral|Neutral|Neutral,1,1,0,100.0,0.0,inf,2024-11-20_2024-12-19
0.2,5,Core CPI m/m|PPI m/m|Core PPI m/m|FOMC|CPI y/y,Neutral|Good|Good|Neutral|Neutral,2,1,1,50.0,50.0,1.0,2023-03-01_2023-03-30|2024-05-24_2024-06-22
0.2,5,Core CPI m/m|PPI m/m|Core PPI m/m|FOMC|CPI y/y,Neutral|Neutral|Neutral|Neutral|Neutral,4,3,1,75.0,25.0,3.0,2023-04-30_2023-05-29|2023-06-29_2023-07-28|2024-10-21_2024-11-19|2024-11-20_2024-12-19
0.2,5,Core CPI m/m|PPI m/m|Core PPI m/m|FOMC|CPI y/y,Neutral|Bad|Neutral|Neutral|Neutral,1,1,0,100.0,0.0,inf,2023-08-28_2023-09-26
0.3,5,Core CPI m/m|PPI m/m|Core PPI m/m|FOMC|CPI y/y,Neutral|Good|Good|Neutral|Neutral,1,1,0,100.0,0.0,inf,2023-03-01_2023-03-30
0.3,5,Core CPI m/m|PPI m/m|Core PPI m/m|FOMC|CPI y/y,Neutral|Neutral|Neutral|Neutral|Neutral,5,4,1,80.0,20.0,4.0,2023-04-30_2023-05-29|2023-06-29_2023-07-28|2023-08-28_2023-09-26|2024-10-21_2024-11-19|2024-11-20_2024-12-19
0.3,5,Core CPI m/m|PPI m/m|Core PPI m/m|FOMC|CPI y/y,Neutral|Good|Neutral|Neutral|Neutral,1,0,1,0.0,100.0,0.0,2024-05-24_2024-06-22
0.0,6,CPI m/m|Core CPI m/m|PPI m/m|Core PPI m/m|FOMC|CPI y/y,Neutral|Bad|Good|Good|Neutral|Neutral,1,1,0,100.0,0.0,inf,2023-03-01_2023-03-30
0.0,6,CPI m/m|Core CPI m/m|PPI m/m|Core PPI m/m|FOMC|CPI y/y,Neutral|Bad|Good|Neutral|Neutral|Good,1,1,0,100.0,0.0,inf,2023-04-30_2023-05-29
0.0,6,CPI m/m|Core CPI m/m|PPI m/m|Core PPI m/m|FOMC|CPI y/y,Good|Good|Good|Good|Neutral|Good,2,0,2,0.0,100.0,0.0,2023-06-29_2023-07-28|2024-05-24_2024-06-22
0.0,6,CPI m/m|Core CPI m/m|PPI m/m|Core PPI m/m|FOMC|CPI y/y,Neutral|Bad|Bad|Neutral|Neutral|Bad,1,1,0,100.0,0.0,inf,2023-08-28_2023-09-26
0.0,6,CPI m/m|Core CPI m/m|PPI m/m|Core PPI m/m|FOMC|CPI y/y,Neutral|Neutral|Neutral|Neutral|Neutral|Neutral,1,1,0,100.0,0.0,inf,2024-10-21_2024-11-19
0.0,6,CPI m/m|Core CPI m/m|PPI m/m|Core PPI m/m|FOMC|CPI y/y,Neutral|Neutral|Bad|Neutral|Neutral|Neutral,1,1,0,100.0,0.0,inf,2024-11-20_2024-12-19
0.1,6,CPI m/m|Core CPI m/m|PPI m/m|Core PPI m/m|FOMC|CPI y/y,Neutral|Neutral|Good|Good|Neutral|Neutral,1,1,0,100.0,0.0,inf,2023-03-01_2023-03-30
0.1,6,CPI m/m|Core CPI m/m|PPI m/m|Core PPI m/m|FOMC|CPI y/y,Neutral|Bad|Neutral|Neutral|Neutral|Neutral,1,1,0,100.0,0.0,inf,2023-04-30_2023-05-29
0.1,6,CPI m/m|Core CPI m/m|PPI m/m|Core PPI m/m|FOMC|CPI y/y,Neutral|Neutral|Neutral|Neutral|Neutral|Good,1,0,1,0.0,100.0,0.0,2023-06-29_2023-07-28
0.1,6,CPI m/m|Core CPI m/m|PPI m/m|Core PPI m/m|FOMC|CPI y/y,Neutral|Neutral|Bad|Neutral|Neutral|Bad,1,1,0,100.0,0.0,inf,2023-08-28_2023-09-26
0.1,6,CPI m/m|Core CPI m/m|PPI m/m|Core PPI m/m|FOMC|CPI y/y,Neutral|Neutral|Good|Good|Neutral|Good,1,0,1,0.0,100.0,0.0,2024-05-24_2024-06-22
0.1,6,CPI m/m|Core CPI m/m|PPI m/m|Core PPI m/m|FOMC|CPI y/y,Neutral|Neutral|Neutral|Neutral|Neutral|Neutral,1,1,0,100.0,0.0,inf,2024-10-21_2024-11-19
0.1,6,CPI m/m|Core CPI m/m|PPI m/m|Core PPI m/m|FOMC|CPI y/y,Neutral|Neutral|Bad|Neutral|Neutral|Neutral,1,1,0,100.0,0.0,inf,2024-11-20_2024-12-19
0.2,6,CPI m/m|Core CPI m/m|PPI m/m|Core PPI m/m|FOMC|CPI y/y,Neutral|Neutral|Good|Good|Neutral|Neutral,2,1,1,50.0,50.0,1.0,2023-03-01_2023-03-30|2024-05-24_2024-06-22
0.2,6,CPI m/m|Core CPI m/m|PPI m/m|Core PPI m/m|FOMC|CPI y/y,Neutral|Neutral|Neutral|Neutral|Neutral|Neutral,4,3,1,75.0,25.0,3.0,2023-04-30_2023-05-29|2023-06-29_2023-07-28|2024-10-21_2024-11-19|2024-11-20_2024-12-19
0.2,6,CPI m/m|Core CPI m/m|PPI m/m|Core PPI m/m|FOMC|CPI y/y,Neutral|Neutral|Bad|Neutral|Neutral|Neutral,1,1,0,100.0,0.0,inf,2023-08-28_2023-09-26
0.3,6,CPI m/m|Core CPI m/m|PPI m/m|Core PPI m/m|FOMC|CPI y/y,Neutral|Neutral|Good|Good|Neutral|Neutral,1,1,0,100.0,0.0,inf,2023-03-01_2023-03-30
0.3,6,CPI m/m|Core CPI m/m|PPI m/m|Core PPI m/m|FOMC|CPI y/y,Neutral|Neutral|Neutral|Neutral|Neutral|Neutral,5,4,1,80.0,20.0,4.0,2023-04-30_2023-05-29|2023-06-29_2023-07-28|2023-08-28_2023-09-26|2024-10-21_2024-11-19|2024-11-20_2024-12-19
0.3,6,CPI m/m|Core CPI m/m|PPI m/m|Core PPI m/m|FOMC|CPI y/y,Neutral|Neutral|Good|Neutral|Neutral|Neutral,1,0,1,0.0,100.0,0.0,2024-05-24_2024-06-22
