آستانه,تعداد_شاخص‌ها,لیست_شاخص‌ها,الگوی_وضعیت,تعداد_کل_وقوع,تعداد_ضررده,تعداد_سودده,درصد_ضررده,درصد_سودده,نسبت_شانس,دوره‌ها
0.0,1,CPI m/m,Neutral,17,11,6,64.7,35.3,1.83,2018-01-11_2018-01-15|2018-06-10_2018-06-14|2018-08-09_2018-08-13|2018-11-12_2018-11-16|2019-01-11_2019-01-15|2019-03-12_2019-03-16|2019-08-09_2019-08-13|2019-09-08_2019-09-12|2021-01-10_2021-01-14|2021-02-09_2021-02-13|2021-03-06_2021-03-10|2022-03-06_2022-03-10|2023-01-10_2023-01-14|2023-02-14_2023-02-18|2025-01-14_2025-01-18|2025-07-13_2025-07-17|2026-01-09_2026-01-13
0.0,1,CPI m/m,Bad,16,12,4,75.0,25.0,3.0,2018-02-10_2018-02-14|2019-04-06_2019-04-10|2019-12-07_2019-12-11|2020-09-07_2020-09-11|2020-12-06_2020-12-10|2021-06-09_2021-06-13|2021-07-09_2021-07-13|2021-10-12_2021-10-16|2021-11-06_2021-11-10|2022-02-09_2022-02-13|2022-05-10_2022-05-14|2022-06-09_2022-06-13|2022-10-12_2022-10-16|2023-12-11_2023-12-15|2024-10-06_2024-10-10|2025-02-08_2025-02-12
0.0,1,CPI m/m,Good,11,3,8,27.3,72.7,0.37,2019-05-06_2019-05-10|2020-02-10_2020-02-14|2020-04-10_2020-04-14|2020-06-09_2020-06-13|2021-09-12_2021-09-16|2022-08-08_2022-08-12|2022-11-06_2022-11-10|2023-04-10_2023-04-14|2025-03-10_2025-03-14|2025-04-09_2025-04-13|2025-10-21_2025-10-25
0.1,1,CPI m/m,Neutral,26,15,11,57.7,42.3,1.36,2018-01-11_2018-01-15|2018-06-10_2018-06-14|2018-08-09_2018-08-13|2018-11-12_2018-11-16|2019-01-11_2019-01-15|2019-03-12_2019-03-16|2019-08-09_2019-08-13|2019-09-08_2019-09-12|2019-12-07_2019-12-11|2020-02-10_2020-02-14|2020-06-09_2020-06-13|2020-12-06_2020-12-10|2021-01-10_2021-01-14|2021-02-09_2021-02-13|2021-03-06_2021-03-10|2022-03-06_2022-03-10|2022-05-10_2022-05-14|2023-01-10_2023-01-14|2023-02-14_2023-02-18|2023-04-10_2023-04-14|2023-12-11_2023-12-15|2024-10-06_2024-10-10|2025-01-14_2025-01-18|2025-03-10_2025-03-14|2025-07-13_2025-07-17|2026-01-09_2026-01-13
0.1,1,CPI m/m,Bad,11,9,2,81.8,18.2,4.5,2018-02-10_2018-02-14|2019-04-06_2019-04-10|2020-09-07_2020-09-11|2021-06-09_2021-06-13|2021-07-09_2021-07-13|2021-10-12_2021-10-16|2021-11-06_2021-11-10|2022-02-09_2022-02-13|2022-06-09_2022-06-13|2022-10-12_2022-10-16|2025-02-08_2025-02-12
0.1,1,CPI m/m,Good,7,2,5,28.6,71.4,0.4,2019-05-06_2019-05-10|2020-04-10_2020-04-14|2021-09-12_2021-09-16|2022-08-08_2022-08-12|2022-11-06_2022-11-10|2025-04-09_2025-04-13|2025-10-21_2025-10-25
0.2,1,CPI m/m,Neutral,41,23,18,56.1,43.9,1.28,2018-01-11_2018-01-15|2018-02-10_2018-02-14|2018-06-10_2018-06-14|2018-08-09_2018-08-13|2018-11-12_2018-11-16|2019-01-11_2019-01-15|2019-03-12_2019-03-16|2019-04-06_2019-04-10|2019-05-06_2019-05-10|2019-08-09_2019-08-13|2019-09-08_2019-09-12|2019-12-07_2019-12-11|2020-02-10_2020-02-14|2020-04-10_2020-04-14|2020-06-09_2020-06-13|2020-09-07_2020-09-11|2020-12-06_2020-12-10|2021-01-10_2021-01-14|2021-02-09_2021-02-13|2021-03-06_2021-03-10|2021-06-09_2021-06-13|2021-09-12_2021-09-16|2021-10-12_2021-10-16|2022-02-09_2022-02-13|2022-03-06_2022-03-10|2022-05-10_2022-05-14|2022-08-08_2022-08-12|2022-10-12_2022-10-16|2022-11-06_2022-11-10|2023-01-10_2023-01-14|2023-02-14_2023-02-18|2023-04-10_2023-04-14|2023-12-11_2023-12-15|2024-10-06_2024-10-10|2025-01-14_2025-01-18|2025-02-08_2025-02-12|2025-03-10_2025-03-14|2025-04-09_2025-04-13|2025-07-13_2025-07-17|2025-10-21_2025-10-25|2026-01-09_2026-01-13
0.2,1,CPI m/m,Bad,3,3,0,100.0,0.0,inf,2021-07-09_2021-07-13|2021-11-06_2021-11-10|2022-06-09_2022-06-13
0.3,1,CPI m/m,Neutral,41,23,18,56.1,43.9,1.28,2018-01-11_2018-01-15|2018-02-10_2018-02-14|2018-06-10_2018-06-14|2018-08-09_2018-08-13|2018-11-12_2018-11-16|2019-01-11_2019-01-15|2019-03-12_2019-03-16|2019-04-06_2019-04-10|2019-05-06_2019-05-10|2019-08-09_2019-08-13|2019-09-08_2019-09-12|2019-12-07_2019-12-11|2020-02-10_2020-02-14|2020-04-10_2020-04-14|2020-06-09_2020-06-13|2020-09-07_2020-09-11|2020-12-06_2020-12-10|2021-01-10_2021-01-14|2021-02-09_2021-02-13|2021-03-06_2021-03-10|2021-06-09_2021-06-13|2021-09-12_2021-09-16|2021-10-12_2021-10-16|2022-02-09_2022-02-13|2022-03-06_2022-03-10|2022-05-10_2022-05-14|2022-08-08_2022-08-12|2022-10-12_2022-10-16|2022-11-06_2022-11-10|2023-01-10_2023-01-14|2023-02-14_2023-02-18|2023-04-10_2023-04-14|2023-12-11_2023-12-15|2024-10-06_2024-10-10|2025-01-14_2025-01-18|2025-02-08_2025-02-12|2025-03-10_2025-03-14|2025-04-09_2025-04-13|2025-07-13_2025-07-17|2025-10-21_2025-10-25|2026-01-09_2026-01-13
0.3,1,CPI m/m,Bad,3,3,0,100.0,0.0,inf,2021-07-09_2021-07-13|2021-11-06_2021-11-10|2022-06-09_2022-06-13
0.0,1,Core CPI m/m,Bad,16,10,6,62.5,37.5,1.67,2018-01-11_2018-01-15|2018-02-10_2018-02-14|2018-06-10_2018-06-14|2019-08-09_2019-08-13|2019-09-08_2019-09-12|2020-09-07_2020-09-11|2020-12-06_2020-12-10|2021-06-09_2021-06-13|2021-07-09_2021-07-13|2021-11-06_2021-11-10|2022-02-09_2022-02-13|2022-05-10_2022-05-14|2022-06-09_2022-06-13|2022-10-12_2022-10-16|2024-10-06_2024-10-10|2025-02-08_2025-02-12
0.0,1,Core CPI m/m,Neutral,12,9,3,75.0,25.0,3.0,2018-08-09_2018-08-13|2018-11-12_2018-11-16|2019-01-11_2019-01-15|2019-12-07_2019-12-11|2020-02-10_2020-02-14|2021-01-10_2021-01-14|2021-10-12_2021-10-16|2022-03-06_2022-03-10|2023-01-10_2023-01-14|2023-02-14_2023-02-18|2023-04-10_2023-04-14|2023-12-11_2023-12-15
0.0,1,Core CPI m/m,Good,16,7,9,43.8,56.2,0.78,2019-03-12_2019-03-16|2019-04-06_2019-04-10|2019-05-06_2019-05-10|2020-04-10_2020-04-14|2020-06-09_2020-06-13|2021-02-09_2021-02-13|2021-03-06_2021-03-10|2021-09-12_2021-09-16|2022-08-08_2022-08-12|2022-11-06_2022-11-10|2025-01-14_2025-01-18|2025-03-10_2025-03-14|2025-04-09_2025-04-13|2025-07-13_2025-07-17|2025-10-21_2025-10-25|2026-01-09_2026-01-13
0.1,1,Core CPI m/m,Neutral,31,17,14,54.8,45.2,1.21,2018-01-11_2018-01-15|2018-02-10_2018-02-14|2018-06-10_2018-06-14|2018-08-09_2018-08-13|2018-11-12_2018-11-16|2019-01-11_2019-01-15|2019-03-12_2019-03-16|2019-04-06_2019-04-10|2019-05-06_2019-05-10|2019-08-09_2019-08-13|2019-09-08_2019-09-12|2019-12-07_2019-12-11|2020-02-10_2020-02-14|2020-06-09_2020-06-13|2020-12-06_2020-12-10|2021-01-10_2021-01-14|2021-03-06_2021-03-10|2021-10-12_2021-10-16|2022-02-09_2022-02-13|2022-03-06_2022-03-10|2022-06-09_2022-06-13|2023-01-10_2023-01-14|2023-02-14_2023-02-18|2023-04-10_2023-04-14|2023-12-11_2023-12-15|2024-10-06_2024-10-10|2025-01-14_2025-01-18|2025-03-10_2025-03-14|2025-07-13_2025-07-17|2025-10-21_2025-10-25|2026-01-09_2026-01-13
0.1,1,Core CPI m/m,Good,6,2,4,33.3,66.7,0.5,2020-04-10_2020-04-14|2021-02-09_2021-02-13|2021-09-12_2021-09-16|2022-08-08_2022-08-12|2022-11-06_2022-11-10|2025-04-09_2025-04-13
0.1,1,Core CPI m/m,Bad,7,7,0,100.0,0.0,inf,2020-09-07_2020-09-11|2021-06-09_2021-06-13|2021-07-09_2021-07-13|2021-11-06_2021-11-10|2022-05-10_2022-05-14|2022-10-12_2022-10-16|2025-02-08_2025-02-12
0.2,1,Core CPI m/m,Neutral,43,25,18,58.1,41.9,1.39,2018-01-11_2018-01-15|2018-02-10_2018-02-14|2018-06-10_2018-06-14|2018-08-09_2018-08-13|2018-11-12_2018-11-16|2019-01-11_2019-01-15|2019-03-12_2019-03-16|2019-04-06_2019-04-10|2019-05-06_2019-05-10|2019-08-09_2019-08-13|2019-09-08_2019-09-12|2019-12-07_2019-12-11|2020-02-10_2020-02-14|2020-04-10_2020-04-14|2020-06-09_2020-06-13|2020-09-07_2020-09-11|2020-12-06_2020-12-10|2021-01-10_2021-01-14|2021-02-09_2021-02-13|2021-03-06_2021-03-10|2021-06-09_2021-06-13|2021-09-12_2021-09-16|2021-10-12_2021-10-16|2021-11-06_2021-11-10|2022-02-09_2022-02-13|2022-03-06_2022-03-10|2022-05-10_2022-05-14|2022-06-09_2022-06-13|2022-08-08_2022-08-12|2022-10-12_2022-10-16|2022-11-06_2022-11-10|2023-01-10_2023-01-14|2023-02-14_2023-02-18|2023-04-10_2023-04-14|2023-12-11_2023-12-15|2024-10-06_2024-10-10|2025-01-14_2025-01-18|2025-02-08_2025-02-12|2025-03-10_2025-03-14|2025-04-09_2025-04-13|2025-07-13_2025-07-17|2025-10-21_2025-10-25|2026-01-09_2026-01-13
0.2,1,Core CPI m/m,Bad,1,1,0,100.0,0.0,inf,2021-07-09_2021-07-13
0.3,1,Core CPI m/m,Neutral,43,25,18,58.1,41.9,1.39,2018-01-11_2018-01-15|2018-02-10_2018-02-14|2018-06-10_2018-06-14|2018-08-09_2018-08-13|2018-11-12_2018-11-16|2019-01-11_2019-01-15|2019-03-12_2019-03-16|2019-04-06_2019-04-10|2019-05-06_2019-05-10|2019-08-09_2019-08-13|2019-09-08_2019-09-12|2019-12-07_2019-12-11|2020-02-10_2020-02-14|2020-04-10_2020-04-14|2020-06-09_2020-06-13|2020-09-07_2020-09-11|2020-12-06_2020-12-10|2021-01-10_2021-01-14|2021-02-09_2021-02-13|2021-03-06_2021-03-10|2021-06-09_2021-06-13|2021-09-12_2021-09-16|2021-10-12_2021-10-16|2021-11-06_2021-11-10|2022-02-09_2022-02-13|2022-03-06_2022-03-10|2022-05-10_2022-05-14|2022-06-09_2022-06-13|2022-08-08_2022-08-12|2022-10-12_2022-10-16|2022-11-06_2022-11-10|2023-01-10_2023-01-14|2023-02-14_2023-02-18|2023-04-10_2023-04-14|2023-12-11_2023-12-15|2024-10-06_2024-10-10|2025-01-14_2025-01-18|2025-02-08_2025-02-12|2025-03-10_2025-03-14|2025-04-09_2025-04-13|2025-07-13_2025-07-17|2025-10-21_2025-10-25|2026-01-09_2026-01-13
0.3,1,Core CPI m/m,Bad,1,1,0,100.0,0.0,inf,2021-07-09_2021-07-13
0.0,1,PPI m/m,Good,16,9,7,56.2,43.8,1.29,2018-01-11_2018-01-15|2018-08-09_2018-08-13|2018-09-08_2018-09-12|2019-01-11_2019-01-15|2019-03-12_2019-03-16|2019-12-12_2019-12-16|2021-10-12_2021-10-16|2022-08-08_2022-08-12|2023-01-15_2023-01-19|2023-04-10_2023-04-14|2023-06-14_2023-06-18|2024-06-13_2024-06-17|2025-01-14_2025-01-18|2025-03-10_2025-03-14|2025-04-09_2025-04-13|2025-07-13_2025-07-17
0.0,1,PPI m/m,Neutral,8,6,2,75.0,25.0,3.0,2018-02-15_2018-02-19|2019-05-06_2019-05-10|2019-08-09_2019-08-13|2021-11-06_2021-11-10|2022-05-10_2022-05-14|2022-06-14_2022-06-18|2023-12-11_2023-12-15|2025-11-25_2025-11-29
0.0,1,PPI m/m,Bad,18,7,11,38.9,61.1,0.64,2018-06-10_2018-06-14|2018-11-07_2018-11-11|2018-12-07_2018-12-11|2019-09-08_2019-09-12|2020-04-05_2020-04-09|2020-06-09_2020-06-13|2020-09-07_2020-09-11|2021-02-14_2021-02-18|2021-04-05_2021-04-09|2021-06-14_2021-06-18|2021-07-14_2021-07-18|2021-09-07_2021-09-11|2022-07-14_2022-07-18|2022-10-12_2022-10-16|2023-02-14_2023-02-18|2024-02-14_2024-02-18|2025-02-13_2025-02-17|2026-02-23_2026-02-27
0.1,1,PPI m/m,Good,13,6,7,46.2,53.8,0.86,2018-01-11_2018-01-15|2018-08-09_2018-08-13|2018-09-08_2018-09-12|2019-12-12_2019-12-16|2022-08-08_2022-08-12|2023-01-15_2023-01-19|2023-04-10_2023-04-14|2023-06-14_2023-06-18|2024-06-13_2024-06-17|2025-01-14_2025-01-18|2025-03-10_2025-03-14|2025-04-09_2025-04-13|2025-07-13_2025-07-17
0.1,1,PPI m/m,Neutral,16,11,5,68.8,31.2,2.2,2018-02-15_2018-02-19|2018-12-07_2018-12-11|2019-01-11_2019-01-15|2019-03-12_2019-03-16|2019-05-06_2019-05-10|2019-08-09_2019-08-13|2019-09-08_2019-09-12|2020-04-05_2020-04-09|2020-09-07_2020-09-11|2021-09-07_2021-09-11|2021-10-12_2021-10-16|2021-11-06_2021-11-10|2022-05-10_2022-05-14|2022-06-14_2022-06-18|2023-12-11_2023-12-15|2025-11-25_2025-11-29
0.1,1,PPI m/m,Bad,13,5,8,38.5,61.5,0.63,2018-06-10_2018-06-14|2018-11-07_2018-11-11|2020-06-09_2020-06-13|2021-02-14_2021-02-18|2021-04-05_2021-04-09|2021-06-14_2021-06-18|2021-07-14_2021-07-18|2022-07-14_2022-07-18|2022-10-12_2022-10-16|2023-02-14_2023-02-18|2024-02-14_2024-02-18|2025-02-13_2025-02-17|2026-02-23_2026-02-27
0.2,1,PPI m/m,Good,8,4,4,50.0,50.0,1.0,2018-01-11_2018-01-15|2018-09-08_2018-09-12|2022-08-08_2022-08-12|2023-01-15_2023-01-19|2023-04-10_2023-04-14|2024-06-13_2024-06-17|2025-03-10_2025-03-14|2025-04-09_2025-04-13
0.2,1,PPI m/m,Neutral,26,16,10,61.5,38.5,1.6,2018-02-15_2018-02-19|2018-06-10_2018-06-14|2018-08-09_2018-08-13|2018-12-07_2018-12-11|2019-01-11_2019-01-15|2019-03-12_2019-03-16|2019-05-06_2019-05-10|2019-08-09_2019-08-13|2019-09-08_2019-09-12|2019-12-12_2019-12-16|2020-04-05_2020-04-09|2020-09-07_2020-09-11|2021-09-07_2021-09-11|2021-10-12_2021-10-16|2021-11-06_2021-11-10|2022-05-10_2022-05-14|2022-06-14_2022-06-18|2022-10-12_2022-10-16|2023-06-14_2023-06-18|2023-12-11_2023-12-15|2024-02-14_2024-02-18|2025-01-14_2025-01-18|2025-02-13_2025-02-17|2025-07-13_2025-07-17|2025-11-25_2025-11-29|2026-02-23_2026-02-27
0.2,1,PPI m/m,Bad,8,2,6,25.0,75.0,0.33,2018-11-07_2018-11-11|2020-06-09_2020-06-13|2021-02-14_2021-02-18|2021-04-05_2021-04-09|2021-06-14_2021-06-18|2021-07-14_2021-07-18|2022-07-14_2022-07-18|2023-02-14_2023-02-18
0.3,1,PPI m/m,Good,7,4,3,57.1,42.9,1.33,2018-01-11_2018-01-15|2018-09-08_2018-09-12|2022-08-08_2022-08-12|2023-01-15_2023-01-19|2023-04-10_2023-04-14|2024-06-13_2024-06-17|2025-04-09_2025-04-13
0.3,1,PPI m/m,Neutral,28,17,11,60.7,39.3,1.55,2018-02-15_2018-02-19|2018-06-10_2018-06-14|2018-08-09_2018-08-13|2018-12-07_2018-12-11|2019-01-11_2019-01-15|2019-03-12_2019-03-16|2019-05-06_2019-05-10|2019-08-09_2019-08-13|2019-09-08_2019-09-12|2019-12-12_2019-12-16|2020-04-05_2020-04-09|2020-09-07_2020-09-11|2021-09-07_2021-09-11|2021-10-12_2021-10-16|2021-11-06_2021-11-10|2022-05-10_2022-05-14|2022-06-14_2022-06-18|2022-10-12_2022-10-16|2023-02-14_2023-02-18|2023-06-14_2023-06-18|2023-12-11_2023-12-15|2024-02-14_2024-02-18|2025-01-14_2025-01-18|2025-02-13_2025-02-17|2025-03-10_2025-03-14|2025-07-13_2025-07-17|2025-11-25_2025-11-29|2026-02-23_2026-02-27
0.3,1,PPI m/m,Bad,7,1,6,14.3,85.7,0.17,2018-11-07_2018-11-11|2020-06-09_2020-06-13|2021-02-14_2021-02-18|2021-04-05_2021-04-09|2021-06-14_2021-06-18|2021-07-14_2021-07-18|2022-07-14_2022-07-18
0.0,1,Core PPI m/m,Good,22,14,8,63.6,36.4,1.75,2018-01-11_2018-01-15|2018-08-09_2018-08-13|2018-09-08_2018-09-12|2019-01-11_2019-01-15|2019-03-12_2019-03-16|2019-05-06_2019-05-10|2019-08-09_2019-08-13|2019-12-12_2019-12-16|2021-10-12_2021-10-16|2021-11-06_2021-11-10|2022-05-10_2022-05-14|2022-06-14_2022-06-18|2022-07-14_2022-07-18|2022-08-08_2022-08-12|2023-04-10_2023-04-14|2023-12-11_2023-12-15|2024-06-13_2024-06-17|2025-01-14_2025-01-18|2025-03-10_2025-03-14|2025-04-09_2025-04-13|2025-07-13_2025-07-17|2025-11-25_2025-11-29
0.0,1,Core PPI m/m,Bad,15,6,9,40.0,60.0,0.67,2018-02-15_2018-02-19|2018-06-10_2018-06-14|2018-11-07_2018-11-11|2018-12-07_2018-12-11|2019-09-08_2019-09-12|2020-04-05_2020-04-09|2020-09-07_2020-09-11|2021-02-14_2021-02-18|2021-04-05_2021-04-09|2021-06-14_2021-06-18|2021-07-14_2021-07-18|2021-09-07_2021-09-11|2023-02-14_2023-02-18|2024-02-14_2024-02-18|2026-02-23_2026-02-27
0.0,1,Core PPI m/m,Neutral,5,2,3,40.0,60.0,0.67,2020-06-09_2020-06-13|2022-10-12_2022-10-16|2023-01-15_2023-01-19|2023-06-14_2023-06-18|2025-02-13_2025-02-17
0.1,1,Core PPI m/m,Good,15,10,5,66.7,33.3,2.0,2018-01-11_2018-01-15|2018-09-08_2018-09-12|2019-01-11_2019-01-15|2019-08-09_2019-08-13|2019-12-12_2019-12-16|2021-10-12_2021-10-16|2022-05-10_2022-05-14|2022-08-08_2022-08-12|2023-04-10_2023-04-14|2023-12-11_2023-12-15|2024-06-13_2024-06-17|2025-01-14_2025-01-18|2025-03-10_2025-03-14|2025-04-09_2025-04-13|2025-07-13_2025-07-17
0.1,1,Core PPI m/m,Bad,12,5,7,41.7,58.3,0.71,2018-02-15_2018-02-19|2018-11-07_2018-11-11|2018-12-07_2018-12-11|2020-04-05_2020-04-09|2020-09-07_2020-09-11|2021-02-14_2021-02-18|2021-04-05_2021-04-09|2021-06-14_2021-06-18|2021-07-14_2021-07-18|2023-02-14_2023-02-18|2024-02-14_2024-02-18|2026-02-23_2026-02-27
0.1,1,Core PPI m/m,Neutral,15,7,8,46.7,53.3,0.87,2018-06-10_2018-06-14|2018-08-09_2018-08-13|2019-03-12_2019-03-16|2019-05-06_2019-05-10|2019-09-08_2019-09-12|2020-06-09_2020-06-13|2021-09-07_2021-09-11|2021-11-06_2021-11-10|2022-06-14_2022-06-18|2022-07-14_2022-07-18|2022-10-12_2022-10-16|2023-01-15_2023-01-19|2023-06-14_2023-06-18|2025-02-13_2025-02-17|2025-11-25_2025-11-29
0.2,1,Core PPI m/m,Good,10,7,3,70.0,30.0,2.33,2018-01-11_2018-01-15|2018-09-08_2018-09-12|2019-01-11_2019-01-15|2019-08-09_2019-08-13|2019-12-12_2019-12-16|2021-10-12_2021-10-16|2023-04-10_2023-04-14|2024-06-13_2024-06-17|2025-03-10_2025-03-14|2025-04-09_2025-04-13
0.2,1,Core PPI m/m,Neutral,26,14,12,53.8,46.2,1.17,2018-02-15_2018-02-19|2018-06-10_2018-06-14|2018-08-09_2018-08-13|2018-12-07_2018-12-11|2019-03-12_2019-03-16|2019-05-06_2019-05-10|2019-09-08_2019-09-12|2020-04-05_2020-04-09|2020-06-09_2020-06-13|2020-09-07_2020-09-11|2021-06-14_2021-06-18|2021-09-07_2021-09-11|2021-11-06_2021-11-10|2022-05-10_2022-05-14|2022-06-14_2022-06-18|2022-07-14_2022-07-18|2022-08-08_2022-08-12|2022-10-12_2022-10-16|2023-01-15_2023-01-19|2023-02-14_2023-02-18|2023-06-14_2023-06-18|2023-12-11_2023-12-15|2025-01-14_2025-01-18|2025-02-13_2025-02-17|2025-07-13_2025-07-17|2025-11-25_2025-11-29
0.2,1,Core PPI m/m,Bad,6,1,5,16.7,83.3,0.2,2018-11-07_2018-11-11|2021-02-14_2021-02-18|2021-04-05_2021-04-09|2021-07-14_2021-07-18|2024-02-14_2024-02-18|2026-02-23_2026-02-27
0.3,1,Core PPI m/m,Good,8,5,3,62.5,37.5,1.67,2018-01-11_2018-01-15|2018-09-08_2018-09-12|2019-01-11_2019-01-15|2019-08-09_2019-08-13|2019-12-12_2019-12-16|2023-04-10_2023-04-14|2025-03-10_2025-03-14|2025-04-09_2025-04-13
0.3,1,Core PPI m/m,Neutral,29,16,13,55.2,44.8,1.23,2018-02-15_2018-02-19|2018-06-10_2018-06-14|2018-08-09_2018-08-13|2018-11-07_2018-11-11|2018-12-07_2018-12-11|2019-03-12_2019-03-16|2019-05-06_2019-05-10|2019-09-08_2019-09-12|2020-04-05_2020-04-09|2020-06-09_2020-06-13|2020-09-07_2020-09-11|2021-06-14_2021-06-18|2021-09-07_2021-09-11|2021-10-12_2021-10-16|2021-11-06_2021-11-10|2022-05-10_2022-05-14|2022-06-14_2022-06-18|2022-07-14_2022-07-18|2022-08-08_2022-08-12|2022-10-12_2022-10-16|2023-01-15_2023-01-19|2023-02-14_2023-02-18|2023-06-14_2023-06-18|2023-12-11_2023-12-15|2024-06-13_2024-06-17|2025-01-14_2025-01-18|2025-02-13_2025-02-17|2025-07-13_2025-07-17|2025-11-25_2025-11-29
0.3,1,Core PPI m/m,Bad,5,1,4,20.0,80.0,0.25,2021-02-14_2021-02-18|2021-04-05_2021-04-09|2021-07-14_2021-07-18|2024-02-14_2024-02-18|2026-02-23_2026-02-27
0.0,1,FOMC,Neutral,7,2,5,28.6,71.4,0.4,2023-03-21_2023-03-25|2023-06-14_2023-06-18|2023-07-24_2023-07-28|2023-11-01_2023-11-05|2023-12-11_2023-12-15|2024-07-28_2024-08-01|2024-11-05_2024-11-09
0.1,1,FOMC,Neutral,7,2,5,28.6,71.4,0.4,2023-03-21_2023-03-25|2023-06-14_2023-06-18|2023-07-24_2023-07-28|2023-11-01_2023-11-05|2023-12-11_2023-12-15|2024-07-28_2024-08-01|2024-11-05_2024-11-09
0.2,1,FOMC,Neutral,7,2,5,28.6,71.4,0.4,2023-03-21_2023-03-25|2023-06-14_2023-06-18|2023-07-24_2023-07-28|2023-11-01_2023-11-05|2023-12-11_2023-12-15|2024-07-28_2024-08-01|2024-11-05_2024-11-09
0.3,1,FOMC,Neutral,7,2,5,28.6,71.4,0.4,2023-03-21_2023-03-25|2023-06-14_2023-06-18|2023-07-24_2023-07-28|2023-11-01_2023-11-05|2023-12-11_2023-12-15|2024-07-28_2024-08-01|2024-11-05_2024-11-09
0.0,1,CPI y/y,Neutral,15,9,6,60.0,40.0,1.5,2018-01-11_2018-01-15|2018-06-10_2018-06-14|2018-08-09_2018-08-13|2018-11-12_2018-11-16|2019-01-11_2019-01-15|2020-12-06_2020-12-10|2021-01-10_2021-01-14|2021-02-09_2021-02-13|2021-03-06_2021-03-10|2021-09-12_2021-09-16|2022-03-06_2022-03-10|2023-01-10_2023-01-14|2023-12-11_2023-12-15|2025-01-14_2025-01-18|2026-01-09_2026-01-13
0.0,1,CPI y/y,Bad,18,13,5,72.2,27.8,2.6,2018-02-10_2018-02-14|2019-04-06_2019-04-10|2019-08-09_2019-08-13|2019-12-07_2019-12-11|2020-02-10_2020-02-14|2020-09-07_2020-09-11|2021-06-09_2021-06-13|2021-07-09_2021-07-13|2021-10-12_2021-10-16|2021-11-06_2021-11-10|2022-02-09_2022-02-13|2022-05-10_2022-05-14|2022-06-09_2022-06-13|2022-10-12_2022-10-16|2023-02-14_2023-02-18|2024-10-06_2024-10-10|2025-02-08_2025-02-12|2025-07-13_2025-07-17
0.0,1,CPI y/y,Good,11,4,7,36.4,63.6,0.57,2019-03-12_2019-03-16|2019-05-06_2019-05-10|2019-09-08_2019-09-12|2020-04-10_2020-04-14|2020-06-09_2020-06-13|2022-08-08_2022-08-12|2022-11-06_2022-11-10|2023-04-10_2023-04-14|2025-03-10_2025-03-14|2025-04-09_2025-04-13|2025-10-21_2025-10-25
0.1,1,CPI y/y,Neutral,18,12,6,66.7,33.3,2.0,2018-01-11_2018-01-15|2018-06-10_2018-06-14|2018-08-09_2018-08-13|2018-11-12_2018-11-16|2019-01-11_2019-01-15|2019-04-06_2019-04-10|2020-12-06_2020-12-10|2021-01-10_2021-01-14|2021-02-09_2021-02-13|2021-03-06_2021-03-10|2021-09-12_2021-09-16|2022-03-06_2022-03-10|2022-10-12_2022-10-16|2023-01-10_2023-01-14|2023-04-10_2023-04-14|2023-12-11_2023-12-15|2025-01-14_2025-01-18|2026-01-09_2026-01-13
0.1,1,CPI y/y,Bad,16,11,5,68.8,31.2,2.2,2018-02-10_2018-02-14|2019-08-09_2019-08-13|2019-12-07_2019-12-11|2020-02-10_2020-02-14|2020-09-07_2020-09-11|2021-06-09_2021-06-13|2021-07-09_2021-07-13|2021-10-12_2021-10-16|2021-11-06_2021-11-10|2022-02-09_2022-02-13|2022-05-10_2022-05-14|2022-06-09_2022-06-13|2023-02-14_2023-02-18|2024-10-06_2024-10-10|2025-02-08_2025-02-12|2025-07-13_2025-07-17
0.1,1,CPI y/y,Good,10,3,7,30.0,70.0,0.43,2019-03-12_2019-03-16|2019-05-06_2019-05-10|2019-09-08_2019-09-12|2020-04-10_2020-04-14|2020-06-09_2020-06-13|2022-08-08_2022-08-12|2022-11-06_2022-11-10|2025-03-10_2025-03-14|2025-04-09_2025-04-13|2025-10-21_2025-10-25
0.2,1,CPI y/y,Neutral,35,19,16,54.3,45.7,1.19,2018-01-11_2018-01-15|2018-06-10_2018-06-14|2018-08-09_2018-08-13|2018-11-12_2018-11-16|2019-01-11_2019-01-15|2019-03-12_2019-03-16|2019-04-06_2019-04-10|2019-05-06_2019-05-10|2019-08-09_2019-08-13|2019-09-08_2019-09-12|2019-12-07_2019-12-11|2020-02-10_2020-02-14|2020-04-10_2020-04-14|2020-06-09_2020-06-13|2020-09-07_2020-09-11|2020-12-06_2020-12-10|2021-01-10_2021-01-14|2021-02-09_2021-02-13|2021-03-06_2021-03-10|2021-09-12_2021-09-16|2021-10-12_2021-10-16|2022-03-06_2022-03-10|2022-08-08_2022-08-12|2022-10-12_2022-10-16|2023-01-10_2023-01-14|2023-04-10_2023-04-14|2023-12-11_2023-12-15|2024-10-06_2024-10-10|2025-01-14_2025-01-18|2025-02-08_2025-02-12|2025-03-10_2025-03-14|2025-04-09_2025-04-13|2025-07-13_2025-07-17|2025-10-21_2025-10-25|2026-01-09_2026-01-13
0.2,1,CPI y/y,Bad,8,6,2,75.0,25.0,3.0,2018-02-10_2018-02-14|2021-06-09_2021-06-13|2021-07-09_2021-07-13|2021-11-06_2021-11-10|2022-02-09_2022-02-13|2022-05-10_2022-05-14|2022-06-09_2022-06-13|2023-02-14_2023-02-18
0.2,1,CPI y/y,Good,1,1,0,100.0,0.0,inf,2022-11-06_2022-11-10
0.3,1,CPI y/y,Neutral,43,25,18,58.1,41.9,1.39,2018-01-11_2018-01-15|2018-02-10_2018-02-14|2018-06-10_2018-06-14|2018-08-09_2018-08-13|2018-11-12_2018-11-16|2019-01-11_2019-01-15|2019-03-12_2019-03-16|2019-04-06_2019-04-10|2019-05-06_2019-05-10|2019-08-09_2019-08-13|2019-09-08_2019-09-12|2019-12-07_2019-12-11|2020-02-10_2020-02-14|2020-04-10_2020-04-14|2020-06-09_2020-06-13|2020-09-07_2020-09-11|2020-12-06_2020-12-10|2021-01-10_2021-01-14|2021-02-09_2021-02-13|2021-03-06_2021-03-10|2021-06-09_2021-06-13|2021-09-12_2021-09-16|2021-10-12_2021-10-16|2021-11-06_2021-11-10|2022-02-09_2022-02-13|2022-03-06_2022-03-10|2022-05-10_2022-05-14|2022-06-09_2022-06-13|2022-08-08_2022-08-12|2022-10-12_2022-10-16|2022-11-06_2022-11-10|2023-01-10_2023-01-14|2023-02-14_2023-02-18|2023-04-10_2023-04-14|2023-12-11_2023-12-15|2024-10-06_2024-10-10|2025-01-14_2025-01-18|2025-02-08_2025-02-12|2025-03-10_2025-03-14|2025-04-09_2025-04-13|2025-07-13_2025-07-17|2025-10-21_2025-10-25|2026-01-09_2026-01-13
0.3,1,CPI y/y,Bad,1,1,0,100.0,0.0,inf,2021-07-09_2021-07-13
0.0,2,CPI m/m|Core CPI m/m,Neutral|Bad,4,2,2,50.0,50.0,1.0,2018-01-11_2018-01-15|2018-06-10_2018-06-14|2019-08-09_2019-08-13|2019-09-08_2019-09-12
0.0,2,CPI m/m|Core CPI m/m,Bad|Bad,12,8,4,66.7,33.3,2.0,2018-02-10_2018-02-14|2020-09-07_2020-09-11|2020-12-06_2020-12-10|2021-06-09_2021-06-13|2021-07-09_2021-07-13|2021-11-06_2021-11-10|2022-02-09_2022-02-13|2022-05-10_2022-05-14|2022-06-09_2022-06-13|2022-10-12_2022-10-16|2024-10-06_2024-10-10|2025-02-08_2025-02-12
0.0,2,CPI m/m|Core CPI m/m,Neutral|Neutral,7,5,2,71.4,28.6,2.5,2018-08-09_2018-08-13|2018-11-12_2018-11-16|2019-01-11_2019-01-15|2021-01-10_2021-01-14|2022-03-06_2022-03-10|2023-01-10_2023-01-14|2023-02-14_2023-02-18
0.0,2,CPI m/m|Core CPI m/m,Neutral|Good,6,4,2,66.7,33.3,2.0,2019-03-12_2019-03-16|2021-02-09_2021-02-13|2021-03-06_2021-03-10|2025-01-14_2025-01-18|2025-07-13_2025-07-17|2026-01-09_2026-01-13
0.0,2,CPI m/m|Core CPI m/m,Bad|Good,1,1,0,100.0,0.0,inf,2019-04-06_2019-04-10
0.0,2,CPI m/m|Core CPI m/m,Good|Good,9,2,7,22.2,77.8,0.29,2019-05-06_2019-05-10|2020-04-10_2020-04-14|2020-06-09_2020-06-13|2021-09-12_2021-09-16|2022-08-08_2022-08-12|2022-11-06_2022-11-10|2025-03-10_2025-03-14|2025-04-09_2025-04-13|2025-10-21_2025-10-25
0.0,2,CPI m/m|Core CPI m/m,Bad|Neutral,3,3,0,100.0,0.0,inf,2019-12-07_2019-12-11|2021-10-12_2021-10-16|2023-12-11_2023-12-15
0.0,2,CPI m/m|Core CPI m/m,Good|Neutral,2,1,1,50.0,50.0,1.0,2020-02-10_2020-02-14|2023-04-10_2023-04-14
0.1,2,CPI m/m|Core CPI m/m,Neutral|Neutral,24,13,11,54.2,45.8,1.18,2018-01-11_2018-01-15|2018-06-10_2018-06-14|2018-08-09_2018-08-13|2018-11-12_2018-11-16|2019-01-11_2019-01-15|2019-03-12_2019-03-16|2019-08-09_2019-08-13|2019-09-08_2019-09-12|2019-12-07_2019-12-11|2020-02-10_2020-02-14|2020-06-09_2020-06-13|2020-12-06_2020-12-10|2021-01-10_2021-01-14|2021-03-06_2021-03-10|2022-03-06_2022-03-10|2023-01-10_2023-01-14|2023-02-14_2023-02-18|2023-04-10_2023-04-14|2023-12-11_2023-12-15|2024-10-06_2024-10-10|2025-01-14_2025-01-18|2025-03-10_2025-03-14|2025-07-13_2025-07-17|2026-01-09_2026-01-13
0.1,2,CPI m/m|Core CPI m/m,Bad|Neutral,5,3,2,60.0,40.0,1.5,2018-02-10_2018-02-14|2019-04-06_2019-04-10|2021-10-12_2021-10-16|2022-02-09_2022-02-13|2022-06-09_2022-06-13
0.1,2,CPI m/m|Core CPI m/m,Good|Neutral,2,1,1,50.0,50.0,1.0,2019-05-06_2019-05-10|2025-10-21_2025-10-25
0.1,2,CPI m/m|Core CPI m/m,Good|Good,5,1,4,20.0,80.0,0.25,2020-04-10_2020-04-14|2021-09-12_2021-09-16|2022-08-08_2022-08-12|2022-11-06_2022-11-10|2025-04-09_2025-04-13
0.1,2,CPI m/m|Core CPI m/m,Bad|Bad,6,6,0,100.0,0.0,inf,2020-09-07_2020-09-11|2021-06-09_2021-06-13|2021-07-09_2021-07-13|2021-11-06_2021-11-10|2022-10-12_2022-10-16|2025-02-08_2025-02-12
0.1,2,CPI m/m|Core CPI m/m,Neutral|Good,1,1,0,100.0,0.0,inf,2021-02-09_2021-02-13
0.1,2,CPI m/m|Core CPI m/m,Neutral|Bad,1,1,0,100.0,0.0,inf,2022-05-10_2022-05-14
0.2,2,CPI m/m|Core CPI m/m,Neutral|Neutral,41,23,18,56.1,43.9,1.28,2018-01-11_2018-01-15|2018-02-10_2018-02-14|2018-06-10_2018-06-14|2018-08-09_2018-08-13|2018-11-12_2018-11-16|2019-01-11_2019-01-15|2019-03-12_2019-03-16|2019-04-06_2019-04-10|2019-05-06_2019-05-10|2019-08-09_2019-08-13|2019-09-08_2019-09-12|2019-12-07_2019-12-11|2020-02-10_2020-02-14|2020-04-10_2020-04-14|2020-06-09_2020-06-13|2020-09-07_2020-09-11|2020-12-06_2020-12-10|2021-01-10_2021-01-14|2021-02-09_2021-02-13|2021-03-06_2021-03-10|2021-06-09_2021-06-13|2021-09-12_2021-09-16|2021-10-12_2021-10-16|2022-02-09_2022-02-13|2022-03-06_2022-03-10|2022-05-10_2022-05-14|2022-08-08_2022-08-12|2022-10-12_2022-10-16|2022-11-06_2022-11-10|2023-01-10_2023-01-14|2023-02-14_2023-02-18|2023-04-10_2023-04-14|2023-12-11_2023-12-15|2024-10-06_2024-10-10|2025-01-14_2025-01-18|2025-02-08_2025-02-12|2025-03-10_2025-03-14|2025-04-09_2025-04-13|2025-07-13_2025-07-17|2025-10-21_2025-10-25|2026-01-09_2026-01-13
0.2,2,CPI m/m|Core CPI m/m,Bad|Bad,1,1,0,100.0,0.0,inf,2021-07-09_2021-07-13
0.2,2,CPI m/m|Core CPI m/m,Bad|Neutral,2,2,0,100.0,0.0,inf,2021-11-06_2021-11-10|2022-06-09_2022-06-13
0.3,2,CPI m/m|Core CPI m/m,Neutral|Neutral,41,23,18,56.1,43.9,1.28,2018-01-11_2018-01-15|2018-02-10_2018-02-14|2018-06-10_2018-06-14|2018-08-09_2018-08-13|2018-11-12_2018-11-16|2019-01-11_2019-01-15|2019-03-12_2019-03-16|2019-04-06_2019-04-10|2019-05-06_2019-05-10|2019-08-09_2019-08-13|2019-09-08_2019-09-12|2019-12-07_2019-12-11|2020-02-10_2020-02-14|2020-04-10_2020-04-14|2020-06-09_2020-06-13|2020-09-07_2020-09-11|2020-12-06_2020-12-10|2021-01-10_2021-01-14|2021-02-09_2021-02-13|2021-03-06_2021-03-10|2021-06-09_2021-06-13|2021-09-12_2021-09-16|2021-10-12_2021-10-16|2022-02-09_2022-02-13|2022-03-06_2022-03-10|2022-05-10_2022-05-14|2022-08-08_2022-08-12|2022-10-12_2022-10-16|2022-11-06_2022-11-10|2023-01-10_2023-01-14|2023-02-14_2023-02-18|2023-04-10_2023-04-14|2023-12-11_2023-12-15|2024-10-06_2024-10-10|2025-01-14_2025-01-18|2025-02-08_2025-02-12|2025-03-10_2025-03-14|2025-04-09_2025-04-13|2025-07-13_2025-07-17|2025-10-21_2025-10-25|2026-01-09_2026-01-13
0.3,2,CPI m/m|Core CPI m/m,Bad|Bad,1,1,0,100.0,0.0,inf,2021-07-09_2021-07-13
0.3,2,CPI m/m|Core CPI m/m,Bad|Neutral,2,2,0,100.0,0.0,inf,2021-11-06_2021-11-10|2022-06-09_2022-06-13
0.0,2,CPI m/m|PPI m/m,Neutral|Good,6,5,1,83.3,16.7,5.0,2018-01-11_2018-01-15|2018-08-09_2018-08-13|2019-01-11_2019-01-15|2019-03-12_2019-03-16|2025-01-14_2025-01-18|2025-07-13_2025-07-17
0.0,2,CPI m/m|PPI m/m,Neutral|Bad,3,1,2,33.3,66.7,0.5,2018-06-10_2018-06-14|2019-09-08_2019-09-12|2023-02-14_2023-02-18
0.0,2,CPI m/m|PPI m/m,Good|Neutral,1,0,1,0.0,100.0,0.0,2019-05-06_2019-05-10
0.0,2,CPI m/m|PPI m/m,Neutral|Neutral,1,1,0,100.0,0.0,inf,2019-08-09_2019-08-13
0.0,2,CPI m/m|PPI m/m,Good|Bad,1,0,1,0.0,100.0,0.0,2020-06-09_2020-06-13
0.0,2,CPI m/m|PPI m/m,Bad|Bad,2,2,0,100.0,0.0,inf,2020-09-07_2020-09-11|2022-10-12_2022-10-16
0.0,2,CPI m/m|PPI m/m,Bad|Good,1,1,0,100.0,0.0,inf,2021-10-12_2021-10-16
0.0,2,CPI m/m|PPI m/m,Bad|Neutral,3,3,0,100.0,0.0,inf,2021-11-06_2021-11-10|2022-05-10_2022-05-14|2023-12-11_2023-12-15
0.0,2,CPI m/m|PPI m/m,Good|Good,4,1,3,25.0,75.0,0.33,2022-08-08_2022-08-12|2023-04-10_2023-04-14|2025-03-10_2025-03-14|2025-04-09_2025-04-13
0.1,2,CPI m/m|PPI m/m,Neutral|Good,6,4,2,66.7,33.3,2.0,2018-01-11_2018-01-15|2018-08-09_2018-08-13|2023-04-10_2023-04-14|2025-01-14_2025-01-18|2025-03-10_2025-03-14|2025-07-13_2025-07-17
0.1,2,CPI m/m|PPI m/m,Neutral|Bad,3,1,2,33.3,66.7,0.5,2018-06-10_2018-06-14|2020-06-09_2020-06-13|2023-02-14_2023-02-18
0.1,2,CPI m/m|PPI m/m,Neutral|Neutral,6,5,1,83.3,16.7,5.0,2019-01-11_2019-01-15|2019-03-12_2019-03-16|2019-08-09_2019-08-13|2019-09-08_2019-09-12|2022-05-10_2022-05-14|2023-12-11_2023-12-15
0.1,2,CPI m/m|PPI m/m,Good|Neutral,1,0,1,0.0,100.0,0.0,2019-05-06_2019-05-10
0.1,2,CPI m/m|PPI m/m,Bad|Neutral,3,3,0,100.0,0.0,inf,2020-09-07_2020-09-11|2021-10-12_2021-10-16|2021-11-06_2021-11-10
0.1,2,CPI m/m|PPI m/m,Good|Good,2,0,2,0.0,100.0,0.0,2022-08-08_2022-08-12|2025-04-09_2025-04-13
0.1,2,CPI m/m|PPI m/m,Bad|Bad,1,1,0,100.0,0.0,inf,2022-10-12_2022-10-16
0.2,2,CPI m/m|PPI m/m,Neutral|Good,5,2,3,40.0,60.0,0.67,2018-01-11_2018-01-15|2022-08-08_2022-08-12|2023-04-10_2023-04-14|2025-03-10_2025-03-14|2025-04-09_2025-04-13
0.2,2,CPI m/m|PPI m/m,Neutral|Neutral,14,10,4,71.4,28.6,2.5,2018-06-10_2018-06-14|2018-08-09_2018-08-13|2019-01-11_2019-01-15|2019-03-12_2019-03-16|2019-05-06_2019-05-10|2019-08-09_2019-08-13|2019-09-08_2019-09-12|2020-09-07_2020-09-11|2021-10-12_2021-10-16|2022-05-10_2022-05-14|2022-10-12_2022-10-16|2023-12-11_2023-12-15|2025-01-14_2025-01-18|2025-07-13_2025-07-17
0.2,2,CPI m/m|PPI m/m,Neutral|Bad,2,1,1,50.0,50.0,1.0,2020-06-09_2020-06-13|2023-02-14_2023-02-18
0.2,2,CPI m/m|PPI m/m,Bad|Neutral,1,1,0,100.0,0.0,inf,2021-11-06_2021-11-10
0.3,2,CPI m/m|PPI m/m,Neutral|Good,4,2,2,50.0,50.0,1.0,2018-01-11_2018-01-15|2022-08-08_2022-08-12|2023-04-10_2023-04-14|2025-04-09_2025-04-13
0.3,2,CPI m/m|PPI m/m,Neutral|Neutral,16,11,5,68.8,31.2,2.2,2018-06-10_2018-06-14|2018-08-09_2018-08-13|2019-01-11_2019-01-15|2019-03-12_2019-03-16|2019-05-06_2019-05-10|2019-08-09_2019-08-13|2019-09-08_2019-09-12|2020-09-07_2020-09-11|2021-10-12_2021-10-16|2022-05-10_2022-05-14|2022-10-12_2022-10-16|2023-02-14_2023-02-18|2023-12-11_2023-12-15|2025-01-14_2025-01-18|2025-03-10_2025-03-14|2025-07-13_2025-07-17
0.3,2,CPI m/m|PPI m/m,Neutral|Bad,1,0,1,0.0,100.0,0.0,2020-06-09_2020-06-13
0.3,2,CPI m/m|PPI m/m,Bad|Neutral,1,1,0,100.0,0.0,inf,2021-11-06_2021-11-10
0.0,2,CPI m/m|Core PPI m/m,Neutral|Good,7,6,1,85.7,14.3,6.0,2018-01-11_2018-01-15|2018-08-09_2018-08-13|2019-01-11_2019-01-15|2019-03-12_2019-03-16|2019-08-09_2019-08-13|2025-01-14_2025-01-18|2025-07-13_2025-07-17
0.0,2,CPI m/m|Core PPI m/m,Neutral|Bad,3,1,2,33.3,66.7,0.5,2018-06-10_2018-06-14|2019-09-08_2019-09-12|2023-02-14_2023-02-18
0.0,2,CPI m/m|Core PPI m/m,Good|Good,5,1,4,20.0,80.0,0.25,2019-05-06_2019-05-10|2022-08-08_2022-08-12|2023-04-10_2023-04-14|2025-03-10_2025-03-14|2025-04-09_2025-04-13
0.0,2,CPI m/m|Core PPI m/m,Good|Neutral,1,0,1,0.0,100.0,0.0,2020-06-09_2020-06-13
0.0,2,CPI m/m|Core PPI m/m,Bad|Bad,1,1,0,100.0,0.0,inf,2020-09-07_2020-09-11
0.0,2,CPI m/m|Core PPI m/m,Bad|Good,4,4,0,100.0,0.0,inf,2021-10-12_2021-10-16|2021-11-06_2021-11-10|2022-05-10_2022-05-14|2023-12-11_2023-12-15
0.0,2,CPI m/m|Core PPI m/m,Bad|Neutral,1,1,0,100.0,0.0,inf,2022-10-12_2022-10-16
0.1,2,CPI m/m|Core PPI m/m,Neutral|Good,9,7,2,77.8,22.2,3.5,2018-01-11_2018-01-15|2019-01-11_2019-01-15|2019-08-09_2019-08-13|2022-05-10_2022-05-14|2023-04-10_2023-04-14|2023-12-11_2023-12-15|2025-01-14_2025-01-18|2025-03-10_2025-03-14|2025-07-13_2025-07-17
0.1,2,CPI m/m|Core PPI m/m,Neutral|Neutral,5,2,3,40.0,60.0,0.67,2018-06-10_2018-06-14|2018-08-09_2018-08-13|2019-03-12_2019-03-16|2019-09-08_2019-09-12|2020-06-09_2020-06-13
0.1,2,CPI m/m|Core PPI m/m,Good|Neutral,1,0,1,0.0,100.0,0.0,2019-05-06_2019-05-10
0.1,2,CPI m/m|Core PPI m/m,Bad|Bad,1,1,0,100.0,0.0,inf,2020-09-07_2020-09-11
0.1,2,CPI m/m|Core PPI m/m,Bad|Good,1,1,0,100.0,0.0,inf,2021-10-12_2021-10-16
0.1,2,CPI m/m|Core PPI m/m,Bad|Neutral,2,2,0,100.0,0.0,inf,2021-11-06_2021-11-10|2022-10-12_2022-10-16
0.1,2,CPI m/m|Core PPI m/m,Good|Good,2,0,2,0.0,100.0,0.0,2022-08-08_2022-08-12|2025-04-09_2025-04-13
0.1,2,CPI m/m|Core PPI m/m,Neutral|Bad,1,1,0,100.0,0.0,inf,2023-02-14_2023-02-18
0.2,2,CPI m/m|Core PPI m/m,Neutral|Good,7,5,2,71.4,28.6,2.5,2018-01-11_2018-01-15|2019-01-11_2019-01-15|2019-08-09_2019-08-13|2021-10-12_2021-10-16|2023-04-10_2023-04-14|2025-03-10_2025-03-14|2025-04-09_2025-04-13
0.2,2,CPI m/m|Core PPI m/m,Neutral|Neutral,14,8,6,57.1,42.9,1.33,2018-06-10_2018-06-14|2018-08-09_2018-08-13|2019-03-12_2019-03-16|2019-05-06_2019-05-10|2019-09-08_2019-09-12|2020-06-09_2020-06-13|2020-09-07_2020-09-11|2022-05-10_2022-05-14|2022-08-08_2022-08-12|2022-10-12_2022-10-16|2023-02-14_2023-02-18|2023-12-11_2023-12-15|2025-01-14_2025-01-18|2025-07-13_2025-07-17
0.2,2,CPI m/m|Core PPI m/m,Bad|Neutral,1,1,0,100.0,0.0,inf,2021-11-06_2021-11-10
0.3,2,CPI m/m|Core PPI m/m,Neutral|Good,6,4,2,66.7,33.3,2.0,2018-01-11_2018-01-15|2019-01-11_2019-01-15|2019-08-09_2019-08-13|2023-04-10_2023-04-14|2025-03-10_2025-03-14|2025-04-09_2025-04-13
0.3,2,CPI m/m|Core PPI m/m,Neutral|Neutral,15,9,6,60.0,40.0,1.5,2018-06-10_2018-06-14|2018-08-09_2018-08-13|2019-03-12_2019-03-16|2019-05-06_2019-05-10|2019-09-08_2019-09-12|2020-06-09_2020-06-13|2020-09-07_2020-09-11|2021-10-12_2021-10-16|2022-05-10_2022-05-14|2022-08-08_2022-08-12|2022-10-12_2022-10-16|2023-02-14_2023-02-18|2023-12-11_2023-12-15|2025-01-14_2025-01-18|2025-07-13_2025-07-17
0.3,2,CPI m/m|Core PPI m/m,Bad|Neutral,1,1,0,100.0,0.0,inf,2021-11-06_2021-11-10
0.0,2,CPI m/m|FOMC,Bad|Neutral,1,1,0,100.0,0.0,inf,2023-12-11_2023-12-15
0.1,2,CPI m/m|FOMC,Neutral|Neutral,1,1,0,100.0,0.0,inf,2023-12-11_2023-12-15
0.2,2,CPI m/m|FOMC,Neutral|Neutral,1,1,0,100.0,0.0,inf,2023-12-11_2023-12-15
0.3,2,CPI m/m|FOMC,Neutral|Neutral,1,1,0,100.0,0.0,inf,2023-12-11_2023-12-15
0.0,2,CPI m/m|CPI y/y,Neutral|Neutral,12,8,4,66.7,33.3,2.0,2018-01-11_2018-01-15|2018-06-10_2018-06-14|2018-08-09_2018-08-13|2018-11-12_2018-11-16|2019-01-11_2019-01-15|2021-01-10_2021-01-14|2021-02-09_2021-02-13|2021-03-06_2021-03-10|2022-03-06_2022-03-10|2023-01-10_2023-01-14|2025-01-14_2025-01-18|2026-01-09_2026-01-13
0.0,2,CPI m/m|CPI y/y,Bad|Bad,14,11,3,78.6,21.4,3.67,2018-02-10_2018-02-14|2019-04-06_2019-04-10|2019-12-07_2019-12-11|2020-09-07_2020-09-11|2021-06-09_2021-06-13|2021-07-09_2021-07-13|2021-10-12_2021-10-16|2021-11-06_2021-11-10|2022-02-09_2022-02-13|2022-05-10_2022-05-14|2022-06-09_2022-06-13|2022-10-12_2022-10-16|2024-10-06_2024-10-10|2025-02-08_2025-02-12
0.0,2,CPI m/m|CPI y/y,Neutral|Good,2,1,1,50.0,50.0,1.0,2019-03-12_2019-03-16|2019-09-08_2019-09-12
0.0,2,CPI m/m|CPI y/y,Good|Good,9,3,6,33.3,66.7,0.5,2019-05-06_2019-05-10|2020-04-10_2020-04-14|2020-06-09_2020-06-13|2022-08-08_2022-08-12|2022-11-06_2022-11-10|2023-04-10_2023-04-14|2025-03-10_2025-03-14|2025-04-09_2025-04-13|2025-10-21_2025-10-25
0.0,2,CPI m/m|CPI y/y,Neutral|Bad,3,2,1,66.7,33.3,2.0,2019-08-09_2019-08-13|2023-02-14_2023-02-18|2025-07-13_2025-07-17
0.0,2,CPI m/m|CPI y/y,Good|Bad,1,0,1,0.0,100.0,0.0,2020-02-10_2020-02-14
0.0,2,CPI m/m|CPI y/y,Bad|Neutral,2,1,1,50.0,50.0,1.0,2020-12-06_2020-12-10|2023-12-11_2023-12-15
0.0,2,CPI m/m|CPI y/y,Good|Neutral,1,0,1,0.0,100.0,0.0,2021-09-12_2021-09-16
0.1,2,CPI m/m|CPI y/y,Neutral|Neutral,15,10,5,66.7,33.3,2.0,2018-01-11_2018-01-15|2018-06-10_2018-06-14|2018-08-09_2018-08-13|2018-11-12_2018-11-16|2019-01-11_2019-01-15|2020-12-06_2020-12-10|2021-01-10_2021-01-14|2021-02-09_2021-02-13|2021-03-06_2021-03-10|2022-03-06_2022-03-10|2023-01-10_2023-01-14|2023-04-10_2023-04-14|2023-12-11_2023-12-15|2025-01-14_2025-01-18|2026-01-09_2026-01-13
0.1,2,CPI m/m|CPI y/y,Bad|Bad,9,7,2,77.8,22.2,3.5,2018-02-10_2018-02-14|2020-09-07_2020-09-11|2021-06-09_2021-06-13|2021-07-09_2021-07-13|2021-10-12_2021-10-16|2021-11-06_2021-11-10|2022-02-09_2022-02-13|2022-06-09_2022-06-13|2025-02-08_2025-02-12
0.1,2,CPI m/m|CPI y/y,Neutral|Good,4,1,3,25.0,75.0,0.33,2019-03-12_2019-03-16|2019-09-08_2019-09-12|2020-06-09_2020-06-13|2025-03-10_2025-03-14
0.1,2,CPI m/m|CPI y/y,Bad|Neutral,2,2,0,100.0,0.0,inf,2019-04-06_2019-04-10|2022-10-12_2022-10-16
0.1,2,CPI m/m|CPI y/y,Good|Good,6,2,4,33.3,66.7,0.5,2019-05-06_2019-05-10|2020-04-10_2020-04-14|2022-08-08_2022-08-12|2022-11-06_2022-11-10|2025-04-09_2025-04-13|2025-10-21_2025-10-25
0.1,2,CPI m/m|CPI y/y,Neutral|Bad,7,4,3,57.1,42.9,1.33,2019-08-09_2019-08-13|2019-12-07_2019-12-11|2020-02-10_2020-02-14|2022-05-10_2022-05-14|2023-02-14_2023-02-18|2024-10-06_2024-10-10|2025-07-13_2025-07-17
0.1,2,CPI m/m|CPI y/y,Good|Neutral,1,0,1,0.0,100.0,0.0,2021-09-12_2021-09-16
0.2,2,CPI m/m|CPI y/y,Neutral|Neutral,35,19,16,54.3,45.7,1.19,2018-01-11_2018-01-15|2018-06-10_2018-06-14|2018-08-09_2018-08-13|2018-11-12_2018-11-16|2019-01-11_2019-01-15|2019-03-12_2019-03-16|2019-04-06_2019-04-10|2019-05-06_2019-05-10|2019-08-09_2019-08-13|2019-09-08_2019-09-12|2019-12-07_2019-12-11|2020-02-10_2020-02-14|2020-04-10_2020-04-14|2020-06-09_2020-06-13|2020-09-07_2020-09-11|2020-12-06_2020-12-10|2021-01-10_2021-01-14|2021-02-09_2021-02-13|2021-03-06_2021-03-10|2021-09-12_2021-09-16|2021-10-12_2021-10-16|2022-03-06_2022-03-10|2022-08-08_2022-08-12|2022-10-12_2022-10-16|2023-01-10_2023-01-14|2023-04-10_2023-04-14|2023-12-11_2023-12-15|2024-10-06_2024-10-10|2025-01-14_2025-01-18|2025-02-08_2025-02-12|2025-03-10_2025-03-14|2025-04-09_2025-04-13|2025-07-13_2025-07-17|2025-10-21_2025-10-25|2026-01-09_2026-01-13
0.2,2,CPI m/m|CPI y/y,Neutral|Bad,5,3,2,60.0,40.0,1.5,2018-02-10_2018-02-14|2021-06-09_2021-06-13|2022-02-09_2022-02-13|2022-05-10_2022-05-14|2023-02-14_2023-02-18
0.2,2,CPI m/m|CPI y/y,Bad|Bad,3,3,0,100.0,0.0,inf,2021-07-09_2021-07-13|2021-11-06_2021-11-10|2022-06-09_2022-06-13
0.2,2,CPI m/m|CPI y/y,Neutral|Good,1,1,0,100.0,0.0,inf,2022-11-06_2022-11-10
0.3,2,CPI m/m|CPI y/y,Neutral|Neutral,41,23,18,56.1,43.9,1.28,2018-01-11_2018-01-15|2018-02-10_2018-02-14|2018-06-10_2018-06-14|2018-08-09_2018-08-13|2018-11-12_2018-11-16|2019-01-11_2019-01-15|2019-03-12_2019-03-16|2019-04-06_2019-04-10|2019-05-06_2019-05-10|2019-08-09_2019-08-13|2019-09-08_2019-09-12|2019-12-07_2019-12-11|2020-02-10_2020-02-14|2020-04-10_2020-04-14|2020-06-09_2020-06-13|2020-09-07_2020-09-11|2020-12-06_2020-12-10|2021-01-10_2021-01-14|2021-02-09_2021-02-13|2021-03-06_2021-03-10|2021-06-09_2021-06-13|2021-09-12_2021-09-16|2021-10-12_2021-10-16|2022-02-09_2022-02-13|2022-03-06_2022-03-10|2022-05-10_2022-05-14|2022-08-08_2022-08-12|2022-10-12_2022-10-16|2022-11-06_2022-11-10|2023-01-10_2023-01-14|2023-02-14_2023-02-18|2023-04-10_2023-04-14|2023-12-11_2023-12-15|2024-10-06_2024-10-10|2025-01-14_2025-01-18|2025-02-08_2025-02-12|2025-03-10_2025-03-14|2025-04-09_2025-04-13|2025-07-13_2025-07-17|2025-10-21_2025-10-25|2026-01-09_2026-01-13
0.3,2,CPI m/m|CPI y/y,Bad|Bad,1,1,0,100.0,0.0,inf,2021-07-09_2021-07-13
0.3,2,CPI m/m|CPI y/y,Bad|Neutral,2,2,0,100.0,0.0,inf,2021-11-06_2021-11-10|2022-06-09_2022-06-13
0.0,2,Core CPI m/m|PPI m/m,Bad|Good,1,1,0,100.0,0.0,inf,2018-01-11_2018-01-15
0.0,2,Core CPI m/m|PPI m/m,Bad|Bad,4,2,2,50.0,50.0,1.0,2018-06-10_2018-06-14|2019-09-08_2019-09-12|2020-09-07_2020-09-11|2022-10-12_2022-10-16
0.0,2,Core CPI m/m|PPI m/m,Neutral|Good,4,4,0,100.0,0.0,inf,2018-08-09_2018-08-13|2019-01-11_2019-01-15|2021-10-12_2021-10-16|2023-04-10_2023-04-14
0.0,2,Core CPI m/m|PPI m/m,Good|Good,6,2,4,33.3,66.7,0.5,2019-03-12_2019-03-16|2022-08-08_2022-08-12|2025-01-14_2025-01-18|2025-03-10_2025-03-14|2025-04-09_2025-04-13|2025-07-13_2025-07-17
0.0,2,Core CPI m/m|PPI m/m,Good|Neutral,1,0,1,0.0,100.0,0.0,2019-05-06_2019-05-10
0.0,2,Core CPI m/m|PPI m/m,Bad|Neutral,3,3,0,100.0,0.0,inf,2019-08-09_2019-08-13|2021-11-06_2021-11-10|2022-05-10_2022-05-14
0.0,2,Core CPI m/m|PPI m/m,Good|Bad,1,0,1,0.0,100.0,0.0,2020-06-09_2020-06-13
0.0,2,Core CPI m/m|PPI m/m,Neutral|Bad,1,1,0,100.0,0.0,inf,2023-02-14_2023-02-18
0.0,2,Core CPI m/m|PPI m/m,Neutral|Neutral,1,1,0,100.0,0.0,inf,2023-12-11_2023-12-15
0.1,2,Core CPI m/m|PPI m/m,Neutral|Good,6,4,2,66.7,33.3,2.0,2018-01-11_2018-01-15|2018-08-09_2018-08-13|2023-04-10_2023-04-14|2025-01-14_2025-01-18|2025-03-10_2025-03-14|2025-07-13_2025-07-17
0.1,2,Core CPI m/m|PPI m/m,Neutral|Bad,3,1,2,33.3,66.7,0.5,2018-06-10_2018-06-14|2020-06-09_2020-06-13|2023-02-14_2023-02-18
0.1,2,Core CPI m/m|PPI m/m,Neutral|Neutral,7,5,2,71.4,28.6,2.5,2019-01-11_2019-01-15|2019-03-12_2019-03-16|2019-05-06_2019-05-10|2019-08-09_2019-08-13|2019-09-08_2019-09-12|2021-10-12_2021-10-16|2023-12-11_2023-12-15
0.1,2,Core CPI m/m|PPI m/m,Bad|Neutral,3,3,0,100.0,0.0,inf,2020-09-07_2020-09-11|2021-11-06_2021-11-10|2022-05-10_2022-05-14
0.1,2,Core CPI m/m|PPI m/m,Good|Good,2,0,2,0.0,100.0,0.0,2022-08-08_2022-08-12|2025-04-09_2025-04-13
0.1,2,Core CPI m/m|PPI m/m,Bad|Bad,1,1,0,100.0,0.0,inf,2022-10-12_2022-10-16
0.2,2,Core CPI m/m|PPI m/m,Neutral|Good,5,2,3,40.0,60.0,0.67,2018-01-11_2018-01-15|2022-08-08_2022-08-12|2023-04-10_2023-04-14|2025-03-10_2025-03-14|2025-04-09_2025-04-13
0.2,2,Core CPI m/m|PPI m/m,Neutral|Neutral,15,11,4,73.3,26.7,2.75,2018-06-10_2018-06-14|2018-08-09_2018-08-13|2019-01-11_2019-01-15|2019-03-12_2019-03-16|2019-05-06_2019-05-10|2019-08-09_2019-08-13|2019-09-08_2019-09-12|2020-09-07_2020-09-11|2021-10-12_2021-10-16|2021-11-06_2021-11-10|2022-05-10_2022-05-14|2022-10-12_2022-10-16|2023-12-11_2023-12-15|2025-01-14_2025-01-18|2025-07-13_2025-07-17
0.2,2,Core CPI m/m|PPI m/m,Neutral|Bad,2,1,1,50.0,50.0,1.0,2020-06-09_2020-06-13|2023-02-14_2023-02-18
0.3,2,Core CPI m/m|PPI m/m,Neutral|Good,4,2,2,50.0,50.0,1.0,2018-01-11_2018-01-15|2022-08-08_2022-08-12|2023-04-10_2023-04-14|2025-04-09_2025-04-13
0.3,2,Core CPI m/m|PPI m/m,Neutral|Neutral,17,12,5,70.6,29.4,2.4,2018-06-10_2018-06-14|2018-08-09_2018-08-13|2019-01-11_2019-01-15|2019-03-12_2019-03-16|2019-05-06_2019-05-10|2019-08-09_2019-08-13|2019-09-08_2019-09-12|2020-09-07_2020-09-11|2021-10-12_2021-10-16|2021-11-06_2021-11-10|2022-05-10_2022-05-14|2022-10-12_2022-10-16|2023-02-14_2023-02-18|2023-12-11_2023-12-15|2025-01-14_2025-01-18|2025-03-10_2025-03-14|2025-07-13_2025-07-17
0.3,2,Core CPI m/m|PPI m/m,Neutral|Bad,1,0,1,0.0,100.0,0.0,2020-06-09_2020-06-13
0.0,2,Core CPI m/m|Core PPI m/m,Bad|Good,4,4,0,100.0,0.0,inf,2018-01-11_2018-01-15|2019-08-09_2019-08-13|2021-11-06_2021-11-10|2022-05-10_2022-05-14
0.0,2,Core CPI m/m|Core PPI m/m,Bad|Bad,3,1,2,33.3,66.7,0.5,2018-06-10_2018-06-14|2019-09-08_2019-09-12|2020-09-07_2020-09-11
0.0,2,Core CPI m/m|Core PPI m/m,Neutral|Good,5,5,0,100.0,0.0,inf,2018-08-09_2018-08-13|2019-01-11_2019-01-15|2021-10-12_2021-10-16|2023-04-10_2023-04-14|2023-12-11_2023-12-15
0.0,2,Core CPI m/m|Core PPI m/m,Good|Good,7,2,5,28.6,71.4,0.4,2019-03-12_2019-03-16|2019-05-06_2019-05-10|2022-08-08_2022-08-12|2025-01-14_2025-01-18|2025-03-10_2025-03-14|2025-04-09_2025-04-13|2025-07-13_2025-07-17
0.0,2,Core CPI m/m|Core PPI m/m,Good|Neutral,1,0,1,0.0,100.0,0.0,2020-06-09_2020-06-13
0.0,2,Core CPI m/m|Core PPI m/m,Bad|Neutral,1,1,0,100.0,0.0,inf,2022-10-12_2022-10-16
0.0,2,Core CPI m/m|Core PPI m/m,Neutral|Bad,1,1,0,100.0,0.0,inf,2023-02-14_2023-02-18
0.1,2,Core CPI m/m|Core PPI m/m,Neutral|Good,9,7,2,77.8,22.2,3.5,2018-01-11_2018-01-15|2019-01-11_2019-01-15|2019-08-09_2019-08-13|2021-10-12_2021-10-16|2023-04-10_2023-04-14|2023-12-11_2023-12-15|2025-01-14_2025-01-18|2025-03-10_2025-03-14|2025-07-13_2025-07-17
0.1,2,Core CPI m/m|Core PPI m/m,Neutral|Neutral,6,2,4,33.3,66.7,0.5,2018-06-10_2018-06-14|2018-08-09_2018-08-13|2019-03-12_2019-03-16|2019-05-06_2019-05-10|2019-09-08_2019-09-12|2020-06-09_2020-06-13
0.1,2,Core CPI m/m|Core PPI m/m,Bad|Bad,1,1,0,100.0,0.0,inf,2020-09-07_2020-09-11
0.1,2,Core CPI m/m|Core PPI m/m,Bad|Neutral,2,2,0,100.0,0.0,inf,2021-11-06_2021-11-10|2022-10-12_2022-10-16
0.1,2,Core CPI m/m|Core PPI m/m,Bad|Good,1,1,0,100.0,0.0,inf,2022-05-10_2022-05-14
0.1,2,Core CPI m/m|Core PPI m/m,Good|Good,2,0,2,0.0,100.0,0.0,2022-08-08_2022-08-12|2025-04-09_2025-04-13
0.1,2,Core CPI m/m|Core PPI m/m,Neutral|Bad,1,1,0,100.0,0.0,inf,2023-02-14_2023-02-18
0.2,2,Core CPI m/m|Core PPI m/m,Neutral|Good,7,5,2,71.4,28.6,2.5,2018-01-11_2018-01-15|2019-01-11_2019-01-15|2019-08-09_2019-08-13|2021-10-12_2021-10-16|2023-04-10_2023-04-14|2025-03-10_2025-03-14|2025-04-09_2025-04-13
0.2,2,Core CPI m/m|Core PPI m/m,Neutral|Neutral,15,9,6,60.0,40.0,1.5,2018-06-10_2018-06-14|2018-08-09_2018-08-13|2019-03-12_2019-03-16|2019-05-06_2019-05-10|2019-09-08_2019-09-12|2020-06-09_2020-06-13|2020-09-07_2020-09-11|2021-11-06_2021-11-10|2022-05-10_2022-05-14|2022-08-08_2022-08-12|2022-10-12_2022-10-16|2023-02-14_2023-02-18|2023-12-11_2023-12-15|2025-01-14_2025-01-18|2025-07-13_2025-07-17
0.3,2,Core CPI m/m|Core PPI m/m,Neutral|Good,6,4,2,66.7,33.3,2.0,2018-01-11_2018-01-15|2019-01-11_2019-01-15|2019-08-09_2019-08-13|2023-04-10_2023-04-14|2025-03-10_2025-03-14|2025-04-09_2025-04-13
0.3,2,Core CPI m/m|Core PPI m/m,Neutral|Neutral,16,10,6,62.5,37.5,1.67,2018-06-10_2018-06-14|2018-08-09_2018-08-13|2019-03-12_2019-03-16|2019-05-06_2019-05-10|2019-09-08_2019-09-12|2020-06-09_2020-06-13|2020-09-07_2020-09-11|2021-10-12_2021-10-16|2021-11-06_2021-11-10|2022-05-10_2022-05-14|2022-08-08_2022-08-12|2022-10-12_2022-10-16|2023-02-14_2023-02-18|2023-12-11_2023-12-15|2025-01-14_2025-01-18|2025-07-13_2025-07-17
0.0,2,Core CPI m/m|FOMC,Neutral|Neutral,1,1,0,100.0,0.0,inf,2023-12-11_2023-12-15
0.1,2,Core CPI m/m|FOMC,Neutral|Neutral,1,1,0,100.0,0.0,inf,2023-12-11_2023-12-15
0.2,2,Core CPI m/m|FOMC,Neutral|Neutral,1,1,0,100.0,0.0,inf,2023-12-11_2023-12-15
0.3,2,Core CPI m/m|FOMC,Neutral|Neutral,1,1,0,100.0,0.0,inf,2023-12-11_2023-12-15
0.0,2,Core CPI m/m|CPI y/y,Bad|Neutral,3,1,2,33.3,66.7,0.5,2018-01-11_2018-01-15|2018-06-10_2018-06-14|2020-12-06_2020-12-10
0.0,2,Core CPI m/m|CPI y/y,Bad|Bad,12,9,3,75.0,25.0,3.0,2018-02-10_2018-02-14|2019-08-09_2019-08-13|2020-09-07_2020-09-11|2021-06-09_2021-06-13|2021-07-09_2021-07-13|2021-11-06_2021-11-10|2022-02-09_2022-02-13|2022-05-10_2022-05-14|2022-06-09_2022-06-13|2022-10-12_2022-10-16|2024-10-06_2024-10-10|2025-02-08_2025-02-12
0.0,2,Core CPI m/m|CPI y/y,Neutral|Neutral,7,5,2,71.4,28.6,2.5,2018-08-09_2018-08-13|2018-11-12_2018-11-16|2019-01-11_2019-01-15|2021-01-10_2021-01-14|2022-03-06_2022-03-10|2023-01-10_2023-01-14|2023-12-11_2023-12-15
0.0,2,Core CPI m/m|CPI y/y,Good|Good,9,3,6,33.3,66.7,0.5,2019-03-12_2019-03-16|2019-05-06_2019-05-10|2020-04-10_2020-04-14|2020-06-09_2020-06-13|2022-08-08_2022-08-12|2022-11-06_2022-11-10|2025-03-10_2025-03-14|2025-04-09_2025-04-13|2025-10-21_2025-10-25
0.0,2,Core CPI m/m|CPI y/y,Good|Bad,2,1,1,50.0,50.0,1.0,2019-04-06_2019-04-10|2025-07-13_2025-07-17
0.0,2,Core CPI m/m|CPI y/y,Bad|Good,1,0,1,0.0,100.0,0.0,2019-09-08_2019-09-12
0.0,2,Core CPI m/m|CPI y/y,Neutral|Bad,4,3,1,75.0,25.0,3.0,2019-12-07_2019-12-11|2020-02-10_2020-02-14|2021-10-12_2021-10-16|2023-02-14_2023-02-18
0.0,2,Core CPI m/m|CPI y/y,Good|Neutral,5,3,2,60.0,40.0,1.5,2021-02-09_2021-02-13|2021-03-06_2021-03-10|2021-09-12_2021-09-16|2025-01-14_2025-01-18|2026-01-09_2026-01-13
0.0,2,Core CPI m/m|CPI y/y,Neutral|Good,1,1,0,100.0,0.0,inf,2023-04-10_2023-04-14
0.1,2,Core CPI m/m|CPI y/y,Neutral|Neutral,15,10,5,66.7,33.3,2.0,2018-01-11_2018-01-15|2018-06-10_2018-06-14|2018-08-09_2018-08-13|2018-11-12_2018-11-16|2019-01-11_2019-01-15|2019-04-06_2019-04-10|2020-12-06_2020-12-10|2021-01-10_2021-01-14|2021-03-06_2021-03-10|2022-03-06_2022-03-10|2023-01-10_2023-01-14|2023-04-10_2023-04-14|2023-12-11_2023-12-15|2025-01-14_2025-01-18|2026-01-09_2026-01-13
0.1,2,Core CPI m/m|CPI y/y,Neutral|Bad,10,5,5,50.0,50.0,1.0,2018-02-10_2018-02-14|2019-08-09_2019-08-13|2019-12-07_2019-12-11|2020-02-10_2020-02-14|2021-10-12_2021-10-16|2022-02-09_2022-02-13|2022-06-09_2022-06-13|2023-02-14_2023-02-18|2024-10-06_2024-10-10|2025-07-13_2025-07-17
0.1,2,Core CPI m/m|CPI y/y,Neutral|Good,6,2,4,33.3,66.7,0.5,2019-03-12_2019-03-16|2019-05-06_2019-05-10|2019-09-08_2019-09-12|2020-06-09_2020-06-13|2025-03-10_2025-03-14|2025-10-21_2025-10-25
0.1,2,Core CPI m/m|CPI y/y,Good|Good,4,1,3,25.0,75.0,0.33,2020-04-10_2020-04-14|2022-08-08_2022-08-12|2022-11-06_2022-11-10|2025-04-09_2025-04-13
0.1,2,Core CPI m/m|CPI y/y,Bad|Bad,6,6,0,100.0,0.0,inf,2020-09-07_2020-09-11|2021-06-09_2021-06-13|2021-07-09_2021-07-13|2021-11-06_2021-11-10|2022-05-10_2022-05-14|2025-02-08_2025-02-12
0.1,2,Core CPI m/m|CPI y/y,Good|Neutral,2,1,1,50.0,50.0,1.0,2021-02-09_2021-02-13|2021-09-12_2021-09-16
0.1,2,Core CPI m/m|CPI y/y,Bad|Neutral,1,1,0,100.0,0.0,inf,2022-10-12_2022-10-16
0.2,2,Core CPI m/m|CPI y/y,Neutral|Neutral,35,19,16,54.3,45.7,1.19,2018-01-11_2018-01-15|2018-06-10_2018-06-14|2018-08-09_2018-08-13|2018-11-12_2018-11-16|2019-01-11_2019-01-15|2019-03-12_2019-03-16|2019-04-06_2019-04-10|2019-05-06_2019-05-10|2019-08-09_2019-08-13|2019-09-08_2019-09-12|2019-12-07_2019-12-11|2020-02-10_2020-02-14|2020-04-10_2020-04-14|2020-06-09_2020-06-13|2020-09-07_2020-09-11|2020-12-06_2020-12-10|2021-01-10_2021-01-14|2021-02-09_2021-02-13|2021-03-06_2021-03-10|2021-09-12_2021-09-16|2021-10-12_2021-10-16|2022-03-06_2022-03-10|2022-08-08_2022-08-12|2022-10-12_2022-10-16|2023-01-10_2023-01-14|2023-04-10_2023-04-14|2023-12-11_2023-12-15|2024-10-06_2024-10-10|2025-01-14_2025-01-18|2025-02-08_2025-02-12|2025-03-10_2025-03-14|2025-04-09_2025-04-13|2025-07-13_2025-07-17|2025-10-21_2025-10-25|2026-01-09_2026-01-13
0.2,2,Core CPI m/m|CPI y/y,Neutral|Bad,7,5,2,71.4,28.6,2.5,2018-02-10_2018-02-14|2021-06-09_2021-06-13|2021-11-06_2021-11-10|2022-02-09_2022-02-13|2022-05-10_2022-05-14|2022-06-09_2022-06-13|2023-02-14_2023-02-18
0.2,2,Core CPI m/m|CPI y/y,Bad|Bad,1,1,0,100.0,0.0,inf,2021-07-09_2021-07-13
0.2,2,Core CPI m/m|CPI y/y,Neutral|Good,1,1,0,100.0,0.0,inf,2022-11-06_2022-11-10
0.3,2,Core CPI m/m|CPI y/y,Neutral|Neutral,43,25,18,58.1,41.9,1.39,2018-01-11_2018-01-15|2018-02-10_2018-02-14|2018-06-10_2018-06-14|2018-08-09_2018-08-13|2018-11-12_2018-11-16|2019-01-11_2019-01-15|2019-03-12_2019-03-16|2019-04-06_2019-04-10|2019-05-06_2019-05-10|2019-08-09_2019-08-13|2019-09-08_2019-09-12|2019-12-07_2019-12-11|2020-02-10_2020-02-14|2020-04-10_2020-04-14|2020-06-09_2020-06-13|2020-09-07_2020-09-11|2020-12-06_2020-12-10|2021-01-10_2021-01-14|2021-02-09_2021-02-13|2021-03-06_2021-03-10|2021-06-09_2021-06-13|2021-09-12_2021-09-16|2021-10-12_2021-10-16|2021-11-06_2021-11-10|2022-02-09_2022-02-13|2022-03-06_2022-03-10|2022-05-10_2022-05-14|2022-06-09_2022-06-13|2022-08-08_2022-08-12|2022-10-12_2022-10-16|2022-11-06_2022-11-10|2023-01-10_2023-01-14|2023-02-14_2023-02-18|2023-04-10_2023-04-14|2023-12-11_2023-12-15|2024-10-06_2024-10-10|2025-01-14_2025-01-18|2025-02-08_2025-02-12|2025-03-10_2025-03-14|2025-04-09_2025-04-13|2025-07-13_2025-07-17|2025-10-21_2025-10-25|2026-01-09_2026-01-13
0.3,2,Core CPI m/m|CPI y/y,Bad|Bad,1,1,0,100.0,0.0,inf,2021-07-09_2021-07-13
0.0,2,PPI m/m|Core PPI m/m,Good|Good,14,9,5,64.3,35.7,1.8,2018-01-11_2018-01-15|2018-08-09_2018-08-13|2018-09-08_2018-09-12|2019-01-11_2019-01-15|2019-03-12_2019-03-16|2019-12-12_2019-12-16|2021-10-12_2021-10-16|2022-08-08_2022-08-12|2023-04-10_2023-04-14|2024-06-13_2024-06-17|2025-01-14_2025-01-18|2025-03-10_2025-03-14|2025-04-09_2025-04-13|2025-07-13_2025-07-17
0.0,2,PPI m/m|Core PPI m/m,Neutral|Bad,1,1,0,100.0,0.0,inf,2018-02-15_2018-02-19
0.0,2,PPI m/m|Core PPI m/m,Bad|Bad,14,5,9,35.7,64.3,0.56,2018-06-10_2018-06-14|2018-11-07_2018-11-11|2018-12-07_2018-12-11|2019-09-08_2019-09-12|2020-04-05_2020-04-09|2020-09-07_2020-09-11|2021-02-14_2021-02-18|2021-04-05_2021-04-09|2021-06-14_2021-06-18|2021-07-14_2021-07-18|2021-09-07_2021-09-11|2023-02-14_2023-02-18|2024-02-14_2024-02-18|2026-02-23_2026-02-27
0.0,2,PPI m/m|Core PPI m/m,Neutral|Good,7,5,2,71.4,28.6,2.5,2019-05-06_2019-05-10|2019-08-09_2019-08-13|2021-11-06_2021-11-10|2022-05-10_2022-05-14|2022-06-14_2022-06-18|2023-12-11_2023-12-15|2025-11-25_2025-11-29
0.0,2,PPI m/m|Core PPI m/m,Bad|Neutral,3,2,1,66.7,33.3,2.0,2020-06-09_2020-06-13|2022-10-12_2022-10-16|2025-02-13_2025-02-17
0.0,2,PPI m/m|Core PPI m/m,Bad|Good,1,0,1,0.0,100.0,0.0,2022-07-14_2022-07-18
0.0,2,PPI m/m|Core PPI m/m,Good|Neutral,2,0,2,0.0,100.0,0.0,2023-01-15_2023-01-19|2023-06-14_2023-06-18
0.1,2,PPI m/m|Core PPI m/m,Good|Good,10,5,5,50.0,50.0,1.0,2018-01-11_2018-01-15|2018-09-08_2018-09-12|2019-12-12_2019-12-16|2022-08-08_2022-08-12|2023-04-10_2023-04-14|2024-06-13_2024-06-17|2025-01-14_2025-01-18|2025-03-10_2025-03-14|2025-04-09_2025-04-13|2025-07-13_2025-07-17
0.1,2,PPI m/m|Core PPI m/m,Neutral|Bad,4,2,2,50.0,50.0,1.0,2018-02-15_2018-02-19|2018-12-07_2018-12-11|2020-04-05_2020-04-09|2020-09-07_2020-09-11
0.1,2,PPI m/m|Core PPI m/m,Bad|Neutral,5,2,3,40.0,60.0,0.67,2018-06-10_2018-06-14|2020-06-09_2020-06-13|2022-07-14_2022-07-18|2022-10-12_2022-10-16|2025-02-13_2025-02-17
0.1,2,PPI m/m|Core PPI m/m,Good|Neutral,3,1,2,33.3,66.7,0.5,2018-08-09_2018-08-13|2023-01-15_2023-01-19|2023-06-14_2023-06-18
0.1,2,PPI m/m|Core PPI m/m,Bad|Bad,8,3,5,37.5,62.5,0.6,2018-11-07_2018-11-11|2021-02-14_2021-02-18|2021-04-05_2021-04-09|2021-06-14_2021-06-18|2021-07-14_2021-07-18|2023-02-14_2023-02-18|2024-02-14_2024-02-18|2026-02-23_2026-02-27
0.1,2,PPI m/m|Core PPI m/m,Neutral|Good,5,5,0,100.0,0.0,inf,2019-01-11_2019-01-15|2019-08-09_2019-08-13|2021-10-12_2021-10-16|2022-05-10_2022-05-14|2023-12-11_2023-12-15
0.1,2,PPI m/m|Core PPI m/m,Neutral|Neutral,7,4,3,57.1,42.9,1.33,2019-03-12_2019-03-16|2019-05-06_2019-05-10|2019-09-08_2019-09-12|2021-09-07_2021-09-11|2021-11-06_2021-11-10|2022-06-14_2022-06-18|2025-11-25_2025-11-29
0.2,2,PPI m/m|Core PPI m/m,Good|Good,6,4,2,66.7,33.3,2.0,2018-01-11_2018-01-15|2018-09-08_2018-09-12|2023-04-10_2023-04-14|2024-06-13_2024-06-17|2025-03-10_2025-03-14|2025-04-09_2025-04-13
0.2,2,PPI m/m|Core PPI m/m,Neutral|Neutral,20,12,8,60.0,40.0,1.5,2018-02-15_2018-02-19|2018-06-10_2018-06-14|2018-08-09_2018-08-13|2018-12-07_2018-12-11|2019-03-12_2019-03-16|2019-05-06_2019-05-10|2019-09-08_2019-09-12|2020-04-05_2020-04-09|2020-09-07_2020-09-11|2021-09-07_2021-09-11|2021-11-06_2021-11-10|2022-05-10_2022-05-14|2022-06-14_2022-06-18|2022-10-12_2022-10-16|2023-06-14_2023-06-18|2023-12-11_2023-12-15|2025-01-14_2025-01-18|2025-02-13_2025-02-17|2025-07-13_2025-07-17|2025-11-25_2025-11-29
0.2,2,PPI m/m|Core PPI m/m,Bad|Bad,4,0,4,0.0,100.0,0.0,2018-11-07_2018-11-11|2021-02-14_2021-02-18|2021-04-05_2021-04-09|2021-07-14_2021-07-18
0.2,2,PPI m/m|Core PPI m/m,Neutral|Good,4,3,1,75.0,25.0,3.0,2019-01-11_2019-01-15|2019-08-09_2019-08-13|2019-12-12_2019-12-16|2021-10-12_2021-10-16
0.2,2,PPI m/m|Core PPI m/m,Bad|Neutral,4,2,2,50.0,50.0,1.0,2020-06-09_2020-06-13|2021-06-14_2021-06-18|2022-07-14_2022-07-18|2023-02-14_2023-02-18
0.2,2,PPI m/m|Core PPI m/m,Good|Neutral,2,0,2,0.0,100.0,0.0,2022-08-08_2022-08-12|2023-01-15_2023-01-19
0.2,2,PPI m/m|Core PPI m/m,Neutral|Bad,2,1,1,50.0,50.0,1.0,2024-02-14_2024-02-18|2026-02-23_2026-02-27
0.3,2,PPI m/m|Core PPI m/m,Good|Good,4,3,1,75.0,25.0,3.0,2018-01-11_2018-01-15|2018-09-08_2018-09-12|2023-04-10_2023-04-14|2025-04-09_2025-04-13
0.3,2,PPI m/m|Core PPI m/m,Neutral|Neutral,22,14,8,63.6,36.4,1.75,2018-02-15_2018-02-19|2018-06-10_2018-06-14|2018-08-09_2018-08-13|2018-12-07_2018-12-11|2019-03-12_2019-03-16|2019-05-06_2019-05-10|2019-09-08_2019-09-12|2020-04-05_2020-04-09|2020-09-07_2020-09-11|2021-09-07_2021-09-11|2021-10-12_2021-10-16|2021-11-06_2021-11-10|2022-05-10_2022-05-14|2022-06-14_2022-06-18|2022-10-12_2022-10-16|2023-02-14_2023-02-18|2023-06-14_2023-06-18|2023-12-11_2023-12-15|2025-01-14_2025-01-18|2025-02-13_2025-02-17|2025-07-13_2025-07-17|2025-11-25_2025-11-29
0.3,2,PPI m/m|Core PPI m/m,Bad|Neutral,4,1,3,25.0,75.0,0.33,2018-11-07_2018-11-11|2020-06-09_2020-06-13|2021-06-14_2021-06-18|2022-07-14_2022-07-18
0.3,2,PPI m/m|Core PPI m/m,Neutral|Good,4,2,2,50.0,50.0,1.0,2019-01-11_2019-01-15|2019-08-09_2019-08-13|2019-12-12_2019-12-16|2025-03-10_2025-03-14
0.3,2,PPI m/m|Core PPI m/m,Bad|Bad,3,0,3,0.0,100.0,0.0,2021-02-14_2021-02-18|2021-04-05_2021-04-09|2021-07-14_2021-07-18
0.3,2,PPI m/m|Core PPI m/m,Good|Neutral,3,1,2,33.3,66.7,0.5,2022-08-08_2022-08-12|2023-01-15_2023-01-19|2024-06-13_2024-06-17
0.3,2,PPI m/m|Core PPI m/m,Neutral|Bad,2,1,1,50.0,50.0,1.0,2024-02-14_2024-02-18|2026-02-23_2026-02-27
0.0,2,PPI m/m|FOMC,Good|Neutral,1,0,1,0.0,100.0,0.0,2023-06-14_2023-06-18
0.0,2,PPI m/m|FOMC,Neutral|Neutral,1,1,0,100.0,0.0,inf,2023-12-11_2023-12-15
0.1,2,PPI m/m|FOMC,Good|Neutral,1,0,1,0.0,100.0,0.0,2023-06-14_2023-06-18
0.1,2,PPI m/m|FOMC,Neutral|Neutral,1,1,0,100.0,0.0,inf,2023-12-11_2023-12-15
0.2,2,PPI m/m|FOMC,Neutral|Neutral,2,1,1,50.0,50.0,1.0,2023-06-14_2023-06-18|2023-12-11_2023-12-15
0.3,2,PPI m/m|FOMC,Neutral|Neutral,2,1,1,50.0,50.0,1.0,2023-06-14_2023-06-18|2023-12-11_2023-12-15
0.0,2,PPI m/m|CPI y/y,Good|Neutral,4,4,0,100.0,0.0,inf,2018-01-11_2018-01-15|2018-08-09_2018-08-13|2019-01-11_2019-01-15|2025-01-14_2025-01-18
0.0,2,PPI m/m|CPI y/y,Bad|Neutral,1,0,1,0.0,100.0,0.0,2018-06-10_2018-06-14
0.0,2,PPI m/m|CPI y/y,Good|Good,5,2,3,40.0,60.0,0.67,2019-03-12_2019-03-16|2022-08-08_2022-08-12|2023-04-10_2023-04-14|2025-03-10_2025-03-14|2025-04-09_2025-04-13
0.0,2,PPI m/m|CPI y/y,Neutral|Good,1,0,1,0.0,100.0,0.0,2019-05-06_2019-05-10
0.0,2,PPI m/m|CPI y/y,Neutral|Bad,3,3,0,100.0,0.0,inf,2019-08-09_2019-08-13|2021-11-06_2021-11-10|2022-05-10_2022-05-14
0.0,2,PPI m/m|CPI y/y,Bad|Good,2,0,2,0.0,100.0,0.0,2019-09-08_2019-09-12|2020-06-09_2020-06-13
0.0,2,PPI m/m|CPI y/y,Bad|Bad,3,3,0,100.0,0.0,inf,2020-09-07_2020-09-11|2022-10-12_2022-10-16|2023-02-14_2023-02-18
0.0,2,PPI m/m|CPI y/y,Good|Bad,2,1,1,50.0,50.0,1.0,2021-10-12_2021-10-16|2025-07-13_2025-07-17
0.0,2,PPI m/m|CPI y/y,Neutral|Neutral,1,1,0,100.0,0.0,inf,2023-12-11_2023-12-15
0.1,2,PPI m/m|CPI y/y,Good|Neutral,4,4,0,100.0,0.0,inf,2018-01-11_2018-01-15|2018-08-09_2018-08-13|2023-04-10_2023-04-14|2025-01-14_2025-01-18
0.1,2,PPI m/m|CPI y/y,Bad|Neutral,2,1,1,50.0,50.0,1.0,2018-06-10_2018-06-14|2022-10-12_2022-10-16
0.1,2,PPI m/m|CPI y/y,Neutral|Neutral,2,2,0,100.0,0.0,inf,2019-01-11_2019-01-15|2023-12-11_2023-12-15
0.1,2,PPI m/m|CPI y/y,Neutral|Good,3,1,2,33.3,66.7,0.5,2019-03-12_2019-03-16|2019-05-06_2019-05-10|2019-09-08_2019-09-12
0.1,2,PPI m/m|CPI y/y,Neutral|Bad,5,5,0,100.0,0.0,inf,2019-08-09_2019-08-13|2020-09-07_2020-09-11|2021-10-12_2021-10-16|2021-11-06_2021-11-10|2022-05-10_2022-05-14
0.1,2,PPI m/m|CPI y/y,Bad|Good,1,0,1,0.0,100.0,0.0,2020-06-09_2020-06-13
0.1,2,PPI m/m|CPI y/y,Good|Good,3,0,3,0.0,100.0,0.0,2022-08-08_2022-08-12|2025-03-10_2025-03-14|2025-04-09_2025-04-13
0.1,2,PPI m/m|CPI y/y,Bad|Bad,1,1,0,100.0,0.0,inf,2023-02-14_2023-02-18
0.1,2,PPI m/m|CPI y/y,Good|Bad,1,0,1,0.0,100.0,0.0,2025-07-13_2025-07-17
0.2,2,PPI m/m|CPI y/y,Good|Neutral,5,2,3,40.0,60.0,0.67,2018-01-11_2018-01-15|2022-08-08_2022-08-12|2023-04-10_2023-04-14|2025-03-10_2025-03-14|2025-04-09_2025-04-13
0.2,2,PPI m/m|CPI y/y,Neutral|Neutral,13,9,4,69.2,30.8,2.25,2018-06-10_2018-06-14|2018-08-09_2018-08-13|2019-01-11_2019-01-15|2019-03-12_2019-03-16|2019-05-06_2019-05-10|2019-08-09_2019-08-13|2019-09-08_2019-09-12|2020-09-07_2020-09-11|2021-10-12_2021-10-16|2022-10-12_2022-10-16|2023-12-11_2023-12-15|2025-01-14_2025-01-18|2025-07-13_2025-07-17
0.2,2,PPI m/m|CPI y/y,Bad|Neutral,1,0,1,0.0,100.0,0.0,2020-06-09_2020-06-13
0.2,2,PPI m/m|CPI y/y,Neutral|Bad,2,2,0,100.0,0.0,inf,2021-11-06_2021-11-10|2022-05-10_2022-05-14
0.2,2,PPI m/m|CPI y/y,Bad|Bad,1,1,0,100.0,0.0,inf,2023-02-14_2023-02-18
0.3,2,PPI m/m|CPI y/y,Good|Neutral,4,2,2,50.0,50.0,1.0,2018-01-11_2018-01-15|2022-08-08_2022-08-12|2023-04-10_2023-04-14|2025-04-09_2025-04-13
0.3,2,PPI m/m|CPI y/y,Neutral|Neutral,17,12,5,70.6,29.4,2.4,2018-06-10_2018-06-14|2018-08-09_2018-08-13|2019-01-11_2019-01-15|2019-03-12_2019-03-16|2019-05-06_2019-05-10|2019-08-09_2019-08-13|2019-09-08_2019-09-12|2020-09-07_2020-09-11|2021-10-12_2021-10-16|2021-11-06_2021-11-10|2022-05-10_2022-05-14|2022-10-12_2022-10-16|2023-02-14_2023-02-18|2023-12-11_2023-12-15|2025-01-14_2025-01-18|2025-03-10_2025-03-14|2025-07-13_2025-07-17
0.3,2,PPI m/m|CPI y/y,Bad|Neutral,1,0,1,0.0,100.0,0.0,2020-06-09_2020-06-13
0.0,2,Core PPI m/m|FOMC,Neutral|Neutral,1,0,1,0.0,100.0,0.0,2023-06-14_2023-06-18
0.0,2,Core PPI m/m|FOMC,Good|Neutral,1,1,0,100.0,0.0,inf,2023-12-11_2023-12-15
0.1,2,Core PPI m/m|FOMC,Neutral|Neutral,1,0,1,0.0,100.0,0.0,2023-06-14_2023-06-18
0.1,2,Core PPI m/m|FOMC,Good|Neutral,1,1,0,100.0,0.0,inf,2023-12-11_2023-12-15
0.2,2,Core PPI m/m|FOMC,Neutral|Neutral,2,1,1,50.0,50.0,1.0,2023-06-14_2023-06-18|2023-12-11_2023-12-15
0.3,2,Core PPI m/m|FOMC,Neutral|Neutral,2,1,1,50.0,50.0,1.0,2023-06-14_2023-06-18|2023-12-11_2023-12-15
0.0,2,Core PPI m/m|CPI y/y,Good|Neutral,5,5,0,100.0,0.0,inf,2018-01-11_2018-01-15|2018-08-09_2018-08-13|2019-01-11_2019-01-15|2023-12-11_2023-12-15|2025-01-14_2025-01-18
0.0,2,Core PPI m/m|CPI y/y,Bad|Neutral,1,0,1,0.0,100.0,0.0,2018-06-10_2018-06-14
0.0,2,Core PPI m/m|CPI y/y,Good|Good,6,2,4,33.3,66.7,0.5,2019-03-12_2019-03-16|2019-05-06_2019-05-10|2022-08-08_2022-08-12|2023-04-10_2023-04-14|2025-03-10_2025-03-14|2025-04-09_2025-04-13
0.0,2,Core PPI m/m|CPI y/y,Good|Bad,5,4,1,80.0,20.0,4.0,2019-08-09_2019-08-13|2021-10-12_2021-10-16|2021-11-06_2021-11-10|2022-05-10_2022-05-14|2025-07-13_2025-07-17
0.0,2,Core PPI m/m|CPI y/y,Bad|Good,1,0,1,0.0,100.0,0.0,2019-09-08_2019-09-12
0.0,2,Core PPI m/m|CPI y/y,Neutral|Good,1,0,1,0.0,100.0,0.0,2020-06-09_2020-06-13
0.0,2,Core PPI m/m|CPI y/y,Bad|Bad,2,2,0,100.0,0.0,inf,2020-09-07_2020-09-11|2023-02-14_2023-02-18
0.0,2,Core PPI m/m|CPI y/y,Neutral|Bad,1,1,0,100.0,0.0,inf,2022-10-12_2022-10-16
0.1,2,Core PPI m/m|CPI y/y,Good|Neutral,5,5,0,100.0,0.0,inf,2018-01-11_2018-01-15|2019-01-11_2019-01-15|2023-04-10_2023-04-14|2023-12-11_2023-12-15|2025-01-14_2025-01-18
0.1,2,Core PPI m/m|CPI y/y,Neutral|Neutral,3,2,1,66.7,33.3,2.0,2018-06-10_2018-06-14|2018-08-09_2018-08-13|2022-10-12_2022-10-16
0.1,2,Core PPI m/m|CPI y/y,Neutral|Good,4,1,3,25.0,75.0,0.33,2019-03-12_2019-03-16|2019-05-06_2019-05-10|2019-09-08_2019-09-12|2020-06-09_2020-06-13
0.1,2,Core PPI m/m|CPI y/y,Good|Bad,4,3,1,75.0,25.0,3.0,2019-08-09_2019-08-13|2021-10-12_2021-10-16|2022-05-10_2022-05-14|2025-07-13_2025-07-17
0.1,2,Core PPI m/m|CPI y/y,Bad|Bad,2,2,0,100.0,0.0,inf,2020-09-07_2020-09-11|2023-02-14_2023-02-18
0.1,2,Core PPI m/m|CPI y/y,Neutral|Bad,1,1,0,100.0,0.0,inf,2021-11-06_2021-11-10
0.1,2,Core PPI m/m|CPI y/y,Good|Good,3,0,3,0.0,100.0,0.0,2022-08-08_2022-08-12|2025-03-10_2025-03-14|2025-04-09_2025-04-13
0.2,2,Core PPI m/m|CPI y/y,Good|Neutral,7,5,2,71.4,28.6,2.5,2018-01-11_2018-01-15|2019-01-11_2019-01-15|2019-08-09_2019-08-13|2021-10-12_2021-10-16|2023-04-10_2023-04-14|2025-03-10_2025-03-14|2025-04-09_2025-04-13
0.2,2,Core PPI m/m|CPI y/y,Neutral|Neutral,12,6,6,50.0,50.0,1.0,2018-06-10_2018-06-14|2018-08-09_2018-08-13|2019-03-12_2019-03-16|2019-05-06_2019-05-10|2019-09-08_2019-09-12|2020-06-09_2020-06-13|2020-09-07_2020-09-11|2022-08-08_2022-08-12|2022-10-12_2022-10-16|2023-12-11_2023-12-15|2025-01-14_2025-01-18|2025-07-13_2025-07-17
0.2,2,Core PPI m/m|CPI y/y,Neutral|Bad,3,3,0,100.0,0.0,inf,2021-11-06_2021-11-10|2022-05-10_2022-05-14|2023-02-14_2023-02-18
0.3,2,Core PPI m/m|CPI y/y,Good|Neutral,6,4,2,66.7,33.3,2.0,2018-01-11_2018-01-15|2019-01-11_2019-01-15|2019-08-09_2019-08-13|2023-04-10_2023-04-14|2025-03-10_2025-03-14|2025-04-09_2025-04-13
0.3,2,Core PPI m/m|CPI y/y,Neutral|Neutral,16,10,6,62.5,37.5,1.67,2018-06-10_2018-06-14|2018-08-09_2018-08-13|2019-03-12_2019-03-16|2019-05-06_2019-05-10|2019-09-08_2019-09-12|2020-06-09_2020-06-13|2020-09-07_2020-09-11|2021-10-12_2021-10-16|2021-11-06_2021-11-10|2022-05-10_2022-05-14|2022-08-08_2022-08-12|2022-10-12_2022-10-16|2023-02-14_2023-02-18|2023-12-11_2023-12-15|2025-01-14_2025-01-18|2025-07-13_2025-07-17
0.0,2,FOMC|CPI y/y,Neutral|Neutral,1,1,0,100.0,0.0,inf,2023-12-11_2023-12-15
0.1,2,FOMC|CPI y/y,Neutral|Neutral,1,1,0,100.0,0.0,inf,2023-12-11_2023-12-15
0.2,2,FOMC|CPI y/y,Neutral|Neutral,1,1,0,100.0,0.0,inf,2023-12-11_2023-12-15
0.3,2,FOMC|CPI y/y,Neutral|Neutral,1,1,0,100.0,0.0,inf,2023-12-11_2023-12-15
0.0,3,CPI m/m|Core CPI m/m|PPI m/m,Neutral|Bad|Good,1,1,0,100.0,0.0,inf,2018-01-11_2018-01-15
0.0,3,CPI m/m|Core CPI m/m|PPI m/m,Neutral|Bad|Bad,2,0,2,0.0,100.0,0.0,2018-06-10_2018-06-14|2019-09-08_2019-09-12
0.0,3,CPI m/m|Core CPI m/m|PPI m/m,Neutral|Neutral|Good,2,2,0,100.0,0.0,inf,2018-08-09_2018-08-13|2019-01-11_2019-01-15
0.0,3,CPI m/m|Core CPI m/m|PPI m/m,Neutral|Good|Good,3,2,1,66.7,33.3,2.0,2019-03-12_2019-03-16|2025-01-14_2025-01-18|2025-07-13_2025-07-17
0.0,3,CPI m/m|Core CPI m/m|PPI m/m,Good|Good|Neutral,1,0,1,0.0,100.0,0.0,2019-05-06_2019-05-10
0.0,3,CPI m/m|Core CPI m/m|PPI m/m,Neutral|Bad|Neutral,1,1,0,100.0,0.0,inf,2019-08-09_2019-08-13
0.0,3,CPI m/m|Core CPI m/m|PPI m/m,Good|Good|Bad,1,0,1,0.0,100.0,0.0,2020-06-09_2020-06-13
0.0,3,CPI m/m|Core CPI m/m|PPI m/m,Bad|Bad|Bad,2,2,0,100.0,0.0,inf,2020-09-07_2020-09-11|2022-10-12_2022-10-16
0.0,3,CPI m/m|Core CPI m/m|PPI m/m,Bad|Neutral|Good,1,1,0,100.0,0.0,inf,2021-10-12_2021-10-16
0.0,3,CPI m/m|Core CPI m/m|PPI m/m,Bad|Bad|Neutral,2,2,0,100.0,0.0,inf,2021-11-06_2021-11-10|2022-05-10_2022-05-14
0.0,3,CPI m/m|Core CPI m/m|PPI m/m,Good|Good|Good,3,0,3,0.0,100.0,0.0,2022-08-08_2022-08-12|2025-03-10_2025-03-14|2025-04-09_2025-04-13
0.0,3,CPI m/m|Core CPI m/m|PPI m/m,Neutral|Neutral|Bad,1,1,0,100.0,0.0,inf,2023-02-14_2023-02-18
0.0,3,CPI m/m|Core CPI m/m|PPI m/m,Good|Neutral|Good,1,1,0,100.0,0.0,inf,2023-04-10_2023-04-14
0.0,3,CPI m/m|Core CPI m/m|PPI m/m,Bad|Neutral|Neutral,1,1,0,100.0,0.0,inf,2023-12-11_2023-12-15
0.1,3,CPI m/m|Core CPI m/m|PPI m/m,Neutral|Neutral|Good,6,4,2,66.7,33.3,2.0,2018-01-11_2018-01-15|2018-08-09_2018-08-13|2023-04-10_2023-04-14|2025-01-14_2025-01-18|2025-03-10_2025-03-14|2025-07-13_2025-07-17
0.1,3,CPI m/m|Core CPI m/m|PPI m/m,Neutral|Neutral|Bad,3,1,2,33.3,66.7,0.5,2018-06-10_2018-06-14|2020-06-09_2020-06-13|2023-02-14_2023-02-18
0.1,3,CPI m/m|Core CPI m/m|PPI m/m,Neutral|Neutral|Neutral,5,4,1,80.0,20.0,4.0,2019-01-11_2019-01-15|2019-03-12_2019-03-16|2019-08-09_2019-08-13|2019-09-08_2019-09-12|2023-12-11_2023-12-15
0.1,3,CPI m/m|Core CPI m/m|PPI m/m,Good|Neutral|Neutral,1,0,1,0.0,100.0,0.0,2019-05-06_2019-05-10
0.1,3,CPI m/m|Core CPI m/m|PPI m/m,Bad|Bad|Neutral,2,2,0,100.0,0.0,inf,2020-09-07_2020-09-11|2021-11-06_2021-11-10
0.1,3,CPI m/m|Core CPI m/m|PPI m/m,Bad|Neutral|Neutral,1,1,0,100.0,0.0,inf,2021-10-12_2021-10-16
0.1,3,CPI m/m|Core CPI m/m|PPI m/m,Neutral|Bad|Neutral,1,1,0,100.0,0.0,inf,2022-05-10_2022-05-14
0.1,3,CPI m/m|Core CPI m/m|PPI m/m,Good|Good|Good,2,0,2,0.0,100.0,0.0,2022-08-08_2022-08-12|2025-04-09_2025-04-13
0.1,3,CPI m/m|Core CPI m/m|PPI m/m,Bad|Bad|Bad,1,1,0,100.0,0.0,inf,2022-10-12_2022-10-16
0.2,3,CPI m/m|Core CPI m/m|PPI m/m,Neutral|Neutral|Good,5,2,3,40.0,60.0,0.67,2018-01-11_2018-01-15|2022-08-08_2022-08-12|2023-04-10_2023-04-14|2025-03-10_2025-03-14|2025-04-09_2025-04-13
0.2,3,CPI m/m|Core CPI m/m|PPI m/m,Neutral|Neutral|Neutral,14,10,4,71.4,28.6,2.5,2018-06-10_2018-06-14|2018-08-09_2018-08-13|2019-01-11_2019-01-15|2019-03-12_2019-03-16|2019-05-06_2019-05-10|2019-08-09_2019-08-13|2019-09-08_2019-09-12|2020-09-07_2020-09-11|2021-10-12_2021-10-16|2022-05-10_2022-05-14|2022-10-12_2022-10-16|2023-12-11_2023-12-15|2025-01-14_2025-01-18|2025-07-13_2025-07-17
0.2,3,CPI m/m|Core CPI m/m|PPI m/m,Neutral|Neutral|Bad,2,1,1,50.0,50.0,1.0,2020-06-09_2020-06-13|2023-02-14_2023-02-18
0.2,3,CPI m/m|Core CPI m/m|PPI m/m,Bad|Neutral|Neutral,1,1,0,100.0,0.0,inf,2021-11-06_2021-11-10
0.3,3,CPI m/m|Core CPI m/m|PPI m/m,Neutral|Neutral|Good,4,2,2,50.0,50.0,1.0,2018-01-11_2018-01-15|2022-08-08_2022-08-12|2023-04-10_2023-04-14|2025-04-09_2025-04-13
0.3,3,CPI m/m|Core CPI m/m|PPI m/m,Neutral|Neutral|Neutral,16,11,5,68.8,31.2,2.2,2018-06-10_2018-06-14|2018-08-09_2018-08-13|2019-01-11_2019-01-15|2019-03-12_2019-03-16|2019-05-06_2019-05-10|2019-08-09_2019-08-13|2019-09-08_2019-09-12|2020-09-07_2020-09-11|2021-10-12_2021-10-16|2022-05-10_2022-05-14|2022-10-12_2022-10-16|2023-02-14_2023-02-18|2023-12-11_2023-12-15|2025-01-14_2025-01-18|2025-03-10_2025-03-14|2025-07-13_2025-07-17
0.3,3,CPI m/m|Core CPI m/m|PPI m/m,Neutral|Neutral|Bad,1,0,1,0.0,100.0,0.0,2020-06-09_2020-06-13
0.3,3,CPI m/m|Core CPI m/m|PPI m/m,Bad|Neutral|Neutral,1,1,0,100.0,0.0,inf,2021-11-06_2021-11-10
0.0,3,CPI m/m|Core CPI m/m|Core PPI m/m,Neutral|Bad|Good,2,2,0,100.0,0.0,inf,2018-01-11_2018-01-15|2019-08-09_2019-08-13
0.0,3,CPI m/m|Core CPI m/m|Core PPI m/m,Neutral|Bad|Bad,2,0,2,0.0,100.0,0.0,2018-06-10_2018-06-14|2019-09-08_2019-09-12
0.0,3,CPI m/m|Core CPI m/m|Core PPI m/m,Neutral|Neutral|Good,2,2,0,100.0,0.0,inf,2018-08-09_2018-08-13|2019-01-11_2019-01-15
0.0,3,CPI m/m|Core CPI m/m|Core PPI m/m,Neutral|Good|Good,3,2,1,66.7,33.3,2.0,2019-03-12_2019-03-16|2025-01-14_2025-01-18|2025-07-13_2025-07-17
0.0,3,CPI m/m|Core CPI m/m|Core PPI m/m,Good|Good|Good,4,0,4,0.0,100.0,0.0,2019-05-06_2019-05-10|2022-08-08_2022-08-12|2025-03-10_2025-03-14|2025-04-09_2025-04-13
0.0,3,CPI m/m|Core CPI m/m|Core PPI m/m,Good|Good|Neutral,1,0,1,0.0,100.0,0.0,2020-06-09_2020-06-13
0.0,3,CPI m/m|Core CPI m/m|Core PPI m/m,Bad|Bad|Bad,1,1,0,100.0,0.0,inf,2020-09-07_2020-09-11
0.0,3,CPI m/m|Core CPI m/m|Core PPI m/m,Bad|Neutral|Good,2,2,0,100.0,0.0,inf,2021-10-12_2021-10-16|2023-12-11_2023-12-15
0.0,3,CPI m/m|Core CPI m/m|Core PPI m/m,Bad|Bad|Good,2,2,0,100.0,0.0,inf,2021-11-06_2021-11-10|2022-05-10_2022-05-14
0.0,3,CPI m/m|Core CPI m/m|Core PPI m/m,Bad|Bad|Neutral,1,1,0,100.0,0.0,inf,2022-10-12_2022-10-16
0.0,3,CPI m/m|Core CPI m/m|Core PPI m/m,Neutral|Neutral|Bad,1,1,0,100.0,0.0,inf,2023-02-14_2023-02-18
0.0,3,CPI m/m|Core CPI m/m|Core PPI m/m,Good|Neutral|Good,1,1,0,100.0,0.0,inf,2023-04-10_2023-04-14
0.1,3,CPI m/m|Core CPI m/m|Core PPI m/m,Neutral|Neutral|Good,8,6,2,75.0,25.0,3.0,2018-01-11_2018-01-15|2019-01-11_2019-01-15|2019-08-09_2019-08-13|2023-04-10_2023-04-14|2023-12-11_2023-12-15|2025-01-14_2025-01-18|2025-03-10_2025-03-14|2025-07-13_2025-07-17
0.1,3,CPI m/m|Core CPI m/m|Core PPI m/m,Neutral|Neutral|Neutral,5,2,3,40.0,60.0,0.67,2018-06-10_2018-06-14|2018-08-09_2018-08-13|2019-03-12_2019-03-16|2019-09-08_2019-09-12|2020-06-09_2020-06-13
0.1,3,CPI m/m|Core CPI m/m|Core PPI m/m,Good|Neutral|Neutral,1,0,1,0.0,100.0,0.0,2019-05-06_2019-05-10
0.1,3,CPI m/m|Core CPI m/m|Core PPI m/m,Bad|Bad|Bad,1,1,0,100.0,0.0,inf,2020-09-07_2020-09-11
0.1,3,CPI m/m|Core CPI m/m|Core PPI m/m,Bad|Neutral|Good,1,1,0,100.0,0.0,inf,2021-10-12_2021-10-16
0.1,3,CPI m/m|Core CPI m/m|Core PPI m/m,Bad|Bad|Neutral,2,2,0,100.0,0.0,inf,2021-11-06_2021-11-10|2022-10-12_2022-10-16
0.1,3,CPI m/m|Core CPI m/m|Core PPI m/m,Neutral|Bad|Good,1,1,0,100.0,0.0,inf,2022-05-10_2022-05-14
0.1,3,CPI m/m|Core CPI m/m|Core PPI m/m,Good|Good|Good,2,0,2,0.0,100.0,0.0,2022-08-08_2022-08-12|2025-04-09_2025-04-13
0.1,3,CPI m/m|Core CPI m/m|Core PPI m/m,Neutral|Neutral|Bad,1,1,0,100.0,0.0,inf,2023-02-14_2023-02-18
0.2,3,CPI m/m|Core CPI m/m|Core PPI m/m,Neutral|Neutral|Good,7,5,2,71.4,28.6,2.5,2018-01-11_2018-01-15|2019-01-11_2019-01-15|2019-08-09_2019-08-13|2021-10-12_2021-10-16|2023-04-10_2023-04-14|2025-03-10_2025-03-14|2025-04-09_2025-04-13
0.2,3,CPI m/m|Core CPI m/m|Core PPI m/m,Neutral|Neutral|Neutral,14,8,6,57.1,42.9,1.33,2018-06-10_2018-06-14|2018-08-09_2018-08-13|2019-03-12_2019-03-16|2019-05-06_2019-05-10|2019-09-08_2019-09-12|2020-06-09_2020-06-13|2020-09-07_2020-09-11|2022-05-10_2022-05-14|2022-08-08_2022-08-12|2022-10-12_2022-10-16|2023-02-14_2023-02-18|2023-12-11_2023-12-15|2025-01-14_2025-01-18|2025-07-13_2025-07-17
0.2,3,CPI m/m|Core CPI m/m|Core PPI m/m,Bad|Neutral|Neutral,1,1,0,100.0,0.0,inf,2021-11-06_2021-11-10
0.3,3,CPI m/m|Core CPI m/m|Core PPI m/m,Neutral|Neutral|Good,6,4,2,66.7,33.3,2.0,2018-01-11_2018-01-15|2019-01-11_2019-01-15|2019-08-09_2019-08-13|2023-04-10_2023-04-14|2025-03-10_2025-03-14|2025-04-09_2025-04-13
0.3,3,CPI m/m|Core CPI m/m|Core PPI m/m,Neutral|Neutral|Neutral,15,9,6,60.0,40.0,1.5,2018-06-10_2018-06-14|2018-08-09_2018-08-13|2019-03-12_2019-03-16|2019-05-06_2019-05-10|2019-09-08_2019-09-12|2020-06-09_2020-06-13|2020-09-07_2020-09-11|2021-10-12_2021-10-16|2022-05-10_2022-05-14|2022-08-08_2022-08-12|2022-10-12_2022-10-16|2023-02-14_2023-02-18|2023-12-11_2023-12-15|2025-01-14_2025-01-18|2025-07-13_2025-07-17
0.3,3,CPI m/m|Core CPI m/m|Core PPI m/m,Bad|Neutral|Neutral,1,1,0,100.0,0.0,inf,2021-11-06_2021-11-10
0.0,3,CPI m/m|Core CPI m/m|FOMC,Bad|Neutral|Neutral,1,1,0,100.0,0.0,inf,2023-12-11_2023-12-15
0.1,3,CPI m/m|Core CPI m/m|FOMC,Neutral|Neutral|Neutral,1,1,0,100.0,0.0,inf,2023-12-11_2023-12-15
0.2,3,CPI m/m|Core CPI m/m|FOMC,Neutral|Neutral|Neutral,1,1,0,100.0,0.0,inf,2023-12-11_2023-12-15
0.3,3,CPI m/m|Core CPI m/m|FOMC,Neutral|Neutral|Neutral,1,1,0,100.0,0.0,inf,2023-12-11_2023-12-15
0.0,3,CPI m/m|Core CPI m/m|CPI y/y,Neutral|Bad|Neutral,2,1,1,50.0,50.0,1.0,2018-01-11_2018-01-15|2018-06-10_2018-06-14
0.0,3,CPI m/m|Core CPI m/m|CPI y/y,Bad|Bad|Bad,11,8,3,72.7,27.3,2.67,2018-02-10_2018-02-14|2020-09-07_2020-09-11|2021-06-09_2021-06-13|2021-07-09_2021-07-13|2021-11-06_2021-11-10|2022-02-09_2022-02-13|2022-05-10_2022-05-14|2022-06-09_2022-06-13|2022-10-12_2022-10-16|2024-10-06_2024-10-10|2025-02-08_2025-02-12
0.0,3,CPI m/m|Core CPI m/m|CPI y/y,Neutral|Neutral|Neutral,6,4,2,66.7,33.3,2.0,2018-08-09_2018-08-13|2018-11-12_2018-11-16|2019-01-11_2019-01-15|2021-01-10_2021-01-14|2022-03-06_2022-03-10|2023-01-10_2023-01-14
0.0,3,CPI m/m|Core CPI m/m|CPI y/y,Neutral|Good|Good,1,1,0,100.0,0.0,inf,2019-03-12_2019-03-16
0.0,3,CPI m/m|Core CPI m/m|CPI y/y,Bad|Good|Bad,1,1,0,100.0,0.0,inf,2019-04-06_2019-04-10
0.0,3,CPI m/m|Core CPI m/m|CPI y/y,Good|Good|Good,8,2,6,25.0,75.0,0.33,2019-05-06_2019-05-10|2020-04-10_2020-04-14|2020-06-09_2020-06-13|2022-08-08_2022-08-12|2022-11-06_2022-11-10|2025-03-10_2025-03-14|2025-04-09_2025-04-13|2025-10-21_2025-10-25
0.0,3,CPI m/m|Core CPI m/m|CPI y/y,Neutral|Bad|Bad,1,1,0,100.0,0.0,inf,2019-08-09_2019-08-13
0.0,3,CPI m/m|Core CPI m/m|CPI y/y,Neutral|Bad|Good,1,0,1,0.0,100.0,0.0,2019-09-08_2019-09-12
0.0,3,CPI m/m|Core CPI m/m|CPI y/y,Bad|Neutral|Bad,2,2,0,100.0,0.0,inf,2019-12-07_2019-12-11|2021-10-12_2021-10-16
0.0,3,CPI m/m|Core CPI m/m|CPI y/y,Good|Neutral|Bad,1,0,1,0.0,100.0,0.0,2020-02-10_2020-02-14
0.0,3,CPI m/m|Core CPI m/m|CPI y/y,Bad|Bad|Neutral,1,0,1,0.0,100.0,0.0,2020-12-06_2020-12-10
0.0,3,CPI m/m|Core CPI m/m|CPI y/y,Neutral|Good|Neutral,4,3,1,75.0,25.0,3.0,2021-02-09_2021-02-13|2021-03-06_2021-03-10|2025-01-14_2025-01-18|2026-01-09_2026-01-13
0.0,3,CPI m/m|Core CPI m/m|CPI y/y,Good|Good|Neutral,1,0,1,0.0,100.0,0.0,2021-09-12_2021-09-16
0.0,3,CPI m/m|Core CPI m/m|CPI y/y,Neutral|Neutral|Bad,1,1,0,100.0,0.0,inf,2023-02-14_2023-02-18
0.0,3,CPI m/m|Core CPI m/m|CPI y/y,Good|Neutral|Good,1,1,0,100.0,0.0,inf,2023-04-10_2023-04-14
0.0,3,CPI m/m|Core CPI m/m|CPI y/y,Bad|Neutral|Neutral,1,1,0,100.0,0.0,inf,2023-12-11_2023-12-15
0.0,3,CPI m/m|Core CPI m/m|CPI y/y,Neutral|Good|Bad,1,0,1,0.0,100.0,0.0,2025-07-13_2025-07-17
0.1,3,CPI m/m|Core CPI m/m|CPI y/y,Neutral|Neutral|Neutral,14,9,5,64.3,35.7,1.8,2018-01-11_2018-01-15|2018-06-10_2018-06-14|2018-08-09_2018-08-13|2018-11-12_2018-11-16|2019-01-11_2019-01-15|2020-12-06_2020-12-10|2021-01-10_2021-01-14|2021-03-06_2021-03-10|2022-03-06_2022-03-10|2023-01-10_2023-01-14|2023-04-10_2023-04-14|2023-12-11_2023-12-15|2025-01-14_2025-01-18|2026-01-09_2026-01-13
0.1,3,CPI m/m|Core CPI m/m|CPI y/y,Bad|Neutral|Bad,4,2,2,50.0,50.0,1.0,2018-02-10_2018-02-14|2021-10-12_2021-10-16|2022-02-09_2022-02-13|2022-06-09_2022-06-13
0.1,3,CPI m/m|Core CPI m/m|CPI y/y,Neutral|Neutral|Good,4,1,3,25.0,75.0,0.33,2019-03-12_2019-03-16|2019-09-08_2019-09-12|2020-06-09_2020-06-13|2025-03-10_2025-03-14
0.1,3,CPI m/m|Core CPI m/m|CPI y/y,Bad|Neutral|Neutral,1,1,0,100.0,0.0,inf,2019-04-06_2019-04-10
0.1,3,CPI m/m|Core CPI m/m|CPI y/y,Good|Neutral|Good,2,1,1,50.0,50.0,1.0,2019-05-06_2019-05-10|2025-10-21_2025-10-25
0.1,3,CPI m/m|Core CPI m/m|CPI y/y,Neutral|Neutral|Bad,6,3,3,50.0,50.0,1.0,2019-08-09_2019-08-13|2019-12-07_2019-12-11|2020-02-10_2020-02-14|2023-02-14_2023-02-18|2024-10-06_2024-10-10|2025-07-13_2025-07-17
0.1,3,CPI m/m|Core CPI m/m|CPI y/y,Good|Good|Good,4,1,3,25.0,75.0,0.33,2020-04-10_2020-04-14|2022-08-08_2022-08-12|2022-11-06_2022-11-10|2025-04-09_2025-04-13
0.1,3,CPI m/m|Core CPI m/m|CPI y/y,Bad|Bad|Bad,5,5,0,100.0,0.0,inf,2020-09-07_2020-09-11|2021-06-09_2021-06-13|2021-07-09_2021-07-13|2021-11-06_2021-11-10|2025-02-08_2025-02-12
0.1,3,CPI m/m|Core CPI m/m|CPI y/y,Neutral|Good|Neutral,1,1,0,100.0,0.0,inf,2021-02-09_2021-02-13
0.1,3,CPI m/m|Core CPI m/m|CPI y/y,Good|Good|Neutral,1,0,1,0.0,100.0,0.0,2021-09-12_2021-09-16
0.1,3,CPI m/m|Core CPI m/m|CPI y/y,Neutral|Bad|Bad,1,1,0,100.0,0.0,inf,2022-05-10_2022-05-14
0.1,3,CPI m/m|Core CPI m/m|CPI y/y,Bad|Bad|Neutral,1,1,0,100.0,0.0,inf,2022-10-12_2022-10-16
0.2,3,CPI m/m|Core CPI m/m|CPI y/y,Neutral|Neutral|Neutral,35,19,16,54.3,45.7,1.19,2018-01-11_2018-01-15|2018-06-10_2018-06-14|2018-08-09_2018-08-13|2018-11-12_2018-11-16|2019-01-11_2019-01-15|2019-03-12_2019-03-16|2019-04-06_2019-04-10|2019-05-06_2019-05-10|2019-08-09_2019-08-13|2019-09-08_2019-09-12|2019-12-07_2019-12-11|2020-02-10_2020-02-14|2020-04-10_2020-04-14|2020-06-09_2020-06-13|2020-09-07_2020-09-11|2020-12-06_2020-12-10|2021-01-10_2021-01-14|2021-02-09_2021-02-13|2021-03-06_2021-03-10|2021-09-12_2021-09-16|2021-10-12_2021-10-16|2022-03-06_2022-03-10|2022-08-08_2022-08-12|2022-10-12_2022-10-16|2023-01-10_2023-01-14|2023-04-10_2023-04-14|2023-12-11_2023-12-15|2024-10-06_2024-10-10|2025-01-14_2025-01-18|2025-02-08_2025-02-12|2025-03-10_2025-03-14|2025-04-09_2025-04-13|2025-07-13_2025-07-17|2025-10-21_2025-10-25|2026-01-09_2026-01-13
0.2,3,CPI m/m|Core CPI m/m|CPI y/y,Neutral|Neutral|Bad,5,3,2,60.0,40.0,1.5,2018-02-10_2018-02-14|2021-06-09_2021-06-13|2022-02-09_2022-02-13|2022-05-10_2022-05-14|2023-02-14_2023-02-18
0.2,3,CPI m/m|Core CPI m/m|CPI y/y,Bad|Bad|Bad,1,1,0,100.0,0.0,inf,2021-07-09_2021-07-13
0.2,3,CPI m/m|Core CPI m/m|CPI y/y,Bad|Neutral|Bad,2,2,0,100.0,0.0,inf,2021-11-06_2021-11-10|2022-06-09_2022-06-13
0.2,3,CPI m/m|Core CPI m/m|CPI y/y,Neutral|Neutral|Good,1,1,0,100.0,0.0,inf,2022-11-06_2022-11-10
0.3,3,CPI m/m|Core CPI m/m|CPI y/y,Neutral|Neutral|Neutral,41,23,18,56.1,43.9,1.28,2018-01-11_2018-01-15|2018-02-10_2018-02-14|2018-06-10_2018-06-14|2018-08-09_2018-08-13|2018-11-12_2018-11-16|2019-01-11_2019-01-15|2019-03-12_2019-03-16|2019-04-06_2019-04-10|2019-05-06_2019-05-10|2019-08-09_2019-08-13|2019-09-08_2019-09-12|2019-12-07_2019-12-11|2020-02-10_2020-02-14|2020-04-10_2020-04-14|2020-06-09_2020-06-13|2020-09-07_2020-09-11|2020-12-06_2020-12-10|2021-01-10_2021-01-14|2021-02-09_2021-02-13|2021-03-06_2021-03-10|2021-06-09_2021-06-13|2021-09-12_2021-09-16|2021-10-12_2021-10-16|2022-02-09_2022-02-13|2022-03-06_2022-03-10|2022-05-10_2022-05-14|2022-08-08_2022-08-12|2022-10-12_2022-10-16|2022-11-06_2022-11-10|2023-01-10_2023-01-14|2023-02-14_2023-02-18|2023-04-10_2023-04-14|2023-12-11_2023-12-15|2024-10-06_2024-10-10|2025-01-14_2025-01-18|2025-02-08_2025-02-12|2025-03-10_2025-03-14|2025-04-09_2025-04-13|2025-07-13_2025-07-17|2025-10-21_2025-10-25|2026-01-09_2026-01-13
0.3,3,CPI m/m|Core CPI m/m|CPI y/y,Bad|Bad|Bad,1,1,0,100.0,0.0,inf,2021-07-09_2021-07-13
0.3,3,CPI m/m|Core CPI m/m|CPI y/y,Bad|Neutral|Neutral,2,2,0,100.0,0.0,inf,2021-11-06_2021-11-10|2022-06-09_2022-06-13
0.0,3,CPI m/m|PPI m/m|Core PPI m/m,Neutral|Good|Good,6,5,1,83.3,16.7,5.0,2018-01-11_2018-01-15|2018-08-09_2018-08-13|2019-01-11_2019-01-15|2019-03-12_2019-03-16|2025-01-14_2025-01-18|2025-07-13_2025-07-17
0.0,3,CPI m/m|PPI m/m|Core PPI m/m,Neutral|Bad|Bad,3,1,2,33.3,66.7,0.5,2018-06-10_2018-06-14|2019-09-08_2019-09-12|2023-02-14_2023-02-18
0.0,3,CPI m/m|PPI m/m|Core PPI m/m,Good|Neutral|Good,1,0,1,0.0,100.0,0.0,2019-05-06_2019-05-10
0.0,3,CPI m/m|PPI m/m|Core PPI m/m,Neutral|Neutral|Good,1,1,0,100.0,0.0,inf,2019-08-09_2019-08-13
0.0,3,CPI m/m|PPI m/m|Core PPI m/m,Good|Bad|Neutral,1,0,1,0.0,100.0,0.0,2020-06-09_2020-06-13
0.0,3,CPI m/m|PPI m/m|Core PPI m/m,Bad|Bad|Bad,1,1,0,100.0,0.0,inf,2020-09-07_2020-09-11
0.0,3,CPI m/m|PPI m/m|Core PPI m/m,Bad|Good|Good,1,1,0,100.0,0.0,inf,2021-10-12_2021-10-16
0.0,3,CPI m/m|PPI m/m|Core PPI m/m,Bad|Neutral|Good,3,3,0,100.0,0.0,inf,2021-11-06_2021-11-10|2022-05-10_2022-05-14|2023-12-11_2023-12-15
0.0,3,CPI m/m|PPI m/m|Core PPI m/m,Good|Good|Good,4,1,3,25.0,75.0,0.33,2022-08-08_2022-08-12|2023-04-10_2023-04-14|2025-03-10_2025-03-14|2025-04-09_2025-04-13
0.0,3,CPI m/m|PPI m/m|Core PPI m/m,Bad|Bad|Neutral,1,1,0,100.0,0.0,inf,2022-10-12_2022-10-16
0.1,3,CPI m/m|PPI m/m|Core PPI m/m,Neutral|Good|Good,5,3,2,60.0,40.0,1.5,2018-01-11_2018-01-15|2023-04-10_2023-04-14|2025-01-14_2025-01-18|2025-03-10_2025-03-14|2025-07-13_2025-07-17
0.1,3,CPI m/m|PPI m/m|Core PPI m/m,Neutral|Bad|Neutral,2,0,2,0.0,100.0,0.0,2018-06-10_2018-06-14|2020-06-09_2020-06-13
0.1,3,CPI m/m|PPI m/m|Core PPI m/m,Neutral|Good|Neutral,1,1,0,100.0,0.0,inf,2018-08-09_2018-08-13
0.1,3,CPI m/m|PPI m/m|Core PPI m/m,Neutral|Neutral|Good,4,4,0,100.0,0.0,inf,2019-01-11_2019-01-15|2019-08-09_2019-08-13|2022-05-10_2022-05-14|2023-12-11_2023-12-15
0.1,3,CPI m/m|PPI m/m|Core PPI m/m,Neutral|Neutral|Neutral,2,1,1,50.0,50.0,1.0,2019-03-12_2019-03-16|2019-09-08_2019-09-12
0.1,3,CPI m/m|PPI m/m|Core PPI m/m,Good|Neutral|Neutral,1,0,1,0.0,100.0,0.0,2019-05-06_2019-05-10
0.1,3,CPI m/m|PPI m/m|Core PPI m/m,Bad|Neutral|Bad,1,1,0,100.0,0.0,inf,2020-09-07_2020-09-11
0.1,3,CPI m/m|PPI m/m|Core PPI m/m,Bad|Neutral|Good,1,1,0,100.0,0.0,inf,2021-10-12_2021-10-16
0.1,3,CPI m/m|PPI m/m|Core PPI m/m,Bad|Neutral|Neutral,1,1,0,100.0,0.0,inf,2021-11-06_2021-11-10
0.1,3,CPI m/m|PPI m/m|Core PPI m/m,Good|Good|Good,2,0,2,0.0,100.0,0.0,2022-08-08_2022-08-12|2025-04-09_2025-04-13
0.1,3,CPI m/m|PPI m/m|Core PPI m/m,Bad|Bad|Neutral,1,1,0,100.0,0.0,inf,2022-10-12_2022-10-16
0.1,3,CPI m/m|PPI m/m|Core PPI m/m,Neutral|Bad|Bad,1,1,0,100.0,0.0,inf,2023-02-14_2023-02-18
0.2,3,CPI m/m|PPI m/m|Core PPI m/m,Neutral|Good|Good,4,2,2,50.0,50.0,1.0,2018-01-11_2018-01-15|2023-04-10_2023-04-14|2025-03-10_2025-03-14|2025-04-09_2025-04-13
0.2,3,CPI m/m|PPI m/m|Core PPI m/m,Neutral|Neutral|Neutral,11,7,4,63.6,36.4,1.75,2018-06-10_2018-06-14|2018-08-09_2018-08-13|2019-03-12_2019-03-16|2019-05-06_2019-05-10|2019-09-08_2019-09-12|2020-09-07_2020-09-11|2022-05-10_2022-05-14|2022-10-12_2022-10-16|2023-12-11_2023-12-15|2025-01-14_2025-01-18|2025-07-13_2025-07-17
0.2,3,CPI m/m|PPI m/m|Core PPI m/m,Neutral|Neutral|Good,3,3,0,100.0,0.0,inf,2019-01-11_2019-01-15|2019-08-09_2019-08-13|2021-10-12_2021-10-16
0.2,3,CPI m/m|PPI m/m|Core PPI m/m,Neutral|Bad|Neutral,2,1,1,50.0,50.0,1.0,2020-06-09_2020-06-13|2023-02-14_2023-02-18
0.2,3,CPI m/m|PPI m/m|Core PPI m/m,Bad|Neutral|Neutral,1,1,0,100.0,0.0,inf,2021-11-06_2021-11-10
0.2,3,CPI m/m|PPI m/m|Core PPI m/m,Neutral|Good|Neutral,1,0,1,0.0,100.0,0.0,2022-08-08_2022-08-12
0.3,3,CPI m/m|PPI m/m|Core PPI m/m,Neutral|Good|Good,3,2,1,66.7,33.3,2.0,2018-01-11_2018-01-15|2023-04-10_2023-04-14|2025-04-09_2025-04-13
0.3,3,CPI m/m|PPI m/m|Core PPI m/m,Neutral|Neutral|Neutral,13,9,4,69.2,30.8,2.25,2018-06-10_2018-06-14|2018-08-09_2018-08-13|2019-03-12_2019-03-16|2019-05-06_2019-05-10|2019-09-08_2019-09-12|2020-09-07_2020-09-11|2021-10-12_2021-10-16|2022-05-10_2022-05-14|2022-10-12_2022-10-16|2023-02-14_2023-02-18|2023-12-11_2023-12-15|2025-01-14_2025-01-18|2025-07-13_2025-07-17
0.3,3,CPI m/m|PPI m/m|Core PPI m/m,Neutral|Neutral|Good,3,2,1,66.7,33.3,2.0,2019-01-11_2019-01-15|2019-08-09_2019-08-13|2025-03-10_2025-03-14
0.3,3,CPI m/m|PPI m/m|Core PPI m/m,Neutral|Bad|Neutral,1,0,1,0.0,100.0,0.0,2020-06-09_2020-06-13
0.3,3,CPI m/m|PPI m/m|Core PPI m/m,Bad|Neutral|Neutral,1,1,0,100.0,0.0,inf,2021-11-06_2021-11-10
0.3,3,CPI m/m|PPI m/m|Core PPI m/m,Neutral|Good|Neutral,1,0,1,0.0,100.0,0.0,2022-08-08_2022-08-12
0.0,3,CPI m/m|PPI m/m|FOMC,Bad|Neutral|Neutral,1,1,0,100.0,0.0,inf,2023-12-11_2023-12-15
0.1,3,CPI m/m|PPI m/m|FOMC,Neutral|Neutral|Neutral,1,1,0,100.0,0.0,inf,2023-12-11_2023-12-15
0.2,3,CPI m/m|PPI m/m|FOMC,Neutral|Neutral|Neutral,1,1,0,100.0,0.0,inf,2023-12-11_2023-12-15
0.3,3,CPI m/m|PPI m/m|FOMC,Neutral|Neutral|Neutral,1,1,0,100.0,0.0,inf,2023-12-11_2023-12-15
0.0,3,CPI m/m|PPI m/m|CPI y/y,Neutral|Good|Neutral,4,4,0,100.0,0.0,inf,2018-01-11_2018-01-15|2018-08-09_2018-08-13|2019-01-11_2019-01-15|2025-01-14_2025-01-18
0.0,3,CPI m/m|PPI m/m|CPI y/y,Neutral|Bad|Neutral,1,0,1,0.0,100.0,0.0,2018-06-10_2018-06-14
0.0,3,CPI m/m|PPI m/m|CPI y/y,Neutral|Good|Good,1,1,0,100.0,0.0,inf,2019-03-12_2019-03-16
0.0,3,CPI m/m|PPI m/m|CPI y/y,Good|Neutral|Good,1,0,1,0.0,100.0,0.0,2019-05-06_2019-05-10
0.0,3,CPI m/m|PPI m/m|CPI y/y,Neutral|Neutral|Bad,1,1,0,100.0,0.0,inf,2019-08-09_2019-08-13
0.0,3,CPI m/m|PPI m/m|CPI y/y,Neutral|Bad|Good,1,0,1,0.0,100.0,0.0,2019-09-08_2019-09-12
0.0,3,CPI m/m|PPI m/m|CPI y/y,Good|Bad|Good,1,0,1,0.0,100.0,0.0,2020-06-09_2020-06-13
0.0,3,CPI m/m|PPI m/m|CPI y/y,Bad|Bad|Bad,2,2,0,100.0,0.0,inf,2020-09-07_2020-09-11|2022-10-12_2022-10-16
0.0,3,CPI m/m|PPI m/m|CPI y/y,Bad|Good|Bad,1,1,0,100.0,0.0,inf,2021-10-12_2021-10-16
0.0,3,CPI m/m|PPI m/m|CPI y/y,Bad|Neutral|Bad,2,2,0,100.0,0.0,inf,2021-11-06_2021-11-10|2022-05-10_2022-05-14
0.0,3,CPI m/m|PPI m/m|CPI y/y,Good|Good|Good,4,1,3,25.0,75.0,0.33,2022-08-08_2022-08-12|2023-04-10_2023-04-14|2025-03-10_2025-03-14|2025-04-09_2025-04-13
0.0,3,CPI m/m|PPI m/m|CPI y/y,Neutral|Bad|Bad,1,1,0,100.0,0.0,inf,2023-02-14_2023-02-18
0.0,3,CPI m/m|PPI m/m|CPI y/y,Bad|Neutral|Neutral,1,1,0,100.0,0.0,inf,2023-12-11_2023-12-15
0.0,3,CPI m/m|PPI m/m|CPI y/y,Neutral|Good|Bad,1,0,1,0.0,100.0,0.0,2025-07-13_2025-07-17
0.1,3,CPI m/m|PPI m/m|CPI y/y,Neutral|Good|Neutral,4,4,0,100.0,0.0,inf,2018-01-11_2018-01-15|2018-08-09_2018-08-13|2023-04-10_2023-04-14|2025-01-14_2025-01-18
0.1,3,CPI m/m|PPI m/m|CPI y/y,Neutral|Bad|Neutral,1,0,1,0.0,100.0,0.0,2018-06-10_2018-06-14
0.1,3,CPI m/m|PPI m/m|CPI y/y,Neutral|Neutral|Neutral,2,2,0,100.0,0.0,inf,2019-01-11_2019-01-15|2023-12-11_2023-12-15
0.1,3,CPI m/m|PPI m/m|CPI y/y,Neutral|Neutral|Good,2,1,1,50.0,50.0,1.0,2019-03-12_2019-03-16|2019-09-08_2019-09-12
0.1,3,CPI m/m|PPI m/m|CPI y/y,Good|Neutral|Good,1,0,1,0.0,100.0,0.0,2019-05-06_2019-05-10
0.1,3,CPI m/m|PPI m/m|CPI y/y,Neutral|Neutral|Bad,2,2,0,100.0,0.0,inf,2019-08-09_2019-08-13|2022-05-10_2022-05-14
0.1,3,CPI m/m|PPI m/m|CPI y/y,Neutral|Bad|Good,1,0,1,0.0,100.0,0.0,2020-06-09_2020-06-13
0.1,3,CPI m/m|PPI m/m|CPI y/y,Bad|Neutral|Bad,3,3,0,100.0,0.0,inf,2020-09-07_2020-09-11|2021-10-12_2021-10-16|2021-11-06_2021-11-10
0.1,3,CPI m/m|PPI m/m|CPI y/y,Good|Good|Good,2,0,2,0.0,100.0,0.0,2022-08-08_2022-08-12|2025-04-09_2025-04-13
0.1,3,CPI m/m|PPI m/m|CPI y/y,Bad|Bad|Neutral,1,1,0,100.0,0.0,inf,2022-10-12_2022-10-16
0.1,3,CPI m/m|PPI m/m|CPI y/y,Neutral|Bad|Bad,1,1,0,100.0,0.0,inf,2023-02-14_2023-02-18
0.1,3,CPI m/m|PPI m/m|CPI y/y,Neutral|Good|Good,1,0,1,0.0,100.0,0.0,2025-03-10_2025-03-14
0.1,3,CPI m/m|PPI m/m|CPI y/y,Neutral|Good|Bad,1,0,1,0.0,100.0,0.0,2025-07-13_2025-07-17
0.2,3,CPI m/m|PPI m/m|CPI y/y,Neutral|Good|Neutral,5,2,3,40.0,60.0,0.67,2018-01-11_2018-01-15|2022-08-08_2022-08-12|2023-04-10_2023-04-14|2025-03-10_2025-03-14|2025-04-09_2025-04-13
0.2,3,CPI m/m|PPI m/m|CPI y/y,Neutral|Neutral|Neutral,13,9,4,69.2,30.8,2.25,2018-06-10_2018-06-14|2018-08-09_2018-08-13|2019-01-11_2019-01-15|2019-03-12_2019-03-16|2019-05-06_2019-05-10|2019-08-09_2019-08-13|2019-09-08_2019-09-12|2020-09-07_2020-09-11|2021-10-12_2021-10-16|2022-10-12_2022-10-16|2023-12-11_2023-12-15|2025-01-14_2025-01-18|2025-07-13_2025-07-17
0.2,3,CPI m/m|PPI m/m|CPI y/y,Neutral|Bad|Neutral,1,0,1,0.0,100.0,0.0,2020-06-09_2020-06-13
0.2,3,CPI m/m|PPI m/m|CPI y/y,Bad|Neutral|Bad,1,1,0,100.0,0.0,inf,2021-11-06_2021-11-10
0.2,3,CPI m/m|PPI m/m|CPI y/y,Neutral|Neutral|Bad,1,1,0,100.0,0.0,inf,2022-05-10_2022-05-14
0.2,3,CPI m/m|PPI m/m|CPI y/y,Neutral|Bad|Bad,1,1,0,100.0,0.0,inf,2023-02-14_2023-02-18
0.3,3,CPI m/m|PPI m/m|CPI y/y,Neutral|Good|Neutral,4,2,2,50.0,50.0,1.0,2018-01-11_2018-01-15|2022-08-08_2022-08-12|2023-04-10_2023-04-14|2025-04-09_2025-04-13
0.3,3,CPI m/m|PPI m/m|CPI y/y,Neutral|Neutral|Neutral,16,11,5,68.8,31.2,2.2,2018-06-10_2018-06-14|2018-08-09_2018-08-13|2019-01-11_2019-01-15|2019-03-12_2019-03-16|2019-05-06_2019-05-10|2019-08-09_2019-08-13|2019-09-08_2019-09-12|2020-09-07_2020-09-11|2021-10-12_2021-10-16|2022-05-10_2022-05-14|2022-10-12_2022-10-16|2023-02-14_2023-02-18|2023-12-11_2023-12-15|2025-01-14_2025-01-18|2025-03-10_2025-03-14|2025-07-13_2025-07-17
0.3,3,CPI m/m|PPI m/m|CPI y/y,Neutral|Bad|Neutral,1,0,1,0.0,100.0,0.0,2020-06-09_2020-06-13
0.3,3,CPI m/m|PPI m/m|CPI y/y,Bad|Neutral|Neutral,1,1,0,100.0,0.0,inf,2021-11-06_2021-11-10
0.0,3,CPI m/m|Core PPI m/m|FOMC,Bad|Good|Neutral,1,1,0,100.0,0.0,inf,2023-12-11_2023-12-15
0.1,3,CPI m/m|Core PPI m/m|FOMC,Neutral|Good|Neutral,1,1,0,100.0,0.0,inf,2023-12-11_2023-12-15
0.2,3,CPI m/m|Core PPI m/m|FOMC,Neutral|Neutral|Neutral,1,1,0,100.0,0.0,inf,2023-12-11_2023-12-15
0.3,3,CPI m/m|Core PPI m/m|FOMC,Neutral|Neutral|Neutral,1,1,0,100.0,0.0,inf,2023-12-11_2023-12-15
0.0,3,CPI m/m|Core PPI m/m|CPI y/y,Neutral|Good|Neutral,4,4,0,100.0,0.0,inf,2018-01-11_2018-01-15|2018-08-09_2018-08-13|2019-01-11_2019-01-15|2025-01-14_2025-01-18
0.0,3,CPI m/m|Core PPI m/m|CPI y/y,Neutral|Bad|Neutral,1,0,1,0.0,100.0,0.0,2018-06-10_2018-06-14
0.0,3,CPI m/m|Core PPI m/m|CPI y/y,Neutral|Good|Good,1,1,0,100.0,0.0,inf,2019-03-12_2019-03-16
0.0,3,CPI m/m|Core PPI m/m|CPI y/y,Good|Good|Good,5,1,4,20.0,80.0,0.25,2019-05-06_2019-05-10|2022-08-08_2022-08-12|2023-04-10_2023-04-14|2025-03-10_2025-03-14|2025-04-09_2025-04-13
0.0,3,CPI m/m|Core PPI m/m|CPI y/y,Neutral|Good|Bad,2,1,1,50.0,50.0,1.0,2019-08-09_2019-08-13|2025-07-13_2025-07-17
0.0,3,CPI m/m|Core PPI m/m|CPI y/y,Neutral|Bad|Good,1,0,1,0.0,100.0,0.0,2019-09-08_2019-09-12
0.0,3,CPI m/m|Core PPI m/m|CPI y/y,Good|Neutral|Good,1,0,1,0.0,100.0,0.0,2020-06-09_2020-06-13
0.0,3,CPI m/m|Core PPI m/m|CPI y/y,Bad|Bad|Bad,1,1,0,100.0,0.0,inf,2020-09-07_2020-09-11
0.0,3,CPI m/m|Core PPI m/m|CPI y/y,Bad|Good|Bad,3,3,0,100.0,0.0,inf,2021-10-12_2021-10-16|2021-11-06_2021-11-10|2022-05-10_2022-05-14
0.0,3,CPI m/m|Core PPI m/m|CPI y/y,Bad|Neutral|Bad,1,1,0,100.0,0.0,inf,2022-10-12_2022-10-16
0.0,3,CPI m/m|Core PPI m/m|CPI y/y,Neutral|Bad|Bad,1,1,0,100.0,0.0,inf,2023-02-14_2023-02-18
0.0,3,CPI m/m|Core PPI m/m|CPI y/y,Bad|Good|Neutral,1,1,0,100.0,0.0,inf,2023-12-11_2023-12-15
0.1,3,CPI m/m|Core PPI m/m|CPI y/y,Neutral|Good|Neutral,5,5,0,100.0,0.0,inf,2018-01-11_2018-01-15|2019-01-11_2019-01-15|2023-04-10_2023-04-14|2023-12-11_2023-12-15|2025-01-14_2025-01-18
0.1,3,CPI m/m|Core PPI m/m|CPI y/y,Neutral|Neutral|Neutral,2,1,1,50.0,50.0,1.0,2018-06-10_2018-06-14|2018-08-09_2018-08-13
0.1,3,CPI m/m|Core PPI m/m|CPI y/y,Neutral|Neutral|Good,3,1,2,33.3,66.7,0.5,2019-03-12_2019-03-16|2019-09-08_2019-09-12|2020-06-09_2020-06-13
0.1,3,CPI m/m|Core PPI m/m|CPI y/y,Good|Neutral|Good,1,0,1,0.0,100.0,0.0,2019-05-06_2019-05-10
0.1,3,CPI m/m|Core PPI m/m|CPI y/y,Neutral|Good|Bad,3,2,1,66.7,33.3,2.0,2019-08-09_2019-08-13|2022-05-10_2022-05-14|2025-07-13_2025-07-17
0.1,3,CPI m/m|Core PPI m/m|CPI y/y,Bad|Bad|Bad,1,1,0,100.0,0.0,inf,2020-09-07_2020-09-11
0.1,3,CPI m/m|Core PPI m/m|CPI y/y,Bad|Good|Bad,1,1,0,100.0,0.0,inf,2021-10-12_2021-10-16
0.1,3,CPI m/m|Core PPI m/m|CPI y/y,Bad|Neutral|Bad,1,1,0,100.0,0.0,inf,2021-11-06_2021-11-10
0.1,3,CPI m/m|Core PPI m/m|CPI y/y,Good|Good|Good,2,0,2,0.0,100.0,0.0,2022-08-08_2022-08-12|2025-04-09_2025-04-13
0.1,3,CPI m/m|Core PPI m/m|CPI y/y,Bad|Neutral|Neutral,1,1,0,100.0,0.0,inf,2022-10-12_2022-10-16
0.1,3,CPI m/m|Core PPI m/m|CPI y/y,Neutral|Bad|Bad,1,1,0,100.0,0.0,inf,2023-02-14_2023-02-18
0.1,3,CPI m/m|Core PPI m/m|CPI y/y,Neutral|Good|Good,1,0,1,0.0,100.0,0.0,2025-03-10_2025-03-14
0.2,3,CPI m/m|Core PPI m/m|CPI y/y,Neutral|Good|Neutral,7,5,2,71.4,28.6,2.5,2018-01-11_2018-01-15|2019-01-11_2019-01-15|2019-08-09_2019-08-13|2021-10-12_2021-10-16|2023-04-10_2023-04-14|2025-03-10_2025-03-14|2025-04-09_2025-04-13
0.2,3,CPI m/m|Core PPI m/m|CPI y/y,Neutral|Neutral|Neutral,12,6,6,50.0,50.0,1.0,2018-06-10_2018-06-14|2018-08-09_2018-08-13|2019-03-12_2019-03-16|2019-05-06_2019-05-10|2019-09-08_2019-09-12|2020-06-09_2020-06-13|2020-09-07_2020-09-11|2022-08-08_2022-08-12|2022-10-12_2022-10-16|2023-12-11_2023-12-15|2025-01-14_2025-01-18|2025-07-13_2025-07-17
0.2,3,CPI m/m|Core PPI m/m|CPI y/y,Bad|Neutral|Bad,1,1,0,100.0,0.0,inf,2021-11-06_2021-11-10
0.2,3,CPI m/m|Core PPI m/m|CPI y/y,Neutral|Neutral|Bad,2,2,0,100.0,0.0,inf,2022-05-10_2022-05-14|2023-02-14_2023-02-18
0.3,3,CPI m/m|Core PPI m/m|CPI y/y,Neutral|Good|Neutral,6,4,2,66.7,33.3,2.0,2018-01-11_2018-01-15|2019-01-11_2019-01-15|2019-08-09_2019-08-13|2023-04-10_2023-04-14|2025-03-10_2025-03-14|2025-04-09_2025-04-13
0.3,3,CPI m/m|Core PPI m/m|CPI y/y,Neutral|Neutral|Neutral,15,9,6,60.0,40.0,1.5,2018-06-10_2018-06-14|2018-08-09_2018-08-13|2019-03-12_2019-03-16|2019-05-06_2019-05-10|2019-09-08_2019-09-12|2020-06-09_2020-06-13|2020-09-07_2020-09-11|2021-10-12_2021-10-16|2022-05-10_2022-05-14|2022-08-08_2022-08-12|2022-10-12_2022-10-16|2023-02-14_2023-02-18|2023-12-11_2023-12-15|2025-01-14_2025-01-18|2025-07-13_2025-07-17
0.3,3,CPI m/m|Core PPI m/m|CPI y/y,Bad|Neutral|Neutral,1,1,0,100.0,0.0,inf,2021-11-06_2021-11-10
0.0,3,CPI m/m|FOMC|CPI y/y,Bad|Neutral|Neutral,1,1,0,100.0,0.0,inf,2023-12-11_2023-12-15
0.1,3,CPI m/m|FOMC|CPI y/y,Neutral|Neutral|Neutral,1,1,0,100.0,0.0,inf,2023-12-11_2023-12-15
0.2,3,CPI m/m|FOMC|CPI y/y,Neutral|Neutral|Neutral,1,1,0,100.0,0.0,inf,2023-12-11_2023-12-15
0.3,3,CPI m/m|FOMC|CPI y/y,Neutral|Neutral|Neutral,1,1,0,100.0,0.0,inf,2023-12-11_2023-12-15
0.0,3,Core CPI m/m|PPI m/m|Core PPI m/m,Bad|Good|Good,1,1,0,100.0,0.0,inf,2018-01-11_2018-01-15
0.0,3,Core CPI m/m|PPI m/m|Core PPI m/m,Bad|Bad|Bad,3,1,2,33.3,66.7,0.5,2018-06-10_2018-06-14|2019-09-08_2019-09-12|2020-09-07_2020-09-11
0.0,3,Core CPI m/m|PPI m/m|Core PPI m/m,Neutral|Good|Good,4,4,0,100.0,0.0,inf,2018-08-09_2018-08-13|2019-01-11_2019-01-15|2021-10-12_2021-10-16|2023-04-10_2023-04-14
0.0,3,Core CPI m/m|PPI m/m|Core PPI m/m,Good|Good|Good,6,2,4,33.3,66.7,0.5,2019-03-12_2019-03-16|2022-08-08_2022-08-12|2025-01-14_2025-01-18|2025-03-10_2025-03-14|2025-04-09_2025-04-13|2025-07-13_2025-07-17
0.0,3,Core CPI m/m|PPI m/m|Core PPI m/m,Good|Neutral|Good,1,0,1,0.0,100.0,0.0,2019-05-06_2019-05-10
0.0,3,Core CPI m/m|PPI m/m|Core PPI m/m,Bad|Neutral|Good,3,3,0,100.0,0.0,inf,2019-08-09_2019-08-13|2021-11-06_2021-11-10|2022-05-10_2022-05-14
0.0,3,Core CPI m/m|PPI m/m|Core PPI m/m,Good|Bad|Neutral,1,0,1,0.0,100.0,0.0,2020-06-09_2020-06-13
0.0,3,Core CPI m/m|PPI m/m|Core PPI m/m,Bad|Bad|Neutral,1,1,0,100.0,0.0,inf,2022-10-12_2022-10-16
0.0,3,Core CPI m/m|PPI m/m|Core PPI m/m,Neutral|Bad|Bad,1,1,0,100.0,0.0,inf,2023-02-14_2023-02-18
0.0,3,Core CPI m/m|PPI m/m|Core PPI m/m,Neutral|Neutral|Good,1,1,0,100.0,0.0,inf,2023-12-11_2023-12-15
0.1,3,Core CPI m/m|PPI m/m|Core PPI m/m,Neutral|Good|Good,5,3,2,60.0,40.0,1.5,2018-01-11_2018-01-15|2023-04-10_2023-04-14|2025-01-14_2025-01-18|2025-03-10_2025-03-14|2025-07-13_2025-07-17
0.1,3,Core CPI m/m|PPI m/m|Core PPI m/m,Neutral|Bad|Neutral,2,0,2,0.0,100.0,0.0,2018-06-10_2018-06-14|2020-06-09_2020-06-13
0.1,3,Core CPI m/m|PPI m/m|Core PPI m/m,Neutral|Good|Neutral,1,1,0,100.0,0.0,inf,2018-08-09_2018-08-13
0.1,3,Core CPI m/m|PPI m/m|Core PPI m/m,Neutral|Neutral|Good,4,4,0,100.0,0.0,inf,2019-01-11_2019-01-15|2019-08-09_2019-08-13|2021-10-12_2021-10-16|2023-12-11_2023-12-15
0.1,3,Core CPI m/m|PPI m/m|Core PPI m/m,Neutral|Neutral|Neutral,3,1,2,33.3,66.7,0.5,2019-03-12_2019-03-16|2019-05-06_2019-05-10|2019-09-08_2019-09-12
0.1,3,Core CPI m/m|PPI m/m|Core PPI m/m,Bad|Neutral|Bad,1,1,0,100.0,0.0,inf,2020-09-07_2020-09-11
0.1,3,Core CPI m/m|PPI m/m|Core PPI m/m,Bad|Neutral|Neutral,1,1,0,100.0,0.0,inf,2021-11-06_2021-11-10
0.1,3,Core CPI m/m|PPI m/m|Core PPI m/m,Bad|Neutral|Good,1,1,0,100.0,0.0,inf,2022-05-10_2022-05-14
0.1,3,Core CPI m/m|PPI m/m|Core PPI m/m,Good|Good|Good,2,0,2,0.0,100.0,0.0,2022-08-08_2022-08-12|2025-04-09_2025-04-13
0.1,3,Core CPI m/m|PPI m/m|Core PPI m/m,Bad|Bad|Neutral,1,1,0,100.0,0.0,inf,2022-10-12_2022-10-16
0.1,3,Core CPI m/m|PPI m/m|Core PPI m/m,Neutral|Bad|Bad,1,1,0,100.0,0.0,inf,2023-02-14_2023-02-18
0.2,3,Core CPI m/m|PPI m/m|Core PPI m/m,Neutral|Good|Good,4,2,2,50.0,50.0,1.0,2018-01-11_2018-01-15|2023-04-10_2023-04-14|2025-03-10_2025-03-14|2025-04-09_2025-04-13
0.2,3,Core CPI m/m|PPI m/m|Core PPI m/m,Neutral|Neutral|Neutral,12,8,4,66.7,33.3,2.0,2018-06-10_2018-06-14|2018-08-09_2018-08-13|2019-03-12_2019-03-16|2019-05-06_2019-05-10|2019-09-08_2019-09-12|2020-09-07_2020-09-11|2021-11-06_2021-11-10|2022-05-10_2022-05-14|2022-10-12_2022-10-16|2023-12-11_2023-12-15|2025-01-14_2025-01-18|2025-07-13_2025-07-17
0.2,3,Core CPI m/m|PPI m/m|Core PPI m/m,Neutral|Neutral|Good,3,3,0,100.0,0.0,inf,2019-01-11_2019-01-15|2019-08-09_2019-08-13|2021-10-12_2021-10-16
0.2,3,Core CPI m/m|PPI m/m|Core PPI m/m,Neutral|Bad|Neutral,2,1,1,50.0,50.0,1.0,2020-06-09_2020-06-13|2023-02-14_2023-02-18
0.2,3,Core CPI m/m|PPI m/m|Core PPI m/m,Neutral|Good|Neutral,1,0,1,0.0,100.0,0.0,2022-08-08_2022-08-12
0.3,3,Core CPI m/m|PPI m/m|Core PPI m/m,Neutral|Good|Good,3,2,1,66.7,33.3,2.0,2018-01-11_2018-01-15|2023-04-10_2023-04-14|2025-04-09_2025-04-13
0.3,3,Core CPI m/m|PPI m/m|Core PPI m/m,Neutral|Neutral|Neutral,14,10,4,71.4,28.6,2.5,2018-06-10_2018-06-14|2018-08-09_2018-08-13|2019-03-12_2019-03-16|2019-05-06_2019-05-10|2019-09-08_2019-09-12|2020-09-07_2020-09-11|2021-10-12_2021-10-16|2021-11-06_2021-11-10|2022-05-10_2022-05-14|2022-10-12_2022-10-16|2023-02-14_2023-02-18|2023-12-11_2023-12-15|2025-01-14_2025-01-18|2025-07-13_2025-07-17
0.3,3,Core CPI m/m|PPI m/m|Core PPI m/m,Neutral|Neutral|Good,3,2,1,66.7,33.3,2.0,2019-01-11_2019-01-15|2019-08-09_2019-08-13|2025-03-10_2025-03-14
0.3,3,Core CPI m/m|PPI m/m|Core PPI m/m,Neutral|Bad|Neutral,1,0,1,0.0,100.0,0.0,2020-06-09_2020-06-13
0.3,3,Core CPI m/m|PPI m/m|Core PPI m/m,Neutral|Good|Neutral,1,0,1,0.0,100.0,0.0,2022-08-08_2022-08-12
0.0,3,Core CPI m/m|PPI m/m|FOMC,Neutral|Neutral|Neutral,1,1,0,100.0,0.0,inf,2023-12-11_2023-12-15
0.1,3,Core CPI m/m|PPI m/m|FOMC,Neutral|Neutral|Neutral,1,1,0,100.0,0.0,inf,2023-12-11_2023-12-15
0.2,3,Core CPI m/m|PPI m/m|FOMC,Neutral|Neutral|Neutral,1,1,0,100.0,0.0,inf,2023-12-11_2023-12-15
0.3,3,Core CPI m/m|PPI m/m|FOMC,Neutral|Neutral|Neutral,1,1,0,100.0,0.0,inf,2023-12-11_2023-12-15
0.0,3,Core CPI m/m|PPI m/m|CPI y/y,Bad|Good|Neutral,1,1,0,100.0,0.0,inf,2018-01-11_2018-01-15
0.0,3,Core CPI m/m|PPI m/m|CPI y/y,Bad|Bad|Neutral,1,0,1,0.0,100.0,0.0,2018-06-10_2018-06-14
0.0,3,Core CPI m/m|PPI m/m|CPI y/y,Neutral|Good|Neutral,2,2,0,100.0,0.0,inf,2018-08-09_2018-08-13|2019-01-11_2019-01-15
0.0,3,Core CPI m/m|PPI m/m|CPI y/y,Good|Good|Good,4,1,3,25.0,75.0,0.33,2019-03-12_2019-03-16|2022-08-08_2022-08-12|2025-03-10_2025-03-14|2025-04-09_2025-04-13
0.0,3,Core CPI m/m|PPI m/m|CPI y/y,Good|Neutral|Good,1,0,1,0.0,100.0,0.0,2019-05-06_2019-05-10
0.0,3,Core CPI m/m|PPI m/m|CPI y/y,Bad|Neutral|Bad,3,3,0,100.0,0.0,inf,2019-08-09_2019-08-13|2021-11-06_2021-11-10|2022-05-10_2022-05-14
0.0,3,Core CPI m/m|PPI m/m|CPI y/y,Bad|Bad|Good,1,0,1,0.0,100.0,0.0,2019-09-08_2019-09-12
0.0,3,Core CPI m/m|PPI m/m|CPI y/y,Good|Bad|Good,1,0,1,0.0,100.0,0.0,2020-06-09_2020-06-13
0.0,3,Core CPI m/m|PPI m/m|CPI y/y,Bad|Bad|Bad,2,2,0,100.0,0.0,inf,2020-09-07_2020-09-11|2022-10-12_2022-10-16
0.0,3,Core CPI m/m|PPI m/m|CPI y/y,Neutral|Good|Bad,1,1,0,100.0,0.0,inf,2021-10-12_2021-10-16
0.0,3,Core CPI m/m|PPI m/m|CPI y/y,Neutral|Bad|Bad,1,1,0,100.0,0.0,inf,2023-02-14_2023-02-18
0.0,3,Core CPI m/m|PPI m/m|CPI y/y,Neutral|Good|Good,1,1,0,100.0,0.0,inf,2023-04-10_2023-04-14
0.0,3,Core CPI m/m|PPI m/m|CPI y/y,Neutral|Neutral|Neutral,1,1,0,100.0,0.0,inf,2023-12-11_2023-12-15
0.0,3,Core CPI m/m|PPI m/m|CPI y/y,Good|Good|Neutral,1,1,0,100.0,0.0,inf,2025-01-14_2025-01-18
0.0,3,Core CPI m/m|PPI m/m|CPI y/y,Good|Good|Bad,1,0,1,0.0,100.0,0.0,2025-07-13_2025-07-17
0.1,3,Core CPI m/m|PPI m/m|CPI y/y,Neutral|Good|Neutral,4,4,0,100.0,0.0,inf,2018-01-11_2018-01-15|2018-08-09_2018-08-13|2023-04-10_2023-04-14|2025-01-14_2025-01-18
0.1,3,Core CPI m/m|PPI m/m|CPI y/y,Neutral|Bad|Neutral,1,0,1,0.0,100.0,0.0,2018-06-10_2018-06-14
0.1,3,Core CPI m/m|PPI m/m|CPI y/y,Neutral|Neutral|Neutral,2,2,0,100.0,0.0,inf,2019-01-11_2019-01-15|2023-12-11_2023-12-15
0.1,3,Core CPI m/m|PPI m/m|CPI y/y,Neutral|Neutral|Good,3,1,2,33.3,66.7,0.5,2019-03-12_2019-03-16|2019-05-06_2019-05-10|2019-09-08_2019-09-12
0.1,3,Core CPI m/m|PPI m/m|CPI y/y,Neutral|Neutral|Bad,2,2,0,100.0,0.0,inf,2019-08-09_2019-08-13|2021-10-12_2021-10-16
0.1,3,Core CPI m/m|PPI m/m|CPI y/y,Neutral|Bad|Good,1,0,1,0.0,100.0,0.0,2020-06-09_2020-06-13
0.1,3,Core CPI m/m|PPI m/m|CPI y/y,Bad|Neutral|Bad,3,3,0,100.0,0.0,inf,2020-09-07_2020-09-11|2021-11-06_2021-11-10|2022-05-10_2022-05-14
0.1,3,Core CPI m/m|PPI m/m|CPI y/y,Good|Good|Good,2,0,2,0.0,100.0,0.0,2022-08-08_2022-08-12|2025-04-09_2025-04-13
0.1,3,Core CPI m/m|PPI m/m|CPI y/y,Bad|Bad|Neutral,1,1,0,100.0,0.0,inf,2022-10-12_2022-10-16
0.1,3,Core CPI m/m|PPI m/m|CPI y/y,Neutral|Bad|Bad,1,1,0,100.0,0.0,inf,2023-02-14_2023-02-18
0.1,3,Core CPI m/m|PPI m/m|CPI y/y,Neutral|Good|Good,1,0,1,0.0,100.0,0.0,2025-03-10_2025-03-14
0.1,3,Core CPI m/m|PPI m/m|CPI y/y,Neutral|Good|Bad,1,0,1,0.0,100.0,0.0,2025-07-13_2025-07-17
0.2,3,Core CPI m/m|PPI m/m|CPI y/y,Neutral|Good|Neutral,5,2,3,40.0,60.0,0.67,2018-01-11_2018-01-15|2022-08-08_2022-08-12|2023-04-10_2023-04-14|2025-03-10_2025-03-14|2025-04-09_2025-04-13
0.2,3,Core CPI m/m|PPI m/m|CPI y/y,Neutral|Neutral|Neutral,13,9,4,69.2,30.8,2.25,2018-06-10_2018-06-14|2018-08-09_2018-08-13|2019-01-11_2019-01-15|2019-03-12_2019-03-16|2019-05-06_2019-05-10|2019-08-09_2019-08-13|2019-09-08_2019-09-12|2020-09-07_2020-09-11|2021-10-12_2021-10-16|2022-10-12_2022-10-16|2023-12-11_2023-12-15|2025-01-14_2025-01-18|2025-07-13_2025-07-17
0.2,3,Core CPI m/m|PPI m/m|CPI y/y,Neutral|Bad|Neutral,1,0,1,0.0,100.0,0.0,2020-06-09_2020-06-13
0.2,3,Core CPI m/m|PPI m/m|CPI y/y,Neutral|Neutral|Bad,2,2,0,100.0,0.0,inf,2021-11-06_2021-11-10|2022-05-10_2022-05-14
0.2,3,Core CPI m/m|PPI m/m|CPI y/y,Neutral|Bad|Bad,1,1,0,100.0,0.0,inf,2023-02-14_2023-02-18
0.3,3,Core CPI m/m|PPI m/m|CPI y/y,Neutral|Good|Neutral,4,2,2,50.0,50.0,1.0,2018-01-11_2018-01-15|2022-08-08_2022-08-12|2023-04-10_2023-04-14|2025-04-09_2025-04-13
0.3,3,Core CPI m/m|PPI m/m|CPI y/y,Neutral|Neutral|Neutral,17,12,5,70.6,29.4,2.4,2018-06-10_2018-06-14|2018-08-09_2018-08-13|2019-01-11_2019-01-15|2019-03-12_2019-03-16|2019-05-06_2019-05-10|2019-08-09_2019-08-13|2019-09-08_2019-09-12|2020-09-07_2020-09-11|2021-10-12_2021-10-16|2021-11-06_2021-11-10|2022-05-10_2022-05-14|2022-10-12_2022-10-16|2023-02-14_2023-02-18|2023-12-11_2023-12-15|2025-01-14_2025-01-18|2025-03-10_2025-03-14|2025-07-13_2025-07-17
0.3,3,Core CPI m/m|PPI m/m|CPI y/y,Neutral|Bad|Neutral,1,0,1,0.0,100.0,0.0,2020-06-09_2020-06-13
0.0,3,Core CPI m/m|Core PPI m/m|FOMC,Neutral|Good|Neutral,1,1,0,100.0,0.0,inf,2023-12-11_2023-12-15
0.1,3,Core CPI m/m|Core PPI m/m|FOMC,Neutral|Good|Neutral,1,1,0,100.0,0.0,inf,2023-12-11_2023-12-15
0.2,3,Core CPI m/m|Core PPI m/m|FOMC,Neutral|Neutral|Neutral,1,1,0,100.0,0.0,inf,2023-12-11_2023-12-15
0.3,3,Core CPI m/m|Core PPI m/m|FOMC,Neutral|Neutral|Neutral,1,1,0,100.0,0.0,inf,2023-12-11_2023-12-15
0.0,3,Core CPI m/m|Core PPI m/m|CPI y/y,Bad|Good|Neutral,1,1,0,100.0,0.0,inf,2018-01-11_2018-01-15
0.0,3,Core CPI m/m|Core PPI m/m|CPI y/y,Bad|Bad|Neutral,1,0,1,0.0,100.0,0.0,2018-06-10_2018-06-14
0.0,3,Core CPI m/m|Core PPI m/m|CPI y/y,Neutral|Good|Neutral,3,3,0,100.0,0.0,inf,2018-08-09_2018-08-13|2019-01-11_2019-01-15|2023-12-11_2023-12-15
0.0,3,Core CPI m/m|Core PPI m/m|CPI y/y,Good|Good|Good,5,1,4,20.0,80.0,0.25,2019-03-12_2019-03-16|2019-05-06_2019-05-10|2022-08-08_2022-08-12|2025-03-10_2025-03-14|2025-04-09_2025-04-13
0.0,3,Core CPI m/m|Core PPI m/m|CPI y/y,Bad|Good|Bad,3,3,0,100.0,0.0,inf,2019-08-09_2019-08-13|2021-11-06_2021-11-10|2022-05-10_2022-05-14
0.0,3,Core CPI m/m|Core PPI m/m|CPI y/y,Bad|Bad|Good,1,0,1,0.0,100.0,0.0,2019-09-08_2019-09-12
0.0,3,Core CPI m/m|Core PPI m/m|CPI y/y,Good|Neutral|Good,1,0,1,0.0,100.0,0.0,2020-06-09_2020-06-13
0.0,3,Core CPI m/m|Core PPI m/m|CPI y/y,Bad|Bad|Bad,1,1,0,100.0,0.0,inf,2020-09-07_2020-09-11
0.0,3,Core CPI m/m|Core PPI m/m|CPI y/y,Neutral|Good|Bad,1,1,0,100.0,0.0,inf,2021-10-12_2021-10-16
0.0,3,Core CPI m/m|Core PPI m/m|CPI y/y,Bad|Neutral|Bad,1,1,0,100.0,0.0,inf,2022-10-12_2022-10-16
0.0,3,Core CPI m/m|Core PPI m/m|CPI y/y,Neutral|Bad|Bad,1,1,0,100.0,0.0,inf,2023-02-14_2023-02-18
0.0,3,Core CPI m/m|Core PPI m/m|CPI y/y,Neutral|Good|Good,1,1,0,100.0,0.0,inf,2023-04-10_2023-04-14
0.0,3,Core CPI m/m|Core PPI m/m|CPI y/y,Good|Good|Neutral,1,1,0,100.0,0.0,inf,2025-01-14_2025-01-18
0.0,3,Core CPI m/m|Core PPI m/m|CPI y/y,Good|Good|Bad,1,0,1,0.0,100.0,0.0,2025-07-13_2025-07-17
0.1,3,Core CPI m/m|Core PPI m/m|CPI y/y,Neutral|Good|Neutral,5,5,0,100.0,0.0,inf,2018-01-11_2018-01-15|2019-01-11_2019-01-15|2023-04-10_2023-04-14|2023-12-11_2023-12-15|2025-01-14_2025-01-18
0.1,3,Core CPI m/m|Core PPI m/m|CPI y/y,Neutral|Neutral|Neutral,2,1,1,50.0,50.0,1.0,2018-06-10_2018-06-14|2018-08-09_2018-08-13
0.1,3,Core CPI m/m|Core PPI m/m|CPI y/y,Neutral|Neutral|Good,4,1,3,25.0,75.0,0.33,2019-03-12_2019-03-16|2019-05-06_2019-05-10|2019-09-08_2019-09-12|2020-06-09_2020-06-13
0.1,3,Core CPI m/m|Core PPI m/m|CPI y/y,Neutral|Good|Bad,3,2,1,66.7,33.3,2.0,2019-08-09_2019-08-13|2021-10-12_2021-10-16|2025-07-13_2025-07-17
0.1,3,Core CPI m/m|Core PPI m/m|CPI y/y,Bad|Bad|Bad,1,1,0,100.0,0.0,inf,2020-09-07_2020-09-11
0.1,3,Core CPI m/m|Core PPI m/m|CPI y/y,Bad|Neutral|Bad,1,1,0,100.0,0.0,inf,2021-11-06_2021-11-10
0.1,3,Core CPI m/m|Core PPI m/m|CPI y/y,Bad|Good|Bad,1,1,0,100.0,0.0,inf,2022-05-10_2022-05-14
0.1,3,Core CPI m/m|Core PPI m/m|CPI y/y,Good|Good|Good,2,0,2,0.0,100.0,0.0,2022-08-08_2022-08-12|2025-04-09_2025-04-13
0.1,3,Core CPI m/m|Core PPI m/m|CPI y/y,Bad|Neutral|Neutral,1,1,0,100.0,0.0,inf,2022-10-12_2022-10-16
0.1,3,Core CPI m/m|Core PPI m/m|CPI y/y,Neutral|Bad|Bad,1,1,0,100.0,0.0,inf,2023-02-14_2023-02-18
0.1,3,Core CPI m/m|Core PPI m/m|CPI y/y,Neutral|Good|Good,1,0,1,0.0,100.0,0.0,2025-03-10_2025-03-14
0.2,3,Core CPI m/m|Core PPI m/m|CPI y/y,Neutral|Good|Neutral,7,5,2,71.4,28.6,2.5,2018-01-11_2018-01-15|2019-01-11_2019-01-15|2019-08-09_2019-08-13|2021-10-12_2021-10-16|2023-04-10_2023-04-14|2025-03-10_2025-03-14|2025-04-09_2025-04-13
0.2,3,Core CPI m/m|Core PPI m/m|CPI y/y,Neutral|Neutral|Neutral,12,6,6,50.0,50.0,1.0,2018-06-10_2018-06-14|2018-08-09_2018-08-13|2019-03-12_2019-03-16|2019-05-06_2019-05-10|2019-09-08_2019-09-12|2020-06-09_2020-06-13|2020-09-07_2020-09-11|2022-08-08_2022-08-12|2022-10-12_2022-10-16|2023-12-11_2023-12-15|2025-01-14_2025-01-18|2025-07-13_2025-07-17
0.2,3,Core CPI m/m|Core PPI m/m|CPI y/y,Neutral|Neutral|Bad,3,3,0,100.0,0.0,inf,2021-11-06_2021-11-10|2022-05-10_2022-05-14|2023-02-14_2023-02-18
0.3,3,Core CPI m/m|Core PPI m/m|CPI y/y,Neutral|Good|Neutral,6,4,2,66.7,33.3,2.0,2018-01-11_2018-01-15|2019-01-11_2019-01-15|2019-08-09_2019-08-13|2023-04-10_2023-04-14|2025-03-10_2025-03-14|2025-04-09_2025-04-13
0.3,3,Core CPI m/m|Core PPI m/m|CPI y/y,Neutral|Neutral|Neutral,16,10,6,62.5,37.5,1.67,2018-06-10_2018-06-14|2018-08-09_2018-08-13|2019-03-12_2019-03-16|2019-05-06_2019-05-10|2019-09-08_2019-09-12|2020-06-09_2020-06-13|2020-09-07_2020-09-11|2021-10-12_2021-10-16|2021-11-06_2021-11-10|2022-05-10_2022-05-14|2022-08-08_2022-08-12|2022-10-12_2022-10-16|2023-02-14_2023-02-18|2023-12-11_2023-12-15|2025-01-14_2025-01-18|2025-07-13_2025-07-17
0.0,3,Core CPI m/m|FOMC|CPI y/y,Neutral|Neutral|Neutral,1,1,0,100.0,0.0,inf,2023-12-11_2023-12-15
0.1,3,Core CPI m/m|FOMC|CPI y/y,Neutral|Neutral|Neutral,1,1,0,100.0,0.0,inf,2023-12-11_2023-12-15
0.2,3,Core CPI m/m|FOMC|CPI y/y,Neutral|Neutral|Neutral,1,1,0,100.0,0.0,inf,2023-12-11_2023-12-15
0.3,3,Core CPI m/m|FOMC|CPI y/y,Neutral|Neutral|Neutral,1,1,0,100.0,0.0,inf,2023-12-11_2023-12-15
0.0,3,PPI m/m|Core PPI m/m|FOMC,Good|Neutral|Neutral,1,0,1,0.0,100.0,0.0,2023-06-14_2023-06-18
0.0,3,PPI m/m|Core PPI m/m|FOMC,Neutral|Good|Neutral,1,1,0,100.0,0.0,inf,2023-12-11_2023-12-15
0.1,3,PPI m/m|Core PPI m/m|FOMC,Good|Neutral|Neutral,1,0,1,0.0,100.0,0.0,2023-06-14_2023-06-18
0.1,3,PPI m/m|Core PPI m/m|FOMC,Neutral|Good|Neutral,1,1,0,100.0,0.0,inf,2023-12-11_2023-12-15
0.2,3,PPI m/m|Core PPI m/m|FOMC,Neutral|Neutral|Neutral,2,1,1,50.0,50.0,1.0,2023-06-14_2023-06-18|2023-12-11_2023-12-15
0.3,3,PPI m/m|Core PPI m/m|FOMC,Neutral|Neutral|Neutral,2,1,1,50.0,50.0,1.0,2023-06-14_2023-06-18|2023-12-11_2023-12-15
0.0,3,PPI m/m|Core PPI m/m|CPI y/y,Good|Good|Neutral,4,4,0,100.0,0.0,inf,2018-01-11_2018-01-15|2018-08-09_2018-08-13|2019-01-11_2019-01-15|2025-01-14_2025-01-18
0.0,3,PPI m/m|Core PPI m/m|CPI y/y,Bad|Bad|Neutral,1,0,1,0.0,100.0,0.0,2018-06-10_2018-06-14
0.0,3,PPI m/m|Core PPI m/m|CPI y/y,Good|Good|Good,5,2,3,40.0,60.0,0.67,2019-03-12_2019-03-16|2022-08-08_2022-08-12|2023-04-10_2023-04-14|2025-03-10_2025-03-14|2025-04-09_2025-04-13
0.0,3,PPI m/m|Core PPI m/m|CPI y/y,Neutral|Good|Good,1,0,1,0.0,100.0,0.0,2019-05-06_2019-05-10
0.0,3,PPI m/m|Core PPI m/m|CPI y/y,Neutral|Good|Bad,3,3,0,100.0,0.0,inf,2019-08-09_2019-08-13|2021-11-06_2021-11-10|2022-05-10_2022-05-14
0.0,3,PPI m/m|Core PPI m/m|CPI y/y,Bad|Bad|Good,1,0,1,0.0,100.0,0.0,2019-09-08_2019-09-12
0.0,3,PPI m/m|Core PPI m/m|CPI y/y,Bad|Neutral|Good,1,0,1,0.0,100.0,0.0,2020-06-09_2020-06-13
0.0,3,PPI m/m|Core PPI m/m|CPI y/y,Bad|Bad|Bad,2,2,0,100.0,0.0,inf,2020-09-07_2020-09-11|2023-02-14_2023-02-18
0.0,3,PPI m/m|Core PPI m/m|CPI y/y,Good|Good|Bad,2,1,1,50.0,50.0,1.0,2021-10-12_2021-10-16|2025-07-13_2025-07-17
0.0,3,PPI m/m|Core PPI m/m|CPI y/y,Bad|Neutral|Bad,1,1,0,100.0,0.0,inf,2022-10-12_2022-10-16
0.0,3,PPI m/m|Core PPI m/m|CPI y/y,Neutral|Good|Neutral,1,1,0,100.0,0.0,inf,2023-12-11_2023-12-15
0.1,3,PPI m/m|Core PPI m/m|CPI y/y,Good|Good|Neutral,3,3,0,100.0,0.0,inf,2018-01-11_2018-01-15|2023-04-10_2023-04-14|2025-01-14_2025-01-18
0.1,3,PPI m/m|Core PPI m/m|CPI y/y,Bad|Neutral|Neutral,2,1,1,50.0,50.0,1.0,2018-06-10_2018-06-14|2022-10-12_2022-10-16
0.1,3,PPI m/m|Core PPI m/m|CPI y/y,Good|Neutral|Neutral,1,1,0,100.0,0.0,inf,2018-08-09_2018-08-13
0.1,3,PPI m/m|Core PPI m/m|CPI y/y,Neutral|Good|Neutral,2,2,0,100.0,0.0,inf,2019-01-11_2019-01-15|2023-12-11_2023-12-15
0.1,3,PPI m/m|Core PPI m/m|CPI y/y,Neutral|Neutral|Good,3,1,2,33.3,66.7,0.5,2019-03-12_2019-03-16|2019-05-06_2019-05-10|2019-09-08_2019-09-12
0.1,3,PPI m/m|Core PPI m/m|CPI y/y,Neutral|Good|Bad,3,3,0,100.0,0.0,inf,2019-08-09_2019-08-13|2021-10-12_2021-10-16|2022-05-10_2022-05-14
0.1,3,PPI m/m|Core PPI m/m|CPI y/y,Bad|Neutral|Good,1,0,1,0.0,100.0,0.0,2020-06-09_2020-06-13
0.1,3,PPI m/m|Core PPI m/m|CPI y/y,Neutral|Bad|Bad,1,1,0,100.0,0.0,inf,2020-09-07_2020-09-11
0.1,3,PPI m/m|Core PPI m/m|CPI y/y,Neutral|Neutral|Bad,1,1,0,100.0,0.0,inf,2021-11-06_2021-11-10
0.1,3,PPI m/m|Core PPI m/m|CPI y/y,Good|Good|Good,3,0,3,0.0,100.0,0.0,2022-08-08_2022-08-12|2025-03-10_2025-03-14|2025-04-09_2025-04-13
0.1,3,PPI m/m|Core PPI m/m|CPI y/y,Bad|Bad|Bad,1,1,0,100.0,0.0,inf,2023-02-14_2023-02-18
0.1,3,PPI m/m|Core PPI m/m|CPI y/y,Good|Good|Bad,1,0,1,0.0,100.0,0.0,2025-07-13_2025-07-17
0.2,3,PPI m/m|Core PPI m/m|CPI y/y,Good|Good|Neutral,4,2,2,50.0,50.0,1.0,2018-01-11_2018-01-15|2023-04-10_2023-04-14|2025-03-10_2025-03-14|2025-04-09_2025-04-13
0.2,3,PPI m/m|Core PPI m/m|CPI y/y,Neutral|Neutral|Neutral,10,6,4,60.0,40.0,1.5,2018-06-10_2018-06-14|2018-08-09_2018-08-13|2019-03-12_2019-03-16|2019-05-06_2019-05-10|2019-09-08_2019-09-12|2020-09-07_2020-09-11|2022-10-12_2022-10-16|2023-12-11_2023-12-15|2025-01-14_2025-01-18|2025-07-13_2025-07-17
0.2,3,PPI m/m|Core PPI m/m|CPI y/y,Neutral|Good|Neutral,3,3,0,100.0,0.0,inf,2019-01-11_2019-01-15|2019-08-09_2019-08-13|2021-10-12_2021-10-16
0.2,3,PPI m/m|Core PPI m/m|CPI y/y,Bad|Neutral|Neutral,1,0,1,0.0,100.0,0.0,2020-06-09_2020-06-13
0.2,3,PPI m/m|Core PPI m/m|CPI y/y,Neutral|Neutral|Bad,2,2,0,100.0,0.0,inf,2021-11-06_2021-11-10|2022-05-10_2022-05-14
0.2,3,PPI m/m|Core PPI m/m|CPI y/y,Good|Neutral|Neutral,1,0,1,0.0,100.0,0.0,2022-08-08_2022-08-12
0.2,3,PPI m/m|Core PPI m/m|CPI y/y,Bad|Neutral|Bad,1,1,0,100.0,0.0,inf,2023-02-14_2023-02-18
0.3,3,PPI m/m|Core PPI m/m|CPI y/y,Good|Good|Neutral,3,2,1,66.7,33.3,2.0,2018-01-11_2018-01-15|2023-04-10_2023-04-14|2025-04-09_2025-04-13
0.3,3,PPI m/m|Core PPI m/m|CPI y/y,Neutral|Neutral|Neutral,14,10,4,71.4,28.6,2.5,2018-06-10_2018-06-14|2018-08-09_2018-08-13|2019-03-12_2019-03-16|2019-05-06_2019-05-10|2019-09-08_2019-09-12|2020-09-07_2020-09-11|2021-10-12_2021-10-16|2021-11-06_2021-11-10|2022-05-10_2022-05-14|2022-10-12_2022-10-16|2023-02-14_2023-02-18|2023-12-11_2023-12-15|2025-01-14_2025-01-18|2025-07-13_2025-07-17
0.3,3,PPI m/m|Core PPI m/m|CPI y/y,Neutral|Good|Neutral,3,2,1,66.7,33.3,2.0,2019-01-11_2019-01-15|2019-08-09_2019-08-13|2025-03-10_2025-03-14
0.3,3,PPI m/m|Core PPI m/m|CPI y/y,Bad|Neutral|Neutral,1,0,1,0.0,100.0,0.0,2020-06-09_2020-06-13
0.3,3,PPI m/m|Core PPI m/m|CPI y/y,Good|Neutral|Neutral,1,0,1,0.0,100.0,0.0,2022-08-08_2022-08-12
0.0,3,PPI m/m|FOMC|CPI y/y,Neutral|Neutral|Neutral,1,1,0,100.0,0.0,inf,2023-12-11_2023-12-15
0.1,3,PPI m/m|FOMC|CPI y/y,Neutral|Neutral|Neutral,1,1,0,100.0,0.0,inf,2023-12-11_2023-12-15
0.2,3,PPI m/m|FOMC|CPI y/y,Neutral|Neutral|Neutral,1,1,0,100.0,0.0,inf,2023-12-11_2023-12-15
0.3,3,PPI m/m|FOMC|CPI y/y,Neutral|Neutral|Neutral,1,1,0,100.0,0.0,inf,2023-12-11_2023-12-15
0.0,3,Core PPI m/m|FOMC|CPI y/y,Good|Neutral|Neutral,1,1,0,100.0,0.0,inf,2023-12-11_2023-12-15
0.1,3,Core PPI m/m|FOMC|CPI y/y,Good|Neutral|Neutral,1,1,0,100.0,0.0,inf,2023-12-11_2023-12-15
0.2,3,Core PPI m/m|FOMC|CPI y/y,Neutral|Neutral|Neutral,1,1,0,100.0,0.0,inf,2023-12-11_2023-12-15
0.3,3,Core PPI m/m|FOMC|CPI y/y,Neutral|Neutral|Neutral,1,1,0,100.0,0.0,inf,2023-12-11_2023-12-15
0.0,4,CPI m/m|Core CPI m/m|PPI m/m|Core PPI m/m,Neutral|Bad|Good|Good,1,1,0,100.0,0.0,inf,2018-01-11_2018-01-15
0.0,4,CPI m/m|Core CPI m/m|PPI m/m|Core PPI m/m,Neutral|Bad|Bad|Bad,2,0,2,0.0,100.0,0.0,2018-06-10_2018-06-14|2019-09-08_2019-09-12
0.0,4,CPI m/m|Core CPI m/m|PPI m/m|Core PPI m/m,Neutral|Neutral|Good|Good,2,2,0,100.0,0.0,inf,2018-08-09_2018-08-13|2019-01-11_2019-01-15
0.0,4,CPI m/m|Core CPI m/m|PPI m/m|Core PPI m/m,Neutral|Good|Good|Good,3,2,1,66.7,33.3,2.0,2019-03-12_2019-03-16|2025-01-14_2025-01-18|2025-07-13_2025-07-17
0.0,4,CPI m/m|Core CPI m/m|PPI m/m|Core PPI m/m,Good|Good|Neutral|Good,1,0,1,0.0,100.0,0.0,2019-05-06_2019-05-10
0.0,4,CPI m/m|Core CPI m/m|PPI m/m|Core PPI m/m,Neutral|Bad|Neutral|Good,1,1,0,100.0,0.0,inf,2019-08-09_2019-08-13
0.0,4,CPI m/m|Core CPI m/m|PPI m/m|Core PPI m/m,Good|Good|Bad|Neutral,1,0,1,0.0,100.0,0.0,2020-06-09_2020-06-13
0.0,4,CPI m/m|Core CPI m/m|PPI m/m|Core PPI m/m,Bad|Bad|Bad|Bad,1,1,0,100.0,0.0,inf,2020-09-07_2020-09-11
0.0,4,CPI m/m|Core CPI m/m|PPI m/m|Core PPI m/m,Bad|Neutral|Good|Good,1,1,0,100.0,0.0,inf,2021-10-12_2021-10-16
0.0,4,CPI m/m|Core CPI m/m|PPI m/m|Core PPI m/m,Bad|Bad|Neutral|Good,2,2,0,100.0,0.0,inf,2021-11-06_2021-11-10|2022-05-10_2022-05-14
0.0,4,CPI m/m|Core CPI m/m|PPI m/m|Core PPI m/m,Good|Good|Good|Good,3,0,3,0.0,100.0,0.0,2022-08-08_2022-08-12|2025-03-10_2025-03-14|2025-04-09_2025-04-13
0.0,4,CPI m/m|Core CPI m/m|PPI m/m|Core PPI m/m,Bad|Bad|Bad|Neutral,1,1,0,100.0,0.0,inf,2022-10-12_2022-10-16
0.0,4,CPI m/m|Core CPI m/m|PPI m/m|Core PPI m/m,Neutral|Neutral|Bad|Bad,1,1,0,100.0,0.0,inf,2023-02-14_2023-02-18
0.0,4,CPI m/m|Core CPI m/m|PPI m/m|Core PPI m/m,Good|Neutral|Good|Good,1,1,0,100.0,0.0,inf,2023-04-10_2023-04-14
0.0,4,CPI m/m|Core CPI m/m|PPI m/m|Core PPI m/m,Bad|Neutral|Neutral|Good,1,1,0,100.0,0.0,inf,2023-12-11_2023-12-15
0.1,4,CPI m/m|Core CPI m/m|PPI m/m|Core PPI m/m,Neutral|Neutral|Good|Good,5,3,2,60.0,40.0,1.5,2018-01-11_2018-01-15|2023-04-10_2023-04-14|2025-01-14_2025-01-18|2025-03-10_2025-03-14|2025-07-13_2025-07-17
0.1,4,CPI m/m|Core CPI m/m|PPI m/m|Core PPI m/m,Neutral|Neutral|Bad|Neutral,2,0,2,0.0,100.0,0.0,2018-06-10_2018-06-14|2020-06-09_2020-06-13
0.1,4,CPI m/m|Core CPI m/m|PPI m/m|Core PPI m/m,Neutral|Neutral|Good|Neutral,1,1,0,100.0,0.0,inf,2018-08-09_2018-08-13
0.1,4,CPI m/m|Core CPI m/m|PPI m/m|Core PPI m/m,Neutral|Neutral|Neutral|Good,3,3,0,100.0,0.0,inf,2019-01-11_2019-01-15|2019-08-09_2019-08-13|2023-12-11_2023-12-15
0.1,4,CPI m/m|Core CPI m/m|PPI m/m|Core PPI m/m,Neutral|Neutral|Neutral|Neutral,2,1,1,50.0,50.0,1.0,2019-03-12_2019-03-16|2019-09-08_2019-09-12
0.1,4,CPI m/m|Core CPI m/m|PPI m/m|Core PPI m/m,Good|Neutral|Neutral|Neutral,1,0,1,0.0,100.0,0.0,2019-05-06_2019-05-10
0.1,4,CPI m/m|Core CPI m/m|PPI m/m|Core PPI m/m,Bad|Bad|Neutral|Bad,1,1,0,100.0,0.0,inf,2020-09-07_2020-09-11
0.1,4,CPI m/m|Core CPI m/m|PPI m/m|Core PPI m/m,Bad|Neutral|Neutral|Good,1,1,0,100.0,0.0,inf,2021-10-12_2021-10-16
0.1,4,CPI m/m|Core CPI m/m|PPI m/m|Core PPI m/m,Bad|Bad|Neutral|Neutral,1,1,0,100.0,0.0,inf,2021-11-06_2021-11-10
0.1,4,CPI m/m|Core CPI m/m|PPI m/m|Core PPI m/m,Neutral|Bad|Neutral|Good,1,1,0,100.0,0.0,inf,2022-05-10_2022-05-14
0.1,4,CPI m/m|Core CPI m/m|PPI m/m|Core PPI m/m,Good|Good|Good|Good,2,0,2,0.0,100.0,0.0,2022-08-08_2022-08-12|2025-04-09_2025-04-13
0.1,4,CPI m/m|Core CPI m/m|PPI m/m|Core PPI m/m,Bad|Bad|Bad|Neutral,1,1,0,100.0,0.0,inf,2022-10-12_2022-10-16
0.1,4,CPI m/m|Core CPI m/m|PPI m/m|Core PPI m/m,Neutral|Neutral|Bad|Bad,1,1,0,100.0,0.0,inf,2023-02-14_2023-02-18
0.2,4,CPI m/m|Core CPI m/m|PPI m/m|Core PPI m/m,Neutral|Neutral|Good|Good,4,2,2,50.0,50.0,1.0,2018-01-11_2018-01-15|2023-04-10_2023-04-14|2025-03-10_2025-03-14|2025-04-09_2025-04-13
0.2,4,CPI m/m|Core CPI m/m|PPI m/m|Core PPI m/m,Neutral|Neutral|Neutral|Neutral,11,7,4,63.6,36.4,1.75,2018-06-10_2018-06-14|2018-08-09_2018-08-13|2019-03-12_2019-03-16|2019-05-06_2019-05-10|2019-09-08_2019-09-12|2020-09-07_2020-09-11|2022-05-10_2022-05-14|2022-10-12_2022-10-16|2023-12-11_2023-12-15|2025-01-14_2025-01-18|2025-07-13_2025-07-17
0.2,4,CPI m/m|Core CPI m/m|PPI m/m|Core PPI m/m,Neutral|Neutral|Neutral|Good,3,3,0,100.0,0.0,inf,2019-01-11_2019-01-15|2019-08-09_2019-08-13|2021-10-12_2021-10-16
0.2,4,CPI m/m|Core CPI m/m|PPI m/m|Core PPI m/m,Neutral|Neutral|Bad|Neutral,2,1,1,50.0,50.0,1.0,2020-06-09_2020-06-13|2023-02-14_2023-02-18
0.2,4,CPI m/m|Core CPI m/m|PPI m/m|Core PPI m/m,Bad|Neutral|Neutral|Neutral,1,1,0,100.0,0.0,inf,2021-11-06_2021-11-10
0.2,4,CPI m/m|Core CPI m/m|PPI m/m|Core PPI m/m,Neutral|Neutral|Good|Neutral,1,0,1,0.0,100.0,0.0,2022-08-08_2022-08-12
0.3,4,CPI m/m|Core CPI m/m|PPI m/m|Core PPI m/m,Neutral|Neutral|Good|Good,3,2,1,66.7,33.3,2.0,2018-01-11_2018-01-15|2023-04-10_2023-04-14|2025-04-09_2025-04-13
0.3,4,CPI m/m|Core CPI m/m|PPI m/m|Core PPI m/m,Neutral|Neutral|Neutral|Neutral,13,9,4,69.2,30.8,2.25,2018-06-10_2018-06-14|2018-08-09_2018-08-13|2019-03-12_2019-03-16|2019-05-06_2019-05-10|2019-09-08_2019-09-12|2020-09-07_2020-09-11|2021-10-12_2021-10-16|2022-05-10_2022-05-14|2022-10-12_2022-10-16|2023-02-14_2023-02-18|2023-12-11_2023-12-15|2025-01-14_2025-01-18|2025-07-13_2025-07-17
0.3,4,CPI m/m|Core CPI m/m|PPI m/m|Core PPI m/m,Neutral|Neutral|Neutral|Good,3,2,1,66.7,33.3,2.0,2019-01-11_2019-01-15|2019-08-09_2019-08-13|2025-03-10_2025-03-14
0.3,4,CPI m/m|Core CPI m/m|PPI m/m|Core PPI m/m,Neutral|Neutral|Bad|Neutral,1,0,1,0.0,100.0,0.0,2020-06-09_2020-06-13
0.3,4,CPI m/m|Core CPI m/m|PPI m/m|Core PPI m/m,Bad|Neutral|Neutral|Neutral,1,1,0,100.0,0.0,inf,2021-11-06_2021-11-10
0.3,4,CPI m/m|Core CPI m/m|PPI m/m|Core PPI m/m,Neutral|Neutral|Good|Neutral,1,0,1,0.0,100.0,0.0,2022-08-08_2022-08-12
0.0,4,CPI m/m|Core CPI m/m|PPI m/m|FOMC,Bad|Neutral|Neutral|Neutral,1,1,0,100.0,0.0,inf,2023-12-11_2023-12-15
0.1,4,CPI m/m|Core CPI m/m|PPI m/m|FOMC,Neutral|Neutral|Neutral|Neutral,1,1,0,100.0,0.0,inf,2023-12-11_2023-12-15
0.2,4,CPI m/m|Core CPI m/m|PPI m/m|FOMC,Neutral|Neutral|Neutral|Neutral,1,1,0,100.0,0.0,inf,2023-12-11_2023-12-15
0.3,4,CPI m/m|Core CPI m/m|PPI m/m|FOMC,Neutral|Neutral|Neutral|Neutral,1,1,0,100.0,0.0,inf,2023-12-11_2023-12-15
0.0,4,CPI m/m|Core CPI m/m|PPI m/m|CPI y/y,Neutral|Bad|Good|Neutral,1,1,0,100.0,0.0,inf,2018-01-11_2018-01-15
0.0,4,CPI m/m|Core CPI m/m|PPI m/m|CPI y/y,Neutral|Bad|Bad|Neutral,1,0,1,0.0,100.0,0.0,2018-06-10_2018-06-14
0.0,4,CPI m/m|Core CPI m/m|PPI m/m|CPI y/y,Neutral|Neutral|Good|Neutral,2,2,0,100.0,0.0,inf,2018-08-09_2018-08-13|2019-01-11_2019-01-15
0.0,4,CPI m/m|Core CPI m/m|PPI m/m|CPI y/y,Neutral|Good|Good|Good,1,1,0,100.0,0.0,inf,2019-03-12_2019-03-16
0.0,4,CPI m/m|Core CPI m/m|PPI m/m|CPI y/y,Good|Good|Neutral|Good,1,0,1,0.0,100.0,0.0,2019-05-06_2019-05-10
0.0,4,CPI m/m|Core CPI m/m|PPI m/m|CPI y/y,Neutral|Bad|Neutral|Bad,1,1,0,100.0,0.0,inf,2019-08-09_2019-08-13
0.0,4,CPI m/m|Core CPI m/m|PPI m/m|CPI y/y,Neutral|Bad|Bad|Good,1,0,1,0.0,100.0,0.0,2019-09-08_2019-09-12
0.0,4,CPI m/m|Core CPI m/m|PPI m/m|CPI y/y,Good|Good|Bad|Good,1,0,1,0.0,100.0,0.0,2020-06-09_2020-06-13
0.0,4,CPI m/m|Core CPI m/m|PPI m/m|CPI y/y,Bad|Bad|Bad|Bad,2,2,0,100.0,0.0,inf,2020-09-07_2020-09-11|2022-10-12_2022-10-16
0.0,4,CPI m/m|Core CPI m/m|PPI m/m|CPI y/y,Bad|Neutral|Good|Bad,1,1,0,100.0,0.0,inf,2021-10-12_2021-10-16
0.0,4,CPI m/m|Core CPI m/m|PPI m/m|CPI y/y,Bad|Bad|Neutral|Bad,2,2,0,100.0,0.0,inf,2021-11-06_2021-11-10|2022-05-10_2022-05-14
0.0,4,CPI m/m|Core CPI m/m|PPI m/m|CPI y/y,Good|Good|Good|Good,3,0,3,0.0,100.0,0.0,2022-08-08_2022-08-12|2025-03-10_2025-03-14|2025-04-09_2025-04-13
0.0,4,CPI m/m|Core CPI m/m|PPI m/m|CPI y/y,Neutral|Neutral|Bad|Bad,1,1,0,100.0,0.0,inf,2023-02-14_2023-02-18
0.0,4,CPI m/m|Core CPI m/m|PPI m/m|CPI y/y,Good|Neutral|Good|Good,1,1,0,100.0,0.0,inf,2023-04-10_2023-04-14
0.0,4,CPI m/m|Core CPI m/m|PPI m/m|CPI y/y,Bad|Neutral|Neutral|Neutral,1,1,0,100.0,0.0,inf,2023-12-11_2023-12-15
0.0,4,CPI m/m|Core CPI m/m|PPI m/m|CPI y/y,Neutral|Good|Good|Neutral,1,1,0,100.0,0.0,inf,2025-01-14_2025-01-18
0.0,4,CPI m/m|Core CPI m/m|PPI m/m|CPI y/y,Neutral|Good|Good|Bad,1,0,1,0.0,100.0,0.0,2025-07-13_2025-07-17
0.1,4,CPI m/m|Core CPI m/m|PPI m/m|CPI y/y,Neutral|Neutral|Good|Neutral,4,4,0,100.0,0.0,inf,2018-01-11_2018-01-15|2018-08-09_2018-08-13|2023-04-10_2023-04-14|2025-01-14_2025-01-18
0.1,4,CPI m/m|Core CPI m/m|PPI m/m|CPI y/y,Neutral|Neutral|Bad|Neutral,1,0,1,0.0,100.0,0.0,2018-06-10_2018-06-14
0.1,4,CPI m/m|Core CPI m/m|PPI m/m|CPI y/y,Neutral|Neutral|Neutral|Neutral,2,2,0,100.0,0.0,inf,2019-01-11_2019-01-15|2023-12-11_2023-12-15
0.1,4,CPI m/m|Core CPI m/m|PPI m/m|CPI y/y,Neutral|Neutral|Neutral|Good,2,1,1,50.0,50.0,1.0,2019-03-12_2019-03-16|2019-09-08_2019-09-12
0.1,4,CPI m/m|Core CPI m/m|PPI m/m|CPI y/y,Good|Neutral|Neutral|Good,1,0,1,0.0,100.0,0.0,2019-05-06_2019-05-10
0.1,4,CPI m/m|Core CPI m/m|PPI m/m|CPI y/y,Neutral|Neutral|Neutral|Bad,1,1,0,100.0,0.0,inf,2019-08-09_2019-08-13
0.1,4,CPI m/m|Core CPI m/m|PPI m/m|CPI y/y,Neutral|Neutral|Bad|Good,1,0,1,0.0,100.0,0.0,2020-06-09_2020-06-13
0.1,4,CPI m/m|Core CPI m/m|PPI m/m|CPI y/y,Bad|Bad|Neutral|Bad,2,2,0,100.0,0.0,inf,2020-09-07_2020-09-11|2021-11-06_2021-11-10
0.1,4,CPI m/m|Core CPI m/m|PPI m/m|CPI y/y,Bad|Neutral|Neutral|Bad,1,1,0,100.0,0.0,inf,2021-10-12_2021-10-16
0.1,4,CPI m/m|Core CPI m/m|PPI m/m|CPI y/y,Neutral|Bad|Neutral|Bad,1,1,0,100.0,0.0,inf,2022-05-10_2022-05-14
0.1,4,CPI m/m|Core CPI m/m|PPI m/m|CPI y/y,Good|Good|Good|Good,2,0,2,0.0,100.0,0.0,2022-08-08_2022-08-12|2025-04-09_2025-04-13
0.1,4,CPI m/m|Core CPI m/m|PPI m/m|CPI y/y,Bad|Bad|Bad|Neutral,1,1,0,100.0,0.0,inf,2022-10-12_2022-10-16
0.1,4,CPI m/m|Core CPI m/m|PPI m/m|CPI y/y,Neutral|Neutral|Bad|Bad,1,1,0,100.0,0.0,inf,2023-02-14_2023-02-18
0.1,4,CPI m/m|Core CPI m/m|PPI m/m|CPI y/y,Neutral|Neutral|Good|Good,1,0,1,0.0,100.0,0.0,2025-03-10_2025-03-14
0.1,4,CPI m/m|Core CPI m/m|PPI m/m|CPI y/y,Neutral|Neutral|Good|Bad,1,0,1,0.0,100.0,0.0,2025-07-13_2025-07-17
0.2,4,CPI m/m|Core CPI m/m|PPI m/m|CPI y/y,Neutral|Neutral|Good|Neutral,5,2,3,40.0,60.0,0.67,2018-01-11_2018-01-15|2022-08-08_2022-08-12|2023-04-10_2023-04-14|2025-03-10_2025-03-14|2025-04-09_2025-04-13
0.2,4,CPI m/m|Core CPI m/m|PPI m/m|CPI y/y,Neutral|Neutral|Neutral|Neutral,13,9,4,69.2,30.8,2.25,2018-06-10_2018-06-14|2018-08-09_2018-08-13|2019-01-11_2019-01-15|2019-03-12_2019-03-16|2019-05-06_2019-05-10|2019-08-09_2019-08-13|2019-09-08_2019-09-12|2020-09-07_2020-09-11|2021-10-12_2021-10-16|2022-10-12_2022-10-16|2023-12-11_2023-12-15|2025-01-14_2025-01-18|2025-07-13_2025-07-17
0.2,4,CPI m/m|Core CPI m/m|PPI m/m|CPI y/y,Neutral|Neutral|Bad|Neutral,1,0,1,0.0,100.0,0.0,2020-06-09_2020-06-13
0.2,4,CPI m/m|Core CPI m/m|PPI m/m|CPI y/y,Bad|Neutral|Neutral|Bad,1,1,0,100.0,0.0,inf,2021-11-06_2021-11-10
0.2,4,CPI m/m|Core CPI m/m|PPI m/m|CPI y/y,Neutral|Neutral|Neutral|Bad,1,1,0,100.0,0.0,inf,2022-05-10_2022-05-14
0.2,4,CPI m/m|Core CPI m/m|PPI m/m|CPI y/y,Neutral|Neutral|Bad|Bad,1,1,0,100.0,0.0,inf,2023-02-14_2023-02-18
0.3,4,CPI m/m|Core CPI m/m|PPI m/m|CPI y/y,Neutral|Neutral|Good|Neutral,4,2,2,50.0,50.0,1.0,2018-01-11_2018-01-15|2022-08-08_2022-08-12|2023-04-10_2023-04-14|2025-04-09_2025-04-13
0.3,4,CPI m/m|Core CPI m/m|PPI m/m|CPI y/y,Neutral|Neutral|Neutral|Neutral,16,11,5,68.8,31.2,2.2,2018-06-10_2018-06-14|2018-08-09_2018-08-13|2019-01-11_2019-01-15|2019-03-12_2019-03-16|2019-05-06_2019-05-10|2019-08-09_2019-08-13|2019-09-08_2019-09-12|2020-09-07_2020-09-11|2021-10-12_2021-10-16|2022-05-10_2022-05-14|2022-10-12_2022-10-16|2023-02-14_2023-02-18|2023-12-11_2023-12-15|2025-01-14_2025-01-18|2025-03-10_2025-03-14|2025-07-13_2025-07-17
0.3,4,CPI m/m|Core CPI m/m|PPI m/m|CPI y/y,Neutral|Neutral|Bad|Neutral,1,0,1,0.0,100.0,0.0,2020-06-09_2020-06-13
0.3,4,CPI m/m|Core CPI m/m|PPI m/m|CPI y/y,Bad|Neutral|Neutral|Neutral,1,1,0,100.0,0.0,inf,2021-11-06_2021-11-10
0.0,4,CPI m/m|Core CPI m/m|Core PPI m/m|FOMC,Bad|Neutral|Good|Neutral,1,1,0,100.0,0.0,inf,2023-12-11_2023-12-15
0.1,4,CPI m/m|Core CPI m/m|Core PPI m/m|FOMC,Neutral|Neutral|Good|Neutral,1,1,0,100.0,0.0,inf,2023-12-11_2023-12-15
0.2,4,CPI m/m|Core CPI m/m|Core PPI m/m|FOMC,Neutral|Neutral|Neutral|Neutral,1,1,0,100.0,0.0,inf,2023-12-11_2023-12-15
0.3,4,CPI m/m|Core CPI m/m|Core PPI m/m|FOMC,Neutral|Neutral|Neutral|Neutral,1,1,0,100.0,0.0,inf,2023-12-11_2023-12-15
0.0,4,CPI m/m|Core CPI m/m|Core PPI m/m|CPI y/y,Neutral|Bad|Good|Neutral,1,1,0,100.0,0.0,inf,2018-01-11_2018-01-15
0.0,4,CPI m/m|Core CPI m/m|Core PPI m/m|CPI y/y,Neutral|Bad|Bad|Neutral,1,0,1,0.0,100.0,0.0,2018-06-10_2018-06-14
0.0,4,CPI m/m|Core CPI m/m|Core PPI m/m|CPI y/y,Neutral|Neutral|Good|Neutral,2,2,0,100.0,0.0,inf,2018-08-09_2018-08-13|2019-01-11_2019-01-15
0.0,4,CPI m/m|Core CPI m/m|Core PPI m/m|CPI y/y,Neutral|Good|Good|Good,1,1,0,100.0,0.0,inf,2019-03-12_2019-03-16
0.0,4,CPI m/m|Core CPI m/m|Core PPI m/m|CPI y/y,Good|Good|Good|Good,4,0,4,0.0,100.0,0.0,2019-05-06_2019-05-10|2022-08-08_2022-08-12|2025-03-10_2025-03-14|2025-04-09_2025-04-13
0.0,4,CPI m/m|Core CPI m/m|Core PPI m/m|CPI y/y,Neutral|Bad|Good|Bad,1,1,0,100.0,0.0,inf,2019-08-09_2019-08-13
0.0,4,CPI m/m|Core CPI m/m|Core PPI m/m|CPI y/y,Neutral|Bad|Bad|Good,1,0,1,0.0,100.0,0.0,2019-09-08_2019-09-12
0.0,4,CPI m/m|Core CPI m/m|Core PPI m/m|CPI y/y,Good|Good|Neutral|Good,1,0,1,0.0,100.0,0.0,2020-06-09_2020-06-13
0.0,4,CPI m/m|Core CPI m/m|Core PPI m/m|CPI y/y,Bad|Bad|Bad|Bad,1,1,0,100.0,0.0,inf,2020-09-07_2020-09-11
0.0,4,CPI m/m|Core CPI m/m|Core PPI m/m|CPI y/y,Bad|Neutral|Good|Bad,1,1,0,100.0,0.0,inf,2021-10-12_2021-10-16
0.0,4,CPI m/m|Core CPI m/m|Core PPI m/m|CPI y/y,Bad|Bad|Good|Bad,2,2,0,100.0,0.0,inf,2021-11-06_2021-11-10|2022-05-10_2022-05-14
0.0,4,CPI m/m|Core CPI m/m|Core PPI m/m|CPI y/y,Bad|Bad|Neutral|Bad,1,1,0,100.0,0.0,inf,2022-10-12_2022-10-16
0.0,4,CPI m/m|Core CPI m/m|Core PPI m/m|CPI y/y,Neutral|Neutral|Bad|Bad,1,1,0,100.0,0.0,inf,2023-02-14_2023-02-18
0.0,4,CPI m/m|Core CPI m/m|Core PPI m/m|CPI y/y,Good|Neutral|Good|Good,1,1,0,100.0,0.0,inf,2023-04-10_2023-04-14
0.0,4,CPI m/m|Core CPI m/m|Core PPI m/m|CPI y/y,Bad|Neutral|Good|Neutral,1,1,0,100.0,0.0,inf,2023-12-11_2023-12-15
0.0,4,CPI m/m|Core CPI m/m|Core PPI m/m|CPI y/y,Neutral|Good|Good|Neutral,1,1,0,100.0,0.0,inf,2025-01-14_2025-01-18
0.0,4,CPI m/m|Core CPI m/m|Core PPI m/m|CPI y/y,Neutral|Good|Good|Bad,1,0,1,0.0,100.0,0.0,2025-07-13_2025-07-17
0.1,4,CPI m/m|Core CPI m/m|Core PPI m/m|CPI y/y,Neutral|Neutral|Good|Neutral,5,5,0,100.0,0.0,inf,2018-01-11_2018-01-15|2019-01-11_2019-01-15|2023-04-10_2023-04-14|2023-12-11_2023-12-15|2025-01-14_2025-01-18
0.1,4,CPI m/m|Core CPI m/m|Core PPI m/m|CPI y/y,Neutral|Neutral|Neutral|Neutral,2,1,1,50.0,50.0,1.0,2018-06-10_2018-06-14|2018-08-09_2018-08-13
0.1,4,CPI m/m|Core CPI m/m|Core PPI m/m|CPI y/y,Neutral|Neutral|Neutral|Good,3,1,2,33.3,66.7,0.5,2019-03-12_2019-03-16|2019-09-08_2019-09-12|2020-06-09_2020-06-13
0.1,4,CPI m/m|Core CPI m/m|Core PPI m/m|CPI y/y,Good|Neutral|Neutral|Good,1,0,1,0.0,100.0,0.0,2019-05-06_2019-05-10
0.1,4,CPI m/m|Core CPI m/m|Core PPI m/m|CPI y/y,Neutral|Neutral|Good|Bad,2,1,1,50.0,50.0,1.0,2019-08-09_2019-08-13|2025-07-13_2025-07-17
0.1,4,CPI m/m|Core CPI m/m|Core PPI m/m|CPI y/y,Bad|Bad|Bad|Bad,1,1,0,100.0,0.0,inf,2020-09-07_2020-09-11
0.1,4,CPI m/m|Core CPI m/m|Core PPI m/m|CPI y/y,Bad|Neutral|Good|Bad,1,1,0,100.0,0.0,inf,2021-10-12_2021-10-16
0.1,4,CPI m/m|Core CPI m/m|Core PPI m/m|CPI y/y,Bad|Bad|Neutral|Bad,1,1,0,100.0,0.0,inf,2021-11-06_2021-11-10
0.1,4,CPI m/m|Core CPI m/m|Core PPI m/m|CPI y/y,Neutral|Bad|Good|Bad,1,1,0,100.0,0.0,inf,2022-05-10_2022-05-14
0.1,4,CPI m/m|Core CPI m/m|Core PPI m/m|CPI y/y,Good|Good|Good|Good,2,0,2,0.0,100.0,0.0,2022-08-08_2022-08-12|2025-04-09_2025-04-13
0.1,4,CPI m/m|Core CPI m/m|Core PPI m/m|CPI y/y,Bad|Bad|Neutral|Neutral,1,1,0,100.0,0.0,inf,2022-10-12_2022-10-16
0.1,4,CPI m/m|Core CPI m/m|Core PPI m/m|CPI y/y,Neutral|Neutral|Bad|Bad,1,1,0,100.0,0.0,inf,2023-02-14_2023-02-18
0.1,4,CPI m/m|Core CPI m/m|Core PPI m/m|CPI y/y,Neutral|Neutral|Good|Good,1,0,1,0.0,100.0,0.0,2025-03-10_2025-03-14
0.2,4,CPI m/m|Core CPI m/m|Core PPI m/m|CPI y/y,Neutral|Neutral|Good|Neutral,7,5,2,71.4,28.6,2.5,2018-01-11_2018-01-15|2019-01-11_2019-01-15|2019-08-09_2019-08-13|2021-10-12_2021-10-16|2023-04-10_2023-04-14|2025-03-10_2025-03-14|2025-04-09_2025-04-13
0.2,4,CPI m/m|Core CPI m/m|Core PPI m/m|CPI y/y,Neutral|Neutral|Neutral|Neutral,12,6,6,50.0,50.0,1.0,2018-06-10_2018-06-14|2018-08-09_2018-08-13|2019-03-12_2019-03-16|2019-05-06_2019-05-10|2019-09-08_2019-09-12|2020-06-09_2020-06-13|2020-09-07_2020-09-11|2022-08-08_2022-08-12|2022-10-12_2022-10-16|2023-12-11_2023-12-15|2025-01-14_2025-01-18|2025-07-13_2025-07-17
0.2,4,CPI m/m|Core CPI m/m|Core PPI m/m|CPI y/y,Bad|Neutral|Neutral|Bad,1,1,0,100.0,0.0,inf,2021-11-06_2021-11-10
0.2,4,CPI m/m|Core CPI m/m|Core PPI m/m|CPI y/y,Neutral|Neutral|Neutral|Bad,2,2,0,100.0,0.0,inf,2022-05-10_2022-05-14|2023-02-14_2023-02-18
0.3,4,CPI m/m|Core CPI m/m|Core PPI m/m|CPI y/y,Neutral|Neutral|Good|Neutral,6,4,2,66.7,33.3,2.0,2018-01-11_2018-01-15|2019-01-11_2019-01-15|2019-08-09_2019-08-13|2023-04-10_2023-04-14|2025-03-10_2025-03-14|2025-04-09_2025-04-13
0.3,4,CPI m/m|Core CPI m/m|Core PPI m/m|CPI y/y,Neutral|Neutral|Neutral|Neutral,15,9,6,60.0,40.0,1.5,2018-06-10_2018-06-14|2018-08-09_2018-08-13|2019-03-12_2019-03-16|2019-05-06_2019-05-10|2019-09-08_2019-09-12|2020-06-09_2020-06-13|2020-09-07_2020-09-11|2021-10-12_2021-10-16|2022-05-10_2022-05-14|2022-08-08_2022-08-12|2022-10-12_2022-10-16|2023-02-14_2023-02-18|2023-12-11_2023-12-15|2025-01-14_2025-01-18|2025-07-13_2025-07-17
0.3,4,CPI m/m|Core CPI m/m|Core PPI m/m|CPI y/y,Bad|Neutral|Neutral|Neutral,1,1,0,100.0,0.0,inf,2021-11-06_2021-11-10
0.0,4,CPI m/m|Core CPI m/m|FOMC|CPI y/y,Bad|Neutral|Neutral|Neutral,1,1,0,100.0,0.0,inf,2023-12-11_2023-12-15
0.1,4,CPI m/m|Core CPI m/m|FOMC|CPI y/y,Neutral|Neutral|Neutral|Neutral,1,1,0,100.0,0.0,inf,2023-12-11_2023-12-15
0.2,4,CPI m/m|Core CPI m/m|FOMC|CPI y/y,Neutral|Neutral|Neutral|Neutral,1,1,0,100.0,0.0,inf,2023-12-11_2023-12-15
0.3,4,CPI m/m|Core CPI m/m|FOMC|CPI y/y,Neutral|Neutral|Neutral|Neutral,1,1,0,100.0,0.0,inf,2023-12-11_2023-12-15
0.0,4,CPI m/m|PPI m/m|Core PPI m/m|FOMC,Bad|Neutral|Good|Neutral,1,1,0,100.0,0.0,inf,2023-12-11_2023-12-15
0.1,4,CPI m/m|PPI m/m|Core PPI m/m|FOMC,Neutral|Neutral|Good|Neutral,1,1,0,100.0,0.0,inf,2023-12-11_2023-12-15
0.2,4,CPI m/m|PPI m/m|Core PPI m/m|FOMC,Neutral|Neutral|Neutral|Neutral,1,1,0,100.0,0.0,inf,2023-12-11_2023-12-15
0.3,4,CPI m/m|PPI m/m|Core PPI m/m|FOMC,Neutral|Neutral|Neutral|Neutral,1,1,0,100.0,0.0,inf,2023-12-11_2023-12-15
0.0,4,CPI m/m|PPI m/m|Core PPI m/m|CPI y/y,Neutral|Good|Good|Neutral,4,4,0,100.0,0.0,inf,2018-01-11_2018-01-15|2018-08-09_2018-08-13|2019-01-11_2019-01-15|2025-01-14_2025-01-18
0.0,4,CPI m/m|PPI m/m|Core PPI m/m|CPI y/y,Neutral|Bad|Bad|Neutral,1,0,1,0.0,100.0,0.0,2018-06-10_2018-06-14
0.0,4,CPI m/m|PPI m/m|Core PPI m/m|CPI y/y,Neutral|Good|Good|Good,1,1,0,100.0,0.0,inf,2019-03-12_2019-03-16
0.0,4,CPI m/m|PPI m/m|Core PPI m/m|CPI y/y,Good|Neutral|Good|Good,1,0,1,0.0,100.0,0.0,2019-05-06_2019-05-10
0.0,4,CPI m/m|PPI m/m|Core PPI m/m|CPI y/y,Neutral|Neutral|Good|Bad,1,1,0,100.0,0.0,inf,2019-08-09_2019-08-13
0.0,4,CPI m/m|PPI m/m|Core PPI m/m|CPI y/y,Neutral|Bad|Bad|Good,1,0,1,0.0,100.0,0.0,2019-09-08_2019-09-12
0.0,4,CPI m/m|PPI m/m|Core PPI m/m|CPI y/y,Good|Bad|Neutral|Good,1,0,1,0.0,100.0,0.0,2020-06-09_2020-06-13
0.0,4,CPI m/m|PPI m/m|Core PPI m/m|CPI y/y,Bad|Bad|Bad|Bad,1,1,0,100.0,0.0,inf,2020-09-07_2020-09-11
0.0,4,CPI m/m|PPI m/m|Core PPI m/m|CPI y/y,Bad|Good|Good|Bad,1,1,0,100.0,0.0,inf,2021-10-12_2021-10-16
0.0,4,CPI m/m|PPI m/m|Core PPI m/m|CPI y/y,Bad|Neutral|Good|Bad,2,2,0,100.0,0.0,inf,2021-11-06_2021-11-10|2022-05-10_2022-05-14
0.0,4,CPI m/m|PPI m/m|Core PPI m/m|CPI y/y,Good|Good|Good|Good,4,1,3,25.0,75.0,0.33,2022-08-08_2022-08-12|2023-04-10_2023-04-14|2025-03-10_2025-03-14|2025-04-09_2025-04-13
0.0,4,CPI m/m|PPI m/m|Core PPI m/m|CPI y/y,Bad|Bad|Neutral|Bad,1,1,0,100.0,0.0,inf,2022-10-12_2022-10-16
0.0,4,CPI m/m|PPI m/m|Core PPI m/m|CPI y/y,Neutral|Bad|Bad|Bad,1,1,0,100.0,0.0,inf,2023-02-14_2023-02-18
0.0,4,CPI m/m|PPI m/m|Core PPI m/m|CPI y/y,Bad|Neutral|Good|Neutral,1,1,0,100.0,0.0,inf,2023-12-11_2023-12-15
0.0,4,CPI m/m|PPI m/m|Core PPI m/m|CPI y/y,Neutral|Good|Good|Bad,1,0,1,0.0,100.0,0.0,2025-07-13_2025-07-17
0.1,4,CPI m/m|PPI m/m|Core PPI m/m|CPI y/y,Neutral|Good|Good|Neutral,3,3,0,100.0,0.0,inf,2018-01-11_2018-01-15|2023-04-10_2023-04-14|2025-01-14_2025-01-18
0.1,4,CPI m/m|PPI m/m|Core PPI m/m|CPI y/y,Neutral|Bad|Neutral|Neutral,1,0,1,0.0,100.0,0.0,2018-06-10_2018-06-14
0.1,4,CPI m/m|PPI m/m|Core PPI m/m|CPI y/y,Neutral|Good|Neutral|Neutral,1,1,0,100.0,0.0,inf,2018-08-09_2018-08-13
0.1,4,CPI m/m|PPI m/m|Core PPI m/m|CPI y/y,Neutral|Neutral|Good|Neutral,2,2,0,100.0,0.0,inf,2019-01-11_2019-01-15|2023-12-11_2023-12-15
0.1,4,CPI m/m|PPI m/m|Core PPI m/m|CPI y/y,Neutral|Neutral|Neutral|Good,2,1,1,50.0,50.0,1.0,2019-03-12_2019-03-16|2019-09-08_2019-09-12
0.1,4,CPI m/m|PPI m/m|Core PPI m/m|CPI y/y,Good|Neutral|Neutral|Good,1,0,1,0.0,100.0,0.0,2019-05-06_2019-05-10
0.1,4,CPI m/m|PPI m/m|Core PPI m/m|CPI y/y,Neutral|Neutral|Good|Bad,2,2,0,100.0,0.0,inf,2019-08-09_2019-08-13|2022-05-10_2022-05-14
0.1,4,CPI m/m|PPI m/m|Core PPI m/m|CPI y/y,Neutral|Bad|Neutral|Good,1,0,1,0.0,100.0,0.0,2020-06-09_2020-06-13
0.1,4,CPI m/m|PPI m/m|Core PPI m/m|CPI y/y,Bad|Neutral|Bad|Bad,1,1,0,100.0,0.0,inf,2020-09-07_2020-09-11
0.1,4,CPI m/m|PPI m/m|Core PPI m/m|CPI y/y,Bad|Neutral|Good|Bad,1,1,0,100.0,0.0,inf,2021-10-12_2021-10-16
0.1,4,CPI m/m|PPI m/m|Core PPI m/m|CPI y/y,Bad|Neutral|Neutral|Bad,1,1,0,100.0,0.0,inf,2021-11-06_2021-11-10
0.1,4,CPI m/m|PPI m/m|Core PPI m/m|CPI y/y,Good|Good|Good|Good,2,0,2,0.0,100.0,0.0,2022-08-08_2022-08-12|2025-04-09_2025-04-13
0.1,4,CPI m/m|PPI m/m|Core PPI m/m|CPI y/y,Bad|Bad|Neutral|Neutral,1,1,0,100.0,0.0,inf,2022-10-12_2022-10-16
0.1,4,CPI m/m|PPI m/m|Core PPI m/m|CPI y/y,Neutral|Bad|Bad|Bad,1,1,0,100.0,0.0,inf,2023-02-14_2023-02-18
0.1,4,CPI m/m|PPI m/m|Core PPI m/m|CPI y/y,Neutral|Good|Good|Good,1,0,1,0.0,100.0,0.0,2025-03-10_2025-03-14
0.1,4,CPI m/m|PPI m/m|Core PPI m/m|CPI y/y,Neutral|Good|Good|Bad,1,0,1,0.0,100.0,0.0,2025-07-13_2025-07-17
0.2,4,CPI m/m|PPI m/m|Core PPI m/m|CPI y/y,Neutral|Good|Good|Neutral,4,2,2,50.0,50.0,1.0,2018-01-11_2018-01-15|2023-04-10_2023-04-14|2025-03-10_2025-03-14|2025-04-09_2025-04-13
0.2,4,CPI m/m|PPI m/m|Core PPI m/m|CPI y/y,Neutral|Neutral|Neutral|Neutral,10,6,4,60.0,40.0,1.5,2018-06-10_2018-06-14|2018-08-09_2018-08-13|2019-03-12_2019-03-16|2019-05-06_2019-05-10|2019-09-08_2019-09-12|2020-09-07_2020-09-11|2022-10-12_2022-10-16|2023-12-11_2023-12-15|2025-01-14_2025-01-18|2025-07-13_2025-07-17
0.2,4,CPI m/m|PPI m/m|Core PPI m/m|CPI y/y,Neutral|Neutral|Good|Neutral,3,3,0,100.0,0.0,inf,2019-01-11_2019-01-15|2019-08-09_2019-08-13|2021-10-12_2021-10-16
0.2,4,CPI m/m|PPI m/m|Core PPI m/m|CPI y/y,Neutral|Bad|Neutral|Neutral,1,0,1,0.0,100.0,0.0,2020-06-09_2020-06-13
0.2,4,CPI m/m|PPI m/m|Core PPI m/m|CPI y/y,Bad|Neutral|Neutral|Bad,1,1,0,100.0,0.0,inf,2021-11-06_2021-11-10
0.2,4,CPI m/m|PPI m/m|Core PPI m/m|CPI y/y,Neutral|Neutral|Neutral|Bad,1,1,0,100.0,0.0,inf,2022-05-10_2022-05-14
0.2,4,CPI m/m|PPI m/m|Core PPI m/m|CPI y/y,Neutral|Good|Neutral|Neutral,1,0,1,0.0,100.0,0.0,2022-08-08_2022-08-12
0.2,4,CPI m/m|PPI m/m|Core PPI m/m|CPI y/y,Neutral|Bad|Neutral|Bad,1,1,0,100.0,0.0,inf,2023-02-14_2023-02-18
0.3,4,CPI m/m|PPI m/m|Core PPI m/m|CPI y/y,Neutral|Good|Good|Neutral,3,2,1,66.7,33.3,2.0,2018-01-11_2018-01-15|2023-04-10_2023-04-14|2025-04-09_2025-04-13
0.3,4,CPI m/m|PPI m/m|Core PPI m/m|CPI y/y,Neutral|Neutral|Neutral|Neutral,13,9,4,69.2,30.8,2.25,2018-06-10_2018-06-14|2018-08-09_2018-08-13|2019-03-12_2019-03-16|2019-05-06_2019-05-10|2019-09-08_2019-09-12|2020-09-07_2020-09-11|2021-10-12_2021-10-16|2022-05-10_2022-05-14|2022-10-12_2022-10-16|2023-02-14_2023-02-18|2023-12-11_2023-12-15|2025-01-14_2025-01-18|2025-07-13_2025-07-17
0.3,4,CPI m/m|PPI m/m|Core PPI m/m|CPI y/y,Neutral|Neutral|Good|Neutral,3,2,1,66.7,33.3,2.0,2019-01-11_2019-01-15|2019-08-09_2019-08-13|2025-03-10_2025-03-14
0.3,4,CPI m/m|PPI m/m|Core PPI m/m|CPI y/y,Neutral|Bad|Neutral|Neutral,1,0,1,0.0,100.0,0.0,2020-06-09_2020-06-13
0.3,4,CPI m/m|PPI m/m|Core PPI m/m|CPI y/y,Bad|Neutral|Neutral|Neutral,1,1,0,100.0,0.0,inf,2021-11-06_2021-11-10
0.3,4,CPI m/m|PPI m/m|Core PPI m/m|CPI y/y,Neutral|Good|Neutral|Neutral,1,0,1,0.0,100.0,0.0,2022-08-08_2022-08-12
0.0,4,CPI m/m|PPI m/m|FOMC|CPI y/y,Bad|Neutral|Neutral|Neutral,1,1,0,100.0,0.0,inf,2023-12-11_2023-12-15
0.1,4,CPI m/m|PPI m/m|FOMC|CPI y/y,Neutral|Neutral|Neutral|Neutral,1,1,0,100.0,0.0,inf,2023-12-11_2023-12-15
0.2,4,CPI m/m|PPI m/m|FOMC|CPI y/y,Neutral|Neutral|Neutral|Neutral,1,1,0,100.0,0.0,inf,2023-12-11_2023-12-15
0.3,4,CPI m/m|PPI m/m|FOMC|CPI y/y,Neutral|Neutral|Neutral|Neutral,1,1,0,100.0,0.0,inf,2023-12-11_2023-12-15
0.0,4,CPI m/m|Core PPI m/m|FOMC|CPI y/y,Bad|Good|Neutral|Neutral,1,1,0,100.0,0.0,inf,2023-12-11_2023-12-15
0.1,4,CPI m/m|Core PPI m/m|FOMC|CPI y/y,Neutral|Good|Neutral|Neutral,1,1,0,100.0,0.0,inf,2023-12-11_2023-12-15
0.2,4,CPI m/m|Core PPI m/m|FOMC|CPI y/y,Neutral|Neutral|Neutral|Neutral,1,1,0,100.0,0.0,inf,2023-12-11_2023-12-15
0.3,4,CPI m/m|Core PPI m/m|FOMC|CPI y/y,Neutral|Neutral|Neutral|Neutral,1,1,0,100.0,0.0,inf,2023-12-11_2023-12-15
0.0,4,Core CPI m/m|PPI m/m|Core PPI m/m|FOMC,Neutral|Neutral|Good|Neutral,1,1,0,100.0,0.0,inf,2023-12-11_2023-12-15
0.1,4,Core CPI m/m|PPI m/m|Core PPI m/m|FOMC,Neutral|Neutral|Good|Neutral,1,1,0,100.0,0.0,inf,2023-12-11_2023-12-15
0.2,4,Core CPI m/m|PPI m/m|Core PPI m/m|FOMC,Neutral|Neutral|Neutral|Neutral,1,1,0,100.0,0.0,inf,2023-12-11_2023-12-15
0.3,4,Core CPI m/m|PPI m/m|Core PPI m/m|FOMC,Neutral|Neutral|Neutral|Neutral,1,1,0,100.0,0.0,inf,2023-12-11_2023-12-15
0.0,4,Core CPI m/m|PPI m/m|Core PPI m/m|CPI y/y,Bad|Good|Good|Neutral,1,1,0,100.0,0.0,inf,2018-01-11_2018-01-15
0.0,4,Core CPI m/m|PPI m/m|Core PPI m/m|CPI y/y,Bad|Bad|Bad|Neutral,1,0,1,0.0,100.0,0.0,2018-06-10_2018-06-14
0.0,4,Core CPI m/m|PPI m/m|Core PPI m/m|CPI y/y,Neutral|Good|Good|Neutral,2,2,0,100.0,0.0,inf,2018-08-09_2018-08-13|2019-01-11_2019-01-15
0.0,4,Core CPI m/m|PPI m/m|Core PPI m/m|CPI y/y,Good|Good|Good|Good,4,1,3,25.0,75.0,0.33,2019-03-12_2019-03-16|2022-08-08_2022-08-12|2025-03-10_2025-03-14|2025-04-09_2025-04-13
0.0,4,Core CPI m/m|PPI m/m|Core PPI m/m|CPI y/y,Good|Neutral|Good|Good,1,0,1,0.0,100.0,0.0,2019-05-06_2019-05-10
0.0,4,Core CPI m/m|PPI m/m|Core PPI m/m|CPI y/y,Bad|Neutral|Good|Bad,3,3,0,100.0,0.0,inf,2019-08-09_2019-08-13|2021-11-06_2021-11-10|2022-05-10_2022-05-14
0.0,4,Core CPI m/m|PPI m/m|Core PPI m/m|CPI y/y,Bad|Bad|Bad|Good,1,0,1,0.0,100.0,0.0,2019-09-08_2019-09-12
0.0,4,Core CPI m/m|PPI m/m|Core PPI m/m|CPI y/y,Good|Bad|Neutral|Good,1,0,1,0.0,100.0,0.0,2020-06-09_2020-06-13
0.0,4,Core CPI m/m|PPI m/m|Core PPI m/m|CPI y/y,Bad|Bad|Bad|Bad,1,1,0,100.0,0.0,inf,2020-09-07_2020-09-11
0.0,4,Core CPI m/m|PPI m/m|Core PPI m/m|CPI y/y,Neutral|Good|Good|Bad,1,1,0,100.0,0.0,inf,2021-10-12_2021-10-16
0.0,4,Core CPI m/m|PPI m/m|Core PPI m/m|CPI y/y,Bad|Bad|Neutral|Bad,1,1,0,100.0,0.0,inf,2022-10-12_2022-10-16
0.0,4,Core CPI m/m|PPI m/m|Core PPI m/m|CPI y/y,Neutral|Bad|Bad|Bad,1,1,0,100.0,0.0,inf,2023-02-14_2023-02-18
0.0,4,Core CPI m/m|PPI m/m|Core PPI m/m|CPI y/y,Neutral|Good|Good|Good,1,1,0,100.0,0.0,inf,2023-04-10_2023-04-14
0.0,4,Core CPI m/m|PPI m/m|Core PPI m/m|CPI y/y,Neutral|Neutral|Good|Neutral,1,1,0,100.0,0.0,inf,2023-12-11_2023-12-15
0.0,4,Core CPI m/m|PPI m/m|Core PPI m/m|CPI y/y,Good|Good|Good|Neutral,1,1,0,100.0,0.0,inf,2025-01-14_2025-01-18
0.0,4,Core CPI m/m|PPI m/m|Core PPI m/m|CPI y/y,Good|Good|Good|Bad,1,0,1,0.0,100.0,0.0,2025-07-13_2025-07-17
0.1,4,Core CPI m/m|PPI m/m|Core PPI m/m|CPI y/y,Neutral|Good|Good|Neutral,3,3,0,100.0,0.0,inf,2018-01-11_2018-01-15|2023-04-10_2023-04-14|2025-01-14_2025-01-18
0.1,4,Core CPI m/m|PPI m/m|Core PPI m/m|CPI y/y,Neutral|Bad|Neutral|Neutral,1,0,1,0.0,100.0,0.0,2018-06-10_2018-06-14
0.1,4,Core CPI m/m|PPI m/m|Core PPI m/m|CPI y/y,Neutral|Good|Neutral|Neutral,1,1,0,100.0,0.0,inf,2018-08-09_2018-08-13
0.1,4,Core CPI m/m|PPI m/m|Core PPI m/m|CPI y/y,Neutral|Neutral|Good|Neutral,2,2,0,100.0,0.0,inf,2019-01-11_2019-01-15|2023-12-11_2023-12-15
0.1,4,Core CPI m/m|PPI m/m|Core PPI m/m|CPI y/y,Neutral|Neutral|Neutral|Good,3,1,2,33.3,66.7,0.5,2019-03-12_2019-03-16|2019-05-06_2019-05-10|2019-09-08_2019-09-12
0.1,4,Core CPI m/m|PPI m/m|Core PPI m/m|CPI y/y,Neutral|Neutral|Good|Bad,2,2,0,100.0,0.0,inf,2019-08-09_2019-08-13|2021-10-12_2021-10-16
0.1,4,Core CPI m/m|PPI m/m|Core PPI m/m|CPI y/y,Neutral|Bad|Neutral|Good,1,0,1,0.0,100.0,0.0,2020-06-09_2020-06-13
0.1,4,Core CPI m/m|PPI m/m|Core PPI m/m|CPI y/y,Bad|Neutral|Bad|Bad,1,1,0,100.0,0.0,inf,2020-09-07_2020-09-11
0.1,4,Core CPI m/m|PPI m/m|Core PPI m/m|CPI y/y,Bad|Neutral|Neutral|Bad,1,1,0,100.0,0.0,inf,2021-11-06_2021-11-10
0.1,4,Core CPI m/m|PPI m/m|Core PPI m/m|CPI y/y,Bad|Neutral|Good|Bad,1,1,0,100.0,0.0,inf,2022-05-10_2022-05-14
0.1,4,Core CPI m/m|PPI m/m|Core PPI m/m|CPI y/y,Good|Good|Good|Good,2,0,2,0.0,100.0,0.0,2022-08-08_2022-08-12|2025-04-09_2025-04-13
0.1,4,Core CPI m/m|PPI m/m|Core PPI m/m|CPI y/y,Bad|Bad|Neutral|Neutral,1,1,0,100.0,0.0,inf,2022-10-12_2022-10-16
0.1,4,Core CPI m/m|PPI m/m|Core PPI m/m|CPI y/y,Neutral|Bad|Bad|Bad,1,1,0,100.0,0.0,inf,2023-02-14_2023-02-18
0.1,4,Core CPI m/m|PPI m/m|Core PPI m/m|CPI y/y,Neutral|Good|Good|Good,1,0,1,0.0,100.0,0.0,2025-03-10_2025-03-14
0.1,4,Core CPI m/m|PPI m/m|Core PPI m/m|CPI y/y,Neutral|Good|Good|Bad,1,0,1,0.0,100.0,0.0,2025-07-13_2025-07-17
0.2,4,Core CPI m/m|PPI m/m|Core PPI m/m|CPI y/y,Neutral|Good|Good|Neutral,4,2,2,50.0,50.0,1.0,2018-01-11_2018-01-15|2023-04-10_2023-04-14|2025-03-10_2025-03-14|2025-04-09_2025-04-13
0.2,4,Core CPI m/m|PPI m/m|Core PPI m/m|CPI y/y,Neutral|Neutral|Neutral|Neutral,10,6,4,60.0,40.0,1.5,2018-06-10_2018-06-14|2018-08-09_2018-08-13|2019-03-12_2019-03-16|2019-05-06_2019-05-10|2019-09-08_2019-09-12|2020-09-07_2020-09-11|2022-10-12_2022-10-16|2023-12-11_2023-12-15|2025-01-14_2025-01-18|2025-07-13_2025-07-17
0.2,4,Core CPI m/m|PPI m/m|Core PPI m/m|CPI y/y,Neutral|Neutral|Good|Neutral,3,3,0,100.0,0.0,inf,2019-01-11_2019-01-15|2019-08-09_2019-08-13|2021-10-12_2021-10-16
0.2,4,Core CPI m/m|PPI m/m|Core PPI m/m|CPI y/y,Neutral|Bad|Neutral|Neutral,1,0,1,0.0,100.0,0.0,2020-06-09_2020-06-13
0.2,4,Core CPI m/m|PPI m/m|Core PPI m/m|CPI y/y,Neutral|Neutral|Neutral|Bad,2,2,0,100.0,0.0,inf,2021-11-06_2021-11-10|2022-05-10_2022-05-14
0.2,4,Core CPI m/m|PPI m/m|Core PPI m/m|CPI y/y,Neutral|Good|Neutral|Neutral,1,0,1,0.0,100.0,0.0,2022-08-08_2022-08-12
0.2,4,Core CPI m/m|PPI m/m|Core PPI m/m|CPI y/y,Neutral|Bad|Neutral|Bad,1,1,0,100.0,0.0,inf,2023-02-14_2023-02-18
0.3,4,Core CPI m/m|PPI m/m|Core PPI m/m|CPI y/y,Neutral|Good|Good|Neutral,3,2,1,66.7,33.3,2.0,2018-01-11_2018-01-15|2023-04-10_2023-04-14|2025-04-09_2025-04-13
0.3,4,Core CPI m/m|PPI m/m|Core PPI m/m|CPI y/y,Neutral|Neutral|Neutral|Neutral,14,10,4,71.4,28.6,2.5,2018-06-10_2018-06-14|2018-08-09_2018-08-13|2019-03-12_2019-03-16|2019-05-06_2019-05-10|2019-09-08_2019-09-12|2020-09-07_2020-09-11|2021-10-12_2021-10-16|2021-11-06_2021-11-10|2022-05-10_2022-05-14|2022-10-12_2022-10-16|2023-02-14_2023-02-18|2023-12-11_2023-12-15|2025-01-14_2025-01-18|2025-07-13_2025-07-17
0.3,4,Core CPI m/m|PPI m/m|Core PPI m/m|CPI y/y,Neutral|Neutral|Good|Neutral,3,2,1,66.7,33.3,2.0,2019-01-11_2019-01-15|2019-08-09_2019-08-13|2025-03-10_2025-03-14
0.3,4,Core CPI m/m|PPI m/m|Core PPI m/m|CPI y/y,Neutral|Bad|Neutral|Neutral,1,0,1,0.0,100.0,0.0,2020-06-09_2020-06-13
0.3,4,Core CPI m/m|PPI m/m|Core PPI m/m|CPI y/y,Neutral|Good|Neutral|Neutral,1,0,1,0.0,100.0,0.0,2022-08-08_2022-08-12
0.0,4,Core CPI m/m|PPI m/m|FOMC|CPI y/y,Neutral|Neutral|Neutral|Neutral,1,1,0,100.0,0.0,inf,2023-12-11_2023-12-15
0.1,4,Core CPI m/m|PPI m/m|FOMC|CPI y/y,Neutral|Neutral|Neutral|Neutral,1,1,0,100.0,0.0,inf,2023-12-11_2023-12-15
0.2,4,Core CPI m/m|PPI m/m|FOMC|CPI y/y,Neutral|Neutral|Neutral|Neutral,1,1,0,100.0,0.0,inf,2023-12-11_2023-12-15
0.3,4,Core CPI m/m|PPI m/m|FOMC|CPI y/y,Neutral|Neutral|Neutral|Neutral,1,1,0,100.0,0.0,inf,2023-12-11_2023-12-15
0.0,4,Core CPI m/m|Core PPI m/m|FOMC|CPI y/y,Neutral|Good|Neutral|Neutral,1,1,0,100.0,0.0,inf,2023-12-11_2023-12-15
0.1,4,Core CPI m/m|Core PPI m/m|FOMC|CPI y/y,Neutral|Good|Neutral|Neutral,1,1,0,100.0,0.0,inf,2023-12-11_2023-12-15
0.2,4,Core CPI m/m|Core PPI m/m|FOMC|CPI y/y,Neutral|Neutral|Neutral|Neutral,1,1,0,100.0,0.0,inf,2023-12-11_2023-12-15
0.3,4,Core CPI m/m|Core PPI m/m|FOMC|CPI y/y,Neutral|Neutral|Neutral|Neutral,1,1,0,100.0,0.0,inf,2023-12-11_2023-12-15
0.0,4,PPI m/m|Core PPI m/m|FOMC|CPI y/y,Neutral|Good|Neutral|Neutral,1,1,0,100.0,0.0,inf,2023-12-11_2023-12-15
0.1,4,PPI m/m|Core PPI m/m|FOMC|CPI y/y,Neutral|Good|Neutral|Neutral,1,1,0,100.0,0.0,inf,2023-12-11_2023-12-15
0.2,4,PPI m/m|Core PPI m/m|FOMC|CPI y/y,Neutral|Neutral|Neutral|Neutral,1,1,0,100.0,0.0,inf,2023-12-11_2023-12-15
0.3,4,PPI m/m|Core PPI m/m|FOMC|CPI y/y,Neutral|Neutral|Neutral|Neutral,1,1,0,100.0,0.0,inf,2023-12-11_2023-12-15
0.0,5,CPI m/m|Core CPI m/m|PPI m/m|Core PPI m/m|FOMC,Bad|Neutral|Neutral|Good|Neutral,1,1,0,100.0,0.0,inf,2023-12-11_2023-12-15
0.1,5,CPI m/m|Core CPI m/m|PPI m/m|Core PPI m/m|FOMC,Neutral|Neutral|Neutral|Good|Neutral,1,1,0,100.0,0.0,inf,2023-12-11_2023-12-15
0.2,5,CPI m/m|Core CPI m/m|PPI m/m|Core PPI m/m|FOMC,Neutral|Neutral|Neutral|Neutral|Neutral,1,1,0,100.0,0.0,inf,2023-12-11_2023-12-15
0.3,5,CPI m/m|Core CPI m/m|PPI m/m|Core PPI m/m|FOMC,Neutral|Neutral|Neutral|Neutral|Neutral,1,1,0,100.0,0.0,inf,2023-12-11_2023-12-15
0.0,5,CPI m/m|Core CPI m/m|PPI m/m|Core PPI m/m|CPI y/y,Neutral|Bad|Good|Good|Neutral,1,1,0,100.0,0.0,inf,2018-01-11_2018-01-15
0.0,5,CPI m/m|Core CPI m/m|PPI m/m|Core PPI m/m|CPI y/y,Neutral|Bad|Bad|Bad|Neutral,1,0,1,0.0,100.0,0.0,2018-06-10_2018-06-14
0.0,5,CPI m/m|Core CPI m/m|PPI m/m|Core PPI m/m|CPI y/y,Neutral|Neutral|Good|Good|Neutral,2,2,0,100.0,0.0,inf,2018-08-09_2018-08-13|2019-01-11_2019-01-15
0.0,5,CPI m/m|Core CPI m/m|PPI m/m|Core PPI m/m|CPI y/y,Neutral|Good|Good|Good|Good,1,1,0,100.0,0.0,inf,2019-03-12_2019-03-16
0.0,5,CPI m/m|Core CPI m/m|PPI m/m|Core PPI m/m|CPI y/y,Good|Good|Neutral|Good|Good,1,0,1,0.0,100.0,0.0,2019-05-06_2019-05-10
0.0,5,CPI m/m|Core CPI m/m|PPI m/m|Core PPI m/m|CPI y/y,Neutral|Bad|Neutral|Good|Bad,1,1,0,100.0,0.0,inf,2019-08-09_2019-08-13
0.0,5,CPI m/m|Core CPI m/m|PPI m/m|Core PPI m/m|CPI y/y,Neutral|Bad|Bad|Bad|Good,1,0,1,0.0,100.0,0.0,2019-09-08_2019-09-12
0.0,5,CPI m/m|Core CPI m/m|PPI m/m|Core PPI m/m|CPI y/y,Good|Good|Bad|Neutral|Good,1,0,1,0.0,100.0,0.0,2020-06-09_2020-06-13
0.0,5,CPI m/m|Core CPI m/m|PPI m/m|Core PPI m/m|CPI y/y,Bad|Bad|Bad|Bad|Bad,1,1,0,100.0,0.0,inf,2020-09-07_2020-09-11
0.0,5,CPI m/m|Core CPI m/m|PPI m/m|Core PPI m/m|CPI y/y,Bad|Neutral|Good|Good|Bad,1,1,0,100.0,0.0,inf,2021-10-12_2021-10-16
0.0,5,CPI m/m|Core CPI m/m|PPI m/m|Core PPI m/m|CPI y/y,Bad|Bad|Neutral|Good|Bad,2,2,0,100.0,0.0,inf,2021-11-06_2021-11-10|2022-05-10_2022-05-14
0.0,5,CPI m/m|Core CPI m/m|PPI m/m|Core PPI m/m|CPI y/y,Good|Good|Good|Good|Good,3,0,3,0.0,100.0,0.0,2022-08-08_2022-08-12|2025-03-10_2025-03-14|2025-04-09_2025-04-13
0.0,5,CPI m/m|Core CPI m/m|PPI m/m|Core PPI m/m|CPI y/y,Bad|Bad|Bad|Neutral|Bad,1,1,0,100.0,0.0,inf,2022-10-12_2022-10-16
0.0,5,CPI m/m|Core CPI m/m|PPI m/m|Core PPI m/m|CPI y/y,Neutral|Neutral|Bad|Bad|Bad,1,1,0,100.0,0.0,inf,2023-02-14_2023-02-18
0.0,5,CPI m/m|Core CPI m/m|PPI m/m|Core PPI m/m|CPI y/y,Good|Neutral|Good|Good|Good,1,1,0,100.0,0.0,inf,2023-04-10_2023-04-14
0.0,5,CPI m/m|Core CPI m/m|PPI m/m|Core PPI m/m|CPI y/y,Bad|Neutral|Neutral|Good|Neutral,1,1,0,100.0,0.0,inf,2023-12-11_2023-12-15
0.0,5,CPI m/m|Core CPI m/m|PPI m/m|Core PPI m/m|CPI y/y,Neutral|Good|Good|Good|Neutral,1,1,0,100.0,0.0,inf,2025-01-14_2025-01-18
0.0,5,CPI m/m|Core CPI m/m|PPI m/m|Core PPI m/m|CPI y/y,Neutral|Good|Good|Good|Bad,1,0,1,0.0,100.0,0.0,2025-07-13_2025-07-17
0.1,5,CPI m/m|Core CPI m/m|PPI m/m|Core PPI m/m|CPI y/y,Neutral|Neutral|Good|Good|Neutral,3,3,0,100.0,0.0,inf,2018-01-11_2018-01-15|2023-04-10_2023-04-14|2025-01-14_2025-01-18
0.1,5,CPI m/m|Core CPI m/m|PPI m/m|Core PPI m/m|CPI y/y,Neutral|Neutral|Bad|Neutral|Neutral,1,0,1,0.0,100.0,0.0,2018-06-10_2018-06-14
0.1,5,CPI m/m|Core CPI m/m|PPI m/m|Core PPI m/m|CPI y/y,Neutral|Neutral|Good|Neutral|Neutral,1,1,0,100.0,0.0,inf,2018-08-09_2018-08-13
0.1,5,CPI m/m|Core CPI m/m|PPI m/m|Core PPI m/m|CPI y/y,Neutral|Neutral|Neutral|Good|Neutral,2,2,0,100.0,0.0,inf,2019-01-11_2019-01-15|2023-12-11_2023-12-15
0.1,5,CPI m/m|Core CPI m/m|PPI m/m|Core PPI m/m|CPI y/y,Neutral|Neutral|Neutral|Neutral|Good,2,1,1,50.0,50.0,1.0,2019-03-12_2019-03-16|2019-09-08_2019-09-12
0.1,5,CPI m/m|Core CPI m/m|PPI m/m|Core PPI m/m|CPI y/y,Good|Neutral|Neutral|Neutral|Good,1,0,1,0.0,100.0,0.0,2019-05-06_2019-05-10
0.1,5,CPI m/m|Core CPI m/m|PPI m/m|Core PPI m/m|CPI y/y,Neutral|Neutral|Neutral|Good|Bad,1,1,0,100.0,0.0,inf,2019-08-09_2019-08-13
0.1,5,CPI m/m|Core CPI m/m|PPI m/m|Core PPI m/m|CPI y/y,Neutral|Neutral|Bad|Neutral|Good,1,0,1,0.0,100.0,0.0,2020-06-09_2020-06-13
0.1,5,CPI m/m|Core CPI m/m|PPI m/m|Core PPI m/m|CPI y/y,Bad|Bad|Neutral|Bad|Bad,1,1,0,100.0,0.0,inf,2020-09-07_2020-09-11
0.1,5,CPI m/m|Core CPI m/m|PPI m/m|Core PPI m/m|CPI y/y,Bad|Neutral|Neutral|Good|Bad,1,1,0,100.0,0.0,inf,2021-10-12_2021-10-16
0.1,5,CPI m/m|Core CPI m/m|PPI m/m|Core PPI m/m|CPI y/y,Bad|Bad|Neutral|Neutral|Bad,1,1,0,100.0,0.0,inf,2021-11-06_2021-11-10
0.1,5,CPI m/m|Core CPI m/m|PPI m/m|Core PPI m/m|CPI y/y,Neutral|Bad|Neutral|Good|Bad,1,1,0,100.0,0.0,inf,2022-05-10_2022-05-14
0.1,5,CPI m/m|Core CPI m/m|PPI m/m|Core PPI m/m|CPI y/y,Good|Good|Good|Good|Good,2,0,2,0.0,100.0,0.0,2022-08-08_2022-08-12|2025-04-09_2025-04-13
0.1,5,CPI m/m|Core CPI m/m|PPI m/m|Core PPI m/m|CPI y/y,Bad|Bad|Bad|Neutral|Neutral,1,1,0,100.0,0.0,inf,2022-10-12_2022-10-16
0.1,5,CPI m/m|Core CPI m/m|PPI m/m|Core PPI m/m|CPI y/y,Neutral|Neutral|Bad|Bad|Bad,1,1,0,100.0,0.0,inf,2023-02-14_2023-02-18
0.1,5,CPI m/m|Core CPI m/m|PPI m/m|Core PPI m/m|CPI y/y,Neutral|Neutral|Good|Good|Good,1,0,1,0.0,100.0,0.0,2025-03-10_2025-03-14
0.1,5,CPI m/m|Core CPI m/m|PPI m/m|Core PPI m/m|CPI y/y,Neutral|Neutral|Good|Good|Bad,1,0,1,0.0,100.0,0.0,2025-07-13_2025-07-17
0.2,5,CPI m/m|Core CPI m/m|PPI m/m|Core PPI m/m|CPI y/y,Neutral|Neutral|Good|Good|Neutral,4,2,2,50.0,50.0,1.0,2018-01-11_2018-01-15|2023-04-10_2023-04-14|2025-03-10_2025-03-14|2025-04-09_2025-04-13
0.2,5,CPI m/m|Core CPI m/m|PPI m/m|Core PPI m/m|CPI y/y,Neutral|Neutral|Neutral|Neutral|Neutral,10,6,4,60.0,40.0,1.5,2018-06-10_2018-06-14|2018-08-09_2018-08-13|2019-03-12_2019-03-16|2019-05-06_2019-05-10|2019-09-08_2019-09-12|2020-09-07_2020-09-11|2022-10-12_2022-10-16|2023-12-11_2023-12-15|2025-01-14_2025-01-18|2025-07-13_2025-07-17
0.2,5,CPI m/m|Core CPI m/m|PPI m/m|Core PPI m/m|CPI y/y,Neutral|Neutral|Neutral|Good|Neutral,3,3,0,100.0,0.0,inf,2019-01-11_2019-01-15|2019-08-09_2019-08-13|2021-10-12_2021-10-16
0.2,5,CPI m/m|Core CPI m/m|PPI m/m|Core PPI m/m|CPI y/y,Neutral|Neutral|Bad|Neutral|Neutral,1,0,1,0.0,100.0,0.0,2020-06-09_2020-06-13
0.2,5,CPI m/m|Core CPI m/m|PPI m/m|Core PPI m/m|CPI y/y,Bad|Neutral|Neutral|Neutral|Bad,1,1,0,100.0,0.0,inf,2021-11-06_2021-11-10
0.2,5,CPI m/m|Core CPI m/m|PPI m/m|Core PPI m/m|CPI y/y,Neutral|Neutral|Neutral|Neutral|Bad,1,1,0,100.0,0.0,inf,2022-05-10_2022-05-14
0.2,5,CPI m/m|Core CPI m/m|PPI m/m|Core PPI m/m|CPI y/y,Neutral|Neutral|Good|Neutral|Neutral,1,0,1,0.0,100.0,0.0,2022-08-08_2022-08-12
0.2,5,CPI m/m|Core CPI m/m|PPI m/m|Core PPI m/m|CPI y/y,Neutral|Neutral|Bad|Neutral|Bad,1,1,0,100.0,0.0,inf,2023-02-14_2023-02-18
0.3,5,CPI m/m|Core CPI m/m|PPI m/m|Core PPI m/m|CPI y/y,Neutral|Neutral|Good|Good|Neutral,3,2,1,66.7,33.3,2.0,2018-01-11_2018-01-15|2023-04-10_2023-04-14|2025-04-09_2025-04-13
0.3,5,CPI m/m|Core CPI m/m|PPI m/m|Core PPI m/m|CPI y/y,Neutral|Neutral|Neutral|Neutral|Neutral,13,9,4,69.2,30.8,2.25,2018-06-10_2018-06-14|2018-08-09_2018-08-13|2019-03-12_2019-03-16|2019-05-06_2019-05-10|2019-09-08_2019-09-12|2020-09-07_2020-09-11|2021-10-12_2021-10-16|2022-05-10_2022-05-14|2022-10-12_2022-10-16|2023-02-14_2023-02-18|2023-12-11_2023-12-15|2025-01-14_2025-01-18|2025-07-13_2025-07-17
0.3,5,CPI m/m|Core CPI m/m|PPI m/m|Core PPI m/m|CPI y/y,Neutral|Neutral|Neutral|Good|Neutral,3,2,1,66.7,33.3,2.0,2019-01-11_2019-01-15|2019-08-09_2019-08-13|2025-03-10_2025-03-14
0.3,5,CPI m/m|Core CPI m/m|PPI m/m|Core PPI m/m|CPI y/y,Neutral|Neutral|Bad|Neutral|Neutral,1,0,1,0.0,100.0,0.0,2020-06-09_2020-06-13
0.3,5,CPI m/m|Core CPI m/m|PPI m/m|Core PPI m/m|CPI y/y,Bad|Neutral|Neutral|Neutral|Neutral,1,1,0,100.0,0.0,inf,2021-11-06_2021-11-10
0.3,5,CPI m/m|Core CPI m/m|PPI m/m|Core PPI m/m|CPI y/y,Neutral|Neutral|Good|Neutral|Neutral,1,0,1,0.0,100.0,0.0,2022-08-08_2022-08-12
0.0,5,CPI m/m|Core CPI m/m|PPI m/m|FOMC|CPI y/y,Bad|Neutral|Neutral|Neutral|Neutral,1,1,0,100.0,0.0,inf,2023-12-11_2023-12-15
0.1,5,CPI m/m|Core CPI m/m|PPI m/m|FOMC|CPI y/y,Neutral|Neutral|Neutral|Neutral|Neutral,1,1,0,100.0,0.0,inf,2023-12-11_2023-12-15
0.2,5,CPI m/m|Core CPI m/m|PPI m/m|FOMC|CPI y/y,Neutral|Neutral|Neutral|Neutral|Neutral,1,1,0,100.0,0.0,inf,2023-12-11_2023-12-15
0.3,5,CPI m/m|Core CPI m/m|PPI m/m|FOMC|CPI y/y,Neutral|Neutral|Neutral|Neutral|Neutral,1,1,0,100.0,0.0,inf,2023-12-11_2023-12-15
0.0,5,CPI m/m|Core CPI m/m|Core PPI m/m|FOMC|CPI y/y,Bad|Neutral|Good|Neutral|Neutral,1,1,0,100.0,0.0,inf,2023-12-11_2023-12-15
0.1,5,CPI m/m|Core CPI m/m|Core PPI m/m|FOMC|CPI y/y,Neutral|Neutral|Good|Neutral|Neutral,1,1,0,100.0,0.0,inf,2023-12-11_2023-12-15
0.2,5,CPI m/m|Core CPI m/m|Core PPI m/m|FOMC|CPI y/y,Neutral|Neutral|Neutral|Neutral|Neutral,1,1,0,100.0,0.0,inf,2023-12-11_2023-12-15
0.3,5,CPI m/m|Core CPI m/m|Core PPI m/m|FOMC|CPI y/y,Neutral|Neutral|Neutral|Neutral|Neutral,1,1,0,100.0,0.0,inf,2023-12-11_2023-12-15
0.0,5,CPI m/m|PPI m/m|Core PPI m/m|FOMC|CPI y/y,Bad|Neutral|Good|Neutral|Neutral,1,1,0,100.0,0.0,inf,2023-12-11_2023-12-15
0.1,5,CPI m/m|PPI m/m|Core PPI m/m|FOMC|CPI y/y,Neutral|Neutral|Good|Neutral|Neutral,1,1,0,100.0,0.0,inf,2023-12-11_2023-12-15
0.2,5,CPI m/m|PPI m/m|Core PPI m/m|FOMC|CPI y/y,Neutral|Neutral|Neutral|Neutral|Neutral,1,1,0,100.0,0.0,inf,2023-12-11_2023-12-15
0.3,5,CPI m/m|PPI m/m|Core PPI m/m|FOMC|CPI y/y,Neutral|Neutral|Neutral|Neutral|Neutral,1,1,0,100.0,0.0,inf,2023-12-11_2023-12-15
0.0,5,Core CPI m/m|PPI m/m|Core PPI m/m|FOMC|CPI y/y,Neutral|Neutral|Good|Neutral|Neutral,1,1,0,100.0,0.0,inf,2023-12-11_2023-12-15
0.1,5,Core CPI m/m|PPI m/m|Core PPI m/m|FOMC|CPI y/y,Neutral|Neutral|Good|Neutral|Neutral,1,1,0,100.0,0.0,inf,2023-12-11_2023-12-15
0.2,5,Core CPI m/m|PPI m/m|Core PPI m/m|FOMC|CPI y/y,Neutral|Neutral|Neutral|Neutral|Neutral,1,1,0,100.0,0.0,inf,2023-12-11_2023-12-15
0.3,5,Core CPI m/m|PPI m/m|Core PPI m/m|FOMC|CPI y/y,Neutral|Neutral|Neutral|Neutral|Neutral,1,1,0,100.0,0.0,inf,2023-12-11_2023-12-15
0.0,6,CPI m/m|Core CPI m/m|PPI m/m|Core PPI m/m|FOMC|CPI y/y,Bad|Neutral|Neutral|Good|Neutral|Neutral,1,1,0,100.0,0.0,inf,2023-12-11_2023-12-15
0.1,6,CPI m/m|Core CPI m/m|PPI m/m|Core PPI m/m|FOMC|CPI y/y,Neutral|Neutral|Neutral|Good|Neutral|Neutral,1,1,0,100.0,0.0,inf,2023-12-11_2023-12-15
0.2,6,CPI m/m|Core CPI m/m|PPI m/m|Core PPI m/m|FOMC|CPI y/y,Neutral|Neutral|Neutral|Neutral|Neutral|Neutral,1,1,0,100.0,0.0,inf,2023-12-11_2023-12-15
0.3,6,CPI m/m|Core CPI m/m|PPI m/m|Core PPI m/m|FOMC|CPI y/y,Neutral|Neutral|Neutral|Neutral|Neutral|Neutral,1,1,0,100.0,0.0,inf,2023-12-11_2023-12-15
