آستانه,تعداد_شاخص‌ها,لیست_شاخص‌ها,الگوی_وضعیت,تعداد_کل_وقوع,تعداد_ضررده,تعداد_سودده,درصد_ضررده,درصد_سودده,نسبت_شانس,دوره‌ها
0.0,1,CPI m/m,Neutral,24,17,7,70.8,29.2,2.43,2018-01-11_2018-01-25|2018-03-12_2018-03-26|2018-06-10_2018-06-24|2018-08-09_2018-08-23|2018-11-07_2018-11-21|2019-01-06_2019-01-20|2019-03-07_2019-03-21|2019-08-04_2019-08-18|2020-01-01_2020-01-15|2020-10-12_2020-10-26|2021-08-08_2021-08-22|2022-03-06_2022-03-20|2022-04-05_2022-04-19|2022-12-31_2023-01-14|2023-02-14_2023-02-28|2023-03-01_2023-03-15|2023-07-29_2023-08-12|2023-09-12_2023-09-26|2024-03-10_2024-03-24|2024-09-06_2024-09-20|2024-11-05_2024-11-19|2025-01-04_2025-01-18|2025-07-03_2025-07-17|2025-12-30_2026-01-13
0.0,1,CPI m/m,Good,20,13,7,65.0,35.0,1.86,2018-04-11_2018-04-25|2018-07-10_2018-07-24|2018-09-08_2018-09-22|2019-02-05_2019-02-19|2019-10-03_2019-10-17|2020-03-31_2020-04-14|2020-04-30_2020-05-14|2020-05-30_2020-06-13|2020-11-11_2020-11-25|2021-09-07_2021-09-21|2022-11-01_2022-11-15|2022-12-01_2022-12-15|2023-11-11_2023-11-25|2024-06-08_2024-06-22|2024-07-08_2024-07-22|2025-03-05_2025-03-19|2025-05-04_2025-05-18|2025-06-03_2025-06-17|2025-10-16_2025-10-30|2026-02-13_2026-02-27
0.0,1,CPI m/m,Bad,21,17,4,81.0,19.0,4.25,2019-04-06_2019-04-20|2019-07-05_2019-07-19|2019-11-02_2019-11-16|2019-12-02_2019-12-16|2020-07-29_2020-08-12|2020-08-28_2020-09-11|2021-04-10_2021-04-24|2021-06-09_2021-06-23|2021-07-09_2021-07-23|2021-10-07_2021-10-21|2021-11-06_2021-11-20|2021-12-06_2021-12-20|2022-02-04_2022-02-18|2022-07-04_2022-07-18|2022-10-02_2022-10-16|2023-10-12_2023-10-26|2023-12-11_2023-12-25|2024-01-10_2024-01-24|2024-04-09_2024-04-23|2025-02-03_2025-02-17|2025-09-01_2025-09-15
0.1,1,CPI m/m,Neutral,42,30,12,71.4,28.6,2.5,2018-01-11_2018-01-25|2018-03-12_2018-03-26|2018-04-11_2018-04-25|2018-06-10_2018-06-24|2018-07-10_2018-07-24|2018-08-09_2018-08-23|2018-09-08_2018-09-22|2018-11-07_2018-11-21|2019-01-06_2019-01-20|2019-02-05_2019-02-19|2019-03-07_2019-03-21|2019-07-05_2019-07-19|2019-08-04_2019-08-18|2019-10-03_2019-10-17|2019-12-02_2019-12-16|2020-01-01_2020-01-15|2020-05-30_2020-06-13|2020-10-12_2020-10-26|2020-11-11_2020-11-25|2021-04-10_2021-04-24|2021-08-08_2021-08-22|2022-03-06_2022-03-20|2022-04-05_2022-04-19|2022-12-31_2023-01-14|2023-02-14_2023-02-28|2023-03-01_2023-03-15|2023-07-29_2023-08-12|2023-09-12_2023-09-26|2023-11-11_2023-11-25|2023-12-11_2023-12-25|2024-01-10_2024-01-24|2024-03-10_2024-03-24|2024-06-08_2024-06-22|2024-09-06_2024-09-20|2024-11-05_2024-11-19|2025-01-04_2025-01-18|2025-03-05_2025-03-19|2025-05-04_2025-05-18|2025-06-03_2025-06-17|2025-07-03_2025-07-17|2025-12-30_2026-01-13|2026-02-13_2026-02-27
0.1,1,CPI m/m,Bad,16,13,3,81.2,18.8,4.33,2019-04-06_2019-04-20|2019-11-02_2019-11-16|2020-07-29_2020-08-12|2020-08-28_2020-09-11|2021-06-09_2021-06-23|2021-07-09_2021-07-23|2021-10-07_2021-10-21|2021-11-06_2021-11-20|2021-12-06_2021-12-20|2022-02-04_2022-02-18|2022-07-04_2022-07-18|2022-10-02_2022-10-16|2023-10-12_2023-10-26|2024-04-09_2024-04-23|2025-02-03_2025-02-17|2025-09-01_2025-09-15
0.1,1,CPI m/m,Good,7,4,3,57.1,42.9,1.33,2020-03-31_2020-04-14|2020-04-30_2020-05-14|2021-09-07_2021-09-21|2022-11-01_2022-11-15|2022-12-01_2022-12-15|2024-07-08_2024-07-22|2025-10-16_2025-10-30
0.2,1,CPI m/m,Neutral,62,45,17,72.6,27.4,2.65,2018-01-11_2018-01-25|2018-03-12_2018-03-26|2018-04-11_2018-04-25|2018-06-10_2018-06-24|2018-07-10_2018-07-24|2018-08-09_2018-08-23|2018-09-08_2018-09-22|2018-11-07_2018-11-21|2019-01-06_2019-01-20|2019-02-05_2019-02-19|2019-03-07_2019-03-21|2019-04-06_2019-04-20|2019-07-05_2019-07-19|2019-08-04_2019-08-18|2019-10-03_2019-10-17|2019-11-02_2019-11-16|2019-12-02_2019-12-16|2020-01-01_2020-01-15|2020-03-31_2020-04-14|2020-04-30_2020-05-14|2020-05-30_2020-06-13|2020-08-28_2020-09-11|2020-10-12_2020-10-26|2020-11-11_2020-11-25|2021-04-10_2021-04-24|2021-06-09_2021-06-23|2021-08-08_2021-08-22|2021-09-07_2021-09-21|2021-10-07_2021-10-21|2021-12-06_2021-12-20|2022-02-04_2022-02-18|2022-03-06_2022-03-20|2022-04-05_2022-04-19|2022-07-04_2022-07-18|2022-10-02_2022-10-16|2022-11-01_2022-11-15|2022-12-01_2022-12-15|2022-12-31_2023-01-14|2023-02-14_2023-02-28|2023-03-01_2023-03-15|2023-07-29_2023-08-12|2023-09-12_2023-09-26|2023-10-12_2023-10-26|2023-11-11_2023-11-25|2023-12-11_2023-12-25|2024-01-10_2024-01-24|2024-03-10_2024-03-24|2024-04-09_2024-04-23|2024-06-08_2024-06-22|2024-07-08_2024-07-22|2024-09-06_2024-09-20|2024-11-05_2024-11-19|2025-01-04_2025-01-18|2025-02-03_2025-02-17|2025-03-05_2025-03-19|2025-05-04_2025-05-18|2025-06-03_2025-06-17|2025-07-03_2025-07-17|2025-09-01_2025-09-15|2025-10-16_2025-10-30|2025-12-30_2026-01-13|2026-02-13_2026-02-27
0.2,1,CPI m/m,Bad,3,2,1,66.7,33.3,2.0,2020-07-29_2020-08-12|2021-07-09_2021-07-23|2021-11-06_2021-11-20
0.3,1,CPI m/m,Neutral,63,45,18,71.4,28.6,2.5,2018-01-11_2018-01-25|2018-03-12_2018-03-26|2018-04-11_2018-04-25|2018-06-10_2018-06-24|2018-07-10_2018-07-24|2018-08-09_2018-08-23|2018-09-08_2018-09-22|2018-11-07_2018-11-21|2019-01-06_2019-01-20|2019-02-05_2019-02-19|2019-03-07_2019-03-21|2019-04-06_2019-04-20|2019-07-05_2019-07-19|2019-08-04_2019-08-18|2019-10-03_2019-10-17|2019-11-02_2019-11-16|2019-12-02_2019-12-16|2020-01-01_2020-01-15|2020-03-31_2020-04-14|2020-04-30_2020-05-14|2020-05-30_2020-06-13|2020-07-29_2020-08-12|2020-08-28_2020-09-11|2020-10-12_2020-10-26|2020-11-11_2020-11-25|2021-04-10_2021-04-24|2021-06-09_2021-06-23|2021-08-08_2021-08-22|2021-09-07_2021-09-21|2021-10-07_2021-10-21|2021-12-06_2021-12-20|2022-02-04_2022-02-18|2022-03-06_2022-03-20|2022-04-05_2022-04-19|2022-07-04_2022-07-18|2022-10-02_2022-10-16|2022-11-01_2022-11-15|2022-12-01_2022-12-15|2022-12-31_2023-01-14|2023-02-14_2023-02-28|2023-03-01_2023-03-15|2023-07-29_2023-08-12|2023-09-12_2023-09-26|2023-10-12_2023-10-26|2023-11-11_2023-11-25|2023-12-11_2023-12-25|2024-01-10_2024-01-24|2024-03-10_2024-03-24|2024-04-09_2024-04-23|2024-06-08_2024-06-22|2024-07-08_2024-07-22|2024-09-06_2024-09-20|2024-11-05_2024-11-19|2025-01-04_2025-01-18|2025-02-03_2025-02-17|2025-03-05_2025-03-19|2025-05-04_2025-05-18|2025-06-03_2025-06-17|2025-07-03_2025-07-17|2025-09-01_2025-09-15|2025-10-16_2025-10-30|2025-12-30_2026-01-13|2026-02-13_2026-02-27
0.3,1,CPI m/m,Bad,2,2,0,100.0,0.0,inf,2021-07-09_2021-07-23|2021-11-06_2021-11-20
0.0,1,Core CPI m/m,Bad,19,15,4,78.9,21.1,3.75,2018-01-11_2018-01-25|2018-06-10_2018-06-24|2019-07-05_2019-07-19|2019-08-04_2019-08-18|2020-07-29_2020-08-12|2020-08-28_2020-09-11|2021-04-10_2021-04-24|2021-06-09_2021-06-23|2021-07-09_2021-07-23|2021-11-06_2021-11-20|2022-02-04_2022-02-18|2022-07-04_2022-07-18|2022-10-02_2022-10-16|2023-03-01_2023-03-15|2023-09-12_2023-09-26|2024-03-10_2024-03-24|2024-04-09_2024-04-23|2024-09-06_2024-09-20|2025-02-03_2025-02-17
0.0,1,Core CPI m/m,Neutral,22,15,7,68.2,31.8,2.14,2018-03-12_2018-03-26|2018-04-11_2018-04-25|2018-07-10_2018-07-24|2018-08-09_2018-08-23|2018-11-07_2018-11-21|2019-01-06_2019-01-20|2019-02-05_2019-02-19|2019-11-02_2019-11-16|2019-12-02_2019-12-16|2020-10-12_2020-10-26|2021-10-07_2021-10-21|2021-12-06_2021-12-20|2022-03-06_2022-03-20|2022-12-31_2023-01-14|2023-02-14_2023-02-28|2023-07-29_2023-08-12|2023-10-12_2023-10-26|2023-12-11_2023-12-25|2024-01-10_2024-01-24|2024-11-05_2024-11-19|2025-09-01_2025-09-15|2026-02-13_2026-02-27
0.0,1,Core CPI m/m,Good,24,17,7,70.8,29.2,2.43,2018-09-08_2018-09-22|2019-03-07_2019-03-21|2019-04-06_2019-04-20|2019-10-03_2019-10-17|2020-01-01_2020-01-15|2020-03-31_2020-04-14|2020-04-30_2020-05-14|2020-05-30_2020-06-13|2020-11-11_2020-11-25|2021-08-08_2021-08-22|2021-09-07_2021-09-21|2022-04-05_2022-04-19|2022-11-01_2022-11-15|2022-12-01_2022-12-15|2023-11-11_2023-11-25|2024-06-08_2024-06-22|2024-07-08_2024-07-22|2025-01-04_2025-01-18|2025-03-05_2025-03-19|2025-05-04_2025-05-18|2025-06-03_2025-06-17|2025-07-03_2025-07-17|2025-10-16_2025-10-30|2025-12-30_2026-01-13
0.1,1,Core CPI m/m,Neutral,47,33,14,70.2,29.8,2.36,2018-01-11_2018-01-25|2018-03-12_2018-03-26|2018-04-11_2018-04-25|2018-06-10_2018-06-24|2018-07-10_2018-07-24|2018-08-09_2018-08-23|2018-09-08_2018-09-22|2018-11-07_2018-11-21|2019-01-06_2019-01-20|2019-02-05_2019-02-19|2019-03-07_2019-03-21|2019-04-06_2019-04-20|2019-07-05_2019-07-19|2019-08-04_2019-08-18|2019-10-03_2019-10-17|2019-11-02_2019-11-16|2019-12-02_2019-12-16|2020-01-01_2020-01-15|2020-05-30_2020-06-13|2020-10-12_2020-10-26|2021-04-10_2021-04-24|2021-10-07_2021-10-21|2021-12-06_2021-12-20|2022-02-04_2022-02-18|2022-03-06_2022-03-20|2022-12-01_2022-12-15|2022-12-31_2023-01-14|2023-02-14_2023-02-28|2023-03-01_2023-03-15|2023-07-29_2023-08-12|2023-09-12_2023-09-26|2023-10-12_2023-10-26|2023-11-11_2023-11-25|2023-12-11_2023-12-25|2024-01-10_2024-01-24|2024-06-08_2024-06-22|2024-07-08_2024-07-22|2024-09-06_2024-09-20|2024-11-05_2024-11-19|2025-01-04_2025-01-18|2025-03-05_2025-03-19|2025-05-04_2025-05-18|2025-07-03_2025-07-17|2025-09-01_2025-09-15|2025-10-16_2025-10-30|2025-12-30_2026-01-13|2026-02-13_2026-02-27
0.1,1,Core CPI m/m,Good,8,5,3,62.5,37.5,1.67,2020-03-31_2020-04-14|2020-04-30_2020-05-14|2020-11-11_2020-11-25|2021-08-08_2021-08-22|2021-09-07_2021-09-21|2022-04-05_2022-04-19|2022-11-01_2022-11-15|2025-06-03_2025-06-17
0.1,1,Core CPI m/m,Bad,10,9,1,90.0,10.0,9.0,2020-07-29_2020-08-12|2020-08-28_2020-09-11|2021-06-09_2021-06-23|2021-07-09_2021-07-23|2021-11-06_2021-11-20|2022-07-04_2022-07-18|2022-10-02_2022-10-16|2024-03-10_2024-03-24|2024-04-09_2024-04-23|2025-02-03_2025-02-17
0.2,1,Core CPI m/m,Neutral,63,46,17,73.0,27.0,2.71,2018-01-11_2018-01-25|2018-03-12_2018-03-26|2018-04-11_2018-04-25|2018-06-10_2018-06-24|2018-07-10_2018-07-24|2018-08-09_2018-08-23|2018-09-08_2018-09-22|2018-11-07_2018-11-21|2019-01-06_2019-01-20|2019-02-05_2019-02-19|2019-03-07_2019-03-21|2019-04-06_2019-04-20|2019-07-05_2019-07-19|2019-08-04_2019-08-18|2019-10-03_2019-10-17|2019-11-02_2019-11-16|2019-12-02_2019-12-16|2020-01-01_2020-01-15|2020-03-31_2020-04-14|2020-04-30_2020-05-14|2020-05-30_2020-06-13|2020-08-28_2020-09-11|2020-10-12_2020-10-26|2020-11-11_2020-11-25|2021-04-10_2021-04-24|2021-06-09_2021-06-23|2021-08-08_2021-08-22|2021-09-07_2021-09-21|2021-10-07_2021-10-21|2021-11-06_2021-11-20|2021-12-06_2021-12-20|2022-02-04_2022-02-18|2022-03-06_2022-03-20|2022-04-05_2022-04-19|2022-07-04_2022-07-18|2022-10-02_2022-10-16|2022-11-01_2022-11-15|2022-12-01_2022-12-15|2022-12-31_2023-01-14|2023-02-14_2023-02-28|2023-03-01_2023-03-15|2023-07-29_2023-08-12|2023-09-12_2023-09-26|2023-10-12_2023-10-26|2023-11-11_2023-11-25|2023-12-11_2023-12-25|2024-01-10_2024-01-24|2024-03-10_2024-03-24|2024-04-09_2024-04-23|2024-06-08_2024-06-22|2024-07-08_2024-07-22|2024-09-06_2024-09-20|2024-11-05_2024-11-19|2025-01-04_2025-01-18|2025-02-03_2025-02-17|2025-03-05_2025-03-19|2025-05-04_2025-05-18|2025-06-03_2025-06-17|2025-07-03_2025-07-17|2025-09-01_2025-09-15|2025-10-16_2025-10-30|2025-12-30_2026-01-13|2026-02-13_2026-02-27
0.2,1,Core CPI m/m,Bad,2,1,1,50.0,50.0,1.0,2020-07-29_2020-08-12|2021-07-09_2021-07-23
0.3,1,Core CPI m/m,Neutral,63,46,17,73.0,27.0,2.71,2018-01-11_2018-01-25|2018-03-12_2018-03-26|2018-04-11_2018-04-25|2018-06-10_2018-06-24|2018-07-10_2018-07-24|2018-08-09_2018-08-23|2018-09-08_2018-09-22|2018-11-07_2018-11-21|2019-01-06_2019-01-20|2019-02-05_2019-02-19|2019-03-07_2019-03-21|2019-04-06_2019-04-20|2019-07-05_2019-07-19|2019-08-04_2019-08-18|2019-10-03_2019-10-17|2019-11-02_2019-11-16|2019-12-02_2019-12-16|2020-01-01_2020-01-15|2020-03-31_2020-04-14|2020-04-30_2020-05-14|2020-05-30_2020-06-13|2020-08-28_2020-09-11|2020-10-12_2020-10-26|2020-11-11_2020-11-25|2021-04-10_2021-04-24|2021-06-09_2021-06-23|2021-08-08_2021-08-22|2021-09-07_2021-09-21|2021-10-07_2021-10-21|2021-11-06_2021-11-20|2021-12-06_2021-12-20|2022-02-04_2022-02-18|2022-03-06_2022-03-20|2022-04-05_2022-04-19|2022-07-04_2022-07-18|2022-10-02_2022-10-16|2022-11-01_2022-11-15|2022-12-01_2022-12-15|2022-12-31_2023-01-14|2023-02-14_2023-02-28|2023-03-01_2023-03-15|2023-07-29_2023-08-12|2023-09-12_2023-09-26|2023-10-12_2023-10-26|2023-11-11_2023-11-25|2023-12-11_2023-12-25|2024-01-10_2024-01-24|2024-03-10_2024-03-24|2024-04-09_2024-04-23|2024-06-08_2024-06-22|2024-07-08_2024-07-22|2024-09-06_2024-09-20|2024-11-05_2024-11-19|2025-01-04_2025-01-18|2025-02-03_2025-02-17|2025-03-05_2025-03-19|2025-05-04_2025-05-18|2025-06-03_2025-06-17|2025-07-03_2025-07-17|2025-09-01_2025-09-15|2025-10-16_2025-10-30|2025-12-30_2026-01-13|2026-02-13_2026-02-27
0.3,1,Core CPI m/m,Bad,2,1,1,50.0,50.0,1.0,2020-07-29_2020-08-12|2021-07-09_2021-07-23
0.0,1,PPI m/m,Good,26,20,6,76.9,23.1,3.33,2018-01-11_2018-01-25|2018-08-09_2018-08-23|2018-09-08_2018-09-22|2019-01-06_2019-01-20|2019-02-05_2019-02-19|2019-03-07_2019-03-21|2019-10-03_2019-10-17|2019-12-02_2019-12-16|2020-01-01_2020-01-15|2020-04-30_2020-05-14|2020-06-29_2020-07-13|2021-10-07_2021-10-21|2022-03-06_2022-03-20|2022-11-01_2022-11-15|2023-03-01_2023-03-15|2023-06-14_2023-06-28|2023-11-11_2023-11-25|2024-01-10_2024-01-24|2024-04-09_2024-04-23|2024-06-08_2024-06-22|2025-01-04_2025-01-18|2025-03-05_2025-03-19|2025-05-04_2025-05-18|2025-06-03_2025-06-17|2025-07-03_2025-07-17|2025-09-01_2025-09-15
0.0,1,PPI m/m,Bad,34,20,14,58.8,41.2,1.43,2018-03-12_2018-03-26|2018-03-27_2018-04-10|2018-06-10_2018-06-24|2018-07-10_2018-07-24|2018-11-07_2018-11-21|2019-04-06_2019-04-20|2019-11-02_2019-11-16|2020-03-31_2020-04-14|2020-05-30_2020-06-13|2020-07-29_2020-08-12|2020-08-28_2020-09-11|2020-10-12_2020-10-26|2020-11-11_2020-11-25|2021-03-26_2021-04-09|2021-06-09_2021-06-23|2021-07-09_2021-07-23|2021-08-08_2021-08-22|2021-09-07_2021-09-21|2021-12-06_2021-12-20|2022-02-04_2022-02-18|2022-04-05_2022-04-19|2022-07-04_2022-07-18|2022-10-02_2022-10-16|2022-12-01_2022-12-15|2023-02-14_2023-02-28|2023-07-29_2023-08-12|2023-09-12_2023-09-26|2023-09-27_2023-10-11|2024-03-10_2024-03-24|2024-07-08_2024-07-22|2024-09-06_2024-09-20|2025-02-03_2025-02-17|2026-01-29_2026-02-12|2026-02-13_2026-02-27
0.0,1,PPI m/m,Neutral,7,6,1,85.7,14.3,6.0,2019-07-05_2019-07-19|2019-08-04_2019-08-18|2021-11-06_2021-11-20|2023-12-11_2023-12-25|2024-11-05_2024-11-19|2025-11-15_2025-11-29|2026-01-14_2026-01-28
0.1,1,PPI m/m,Good,20,15,5,75.0,25.0,3.0,2018-01-11_2018-01-25|2018-08-09_2018-08-23|2018-09-08_2018-09-22|2019-02-05_2019-02-19|2019-10-03_2019-10-17|2019-12-02_2019-12-16|2020-04-30_2020-05-14|2020-06-29_2020-07-13|2022-03-06_2022-03-20|2022-11-01_2022-11-15|2023-03-01_2023-03-15|2023-06-14_2023-06-28|2023-11-11_2023-11-25|2024-01-10_2024-01-24|2024-06-08_2024-06-22|2025-01-04_2025-01-18|2025-03-05_2025-03-19|2025-05-04_2025-05-18|2025-07-03_2025-07-17|2025-09-01_2025-09-15
0.1,1,PPI m/m,Neutral,23,15,8,65.2,34.8,1.88,2018-03-12_2018-03-26|2018-07-10_2018-07-24|2019-01-06_2019-01-20|2019-03-07_2019-03-21|2019-07-05_2019-07-19|2019-08-04_2019-08-18|2020-01-01_2020-01-15|2020-03-31_2020-04-14|2020-08-28_2020-09-11|2020-11-11_2020-11-25|2021-09-07_2021-09-21|2021-10-07_2021-10-21|2021-11-06_2021-11-20|2022-12-01_2022-12-15|2023-07-29_2023-08-12|2023-12-11_2023-12-25|2024-04-09_2024-04-23|2024-07-08_2024-07-22|2024-09-06_2024-09-20|2024-11-05_2024-11-19|2025-06-03_2025-06-17|2025-11-15_2025-11-29|2026-01-14_2026-01-28
0.1,1,PPI m/m,Bad,24,16,8,66.7,33.3,2.0,2018-03-27_2018-04-10|2018-06-10_2018-06-24|2018-11-07_2018-11-21|2019-04-06_2019-04-20|2019-11-02_2019-11-16|2020-05-30_2020-06-13|2020-07-29_2020-08-12|2020-10-12_2020-10-26|2021-03-26_2021-04-09|2021-06-09_2021-06-23|2021-07-09_2021-07-23|2021-08-08_2021-08-22|2021-12-06_2021-12-20|2022-02-04_2022-02-18|2022-04-05_2022-04-19|2022-07-04_2022-07-18|2022-10-02_2022-10-16|2023-02-14_2023-02-28|2023-09-12_2023-09-26|2023-09-27_2023-10-11|2024-03-10_2024-03-24|2025-02-03_2025-02-17|2026-01-29_2026-02-12|2026-02-13_2026-02-27
0.2,1,PPI m/m,Good,11,9,2,81.8,18.2,4.5,2018-01-11_2018-01-25|2018-09-08_2018-09-22|2019-10-03_2019-10-17|2020-04-30_2020-05-14|2020-06-29_2020-07-13|2023-03-01_2023-03-15|2023-11-11_2023-11-25|2024-06-08_2024-06-22|2025-03-05_2025-03-19|2025-05-04_2025-05-18|2025-09-01_2025-09-15
0.2,1,PPI m/m,Neutral,40,26,14,65.0,35.0,1.86,2018-03-12_2018-03-26|2018-03-27_2018-04-10|2018-06-10_2018-06-24|2018-07-10_2018-07-24|2018-08-09_2018-08-23|2019-01-06_2019-01-20|2019-02-05_2019-02-19|2019-03-07_2019-03-21|2019-07-05_2019-07-19|2019-08-04_2019-08-18|2019-11-02_2019-11-16|2019-12-02_2019-12-16|2020-01-01_2020-01-15|2020-03-31_2020-04-14|2020-08-28_2020-09-11|2020-10-12_2020-10-26|2020-11-11_2020-11-25|2021-09-07_2021-09-21|2021-10-07_2021-10-21|2021-11-06_2021-11-20|2022-03-06_2022-03-20|2022-10-02_2022-10-16|2022-11-01_2022-11-15|2022-12-01_2022-12-15|2023-06-14_2023-06-28|2023-07-29_2023-08-12|2023-09-27_2023-10-11|2023-12-11_2023-12-25|2024-01-10_2024-01-24|2024-04-09_2024-04-23|2024-07-08_2024-07-22|2024-09-06_2024-09-20|2024-11-05_2024-11-19|2025-01-04_2025-01-18|2025-02-03_2025-02-17|2025-06-03_2025-06-17|2025-07-03_2025-07-17|2025-11-15_2025-11-29|2026-01-14_2026-01-28|2026-02-13_2026-02-27
0.2,1,PPI m/m,Bad,16,11,5,68.8,31.2,2.2,2018-11-07_2018-11-21|2019-04-06_2019-04-20|2020-05-30_2020-06-13|2020-07-29_2020-08-12|2021-03-26_2021-04-09|2021-06-09_2021-06-23|2021-07-09_2021-07-23|2021-08-08_2021-08-22|2021-12-06_2021-12-20|2022-02-04_2022-02-18|2022-04-05_2022-04-19|2022-07-04_2022-07-18|2023-02-14_2023-02-28|2023-09-12_2023-09-26|2024-03-10_2024-03-24|2026-01-29_2026-02-12
0.3,1,PPI m/m,Good,10,8,2,80.0,20.0,4.0,2018-01-11_2018-01-25|2018-09-08_2018-09-22|2019-10-03_2019-10-17|2020-04-30_2020-05-14|2020-06-29_2020-07-13|2023-03-01_2023-03-15|2023-11-11_2023-11-25|2024-06-08_2024-06-22|2025-05-04_2025-05-18|2025-09-01_2025-09-15
0.3,1,PPI m/m,Neutral,48,31,17,64.6,35.4,1.82,2018-03-12_2018-03-26|2018-03-27_2018-04-10|2018-06-10_2018-06-24|2018-07-10_2018-07-24|2018-08-09_2018-08-23|2019-01-06_2019-01-20|2019-02-05_2019-02-19|2019-03-07_2019-03-21|2019-04-06_2019-04-20|2019-07-05_2019-07-19|2019-08-04_2019-08-18|2019-11-02_2019-11-16|2019-12-02_2019-12-16|2020-01-01_2020-01-15|2020-03-31_2020-04-14|2020-07-29_2020-08-12|2020-08-28_2020-09-11|2020-10-12_2020-10-26|2020-11-11_2020-11-25|2021-09-07_2021-09-21|2021-10-07_2021-10-21|2021-11-06_2021-11-20|2022-03-06_2022-03-20|2022-04-05_2022-04-19|2022-10-02_2022-10-16|2022-11-01_2022-11-15|2022-12-01_2022-12-15|2023-02-14_2023-02-28|2023-06-14_2023-06-28|2023-07-29_2023-08-12|2023-09-12_2023-09-26|2023-09-27_2023-10-11|2023-12-11_2023-12-25|2024-01-10_2024-01-24|2024-03-10_2024-03-24|2024-04-09_2024-04-23|2024-07-08_2024-07-22|2024-09-06_2024-09-20|2024-11-05_2024-11-19|2025-01-04_2025-01-18|2025-02-03_2025-02-17|2025-03-05_2025-03-19|2025-06-03_2025-06-17|2025-07-03_2025-07-17|2025-11-15_2025-11-29|2026-01-14_2026-01-28|2026-01-29_2026-02-12|2026-02-13_2026-02-27
0.3,1,PPI m/m,Bad,9,7,2,77.8,22.2,3.5,2018-11-07_2018-11-21|2020-05-30_2020-06-13|2021-03-26_2021-04-09|2021-06-09_2021-06-23|2021-07-09_2021-07-23|2021-08-08_2021-08-22|2021-12-06_2021-12-20|2022-02-04_2022-02-18|2022-07-04_2022-07-18
0.0,1,Core PPI m/m,Good,30,24,6,80.0,20.0,4.0,2018-01-11_2018-01-25|2018-08-09_2018-08-23|2018-09-08_2018-09-22|2019-01-06_2019-01-20|2019-03-07_2019-03-21|2019-08-04_2019-08-18|2019-10-03_2019-10-17|2019-12-02_2019-12-16|2020-01-01_2020-01-15|2020-04-30_2020-05-14|2020-06-29_2020-07-13|2020-11-11_2020-11-25|2021-10-07_2021-10-21|2021-11-06_2021-11-20|2022-03-06_2022-03-20|2022-07-04_2022-07-18|2022-11-01_2022-11-15|2023-03-01_2023-03-15|2023-11-11_2023-11-25|2023-12-11_2023-12-25|2024-01-10_2024-01-24|2024-06-08_2024-06-22|2025-01-04_2025-01-18|2025-03-05_2025-03-19|2025-05-04_2025-05-18|2025-06-03_2025-06-17|2025-07-03_2025-07-17|2025-09-01_2025-09-15|2025-11-15_2025-11-29|2026-01-14_2026-01-28
0.0,1,Core PPI m/m,Neutral,8,6,2,75.0,25.0,3.0,2018-03-12_2018-03-26|2020-05-30_2020-06-13|2022-10-02_2022-10-16|2023-06-14_2023-06-28|2023-09-12_2023-09-26|2024-04-09_2024-04-23|2024-11-05_2024-11-19|2025-02-03_2025-02-17
0.0,1,Core PPI m/m,Bad,29,16,13,55.2,44.8,1.23,2018-03-27_2018-04-10|2018-06-10_2018-06-24|2018-07-10_2018-07-24|2018-11-07_2018-11-21|2019-02-05_2019-02-19|2019-04-06_2019-04-20|2019-07-05_2019-07-19|2019-11-02_2019-11-16|2020-03-31_2020-04-14|2020-07-29_2020-08-12|2020-08-28_2020-09-11|2020-10-12_2020-10-26|2021-03-26_2021-04-09|2021-06-09_2021-06-23|2021-07-09_2021-07-23|2021-08-08_2021-08-22|2021-09-07_2021-09-21|2021-12-06_2021-12-20|2022-02-04_2022-02-18|2022-04-05_2022-04-19|2022-12-01_2022-12-15|2023-02-14_2023-02-28|2023-07-29_2023-08-12|2023-09-27_2023-10-11|2024-03-10_2024-03-24|2024-07-08_2024-07-22|2024-09-06_2024-09-20|2026-01-29_2026-02-12|2026-02-13_2026-02-27
0.1,1,Core PPI m/m,Good,23,19,4,82.6,17.4,4.75,2018-01-11_2018-01-25|2018-09-08_2018-09-22|2019-01-06_2019-01-20|2019-08-04_2019-08-18|2019-10-03_2019-10-17|2019-12-02_2019-12-16|2020-04-30_2020-05-14|2020-06-29_2020-07-13|2021-10-07_2021-10-21|2022-03-06_2022-03-20|2022-11-01_2022-11-15|2023-03-01_2023-03-15|2023-11-11_2023-11-25|2023-12-11_2023-12-25|2024-01-10_2024-01-24|2024-06-08_2024-06-22|2025-01-04_2025-01-18|2025-03-05_2025-03-19|2025-05-04_2025-05-18|2025-06-03_2025-06-17|2025-07-03_2025-07-17|2025-09-01_2025-09-15|2026-01-14_2026-01-28
0.1,1,Core PPI m/m,Neutral,27,16,11,59.3,40.7,1.45,2018-03-12_2018-03-26|2018-03-27_2018-04-10|2018-06-10_2018-06-24|2018-07-10_2018-07-24|2018-08-09_2018-08-23|2019-02-05_2019-02-19|2019-03-07_2019-03-21|2019-04-06_2019-04-20|2019-07-05_2019-07-19|2019-11-02_2019-11-16|2020-01-01_2020-01-15|2020-05-30_2020-06-13|2020-11-11_2020-11-25|2021-09-07_2021-09-21|2021-11-06_2021-11-20|2022-07-04_2022-07-18|2022-10-02_2022-10-16|2023-06-14_2023-06-28|2023-07-29_2023-08-12|2023-09-12_2023-09-26|2023-09-27_2023-10-11|2024-03-10_2024-03-24|2024-04-09_2024-04-23|2024-09-06_2024-09-20|2024-11-05_2024-11-19|2025-02-03_2025-02-17|2025-11-15_2025-11-29
0.1,1,Core PPI m/m,Bad,17,11,6,64.7,35.3,1.83,2018-11-07_2018-11-21|2020-03-31_2020-04-14|2020-07-29_2020-08-12|2020-08-28_2020-09-11|2020-10-12_2020-10-26|2021-03-26_2021-04-09|2021-06-09_2021-06-23|2021-07-09_2021-07-23|2021-08-08_2021-08-22|2021-12-06_2021-12-20|2022-02-04_2022-02-18|2022-04-05_2022-04-19|2022-12-01_2022-12-15|2023-02-14_2023-02-28|2024-07-08_2024-07-22|2026-01-29_2026-02-12|2026-02-13_2026-02-27
0.2,1,Core PPI m/m,Good,16,12,4,75.0,25.0,3.0,2018-01-11_2018-01-25|2018-09-08_2018-09-22|2019-01-06_2019-01-20|2019-08-04_2019-08-18|2019-10-03_2019-10-17|2019-12-02_2019-12-16|2020-06-29_2020-07-13|2021-10-07_2021-10-21|2022-03-06_2022-03-20|2022-11-01_2022-11-15|2023-03-01_2023-03-15|2023-11-11_2023-11-25|2024-06-08_2024-06-22|2025-03-05_2025-03-19|2025-05-04_2025-05-18|2025-09-01_2025-09-15
0.2,1,Core PPI m/m,Neutral,41,28,13,68.3,31.7,2.15,2018-03-12_2018-03-26|2018-03-27_2018-04-10|2018-06-10_2018-06-24|2018-07-10_2018-07-24|2018-08-09_2018-08-23|2019-02-05_2019-02-19|2019-03-07_2019-03-21|2019-04-06_2019-04-20|2019-07-05_2019-07-19|2019-11-02_2019-11-16|2020-01-01_2020-01-15|2020-03-31_2020-04-14|2020-04-30_2020-05-14|2020-05-30_2020-06-13|2020-08-28_2020-09-11|2020-10-12_2020-10-26|2020-11-11_2020-11-25|2021-06-09_2021-06-23|2021-09-07_2021-09-21|2021-11-06_2021-11-20|2022-07-04_2022-07-18|2022-10-02_2022-10-16|2022-12-01_2022-12-15|2023-02-14_2023-02-28|2023-06-14_2023-06-28|2023-07-29_2023-08-12|2023-09-12_2023-09-26|2023-09-27_2023-10-11|2023-12-11_2023-12-25|2024-01-10_2024-01-24|2024-03-10_2024-03-24|2024-04-09_2024-04-23|2024-07-08_2024-07-22|2024-09-06_2024-09-20|2024-11-05_2024-11-19|2025-01-04_2025-01-18|2025-02-03_2025-02-17|2025-06-03_2025-06-17|2025-07-03_2025-07-17|2025-11-15_2025-11-29|2026-01-14_2026-01-28
0.2,1,Core PPI m/m,Bad,10,6,4,60.0,40.0,1.5,2018-11-07_2018-11-21|2020-07-29_2020-08-12|2021-03-26_2021-04-09|2021-07-09_2021-07-23|2021-08-08_2021-08-22|2021-12-06_2021-12-20|2022-02-04_2022-02-18|2022-04-05_2022-04-19|2026-01-29_2026-02-12|2026-02-13_2026-02-27
0.3,1,Core PPI m/m,Good,12,9,3,75.0,25.0,3.0,2018-01-11_2018-01-25|2018-09-08_2018-09-22|2019-01-06_2019-01-20|2019-08-04_2019-08-18|2019-10-03_2019-10-17|2019-12-02_2019-12-16|2020-06-29_2020-07-13|2022-03-06_2022-03-20|2023-03-01_2023-03-15|2025-03-05_2025-03-19|2025-05-04_2025-05-18|2025-09-01_2025-09-15
0.3,1,Core PPI m/m,Neutral,47,33,14,70.2,29.8,2.36,2018-03-12_2018-03-26|2018-03-27_2018-04-10|2018-06-10_2018-06-24|2018-07-10_2018-07-24|2018-08-09_2018-08-23|2018-11-07_2018-11-21|2019-02-05_2019-02-19|2019-03-07_2019-03-21|2019-04-06_2019-04-20|2019-07-05_2019-07-19|2019-11-02_2019-11-16|2020-01-01_2020-01-15|2020-03-31_2020-04-14|2020-04-30_2020-05-14|2020-05-30_2020-06-13|2020-08-28_2020-09-11|2020-10-12_2020-10-26|2020-11-11_2020-11-25|2021-06-09_2021-06-23|2021-09-07_2021-09-21|2021-10-07_2021-10-21|2021-11-06_2021-11-20|2021-12-06_2021-12-20|2022-07-04_2022-07-18|2022-10-02_2022-10-16|2022-11-01_2022-11-15|2022-12-01_2022-12-15|2023-02-14_2023-02-28|2023-06-14_2023-06-28|2023-07-29_2023-08-12|2023-09-12_2023-09-26|2023-09-27_2023-10-11|2023-11-11_2023-11-25|2023-12-11_2023-12-25|2024-01-10_2024-01-24|2024-03-10_2024-03-24|2024-04-09_2024-04-23|2024-06-08_2024-06-22|2024-07-08_2024-07-22|2024-09-06_2024-09-20|2024-11-05_2024-11-19|2025-01-04_2025-01-18|2025-02-03_2025-02-17|2025-06-03_2025-06-17|2025-07-03_2025-07-17|2025-11-15_2025-11-29|2026-01-14_2026-01-28
0.3,1,Core PPI m/m,Bad,8,4,4,50.0,50.0,1.0,2020-07-29_2020-08-12|2021-03-26_2021-04-09|2021-07-09_2021-07-23|2021-08-08_2021-08-22|2022-02-04_2022-02-18|2022-04-05_2022-04-19|2026-01-29_2026-02-12|2026-02-13_2026-02-27
0.0,1,FOMC,Neutral,9,6,3,66.7,33.3,2.0,2023-03-16_2023-03-30|2023-06-14_2023-06-28|2023-07-14_2023-07-28|2023-09-12_2023-09-26|2023-12-11_2023-12-25|2024-06-08_2024-06-22|2024-07-23_2024-08-06|2024-11-05_2024-11-19|2025-01-19_2025-02-02
0.0,1,FOMC,Good,1,0,1,0.0,100.0,0.0,2024-09-06_2024-09-20
0.1,1,FOMC,Neutral,9,6,3,66.7,33.3,2.0,2023-03-16_2023-03-30|2023-06-14_2023-06-28|2023-07-14_2023-07-28|2023-09-12_2023-09-26|2023-12-11_2023-12-25|2024-06-08_2024-06-22|2024-07-23_2024-08-06|2024-11-05_2024-11-19|2025-01-19_2025-02-02
0.1,1,FOMC,Good,1,0,1,0.0,100.0,0.0,2024-09-06_2024-09-20
0.2,1,FOMC,Neutral,9,6,3,66.7,33.3,2.0,2023-03-16_2023-03-30|2023-06-14_2023-06-28|2023-07-14_2023-07-28|2023-09-12_2023-09-26|2023-12-11_2023-12-25|2024-06-08_2024-06-22|2024-07-23_2024-08-06|2024-11-05_2024-11-19|2025-01-19_2025-02-02
0.2,1,FOMC,Good,1,0,1,0.0,100.0,0.0,2024-09-06_2024-09-20
0.3,1,FOMC,Neutral,10,6,4,60.0,40.0,1.5,2023-03-16_2023-03-30|2023-06-14_2023-06-28|2023-07-14_2023-07-28|2023-09-12_2023-09-26|2023-12-11_2023-12-25|2024-06-08_2024-06-22|2024-07-23_2024-08-06|2024-09-06_2024-09-20|2024-11-05_2024-11-19|2025-01-19_2025-02-02
0.0,1,CPI y/y,Neutral,22,15,7,68.2,31.8,2.14,2018-01-11_2018-01-25|2018-03-12_2018-03-26|2018-04-11_2018-04-25|2018-06-10_2018-06-24|2018-07-10_2018-07-24|2018-08-09_2018-08-23|2018-11-07_2018-11-21|2019-01-06_2019-01-20|2019-07-05_2019-07-19|2020-01-01_2020-01-15|2020-10-12_2020-10-26|2021-09-07_2021-09-21|2021-12-06_2021-12-20|2022-03-06_2022-03-20|2022-12-31_2023-01-14|2023-03-01_2023-03-15|2023-12-11_2023-12-25|2024-09-06_2024-09-20|2024-11-05_2024-11-19|2025-01-04_2025-01-18|2025-09-01_2025-09-15|2025-12-30_2026-01-13
0.0,1,CPI y/y,Good,19,13,6,68.4,31.6,2.17,2018-09-08_2018-09-22|2019-03-07_2019-03-21|2019-10-03_2019-10-17|2020-03-31_2020-04-14|2020-04-30_2020-05-14|2020-05-30_2020-06-13|2020-11-11_2020-11-25|2022-11-01_2022-11-15|2022-12-01_2022-12-15|2023-07-29_2023-08-12|2023-11-11_2023-11-25|2024-06-08_2024-06-22|2024-07-08_2024-07-22|2025-03-05_2025-03-19|2025-05-04_2025-05-18|2025-06-03_2025-06-17|2025-10-16_2025-10-30|2025-12-15_2025-12-29|2026-02-13_2026-02-27
0.0,1,CPI y/y,Bad,25,20,5,80.0,20.0,4.0,2019-02-05_2019-02-19|2019-04-06_2019-04-20|2019-08-04_2019-08-18|2019-11-02_2019-11-16|2019-12-02_2019-12-16|2020-07-29_2020-08-12|2020-08-28_2020-09-11|2021-04-10_2021-04-24|2021-06-09_2021-06-23|2021-07-09_2021-07-23|2021-08-08_2021-08-22|2021-10-07_2021-10-21|2021-11-06_2021-11-20|2022-02-04_2022-02-18|2022-04-05_2022-04-19|2022-07-04_2022-07-18|2022-10-02_2022-10-16|2023-02-14_2023-02-28|2023-09-12_2023-09-26|2023-10-12_2023-10-26|2024-01-10_2024-01-24|2024-03-10_2024-03-24|2024-04-09_2024-04-23|2025-02-03_2025-02-17|2025-07-03_2025-07-17
0.1,1,CPI y/y,Neutral,28,19,9,67.9,32.1,2.11,2018-01-11_2018-01-25|2018-03-12_2018-03-26|2018-04-11_2018-04-25|2018-06-10_2018-06-24|2018-07-10_2018-07-24|2018-08-09_2018-08-23|2018-09-08_2018-09-22|2018-11-07_2018-11-21|2019-01-06_2019-01-20|2019-04-06_2019-04-20|2019-07-05_2019-07-19|2020-01-01_2020-01-15|2020-10-12_2020-10-26|2021-09-07_2021-09-21|2021-12-06_2021-12-20|2022-03-06_2022-03-20|2022-04-05_2022-04-19|2022-10-02_2022-10-16|2022-12-31_2023-01-14|2023-03-01_2023-03-15|2023-07-29_2023-08-12|2023-11-11_2023-11-25|2023-12-11_2023-12-25|2024-09-06_2024-09-20|2024-11-05_2024-11-19|2025-01-04_2025-01-18|2025-09-01_2025-09-15|2025-12-30_2026-01-13
0.1,1,CPI y/y,Bad,22,18,4,81.8,18.2,4.5,2019-02-05_2019-02-19|2019-08-04_2019-08-18|2019-11-02_2019-11-16|2019-12-02_2019-12-16|2020-07-29_2020-08-12|2020-08-28_2020-09-11|2021-04-10_2021-04-24|2021-06-09_2021-06-23|2021-07-09_2021-07-23|2021-08-08_2021-08-22|2021-10-07_2021-10-21|2021-11-06_2021-11-20|2022-02-04_2022-02-18|2022-07-04_2022-07-18|2023-02-14_2023-02-28|2023-09-12_2023-09-26|2023-10-12_2023-10-26|2024-01-10_2024-01-24|2024-03-10_2024-03-24|2024-04-09_2024-04-23|2025-02-03_2025-02-17|2025-07-03_2025-07-17
0.1,1,CPI y/y,Good,16,11,5,68.8,31.2,2.2,2019-03-07_2019-03-21|2019-10-03_2019-10-17|2020-03-31_2020-04-14|2020-04-30_2020-05-14|2020-05-30_2020-06-13|2020-11-11_2020-11-25|2022-11-01_2022-11-15|2022-12-01_2022-12-15|2024-06-08_2024-06-22|2024-07-08_2024-07-22|2025-03-05_2025-03-19|2025-05-04_2025-05-18|2025-06-03_2025-06-17|2025-10-16_2025-10-30|2025-12-15_2025-12-29|2026-02-13_2026-02-27
0.2,1,CPI y/y,Neutral,56,40,16,71.4,28.6,2.5,2018-01-11_2018-01-25|2018-03-12_2018-03-26|2018-04-11_2018-04-25|2018-06-10_2018-06-24|2018-07-10_2018-07-24|2018-08-09_2018-08-23|2018-09-08_2018-09-22|2018-11-07_2018-11-21|2019-01-06_2019-01-20|2019-02-05_2019-02-19|2019-03-07_2019-03-21|2019-04-06_2019-04-20|2019-07-05_2019-07-19|2019-08-04_2019-08-18|2019-10-03_2019-10-17|2019-11-02_2019-11-16|2019-12-02_2019-12-16|2020-01-01_2020-01-15|2020-03-31_2020-04-14|2020-04-30_2020-05-14|2020-05-30_2020-06-13|2020-08-28_2020-09-11|2020-10-12_2020-10-26|2020-11-11_2020-11-25|2021-04-10_2021-04-24|2021-08-08_2021-08-22|2021-09-07_2021-09-21|2021-10-07_2021-10-21|2021-12-06_2021-12-20|2022-03-06_2022-03-20|2022-04-05_2022-04-19|2022-10-02_2022-10-16|2022-12-31_2023-01-14|2023-03-01_2023-03-15|2023-07-29_2023-08-12|2023-09-12_2023-09-26|2023-10-12_2023-10-26|2023-11-11_2023-11-25|2023-12-11_2023-12-25|2024-01-10_2024-01-24|2024-03-10_2024-03-24|2024-04-09_2024-04-23|2024-06-08_2024-06-22|2024-07-08_2024-07-22|2024-09-06_2024-09-20|2024-11-05_2024-11-19|2025-01-04_2025-01-18|2025-02-03_2025-02-17|2025-03-05_2025-03-19|2025-05-04_2025-05-18|2025-06-03_2025-06-17|2025-07-03_2025-07-17|2025-09-01_2025-09-15|2025-10-16_2025-10-30|2025-12-30_2026-01-13|2026-02-13_2026-02-27
0.2,1,CPI y/y,Bad,7,6,1,85.7,14.3,6.0,2020-07-29_2020-08-12|2021-06-09_2021-06-23|2021-07-09_2021-07-23|2021-11-06_2021-11-20|2022-02-04_2022-02-18|2022-07-04_2022-07-18|2023-02-14_2023-02-28
0.2,1,CPI y/y,Good,3,2,1,66.7,33.3,2.0,2022-11-01_2022-11-15|2022-12-01_2022-12-15|2025-12-15_2025-12-29
0.3,1,CPI y/y,Neutral,62,45,17,72.6,27.4,2.65,2018-01-11_2018-01-25|2018-03-12_2018-03-26|2018-04-11_2018-04-25|2018-06-10_2018-06-24|2018-07-10_2018-07-24|2018-08-09_2018-08-23|2018-09-08_2018-09-22|2018-11-07_2018-11-21|2019-01-06_2019-01-20|2019-02-05_2019-02-19|2019-03-07_2019-03-21|2019-04-06_2019-04-20|2019-07-05_2019-07-19|2019-08-04_2019-08-18|2019-10-03_2019-10-17|2019-11-02_2019-11-16|2019-12-02_2019-12-16|2020-01-01_2020-01-15|2020-03-31_2020-04-14|2020-04-30_2020-05-14|2020-05-30_2020-06-13|2020-08-28_2020-09-11|2020-10-12_2020-10-26|2020-11-11_2020-11-25|2021-04-10_2021-04-24|2021-06-09_2021-06-23|2021-08-08_2021-08-22|2021-09-07_2021-09-21|2021-10-07_2021-10-21|2021-11-06_2021-11-20|2021-12-06_2021-12-20|2022-02-04_2022-02-18|2022-03-06_2022-03-20|2022-04-05_2022-04-19|2022-10-02_2022-10-16|2022-11-01_2022-11-15|2022-12-01_2022-12-15|2022-12-31_2023-01-14|2023-02-14_2023-02-28|2023-03-01_2023-03-15|2023-07-29_2023-08-12|2023-09-12_2023-09-26|2023-10-12_2023-10-26|2023-11-11_2023-11-25|2023-12-11_2023-12-25|2024-01-10_2024-01-24|2024-03-10_2024-03-24|2024-04-09_2024-04-23|2024-06-08_2024-06-22|2024-07-08_2024-07-22|2024-09-06_2024-09-20|2024-11-05_2024-11-19|2025-01-04_2025-01-18|2025-02-03_2025-02-17|2025-03-05_2025-03-19|2025-05-04_2025-05-18|2025-06-03_2025-06-17|2025-07-03_2025-07-17|2025-09-01_2025-09-15|2025-10-16_2025-10-30|2025-12-30_2026-01-13|2026-02-13_2026-02-27
0.3,1,CPI y/y,Bad,3,2,1,66.7,33.3,2.0,2020-07-29_2020-08-12|2021-07-09_2021-07-23|2022-07-04_2022-07-18
0.3,1,CPI y/y,Good,1,1,0,100.0,0.0,inf,2025-12-15_2025-12-29
0.0,2,CPI m/m|Core CPI m/m,Neutral|Bad,7,5,2,71.4,28.6,2.5,2018-01-11_2018-01-25|2018-06-10_2018-06-24|2019-08-04_2019-08-18|2023-03-01_2023-03-15|2023-09-12_2023-09-26|2024-03-10_2024-03-24|2024-09-06_2024-09-20
0.0,2,CPI m/m|Core CPI m/m,Neutral|Neutral,10,6,4,60.0,40.0,1.5,2018-03-12_2018-03-26|2018-08-09_2018-08-23|2018-11-07_2018-11-21|2019-01-06_2019-01-20|2020-10-12_2020-10-26|2022-03-06_2022-03-20|2022-12-31_2023-01-14|2023-02-14_2023-02-28|2023-07-29_2023-08-12|2024-11-05_2024-11-19
0.0,2,CPI m/m|Core CPI m/m,Good|Neutral,4,2,2,50.0,50.0,1.0,2018-04-11_2018-04-25|2018-07-10_2018-07-24|2019-02-05_2019-02-19|2026-02-13_2026-02-27
0.0,2,CPI m/m|Core CPI m/m,Good|Good,16,11,5,68.8,31.2,2.2,2018-09-08_2018-09-22|2019-10-03_2019-10-17|2020-03-31_2020-04-14|2020-04-30_2020-05-14|2020-05-30_2020-06-13|2020-11-11_2020-11-25|2021-09-07_2021-09-21|2022-11-01_2022-11-15|2022-12-01_2022-12-15|2023-11-11_2023-11-25|2024-06-08_2024-06-22|2024-07-08_2024-07-22|2025-03-05_2025-03-19|2025-05-04_2025-05-18|2025-06-03_2025-06-17|2025-10-16_2025-10-30
0.0,2,CPI m/m|Core CPI m/m,Neutral|Good,7,6,1,85.7,14.3,6.0,2019-03-07_2019-03-21|2020-01-01_2020-01-15|2021-08-08_2021-08-22|2022-04-05_2022-04-19|2025-01-04_2025-01-18|2025-07-03_2025-07-17|2025-12-30_2026-01-13
0.0,2,CPI m/m|Core CPI m/m,Bad|Good,1,0,1,0.0,100.0,0.0,2019-04-06_2019-04-20
0.0,2,CPI m/m|Core CPI m/m,Bad|Bad,12,10,2,83.3,16.7,5.0,2019-07-05_2019-07-19|2020-07-29_2020-08-12|2020-08-28_2020-09-11|2021-04-10_2021-04-24|2021-06-09_2021-06-23|2021-07-09_2021-07-23|2021-11-06_2021-11-20|2022-02-04_2022-02-18|2022-07-04_2022-07-18|2022-10-02_2022-10-16|2024-04-09_2024-04-23|2025-02-03_2025-02-17
0.0,2,CPI m/m|Core CPI m/m,Bad|Neutral,8,7,1,87.5,12.5,7.0,2019-11-02_2019-11-16|2019-12-02_2019-12-16|2021-10-07_2021-10-21|2021-12-06_2021-12-20|2023-10-12_2023-10-26|2023-12-11_2023-12-25|2024-01-10_2024-01-24|2025-09-01_2025-09-15
0.1,2,CPI m/m|Core CPI m/m,Neutral|Neutral,37,27,10,73.0,27.0,2.7,2018-01-11_2018-01-25|2018-03-12_2018-03-26|2018-04-11_2018-04-25|2018-06-10_2018-06-24|2018-07-10_2018-07-24|2018-08-09_2018-08-23|2018-09-08_2018-09-22|2018-11-07_2018-11-21|2019-01-06_2019-01-20|2019-02-05_2019-02-19|2019-03-07_2019-03-21|2019-07-05_2019-07-19|2019-08-04_2019-08-18|2019-10-03_2019-10-17|2019-12-02_2019-12-16|2020-01-01_2020-01-15|2020-05-30_2020-06-13|2020-10-12_2020-10-26|2021-04-10_2021-04-24|2022-03-06_2022-03-20|2022-12-31_2023-01-14|2023-02-14_2023-02-28|2023-03-01_2023-03-15|2023-07-29_2023-08-12|2023-09-12_2023-09-26|2023-11-11_2023-11-25|2023-12-11_2023-12-25|2024-01-10_2024-01-24|2024-06-08_2024-06-22|2024-09-06_2024-09-20|2024-11-05_2024-11-19|2025-01-04_2025-01-18|2025-03-05_2025-03-19|2025-05-04_2025-05-18|2025-07-03_2025-07-17|2025-12-30_2026-01-13|2026-02-13_2026-02-27
0.1,2,CPI m/m|Core CPI m/m,Bad|Neutral,7,5,2,71.4,28.6,2.5,2019-04-06_2019-04-20|2019-11-02_2019-11-16|2021-10-07_2021-10-21|2021-12-06_2021-12-20|2022-02-04_2022-02-18|2023-10-12_2023-10-26|2025-09-01_2025-09-15
0.1,2,CPI m/m|Core CPI m/m,Good|Good,4,3,1,75.0,25.0,3.0,2020-03-31_2020-04-14|2020-04-30_2020-05-14|2021-09-07_2021-09-21|2022-11-01_2022-11-15
0.1,2,CPI m/m|Core CPI m/m,Bad|Bad,9,8,1,88.9,11.1,8.0,2020-07-29_2020-08-12|2020-08-28_2020-09-11|2021-06-09_2021-06-23|2021-07-09_2021-07-23|2021-11-06_2021-11-20|2022-07-04_2022-07-18|2022-10-02_2022-10-16|2024-04-09_2024-04-23|2025-02-03_2025-02-17
0.1,2,CPI m/m|Core CPI m/m,Neutral|Good,4,2,2,50.0,50.0,1.0,2020-11-11_2020-11-25|2021-08-08_2021-08-22|2022-04-05_2022-04-19|2025-06-03_2025-06-17
0.1,2,CPI m/m|Core CPI m/m,Good|Neutral,3,1,2,33.3,66.7,0.5,2022-12-01_2022-12-15|2024-07-08_2024-07-22|2025-10-16_2025-10-30
0.1,2,CPI m/m|Core CPI m/m,Neutral|Bad,1,1,0,100.0,0.0,inf,2024-03-10_2024-03-24
0.2,2,CPI m/m|Core CPI m/m,Neutral|Neutral,62,45,17,72.6,27.4,2.65,2018-01-11_2018-01-25|2018-03-12_2018-03-26|2018-04-11_2018-04-25|2018-06-10_2018-06-24|2018-07-10_2018-07-24|2018-08-09_2018-08-23|2018-09-08_2018-09-22|2018-11-07_2018-11-21|2019-01-06_2019-01-20|2019-02-05_2019-02-19|2019-03-07_2019-03-21|2019-04-06_2019-04-20|2019-07-05_2019-07-19|2019-08-04_2019-08-18|2019-10-03_2019-10-17|2019-11-02_2019-11-16|2019-12-02_2019-12-16|2020-01-01_2020-01-15|2020-03-31_2020-04-14|2020-04-30_2020-05-14|2020-05-30_2020-06-13|2020-08-28_2020-09-11|2020-10-12_2020-10-26|2020-11-11_2020-11-25|2021-04-10_2021-04-24|2021-06-09_2021-06-23|2021-08-08_2021-08-22|2021-09-07_2021-09-21|2021-10-07_2021-10-21|2021-12-06_2021-12-20|2022-02-04_2022-02-18|2022-03-06_2022-03-20|2022-04-05_2022-04-19|2022-07-04_2022-07-18|2022-10-02_2022-10-16|2022-11-01_2022-11-15|2022-12-01_2022-12-15|2022-12-31_2023-01-14|2023-02-14_2023-02-28|2023-03-01_2023-03-15|2023-07-29_2023-08-12|2023-09-12_2023-09-26|2023-10-12_2023-10-26|2023-11-11_2023-11-25|2023-12-11_2023-12-25|2024-01-10_2024-01-24|2024-03-10_2024-03-24|2024-04-09_2024-04-23|2024-06-08_2024-06-22|2024-07-08_2024-07-22|2024-09-06_2024-09-20|2024-11-05_2024-11-19|2025-01-04_2025-01-18|2025-02-03_2025-02-17|2025-03-05_2025-03-19|2025-05-04_2025-05-18|2025-06-03_2025-06-17|2025-07-03_2025-07-17|2025-09-01_2025-09-15|2025-10-16_2025-10-30|2025-12-30_2026-01-13|2026-02-13_2026-02-27
0.2,2,CPI m/m|Core CPI m/m,Bad|Bad,2,1,1,50.0,50.0,1.0,2020-07-29_2020-08-12|2021-07-09_2021-07-23
0.2,2,CPI m/m|Core CPI m/m,Bad|Neutral,1,1,0,100.0,0.0,inf,2021-11-06_2021-11-20
0.3,2,CPI m/m|Core CPI m/m,Neutral|Neutral,62,45,17,72.6,27.4,2.65,2018-01-11_2018-01-25|2018-03-12_2018-03-26|2018-04-11_2018-04-25|2018-06-10_2018-06-24|2018-07-10_2018-07-24|2018-08-09_2018-08-23|2018-09-08_2018-09-22|2018-11-07_2018-11-21|2019-01-06_2019-01-20|2019-02-05_2019-02-19|2019-03-07_2019-03-21|2019-04-06_2019-04-20|2019-07-05_2019-07-19|2019-08-04_2019-08-18|2019-10-03_2019-10-17|2019-11-02_2019-11-16|2019-12-02_2019-12-16|2020-01-01_2020-01-15|2020-03-31_2020-04-14|2020-04-30_2020-05-14|2020-05-30_2020-06-13|2020-08-28_2020-09-11|2020-10-12_2020-10-26|2020-11-11_2020-11-25|2021-04-10_2021-04-24|2021-06-09_2021-06-23|2021-08-08_2021-08-22|2021-09-07_2021-09-21|2021-10-07_2021-10-21|2021-12-06_2021-12-20|2022-02-04_2022-02-18|2022-03-06_2022-03-20|2022-04-05_2022-04-19|2022-07-04_2022-07-18|2022-10-02_2022-10-16|2022-11-01_2022-11-15|2022-12-01_2022-12-15|2022-12-31_2023-01-14|2023-02-14_2023-02-28|2023-03-01_2023-03-15|2023-07-29_2023-08-12|2023-09-12_2023-09-26|2023-10-12_2023-10-26|2023-11-11_2023-11-25|2023-12-11_2023-12-25|2024-01-10_2024-01-24|2024-03-10_2024-03-24|2024-04-09_2024-04-23|2024-06-08_2024-06-22|2024-07-08_2024-07-22|2024-09-06_2024-09-20|2024-11-05_2024-11-19|2025-01-04_2025-01-18|2025-02-03_2025-02-17|2025-03-05_2025-03-19|2025-05-04_2025-05-18|2025-06-03_2025-06-17|2025-07-03_2025-07-17|2025-09-01_2025-09-15|2025-10-16_2025-10-30|2025-12-30_2026-01-13|2026-02-13_2026-02-27
0.3,2,CPI m/m|Core CPI m/m,Neutral|Bad,1,0,1,0.0,100.0,0.0,2020-07-29_2020-08-12
0.3,2,CPI m/m|Core CPI m/m,Bad|Bad,1,1,0,100.0,0.0,inf,2021-07-09_2021-07-23
0.3,2,CPI m/m|Core CPI m/m,Bad|Neutral,1,1,0,100.0,0.0,inf,2021-11-06_2021-11-20
0.0,2,CPI m/m|PPI m/m,Neutral|Good,9,7,2,77.8,22.2,3.5,2018-01-11_2018-01-25|2018-08-09_2018-08-23|2019-01-06_2019-01-20|2019-03-07_2019-03-21|2020-01-01_2020-01-15|2022-03-06_2022-03-20|2023-03-01_2023-03-15|2025-01-04_2025-01-18|2025-07-03_2025-07-17
0.0,2,CPI m/m|PPI m/m,Neutral|Bad,11,7,4,63.6,36.4,1.75,2018-03-12_2018-03-26|2018-06-10_2018-06-24|2018-11-07_2018-11-21|2020-10-12_2020-10-26|2021-08-08_2021-08-22|2022-04-05_2022-04-19|2023-02-14_2023-02-28|2023-07-29_2023-08-12|2023-09-12_2023-09-26|2024-03-10_2024-03-24|2024-09-06_2024-09-20
0.0,2,CPI m/m|PPI m/m,Good|Bad,8,3,5,37.5,62.5,0.6,2018-07-10_2018-07-24|2020-03-31_2020-04-14|2020-05-30_2020-06-13|2020-11-11_2020-11-25|2021-09-07_2021-09-21|2022-12-01_2022-12-15|2024-07-08_2024-07-22|2026-02-13_2026-02-27
0.0,2,CPI m/m|PPI m/m,Good|Good,10,9,1,90.0,10.0,9.0,2018-09-08_2018-09-22|2019-02-05_2019-02-19|2019-10-03_2019-10-17|2020-04-30_2020-05-14|2022-11-01_2022-11-15|2023-11-11_2023-11-25|2024-06-08_2024-06-22|2025-03-05_2025-03-19|2025-05-04_2025-05-18|2025-06-03_2025-06-17
0.0,2,CPI m/m|PPI m/m,Bad|Bad,11,9,2,81.8,18.2,4.5,2019-04-06_2019-04-20|2019-11-02_2019-11-16|2020-07-29_2020-08-12|2020-08-28_2020-09-11|2021-06-09_2021-06-23|2021-07-09_2021-07-23|2021-12-06_2021-12-20|2022-02-04_2022-02-18|2022-07-04_2022-07-18|2022-10-02_2022-10-16|2025-02-03_2025-02-17
0.0,2,CPI m/m|PPI m/m,Bad|Neutral,3,2,1,66.7,33.3,2.0,2019-07-05_2019-07-19|2021-11-06_2021-11-20|2023-12-11_2023-12-25
0.0,2,CPI m/m|PPI m/m,Neutral|Neutral,2,2,0,100.0,0.0,inf,2019-08-04_2019-08-18|2024-11-05_2024-11-19
0.0,2,CPI m/m|PPI m/m,Bad|Good,5,4,1,80.0,20.0,4.0,2019-12-02_2019-12-16|2021-10-07_2021-10-21|2024-01-10_2024-01-24|2024-04-09_2024-04-23|2025-09-01_2025-09-15
0.1,2,CPI m/m|PPI m/m,Neutral|Good,15,12,3,80.0,20.0,4.0,2018-01-11_2018-01-25|2018-08-09_2018-08-23|2018-09-08_2018-09-22|2019-02-05_2019-02-19|2019-10-03_2019-10-17|2019-12-02_2019-12-16|2022-03-06_2022-03-20|2023-03-01_2023-03-15|2023-11-11_2023-11-25|2024-01-10_2024-01-24|2024-06-08_2024-06-22|2025-01-04_2025-01-18|2025-03-05_2025-03-19|2025-05-04_2025-05-18|2025-07-03_2025-07-17
0.1,2,CPI m/m|PPI m/m,Neutral|Neutral,13,9,4,69.2,30.8,2.25,2018-03-12_2018-03-26|2018-07-10_2018-07-24|2019-01-06_2019-01-20|2019-03-07_2019-03-21|2019-07-05_2019-07-19|2019-08-04_2019-08-18|2020-01-01_2020-01-15|2020-11-11_2020-11-25|2023-07-29_2023-08-12|2023-12-11_2023-12-25|2024-09-06_2024-09-20|2024-11-05_2024-11-19|2025-06-03_2025-06-17
0.1,2,CPI m/m|PPI m/m,Neutral|Bad,10,7,3,70.0,30.0,2.33,2018-06-10_2018-06-24|2018-11-07_2018-11-21|2020-05-30_2020-06-13|2020-10-12_2020-10-26|2021-08-08_2021-08-22|2022-04-05_2022-04-19|2023-02-14_2023-02-28|2023-09-12_2023-09-26|2024-03-10_2024-03-24|2026-02-13_2026-02-27
0.1,2,CPI m/m|PPI m/m,Bad|Bad,10,8,2,80.0,20.0,4.0,2019-04-06_2019-04-20|2019-11-02_2019-11-16|2020-07-29_2020-08-12|2021-06-09_2021-06-23|2021-07-09_2021-07-23|2021-12-06_2021-12-20|2022-02-04_2022-02-18|2022-07-04_2022-07-18|2022-10-02_2022-10-16|2025-02-03_2025-02-17
0.1,2,CPI m/m|PPI m/m,Good|Neutral,4,1,3,25.0,75.0,0.33,2020-03-31_2020-04-14|2021-09-07_2021-09-21|2022-12-01_2022-12-15|2024-07-08_2024-07-22
0.1,2,CPI m/m|PPI m/m,Good|Good,2,2,0,100.0,0.0,inf,2020-04-30_2020-05-14|2022-11-01_2022-11-15
0.1,2,CPI m/m|PPI m/m,Bad|Neutral,4,3,1,75.0,25.0,3.0,2020-08-28_2020-09-11|2021-10-07_2021-10-21|2021-11-06_2021-11-20|2024-04-09_2024-04-23
0.1,2,CPI m/m|PPI m/m,Bad|Good,1,1,0,100.0,0.0,inf,2025-09-01_2025-09-15
0.2,2,CPI m/m|PPI m/m,Neutral|Good,10,9,1,90.0,10.0,9.0,2018-01-11_2018-01-25|2018-09-08_2018-09-22|2019-10-03_2019-10-17|2020-04-30_2020-05-14|2023-03-01_2023-03-15|2023-11-11_2023-11-25|2024-06-08_2024-06-22|2025-03-05_2025-03-19|2025-05-04_2025-05-18|2025-09-01_2025-09-15
0.2,2,CPI m/m|PPI m/m,Neutral|Neutral,34,23,11,67.6,32.4,2.09,2018-03-12_2018-03-26|2018-06-10_2018-06-24|2018-07-10_2018-07-24|2018-08-09_2018-08-23|2019-01-06_2019-01-20|2019-02-05_2019-02-19|2019-03-07_2019-03-21|2019-07-05_2019-07-19|2019-08-04_2019-08-18|2019-11-02_2019-11-16|2019-12-02_2019-12-16|2020-01-01_2020-01-15|2020-03-31_2020-04-14|2020-08-28_2020-09-11|2020-10-12_2020-10-26|2020-11-11_2020-11-25|2021-09-07_2021-09-21|2021-10-07_2021-10-21|2022-03-06_2022-03-20|2022-10-02_2022-10-16|2022-11-01_2022-11-15|2022-12-01_2022-12-15|2023-07-29_2023-08-12|2023-12-11_2023-12-25|2024-01-10_2024-01-24|2024-04-09_2024-04-23|2024-07-08_2024-07-22|2024-09-06_2024-09-20|2024-11-05_2024-11-19|2025-01-04_2025-01-18|2025-02-03_2025-02-17|2025-06-03_2025-06-17|2025-07-03_2025-07-17|2026-02-13_2026-02-27
0.2,2,CPI m/m|PPI m/m,Neutral|Bad,12,9,3,75.0,25.0,3.0,2018-11-07_2018-11-21|2019-04-06_2019-04-20|2020-05-30_2020-06-13|2021-06-09_2021-06-23|2021-08-08_2021-08-22|2021-12-06_2021-12-20|2022-02-04_2022-02-18|2022-04-05_2022-04-19|2022-07-04_2022-07-18|2023-02-14_2023-02-28|2023-09-12_2023-09-26|2024-03-10_2024-03-24
0.2,2,CPI m/m|PPI m/m,Bad|Bad,2,1,1,50.0,50.0,1.0,2020-07-29_2020-08-12|2021-07-09_2021-07-23
0.2,2,CPI m/m|PPI m/m,Bad|Neutral,1,1,0,100.0,0.0,inf,2021-11-06_2021-11-20
0.3,2,CPI m/m|PPI m/m,Neutral|Good,9,8,1,88.9,11.1,8.0,2018-01-11_2018-01-25|2018-09-08_2018-09-22|2019-10-03_2019-10-17|2020-04-30_2020-05-14|2023-03-01_2023-03-15|2023-11-11_2023-11-25|2024-06-08_2024-06-22|2025-05-04_2025-05-18|2025-09-01_2025-09-15
0.3,2,CPI m/m|PPI m/m,Neutral|Neutral,41,27,14,65.9,34.1,1.93,2018-03-12_2018-03-26|2018-06-10_2018-06-24|2018-07-10_2018-07-24|2018-08-09_2018-08-23|2019-01-06_2019-01-20|2019-02-05_2019-02-19|2019-03-07_2019-03-21|2019-04-06_2019-04-20|2019-07-05_2019-07-19|2019-08-04_2019-08-18|2019-11-02_2019-11-16|2019-12-02_2019-12-16|2020-01-01_2020-01-15|2020-03-31_2020-04-14|2020-07-29_2020-08-12|2020-08-28_2020-09-11|2020-10-12_2020-10-26|2020-11-11_2020-11-25|2021-09-07_2021-09-21|2021-10-07_2021-10-21|2022-03-06_2022-03-20|2022-04-05_2022-04-19|2022-10-02_2022-10-16|2022-11-01_2022-11-15|2022-12-01_2022-12-15|2023-02-14_2023-02-28|2023-07-29_2023-08-12|2023-09-12_2023-09-26|2023-12-11_2023-12-25|2024-01-10_2024-01-24|2024-03-10_2024-03-24|2024-04-09_2024-04-23|2024-07-08_2024-07-22|2024-09-06_2024-09-20|2024-11-05_2024-11-19|2025-01-04_2025-01-18|2025-02-03_2025-02-17|2025-03-05_2025-03-19|2025-06-03_2025-06-17|2025-07-03_2025-07-17|2026-02-13_2026-02-27
0.3,2,CPI m/m|PPI m/m,Neutral|Bad,7,6,1,85.7,14.3,6.0,2018-11-07_2018-11-21|2020-05-30_2020-06-13|2021-06-09_2021-06-23|2021-08-08_2021-08-22|2021-12-06_2021-12-20|2022-02-04_2022-02-18|2022-07-04_2022-07-18
0.3,2,CPI m/m|PPI m/m,Bad|Bad,1,1,0,100.0,0.0,inf,2021-07-09_2021-07-23
0.3,2,CPI m/m|PPI m/m,Bad|Neutral,1,1,0,100.0,0.0,inf,2021-11-06_2021-11-20
0.0,2,CPI m/m|Core PPI m/m,Neutral|Good,10,8,2,80.0,20.0,4.0,2018-01-11_2018-01-25|2018-08-09_2018-08-23|2019-01-06_2019-01-20|2019-03-07_2019-03-21|2019-08-04_2019-08-18|2020-01-01_2020-01-15|2022-03-06_2022-03-20|2023-03-01_2023-03-15|2025-01-04_2025-01-18|2025-07-03_2025-07-17
0.0,2,CPI m/m|Core PPI m/m,Neutral|Neutral,3,2,1,66.7,33.3,2.0,2018-03-12_2018-03-26|2023-09-12_2023-09-26|2024-11-05_2024-11-19
0.0,2,CPI m/m|Core PPI m/m,Neutral|Bad,9,6,3,66.7,33.3,2.0,2018-06-10_2018-06-24|2018-11-07_2018-11-21|2020-10-12_2020-10-26|2021-08-08_2021-08-22|2022-04-05_2022-04-19|2023-02-14_2023-02-28|2023-07-29_2023-08-12|2024-03-10_2024-03-24|2024-09-06_2024-09-20
0.0,2,CPI m/m|Core PPI m/m,Good|Bad,7,3,4,42.9,57.1,0.75,2018-07-10_2018-07-24|2019-02-05_2019-02-19|2020-03-31_2020-04-14|2021-09-07_2021-09-21|2022-12-01_2022-12-15|2024-07-08_2024-07-22|2026-02-13_2026-02-27
0.0,2,CPI m/m|Core PPI m/m,Good|Good,10,8,2,80.0,20.0,4.0,2018-09-08_2018-09-22|2019-10-03_2019-10-17|2020-04-30_2020-05-14|2020-11-11_2020-11-25|2022-11-01_2022-11-15|2023-11-11_2023-11-25|2024-06-08_2024-06-22|2025-03-05_2025-03-19|2025-05-04_2025-05-18|2025-06-03_2025-06-17
0.0,2,CPI m/m|Core PPI m/m,Bad|Bad,9,6,3,66.7,33.3,2.0,2019-04-06_2019-04-20|2019-07-05_2019-07-19|2019-11-02_2019-11-16|2020-07-29_2020-08-12|2020-08-28_2020-09-11|2021-06-09_2021-06-23|2021-07-09_2021-07-23|2021-12-06_2021-12-20|2022-02-04_2022-02-18
0.0,2,CPI m/m|Core PPI m/m,Bad|Good,7,6,1,85.7,14.3,6.0,2019-12-02_2019-12-16|2021-10-07_2021-10-21|2021-11-06_2021-11-20|2022-07-04_2022-07-18|2023-12-11_2023-12-25|2024-01-10_2024-01-24|2025-09-01_2025-09-15
0.0,2,CPI m/m|Core PPI m/m,Good|Neutral,1,1,0,100.0,0.0,inf,2020-05-30_2020-06-13
0.0,2,CPI m/m|Core PPI m/m,Bad|Neutral,3,3,0,100.0,0.0,inf,2022-10-02_2022-10-16|2024-04-09_2024-04-23|2025-02-03_2025-02-17
0.1,2,CPI m/m|Core PPI m/m,Neutral|Good,17,15,2,88.2,11.8,7.5,2018-01-11_2018-01-25|2018-09-08_2018-09-22|2019-01-06_2019-01-20|2019-08-04_2019-08-18|2019-10-03_2019-10-17|2019-12-02_2019-12-16|2022-03-06_2022-03-20|2023-03-01_2023-03-15|2023-11-11_2023-11-25|2023-12-11_2023-12-25|2024-01-10_2024-01-24|2024-06-08_2024-06-22|2025-01-04_2025-01-18|2025-03-05_2025-03-19|2025-05-04_2025-05-18|2025-06-03_2025-06-17|2025-07-03_2025-07-17
0.1,2,CPI m/m|Core PPI m/m,Neutral|Neutral,15,9,6,60.0,40.0,1.5,2018-03-12_2018-03-26|2018-06-10_2018-06-24|2018-07-10_2018-07-24|2018-08-09_2018-08-23|2019-02-05_2019-02-19|2019-03-07_2019-03-21|2019-07-05_2019-07-19|2020-01-01_2020-01-15|2020-05-30_2020-06-13|2020-11-11_2020-11-25|2023-07-29_2023-08-12|2023-09-12_2023-09-26|2024-03-10_2024-03-24|2024-09-06_2024-09-20|2024-11-05_2024-11-19
0.1,2,CPI m/m|Core PPI m/m,Neutral|Bad,6,4,2,66.7,33.3,2.0,2018-11-07_2018-11-21|2020-10-12_2020-10-26|2021-08-08_2021-08-22|2022-04-05_2022-04-19|2023-02-14_2023-02-28|2026-02-13_2026-02-27
0.1,2,CPI m/m|Core PPI m/m,Bad|Neutral,7,6,1,85.7,14.3,6.0,2019-04-06_2019-04-20|2019-11-02_2019-11-16|2021-11-06_2021-11-20|2022-07-04_2022-07-18|2022-10-02_2022-10-16|2024-04-09_2024-04-23|2025-02-03_2025-02-17
0.1,2,CPI m/m|Core PPI m/m,Good|Bad,3,1,2,33.3,66.7,0.5,2020-03-31_2020-04-14|2022-12-01_2022-12-15|2024-07-08_2024-07-22
0.1,2,CPI m/m|Core PPI m/m,Good|Good,2,2,0,100.0,0.0,inf,2020-04-30_2020-05-14|2022-11-01_2022-11-15
0.1,2,CPI m/m|Core PPI m/m,Bad|Bad,6,5,1,83.3,16.7,5.0,2020-07-29_2020-08-12|2020-08-28_2020-09-11|2021-06-09_2021-06-23|2021-07-09_2021-07-23|2021-12-06_2021-12-20|2022-02-04_2022-02-18
0.1,2,CPI m/m|Core PPI m/m,Good|Neutral,1,0,1,0.0,100.0,0.0,2021-09-07_2021-09-21
0.1,2,CPI m/m|Core PPI m/m,Bad|Good,2,1,1,50.0,50.0,1.0,2021-10-07_2021-10-21|2025-09-01_2025-09-15
0.2,2,CPI m/m|Core PPI m/m,Neutral|Good,15,12,3,80.0,20.0,4.0,2018-01-11_2018-01-25|2018-09-08_2018-09-22|2019-01-06_2019-01-20|2019-08-04_2019-08-18|2019-10-03_2019-10-17|2019-12-02_2019-12-16|2021-10-07_2021-10-21|2022-03-06_2022-03-20|2022-11-01_2022-11-15|2023-03-01_2023-03-15|2023-11-11_2023-11-25|2024-06-08_2024-06-22|2025-03-05_2025-03-19|2025-05-04_2025-05-18|2025-09-01_2025-09-15
0.2,2,CPI m/m|Core PPI m/m,Neutral|Neutral,35,25,10,71.4,28.6,2.5,2018-03-12_2018-03-26|2018-06-10_2018-06-24|2018-07-10_2018-07-24|2018-08-09_2018-08-23|2019-02-05_2019-02-19|2019-03-07_2019-03-21|2019-04-06_2019-04-20|2019-07-05_2019-07-19|2019-11-02_2019-11-16|2020-01-01_2020-01-15|2020-03-31_2020-04-14|2020-04-30_2020-05-14|2020-05-30_2020-06-13|2020-08-28_2020-09-11|2020-10-12_2020-10-26|2020-11-11_2020-11-25|2021-06-09_2021-06-23|2021-09-07_2021-09-21|2022-07-04_2022-07-18|2022-10-02_2022-10-16|2022-12-01_2022-12-15|2023-02-14_2023-02-28|2023-07-29_2023-08-12|2023-09-12_2023-09-26|2023-12-11_2023-12-25|2024-01-10_2024-01-24|2024-03-10_2024-03-24|2024-04-09_2024-04-23|2024-07-08_2024-07-22|2024-09-06_2024-09-20|2024-11-05_2024-11-19|2025-01-04_2025-01-18|2025-02-03_2025-02-17|2025-06-03_2025-06-17|2025-07-03_2025-07-17
0.2,2,CPI m/m|Core PPI m/m,Neutral|Bad,6,4,2,66.7,33.3,2.0,2018-11-07_2018-11-21|2021-08-08_2021-08-22|2021-12-06_2021-12-20|2022-02-04_2022-02-18|2022-04-05_2022-04-19|2026-02-13_2026-02-27
0.2,2,CPI m/m|Core PPI m/m,Bad|Bad,2,1,1,50.0,50.0,1.0,2020-07-29_2020-08-12|2021-07-09_2021-07-23
0.2,2,CPI m/m|Core PPI m/m,Bad|Neutral,1,1,0,100.0,0.0,inf,2021-11-06_2021-11-20
0.3,2,CPI m/m|Core PPI m/m,Neutral|Good,11,9,2,81.8,18.2,4.5,2018-01-11_2018-01-25|2018-09-08_2018-09-22|2019-01-06_2019-01-20|2019-08-04_2019-08-18|2019-10-03_2019-10-17|2019-12-02_2019-12-16|2022-03-06_2022-03-20|2023-03-01_2023-03-15|2025-03-05_2025-03-19|2025-05-04_2025-05-18|2025-09-01_2025-09-15
0.3,2,CPI m/m|Core PPI m/m,Neutral|Neutral,41,30,11,73.2,26.8,2.73,2018-03-12_2018-03-26|2018-06-10_2018-06-24|2018-07-10_2018-07-24|2018-08-09_2018-08-23|2018-11-07_2018-11-21|2019-02-05_2019-02-19|2019-03-07_2019-03-21|2019-04-06_2019-04-20|2019-07-05_2019-07-19|2019-11-02_2019-11-16|2020-01-01_2020-01-15|2020-03-31_2020-04-14|2020-04-30_2020-05-14|2020-05-30_2020-06-13|2020-08-28_2020-09-11|2020-10-12_2020-10-26|2020-11-11_2020-11-25|2021-06-09_2021-06-23|2021-09-07_2021-09-21|2021-10-07_2021-10-21|2021-12-06_2021-12-20|2022-07-04_2022-07-18|2022-10-02_2022-10-16|2022-11-01_2022-11-15|2022-12-01_2022-12-15|2023-02-14_2023-02-28|2023-07-29_2023-08-12|2023-09-12_2023-09-26|2023-11-11_2023-11-25|2023-12-11_2023-12-25|2024-01-10_2024-01-24|2024-03-10_2024-03-24|2024-04-09_2024-04-23|2024-06-08_2024-06-22|2024-07-08_2024-07-22|2024-09-06_2024-09-20|2024-11-05_2024-11-19|2025-01-04_2025-01-18|2025-02-03_2025-02-17|2025-06-03_2025-06-17|2025-07-03_2025-07-17
0.3,2,CPI m/m|Core PPI m/m,Neutral|Bad,5,2,3,40.0,60.0,0.67,2020-07-29_2020-08-12|2021-08-08_2021-08-22|2022-02-04_2022-02-18|2022-04-05_2022-04-19|2026-02-13_2026-02-27
0.3,2,CPI m/m|Core PPI m/m,Bad|Bad,1,1,0,100.0,0.0,inf,2021-07-09_2021-07-23
0.3,2,CPI m/m|Core PPI m/m,Bad|Neutral,1,1,0,100.0,0.0,inf,2021-11-06_2021-11-20
0.0,2,CPI m/m|FOMC,Neutral|Neutral,2,1,1,50.0,50.0,1.0,2023-09-12_2023-09-26|2024-11-05_2024-11-19
0.0,2,CPI m/m|FOMC,Bad|Neutral,1,1,0,100.0,0.0,inf,2023-12-11_2023-12-25
0.0,2,CPI m/m|FOMC,Good|Neutral,1,1,0,100.0,0.0,inf,2024-06-08_2024-06-22
0.0,2,CPI m/m|FOMC,Neutral|Good,1,0,1,0.0,100.0,0.0,2024-09-06_2024-09-20
0.1,2,CPI m/m|FOMC,Neutral|Neutral,4,3,1,75.0,25.0,3.0,2023-09-12_2023-09-26|2023-12-11_2023-12-25|2024-06-08_2024-06-22|2024-11-05_2024-11-19
0.1,2,CPI m/m|FOMC,Neutral|Good,1,0,1,0.0,100.0,0.0,2024-09-06_2024-09-20
0.2,2,CPI m/m|FOMC,Neutral|Neutral,4,3,1,75.0,25.0,3.0,2023-09-12_2023-09-26|2023-12-11_2023-12-25|2024-06-08_2024-06-22|2024-11-05_2024-11-19
0.2,2,CPI m/m|FOMC,Neutral|Good,1,0,1,0.0,100.0,0.0,2024-09-06_2024-09-20
0.3,2,CPI m/m|FOMC,Neutral|Neutral,5,3,2,60.0,40.0,1.5,2023-09-12_2023-09-26|2023-12-11_2023-12-25|2024-06-08_2024-06-22|2024-09-06_2024-09-20|2024-11-05_2024-11-19
0.0,2,CPI m/m|CPI y/y,Neutral|Neutral,15,11,4,73.3,26.7,2.75,2018-01-11_2018-01-25|2018-03-12_2018-03-26|2018-06-10_2018-06-24|2018-08-09_2018-08-23|2018-11-07_2018-11-21|2019-01-06_2019-01-20|2020-01-01_2020-01-15|2020-10-12_2020-10-26|2022-03-06_2022-03-20|2022-12-31_2023-01-14|2023-03-01_2023-03-15|2024-09-06_2024-09-20|2024-11-05_2024-11-19|2025-01-04_2025-01-18|2025-12-30_2026-01-13
0.0,2,CPI m/m|CPI y/y,Good|Neutral,3,1,2,33.3,66.7,0.5,2018-04-11_2018-04-25|2018-07-10_2018-07-24|2021-09-07_2021-09-21
0.0,2,CPI m/m|CPI y/y,Good|Good,16,11,5,68.8,31.2,2.2,2018-09-08_2018-09-22|2019-10-03_2019-10-17|2020-03-31_2020-04-14|2020-04-30_2020-05-14|2020-05-30_2020-06-13|2020-11-11_2020-11-25|2022-11-01_2022-11-15|2022-12-01_2022-12-15|2023-11-11_2023-11-25|2024-06-08_2024-06-22|2024-07-08_2024-07-22|2025-03-05_2025-03-19|2025-05-04_2025-05-18|2025-06-03_2025-06-17|2025-10-16_2025-10-30|2026-02-13_2026-02-27
0.0,2,CPI m/m|CPI y/y,Good|Bad,1,1,0,100.0,0.0,inf,2019-02-05_2019-02-19
0.0,2,CPI m/m|CPI y/y,Neutral|Good,2,1,1,50.0,50.0,1.0,2019-03-07_2019-03-21|2023-07-29_2023-08-12
0.0,2,CPI m/m|CPI y/y,Bad|Bad,17,14,3,82.4,17.6,4.67,2019-04-06_2019-04-20|2019-11-02_2019-11-16|2019-12-02_2019-12-16|2020-07-29_2020-08-12|2020-08-28_2020-09-11|2021-04-10_2021-04-24|2021-06-09_2021-06-23|2021-07-09_2021-07-23|2021-10-07_2021-10-21|2021-11-06_2021-11-20|2022-02-04_2022-02-18|2022-07-04_2022-07-18|2022-10-02_2022-10-16|2023-10-12_2023-10-26|2024-01-10_2024-01-24|2024-04-09_2024-04-23|2025-02-03_2025-02-17
0.0,2,CPI m/m|CPI y/y,Bad|Neutral,4,3,1,75.0,25.0,3.0,2019-07-05_2019-07-19|2021-12-06_2021-12-20|2023-12-11_2023-12-25|2025-09-01_2025-09-15
0.0,2,CPI m/m|CPI y/y,Neutral|Bad,7,5,2,71.4,28.6,2.5,2019-08-04_2019-08-18|2021-08-08_2021-08-22|2022-04-05_2022-04-19|2023-02-14_2023-02-28|2023-09-12_2023-09-26|2024-03-10_2024-03-24|2025-07-03_2025-07-17
0.1,2,CPI m/m|CPI y/y,Neutral|Neutral,23,16,7,69.6,30.4,2.29,2018-01-11_2018-01-25|2018-03-12_2018-03-26|2018-04-11_2018-04-25|2018-06-10_2018-06-24|2018-07-10_2018-07-24|2018-08-09_2018-08-23|2018-09-08_2018-09-22|2018-11-07_2018-11-21|2019-01-06_2019-01-20|2019-07-05_2019-07-19|2020-01-01_2020-01-15|2020-10-12_2020-10-26|2022-03-06_2022-03-20|2022-04-05_2022-04-19|2022-12-31_2023-01-14|2023-03-01_2023-03-15|2023-07-29_2023-08-12|2023-11-11_2023-11-25|2023-12-11_2023-12-25|2024-09-06_2024-09-20|2024-11-05_2024-11-19|2025-01-04_2025-01-18|2025-12-30_2026-01-13
0.1,2,CPI m/m|CPI y/y,Neutral|Bad,10,8,2,80.0,20.0,4.0,2019-02-05_2019-02-19|2019-08-04_2019-08-18|2019-12-02_2019-12-16|2021-04-10_2021-04-24|2021-08-08_2021-08-22|2023-02-14_2023-02-28|2023-09-12_2023-09-26|2024-01-10_2024-01-24|2024-03-10_2024-03-24|2025-07-03_2025-07-17
0.1,2,CPI m/m|CPI y/y,Neutral|Good,9,6,3,66.7,33.3,2.0,2019-03-07_2019-03-21|2019-10-03_2019-10-17|2020-05-30_2020-06-13|2020-11-11_2020-11-25|2024-06-08_2024-06-22|2025-03-05_2025-03-19|2025-05-04_2025-05-18|2025-06-03_2025-06-17|2026-02-13_2026-02-27
0.1,2,CPI m/m|CPI y/y,Bad|Neutral,4,3,1,75.0,25.0,3.0,2019-04-06_2019-04-20|2021-12-06_2021-12-20|2022-10-02_2022-10-16|2025-09-01_2025-09-15
0.1,2,CPI m/m|CPI y/y,Bad|Bad,12,10,2,83.3,16.7,5.0,2019-11-02_2019-11-16|2020-07-29_2020-08-12|2020-08-28_2020-09-11|2021-06-09_2021-06-23|2021-07-09_2021-07-23|2021-10-07_2021-10-21|2021-11-06_2021-11-20|2022-02-04_2022-02-18|2022-07-04_2022-07-18|2023-10-12_2023-10-26|2024-04-09_2024-04-23|2025-02-03_2025-02-17
0.1,2,CPI m/m|CPI y/y,Good|Good,6,4,2,66.7,33.3,2.0,2020-03-31_2020-04-14|2020-04-30_2020-05-14|2022-11-01_2022-11-15|2022-12-01_2022-12-15|2024-07-08_2024-07-22|2025-10-16_2025-10-30
0.1,2,CPI m/m|CPI y/y,Good|Neutral,1,0,1,0.0,100.0,0.0,2021-09-07_2021-09-21
0.2,2,CPI m/m|CPI y/y,Neutral|Neutral,56,40,16,71.4,28.6,2.5,2018-01-11_2018-01-25|2018-03-12_2018-03-26|2018-04-11_2018-04-25|2018-06-10_2018-06-24|2018-07-10_2018-07-24|2018-08-09_2018-08-23|2018-09-08_2018-09-22|2018-11-07_2018-11-21|2019-01-06_2019-01-20|2019-02-05_2019-02-19|2019-03-07_2019-03-21|2019-04-06_2019-04-20|2019-07-05_2019-07-19|2019-08-04_2019-08-18|2019-10-03_2019-10-17|2019-11-02_2019-11-16|2019-12-02_2019-12-16|2020-01-01_2020-01-15|2020-03-31_2020-04-14|2020-04-30_2020-05-14|2020-05-30_2020-06-13|2020-08-28_2020-09-11|2020-10-12_2020-10-26|2020-11-11_2020-11-25|2021-04-10_2021-04-24|2021-08-08_2021-08-22|2021-09-07_2021-09-21|2021-10-07_2021-10-21|2021-12-06_2021-12-20|2022-03-06_2022-03-20|2022-04-05_2022-04-19|2022-10-02_2022-10-16|2022-12-31_2023-01-14|2023-03-01_2023-03-15|2023-07-29_2023-08-12|2023-09-12_2023-09-26|2023-10-12_2023-10-26|2023-11-11_2023-11-25|2023-12-11_2023-12-25|2024-01-10_2024-01-24|2024-03-10_2024-03-24|2024-04-09_2024-04-23|2024-06-08_2024-06-22|2024-07-08_2024-07-22|2024-09-06_2024-09-20|2024-11-05_2024-11-19|2025-01-04_2025-01-18|2025-02-03_2025-02-17|2025-03-05_2025-03-19|2025-05-04_2025-05-18|2025-06-03_2025-06-17|2025-07-03_2025-07-17|2025-09-01_2025-09-15|2025-10-16_2025-10-30|2025-12-30_2026-01-13|2026-02-13_2026-02-27
0.2,2,CPI m/m|CPI y/y,Bad|Bad,3,2,1,66.7,33.3,2.0,2020-07-29_2020-08-12|2021-07-09_2021-07-23|2021-11-06_2021-11-20
0.2,2,CPI m/m|CPI y/y,Neutral|Bad,4,4,0,100.0,0.0,inf,2021-06-09_2021-06-23|2022-02-04_2022-02-18|2022-07-04_2022-07-18|2023-02-14_2023-02-28
0.2,2,CPI m/m|CPI y/y,Neutral|Good,2,1,1,50.0,50.0,1.0,2022-11-01_2022-11-15|2022-12-01_2022-12-15
0.3,2,CPI m/m|CPI y/y,Neutral|Neutral,61,44,17,72.1,27.9,2.59,2018-01-11_2018-01-25|2018-03-12_2018-03-26|2018-04-11_2018-04-25|2018-06-10_2018-06-24|2018-07-10_2018-07-24|2018-08-09_2018-08-23|2018-09-08_2018-09-22|2018-11-07_2018-11-21|2019-01-06_2019-01-20|2019-02-05_2019-02-19|2019-03-07_2019-03-21|2019-04-06_2019-04-20|2019-07-05_2019-07-19|2019-08-04_2019-08-18|2019-10-03_2019-10-17|2019-11-02_2019-11-16|2019-12-02_2019-12-16|2020-01-01_2020-01-15|2020-03-31_2020-04-14|2020-04-30_2020-05-14|2020-05-30_2020-06-13|2020-08-28_2020-09-11|2020-10-12_2020-10-26|2020-11-11_2020-11-25|2021-04-10_2021-04-24|2021-06-09_2021-06-23|2021-08-08_2021-08-22|2021-09-07_2021-09-21|2021-10-07_2021-10-21|2021-12-06_2021-12-20|2022-02-04_2022-02-18|2022-03-06_2022-03-20|2022-04-05_2022-04-19|2022-10-02_2022-10-16|2022-11-01_2022-11-15|2022-12-01_2022-12-15|2022-12-31_2023-01-14|2023-02-14_2023-02-28|2023-03-01_2023-03-15|2023-07-29_2023-08-12|2023-09-12_2023-09-26|2023-10-12_2023-10-26|2023-11-11_2023-11-25|2023-12-11_2023-12-25|2024-01-10_2024-01-24|2024-03-10_2024-03-24|2024-04-09_2024-04-23|2024-06-08_2024-06-22|2024-07-08_2024-07-22|2024-09-06_2024-09-20|2024-11-05_2024-11-19|2025-01-04_2025-01-18|2025-02-03_2025-02-17|2025-03-05_2025-03-19|2025-05-04_2025-05-18|2025-06-03_2025-06-17|2025-07-03_2025-07-17|2025-09-01_2025-09-15|2025-10-16_2025-10-30|2025-12-30_2026-01-13|2026-02-13_2026-02-27
0.3,2,CPI m/m|CPI y/y,Neutral|Bad,2,1,1,50.0,50.0,1.0,2020-07-29_2020-08-12|2022-07-04_2022-07-18
0.3,2,CPI m/m|CPI y/y,Bad|Bad,1,1,0,100.0,0.0,inf,2021-07-09_2021-07-23
0.3,2,CPI m/m|CPI y/y,Bad|Neutral,1,1,0,100.0,0.0,inf,2021-11-06_2021-11-20
0.0,2,Core CPI m/m|PPI m/m,Bad|Good,3,3,0,100.0,0.0,inf,2018-01-11_2018-01-25|2023-03-01_2023-03-15|2024-04-09_2024-04-23
0.0,2,Core CPI m/m|PPI m/m,Neutral|Bad,9,7,2,77.8,22.2,3.5,2018-03-12_2018-03-26|2018-07-10_2018-07-24|2018-11-07_2018-11-21|2019-11-02_2019-11-16|2020-10-12_2020-10-26|2021-12-06_2021-12-20|2023-02-14_2023-02-28|2023-07-29_2023-08-12|2026-02-13_2026-02-27
0.0,2,Core CPI m/m|PPI m/m,Bad|Bad,12,9,3,75.0,25.0,3.0,2018-06-10_2018-06-24|2020-07-29_2020-08-12|2020-08-28_2020-09-11|2021-06-09_2021-06-23|2021-07-09_2021-07-23|2022-02-04_2022-02-18|2022-07-04_2022-07-18|2022-10-02_2022-10-16|2023-09-12_2023-09-26|2024-03-10_2024-03-24|2024-09-06_2024-09-20|2025-02-03_2025-02-17
0.0,2,Core CPI m/m|PPI m/m,Neutral|Good,8,5,3,62.5,37.5,1.67,2018-08-09_2018-08-23|2019-01-06_2019-01-20|2019-02-05_2019-02-19|2019-12-02_2019-12-16|2021-10-07_2021-10-21|2022-03-06_2022-03-20|2024-01-10_2024-01-24|2025-09-01_2025-09-15
0.0,2,Core CPI m/m|PPI m/m,Good|Good,13,12,1,92.3,7.7,12.0,2018-09-08_2018-09-22|2019-03-07_2019-03-21|2019-10-03_2019-10-17|2020-01-01_2020-01-15|2020-04-30_2020-05-14|2022-11-01_2022-11-15|2023-11-11_2023-11-25|2024-06-08_2024-06-22|2025-01-04_2025-01-18|2025-03-05_2025-03-19|2025-05-04_2025-05-18|2025-06-03_2025-06-17|2025-07-03_2025-07-17
0.0,2,Core CPI m/m|PPI m/m,Good|Bad,9,3,6,33.3,66.7,0.5,2019-04-06_2019-04-20|2020-03-31_2020-04-14|2020-05-30_2020-06-13|2020-11-11_2020-11-25|2021-08-08_2021-08-22|2021-09-07_2021-09-21|2022-04-05_2022-04-19|2022-12-01_2022-12-15|2024-07-08_2024-07-22
0.0,2,Core CPI m/m|PPI m/m,Bad|Neutral,3,2,1,66.7,33.3,2.0,2019-07-05_2019-07-19|2019-08-04_2019-08-18|2021-11-06_2021-11-20
0.0,2,Core CPI m/m|PPI m/m,Neutral|Neutral,2,2,0,100.0,0.0,inf,2023-12-11_2023-12-25|2024-11-05_2024-11-19
0.1,2,Core CPI m/m|PPI m/m,Neutral|Good,16,13,3,81.2,18.8,4.33,2018-01-11_2018-01-25|2018-08-09_2018-08-23|2018-09-08_2018-09-22|2019-02-05_2019-02-19|2019-10-03_2019-10-17|2019-12-02_2019-12-16|2022-03-06_2022-03-20|2023-03-01_2023-03-15|2023-11-11_2023-11-25|2024-01-10_2024-01-24|2024-06-08_2024-06-22|2025-01-04_2025-01-18|2025-03-05_2025-03-19|2025-05-04_2025-05-18|2025-07-03_2025-07-17|2025-09-01_2025-09-15
0.1,2,Core CPI m/m|PPI m/m,Neutral|Neutral,14,8,6,57.1,42.9,1.33,2018-03-12_2018-03-26|2018-07-10_2018-07-24|2019-01-06_2019-01-20|2019-03-07_2019-03-21|2019-07-05_2019-07-19|2019-08-04_2019-08-18|2020-01-01_2020-01-15|2021-10-07_2021-10-21|2022-12-01_2022-12-15|2023-07-29_2023-08-12|2023-12-11_2023-12-25|2024-07-08_2024-07-22|2024-09-06_2024-09-20|2024-11-05_2024-11-19
0.1,2,Core CPI m/m|PPI m/m,Neutral|Bad,11,8,3,72.7,27.3,2.67,2018-06-10_2018-06-24|2018-11-07_2018-11-21|2019-04-06_2019-04-20|2019-11-02_2019-11-16|2020-05-30_2020-06-13|2020-10-12_2020-10-26|2021-12-06_2021-12-20|2022-02-04_2022-02-18|2023-02-14_2023-02-28|2023-09-12_2023-09-26|2026-02-13_2026-02-27
0.1,2,Core CPI m/m|PPI m/m,Good|Neutral,4,2,2,50.0,50.0,1.0,2020-03-31_2020-04-14|2020-11-11_2020-11-25|2021-09-07_2021-09-21|2025-06-03_2025-06-17
0.1,2,Core CPI m/m|PPI m/m,Good|Good,2,2,0,100.0,0.0,inf,2020-04-30_2020-05-14|2022-11-01_2022-11-15
0.1,2,Core CPI m/m|PPI m/m,Bad|Bad,7,6,1,85.7,14.3,6.0,2020-07-29_2020-08-12|2021-06-09_2021-06-23|2021-07-09_2021-07-23|2022-07-04_2022-07-18|2022-10-02_2022-10-16|2024-03-10_2024-03-24|2025-02-03_2025-02-17
0.1,2,Core CPI m/m|PPI m/m,Bad|Neutral,3,3,0,100.0,0.0,inf,2020-08-28_2020-09-11|2021-11-06_2021-11-20|2024-04-09_2024-04-23
0.1,2,Core CPI m/m|PPI m/m,Good|Bad,2,1,1,50.0,50.0,1.0,2021-08-08_2021-08-22|2022-04-05_2022-04-19
0.2,2,Core CPI m/m|PPI m/m,Neutral|Good,10,9,1,90.0,10.0,9.0,2018-01-11_2018-01-25|2018-09-08_2018-09-22|2019-10-03_2019-10-17|2020-04-30_2020-05-14|2023-03-01_2023-03-15|2023-11-11_2023-11-25|2024-06-08_2024-06-22|2025-03-05_2025-03-19|2025-05-04_2025-05-18|2025-09-01_2025-09-15
0.2,2,Core CPI m/m|PPI m/m,Neutral|Neutral,35,24,11,68.6,31.4,2.18,2018-03-12_2018-03-26|2018-06-10_2018-06-24|2018-07-10_2018-07-24|2018-08-09_2018-08-23|2019-01-06_2019-01-20|2019-02-05_2019-02-19|2019-03-07_2019-03-21|2019-07-05_2019-07-19|2019-08-04_2019-08-18|2019-11-02_2019-11-16|2019-12-02_2019-12-16|2020-01-01_2020-01-15|2020-03-31_2020-04-14|2020-08-28_2020-09-11|2020-10-12_2020-10-26|2020-11-11_2020-11-25|2021-09-07_2021-09-21|2021-10-07_2021-10-21|2021-11-06_2021-11-20|2022-03-06_2022-03-20|2022-10-02_2022-10-16|2022-11-01_2022-11-15|2022-12-01_2022-12-15|2023-07-29_2023-08-12|2023-12-11_2023-12-25|2024-01-10_2024-01-24|2024-04-09_2024-04-23|2024-07-08_2024-07-22|2024-09-06_2024-09-20|2024-11-05_2024-11-19|2025-01-04_2025-01-18|2025-02-03_2025-02-17|2025-06-03_2025-06-17|2025-07-03_2025-07-17|2026-02-13_2026-02-27
0.2,2,Core CPI m/m|PPI m/m,Neutral|Bad,12,9,3,75.0,25.0,3.0,2018-11-07_2018-11-21|2019-04-06_2019-04-20|2020-05-30_2020-06-13|2021-06-09_2021-06-23|2021-08-08_2021-08-22|2021-12-06_2021-12-20|2022-02-04_2022-02-18|2022-04-05_2022-04-19|2022-07-04_2022-07-18|2023-02-14_2023-02-28|2023-09-12_2023-09-26|2024-03-10_2024-03-24
0.2,2,Core CPI m/m|PPI m/m,Bad|Bad,2,1,1,50.0,50.0,1.0,2020-07-29_2020-08-12|2021-07-09_2021-07-23
0.3,2,Core CPI m/m|PPI m/m,Neutral|Good,9,8,1,88.9,11.1,8.0,2018-01-11_2018-01-25|2018-09-08_2018-09-22|2019-10-03_2019-10-17|2020-04-30_2020-05-14|2023-03-01_2023-03-15|2023-11-11_2023-11-25|2024-06-08_2024-06-22|2025-05-04_2025-05-18|2025-09-01_2025-09-15
0.3,2,Core CPI m/m|PPI m/m,Neutral|Neutral,41,28,13,68.3,31.7,2.15,2018-03-12_2018-03-26|2018-06-10_2018-06-24|2018-07-10_2018-07-24|2018-08-09_2018-08-23|2019-01-06_2019-01-20|2019-02-05_2019-02-19|2019-03-07_2019-03-21|2019-04-06_2019-04-20|2019-07-05_2019-07-19|2019-08-04_2019-08-18|2019-11-02_2019-11-16|2019-12-02_2019-12-16|2020-01-01_2020-01-15|2020-03-31_2020-04-14|2020-08-28_2020-09-11|2020-10-12_2020-10-26|2020-11-11_2020-11-25|2021-09-07_2021-09-21|2021-10-07_2021-10-21|2021-11-06_2021-11-20|2022-03-06_2022-03-20|2022-04-05_2022-04-19|2022-10-02_2022-10-16|2022-11-01_2022-11-15|2022-12-01_2022-12-15|2023-02-14_2023-02-28|2023-07-29_2023-08-12|2023-09-12_2023-09-26|2023-12-11_2023-12-25|2024-01-10_2024-01-24|2024-03-10_2024-03-24|2024-04-09_2024-04-23|2024-07-08_2024-07-22|2024-09-06_2024-09-20|2024-11-05_2024-11-19|2025-01-04_2025-01-18|2025-02-03_2025-02-17|2025-03-05_2025-03-19|2025-06-03_2025-06-17|2025-07-03_2025-07-17|2026-02-13_2026-02-27
0.3,2,Core CPI m/m|PPI m/m,Neutral|Bad,7,6,1,85.7,14.3,6.0,2018-11-07_2018-11-21|2020-05-30_2020-06-13|2021-06-09_2021-06-23|2021-08-08_2021-08-22|2021-12-06_2021-12-20|2022-02-04_2022-02-18|2022-07-04_2022-07-18
0.3,2,Core CPI m/m|PPI m/m,Bad|Neutral,1,0,1,0.0,100.0,0.0,2020-07-29_2020-08-12
0.3,2,Core CPI m/m|PPI m/m,Bad|Bad,1,1,0,100.0,0.0,inf,2021-07-09_2021-07-23
0.0,2,Core CPI m/m|Core PPI m/m,Bad|Good,5,5,0,100.0,0.0,inf,2018-01-11_2018-01-25|2019-08-04_2019-08-18|2021-11-06_2021-11-20|2022-07-04_2022-07-18|2023-03-01_2023-03-15
0.0,2,Core CPI m/m|Core PPI m/m,Neutral|Neutral,2,2,0,100.0,0.0,inf,2018-03-12_2018-03-26|2024-11-05_2024-11-19
0.0,2,Core CPI m/m|Core PPI m/m,Bad|Bad,9,6,3,66.7,33.3,2.0,2018-06-10_2018-06-24|2019-07-05_2019-07-19|2020-07-29_2020-08-12|2020-08-28_2020-09-11|2021-06-09_2021-06-23|2021-07-09_2021-07-23|2022-02-04_2022-02-18|2024-03-10_2024-03-24|2024-09-06_2024-09-20
0.0,2,Core CPI m/m|Core PPI m/m,Neutral|Bad,9,7,2,77.8,22.2,3.5,2018-07-10_2018-07-24|2018-11-07_2018-11-21|2019-02-05_2019-02-19|2019-11-02_2019-11-16|2020-10-12_2020-10-26|2021-12-06_2021-12-20|2023-02-14_2023-02-28|2023-07-29_2023-08-12|2026-02-13_2026-02-27
0.0,2,Core CPI m/m|Core PPI m/m,Neutral|Good,8,5,3,62.5,37.5,1.67,2018-08-09_2018-08-23|2019-01-06_2019-01-20|2019-12-02_2019-12-16|2021-10-07_2021-10-21|2022-03-06_2022-03-20|2023-12-11_2023-12-25|2024-01-10_2024-01-24|2025-09-01_2025-09-15
0.0,2,Core CPI m/m|Core PPI m/m,Good|Good,14,12,2,85.7,14.3,6.0,2018-09-08_2018-09-22|2019-03-07_2019-03-21|2019-10-03_2019-10-17|2020-01-01_2020-01-15|2020-04-30_2020-05-14|2020-11-11_2020-11-25|2022-11-01_2022-11-15|2023-11-11_2023-11-25|2024-06-08_2024-06-22|2025-01-04_2025-01-18|2025-03-05_2025-03-19|2025-05-04_2025-05-18|2025-06-03_2025-06-17|2025-07-03_2025-07-17
0.0,2,Core CPI m/m|Core PPI m/m,Good|Bad,7,2,5,28.6,71.4,0.4,2019-04-06_2019-04-20|2020-03-31_2020-04-14|2021-08-08_2021-08-22|2021-09-07_2021-09-21|2022-04-05_2022-04-19|2022-12-01_2022-12-15|2024-07-08_2024-07-22
0.0,2,Core CPI m/m|Core PPI m/m,Good|Neutral,1,1,0,100.0,0.0,inf,2020-05-30_2020-06-13
0.0,2,Core CPI m/m|Core PPI m/m,Bad|Neutral,4,3,1,75.0,25.0,3.0,2022-10-02_2022-10-16|2023-09-12_2023-09-26|2024-04-09_2024-04-23|2025-02-03_2025-02-17
0.1,2,Core CPI m/m|Core PPI m/m,Neutral|Good,18,15,3,83.3,16.7,5.0,2018-01-11_2018-01-25|2018-09-08_2018-09-22|2019-01-06_2019-01-20|2019-08-04_2019-08-18|2019-10-03_2019-10-17|2019-12-02_2019-12-16|2021-10-07_2021-10-21|2022-03-06_2022-03-20|2023-03-01_2023-03-15|2023-11-11_2023-11-25|2023-12-11_2023-12-25|2024-01-10_2024-01-24|2024-06-08_2024-06-22|2025-01-04_2025-01-18|2025-03-05_2025-03-19|2025-05-04_2025-05-18|2025-07-03_2025-07-17|2025-09-01_2025-09-15
0.1,2,Core CPI m/m|Core PPI m/m,Neutral|Neutral,15,9,6,60.0,40.0,1.5,2018-03-12_2018-03-26|2018-06-10_2018-06-24|2018-07-10_2018-07-24|2018-08-09_2018-08-23|2019-02-05_2019-02-19|2019-03-07_2019-03-21|2019-04-06_2019-04-20|2019-07-05_2019-07-19|2019-11-02_2019-11-16|2020-01-01_2020-01-15|2020-05-30_2020-06-13|2023-07-29_2023-08-12|2023-09-12_2023-09-26|2024-09-06_2024-09-20|2024-11-05_2024-11-19
0.1,2,Core CPI m/m|Core PPI m/m,Neutral|Bad,8,5,3,62.5,37.5,1.67,2018-11-07_2018-11-21|2020-10-12_2020-10-26|2021-12-06_2021-12-20|2022-02-04_2022-02-18|2022-12-01_2022-12-15|2023-02-14_2023-02-28|2024-07-08_2024-07-22|2026-02-13_2026-02-27
0.1,2,Core CPI m/m|Core PPI m/m,Good|Bad,3,2,1,66.7,33.3,2.0,2020-03-31_2020-04-14|2021-08-08_2021-08-22|2022-04-05_2022-04-19
0.1,2,Core CPI m/m|Core PPI m/m,Good|Good,3,3,0,100.0,0.0,inf,2020-04-30_2020-05-14|2022-11-01_2022-11-15|2025-06-03_2025-06-17
0.1,2,Core CPI m/m|Core PPI m/m,Bad|Bad,4,3,1,75.0,25.0,3.0,2020-07-29_2020-08-12|2020-08-28_2020-09-11|2021-06-09_2021-06-23|2021-07-09_2021-07-23
0.1,2,Core CPI m/m|Core PPI m/m,Good|Neutral,2,0,2,0.0,100.0,0.0,2020-11-11_2020-11-25|2021-09-07_2021-09-21
0.1,2,Core CPI m/m|Core PPI m/m,Bad|Neutral,6,6,0,100.0,0.0,inf,2021-11-06_2021-11-20|2022-07-04_2022-07-18|2022-10-02_2022-10-16|2024-03-10_2024-03-24|2024-04-09_2024-04-23|2025-02-03_2025-02-17
0.2,2,Core CPI m/m|Core PPI m/m,Neutral|Good,15,12,3,80.0,20.0,4.0,2018-01-11_2018-01-25|2018-09-08_2018-09-22|2019-01-06_2019-01-20|2019-08-04_2019-08-18|2019-10-03_2019-10-17|2019-12-02_2019-12-16|2021-10-07_2021-10-21|2022-03-06_2022-03-20|2022-11-01_2022-11-15|2023-03-01_2023-03-15|2023-11-11_2023-11-25|2024-06-08_2024-06-22|2025-03-05_2025-03-19|2025-05-04_2025-05-18|2025-09-01_2025-09-15
0.2,2,Core CPI m/m|Core PPI m/m,Neutral|Neutral,36,26,10,72.2,27.8,2.6,2018-03-12_2018-03-26|2018-06-10_2018-06-24|2018-07-10_2018-07-24|2018-08-09_2018-08-23|2019-02-05_2019-02-19|2019-03-07_2019-03-21|2019-04-06_2019-04-20|2019-07-05_2019-07-19|2019-11-02_2019-11-16|2020-01-01_2020-01-15|2020-03-31_2020-04-14|2020-04-30_2020-05-14|2020-05-30_2020-06-13|2020-08-28_2020-09-11|2020-10-12_2020-10-26|2020-11-11_2020-11-25|2021-06-09_2021-06-23|2021-09-07_2021-09-21|2021-11-06_2021-11-20|2022-07-04_2022-07-18|2022-10-02_2022-10-16|2022-12-01_2022-12-15|2023-02-14_2023-02-28|2023-07-29_2023-08-12|2023-09-12_2023-09-26|2023-12-11_2023-12-25|2024-01-10_2024-01-24|2024-03-10_2024-03-24|2024-04-09_2024-04-23|2024-07-08_2024-07-22|2024-09-06_2024-09-20|2024-11-05_2024-11-19|2025-01-04_2025-01-18|2025-02-03_2025-02-17|2025-06-03_2025-06-17|2025-07-03_2025-07-17
0.2,2,Core CPI m/m|Core PPI m/m,Neutral|Bad,6,4,2,66.7,33.3,2.0,2018-11-07_2018-11-21|2021-08-08_2021-08-22|2021-12-06_2021-12-20|2022-02-04_2022-02-18|2022-04-05_2022-04-19|2026-02-13_2026-02-27
0.2,2,Core CPI m/m|Core PPI m/m,Bad|Bad,2,1,1,50.0,50.0,1.0,2020-07-29_2020-08-12|2021-07-09_2021-07-23
0.3,2,Core CPI m/m|Core PPI m/m,Neutral|Good,11,9,2,81.8,18.2,4.5,2018-01-11_2018-01-25|2018-09-08_2018-09-22|2019-01-06_2019-01-20|2019-08-04_2019-08-18|2019-10-03_2019-10-17|2019-12-02_2019-12-16|2022-03-06_2022-03-20|2023-03-01_2023-03-15|2025-03-05_2025-03-19|2025-05-04_2025-05-18|2025-09-01_2025-09-15
0.3,2,Core CPI m/m|Core PPI m/m,Neutral|Neutral,42,31,11,73.8,26.2,2.82,2018-03-12_2018-03-26|2018-06-10_2018-06-24|2018-07-10_2018-07-24|2018-08-09_2018-08-23|2018-11-07_2018-11-21|2019-02-05_2019-02-19|2019-03-07_2019-03-21|2019-04-06_2019-04-20|2019-07-05_2019-07-19|2019-11-02_2019-11-16|2020-01-01_2020-01-15|2020-03-31_2020-04-14|2020-04-30_2020-05-14|2020-05-30_2020-06-13|2020-08-28_2020-09-11|2020-10-12_2020-10-26|2020-11-11_2020-11-25|2021-06-09_2021-06-23|2021-09-07_2021-09-21|2021-10-07_2021-10-21|2021-11-06_2021-11-20|2021-12-06_2021-12-20|2022-07-04_2022-07-18|2022-10-02_2022-10-16|2022-11-01_2022-11-15|2022-12-01_2022-12-15|2023-02-14_2023-02-28|2023-07-29_2023-08-12|2023-09-12_2023-09-26|2023-11-11_2023-11-25|2023-12-11_2023-12-25|2024-01-10_2024-01-24|2024-03-10_2024-03-24|2024-04-09_2024-04-23|2024-06-08_2024-06-22|2024-07-08_2024-07-22|2024-09-06_2024-09-20|2024-11-05_2024-11-19|2025-01-04_2025-01-18|2025-02-03_2025-02-17|2025-06-03_2025-06-17|2025-07-03_2025-07-17
0.3,2,Core CPI m/m|Core PPI m/m,Bad|Bad,2,1,1,50.0,50.0,1.0,2020-07-29_2020-08-12|2021-07-09_2021-07-23
0.3,2,Core CPI m/m|Core PPI m/m,Neutral|Bad,4,2,2,50.0,50.0,1.0,2021-08-08_2021-08-22|2022-02-04_2022-02-18|2022-04-05_2022-04-19|2026-02-13_2026-02-27
0.0,2,Core CPI m/m|FOMC,Bad|Neutral,1,0,1,0.0,100.0,0.0,2023-09-12_2023-09-26
0.0,2,Core CPI m/m|FOMC,Neutral|Neutral,2,2,0,100.0,0.0,inf,2023-12-11_2023-12-25|2024-11-05_2024-11-19
0.0,2,Core CPI m/m|FOMC,Good|Neutral,1,1,0,100.0,0.0,inf,2024-06-08_2024-06-22
0.0,2,Core CPI m/m|FOMC,Bad|Good,1,0,1,0.0,100.0,0.0,2024-09-06_2024-09-20
0.1,2,Core CPI m/m|FOMC,Neutral|Neutral,4,3,1,75.0,25.0,3.0,2023-09-12_2023-09-26|2023-12-11_2023-12-25|2024-06-08_2024-06-22|2024-11-05_2024-11-19
0.1,2,Core CPI m/m|FOMC,Neutral|Good,1,0,1,0.0,100.0,0.0,2024-09-06_2024-09-20
0.2,2,Core CPI m/m|FOMC,Neutral|Neutral,4,3,1,75.0,25.0,3.0,2023-09-12_2023-09-26|2023-12-11_2023-12-25|2024-06-08_2024-06-22|2024-11-05_2024-11-19
0.2,2,Core CPI m/m|FOMC,Neutral|Good,1,0,1,0.0,100.0,0.0,2024-09-06_2024-09-20
0.3,2,Core CPI m/m|FOMC,Neutral|Neutral,5,3,2,60.0,40.0,1.5,2023-09-12_2023-09-26|2023-12-11_2023-12-25|2024-06-08_2024-06-22|2024-09-06_2024-09-20|2024-11-05_2024-11-19
0.0,2,Core CPI m/m|CPI y/y,Bad|Neutral,5,3,2,60.0,40.0,1.5,2018-01-11_2018-01-25|2018-06-10_2018-06-24|2019-07-05_2019-07-19|2023-03-01_2023-03-15|2024-09-06_2024-09-20
0.0,2,Core CPI m/m|CPI y/y,Neutral|Neutral,13,9,4,69.2,30.8,2.25,2018-03-12_2018-03-26|2018-04-11_2018-04-25|2018-07-10_2018-07-24|2018-08-09_2018-08-23|2018-11-07_2018-11-21|2019-01-06_2019-01-20|2020-10-12_2020-10-26|2021-12-06_2021-12-20|2022-03-06_2022-03-20|2022-12-31_2023-01-14|2023-12-11_2023-12-25|2024-11-05_2024-11-19|2025-09-01_2025-09-15
0.0,2,Core CPI m/m|CPI y/y,Good|Good,16,12,4,75.0,25.0,3.0,2018-09-08_2018-09-22|2019-03-07_2019-03-21|2019-10-03_2019-10-17|2020-03-31_2020-04-14|2020-04-30_2020-05-14|2020-05-30_2020-06-13|2020-11-11_2020-11-25|2022-11-01_2022-11-15|2022-12-01_2022-12-15|2023-11-11_2023-11-25|2024-06-08_2024-06-22|2024-07-08_2024-07-22|2025-03-05_2025-03-19|2025-05-04_2025-05-18|2025-06-03_2025-06-17|2025-10-16_2025-10-30
0.0,2,Core CPI m/m|CPI y/y,Neutral|Bad,7,6,1,85.7,14.3,6.0,2019-02-05_2019-02-19|2019-11-02_2019-11-16|2019-12-02_2019-12-16|2021-10-07_2021-10-21|2023-02-14_2023-02-28|2023-10-12_2023-10-26|2024-01-10_2024-01-24
0.0,2,Core CPI m/m|CPI y/y,Good|Bad,4,2,2,50.0,50.0,1.0,2019-04-06_2019-04-20|2021-08-08_2021-08-22|2022-04-05_2022-04-19|2025-07-03_2025-07-17
0.0,2,Core CPI m/m|CPI y/y,Bad|Bad,14,12,2,85.7,14.3,6.0,2019-08-04_2019-08-18|2020-07-29_2020-08-12|2020-08-28_2020-09-11|2021-04-10_2021-04-24|2021-06-09_2021-06-23|2021-07-09_2021-07-23|2021-11-06_2021-11-20|2022-02-04_2022-02-18|2022-07-04_2022-07-18|2022-10-02_2022-10-16|2023-09-12_2023-09-26|2024-03-10_2024-03-24|2024-04-09_2024-04-23|2025-02-03_2025-02-17
0.0,2,Core CPI m/m|CPI y/y,Good|Neutral,4,3,1,75.0,25.0,3.0,2020-01-01_2020-01-15|2021-09-07_2021-09-21|2025-01-04_2025-01-18|2025-12-30_2026-01-13
0.0,2,Core CPI m/m|CPI y/y,Neutral|Good,2,0,2,0.0,100.0,0.0,2023-07-29_2023-08-12|2026-02-13_2026-02-27
0.1,2,Core CPI m/m|CPI y/y,Neutral|Neutral,25,17,8,68.0,32.0,2.12,2018-01-11_2018-01-25|2018-03-12_2018-03-26|2018-04-11_2018-04-25|2018-06-10_2018-06-24|2018-07-10_2018-07-24|2018-08-09_2018-08-23|2018-09-08_2018-09-22|2018-11-07_2018-11-21|2019-01-06_2019-01-20|2019-04-06_2019-04-20|2019-07-05_2019-07-19|2020-01-01_2020-01-15|2020-10-12_2020-10-26|2021-12-06_2021-12-20|2022-03-06_2022-03-20|2022-12-31_2023-01-14|2023-03-01_2023-03-15|2023-07-29_2023-08-12|2023-11-11_2023-11-25|2023-12-11_2023-12-25|2024-09-06_2024-09-20|2024-11-05_2024-11-19|2025-01-04_2025-01-18|2025-09-01_2025-09-15|2025-12-30_2026-01-13
0.1,2,Core CPI m/m|CPI y/y,Neutral|Bad,12,10,2,83.3,16.7,5.0,2019-02-05_2019-02-19|2019-08-04_2019-08-18|2019-11-02_2019-11-16|2019-12-02_2019-12-16|2021-04-10_2021-04-24|2021-10-07_2021-10-21|2022-02-04_2022-02-18|2023-02-14_2023-02-28|2023-09-12_2023-09-26|2023-10-12_2023-10-26|2024-01-10_2024-01-24|2025-07-03_2025-07-17
0.1,2,Core CPI m/m|CPI y/y,Neutral|Good,10,6,4,60.0,40.0,1.5,2019-03-07_2019-03-21|2019-10-03_2019-10-17|2020-05-30_2020-06-13|2022-12-01_2022-12-15|2024-06-08_2024-06-22|2024-07-08_2024-07-22|2025-03-05_2025-03-19|2025-05-04_2025-05-18|2025-10-16_2025-10-30|2026-02-13_2026-02-27
0.1,2,Core CPI m/m|CPI y/y,Good|Good,5,4,1,80.0,20.0,4.0,2020-03-31_2020-04-14|2020-04-30_2020-05-14|2020-11-11_2020-11-25|2022-11-01_2022-11-15|2025-06-03_2025-06-17
0.1,2,Core CPI m/m|CPI y/y,Bad|Bad,9,8,1,88.9,11.1,8.0,2020-07-29_2020-08-12|2020-08-28_2020-09-11|2021-06-09_2021-06-23|2021-07-09_2021-07-23|2021-11-06_2021-11-20|2022-07-04_2022-07-18|2024-03-10_2024-03-24|2024-04-09_2024-04-23|2025-02-03_2025-02-17
0.1,2,Core CPI m/m|CPI y/y,Good|Bad,1,0,1,0.0,100.0,0.0,2021-08-08_2021-08-22
0.1,2,Core CPI m/m|CPI y/y,Good|Neutral,2,1,1,50.0,50.0,1.0,2021-09-07_2021-09-21|2022-04-05_2022-04-19
0.1,2,Core CPI m/m|CPI y/y,Bad|Neutral,1,1,0,100.0,0.0,inf,2022-10-02_2022-10-16
0.2,2,Core CPI m/m|CPI y/y,Neutral|Neutral,56,40,16,71.4,28.6,2.5,2018-01-11_2018-01-25|2018-03-12_2018-03-26|2018-04-11_2018-04-25|2018-06-10_2018-06-24|2018-07-10_2018-07-24|2018-08-09_2018-08-23|2018-09-08_2018-09-22|2018-11-07_2018-11-21|2019-01-06_2019-01-20|2019-02-05_2019-02-19|2019-03-07_2019-03-21|2019-04-06_2019-04-20|2019-07-05_2019-07-19|2019-08-04_2019-08-18|2019-10-03_2019-10-17|2019-11-02_2019-11-16|2019-12-02_2019-12-16|2020-01-01_2020-01-15|2020-03-31_2020-04-14|2020-04-30_2020-05-14|2020-05-30_2020-06-13|2020-08-28_2020-09-11|2020-10-12_2020-10-26|2020-11-11_2020-11-25|2021-04-10_2021-04-24|2021-08-08_2021-08-22|2021-09-07_2021-09-21|2021-10-07_2021-10-21|2021-12-06_2021-12-20|2022-03-06_2022-03-20|2022-04-05_2022-04-19|2022-10-02_2022-10-16|2022-12-31_2023-01-14|2023-03-01_2023-03-15|2023-07-29_2023-08-12|2023-09-12_2023-09-26|2023-10-12_2023-10-26|2023-11-11_2023-11-25|2023-12-11_2023-12-25|2024-01-10_2024-01-24|2024-03-10_2024-03-24|2024-04-09_2024-04-23|2024-06-08_2024-06-22|2024-07-08_2024-07-22|2024-09-06_2024-09-20|2024-11-05_2024-11-19|2025-01-04_2025-01-18|2025-02-03_2025-02-17|2025-03-05_2025-03-19|2025-05-04_2025-05-18|2025-06-03_2025-06-17|2025-07-03_2025-07-17|2025-09-01_2025-09-15|2025-10-16_2025-10-30|2025-12-30_2026-01-13|2026-02-13_2026-02-27
0.2,2,Core CPI m/m|CPI y/y,Bad|Bad,2,1,1,50.0,50.0,1.0,2020-07-29_2020-08-12|2021-07-09_2021-07-23
0.2,2,Core CPI m/m|CPI y/y,Neutral|Bad,5,5,0,100.0,0.0,inf,2021-06-09_2021-06-23|2021-11-06_2021-11-20|2022-02-04_2022-02-18|2022-07-04_2022-07-18|2023-02-14_2023-02-28
0.2,2,Core CPI m/m|CPI y/y,Neutral|Good,2,1,1,50.0,50.0,1.0,2022-11-01_2022-11-15|2022-12-01_2022-12-15
0.3,2,Core CPI m/m|CPI y/y,Neutral|Neutral,62,45,17,72.6,27.4,2.65,2018-01-11_2018-01-25|2018-03-12_2018-03-26|2018-04-11_2018-04-25|2018-06-10_2018-06-24|2018-07-10_2018-07-24|2018-08-09_2018-08-23|2018-09-08_2018-09-22|2018-11-07_2018-11-21|2019-01-06_2019-01-20|2019-02-05_2019-02-19|2019-03-07_2019-03-21|2019-04-06_2019-04-20|2019-07-05_2019-07-19|2019-08-04_2019-08-18|2019-10-03_2019-10-17|2019-11-02_2019-11-16|2019-12-02_2019-12-16|2020-01-01_2020-01-15|2020-03-31_2020-04-14|2020-04-30_2020-05-14|2020-05-30_2020-06-13|2020-08-28_2020-09-11|2020-10-12_2020-10-26|2020-11-11_2020-11-25|2021-04-10_2021-04-24|2021-06-09_2021-06-23|2021-08-08_2021-08-22|2021-09-07_2021-09-21|2021-10-07_2021-10-21|2021-11-06_2021-11-20|2021-12-06_2021-12-20|2022-02-04_2022-02-18|2022-03-06_2022-03-20|2022-04-05_2022-04-19|2022-10-02_2022-10-16|2022-11-01_2022-11-15|2022-12-01_2022-12-15|2022-12-31_2023-01-14|2023-02-14_2023-02-28|2023-03-01_2023-03-15|2023-07-29_2023-08-12|2023-09-12_2023-09-26|2023-10-12_2023-10-26|2023-11-11_2023-11-25|2023-12-11_2023-12-25|2024-01-10_2024-01-24|2024-03-10_2024-03-24|2024-04-09_2024-04-23|2024-06-08_2024-06-22|2024-07-08_2024-07-22|2024-09-06_2024-09-20|2024-11-05_2024-11-19|2025-01-04_2025-01-18|2025-02-03_2025-02-17|2025-03-05_2025-03-19|2025-05-04_2025-05-18|2025-06-03_2025-06-17|2025-07-03_2025-07-17|2025-09-01_2025-09-15|2025-10-16_2025-10-30|2025-12-30_2026-01-13|2026-02-13_2026-02-27
0.3,2,Core CPI m/m|CPI y/y,Bad|Bad,2,1,1,50.0,50.0,1.0,2020-07-29_2020-08-12|2021-07-09_2021-07-23
0.3,2,Core CPI m/m|CPI y/y,Neutral|Bad,1,1,0,100.0,0.0,inf,2022-07-04_2022-07-18
0.0,2,PPI m/m|Core PPI m/m,Good|Good,23,18,5,78.3,21.7,3.6,2018-01-11_2018-01-25|2018-08-09_2018-08-23|2018-09-08_2018-09-22|2019-01-06_2019-01-20|2019-03-07_2019-03-21|2019-10-03_2019-10-17|2019-12-02_2019-12-16|2020-01-01_2020-01-15|2020-04-30_2020-05-14|2020-06-29_2020-07-13|2021-10-07_2021-10-21|2022-03-06_2022-03-20|2022-11-01_2022-11-15|2023-03-01_2023-03-15|2023-11-11_2023-11-25|2024-01-10_2024-01-24|2024-06-08_2024-06-22|2025-01-04_2025-01-18|2025-03-05_2025-03-19|2025-05-04_2025-05-18|2025-06-03_2025-06-17|2025-07-03_2025-07-17|2025-09-01_2025-09-15
0.0,2,PPI m/m|Core PPI m/m,Bad|Neutral,5,4,1,80.0,20.0,4.0,2018-03-12_2018-03-26|2020-05-30_2020-06-13|2022-10-02_2022-10-16|2023-09-12_2023-09-26|2025-02-03_2025-02-17
0.0,2,PPI m/m|Core PPI m/m,Bad|Bad,27,15,12,55.6,44.4,1.25,2018-03-27_2018-04-10|2018-06-10_2018-06-24|2018-07-10_2018-07-24|2018-11-07_2018-11-21|2019-04-06_2019-04-20|2019-11-02_2019-11-16|2020-03-31_2020-04-14|2020-07-29_2020-08-12|2020-08-28_2020-09-11|2020-10-12_2020-10-26|2021-03-26_2021-04-09|2021-06-09_2021-06-23|2021-07-09_2021-07-23|2021-08-08_2021-08-22|2021-09-07_2021-09-21|2021-12-06_2021-12-20|2022-02-04_2022-02-18|2022-04-05_2022-04-19|2022-12-01_2022-12-15|2023-02-14_2023-02-28|2023-07-29_2023-08-12|2023-09-27_2023-10-11|2024-03-10_2024-03-24|2024-07-08_2024-07-22|2024-09-06_2024-09-20|2026-01-29_2026-02-12|2026-02-13_2026-02-27
0.0,2,PPI m/m|Core PPI m/m,Good|Bad,1,1,0,100.0,0.0,inf,2019-02-05_2019-02-19
0.0,2,PPI m/m|Core PPI m/m,Neutral|Bad,1,0,1,0.0,100.0,0.0,2019-07-05_2019-07-19
0.0,2,PPI m/m|Core PPI m/m,Neutral|Good,5,5,0,100.0,0.0,inf,2019-08-04_2019-08-18|2021-11-06_2021-11-20|2023-12-11_2023-12-25|2025-11-15_2025-11-29|2026-01-14_2026-01-28
0.0,2,PPI m/m|Core PPI m/m,Bad|Good,2,1,1,50.0,50.0,1.0,2020-11-11_2020-11-25|2022-07-04_2022-07-18
0.0,2,PPI m/m|Core PPI m/m,Good|Neutral,2,1,1,50.0,50.0,1.0,2023-06-14_2023-06-28|2024-04-09_2024-04-23
0.0,2,PPI m/m|Core PPI m/m,Neutral|Neutral,1,1,0,100.0,0.0,inf,2024-11-05_2024-11-19
0.1,2,PPI m/m|Core PPI m/m,Good|Good,17,14,3,82.4,17.6,4.67,2018-01-11_2018-01-25|2018-09-08_2018-09-22|2019-10-03_2019-10-17|2019-12-02_2019-12-16|2020-04-30_2020-05-14|2020-06-29_2020-07-13|2022-03-06_2022-03-20|2022-11-01_2022-11-15|2023-03-01_2023-03-15|2023-11-11_2023-11-25|2024-01-10_2024-01-24|2024-06-08_2024-06-22|2025-01-04_2025-01-18|2025-03-05_2025-03-19|2025-05-04_2025-05-18|2025-07-03_2025-07-17|2025-09-01_2025-09-15
0.1,2,PPI m/m|Core PPI m/m,Neutral|Neutral,13,8,5,61.5,38.5,1.6,2018-03-12_2018-03-26|2018-07-10_2018-07-24|2019-03-07_2019-03-21|2019-07-05_2019-07-19|2020-01-01_2020-01-15|2020-11-11_2020-11-25|2021-09-07_2021-09-21|2021-11-06_2021-11-20|2023-07-29_2023-08-12|2024-04-09_2024-04-23|2024-09-06_2024-09-20|2024-11-05_2024-11-19|2025-11-15_2025-11-29
0.1,2,PPI m/m|Core PPI m/m,Bad|Neutral,11,7,4,63.6,36.4,1.75,2018-03-27_2018-04-10|2018-06-10_2018-06-24|2019-04-06_2019-04-20|2019-11-02_2019-11-16|2020-05-30_2020-06-13|2022-07-04_2022-07-18|2022-10-02_2022-10-16|2023-09-12_2023-09-26|2023-09-27_2023-10-11|2024-03-10_2024-03-24|2025-02-03_2025-02-17
0.1,2,PPI m/m|Core PPI m/m,Good|Neutral,3,1,2,33.3,66.7,0.5,2018-08-09_2018-08-23|2019-02-05_2019-02-19|2023-06-14_2023-06-28
0.1,2,PPI m/m|Core PPI m/m,Bad|Bad,13,9,4,69.2,30.8,2.25,2018-11-07_2018-11-21|2020-07-29_2020-08-12|2020-10-12_2020-10-26|2021-03-26_2021-04-09|2021-06-09_2021-06-23|2021-07-09_2021-07-23|2021-08-08_2021-08-22|2021-12-06_2021-12-20|2022-02-04_2022-02-18|2022-04-05_2022-04-19|2023-02-14_2023-02-28|2026-01-29_2026-02-12|2026-02-13_2026-02-27
0.1,2,PPI m/m|Core PPI m/m,Neutral|Good,6,5,1,83.3,16.7,5.0,2019-01-06_2019-01-20|2019-08-04_2019-08-18|2021-10-07_2021-10-21|2023-12-11_2023-12-25|2025-06-03_2025-06-17|2026-01-14_2026-01-28
0.1,2,PPI m/m|Core PPI m/m,Neutral|Bad,4,2,2,50.0,50.0,1.0,2020-03-31_2020-04-14|2020-08-28_2020-09-11|2022-12-01_2022-12-15|2024-07-08_2024-07-22
0.2,2,PPI m/m|Core PPI m/m,Good|Good,10,8,2,80.0,20.0,4.0,2018-01-11_2018-01-25|2018-09-08_2018-09-22|2019-10-03_2019-10-17|2020-06-29_2020-07-13|2023-03-01_2023-03-15|2023-11-11_2023-11-25|2024-06-08_2024-06-22|2025-03-05_2025-03-19|2025-05-04_2025-05-18|2025-09-01_2025-09-15
0.2,2,PPI m/m|Core PPI m/m,Neutral|Neutral,33,22,11,66.7,33.3,2.0,2018-03-12_2018-03-26|2018-03-27_2018-04-10|2018-06-10_2018-06-24|2018-07-10_2018-07-24|2018-08-09_2018-08-23|2019-02-05_2019-02-19|2019-03-07_2019-03-21|2019-07-05_2019-07-19|2019-11-02_2019-11-16|2020-01-01_2020-01-15|2020-03-31_2020-04-14|2020-08-28_2020-09-11|2020-10-12_2020-10-26|2020-11-11_2020-11-25|2021-09-07_2021-09-21|2021-11-06_2021-11-20|2022-10-02_2022-10-16|2022-12-01_2022-12-15|2023-06-14_2023-06-28|2023-07-29_2023-08-12|2023-09-27_2023-10-11|2023-12-11_2023-12-25|2024-01-10_2024-01-24|2024-04-09_2024-04-23|2024-07-08_2024-07-22|2024-09-06_2024-09-20|2024-11-05_2024-11-19|2025-01-04_2025-01-18|2025-02-03_2025-02-17|2025-06-03_2025-06-17|2025-07-03_2025-07-17|2025-11-15_2025-11-29|2026-01-14_2026-01-28
0.2,2,PPI m/m|Core PPI m/m,Bad|Bad,9,6,3,66.7,33.3,2.0,2018-11-07_2018-11-21|2020-07-29_2020-08-12|2021-03-26_2021-04-09|2021-07-09_2021-07-23|2021-08-08_2021-08-22|2021-12-06_2021-12-20|2022-02-04_2022-02-18|2022-04-05_2022-04-19|2026-01-29_2026-02-12
0.2,2,PPI m/m|Core PPI m/m,Neutral|Good,6,4,2,66.7,33.3,2.0,2019-01-06_2019-01-20|2019-08-04_2019-08-18|2019-12-02_2019-12-16|2021-10-07_2021-10-21|2022-03-06_2022-03-20|2022-11-01_2022-11-15
0.2,2,PPI m/m|Core PPI m/m,Bad|Neutral,7,5,2,71.4,28.6,2.5,2019-04-06_2019-04-20|2020-05-30_2020-06-13|2021-06-09_2021-06-23|2022-07-04_2022-07-18|2023-02-14_2023-02-28|2023-09-12_2023-09-26|2024-03-10_2024-03-24
0.2,2,PPI m/m|Core PPI m/m,Good|Neutral,1,1,0,100.0,0.0,inf,2020-04-30_2020-05-14
0.2,2,PPI m/m|Core PPI m/m,Neutral|Bad,1,0,1,0.0,100.0,0.0,2026-02-13_2026-02-27
0.3,2,PPI m/m|Core PPI m/m,Good|Good,7,5,2,71.4,28.6,2.5,2018-01-11_2018-01-25|2018-09-08_2018-09-22|2019-10-03_2019-10-17|2020-06-29_2020-07-13|2023-03-01_2023-03-15|2025-05-04_2025-05-18|2025-09-01_2025-09-15
0.3,2,PPI m/m|Core PPI m/m,Neutral|Neutral,39,25,14,64.1,35.9,1.79,2018-03-12_2018-03-26|2018-03-27_2018-04-10|2018-06-10_2018-06-24|2018-07-10_2018-07-24|2018-08-09_2018-08-23|2019-02-05_2019-02-19|2019-03-07_2019-03-21|2019-04-06_2019-04-20|2019-07-05_2019-07-19|2019-11-02_2019-11-16|2020-01-01_2020-01-15|2020-03-31_2020-04-14|2020-08-28_2020-09-11|2020-10-12_2020-10-26|2020-11-11_2020-11-25|2021-09-07_2021-09-21|2021-10-07_2021-10-21|2021-11-06_2021-11-20|2022-10-02_2022-10-16|2022-11-01_2022-11-15|2022-12-01_2022-12-15|2023-02-14_2023-02-28|2023-06-14_2023-06-28|2023-07-29_2023-08-12|2023-09-12_2023-09-26|2023-09-27_2023-10-11|2023-12-11_2023-12-25|2024-01-10_2024-01-24|2024-03-10_2024-03-24|2024-04-09_2024-04-23|2024-07-08_2024-07-22|2024-09-06_2024-09-20|2024-11-05_2024-11-19|2025-01-04_2025-01-18|2025-02-03_2025-02-17|2025-06-03_2025-06-17|2025-07-03_2025-07-17|2025-11-15_2025-11-29|2026-01-14_2026-01-28
0.3,2,PPI m/m|Core PPI m/m,Bad|Neutral,5,5,0,100.0,0.0,inf,2018-11-07_2018-11-21|2020-05-30_2020-06-13|2021-06-09_2021-06-23|2021-12-06_2021-12-20|2022-07-04_2022-07-18
0.3,2,PPI m/m|Core PPI m/m,Neutral|Good,5,4,1,80.0,20.0,4.0,2019-01-06_2019-01-20|2019-08-04_2019-08-18|2019-12-02_2019-12-16|2022-03-06_2022-03-20|2025-03-05_2025-03-19
0.3,2,PPI m/m|Core PPI m/m,Good|Neutral,3,3,0,100.0,0.0,inf,2020-04-30_2020-05-14|2023-11-11_2023-11-25|2024-06-08_2024-06-22
0.3,2,PPI m/m|Core PPI m/m,Neutral|Bad,4,2,2,50.0,50.0,1.0,2020-07-29_2020-08-12|2022-04-05_2022-04-19|2026-01-29_2026-02-12|2026-02-13_2026-02-27
0.3,2,PPI m/m|Core PPI m/m,Bad|Bad,4,2,2,50.0,50.0,1.0,2021-03-26_2021-04-09|2021-07-09_2021-07-23|2021-08-08_2021-08-22|2022-02-04_2022-02-18
0.0,2,PPI m/m|FOMC,Good|Neutral,2,1,1,50.0,50.0,1.0,2023-06-14_2023-06-28|2024-06-08_2024-06-22
0.0,2,PPI m/m|FOMC,Bad|Neutral,1,0,1,0.0,100.0,0.0,2023-09-12_2023-09-26
0.0,2,PPI m/m|FOMC,Neutral|Neutral,2,2,0,100.0,0.0,inf,2023-12-11_2023-12-25|2024-11-05_2024-11-19
0.0,2,PPI m/m|FOMC,Bad|Good,1,0,1,0.0,100.0,0.0,2024-09-06_2024-09-20
0.1,2,PPI m/m|FOMC,Good|Neutral,2,1,1,50.0,50.0,1.0,2023-06-14_2023-06-28|2024-06-08_2024-06-22
0.1,2,PPI m/m|FOMC,Bad|Neutral,1,0,1,0.0,100.0,0.0,2023-09-12_2023-09-26
0.1,2,PPI m/m|FOMC,Neutral|Neutral,2,2,0,100.0,0.0,inf,2023-12-11_2023-12-25|2024-11-05_2024-11-19
0.1,2,PPI m/m|FOMC,Neutral|Good,1,0,1,0.0,100.0,0.0,2024-09-06_2024-09-20
0.2,2,PPI m/m|FOMC,Neutral|Neutral,3,2,1,66.7,33.3,2.0,2023-06-14_2023-06-28|2023-12-11_2023-12-25|2024-11-05_2024-11-19
0.2,2,PPI m/m|FOMC,Bad|Neutral,1,0,1,0.0,100.0,0.0,2023-09-12_2023-09-26
0.2,2,PPI m/m|FOMC,Good|Neutral,1,1,0,100.0,0.0,inf,2024-06-08_2024-06-22
0.2,2,PPI m/m|FOMC,Neutral|Good,1,0,1,0.0,100.0,0.0,2024-09-06_2024-09-20
0.3,2,PPI m/m|FOMC,Neutral|Neutral,5,2,3,40.0,60.0,0.67,2023-06-14_2023-06-28|2023-09-12_2023-09-26|2023-12-11_2023-12-25|2024-09-06_2024-09-20|2024-11-05_2024-11-19
0.3,2,PPI m/m|FOMC,Good|Neutral,1,1,0,100.0,0.0,inf,2024-06-08_2024-06-22
0.0,2,PPI m/m|CPI y/y,Good|Neutral,8,6,2,75.0,25.0,3.0,2018-01-11_2018-01-25|2018-08-09_2018-08-23|2019-01-06_2019-01-20|2020-01-01_2020-01-15|2022-03-06_2022-03-20|2023-03-01_2023-03-15|2025-01-04_2025-01-18|2025-09-01_2025-09-15
0.0,2,PPI m/m|CPI y/y,Bad|Neutral,8,6,2,75.0,25.0,3.0,2018-03-12_2018-03-26|2018-06-10_2018-06-24|2018-07-10_2018-07-24|2018-11-07_2018-11-21|2020-10-12_2020-10-26|2021-09-07_2021-09-21|2021-12-06_2021-12-20|2024-09-06_2024-09-20
0.0,2,PPI m/m|CPI y/y,Good|Good,10,9,1,90.0,10.0,9.0,2018-09-08_2018-09-22|2019-03-07_2019-03-21|2019-10-03_2019-10-17|2020-04-30_2020-05-14|2022-11-01_2022-11-15|2023-11-11_2023-11-25|2024-06-08_2024-06-22|2025-03-05_2025-03-19|2025-05-04_2025-05-18|2025-06-03_2025-06-17
0.0,2,PPI m/m|CPI y/y,Good|Bad,6,5,1,83.3,16.7,5.0,2019-02-05_2019-02-19|2019-12-02_2019-12-16|2021-10-07_2021-10-21|2024-01-10_2024-01-24|2024-04-09_2024-04-23|2025-07-03_2025-07-17
0.0,2,PPI m/m|CPI y/y,Bad|Bad,15,11,4,73.3,26.7,2.75,2019-04-06_2019-04-20|2019-11-02_2019-11-16|2020-07-29_2020-08-12|2020-08-28_2020-09-11|2021-06-09_2021-06-23|2021-07-09_2021-07-23|2021-08-08_2021-08-22|2022-02-04_2022-02-18|2022-04-05_2022-04-19|2022-07-04_2022-07-18|2022-10-02_2022-10-16|2023-02-14_2023-02-28|2023-09-12_2023-09-26|2024-03-10_2024-03-24|2025-02-03_2025-02-17
0.0,2,PPI m/m|CPI y/y,Neutral|Neutral,3,2,1,66.7,33.3,2.0,2019-07-05_2019-07-19|2023-12-11_2023-12-25|2024-11-05_2024-11-19
0.0,2,PPI m/m|CPI y/y,Neutral|Bad,2,2,0,100.0,0.0,inf,2019-08-04_2019-08-18|2021-11-06_2021-11-20
0.0,2,PPI m/m|CPI y/y,Bad|Good,7,2,5,28.6,71.4,0.4,2020-03-31_2020-04-14|2020-05-30_2020-06-13|2020-11-11_2020-11-25|2022-12-01_2022-12-15|2023-07-29_2023-08-12|2024-07-08_2024-07-22|2026-02-13_2026-02-27
0.1,2,PPI m/m|CPI y/y,Good|Neutral,8,6,2,75.0,25.0,3.0,2018-01-11_2018-01-25|2018-08-09_2018-08-23|2018-09-08_2018-09-22|2022-03-06_2022-03-20|2023-03-01_2023-03-15|2023-11-11_2023-11-25|2025-01-04_2025-01-18|2025-09-01_2025-09-15
0.1,2,PPI m/m|CPI y/y,Neutral|Neutral,10,6,4,60.0,40.0,1.5,2018-03-12_2018-03-26|2018-07-10_2018-07-24|2019-01-06_2019-01-20|2019-07-05_2019-07-19|2020-01-01_2020-01-15|2021-09-07_2021-09-21|2023-07-29_2023-08-12|2023-12-11_2023-12-25|2024-09-06_2024-09-20|2024-11-05_2024-11-19
0.1,2,PPI m/m|CPI y/y,Bad|Neutral,7,6,1,85.7,14.3,6.0,2018-06-10_2018-06-24|2018-11-07_2018-11-21|2019-04-06_2019-04-20|2020-10-12_2020-10-26|2021-12-06_2021-12-20|2022-04-05_2022-04-19|2022-10-02_2022-10-16
0.1,2,PPI m/m|CPI y/y,Good|Bad,4,4,0,100.0,0.0,inf,2019-02-05_2019-02-19|2019-12-02_2019-12-16|2024-01-10_2024-01-24|2025-07-03_2025-07-17
0.1,2,PPI m/m|CPI y/y,Neutral|Good,6,3,3,50.0,50.0,1.0,2019-03-07_2019-03-21|2020-03-31_2020-04-14|2020-11-11_2020-11-25|2022-12-01_2022-12-15|2024-07-08_2024-07-22|2025-06-03_2025-06-17
0.1,2,PPI m/m|CPI y/y,Neutral|Bad,5,4,1,80.0,20.0,4.0,2019-08-04_2019-08-18|2020-08-28_2020-09-11|2021-10-07_2021-10-21|2021-11-06_2021-11-20|2024-04-09_2024-04-23
0.1,2,PPI m/m|CPI y/y,Good|Good,6,5,1,83.3,16.7,5.0,2019-10-03_2019-10-17|2020-04-30_2020-05-14|2022-11-01_2022-11-15|2024-06-08_2024-06-22|2025-03-05_2025-03-19|2025-05-04_2025-05-18
0.1,2,PPI m/m|CPI y/y,Bad|Bad,11,8,3,72.7,27.3,2.67,2019-11-02_2019-11-16|2020-07-29_2020-08-12|2021-06-09_2021-06-23|2021-07-09_2021-07-23|2021-08-08_2021-08-22|2022-02-04_2022-02-18|2022-07-04_2022-07-18|2023-02-14_2023-02-28|2023-09-12_2023-09-26|2024-03-10_2024-03-24|2025-02-03_2025-02-17
0.1,2,PPI m/m|CPI y/y,Bad|Good,2,1,1,50.0,50.0,1.0,2020-05-30_2020-06-13|2026-02-13_2026-02-27
0.2,2,PPI m/m|CPI y/y,Good|Neutral,10,9,1,90.0,10.0,9.0,2018-01-11_2018-01-25|2018-09-08_2018-09-22|2019-10-03_2019-10-17|2020-04-30_2020-05-14|2023-03-01_2023-03-15|2023-11-11_2023-11-25|2024-06-08_2024-06-22|2025-03-05_2025-03-19|2025-05-04_2025-05-18|2025-09-01_2025-09-15
0.2,2,PPI m/m|CPI y/y,Neutral|Neutral,32,22,10,68.8,31.2,2.2,2018-03-12_2018-03-26|2018-06-10_2018-06-24|2018-07-10_2018-07-24|2018-08-09_2018-08-23|2019-01-06_2019-01-20|2019-02-05_2019-02-19|2019-03-07_2019-03-21|2019-07-05_2019-07-19|2019-08-04_2019-08-18|2019-11-02_2019-11-16|2019-12-02_2019-12-16|2020-01-01_2020-01-15|2020-03-31_2020-04-14|2020-08-28_2020-09-11|2020-10-12_2020-10-26|2020-11-11_2020-11-25|2021-09-07_2021-09-21|2021-10-07_2021-10-21|2022-03-06_2022-03-20|2022-10-02_2022-10-16|2023-07-29_2023-08-12|2023-12-11_2023-12-25|2024-01-10_2024-01-24|2024-04-09_2024-04-23|2024-07-08_2024-07-22|2024-09-06_2024-09-20|2024-11-05_2024-11-19|2025-01-04_2025-01-18|2025-02-03_2025-02-17|2025-06-03_2025-06-17|2025-07-03_2025-07-17|2026-02-13_2026-02-27
0.2,2,PPI m/m|CPI y/y,Bad|Neutral,8,5,3,62.5,37.5,1.67,2018-11-07_2018-11-21|2019-04-06_2019-04-20|2020-05-30_2020-06-13|2021-08-08_2021-08-22|2021-12-06_2021-12-20|2022-04-05_2022-04-19|2023-09-12_2023-09-26|2024-03-10_2024-03-24
0.2,2,PPI m/m|CPI y/y,Bad|Bad,6,5,1,83.3,16.7,5.0,2020-07-29_2020-08-12|2021-06-09_2021-06-23|2021-07-09_2021-07-23|2022-02-04_2022-02-18|2022-07-04_2022-07-18|2023-02-14_2023-02-28
0.2,2,PPI m/m|CPI y/y,Neutral|Bad,1,1,0,100.0,0.0,inf,2021-11-06_2021-11-20
0.2,2,PPI m/m|CPI y/y,Neutral|Good,2,1,1,50.0,50.0,1.0,2022-11-01_2022-11-15|2022-12-01_2022-12-15
0.3,2,PPI m/m|CPI y/y,Good|Neutral,9,8,1,88.9,11.1,8.0,2018-01-11_2018-01-25|2018-09-08_2018-09-22|2019-10-03_2019-10-17|2020-04-30_2020-05-14|2023-03-01_2023-03-15|2023-11-11_2023-11-25|2024-06-08_2024-06-22|2025-05-04_2025-05-18|2025-09-01_2025-09-15
0.3,2,PPI m/m|CPI y/y,Neutral|Neutral,41,28,13,68.3,31.7,2.15,2018-03-12_2018-03-26|2018-06-10_2018-06-24|2018-07-10_2018-07-24|2018-08-09_2018-08-23|2019-01-06_2019-01-20|2019-02-05_2019-02-19|2019-03-07_2019-03-21|2019-04-06_2019-04-20|2019-07-05_2019-07-19|2019-08-04_2019-08-18|2019-11-02_2019-11-16|2019-12-02_2019-12-16|2020-01-01_2020-01-15|2020-03-31_2020-04-14|2020-08-28_2020-09-11|2020-10-12_2020-10-26|2020-11-11_2020-11-25|2021-09-07_2021-09-21|2021-10-07_2021-10-21|2021-11-06_2021-11-20|2022-03-06_2022-03-20|2022-04-05_2022-04-19|2022-10-02_2022-10-16|2022-11-01_2022-11-15|2022-12-01_2022-12-15|2023-02-14_2023-02-28|2023-07-29_2023-08-12|2023-09-12_2023-09-26|2023-12-11_2023-12-25|2024-01-10_2024-01-24|2024-03-10_2024-03-24|2024-04-09_2024-04-23|2024-07-08_2024-07-22|2024-09-06_2024-09-20|2024-11-05_2024-11-19|2025-01-04_2025-01-18|2025-02-03_2025-02-17|2025-03-05_2025-03-19|2025-06-03_2025-06-17|2025-07-03_2025-07-17|2026-02-13_2026-02-27
0.3,2,PPI m/m|CPI y/y,Bad|Neutral,6,5,1,83.3,16.7,5.0,2018-11-07_2018-11-21|2020-05-30_2020-06-13|2021-06-09_2021-06-23|2021-08-08_2021-08-22|2021-12-06_2021-12-20|2022-02-04_2022-02-18
0.3,2,PPI m/m|CPI y/y,Neutral|Bad,1,0,1,0.0,100.0,0.0,2020-07-29_2020-08-12
0.3,2,PPI m/m|CPI y/y,Bad|Bad,2,2,0,100.0,0.0,inf,2021-07-09_2021-07-23|2022-07-04_2022-07-18
0.0,2,Core PPI m/m|FOMC,Neutral|Neutral,3,1,2,33.3,66.7,0.5,2023-06-14_2023-06-28|2023-09-12_2023-09-26|2024-11-05_2024-11-19
0.0,2,Core PPI m/m|FOMC,Good|Neutral,2,2,0,100.0,0.0,inf,2023-12-11_2023-12-25|2024-06-08_2024-06-22
0.0,2,Core PPI m/m|FOMC,Bad|Good,1,0,1,0.0,100.0,0.0,2024-09-06_2024-09-20
0.1,2,Core PPI m/m|FOMC,Neutral|Neutral,3,1,2,33.3,66.7,0.5,2023-06-14_2023-06-28|2023-09-12_2023-09-26|2024-11-05_2024-11-19
0.1,2,Core PPI m/m|FOMC,Good|Neutral,2,2,0,100.0,0.0,inf,2023-12-11_2023-12-25|2024-06-08_2024-06-22
0.1,2,Core PPI m/m|FOMC,Neutral|Good,1,0,1,0.0,100.0,0.0,2024-09-06_2024-09-20
0.2,2,Core PPI m/m|FOMC,Neutral|Neutral,4,2,2,50.0,50.0,1.0,2023-06-14_2023-06-28|2023-09-12_2023-09-26|2023-12-11_2023-12-25|2024-11-05_2024-11-19
0.2,2,Core PPI m/m|FOMC,Good|Neutral,1,1,0,100.0,0.0,inf,2024-06-08_2024-06-22
0.2,2,Core PPI m/m|FOMC,Neutral|Good,1,0,1,0.0,100.0,0.0,2024-09-06_2024-09-20
0.3,2,Core PPI m/m|FOMC,Neutral|Neutral,6,3,3,50.0,50.0,1.0,2023-06-14_2023-06-28|2023-09-12_2023-09-26|2023-12-11_2023-12-25|2024-06-08_2024-06-22|2024-09-06_2024-09-20|2024-11-05_2024-11-19
0.0,2,Core PPI m/m|CPI y/y,Good|Neutral,9,7,2,77.8,22.2,3.5,2018-01-11_2018-01-25|2018-08-09_2018-08-23|2019-01-06_2019-01-20|2020-01-01_2020-01-15|2022-03-06_2022-03-20|2023-03-01_2023-03-15|2023-12-11_2023-12-25|2025-01-04_2025-01-18|2025-09-01_2025-09-15
0.0,2,Core PPI m/m|CPI y/y,Neutral|Neutral,2,2,0,100.0,0.0,inf,2018-03-12_2018-03-26|2024-11-05_2024-11-19
0.0,2,Core PPI m/m|CPI y/y,Bad|Neutral,8,5,3,62.5,37.5,1.67,2018-06-10_2018-06-24|2018-07-10_2018-07-24|2018-11-07_2018-11-21|2019-07-05_2019-07-19|2020-10-12_2020-10-26|2021-09-07_2021-09-21|2021-12-06_2021-12-20|2024-09-06_2024-09-20
0.0,2,Core PPI m/m|CPI y/y,Good|Good,11,9,2,81.8,18.2,4.5,2018-09-08_2018-09-22|2019-03-07_2019-03-21|2019-10-03_2019-10-17|2020-04-30_2020-05-14|2020-11-11_2020-11-25|2022-11-01_2022-11-15|2023-11-11_2023-11-25|2024-06-08_2024-06-22|2025-03-05_2025-03-19|2025-05-04_2025-05-18|2025-06-03_2025-06-17
0.0,2,Core PPI m/m|CPI y/y,Bad|Bad,12,9,3,75.0,25.0,3.0,2019-02-05_2019-02-19|2019-04-06_2019-04-20|2019-11-02_2019-11-16|2020-07-29_2020-08-12|2020-08-28_2020-09-11|2021-06-09_2021-06-23|2021-07-09_2021-07-23|2021-08-08_2021-08-22|2022-02-04_2022-02-18|2022-04-05_2022-04-19|2023-02-14_2023-02-28|2024-03-10_2024-03-24
0.0,2,Core PPI m/m|CPI y/y,Good|Bad,7,6,1,85.7,14.3,6.0,2019-08-04_2019-08-18|2019-12-02_2019-12-16|2021-10-07_2021-10-21|2021-11-06_2021-11-20|2022-07-04_2022-07-18|2024-01-10_2024-01-24|2025-07-03_2025-07-17
0.0,2,Core PPI m/m|CPI y/y,Bad|Good,5,1,4,20.0,80.0,0.25,2020-03-31_2020-04-14|2022-12-01_2022-12-15|2023-07-29_2023-08-12|2024-07-08_2024-07-22|2026-02-13_2026-02-27
0.0,2,Core PPI m/m|CPI y/y,Neutral|Good,1,1,0,100.0,0.0,inf,2020-05-30_2020-06-13
0.0,2,Core PPI m/m|CPI y/y,Neutral|Bad,4,3,1,75.0,25.0,3.0,2022-10-02_2022-10-16|2023-09-12_2023-09-26|2024-04-09_2024-04-23|2025-02-03_2025-02-17
0.1,2,Core PPI m/m|CPI y/y,Good|Neutral,9,8,1,88.9,11.1,8.0,2018-01-11_2018-01-25|2018-09-08_2018-09-22|2019-01-06_2019-01-20|2022-03-06_2022-03-20|2023-03-01_2023-03-15|2023-11-11_2023-11-25|2023-12-11_2023-12-25|2025-01-04_2025-01-18|2025-09-01_2025-09-15
0.1,2,Core PPI m/m|CPI y/y,Neutral|Neutral,12,6,6,50.0,50.0,1.0,2018-03-12_2018-03-26|2018-06-10_2018-06-24|2018-07-10_2018-07-24|2018-08-09_2018-08-23|2019-04-06_2019-04-20|2019-07-05_2019-07-19|2020-01-01_2020-01-15|2021-09-07_2021-09-21|2022-10-02_2022-10-16|2023-07-29_2023-08-12|2024-09-06_2024-09-20|2024-11-05_2024-11-19
0.1,2,Core PPI m/m|CPI y/y,Bad|Neutral,4,4,0,100.0,0.0,inf,2018-11-07_2018-11-21|2020-10-12_2020-10-26|2021-12-06_2021-12-20|2022-04-05_2022-04-19
0.1,2,Core PPI m/m|CPI y/y,Neutral|Bad,8,7,1,87.5,12.5,7.0,2019-02-05_2019-02-19|2019-11-02_2019-11-16|2021-11-06_2021-11-20|2022-07-04_2022-07-18|2023-09-12_2023-09-26|2024-03-10_2024-03-24|2024-04-09_2024-04-23|2025-02-03_2025-02-17
0.1,2,Core PPI m/m|CPI y/y,Neutral|Good,3,2,1,66.7,33.3,2.0,2019-03-07_2019-03-21|2020-05-30_2020-06-13|2020-11-11_2020-11-25
0.1,2,Core PPI m/m|CPI y/y,Good|Bad,5,4,1,80.0,20.0,4.0,2019-08-04_2019-08-18|2019-12-02_2019-12-16|2021-10-07_2021-10-21|2024-01-10_2024-01-24|2025-07-03_2025-07-17
0.1,2,Core PPI m/m|CPI y/y,Good|Good,7,6,1,85.7,14.3,6.0,2019-10-03_2019-10-17|2020-04-30_2020-05-14|2022-11-01_2022-11-15|2024-06-08_2024-06-22|2025-03-05_2025-03-19|2025-05-04_2025-05-18|2025-06-03_2025-06-17
0.1,2,Core PPI m/m|CPI y/y,Bad|Good,4,1,3,25.0,75.0,0.33,2020-03-31_2020-04-14|2022-12-01_2022-12-15|2024-07-08_2024-07-22|2026-02-13_2026-02-27
0.1,2,Core PPI m/m|CPI y/y,Bad|Bad,7,5,2,71.4,28.6,2.5,2020-07-29_2020-08-12|2020-08-28_2020-09-11|2021-06-09_2021-06-23|2021-07-09_2021-07-23|2021-08-08_2021-08-22|2022-02-04_2022-02-18|2023-02-14_2023-02-28
0.2,2,Core PPI m/m|CPI y/y,Good|Neutral,14,11,3,78.6,21.4,3.67,2018-01-11_2018-01-25|2018-09-08_2018-09-22|2019-01-06_2019-01-20|2019-08-04_2019-08-18|2019-10-03_2019-10-17|2019-12-02_2019-12-16|2021-10-07_2021-10-21|2022-03-06_2022-03-20|2023-03-01_2023-03-15|2023-11-11_2023-11-25|2024-06-08_2024-06-22|2025-03-05_2025-03-19|2025-05-04_2025-05-18|2025-09-01_2025-09-15
0.2,2,Core PPI m/m|CPI y/y,Neutral|Neutral,31,22,9,71.0,29.0,2.44,2018-03-12_2018-03-26|2018-06-10_2018-06-24|2018-07-10_2018-07-24|2018-08-09_2018-08-23|2019-02-05_2019-02-19|2019-03-07_2019-03-21|2019-04-06_2019-04-20|2019-07-05_2019-07-19|2019-11-02_2019-11-16|2020-01-01_2020-01-15|2020-03-31_2020-04-14|2020-04-30_2020-05-14|2020-05-30_2020-06-13|2020-08-28_2020-09-11|2020-10-12_2020-10-26|2020-11-11_2020-11-25|2021-09-07_2021-09-21|2022-10-02_2022-10-16|2023-07-29_2023-08-12|2023-09-12_2023-09-26|2023-12-11_2023-12-25|2024-01-10_2024-01-24|2024-03-10_2024-03-24|2024-04-09_2024-04-23|2024-07-08_2024-07-22|2024-09-06_2024-09-20|2024-11-05_2024-11-19|2025-01-04_2025-01-18|2025-02-03_2025-02-17|2025-06-03_2025-06-17|2025-07-03_2025-07-17
0.2,2,Core PPI m/m|CPI y/y,Bad|Neutral,5,3,2,60.0,40.0,1.5,2018-11-07_2018-11-21|2021-08-08_2021-08-22|2021-12-06_2021-12-20|2022-04-05_2022-04-19|2026-02-13_2026-02-27
0.2,2,Core PPI m/m|CPI y/y,Bad|Bad,3,2,1,66.7,33.3,2.0,2020-07-29_2020-08-12|2021-07-09_2021-07-23|2022-02-04_2022-02-18
0.2,2,Core PPI m/m|CPI y/y,Neutral|Bad,4,4,0,100.0,0.0,inf,2021-06-09_2021-06-23|2021-11-06_2021-11-20|2022-07-04_2022-07-18|2023-02-14_2023-02-28
0.2,2,Core PPI m/m|CPI y/y,Good|Good,1,1,0,100.0,0.0,inf,2022-11-01_2022-11-15
0.2,2,Core PPI m/m|CPI y/y,Neutral|Good,1,0,1,0.0,100.0,0.0,2022-12-01_2022-12-15
0.3,2,Core PPI m/m|CPI y/y,Good|Neutral,11,9,2,81.8,18.2,4.5,2018-01-11_2018-01-25|2018-09-08_2018-09-22|2019-01-06_2019-01-20|2019-08-04_2019-08-18|2019-10-03_2019-10-17|2019-12-02_2019-12-16|2022-03-06_2022-03-20|2023-03-01_2023-03-15|2025-03-05_2025-03-19|2025-05-04_2025-05-18|2025-09-01_2025-09-15
0.3,2,Core PPI m/m|CPI y/y,Neutral|Neutral,41,30,11,73.2,26.8,2.73,2018-03-12_2018-03-26|2018-06-10_2018-06-24|2018-07-10_2018-07-24|2018-08-09_2018-08-23|2018-11-07_2018-11-21|2019-02-05_2019-02-19|2019-03-07_2019-03-21|2019-04-06_2019-04-20|2019-07-05_2019-07-19|2019-11-02_2019-11-16|2020-01-01_2020-01-15|2020-03-31_2020-04-14|2020-04-30_2020-05-14|2020-05-30_2020-06-13|2020-08-28_2020-09-11|2020-10-12_2020-10-26|2020-11-11_2020-11-25|2021-06-09_2021-06-23|2021-09-07_2021-09-21|2021-10-07_2021-10-21|2021-11-06_2021-11-20|2021-12-06_2021-12-20|2022-10-02_2022-10-16|2022-11-01_2022-11-15|2022-12-01_2022-12-15|2023-02-14_2023-02-28|2023-07-29_2023-08-12|2023-09-12_2023-09-26|2023-11-11_2023-11-25|2023-12-11_2023-12-25|2024-01-10_2024-01-24|2024-03-10_2024-03-24|2024-04-09_2024-04-23|2024-06-08_2024-06-22|2024-07-08_2024-07-22|2024-09-06_2024-09-20|2024-11-05_2024-11-19|2025-01-04_2025-01-18|2025-02-03_2025-02-17|2025-06-03_2025-06-17|2025-07-03_2025-07-17
0.3,2,Core PPI m/m|CPI y/y,Bad|Bad,2,1,1,50.0,50.0,1.0,2020-07-29_2020-08-12|2021-07-09_2021-07-23
0.3,2,Core PPI m/m|CPI y/y,Bad|Neutral,4,2,2,50.0,50.0,1.0,2021-08-08_2021-08-22|2022-02-04_2022-02-18|2022-04-05_2022-04-19|2026-02-13_2026-02-27
0.3,2,Core PPI m/m|CPI y/y,Neutral|Bad,1,1,0,100.0,0.0,inf,2022-07-04_2022-07-18
0.0,2,FOMC|CPI y/y,Neutral|Bad,1,0,1,0.0,100.0,0.0,2023-09-12_2023-09-26
0.0,2,FOMC|CPI y/y,Neutral|Neutral,2,2,0,100.0,0.0,inf,2023-12-11_2023-12-25|2024-11-05_2024-11-19
0.0,2,FOMC|CPI y/y,Neutral|Good,1,1,0,100.0,0.0,inf,2024-06-08_2024-06-22
0.0,2,FOMC|CPI y/y,Good|Neutral,1,0,1,0.0,100.0,0.0,2024-09-06_2024-09-20
0.1,2,FOMC|CPI y/y,Neutral|Bad,1,0,1,0.0,100.0,0.0,2023-09-12_2023-09-26
0.1,2,FOMC|CPI y/y,Neutral|Neutral,2,2,0,100.0,0.0,inf,2023-12-11_2023-12-25|2024-11-05_2024-11-19
0.1,2,FOMC|CPI y/y,Neutral|Good,1,1,0,100.0,0.0,inf,2024-06-08_2024-06-22
0.1,2,FOMC|CPI y/y,Good|Neutral,1,0,1,0.0,100.0,0.0,2024-09-06_2024-09-20
0.2,2,FOMC|CPI y/y,Neutral|Neutral,4,3,1,75.0,25.0,3.0,2023-09-12_2023-09-26|2023-12-11_2023-12-25|2024-06-08_2024-06-22|2024-11-05_2024-11-19
0.2,2,FOMC|CPI y/y,Good|Neutral,1,0,1,0.0,100.0,0.0,2024-09-06_2024-09-20
0.3,2,FOMC|CPI y/y,Neutral|Neutral,5,3,2,60.0,40.0,1.5,2023-09-12_2023-09-26|2023-12-11_2023-12-25|2024-06-08_2024-06-22|2024-09-06_2024-09-20|2024-11-05_2024-11-19
