آستانه,تعداد_شاخص‌ها,لیست_شاخص‌ها,الگوی_وضعیت,تعداد_کل_وقوع,تعداد_ضررده,تعداد_سودده,درصد_ضررده,درصد_سودده,نسبت_شانس,دوره‌ها
0.0,1,CPI m/m,Bad,29,16,13,55.2,44.8,1.23,2018-02-05_2018-02-14|2019-04-01_2019-04-10|2019-11-07_2019-11-16|2019-12-07_2019-12-16|2020-07-14_2020-07-23|2020-08-03_2020-08-12|2020-12-01_2020-12-10|2021-04-10_2021-04-19|2021-10-07_2021-10-16|2021-12-06_2021-12-15|2022-01-05_2022-01-14|2022-07-04_2022-07-13|2022-10-12_2022-10-21|2023-10-07_2023-10-16|2023-12-06_2023-12-15|2024-01-05_2024-01-14|2024-02-04_2024-02-13|2024-10-01_2024-10-10|2025-02-08_2025-02-17|2025-09-06_2025-09-15|2020-09-02_2020-09-11|2021-06-09_2021-06-18|2021-07-09_2021-07-18|2021-11-06_2021-11-15|2022-05-05_2022-05-14|2022-06-04_2022-06-13|2024-04-04_2024-04-13|2022-09-12_2022-09-21|2022-02-04_2022-02-13
0.0,1,CPI m/m,Neutral,32,19,13,59.4,40.6,1.46,2018-06-05_2018-06-14|2018-08-04_2018-08-13|2018-11-12_2018-11-21|2018-12-12_2018-12-21|2019-03-12_2019-03-21|2019-06-10_2019-06-19|2019-09-08_2019-09-17|2020-10-12_2020-10-21|2021-02-09_2021-02-18|2022-03-06_2022-03-15|2022-04-05_2022-04-14|2023-02-09_2023-02-18|2023-03-11_2023-03-20|2023-05-10_2023-05-19|2023-08-08_2023-08-17|2023-09-07_2023-09-16|2024-08-12_2024-08-21|2024-09-11_2024-09-20|2024-12-10_2024-12-19|2025-01-09_2025-01-18|2025-07-08_2025-07-17|2026-01-04_2026-01-13|2021-01-10_2021-01-19|2021-03-01_2021-03-10|2021-08-08_2021-08-17|2023-01-10_2023-01-19|2024-11-10_2024-11-19|2025-08-07_2025-08-16|2024-03-05_2024-03-14|2019-01-11_2019-01-20|2019-08-09_2019-08-18|2020-01-06_2020-01-15
0.0,1,CPI m/m,Good,27,13,14,48.1,51.9,0.93,2018-09-13_2018-09-22|2018-10-03_2018-10-12|2019-02-10_2019-02-19|2019-10-08_2019-10-17|2020-05-05_2020-05-14|2020-06-04_2020-06-13|2020-11-11_2020-11-20|2022-08-03_2022-08-12|2022-12-11_2022-12-20|2023-04-10_2023-04-19|2023-06-09_2023-06-18|2023-07-09_2023-07-18|2023-11-06_2023-11-15|2024-05-14_2024-05-23|2024-06-03_2024-06-12|2024-07-03_2024-07-12|2025-03-10_2025-03-19|2025-04-09_2025-04-18|2025-06-08_2025-06-17|2025-10-16_2025-10-25|2026-02-13_2026-02-22|2021-09-07_2021-09-16|2022-11-01_2022-11-10|2025-05-09_2025-05-18|2018-05-06_2018-05-15|2018-07-05_2018-07-14|2020-04-05_2020-04-14
0.1,1,CPI m/m,Bad,19,11,8,57.9,42.1,1.38,2018-02-05_2018-02-14|2019-04-01_2019-04-10|2019-11-07_2019-11-16|2020-08-03_2020-08-12|2021-10-07_2021-10-16|2021-12-06_2021-12-15|2022-07-04_2022-07-13|2022-10-12_2022-10-21|2023-10-07_2023-10-16|2025-02-08_2025-02-17|2025-09-06_2025-09-15|2020-09-02_2020-09-11|2021-06-09_2021-06-18|2021-07-09_2021-07-18|2021-11-06_2021-11-15|2022-06-04_2022-06-13|2024-04-04_2024-04-13|2022-09-12_2022-09-21|2022-02-04_2022-02-13
0.1,1,CPI m/m,Neutral,59,33,26,55.9,44.1,1.27,2018-06-05_2018-06-14|2018-08-04_2018-08-13|2018-09-13_2018-09-22|2018-10-03_2018-10-12|2018-11-12_2018-11-21|2018-12-12_2018-12-21|2019-02-10_2019-02-19|2019-03-12_2019-03-21|2019-06-10_2019-06-19|2019-09-08_2019-09-17|2019-10-08_2019-10-17|2019-12-07_2019-12-16|2020-06-04_2020-06-13|2020-07-14_2020-07-23|2020-10-12_2020-10-21|2020-11-11_2020-11-20|2020-12-01_2020-12-10|2021-02-09_2021-02-18|2021-04-10_2021-04-19|2022-01-05_2022-01-14|2022-03-06_2022-03-15|2022-04-05_2022-04-14|2023-02-09_2023-02-18|2023-03-11_2023-03-20|2023-04-10_2023-04-19|2023-05-10_2023-05-19|2023-06-09_2023-06-18|2023-07-09_2023-07-18|2023-08-08_2023-08-17|2023-09-07_2023-09-16|2023-11-06_2023-11-15|2023-12-06_2023-12-15|2024-01-05_2024-01-14|2024-02-04_2024-02-13|2024-06-03_2024-06-12|2024-08-12_2024-08-21|2024-09-11_2024-09-20|2024-10-01_2024-10-10|2024-12-10_2024-12-19|2025-01-09_2025-01-18|2025-03-10_2025-03-19|2025-06-08_2025-06-17|2025-07-08_2025-07-17|2026-01-04_2026-01-13|2026-02-13_2026-02-22|2021-01-10_2021-01-19|2021-03-01_2021-03-10|2021-08-08_2021-08-17|2022-05-05_2022-05-14|2023-01-10_2023-01-19|2024-11-10_2024-11-19|2025-05-09_2025-05-18|2025-08-07_2025-08-16|2024-03-05_2024-03-14|2018-05-06_2018-05-15|2018-07-05_2018-07-14|2019-01-11_2019-01-20|2019-08-09_2019-08-18|2020-01-06_2020-01-15
0.1,1,CPI m/m,Good,10,4,6,40.0,60.0,0.67,2020-05-05_2020-05-14|2022-08-03_2022-08-12|2022-12-11_2022-12-20|2024-05-14_2024-05-23|2024-07-03_2024-07-12|2025-04-09_2025-04-18|2025-10-16_2025-10-25|2021-09-07_2021-09-16|2022-11-01_2022-11-10|2020-04-05_2020-04-14
0.2,1,CPI m/m,Neutral,84,46,38,54.8,45.2,1.21,2018-02-05_2018-02-14|2018-06-05_2018-06-14|2018-08-04_2018-08-13|2018-09-13_2018-09-22|2018-10-03_2018-10-12|2018-11-12_2018-11-21|2018-12-12_2018-12-21|2019-02-10_2019-02-19|2019-03-12_2019-03-21|2019-04-01_2019-04-10|2019-06-10_2019-06-19|2019-09-08_2019-09-17|2019-10-08_2019-10-17|2019-11-07_2019-11-16|2019-12-07_2019-12-16|2020-05-05_2020-05-14|2020-06-04_2020-06-13|2020-07-14_2020-07-23|2020-10-12_2020-10-21|2020-11-11_2020-11-20|2020-12-01_2020-12-10|2021-02-09_2021-02-18|2021-04-10_2021-04-19|2021-10-07_2021-10-16|2021-12-06_2021-12-15|2022-01-05_2022-01-14|2022-03-06_2022-03-15|2022-04-05_2022-04-14|2022-07-04_2022-07-13|2022-08-03_2022-08-12|2022-10-12_2022-10-21|2022-12-11_2022-12-20|2023-02-09_2023-02-18|2023-03-11_2023-03-20|2023-04-10_2023-04-19|2023-05-10_2023-05-19|2023-06-09_2023-06-18|2023-07-09_2023-07-18|2023-08-08_2023-08-17|2023-09-07_2023-09-16|2023-10-07_2023-10-16|2023-11-06_2023-11-15|2023-12-06_2023-12-15|2024-01-05_2024-01-14|2024-02-04_2024-02-13|2024-05-14_2024-05-23|2024-06-03_2024-06-12|2024-07-03_2024-07-12|2024-08-12_2024-08-21|2024-09-11_2024-09-20|2024-10-01_2024-10-10|2024-12-10_2024-12-19|2025-01-09_2025-01-18|2025-02-08_2025-02-17|2025-03-10_2025-03-19|2025-04-09_2025-04-18|2025-06-08_2025-06-17|2025-07-08_2025-07-17|2025-09-06_2025-09-15|2025-10-16_2025-10-25|2026-01-04_2026-01-13|2026-02-13_2026-02-22|2020-09-02_2020-09-11|2021-01-10_2021-01-19|2021-03-01_2021-03-10|2021-06-09_2021-06-18|2021-08-08_2021-08-17|2021-09-07_2021-09-16|2022-05-05_2022-05-14|2022-11-01_2022-11-10|2023-01-10_2023-01-19|2024-04-04_2024-04-13|2024-11-10_2024-11-19|2025-05-09_2025-05-18|2025-08-07_2025-08-16|2022-09-12_2022-09-21|2024-03-05_2024-03-14|2018-05-06_2018-05-15|2018-07-05_2018-07-14|2019-01-11_2019-01-20|2019-08-09_2019-08-18|2020-01-06_2020-01-15|2020-04-05_2020-04-14|2022-02-04_2022-02-13
0.2,1,CPI m/m,Bad,4,2,2,50.0,50.0,1.0,2020-08-03_2020-08-12|2021-07-09_2021-07-18|2021-11-06_2021-11-15|2022-06-04_2022-06-13
0.3,1,CPI m/m,Neutral,85,46,39,54.1,45.9,1.18,2018-02-05_2018-02-14|2018-06-05_2018-06-14|2018-08-04_2018-08-13|2018-09-13_2018-09-22|2018-10-03_2018-10-12|2018-11-12_2018-11-21|2018-12-12_2018-12-21|2019-02-10_2019-02-19|2019-03-12_2019-03-21|2019-04-01_2019-04-10|2019-06-10_2019-06-19|2019-09-08_2019-09-17|2019-10-08_2019-10-17|2019-11-07_2019-11-16|2019-12-07_2019-12-16|2020-05-05_2020-05-14|2020-06-04_2020-06-13|2020-07-14_2020-07-23|2020-08-03_2020-08-12|2020-10-12_2020-10-21|2020-11-11_2020-11-20|2020-12-01_2020-12-10|2021-02-09_2021-02-18|2021-04-10_2021-04-19|2021-10-07_2021-10-16|2021-12-06_2021-12-15|2022-01-05_2022-01-14|2022-03-06_2022-03-15|2022-04-05_2022-04-14|2022-07-04_2022-07-13|2022-08-03_2022-08-12|2022-10-12_2022-10-21|2022-12-11_2022-12-20|2023-02-09_2023-02-18|2023-03-11_2023-03-20|2023-04-10_2023-04-19|2023-05-10_2023-05-19|2023-06-09_2023-06-18|2023-07-09_2023-07-18|2023-08-08_2023-08-17|2023-09-07_2023-09-16|2023-10-07_2023-10-16|2023-11-06_2023-11-15|2023-12-06_2023-12-15|2024-01-05_2024-01-14|2024-02-04_2024-02-13|2024-05-14_2024-05-23|2024-06-03_2024-06-12|2024-07-03_2024-07-12|2024-08-12_2024-08-21|2024-09-11_2024-09-20|2024-10-01_2024-10-10|2024-12-10_2024-12-19|2025-01-09_2025-01-18|2025-02-08_2025-02-17|2025-03-10_2025-03-19|2025-04-09_2025-04-18|2025-06-08_2025-06-17|2025-07-08_2025-07-17|2025-09-06_2025-09-15|2025-10-16_2025-10-25|2026-01-04_2026-01-13|2026-02-13_2026-02-22|2020-09-02_2020-09-11|2021-01-10_2021-01-19|2021-03-01_2021-03-10|2021-06-09_2021-06-18|2021-08-08_2021-08-17|2021-09-07_2021-09-16|2022-05-05_2022-05-14|2022-11-01_2022-11-10|2023-01-10_2023-01-19|2024-04-04_2024-04-13|2024-11-10_2024-11-19|2025-05-09_2025-05-18|2025-08-07_2025-08-16|2022-09-12_2022-09-21|2024-03-05_2024-03-14|2018-05-06_2018-05-15|2018-07-05_2018-07-14|2019-01-11_2019-01-20|2019-08-09_2019-08-18|2020-01-06_2020-01-15|2020-04-05_2020-04-14|2022-02-04_2022-02-13
0.3,1,CPI m/m,Bad,3,2,1,66.7,33.3,2.0,2021-07-09_2021-07-18|2021-11-06_2021-11-15|2022-06-04_2022-06-13
0.0,1,Core CPI m/m,Bad,28,17,11,60.7,39.3,1.55,2018-02-05_2018-02-14|2018-06-05_2018-06-14|2019-09-08_2019-09-17|2020-07-14_2020-07-23|2020-08-03_2020-08-12|2020-12-01_2020-12-10|2021-04-10_2021-04-19|2022-01-05_2022-01-14|2022-07-04_2022-07-13|2022-10-12_2022-10-21|2023-03-11_2023-03-20|2023-05-10_2023-05-19|2023-09-07_2023-09-16|2024-02-04_2024-02-13|2024-09-11_2024-09-20|2024-10-01_2024-10-10|2025-02-08_2025-02-17|2020-09-02_2020-09-11|2021-06-09_2021-06-18|2021-07-09_2021-07-18|2021-11-06_2021-11-15|2022-05-05_2022-05-14|2022-06-04_2022-06-13|2024-04-04_2024-04-13|2022-09-12_2022-09-21|2024-03-05_2024-03-14|2019-08-09_2019-08-18|2022-02-04_2022-02-13
0.0,1,Core CPI m/m,Neutral,28,13,15,46.4,53.6,0.87,2018-08-04_2018-08-13|2018-11-12_2018-11-21|2018-12-12_2018-12-21|2019-02-10_2019-02-19|2019-11-07_2019-11-16|2019-12-07_2019-12-16|2020-10-12_2020-10-21|2021-10-07_2021-10-16|2021-12-06_2021-12-15|2022-03-06_2022-03-15|2023-02-09_2023-02-18|2023-04-10_2023-04-19|2023-06-09_2023-06-18|2023-08-08_2023-08-17|2023-10-07_2023-10-16|2023-12-06_2023-12-15|2024-01-05_2024-01-14|2024-05-14_2024-05-23|2024-08-12_2024-08-21|2024-12-10_2024-12-19|2025-09-06_2025-09-15|2026-02-13_2026-02-22|2021-01-10_2021-01-19|2023-01-10_2023-01-19|2024-11-10_2024-11-19|2025-08-07_2025-08-16|2018-07-05_2018-07-14|2019-01-11_2019-01-20
0.0,1,Core CPI m/m,Good,32,18,14,56.2,43.8,1.29,2018-09-13_2018-09-22|2018-10-03_2018-10-12|2019-03-12_2019-03-21|2019-04-01_2019-04-10|2019-06-10_2019-06-19|2019-10-08_2019-10-17|2020-05-05_2020-05-14|2020-06-04_2020-06-13|2020-11-11_2020-11-20|2021-02-09_2021-02-18|2022-04-05_2022-04-14|2022-08-03_2022-08-12|2022-12-11_2022-12-20|2023-07-09_2023-07-18|2023-11-06_2023-11-15|2024-06-03_2024-06-12|2024-07-03_2024-07-12|2025-01-09_2025-01-18|2025-03-10_2025-03-19|2025-04-09_2025-04-18|2025-06-08_2025-06-17|2025-07-08_2025-07-17|2025-10-16_2025-10-25|2026-01-04_2026-01-13|2021-03-01_2021-03-10|2021-08-08_2021-08-17|2021-09-07_2021-09-16|2022-11-01_2022-11-10|2025-05-09_2025-05-18|2018-05-06_2018-05-15|2020-01-06_2020-01-15|2020-04-05_2020-04-14
0.1,1,Core CPI m/m,Neutral,63,32,31,50.8,49.2,1.03,2018-02-05_2018-02-14|2018-06-05_2018-06-14|2018-08-04_2018-08-13|2018-09-13_2018-09-22|2018-10-03_2018-10-12|2018-11-12_2018-11-21|2018-12-12_2018-12-21|2019-02-10_2019-02-19|2019-03-12_2019-03-21|2019-04-01_2019-04-10|2019-06-10_2019-06-19|2019-09-08_2019-09-17|2019-10-08_2019-10-17|2019-11-07_2019-11-16|2019-12-07_2019-12-16|2020-06-04_2020-06-13|2020-07-14_2020-07-23|2020-10-12_2020-10-21|2020-12-01_2020-12-10|2021-04-10_2021-04-19|2021-10-07_2021-10-16|2021-12-06_2021-12-15|2022-01-05_2022-01-14|2022-03-06_2022-03-15|2022-12-11_2022-12-20|2023-02-09_2023-02-18|2023-03-11_2023-03-20|2023-04-10_2023-04-19|2023-06-09_2023-06-18|2023-07-09_2023-07-18|2023-08-08_2023-08-17|2023-09-07_2023-09-16|2023-10-07_2023-10-16|2023-11-06_2023-11-15|2023-12-06_2023-12-15|2024-01-05_2024-01-14|2024-05-14_2024-05-23|2024-06-03_2024-06-12|2024-07-03_2024-07-12|2024-08-12_2024-08-21|2024-09-11_2024-09-20|2024-10-01_2024-10-10|2024-12-10_2024-12-19|2025-01-09_2025-01-18|2025-03-10_2025-03-19|2025-07-08_2025-07-17|2025-09-06_2025-09-15|2025-10-16_2025-10-25|2026-01-04_2026-01-13|2026-02-13_2026-02-22|2021-01-10_2021-01-19|2021-03-01_2021-03-10|2022-06-04_2022-06-13|2023-01-10_2023-01-19|2024-11-10_2024-11-19|2025-05-09_2025-05-18|2025-08-07_2025-08-16|2018-05-06_2018-05-15|2018-07-05_2018-07-14|2019-01-11_2019-01-20|2019-08-09_2019-08-18|2020-01-06_2020-01-15|2022-02-04_2022-02-13
0.1,1,Core CPI m/m,Good,11,6,5,54.5,45.5,1.2,2020-05-05_2020-05-14|2020-11-11_2020-11-20|2021-02-09_2021-02-18|2022-04-05_2022-04-14|2022-08-03_2022-08-12|2025-04-09_2025-04-18|2025-06-08_2025-06-17|2021-08-08_2021-08-17|2021-09-07_2021-09-16|2022-11-01_2022-11-10|2020-04-05_2020-04-14
0.1,1,Core CPI m/m,Bad,14,10,4,71.4,28.6,2.5,2020-08-03_2020-08-12|2022-07-04_2022-07-13|2022-10-12_2022-10-21|2023-05-10_2023-05-19|2024-02-04_2024-02-13|2025-02-08_2025-02-17|2020-09-02_2020-09-11|2021-06-09_2021-06-18|2021-07-09_2021-07-18|2021-11-06_2021-11-15|2022-05-05_2022-05-14|2024-04-04_2024-04-13|2022-09-12_2022-09-21|2024-03-05_2024-03-14
0.2,1,Core CPI m/m,Neutral,85,46,39,54.1,45.9,1.18,2018-02-05_2018-02-14|2018-06-05_2018-06-14|2018-08-04_2018-08-13|2018-09-13_2018-09-22|2018-10-03_2018-10-12|2018-11-12_2018-11-21|2018-12-12_2018-12-21|2019-02-10_2019-02-19|2019-03-12_2019-03-21|2019-04-01_2019-04-10|2019-06-10_2019-06-19|2019-09-08_2019-09-17|2019-10-08_2019-10-17|2019-11-07_2019-11-16|2019-12-07_2019-12-16|2020-05-05_2020-05-14|2020-06-04_2020-06-13|2020-07-14_2020-07-23|2020-10-12_2020-10-21|2020-11-11_2020-11-20|2020-12-01_2020-12-10|2021-02-09_2021-02-18|2021-04-10_2021-04-19|2021-10-07_2021-10-16|2021-12-06_2021-12-15|2022-01-05_2022-01-14|2022-03-06_2022-03-15|2022-04-05_2022-04-14|2022-07-04_2022-07-13|2022-08-03_2022-08-12|2022-10-12_2022-10-21|2022-12-11_2022-12-20|2023-02-09_2023-02-18|2023-03-11_2023-03-20|2023-04-10_2023-04-19|2023-05-10_2023-05-19|2023-06-09_2023-06-18|2023-07-09_2023-07-18|2023-08-08_2023-08-17|2023-09-07_2023-09-16|2023-10-07_2023-10-16|2023-11-06_2023-11-15|2023-12-06_2023-12-15|2024-01-05_2024-01-14|2024-02-04_2024-02-13|2024-05-14_2024-05-23|2024-06-03_2024-06-12|2024-07-03_2024-07-12|2024-08-12_2024-08-21|2024-09-11_2024-09-20|2024-10-01_2024-10-10|2024-12-10_2024-12-19|2025-01-09_2025-01-18|2025-02-08_2025-02-17|2025-03-10_2025-03-19|2025-04-09_2025-04-18|2025-06-08_2025-06-17|2025-07-08_2025-07-17|2025-09-06_2025-09-15|2025-10-16_2025-10-25|2026-01-04_2026-01-13|2026-02-13_2026-02-22|2020-09-02_2020-09-11|2021-01-10_2021-01-19|2021-03-01_2021-03-10|2021-06-09_2021-06-18|2021-08-08_2021-08-17|2021-09-07_2021-09-16|2021-11-06_2021-11-15|2022-05-05_2022-05-14|2022-06-04_2022-06-13|2022-11-01_2022-11-10|2023-01-10_2023-01-19|2024-04-04_2024-04-13|2024-11-10_2024-11-19|2025-05-09_2025-05-18|2025-08-07_2025-08-16|2024-03-05_2024-03-14|2018-05-06_2018-05-15|2018-07-05_2018-07-14|2019-01-11_2019-01-20|2019-08-09_2019-08-18|2020-01-06_2020-01-15|2020-04-05_2020-04-14|2022-02-04_2022-02-13
0.2,1,Core CPI m/m,Bad,3,2,1,66.7,33.3,2.0,2020-08-03_2020-08-12|2021-07-09_2021-07-18|2022-09-12_2022-09-21
0.3,1,Core CPI m/m,Neutral,86,47,39,54.7,45.3,1.21,2018-02-05_2018-02-14|2018-06-05_2018-06-14|2018-08-04_2018-08-13|2018-09-13_2018-09-22|2018-10-03_2018-10-12|2018-11-12_2018-11-21|2018-12-12_2018-12-21|2019-02-10_2019-02-19|2019-03-12_2019-03-21|2019-04-01_2019-04-10|2019-06-10_2019-06-19|2019-09-08_2019-09-17|2019-10-08_2019-10-17|2019-11-07_2019-11-16|2019-12-07_2019-12-16|2020-05-05_2020-05-14|2020-06-04_2020-06-13|2020-07-14_2020-07-23|2020-10-12_2020-10-21|2020-11-11_2020-11-20|2020-12-01_2020-12-10|2021-02-09_2021-02-18|2021-04-10_2021-04-19|2021-10-07_2021-10-16|2021-12-06_2021-12-15|2022-01-05_2022-01-14|2022-03-06_2022-03-15|2022-04-05_2022-04-14|2022-07-04_2022-07-13|2022-08-03_2022-08-12|2022-10-12_2022-10-21|2022-12-11_2022-12-20|2023-02-09_2023-02-18|2023-03-11_2023-03-20|2023-04-10_2023-04-19|2023-05-10_2023-05-19|2023-06-09_2023-06-18|2023-07-09_2023-07-18|2023-08-08_2023-08-17|2023-09-07_2023-09-16|2023-10-07_2023-10-16|2023-11-06_2023-11-15|2023-12-06_2023-12-15|2024-01-05_2024-01-14|2024-02-04_2024-02-13|2024-05-14_2024-05-23|2024-06-03_2024-06-12|2024-07-03_2024-07-12|2024-08-12_2024-08-21|2024-09-11_2024-09-20|2024-10-01_2024-10-10|2024-12-10_2024-12-19|2025-01-09_2025-01-18|2025-02-08_2025-02-17|2025-03-10_2025-03-19|2025-04-09_2025-04-18|2025-06-08_2025-06-17|2025-07-08_2025-07-17|2025-09-06_2025-09-15|2025-10-16_2025-10-25|2026-01-04_2026-01-13|2026-02-13_2026-02-22|2020-09-02_2020-09-11|2021-01-10_2021-01-19|2021-03-01_2021-03-10|2021-06-09_2021-06-18|2021-08-08_2021-08-17|2021-09-07_2021-09-16|2021-11-06_2021-11-15|2022-05-05_2022-05-14|2022-06-04_2022-06-13|2022-11-01_2022-11-10|2023-01-10_2023-01-19|2024-04-04_2024-04-13|2024-11-10_2024-11-19|2025-05-09_2025-05-18|2025-08-07_2025-08-16|2022-09-12_2022-09-21|2024-03-05_2024-03-14|2018-05-06_2018-05-15|2018-07-05_2018-07-14|2019-01-11_2019-01-20|2019-08-09_2019-08-18|2020-01-06_2020-01-15|2020-04-05_2020-04-14|2022-02-04_2022-02-13
0.3,1,Core CPI m/m,Bad,2,1,1,50.0,50.0,1.0,2020-08-03_2020-08-12|2021-07-09_2021-07-18
0.0,1,PPI m/m,Bad,40,24,16,60.0,40.0,1.5,2018-06-05_2018-06-14|2019-04-11_2019-04-20|2019-09-08_2019-09-17|2019-11-07_2019-11-16|2020-02-15_2020-02-24|2020-06-04_2020-06-13|2020-08-03_2020-08-12|2020-10-12_2020-10-21|2020-11-11_2020-11-20|2021-02-09_2021-02-18|2021-03-11_2021-03-20|2021-03-31_2021-04-09|2021-12-06_2021-12-15|2022-02-14_2022-02-23|2022-04-05_2022-04-14|2022-10-12_2022-10-21|2022-12-01_2022-12-10|2023-02-09_2023-02-18|2023-08-08_2023-08-17|2023-09-07_2023-09-16|2023-10-07_2023-10-16|2024-02-14_2024-02-23|2024-05-14_2024-05-23|2024-07-03_2024-07-12|2024-09-11_2024-09-20|2024-12-10_2024-12-19|2025-02-08_2025-02-17|2026-01-24_2026-02-02|2026-02-23_2026-03-04|2020-09-02_2020-09-11|2021-06-09_2021-06-18|2021-07-09_2021-07-18|2021-08-08_2021-08-17|2021-09-07_2021-09-16|2022-07-14_2022-07-23|2025-08-07_2025-08-16|2024-03-05_2024-03-14|2018-07-05_2018-07-14|2018-11-02_2018-11-11|2020-04-05_2020-04-14
0.0,1,PPI m/m,Good,36,18,18,50.0,50.0,1.0,2018-08-04_2018-08-13|2018-09-03_2018-09-12|2019-02-10_2019-02-19|2019-03-12_2019-03-21|2019-10-08_2019-10-17|2019-12-07_2019-12-16|2020-05-05_2020-05-14|2020-07-04_2020-07-13|2021-10-07_2021-10-16|2022-01-05_2022-01-14|2022-03-06_2022-03-15|2022-08-03_2022-08-12|2022-11-11_2022-11-20|2023-03-11_2023-03-20|2023-04-10_2023-04-19|2023-05-10_2023-05-19|2023-06-09_2023-06-18|2023-07-09_2023-07-18|2023-11-06_2023-11-15|2024-01-05_2024-01-14|2024-06-13_2024-06-22|2024-08-12_2024-08-21|2024-10-11_2024-10-20|2025-01-09_2025-01-18|2025-03-10_2025-03-19|2025-04-09_2025-04-18|2025-06-08_2025-06-17|2025-07-08_2025-07-17|2025-09-06_2025-09-15|2021-01-10_2021-01-19|2023-01-10_2023-01-19|2024-04-04_2024-04-13|2025-05-09_2025-05-18|2018-05-06_2018-05-15|2019-01-11_2019-01-20|2020-01-06_2020-01-15
0.0,1,PPI m/m,Neutral,12,5,7,41.7,58.3,0.71,2018-10-03_2018-10-12|2019-06-10_2019-06-19|2020-12-11_2020-12-20|2023-12-06_2023-12-15|2025-11-25_2025-12-04|2026-01-14_2026-01-23|2021-11-06_2021-11-15|2022-05-05_2022-05-14|2022-06-14_2022-06-23|2024-11-10_2024-11-19|2022-09-12_2022-09-21|2019-08-09_2019-08-18
0.1,1,PPI m/m,Bad,29,18,11,62.1,37.9,1.64,2018-06-05_2018-06-14|2019-04-11_2019-04-20|2019-11-07_2019-11-16|2020-02-15_2020-02-24|2020-06-04_2020-06-13|2020-08-03_2020-08-12|2020-10-12_2020-10-21|2021-02-09_2021-02-18|2021-03-31_2021-04-09|2021-12-06_2021-12-15|2022-02-14_2022-02-23|2022-04-05_2022-04-14|2022-10-12_2022-10-21|2023-02-09_2023-02-18|2023-09-07_2023-09-16|2023-10-07_2023-10-16|2024-02-14_2024-02-23|2024-05-14_2024-05-23|2024-12-10_2024-12-19|2025-02-08_2025-02-17|2026-01-24_2026-02-02|2026-02-23_2026-03-04|2021-06-09_2021-06-18|2021-07-09_2021-07-18|2021-08-08_2021-08-17|2022-07-14_2022-07-23|2025-08-07_2025-08-16|2024-03-05_2024-03-14|2018-11-02_2018-11-11
0.1,1,PPI m/m,Good,25,11,14,44.0,56.0,0.79,2018-08-04_2018-08-13|2018-09-03_2018-09-12|2019-02-10_2019-02-19|2019-10-08_2019-10-17|2019-12-07_2019-12-16|2020-05-05_2020-05-14|2020-07-04_2020-07-13|2022-01-05_2022-01-14|2022-03-06_2022-03-15|2022-08-03_2022-08-12|2022-11-11_2022-11-20|2023-03-11_2023-03-20|2023-04-10_2023-04-19|2023-06-09_2023-06-18|2023-11-06_2023-11-15|2024-01-05_2024-01-14|2024-06-13_2024-06-22|2025-01-09_2025-01-18|2025-03-10_2025-03-19|2025-04-09_2025-04-18|2025-07-08_2025-07-17|2025-09-06_2025-09-15|2021-01-10_2021-01-19|2023-01-10_2023-01-19|2025-05-09_2025-05-18
0.1,1,PPI m/m,Neutral,34,18,16,52.9,47.1,1.13,2018-10-03_2018-10-12|2019-03-12_2019-03-21|2019-06-10_2019-06-19|2019-09-08_2019-09-17|2020-11-11_2020-11-20|2020-12-11_2020-12-20|2021-03-11_2021-03-20|2021-10-07_2021-10-16|2022-12-01_2022-12-10|2023-05-10_2023-05-19|2023-07-09_2023-07-18|2023-08-08_2023-08-17|2023-12-06_2023-12-15|2024-07-03_2024-07-12|2024-08-12_2024-08-21|2024-09-11_2024-09-20|2024-10-11_2024-10-20|2025-06-08_2025-06-17|2025-11-25_2025-12-04|2026-01-14_2026-01-23|2020-09-02_2020-09-11|2021-09-07_2021-09-16|2021-11-06_2021-11-15|2022-05-05_2022-05-14|2022-06-14_2022-06-23|2024-04-04_2024-04-13|2024-11-10_2024-11-19|2022-09-12_2022-09-21|2018-05-06_2018-05-15|2018-07-05_2018-07-14|2019-01-11_2019-01-20|2019-08-09_2019-08-18|2020-01-06_2020-01-15|2020-04-05_2020-04-14
0.2,1,PPI m/m,Neutral,55,29,26,52.7,47.3,1.12,2018-06-05_2018-06-14|2018-08-04_2018-08-13|2018-10-03_2018-10-12|2019-02-10_2019-02-19|2019-03-12_2019-03-21|2019-06-10_2019-06-19|2019-09-08_2019-09-17|2019-11-07_2019-11-16|2019-12-07_2019-12-16|2020-10-12_2020-10-21|2020-11-11_2020-11-20|2020-12-11_2020-12-20|2021-03-11_2021-03-20|2021-10-07_2021-10-16|2022-01-05_2022-01-14|2022-03-06_2022-03-15|2022-10-12_2022-10-21|2022-11-11_2022-11-20|2022-12-01_2022-12-10|2023-05-10_2023-05-19|2023-06-09_2023-06-18|2023-07-09_2023-07-18|2023-08-08_2023-08-17|2023-10-07_2023-10-16|2023-12-06_2023-12-15|2024-01-05_2024-01-14|2024-02-14_2024-02-23|2024-05-14_2024-05-23|2024-07-03_2024-07-12|2024-08-12_2024-08-21|2024-09-11_2024-09-20|2024-10-11_2024-10-20|2024-12-10_2024-12-19|2025-01-09_2025-01-18|2025-02-08_2025-02-17|2025-06-08_2025-06-17|2025-07-08_2025-07-17|2025-11-25_2025-12-04|2026-01-14_2026-01-23|2026-02-23_2026-03-04|2020-09-02_2020-09-11|2021-01-10_2021-01-19|2021-09-07_2021-09-16|2021-11-06_2021-11-15|2022-05-05_2022-05-14|2022-06-14_2022-06-23|2024-04-04_2024-04-13|2024-11-10_2024-11-19|2022-09-12_2022-09-21|2018-05-06_2018-05-15|2018-07-05_2018-07-14|2019-01-11_2019-01-20|2019-08-09_2019-08-18|2020-01-06_2020-01-15|2020-04-05_2020-04-14
0.2,1,PPI m/m,Good,14,7,7,50.0,50.0,1.0,2018-09-03_2018-09-12|2019-10-08_2019-10-17|2020-05-05_2020-05-14|2020-07-04_2020-07-13|2022-08-03_2022-08-12|2023-03-11_2023-03-20|2023-04-10_2023-04-19|2023-11-06_2023-11-15|2024-06-13_2024-06-22|2025-03-10_2025-03-19|2025-04-09_2025-04-18|2025-09-06_2025-09-15|2023-01-10_2023-01-19|2025-05-09_2025-05-18
0.2,1,PPI m/m,Bad,19,11,8,57.9,42.1,1.38,2019-04-11_2019-04-20|2020-02-15_2020-02-24|2020-06-04_2020-06-13|2020-08-03_2020-08-12|2021-02-09_2021-02-18|2021-03-31_2021-04-09|2021-12-06_2021-12-15|2022-02-14_2022-02-23|2022-04-05_2022-04-14|2023-02-09_2023-02-18|2023-09-07_2023-09-16|2026-01-24_2026-02-02|2021-06-09_2021-06-18|2021-07-09_2021-07-18|2021-08-08_2021-08-17|2022-07-14_2022-07-23|2025-08-07_2025-08-16|2024-03-05_2024-03-14|2018-11-02_2018-11-11
0.3,1,PPI m/m,Neutral,63,32,31,50.8,49.2,1.03,2018-06-05_2018-06-14|2018-08-04_2018-08-13|2018-10-03_2018-10-12|2019-02-10_2019-02-19|2019-03-12_2019-03-21|2019-04-11_2019-04-20|2019-06-10_2019-06-19|2019-09-08_2019-09-17|2019-11-07_2019-11-16|2019-12-07_2019-12-16|2020-08-03_2020-08-12|2020-10-12_2020-10-21|2020-11-11_2020-11-20|2020-12-11_2020-12-20|2021-03-11_2021-03-20|2021-10-07_2021-10-16|2022-01-05_2022-01-14|2022-03-06_2022-03-15|2022-04-05_2022-04-14|2022-10-12_2022-10-21|2022-11-11_2022-11-20|2022-12-01_2022-12-10|2023-02-09_2023-02-18|2023-05-10_2023-05-19|2023-06-09_2023-06-18|2023-07-09_2023-07-18|2023-08-08_2023-08-17|2023-09-07_2023-09-16|2023-10-07_2023-10-16|2023-12-06_2023-12-15|2024-01-05_2024-01-14|2024-02-14_2024-02-23|2024-05-14_2024-05-23|2024-07-03_2024-07-12|2024-08-12_2024-08-21|2024-09-11_2024-09-20|2024-10-11_2024-10-20|2024-12-10_2024-12-19|2025-01-09_2025-01-18|2025-02-08_2025-02-17|2025-03-10_2025-03-19|2025-06-08_2025-06-17|2025-07-08_2025-07-17|2025-11-25_2025-12-04|2026-01-14_2026-01-23|2026-01-24_2026-02-02|2026-02-23_2026-03-04|2020-09-02_2020-09-11|2021-01-10_2021-01-19|2021-09-07_2021-09-16|2021-11-06_2021-11-15|2022-05-05_2022-05-14|2022-06-14_2022-06-23|2024-04-04_2024-04-13|2024-11-10_2024-11-19|2022-09-12_2022-09-21|2024-03-05_2024-03-14|2018-05-06_2018-05-15|2018-07-05_2018-07-14|2019-01-11_2019-01-20|2019-08-09_2019-08-18|2020-01-06_2020-01-15|2020-04-05_2020-04-14
0.3,1,PPI m/m,Good,13,6,7,46.2,53.8,0.86,2018-09-03_2018-09-12|2019-10-08_2019-10-17|2020-05-05_2020-05-14|2020-07-04_2020-07-13|2022-08-03_2022-08-12|2023-03-11_2023-03-20|2023-04-10_2023-04-19|2023-11-06_2023-11-15|2024-06-13_2024-06-22|2025-04-09_2025-04-18|2025-09-06_2025-09-15|2023-01-10_2023-01-19|2025-05-09_2025-05-18
0.3,1,PPI m/m,Bad,12,9,3,75.0,25.0,3.0,2020-02-15_2020-02-24|2020-06-04_2020-06-13|2021-02-09_2021-02-18|2021-03-31_2021-04-09|2021-12-06_2021-12-15|2022-02-14_2022-02-23|2021-06-09_2021-06-18|2021-07-09_2021-07-18|2021-08-08_2021-08-17|2022-07-14_2022-07-23|2025-08-07_2025-08-16|2018-11-02_2018-11-11
0.0,1,Core PPI m/m,Bad,34,19,15,55.9,44.1,1.27,2018-06-05_2018-06-14|2019-02-10_2019-02-19|2019-04-11_2019-04-20|2019-09-08_2019-09-17|2019-11-07_2019-11-16|2020-02-15_2020-02-24|2020-08-03_2020-08-12|2020-10-12_2020-10-21|2021-02-09_2021-02-18|2021-03-31_2021-04-09|2021-12-06_2021-12-15|2022-02-14_2022-02-23|2022-04-05_2022-04-14|2022-12-01_2022-12-10|2023-02-09_2023-02-18|2023-08-08_2023-08-17|2023-10-07_2023-10-16|2024-02-14_2024-02-23|2024-05-14_2024-05-23|2024-07-03_2024-07-12|2024-09-11_2024-09-20|2026-01-24_2026-02-02|2026-02-23_2026-03-04|2020-09-02_2020-09-11|2021-06-09_2021-06-18|2021-07-09_2021-07-18|2021-08-08_2021-08-17|2021-09-07_2021-09-16|2025-08-07_2025-08-16|2022-09-12_2022-09-21|2024-03-05_2024-03-14|2018-07-05_2018-07-14|2018-11-02_2018-11-11|2020-04-05_2020-04-14
0.0,1,Core PPI m/m,Good,37,16,21,43.2,56.8,0.76,2018-08-04_2018-08-13|2018-09-03_2018-09-12|2019-03-12_2019-03-21|2019-10-08_2019-10-17|2019-12-07_2019-12-16|2020-05-05_2020-05-14|2020-07-04_2020-07-13|2020-11-11_2020-11-20|2020-12-11_2020-12-20|2021-10-07_2021-10-16|2022-03-06_2022-03-15|2022-08-03_2022-08-12|2022-11-11_2022-11-20|2023-03-11_2023-03-20|2023-04-10_2023-04-19|2023-07-09_2023-07-18|2023-11-06_2023-11-15|2023-12-06_2023-12-15|2024-01-05_2024-01-14|2024-06-13_2024-06-22|2024-08-12_2024-08-21|2025-01-09_2025-01-18|2025-03-10_2025-03-19|2025-04-09_2025-04-18|2025-06-08_2025-06-17|2025-07-08_2025-07-17|2025-09-06_2025-09-15|2025-11-25_2025-12-04|2026-01-14_2026-01-23|2021-11-06_2021-11-15|2022-05-05_2022-05-14|2022-06-14_2022-06-23|2022-07-14_2022-07-23|2025-05-09_2025-05-18|2019-01-11_2019-01-20|2019-08-09_2019-08-18|2020-01-06_2020-01-15
0.0,1,Core PPI m/m,Neutral,17,12,5,70.6,29.4,2.4,2018-10-03_2018-10-12|2019-06-10_2019-06-19|2020-06-04_2020-06-13|2021-03-11_2021-03-20|2022-01-05_2022-01-14|2022-10-12_2022-10-21|2023-05-10_2023-05-19|2023-06-09_2023-06-18|2023-09-07_2023-09-16|2024-10-11_2024-10-20|2024-12-10_2024-12-19|2025-02-08_2025-02-17|2021-01-10_2021-01-19|2023-01-10_2023-01-19|2024-04-04_2024-04-13|2024-11-10_2024-11-19|2018-05-06_2018-05-15
0.1,1,Core PPI m/m,Neutral,38,23,15,60.5,39.5,1.53,2018-06-05_2018-06-14|2018-08-04_2018-08-13|2018-10-03_2018-10-12|2019-02-10_2019-02-19|2019-03-12_2019-03-21|2019-04-11_2019-04-20|2019-06-10_2019-06-19|2019-09-08_2019-09-17|2019-11-07_2019-11-16|2020-06-04_2020-06-13|2020-11-11_2020-11-20|2020-12-11_2020-12-20|2021-03-11_2021-03-20|2022-01-05_2022-01-14|2022-10-12_2022-10-21|2023-05-10_2023-05-19|2023-06-09_2023-06-18|2023-07-09_2023-07-18|2023-08-08_2023-08-17|2023-09-07_2023-09-16|2023-10-07_2023-10-16|2024-09-11_2024-09-20|2024-10-11_2024-10-20|2024-12-10_2024-12-19|2025-02-08_2025-02-17|2025-11-25_2025-12-04|2021-01-10_2021-01-19|2021-09-07_2021-09-16|2021-11-06_2021-11-15|2022-06-14_2022-06-23|2022-07-14_2022-07-23|2023-01-10_2023-01-19|2024-04-04_2024-04-13|2024-11-10_2024-11-19|2024-03-05_2024-03-14|2018-05-06_2018-05-15|2018-07-05_2018-07-14|2020-01-06_2020-01-15
0.1,1,Core PPI m/m,Good,27,12,15,44.4,55.6,0.8,2018-09-03_2018-09-12|2019-10-08_2019-10-17|2019-12-07_2019-12-16|2020-05-05_2020-05-14|2020-07-04_2020-07-13|2021-10-07_2021-10-16|2022-03-06_2022-03-15|2022-08-03_2022-08-12|2022-11-11_2022-11-20|2023-03-11_2023-03-20|2023-04-10_2023-04-19|2023-11-06_2023-11-15|2023-12-06_2023-12-15|2024-01-05_2024-01-14|2024-06-13_2024-06-22|2024-08-12_2024-08-21|2025-01-09_2025-01-18|2025-03-10_2025-03-19|2025-04-09_2025-04-18|2025-06-08_2025-06-17|2025-07-08_2025-07-17|2025-09-06_2025-09-15|2026-01-14_2026-01-23|2022-05-05_2022-05-14|2025-05-09_2025-05-18|2019-01-11_2019-01-20|2019-08-09_2019-08-18
0.1,1,Core PPI m/m,Bad,23,12,11,52.2,47.8,1.09,2020-02-15_2020-02-24|2020-08-03_2020-08-12|2020-10-12_2020-10-21|2021-02-09_2021-02-18|2021-03-31_2021-04-09|2021-12-06_2021-12-15|2022-02-14_2022-02-23|2022-04-05_2022-04-14|2022-12-01_2022-12-10|2023-02-09_2023-02-18|2024-02-14_2024-02-23|2024-05-14_2024-05-23|2024-07-03_2024-07-12|2026-01-24_2026-02-02|2026-02-23_2026-03-04|2020-09-02_2020-09-11|2021-06-09_2021-06-18|2021-07-09_2021-07-18|2021-08-08_2021-08-17|2025-08-07_2025-08-16|2022-09-12_2022-09-21|2018-11-02_2018-11-11|2020-04-05_2020-04-14
0.2,1,Core PPI m/m,Neutral,56,33,23,58.9,41.1,1.43,2018-06-05_2018-06-14|2018-08-04_2018-08-13|2018-10-03_2018-10-12|2019-02-10_2019-02-19|2019-03-12_2019-03-21|2019-04-11_2019-04-20|2019-06-10_2019-06-19|2019-09-08_2019-09-17|2019-11-07_2019-11-16|2020-05-05_2020-05-14|2020-06-04_2020-06-13|2020-10-12_2020-10-21|2020-11-11_2020-11-20|2020-12-11_2020-12-20|2021-03-11_2021-03-20|2022-01-05_2022-01-14|2022-08-03_2022-08-12|2022-10-12_2022-10-21|2022-12-01_2022-12-10|2023-02-09_2023-02-18|2023-05-10_2023-05-19|2023-06-09_2023-06-18|2023-07-09_2023-07-18|2023-08-08_2023-08-17|2023-09-07_2023-09-16|2023-10-07_2023-10-16|2023-12-06_2023-12-15|2024-01-05_2024-01-14|2024-07-03_2024-07-12|2024-08-12_2024-08-21|2024-09-11_2024-09-20|2024-10-11_2024-10-20|2024-12-10_2024-12-19|2025-01-09_2025-01-18|2025-02-08_2025-02-17|2025-06-08_2025-06-17|2025-07-08_2025-07-17|2025-11-25_2025-12-04|2026-01-14_2026-01-23|2020-09-02_2020-09-11|2021-01-10_2021-01-19|2021-06-09_2021-06-18|2021-09-07_2021-09-16|2021-11-06_2021-11-15|2022-05-05_2022-05-14|2022-06-14_2022-06-23|2022-07-14_2022-07-23|2023-01-10_2023-01-19|2024-04-04_2024-04-13|2024-11-10_2024-11-19|2022-09-12_2022-09-21|2024-03-05_2024-03-14|2018-05-06_2018-05-15|2018-07-05_2018-07-14|2020-01-06_2020-01-15|2020-04-05_2020-04-14
0.2,1,Core PPI m/m,Good,17,7,10,41.2,58.8,0.7,2018-09-03_2018-09-12|2019-10-08_2019-10-17|2019-12-07_2019-12-16|2020-07-04_2020-07-13|2021-10-07_2021-10-16|2022-03-06_2022-03-15|2022-11-11_2022-11-20|2023-03-11_2023-03-20|2023-04-10_2023-04-19|2023-11-06_2023-11-15|2024-06-13_2024-06-22|2025-03-10_2025-03-19|2025-04-09_2025-04-18|2025-09-06_2025-09-15|2025-05-09_2025-05-18|2019-01-11_2019-01-20|2019-08-09_2019-08-18
0.2,1,Core PPI m/m,Bad,15,7,8,46.7,53.3,0.87,2020-02-15_2020-02-24|2020-08-03_2020-08-12|2021-02-09_2021-02-18|2021-03-31_2021-04-09|2021-12-06_2021-12-15|2022-02-14_2022-02-23|2022-04-05_2022-04-14|2024-02-14_2024-02-23|2024-05-14_2024-05-23|2026-01-24_2026-02-02|2026-02-23_2026-03-04|2021-07-09_2021-07-18|2021-08-08_2021-08-17|2025-08-07_2025-08-16|2018-11-02_2018-11-11
0.3,1,Core PPI m/m,Neutral,64,36,28,56.2,43.8,1.29,2018-06-05_2018-06-14|2018-08-04_2018-08-13|2018-10-03_2018-10-12|2019-02-10_2019-02-19|2019-03-12_2019-03-21|2019-04-11_2019-04-20|2019-06-10_2019-06-19|2019-09-08_2019-09-17|2019-11-07_2019-11-16|2020-02-15_2020-02-24|2020-05-05_2020-05-14|2020-06-04_2020-06-13|2020-10-12_2020-10-21|2020-11-11_2020-11-20|2020-12-11_2020-12-20|2021-03-11_2021-03-20|2021-10-07_2021-10-16|2021-12-06_2021-12-15|2022-01-05_2022-01-14|2022-08-03_2022-08-12|2022-10-12_2022-10-21|2022-11-11_2022-11-20|2022-12-01_2022-12-10|2023-02-09_2023-02-18|2023-05-10_2023-05-19|2023-06-09_2023-06-18|2023-07-09_2023-07-18|2023-08-08_2023-08-17|2023-09-07_2023-09-16|2023-10-07_2023-10-16|2023-11-06_2023-11-15|2023-12-06_2023-12-15|2024-01-05_2024-01-14|2024-05-14_2024-05-23|2024-06-13_2024-06-22|2024-07-03_2024-07-12|2024-08-12_2024-08-21|2024-09-11_2024-09-20|2024-10-11_2024-10-20|2024-12-10_2024-12-19|2025-01-09_2025-01-18|2025-02-08_2025-02-17|2025-06-08_2025-06-17|2025-07-08_2025-07-17|2025-11-25_2025-12-04|2026-01-14_2026-01-23|2020-09-02_2020-09-11|2021-01-10_2021-01-19|2021-06-09_2021-06-18|2021-09-07_2021-09-16|2021-11-06_2021-11-15|2022-05-05_2022-05-14|2022-06-14_2022-06-23|2022-07-14_2022-07-23|2023-01-10_2023-01-19|2024-04-04_2024-04-13|2024-11-10_2024-11-19|2022-09-12_2022-09-21|2024-03-05_2024-03-14|2018-05-06_2018-05-15|2018-07-05_2018-07-14|2018-11-02_2018-11-11|2020-01-06_2020-01-15|2020-04-05_2020-04-14
0.3,1,Core PPI m/m,Good,13,6,7,46.2,53.8,0.86,2018-09-03_2018-09-12|2019-10-08_2019-10-17|2019-12-07_2019-12-16|2020-07-04_2020-07-13|2022-03-06_2022-03-15|2023-03-11_2023-03-20|2023-04-10_2023-04-19|2025-03-10_2025-03-19|2025-04-09_2025-04-18|2025-09-06_2025-09-15|2025-05-09_2025-05-18|2019-01-11_2019-01-20|2019-08-09_2019-08-18
0.3,1,Core PPI m/m,Bad,11,5,6,45.5,54.5,0.83,2020-08-03_2020-08-12|2021-02-09_2021-02-18|2021-03-31_2021-04-09|2022-02-14_2022-02-23|2022-04-05_2022-04-14|2024-02-14_2024-02-23|2026-01-24_2026-02-02|2026-02-23_2026-03-04|2021-07-09_2021-07-18|2021-08-08_2021-08-17|2025-08-07_2025-08-16
0.0,1,FOMC,Neutral,12,8,4,66.7,33.3,2.0,2023-03-21_2023-03-30|2023-04-30_2023-05-09|2023-06-09_2023-06-18|2023-07-19_2023-07-28|2023-09-17_2023-09-26|2023-12-06_2023-12-15|2024-06-03_2024-06-12|2024-07-23_2024-08-01|2024-10-31_2024-11-09|2024-12-10_2024-12-19|2025-01-29_2025-02-07|2023-10-27_2023-11-05
0.0,1,FOMC,Good,1,1,0,100.0,0.0,inf,2024-09-11_2024-09-20
0.1,1,FOMC,Neutral,12,8,4,66.7,33.3,2.0,2023-03-21_2023-03-30|2023-04-30_2023-05-09|2023-06-09_2023-06-18|2023-07-19_2023-07-28|2023-09-17_2023-09-26|2023-12-06_2023-12-15|2024-06-03_2024-06-12|2024-07-23_2024-08-01|2024-10-31_2024-11-09|2024-12-10_2024-12-19|2025-01-29_2025-02-07|2023-10-27_2023-11-05
0.1,1,FOMC,Good,1,1,0,100.0,0.0,inf,2024-09-11_2024-09-20
0.2,1,FOMC,Neutral,12,8,4,66.7,33.3,2.0,2023-03-21_2023-03-30|2023-04-30_2023-05-09|2023-06-09_2023-06-18|2023-07-19_2023-07-28|2023-09-17_2023-09-26|2023-12-06_2023-12-15|2024-06-03_2024-06-12|2024-07-23_2024-08-01|2024-10-31_2024-11-09|2024-12-10_2024-12-19|2025-01-29_2025-02-07|2023-10-27_2023-11-05
0.2,1,FOMC,Good,1,1,0,100.0,0.0,inf,2024-09-11_2024-09-20
0.3,1,FOMC,Neutral,13,9,4,69.2,30.8,2.25,2023-03-21_2023-03-30|2023-04-30_2023-05-09|2023-06-09_2023-06-18|2023-07-19_2023-07-28|2023-09-17_2023-09-26|2023-12-06_2023-12-15|2024-06-03_2024-06-12|2024-07-23_2024-08-01|2024-09-11_2024-09-20|2024-10-31_2024-11-09|2024-12-10_2024-12-19|2025-01-29_2025-02-07|2023-10-27_2023-11-05
0.0,1,CPI y/y,Bad,31,18,13,58.1,41.9,1.38,2018-02-05_2018-02-14|2019-02-10_2019-02-19|2019-04-01_2019-04-10|2019-11-07_2019-11-16|2019-12-07_2019-12-16|2020-08-03_2020-08-12|2021-04-10_2021-04-19|2021-10-07_2021-10-16|2022-04-05_2022-04-14|2022-07-04_2022-07-13|2022-10-12_2022-10-21|2023-02-09_2023-02-18|2023-09-07_2023-09-16|2023-10-07_2023-10-16|2024-01-05_2024-01-14|2024-02-04_2024-02-13|2024-10-01_2024-10-10|2025-02-08_2025-02-17|2025-07-08_2025-07-17|2020-09-02_2020-09-11|2021-06-09_2021-06-18|2021-07-09_2021-07-18|2021-08-08_2021-08-17|2021-11-06_2021-11-15|2022-05-05_2022-05-14|2022-06-04_2022-06-13|2024-04-04_2024-04-13|2022-09-12_2022-09-21|2024-03-05_2024-03-14|2019-08-09_2019-08-18|2022-02-04_2022-02-13
0.0,1,CPI y/y,Neutral,28,17,11,60.7,39.3,1.55,2018-06-05_2018-06-14|2018-08-04_2018-08-13|2018-11-12_2018-11-21|2018-12-12_2018-12-21|2020-07-14_2020-07-23|2020-10-12_2020-10-21|2020-12-01_2020-12-10|2021-02-09_2021-02-18|2021-12-06_2021-12-15|2022-01-05_2022-01-14|2022-03-06_2022-03-15|2023-03-11_2023-03-20|2023-12-06_2023-12-15|2024-05-14_2024-05-23|2024-09-11_2024-09-20|2024-12-10_2024-12-19|2025-01-09_2025-01-18|2025-09-06_2025-09-15|2026-01-04_2026-01-13|2021-01-10_2021-01-19|2021-03-01_2021-03-10|2021-09-07_2021-09-16|2023-01-10_2023-01-19|2024-11-10_2024-11-19|2018-05-06_2018-05-15|2018-07-05_2018-07-14|2019-01-11_2019-01-20|2020-01-06_2020-01-15
0.0,1,CPI y/y,Good,30,14,16,46.7,53.3,0.87,2018-09-13_2018-09-22|2018-10-03_2018-10-12|2019-03-12_2019-03-21|2019-06-10_2019-06-19|2019-09-08_2019-09-17|2019-10-08_2019-10-17|2020-05-05_2020-05-14|2020-06-04_2020-06-13|2020-11-11_2020-11-20|2022-08-03_2022-08-12|2022-12-11_2022-12-20|2023-04-10_2023-04-19|2023-05-10_2023-05-19|2023-06-09_2023-06-18|2023-07-09_2023-07-18|2023-08-08_2023-08-17|2023-11-06_2023-11-15|2024-06-03_2024-06-12|2024-07-03_2024-07-12|2024-08-12_2024-08-21|2025-03-10_2025-03-19|2025-04-09_2025-04-18|2025-06-08_2025-06-17|2025-10-16_2025-10-25|2025-12-15_2025-12-24|2026-02-13_2026-02-22|2022-11-01_2022-11-10|2025-05-09_2025-05-18|2025-08-07_2025-08-16|2020-04-05_2020-04-14
0.1,1,CPI y/y,Bad,28,17,11,60.7,39.3,1.55,2018-02-05_2018-02-14|2019-02-10_2019-02-19|2019-11-07_2019-11-16|2019-12-07_2019-12-16|2020-08-03_2020-08-12|2021-04-10_2021-04-19|2021-10-07_2021-10-16|2022-07-04_2022-07-13|2023-02-09_2023-02-18|2023-09-07_2023-09-16|2023-10-07_2023-10-16|2024-01-05_2024-01-14|2024-02-04_2024-02-13|2024-10-01_2024-10-10|2025-02-08_2025-02-17|2025-07-08_2025-07-17|2020-09-02_2020-09-11|2021-06-09_2021-06-18|2021-07-09_2021-07-18|2021-08-08_2021-08-17|2021-11-06_2021-11-15|2022-05-05_2022-05-14|2022-06-04_2022-06-13|2024-04-04_2024-04-13|2022-09-12_2022-09-21|2024-03-05_2024-03-14|2019-08-09_2019-08-18|2022-02-04_2022-02-13
0.1,1,CPI y/y,Neutral,39,22,17,56.4,43.6,1.29,2018-06-05_2018-06-14|2018-08-04_2018-08-13|2018-09-13_2018-09-22|2018-11-12_2018-11-21|2018-12-12_2018-12-21|2019-04-01_2019-04-10|2019-06-10_2019-06-19|2020-07-14_2020-07-23|2020-10-12_2020-10-21|2020-12-01_2020-12-10|2021-02-09_2021-02-18|2021-12-06_2021-12-15|2022-01-05_2022-01-14|2022-03-06_2022-03-15|2022-04-05_2022-04-14|2022-10-12_2022-10-21|2023-03-11_2023-03-20|2023-04-10_2023-04-19|2023-05-10_2023-05-19|2023-06-09_2023-06-18|2023-08-08_2023-08-17|2023-11-06_2023-11-15|2023-12-06_2023-12-15|2024-05-14_2024-05-23|2024-09-11_2024-09-20|2024-12-10_2024-12-19|2025-01-09_2025-01-18|2025-09-06_2025-09-15|2026-01-04_2026-01-13|2021-01-10_2021-01-19|2021-03-01_2021-03-10|2021-09-07_2021-09-16|2023-01-10_2023-01-19|2024-11-10_2024-11-19|2025-08-07_2025-08-16|2018-05-06_2018-05-15|2018-07-05_2018-07-14|2019-01-11_2019-01-20|2020-01-06_2020-01-15
0.1,1,CPI y/y,Good,22,10,12,45.5,54.5,0.83,2018-10-03_2018-10-12|2019-03-12_2019-03-21|2019-09-08_2019-09-17|2019-10-08_2019-10-17|2020-05-05_2020-05-14|2020-06-04_2020-06-13|2020-11-11_2020-11-20|2022-08-03_2022-08-12|2022-12-11_2022-12-20|2023-07-09_2023-07-18|2024-06-03_2024-06-12|2024-07-03_2024-07-12|2024-08-12_2024-08-21|2025-03-10_2025-03-19|2025-04-09_2025-04-18|2025-06-08_2025-06-17|2025-10-16_2025-10-25|2025-12-15_2025-12-24|2026-02-13_2026-02-22|2022-11-01_2022-11-10|2025-05-09_2025-05-18|2020-04-05_2020-04-14
0.2,1,CPI y/y,Bad,12,6,6,50.0,50.0,1.0,2018-02-05_2018-02-14|2020-08-03_2020-08-12|2022-07-04_2022-07-13|2023-02-09_2023-02-18|2024-02-04_2024-02-13|2021-06-09_2021-06-18|2021-07-09_2021-07-18|2021-11-06_2021-11-15|2022-05-05_2022-05-14|2022-06-04_2022-06-13|2022-09-12_2022-09-21|2022-02-04_2022-02-13
0.2,1,CPI y/y,Neutral,74,40,34,54.1,45.9,1.18,2018-06-05_2018-06-14|2018-08-04_2018-08-13|2018-09-13_2018-09-22|2018-10-03_2018-10-12|2018-11-12_2018-11-21|2018-12-12_2018-12-21|2019-02-10_2019-02-19|2019-03-12_2019-03-21|2019-04-01_2019-04-10|2019-06-10_2019-06-19|2019-09-08_2019-09-17|2019-10-08_2019-10-17|2019-11-07_2019-11-16|2019-12-07_2019-12-16|2020-05-05_2020-05-14|2020-06-04_2020-06-13|2020-07-14_2020-07-23|2020-10-12_2020-10-21|2020-11-11_2020-11-20|2020-12-01_2020-12-10|2021-02-09_2021-02-18|2021-04-10_2021-04-19|2021-10-07_2021-10-16|2021-12-06_2021-12-15|2022-01-05_2022-01-14|2022-03-06_2022-03-15|2022-04-05_2022-04-14|2022-08-03_2022-08-12|2022-10-12_2022-10-21|2023-03-11_2023-03-20|2023-04-10_2023-04-19|2023-05-10_2023-05-19|2023-06-09_2023-06-18|2023-07-09_2023-07-18|2023-08-08_2023-08-17|2023-09-07_2023-09-16|2023-10-07_2023-10-16|2023-11-06_2023-11-15|2023-12-06_2023-12-15|2024-01-05_2024-01-14|2024-05-14_2024-05-23|2024-06-03_2024-06-12|2024-07-03_2024-07-12|2024-08-12_2024-08-21|2024-09-11_2024-09-20|2024-10-01_2024-10-10|2024-12-10_2024-12-19|2025-01-09_2025-01-18|2025-02-08_2025-02-17|2025-03-10_2025-03-19|2025-04-09_2025-04-18|2025-06-08_2025-06-17|2025-07-08_2025-07-17|2025-09-06_2025-09-15|2025-10-16_2025-10-25|2026-01-04_2026-01-13|2026-02-13_2026-02-22|2020-09-02_2020-09-11|2021-01-10_2021-01-19|2021-03-01_2021-03-10|2021-08-08_2021-08-17|2021-09-07_2021-09-16|2023-01-10_2023-01-19|2024-04-04_2024-04-13|2024-11-10_2024-11-19|2025-05-09_2025-05-18|2025-08-07_2025-08-16|2024-03-05_2024-03-14|2018-05-06_2018-05-15|2018-07-05_2018-07-14|2019-01-11_2019-01-20|2019-08-09_2019-08-18|2020-01-06_2020-01-15|2020-04-05_2020-04-14
0.2,1,CPI y/y,Good,3,3,0,100.0,0.0,inf,2022-12-11_2022-12-20|2025-12-15_2025-12-24|2022-11-01_2022-11-10
0.3,1,CPI y/y,Neutral,85,47,38,55.3,44.7,1.24,2018-02-05_2018-02-14|2018-06-05_2018-06-14|2018-08-04_2018-08-13|2018-09-13_2018-09-22|2018-10-03_2018-10-12|2018-11-12_2018-11-21|2018-12-12_2018-12-21|2019-02-10_2019-02-19|2019-03-12_2019-03-21|2019-04-01_2019-04-10|2019-06-10_2019-06-19|2019-09-08_2019-09-17|2019-10-08_2019-10-17|2019-11-07_2019-11-16|2019-12-07_2019-12-16|2020-05-05_2020-05-14|2020-06-04_2020-06-13|2020-07-14_2020-07-23|2020-10-12_2020-10-21|2020-11-11_2020-11-20|2020-12-01_2020-12-10|2021-02-09_2021-02-18|2021-04-10_2021-04-19|2021-10-07_2021-10-16|2021-12-06_2021-12-15|2022-01-05_2022-01-14|2022-03-06_2022-03-15|2022-04-05_2022-04-14|2022-08-03_2022-08-12|2022-10-12_2022-10-21|2022-12-11_2022-12-20|2023-02-09_2023-02-18|2023-03-11_2023-03-20|2023-04-10_2023-04-19|2023-05-10_2023-05-19|2023-06-09_2023-06-18|2023-07-09_2023-07-18|2023-08-08_2023-08-17|2023-09-07_2023-09-16|2023-10-07_2023-10-16|2023-11-06_2023-11-15|2023-12-06_2023-12-15|2024-01-05_2024-01-14|2024-02-04_2024-02-13|2024-05-14_2024-05-23|2024-06-03_2024-06-12|2024-07-03_2024-07-12|2024-08-12_2024-08-21|2024-09-11_2024-09-20|2024-10-01_2024-10-10|2024-12-10_2024-12-19|2025-01-09_2025-01-18|2025-02-08_2025-02-17|2025-03-10_2025-03-19|2025-04-09_2025-04-18|2025-06-08_2025-06-17|2025-07-08_2025-07-17|2025-09-06_2025-09-15|2025-10-16_2025-10-25|2026-01-04_2026-01-13|2026-02-13_2026-02-22|2020-09-02_2020-09-11|2021-01-10_2021-01-19|2021-03-01_2021-03-10|2021-06-09_2021-06-18|2021-08-08_2021-08-17|2021-09-07_2021-09-16|2021-11-06_2021-11-15|2022-05-05_2022-05-14|2022-06-04_2022-06-13|2022-11-01_2022-11-10|2023-01-10_2023-01-19|2024-04-04_2024-04-13|2024-11-10_2024-11-19|2025-05-09_2025-05-18|2025-08-07_2025-08-16|2022-09-12_2022-09-21|2024-03-05_2024-03-14|2018-05-06_2018-05-15|2018-07-05_2018-07-14|2019-01-11_2019-01-20|2019-08-09_2019-08-18|2020-01-06_2020-01-15|2020-04-05_2020-04-14|2022-02-04_2022-02-13
0.3,1,CPI y/y,Bad,3,1,2,33.3,66.7,0.5,2020-08-03_2020-08-12|2022-07-04_2022-07-13|2021-07-09_2021-07-18
0.3,1,CPI y/y,Good,1,1,0,100.0,0.0,inf,2025-12-15_2025-12-24
0.0,2,CPI m/m|Core CPI m/m,Bad|Bad,20,12,8,60.0,40.0,1.5,2018-02-05_2018-02-14|2020-07-14_2020-07-23|2020-08-03_2020-08-12|2020-12-01_2020-12-10|2021-04-10_2021-04-19|2022-01-05_2022-01-14|2022-07-04_2022-07-13|2022-10-12_2022-10-21|2024-02-04_2024-02-13|2024-10-01_2024-10-10|2025-02-08_2025-02-17|2020-09-02_2020-09-11|2021-06-09_2021-06-18|2021-07-09_2021-07-18|2021-11-06_2021-11-15|2022-05-05_2022-05-14|2022-06-04_2022-06-13|2024-04-04_2024-04-13|2022-09-12_2022-09-21|2022-02-04_2022-02-13
0.0,2,CPI m/m|Core CPI m/m,Neutral|Bad,8,5,3,62.5,37.5,1.67,2018-06-05_2018-06-14|2019-09-08_2019-09-17|2023-03-11_2023-03-20|2023-05-10_2023-05-19|2023-09-07_2023-09-16|2024-09-11_2024-09-20|2024-03-05_2024-03-14|2019-08-09_2019-08-18
0.0,2,CPI m/m|Core CPI m/m,Neutral|Neutral,14,7,7,50.0,50.0,1.0,2018-08-04_2018-08-13|2018-11-12_2018-11-21|2018-12-12_2018-12-21|2020-10-12_2020-10-21|2022-03-06_2022-03-15|2023-02-09_2023-02-18|2023-08-08_2023-08-17|2024-08-12_2024-08-21|2024-12-10_2024-12-19|2021-01-10_2021-01-19|2023-01-10_2023-01-19|2024-11-10_2024-11-19|2025-08-07_2025-08-16|2019-01-11_2019-01-20
0.0,2,CPI m/m|Core CPI m/m,Good|Good,21,11,10,52.4,47.6,1.1,2018-09-13_2018-09-22|2018-10-03_2018-10-12|2019-10-08_2019-10-17|2020-05-05_2020-05-14|2020-06-04_2020-06-13|2020-11-11_2020-11-20|2022-08-03_2022-08-12|2022-12-11_2022-12-20|2023-07-09_2023-07-18|2023-11-06_2023-11-15|2024-06-03_2024-06-12|2024-07-03_2024-07-12|2025-03-10_2025-03-19|2025-04-09_2025-04-18|2025-06-08_2025-06-17|2025-10-16_2025-10-25|2021-09-07_2021-09-16|2022-11-01_2022-11-10|2025-05-09_2025-05-18|2018-05-06_2018-05-15|2020-04-05_2020-04-14
0.0,2,CPI m/m|Core CPI m/m,Good|Neutral,6,2,4,33.3,66.7,0.5,2019-02-10_2019-02-19|2023-04-10_2023-04-19|2023-06-09_2023-06-18|2024-05-14_2024-05-23|2026-02-13_2026-02-22|2018-07-05_2018-07-14
0.0,2,CPI m/m|Core CPI m/m,Neutral|Good,10,7,3,70.0,30.0,2.33,2019-03-12_2019-03-21|2019-06-10_2019-06-19|2021-02-09_2021-02-18|2022-04-05_2022-04-14|2025-01-09_2025-01-18|2025-07-08_2025-07-17|2026-01-04_2026-01-13|2021-03-01_2021-03-10|2021-08-08_2021-08-17|2020-01-06_2020-01-15
0.0,2,CPI m/m|Core CPI m/m,Bad|Good,1,0,1,0.0,100.0,0.0,2019-04-01_2019-04-10
0.0,2,CPI m/m|Core CPI m/m,Bad|Neutral,8,4,4,50.0,50.0,1.0,2019-11-07_2019-11-16|2019-12-07_2019-12-16|2021-10-07_2021-10-16|2021-12-06_2021-12-15|2023-10-07_2023-10-16|2023-12-06_2023-12-15|2024-01-05_2024-01-14|2025-09-06_2025-09-15
0.1,2,CPI m/m|Core CPI m/m,Bad|Neutral,9,4,5,44.4,55.6,0.8,2018-02-05_2018-02-14|2019-04-01_2019-04-10|2019-11-07_2019-11-16|2021-10-07_2021-10-16|2021-12-06_2021-12-15|2023-10-07_2023-10-16|2025-09-06_2025-09-15|2022-06-04_2022-06-13|2022-02-04_2022-02-13
0.1,2,CPI m/m|Core CPI m/m,Neutral|Neutral,50,27,23,54.0,46.0,1.17,2018-06-05_2018-06-14|2018-08-04_2018-08-13|2018-09-13_2018-09-22|2018-10-03_2018-10-12|2018-11-12_2018-11-21|2018-12-12_2018-12-21|2019-02-10_2019-02-19|2019-03-12_2019-03-21|2019-06-10_2019-06-19|2019-09-08_2019-09-17|2019-10-08_2019-10-17|2019-12-07_2019-12-16|2020-06-04_2020-06-13|2020-07-14_2020-07-23|2020-10-12_2020-10-21|2020-12-01_2020-12-10|2021-04-10_2021-04-19|2022-01-05_2022-01-14|2022-03-06_2022-03-15|2023-02-09_2023-02-18|2023-03-11_2023-03-20|2023-04-10_2023-04-19|2023-06-09_2023-06-18|2023-07-09_2023-07-18|2023-08-08_2023-08-17|2023-09-07_2023-09-16|2023-11-06_2023-11-15|2023-12-06_2023-12-15|2024-01-05_2024-01-14|2024-06-03_2024-06-12|2024-08-12_2024-08-21|2024-09-11_2024-09-20|2024-10-01_2024-10-10|2024-12-10_2024-12-19|2025-01-09_2025-01-18|2025-03-10_2025-03-19|2025-07-08_2025-07-17|2026-01-04_2026-01-13|2026-02-13_2026-02-22|2021-01-10_2021-01-19|2021-03-01_2021-03-10|2023-01-10_2023-01-19|2024-11-10_2024-11-19|2025-05-09_2025-05-18|2025-08-07_2025-08-16|2018-05-06_2018-05-15|2018-07-05_2018-07-14|2019-01-11_2019-01-20|2019-08-09_2019-08-18|2020-01-06_2020-01-15
0.1,2,CPI m/m|Core CPI m/m,Good|Good,6,3,3,50.0,50.0,1.0,2020-05-05_2020-05-14|2022-08-03_2022-08-12|2025-04-09_2025-04-18|2021-09-07_2021-09-16|2022-11-01_2022-11-10|2020-04-05_2020-04-14
0.1,2,CPI m/m|Core CPI m/m,Bad|Bad,10,7,3,70.0,30.0,2.33,2020-08-03_2020-08-12|2022-07-04_2022-07-13|2022-10-12_2022-10-21|2025-02-08_2025-02-17|2020-09-02_2020-09-11|2021-06-09_2021-06-18|2021-07-09_2021-07-18|2021-11-06_2021-11-15|2024-04-04_2024-04-13|2022-09-12_2022-09-21
0.1,2,CPI m/m|Core CPI m/m,Neutral|Good,5,3,2,60.0,40.0,1.5,2020-11-11_2020-11-20|2021-02-09_2021-02-18|2022-04-05_2022-04-14|2025-06-08_2025-06-17|2021-08-08_2021-08-17
0.1,2,CPI m/m|Core CPI m/m,Good|Neutral,4,1,3,25.0,75.0,0.33,2022-12-11_2022-12-20|2024-05-14_2024-05-23|2024-07-03_2024-07-12|2025-10-16_2025-10-25
0.1,2,CPI m/m|Core CPI m/m,Neutral|Bad,4,3,1,75.0,25.0,3.0,2023-05-10_2023-05-19|2024-02-04_2024-02-13|2022-05-05_2022-05-14|2024-03-05_2024-03-14
0.2,2,CPI m/m|Core CPI m/m,Neutral|Neutral,83,45,38,54.2,45.8,1.18,2018-02-05_2018-02-14|2018-06-05_2018-06-14|2018-08-04_2018-08-13|2018-09-13_2018-09-22|2018-10-03_2018-10-12|2018-11-12_2018-11-21|2018-12-12_2018-12-21|2019-02-10_2019-02-19|2019-03-12_2019-03-21|2019-04-01_2019-04-10|2019-06-10_2019-06-19|2019-09-08_2019-09-17|2019-10-08_2019-10-17|2019-11-07_2019-11-16|2019-12-07_2019-12-16|2020-05-05_2020-05-14|2020-06-04_2020-06-13|2020-07-14_2020-07-23|2020-10-12_2020-10-21|2020-11-11_2020-11-20|2020-12-01_2020-12-10|2021-02-09_2021-02-18|2021-04-10_2021-04-19|2021-10-07_2021-10-16|2021-12-06_2021-12-15|2022-01-05_2022-01-14|2022-03-06_2022-03-15|2022-04-05_2022-04-14|2022-07-04_2022-07-13|2022-08-03_2022-08-12|2022-10-12_2022-10-21|2022-12-11_2022-12-20|2023-02-09_2023-02-18|2023-03-11_2023-03-20|2023-04-10_2023-04-19|2023-05-10_2023-05-19|2023-06-09_2023-06-18|2023-07-09_2023-07-18|2023-08-08_2023-08-17|2023-09-07_2023-09-16|2023-10-07_2023-10-16|2023-11-06_2023-11-15|2023-12-06_2023-12-15|2024-01-05_2024-01-14|2024-02-04_2024-02-13|2024-05-14_2024-05-23|2024-06-03_2024-06-12|2024-07-03_2024-07-12|2024-08-12_2024-08-21|2024-09-11_2024-09-20|2024-10-01_2024-10-10|2024-12-10_2024-12-19|2025-01-09_2025-01-18|2025-02-08_2025-02-17|2025-03-10_2025-03-19|2025-04-09_2025-04-18|2025-06-08_2025-06-17|2025-07-08_2025-07-17|2025-09-06_2025-09-15|2025-10-16_2025-10-25|2026-01-04_2026-01-13|2026-02-13_2026-02-22|2020-09-02_2020-09-11|2021-01-10_2021-01-19|2021-03-01_2021-03-10|2021-06-09_2021-06-18|2021-08-08_2021-08-17|2021-09-07_2021-09-16|2022-05-05_2022-05-14|2022-11-01_2022-11-10|2023-01-10_2023-01-19|2024-04-04_2024-04-13|2024-11-10_2024-11-19|2025-05-09_2025-05-18|2025-08-07_2025-08-16|2024-03-05_2024-03-14|2018-05-06_2018-05-15|2018-07-05_2018-07-14|2019-01-11_2019-01-20|2019-08-09_2019-08-18|2020-01-06_2020-01-15|2020-04-05_2020-04-14|2022-02-04_2022-02-13
0.2,2,CPI m/m|Core CPI m/m,Bad|Bad,2,1,1,50.0,50.0,1.0,2020-08-03_2020-08-12|2021-07-09_2021-07-18
0.2,2,CPI m/m|Core CPI m/m,Bad|Neutral,2,1,1,50.0,50.0,1.0,2021-11-06_2021-11-15|2022-06-04_2022-06-13
0.2,2,CPI m/m|Core CPI m/m,Neutral|Bad,1,1,0,100.0,0.0,inf,2022-09-12_2022-09-21
0.3,2,CPI m/m|Core CPI m/m,Neutral|Neutral,84,46,38,54.8,45.2,1.21,2018-02-05_2018-02-14|2018-06-05_2018-06-14|2018-08-04_2018-08-13|2018-09-13_2018-09-22|2018-10-03_2018-10-12|2018-11-12_2018-11-21|2018-12-12_2018-12-21|2019-02-10_2019-02-19|2019-03-12_2019-03-21|2019-04-01_2019-04-10|2019-06-10_2019-06-19|2019-09-08_2019-09-17|2019-10-08_2019-10-17|2019-11-07_2019-11-16|2019-12-07_2019-12-16|2020-05-05_2020-05-14|2020-06-04_2020-06-13|2020-07-14_2020-07-23|2020-10-12_2020-10-21|2020-11-11_2020-11-20|2020-12-01_2020-12-10|2021-02-09_2021-02-18|2021-04-10_2021-04-19|2021-10-07_2021-10-16|2021-12-06_2021-12-15|2022-01-05_2022-01-14|2022-03-06_2022-03-15|2022-04-05_2022-04-14|2022-07-04_2022-07-13|2022-08-03_2022-08-12|2022-10-12_2022-10-21|2022-12-11_2022-12-20|2023-02-09_2023-02-18|2023-03-11_2023-03-20|2023-04-10_2023-04-19|2023-05-10_2023-05-19|2023-06-09_2023-06-18|2023-07-09_2023-07-18|2023-08-08_2023-08-17|2023-09-07_2023-09-16|2023-10-07_2023-10-16|2023-11-06_2023-11-15|2023-12-06_2023-12-15|2024-01-05_2024-01-14|2024-02-04_2024-02-13|2024-05-14_2024-05-23|2024-06-03_2024-06-12|2024-07-03_2024-07-12|2024-08-12_2024-08-21|2024-09-11_2024-09-20|2024-10-01_2024-10-10|2024-12-10_2024-12-19|2025-01-09_2025-01-18|2025-02-08_2025-02-17|2025-03-10_2025-03-19|2025-04-09_2025-04-18|2025-06-08_2025-06-17|2025-07-08_2025-07-17|2025-09-06_2025-09-15|2025-10-16_2025-10-25|2026-01-04_2026-01-13|2026-02-13_2026-02-22|2020-09-02_2020-09-11|2021-01-10_2021-01-19|2021-03-01_2021-03-10|2021-06-09_2021-06-18|2021-08-08_2021-08-17|2021-09-07_2021-09-16|2022-05-05_2022-05-14|2022-11-01_2022-11-10|2023-01-10_2023-01-19|2024-04-04_2024-04-13|2024-11-10_2024-11-19|2025-05-09_2025-05-18|2025-08-07_2025-08-16|2022-09-12_2022-09-21|2024-03-05_2024-03-14|2018-05-06_2018-05-15|2018-07-05_2018-07-14|2019-01-11_2019-01-20|2019-08-09_2019-08-18|2020-01-06_2020-01-15|2020-04-05_2020-04-14|2022-02-04_2022-02-13
0.3,2,CPI m/m|Core CPI m/m,Neutral|Bad,1,0,1,0.0,100.0,0.0,2020-08-03_2020-08-12
0.3,2,CPI m/m|Core CPI m/m,Bad|Bad,1,1,0,100.0,0.0,inf,2021-07-09_2021-07-18
0.3,2,CPI m/m|Core CPI m/m,Bad|Neutral,2,1,1,50.0,50.0,1.0,2021-11-06_2021-11-15|2022-06-04_2022-06-13
0.0,2,CPI m/m|PPI m/m,Neutral|Bad,13,9,4,69.2,30.8,2.25,2018-06-05_2018-06-14|2019-09-08_2019-09-17|2020-10-12_2020-10-21|2021-02-09_2021-02-18|2022-04-05_2022-04-14|2023-02-09_2023-02-18|2023-08-08_2023-08-17|2023-09-07_2023-09-16|2024-09-11_2024-09-20|2024-12-10_2024-12-19|2021-08-08_2021-08-17|2025-08-07_2025-08-16|2024-03-05_2024-03-14
0.0,2,CPI m/m|PPI m/m,Neutral|Good,12,6,6,50.0,50.0,1.0,2018-08-04_2018-08-13|2019-03-12_2019-03-21|2022-03-06_2022-03-15|2023-03-11_2023-03-20|2023-05-10_2023-05-19|2024-08-12_2024-08-21|2025-01-09_2025-01-18|2025-07-08_2025-07-17|2021-01-10_2021-01-19|2023-01-10_2023-01-19|2019-01-11_2019-01-20|2020-01-06_2020-01-15
0.0,2,CPI m/m|PPI m/m,Good|Neutral,1,1,0,100.0,0.0,inf,2018-10-03_2018-10-12
0.0,2,CPI m/m|PPI m/m,Good|Good,13,6,7,46.2,53.8,0.86,2019-02-10_2019-02-19|2019-10-08_2019-10-17|2020-05-05_2020-05-14|2022-08-03_2022-08-12|2023-04-10_2023-04-19|2023-06-09_2023-06-18|2023-07-09_2023-07-18|2023-11-06_2023-11-15|2025-03-10_2025-03-19|2025-04-09_2025-04-18|2025-06-08_2025-06-17|2025-05-09_2025-05-18|2018-05-06_2018-05-15
0.0,2,CPI m/m|PPI m/m,Neutral|Neutral,3,2,1,66.7,33.3,2.0,2019-06-10_2019-06-19|2024-11-10_2024-11-19|2019-08-09_2019-08-18
0.0,2,CPI m/m|PPI m/m,Bad|Bad,9,8,1,88.9,11.1,8.0,2019-11-07_2019-11-16|2020-08-03_2020-08-12|2021-12-06_2021-12-15|2022-10-12_2022-10-21|2023-10-07_2023-10-16|2025-02-08_2025-02-17|2020-09-02_2020-09-11|2021-06-09_2021-06-18|2021-07-09_2021-07-18
0.0,2,CPI m/m|PPI m/m,Bad|Good,6,3,3,50.0,50.0,1.0,2019-12-07_2019-12-16|2021-10-07_2021-10-16|2022-01-05_2022-01-14|2024-01-05_2024-01-14|2025-09-06_2025-09-15|2024-04-04_2024-04-13
0.0,2,CPI m/m|PPI m/m,Good|Bad,7,3,4,42.9,57.1,0.75,2020-06-04_2020-06-13|2020-11-11_2020-11-20|2024-05-14_2024-05-23|2024-07-03_2024-07-12|2021-09-07_2021-09-16|2018-07-05_2018-07-14|2020-04-05_2020-04-14
0.0,2,CPI m/m|PPI m/m,Bad|Neutral,4,2,2,50.0,50.0,1.0,2023-12-06_2023-12-15|2021-11-06_2021-11-15|2022-05-05_2022-05-14|2022-09-12_2022-09-21
0.1,2,CPI m/m|PPI m/m,Neutral|Bad,11,8,3,72.7,27.3,2.67,2018-06-05_2018-06-14|2020-06-04_2020-06-13|2020-10-12_2020-10-21|2021-02-09_2021-02-18|2022-04-05_2022-04-14|2023-02-09_2023-02-18|2023-09-07_2023-09-16|2024-12-10_2024-12-19|2021-08-08_2021-08-17|2025-08-07_2025-08-16|2024-03-05_2024-03-14
0.1,2,CPI m/m|PPI m/m,Neutral|Good,17,8,9,47.1,52.9,0.89,2018-08-04_2018-08-13|2019-02-10_2019-02-19|2019-10-08_2019-10-17|2019-12-07_2019-12-16|2022-01-05_2022-01-14|2022-03-06_2022-03-15|2023-03-11_2023-03-20|2023-04-10_2023-04-19|2023-06-09_2023-06-18|2023-11-06_2023-11-15|2024-01-05_2024-01-14|2025-01-09_2025-01-18|2025-03-10_2025-03-19|2025-07-08_2025-07-17|2021-01-10_2021-01-19|2023-01-10_2023-01-19|2025-05-09_2025-05-18
0.1,2,CPI m/m|PPI m/m,Neutral|Neutral,19,12,7,63.2,36.8,1.71,2018-10-03_2018-10-12|2019-03-12_2019-03-21|2019-06-10_2019-06-19|2019-09-08_2019-09-17|2020-11-11_2020-11-20|2023-05-10_2023-05-19|2023-07-09_2023-07-18|2023-08-08_2023-08-17|2023-12-06_2023-12-15|2024-08-12_2024-08-21|2024-09-11_2024-09-20|2025-06-08_2025-06-17|2022-05-05_2022-05-14|2024-11-10_2024-11-19|2018-05-06_2018-05-15|2018-07-05_2018-07-14|2019-01-11_2019-01-20|2019-08-09_2019-08-18|2020-01-06_2020-01-15
0.1,2,CPI m/m|PPI m/m,Bad|Bad,8,7,1,87.5,12.5,7.0,2019-11-07_2019-11-16|2020-08-03_2020-08-12|2021-12-06_2021-12-15|2022-10-12_2022-10-21|2023-10-07_2023-10-16|2025-02-08_2025-02-17|2021-06-09_2021-06-18|2021-07-09_2021-07-18
0.1,2,CPI m/m|PPI m/m,Good|Good,3,1,2,33.3,66.7,0.5,2020-05-05_2020-05-14|2022-08-03_2022-08-12|2025-04-09_2025-04-18
0.1,2,CPI m/m|PPI m/m,Bad|Neutral,5,3,2,60.0,40.0,1.5,2021-10-07_2021-10-16|2020-09-02_2020-09-11|2021-11-06_2021-11-15|2024-04-04_2024-04-13|2022-09-12_2022-09-21
0.1,2,CPI m/m|PPI m/m,Good|Bad,1,0,1,0.0,100.0,0.0,2024-05-14_2024-05-23
0.1,2,CPI m/m|PPI m/m,Good|Neutral,3,1,2,33.3,66.7,0.5,2024-07-03_2024-07-12|2021-09-07_2021-09-16|2020-04-05_2020-04-14
0.1,2,CPI m/m|PPI m/m,Bad|Good,1,0,1,0.0,100.0,0.0,2025-09-06_2025-09-15
0.2,2,CPI m/m|PPI m/m,Neutral|Neutral,44,27,17,61.4,38.6,1.59,2018-06-05_2018-06-14|2018-08-04_2018-08-13|2018-10-03_2018-10-12|2019-02-10_2019-02-19|2019-03-12_2019-03-21|2019-06-10_2019-06-19|2019-09-08_2019-09-17|2019-11-07_2019-11-16|2019-12-07_2019-12-16|2020-10-12_2020-10-21|2020-11-11_2020-11-20|2021-10-07_2021-10-16|2022-01-05_2022-01-14|2022-03-06_2022-03-15|2022-10-12_2022-10-21|2023-05-10_2023-05-19|2023-06-09_2023-06-18|2023-07-09_2023-07-18|2023-08-08_2023-08-17|2023-10-07_2023-10-16|2023-12-06_2023-12-15|2024-01-05_2024-01-14|2024-05-14_2024-05-23|2024-07-03_2024-07-12|2024-08-12_2024-08-21|2024-09-11_2024-09-20|2024-12-10_2024-12-19|2025-01-09_2025-01-18|2025-02-08_2025-02-17|2025-06-08_2025-06-17|2025-07-08_2025-07-17|2020-09-02_2020-09-11|2021-01-10_2021-01-19|2021-09-07_2021-09-16|2022-05-05_2022-05-14|2024-04-04_2024-04-13|2024-11-10_2024-11-19|2022-09-12_2022-09-21|2018-05-06_2018-05-15|2018-07-05_2018-07-14|2019-01-11_2019-01-20|2019-08-09_2019-08-18|2020-01-06_2020-01-15|2020-04-05_2020-04-14
0.2,2,CPI m/m|PPI m/m,Neutral|Good,11,5,6,45.5,54.5,0.83,2019-10-08_2019-10-17|2020-05-05_2020-05-14|2022-08-03_2022-08-12|2023-03-11_2023-03-20|2023-04-10_2023-04-19|2023-11-06_2023-11-15|2025-03-10_2025-03-19|2025-04-09_2025-04-18|2025-09-06_2025-09-15|2023-01-10_2023-01-19|2025-05-09_2025-05-18
0.2,2,CPI m/m|PPI m/m,Neutral|Bad,10,7,3,70.0,30.0,2.33,2020-06-04_2020-06-13|2021-02-09_2021-02-18|2021-12-06_2021-12-15|2022-04-05_2022-04-14|2023-02-09_2023-02-18|2023-09-07_2023-09-16|2021-06-09_2021-06-18|2021-08-08_2021-08-17|2025-08-07_2025-08-16|2024-03-05_2024-03-14
0.2,2,CPI m/m|PPI m/m,Bad|Bad,2,1,1,50.0,50.0,1.0,2020-08-03_2020-08-12|2021-07-09_2021-07-18
0.2,2,CPI m/m|PPI m/m,Bad|Neutral,1,0,1,0.0,100.0,0.0,2021-11-06_2021-11-15
0.3,2,CPI m/m|PPI m/m,Neutral|Neutral,50,30,20,60.0,40.0,1.5,2018-06-05_2018-06-14|2018-08-04_2018-08-13|2018-10-03_2018-10-12|2019-02-10_2019-02-19|2019-03-12_2019-03-21|2019-06-10_2019-06-19|2019-09-08_2019-09-17|2019-11-07_2019-11-16|2019-12-07_2019-12-16|2020-08-03_2020-08-12|2020-10-12_2020-10-21|2020-11-11_2020-11-20|2021-10-07_2021-10-16|2022-01-05_2022-01-14|2022-03-06_2022-03-15|2022-04-05_2022-04-14|2022-10-12_2022-10-21|2023-02-09_2023-02-18|2023-05-10_2023-05-19|2023-06-09_2023-06-18|2023-07-09_2023-07-18|2023-08-08_2023-08-17|2023-09-07_2023-09-16|2023-10-07_2023-10-16|2023-12-06_2023-12-15|2024-01-05_2024-01-14|2024-05-14_2024-05-23|2024-07-03_2024-07-12|2024-08-12_2024-08-21|2024-09-11_2024-09-20|2024-12-10_2024-12-19|2025-01-09_2025-01-18|2025-02-08_2025-02-17|2025-03-10_2025-03-19|2025-06-08_2025-06-17|2025-07-08_2025-07-17|2020-09-02_2020-09-11|2021-01-10_2021-01-19|2021-09-07_2021-09-16|2022-05-05_2022-05-14|2024-04-04_2024-04-13|2024-11-10_2024-11-19|2022-09-12_2022-09-21|2024-03-05_2024-03-14|2018-05-06_2018-05-15|2018-07-05_2018-07-14|2019-01-11_2019-01-20|2019-08-09_2019-08-18|2020-01-06_2020-01-15|2020-04-05_2020-04-14
0.3,2,CPI m/m|PPI m/m,Neutral|Good,10,4,6,40.0,60.0,0.67,2019-10-08_2019-10-17|2020-05-05_2020-05-14|2022-08-03_2022-08-12|2023-03-11_2023-03-20|2023-04-10_2023-04-19|2023-11-06_2023-11-15|2025-04-09_2025-04-18|2025-09-06_2025-09-15|2023-01-10_2023-01-19|2025-05-09_2025-05-18
0.3,2,CPI m/m|PPI m/m,Neutral|Bad,6,5,1,83.3,16.7,5.0,2020-06-04_2020-06-13|2021-02-09_2021-02-18|2021-12-06_2021-12-15|2021-06-09_2021-06-18|2021-08-08_2021-08-17|2025-08-07_2025-08-16
0.3,2,CPI m/m|PPI m/m,Bad|Bad,1,1,0,100.0,0.0,inf,2021-07-09_2021-07-18
0.3,2,CPI m/m|PPI m/m,Bad|Neutral,1,0,1,0.0,100.0,0.0,2021-11-06_2021-11-15
0.0,2,CPI m/m|Core PPI m/m,Neutral|Bad,11,8,3,72.7,27.3,2.67,2018-06-05_2018-06-14|2019-09-08_2019-09-17|2020-10-12_2020-10-21|2021-02-09_2021-02-18|2022-04-05_2022-04-14|2023-02-09_2023-02-18|2023-08-08_2023-08-17|2024-09-11_2024-09-20|2021-08-08_2021-08-17|2025-08-07_2025-08-16|2024-03-05_2024-03-14
0.0,2,CPI m/m|Core PPI m/m,Neutral|Good,10,5,5,50.0,50.0,1.0,2018-08-04_2018-08-13|2019-03-12_2019-03-21|2022-03-06_2022-03-15|2023-03-11_2023-03-20|2024-08-12_2024-08-21|2025-01-09_2025-01-18|2025-07-08_2025-07-17|2019-01-11_2019-01-20|2019-08-09_2019-08-18|2020-01-06_2020-01-15
0.0,2,CPI m/m|Core PPI m/m,Good|Neutral,4,2,2,50.0,50.0,1.0,2018-10-03_2018-10-12|2020-06-04_2020-06-13|2023-06-09_2023-06-18|2018-05-06_2018-05-15
0.0,2,CPI m/m|Core PPI m/m,Good|Bad,6,2,4,33.3,66.7,0.5,2019-02-10_2019-02-19|2024-05-14_2024-05-23|2024-07-03_2024-07-12|2021-09-07_2021-09-16|2018-07-05_2018-07-14|2020-04-05_2020-04-14
0.0,2,CPI m/m|Core PPI m/m,Neutral|Neutral,7,4,3,57.1,42.9,1.33,2019-06-10_2019-06-19|2023-05-10_2023-05-19|2023-09-07_2023-09-16|2024-12-10_2024-12-19|2021-01-10_2021-01-19|2023-01-10_2023-01-19|2024-11-10_2024-11-19
0.0,2,CPI m/m|Core PPI m/m,Good|Good,11,6,5,54.5,45.5,1.2,2019-10-08_2019-10-17|2020-05-05_2020-05-14|2020-11-11_2020-11-20|2022-08-03_2022-08-12|2023-04-10_2023-04-19|2023-07-09_2023-07-18|2023-11-06_2023-11-15|2025-03-10_2025-03-19|2025-04-09_2025-04-18|2025-06-08_2025-06-17|2025-05-09_2025-05-18
0.0,2,CPI m/m|Core PPI m/m,Bad|Bad,8,7,1,87.5,12.5,7.0,2019-11-07_2019-11-16|2020-08-03_2020-08-12|2021-12-06_2021-12-15|2023-10-07_2023-10-16|2020-09-02_2020-09-11|2021-06-09_2021-06-18|2021-07-09_2021-07-18|2022-09-12_2022-09-21
0.0,2,CPI m/m|Core PPI m/m,Bad|Good,7,2,5,28.6,71.4,0.4,2019-12-07_2019-12-16|2021-10-07_2021-10-16|2023-12-06_2023-12-15|2024-01-05_2024-01-14|2025-09-06_2025-09-15|2021-11-06_2021-11-15|2022-05-05_2022-05-14
0.0,2,CPI m/m|Core PPI m/m,Bad|Neutral,4,4,0,100.0,0.0,inf,2022-01-05_2022-01-14|2022-10-12_2022-10-21|2025-02-08_2025-02-17|2024-04-04_2024-04-13
0.1,2,CPI m/m|Core PPI m/m,Neutral|Neutral,24,14,10,58.3,41.7,1.4,2018-06-05_2018-06-14|2018-08-04_2018-08-13|2018-10-03_2018-10-12|2019-02-10_2019-02-19|2019-03-12_2019-03-21|2019-06-10_2019-06-19|2019-09-08_2019-09-17|2020-06-04_2020-06-13|2020-11-11_2020-11-20|2022-01-05_2022-01-14|2023-05-10_2023-05-19|2023-06-09_2023-06-18|2023-07-09_2023-07-18|2023-08-08_2023-08-17|2023-09-07_2023-09-16|2024-09-11_2024-09-20|2024-12-10_2024-12-19|2021-01-10_2021-01-19|2023-01-10_2023-01-19|2024-11-10_2024-11-19|2024-03-05_2024-03-14|2018-05-06_2018-05-15|2018-07-05_2018-07-14|2020-01-06_2020-01-15
0.1,2,CPI m/m|Core PPI m/m,Neutral|Good,17,9,8,52.9,47.1,1.13,2019-10-08_2019-10-17|2019-12-07_2019-12-16|2022-03-06_2022-03-15|2023-03-11_2023-03-20|2023-04-10_2023-04-19|2023-11-06_2023-11-15|2023-12-06_2023-12-15|2024-01-05_2024-01-14|2024-08-12_2024-08-21|2025-01-09_2025-01-18|2025-03-10_2025-03-19|2025-06-08_2025-06-17|2025-07-08_2025-07-17|2022-05-05_2022-05-14|2025-05-09_2025-05-18|2019-01-11_2019-01-20|2019-08-09_2019-08-18
0.1,2,CPI m/m|Core PPI m/m,Bad|Neutral,6,5,1,83.3,16.7,5.0,2019-11-07_2019-11-16|2022-10-12_2022-10-21|2023-10-07_2023-10-16|2025-02-08_2025-02-17|2021-11-06_2021-11-15|2024-04-04_2024-04-13
0.1,2,CPI m/m|Core PPI m/m,Good|Good,3,1,2,33.3,66.7,0.5,2020-05-05_2020-05-14|2022-08-03_2022-08-12|2025-04-09_2025-04-18
0.1,2,CPI m/m|Core PPI m/m,Bad|Bad,6,5,1,83.3,16.7,5.0,2020-08-03_2020-08-12|2021-12-06_2021-12-15|2020-09-02_2020-09-11|2021-06-09_2021-06-18|2021-07-09_2021-07-18|2022-09-12_2022-09-21
0.1,2,CPI m/m|Core PPI m/m,Neutral|Bad,6,5,1,83.3,16.7,5.0,2020-10-12_2020-10-21|2021-02-09_2021-02-18|2022-04-05_2022-04-14|2023-02-09_2023-02-18|2021-08-08_2021-08-17|2025-08-07_2025-08-16
0.1,2,CPI m/m|Core PPI m/m,Bad|Good,2,0,2,0.0,100.0,0.0,2021-10-07_2021-10-16|2025-09-06_2025-09-15
0.1,2,CPI m/m|Core PPI m/m,Good|Bad,3,0,3,0.0,100.0,0.0,2024-05-14_2024-05-23|2024-07-03_2024-07-12|2020-04-05_2020-04-14
0.1,2,CPI m/m|Core PPI m/m,Good|Neutral,1,1,0,100.0,0.0,inf,2021-09-07_2021-09-16
0.2,2,CPI m/m|Core PPI m/m,Neutral|Neutral,46,30,16,65.2,34.8,1.88,2018-06-05_2018-06-14|2018-08-04_2018-08-13|2018-10-03_2018-10-12|2019-02-10_2019-02-19|2019-03-12_2019-03-21|2019-06-10_2019-06-19|2019-09-08_2019-09-17|2019-11-07_2019-11-16|2020-05-05_2020-05-14|2020-06-04_2020-06-13|2020-10-12_2020-10-21|2020-11-11_2020-11-20|2022-01-05_2022-01-14|2022-08-03_2022-08-12|2022-10-12_2022-10-21|2023-02-09_2023-02-18|2023-05-10_2023-05-19|2023-06-09_2023-06-18|2023-07-09_2023-07-18|2023-08-08_2023-08-17|2023-09-07_2023-09-16|2023-10-07_2023-10-16|2023-12-06_2023-12-15|2024-01-05_2024-01-14|2024-07-03_2024-07-12|2024-08-12_2024-08-21|2024-09-11_2024-09-20|2024-12-10_2024-12-19|2025-01-09_2025-01-18|2025-02-08_2025-02-17|2025-06-08_2025-06-17|2025-07-08_2025-07-17|2020-09-02_2020-09-11|2021-01-10_2021-01-19|2021-06-09_2021-06-18|2021-09-07_2021-09-16|2022-05-05_2022-05-14|2023-01-10_2023-01-19|2024-04-04_2024-04-13|2024-11-10_2024-11-19|2022-09-12_2022-09-21|2024-03-05_2024-03-14|2018-05-06_2018-05-15|2018-07-05_2018-07-14|2020-01-06_2020-01-15|2020-04-05_2020-04-14
0.2,2,CPI m/m|Core PPI m/m,Neutral|Good,13,5,8,38.5,61.5,0.63,2019-10-08_2019-10-17|2019-12-07_2019-12-16|2021-10-07_2021-10-16|2022-03-06_2022-03-15|2023-03-11_2023-03-20|2023-04-10_2023-04-19|2023-11-06_2023-11-15|2025-03-10_2025-03-19|2025-04-09_2025-04-18|2025-09-06_2025-09-15|2025-05-09_2025-05-18|2019-01-11_2019-01-20|2019-08-09_2019-08-18
0.2,2,CPI m/m|Core PPI m/m,Bad|Bad,2,1,1,50.0,50.0,1.0,2020-08-03_2020-08-12|2021-07-09_2021-07-18
0.2,2,CPI m/m|Core PPI m/m,Neutral|Bad,6,4,2,66.7,33.3,2.0,2021-02-09_2021-02-18|2021-12-06_2021-12-15|2022-04-05_2022-04-14|2024-05-14_2024-05-23|2021-08-08_2021-08-17|2025-08-07_2025-08-16
0.2,2,CPI m/m|Core PPI m/m,Bad|Neutral,1,0,1,0.0,100.0,0.0,2021-11-06_2021-11-15
0.3,2,CPI m/m|Core PPI m/m,Neutral|Neutral,50,32,18,64.0,36.0,1.78,2018-06-05_2018-06-14|2018-08-04_2018-08-13|2018-10-03_2018-10-12|2019-02-10_2019-02-19|2019-03-12_2019-03-21|2019-06-10_2019-06-19|2019-09-08_2019-09-17|2019-11-07_2019-11-16|2020-05-05_2020-05-14|2020-06-04_2020-06-13|2020-10-12_2020-10-21|2020-11-11_2020-11-20|2021-10-07_2021-10-16|2021-12-06_2021-12-15|2022-01-05_2022-01-14|2022-08-03_2022-08-12|2022-10-12_2022-10-21|2023-02-09_2023-02-18|2023-05-10_2023-05-19|2023-06-09_2023-06-18|2023-07-09_2023-07-18|2023-08-08_2023-08-17|2023-09-07_2023-09-16|2023-10-07_2023-10-16|2023-11-06_2023-11-15|2023-12-06_2023-12-15|2024-01-05_2024-01-14|2024-05-14_2024-05-23|2024-07-03_2024-07-12|2024-08-12_2024-08-21|2024-09-11_2024-09-20|2024-12-10_2024-12-19|2025-01-09_2025-01-18|2025-02-08_2025-02-17|2025-06-08_2025-06-17|2025-07-08_2025-07-17|2020-09-02_2020-09-11|2021-01-10_2021-01-19|2021-06-09_2021-06-18|2021-09-07_2021-09-16|2022-05-05_2022-05-14|2023-01-10_2023-01-19|2024-04-04_2024-04-13|2024-11-10_2024-11-19|2022-09-12_2022-09-21|2024-03-05_2024-03-14|2018-05-06_2018-05-15|2018-07-05_2018-07-14|2020-01-06_2020-01-15|2020-04-05_2020-04-14
0.3,2,CPI m/m|Core PPI m/m,Neutral|Good,11,4,7,36.4,63.6,0.57,2019-10-08_2019-10-17|2019-12-07_2019-12-16|2022-03-06_2022-03-15|2023-03-11_2023-03-20|2023-04-10_2023-04-19|2025-03-10_2025-03-19|2025-04-09_2025-04-18|2025-09-06_2025-09-15|2025-05-09_2025-05-18|2019-01-11_2019-01-20|2019-08-09_2019-08-18
0.3,2,CPI m/m|Core PPI m/m,Neutral|Bad,5,3,2,60.0,40.0,1.5,2020-08-03_2020-08-12|2021-02-09_2021-02-18|2022-04-05_2022-04-14|2021-08-08_2021-08-17|2025-08-07_2025-08-16
0.3,2,CPI m/m|Core PPI m/m,Bad|Bad,1,1,0,100.0,0.0,inf,2021-07-09_2021-07-18
0.3,2,CPI m/m|Core PPI m/m,Bad|Neutral,1,0,1,0.0,100.0,0.0,2021-11-06_2021-11-15
0.0,2,CPI m/m|FOMC,Good|Neutral,2,1,1,50.0,50.0,1.0,2023-06-09_2023-06-18|2024-06-03_2024-06-12
0.0,2,CPI m/m|FOMC,Bad|Neutral,1,0,1,0.0,100.0,0.0,2023-12-06_2023-12-15
0.0,2,CPI m/m|FOMC,Neutral|Good,1,1,0,100.0,0.0,inf,2024-09-11_2024-09-20
0.0,2,CPI m/m|FOMC,Neutral|Neutral,1,1,0,100.0,0.0,inf,2024-12-10_2024-12-19
0.1,2,CPI m/m|FOMC,Neutral|Neutral,4,2,2,50.0,50.0,1.0,2023-06-09_2023-06-18|2023-12-06_2023-12-15|2024-06-03_2024-06-12|2024-12-10_2024-12-19
0.1,2,CPI m/m|FOMC,Neutral|Good,1,1,0,100.0,0.0,inf,2024-09-11_2024-09-20
0.2,2,CPI m/m|FOMC,Neutral|Neutral,4,2,2,50.0,50.0,1.0,2023-06-09_2023-06-18|2023-12-06_2023-12-15|2024-06-03_2024-06-12|2024-12-10_2024-12-19
0.2,2,CPI m/m|FOMC,Neutral|Good,1,1,0,100.0,0.0,inf,2024-09-11_2024-09-20
0.3,2,CPI m/m|FOMC,Neutral|Neutral,5,3,2,60.0,40.0,1.5,2023-06-09_2023-06-18|2023-12-06_2023-12-15|2024-06-03_2024-06-12|2024-09-11_2024-09-20|2024-12-10_2024-12-19
0.0,2,CPI m/m|CPI y/y,Bad|Bad,23,13,10,56.5,43.5,1.3,2018-02-05_2018-02-14|2019-04-01_2019-04-10|2019-11-07_2019-11-16|2019-12-07_2019-12-16|2020-08-03_2020-08-12|2021-04-10_2021-04-19|2021-10-07_2021-10-16|2022-07-04_2022-07-13|2022-10-12_2022-10-21|2023-10-07_2023-10-16|2024-01-05_2024-01-14|2024-02-04_2024-02-13|2024-10-01_2024-10-10|2025-02-08_2025-02-17|2020-09-02_2020-09-11|2021-06-09_2021-06-18|2021-07-09_2021-07-18|2021-11-06_2021-11-15|2022-05-05_2022-05-14|2022-06-04_2022-06-13|2024-04-04_2024-04-13|2022-09-12_2022-09-21|2022-02-04_2022-02-13
0.0,2,CPI m/m|CPI y/y,Neutral|Neutral,18,11,7,61.1,38.9,1.57,2018-06-05_2018-06-14|2018-08-04_2018-08-13|2018-11-12_2018-11-21|2018-12-12_2018-12-21|2020-10-12_2020-10-21|2021-02-09_2021-02-18|2022-03-06_2022-03-15|2023-03-11_2023-03-20|2024-09-11_2024-09-20|2024-12-10_2024-12-19|2025-01-09_2025-01-18|2026-01-04_2026-01-13|2021-01-10_2021-01-19|2021-03-01_2021-03-10|2023-01-10_2023-01-19|2024-11-10_2024-11-19|2019-01-11_2019-01-20|2020-01-06_2020-01-15
0.0,2,CPI m/m|CPI y/y,Good|Good,22,10,12,45.5,54.5,0.83,2018-09-13_2018-09-22|2018-10-03_2018-10-12|2019-10-08_2019-10-17|2020-05-05_2020-05-14|2020-06-04_2020-06-13|2020-11-11_2020-11-20|2022-08-03_2022-08-12|2022-12-11_2022-12-20|2023-04-10_2023-04-19|2023-06-09_2023-06-18|2023-07-09_2023-07-18|2023-11-06_2023-11-15|2024-06-03_2024-06-12|2024-07-03_2024-07-12|2025-03-10_2025-03-19|2025-04-09_2025-04-18|2025-06-08_2025-06-17|2025-10-16_2025-10-25|2026-02-13_2026-02-22|2022-11-01_2022-11-10|2025-05-09_2025-05-18|2020-04-05_2020-04-14
0.0,2,CPI m/m|CPI y/y,Good|Bad,1,0,1,0.0,100.0,0.0,2019-02-10_2019-02-19
0.0,2,CPI m/m|CPI y/y,Neutral|Good,7,3,4,42.9,57.1,0.75,2019-03-12_2019-03-21|2019-06-10_2019-06-19|2019-09-08_2019-09-17|2023-05-10_2023-05-19|2023-08-08_2023-08-17|2024-08-12_2024-08-21|2025-08-07_2025-08-16
0.0,2,CPI m/m|CPI y/y,Bad|Neutral,6,3,3,50.0,50.0,1.0,2020-07-14_2020-07-23|2020-12-01_2020-12-10|2021-12-06_2021-12-15|2022-01-05_2022-01-14|2023-12-06_2023-12-15|2025-09-06_2025-09-15
0.0,2,CPI m/m|CPI y/y,Neutral|Bad,7,5,2,71.4,28.6,2.5,2022-04-05_2022-04-14|2023-02-09_2023-02-18|2023-09-07_2023-09-16|2025-07-08_2025-07-17|2021-08-08_2021-08-17|2024-03-05_2024-03-14|2019-08-09_2019-08-18
0.0,2,CPI m/m|CPI y/y,Good|Neutral,4,3,1,75.0,25.0,3.0,2024-05-14_2024-05-23|2021-09-07_2021-09-16|2018-05-06_2018-05-15|2018-07-05_2018-07-14
0.1,2,CPI m/m|CPI y/y,Bad|Bad,15,9,6,60.0,40.0,1.5,2018-02-05_2018-02-14|2019-11-07_2019-11-16|2020-08-03_2020-08-12|2021-10-07_2021-10-16|2022-07-04_2022-07-13|2023-10-07_2023-10-16|2025-02-08_2025-02-17|2020-09-02_2020-09-11|2021-06-09_2021-06-18|2021-07-09_2021-07-18|2021-11-06_2021-11-15|2022-06-04_2022-06-13|2024-04-04_2024-04-13|2022-09-12_2022-09-21|2022-02-04_2022-02-13
0.1,2,CPI m/m|CPI y/y,Neutral|Neutral,33,19,14,57.6,42.4,1.36,2018-06-05_2018-06-14|2018-08-04_2018-08-13|2018-09-13_2018-09-22|2018-11-12_2018-11-21|2018-12-12_2018-12-21|2019-06-10_2019-06-19|2020-07-14_2020-07-23|2020-10-12_2020-10-21|2020-12-01_2020-12-10|2021-02-09_2021-02-18|2022-01-05_2022-01-14|2022-03-06_2022-03-15|2022-04-05_2022-04-14|2023-03-11_2023-03-20|2023-04-10_2023-04-19|2023-05-10_2023-05-19|2023-06-09_2023-06-18|2023-08-08_2023-08-17|2023-11-06_2023-11-15|2023-12-06_2023-12-15|2024-09-11_2024-09-20|2024-12-10_2024-12-19|2025-01-09_2025-01-18|2026-01-04_2026-01-13|2021-01-10_2021-01-19|2021-03-01_2021-03-10|2023-01-10_2023-01-19|2024-11-10_2024-11-19|2025-08-07_2025-08-16|2018-05-06_2018-05-15|2018-07-05_2018-07-14|2019-01-11_2019-01-20|2020-01-06_2020-01-15
0.1,2,CPI m/m|CPI y/y,Neutral|Good,13,6,7,46.2,53.8,0.86,2018-10-03_2018-10-12|2019-03-12_2019-03-21|2019-09-08_2019-09-17|2019-10-08_2019-10-17|2020-06-04_2020-06-13|2020-11-11_2020-11-20|2023-07-09_2023-07-18|2024-06-03_2024-06-12|2024-08-12_2024-08-21|2025-03-10_2025-03-19|2025-06-08_2025-06-17|2026-02-13_2026-02-22|2025-05-09_2025-05-18
0.1,2,CPI m/m|CPI y/y,Neutral|Bad,13,8,5,61.5,38.5,1.6,2019-02-10_2019-02-19|2019-12-07_2019-12-16|2021-04-10_2021-04-19|2023-02-09_2023-02-18|2023-09-07_2023-09-16|2024-01-05_2024-01-14|2024-02-04_2024-02-13|2024-10-01_2024-10-10|2025-07-08_2025-07-17|2021-08-08_2021-08-17|2022-05-05_2022-05-14|2024-03-05_2024-03-14|2019-08-09_2019-08-18
0.1,2,CPI m/m|CPI y/y,Bad|Neutral,4,2,2,50.0,50.0,1.0,2019-04-01_2019-04-10|2021-12-06_2021-12-15|2022-10-12_2022-10-21|2025-09-06_2025-09-15
0.1,2,CPI m/m|CPI y/y,Good|Good,8,3,5,37.5,62.5,0.6,2020-05-05_2020-05-14|2022-08-03_2022-08-12|2022-12-11_2022-12-20|2024-07-03_2024-07-12|2025-04-09_2025-04-18|2025-10-16_2025-10-25|2022-11-01_2022-11-10|2020-04-05_2020-04-14
0.1,2,CPI m/m|CPI y/y,Good|Neutral,2,1,1,50.0,50.0,1.0,2024-05-14_2024-05-23|2021-09-07_2021-09-16
0.2,2,CPI m/m|CPI y/y,Neutral|Bad,8,4,4,50.0,50.0,1.0,2018-02-05_2018-02-14|2022-07-04_2022-07-13|2023-02-09_2023-02-18|2024-02-04_2024-02-13|2021-06-09_2021-06-18|2022-05-05_2022-05-14|2022-09-12_2022-09-21|2022-02-04_2022-02-13
0.2,2,CPI m/m|CPI y/y,Neutral|Neutral,74,40,34,54.1,45.9,1.18,2018-06-05_2018-06-14|2018-08-04_2018-08-13|2018-09-13_2018-09-22|2018-10-03_2018-10-12|2018-11-12_2018-11-21|2018-12-12_2018-12-21|2019-02-10_2019-02-19|2019-03-12_2019-03-21|2019-04-01_2019-04-10|2019-06-10_2019-06-19|2019-09-08_2019-09-17|2019-10-08_2019-10-17|2019-11-07_2019-11-16|2019-12-07_2019-12-16|2020-05-05_2020-05-14|2020-06-04_2020-06-13|2020-07-14_2020-07-23|2020-10-12_2020-10-21|2020-11-11_2020-11-20|2020-12-01_2020-12-10|2021-02-09_2021-02-18|2021-04-10_2021-04-19|2021-10-07_2021-10-16|2021-12-06_2021-12-15|2022-01-05_2022-01-14|2022-03-06_2022-03-15|2022-04-05_2022-04-14|2022-08-03_2022-08-12|2022-10-12_2022-10-21|2023-03-11_2023-03-20|2023-04-10_2023-04-19|2023-05-10_2023-05-19|2023-06-09_2023-06-18|2023-07-09_2023-07-18|2023-08-08_2023-08-17|2023-09-07_2023-09-16|2023-10-07_2023-10-16|2023-11-06_2023-11-15|2023-12-06_2023-12-15|2024-01-05_2024-01-14|2024-05-14_2024-05-23|2024-06-03_2024-06-12|2024-07-03_2024-07-12|2024-08-12_2024-08-21|2024-09-11_2024-09-20|2024-10-01_2024-10-10|2024-12-10_2024-12-19|2025-01-09_2025-01-18|2025-02-08_2025-02-17|2025-03-10_2025-03-19|2025-04-09_2025-04-18|2025-06-08_2025-06-17|2025-07-08_2025-07-17|2025-09-06_2025-09-15|2025-10-16_2025-10-25|2026-01-04_2026-01-13|2026-02-13_2026-02-22|2020-09-02_2020-09-11|2021-01-10_2021-01-19|2021-03-01_2021-03-10|2021-08-08_2021-08-17|2021-09-07_2021-09-16|2023-01-10_2023-01-19|2024-04-04_2024-04-13|2024-11-10_2024-11-19|2025-05-09_2025-05-18|2025-08-07_2025-08-16|2024-03-05_2024-03-14|2018-05-06_2018-05-15|2018-07-05_2018-07-14|2019-01-11_2019-01-20|2019-08-09_2019-08-18|2020-01-06_2020-01-15|2020-04-05_2020-04-14
0.2,2,CPI m/m|CPI y/y,Bad|Bad,4,2,2,50.0,50.0,1.0,2020-08-03_2020-08-12|2021-07-09_2021-07-18|2021-11-06_2021-11-15|2022-06-04_2022-06-13
0.2,2,CPI m/m|CPI y/y,Neutral|Good,2,2,0,100.0,0.0,inf,2022-12-11_2022-12-20|2022-11-01_2022-11-10
0.3,2,CPI m/m|CPI y/y,Neutral|Neutral,83,46,37,55.4,44.6,1.24,2018-02-05_2018-02-14|2018-06-05_2018-06-14|2018-08-04_2018-08-13|2018-09-13_2018-09-22|2018-10-03_2018-10-12|2018-11-12_2018-11-21|2018-12-12_2018-12-21|2019-02-10_2019-02-19|2019-03-12_2019-03-21|2019-04-01_2019-04-10|2019-06-10_2019-06-19|2019-09-08_2019-09-17|2019-10-08_2019-10-17|2019-11-07_2019-11-16|2019-12-07_2019-12-16|2020-05-05_2020-05-14|2020-06-04_2020-06-13|2020-07-14_2020-07-23|2020-10-12_2020-10-21|2020-11-11_2020-11-20|2020-12-01_2020-12-10|2021-02-09_2021-02-18|2021-04-10_2021-04-19|2021-10-07_2021-10-16|2021-12-06_2021-12-15|2022-01-05_2022-01-14|2022-03-06_2022-03-15|2022-04-05_2022-04-14|2022-08-03_2022-08-12|2022-10-12_2022-10-21|2022-12-11_2022-12-20|2023-02-09_2023-02-18|2023-03-11_2023-03-20|2023-04-10_2023-04-19|2023-05-10_2023-05-19|2023-06-09_2023-06-18|2023-07-09_2023-07-18|2023-08-08_2023-08-17|2023-09-07_2023-09-16|2023-10-07_2023-10-16|2023-11-06_2023-11-15|2023-12-06_2023-12-15|2024-01-05_2024-01-14|2024-02-04_2024-02-13|2024-05-14_2024-05-23|2024-06-03_2024-06-12|2024-07-03_2024-07-12|2024-08-12_2024-08-21|2024-09-11_2024-09-20|2024-10-01_2024-10-10|2024-12-10_2024-12-19|2025-01-09_2025-01-18|2025-02-08_2025-02-17|2025-03-10_2025-03-19|2025-04-09_2025-04-18|2025-06-08_2025-06-17|2025-07-08_2025-07-17|2025-09-06_2025-09-15|2025-10-16_2025-10-25|2026-01-04_2026-01-13|2026-02-13_2026-02-22|2020-09-02_2020-09-11|2021-01-10_2021-01-19|2021-03-01_2021-03-10|2021-06-09_2021-06-18|2021-08-08_2021-08-17|2021-09-07_2021-09-16|2022-05-05_2022-05-14|2022-11-01_2022-11-10|2023-01-10_2023-01-19|2024-04-04_2024-04-13|2024-11-10_2024-11-19|2025-05-09_2025-05-18|2025-08-07_2025-08-16|2022-09-12_2022-09-21|2024-03-05_2024-03-14|2018-05-06_2018-05-15|2018-07-05_2018-07-14|2019-01-11_2019-01-20|2019-08-09_2019-08-18|2020-01-06_2020-01-15|2020-04-05_2020-04-14|2022-02-04_2022-02-13
0.3,2,CPI m/m|CPI y/y,Neutral|Bad,2,0,2,0.0,100.0,0.0,2020-08-03_2020-08-12|2022-07-04_2022-07-13
0.3,2,CPI m/m|CPI y/y,Bad|Bad,1,1,0,100.0,0.0,inf,2021-07-09_2021-07-18
0.3,2,CPI m/m|CPI y/y,Bad|Neutral,2,1,1,50.0,50.0,1.0,2021-11-06_2021-11-15|2022-06-04_2022-06-13
0.0,2,Core CPI m/m|PPI m/m,Bad|Bad,11,8,3,72.7,27.3,2.67,2018-06-05_2018-06-14|2019-09-08_2019-09-17|2020-08-03_2020-08-12|2022-10-12_2022-10-21|2023-09-07_2023-09-16|2024-09-11_2024-09-20|2025-02-08_2025-02-17|2020-09-02_2020-09-11|2021-06-09_2021-06-18|2021-07-09_2021-07-18|2024-03-05_2024-03-14
0.0,2,Core CPI m/m|PPI m/m,Neutral|Good,13,4,9,30.8,69.2,0.44,2018-08-04_2018-08-13|2019-02-10_2019-02-19|2019-12-07_2019-12-16|2021-10-07_2021-10-16|2022-03-06_2022-03-15|2023-04-10_2023-04-19|2023-06-09_2023-06-18|2024-01-05_2024-01-14|2024-08-12_2024-08-21|2025-09-06_2025-09-15|2021-01-10_2021-01-19|2023-01-10_2023-01-19|2019-01-11_2019-01-20
0.0,2,Core CPI m/m|PPI m/m,Good|Neutral,2,1,1,50.0,50.0,1.0,2018-10-03_2018-10-12|2019-06-10_2019-06-19
0.0,2,Core CPI m/m|PPI m/m,Good|Good,14,8,6,57.1,42.9,1.33,2019-03-12_2019-03-21|2019-10-08_2019-10-17|2020-05-05_2020-05-14|2022-08-03_2022-08-12|2023-07-09_2023-07-18|2023-11-06_2023-11-15|2025-01-09_2025-01-18|2025-03-10_2025-03-19|2025-04-09_2025-04-18|2025-06-08_2025-06-17|2025-07-08_2025-07-17|2025-05-09_2025-05-18|2018-05-06_2018-05-15|2020-01-06_2020-01-15
0.0,2,Core CPI m/m|PPI m/m,Neutral|Bad,10,8,2,80.0,20.0,4.0,2019-11-07_2019-11-16|2020-10-12_2020-10-21|2021-12-06_2021-12-15|2023-02-09_2023-02-18|2023-08-08_2023-08-17|2023-10-07_2023-10-16|2024-05-14_2024-05-23|2024-12-10_2024-12-19|2025-08-07_2025-08-16|2018-07-05_2018-07-14
0.0,2,Core CPI m/m|PPI m/m,Good|Bad,8,4,4,50.0,50.0,1.0,2020-06-04_2020-06-13|2020-11-11_2020-11-20|2021-02-09_2021-02-18|2022-04-05_2022-04-14|2024-07-03_2024-07-12|2021-08-08_2021-08-17|2021-09-07_2021-09-16|2020-04-05_2020-04-14
0.0,2,Core CPI m/m|PPI m/m,Bad|Good,4,3,1,75.0,25.0,3.0,2022-01-05_2022-01-14|2023-03-11_2023-03-20|2023-05-10_2023-05-19|2024-04-04_2024-04-13
0.0,2,Core CPI m/m|PPI m/m,Neutral|Neutral,2,1,1,50.0,50.0,1.0,2023-12-06_2023-12-15|2024-11-10_2024-11-19
0.0,2,Core CPI m/m|PPI m/m,Bad|Neutral,4,3,1,75.0,25.0,3.0,2021-11-06_2021-11-15|2022-05-05_2022-05-14|2022-09-12_2022-09-21|2019-08-09_2019-08-18
0.1,2,Core CPI m/m|PPI m/m,Neutral|Bad,11,8,3,72.7,27.3,2.67,2018-06-05_2018-06-14|2019-11-07_2019-11-16|2020-06-04_2020-06-13|2020-10-12_2020-10-21|2021-12-06_2021-12-15|2023-02-09_2023-02-18|2023-09-07_2023-09-16|2023-10-07_2023-10-16|2024-05-14_2024-05-23|2024-12-10_2024-12-19|2025-08-07_2025-08-16
0.1,2,Core CPI m/m|PPI m/m,Neutral|Good,18,8,10,44.4,55.6,0.8,2018-08-04_2018-08-13|2019-02-10_2019-02-19|2019-10-08_2019-10-17|2019-12-07_2019-12-16|2022-01-05_2022-01-14|2022-03-06_2022-03-15|2023-03-11_2023-03-20|2023-04-10_2023-04-19|2023-06-09_2023-06-18|2023-11-06_2023-11-15|2024-01-05_2024-01-14|2025-01-09_2025-01-18|2025-03-10_2025-03-19|2025-07-08_2025-07-17|2025-09-06_2025-09-15|2021-01-10_2021-01-19|2023-01-10_2023-01-19|2025-05-09_2025-05-18
0.1,2,Core CPI m/m|PPI m/m,Neutral|Neutral,17,9,8,52.9,47.1,1.13,2018-10-03_2018-10-12|2019-03-12_2019-03-21|2019-06-10_2019-06-19|2019-09-08_2019-09-17|2021-10-07_2021-10-16|2023-07-09_2023-07-18|2023-08-08_2023-08-17|2023-12-06_2023-12-15|2024-07-03_2024-07-12|2024-08-12_2024-08-21|2024-09-11_2024-09-20|2024-11-10_2024-11-19|2018-05-06_2018-05-15|2018-07-05_2018-07-14|2019-01-11_2019-01-20|2019-08-09_2019-08-18|2020-01-06_2020-01-15
0.1,2,Core CPI m/m|PPI m/m,Good|Good,3,1,2,33.3,66.7,0.5,2020-05-05_2020-05-14|2022-08-03_2022-08-12|2025-04-09_2025-04-18
0.1,2,Core CPI m/m|PPI m/m,Bad|Bad,6,5,1,83.3,16.7,5.0,2020-08-03_2020-08-12|2022-10-12_2022-10-21|2025-02-08_2025-02-17|2021-06-09_2021-06-18|2021-07-09_2021-07-18|2024-03-05_2024-03-14
0.1,2,Core CPI m/m|PPI m/m,Good|Neutral,4,2,2,50.0,50.0,1.0,2020-11-11_2020-11-20|2025-06-08_2025-06-17|2021-09-07_2021-09-16|2020-04-05_2020-04-14
0.1,2,Core CPI m/m|PPI m/m,Good|Bad,3,2,1,66.7,33.3,2.0,2021-02-09_2021-02-18|2022-04-05_2022-04-14|2021-08-08_2021-08-17
0.1,2,Core CPI m/m|PPI m/m,Bad|Neutral,6,5,1,83.3,16.7,5.0,2023-05-10_2023-05-19|2020-09-02_2020-09-11|2021-11-06_2021-11-15|2022-05-05_2022-05-14|2024-04-04_2024-04-13|2022-09-12_2022-09-21
0.2,2,Core CPI m/m|PPI m/m,Neutral|Neutral,44,26,18,59.1,40.9,1.44,2018-06-05_2018-06-14|2018-08-04_2018-08-13|2018-10-03_2018-10-12|2019-02-10_2019-02-19|2019-03-12_2019-03-21|2019-06-10_2019-06-19|2019-09-08_2019-09-17|2019-11-07_2019-11-16|2019-12-07_2019-12-16|2020-10-12_2020-10-21|2020-11-11_2020-11-20|2021-10-07_2021-10-16|2022-01-05_2022-01-14|2022-03-06_2022-03-15|2022-10-12_2022-10-21|2023-05-10_2023-05-19|2023-06-09_2023-06-18|2023-07-09_2023-07-18|2023-08-08_2023-08-17|2023-10-07_2023-10-16|2023-12-06_2023-12-15|2024-01-05_2024-01-14|2024-05-14_2024-05-23|2024-07-03_2024-07-12|2024-08-12_2024-08-21|2024-09-11_2024-09-20|2024-12-10_2024-12-19|2025-01-09_2025-01-18|2025-02-08_2025-02-17|2025-06-08_2025-06-17|2025-07-08_2025-07-17|2020-09-02_2020-09-11|2021-01-10_2021-01-19|2021-09-07_2021-09-16|2021-11-06_2021-11-15|2022-05-05_2022-05-14|2024-04-04_2024-04-13|2024-11-10_2024-11-19|2018-05-06_2018-05-15|2018-07-05_2018-07-14|2019-01-11_2019-01-20|2019-08-09_2019-08-18|2020-01-06_2020-01-15|2020-04-05_2020-04-14
0.2,2,Core CPI m/m|PPI m/m,Neutral|Good,11,5,6,45.5,54.5,0.83,2019-10-08_2019-10-17|2020-05-05_2020-05-14|2022-08-03_2022-08-12|2023-03-11_2023-03-20|2023-04-10_2023-04-19|2023-11-06_2023-11-15|2025-03-10_2025-03-19|2025-04-09_2025-04-18|2025-09-06_2025-09-15|2023-01-10_2023-01-19|2025-05-09_2025-05-18
0.2,2,Core CPI m/m|PPI m/m,Neutral|Bad,10,7,3,70.0,30.0,2.33,2020-06-04_2020-06-13|2021-02-09_2021-02-18|2021-12-06_2021-12-15|2022-04-05_2022-04-14|2023-02-09_2023-02-18|2023-09-07_2023-09-16|2021-06-09_2021-06-18|2021-08-08_2021-08-17|2025-08-07_2025-08-16|2024-03-05_2024-03-14
0.2,2,Core CPI m/m|PPI m/m,Bad|Bad,2,1,1,50.0,50.0,1.0,2020-08-03_2020-08-12|2021-07-09_2021-07-18
0.2,2,Core CPI m/m|PPI m/m,Bad|Neutral,1,1,0,100.0,0.0,inf,2022-09-12_2022-09-21
0.3,2,Core CPI m/m|PPI m/m,Neutral|Neutral,50,30,20,60.0,40.0,1.5,2018-06-05_2018-06-14|2018-08-04_2018-08-13|2018-10-03_2018-10-12|2019-02-10_2019-02-19|2019-03-12_2019-03-21|2019-06-10_2019-06-19|2019-09-08_2019-09-17|2019-11-07_2019-11-16|2019-12-07_2019-12-16|2020-10-12_2020-10-21|2020-11-11_2020-11-20|2021-10-07_2021-10-16|2022-01-05_2022-01-14|2022-03-06_2022-03-15|2022-04-05_2022-04-14|2022-10-12_2022-10-21|2023-02-09_2023-02-18|2023-05-10_2023-05-19|2023-06-09_2023-06-18|2023-07-09_2023-07-18|2023-08-08_2023-08-17|2023-09-07_2023-09-16|2023-10-07_2023-10-16|2023-12-06_2023-12-15|2024-01-05_2024-01-14|2024-05-14_2024-05-23|2024-07-03_2024-07-12|2024-08-12_2024-08-21|2024-09-11_2024-09-20|2024-12-10_2024-12-19|2025-01-09_2025-01-18|2025-02-08_2025-02-17|2025-03-10_2025-03-19|2025-06-08_2025-06-17|2025-07-08_2025-07-17|2020-09-02_2020-09-11|2021-01-10_2021-01-19|2021-09-07_2021-09-16|2021-11-06_2021-11-15|2022-05-05_2022-05-14|2024-04-04_2024-04-13|2024-11-10_2024-11-19|2022-09-12_2022-09-21|2024-03-05_2024-03-14|2018-05-06_2018-05-15|2018-07-05_2018-07-14|2019-01-11_2019-01-20|2019-08-09_2019-08-18|2020-01-06_2020-01-15|2020-04-05_2020-04-14
0.3,2,Core CPI m/m|PPI m/m,Neutral|Good,10,4,6,40.0,60.0,0.67,2019-10-08_2019-10-17|2020-05-05_2020-05-14|2022-08-03_2022-08-12|2023-03-11_2023-03-20|2023-04-10_2023-04-19|2023-11-06_2023-11-15|2025-04-09_2025-04-18|2025-09-06_2025-09-15|2023-01-10_2023-01-19|2025-05-09_2025-05-18
0.3,2,Core CPI m/m|PPI m/m,Neutral|Bad,6,5,1,83.3,16.7,5.0,2020-06-04_2020-06-13|2021-02-09_2021-02-18|2021-12-06_2021-12-15|2021-06-09_2021-06-18|2021-08-08_2021-08-17|2025-08-07_2025-08-16
0.3,2,Core CPI m/m|PPI m/m,Bad|Neutral,1,0,1,0.0,100.0,0.0,2020-08-03_2020-08-12
0.3,2,Core CPI m/m|PPI m/m,Bad|Bad,1,1,0,100.0,0.0,inf,2021-07-09_2021-07-18
0.0,2,Core CPI m/m|Core PPI m/m,Bad|Bad,9,7,2,77.8,22.2,3.5,2018-06-05_2018-06-14|2019-09-08_2019-09-17|2020-08-03_2020-08-12|2024-09-11_2024-09-20|2020-09-02_2020-09-11|2021-06-09_2021-06-18|2021-07-09_2021-07-18|2022-09-12_2022-09-21|2024-03-05_2024-03-14
0.0,2,Core CPI m/m|Core PPI m/m,Neutral|Good,10,3,7,30.0,70.0,0.43,2018-08-04_2018-08-13|2019-12-07_2019-12-16|2021-10-07_2021-10-16|2022-03-06_2022-03-15|2023-04-10_2023-04-19|2023-12-06_2023-12-15|2024-01-05_2024-01-14|2024-08-12_2024-08-21|2025-09-06_2025-09-15|2019-01-11_2019-01-20
0.0,2,Core CPI m/m|Core PPI m/m,Good|Neutral,4,2,2,50.0,50.0,1.0,2018-10-03_2018-10-12|2019-06-10_2019-06-19|2020-06-04_2020-06-13|2018-05-06_2018-05-15
0.0,2,Core CPI m/m|Core PPI m/m,Neutral|Bad,10,7,3,70.0,30.0,2.33,2019-02-10_2019-02-19|2019-11-07_2019-11-16|2020-10-12_2020-10-21|2021-12-06_2021-12-15|2023-02-09_2023-02-18|2023-08-08_2023-08-17|2023-10-07_2023-10-16|2024-05-14_2024-05-23|2025-08-07_2025-08-16|2018-07-05_2018-07-14
0.0,2,Core CPI m/m|Core PPI m/m,Good|Good,14,8,6,57.1,42.9,1.33,2019-03-12_2019-03-21|2019-10-08_2019-10-17|2020-05-05_2020-05-14|2020-11-11_2020-11-20|2022-08-03_2022-08-12|2023-07-09_2023-07-18|2023-11-06_2023-11-15|2025-01-09_2025-01-18|2025-03-10_2025-03-19|2025-04-09_2025-04-18|2025-06-08_2025-06-17|2025-07-08_2025-07-17|2025-05-09_2025-05-18|2020-01-06_2020-01-15
0.0,2,Core CPI m/m|Core PPI m/m,Good|Bad,6,3,3,50.0,50.0,1.0,2021-02-09_2021-02-18|2022-04-05_2022-04-14|2024-07-03_2024-07-12|2021-08-08_2021-08-17|2021-09-07_2021-09-16|2020-04-05_2020-04-14
0.0,2,Core CPI m/m|Core PPI m/m,Bad|Neutral,6,5,1,83.3,16.7,5.0,2022-01-05_2022-01-14|2022-10-12_2022-10-21|2023-05-10_2023-05-19|2023-09-07_2023-09-16|2025-02-08_2025-02-17|2024-04-04_2024-04-13
0.0,2,Core CPI m/m|Core PPI m/m,Bad|Good,4,2,2,50.0,50.0,1.0,2023-03-11_2023-03-20|2021-11-06_2021-11-15|2022-05-05_2022-05-14|2019-08-09_2019-08-18
0.0,2,Core CPI m/m|Core PPI m/m,Neutral|Neutral,5,3,2,60.0,40.0,1.5,2023-06-09_2023-06-18|2024-12-10_2024-12-19|2021-01-10_2021-01-19|2023-01-10_2023-01-19|2024-11-10_2024-11-19
0.1,2,Core CPI m/m|Core PPI m/m,Neutral|Neutral,23,13,10,56.5,43.5,1.3,2018-06-05_2018-06-14|2018-08-04_2018-08-13|2018-10-03_2018-10-12|2019-02-10_2019-02-19|2019-03-12_2019-03-21|2019-06-10_2019-06-19|2019-09-08_2019-09-17|2019-11-07_2019-11-16|2020-06-04_2020-06-13|2022-01-05_2022-01-14|2023-06-09_2023-06-18|2023-07-09_2023-07-18|2023-08-08_2023-08-17|2023-09-07_2023-09-16|2023-10-07_2023-10-16|2024-09-11_2024-09-20|2024-12-10_2024-12-19|2021-01-10_2021-01-19|2023-01-10_2023-01-19|2024-11-10_2024-11-19|2018-05-06_2018-05-15|2018-07-05_2018-07-14|2020-01-06_2020-01-15
0.1,2,Core CPI m/m|Core PPI m/m,Neutral|Good,17,8,9,47.1,52.9,0.89,2019-10-08_2019-10-17|2019-12-07_2019-12-16|2021-10-07_2021-10-16|2022-03-06_2022-03-15|2023-03-11_2023-03-20|2023-04-10_2023-04-19|2023-11-06_2023-11-15|2023-12-06_2023-12-15|2024-01-05_2024-01-14|2024-08-12_2024-08-21|2025-01-09_2025-01-18|2025-03-10_2025-03-19|2025-07-08_2025-07-17|2025-09-06_2025-09-15|2025-05-09_2025-05-18|2019-01-11_2019-01-20|2019-08-09_2019-08-18
0.1,2,Core CPI m/m|Core PPI m/m,Good|Good,4,1,3,25.0,75.0,0.33,2020-05-05_2020-05-14|2022-08-03_2022-08-12|2025-04-09_2025-04-18|2025-06-08_2025-06-17
0.1,2,Core CPI m/m|Core PPI m/m,Bad|Bad,5,4,1,80.0,20.0,4.0,2020-08-03_2020-08-12|2020-09-02_2020-09-11|2021-06-09_2021-06-18|2021-07-09_2021-07-18|2022-09-12_2022-09-21
0.1,2,Core CPI m/m|Core PPI m/m,Neutral|Bad,6,4,2,66.7,33.3,2.0,2020-10-12_2020-10-21|2021-12-06_2021-12-15|2023-02-09_2023-02-18|2024-05-14_2024-05-23|2024-07-03_2024-07-12|2025-08-07_2025-08-16
0.1,2,Core CPI m/m|Core PPI m/m,Good|Neutral,2,2,0,100.0,0.0,inf,2020-11-11_2020-11-20|2021-09-07_2021-09-16
0.1,2,Core CPI m/m|Core PPI m/m,Good|Bad,4,2,2,50.0,50.0,1.0,2021-02-09_2021-02-18|2022-04-05_2022-04-14|2021-08-08_2021-08-17|2020-04-05_2020-04-14
0.1,2,Core CPI m/m|Core PPI m/m,Bad|Neutral,6,5,1,83.3,16.7,5.0,2022-10-12_2022-10-21|2023-05-10_2023-05-19|2025-02-08_2025-02-17|2021-11-06_2021-11-15|2024-04-04_2024-04-13|2024-03-05_2024-03-14
0.1,2,Core CPI m/m|Core PPI m/m,Bad|Good,1,1,0,100.0,0.0,inf,2022-05-05_2022-05-14
0.2,2,Core CPI m/m|Core PPI m/m,Neutral|Neutral,46,29,17,63.0,37.0,1.71,2018-06-05_2018-06-14|2018-08-04_2018-08-13|2018-10-03_2018-10-12|2019-02-10_2019-02-19|2019-03-12_2019-03-21|2019-06-10_2019-06-19|2019-09-08_2019-09-17|2019-11-07_2019-11-16|2020-05-05_2020-05-14|2020-06-04_2020-06-13|2020-10-12_2020-10-21|2020-11-11_2020-11-20|2022-01-05_2022-01-14|2022-08-03_2022-08-12|2022-10-12_2022-10-21|2023-02-09_2023-02-18|2023-05-10_2023-05-19|2023-06-09_2023-06-18|2023-07-09_2023-07-18|2023-08-08_2023-08-17|2023-09-07_2023-09-16|2023-10-07_2023-10-16|2023-12-06_2023-12-15|2024-01-05_2024-01-14|2024-07-03_2024-07-12|2024-08-12_2024-08-21|2024-09-11_2024-09-20|2024-12-10_2024-12-19|2025-01-09_2025-01-18|2025-02-08_2025-02-17|2025-06-08_2025-06-17|2025-07-08_2025-07-17|2020-09-02_2020-09-11|2021-01-10_2021-01-19|2021-06-09_2021-06-18|2021-09-07_2021-09-16|2021-11-06_2021-11-15|2022-05-05_2022-05-14|2023-01-10_2023-01-19|2024-04-04_2024-04-13|2024-11-10_2024-11-19|2024-03-05_2024-03-14|2018-05-06_2018-05-15|2018-07-05_2018-07-14|2020-01-06_2020-01-15|2020-04-05_2020-04-14
0.2,2,Core CPI m/m|Core PPI m/m,Neutral|Good,13,5,8,38.5,61.5,0.63,2019-10-08_2019-10-17|2019-12-07_2019-12-16|2021-10-07_2021-10-16|2022-03-06_2022-03-15|2023-03-11_2023-03-20|2023-04-10_2023-04-19|2023-11-06_2023-11-15|2025-03-10_2025-03-19|2025-04-09_2025-04-18|2025-09-06_2025-09-15|2025-05-09_2025-05-18|2019-01-11_2019-01-20|2019-08-09_2019-08-18
0.2,2,Core CPI m/m|Core PPI m/m,Bad|Bad,2,1,1,50.0,50.0,1.0,2020-08-03_2020-08-12|2021-07-09_2021-07-18
0.2,2,Core CPI m/m|Core PPI m/m,Neutral|Bad,6,4,2,66.7,33.3,2.0,2021-02-09_2021-02-18|2021-12-06_2021-12-15|2022-04-05_2022-04-14|2024-05-14_2024-05-23|2021-08-08_2021-08-17|2025-08-07_2025-08-16
0.2,2,Core CPI m/m|Core PPI m/m,Bad|Neutral,1,1,0,100.0,0.0,inf,2022-09-12_2022-09-21
0.3,2,Core CPI m/m|Core PPI m/m,Neutral|Neutral,51,32,19,62.7,37.3,1.68,2018-06-05_2018-06-14|2018-08-04_2018-08-13|2018-10-03_2018-10-12|2019-02-10_2019-02-19|2019-03-12_2019-03-21|2019-06-10_2019-06-19|2019-09-08_2019-09-17|2019-11-07_2019-11-16|2020-05-05_2020-05-14|2020-06-04_2020-06-13|2020-10-12_2020-10-21|2020-11-11_2020-11-20|2021-10-07_2021-10-16|2021-12-06_2021-12-15|2022-01-05_2022-01-14|2022-08-03_2022-08-12|2022-10-12_2022-10-21|2023-02-09_2023-02-18|2023-05-10_2023-05-19|2023-06-09_2023-06-18|2023-07-09_2023-07-18|2023-08-08_2023-08-17|2023-09-07_2023-09-16|2023-10-07_2023-10-16|2023-11-06_2023-11-15|2023-12-06_2023-12-15|2024-01-05_2024-01-14|2024-05-14_2024-05-23|2024-07-03_2024-07-12|2024-08-12_2024-08-21|2024-09-11_2024-09-20|2024-12-10_2024-12-19|2025-01-09_2025-01-18|2025-02-08_2025-02-17|2025-06-08_2025-06-17|2025-07-08_2025-07-17|2020-09-02_2020-09-11|2021-01-10_2021-01-19|2021-06-09_2021-06-18|2021-09-07_2021-09-16|2021-11-06_2021-11-15|2022-05-05_2022-05-14|2023-01-10_2023-01-19|2024-04-04_2024-04-13|2024-11-10_2024-11-19|2022-09-12_2022-09-21|2024-03-05_2024-03-14|2018-05-06_2018-05-15|2018-07-05_2018-07-14|2020-01-06_2020-01-15|2020-04-05_2020-04-14
0.3,2,Core CPI m/m|Core PPI m/m,Neutral|Good,11,4,7,36.4,63.6,0.57,2019-10-08_2019-10-17|2019-12-07_2019-12-16|2022-03-06_2022-03-15|2023-03-11_2023-03-20|2023-04-10_2023-04-19|2025-03-10_2025-03-19|2025-04-09_2025-04-18|2025-09-06_2025-09-15|2025-05-09_2025-05-18|2019-01-11_2019-01-20|2019-08-09_2019-08-18
0.3,2,Core CPI m/m|Core PPI m/m,Bad|Bad,2,1,1,50.0,50.0,1.0,2020-08-03_2020-08-12|2021-07-09_2021-07-18
0.3,2,Core CPI m/m|Core PPI m/m,Neutral|Bad,4,3,1,75.0,25.0,3.0,2021-02-09_2021-02-18|2022-04-05_2022-04-14|2021-08-08_2021-08-17|2025-08-07_2025-08-16
0.0,2,Core CPI m/m|FOMC,Neutral|Neutral,3,1,2,33.3,66.7,0.5,2023-06-09_2023-06-18|2023-12-06_2023-12-15|2024-12-10_2024-12-19
0.0,2,Core CPI m/m|FOMC,Good|Neutral,1,1,0,100.0,0.0,inf,2024-06-03_2024-06-12
0.0,2,Core CPI m/m|FOMC,Bad|Good,1,1,0,100.0,0.0,inf,2024-09-11_2024-09-20
0.1,2,Core CPI m/m|FOMC,Neutral|Neutral,4,2,2,50.0,50.0,1.0,2023-06-09_2023-06-18|2023-12-06_2023-12-15|2024-06-03_2024-06-12|2024-12-10_2024-12-19
0.1,2,Core CPI m/m|FOMC,Neutral|Good,1,1,0,100.0,0.0,inf,2024-09-11_2024-09-20
0.2,2,Core CPI m/m|FOMC,Neutral|Neutral,4,2,2,50.0,50.0,1.0,2023-06-09_2023-06-18|2023-12-06_2023-12-15|2024-06-03_2024-06-12|2024-12-10_2024-12-19
0.2,2,Core CPI m/m|FOMC,Neutral|Good,1,1,0,100.0,0.0,inf,2024-09-11_2024-09-20
0.3,2,Core CPI m/m|FOMC,Neutral|Neutral,5,3,2,60.0,40.0,1.5,2023-06-09_2023-06-18|2023-12-06_2023-12-15|2024-06-03_2024-06-12|2024-09-11_2024-09-20|2024-12-10_2024-12-19
0.0,2,Core CPI m/m|CPI y/y,Bad|Bad,20,12,8,60.0,40.0,1.5,2018-02-05_2018-02-14|2020-08-03_2020-08-12|2021-04-10_2021-04-19|2022-07-04_2022-07-13|2022-10-12_2022-10-21|2023-09-07_2023-09-16|2024-02-04_2024-02-13|2024-10-01_2024-10-10|2025-02-08_2025-02-17|2020-09-02_2020-09-11|2021-06-09_2021-06-18|2021-07-09_2021-07-18|2021-11-06_2021-11-15|2022-05-05_2022-05-14|2022-06-04_2022-06-13|2024-04-04_2024-04-13|2022-09-12_2022-09-21|2024-03-05_2024-03-14|2019-08-09_2019-08-18|2022-02-04_2022-02-13
0.0,2,Core CPI m/m|CPI y/y,Bad|Neutral,6,4,2,66.7,33.3,2.0,2018-06-05_2018-06-14|2020-07-14_2020-07-23|2020-12-01_2020-12-10|2022-01-05_2022-01-14|2023-03-11_2023-03-20|2024-09-11_2024-09-20
0.0,2,Core CPI m/m|CPI y/y,Neutral|Neutral,15,7,8,46.7,53.3,0.87,2018-08-04_2018-08-13|2018-11-12_2018-11-21|2018-12-12_2018-12-21|2020-10-12_2020-10-21|2021-12-06_2021-12-15|2022-03-06_2022-03-15|2023-12-06_2023-12-15|2024-05-14_2024-05-23|2024-12-10_2024-12-19|2025-09-06_2025-09-15|2021-01-10_2021-01-19|2023-01-10_2023-01-19|2024-11-10_2024-11-19|2018-07-05_2018-07-14|2019-01-11_2019-01-20
0.0,2,Core CPI m/m|CPI y/y,Good|Good,21,10,11,47.6,52.4,0.91,2018-09-13_2018-09-22|2018-10-03_2018-10-12|2019-03-12_2019-03-21|2019-06-10_2019-06-19|2019-10-08_2019-10-17|2020-05-05_2020-05-14|2020-06-04_2020-06-13|2020-11-11_2020-11-20|2022-08-03_2022-08-12|2022-12-11_2022-12-20|2023-07-09_2023-07-18|2023-11-06_2023-11-15|2024-06-03_2024-06-12|2024-07-03_2024-07-12|2025-03-10_2025-03-19|2025-04-09_2025-04-18|2025-06-08_2025-06-17|2025-10-16_2025-10-25|2022-11-01_2022-11-10|2025-05-09_2025-05-18|2020-04-05_2020-04-14
0.0,2,Core CPI m/m|CPI y/y,Neutral|Bad,7,4,3,57.1,42.9,1.33,2019-02-10_2019-02-19|2019-11-07_2019-11-16|2019-12-07_2019-12-16|2021-10-07_2021-10-16|2023-02-09_2023-02-18|2023-10-07_2023-10-16|2024-01-05_2024-01-14
0.0,2,Core CPI m/m|CPI y/y,Good|Bad,4,2,2,50.0,50.0,1.0,2019-04-01_2019-04-10|2022-04-05_2022-04-14|2025-07-08_2025-07-17|2021-08-08_2021-08-17
0.0,2,Core CPI m/m|CPI y/y,Bad|Good,2,1,1,50.0,50.0,1.0,2019-09-08_2019-09-17|2023-05-10_2023-05-19
0.0,2,Core CPI m/m|CPI y/y,Good|Neutral,7,6,1,85.7,14.3,6.0,2021-02-09_2021-02-18|2025-01-09_2025-01-18|2026-01-04_2026-01-13|2021-03-01_2021-03-10|2021-09-07_2021-09-16|2018-05-06_2018-05-15|2020-01-06_2020-01-15
0.0,2,Core CPI m/m|CPI y/y,Neutral|Good,6,2,4,33.3,66.7,0.5,2023-04-10_2023-04-19|2023-06-09_2023-06-18|2023-08-08_2023-08-17|2024-08-12_2024-08-21|2026-02-13_2026-02-22|2025-08-07_2025-08-16
0.1,2,Core CPI m/m|CPI y/y,Neutral|Bad,15,8,7,53.3,46.7,1.14,2018-02-05_2018-02-14|2019-02-10_2019-02-19|2019-11-07_2019-11-16|2019-12-07_2019-12-16|2021-04-10_2021-04-19|2021-10-07_2021-10-16|2023-02-09_2023-02-18|2023-09-07_2023-09-16|2023-10-07_2023-10-16|2024-01-05_2024-01-14|2024-10-01_2024-10-10|2025-07-08_2025-07-17|2022-06-04_2022-06-13|2019-08-09_2019-08-18|2022-02-04_2022-02-13
0.1,2,Core CPI m/m|CPI y/y,Neutral|Neutral,34,18,16,52.9,47.1,1.13,2018-06-05_2018-06-14|2018-08-04_2018-08-13|2018-09-13_2018-09-22|2018-11-12_2018-11-21|2018-12-12_2018-12-21|2019-04-01_2019-04-10|2019-06-10_2019-06-19|2020-07-14_2020-07-23|2020-10-12_2020-10-21|2020-12-01_2020-12-10|2021-12-06_2021-12-15|2022-01-05_2022-01-14|2022-03-06_2022-03-15|2023-03-11_2023-03-20|2023-04-10_2023-04-19|2023-06-09_2023-06-18|2023-08-08_2023-08-17|2023-11-06_2023-11-15|2023-12-06_2023-12-15|2024-05-14_2024-05-23|2024-09-11_2024-09-20|2024-12-10_2024-12-19|2025-01-09_2025-01-18|2025-09-06_2025-09-15|2026-01-04_2026-01-13|2021-01-10_2021-01-19|2021-03-01_2021-03-10|2023-01-10_2023-01-19|2024-11-10_2024-11-19|2025-08-07_2025-08-16|2018-05-06_2018-05-15|2018-07-05_2018-07-14|2019-01-11_2019-01-20|2020-01-06_2020-01-15
0.1,2,Core CPI m/m|CPI y/y,Neutral|Good,14,6,8,42.9,57.1,0.75,2018-10-03_2018-10-12|2019-03-12_2019-03-21|2019-09-08_2019-09-17|2019-10-08_2019-10-17|2020-06-04_2020-06-13|2022-12-11_2022-12-20|2023-07-09_2023-07-18|2024-06-03_2024-06-12|2024-07-03_2024-07-12|2024-08-12_2024-08-21|2025-03-10_2025-03-19|2025-10-16_2025-10-25|2026-02-13_2026-02-22|2025-05-09_2025-05-18
0.1,2,Core CPI m/m|CPI y/y,Good|Good,7,3,4,42.9,57.1,0.75,2020-05-05_2020-05-14|2020-11-11_2020-11-20|2022-08-03_2022-08-12|2025-04-09_2025-04-18|2025-06-08_2025-06-17|2022-11-01_2022-11-10|2020-04-05_2020-04-14
0.1,2,Core CPI m/m|CPI y/y,Bad|Bad,12,8,4,66.7,33.3,2.0,2020-08-03_2020-08-12|2022-07-04_2022-07-13|2024-02-04_2024-02-13|2025-02-08_2025-02-17|2020-09-02_2020-09-11|2021-06-09_2021-06-18|2021-07-09_2021-07-18|2021-11-06_2021-11-15|2022-05-05_2022-05-14|2024-04-04_2024-04-13|2022-09-12_2022-09-21|2024-03-05_2024-03-14
0.1,2,Core CPI m/m|CPI y/y,Good|Neutral,3,2,1,66.7,33.3,2.0,2021-02-09_2021-02-18|2022-04-05_2022-04-14|2021-09-07_2021-09-16
0.1,2,Core CPI m/m|CPI y/y,Bad|Neutral,2,2,0,100.0,0.0,inf,2022-10-12_2022-10-21|2023-05-10_2023-05-19
0.1,2,Core CPI m/m|CPI y/y,Good|Bad,1,1,0,100.0,0.0,inf,2021-08-08_2021-08-17
0.2,2,Core CPI m/m|CPI y/y,Neutral|Bad,9,4,5,44.4,55.6,0.8,2018-02-05_2018-02-14|2022-07-04_2022-07-13|2023-02-09_2023-02-18|2024-02-04_2024-02-13|2021-06-09_2021-06-18|2021-11-06_2021-11-15|2022-05-05_2022-05-14|2022-06-04_2022-06-13|2022-02-04_2022-02-13
0.2,2,Core CPI m/m|CPI y/y,Neutral|Neutral,74,40,34,54.1,45.9,1.18,2018-06-05_2018-06-14|2018-08-04_2018-08-13|2018-09-13_2018-09-22|2018-10-03_2018-10-12|2018-11-12_2018-11-21|2018-12-12_2018-12-21|2019-02-10_2019-02-19|2019-03-12_2019-03-21|2019-04-01_2019-04-10|2019-06-10_2019-06-19|2019-09-08_2019-09-17|2019-10-08_2019-10-17|2019-11-07_2019-11-16|2019-12-07_2019-12-16|2020-05-05_2020-05-14|2020-06-04_2020-06-13|2020-07-14_2020-07-23|2020-10-12_2020-10-21|2020-11-11_2020-11-20|2020-12-01_2020-12-10|2021-02-09_2021-02-18|2021-04-10_2021-04-19|2021-10-07_2021-10-16|2021-12-06_2021-12-15|2022-01-05_2022-01-14|2022-03-06_2022-03-15|2022-04-05_2022-04-14|2022-08-03_2022-08-12|2022-10-12_2022-10-21|2023-03-11_2023-03-20|2023-04-10_2023-04-19|2023-05-10_2023-05-19|2023-06-09_2023-06-18|2023-07-09_2023-07-18|2023-08-08_2023-08-17|2023-09-07_2023-09-16|2023-10-07_2023-10-16|2023-11-06_2023-11-15|2023-12-06_2023-12-15|2024-01-05_2024-01-14|2024-05-14_2024-05-23|2024-06-03_2024-06-12|2024-07-03_2024-07-12|2024-08-12_2024-08-21|2024-09-11_2024-09-20|2024-10-01_2024-10-10|2024-12-10_2024-12-19|2025-01-09_2025-01-18|2025-02-08_2025-02-17|2025-03-10_2025-03-19|2025-04-09_2025-04-18|2025-06-08_2025-06-17|2025-07-08_2025-07-17|2025-09-06_2025-09-15|2025-10-16_2025-10-25|2026-01-04_2026-01-13|2026-02-13_2026-02-22|2020-09-02_2020-09-11|2021-01-10_2021-01-19|2021-03-01_2021-03-10|2021-08-08_2021-08-17|2021-09-07_2021-09-16|2023-01-10_2023-01-19|2024-04-04_2024-04-13|2024-11-10_2024-11-19|2025-05-09_2025-05-18|2025-08-07_2025-08-16|2024-03-05_2024-03-14|2018-05-06_2018-05-15|2018-07-05_2018-07-14|2019-01-11_2019-01-20|2019-08-09_2019-08-18|2020-01-06_2020-01-15|2020-04-05_2020-04-14
0.2,2,Core CPI m/m|CPI y/y,Bad|Bad,3,2,1,66.7,33.3,2.0,2020-08-03_2020-08-12|2021-07-09_2021-07-18|2022-09-12_2022-09-21
0.2,2,Core CPI m/m|CPI y/y,Neutral|Good,2,2,0,100.0,0.0,inf,2022-12-11_2022-12-20|2022-11-01_2022-11-10
0.3,2,Core CPI m/m|CPI y/y,Neutral|Neutral,85,47,38,55.3,44.7,1.24,2018-02-05_2018-02-14|2018-06-05_2018-06-14|2018-08-04_2018-08-13|2018-09-13_2018-09-22|2018-10-03_2018-10-12|2018-11-12_2018-11-21|2018-12-12_2018-12-21|2019-02-10_2019-02-19|2019-03-12_2019-03-21|2019-04-01_2019-04-10|2019-06-10_2019-06-19|2019-09-08_2019-09-17|2019-10-08_2019-10-17|2019-11-07_2019-11-16|2019-12-07_2019-12-16|2020-05-05_2020-05-14|2020-06-04_2020-06-13|2020-07-14_2020-07-23|2020-10-12_2020-10-21|2020-11-11_2020-11-20|2020-12-01_2020-12-10|2021-02-09_2021-02-18|2021-04-10_2021-04-19|2021-10-07_2021-10-16|2021-12-06_2021-12-15|2022-01-05_2022-01-14|2022-03-06_2022-03-15|2022-04-05_2022-04-14|2022-08-03_2022-08-12|2022-10-12_2022-10-21|2022-12-11_2022-12-20|2023-02-09_2023-02-18|2023-03-11_2023-03-20|2023-04-10_2023-04-19|2023-05-10_2023-05-19|2023-06-09_2023-06-18|2023-07-09_2023-07-18|2023-08-08_2023-08-17|2023-09-07_2023-09-16|2023-10-07_2023-10-16|2023-11-06_2023-11-15|2023-12-06_2023-12-15|2024-01-05_2024-01-14|2024-02-04_2024-02-13|2024-05-14_2024-05-23|2024-06-03_2024-06-12|2024-07-03_2024-07-12|2024-08-12_2024-08-21|2024-09-11_2024-09-20|2024-10-01_2024-10-10|2024-12-10_2024-12-19|2025-01-09_2025-01-18|2025-02-08_2025-02-17|2025-03-10_2025-03-19|2025-04-09_2025-04-18|2025-06-08_2025-06-17|2025-07-08_2025-07-17|2025-09-06_2025-09-15|2025-10-16_2025-10-25|2026-01-04_2026-01-13|2026-02-13_2026-02-22|2020-09-02_2020-09-11|2021-01-10_2021-01-19|2021-03-01_2021-03-10|2021-06-09_2021-06-18|2021-08-08_2021-08-17|2021-09-07_2021-09-16|2021-11-06_2021-11-15|2022-05-05_2022-05-14|2022-06-04_2022-06-13|2022-11-01_2022-11-10|2023-01-10_2023-01-19|2024-04-04_2024-04-13|2024-11-10_2024-11-19|2025-05-09_2025-05-18|2025-08-07_2025-08-16|2022-09-12_2022-09-21|2024-03-05_2024-03-14|2018-05-06_2018-05-15|2018-07-05_2018-07-14|2019-01-11_2019-01-20|2019-08-09_2019-08-18|2020-01-06_2020-01-15|2020-04-05_2020-04-14|2022-02-04_2022-02-13
0.3,2,Core CPI m/m|CPI y/y,Bad|Bad,2,1,1,50.0,50.0,1.0,2020-08-03_2020-08-12|2021-07-09_2021-07-18
0.3,2,Core CPI m/m|CPI y/y,Neutral|Bad,1,0,1,0.0,100.0,0.0,2022-07-04_2022-07-13
0.0,2,PPI m/m|Core PPI m/m,Bad|Bad,32,18,14,56.2,43.8,1.29,2018-06-05_2018-06-14|2019-04-11_2019-04-20|2019-09-08_2019-09-17|2019-11-07_2019-11-16|2020-02-15_2020-02-24|2020-08-03_2020-08-12|2020-10-12_2020-10-21|2021-02-09_2021-02-18|2021-03-31_2021-04-09|2021-12-06_2021-12-15|2022-02-14_2022-02-23|2022-04-05_2022-04-14|2022-12-01_2022-12-10|2023-02-09_2023-02-18|2023-08-08_2023-08-17|2023-10-07_2023-10-16|2024-02-14_2024-02-23|2024-05-14_2024-05-23|2024-07-03_2024-07-12|2024-09-11_2024-09-20|2026-01-24_2026-02-02|2026-02-23_2026-03-04|2020-09-02_2020-09-11|2021-06-09_2021-06-18|2021-07-09_2021-07-18|2021-08-08_2021-08-17|2021-09-07_2021-09-16|2025-08-07_2025-08-16|2024-03-05_2024-03-14|2018-07-05_2018-07-14|2018-11-02_2018-11-11|2020-04-05_2020-04-14
0.0,2,PPI m/m|Core PPI m/m,Good|Good,27,12,15,44.4,55.6,0.8,2018-08-04_2018-08-13|2018-09-03_2018-09-12|2019-03-12_2019-03-21|2019-10-08_2019-10-17|2019-12-07_2019-12-16|2020-05-05_2020-05-14|2020-07-04_2020-07-13|2021-10-07_2021-10-16|2022-03-06_2022-03-15|2022-08-03_2022-08-12|2022-11-11_2022-11-20|2023-03-11_2023-03-20|2023-04-10_2023-04-19|2023-07-09_2023-07-18|2023-11-06_2023-11-15|2024-01-05_2024-01-14|2024-06-13_2024-06-22|2024-08-12_2024-08-21|2025-01-09_2025-01-18|2025-03-10_2025-03-19|2025-04-09_2025-04-18|2025-06-08_2025-06-17|2025-07-08_2025-07-17|2025-09-06_2025-09-15|2025-05-09_2025-05-18|2019-01-11_2019-01-20|2020-01-06_2020-01-15
0.0,2,PPI m/m|Core PPI m/m,Neutral|Neutral,3,2,1,66.7,33.3,2.0,2018-10-03_2018-10-12|2019-06-10_2019-06-19|2024-11-10_2024-11-19
0.0,2,PPI m/m|Core PPI m/m,Good|Bad,1,0,1,0.0,100.0,0.0,2019-02-10_2019-02-19
0.0,2,PPI m/m|Core PPI m/m,Bad|Neutral,6,4,2,66.7,33.3,2.0,2020-06-04_2020-06-13|2021-03-11_2021-03-20|2022-10-12_2022-10-21|2023-09-07_2023-09-16|2024-12-10_2024-12-19|2025-02-08_2025-02-17
0.0,2,PPI m/m|Core PPI m/m,Bad|Good,2,2,0,100.0,0.0,inf,2020-11-11_2020-11-20|2022-07-14_2022-07-23
0.0,2,PPI m/m|Core PPI m/m,Neutral|Good,8,2,6,25.0,75.0,0.33,2020-12-11_2020-12-20|2023-12-06_2023-12-15|2025-11-25_2025-12-04|2026-01-14_2026-01-23|2021-11-06_2021-11-15|2022-05-05_2022-05-14|2022-06-14_2022-06-23|2019-08-09_2019-08-18
0.0,2,PPI m/m|Core PPI m/m,Good|Neutral,8,6,2,75.0,25.0,3.0,2022-01-05_2022-01-14|2023-05-10_2023-05-19|2023-06-09_2023-06-18|2024-10-11_2024-10-20|2021-01-10_2021-01-19|2023-01-10_2023-01-19|2024-04-04_2024-04-13|2018-05-06_2018-05-15
0.0,2,PPI m/m|Core PPI m/m,Neutral|Bad,1,1,0,100.0,0.0,inf,2022-09-12_2022-09-21
0.1,2,PPI m/m|Core PPI m/m,Bad|Neutral,11,8,3,72.7,27.3,2.67,2018-06-05_2018-06-14|2019-04-11_2019-04-20|2019-11-07_2019-11-16|2020-06-04_2020-06-13|2022-10-12_2022-10-21|2023-09-07_2023-09-16|2023-10-07_2023-10-16|2024-12-10_2024-12-19|2025-02-08_2025-02-17|2022-07-14_2022-07-23|2024-03-05_2024-03-14
0.1,2,PPI m/m|Core PPI m/m,Good|Neutral,6,2,4,33.3,66.7,0.5,2018-08-04_2018-08-13|2019-02-10_2019-02-19|2022-01-05_2022-01-14|2023-06-09_2023-06-18|2021-01-10_2021-01-19|2023-01-10_2023-01-19
0.1,2,PPI m/m|Core PPI m/m,Good|Good,19,9,10,47.4,52.6,0.9,2018-09-03_2018-09-12|2019-10-08_2019-10-17|2019-12-07_2019-12-16|2020-05-05_2020-05-14|2020-07-04_2020-07-13|2022-03-06_2022-03-15|2022-08-03_2022-08-12|2022-11-11_2022-11-20|2023-03-11_2023-03-20|2023-04-10_2023-04-19|2023-11-06_2023-11-15|2024-01-05_2024-01-14|2024-06-13_2024-06-22|2025-01-09_2025-01-18|2025-03-10_2025-03-19|2025-04-09_2025-04-18|2025-07-08_2025-07-17|2025-09-06_2025-09-15|2025-05-09_2025-05-18
0.1,2,PPI m/m|Core PPI m/m,Neutral|Neutral,21,13,8,61.9,38.1,1.62,2018-10-03_2018-10-12|2019-03-12_2019-03-21|2019-06-10_2019-06-19|2019-09-08_2019-09-17|2020-11-11_2020-11-20|2020-12-11_2020-12-20|2021-03-11_2021-03-20|2023-05-10_2023-05-19|2023-07-09_2023-07-18|2023-08-08_2023-08-17|2024-09-11_2024-09-20|2024-10-11_2024-10-20|2025-11-25_2025-12-04|2021-09-07_2021-09-16|2021-11-06_2021-11-15|2022-06-14_2022-06-23|2024-04-04_2024-04-13|2024-11-10_2024-11-19|2018-05-06_2018-05-15|2018-07-05_2018-07-14|2020-01-06_2020-01-15
0.1,2,PPI m/m|Core PPI m/m,Bad|Bad,18,10,8,55.6,44.4,1.25,2020-02-15_2020-02-24|2020-08-03_2020-08-12|2020-10-12_2020-10-21|2021-02-09_2021-02-18|2021-03-31_2021-04-09|2021-12-06_2021-12-15|2022-02-14_2022-02-23|2022-04-05_2022-04-14|2023-02-09_2023-02-18|2024-02-14_2024-02-23|2024-05-14_2024-05-23|2026-01-24_2026-02-02|2026-02-23_2026-03-04|2021-06-09_2021-06-18|2021-07-09_2021-07-18|2021-08-08_2021-08-17|2025-08-07_2025-08-16|2018-11-02_2018-11-11
0.1,2,PPI m/m|Core PPI m/m,Neutral|Good,8,3,5,37.5,62.5,0.6,2021-10-07_2021-10-16|2023-12-06_2023-12-15|2024-08-12_2024-08-21|2025-06-08_2025-06-17|2026-01-14_2026-01-23|2022-05-05_2022-05-14|2019-01-11_2019-01-20|2019-08-09_2019-08-18
0.1,2,PPI m/m|Core PPI m/m,Neutral|Bad,5,2,3,40.0,60.0,0.67,2022-12-01_2022-12-10|2024-07-03_2024-07-12|2020-09-02_2020-09-11|2022-09-12_2022-09-21|2020-04-05_2020-04-14
0.2,2,PPI m/m|Core PPI m/m,Neutral|Neutral,46,27,19,58.7,41.3,1.42,2018-06-05_2018-06-14|2018-08-04_2018-08-13|2018-10-03_2018-10-12|2019-02-10_2019-02-19|2019-03-12_2019-03-21|2019-06-10_2019-06-19|2019-09-08_2019-09-17|2019-11-07_2019-11-16|2020-10-12_2020-10-21|2020-11-11_2020-11-20|2020-12-11_2020-12-20|2021-03-11_2021-03-20|2022-01-05_2022-01-14|2022-10-12_2022-10-21|2022-12-01_2022-12-10|2023-05-10_2023-05-19|2023-06-09_2023-06-18|2023-07-09_2023-07-18|2023-08-08_2023-08-17|2023-10-07_2023-10-16|2023-12-06_2023-12-15|2024-01-05_2024-01-14|2024-07-03_2024-07-12|2024-08-12_2024-08-21|2024-09-11_2024-09-20|2024-10-11_2024-10-20|2024-12-10_2024-12-19|2025-01-09_2025-01-18|2025-02-08_2025-02-17|2025-06-08_2025-06-17|2025-07-08_2025-07-17|2025-11-25_2025-12-04|2026-01-14_2026-01-23|2020-09-02_2020-09-11|2021-01-10_2021-01-19|2021-09-07_2021-09-16|2021-11-06_2021-11-15|2022-05-05_2022-05-14|2022-06-14_2022-06-23|2024-04-04_2024-04-13|2024-11-10_2024-11-19|2022-09-12_2022-09-21|2018-05-06_2018-05-15|2018-07-05_2018-07-14|2020-01-06_2020-01-15|2020-04-05_2020-04-14
0.2,2,PPI m/m|Core PPI m/m,Good|Good,11,5,6,45.5,54.5,0.83,2018-09-03_2018-09-12|2019-10-08_2019-10-17|2020-07-04_2020-07-13|2023-03-11_2023-03-20|2023-04-10_2023-04-19|2023-11-06_2023-11-15|2024-06-13_2024-06-22|2025-03-10_2025-03-19|2025-04-09_2025-04-18|2025-09-06_2025-09-15|2025-05-09_2025-05-18
0.2,2,PPI m/m|Core PPI m/m,Bad|Neutral,7,4,3,57.1,42.9,1.33,2019-04-11_2019-04-20|2020-06-04_2020-06-13|2023-02-09_2023-02-18|2023-09-07_2023-09-16|2021-06-09_2021-06-18|2022-07-14_2022-07-23|2024-03-05_2024-03-14
0.2,2,PPI m/m|Core PPI m/m,Neutral|Good,6,2,4,33.3,66.7,0.5,2019-12-07_2019-12-16|2021-10-07_2021-10-16|2022-03-06_2022-03-15|2022-11-11_2022-11-20|2019-01-11_2019-01-20|2019-08-09_2019-08-18
0.2,2,PPI m/m|Core PPI m/m,Bad|Bad,12,7,5,58.3,41.7,1.4,2020-02-15_2020-02-24|2020-08-03_2020-08-12|2021-02-09_2021-02-18|2021-03-31_2021-04-09|2021-12-06_2021-12-15|2022-02-14_2022-02-23|2022-04-05_2022-04-14|2026-01-24_2026-02-02|2021-07-09_2021-07-18|2021-08-08_2021-08-17|2025-08-07_2025-08-16|2018-11-02_2018-11-11
0.2,2,PPI m/m|Core PPI m/m,Good|Neutral,3,2,1,66.7,33.3,2.0,2020-05-05_2020-05-14|2022-08-03_2022-08-12|2023-01-10_2023-01-19
0.2,2,PPI m/m|Core PPI m/m,Neutral|Bad,3,0,3,0.0,100.0,0.0,2024-02-14_2024-02-23|2024-05-14_2024-05-23|2026-02-23_2026-03-04
0.3,2,PPI m/m|Core PPI m/m,Neutral|Neutral,53,29,24,54.7,45.3,1.21,2018-06-05_2018-06-14|2018-08-04_2018-08-13|2018-10-03_2018-10-12|2019-02-10_2019-02-19|2019-03-12_2019-03-21|2019-04-11_2019-04-20|2019-06-10_2019-06-19|2019-09-08_2019-09-17|2019-11-07_2019-11-16|2020-10-12_2020-10-21|2020-11-11_2020-11-20|2020-12-11_2020-12-20|2021-03-11_2021-03-20|2021-10-07_2021-10-16|2022-01-05_2022-01-14|2022-10-12_2022-10-21|2022-11-11_2022-11-20|2022-12-01_2022-12-10|2023-02-09_2023-02-18|2023-05-10_2023-05-19|2023-06-09_2023-06-18|2023-07-09_2023-07-18|2023-08-08_2023-08-17|2023-09-07_2023-09-16|2023-10-07_2023-10-16|2023-12-06_2023-12-15|2024-01-05_2024-01-14|2024-05-14_2024-05-23|2024-07-03_2024-07-12|2024-08-12_2024-08-21|2024-09-11_2024-09-20|2024-10-11_2024-10-20|2024-12-10_2024-12-19|2025-01-09_2025-01-18|2025-02-08_2025-02-17|2025-06-08_2025-06-17|2025-07-08_2025-07-17|2025-11-25_2025-12-04|2026-01-14_2026-01-23|2020-09-02_2020-09-11|2021-01-10_2021-01-19|2021-09-07_2021-09-16|2021-11-06_2021-11-15|2022-05-05_2022-05-14|2022-06-14_2022-06-23|2024-04-04_2024-04-13|2024-11-10_2024-11-19|2022-09-12_2022-09-21|2024-03-05_2024-03-14|2018-05-06_2018-05-15|2018-07-05_2018-07-14|2020-01-06_2020-01-15|2020-04-05_2020-04-14
0.3,2,PPI m/m|Core PPI m/m,Good|Good,8,3,5,37.5,62.5,0.6,2018-09-03_2018-09-12|2019-10-08_2019-10-17|2020-07-04_2020-07-13|2023-03-11_2023-03-20|2023-04-10_2023-04-19|2025-04-09_2025-04-18|2025-09-06_2025-09-15|2025-05-09_2025-05-18
0.3,2,PPI m/m|Core PPI m/m,Neutral|Good,5,3,2,60.0,40.0,1.5,2019-12-07_2019-12-16|2022-03-06_2022-03-15|2025-03-10_2025-03-19|2019-01-11_2019-01-20|2019-08-09_2019-08-18
0.3,2,PPI m/m|Core PPI m/m,Bad|Neutral,6,4,2,66.7,33.3,2.0,2020-02-15_2020-02-24|2020-06-04_2020-06-13|2021-12-06_2021-12-15|2021-06-09_2021-06-18|2022-07-14_2022-07-23|2018-11-02_2018-11-11
0.3,2,PPI m/m|Core PPI m/m,Good|Neutral,5,3,2,60.0,40.0,1.5,2020-05-05_2020-05-14|2022-08-03_2022-08-12|2023-11-06_2023-11-15|2024-06-13_2024-06-22|2023-01-10_2023-01-19
0.3,2,PPI m/m|Core PPI m/m,Neutral|Bad,5,0,5,0.0,100.0,0.0,2020-08-03_2020-08-12|2022-04-05_2022-04-14|2024-02-14_2024-02-23|2026-01-24_2026-02-02|2026-02-23_2026-03-04
0.3,2,PPI m/m|Core PPI m/m,Bad|Bad,6,5,1,83.3,16.7,5.0,2021-02-09_2021-02-18|2021-03-31_2021-04-09|2022-02-14_2022-02-23|2021-07-09_2021-07-18|2021-08-08_2021-08-17|2025-08-07_2025-08-16
0.0,2,PPI m/m|FOMC,Good|Neutral,1,0,1,0.0,100.0,0.0,2023-06-09_2023-06-18
0.0,2,PPI m/m|FOMC,Neutral|Neutral,1,0,1,0.0,100.0,0.0,2023-12-06_2023-12-15
0.0,2,PPI m/m|FOMC,Bad|Good,1,1,0,100.0,0.0,inf,2024-09-11_2024-09-20
0.0,2,PPI m/m|FOMC,Bad|Neutral,1,1,0,100.0,0.0,inf,2024-12-10_2024-12-19
0.1,2,PPI m/m|FOMC,Good|Neutral,1,0,1,0.0,100.0,0.0,2023-06-09_2023-06-18
0.1,2,PPI m/m|FOMC,Neutral|Neutral,1,0,1,0.0,100.0,0.0,2023-12-06_2023-12-15
0.1,2,PPI m/m|FOMC,Neutral|Good,1,1,0,100.0,0.0,inf,2024-09-11_2024-09-20
0.1,2,PPI m/m|FOMC,Bad|Neutral,1,1,0,100.0,0.0,inf,2024-12-10_2024-12-19
0.2,2,PPI m/m|FOMC,Neutral|Neutral,3,1,2,33.3,66.7,0.5,2023-06-09_2023-06-18|2023-12-06_2023-12-15|2024-12-10_2024-12-19
0.2,2,PPI m/m|FOMC,Neutral|Good,1,1,0,100.0,0.0,inf,2024-09-11_2024-09-20
0.3,2,PPI m/m|FOMC,Neutral|Neutral,4,2,2,50.0,50.0,1.0,2023-06-09_2023-06-18|2023-12-06_2023-12-15|2024-09-11_2024-09-20|2024-12-10_2024-12-19
0.0,2,PPI m/m|CPI y/y,Bad|Neutral,9,8,1,88.9,11.1,8.0,2018-06-05_2018-06-14|2020-10-12_2020-10-21|2021-02-09_2021-02-18|2021-12-06_2021-12-15|2024-05-14_2024-05-23|2024-09-11_2024-09-20|2024-12-10_2024-12-19|2021-09-07_2021-09-16|2018-07-05_2018-07-14
0.0,2,PPI m/m|CPI y/y,Good|Neutral,11,5,6,45.5,54.5,0.83,2018-08-04_2018-08-13|2022-01-05_2022-01-14|2022-03-06_2022-03-15|2023-03-11_2023-03-20|2025-01-09_2025-01-18|2025-09-06_2025-09-15|2021-01-10_2021-01-19|2023-01-10_2023-01-19|2018-05-06_2018-05-15|2019-01-11_2019-01-20|2020-01-06_2020-01-15
0.0,2,PPI m/m|CPI y/y,Neutral|Good,2,1,1,50.0,50.0,1.0,2018-10-03_2018-10-12|2019-06-10_2019-06-19
0.0,2,PPI m/m|CPI y/y,Good|Bad,6,3,3,50.0,50.0,1.0,2019-02-10_2019-02-19|2019-12-07_2019-12-16|2021-10-07_2021-10-16|2024-01-05_2024-01-14|2025-07-08_2025-07-17|2024-04-04_2024-04-13
0.0,2,PPI m/m|CPI y/y,Good|Good,14,7,7,50.0,50.0,1.0,2019-03-12_2019-03-21|2019-10-08_2019-10-17|2020-05-05_2020-05-14|2022-08-03_2022-08-12|2023-04-10_2023-04-19|2023-05-10_2023-05-19|2023-06-09_2023-06-18|2023-07-09_2023-07-18|2023-11-06_2023-11-15|2024-08-12_2024-08-21|2025-03-10_2025-03-19|2025-04-09_2025-04-18|2025-06-08_2025-06-17|2025-05-09_2025-05-18
0.0,2,PPI m/m|CPI y/y,Bad|Good,7,2,5,28.6,71.4,0.4,2019-09-08_2019-09-17|2020-06-04_2020-06-13|2020-11-11_2020-11-20|2023-08-08_2023-08-17|2024-07-03_2024-07-12|2025-08-07_2025-08-16|2020-04-05_2020-04-14
0.0,2,PPI m/m|CPI y/y,Bad|Bad,13,10,3,76.9,23.1,3.33,2019-11-07_2019-11-16|2020-08-03_2020-08-12|2022-04-05_2022-04-14|2022-10-12_2022-10-21|2023-02-09_2023-02-18|2023-09-07_2023-09-16|2023-10-07_2023-10-16|2025-02-08_2025-02-17|2020-09-02_2020-09-11|2021-06-09_2021-06-18|2021-07-09_2021-07-18|2021-08-08_2021-08-17|2024-03-05_2024-03-14
0.0,2,PPI m/m|CPI y/y,Neutral|Neutral,2,1,1,50.0,50.0,1.0,2023-12-06_2023-12-15|2024-11-10_2024-11-19
0.0,2,PPI m/m|CPI y/y,Neutral|Bad,4,3,1,75.0,25.0,3.0,2021-11-06_2021-11-15|2022-05-05_2022-05-14|2022-09-12_2022-09-21|2019-08-09_2019-08-18
0.1,2,PPI m/m|CPI y/y,Bad|Neutral,9,7,2,77.8,22.2,3.5,2018-06-05_2018-06-14|2020-10-12_2020-10-21|2021-02-09_2021-02-18|2021-12-06_2021-12-15|2022-04-05_2022-04-14|2022-10-12_2022-10-21|2024-05-14_2024-05-23|2024-12-10_2024-12-19|2025-08-07_2025-08-16
0.1,2,PPI m/m|CPI y/y,Good|Neutral,11,5,6,45.5,54.5,0.83,2018-08-04_2018-08-13|2022-01-05_2022-01-14|2022-03-06_2022-03-15|2023-03-11_2023-03-20|2023-04-10_2023-04-19|2023-06-09_2023-06-18|2023-11-06_2023-11-15|2025-01-09_2025-01-18|2025-09-06_2025-09-15|2021-01-10_2021-01-19|2023-01-10_2023-01-19
0.1,2,PPI m/m|CPI y/y,Neutral|Good,9,4,5,44.4,55.6,0.8,2018-10-03_2018-10-12|2019-03-12_2019-03-21|2019-09-08_2019-09-17|2020-11-11_2020-11-20|2023-07-09_2023-07-18|2024-07-03_2024-07-12|2024-08-12_2024-08-21|2025-06-08_2025-06-17|2020-04-05_2020-04-14
0.1,2,PPI m/m|CPI y/y,Good|Bad,4,2,2,50.0,50.0,1.0,2019-02-10_2019-02-19|2019-12-07_2019-12-16|2024-01-05_2024-01-14|2025-07-08_2025-07-17
0.1,2,PPI m/m|CPI y/y,Neutral|Neutral,11,7,4,63.6,36.4,1.75,2019-06-10_2019-06-19|2023-05-10_2023-05-19|2023-08-08_2023-08-17|2023-12-06_2023-12-15|2024-09-11_2024-09-20|2021-09-07_2021-09-16|2024-11-10_2024-11-19|2018-05-06_2018-05-15|2018-07-05_2018-07-14|2019-01-11_2019-01-20|2020-01-06_2020-01-15
0.1,2,PPI m/m|CPI y/y,Good|Good,6,2,4,33.3,66.7,0.5,2019-10-08_2019-10-17|2020-05-05_2020-05-14|2022-08-03_2022-08-12|2025-03-10_2025-03-19|2025-04-09_2025-04-18|2025-05-09_2025-05-18
0.1,2,PPI m/m|CPI y/y,Bad|Bad,10,8,2,80.0,20.0,4.0,2019-11-07_2019-11-16|2020-08-03_2020-08-12|2023-02-09_2023-02-18|2023-09-07_2023-09-16|2023-10-07_2023-10-16|2025-02-08_2025-02-17|2021-06-09_2021-06-18|2021-07-09_2021-07-18|2021-08-08_2021-08-17|2024-03-05_2024-03-14
0.1,2,PPI m/m|CPI y/y,Bad|Good,1,0,1,0.0,100.0,0.0,2020-06-04_2020-06-13
0.1,2,PPI m/m|CPI y/y,Neutral|Bad,7,5,2,71.4,28.6,2.5,2021-10-07_2021-10-16|2020-09-02_2020-09-11|2021-11-06_2021-11-15|2022-05-05_2022-05-14|2024-04-04_2024-04-13|2022-09-12_2022-09-21|2019-08-09_2019-08-18
0.2,2,PPI m/m|CPI y/y,Neutral|Neutral,42,25,17,59.5,40.5,1.47,2018-06-05_2018-06-14|2018-08-04_2018-08-13|2018-10-03_2018-10-12|2019-02-10_2019-02-19|2019-03-12_2019-03-21|2019-06-10_2019-06-19|2019-09-08_2019-09-17|2019-11-07_2019-11-16|2019-12-07_2019-12-16|2020-10-12_2020-10-21|2020-11-11_2020-11-20|2021-10-07_2021-10-16|2022-01-05_2022-01-14|2022-03-06_2022-03-15|2022-10-12_2022-10-21|2023-05-10_2023-05-19|2023-06-09_2023-06-18|2023-07-09_2023-07-18|2023-08-08_2023-08-17|2023-10-07_2023-10-16|2023-12-06_2023-12-15|2024-01-05_2024-01-14|2024-05-14_2024-05-23|2024-07-03_2024-07-12|2024-08-12_2024-08-21|2024-09-11_2024-09-20|2024-12-10_2024-12-19|2025-01-09_2025-01-18|2025-02-08_2025-02-17|2025-06-08_2025-06-17|2025-07-08_2025-07-17|2020-09-02_2020-09-11|2021-01-10_2021-01-19|2021-09-07_2021-09-16|2024-04-04_2024-04-13|2024-11-10_2024-11-19|2018-05-06_2018-05-15|2018-07-05_2018-07-14|2019-01-11_2019-01-20|2019-08-09_2019-08-18|2020-01-06_2020-01-15|2020-04-05_2020-04-14
0.2,2,PPI m/m|CPI y/y,Good|Neutral,11,5,6,45.5,54.5,0.83,2019-10-08_2019-10-17|2020-05-05_2020-05-14|2022-08-03_2022-08-12|2023-03-11_2023-03-20|2023-04-10_2023-04-19|2023-11-06_2023-11-15|2025-03-10_2025-03-19|2025-04-09_2025-04-18|2025-09-06_2025-09-15|2023-01-10_2023-01-19|2025-05-09_2025-05-18
0.2,2,PPI m/m|CPI y/y,Bad|Neutral,8,5,3,62.5,37.5,1.67,2020-06-04_2020-06-13|2021-02-09_2021-02-18|2021-12-06_2021-12-15|2022-04-05_2022-04-14|2023-09-07_2023-09-16|2021-08-08_2021-08-17|2025-08-07_2025-08-16|2024-03-05_2024-03-14
0.2,2,PPI m/m|CPI y/y,Bad|Bad,4,3,1,75.0,25.0,3.0,2020-08-03_2020-08-12|2023-02-09_2023-02-18|2021-06-09_2021-06-18|2021-07-09_2021-07-18
0.2,2,PPI m/m|CPI y/y,Neutral|Bad,3,2,1,66.7,33.3,2.0,2021-11-06_2021-11-15|2022-05-05_2022-05-14|2022-09-12_2022-09-21
0.3,2,PPI m/m|CPI y/y,Neutral|Neutral,50,30,20,60.0,40.0,1.5,2018-06-05_2018-06-14|2018-08-04_2018-08-13|2018-10-03_2018-10-12|2019-02-10_2019-02-19|2019-03-12_2019-03-21|2019-06-10_2019-06-19|2019-09-08_2019-09-17|2019-11-07_2019-11-16|2019-12-07_2019-12-16|2020-10-12_2020-10-21|2020-11-11_2020-11-20|2021-10-07_2021-10-16|2022-01-05_2022-01-14|2022-03-06_2022-03-15|2022-04-05_2022-04-14|2022-10-12_2022-10-21|2023-02-09_2023-02-18|2023-05-10_2023-05-19|2023-06-09_2023-06-18|2023-07-09_2023-07-18|2023-08-08_2023-08-17|2023-09-07_2023-09-16|2023-10-07_2023-10-16|2023-12-06_2023-12-15|2024-01-05_2024-01-14|2024-05-14_2024-05-23|2024-07-03_2024-07-12|2024-08-12_2024-08-21|2024-09-11_2024-09-20|2024-12-10_2024-12-19|2025-01-09_2025-01-18|2025-02-08_2025-02-17|2025-03-10_2025-03-19|2025-06-08_2025-06-17|2025-07-08_2025-07-17|2020-09-02_2020-09-11|2021-01-10_2021-01-19|2021-09-07_2021-09-16|2021-11-06_2021-11-15|2022-05-05_2022-05-14|2024-04-04_2024-04-13|2024-11-10_2024-11-19|2022-09-12_2022-09-21|2024-03-05_2024-03-14|2018-05-06_2018-05-15|2018-07-05_2018-07-14|2019-01-11_2019-01-20|2019-08-09_2019-08-18|2020-01-06_2020-01-15|2020-04-05_2020-04-14
0.3,2,PPI m/m|CPI y/y,Good|Neutral,10,4,6,40.0,60.0,0.67,2019-10-08_2019-10-17|2020-05-05_2020-05-14|2022-08-03_2022-08-12|2023-03-11_2023-03-20|2023-04-10_2023-04-19|2023-11-06_2023-11-15|2025-04-09_2025-04-18|2025-09-06_2025-09-15|2023-01-10_2023-01-19|2025-05-09_2025-05-18
0.3,2,PPI m/m|CPI y/y,Bad|Neutral,6,5,1,83.3,16.7,5.0,2020-06-04_2020-06-13|2021-02-09_2021-02-18|2021-12-06_2021-12-15|2021-06-09_2021-06-18|2021-08-08_2021-08-17|2025-08-07_2025-08-16
0.3,2,PPI m/m|CPI y/y,Neutral|Bad,1,0,1,0.0,100.0,0.0,2020-08-03_2020-08-12
0.3,2,PPI m/m|CPI y/y,Bad|Bad,1,1,0,100.0,0.0,inf,2021-07-09_2021-07-18
0.0,2,Core PPI m/m|FOMC,Neutral|Neutral,2,1,1,50.0,50.0,1.0,2023-06-09_2023-06-18|2024-12-10_2024-12-19
0.0,2,Core PPI m/m|FOMC,Good|Neutral,1,0,1,0.0,100.0,0.0,2023-12-06_2023-12-15
0.0,2,Core PPI m/m|FOMC,Bad|Good,1,1,0,100.0,0.0,inf,2024-09-11_2024-09-20
0.1,2,Core PPI m/m|FOMC,Neutral|Neutral,2,1,1,50.0,50.0,1.0,2023-06-09_2023-06-18|2024-12-10_2024-12-19
0.1,2,Core PPI m/m|FOMC,Good|Neutral,1,0,1,0.0,100.0,0.0,2023-12-06_2023-12-15
0.1,2,Core PPI m/m|FOMC,Neutral|Good,1,1,0,100.0,0.0,inf,2024-09-11_2024-09-20
0.2,2,Core PPI m/m|FOMC,Neutral|Neutral,3,1,2,33.3,66.7,0.5,2023-06-09_2023-06-18|2023-12-06_2023-12-15|2024-12-10_2024-12-19
0.2,2,Core PPI m/m|FOMC,Neutral|Good,1,1,0,100.0,0.0,inf,2024-09-11_2024-09-20
0.3,2,Core PPI m/m|FOMC,Neutral|Neutral,4,2,2,50.0,50.0,1.0,2023-06-09_2023-06-18|2023-12-06_2023-12-15|2024-09-11_2024-09-20|2024-12-10_2024-12-19
0.0,2,Core PPI m/m|CPI y/y,Bad|Neutral,8,7,1,87.5,12.5,7.0,2018-06-05_2018-06-14|2020-10-12_2020-10-21|2021-02-09_2021-02-18|2021-12-06_2021-12-15|2024-05-14_2024-05-23|2024-09-11_2024-09-20|2021-09-07_2021-09-16|2018-07-05_2018-07-14
0.0,2,Core PPI m/m|CPI y/y,Good|Neutral,8,2,6,25.0,75.0,0.33,2018-08-04_2018-08-13|2022-03-06_2022-03-15|2023-03-11_2023-03-20|2023-12-06_2023-12-15|2025-01-09_2025-01-18|2025-09-06_2025-09-15|2019-01-11_2019-01-20|2020-01-06_2020-01-15
0.0,2,Core PPI m/m|CPI y/y,Neutral|Good,5,2,3,40.0,60.0,0.67,2018-10-03_2018-10-12|2019-06-10_2019-06-19|2020-06-04_2020-06-13|2023-05-10_2023-05-19|2023-06-09_2023-06-18
0.0,2,Core PPI m/m|CPI y/y,Bad|Bad,12,9,3,75.0,25.0,3.0,2019-02-10_2019-02-19|2019-11-07_2019-11-16|2020-08-03_2020-08-12|2022-04-05_2022-04-14|2023-02-09_2023-02-18|2023-10-07_2023-10-16|2020-09-02_2020-09-11|2021-06-09_2021-06-18|2021-07-09_2021-07-18|2021-08-08_2021-08-17|2022-09-12_2022-09-21|2024-03-05_2024-03-14
0.0,2,Core PPI m/m|CPI y/y,Good|Good,13,7,6,53.8,46.2,1.17,2019-03-12_2019-03-21|2019-10-08_2019-10-17|2020-05-05_2020-05-14|2020-11-11_2020-11-20|2022-08-03_2022-08-12|2023-04-10_2023-04-19|2023-07-09_2023-07-18|2023-11-06_2023-11-15|2024-08-12_2024-08-21|2025-03-10_2025-03-19|2025-04-09_2025-04-18|2025-06-08_2025-06-17|2025-05-09_2025-05-18
0.0,2,Core PPI m/m|CPI y/y,Bad|Good,5,1,4,20.0,80.0,0.25,2019-09-08_2019-09-17|2023-08-08_2023-08-17|2024-07-03_2024-07-12|2025-08-07_2025-08-16|2020-04-05_2020-04-14
0.0,2,Core PPI m/m|CPI y/y,Good|Bad,7,4,3,57.1,42.9,1.33,2019-12-07_2019-12-16|2021-10-07_2021-10-16|2024-01-05_2024-01-14|2025-07-08_2025-07-17|2021-11-06_2021-11-15|2022-05-05_2022-05-14|2019-08-09_2019-08-18
0.0,2,Core PPI m/m|CPI y/y,Neutral|Neutral,6,5,1,83.3,16.7,5.0,2022-01-05_2022-01-14|2024-12-10_2024-12-19|2021-01-10_2021-01-19|2023-01-10_2023-01-19|2024-11-10_2024-11-19|2018-05-06_2018-05-15
0.0,2,Core PPI m/m|CPI y/y,Neutral|Bad,4,3,1,75.0,25.0,3.0,2022-10-12_2022-10-21|2023-09-07_2023-09-16|2025-02-08_2025-02-17|2024-04-04_2024-04-13
0.1,2,Core PPI m/m|CPI y/y,Neutral|Neutral,17,11,6,64.7,35.3,1.83,2018-06-05_2018-06-14|2018-08-04_2018-08-13|2019-06-10_2019-06-19|2022-01-05_2022-01-14|2022-10-12_2022-10-21|2023-05-10_2023-05-19|2023-06-09_2023-06-18|2023-08-08_2023-08-17|2024-09-11_2024-09-20|2024-12-10_2024-12-19|2021-01-10_2021-01-19|2021-09-07_2021-09-16|2023-01-10_2023-01-19|2024-11-10_2024-11-19|2018-05-06_2018-05-15|2018-07-05_2018-07-14|2020-01-06_2020-01-15
0.1,2,Core PPI m/m|CPI y/y,Neutral|Good,6,4,2,66.7,33.3,2.0,2018-10-03_2018-10-12|2019-03-12_2019-03-21|2019-09-08_2019-09-17|2020-06-04_2020-06-13|2020-11-11_2020-11-20|2023-07-09_2023-07-18
0.1,2,Core PPI m/m|CPI y/y,Neutral|Bad,8,5,3,62.5,37.5,1.67,2019-02-10_2019-02-19|2019-11-07_2019-11-16|2023-09-07_2023-09-16|2023-10-07_2023-10-16|2025-02-08_2025-02-17|2021-11-06_2021-11-15|2024-04-04_2024-04-13|2024-03-05_2024-03-14
0.1,2,Core PPI m/m|CPI y/y,Good|Good,8,2,6,25.0,75.0,0.33,2019-10-08_2019-10-17|2020-05-05_2020-05-14|2022-08-03_2022-08-12|2024-08-12_2024-08-21|2025-03-10_2025-03-19|2025-04-09_2025-04-18|2025-06-08_2025-06-17|2025-05-09_2025-05-18
0.1,2,Core PPI m/m|CPI y/y,Good|Bad,6,4,2,66.7,33.3,2.0,2019-12-07_2019-12-16|2021-10-07_2021-10-16|2024-01-05_2024-01-14|2025-07-08_2025-07-17|2022-05-05_2022-05-14|2019-08-09_2019-08-18
0.1,2,Core PPI m/m|CPI y/y,Bad|Bad,7,6,1,85.7,14.3,6.0,2020-08-03_2020-08-12|2023-02-09_2023-02-18|2020-09-02_2020-09-11|2021-06-09_2021-06-18|2021-07-09_2021-07-18|2021-08-08_2021-08-17|2022-09-12_2022-09-21
0.1,2,Core PPI m/m|CPI y/y,Bad|Neutral,6,4,2,66.7,33.3,2.0,2020-10-12_2020-10-21|2021-02-09_2021-02-18|2021-12-06_2021-12-15|2022-04-05_2022-04-14|2024-05-14_2024-05-23|2025-08-07_2025-08-16
0.1,2,Core PPI m/m|CPI y/y,Good|Neutral,8,4,4,50.0,50.0,1.0,2022-03-06_2022-03-15|2023-03-11_2023-03-20|2023-04-10_2023-04-19|2023-11-06_2023-11-15|2023-12-06_2023-12-15|2025-01-09_2025-01-18|2025-09-06_2025-09-15|2019-01-11_2019-01-20
0.1,2,Core PPI m/m|CPI y/y,Bad|Good,2,0,2,0.0,100.0,0.0,2024-07-03_2024-07-12|2020-04-05_2020-04-14
0.2,2,Core PPI m/m|CPI y/y,Neutral|Neutral,42,26,16,61.9,38.1,1.62,2018-06-05_2018-06-14|2018-08-04_2018-08-13|2018-10-03_2018-10-12|2019-02-10_2019-02-19|2019-03-12_2019-03-21|2019-06-10_2019-06-19|2019-09-08_2019-09-17|2019-11-07_2019-11-16|2020-05-05_2020-05-14|2020-06-04_2020-06-13|2020-10-12_2020-10-21|2020-11-11_2020-11-20|2022-01-05_2022-01-14|2022-08-03_2022-08-12|2022-10-12_2022-10-21|2023-05-10_2023-05-19|2023-06-09_2023-06-18|2023-07-09_2023-07-18|2023-08-08_2023-08-17|2023-09-07_2023-09-16|2023-10-07_2023-10-16|2023-12-06_2023-12-15|2024-01-05_2024-01-14|2024-07-03_2024-07-12|2024-08-12_2024-08-21|2024-09-11_2024-09-20|2024-12-10_2024-12-19|2025-01-09_2025-01-18|2025-02-08_2025-02-17|2025-06-08_2025-06-17|2025-07-08_2025-07-17|2020-09-02_2020-09-11|2021-01-10_2021-01-19|2021-09-07_2021-09-16|2023-01-10_2023-01-19|2024-04-04_2024-04-13|2024-11-10_2024-11-19|2024-03-05_2024-03-14|2018-05-06_2018-05-15|2018-07-05_2018-07-14|2020-01-06_2020-01-15|2020-04-05_2020-04-14
0.2,2,Core PPI m/m|CPI y/y,Good|Neutral,13,5,8,38.5,61.5,0.63,2019-10-08_2019-10-17|2019-12-07_2019-12-16|2021-10-07_2021-10-16|2022-03-06_2022-03-15|2023-03-11_2023-03-20|2023-04-10_2023-04-19|2023-11-06_2023-11-15|2025-03-10_2025-03-19|2025-04-09_2025-04-18|2025-09-06_2025-09-15|2025-05-09_2025-05-18|2019-01-11_2019-01-20|2019-08-09_2019-08-18
0.2,2,Core PPI m/m|CPI y/y,Bad|Bad,2,1,1,50.0,50.0,1.0,2020-08-03_2020-08-12|2021-07-09_2021-07-18
0.2,2,Core PPI m/m|CPI y/y,Bad|Neutral,6,4,2,66.7,33.3,2.0,2021-02-09_2021-02-18|2021-12-06_2021-12-15|2022-04-05_2022-04-14|2024-05-14_2024-05-23|2021-08-08_2021-08-17|2025-08-07_2025-08-16
0.2,2,Core PPI m/m|CPI y/y,Neutral|Bad,5,4,1,80.0,20.0,4.0,2023-02-09_2023-02-18|2021-06-09_2021-06-18|2021-11-06_2021-11-15|2022-05-05_2022-05-14|2022-09-12_2022-09-21
0.3,2,Core PPI m/m|CPI y/y,Neutral|Neutral,51,32,19,62.7,37.3,1.68,2018-06-05_2018-06-14|2018-08-04_2018-08-13|2018-10-03_2018-10-12|2019-02-10_2019-02-19|2019-03-12_2019-03-21|2019-06-10_2019-06-19|2019-09-08_2019-09-17|2019-11-07_2019-11-16|2020-05-05_2020-05-14|2020-06-04_2020-06-13|2020-10-12_2020-10-21|2020-11-11_2020-11-20|2021-10-07_2021-10-16|2021-12-06_2021-12-15|2022-01-05_2022-01-14|2022-08-03_2022-08-12|2022-10-12_2022-10-21|2023-02-09_2023-02-18|2023-05-10_2023-05-19|2023-06-09_2023-06-18|2023-07-09_2023-07-18|2023-08-08_2023-08-17|2023-09-07_2023-09-16|2023-10-07_2023-10-16|2023-11-06_2023-11-15|2023-12-06_2023-12-15|2024-01-05_2024-01-14|2024-05-14_2024-05-23|2024-07-03_2024-07-12|2024-08-12_2024-08-21|2024-09-11_2024-09-20|2024-12-10_2024-12-19|2025-01-09_2025-01-18|2025-02-08_2025-02-17|2025-06-08_2025-06-17|2025-07-08_2025-07-17|2020-09-02_2020-09-11|2021-01-10_2021-01-19|2021-06-09_2021-06-18|2021-09-07_2021-09-16|2021-11-06_2021-11-15|2022-05-05_2022-05-14|2023-01-10_2023-01-19|2024-04-04_2024-04-13|2024-11-10_2024-11-19|2022-09-12_2022-09-21|2024-03-05_2024-03-14|2018-05-06_2018-05-15|2018-07-05_2018-07-14|2020-01-06_2020-01-15|2020-04-05_2020-04-14
0.3,2,Core PPI m/m|CPI y/y,Good|Neutral,11,4,7,36.4,63.6,0.57,2019-10-08_2019-10-17|2019-12-07_2019-12-16|2022-03-06_2022-03-15|2023-03-11_2023-03-20|2023-04-10_2023-04-19|2025-03-10_2025-03-19|2025-04-09_2025-04-18|2025-09-06_2025-09-15|2025-05-09_2025-05-18|2019-01-11_2019-01-20|2019-08-09_2019-08-18
0.3,2,Core PPI m/m|CPI y/y,Bad|Bad,2,1,1,50.0,50.0,1.0,2020-08-03_2020-08-12|2021-07-09_2021-07-18
0.3,2,Core PPI m/m|CPI y/y,Bad|Neutral,4,3,1,75.0,25.0,3.0,2021-02-09_2021-02-18|2022-04-05_2022-04-14|2021-08-08_2021-08-17|2025-08-07_2025-08-16
0.0,2,FOMC|CPI y/y,Neutral|Good,2,1,1,50.0,50.0,1.0,2023-06-09_2023-06-18|2024-06-03_2024-06-12
0.0,2,FOMC|CPI y/y,Neutral|Neutral,2,1,1,50.0,50.0,1.0,2023-12-06_2023-12-15|2024-12-10_2024-12-19
0.0,2,FOMC|CPI y/y,Good|Neutral,1,1,0,100.0,0.0,inf,2024-09-11_2024-09-20
0.1,2,FOMC|CPI y/y,Neutral|Neutral,3,1,2,33.3,66.7,0.5,2023-06-09_2023-06-18|2023-12-06_2023-12-15|2024-12-10_2024-12-19
0.1,2,FOMC|CPI y/y,Neutral|Good,1,1,0,100.0,0.0,inf,2024-06-03_2024-06-12
0.1,2,FOMC|CPI y/y,Good|Neutral,1,1,0,100.0,0.0,inf,2024-09-11_2024-09-20
0.2,2,FOMC|CPI y/y,Neutral|Neutral,4,2,2,50.0,50.0,1.0,2023-06-09_2023-06-18|2023-12-06_2023-12-15|2024-06-03_2024-06-12|2024-12-10_2024-12-19
0.2,2,FOMC|CPI y/y,Good|Neutral,1,1,0,100.0,0.0,inf,2024-09-11_2024-09-20
0.3,2,FOMC|CPI y/y,Neutral|Neutral,5,3,2,60.0,40.0,1.5,2023-06-09_2023-06-18|2023-12-06_2023-12-15|2024-06-03_2024-06-12|2024-09-11_2024-09-20|2024-12-10_2024-12-19
0.0,3,CPI m/m|Core CPI m/m|PPI m/m,Neutral|Bad|Bad,5,3,2,60.0,40.0,1.5,2018-06-05_2018-06-14|2019-09-08_2019-09-17|2023-09-07_2023-09-16|2024-09-11_2024-09-20|2024-03-05_2024-03-14
0.0,3,CPI m/m|Core CPI m/m|PPI m/m,Neutral|Neutral|Good,6,2,4,33.3,66.7,0.5,2018-08-04_2018-08-13|2022-03-06_2022-03-15|2024-08-12_2024-08-21|2021-01-10_2021-01-19|2023-01-10_2023-01-19|2019-01-11_2019-01-20
0.0,3,CPI m/m|Core CPI m/m|PPI m/m,Good|Good|Neutral,1,1,0,100.0,0.0,inf,2018-10-03_2018-10-12
0.0,3,CPI m/m|Core CPI m/m|PPI m/m,Good|Neutral|Good,3,1,2,33.3,66.7,0.5,2019-02-10_2019-02-19|2023-04-10_2023-04-19|2023-06-09_2023-06-18
0.0,3,CPI m/m|Core CPI m/m|PPI m/m,Neutral|Good|Good,4,3,1,75.0,25.0,3.0,2019-03-12_2019-03-21|2025-01-09_2025-01-18|2025-07-08_2025-07-17|2020-01-06_2020-01-15
0.0,3,CPI m/m|Core CPI m/m|PPI m/m,Neutral|Good|Neutral,1,0,1,0.0,100.0,0.0,2019-06-10_2019-06-19
0.0,3,CPI m/m|Core CPI m/m|PPI m/m,Good|Good|Good,10,5,5,50.0,50.0,1.0,2019-10-08_2019-10-17|2020-05-05_2020-05-14|2022-08-03_2022-08-12|2023-07-09_2023-07-18|2023-11-06_2023-11-15|2025-03-10_2025-03-19|2025-04-09_2025-04-18|2025-06-08_2025-06-17|2025-05-09_2025-05-18|2018-05-06_2018-05-15
0.0,3,CPI m/m|Core CPI m/m|PPI m/m,Bad|Neutral|Bad,3,3,0,100.0,0.0,inf,2019-11-07_2019-11-16|2021-12-06_2021-12-15|2023-10-07_2023-10-16
0.0,3,CPI m/m|Core CPI m/m|PPI m/m,Bad|Neutral|Good,4,1,3,25.0,75.0,0.33,2019-12-07_2019-12-16|2021-10-07_2021-10-16|2024-01-05_2024-01-14|2025-09-06_2025-09-15
0.0,3,CPI m/m|Core CPI m/m|PPI m/m,Good|Good|Bad,5,2,3,40.0,60.0,0.67,2020-06-04_2020-06-13|2020-11-11_2020-11-20|2024-07-03_2024-07-12|2021-09-07_2021-09-16|2020-04-05_2020-04-14
0.0,3,CPI m/m|Core CPI m/m|PPI m/m,Bad|Bad|Bad,6,5,1,83.3,16.7,5.0,2020-08-03_2020-08-12|2022-10-12_2022-10-21|2025-02-08_2025-02-17|2020-09-02_2020-09-11|2021-06-09_2021-06-18|2021-07-09_2021-07-18
0.0,3,CPI m/m|Core CPI m/m|PPI m/m,Neutral|Neutral|Bad,5,4,1,80.0,20.0,4.0,2020-10-12_2020-10-21|2023-02-09_2023-02-18|2023-08-08_2023-08-17|2024-12-10_2024-12-19|2025-08-07_2025-08-16
0.0,3,CPI m/m|Core CPI m/m|PPI m/m,Neutral|Good|Bad,3,2,1,66.7,33.3,2.0,2021-02-09_2021-02-18|2022-04-05_2022-04-14|2021-08-08_2021-08-17
0.0,3,CPI m/m|Core CPI m/m|PPI m/m,Bad|Bad|Good,2,2,0,100.0,0.0,inf,2022-01-05_2022-01-14|2024-04-04_2024-04-13
0.0,3,CPI m/m|Core CPI m/m|PPI m/m,Neutral|Bad|Good,2,1,1,50.0,50.0,1.0,2023-03-11_2023-03-20|2023-05-10_2023-05-19
0.0,3,CPI m/m|Core CPI m/m|PPI m/m,Bad|Neutral|Neutral,1,0,1,0.0,100.0,0.0,2023-12-06_2023-12-15
0.0,3,CPI m/m|Core CPI m/m|PPI m/m,Good|Neutral|Bad,2,1,1,50.0,50.0,1.0,2024-05-14_2024-05-23|2018-07-05_2018-07-14
0.0,3,CPI m/m|Core CPI m/m|PPI m/m,Bad|Bad|Neutral,3,2,1,66.7,33.3,2.0,2021-11-06_2021-11-15|2022-05-05_2022-05-14|2022-09-12_2022-09-21
0.0,3,CPI m/m|Core CPI m/m|PPI m/m,Neutral|Neutral|Neutral,1,1,0,100.0,0.0,inf,2024-11-10_2024-11-19
0.0,3,CPI m/m|Core CPI m/m|PPI m/m,Neutral|Bad|Neutral,1,1,0,100.0,0.0,inf,2019-08-09_2019-08-18
0.1,3,CPI m/m|Core CPI m/m|PPI m/m,Neutral|Neutral|Bad,7,5,2,71.4,28.6,2.5,2018-06-05_2018-06-14|2020-06-04_2020-06-13|2020-10-12_2020-10-21|2023-02-09_2023-02-18|2023-09-07_2023-09-16|2024-12-10_2024-12-19|2025-08-07_2025-08-16
0.1,3,CPI m/m|Core CPI m/m|PPI m/m,Neutral|Neutral|Good,17,8,9,47.1,52.9,0.89,2018-08-04_2018-08-13|2019-02-10_2019-02-19|2019-10-08_2019-10-17|2019-12-07_2019-12-16|2022-01-05_2022-01-14|2022-03-06_2022-03-15|2023-03-11_2023-03-20|2023-04-10_2023-04-19|2023-06-09_2023-06-18|2023-11-06_2023-11-15|2024-01-05_2024-01-14|2025-01-09_2025-01-18|2025-03-10_2025-03-19|2025-07-08_2025-07-17|2021-01-10_2021-01-19|2023-01-10_2023-01-19|2025-05-09_2025-05-18
0.1,3,CPI m/m|Core CPI m/m|PPI m/m,Neutral|Neutral|Neutral,15,9,6,60.0,40.0,1.5,2018-10-03_2018-10-12|2019-03-12_2019-03-21|2019-06-10_2019-06-19|2019-09-08_2019-09-17|2023-07-09_2023-07-18|2023-08-08_2023-08-17|2023-12-06_2023-12-15|2024-08-12_2024-08-21|2024-09-11_2024-09-20|2024-11-10_2024-11-19|2018-05-06_2018-05-15|2018-07-05_2018-07-14|2019-01-11_2019-01-20|2019-08-09_2019-08-18|2020-01-06_2020-01-15
0.1,3,CPI m/m|Core CPI m/m|PPI m/m,Bad|Neutral|Bad,3,3,0,100.0,0.0,inf,2019-11-07_2019-11-16|2021-12-06_2021-12-15|2023-10-07_2023-10-16
0.1,3,CPI m/m|Core CPI m/m|PPI m/m,Good|Good|Good,3,1,2,33.3,66.7,0.5,2020-05-05_2020-05-14|2022-08-03_2022-08-12|2025-04-09_2025-04-18
0.1,3,CPI m/m|Core CPI m/m|PPI m/m,Bad|Bad|Bad,5,4,1,80.0,20.0,4.0,2020-08-03_2020-08-12|2022-10-12_2022-10-21|2025-02-08_2025-02-17|2021-06-09_2021-06-18|2021-07-09_2021-07-18
0.1,3,CPI m/m|Core CPI m/m|PPI m/m,Neutral|Good|Neutral,2,1,1,50.0,50.0,1.0,2020-11-11_2020-11-20|2025-06-08_2025-06-17
0.1,3,CPI m/m|Core CPI m/m|PPI m/m,Neutral|Good|Bad,3,2,1,66.7,33.3,2.0,2021-02-09_2021-02-18|2022-04-05_2022-04-14|2021-08-08_2021-08-17
0.1,3,CPI m/m|Core CPI m/m|PPI m/m,Bad|Neutral|Neutral,1,0,1,0.0,100.0,0.0,2021-10-07_2021-10-16
0.1,3,CPI m/m|Core CPI m/m|PPI m/m,Neutral|Bad|Neutral,2,2,0,100.0,0.0,inf,2023-05-10_2023-05-19|2022-05-05_2022-05-14
0.1,3,CPI m/m|Core CPI m/m|PPI m/m,Good|Neutral|Bad,1,0,1,0.0,100.0,0.0,2024-05-14_2024-05-23
0.1,3,CPI m/m|Core CPI m/m|PPI m/m,Good|Neutral|Neutral,1,0,1,0.0,100.0,0.0,2024-07-03_2024-07-12
0.1,3,CPI m/m|Core CPI m/m|PPI m/m,Bad|Neutral|Good,1,0,1,0.0,100.0,0.0,2025-09-06_2025-09-15
0.1,3,CPI m/m|Core CPI m/m|PPI m/m,Bad|Bad|Neutral,4,3,1,75.0,25.0,3.0,2020-09-02_2020-09-11|2021-11-06_2021-11-15|2024-04-04_2024-04-13|2022-09-12_2022-09-21
0.1,3,CPI m/m|Core CPI m/m|PPI m/m,Good|Good|Neutral,2,1,1,50.0,50.0,1.0,2021-09-07_2021-09-16|2020-04-05_2020-04-14
0.1,3,CPI m/m|Core CPI m/m|PPI m/m,Neutral|Bad|Bad,1,1,0,100.0,0.0,inf,2024-03-05_2024-03-14
0.2,3,CPI m/m|Core CPI m/m|PPI m/m,Neutral|Neutral|Neutral,43,26,17,60.5,39.5,1.53,2018-06-05_2018-06-14|2018-08-04_2018-08-13|2018-10-03_2018-10-12|2019-02-10_2019-02-19|2019-03-12_2019-03-21|2019-06-10_2019-06-19|2019-09-08_2019-09-17|2019-11-07_2019-11-16|2019-12-07_2019-12-16|2020-10-12_2020-10-21|2020-11-11_2020-11-20|2021-10-07_2021-10-16|2022-01-05_2022-01-14|2022-03-06_2022-03-15|2022-10-12_2022-10-21|2023-05-10_2023-05-19|2023-06-09_2023-06-18|2023-07-09_2023-07-18|2023-08-08_2023-08-17|2023-10-07_2023-10-16|2023-12-06_2023-12-15|2024-01-05_2024-01-14|2024-05-14_2024-05-23|2024-07-03_2024-07-12|2024-08-12_2024-08-21|2024-09-11_2024-09-20|2024-12-10_2024-12-19|2025-01-09_2025-01-18|2025-02-08_2025-02-17|2025-06-08_2025-06-17|2025-07-08_2025-07-17|2020-09-02_2020-09-11|2021-01-10_2021-01-19|2021-09-07_2021-09-16|2022-05-05_2022-05-14|2024-04-04_2024-04-13|2024-11-10_2024-11-19|2018-05-06_2018-05-15|2018-07-05_2018-07-14|2019-01-11_2019-01-20|2019-08-09_2019-08-18|2020-01-06_2020-01-15|2020-04-05_2020-04-14
0.2,3,CPI m/m|Core CPI m/m|PPI m/m,Neutral|Neutral|Good,11,5,6,45.5,54.5,0.83,2019-10-08_2019-10-17|2020-05-05_2020-05-14|2022-08-03_2022-08-12|2023-03-11_2023-03-20|2023-04-10_2023-04-19|2023-11-06_2023-11-15|2025-03-10_2025-03-19|2025-04-09_2025-04-18|2025-09-06_2025-09-15|2023-01-10_2023-01-19|2025-05-09_2025-05-18
0.2,3,CPI m/m|Core CPI m/m|PPI m/m,Neutral|Neutral|Bad,10,7,3,70.0,30.0,2.33,2020-06-04_2020-06-13|2021-02-09_2021-02-18|2021-12-06_2021-12-15|2022-04-05_2022-04-14|2023-02-09_2023-02-18|2023-09-07_2023-09-16|2021-06-09_2021-06-18|2021-08-08_2021-08-17|2025-08-07_2025-08-16|2024-03-05_2024-03-14
0.2,3,CPI m/m|Core CPI m/m|PPI m/m,Bad|Bad|Bad,2,1,1,50.0,50.0,1.0,2020-08-03_2020-08-12|2021-07-09_2021-07-18
0.2,3,CPI m/m|Core CPI m/m|PPI m/m,Bad|Neutral|Neutral,1,0,1,0.0,100.0,0.0,2021-11-06_2021-11-15
0.2,3,CPI m/m|Core CPI m/m|PPI m/m,Neutral|Bad|Neutral,1,1,0,100.0,0.0,inf,2022-09-12_2022-09-21
0.3,3,CPI m/m|Core CPI m/m|PPI m/m,Neutral|Neutral|Neutral,49,30,19,61.2,38.8,1.58,2018-06-05_2018-06-14|2018-08-04_2018-08-13|2018-10-03_2018-10-12|2019-02-10_2019-02-19|2019-03-12_2019-03-21|2019-06-10_2019-06-19|2019-09-08_2019-09-17|2019-11-07_2019-11-16|2019-12-07_2019-12-16|2020-10-12_2020-10-21|2020-11-11_2020-11-20|2021-10-07_2021-10-16|2022-01-05_2022-01-14|2022-03-06_2022-03-15|2022-04-05_2022-04-14|2022-10-12_2022-10-21|2023-02-09_2023-02-18|2023-05-10_2023-05-19|2023-06-09_2023-06-18|2023-07-09_2023-07-18|2023-08-08_2023-08-17|2023-09-07_2023-09-16|2023-10-07_2023-10-16|2023-12-06_2023-12-15|2024-01-05_2024-01-14|2024-05-14_2024-05-23|2024-07-03_2024-07-12|2024-08-12_2024-08-21|2024-09-11_2024-09-20|2024-12-10_2024-12-19|2025-01-09_2025-01-18|2025-02-08_2025-02-17|2025-03-10_2025-03-19|2025-06-08_2025-06-17|2025-07-08_2025-07-17|2020-09-02_2020-09-11|2021-01-10_2021-01-19|2021-09-07_2021-09-16|2022-05-05_2022-05-14|2024-04-04_2024-04-13|2024-11-10_2024-11-19|2022-09-12_2022-09-21|2024-03-05_2024-03-14|2018-05-06_2018-05-15|2018-07-05_2018-07-14|2019-01-11_2019-01-20|2019-08-09_2019-08-18|2020-01-06_2020-01-15|2020-04-05_2020-04-14
0.3,3,CPI m/m|Core CPI m/m|PPI m/m,Neutral|Neutral|Good,10,4,6,40.0,60.0,0.67,2019-10-08_2019-10-17|2020-05-05_2020-05-14|2022-08-03_2022-08-12|2023-03-11_2023-03-20|2023-04-10_2023-04-19|2023-11-06_2023-11-15|2025-04-09_2025-04-18|2025-09-06_2025-09-15|2023-01-10_2023-01-19|2025-05-09_2025-05-18
0.3,3,CPI m/m|Core CPI m/m|PPI m/m,Neutral|Neutral|Bad,6,5,1,83.3,16.7,5.0,2020-06-04_2020-06-13|2021-02-09_2021-02-18|2021-12-06_2021-12-15|2021-06-09_2021-06-18|2021-08-08_2021-08-17|2025-08-07_2025-08-16
0.3,3,CPI m/m|Core CPI m/m|PPI m/m,Neutral|Bad|Neutral,1,0,1,0.0,100.0,0.0,2020-08-03_2020-08-12
0.3,3,CPI m/m|Core CPI m/m|PPI m/m,Bad|Bad|Bad,1,1,0,100.0,0.0,inf,2021-07-09_2021-07-18
0.3,3,CPI m/m|Core CPI m/m|PPI m/m,Bad|Neutral|Neutral,1,0,1,0.0,100.0,0.0,2021-11-06_2021-11-15
0.0,3,CPI m/m|Core CPI m/m|Core PPI m/m,Neutral|Bad|Bad,4,3,1,75.0,25.0,3.0,2018-06-05_2018-06-14|2019-09-08_2019-09-17|2024-09-11_2024-09-20|2024-03-05_2024-03-14
0.0,3,CPI m/m|Core CPI m/m|Core PPI m/m,Neutral|Neutral|Good,4,1,3,25.0,75.0,0.33,2018-08-04_2018-08-13|2022-03-06_2022-03-15|2024-08-12_2024-08-21|2019-01-11_2019-01-20
0.0,3,CPI m/m|Core CPI m/m|Core PPI m/m,Good|Good|Neutral,3,2,1,66.7,33.3,2.0,2018-10-03_2018-10-12|2020-06-04_2020-06-13|2018-05-06_2018-05-15
0.0,3,CPI m/m|Core CPI m/m|Core PPI m/m,Good|Neutral|Bad,3,1,2,33.3,66.7,0.5,2019-02-10_2019-02-19|2024-05-14_2024-05-23|2018-07-05_2018-07-14
0.0,3,CPI m/m|Core CPI m/m|Core PPI m/m,Neutral|Good|Good,4,3,1,75.0,25.0,3.0,2019-03-12_2019-03-21|2025-01-09_2025-01-18|2025-07-08_2025-07-17|2020-01-06_2020-01-15
0.0,3,CPI m/m|Core CPI m/m|Core PPI m/m,Neutral|Good|Neutral,1,0,1,0.0,100.0,0.0,2019-06-10_2019-06-19
0.0,3,CPI m/m|Core CPI m/m|Core PPI m/m,Good|Good|Good,10,5,5,50.0,50.0,1.0,2019-10-08_2019-10-17|2020-05-05_2020-05-14|2020-11-11_2020-11-20|2022-08-03_2022-08-12|2023-07-09_2023-07-18|2023-11-06_2023-11-15|2025-03-10_2025-03-19|2025-04-09_2025-04-18|2025-06-08_2025-06-17|2025-05-09_2025-05-18
0.0,3,CPI m/m|Core CPI m/m|Core PPI m/m,Bad|Neutral|Bad,3,3,0,100.0,0.0,inf,2019-11-07_2019-11-16|2021-12-06_2021-12-15|2023-10-07_2023-10-16
0.0,3,CPI m/m|Core CPI m/m|Core PPI m/m,Bad|Neutral|Good,5,1,4,20.0,80.0,0.25,2019-12-07_2019-12-16|2021-10-07_2021-10-16|2023-12-06_2023-12-15|2024-01-05_2024-01-14|2025-09-06_2025-09-15
0.0,3,CPI m/m|Core CPI m/m|Core PPI m/m,Bad|Bad|Bad,5,4,1,80.0,20.0,4.0,2020-08-03_2020-08-12|2020-09-02_2020-09-11|2021-06-09_2021-06-18|2021-07-09_2021-07-18|2022-09-12_2022-09-21
0.0,3,CPI m/m|Core CPI m/m|Core PPI m/m,Neutral|Neutral|Bad,4,3,1,75.0,25.0,3.0,2020-10-12_2020-10-21|2023-02-09_2023-02-18|2023-08-08_2023-08-17|2025-08-07_2025-08-16
0.0,3,CPI m/m|Core CPI m/m|Core PPI m/m,Neutral|Good|Bad,3,2,1,66.7,33.3,2.0,2021-02-09_2021-02-18|2022-04-05_2022-04-14|2021-08-08_2021-08-17
0.0,3,CPI m/m|Core CPI m/m|Core PPI m/m,Bad|Bad|Neutral,4,4,0,100.0,0.0,inf,2022-01-05_2022-01-14|2022-10-12_2022-10-21|2025-02-08_2025-02-17|2024-04-04_2024-04-13
0.0,3,CPI m/m|Core CPI m/m|Core PPI m/m,Neutral|Bad|Good,2,1,1,50.0,50.0,1.0,2023-03-11_2023-03-20|2019-08-09_2019-08-18
0.0,3,CPI m/m|Core CPI m/m|Core PPI m/m,Good|Neutral|Good,1,1,0,100.0,0.0,inf,2023-04-10_2023-04-19
0.0,3,CPI m/m|Core CPI m/m|Core PPI m/m,Neutral|Bad|Neutral,2,1,1,50.0,50.0,1.0,2023-05-10_2023-05-19|2023-09-07_2023-09-16
0.0,3,CPI m/m|Core CPI m/m|Core PPI m/m,Good|Neutral|Neutral,1,0,1,0.0,100.0,0.0,2023-06-09_2023-06-18
0.0,3,CPI m/m|Core CPI m/m|Core PPI m/m,Good|Good|Bad,3,1,2,33.3,66.7,0.5,2024-07-03_2024-07-12|2021-09-07_2021-09-16|2020-04-05_2020-04-14
0.0,3,CPI m/m|Core CPI m/m|Core PPI m/m,Neutral|Neutral|Neutral,4,3,1,75.0,25.0,3.0,2024-12-10_2024-12-19|2021-01-10_2021-01-19|2023-01-10_2023-01-19|2024-11-10_2024-11-19
0.0,3,CPI m/m|Core CPI m/m|Core PPI m/m,Bad|Bad|Good,2,1,1,50.0,50.0,1.0,2021-11-06_2021-11-15|2022-05-05_2022-05-14
0.1,3,CPI m/m|Core CPI m/m|Core PPI m/m,Neutral|Neutral|Neutral,21,11,10,52.4,47.6,1.1,2018-06-05_2018-06-14|2018-08-04_2018-08-13|2018-10-03_2018-10-12|2019-02-10_2019-02-19|2019-03-12_2019-03-21|2019-06-10_2019-06-19|2019-09-08_2019-09-17|2020-06-04_2020-06-13|2022-01-05_2022-01-14|2023-06-09_2023-06-18|2023-07-09_2023-07-18|2023-08-08_2023-08-17|2023-09-07_2023-09-16|2024-09-11_2024-09-20|2024-12-10_2024-12-19|2021-01-10_2021-01-19|2023-01-10_2023-01-19|2024-11-10_2024-11-19|2018-05-06_2018-05-15|2018-07-05_2018-07-14|2020-01-06_2020-01-15
0.1,3,CPI m/m|Core CPI m/m|Core PPI m/m,Neutral|Neutral|Good,15,8,7,53.3,46.7,1.14,2019-10-08_2019-10-17|2019-12-07_2019-12-16|2022-03-06_2022-03-15|2023-03-11_2023-03-20|2023-04-10_2023-04-19|2023-11-06_2023-11-15|2023-12-06_2023-12-15|2024-01-05_2024-01-14|2024-08-12_2024-08-21|2025-01-09_2025-01-18|2025-03-10_2025-03-19|2025-07-08_2025-07-17|2025-05-09_2025-05-18|2019-01-11_2019-01-20|2019-08-09_2019-08-18
0.1,3,CPI m/m|Core CPI m/m|Core PPI m/m,Bad|Neutral|Neutral,2,2,0,100.0,0.0,inf,2019-11-07_2019-11-16|2023-10-07_2023-10-16
0.1,3,CPI m/m|Core CPI m/m|Core PPI m/m,Good|Good|Good,3,1,2,33.3,66.7,0.5,2020-05-05_2020-05-14|2022-08-03_2022-08-12|2025-04-09_2025-04-18
0.1,3,CPI m/m|Core CPI m/m|Core PPI m/m,Bad|Bad|Bad,5,4,1,80.0,20.0,4.0,2020-08-03_2020-08-12|2020-09-02_2020-09-11|2021-06-09_2021-06-18|2021-07-09_2021-07-18|2022-09-12_2022-09-21
0.1,3,CPI m/m|Core CPI m/m|Core PPI m/m,Neutral|Neutral|Bad,3,3,0,100.0,0.0,inf,2020-10-12_2020-10-21|2023-02-09_2023-02-18|2025-08-07_2025-08-16
0.1,3,CPI m/m|Core CPI m/m|Core PPI m/m,Neutral|Good|Neutral,1,1,0,100.0,0.0,inf,2020-11-11_2020-11-20
0.1,3,CPI m/m|Core CPI m/m|Core PPI m/m,Neutral|Good|Bad,3,2,1,66.7,33.3,2.0,2021-02-09_2021-02-18|2022-04-05_2022-04-14|2021-08-08_2021-08-17
0.1,3,CPI m/m|Core CPI m/m|Core PPI m/m,Bad|Neutral|Good,2,0,2,0.0,100.0,0.0,2021-10-07_2021-10-16|2025-09-06_2025-09-15
0.1,3,CPI m/m|Core CPI m/m|Core PPI m/m,Bad|Neutral|Bad,1,1,0,100.0,0.0,inf,2021-12-06_2021-12-15
0.1,3,CPI m/m|Core CPI m/m|Core PPI m/m,Bad|Bad|Neutral,4,3,1,75.0,25.0,3.0,2022-10-12_2022-10-21|2025-02-08_2025-02-17|2021-11-06_2021-11-15|2024-04-04_2024-04-13
0.1,3,CPI m/m|Core CPI m/m|Core PPI m/m,Neutral|Bad|Neutral,2,2,0,100.0,0.0,inf,2023-05-10_2023-05-19|2024-03-05_2024-03-14
0.1,3,CPI m/m|Core CPI m/m|Core PPI m/m,Good|Neutral|Bad,2,0,2,0.0,100.0,0.0,2024-05-14_2024-05-23|2024-07-03_2024-07-12
0.1,3,CPI m/m|Core CPI m/m|Core PPI m/m,Neutral|Good|Good,1,0,1,0.0,100.0,0.0,2025-06-08_2025-06-17
0.1,3,CPI m/m|Core CPI m/m|Core PPI m/m,Good|Good|Neutral,1,1,0,100.0,0.0,inf,2021-09-07_2021-09-16
0.1,3,CPI m/m|Core CPI m/m|Core PPI m/m,Neutral|Bad|Good,1,1,0,100.0,0.0,inf,2022-05-05_2022-05-14
0.1,3,CPI m/m|Core CPI m/m|Core PPI m/m,Good|Good|Bad,1,0,1,0.0,100.0,0.0,2020-04-05_2020-04-14
0.2,3,CPI m/m|Core CPI m/m|Core PPI m/m,Neutral|Neutral|Neutral,45,29,16,64.4,35.6,1.81,2018-06-05_2018-06-14|2018-08-04_2018-08-13|2018-10-03_2018-10-12|2019-02-10_2019-02-19|2019-03-12_2019-03-21|2019-06-10_2019-06-19|2019-09-08_2019-09-17|2019-11-07_2019-11-16|2020-05-05_2020-05-14|2020-06-04_2020-06-13|2020-10-12_2020-10-21|2020-11-11_2020-11-20|2022-01-05_2022-01-14|2022-08-03_2022-08-12|2022-10-12_2022-10-21|2023-02-09_2023-02-18|2023-05-10_2023-05-19|2023-06-09_2023-06-18|2023-07-09_2023-07-18|2023-08-08_2023-08-17|2023-09-07_2023-09-16|2023-10-07_2023-10-16|2023-12-06_2023-12-15|2024-01-05_2024-01-14|2024-07-03_2024-07-12|2024-08-12_2024-08-21|2024-09-11_2024-09-20|2024-12-10_2024-12-19|2025-01-09_2025-01-18|2025-02-08_2025-02-17|2025-06-08_2025-06-17|2025-07-08_2025-07-17|2020-09-02_2020-09-11|2021-01-10_2021-01-19|2021-06-09_2021-06-18|2021-09-07_2021-09-16|2022-05-05_2022-05-14|2023-01-10_2023-01-19|2024-04-04_2024-04-13|2024-11-10_2024-11-19|2024-03-05_2024-03-14|2018-05-06_2018-05-15|2018-07-05_2018-07-14|2020-01-06_2020-01-15|2020-04-05_2020-04-14
0.2,3,CPI m/m|Core CPI m/m|Core PPI m/m,Neutral|Neutral|Good,13,5,8,38.5,61.5,0.63,2019-10-08_2019-10-17|2019-12-07_2019-12-16|2021-10-07_2021-10-16|2022-03-06_2022-03-15|2023-03-11_2023-03-20|2023-04-10_2023-04-19|2023-11-06_2023-11-15|2025-03-10_2025-03-19|2025-04-09_2025-04-18|2025-09-06_2025-09-15|2025-05-09_2025-05-18|2019-01-11_2019-01-20|2019-08-09_2019-08-18
0.2,3,CPI m/m|Core CPI m/m|Core PPI m/m,Bad|Bad|Bad,2,1,1,50.0,50.0,1.0,2020-08-03_2020-08-12|2021-07-09_2021-07-18
0.2,3,CPI m/m|Core CPI m/m|Core PPI m/m,Neutral|Neutral|Bad,6,4,2,66.7,33.3,2.0,2021-02-09_2021-02-18|2021-12-06_2021-12-15|2022-04-05_2022-04-14|2024-05-14_2024-05-23|2021-08-08_2021-08-17|2025-08-07_2025-08-16
0.2,3,CPI m/m|Core CPI m/m|Core PPI m/m,Bad|Neutral|Neutral,1,0,1,0.0,100.0,0.0,2021-11-06_2021-11-15
0.2,3,CPI m/m|Core CPI m/m|Core PPI m/m,Neutral|Bad|Neutral,1,1,0,100.0,0.0,inf,2022-09-12_2022-09-21
0.3,3,CPI m/m|Core CPI m/m|Core PPI m/m,Neutral|Neutral|Neutral,50,32,18,64.0,36.0,1.78,2018-06-05_2018-06-14|2018-08-04_2018-08-13|2018-10-03_2018-10-12|2019-02-10_2019-02-19|2019-03-12_2019-03-21|2019-06-10_2019-06-19|2019-09-08_2019-09-17|2019-11-07_2019-11-16|2020-05-05_2020-05-14|2020-06-04_2020-06-13|2020-10-12_2020-10-21|2020-11-11_2020-11-20|2021-10-07_2021-10-16|2021-12-06_2021-12-15|2022-01-05_2022-01-14|2022-08-03_2022-08-12|2022-10-12_2022-10-21|2023-02-09_2023-02-18|2023-05-10_2023-05-19|2023-06-09_2023-06-18|2023-07-09_2023-07-18|2023-08-08_2023-08-17|2023-09-07_2023-09-16|2023-10-07_2023-10-16|2023-11-06_2023-11-15|2023-12-06_2023-12-15|2024-01-05_2024-01-14|2024-05-14_2024-05-23|2024-07-03_2024-07-12|2024-08-12_2024-08-21|2024-09-11_2024-09-20|2024-12-10_2024-12-19|2025-01-09_2025-01-18|2025-02-08_2025-02-17|2025-06-08_2025-06-17|2025-07-08_2025-07-17|2020-09-02_2020-09-11|2021-01-10_2021-01-19|2021-06-09_2021-06-18|2021-09-07_2021-09-16|2022-05-05_2022-05-14|2023-01-10_2023-01-19|2024-04-04_2024-04-13|2024-11-10_2024-11-19|2022-09-12_2022-09-21|2024-03-05_2024-03-14|2018-05-06_2018-05-15|2018-07-05_2018-07-14|2020-01-06_2020-01-15|2020-04-05_2020-04-14
0.3,3,CPI m/m|Core CPI m/m|Core PPI m/m,Neutral|Neutral|Good,11,4,7,36.4,63.6,0.57,2019-10-08_2019-10-17|2019-12-07_2019-12-16|2022-03-06_2022-03-15|2023-03-11_2023-03-20|2023-04-10_2023-04-19|2025-03-10_2025-03-19|2025-04-09_2025-04-18|2025-09-06_2025-09-15|2025-05-09_2025-05-18|2019-01-11_2019-01-20|2019-08-09_2019-08-18
0.3,3,CPI m/m|Core CPI m/m|Core PPI m/m,Neutral|Bad|Bad,1,0,1,0.0,100.0,0.0,2020-08-03_2020-08-12
0.3,3,CPI m/m|Core CPI m/m|Core PPI m/m,Neutral|Neutral|Bad,4,3,1,75.0,25.0,3.0,2021-02-09_2021-02-18|2022-04-05_2022-04-14|2021-08-08_2021-08-17|2025-08-07_2025-08-16
0.3,3,CPI m/m|Core CPI m/m|Core PPI m/m,Bad|Bad|Bad,1,1,0,100.0,0.0,inf,2021-07-09_2021-07-18
0.3,3,CPI m/m|Core CPI m/m|Core PPI m/m,Bad|Neutral|Neutral,1,0,1,0.0,100.0,0.0,2021-11-06_2021-11-15
0.0,3,CPI m/m|Core CPI m/m|FOMC,Good|Neutral|Neutral,1,0,1,0.0,100.0,0.0,2023-06-09_2023-06-18
0.0,3,CPI m/m|Core CPI m/m|FOMC,Bad|Neutral|Neutral,1,0,1,0.0,100.0,0.0,2023-12-06_2023-12-15
0.0,3,CPI m/m|Core CPI m/m|FOMC,Good|Good|Neutral,1,1,0,100.0,0.0,inf,2024-06-03_2024-06-12
0.0,3,CPI m/m|Core CPI m/m|FOMC,Neutral|Bad|Good,1,1,0,100.0,0.0,inf,2024-09-11_2024-09-20
0.0,3,CPI m/m|Core CPI m/m|FOMC,Neutral|Neutral|Neutral,1,1,0,100.0,0.0,inf,2024-12-10_2024-12-19
0.1,3,CPI m/m|Core CPI m/m|FOMC,Neutral|Neutral|Neutral,4,2,2,50.0,50.0,1.0,2023-06-09_2023-06-18|2023-12-06_2023-12-15|2024-06-03_2024-06-12|2024-12-10_2024-12-19
0.1,3,CPI m/m|Core CPI m/m|FOMC,Neutral|Neutral|Good,1,1,0,100.0,0.0,inf,2024-09-11_2024-09-20
0.2,3,CPI m/m|Core CPI m/m|FOMC,Neutral|Neutral|Neutral,4,2,2,50.0,50.0,1.0,2023-06-09_2023-06-18|2023-12-06_2023-12-15|2024-06-03_2024-06-12|2024-12-10_2024-12-19
0.2,3,CPI m/m|Core CPI m/m|FOMC,Neutral|Neutral|Good,1,1,0,100.0,0.0,inf,2024-09-11_2024-09-20
0.3,3,CPI m/m|Core CPI m/m|FOMC,Neutral|Neutral|Neutral,5,3,2,60.0,40.0,1.5,2023-06-09_2023-06-18|2023-12-06_2023-12-15|2024-06-03_2024-06-12|2024-09-11_2024-09-20|2024-12-10_2024-12-19
0.0,3,CPI m/m|Core CPI m/m|CPI y/y,Bad|Bad|Bad,17,10,7,58.8,41.2,1.43,2018-02-05_2018-02-14|2020-08-03_2020-08-12|2021-04-10_2021-04-19|2022-07-04_2022-07-13|2022-10-12_2022-10-21|2024-02-04_2024-02-13|2024-10-01_2024-10-10|2025-02-08_2025-02-17|2020-09-02_2020-09-11|2021-06-09_2021-06-18|2021-07-09_2021-07-18|2021-11-06_2021-11-15|2022-05-05_2022-05-14|2022-06-04_2022-06-13|2024-04-04_2024-04-13|2022-09-12_2022-09-21|2022-02-04_2022-02-13
0.0,3,CPI m/m|Core CPI m/m|CPI y/y,Neutral|Bad|Neutral,3,2,1,66.7,33.3,2.0,2018-06-05_2018-06-14|2023-03-11_2023-03-20|2024-09-11_2024-09-20
0.0,3,CPI m/m|Core CPI m/m|CPI y/y,Neutral|Neutral|Neutral,10,5,5,50.0,50.0,1.0,2018-08-04_2018-08-13|2018-11-12_2018-11-21|2018-12-12_2018-12-21|2020-10-12_2020-10-21|2022-03-06_2022-03-15|2024-12-10_2024-12-19|2021-01-10_2021-01-19|2023-01-10_2023-01-19|2024-11-10_2024-11-19|2019-01-11_2019-01-20
0.0,3,CPI m/m|Core CPI m/m|CPI y/y,Good|Good|Good,19,9,10,47.4,52.6,0.9,2018-09-13_2018-09-22|2018-10-03_2018-10-12|2019-10-08_2019-10-17|2020-05-05_2020-05-14|2020-06-04_2020-06-13|2020-11-11_2020-11-20|2022-08-03_2022-08-12|2022-12-11_2022-12-20|2023-07-09_2023-07-18|2023-11-06_2023-11-15|2024-06-03_2024-06-12|2024-07-03_2024-07-12|2025-03-10_2025-03-19|2025-04-09_2025-04-18|2025-06-08_2025-06-17|2025-10-16_2025-10-25|2022-11-01_2022-11-10|2025-05-09_2025-05-18|2020-04-05_2020-04-14
0.0,3,CPI m/m|Core CPI m/m|CPI y/y,Good|Neutral|Bad,1,0,1,0.0,100.0,0.0,2019-02-10_2019-02-19
0.0,3,CPI m/m|Core CPI m/m|CPI y/y,Neutral|Good|Good,2,1,1,50.0,50.0,1.0,2019-03-12_2019-03-21|2019-06-10_2019-06-19
0.0,3,CPI m/m|Core CPI m/m|CPI y/y,Bad|Good|Bad,1,0,1,0.0,100.0,0.0,2019-04-01_2019-04-10
0.0,3,CPI m/m|Core CPI m/m|CPI y/y,Neutral|Bad|Good,2,1,1,50.0,50.0,1.0,2019-09-08_2019-09-17|2023-05-10_2023-05-19
0.0,3,CPI m/m|Core CPI m/m|CPI y/y,Bad|Neutral|Bad,5,3,2,60.0,40.0,1.5,2019-11-07_2019-11-16|2019-12-07_2019-12-16|2021-10-07_2021-10-16|2023-10-07_2023-10-16|2024-01-05_2024-01-14
0.0,3,CPI m/m|Core CPI m/m|CPI y/y,Bad|Bad|Neutral,3,2,1,66.7,33.3,2.0,2020-07-14_2020-07-23|2020-12-01_2020-12-10|2022-01-05_2022-01-14
0.0,3,CPI m/m|Core CPI m/m|CPI y/y,Neutral|Good|Neutral,5,4,1,80.0,20.0,4.0,2021-02-09_2021-02-18|2025-01-09_2025-01-18|2026-01-04_2026-01-13|2021-03-01_2021-03-10|2020-01-06_2020-01-15
0.0,3,CPI m/m|Core CPI m/m|CPI y/y,Bad|Neutral|Neutral,3,1,2,33.3,66.7,0.5,2021-12-06_2021-12-15|2023-12-06_2023-12-15|2025-09-06_2025-09-15
0.0,3,CPI m/m|Core CPI m/m|CPI y/y,Neutral|Good|Bad,3,2,1,66.7,33.3,2.0,2022-04-05_2022-04-14|2025-07-08_2025-07-17|2021-08-08_2021-08-17
0.0,3,CPI m/m|Core CPI m/m|CPI y/y,Neutral|Neutral|Bad,1,1,0,100.0,0.0,inf,2023-02-09_2023-02-18
0.0,3,CPI m/m|Core CPI m/m|CPI y/y,Good|Neutral|Good,3,1,2,33.3,66.7,0.5,2023-04-10_2023-04-19|2023-06-09_2023-06-18|2026-02-13_2026-02-22
0.0,3,CPI m/m|Core CPI m/m|CPI y/y,Neutral|Neutral|Good,3,1,2,33.3,66.7,0.5,2023-08-08_2023-08-17|2024-08-12_2024-08-21|2025-08-07_2025-08-16
0.0,3,CPI m/m|Core CPI m/m|CPI y/y,Neutral|Bad|Bad,3,2,1,66.7,33.3,2.0,2023-09-07_2023-09-16|2024-03-05_2024-03-14|2019-08-09_2019-08-18
0.0,3,CPI m/m|Core CPI m/m|CPI y/y,Good|Neutral|Neutral,2,1,1,50.0,50.0,1.0,2024-05-14_2024-05-23|2018-07-05_2018-07-14
0.0,3,CPI m/m|Core CPI m/m|CPI y/y,Good|Good|Neutral,2,2,0,100.0,0.0,inf,2021-09-07_2021-09-16|2018-05-06_2018-05-15
0.1,3,CPI m/m|Core CPI m/m|CPI y/y,Bad|Neutral|Bad,6,3,3,50.0,50.0,1.0,2018-02-05_2018-02-14|2019-11-07_2019-11-16|2021-10-07_2021-10-16|2023-10-07_2023-10-16|2022-06-04_2022-06-13|2022-02-04_2022-02-13
0.1,3,CPI m/m|Core CPI m/m|CPI y/y,Neutral|Neutral|Neutral,30,17,13,56.7,43.3,1.31,2018-06-05_2018-06-14|2018-08-04_2018-08-13|2018-09-13_2018-09-22|2018-11-12_2018-11-21|2018-12-12_2018-12-21|2019-06-10_2019-06-19|2020-07-14_2020-07-23|2020-10-12_2020-10-21|2020-12-01_2020-12-10|2022-01-05_2022-01-14|2022-03-06_2022-03-15|2023-03-11_2023-03-20|2023-04-10_2023-04-19|2023-06-09_2023-06-18|2023-08-08_2023-08-17|2023-11-06_2023-11-15|2023-12-06_2023-12-15|2024-09-11_2024-09-20|2024-12-10_2024-12-19|2025-01-09_2025-01-18|2026-01-04_2026-01-13|2021-01-10_2021-01-19|2021-03-01_2021-03-10|2023-01-10_2023-01-19|2024-11-10_2024-11-19|2025-08-07_2025-08-16|2018-05-06_2018-05-15|2018-07-05_2018-07-14|2019-01-11_2019-01-20|2020-01-06_2020-01-15
0.1,3,CPI m/m|Core CPI m/m|CPI y/y,Neutral|Neutral|Good,11,5,6,45.5,54.5,0.83,2018-10-03_2018-10-12|2019-03-12_2019-03-21|2019-09-08_2019-09-17|2019-10-08_2019-10-17|2020-06-04_2020-06-13|2023-07-09_2023-07-18|2024-06-03_2024-06-12|2024-08-12_2024-08-21|2025-03-10_2025-03-19|2026-02-13_2026-02-22|2025-05-09_2025-05-18
0.1,3,CPI m/m|Core CPI m/m|CPI y/y,Neutral|Neutral|Bad,9,5,4,55.6,44.4,1.25,2019-02-10_2019-02-19|2019-12-07_2019-12-16|2021-04-10_2021-04-19|2023-02-09_2023-02-18|2023-09-07_2023-09-16|2024-01-05_2024-01-14|2024-10-01_2024-10-10|2025-07-08_2025-07-17|2019-08-09_2019-08-18
0.1,3,CPI m/m|Core CPI m/m|CPI y/y,Bad|Neutral|Neutral,3,1,2,33.3,66.7,0.5,2019-04-01_2019-04-10|2021-12-06_2021-12-15|2025-09-06_2025-09-15
0.1,3,CPI m/m|Core CPI m/m|CPI y/y,Good|Good|Good,5,2,3,40.0,60.0,0.67,2020-05-05_2020-05-14|2022-08-03_2022-08-12|2025-04-09_2025-04-18|2022-11-01_2022-11-10|2020-04-05_2020-04-14
0.1,3,CPI m/m|Core CPI m/m|CPI y/y,Bad|Bad|Bad,9,6,3,66.7,33.3,2.0,2020-08-03_2020-08-12|2022-07-04_2022-07-13|2025-02-08_2025-02-17|2020-09-02_2020-09-11|2021-06-09_2021-06-18|2021-07-09_2021-07-18|2021-11-06_2021-11-15|2024-04-04_2024-04-13|2022-09-12_2022-09-21
0.1,3,CPI m/m|Core CPI m/m|CPI y/y,Neutral|Good|Good,2,1,1,50.0,50.0,1.0,2020-11-11_2020-11-20|2025-06-08_2025-06-17
0.1,3,CPI m/m|Core CPI m/m|CPI y/y,Neutral|Good|Neutral,2,1,1,50.0,50.0,1.0,2021-02-09_2021-02-18|2022-04-05_2022-04-14
0.1,3,CPI m/m|Core CPI m/m|CPI y/y,Bad|Bad|Neutral,1,1,0,100.0,0.0,inf,2022-10-12_2022-10-21
0.1,3,CPI m/m|Core CPI m/m|CPI y/y,Good|Neutral|Good,3,1,2,33.3,66.7,0.5,2022-12-11_2022-12-20|2024-07-03_2024-07-12|2025-10-16_2025-10-25
0.1,3,CPI m/m|Core CPI m/m|CPI y/y,Neutral|Bad|Neutral,1,1,0,100.0,0.0,inf,2023-05-10_2023-05-19
0.1,3,CPI m/m|Core CPI m/m|CPI y/y,Neutral|Bad|Bad,3,2,1,66.7,33.3,2.0,2024-02-04_2024-02-13|2022-05-05_2022-05-14|2024-03-05_2024-03-14
0.1,3,CPI m/m|Core CPI m/m|CPI y/y,Good|Neutral|Neutral,1,0,1,0.0,100.0,0.0,2024-05-14_2024-05-23
0.1,3,CPI m/m|Core CPI m/m|CPI y/y,Neutral|Good|Bad,1,1,0,100.0,0.0,inf,2021-08-08_2021-08-17
0.1,3,CPI m/m|Core CPI m/m|CPI y/y,Good|Good|Neutral,1,1,0,100.0,0.0,inf,2021-09-07_2021-09-16
0.2,3,CPI m/m|Core CPI m/m|CPI y/y,Neutral|Neutral|Bad,7,3,4,42.9,57.1,0.75,2018-02-05_2018-02-14|2022-07-04_2022-07-13|2023-02-09_2023-02-18|2024-02-04_2024-02-13|2021-06-09_2021-06-18|2022-05-05_2022-05-14|2022-02-04_2022-02-13
0.2,3,CPI m/m|Core CPI m/m|CPI y/y,Neutral|Neutral|Neutral,74,40,34,54.1,45.9,1.18,2018-06-05_2018-06-14|2018-08-04_2018-08-13|2018-09-13_2018-09-22|2018-10-03_2018-10-12|2018-11-12_2018-11-21|2018-12-12_2018-12-21|2019-02-10_2019-02-19|2019-03-12_2019-03-21|2019-04-01_2019-04-10|2019-06-10_2019-06-19|2019-09-08_2019-09-17|2019-10-08_2019-10-17|2019-11-07_2019-11-16|2019-12-07_2019-12-16|2020-05-05_2020-05-14|2020-06-04_2020-06-13|2020-07-14_2020-07-23|2020-10-12_2020-10-21|2020-11-11_2020-11-20|2020-12-01_2020-12-10|2021-02-09_2021-02-18|2021-04-10_2021-04-19|2021-10-07_2021-10-16|2021-12-06_2021-12-15|2022-01-05_2022-01-14|2022-03-06_2022-03-15|2022-04-05_2022-04-14|2022-08-03_2022-08-12|2022-10-12_2022-10-21|2023-03-11_2023-03-20|2023-04-10_2023-04-19|2023-05-10_2023-05-19|2023-06-09_2023-06-18|2023-07-09_2023-07-18|2023-08-08_2023-08-17|2023-09-07_2023-09-16|2023-10-07_2023-10-16|2023-11-06_2023-11-15|2023-12-06_2023-12-15|2024-01-05_2024-01-14|2024-05-14_2024-05-23|2024-06-03_2024-06-12|2024-07-03_2024-07-12|2024-08-12_2024-08-21|2024-09-11_2024-09-20|2024-10-01_2024-10-10|2024-12-10_2024-12-19|2025-01-09_2025-01-18|2025-02-08_2025-02-17|2025-03-10_2025-03-19|2025-04-09_2025-04-18|2025-06-08_2025-06-17|2025-07-08_2025-07-17|2025-09-06_2025-09-15|2025-10-16_2025-10-25|2026-01-04_2026-01-13|2026-02-13_2026-02-22|2020-09-02_2020-09-11|2021-01-10_2021-01-19|2021-03-01_2021-03-10|2021-08-08_2021-08-17|2021-09-07_2021-09-16|2023-01-10_2023-01-19|2024-04-04_2024-04-13|2024-11-10_2024-11-19|2025-05-09_2025-05-18|2025-08-07_2025-08-16|2024-03-05_2024-03-14|2018-05-06_2018-05-15|2018-07-05_2018-07-14|2019-01-11_2019-01-20|2019-08-09_2019-08-18|2020-01-06_2020-01-15|2020-04-05_2020-04-14
0.2,3,CPI m/m|Core CPI m/m|CPI y/y,Bad|Bad|Bad,2,1,1,50.0,50.0,1.0,2020-08-03_2020-08-12|2021-07-09_2021-07-18
0.2,3,CPI m/m|Core CPI m/m|CPI y/y,Neutral|Neutral|Good,2,2,0,100.0,0.0,inf,2022-12-11_2022-12-20|2022-11-01_2022-11-10
0.2,3,CPI m/m|Core CPI m/m|CPI y/y,Bad|Neutral|Bad,2,1,1,50.0,50.0,1.0,2021-11-06_2021-11-15|2022-06-04_2022-06-13
0.2,3,CPI m/m|Core CPI m/m|CPI y/y,Neutral|Bad|Bad,1,1,0,100.0,0.0,inf,2022-09-12_2022-09-21
0.3,3,CPI m/m|Core CPI m/m|CPI y/y,Neutral|Neutral|Neutral,83,46,37,55.4,44.6,1.24,2018-02-05_2018-02-14|2018-06-05_2018-06-14|2018-08-04_2018-08-13|2018-09-13_2018-09-22|2018-10-03_2018-10-12|2018-11-12_2018-11-21|2018-12-12_2018-12-21|2019-02-10_2019-02-19|2019-03-12_2019-03-21|2019-04-01_2019-04-10|2019-06-10_2019-06-19|2019-09-08_2019-09-17|2019-10-08_2019-10-17|2019-11-07_2019-11-16|2019-12-07_2019-12-16|2020-05-05_2020-05-14|2020-06-04_2020-06-13|2020-07-14_2020-07-23|2020-10-12_2020-10-21|2020-11-11_2020-11-20|2020-12-01_2020-12-10|2021-02-09_2021-02-18|2021-04-10_2021-04-19|2021-10-07_2021-10-16|2021-12-06_2021-12-15|2022-01-05_2022-01-14|2022-03-06_2022-03-15|2022-04-05_2022-04-14|2022-08-03_2022-08-12|2022-10-12_2022-10-21|2022-12-11_2022-12-20|2023-02-09_2023-02-18|2023-03-11_2023-03-20|2023-04-10_2023-04-19|2023-05-10_2023-05-19|2023-06-09_2023-06-18|2023-07-09_2023-07-18|2023-08-08_2023-08-17|2023-09-07_2023-09-16|2023-10-07_2023-10-16|2023-11-06_2023-11-15|2023-12-06_2023-12-15|2024-01-05_2024-01-14|2024-02-04_2024-02-13|2024-05-14_2024-05-23|2024-06-03_2024-06-12|2024-07-03_2024-07-12|2024-08-12_2024-08-21|2024-09-11_2024-09-20|2024-10-01_2024-10-10|2024-12-10_2024-12-19|2025-01-09_2025-01-18|2025-02-08_2025-02-17|2025-03-10_2025-03-19|2025-04-09_2025-04-18|2025-06-08_2025-06-17|2025-07-08_2025-07-17|2025-09-06_2025-09-15|2025-10-16_2025-10-25|2026-01-04_2026-01-13|2026-02-13_2026-02-22|2020-09-02_2020-09-11|2021-01-10_2021-01-19|2021-03-01_2021-03-10|2021-06-09_2021-06-18|2021-08-08_2021-08-17|2021-09-07_2021-09-16|2022-05-05_2022-05-14|2022-11-01_2022-11-10|2023-01-10_2023-01-19|2024-04-04_2024-04-13|2024-11-10_2024-11-19|2025-05-09_2025-05-18|2025-08-07_2025-08-16|2022-09-12_2022-09-21|2024-03-05_2024-03-14|2018-05-06_2018-05-15|2018-07-05_2018-07-14|2019-01-11_2019-01-20|2019-08-09_2019-08-18|2020-01-06_2020-01-15|2020-04-05_2020-04-14|2022-02-04_2022-02-13
0.3,3,CPI m/m|Core CPI m/m|CPI y/y,Neutral|Bad|Bad,1,0,1,0.0,100.0,0.0,2020-08-03_2020-08-12
0.3,3,CPI m/m|Core CPI m/m|CPI y/y,Neutral|Neutral|Bad,1,0,1,0.0,100.0,0.0,2022-07-04_2022-07-13
0.3,3,CPI m/m|Core CPI m/m|CPI y/y,Bad|Bad|Bad,1,1,0,100.0,0.0,inf,2021-07-09_2021-07-18
0.3,3,CPI m/m|Core CPI m/m|CPI y/y,Bad|Neutral|Neutral,2,1,1,50.0,50.0,1.0,2021-11-06_2021-11-15|2022-06-04_2022-06-13
0.0,3,CPI m/m|PPI m/m|Core PPI m/m,Neutral|Bad|Bad,11,8,3,72.7,27.3,2.67,2018-06-05_2018-06-14|2019-09-08_2019-09-17|2020-10-12_2020-10-21|2021-02-09_2021-02-18|2022-04-05_2022-04-14|2023-02-09_2023-02-18|2023-08-08_2023-08-17|2024-09-11_2024-09-20|2021-08-08_2021-08-17|2025-08-07_2025-08-16|2024-03-05_2024-03-14
0.0,3,CPI m/m|PPI m/m|Core PPI m/m,Neutral|Good|Good,9,4,5,44.4,55.6,0.8,2018-08-04_2018-08-13|2019-03-12_2019-03-21|2022-03-06_2022-03-15|2023-03-11_2023-03-20|2024-08-12_2024-08-21|2025-01-09_2025-01-18|2025-07-08_2025-07-17|2019-01-11_2019-01-20|2020-01-06_2020-01-15
0.0,3,CPI m/m|PPI m/m|Core PPI m/m,Good|Neutral|Neutral,1,1,0,100.0,0.0,inf,2018-10-03_2018-10-12
0.0,3,CPI m/m|PPI m/m|Core PPI m/m,Good|Good|Bad,1,0,1,0.0,100.0,0.0,2019-02-10_2019-02-19
0.0,3,CPI m/m|PPI m/m|Core PPI m/m,Neutral|Neutral|Neutral,2,1,1,50.0,50.0,1.0,2019-06-10_2019-06-19|2024-11-10_2024-11-19
0.0,3,CPI m/m|PPI m/m|Core PPI m/m,Good|Good|Good,10,5,5,50.0,50.0,1.0,2019-10-08_2019-10-17|2020-05-05_2020-05-14|2022-08-03_2022-08-12|2023-04-10_2023-04-19|2023-07-09_2023-07-18|2023-11-06_2023-11-15|2025-03-10_2025-03-19|2025-04-09_2025-04-18|2025-06-08_2025-06-17|2025-05-09_2025-05-18
0.0,3,CPI m/m|PPI m/m|Core PPI m/m,Bad|Bad|Bad,7,6,1,85.7,14.3,6.0,2019-11-07_2019-11-16|2020-08-03_2020-08-12|2021-12-06_2021-12-15|2023-10-07_2023-10-16|2020-09-02_2020-09-11|2021-06-09_2021-06-18|2021-07-09_2021-07-18
0.0,3,CPI m/m|PPI m/m|Core PPI m/m,Bad|Good|Good,4,1,3,25.0,75.0,0.33,2019-12-07_2019-12-16|2021-10-07_2021-10-16|2024-01-05_2024-01-14|2025-09-06_2025-09-15
0.0,3,CPI m/m|PPI m/m|Core PPI m/m,Good|Bad|Neutral,1,0,1,0.0,100.0,0.0,2020-06-04_2020-06-13
0.0,3,CPI m/m|PPI m/m|Core PPI m/m,Good|Bad|Good,1,1,0,100.0,0.0,inf,2020-11-11_2020-11-20
0.0,3,CPI m/m|PPI m/m|Core PPI m/m,Bad|Good|Neutral,2,2,0,100.0,0.0,inf,2022-01-05_2022-01-14|2024-04-04_2024-04-13
0.0,3,CPI m/m|PPI m/m|Core PPI m/m,Bad|Bad|Neutral,2,2,0,100.0,0.0,inf,2022-10-12_2022-10-21|2025-02-08_2025-02-17
0.0,3,CPI m/m|PPI m/m|Core PPI m/m,Neutral|Good|Neutral,3,2,1,66.7,33.3,2.0,2023-05-10_2023-05-19|2021-01-10_2021-01-19|2023-01-10_2023-01-19
0.0,3,CPI m/m|PPI m/m|Core PPI m/m,Good|Good|Neutral,2,1,1,50.0,50.0,1.0,2023-06-09_2023-06-18|2018-05-06_2018-05-15
0.0,3,CPI m/m|PPI m/m|Core PPI m/m,Neutral|Bad|Neutral,2,1,1,50.0,50.0,1.0,2023-09-07_2023-09-16|2024-12-10_2024-12-19
0.0,3,CPI m/m|PPI m/m|Core PPI m/m,Bad|Neutral|Good,3,1,2,33.3,66.7,0.5,2023-12-06_2023-12-15|2021-11-06_2021-11-15|2022-05-05_2022-05-14
0.0,3,CPI m/m|PPI m/m|Core PPI m/m,Good|Bad|Bad,5,2,3,40.0,60.0,0.67,2024-05-14_2024-05-23|2024-07-03_2024-07-12|2021-09-07_2021-09-16|2018-07-05_2018-07-14|2020-04-05_2020-04-14
0.0,3,CPI m/m|PPI m/m|Core PPI m/m,Bad|Neutral|Bad,1,1,0,100.0,0.0,inf,2022-09-12_2022-09-21
0.0,3,CPI m/m|PPI m/m|Core PPI m/m,Neutral|Neutral|Good,1,1,0,100.0,0.0,inf,2019-08-09_2019-08-18
0.1,3,CPI m/m|PPI m/m|Core PPI m/m,Neutral|Bad|Neutral,5,3,2,60.0,40.0,1.5,2018-06-05_2018-06-14|2020-06-04_2020-06-13|2023-09-07_2023-09-16|2024-12-10_2024-12-19|2024-03-05_2024-03-14
0.1,3,CPI m/m|PPI m/m|Core PPI m/m,Neutral|Good|Neutral,6,2,4,33.3,66.7,0.5,2018-08-04_2018-08-13|2019-02-10_2019-02-19|2022-01-05_2022-01-14|2023-06-09_2023-06-18|2021-01-10_2021-01-19|2023-01-10_2023-01-19
0.1,3,CPI m/m|PPI m/m|Core PPI m/m,Neutral|Neutral|Neutral,13,9,4,69.2,30.8,2.25,2018-10-03_2018-10-12|2019-03-12_2019-03-21|2019-06-10_2019-06-19|2019-09-08_2019-09-17|2020-11-11_2020-11-20|2023-05-10_2023-05-19|2023-07-09_2023-07-18|2023-08-08_2023-08-17|2024-09-11_2024-09-20|2024-11-10_2024-11-19|2018-05-06_2018-05-15|2018-07-05_2018-07-14|2020-01-06_2020-01-15
0.1,3,CPI m/m|PPI m/m|Core PPI m/m,Neutral|Good|Good,11,6,5,54.5,45.5,1.2,2019-10-08_2019-10-17|2019-12-07_2019-12-16|2022-03-06_2022-03-15|2023-03-11_2023-03-20|2023-04-10_2023-04-19|2023-11-06_2023-11-15|2024-01-05_2024-01-14|2025-01-09_2025-01-18|2025-03-10_2025-03-19|2025-07-08_2025-07-17|2025-05-09_2025-05-18
0.1,3,CPI m/m|PPI m/m|Core PPI m/m,Bad|Bad|Neutral,4,4,0,100.0,0.0,inf,2019-11-07_2019-11-16|2022-10-12_2022-10-21|2023-10-07_2023-10-16|2025-02-08_2025-02-17
0.1,3,CPI m/m|PPI m/m|Core PPI m/m,Good|Good|Good,3,1,2,33.3,66.7,0.5,2020-05-05_2020-05-14|2022-08-03_2022-08-12|2025-04-09_2025-04-18
0.1,3,CPI m/m|PPI m/m|Core PPI m/m,Bad|Bad|Bad,4,3,1,75.0,25.0,3.0,2020-08-03_2020-08-12|2021-12-06_2021-12-15|2021-06-09_2021-06-18|2021-07-09_2021-07-18
0.1,3,CPI m/m|PPI m/m|Core PPI m/m,Neutral|Bad|Bad,6,5,1,83.3,16.7,5.0,2020-10-12_2020-10-21|2021-02-09_2021-02-18|2022-04-05_2022-04-14|2023-02-09_2023-02-18|2021-08-08_2021-08-17|2025-08-07_2025-08-16
0.1,3,CPI m/m|PPI m/m|Core PPI m/m,Bad|Neutral|Good,1,0,1,0.0,100.0,0.0,2021-10-07_2021-10-16
0.1,3,CPI m/m|PPI m/m|Core PPI m/m,Neutral|Neutral|Good,6,3,3,50.0,50.0,1.0,2023-12-06_2023-12-15|2024-08-12_2024-08-21|2025-06-08_2025-06-17|2022-05-05_2022-05-14|2019-01-11_2019-01-20|2019-08-09_2019-08-18
0.1,3,CPI m/m|PPI m/m|Core PPI m/m,Good|Bad|Bad,1,0,1,0.0,100.0,0.0,2024-05-14_2024-05-23
0.1,3,CPI m/m|PPI m/m|Core PPI m/m,Good|Neutral|Bad,2,0,2,0.0,100.0,0.0,2024-07-03_2024-07-12|2020-04-05_2020-04-14
0.1,3,CPI m/m|PPI m/m|Core PPI m/m,Bad|Good|Good,1,0,1,0.0,100.0,0.0,2025-09-06_2025-09-15
0.1,3,CPI m/m|PPI m/m|Core PPI m/m,Bad|Neutral|Bad,2,2,0,100.0,0.0,inf,2020-09-02_2020-09-11|2022-09-12_2022-09-21
0.1,3,CPI m/m|PPI m/m|Core PPI m/m,Good|Neutral|Neutral,1,1,0,100.0,0.0,inf,2021-09-07_2021-09-16
0.1,3,CPI m/m|PPI m/m|Core PPI m/m,Bad|Neutral|Neutral,2,1,1,50.0,50.0,1.0,2021-11-06_2021-11-15|2024-04-04_2024-04-13
0.2,3,CPI m/m|PPI m/m|Core PPI m/m,Neutral|Neutral|Neutral,38,25,13,65.8,34.2,1.92,2018-06-05_2018-06-14|2018-08-04_2018-08-13|2018-10-03_2018-10-12|2019-02-10_2019-02-19|2019-03-12_2019-03-21|2019-06-10_2019-06-19|2019-09-08_2019-09-17|2019-11-07_2019-11-16|2020-10-12_2020-10-21|2020-11-11_2020-11-20|2022-01-05_2022-01-14|2022-10-12_2022-10-21|2023-05-10_2023-05-19|2023-06-09_2023-06-18|2023-07-09_2023-07-18|2023-08-08_2023-08-17|2023-10-07_2023-10-16|2023-12-06_2023-12-15|2024-01-05_2024-01-14|2024-07-03_2024-07-12|2024-08-12_2024-08-21|2024-09-11_2024-09-20|2024-12-10_2024-12-19|2025-01-09_2025-01-18|2025-02-08_2025-02-17|2025-06-08_2025-06-17|2025-07-08_2025-07-17|2020-09-02_2020-09-11|2021-01-10_2021-01-19|2021-09-07_2021-09-16|2022-05-05_2022-05-14|2024-04-04_2024-04-13|2024-11-10_2024-11-19|2022-09-12_2022-09-21|2018-05-06_2018-05-15|2018-07-05_2018-07-14|2020-01-06_2020-01-15|2020-04-05_2020-04-14
0.2,3,CPI m/m|PPI m/m|Core PPI m/m,Neutral|Good|Good,8,3,5,37.5,62.5,0.6,2019-10-08_2019-10-17|2023-03-11_2023-03-20|2023-04-10_2023-04-19|2023-11-06_2023-11-15|2025-03-10_2025-03-19|2025-04-09_2025-04-18|2025-09-06_2025-09-15|2025-05-09_2025-05-18
0.2,3,CPI m/m|PPI m/m|Core PPI m/m,Neutral|Neutral|Good,5,2,3,40.0,60.0,0.67,2019-12-07_2019-12-16|2021-10-07_2021-10-16|2022-03-06_2022-03-15|2019-01-11_2019-01-20|2019-08-09_2019-08-18
0.2,3,CPI m/m|PPI m/m|Core PPI m/m,Neutral|Good|Neutral,3,2,1,66.7,33.3,2.0,2020-05-05_2020-05-14|2022-08-03_2022-08-12|2023-01-10_2023-01-19
0.2,3,CPI m/m|PPI m/m|Core PPI m/m,Neutral|Bad|Neutral,5,3,2,60.0,40.0,1.5,2020-06-04_2020-06-13|2023-02-09_2023-02-18|2023-09-07_2023-09-16|2021-06-09_2021-06-18|2024-03-05_2024-03-14
0.2,3,CPI m/m|PPI m/m|Core PPI m/m,Bad|Bad|Bad,2,1,1,50.0,50.0,1.0,2020-08-03_2020-08-12|2021-07-09_2021-07-18
0.2,3,CPI m/m|PPI m/m|Core PPI m/m,Neutral|Bad|Bad,5,4,1,80.0,20.0,4.0,2021-02-09_2021-02-18|2021-12-06_2021-12-15|2022-04-05_2022-04-14|2021-08-08_2021-08-17|2025-08-07_2025-08-16
0.2,3,CPI m/m|PPI m/m|Core PPI m/m,Neutral|Neutral|Bad,1,0,1,0.0,100.0,0.0,2024-05-14_2024-05-23
0.2,3,CPI m/m|PPI m/m|Core PPI m/m,Bad|Neutral|Neutral,1,0,1,0.0,100.0,0.0,2021-11-06_2021-11-15
0.3,3,CPI m/m|PPI m/m|Core PPI m/m,Neutral|Neutral|Neutral,43,27,16,62.8,37.2,1.69,2018-06-05_2018-06-14|2018-08-04_2018-08-13|2018-10-03_2018-10-12|2019-02-10_2019-02-19|2019-03-12_2019-03-21|2019-06-10_2019-06-19|2019-09-08_2019-09-17|2019-11-07_2019-11-16|2020-10-12_2020-10-21|2020-11-11_2020-11-20|2021-10-07_2021-10-16|2022-01-05_2022-01-14|2022-10-12_2022-10-21|2023-02-09_2023-02-18|2023-05-10_2023-05-19|2023-06-09_2023-06-18|2023-07-09_2023-07-18|2023-08-08_2023-08-17|2023-09-07_2023-09-16|2023-10-07_2023-10-16|2023-12-06_2023-12-15|2024-01-05_2024-01-14|2024-05-14_2024-05-23|2024-07-03_2024-07-12|2024-08-12_2024-08-21|2024-09-11_2024-09-20|2024-12-10_2024-12-19|2025-01-09_2025-01-18|2025-02-08_2025-02-17|2025-06-08_2025-06-17|2025-07-08_2025-07-17|2020-09-02_2020-09-11|2021-01-10_2021-01-19|2021-09-07_2021-09-16|2022-05-05_2022-05-14|2024-04-04_2024-04-13|2024-11-10_2024-11-19|2022-09-12_2022-09-21|2024-03-05_2024-03-14|2018-05-06_2018-05-15|2018-07-05_2018-07-14|2020-01-06_2020-01-15|2020-04-05_2020-04-14
0.3,3,CPI m/m|PPI m/m|Core PPI m/m,Neutral|Good|Good,6,1,5,16.7,83.3,0.2,2019-10-08_2019-10-17|2023-03-11_2023-03-20|2023-04-10_2023-04-19|2025-04-09_2025-04-18|2025-09-06_2025-09-15|2025-05-09_2025-05-18
0.3,3,CPI m/m|PPI m/m|Core PPI m/m,Neutral|Neutral|Good,5,3,2,60.0,40.0,1.5,2019-12-07_2019-12-16|2022-03-06_2022-03-15|2025-03-10_2025-03-19|2019-01-11_2019-01-20|2019-08-09_2019-08-18
0.3,3,CPI m/m|PPI m/m|Core PPI m/m,Neutral|Good|Neutral,4,3,1,75.0,25.0,3.0,2020-05-05_2020-05-14|2022-08-03_2022-08-12|2023-11-06_2023-11-15|2023-01-10_2023-01-19
0.3,3,CPI m/m|PPI m/m|Core PPI m/m,Neutral|Bad|Neutral,3,2,1,66.7,33.3,2.0,2020-06-04_2020-06-13|2021-12-06_2021-12-15|2021-06-09_2021-06-18
0.3,3,CPI m/m|PPI m/m|Core PPI m/m,Neutral|Neutral|Bad,2,0,2,0.0,100.0,0.0,2020-08-03_2020-08-12|2022-04-05_2022-04-14
0.3,3,CPI m/m|PPI m/m|Core PPI m/m,Neutral|Bad|Bad,3,3,0,100.0,0.0,inf,2021-02-09_2021-02-18|2021-08-08_2021-08-17|2025-08-07_2025-08-16
0.3,3,CPI m/m|PPI m/m|Core PPI m/m,Bad|Bad|Bad,1,1,0,100.0,0.0,inf,2021-07-09_2021-07-18
0.3,3,CPI m/m|PPI m/m|Core PPI m/m,Bad|Neutral|Neutral,1,0,1,0.0,100.0,0.0,2021-11-06_2021-11-15
0.0,3,CPI m/m|PPI m/m|FOMC,Good|Good|Neutral,1,0,1,0.0,100.0,0.0,2023-06-09_2023-06-18
0.0,3,CPI m/m|PPI m/m|FOMC,Bad|Neutral|Neutral,1,0,1,0.0,100.0,0.0,2023-12-06_2023-12-15
0.0,3,CPI m/m|PPI m/m|FOMC,Neutral|Bad|Good,1,1,0,100.0,0.0,inf,2024-09-11_2024-09-20
0.0,3,CPI m/m|PPI m/m|FOMC,Neutral|Bad|Neutral,1,1,0,100.0,0.0,inf,2024-12-10_2024-12-19
0.1,3,CPI m/m|PPI m/m|FOMC,Neutral|Good|Neutral,1,0,1,0.0,100.0,0.0,2023-06-09_2023-06-18
0.1,3,CPI m/m|PPI m/m|FOMC,Neutral|Neutral|Neutral,1,0,1,0.0,100.0,0.0,2023-12-06_2023-12-15
0.1,3,CPI m/m|PPI m/m|FOMC,Neutral|Neutral|Good,1,1,0,100.0,0.0,inf,2024-09-11_2024-09-20
0.1,3,CPI m/m|PPI m/m|FOMC,Neutral|Bad|Neutral,1,1,0,100.0,0.0,inf,2024-12-10_2024-12-19
0.2,3,CPI m/m|PPI m/m|FOMC,Neutral|Neutral|Neutral,3,1,2,33.3,66.7,0.5,2023-06-09_2023-06-18|2023-12-06_2023-12-15|2024-12-10_2024-12-19
0.2,3,CPI m/m|PPI m/m|FOMC,Neutral|Neutral|Good,1,1,0,100.0,0.0,inf,2024-09-11_2024-09-20
0.3,3,CPI m/m|PPI m/m|FOMC,Neutral|Neutral|Neutral,4,2,2,50.0,50.0,1.0,2023-06-09_2023-06-18|2023-12-06_2023-12-15|2024-09-11_2024-09-20|2024-12-10_2024-12-19
0.0,3,CPI m/m|PPI m/m|CPI y/y,Neutral|Bad|Neutral,5,5,0,100.0,0.0,inf,2018-06-05_2018-06-14|2020-10-12_2020-10-21|2021-02-09_2021-02-18|2024-09-11_2024-09-20|2024-12-10_2024-12-19
0.0,3,CPI m/m|PPI m/m|CPI y/y,Neutral|Good|Neutral,8,3,5,37.5,62.5,0.6,2018-08-04_2018-08-13|2022-03-06_2022-03-15|2023-03-11_2023-03-20|2025-01-09_2025-01-18|2021-01-10_2021-01-19|2023-01-10_2023-01-19|2019-01-11_2019-01-20|2020-01-06_2020-01-15
0.0,3,CPI m/m|PPI m/m|CPI y/y,Good|Neutral|Good,1,1,0,100.0,0.0,inf,2018-10-03_2018-10-12
0.0,3,CPI m/m|PPI m/m|CPI y/y,Good|Good|Bad,1,0,1,0.0,100.0,0.0,2019-02-10_2019-02-19
0.0,3,CPI m/m|PPI m/m|CPI y/y,Neutral|Good|Good,3,2,1,66.7,33.3,2.0,2019-03-12_2019-03-21|2023-05-10_2023-05-19|2024-08-12_2024-08-21
0.0,3,CPI m/m|PPI m/m|CPI y/y,Neutral|Neutral|Good,1,0,1,0.0,100.0,0.0,2019-06-10_2019-06-19
0.0,3,CPI m/m|PPI m/m|CPI y/y,Neutral|Bad|Good,3,1,2,33.3,66.7,0.5,2019-09-08_2019-09-17|2023-08-08_2023-08-17|2025-08-07_2025-08-16
0.0,3,CPI m/m|PPI m/m|CPI y/y,Good|Good|Good,11,5,6,45.5,54.5,0.83,2019-10-08_2019-10-17|2020-05-05_2020-05-14|2022-08-03_2022-08-12|2023-04-10_2023-04-19|2023-06-09_2023-06-18|2023-07-09_2023-07-18|2023-11-06_2023-11-15|2025-03-10_2025-03-19|2025-04-09_2025-04-18|2025-06-08_2025-06-17|2025-05-09_2025-05-18
0.0,3,CPI m/m|PPI m/m|CPI y/y,Bad|Bad|Bad,8,7,1,87.5,12.5,7.0,2019-11-07_2019-11-16|2020-08-03_2020-08-12|2022-10-12_2022-10-21|2023-10-07_2023-10-16|2025-02-08_2025-02-17|2020-09-02_2020-09-11|2021-06-09_2021-06-18|2021-07-09_2021-07-18
0.0,3,CPI m/m|PPI m/m|CPI y/y,Bad|Good|Bad,4,2,2,50.0,50.0,1.0,2019-12-07_2019-12-16|2021-10-07_2021-10-16|2024-01-05_2024-01-14|2024-04-04_2024-04-13
0.0,3,CPI m/m|PPI m/m|CPI y/y,Good|Bad|Good,4,1,3,25.0,75.0,0.33,2020-06-04_2020-06-13|2020-11-11_2020-11-20|2024-07-03_2024-07-12|2020-04-05_2020-04-14
0.0,3,CPI m/m|PPI m/m|CPI y/y,Bad|Bad|Neutral,1,1,0,100.0,0.0,inf,2021-12-06_2021-12-15
0.0,3,CPI m/m|PPI m/m|CPI y/y,Bad|Good|Neutral,2,1,1,50.0,50.0,1.0,2022-01-05_2022-01-14|2025-09-06_2025-09-15
0.0,3,CPI m/m|PPI m/m|CPI y/y,Neutral|Bad|Bad,5,3,2,60.0,40.0,1.5,2022-04-05_2022-04-14|2023-02-09_2023-02-18|2023-09-07_2023-09-16|2021-08-08_2021-08-17|2024-03-05_2024-03-14
0.0,3,CPI m/m|PPI m/m|CPI y/y,Bad|Neutral|Neutral,1,0,1,0.0,100.0,0.0,2023-12-06_2023-12-15
0.0,3,CPI m/m|PPI m/m|CPI y/y,Good|Bad|Neutral,3,2,1,66.7,33.3,2.0,2024-05-14_2024-05-23|2021-09-07_2021-09-16|2018-07-05_2018-07-14
0.0,3,CPI m/m|PPI m/m|CPI y/y,Neutral|Good|Bad,1,1,0,100.0,0.0,inf,2025-07-08_2025-07-17
0.0,3,CPI m/m|PPI m/m|CPI y/y,Bad|Neutral|Bad,3,2,1,66.7,33.3,2.0,2021-11-06_2021-11-15|2022-05-05_2022-05-14|2022-09-12_2022-09-21
0.0,3,CPI m/m|PPI m/m|CPI y/y,Neutral|Neutral|Neutral,1,1,0,100.0,0.0,inf,2024-11-10_2024-11-19
0.0,3,CPI m/m|PPI m/m|CPI y/y,Good|Good|Neutral,1,1,0,100.0,0.0,inf,2018-05-06_2018-05-15
0.0,3,CPI m/m|PPI m/m|CPI y/y,Neutral|Neutral|Bad,1,1,0,100.0,0.0,inf,2019-08-09_2019-08-18
0.1,3,CPI m/m|PPI m/m|CPI y/y,Neutral|Bad|Neutral,6,5,1,83.3,16.7,5.0,2018-06-05_2018-06-14|2020-10-12_2020-10-21|2021-02-09_2021-02-18|2022-04-05_2022-04-14|2024-12-10_2024-12-19|2025-08-07_2025-08-16
0.1,3,CPI m/m|PPI m/m|CPI y/y,Neutral|Good|Neutral,10,5,5,50.0,50.0,1.0,2018-08-04_2018-08-13|2022-01-05_2022-01-14|2022-03-06_2022-03-15|2023-03-11_2023-03-20|2023-04-10_2023-04-19|2023-06-09_2023-06-18|2023-11-06_2023-11-15|2025-01-09_2025-01-18|2021-01-10_2021-01-19|2023-01-10_2023-01-19
0.1,3,CPI m/m|PPI m/m|CPI y/y,Neutral|Neutral|Good,7,4,3,57.1,42.9,1.33,2018-10-03_2018-10-12|2019-03-12_2019-03-21|2019-09-08_2019-09-17|2020-11-11_2020-11-20|2023-07-09_2023-07-18|2024-08-12_2024-08-21|2025-06-08_2025-06-17
0.1,3,CPI m/m|PPI m/m|CPI y/y,Neutral|Good|Bad,4,2,2,50.0,50.0,1.0,2019-02-10_2019-02-19|2019-12-07_2019-12-16|2024-01-05_2024-01-14|2025-07-08_2025-07-17
0.1,3,CPI m/m|PPI m/m|CPI y/y,Neutral|Neutral|Neutral,10,6,4,60.0,40.0,1.5,2019-06-10_2019-06-19|2023-05-10_2023-05-19|2023-08-08_2023-08-17|2023-12-06_2023-12-15|2024-09-11_2024-09-20|2024-11-10_2024-11-19|2018-05-06_2018-05-15|2018-07-05_2018-07-14|2019-01-11_2019-01-20|2020-01-06_2020-01-15
0.1,3,CPI m/m|PPI m/m|CPI y/y,Neutral|Good|Good,3,1,2,33.3,66.7,0.5,2019-10-08_2019-10-17|2025-03-10_2025-03-19|2025-05-09_2025-05-18
0.1,3,CPI m/m|PPI m/m|CPI y/y,Bad|Bad|Bad,6,5,1,83.3,16.7,5.0,2019-11-07_2019-11-16|2020-08-03_2020-08-12|2023-10-07_2023-10-16|2025-02-08_2025-02-17|2021-06-09_2021-06-18|2021-07-09_2021-07-18
0.1,3,CPI m/m|PPI m/m|CPI y/y,Good|Good|Good,3,1,2,33.3,66.7,0.5,2020-05-05_2020-05-14|2022-08-03_2022-08-12|2025-04-09_2025-04-18
0.1,3,CPI m/m|PPI m/m|CPI y/y,Neutral|Bad|Good,1,0,1,0.0,100.0,0.0,2020-06-04_2020-06-13
0.1,3,CPI m/m|PPI m/m|CPI y/y,Bad|Neutral|Bad,5,3,2,60.0,40.0,1.5,2021-10-07_2021-10-16|2020-09-02_2020-09-11|2021-11-06_2021-11-15|2024-04-04_2024-04-13|2022-09-12_2022-09-21
0.1,3,CPI m/m|PPI m/m|CPI y/y,Bad|Bad|Neutral,2,2,0,100.0,0.0,inf,2021-12-06_2021-12-15|2022-10-12_2022-10-21
0.1,3,CPI m/m|PPI m/m|CPI y/y,Neutral|Bad|Bad,4,3,1,75.0,25.0,3.0,2023-02-09_2023-02-18|2023-09-07_2023-09-16|2021-08-08_2021-08-17|2024-03-05_2024-03-14
0.1,3,CPI m/m|PPI m/m|CPI y/y,Good|Bad|Neutral,1,0,1,0.0,100.0,0.0,2024-05-14_2024-05-23
0.1,3,CPI m/m|PPI m/m|CPI y/y,Good|Neutral|Good,2,0,2,0.0,100.0,0.0,2024-07-03_2024-07-12|2020-04-05_2020-04-14
0.1,3,CPI m/m|PPI m/m|CPI y/y,Bad|Good|Neutral,1,0,1,0.0,100.0,0.0,2025-09-06_2025-09-15
0.1,3,CPI m/m|PPI m/m|CPI y/y,Good|Neutral|Neutral,1,1,0,100.0,0.0,inf,2021-09-07_2021-09-16
0.1,3,CPI m/m|PPI m/m|CPI y/y,Neutral|Neutral|Bad,2,2,0,100.0,0.0,inf,2022-05-05_2022-05-14|2019-08-09_2019-08-18
0.2,3,CPI m/m|PPI m/m|CPI y/y,Neutral|Neutral|Neutral,42,25,17,59.5,40.5,1.47,2018-06-05_2018-06-14|2018-08-04_2018-08-13|2018-10-03_2018-10-12|2019-02-10_2019-02-19|2019-03-12_2019-03-21|2019-06-10_2019-06-19|2019-09-08_2019-09-17|2019-11-07_2019-11-16|2019-12-07_2019-12-16|2020-10-12_2020-10-21|2020-11-11_2020-11-20|2021-10-07_2021-10-16|2022-01-05_2022-01-14|2022-03-06_2022-03-15|2022-10-12_2022-10-21|2023-05-10_2023-05-19|2023-06-09_2023-06-18|2023-07-09_2023-07-18|2023-08-08_2023-08-17|2023-10-07_2023-10-16|2023-12-06_2023-12-15|2024-01-05_2024-01-14|2024-05-14_2024-05-23|2024-07-03_2024-07-12|2024-08-12_2024-08-21|2024-09-11_2024-09-20|2024-12-10_2024-12-19|2025-01-09_2025-01-18|2025-02-08_2025-02-17|2025-06-08_2025-06-17|2025-07-08_2025-07-17|2020-09-02_2020-09-11|2021-01-10_2021-01-19|2021-09-07_2021-09-16|2024-04-04_2024-04-13|2024-11-10_2024-11-19|2018-05-06_2018-05-15|2018-07-05_2018-07-14|2019-01-11_2019-01-20|2019-08-09_2019-08-18|2020-01-06_2020-01-15|2020-04-05_2020-04-14
0.2,3,CPI m/m|PPI m/m|CPI y/y,Neutral|Good|Neutral,11,5,6,45.5,54.5,0.83,2019-10-08_2019-10-17|2020-05-05_2020-05-14|2022-08-03_2022-08-12|2023-03-11_2023-03-20|2023-04-10_2023-04-19|2023-11-06_2023-11-15|2025-03-10_2025-03-19|2025-04-09_2025-04-18|2025-09-06_2025-09-15|2023-01-10_2023-01-19|2025-05-09_2025-05-18
0.2,3,CPI m/m|PPI m/m|CPI y/y,Neutral|Bad|Neutral,8,5,3,62.5,37.5,1.67,2020-06-04_2020-06-13|2021-02-09_2021-02-18|2021-12-06_2021-12-15|2022-04-05_2022-04-14|2023-09-07_2023-09-16|2021-08-08_2021-08-17|2025-08-07_2025-08-16|2024-03-05_2024-03-14
0.2,3,CPI m/m|PPI m/m|CPI y/y,Bad|Bad|Bad,2,1,1,50.0,50.0,1.0,2020-08-03_2020-08-12|2021-07-09_2021-07-18
0.2,3,CPI m/m|PPI m/m|CPI y/y,Neutral|Bad|Bad,2,2,0,100.0,0.0,inf,2023-02-09_2023-02-18|2021-06-09_2021-06-18
0.2,3,CPI m/m|PPI m/m|CPI y/y,Bad|Neutral|Bad,1,0,1,0.0,100.0,0.0,2021-11-06_2021-11-15
0.2,3,CPI m/m|PPI m/m|CPI y/y,Neutral|Neutral|Bad,2,2,0,100.0,0.0,inf,2022-05-05_2022-05-14|2022-09-12_2022-09-21
0.3,3,CPI m/m|PPI m/m|CPI y/y,Neutral|Neutral|Neutral,49,30,19,61.2,38.8,1.58,2018-06-05_2018-06-14|2018-08-04_2018-08-13|2018-10-03_2018-10-12|2019-02-10_2019-02-19|2019-03-12_2019-03-21|2019-06-10_2019-06-19|2019-09-08_2019-09-17|2019-11-07_2019-11-16|2019-12-07_2019-12-16|2020-10-12_2020-10-21|2020-11-11_2020-11-20|2021-10-07_2021-10-16|2022-01-05_2022-01-14|2022-03-06_2022-03-15|2022-04-05_2022-04-14|2022-10-12_2022-10-21|2023-02-09_2023-02-18|2023-05-10_2023-05-19|2023-06-09_2023-06-18|2023-07-09_2023-07-18|2023-08-08_2023-08-17|2023-09-07_2023-09-16|2023-10-07_2023-10-16|2023-12-06_2023-12-15|2024-01-05_2024-01-14|2024-05-14_2024-05-23|2024-07-03_2024-07-12|2024-08-12_2024-08-21|2024-09-11_2024-09-20|2024-12-10_2024-12-19|2025-01-09_2025-01-18|2025-02-08_2025-02-17|2025-03-10_2025-03-19|2025-06-08_2025-06-17|2025-07-08_2025-07-17|2020-09-02_2020-09-11|2021-01-10_2021-01-19|2021-09-07_2021-09-16|2022-05-05_2022-05-14|2024-04-04_2024-04-13|2024-11-10_2024-11-19|2022-09-12_2022-09-21|2024-03-05_2024-03-14|2018-05-06_2018-05-15|2018-07-05_2018-07-14|2019-01-11_2019-01-20|2019-08-09_2019-08-18|2020-01-06_2020-01-15|2020-04-05_2020-04-14
0.3,3,CPI m/m|PPI m/m|CPI y/y,Neutral|Good|Neutral,10,4,6,40.0,60.0,0.67,2019-10-08_2019-10-17|2020-05-05_2020-05-14|2022-08-03_2022-08-12|2023-03-11_2023-03-20|2023-04-10_2023-04-19|2023-11-06_2023-11-15|2025-04-09_2025-04-18|2025-09-06_2025-09-15|2023-01-10_2023-01-19|2025-05-09_2025-05-18
0.3,3,CPI m/m|PPI m/m|CPI y/y,Neutral|Bad|Neutral,6,5,1,83.3,16.7,5.0,2020-06-04_2020-06-13|2021-02-09_2021-02-18|2021-12-06_2021-12-15|2021-06-09_2021-06-18|2021-08-08_2021-08-17|2025-08-07_2025-08-16
0.3,3,CPI m/m|PPI m/m|CPI y/y,Neutral|Neutral|Bad,1,0,1,0.0,100.0,0.0,2020-08-03_2020-08-12
0.3,3,CPI m/m|PPI m/m|CPI y/y,Bad|Bad|Bad,1,1,0,100.0,0.0,inf,2021-07-09_2021-07-18
0.3,3,CPI m/m|PPI m/m|CPI y/y,Bad|Neutral|Neutral,1,0,1,0.0,100.0,0.0,2021-11-06_2021-11-15
0.0,3,CPI m/m|Core PPI m/m|FOMC,Good|Neutral|Neutral,1,0,1,0.0,100.0,0.0,2023-06-09_2023-06-18
0.0,3,CPI m/m|Core PPI m/m|FOMC,Bad|Good|Neutral,1,0,1,0.0,100.0,0.0,2023-12-06_2023-12-15
0.0,3,CPI m/m|Core PPI m/m|FOMC,Neutral|Bad|Good,1,1,0,100.0,0.0,inf,2024-09-11_2024-09-20
0.0,3,CPI m/m|Core PPI m/m|FOMC,Neutral|Neutral|Neutral,1,1,0,100.0,0.0,inf,2024-12-10_2024-12-19
0.1,3,CPI m/m|Core PPI m/m|FOMC,Neutral|Neutral|Neutral,2,1,1,50.0,50.0,1.0,2023-06-09_2023-06-18|2024-12-10_2024-12-19
0.1,3,CPI m/m|Core PPI m/m|FOMC,Neutral|Good|Neutral,1,0,1,0.0,100.0,0.0,2023-12-06_2023-12-15
0.1,3,CPI m/m|Core PPI m/m|FOMC,Neutral|Neutral|Good,1,1,0,100.0,0.0,inf,2024-09-11_2024-09-20
0.2,3,CPI m/m|Core PPI m/m|FOMC,Neutral|Neutral|Neutral,3,1,2,33.3,66.7,0.5,2023-06-09_2023-06-18|2023-12-06_2023-12-15|2024-12-10_2024-12-19
0.2,3,CPI m/m|Core PPI m/m|FOMC,Neutral|Neutral|Good,1,1,0,100.0,0.0,inf,2024-09-11_2024-09-20
0.3,3,CPI m/m|Core PPI m/m|FOMC,Neutral|Neutral|Neutral,4,2,2,50.0,50.0,1.0,2023-06-09_2023-06-18|2023-12-06_2023-12-15|2024-09-11_2024-09-20|2024-12-10_2024-12-19
0.0,3,CPI m/m|Core PPI m/m|CPI y/y,Neutral|Bad|Neutral,4,4,0,100.0,0.0,inf,2018-06-05_2018-06-14|2020-10-12_2020-10-21|2021-02-09_2021-02-18|2024-09-11_2024-09-20
0.0,3,CPI m/m|Core PPI m/m|CPI y/y,Neutral|Good|Neutral,6,2,4,33.3,66.7,0.5,2018-08-04_2018-08-13|2022-03-06_2022-03-15|2023-03-11_2023-03-20|2025-01-09_2025-01-18|2019-01-11_2019-01-20|2020-01-06_2020-01-15
0.0,3,CPI m/m|Core PPI m/m|CPI y/y,Good|Neutral|Good,3,1,2,33.3,66.7,0.5,2018-10-03_2018-10-12|2020-06-04_2020-06-13|2023-06-09_2023-06-18
0.0,3,CPI m/m|Core PPI m/m|CPI y/y,Good|Bad|Bad,1,0,1,0.0,100.0,0.0,2019-02-10_2019-02-19
0.0,3,CPI m/m|Core PPI m/m|CPI y/y,Neutral|Good|Good,2,1,1,50.0,50.0,1.0,2019-03-12_2019-03-21|2024-08-12_2024-08-21
0.0,3,CPI m/m|Core PPI m/m|CPI y/y,Neutral|Neutral|Good,2,1,1,50.0,50.0,1.0,2019-06-10_2019-06-19|2023-05-10_2023-05-19
0.0,3,CPI m/m|Core PPI m/m|CPI y/y,Neutral|Bad|Good,3,1,2,33.3,66.7,0.5,2019-09-08_2019-09-17|2023-08-08_2023-08-17|2025-08-07_2025-08-16
0.0,3,CPI m/m|Core PPI m/m|CPI y/y,Good|Good|Good,11,6,5,54.5,45.5,1.2,2019-10-08_2019-10-17|2020-05-05_2020-05-14|2020-11-11_2020-11-20|2022-08-03_2022-08-12|2023-04-10_2023-04-19|2023-07-09_2023-07-18|2023-11-06_2023-11-15|2025-03-10_2025-03-19|2025-04-09_2025-04-18|2025-06-08_2025-06-17|2025-05-09_2025-05-18
0.0,3,CPI m/m|Core PPI m/m|CPI y/y,Bad|Bad|Bad,7,6,1,85.7,14.3,6.0,2019-11-07_2019-11-16|2020-08-03_2020-08-12|2023-10-07_2023-10-16|2020-09-02_2020-09-11|2021-06-09_2021-06-18|2021-07-09_2021-07-18|2022-09-12_2022-09-21
0.0,3,CPI m/m|Core PPI m/m|CPI y/y,Bad|Good|Bad,5,2,3,40.0,60.0,0.67,2019-12-07_2019-12-16|2021-10-07_2021-10-16|2024-01-05_2024-01-14|2021-11-06_2021-11-15|2022-05-05_2022-05-14
0.0,3,CPI m/m|Core PPI m/m|CPI y/y,Bad|Bad|Neutral,1,1,0,100.0,0.0,inf,2021-12-06_2021-12-15
0.0,3,CPI m/m|Core PPI m/m|CPI y/y,Bad|Neutral|Neutral,1,1,0,100.0,0.0,inf,2022-01-05_2022-01-14
0.0,3,CPI m/m|Core PPI m/m|CPI y/y,Neutral|Bad|Bad,4,3,1,75.0,25.0,3.0,2022-04-05_2022-04-14|2023-02-09_2023-02-18|2021-08-08_2021-08-17|2024-03-05_2024-03-14
0.0,3,CPI m/m|Core PPI m/m|CPI y/y,Bad|Neutral|Bad,3,3,0,100.0,0.0,inf,2022-10-12_2022-10-21|2025-02-08_2025-02-17|2024-04-04_2024-04-13
0.0,3,CPI m/m|Core PPI m/m|CPI y/y,Neutral|Neutral|Bad,1,0,1,0.0,100.0,0.0,2023-09-07_2023-09-16
0.0,3,CPI m/m|Core PPI m/m|CPI y/y,Bad|Good|Neutral,2,0,2,0.0,100.0,0.0,2023-12-06_2023-12-15|2025-09-06_2025-09-15
0.0,3,CPI m/m|Core PPI m/m|CPI y/y,Good|Bad|Neutral,3,2,1,66.7,33.3,2.0,2024-05-14_2024-05-23|2021-09-07_2021-09-16|2018-07-05_2018-07-14
0.0,3,CPI m/m|Core PPI m/m|CPI y/y,Good|Bad|Good,2,0,2,0.0,100.0,0.0,2024-07-03_2024-07-12|2020-04-05_2020-04-14
0.0,3,CPI m/m|Core PPI m/m|CPI y/y,Neutral|Neutral|Neutral,4,3,1,75.0,25.0,3.0,2024-12-10_2024-12-19|2021-01-10_2021-01-19|2023-01-10_2023-01-19|2024-11-10_2024-11-19
0.0,3,CPI m/m|Core PPI m/m|CPI y/y,Neutral|Good|Bad,2,2,0,100.0,0.0,inf,2025-07-08_2025-07-17|2019-08-09_2019-08-18
0.0,3,CPI m/m|Core PPI m/m|CPI y/y,Good|Neutral|Neutral,1,1,0,100.0,0.0,inf,2018-05-06_2018-05-15
0.1,3,CPI m/m|Core PPI m/m|CPI y/y,Neutral|Neutral|Neutral,15,9,6,60.0,40.0,1.5,2018-06-05_2018-06-14|2018-08-04_2018-08-13|2019-06-10_2019-06-19|2022-01-05_2022-01-14|2023-05-10_2023-05-19|2023-06-09_2023-06-18|2023-08-08_2023-08-17|2024-09-11_2024-09-20|2024-12-10_2024-12-19|2021-01-10_2021-01-19|2023-01-10_2023-01-19|2024-11-10_2024-11-19|2018-05-06_2018-05-15|2018-07-05_2018-07-14|2020-01-06_2020-01-15
0.1,3,CPI m/m|Core PPI m/m|CPI y/y,Neutral|Neutral|Good,6,4,2,66.7,33.3,2.0,2018-10-03_2018-10-12|2019-03-12_2019-03-21|2019-09-08_2019-09-17|2020-06-04_2020-06-13|2020-11-11_2020-11-20|2023-07-09_2023-07-18
0.1,3,CPI m/m|Core PPI m/m|CPI y/y,Neutral|Neutral|Bad,3,1,2,33.3,66.7,0.5,2019-02-10_2019-02-19|2023-09-07_2023-09-16|2024-03-05_2024-03-14
0.1,3,CPI m/m|Core PPI m/m|CPI y/y,Neutral|Good|Good,5,1,4,20.0,80.0,0.25,2019-10-08_2019-10-17|2024-08-12_2024-08-21|2025-03-10_2025-03-19|2025-06-08_2025-06-17|2025-05-09_2025-05-18
0.1,3,CPI m/m|Core PPI m/m|CPI y/y,Bad|Neutral|Bad,5,4,1,80.0,20.0,4.0,2019-11-07_2019-11-16|2023-10-07_2023-10-16|2025-02-08_2025-02-17|2021-11-06_2021-11-15|2024-04-04_2024-04-13
0.1,3,CPI m/m|Core PPI m/m|CPI y/y,Neutral|Good|Bad,5,4,1,80.0,20.0,4.0,2019-12-07_2019-12-16|2024-01-05_2024-01-14|2025-07-08_2025-07-17|2022-05-05_2022-05-14|2019-08-09_2019-08-18
0.1,3,CPI m/m|Core PPI m/m|CPI y/y,Good|Good|Good,3,1,2,33.3,66.7,0.5,2020-05-05_2020-05-14|2022-08-03_2022-08-12|2025-04-09_2025-04-18
0.1,3,CPI m/m|Core PPI m/m|CPI y/y,Bad|Bad|Bad,5,4,1,80.0,20.0,4.0,2020-08-03_2020-08-12|2020-09-02_2020-09-11|2021-06-09_2021-06-18|2021-07-09_2021-07-18|2022-09-12_2022-09-21
0.1,3,CPI m/m|Core PPI m/m|CPI y/y,Neutral|Bad|Neutral,4,3,1,75.0,25.0,3.0,2020-10-12_2020-10-21|2021-02-09_2021-02-18|2022-04-05_2022-04-14|2025-08-07_2025-08-16
0.1,3,CPI m/m|Core PPI m/m|CPI y/y,Bad|Good|Bad,1,0,1,0.0,100.0,0.0,2021-10-07_2021-10-16
0.1,3,CPI m/m|Core PPI m/m|CPI y/y,Bad|Bad|Neutral,1,1,0,100.0,0.0,inf,2021-12-06_2021-12-15
0.1,3,CPI m/m|Core PPI m/m|CPI y/y,Neutral|Good|Neutral,7,4,3,57.1,42.9,1.33,2022-03-06_2022-03-15|2023-03-11_2023-03-20|2023-04-10_2023-04-19|2023-11-06_2023-11-15|2023-12-06_2023-12-15|2025-01-09_2025-01-18|2019-01-11_2019-01-20
0.1,3,CPI m/m|Core PPI m/m|CPI y/y,Bad|Neutral|Neutral,1,1,0,100.0,0.0,inf,2022-10-12_2022-10-21
0.1,3,CPI m/m|Core PPI m/m|CPI y/y,Neutral|Bad|Bad,2,2,0,100.0,0.0,inf,2023-02-09_2023-02-18|2021-08-08_2021-08-17
0.1,3,CPI m/m|Core PPI m/m|CPI y/y,Good|Bad|Neutral,1,0,1,0.0,100.0,0.0,2024-05-14_2024-05-23
0.1,3,CPI m/m|Core PPI m/m|CPI y/y,Good|Bad|Good,2,0,2,0.0,100.0,0.0,2024-07-03_2024-07-12|2020-04-05_2020-04-14
0.1,3,CPI m/m|Core PPI m/m|CPI y/y,Bad|Good|Neutral,1,0,1,0.0,100.0,0.0,2025-09-06_2025-09-15
0.1,3,CPI m/m|Core PPI m/m|CPI y/y,Good|Neutral|Neutral,1,1,0,100.0,0.0,inf,2021-09-07_2021-09-16
0.2,3,CPI m/m|Core PPI m/m|CPI y/y,Neutral|Neutral|Neutral,42,26,16,61.9,38.1,1.62,2018-06-05_2018-06-14|2018-08-04_2018-08-13|2018-10-03_2018-10-12|2019-02-10_2019-02-19|2019-03-12_2019-03-21|2019-06-10_2019-06-19|2019-09-08_2019-09-17|2019-11-07_2019-11-16|2020-05-05_2020-05-14|2020-06-04_2020-06-13|2020-10-12_2020-10-21|2020-11-11_2020-11-20|2022-01-05_2022-01-14|2022-08-03_2022-08-12|2022-10-12_2022-10-21|2023-05-10_2023-05-19|2023-06-09_2023-06-18|2023-07-09_2023-07-18|2023-08-08_2023-08-17|2023-09-07_2023-09-16|2023-10-07_2023-10-16|2023-12-06_2023-12-15|2024-01-05_2024-01-14|2024-07-03_2024-07-12|2024-08-12_2024-08-21|2024-09-11_2024-09-20|2024-12-10_2024-12-19|2025-01-09_2025-01-18|2025-02-08_2025-02-17|2025-06-08_2025-06-17|2025-07-08_2025-07-17|2020-09-02_2020-09-11|2021-01-10_2021-01-19|2021-09-07_2021-09-16|2023-01-10_2023-01-19|2024-04-04_2024-04-13|2024-11-10_2024-11-19|2024-03-05_2024-03-14|2018-05-06_2018-05-15|2018-07-05_2018-07-14|2020-01-06_2020-01-15|2020-04-05_2020-04-14
0.2,3,CPI m/m|Core PPI m/m|CPI y/y,Neutral|Good|Neutral,13,5,8,38.5,61.5,0.63,2019-10-08_2019-10-17|2019-12-07_2019-12-16|2021-10-07_2021-10-16|2022-03-06_2022-03-15|2023-03-11_2023-03-20|2023-04-10_2023-04-19|2023-11-06_2023-11-15|2025-03-10_2025-03-19|2025-04-09_2025-04-18|2025-09-06_2025-09-15|2025-05-09_2025-05-18|2019-01-11_2019-01-20|2019-08-09_2019-08-18
0.2,3,CPI m/m|Core PPI m/m|CPI y/y,Bad|Bad|Bad,2,1,1,50.0,50.0,1.0,2020-08-03_2020-08-12|2021-07-09_2021-07-18
0.2,3,CPI m/m|Core PPI m/m|CPI y/y,Neutral|Bad|Neutral,6,4,2,66.7,33.3,2.0,2021-02-09_2021-02-18|2021-12-06_2021-12-15|2022-04-05_2022-04-14|2024-05-14_2024-05-23|2021-08-08_2021-08-17|2025-08-07_2025-08-16
0.2,3,CPI m/m|Core PPI m/m|CPI y/y,Neutral|Neutral|Bad,4,4,0,100.0,0.0,inf,2023-02-09_2023-02-18|2021-06-09_2021-06-18|2022-05-05_2022-05-14|2022-09-12_2022-09-21
0.2,3,CPI m/m|Core PPI m/m|CPI y/y,Bad|Neutral|Bad,1,0,1,0.0,100.0,0.0,2021-11-06_2021-11-15
0.3,3,CPI m/m|Core PPI m/m|CPI y/y,Neutral|Neutral|Neutral,50,32,18,64.0,36.0,1.78,2018-06-05_2018-06-14|2018-08-04_2018-08-13|2018-10-03_2018-10-12|2019-02-10_2019-02-19|2019-03-12_2019-03-21|2019-06-10_2019-06-19|2019-09-08_2019-09-17|2019-11-07_2019-11-16|2020-05-05_2020-05-14|2020-06-04_2020-06-13|2020-10-12_2020-10-21|2020-11-11_2020-11-20|2021-10-07_2021-10-16|2021-12-06_2021-12-15|2022-01-05_2022-01-14|2022-08-03_2022-08-12|2022-10-12_2022-10-21|2023-02-09_2023-02-18|2023-05-10_2023-05-19|2023-06-09_2023-06-18|2023-07-09_2023-07-18|2023-08-08_2023-08-17|2023-09-07_2023-09-16|2023-10-07_2023-10-16|2023-11-06_2023-11-15|2023-12-06_2023-12-15|2024-01-05_2024-01-14|2024-05-14_2024-05-23|2024-07-03_2024-07-12|2024-08-12_2024-08-21|2024-09-11_2024-09-20|2024-12-10_2024-12-19|2025-01-09_2025-01-18|2025-02-08_2025-02-17|2025-06-08_2025-06-17|2025-07-08_2025-07-17|2020-09-02_2020-09-11|2021-01-10_2021-01-19|2021-06-09_2021-06-18|2021-09-07_2021-09-16|2022-05-05_2022-05-14|2023-01-10_2023-01-19|2024-04-04_2024-04-13|2024-11-10_2024-11-19|2022-09-12_2022-09-21|2024-03-05_2024-03-14|2018-05-06_2018-05-15|2018-07-05_2018-07-14|2020-01-06_2020-01-15|2020-04-05_2020-04-14
0.3,3,CPI m/m|Core PPI m/m|CPI y/y,Neutral|Good|Neutral,11,4,7,36.4,63.6,0.57,2019-10-08_2019-10-17|2019-12-07_2019-12-16|2022-03-06_2022-03-15|2023-03-11_2023-03-20|2023-04-10_2023-04-19|2025-03-10_2025-03-19|2025-04-09_2025-04-18|2025-09-06_2025-09-15|2025-05-09_2025-05-18|2019-01-11_2019-01-20|2019-08-09_2019-08-18
0.3,3,CPI m/m|Core PPI m/m|CPI y/y,Neutral|Bad|Bad,1,0,1,0.0,100.0,0.0,2020-08-03_2020-08-12
0.3,3,CPI m/m|Core PPI m/m|CPI y/y,Neutral|Bad|Neutral,4,3,1,75.0,25.0,3.0,2021-02-09_2021-02-18|2022-04-05_2022-04-14|2021-08-08_2021-08-17|2025-08-07_2025-08-16
0.3,3,CPI m/m|Core PPI m/m|CPI y/y,Bad|Bad|Bad,1,1,0,100.0,0.0,inf,2021-07-09_2021-07-18
0.3,3,CPI m/m|Core PPI m/m|CPI y/y,Bad|Neutral|Neutral,1,0,1,0.0,100.0,0.0,2021-11-06_2021-11-15
0.0,3,CPI m/m|FOMC|CPI y/y,Good|Neutral|Good,2,1,1,50.0,50.0,1.0,2023-06-09_2023-06-18|2024-06-03_2024-06-12
0.0,3,CPI m/m|FOMC|CPI y/y,Bad|Neutral|Neutral,1,0,1,0.0,100.0,0.0,2023-12-06_2023-12-15
0.0,3,CPI m/m|FOMC|CPI y/y,Neutral|Good|Neutral,1,1,0,100.0,0.0,inf,2024-09-11_2024-09-20
0.0,3,CPI m/m|FOMC|CPI y/y,Neutral|Neutral|Neutral,1,1,0,100.0,0.0,inf,2024-12-10_2024-12-19
0.1,3,CPI m/m|FOMC|CPI y/y,Neutral|Neutral|Neutral,3,1,2,33.3,66.7,0.5,2023-06-09_2023-06-18|2023-12-06_2023-12-15|2024-12-10_2024-12-19
0.1,3,CPI m/m|FOMC|CPI y/y,Neutral|Neutral|Good,1,1,0,100.0,0.0,inf,2024-06-03_2024-06-12
0.1,3,CPI m/m|FOMC|CPI y/y,Neutral|Good|Neutral,1,1,0,100.0,0.0,inf,2024-09-11_2024-09-20
0.2,3,CPI m/m|FOMC|CPI y/y,Neutral|Neutral|Neutral,4,2,2,50.0,50.0,1.0,2023-06-09_2023-06-18|2023-12-06_2023-12-15|2024-06-03_2024-06-12|2024-12-10_2024-12-19
0.2,3,CPI m/m|FOMC|CPI y/y,Neutral|Good|Neutral,1,1,0,100.0,0.0,inf,2024-09-11_2024-09-20
0.3,3,CPI m/m|FOMC|CPI y/y,Neutral|Neutral|Neutral,5,3,2,60.0,40.0,1.5,2023-06-09_2023-06-18|2023-12-06_2023-12-15|2024-06-03_2024-06-12|2024-09-11_2024-09-20|2024-12-10_2024-12-19
0.0,3,Core CPI m/m|PPI m/m|Core PPI m/m,Bad|Bad|Bad,8,6,2,75.0,25.0,3.0,2018-06-05_2018-06-14|2019-09-08_2019-09-17|2020-08-03_2020-08-12|2024-09-11_2024-09-20|2020-09-02_2020-09-11|2021-06-09_2021-06-18|2021-07-09_2021-07-18|2024-03-05_2024-03-14
0.0,3,Core CPI m/m|PPI m/m|Core PPI m/m,Neutral|Good|Good,9,3,6,33.3,66.7,0.5,2018-08-04_2018-08-13|2019-12-07_2019-12-16|2021-10-07_2021-10-16|2022-03-06_2022-03-15|2023-04-10_2023-04-19|2024-01-05_2024-01-14|2024-08-12_2024-08-21|2025-09-06_2025-09-15|2019-01-11_2019-01-20
0.0,3,Core CPI m/m|PPI m/m|Core PPI m/m,Good|Neutral|Neutral,2,1,1,50.0,50.0,1.0,2018-10-03_2018-10-12|2019-06-10_2019-06-19
0.0,3,Core CPI m/m|PPI m/m|Core PPI m/m,Neutral|Good|Bad,1,0,1,0.0,100.0,0.0,2019-02-10_2019-02-19
0.0,3,Core CPI m/m|PPI m/m|Core PPI m/m,Good|Good|Good,13,7,6,53.8,46.2,1.17,2019-03-12_2019-03-21|2019-10-08_2019-10-17|2020-05-05_2020-05-14|2022-08-03_2022-08-12|2023-07-09_2023-07-18|2023-11-06_2023-11-15|2025-01-09_2025-01-18|2025-03-10_2025-03-19|2025-04-09_2025-04-18|2025-06-08_2025-06-17|2025-07-08_2025-07-17|2025-05-09_2025-05-18|2020-01-06_2020-01-15
0.0,3,Core CPI m/m|PPI m/m|Core PPI m/m,Neutral|Bad|Bad,9,7,2,77.8,22.2,3.5,2019-11-07_2019-11-16|2020-10-12_2020-10-21|2021-12-06_2021-12-15|2023-02-09_2023-02-18|2023-08-08_2023-08-17|2023-10-07_2023-10-16|2024-05-14_2024-05-23|2025-08-07_2025-08-16|2018-07-05_2018-07-14
0.0,3,Core CPI m/m|PPI m/m|Core PPI m/m,Good|Bad|Neutral,1,0,1,0.0,100.0,0.0,2020-06-04_2020-06-13
0.0,3,Core CPI m/m|PPI m/m|Core PPI m/m,Good|Bad|Good,1,1,0,100.0,0.0,inf,2020-11-11_2020-11-20
0.0,3,Core CPI m/m|PPI m/m|Core PPI m/m,Good|Bad|Bad,6,3,3,50.0,50.0,1.0,2021-02-09_2021-02-18|2022-04-05_2022-04-14|2024-07-03_2024-07-12|2021-08-08_2021-08-17|2021-09-07_2021-09-16|2020-04-05_2020-04-14
0.0,3,Core CPI m/m|PPI m/m|Core PPI m/m,Bad|Good|Neutral,3,3,0,100.0,0.0,inf,2022-01-05_2022-01-14|2023-05-10_2023-05-19|2024-04-04_2024-04-13
0.0,3,Core CPI m/m|PPI m/m|Core PPI m/m,Bad|Bad|Neutral,3,2,1,66.7,33.3,2.0,2022-10-12_2022-10-21|2023-09-07_2023-09-16|2025-02-08_2025-02-17
0.0,3,Core CPI m/m|PPI m/m|Core PPI m/m,Bad|Good|Good,1,0,1,0.0,100.0,0.0,2023-03-11_2023-03-20
0.0,3,Core CPI m/m|PPI m/m|Core PPI m/m,Neutral|Good|Neutral,3,1,2,33.3,66.7,0.5,2023-06-09_2023-06-18|2021-01-10_2021-01-19|2023-01-10_2023-01-19
0.0,3,Core CPI m/m|PPI m/m|Core PPI m/m,Neutral|Neutral|Good,1,0,1,0.0,100.0,0.0,2023-12-06_2023-12-15
0.0,3,Core CPI m/m|PPI m/m|Core PPI m/m,Neutral|Bad|Neutral,1,1,0,100.0,0.0,inf,2024-12-10_2024-12-19
0.0,3,Core CPI m/m|PPI m/m|Core PPI m/m,Bad|Neutral|Good,3,2,1,66.7,33.3,2.0,2021-11-06_2021-11-15|2022-05-05_2022-05-14|2019-08-09_2019-08-18
0.0,3,Core CPI m/m|PPI m/m|Core PPI m/m,Neutral|Neutral|Neutral,1,1,0,100.0,0.0,inf,2024-11-10_2024-11-19
0.0,3,Core CPI m/m|PPI m/m|Core PPI m/m,Bad|Neutral|Bad,1,1,0,100.0,0.0,inf,2022-09-12_2022-09-21
0.0,3,Core CPI m/m|PPI m/m|Core PPI m/m,Good|Good|Neutral,1,1,0,100.0,0.0,inf,2018-05-06_2018-05-15
0.1,3,Core CPI m/m|PPI m/m|Core PPI m/m,Neutral|Bad|Neutral,6,4,2,66.7,33.3,2.0,2018-06-05_2018-06-14|2019-11-07_2019-11-16|2020-06-04_2020-06-13|2023-09-07_2023-09-16|2023-10-07_2023-10-16|2024-12-10_2024-12-19
0.1,3,Core CPI m/m|PPI m/m|Core PPI m/m,Neutral|Good|Neutral,6,2,4,33.3,66.7,0.5,2018-08-04_2018-08-13|2019-02-10_2019-02-19|2022-01-05_2022-01-14|2023-06-09_2023-06-18|2021-01-10_2021-01-19|2023-01-10_2023-01-19
0.1,3,Core CPI m/m|PPI m/m|Core PPI m/m,Neutral|Neutral|Neutral,11,7,4,63.6,36.4,1.75,2018-10-03_2018-10-12|2019-03-12_2019-03-21|2019-06-10_2019-06-19|2019-09-08_2019-09-17|2023-07-09_2023-07-18|2023-08-08_2023-08-17|2024-09-11_2024-09-20|2024-11-10_2024-11-19|2018-05-06_2018-05-15|2018-07-05_2018-07-14|2020-01-06_2020-01-15
0.1,3,Core CPI m/m|PPI m/m|Core PPI m/m,Neutral|Good|Good,12,6,6,50.0,50.0,1.0,2019-10-08_2019-10-17|2019-12-07_2019-12-16|2022-03-06_2022-03-15|2023-03-11_2023-03-20|2023-04-10_2023-04-19|2023-11-06_2023-11-15|2024-01-05_2024-01-14|2025-01-09_2025-01-18|2025-03-10_2025-03-19|2025-07-08_2025-07-17|2025-09-06_2025-09-15|2025-05-09_2025-05-18
0.1,3,Core CPI m/m|PPI m/m|Core PPI m/m,Good|Good|Good,3,1,2,33.3,66.7,0.5,2020-05-05_2020-05-14|2022-08-03_2022-08-12|2025-04-09_2025-04-18
0.1,3,Core CPI m/m|PPI m/m|Core PPI m/m,Bad|Bad|Bad,3,2,1,66.7,33.3,2.0,2020-08-03_2020-08-12|2021-06-09_2021-06-18|2021-07-09_2021-07-18
0.1,3,Core CPI m/m|PPI m/m|Core PPI m/m,Neutral|Bad|Bad,5,4,1,80.0,20.0,4.0,2020-10-12_2020-10-21|2021-12-06_2021-12-15|2023-02-09_2023-02-18|2024-05-14_2024-05-23|2025-08-07_2025-08-16
0.1,3,Core CPI m/m|PPI m/m|Core PPI m/m,Good|Neutral|Neutral,2,2,0,100.0,0.0,inf,2020-11-11_2020-11-20|2021-09-07_2021-09-16
0.1,3,Core CPI m/m|PPI m/m|Core PPI m/m,Good|Bad|Bad,3,2,1,66.7,33.3,2.0,2021-02-09_2021-02-18|2022-04-05_2022-04-14|2021-08-08_2021-08-17
0.1,3,Core CPI m/m|PPI m/m|Core PPI m/m,Neutral|Neutral|Good,5,2,3,40.0,60.0,0.67,2021-10-07_2021-10-16|2023-12-06_2023-12-15|2024-08-12_2024-08-21|2019-01-11_2019-01-20|2019-08-09_2019-08-18
0.1,3,Core CPI m/m|PPI m/m|Core PPI m/m,Bad|Bad|Neutral,3,3,0,100.0,0.0,inf,2022-10-12_2022-10-21|2025-02-08_2025-02-17|2024-03-05_2024-03-14
0.1,3,Core CPI m/m|PPI m/m|Core PPI m/m,Bad|Neutral|Neutral,3,2,1,66.7,33.3,2.0,2023-05-10_2023-05-19|2021-11-06_2021-11-15|2024-04-04_2024-04-13
0.1,3,Core CPI m/m|PPI m/m|Core PPI m/m,Neutral|Neutral|Bad,1,0,1,0.0,100.0,0.0,2024-07-03_2024-07-12
0.1,3,Core CPI m/m|PPI m/m|Core PPI m/m,Good|Neutral|Good,1,0,1,0.0,100.0,0.0,2025-06-08_2025-06-17
0.1,3,Core CPI m/m|PPI m/m|Core PPI m/m,Bad|Neutral|Bad,2,2,0,100.0,0.0,inf,2020-09-02_2020-09-11|2022-09-12_2022-09-21
0.1,3,Core CPI m/m|PPI m/m|Core PPI m/m,Bad|Neutral|Good,1,1,0,100.0,0.0,inf,2022-05-05_2022-05-14
0.1,3,Core CPI m/m|PPI m/m|Core PPI m/m,Good|Neutral|Bad,1,0,1,0.0,100.0,0.0,2020-04-05_2020-04-14
0.2,3,Core CPI m/m|PPI m/m|Core PPI m/m,Neutral|Neutral|Neutral,38,24,14,63.2,36.8,1.71,2018-06-05_2018-06-14|2018-08-04_2018-08-13|2018-10-03_2018-10-12|2019-02-10_2019-02-19|2019-03-12_2019-03-21|2019-06-10_2019-06-19|2019-09-08_2019-09-17|2019-11-07_2019-11-16|2020-10-12_2020-10-21|2020-11-11_2020-11-20|2022-01-05_2022-01-14|2022-10-12_2022-10-21|2023-05-10_2023-05-19|2023-06-09_2023-06-18|2023-07-09_2023-07-18|2023-08-08_2023-08-17|2023-10-07_2023-10-16|2023-12-06_2023-12-15|2024-01-05_2024-01-14|2024-07-03_2024-07-12|2024-08-12_2024-08-21|2024-09-11_2024-09-20|2024-12-10_2024-12-19|2025-01-09_2025-01-18|2025-02-08_2025-02-17|2025-06-08_2025-06-17|2025-07-08_2025-07-17|2020-09-02_2020-09-11|2021-01-10_2021-01-19|2021-09-07_2021-09-16|2021-11-06_2021-11-15|2022-05-05_2022-05-14|2024-04-04_2024-04-13|2024-11-10_2024-11-19|2018-05-06_2018-05-15|2018-07-05_2018-07-14|2020-01-06_2020-01-15|2020-04-05_2020-04-14
0.2,3,Core CPI m/m|PPI m/m|Core PPI m/m,Neutral|Good|Good,8,3,5,37.5,62.5,0.6,2019-10-08_2019-10-17|2023-03-11_2023-03-20|2023-04-10_2023-04-19|2023-11-06_2023-11-15|2025-03-10_2025-03-19|2025-04-09_2025-04-18|2025-09-06_2025-09-15|2025-05-09_2025-05-18
0.2,3,Core CPI m/m|PPI m/m|Core PPI m/m,Neutral|Neutral|Good,5,2,3,40.0,60.0,0.67,2019-12-07_2019-12-16|2021-10-07_2021-10-16|2022-03-06_2022-03-15|2019-01-11_2019-01-20|2019-08-09_2019-08-18
0.2,3,Core CPI m/m|PPI m/m|Core PPI m/m,Neutral|Good|Neutral,3,2,1,66.7,33.3,2.0,2020-05-05_2020-05-14|2022-08-03_2022-08-12|2023-01-10_2023-01-19
0.2,3,Core CPI m/m|PPI m/m|Core PPI m/m,Neutral|Bad|Neutral,5,3,2,60.0,40.0,1.5,2020-06-04_2020-06-13|2023-02-09_2023-02-18|2023-09-07_2023-09-16|2021-06-09_2021-06-18|2024-03-05_2024-03-14
0.2,3,Core CPI m/m|PPI m/m|Core PPI m/m,Bad|Bad|Bad,2,1,1,50.0,50.0,1.0,2020-08-03_2020-08-12|2021-07-09_2021-07-18
0.2,3,Core CPI m/m|PPI m/m|Core PPI m/m,Neutral|Bad|Bad,5,4,1,80.0,20.0,4.0,2021-02-09_2021-02-18|2021-12-06_2021-12-15|2022-04-05_2022-04-14|2021-08-08_2021-08-17|2025-08-07_2025-08-16
0.2,3,Core CPI m/m|PPI m/m|Core PPI m/m,Neutral|Neutral|Bad,1,0,1,0.0,100.0,0.0,2024-05-14_2024-05-23
0.2,3,Core CPI m/m|PPI m/m|Core PPI m/m,Bad|Neutral|Neutral,1,1,0,100.0,0.0,inf,2022-09-12_2022-09-21
0.3,3,Core CPI m/m|PPI m/m|Core PPI m/m,Neutral|Neutral|Neutral,44,27,17,61.4,38.6,1.59,2018-06-05_2018-06-14|2018-08-04_2018-08-13|2018-10-03_2018-10-12|2019-02-10_2019-02-19|2019-03-12_2019-03-21|2019-06-10_2019-06-19|2019-09-08_2019-09-17|2019-11-07_2019-11-16|2020-10-12_2020-10-21|2020-11-11_2020-11-20|2021-10-07_2021-10-16|2022-01-05_2022-01-14|2022-10-12_2022-10-21|2023-02-09_2023-02-18|2023-05-10_2023-05-19|2023-06-09_2023-06-18|2023-07-09_2023-07-18|2023-08-08_2023-08-17|2023-09-07_2023-09-16|2023-10-07_2023-10-16|2023-12-06_2023-12-15|2024-01-05_2024-01-14|2024-05-14_2024-05-23|2024-07-03_2024-07-12|2024-08-12_2024-08-21|2024-09-11_2024-09-20|2024-12-10_2024-12-19|2025-01-09_2025-01-18|2025-02-08_2025-02-17|2025-06-08_2025-06-17|2025-07-08_2025-07-17|2020-09-02_2020-09-11|2021-01-10_2021-01-19|2021-09-07_2021-09-16|2021-11-06_2021-11-15|2022-05-05_2022-05-14|2024-04-04_2024-04-13|2024-11-10_2024-11-19|2022-09-12_2022-09-21|2024-03-05_2024-03-14|2018-05-06_2018-05-15|2018-07-05_2018-07-14|2020-01-06_2020-01-15|2020-04-05_2020-04-14
0.3,3,Core CPI m/m|PPI m/m|Core PPI m/m,Neutral|Good|Good,6,1,5,16.7,83.3,0.2,2019-10-08_2019-10-17|2023-03-11_2023-03-20|2023-04-10_2023-04-19|2025-04-09_2025-04-18|2025-09-06_2025-09-15|2025-05-09_2025-05-18
0.3,3,Core CPI m/m|PPI m/m|Core PPI m/m,Neutral|Neutral|Good,5,3,2,60.0,40.0,1.5,2019-12-07_2019-12-16|2022-03-06_2022-03-15|2025-03-10_2025-03-19|2019-01-11_2019-01-20|2019-08-09_2019-08-18
0.3,3,Core CPI m/m|PPI m/m|Core PPI m/m,Neutral|Good|Neutral,4,3,1,75.0,25.0,3.0,2020-05-05_2020-05-14|2022-08-03_2022-08-12|2023-11-06_2023-11-15|2023-01-10_2023-01-19
0.3,3,Core CPI m/m|PPI m/m|Core PPI m/m,Neutral|Bad|Neutral,3,2,1,66.7,33.3,2.0,2020-06-04_2020-06-13|2021-12-06_2021-12-15|2021-06-09_2021-06-18
0.3,3,Core CPI m/m|PPI m/m|Core PPI m/m,Bad|Neutral|Bad,1,0,1,0.0,100.0,0.0,2020-08-03_2020-08-12
0.3,3,Core CPI m/m|PPI m/m|Core PPI m/m,Neutral|Bad|Bad,3,3,0,100.0,0.0,inf,2021-02-09_2021-02-18|2021-08-08_2021-08-17|2025-08-07_2025-08-16
0.3,3,Core CPI m/m|PPI m/m|Core PPI m/m,Neutral|Neutral|Bad,1,0,1,0.0,100.0,0.0,2022-04-05_2022-04-14
0.3,3,Core CPI m/m|PPI m/m|Core PPI m/m,Bad|Bad|Bad,1,1,0,100.0,0.0,inf,2021-07-09_2021-07-18
0.0,3,Core CPI m/m|PPI m/m|FOMC,Neutral|Good|Neutral,1,0,1,0.0,100.0,0.0,2023-06-09_2023-06-18
0.0,3,Core CPI m/m|PPI m/m|FOMC,Neutral|Neutral|Neutral,1,0,1,0.0,100.0,0.0,2023-12-06_2023-12-15
0.0,3,Core CPI m/m|PPI m/m|FOMC,Bad|Bad|Good,1,1,0,100.0,0.0,inf,2024-09-11_2024-09-20
0.0,3,Core CPI m/m|PPI m/m|FOMC,Neutral|Bad|Neutral,1,1,0,100.0,0.0,inf,2024-12-10_2024-12-19
0.1,3,Core CPI m/m|PPI m/m|FOMC,Neutral|Good|Neutral,1,0,1,0.0,100.0,0.0,2023-06-09_2023-06-18
0.1,3,Core CPI m/m|PPI m/m|FOMC,Neutral|Neutral|Neutral,1,0,1,0.0,100.0,0.0,2023-12-06_2023-12-15
0.1,3,Core CPI m/m|PPI m/m|FOMC,Neutral|Neutral|Good,1,1,0,100.0,0.0,inf,2024-09-11_2024-09-20
0.1,3,Core CPI m/m|PPI m/m|FOMC,Neutral|Bad|Neutral,1,1,0,100.0,0.0,inf,2024-12-10_2024-12-19
0.2,3,Core CPI m/m|PPI m/m|FOMC,Neutral|Neutral|Neutral,3,1,2,33.3,66.7,0.5,2023-06-09_2023-06-18|2023-12-06_2023-12-15|2024-12-10_2024-12-19
0.2,3,Core CPI m/m|PPI m/m|FOMC,Neutral|Neutral|Good,1,1,0,100.0,0.0,inf,2024-09-11_2024-09-20
0.3,3,Core CPI m/m|PPI m/m|FOMC,Neutral|Neutral|Neutral,4,2,2,50.0,50.0,1.0,2023-06-09_2023-06-18|2023-12-06_2023-12-15|2024-09-11_2024-09-20|2024-12-10_2024-12-19
0.0,3,Core CPI m/m|PPI m/m|CPI y/y,Bad|Bad|Neutral,2,2,0,100.0,0.0,inf,2018-06-05_2018-06-14|2024-09-11_2024-09-20
0.0,3,Core CPI m/m|PPI m/m|CPI y/y,Neutral|Good|Neutral,6,2,4,33.3,66.7,0.5,2018-08-04_2018-08-13|2022-03-06_2022-03-15|2025-09-06_2025-09-15|2021-01-10_2021-01-19|2023-01-10_2023-01-19|2019-01-11_2019-01-20
0.0,3,Core CPI m/m|PPI m/m|CPI y/y,Good|Neutral|Good,2,1,1,50.0,50.0,1.0,2018-10-03_2018-10-12|2019-06-10_2019-06-19
0.0,3,Core CPI m/m|PPI m/m|CPI y/y,Neutral|Good|Bad,4,1,3,25.0,75.0,0.33,2019-02-10_2019-02-19|2019-12-07_2019-12-16|2021-10-07_2021-10-16|2024-01-05_2024-01-14
0.0,3,Core CPI m/m|PPI m/m|CPI y/y,Good|Good|Good,10,5,5,50.0,50.0,1.0,2019-03-12_2019-03-21|2019-10-08_2019-10-17|2020-05-05_2020-05-14|2022-08-03_2022-08-12|2023-07-09_2023-07-18|2023-11-06_2023-11-15|2025-03-10_2025-03-19|2025-04-09_2025-04-18|2025-06-08_2025-06-17|2025-05-09_2025-05-18
0.0,3,Core CPI m/m|PPI m/m|CPI y/y,Bad|Bad|Good,1,0,1,0.0,100.0,0.0,2019-09-08_2019-09-17
0.0,3,Core CPI m/m|PPI m/m|CPI y/y,Neutral|Bad|Bad,3,3,0,100.0,0.0,inf,2019-11-07_2019-11-16|2023-02-09_2023-02-18|2023-10-07_2023-10-16
0.0,3,Core CPI m/m|PPI m/m|CPI y/y,Good|Bad|Good,4,1,3,25.0,75.0,0.33,2020-06-04_2020-06-13|2020-11-11_2020-11-20|2024-07-03_2024-07-12|2020-04-05_2020-04-14
0.0,3,Core CPI m/m|PPI m/m|CPI y/y,Bad|Bad|Bad,8,6,2,75.0,25.0,3.0,2020-08-03_2020-08-12|2022-10-12_2022-10-21|2023-09-07_2023-09-16|2025-02-08_2025-02-17|2020-09-02_2020-09-11|2021-06-09_2021-06-18|2021-07-09_2021-07-18|2024-03-05_2024-03-14
0.0,3,Core CPI m/m|PPI m/m|CPI y/y,Neutral|Bad|Neutral,5,4,1,80.0,20.0,4.0,2020-10-12_2020-10-21|2021-12-06_2021-12-15|2024-05-14_2024-05-23|2024-12-10_2024-12-19|2018-07-05_2018-07-14
0.0,3,Core CPI m/m|PPI m/m|CPI y/y,Good|Bad|Neutral,2,2,0,100.0,0.0,inf,2021-02-09_2021-02-18|2021-09-07_2021-09-16
0.0,3,Core CPI m/m|PPI m/m|CPI y/y,Bad|Good|Neutral,2,1,1,50.0,50.0,1.0,2022-01-05_2022-01-14|2023-03-11_2023-03-20
0.0,3,Core CPI m/m|PPI m/m|CPI y/y,Good|Bad|Bad,2,1,1,50.0,50.0,1.0,2022-04-05_2022-04-14|2021-08-08_2021-08-17
0.0,3,Core CPI m/m|PPI m/m|CPI y/y,Neutral|Good|Good,3,1,2,33.3,66.7,0.5,2023-04-10_2023-04-19|2023-06-09_2023-06-18|2024-08-12_2024-08-21
0.0,3,Core CPI m/m|PPI m/m|CPI y/y,Bad|Good|Good,1,1,0,100.0,0.0,inf,2023-05-10_2023-05-19
0.0,3,Core CPI m/m|PPI m/m|CPI y/y,Neutral|Bad|Good,2,1,1,50.0,50.0,1.0,2023-08-08_2023-08-17|2025-08-07_2025-08-16
0.0,3,Core CPI m/m|PPI m/m|CPI y/y,Neutral|Neutral|Neutral,2,1,1,50.0,50.0,1.0,2023-12-06_2023-12-15|2024-11-10_2024-11-19
0.0,3,Core CPI m/m|PPI m/m|CPI y/y,Good|Good|Neutral,3,2,1,66.7,33.3,2.0,2025-01-09_2025-01-18|2018-05-06_2018-05-15|2020-01-06_2020-01-15
0.0,3,Core CPI m/m|PPI m/m|CPI y/y,Good|Good|Bad,1,1,0,100.0,0.0,inf,2025-07-08_2025-07-17
0.0,3,Core CPI m/m|PPI m/m|CPI y/y,Bad|Neutral|Bad,4,3,1,75.0,25.0,3.0,2021-11-06_2021-11-15|2022-05-05_2022-05-14|2022-09-12_2022-09-21|2019-08-09_2019-08-18
0.0,3,Core CPI m/m|PPI m/m|CPI y/y,Bad|Good|Bad,1,1,0,100.0,0.0,inf,2024-04-04_2024-04-13
0.1,3,Core CPI m/m|PPI m/m|CPI y/y,Neutral|Bad|Neutral,6,5,1,83.3,16.7,5.0,2018-06-05_2018-06-14|2020-10-12_2020-10-21|2021-12-06_2021-12-15|2024-05-14_2024-05-23|2024-12-10_2024-12-19|2025-08-07_2025-08-16
0.1,3,Core CPI m/m|PPI m/m|CPI y/y,Neutral|Good|Neutral,11,5,6,45.5,54.5,0.83,2018-08-04_2018-08-13|2022-01-05_2022-01-14|2022-03-06_2022-03-15|2023-03-11_2023-03-20|2023-04-10_2023-04-19|2023-06-09_2023-06-18|2023-11-06_2023-11-15|2025-01-09_2025-01-18|2025-09-06_2025-09-15|2021-01-10_2021-01-19|2023-01-10_2023-01-19
0.1,3,Core CPI m/m|PPI m/m|CPI y/y,Neutral|Neutral|Good,6,3,3,50.0,50.0,1.0,2018-10-03_2018-10-12|2019-03-12_2019-03-21|2019-09-08_2019-09-17|2023-07-09_2023-07-18|2024-07-03_2024-07-12|2024-08-12_2024-08-21
0.1,3,Core CPI m/m|PPI m/m|CPI y/y,Neutral|Good|Bad,4,2,2,50.0,50.0,1.0,2019-02-10_2019-02-19|2019-12-07_2019-12-16|2024-01-05_2024-01-14|2025-07-08_2025-07-17
0.1,3,Core CPI m/m|PPI m/m|CPI y/y,Neutral|Neutral|Neutral,9,5,4,55.6,44.4,1.25,2019-06-10_2019-06-19|2023-08-08_2023-08-17|2023-12-06_2023-12-15|2024-09-11_2024-09-20|2024-11-10_2024-11-19|2018-05-06_2018-05-15|2018-07-05_2018-07-14|2019-01-11_2019-01-20|2020-01-06_2020-01-15
0.1,3,Core CPI m/m|PPI m/m|CPI y/y,Neutral|Good|Good,3,1,2,33.3,66.7,0.5,2019-10-08_2019-10-17|2025-03-10_2025-03-19|2025-05-09_2025-05-18
0.1,3,Core CPI m/m|PPI m/m|CPI y/y,Neutral|Bad|Bad,4,3,1,75.0,25.0,3.0,2019-11-07_2019-11-16|2023-02-09_2023-02-18|2023-09-07_2023-09-16|2023-10-07_2023-10-16
0.1,3,Core CPI m/m|PPI m/m|CPI y/y,Good|Good|Good,3,1,2,33.3,66.7,0.5,2020-05-05_2020-05-14|2022-08-03_2022-08-12|2025-04-09_2025-04-18
0.1,3,Core CPI m/m|PPI m/m|CPI y/y,Neutral|Bad|Good,1,0,1,0.0,100.0,0.0,2020-06-04_2020-06-13
0.1,3,Core CPI m/m|PPI m/m|CPI y/y,Bad|Bad|Bad,5,4,1,80.0,20.0,4.0,2020-08-03_2020-08-12|2025-02-08_2025-02-17|2021-06-09_2021-06-18|2021-07-09_2021-07-18|2024-03-05_2024-03-14
0.1,3,Core CPI m/m|PPI m/m|CPI y/y,Good|Neutral|Good,3,1,2,33.3,66.7,0.5,2020-11-11_2020-11-20|2025-06-08_2025-06-17|2020-04-05_2020-04-14
0.1,3,Core CPI m/m|PPI m/m|CPI y/y,Good|Bad|Neutral,2,1,1,50.0,50.0,1.0,2021-02-09_2021-02-18|2022-04-05_2022-04-14
0.1,3,Core CPI m/m|PPI m/m|CPI y/y,Neutral|Neutral|Bad,2,1,1,50.0,50.0,1.0,2021-10-07_2021-10-16|2019-08-09_2019-08-18
0.1,3,Core CPI m/m|PPI m/m|CPI y/y,Bad|Bad|Neutral,1,1,0,100.0,0.0,inf,2022-10-12_2022-10-21
0.1,3,Core CPI m/m|PPI m/m|CPI y/y,Bad|Neutral|Neutral,1,1,0,100.0,0.0,inf,2023-05-10_2023-05-19
0.1,3,Core CPI m/m|PPI m/m|CPI y/y,Bad|Neutral|Bad,5,4,1,80.0,20.0,4.0,2020-09-02_2020-09-11|2021-11-06_2021-11-15|2022-05-05_2022-05-14|2024-04-04_2024-04-13|2022-09-12_2022-09-21
0.1,3,Core CPI m/m|PPI m/m|CPI y/y,Good|Bad|Bad,1,1,0,100.0,0.0,inf,2021-08-08_2021-08-17
0.1,3,Core CPI m/m|PPI m/m|CPI y/y,Good|Neutral|Neutral,1,1,0,100.0,0.0,inf,2021-09-07_2021-09-16
0.2,3,Core CPI m/m|PPI m/m|CPI y/y,Neutral|Neutral|Neutral,42,25,17,59.5,40.5,1.47,2018-06-05_2018-06-14|2018-08-04_2018-08-13|2018-10-03_2018-10-12|2019-02-10_2019-02-19|2019-03-12_2019-03-21|2019-06-10_2019-06-19|2019-09-08_2019-09-17|2019-11-07_2019-11-16|2019-12-07_2019-12-16|2020-10-12_2020-10-21|2020-11-11_2020-11-20|2021-10-07_2021-10-16|2022-01-05_2022-01-14|2022-03-06_2022-03-15|2022-10-12_2022-10-21|2023-05-10_2023-05-19|2023-06-09_2023-06-18|2023-07-09_2023-07-18|2023-08-08_2023-08-17|2023-10-07_2023-10-16|2023-12-06_2023-12-15|2024-01-05_2024-01-14|2024-05-14_2024-05-23|2024-07-03_2024-07-12|2024-08-12_2024-08-21|2024-09-11_2024-09-20|2024-12-10_2024-12-19|2025-01-09_2025-01-18|2025-02-08_2025-02-17|2025-06-08_2025-06-17|2025-07-08_2025-07-17|2020-09-02_2020-09-11|2021-01-10_2021-01-19|2021-09-07_2021-09-16|2024-04-04_2024-04-13|2024-11-10_2024-11-19|2018-05-06_2018-05-15|2018-07-05_2018-07-14|2019-01-11_2019-01-20|2019-08-09_2019-08-18|2020-01-06_2020-01-15|2020-04-05_2020-04-14
0.2,3,Core CPI m/m|PPI m/m|CPI y/y,Neutral|Good|Neutral,11,5,6,45.5,54.5,0.83,2019-10-08_2019-10-17|2020-05-05_2020-05-14|2022-08-03_2022-08-12|2023-03-11_2023-03-20|2023-04-10_2023-04-19|2023-11-06_2023-11-15|2025-03-10_2025-03-19|2025-04-09_2025-04-18|2025-09-06_2025-09-15|2023-01-10_2023-01-19|2025-05-09_2025-05-18
0.2,3,Core CPI m/m|PPI m/m|CPI y/y,Neutral|Bad|Neutral,8,5,3,62.5,37.5,1.67,2020-06-04_2020-06-13|2021-02-09_2021-02-18|2021-12-06_2021-12-15|2022-04-05_2022-04-14|2023-09-07_2023-09-16|2021-08-08_2021-08-17|2025-08-07_2025-08-16|2024-03-05_2024-03-14
0.2,3,Core CPI m/m|PPI m/m|CPI y/y,Bad|Bad|Bad,2,1,1,50.0,50.0,1.0,2020-08-03_2020-08-12|2021-07-09_2021-07-18
0.2,3,Core CPI m/m|PPI m/m|CPI y/y,Neutral|Bad|Bad,2,2,0,100.0,0.0,inf,2023-02-09_2023-02-18|2021-06-09_2021-06-18
0.2,3,Core CPI m/m|PPI m/m|CPI y/y,Neutral|Neutral|Bad,2,1,1,50.0,50.0,1.0,2021-11-06_2021-11-15|2022-05-05_2022-05-14
0.2,3,Core CPI m/m|PPI m/m|CPI y/y,Bad|Neutral|Bad,1,1,0,100.0,0.0,inf,2022-09-12_2022-09-21
0.3,3,Core CPI m/m|PPI m/m|CPI y/y,Neutral|Neutral|Neutral,50,30,20,60.0,40.0,1.5,2018-06-05_2018-06-14|2018-08-04_2018-08-13|2018-10-03_2018-10-12|2019-02-10_2019-02-19|2019-03-12_2019-03-21|2019-06-10_2019-06-19|2019-09-08_2019-09-17|2019-11-07_2019-11-16|2019-12-07_2019-12-16|2020-10-12_2020-10-21|2020-11-11_2020-11-20|2021-10-07_2021-10-16|2022-01-05_2022-01-14|2022-03-06_2022-03-15|2022-04-05_2022-04-14|2022-10-12_2022-10-21|2023-02-09_2023-02-18|2023-05-10_2023-05-19|2023-06-09_2023-06-18|2023-07-09_2023-07-18|2023-08-08_2023-08-17|2023-09-07_2023-09-16|2023-10-07_2023-10-16|2023-12-06_2023-12-15|2024-01-05_2024-01-14|2024-05-14_2024-05-23|2024-07-03_2024-07-12|2024-08-12_2024-08-21|2024-09-11_2024-09-20|2024-12-10_2024-12-19|2025-01-09_2025-01-18|2025-02-08_2025-02-17|2025-03-10_2025-03-19|2025-06-08_2025-06-17|2025-07-08_2025-07-17|2020-09-02_2020-09-11|2021-01-10_2021-01-19|2021-09-07_2021-09-16|2021-11-06_2021-11-15|2022-05-05_2022-05-14|2024-04-04_2024-04-13|2024-11-10_2024-11-19|2022-09-12_2022-09-21|2024-03-05_2024-03-14|2018-05-06_2018-05-15|2018-07-05_2018-07-14|2019-01-11_2019-01-20|2019-08-09_2019-08-18|2020-01-06_2020-01-15|2020-04-05_2020-04-14
0.3,3,Core CPI m/m|PPI m/m|CPI y/y,Neutral|Good|Neutral,10,4,6,40.0,60.0,0.67,2019-10-08_2019-10-17|2020-05-05_2020-05-14|2022-08-03_2022-08-12|2023-03-11_2023-03-20|2023-04-10_2023-04-19|2023-11-06_2023-11-15|2025-04-09_2025-04-18|2025-09-06_2025-09-15|2023-01-10_2023-01-19|2025-05-09_2025-05-18
0.3,3,Core CPI m/m|PPI m/m|CPI y/y,Neutral|Bad|Neutral,6,5,1,83.3,16.7,5.0,2020-06-04_2020-06-13|2021-02-09_2021-02-18|2021-12-06_2021-12-15|2021-06-09_2021-06-18|2021-08-08_2021-08-17|2025-08-07_2025-08-16
0.3,3,Core CPI m/m|PPI m/m|CPI y/y,Bad|Neutral|Bad,1,0,1,0.0,100.0,0.0,2020-08-03_2020-08-12
0.3,3,Core CPI m/m|PPI m/m|CPI y/y,Bad|Bad|Bad,1,1,0,100.0,0.0,inf,2021-07-09_2021-07-18
0.0,3,Core CPI m/m|Core PPI m/m|FOMC,Neutral|Neutral|Neutral,2,1,1,50.0,50.0,1.0,2023-06-09_2023-06-18|2024-12-10_2024-12-19
0.0,3,Core CPI m/m|Core PPI m/m|FOMC,Neutral|Good|Neutral,1,0,1,0.0,100.0,0.0,2023-12-06_2023-12-15
0.0,3,Core CPI m/m|Core PPI m/m|FOMC,Bad|Bad|Good,1,1,0,100.0,0.0,inf,2024-09-11_2024-09-20
0.1,3,Core CPI m/m|Core PPI m/m|FOMC,Neutral|Neutral|Neutral,2,1,1,50.0,50.0,1.0,2023-06-09_2023-06-18|2024-12-10_2024-12-19
0.1,3,Core CPI m/m|Core PPI m/m|FOMC,Neutral|Good|Neutral,1,0,1,0.0,100.0,0.0,2023-12-06_2023-12-15
0.1,3,Core CPI m/m|Core PPI m/m|FOMC,Neutral|Neutral|Good,1,1,0,100.0,0.0,inf,2024-09-11_2024-09-20
0.2,3,Core CPI m/m|Core PPI m/m|FOMC,Neutral|Neutral|Neutral,3,1,2,33.3,66.7,0.5,2023-06-09_2023-06-18|2023-12-06_2023-12-15|2024-12-10_2024-12-19
0.2,3,Core CPI m/m|Core PPI m/m|FOMC,Neutral|Neutral|Good,1,1,0,100.0,0.0,inf,2024-09-11_2024-09-20
0.3,3,Core CPI m/m|Core PPI m/m|FOMC,Neutral|Neutral|Neutral,4,2,2,50.0,50.0,1.0,2023-06-09_2023-06-18|2023-12-06_2023-12-15|2024-09-11_2024-09-20|2024-12-10_2024-12-19
0.0,3,Core CPI m/m|Core PPI m/m|CPI y/y,Bad|Bad|Neutral,2,2,0,100.0,0.0,inf,2018-06-05_2018-06-14|2024-09-11_2024-09-20
0.0,3,Core CPI m/m|Core PPI m/m|CPI y/y,Neutral|Good|Neutral,5,1,4,20.0,80.0,0.25,2018-08-04_2018-08-13|2022-03-06_2022-03-15|2023-12-06_2023-12-15|2025-09-06_2025-09-15|2019-01-11_2019-01-20
0.0,3,Core CPI m/m|Core PPI m/m|CPI y/y,Good|Neutral|Good,3,1,2,33.3,66.7,0.5,2018-10-03_2018-10-12|2019-06-10_2019-06-19|2020-06-04_2020-06-13
0.0,3,Core CPI m/m|Core PPI m/m|CPI y/y,Neutral|Bad|Bad,4,3,1,75.0,25.0,3.0,2019-02-10_2019-02-19|2019-11-07_2019-11-16|2023-02-09_2023-02-18|2023-10-07_2023-10-16
0.0,3,Core CPI m/m|Core PPI m/m|CPI y/y,Good|Good|Good,11,6,5,54.5,45.5,1.2,2019-03-12_2019-03-21|2019-10-08_2019-10-17|2020-05-05_2020-05-14|2020-11-11_2020-11-20|2022-08-03_2022-08-12|2023-07-09_2023-07-18|2023-11-06_2023-11-15|2025-03-10_2025-03-19|2025-04-09_2025-04-18|2025-06-08_2025-06-17|2025-05-09_2025-05-18
0.0,3,Core CPI m/m|Core PPI m/m|CPI y/y,Bad|Bad|Good,1,0,1,0.0,100.0,0.0,2019-09-08_2019-09-17
0.0,3,Core CPI m/m|Core PPI m/m|CPI y/y,Neutral|Good|Bad,3,1,2,33.3,66.7,0.5,2019-12-07_2019-12-16|2021-10-07_2021-10-16|2024-01-05_2024-01-14
0.0,3,Core CPI m/m|Core PPI m/m|CPI y/y,Bad|Bad|Bad,6,5,1,83.3,16.7,5.0,2020-08-03_2020-08-12|2020-09-02_2020-09-11|2021-06-09_2021-06-18|2021-07-09_2021-07-18|2022-09-12_2022-09-21|2024-03-05_2024-03-14
0.0,3,Core CPI m/m|Core PPI m/m|CPI y/y,Neutral|Bad|Neutral,4,3,1,75.0,25.0,3.0,2020-10-12_2020-10-21|2021-12-06_2021-12-15|2024-05-14_2024-05-23|2018-07-05_2018-07-14
0.0,3,Core CPI m/m|Core PPI m/m|CPI y/y,Good|Bad|Neutral,2,2,0,100.0,0.0,inf,2021-02-09_2021-02-18|2021-09-07_2021-09-16
0.0,3,Core CPI m/m|Core PPI m/m|CPI y/y,Bad|Neutral|Neutral,1,1,0,100.0,0.0,inf,2022-01-05_2022-01-14
0.0,3,Core CPI m/m|Core PPI m/m|CPI y/y,Good|Bad|Bad,2,1,1,50.0,50.0,1.0,2022-04-05_2022-04-14|2021-08-08_2021-08-17
0.0,3,Core CPI m/m|Core PPI m/m|CPI y/y,Bad|Neutral|Bad,4,3,1,75.0,25.0,3.0,2022-10-12_2022-10-21|2023-09-07_2023-09-16|2025-02-08_2025-02-17|2024-04-04_2024-04-13
0.0,3,Core CPI m/m|Core PPI m/m|CPI y/y,Bad|Good|Neutral,1,0,1,0.0,100.0,0.0,2023-03-11_2023-03-20
0.0,3,Core CPI m/m|Core PPI m/m|CPI y/y,Neutral|Good|Good,2,1,1,50.0,50.0,1.0,2023-04-10_2023-04-19|2024-08-12_2024-08-21
0.0,3,Core CPI m/m|Core PPI m/m|CPI y/y,Bad|Neutral|Good,1,1,0,100.0,0.0,inf,2023-05-10_2023-05-19
0.0,3,Core CPI m/m|Core PPI m/m|CPI y/y,Neutral|Neutral|Good,1,0,1,0.0,100.0,0.0,2023-06-09_2023-06-18
0.0,3,Core CPI m/m|Core PPI m/m|CPI y/y,Neutral|Bad|Good,2,1,1,50.0,50.0,1.0,2023-08-08_2023-08-17|2025-08-07_2025-08-16
0.0,3,Core CPI m/m|Core PPI m/m|CPI y/y,Good|Bad|Good,2,0,2,0.0,100.0,0.0,2024-07-03_2024-07-12|2020-04-05_2020-04-14
0.0,3,Core CPI m/m|Core PPI m/m|CPI y/y,Neutral|Neutral|Neutral,4,3,1,75.0,25.0,3.0,2024-12-10_2024-12-19|2021-01-10_2021-01-19|2023-01-10_2023-01-19|2024-11-10_2024-11-19
0.0,3,Core CPI m/m|Core PPI m/m|CPI y/y,Good|Good|Neutral,2,1,1,50.0,50.0,1.0,2025-01-09_2025-01-18|2020-01-06_2020-01-15
0.0,3,Core CPI m/m|Core PPI m/m|CPI y/y,Good|Good|Bad,1,1,0,100.0,0.0,inf,2025-07-08_2025-07-17
0.0,3,Core CPI m/m|Core PPI m/m|CPI y/y,Bad|Good|Bad,3,2,1,66.7,33.3,2.0,2021-11-06_2021-11-15|2022-05-05_2022-05-14|2019-08-09_2019-08-18
0.0,3,Core CPI m/m|Core PPI m/m|CPI y/y,Good|Neutral|Neutral,1,1,0,100.0,0.0,inf,2018-05-06_2018-05-15
0.1,3,Core CPI m/m|Core PPI m/m|CPI y/y,Neutral|Neutral|Neutral,14,8,6,57.1,42.9,1.33,2018-06-05_2018-06-14|2018-08-04_2018-08-13|2019-06-10_2019-06-19|2022-01-05_2022-01-14|2023-06-09_2023-06-18|2023-08-08_2023-08-17|2024-09-11_2024-09-20|2024-12-10_2024-12-19|2021-01-10_2021-01-19|2023-01-10_2023-01-19|2024-11-10_2024-11-19|2018-05-06_2018-05-15|2018-07-05_2018-07-14|2020-01-06_2020-01-15
0.1,3,Core CPI m/m|Core PPI m/m|CPI y/y,Neutral|Neutral|Good,5,3,2,60.0,40.0,1.5,2018-10-03_2018-10-12|2019-03-12_2019-03-21|2019-09-08_2019-09-17|2020-06-04_2020-06-13|2023-07-09_2023-07-18
0.1,3,Core CPI m/m|Core PPI m/m|CPI y/y,Neutral|Neutral|Bad,4,2,2,50.0,50.0,1.0,2019-02-10_2019-02-19|2019-11-07_2019-11-16|2023-09-07_2023-09-16|2023-10-07_2023-10-16
0.1,3,Core CPI m/m|Core PPI m/m|CPI y/y,Neutral|Good|Good,4,1,3,25.0,75.0,0.33,2019-10-08_2019-10-17|2024-08-12_2024-08-21|2025-03-10_2025-03-19|2025-05-09_2025-05-18
0.1,3,Core CPI m/m|Core PPI m/m|CPI y/y,Neutral|Good|Bad,5,3,2,60.0,40.0,1.5,2019-12-07_2019-12-16|2021-10-07_2021-10-16|2024-01-05_2024-01-14|2025-07-08_2025-07-17|2019-08-09_2019-08-18
0.1,3,Core CPI m/m|Core PPI m/m|CPI y/y,Good|Good|Good,4,1,3,25.0,75.0,0.33,2020-05-05_2020-05-14|2022-08-03_2022-08-12|2025-04-09_2025-04-18|2025-06-08_2025-06-17
0.1,3,Core CPI m/m|Core PPI m/m|CPI y/y,Bad|Bad|Bad,5,4,1,80.0,20.0,4.0,2020-08-03_2020-08-12|2020-09-02_2020-09-11|2021-06-09_2021-06-18|2021-07-09_2021-07-18|2022-09-12_2022-09-21
0.1,3,Core CPI m/m|Core PPI m/m|CPI y/y,Neutral|Bad|Neutral,4,3,1,75.0,25.0,3.0,2020-10-12_2020-10-21|2021-12-06_2021-12-15|2024-05-14_2024-05-23|2025-08-07_2025-08-16
0.1,3,Core CPI m/m|Core PPI m/m|CPI y/y,Good|Neutral|Good,1,1,0,100.0,0.0,inf,2020-11-11_2020-11-20
0.1,3,Core CPI m/m|Core PPI m/m|CPI y/y,Good|Bad|Neutral,2,1,1,50.0,50.0,1.0,2021-02-09_2021-02-18|2022-04-05_2022-04-14
0.1,3,Core CPI m/m|Core PPI m/m|CPI y/y,Neutral|Good|Neutral,8,4,4,50.0,50.0,1.0,2022-03-06_2022-03-15|2023-03-11_2023-03-20|2023-04-10_2023-04-19|2023-11-06_2023-11-15|2023-12-06_2023-12-15|2025-01-09_2025-01-18|2025-09-06_2025-09-15|2019-01-11_2019-01-20
0.1,3,Core CPI m/m|Core PPI m/m|CPI y/y,Bad|Neutral|Neutral,2,2,0,100.0,0.0,inf,2022-10-12_2022-10-21|2023-05-10_2023-05-19
0.1,3,Core CPI m/m|Core PPI m/m|CPI y/y,Neutral|Bad|Bad,1,1,0,100.0,0.0,inf,2023-02-09_2023-02-18
0.1,3,Core CPI m/m|Core PPI m/m|CPI y/y,Neutral|Bad|Good,1,0,1,0.0,100.0,0.0,2024-07-03_2024-07-12
0.1,3,Core CPI m/m|Core PPI m/m|CPI y/y,Bad|Neutral|Bad,4,3,1,75.0,25.0,3.0,2025-02-08_2025-02-17|2021-11-06_2021-11-15|2024-04-04_2024-04-13|2024-03-05_2024-03-14
0.1,3,Core CPI m/m|Core PPI m/m|CPI y/y,Good|Bad|Bad,1,1,0,100.0,0.0,inf,2021-08-08_2021-08-17
0.1,3,Core CPI m/m|Core PPI m/m|CPI y/y,Good|Neutral|Neutral,1,1,0,100.0,0.0,inf,2021-09-07_2021-09-16
0.1,3,Core CPI m/m|Core PPI m/m|CPI y/y,Bad|Good|Bad,1,1,0,100.0,0.0,inf,2022-05-05_2022-05-14
0.1,3,Core CPI m/m|Core PPI m/m|CPI y/y,Good|Bad|Good,1,0,1,0.0,100.0,0.0,2020-04-05_2020-04-14
0.2,3,Core CPI m/m|Core PPI m/m|CPI y/y,Neutral|Neutral|Neutral,42,26,16,61.9,38.1,1.62,2018-06-05_2018-06-14|2018-08-04_2018-08-13|2018-10-03_2018-10-12|2019-02-10_2019-02-19|2019-03-12_2019-03-21|2019-06-10_2019-06-19|2019-09-08_2019-09-17|2019-11-07_2019-11-16|2020-05-05_2020-05-14|2020-06-04_2020-06-13|2020-10-12_2020-10-21|2020-11-11_2020-11-20|2022-01-05_2022-01-14|2022-08-03_2022-08-12|2022-10-12_2022-10-21|2023-05-10_2023-05-19|2023-06-09_2023-06-18|2023-07-09_2023-07-18|2023-08-08_2023-08-17|2023-09-07_2023-09-16|2023-10-07_2023-10-16|2023-12-06_2023-12-15|2024-01-05_2024-01-14|2024-07-03_2024-07-12|2024-08-12_2024-08-21|2024-09-11_2024-09-20|2024-12-10_2024-12-19|2025-01-09_2025-01-18|2025-02-08_2025-02-17|2025-06-08_2025-06-17|2025-07-08_2025-07-17|2020-09-02_2020-09-11|2021-01-10_2021-01-19|2021-09-07_2021-09-16|2023-01-10_2023-01-19|2024-04-04_2024-04-13|2024-11-10_2024-11-19|2024-03-05_2024-03-14|2018-05-06_2018-05-15|2018-07-05_2018-07-14|2020-01-06_2020-01-15|2020-04-05_2020-04-14
0.2,3,Core CPI m/m|Core PPI m/m|CPI y/y,Neutral|Good|Neutral,13,5,8,38.5,61.5,0.63,2019-10-08_2019-10-17|2019-12-07_2019-12-16|2021-10-07_2021-10-16|2022-03-06_2022-03-15|2023-03-11_2023-03-20|2023-04-10_2023-04-19|2023-11-06_2023-11-15|2025-03-10_2025-03-19|2025-04-09_2025-04-18|2025-09-06_2025-09-15|2025-05-09_2025-05-18|2019-01-11_2019-01-20|2019-08-09_2019-08-18
0.2,3,Core CPI m/m|Core PPI m/m|CPI y/y,Bad|Bad|Bad,2,1,1,50.0,50.0,1.0,2020-08-03_2020-08-12|2021-07-09_2021-07-18
0.2,3,Core CPI m/m|Core PPI m/m|CPI y/y,Neutral|Bad|Neutral,6,4,2,66.7,33.3,2.0,2021-02-09_2021-02-18|2021-12-06_2021-12-15|2022-04-05_2022-04-14|2024-05-14_2024-05-23|2021-08-08_2021-08-17|2025-08-07_2025-08-16
0.2,3,Core CPI m/m|Core PPI m/m|CPI y/y,Neutral|Neutral|Bad,4,3,1,75.0,25.0,3.0,2023-02-09_2023-02-18|2021-06-09_2021-06-18|2021-11-06_2021-11-15|2022-05-05_2022-05-14
0.2,3,Core CPI m/m|Core PPI m/m|CPI y/y,Bad|Neutral|Bad,1,1,0,100.0,0.0,inf,2022-09-12_2022-09-21
0.3,3,Core CPI m/m|Core PPI m/m|CPI y/y,Neutral|Neutral|Neutral,51,32,19,62.7,37.3,1.68,2018-06-05_2018-06-14|2018-08-04_2018-08-13|2018-10-03_2018-10-12|2019-02-10_2019-02-19|2019-03-12_2019-03-21|2019-06-10_2019-06-19|2019-09-08_2019-09-17|2019-11-07_2019-11-16|2020-05-05_2020-05-14|2020-06-04_2020-06-13|2020-10-12_2020-10-21|2020-11-11_2020-11-20|2021-10-07_2021-10-16|2021-12-06_2021-12-15|2022-01-05_2022-01-14|2022-08-03_2022-08-12|2022-10-12_2022-10-21|2023-02-09_2023-02-18|2023-05-10_2023-05-19|2023-06-09_2023-06-18|2023-07-09_2023-07-18|2023-08-08_2023-08-17|2023-09-07_2023-09-16|2023-10-07_2023-10-16|2023-11-06_2023-11-15|2023-12-06_2023-12-15|2024-01-05_2024-01-14|2024-05-14_2024-05-23|2024-07-03_2024-07-12|2024-08-12_2024-08-21|2024-09-11_2024-09-20|2024-12-10_2024-12-19|2025-01-09_2025-01-18|2025-02-08_2025-02-17|2025-06-08_2025-06-17|2025-07-08_2025-07-17|2020-09-02_2020-09-11|2021-01-10_2021-01-19|2021-06-09_2021-06-18|2021-09-07_2021-09-16|2021-11-06_2021-11-15|2022-05-05_2022-05-14|2023-01-10_2023-01-19|2024-04-04_2024-04-13|2024-11-10_2024-11-19|2022-09-12_2022-09-21|2024-03-05_2024-03-14|2018-05-06_2018-05-15|2018-07-05_2018-07-14|2020-01-06_2020-01-15|2020-04-05_2020-04-14
0.3,3,Core CPI m/m|Core PPI m/m|CPI y/y,Neutral|Good|Neutral,11,4,7,36.4,63.6,0.57,2019-10-08_2019-10-17|2019-12-07_2019-12-16|2022-03-06_2022-03-15|2023-03-11_2023-03-20|2023-04-10_2023-04-19|2025-03-10_2025-03-19|2025-04-09_2025-04-18|2025-09-06_2025-09-15|2025-05-09_2025-05-18|2019-01-11_2019-01-20|2019-08-09_2019-08-18
0.3,3,Core CPI m/m|Core PPI m/m|CPI y/y,Bad|Bad|Bad,2,1,1,50.0,50.0,1.0,2020-08-03_2020-08-12|2021-07-09_2021-07-18
0.3,3,Core CPI m/m|Core PPI m/m|CPI y/y,Neutral|Bad|Neutral,4,3,1,75.0,25.0,3.0,2021-02-09_2021-02-18|2022-04-05_2022-04-14|2021-08-08_2021-08-17|2025-08-07_2025-08-16
0.0,3,Core CPI m/m|FOMC|CPI y/y,Neutral|Neutral|Good,1,0,1,0.0,100.0,0.0,2023-06-09_2023-06-18
0.0,3,Core CPI m/m|FOMC|CPI y/y,Neutral|Neutral|Neutral,2,1,1,50.0,50.0,1.0,2023-12-06_2023-12-15|2024-12-10_2024-12-19
0.0,3,Core CPI m/m|FOMC|CPI y/y,Good|Neutral|Good,1,1,0,100.0,0.0,inf,2024-06-03_2024-06-12
0.0,3,Core CPI m/m|FOMC|CPI y/y,Bad|Good|Neutral,1,1,0,100.0,0.0,inf,2024-09-11_2024-09-20
0.1,3,Core CPI m/m|FOMC|CPI y/y,Neutral|Neutral|Neutral,3,1,2,33.3,66.7,0.5,2023-06-09_2023-06-18|2023-12-06_2023-12-15|2024-12-10_2024-12-19
0.1,3,Core CPI m/m|FOMC|CPI y/y,Neutral|Neutral|Good,1,1,0,100.0,0.0,inf,2024-06-03_2024-06-12
0.1,3,Core CPI m/m|FOMC|CPI y/y,Neutral|Good|Neutral,1,1,0,100.0,0.0,inf,2024-09-11_2024-09-20
0.2,3,Core CPI m/m|FOMC|CPI y/y,Neutral|Neutral|Neutral,4,2,2,50.0,50.0,1.0,2023-06-09_2023-06-18|2023-12-06_2023-12-15|2024-06-03_2024-06-12|2024-12-10_2024-12-19
0.2,3,Core CPI m/m|FOMC|CPI y/y,Neutral|Good|Neutral,1,1,0,100.0,0.0,inf,2024-09-11_2024-09-20
0.3,3,Core CPI m/m|FOMC|CPI y/y,Neutral|Neutral|Neutral,5,3,2,60.0,40.0,1.5,2023-06-09_2023-06-18|2023-12-06_2023-12-15|2024-06-03_2024-06-12|2024-09-11_2024-09-20|2024-12-10_2024-12-19
0.0,3,PPI m/m|Core PPI m/m|FOMC,Good|Neutral|Neutral,1,0,1,0.0,100.0,0.0,2023-06-09_2023-06-18
0.0,3,PPI m/m|Core PPI m/m|FOMC,Neutral|Good|Neutral,1,0,1,0.0,100.0,0.0,2023-12-06_2023-12-15
0.0,3,PPI m/m|Core PPI m/m|FOMC,Bad|Bad|Good,1,1,0,100.0,0.0,inf,2024-09-11_2024-09-20
0.0,3,PPI m/m|Core PPI m/m|FOMC,Bad|Neutral|Neutral,1,1,0,100.0,0.0,inf,2024-12-10_2024-12-19
0.1,3,PPI m/m|Core PPI m/m|FOMC,Good|Neutral|Neutral,1,0,1,0.0,100.0,0.0,2023-06-09_2023-06-18
0.1,3,PPI m/m|Core PPI m/m|FOMC,Neutral|Good|Neutral,1,0,1,0.0,100.0,0.0,2023-12-06_2023-12-15
0.1,3,PPI m/m|Core PPI m/m|FOMC,Neutral|Neutral|Good,1,1,0,100.0,0.0,inf,2024-09-11_2024-09-20
0.1,3,PPI m/m|Core PPI m/m|FOMC,Bad|Neutral|Neutral,1,1,0,100.0,0.0,inf,2024-12-10_2024-12-19
0.2,3,PPI m/m|Core PPI m/m|FOMC,Neutral|Neutral|Neutral,3,1,2,33.3,66.7,0.5,2023-06-09_2023-06-18|2023-12-06_2023-12-15|2024-12-10_2024-12-19
0.2,3,PPI m/m|Core PPI m/m|FOMC,Neutral|Neutral|Good,1,1,0,100.0,0.0,inf,2024-09-11_2024-09-20
0.3,3,PPI m/m|Core PPI m/m|FOMC,Neutral|Neutral|Neutral,4,2,2,50.0,50.0,1.0,2023-06-09_2023-06-18|2023-12-06_2023-12-15|2024-09-11_2024-09-20|2024-12-10_2024-12-19
0.0,3,PPI m/m|Core PPI m/m|CPI y/y,Bad|Bad|Neutral,8,7,1,87.5,12.5,7.0,2018-06-05_2018-06-14|2020-10-12_2020-10-21|2021-02-09_2021-02-18|2021-12-06_2021-12-15|2024-05-14_2024-05-23|2024-09-11_2024-09-20|2021-09-07_2021-09-16|2018-07-05_2018-07-14
0.0,3,PPI m/m|Core PPI m/m|CPI y/y,Good|Good|Neutral,7,2,5,28.6,71.4,0.4,2018-08-04_2018-08-13|2022-03-06_2022-03-15|2023-03-11_2023-03-20|2025-01-09_2025-01-18|2025-09-06_2025-09-15|2019-01-11_2019-01-20|2020-01-06_2020-01-15
0.0,3,PPI m/m|Core PPI m/m|CPI y/y,Neutral|Neutral|Good,2,1,1,50.0,50.0,1.0,2018-10-03_2018-10-12|2019-06-10_2019-06-19
0.0,3,PPI m/m|Core PPI m/m|CPI y/y,Good|Bad|Bad,1,0,1,0.0,100.0,0.0,2019-02-10_2019-02-19
0.0,3,PPI m/m|Core PPI m/m|CPI y/y,Good|Good|Good,12,6,6,50.0,50.0,1.0,2019-03-12_2019-03-21|2019-10-08_2019-10-17|2020-05-05_2020-05-14|2022-08-03_2022-08-12|2023-04-10_2023-04-19|2023-07-09_2023-07-18|2023-11-06_2023-11-15|2024-08-12_2024-08-21|2025-03-10_2025-03-19|2025-04-09_2025-04-18|2025-06-08_2025-06-17|2025-05-09_2025-05-18
0.0,3,PPI m/m|Core PPI m/m|CPI y/y,Bad|Bad|Good,5,1,4,20.0,80.0,0.25,2019-09-08_2019-09-17|2023-08-08_2023-08-17|2024-07-03_2024-07-12|2025-08-07_2025-08-16|2020-04-05_2020-04-14
0.0,3,PPI m/m|Core PPI m/m|CPI y/y,Bad|Bad|Bad,10,8,2,80.0,20.0,4.0,2019-11-07_2019-11-16|2020-08-03_2020-08-12|2022-04-05_2022-04-14|2023-02-09_2023-02-18|2023-10-07_2023-10-16|2020-09-02_2020-09-11|2021-06-09_2021-06-18|2021-07-09_2021-07-18|2021-08-08_2021-08-17|2024-03-05_2024-03-14
0.0,3,PPI m/m|Core PPI m/m|CPI y/y,Good|Good|Bad,4,2,2,50.0,50.0,1.0,2019-12-07_2019-12-16|2021-10-07_2021-10-16|2024-01-05_2024-01-14|2025-07-08_2025-07-17
0.0,3,PPI m/m|Core PPI m/m|CPI y/y,Bad|Neutral|Good,1,0,1,0.0,100.0,0.0,2020-06-04_2020-06-13
0.0,3,PPI m/m|Core PPI m/m|CPI y/y,Bad|Good|Good,1,1,0,100.0,0.0,inf,2020-11-11_2020-11-20
0.0,3,PPI m/m|Core PPI m/m|CPI y/y,Good|Neutral|Neutral,4,3,1,75.0,25.0,3.0,2022-01-05_2022-01-14|2021-01-10_2021-01-19|2023-01-10_2023-01-19|2018-05-06_2018-05-15
0.0,3,PPI m/m|Core PPI m/m|CPI y/y,Bad|Neutral|Bad,3,2,1,66.7,33.3,2.0,2022-10-12_2022-10-21|2023-09-07_2023-09-16|2025-02-08_2025-02-17
0.0,3,PPI m/m|Core PPI m/m|CPI y/y,Good|Neutral|Good,2,1,1,50.0,50.0,1.0,2023-05-10_2023-05-19|2023-06-09_2023-06-18
0.0,3,PPI m/m|Core PPI m/m|CPI y/y,Neutral|Good|Neutral,1,0,1,0.0,100.0,0.0,2023-12-06_2023-12-15
0.0,3,PPI m/m|Core PPI m/m|CPI y/y,Bad|Neutral|Neutral,1,1,0,100.0,0.0,inf,2024-12-10_2024-12-19
0.0,3,PPI m/m|Core PPI m/m|CPI y/y,Neutral|Good|Bad,3,2,1,66.7,33.3,2.0,2021-11-06_2021-11-15|2022-05-05_2022-05-14|2019-08-09_2019-08-18
0.0,3,PPI m/m|Core PPI m/m|CPI y/y,Good|Neutral|Bad,1,1,0,100.0,0.0,inf,2024-04-04_2024-04-13
0.0,3,PPI m/m|Core PPI m/m|CPI y/y,Neutral|Neutral|Neutral,1,1,0,100.0,0.0,inf,2024-11-10_2024-11-19
0.0,3,PPI m/m|Core PPI m/m|CPI y/y,Neutral|Bad|Bad,1,1,0,100.0,0.0,inf,2022-09-12_2022-09-21
0.1,3,PPI m/m|Core PPI m/m|CPI y/y,Bad|Neutral|Neutral,3,3,0,100.0,0.0,inf,2018-06-05_2018-06-14|2022-10-12_2022-10-21|2024-12-10_2024-12-19
0.1,3,PPI m/m|Core PPI m/m|CPI y/y,Good|Neutral|Neutral,5,2,3,40.0,60.0,0.67,2018-08-04_2018-08-13|2022-01-05_2022-01-14|2023-06-09_2023-06-18|2021-01-10_2021-01-19|2023-01-10_2023-01-19
0.1,3,PPI m/m|Core PPI m/m|CPI y/y,Neutral|Neutral|Good,5,4,1,80.0,20.0,4.0,2018-10-03_2018-10-12|2019-03-12_2019-03-21|2019-09-08_2019-09-17|2020-11-11_2020-11-20|2023-07-09_2023-07-18
0.1,3,PPI m/m|Core PPI m/m|CPI y/y,Good|Neutral|Bad,1,0,1,0.0,100.0,0.0,2019-02-10_2019-02-19
0.1,3,PPI m/m|Core PPI m/m|CPI y/y,Neutral|Neutral|Neutral,9,6,3,66.7,33.3,2.0,2019-06-10_2019-06-19|2023-05-10_2023-05-19|2023-08-08_2023-08-17|2024-09-11_2024-09-20|2021-09-07_2021-09-16|2024-11-10_2024-11-19|2018-05-06_2018-05-15|2018-07-05_2018-07-14|2020-01-06_2020-01-15
0.1,3,PPI m/m|Core PPI m/m|CPI y/y,Good|Good|Good,6,2,4,33.3,66.7,0.5,2019-10-08_2019-10-17|2020-05-05_2020-05-14|2022-08-03_2022-08-12|2025-03-10_2025-03-19|2025-04-09_2025-04-18|2025-05-09_2025-05-18
0.1,3,PPI m/m|Core PPI m/m|CPI y/y,Bad|Neutral|Bad,5,4,1,80.0,20.0,4.0,2019-11-07_2019-11-16|2023-09-07_2023-09-16|2023-10-07_2023-10-16|2025-02-08_2025-02-17|2024-03-05_2024-03-14
0.1,3,PPI m/m|Core PPI m/m|CPI y/y,Good|Good|Bad,3,2,1,66.7,33.3,2.0,2019-12-07_2019-12-16|2024-01-05_2024-01-14|2025-07-08_2025-07-17
0.1,3,PPI m/m|Core PPI m/m|CPI y/y,Bad|Neutral|Good,1,0,1,0.0,100.0,0.0,2020-06-04_2020-06-13
0.1,3,PPI m/m|Core PPI m/m|CPI y/y,Bad|Bad|Bad,5,4,1,80.0,20.0,4.0,2020-08-03_2020-08-12|2023-02-09_2023-02-18|2021-06-09_2021-06-18|2021-07-09_2021-07-18|2021-08-08_2021-08-17
0.1,3,PPI m/m|Core PPI m/m|CPI y/y,Bad|Bad|Neutral,6,4,2,66.7,33.3,2.0,2020-10-12_2020-10-21|2021-02-09_2021-02-18|2021-12-06_2021-12-15|2022-04-05_2022-04-14|2024-05-14_2024-05-23|2025-08-07_2025-08-16
0.1,3,PPI m/m|Core PPI m/m|CPI y/y,Neutral|Good|Bad,3,2,1,66.7,33.3,2.0,2021-10-07_2021-10-16|2022-05-05_2022-05-14|2019-08-09_2019-08-18
0.1,3,PPI m/m|Core PPI m/m|CPI y/y,Good|Good|Neutral,6,3,3,50.0,50.0,1.0,2022-03-06_2022-03-15|2023-03-11_2023-03-20|2023-04-10_2023-04-19|2023-11-06_2023-11-15|2025-01-09_2025-01-18|2025-09-06_2025-09-15
0.1,3,PPI m/m|Core PPI m/m|CPI y/y,Neutral|Good|Neutral,2,1,1,50.0,50.0,1.0,2023-12-06_2023-12-15|2019-01-11_2019-01-20
0.1,3,PPI m/m|Core PPI m/m|CPI y/y,Neutral|Bad|Good,2,0,2,0.0,100.0,0.0,2024-07-03_2024-07-12|2020-04-05_2020-04-14
0.1,3,PPI m/m|Core PPI m/m|CPI y/y,Neutral|Good|Good,2,0,2,0.0,100.0,0.0,2024-08-12_2024-08-21|2025-06-08_2025-06-17
0.1,3,PPI m/m|Core PPI m/m|CPI y/y,Neutral|Bad|Bad,2,2,0,100.0,0.0,inf,2020-09-02_2020-09-11|2022-09-12_2022-09-21
0.1,3,PPI m/m|Core PPI m/m|CPI y/y,Neutral|Neutral|Bad,2,1,1,50.0,50.0,1.0,2021-11-06_2021-11-15|2024-04-04_2024-04-13
0.2,3,PPI m/m|Core PPI m/m|CPI y/y,Neutral|Neutral|Neutral,36,23,13,63.9,36.1,1.77,2018-06-05_2018-06-14|2018-08-04_2018-08-13|2018-10-03_2018-10-12|2019-02-10_2019-02-19|2019-03-12_2019-03-21|2019-06-10_2019-06-19|2019-09-08_2019-09-17|2019-11-07_2019-11-16|2020-10-12_2020-10-21|2020-11-11_2020-11-20|2022-01-05_2022-01-14|2022-10-12_2022-10-21|2023-05-10_2023-05-19|2023-06-09_2023-06-18|2023-07-09_2023-07-18|2023-08-08_2023-08-17|2023-10-07_2023-10-16|2023-12-06_2023-12-15|2024-01-05_2024-01-14|2024-07-03_2024-07-12|2024-08-12_2024-08-21|2024-09-11_2024-09-20|2024-12-10_2024-12-19|2025-01-09_2025-01-18|2025-02-08_2025-02-17|2025-06-08_2025-06-17|2025-07-08_2025-07-17|2020-09-02_2020-09-11|2021-01-10_2021-01-19|2021-09-07_2021-09-16|2024-04-04_2024-04-13|2024-11-10_2024-11-19|2018-05-06_2018-05-15|2018-07-05_2018-07-14|2020-01-06_2020-01-15|2020-04-05_2020-04-14
0.2,3,PPI m/m|Core PPI m/m|CPI y/y,Good|Good|Neutral,8,3,5,37.5,62.5,0.6,2019-10-08_2019-10-17|2023-03-11_2023-03-20|2023-04-10_2023-04-19|2023-11-06_2023-11-15|2025-03-10_2025-03-19|2025-04-09_2025-04-18|2025-09-06_2025-09-15|2025-05-09_2025-05-18
0.2,3,PPI m/m|Core PPI m/m|CPI y/y,Neutral|Good|Neutral,5,2,3,40.0,60.0,0.67,2019-12-07_2019-12-16|2021-10-07_2021-10-16|2022-03-06_2022-03-15|2019-01-11_2019-01-20|2019-08-09_2019-08-18
0.2,3,PPI m/m|Core PPI m/m|CPI y/y,Good|Neutral|Neutral,3,2,1,66.7,33.3,2.0,2020-05-05_2020-05-14|2022-08-03_2022-08-12|2023-01-10_2023-01-19
0.2,3,PPI m/m|Core PPI m/m|CPI y/y,Bad|Neutral|Neutral,3,1,2,33.3,66.7,0.5,2020-06-04_2020-06-13|2023-09-07_2023-09-16|2024-03-05_2024-03-14
0.2,3,PPI m/m|Core PPI m/m|CPI y/y,Bad|Bad|Bad,2,1,1,50.0,50.0,1.0,2020-08-03_2020-08-12|2021-07-09_2021-07-18
0.2,3,PPI m/m|Core PPI m/m|CPI y/y,Bad|Bad|Neutral,5,4,1,80.0,20.0,4.0,2021-02-09_2021-02-18|2021-12-06_2021-12-15|2022-04-05_2022-04-14|2021-08-08_2021-08-17|2025-08-07_2025-08-16
0.2,3,PPI m/m|Core PPI m/m|CPI y/y,Bad|Neutral|Bad,2,2,0,100.0,0.0,inf,2023-02-09_2023-02-18|2021-06-09_2021-06-18
0.2,3,PPI m/m|Core PPI m/m|CPI y/y,Neutral|Bad|Neutral,1,0,1,0.0,100.0,0.0,2024-05-14_2024-05-23
0.2,3,PPI m/m|Core PPI m/m|CPI y/y,Neutral|Neutral|Bad,3,2,1,66.7,33.3,2.0,2021-11-06_2021-11-15|2022-05-05_2022-05-14|2022-09-12_2022-09-21
0.3,3,PPI m/m|Core PPI m/m|CPI y/y,Neutral|Neutral|Neutral,44,27,17,61.4,38.6,1.59,2018-06-05_2018-06-14|2018-08-04_2018-08-13|2018-10-03_2018-10-12|2019-02-10_2019-02-19|2019-03-12_2019-03-21|2019-06-10_2019-06-19|2019-09-08_2019-09-17|2019-11-07_2019-11-16|2020-10-12_2020-10-21|2020-11-11_2020-11-20|2021-10-07_2021-10-16|2022-01-05_2022-01-14|2022-10-12_2022-10-21|2023-02-09_2023-02-18|2023-05-10_2023-05-19|2023-06-09_2023-06-18|2023-07-09_2023-07-18|2023-08-08_2023-08-17|2023-09-07_2023-09-16|2023-10-07_2023-10-16|2023-12-06_2023-12-15|2024-01-05_2024-01-14|2024-05-14_2024-05-23|2024-07-03_2024-07-12|2024-08-12_2024-08-21|2024-09-11_2024-09-20|2024-12-10_2024-12-19|2025-01-09_2025-01-18|2025-02-08_2025-02-17|2025-06-08_2025-06-17|2025-07-08_2025-07-17|2020-09-02_2020-09-11|2021-01-10_2021-01-19|2021-09-07_2021-09-16|2021-11-06_2021-11-15|2022-05-05_2022-05-14|2024-04-04_2024-04-13|2024-11-10_2024-11-19|2022-09-12_2022-09-21|2024-03-05_2024-03-14|2018-05-06_2018-05-15|2018-07-05_2018-07-14|2020-01-06_2020-01-15|2020-04-05_2020-04-14
0.3,3,PPI m/m|Core PPI m/m|CPI y/y,Good|Good|Neutral,6,1,5,16.7,83.3,0.2,2019-10-08_2019-10-17|2023-03-11_2023-03-20|2023-04-10_2023-04-19|2025-04-09_2025-04-18|2025-09-06_2025-09-15|2025-05-09_2025-05-18
0.3,3,PPI m/m|Core PPI m/m|CPI y/y,Neutral|Good|Neutral,5,3,2,60.0,40.0,1.5,2019-12-07_2019-12-16|2022-03-06_2022-03-15|2025-03-10_2025-03-19|2019-01-11_2019-01-20|2019-08-09_2019-08-18
0.3,3,PPI m/m|Core PPI m/m|CPI y/y,Good|Neutral|Neutral,4,3,1,75.0,25.0,3.0,2020-05-05_2020-05-14|2022-08-03_2022-08-12|2023-11-06_2023-11-15|2023-01-10_2023-01-19
0.3,3,PPI m/m|Core PPI m/m|CPI y/y,Bad|Neutral|Neutral,3,2,1,66.7,33.3,2.0,2020-06-04_2020-06-13|2021-12-06_2021-12-15|2021-06-09_2021-06-18
0.3,3,PPI m/m|Core PPI m/m|CPI y/y,Neutral|Bad|Bad,1,0,1,0.0,100.0,0.0,2020-08-03_2020-08-12
0.3,3,PPI m/m|Core PPI m/m|CPI y/y,Bad|Bad|Neutral,3,3,0,100.0,0.0,inf,2021-02-09_2021-02-18|2021-08-08_2021-08-17|2025-08-07_2025-08-16
0.3,3,PPI m/m|Core PPI m/m|CPI y/y,Neutral|Bad|Neutral,1,0,1,0.0,100.0,0.0,2022-04-05_2022-04-14
0.3,3,PPI m/m|Core PPI m/m|CPI y/y,Bad|Bad|Bad,1,1,0,100.0,0.0,inf,2021-07-09_2021-07-18
0.0,3,PPI m/m|FOMC|CPI y/y,Good|Neutral|Good,1,0,1,0.0,100.0,0.0,2023-06-09_2023-06-18
0.0,3,PPI m/m|FOMC|CPI y/y,Neutral|Neutral|Neutral,1,0,1,0.0,100.0,0.0,2023-12-06_2023-12-15
0.0,3,PPI m/m|FOMC|CPI y/y,Bad|Good|Neutral,1,1,0,100.0,0.0,inf,2024-09-11_2024-09-20
0.0,3,PPI m/m|FOMC|CPI y/y,Bad|Neutral|Neutral,1,1,0,100.0,0.0,inf,2024-12-10_2024-12-19
0.1,3,PPI m/m|FOMC|CPI y/y,Good|Neutral|Neutral,1,0,1,0.0,100.0,0.0,2023-06-09_2023-06-18
0.1,3,PPI m/m|FOMC|CPI y/y,Neutral|Neutral|Neutral,1,0,1,0.0,100.0,0.0,2023-12-06_2023-12-15
0.1,3,PPI m/m|FOMC|CPI y/y,Neutral|Good|Neutral,1,1,0,100.0,0.0,inf,2024-09-11_2024-09-20
0.1,3,PPI m/m|FOMC|CPI y/y,Bad|Neutral|Neutral,1,1,0,100.0,0.0,inf,2024-12-10_2024-12-19
0.2,3,PPI m/m|FOMC|CPI y/y,Neutral|Neutral|Neutral,3,1,2,33.3,66.7,0.5,2023-06-09_2023-06-18|2023-12-06_2023-12-15|2024-12-10_2024-12-19
0.2,3,PPI m/m|FOMC|CPI y/y,Neutral|Good|Neutral,1,1,0,100.0,0.0,inf,2024-09-11_2024-09-20
0.3,3,PPI m/m|FOMC|CPI y/y,Neutral|Neutral|Neutral,4,2,2,50.0,50.0,1.0,2023-06-09_2023-06-18|2023-12-06_2023-12-15|2024-09-11_2024-09-20|2024-12-10_2024-12-19
0.0,3,Core PPI m/m|FOMC|CPI y/y,Neutral|Neutral|Good,1,0,1,0.0,100.0,0.0,2023-06-09_2023-06-18
0.0,3,Core PPI m/m|FOMC|CPI y/y,Good|Neutral|Neutral,1,0,1,0.0,100.0,0.0,2023-12-06_2023-12-15
0.0,3,Core PPI m/m|FOMC|CPI y/y,Bad|Good|Neutral,1,1,0,100.0,0.0,inf,2024-09-11_2024-09-20
0.0,3,Core PPI m/m|FOMC|CPI y/y,Neutral|Neutral|Neutral,1,1,0,100.0,0.0,inf,2024-12-10_2024-12-19
0.1,3,Core PPI m/m|FOMC|CPI y/y,Neutral|Neutral|Neutral,2,1,1,50.0,50.0,1.0,2023-06-09_2023-06-18|2024-12-10_2024-12-19
0.1,3,Core PPI m/m|FOMC|CPI y/y,Good|Neutral|Neutral,1,0,1,0.0,100.0,0.0,2023-12-06_2023-12-15
0.1,3,Core PPI m/m|FOMC|CPI y/y,Neutral|Good|Neutral,1,1,0,100.0,0.0,inf,2024-09-11_2024-09-20
0.2,3,Core PPI m/m|FOMC|CPI y/y,Neutral|Neutral|Neutral,3,1,2,33.3,66.7,0.5,2023-06-09_2023-06-18|2023-12-06_2023-12-15|2024-12-10_2024-12-19
0.2,3,Core PPI m/m|FOMC|CPI y/y,Neutral|Good|Neutral,1,1,0,100.0,0.0,inf,2024-09-11_2024-09-20
0.3,3,Core PPI m/m|FOMC|CPI y/y,Neutral|Neutral|Neutral,4,2,2,50.0,50.0,1.0,2023-06-09_2023-06-18|2023-12-06_2023-12-15|2024-09-11_2024-09-20|2024-12-10_2024-12-19
0.0,4,CPI m/m|Core CPI m/m|PPI m/m|Core PPI m/m,Neutral|Bad|Bad|Bad,4,3,1,75.0,25.0,3.0,2018-06-05_2018-06-14|2019-09-08_2019-09-17|2024-09-11_2024-09-20|2024-03-05_2024-03-14
0.0,4,CPI m/m|Core CPI m/m|PPI m/m|Core PPI m/m,Neutral|Neutral|Good|Good,4,1,3,25.0,75.0,0.33,2018-08-04_2018-08-13|2022-03-06_2022-03-15|2024-08-12_2024-08-21|2019-01-11_2019-01-20
0.0,4,CPI m/m|Core CPI m/m|PPI m/m|Core PPI m/m,Good|Good|Neutral|Neutral,1,1,0,100.0,0.0,inf,2018-10-03_2018-10-12
0.0,4,CPI m/m|Core CPI m/m|PPI m/m|Core PPI m/m,Good|Neutral|Good|Bad,1,0,1,0.0,100.0,0.0,2019-02-10_2019-02-19
0.0,4,CPI m/m|Core CPI m/m|PPI m/m|Core PPI m/m,Neutral|Good|Good|Good,4,3,1,75.0,25.0,3.0,2019-03-12_2019-03-21|2025-01-09_2025-01-18|2025-07-08_2025-07-17|2020-01-06_2020-01-15
0.0,4,CPI m/m|Core CPI m/m|PPI m/m|Core PPI m/m,Neutral|Good|Neutral|Neutral,1,0,1,0.0,100.0,0.0,2019-06-10_2019-06-19
0.0,4,CPI m/m|Core CPI m/m|PPI m/m|Core PPI m/m,Good|Good|Good|Good,9,4,5,44.4,55.6,0.8,2019-10-08_2019-10-17|2020-05-05_2020-05-14|2022-08-03_2022-08-12|2023-07-09_2023-07-18|2023-11-06_2023-11-15|2025-03-10_2025-03-19|2025-04-09_2025-04-18|2025-06-08_2025-06-17|2025-05-09_2025-05-18
0.0,4,CPI m/m|Core CPI m/m|PPI m/m|Core PPI m/m,Bad|Neutral|Bad|Bad,3,3,0,100.0,0.0,inf,2019-11-07_2019-11-16|2021-12-06_2021-12-15|2023-10-07_2023-10-16
0.0,4,CPI m/m|Core CPI m/m|PPI m/m|Core PPI m/m,Bad|Neutral|Good|Good,4,1,3,25.0,75.0,0.33,2019-12-07_2019-12-16|2021-10-07_2021-10-16|2024-01-05_2024-01-14|2025-09-06_2025-09-15
0.0,4,CPI m/m|Core CPI m/m|PPI m/m|Core PPI m/m,Good|Good|Bad|Neutral,1,0,1,0.0,100.0,0.0,2020-06-04_2020-06-13
0.0,4,CPI m/m|Core CPI m/m|PPI m/m|Core PPI m/m,Bad|Bad|Bad|Bad,4,3,1,75.0,25.0,3.0,2020-08-03_2020-08-12|2020-09-02_2020-09-11|2021-06-09_2021-06-18|2021-07-09_2021-07-18
0.0,4,CPI m/m|Core CPI m/m|PPI m/m|Core PPI m/m,Neutral|Neutral|Bad|Bad,4,3,1,75.0,25.0,3.0,2020-10-12_2020-10-21|2023-02-09_2023-02-18|2023-08-08_2023-08-17|2025-08-07_2025-08-16
0.0,4,CPI m/m|Core CPI m/m|PPI m/m|Core PPI m/m,Good|Good|Bad|Good,1,1,0,100.0,0.0,inf,2020-11-11_2020-11-20
0.0,4,CPI m/m|Core CPI m/m|PPI m/m|Core PPI m/m,Neutral|Good|Bad|Bad,3,2,1,66.7,33.3,2.0,2021-02-09_2021-02-18|2022-04-05_2022-04-14|2021-08-08_2021-08-17
0.0,4,CPI m/m|Core CPI m/m|PPI m/m|Core PPI m/m,Bad|Bad|Good|Neutral,2,2,0,100.0,0.0,inf,2022-01-05_2022-01-14|2024-04-04_2024-04-13
0.0,4,CPI m/m|Core CPI m/m|PPI m/m|Core PPI m/m,Bad|Bad|Bad|Neutral,2,2,0,100.0,0.0,inf,2022-10-12_2022-10-21|2025-02-08_2025-02-17
0.0,4,CPI m/m|Core CPI m/m|PPI m/m|Core PPI m/m,Neutral|Bad|Good|Good,1,0,1,0.0,100.0,0.0,2023-03-11_2023-03-20
0.0,4,CPI m/m|Core CPI m/m|PPI m/m|Core PPI m/m,Good|Neutral|Good|Good,1,1,0,100.0,0.0,inf,2023-04-10_2023-04-19
0.0,4,CPI m/m|Core CPI m/m|PPI m/m|Core PPI m/m,Neutral|Bad|Good|Neutral,1,1,0,100.0,0.0,inf,2023-05-10_2023-05-19
0.0,4,CPI m/m|Core CPI m/m|PPI m/m|Core PPI m/m,Good|Neutral|Good|Neutral,1,0,1,0.0,100.0,0.0,2023-06-09_2023-06-18
0.0,4,CPI m/m|Core CPI m/m|PPI m/m|Core PPI m/m,Neutral|Bad|Bad|Neutral,1,0,1,0.0,100.0,0.0,2023-09-07_2023-09-16
0.0,4,CPI m/m|Core CPI m/m|PPI m/m|Core PPI m/m,Bad|Neutral|Neutral|Good,1,0,1,0.0,100.0,0.0,2023-12-06_2023-12-15
0.0,4,CPI m/m|Core CPI m/m|PPI m/m|Core PPI m/m,Good|Neutral|Bad|Bad,2,1,1,50.0,50.0,1.0,2024-05-14_2024-05-23|2018-07-05_2018-07-14
0.0,4,CPI m/m|Core CPI m/m|PPI m/m|Core PPI m/m,Good|Good|Bad|Bad,3,1,2,33.3,66.7,0.5,2024-07-03_2024-07-12|2021-09-07_2021-09-16|2020-04-05_2020-04-14
0.0,4,CPI m/m|Core CPI m/m|PPI m/m|Core PPI m/m,Neutral|Neutral|Bad|Neutral,1,1,0,100.0,0.0,inf,2024-12-10_2024-12-19
0.0,4,CPI m/m|Core CPI m/m|PPI m/m|Core PPI m/m,Neutral|Neutral|Good|Neutral,2,1,1,50.0,50.0,1.0,2021-01-10_2021-01-19|2023-01-10_2023-01-19
0.0,4,CPI m/m|Core CPI m/m|PPI m/m|Core PPI m/m,Bad|Bad|Neutral|Good,2,1,1,50.0,50.0,1.0,2021-11-06_2021-11-15|2022-05-05_2022-05-14
0.0,4,CPI m/m|Core CPI m/m|PPI m/m|Core PPI m/m,Neutral|Neutral|Neutral|Neutral,1,1,0,100.0,0.0,inf,2024-11-10_2024-11-19
0.0,4,CPI m/m|Core CPI m/m|PPI m/m|Core PPI m/m,Bad|Bad|Neutral|Bad,1,1,0,100.0,0.0,inf,2022-09-12_2022-09-21
0.0,4,CPI m/m|Core CPI m/m|PPI m/m|Core PPI m/m,Good|Good|Good|Neutral,1,1,0,100.0,0.0,inf,2018-05-06_2018-05-15
0.0,4,CPI m/m|Core CPI m/m|PPI m/m|Core PPI m/m,Neutral|Bad|Neutral|Good,1,1,0,100.0,0.0,inf,2019-08-09_2019-08-18
0.1,4,CPI m/m|Core CPI m/m|PPI m/m|Core PPI m/m,Neutral|Neutral|Bad|Neutral,4,2,2,50.0,50.0,1.0,2018-06-05_2018-06-14|2020-06-04_2020-06-13|2023-09-07_2023-09-16|2024-12-10_2024-12-19
0.1,4,CPI m/m|Core CPI m/m|PPI m/m|Core PPI m/m,Neutral|Neutral|Good|Neutral,6,2,4,33.3,66.7,0.5,2018-08-04_2018-08-13|2019-02-10_2019-02-19|2022-01-05_2022-01-14|2023-06-09_2023-06-18|2021-01-10_2021-01-19|2023-01-10_2023-01-19
0.1,4,CPI m/m|Core CPI m/m|PPI m/m|Core PPI m/m,Neutral|Neutral|Neutral|Neutral,11,7,4,63.6,36.4,1.75,2018-10-03_2018-10-12|2019-03-12_2019-03-21|2019-06-10_2019-06-19|2019-09-08_2019-09-17|2023-07-09_2023-07-18|2023-08-08_2023-08-17|2024-09-11_2024-09-20|2024-11-10_2024-11-19|2018-05-06_2018-05-15|2018-07-05_2018-07-14|2020-01-06_2020-01-15
0.1,4,CPI m/m|Core CPI m/m|PPI m/m|Core PPI m/m,Neutral|Neutral|Good|Good,11,6,5,54.5,45.5,1.2,2019-10-08_2019-10-17|2019-12-07_2019-12-16|2022-03-06_2022-03-15|2023-03-11_2023-03-20|2023-04-10_2023-04-19|2023-11-06_2023-11-15|2024-01-05_2024-01-14|2025-01-09_2025-01-18|2025-03-10_2025-03-19|2025-07-08_2025-07-17|2025-05-09_2025-05-18
0.1,4,CPI m/m|Core CPI m/m|PPI m/m|Core PPI m/m,Bad|Neutral|Bad|Neutral,2,2,0,100.0,0.0,inf,2019-11-07_2019-11-16|2023-10-07_2023-10-16
0.1,4,CPI m/m|Core CPI m/m|PPI m/m|Core PPI m/m,Good|Good|Good|Good,3,1,2,33.3,66.7,0.5,2020-05-05_2020-05-14|2022-08-03_2022-08-12|2025-04-09_2025-04-18
0.1,4,CPI m/m|Core CPI m/m|PPI m/m|Core PPI m/m,Bad|Bad|Bad|Bad,3,2,1,66.7,33.3,2.0,2020-08-03_2020-08-12|2021-06-09_2021-06-18|2021-07-09_2021-07-18
0.1,4,CPI m/m|Core CPI m/m|PPI m/m|Core PPI m/m,Neutral|Neutral|Bad|Bad,3,3,0,100.0,0.0,inf,2020-10-12_2020-10-21|2023-02-09_2023-02-18|2025-08-07_2025-08-16
0.1,4,CPI m/m|Core CPI m/m|PPI m/m|Core PPI m/m,Neutral|Good|Neutral|Neutral,1,1,0,100.0,0.0,inf,2020-11-11_2020-11-20
0.1,4,CPI m/m|Core CPI m/m|PPI m/m|Core PPI m/m,Neutral|Good|Bad|Bad,3,2,1,66.7,33.3,2.0,2021-02-09_2021-02-18|2022-04-05_2022-04-14|2021-08-08_2021-08-17
0.1,4,CPI m/m|Core CPI m/m|PPI m/m|Core PPI m/m,Bad|Neutral|Neutral|Good,1,0,1,0.0,100.0,0.0,2021-10-07_2021-10-16
0.1,4,CPI m/m|Core CPI m/m|PPI m/m|Core PPI m/m,Bad|Neutral|Bad|Bad,1,1,0,100.0,0.0,inf,2021-12-06_2021-12-15
0.1,4,CPI m/m|Core CPI m/m|PPI m/m|Core PPI m/m,Bad|Bad|Bad|Neutral,2,2,0,100.0,0.0,inf,2022-10-12_2022-10-21|2025-02-08_2025-02-17
0.1,4,CPI m/m|Core CPI m/m|PPI m/m|Core PPI m/m,Neutral|Bad|Neutral|Neutral,1,1,0,100.0,0.0,inf,2023-05-10_2023-05-19
0.1,4,CPI m/m|Core CPI m/m|PPI m/m|Core PPI m/m,Neutral|Neutral|Neutral|Good,4,2,2,50.0,50.0,1.0,2023-12-06_2023-12-15|2024-08-12_2024-08-21|2019-01-11_2019-01-20|2019-08-09_2019-08-18
0.1,4,CPI m/m|Core CPI m/m|PPI m/m|Core PPI m/m,Good|Neutral|Bad|Bad,1,0,1,0.0,100.0,0.0,2024-05-14_2024-05-23
0.1,4,CPI m/m|Core CPI m/m|PPI m/m|Core PPI m/m,Good|Neutral|Neutral|Bad,1,0,1,0.0,100.0,0.0,2024-07-03_2024-07-12
0.1,4,CPI m/m|Core CPI m/m|PPI m/m|Core PPI m/m,Neutral|Good|Neutral|Good,1,0,1,0.0,100.0,0.0,2025-06-08_2025-06-17
0.1,4,CPI m/m|Core CPI m/m|PPI m/m|Core PPI m/m,Bad|Neutral|Good|Good,1,0,1,0.0,100.0,0.0,2025-09-06_2025-09-15
0.1,4,CPI m/m|Core CPI m/m|PPI m/m|Core PPI m/m,Bad|Bad|Neutral|Bad,2,2,0,100.0,0.0,inf,2020-09-02_2020-09-11|2022-09-12_2022-09-21
0.1,4,CPI m/m|Core CPI m/m|PPI m/m|Core PPI m/m,Good|Good|Neutral|Neutral,1,1,0,100.0,0.0,inf,2021-09-07_2021-09-16
0.1,4,CPI m/m|Core CPI m/m|PPI m/m|Core PPI m/m,Bad|Bad|Neutral|Neutral,2,1,1,50.0,50.0,1.0,2021-11-06_2021-11-15|2024-04-04_2024-04-13
0.1,4,CPI m/m|Core CPI m/m|PPI m/m|Core PPI m/m,Neutral|Bad|Neutral|Good,1,1,0,100.0,0.0,inf,2022-05-05_2022-05-14
0.1,4,CPI m/m|Core CPI m/m|PPI m/m|Core PPI m/m,Neutral|Bad|Bad|Neutral,1,1,0,100.0,0.0,inf,2024-03-05_2024-03-14
0.1,4,CPI m/m|Core CPI m/m|PPI m/m|Core PPI m/m,Good|Good|Neutral|Bad,1,0,1,0.0,100.0,0.0,2020-04-05_2020-04-14
0.2,4,CPI m/m|Core CPI m/m|PPI m/m|Core PPI m/m,Neutral|Neutral|Neutral|Neutral,37,24,13,64.9,35.1,1.85,2018-06-05_2018-06-14|2018-08-04_2018-08-13|2018-10-03_2018-10-12|2019-02-10_2019-02-19|2019-03-12_2019-03-21|2019-06-10_2019-06-19|2019-09-08_2019-09-17|2019-11-07_2019-11-16|2020-10-12_2020-10-21|2020-11-11_2020-11-20|2022-01-05_2022-01-14|2022-10-12_2022-10-21|2023-05-10_2023-05-19|2023-06-09_2023-06-18|2023-07-09_2023-07-18|2023-08-08_2023-08-17|2023-10-07_2023-10-16|2023-12-06_2023-12-15|2024-01-05_2024-01-14|2024-07-03_2024-07-12|2024-08-12_2024-08-21|2024-09-11_2024-09-20|2024-12-10_2024-12-19|2025-01-09_2025-01-18|2025-02-08_2025-02-17|2025-06-08_2025-06-17|2025-07-08_2025-07-17|2020-09-02_2020-09-11|2021-01-10_2021-01-19|2021-09-07_2021-09-16|2022-05-05_2022-05-14|2024-04-04_2024-04-13|2024-11-10_2024-11-19|2018-05-06_2018-05-15|2018-07-05_2018-07-14|2020-01-06_2020-01-15|2020-04-05_2020-04-14
0.2,4,CPI m/m|Core CPI m/m|PPI m/m|Core PPI m/m,Neutral|Neutral|Good|Good,8,3,5,37.5,62.5,0.6,2019-10-08_2019-10-17|2023-03-11_2023-03-20|2023-04-10_2023-04-19|2023-11-06_2023-11-15|2025-03-10_2025-03-19|2025-04-09_2025-04-18|2025-09-06_2025-09-15|2025-05-09_2025-05-18
0.2,4,CPI m/m|Core CPI m/m|PPI m/m|Core PPI m/m,Neutral|Neutral|Neutral|Good,5,2,3,40.0,60.0,0.67,2019-12-07_2019-12-16|2021-10-07_2021-10-16|2022-03-06_2022-03-15|2019-01-11_2019-01-20|2019-08-09_2019-08-18
0.2,4,CPI m/m|Core CPI m/m|PPI m/m|Core PPI m/m,Neutral|Neutral|Good|Neutral,3,2,1,66.7,33.3,2.0,2020-05-05_2020-05-14|2022-08-03_2022-08-12|2023-01-10_2023-01-19
0.2,4,CPI m/m|Core CPI m/m|PPI m/m|Core PPI m/m,Neutral|Neutral|Bad|Neutral,5,3,2,60.0,40.0,1.5,2020-06-04_2020-06-13|2023-02-09_2023-02-18|2023-09-07_2023-09-16|2021-06-09_2021-06-18|2024-03-05_2024-03-14
0.2,4,CPI m/m|Core CPI m/m|PPI m/m|Core PPI m/m,Bad|Bad|Bad|Bad,2,1,1,50.0,50.0,1.0,2020-08-03_2020-08-12|2021-07-09_2021-07-18
0.2,4,CPI m/m|Core CPI m/m|PPI m/m|Core PPI m/m,Neutral|Neutral|Bad|Bad,5,4,1,80.0,20.0,4.0,2021-02-09_2021-02-18|2021-12-06_2021-12-15|2022-04-05_2022-04-14|2021-08-08_2021-08-17|2025-08-07_2025-08-16
0.2,4,CPI m/m|Core CPI m/m|PPI m/m|Core PPI m/m,Neutral|Neutral|Neutral|Bad,1,0,1,0.0,100.0,0.0,2024-05-14_2024-05-23
0.2,4,CPI m/m|Core CPI m/m|PPI m/m|Core PPI m/m,Bad|Neutral|Neutral|Neutral,1,0,1,0.0,100.0,0.0,2021-11-06_2021-11-15
0.2,4,CPI m/m|Core CPI m/m|PPI m/m|Core PPI m/m,Neutral|Bad|Neutral|Neutral,1,1,0,100.0,0.0,inf,2022-09-12_2022-09-21
0.3,4,CPI m/m|Core CPI m/m|PPI m/m|Core PPI m/m,Neutral|Neutral|Neutral|Neutral,43,27,16,62.8,37.2,1.69,2018-06-05_2018-06-14|2018-08-04_2018-08-13|2018-10-03_2018-10-12|2019-02-10_2019-02-19|2019-03-12_2019-03-21|2019-06-10_2019-06-19|2019-09-08_2019-09-17|2019-11-07_2019-11-16|2020-10-12_2020-10-21|2020-11-11_2020-11-20|2021-10-07_2021-10-16|2022-01-05_2022-01-14|2022-10-12_2022-10-21|2023-02-09_2023-02-18|2023-05-10_2023-05-19|2023-06-09_2023-06-18|2023-07-09_2023-07-18|2023-08-08_2023-08-17|2023-09-07_2023-09-16|2023-10-07_2023-10-16|2023-12-06_2023-12-15|2024-01-05_2024-01-14|2024-05-14_2024-05-23|2024-07-03_2024-07-12|2024-08-12_2024-08-21|2024-09-11_2024-09-20|2024-12-10_2024-12-19|2025-01-09_2025-01-18|2025-02-08_2025-02-17|2025-06-08_2025-06-17|2025-07-08_2025-07-17|2020-09-02_2020-09-11|2021-01-10_2021-01-19|2021-09-07_2021-09-16|2022-05-05_2022-05-14|2024-04-04_2024-04-13|2024-11-10_2024-11-19|2022-09-12_2022-09-21|2024-03-05_2024-03-14|2018-05-06_2018-05-15|2018-07-05_2018-07-14|2020-01-06_2020-01-15|2020-04-05_2020-04-14
0.3,4,CPI m/m|Core CPI m/m|PPI m/m|Core PPI m/m,Neutral|Neutral|Good|Good,6,1,5,16.7,83.3,0.2,2019-10-08_2019-10-17|2023-03-11_2023-03-20|2023-04-10_2023-04-19|2025-04-09_2025-04-18|2025-09-06_2025-09-15|2025-05-09_2025-05-18
0.3,4,CPI m/m|Core CPI m/m|PPI m/m|Core PPI m/m,Neutral|Neutral|Neutral|Good,5,3,2,60.0,40.0,1.5,2019-12-07_2019-12-16|2022-03-06_2022-03-15|2025-03-10_2025-03-19|2019-01-11_2019-01-20|2019-08-09_2019-08-18
0.3,4,CPI m/m|Core CPI m/m|PPI m/m|Core PPI m/m,Neutral|Neutral|Good|Neutral,4,3,1,75.0,25.0,3.0,2020-05-05_2020-05-14|2022-08-03_2022-08-12|2023-11-06_2023-11-15|2023-01-10_2023-01-19
0.3,4,CPI m/m|Core CPI m/m|PPI m/m|Core PPI m/m,Neutral|Neutral|Bad|Neutral,3,2,1,66.7,33.3,2.0,2020-06-04_2020-06-13|2021-12-06_2021-12-15|2021-06-09_2021-06-18
0.3,4,CPI m/m|Core CPI m/m|PPI m/m|Core PPI m/m,Neutral|Bad|Neutral|Bad,1,0,1,0.0,100.0,0.0,2020-08-03_2020-08-12
0.3,4,CPI m/m|Core CPI m/m|PPI m/m|Core PPI m/m,Neutral|Neutral|Bad|Bad,3,3,0,100.0,0.0,inf,2021-02-09_2021-02-18|2021-08-08_2021-08-17|2025-08-07_2025-08-16
0.3,4,CPI m/m|Core CPI m/m|PPI m/m|Core PPI m/m,Neutral|Neutral|Neutral|Bad,1,0,1,0.0,100.0,0.0,2022-04-05_2022-04-14
0.3,4,CPI m/m|Core CPI m/m|PPI m/m|Core PPI m/m,Bad|Bad|Bad|Bad,1,1,0,100.0,0.0,inf,2021-07-09_2021-07-18
0.3,4,CPI m/m|Core CPI m/m|PPI m/m|Core PPI m/m,Bad|Neutral|Neutral|Neutral,1,0,1,0.0,100.0,0.0,2021-11-06_2021-11-15
0.0,4,CPI m/m|Core CPI m/m|PPI m/m|FOMC,Good|Neutral|Good|Neutral,1,0,1,0.0,100.0,0.0,2023-06-09_2023-06-18
0.0,4,CPI m/m|Core CPI m/m|PPI m/m|FOMC,Bad|Neutral|Neutral|Neutral,1,0,1,0.0,100.0,0.0,2023-12-06_2023-12-15
0.0,4,CPI m/m|Core CPI m/m|PPI m/m|FOMC,Neutral|Bad|Bad|Good,1,1,0,100.0,0.0,inf,2024-09-11_2024-09-20
0.0,4,CPI m/m|Core CPI m/m|PPI m/m|FOMC,Neutral|Neutral|Bad|Neutral,1,1,0,100.0,0.0,inf,2024-12-10_2024-12-19
0.1,4,CPI m/m|Core CPI m/m|PPI m/m|FOMC,Neutral|Neutral|Good|Neutral,1,0,1,0.0,100.0,0.0,2023-06-09_2023-06-18
0.1,4,CPI m/m|Core CPI m/m|PPI m/m|FOMC,Neutral|Neutral|Neutral|Neutral,1,0,1,0.0,100.0,0.0,2023-12-06_2023-12-15
0.1,4,CPI m/m|Core CPI m/m|PPI m/m|FOMC,Neutral|Neutral|Neutral|Good,1,1,0,100.0,0.0,inf,2024-09-11_2024-09-20
0.1,4,CPI m/m|Core CPI m/m|PPI m/m|FOMC,Neutral|Neutral|Bad|Neutral,1,1,0,100.0,0.0,inf,2024-12-10_2024-12-19
0.2,4,CPI m/m|Core CPI m/m|PPI m/m|FOMC,Neutral|Neutral|Neutral|Neutral,3,1,2,33.3,66.7,0.5,2023-06-09_2023-06-18|2023-12-06_2023-12-15|2024-12-10_2024-12-19
0.2,4,CPI m/m|Core CPI m/m|PPI m/m|FOMC,Neutral|Neutral|Neutral|Good,1,1,0,100.0,0.0,inf,2024-09-11_2024-09-20
0.3,4,CPI m/m|Core CPI m/m|PPI m/m|FOMC,Neutral|Neutral|Neutral|Neutral,4,2,2,50.0,50.0,1.0,2023-06-09_2023-06-18|2023-12-06_2023-12-15|2024-09-11_2024-09-20|2024-12-10_2024-12-19
0.0,4,CPI m/m|Core CPI m/m|PPI m/m|CPI y/y,Neutral|Bad|Bad|Neutral,2,2,0,100.0,0.0,inf,2018-06-05_2018-06-14|2024-09-11_2024-09-20
0.0,4,CPI m/m|Core CPI m/m|PPI m/m|CPI y/y,Neutral|Neutral|Good|Neutral,5,2,3,40.0,60.0,0.67,2018-08-04_2018-08-13|2022-03-06_2022-03-15|2021-01-10_2021-01-19|2023-01-10_2023-01-19|2019-01-11_2019-01-20
0.0,4,CPI m/m|Core CPI m/m|PPI m/m|CPI y/y,Good|Good|Neutral|Good,1,1,0,100.0,0.0,inf,2018-10-03_2018-10-12
0.0,4,CPI m/m|Core CPI m/m|PPI m/m|CPI y/y,Good|Neutral|Good|Bad,1,0,1,0.0,100.0,0.0,2019-02-10_2019-02-19
0.0,4,CPI m/m|Core CPI m/m|PPI m/m|CPI y/y,Neutral|Good|Good|Good,1,1,0,100.0,0.0,inf,2019-03-12_2019-03-21
0.0,4,CPI m/m|Core CPI m/m|PPI m/m|CPI y/y,Neutral|Good|Neutral|Good,1,0,1,0.0,100.0,0.0,2019-06-10_2019-06-19
0.0,4,CPI m/m|Core CPI m/m|PPI m/m|CPI y/y,Neutral|Bad|Bad|Good,1,0,1,0.0,100.0,0.0,2019-09-08_2019-09-17
0.0,4,CPI m/m|Core CPI m/m|PPI m/m|CPI y/y,Good|Good|Good|Good,9,4,5,44.4,55.6,0.8,2019-10-08_2019-10-17|2020-05-05_2020-05-14|2022-08-03_2022-08-12|2023-07-09_2023-07-18|2023-11-06_2023-11-15|2025-03-10_2025-03-19|2025-04-09_2025-04-18|2025-06-08_2025-06-17|2025-05-09_2025-05-18
0.0,4,CPI m/m|Core CPI m/m|PPI m/m|CPI y/y,Bad|Neutral|Bad|Bad,2,2,0,100.0,0.0,inf,2019-11-07_2019-11-16|2023-10-07_2023-10-16
0.0,4,CPI m/m|Core CPI m/m|PPI m/m|CPI y/y,Bad|Neutral|Good|Bad,3,1,2,33.3,66.7,0.5,2019-12-07_2019-12-16|2021-10-07_2021-10-16|2024-01-05_2024-01-14
0.0,4,CPI m/m|Core CPI m/m|PPI m/m|CPI y/y,Good|Good|Bad|Good,4,1,3,25.0,75.0,0.33,2020-06-04_2020-06-13|2020-11-11_2020-11-20|2024-07-03_2024-07-12|2020-04-05_2020-04-14
0.0,4,CPI m/m|Core CPI m/m|PPI m/m|CPI y/y,Bad|Bad|Bad|Bad,6,5,1,83.3,16.7,5.0,2020-08-03_2020-08-12|2022-10-12_2022-10-21|2025-02-08_2025-02-17|2020-09-02_2020-09-11|2021-06-09_2021-06-18|2021-07-09_2021-07-18
0.0,4,CPI m/m|Core CPI m/m|PPI m/m|CPI y/y,Neutral|Neutral|Bad|Neutral,2,2,0,100.0,0.0,inf,2020-10-12_2020-10-21|2024-12-10_2024-12-19
0.0,4,CPI m/m|Core CPI m/m|PPI m/m|CPI y/y,Neutral|Good|Bad|Neutral,1,1,0,100.0,0.0,inf,2021-02-09_2021-02-18
0.0,4,CPI m/m|Core CPI m/m|PPI m/m|CPI y/y,Bad|Neutral|Bad|Neutral,1,1,0,100.0,0.0,inf,2021-12-06_2021-12-15
0.0,4,CPI m/m|Core CPI m/m|PPI m/m|CPI y/y,Bad|Bad|Good|Neutral,1,1,0,100.0,0.0,inf,2022-01-05_2022-01-14
0.0,4,CPI m/m|Core CPI m/m|PPI m/m|CPI y/y,Neutral|Good|Bad|Bad,2,1,1,50.0,50.0,1.0,2022-04-05_2022-04-14|2021-08-08_2021-08-17
0.0,4,CPI m/m|Core CPI m/m|PPI m/m|CPI y/y,Neutral|Neutral|Bad|Bad,1,1,0,100.0,0.0,inf,2023-02-09_2023-02-18
0.0,4,CPI m/m|Core CPI m/m|PPI m/m|CPI y/y,Neutral|Bad|Good|Neutral,1,0,1,0.0,100.0,0.0,2023-03-11_2023-03-20
0.0,4,CPI m/m|Core CPI m/m|PPI m/m|CPI y/y,Good|Neutral|Good|Good,2,1,1,50.0,50.0,1.0,2023-04-10_2023-04-19|2023-06-09_2023-06-18
0.0,4,CPI m/m|Core CPI m/m|PPI m/m|CPI y/y,Neutral|Bad|Good|Good,1,1,0,100.0,0.0,inf,2023-05-10_2023-05-19
0.0,4,CPI m/m|Core CPI m/m|PPI m/m|CPI y/y,Neutral|Neutral|Bad|Good,2,1,1,50.0,50.0,1.0,2023-08-08_2023-08-17|2025-08-07_2025-08-16
0.0,4,CPI m/m|Core CPI m/m|PPI m/m|CPI y/y,Neutral|Bad|Bad|Bad,2,1,1,50.0,50.0,1.0,2023-09-07_2023-09-16|2024-03-05_2024-03-14
0.0,4,CPI m/m|Core CPI m/m|PPI m/m|CPI y/y,Bad|Neutral|Neutral|Neutral,1,0,1,0.0,100.0,0.0,2023-12-06_2023-12-15
0.0,4,CPI m/m|Core CPI m/m|PPI m/m|CPI y/y,Good|Neutral|Bad|Neutral,2,1,1,50.0,50.0,1.0,2024-05-14_2024-05-23|2018-07-05_2018-07-14
0.0,4,CPI m/m|Core CPI m/m|PPI m/m|CPI y/y,Neutral|Neutral|Good|Good,1,0,1,0.0,100.0,0.0,2024-08-12_2024-08-21
0.0,4,CPI m/m|Core CPI m/m|PPI m/m|CPI y/y,Neutral|Good|Good|Neutral,2,1,1,50.0,50.0,1.0,2025-01-09_2025-01-18|2020-01-06_2020-01-15
0.0,4,CPI m/m|Core CPI m/m|PPI m/m|CPI y/y,Neutral|Good|Good|Bad,1,1,0,100.0,0.0,inf,2025-07-08_2025-07-17
0.0,4,CPI m/m|Core CPI m/m|PPI m/m|CPI y/y,Bad|Neutral|Good|Neutral,1,0,1,0.0,100.0,0.0,2025-09-06_2025-09-15
0.0,4,CPI m/m|Core CPI m/m|PPI m/m|CPI y/y,Good|Good|Bad|Neutral,1,1,0,100.0,0.0,inf,2021-09-07_2021-09-16
0.0,4,CPI m/m|Core CPI m/m|PPI m/m|CPI y/y,Bad|Bad|Neutral|Bad,3,2,1,66.7,33.3,2.0,2021-11-06_2021-11-15|2022-05-05_2022-05-14|2022-09-12_2022-09-21
0.0,4,CPI m/m|Core CPI m/m|PPI m/m|CPI y/y,Bad|Bad|Good|Bad,1,1,0,100.0,0.0,inf,2024-04-04_2024-04-13
0.0,4,CPI m/m|Core CPI m/m|PPI m/m|CPI y/y,Neutral|Neutral|Neutral|Neutral,1,1,0,100.0,0.0,inf,2024-11-10_2024-11-19
0.0,4,CPI m/m|Core CPI m/m|PPI m/m|CPI y/y,Good|Good|Good|Neutral,1,1,0,100.0,0.0,inf,2018-05-06_2018-05-15
0.0,4,CPI m/m|Core CPI m/m|PPI m/m|CPI y/y,Neutral|Bad|Neutral|Bad,1,1,0,100.0,0.0,inf,2019-08-09_2019-08-18
0.1,4,CPI m/m|Core CPI m/m|PPI m/m|CPI y/y,Neutral|Neutral|Bad|Neutral,4,4,0,100.0,0.0,inf,2018-06-05_2018-06-14|2020-10-12_2020-10-21|2024-12-10_2024-12-19|2025-08-07_2025-08-16
0.1,4,CPI m/m|Core CPI m/m|PPI m/m|CPI y/y,Neutral|Neutral|Good|Neutral,10,5,5,50.0,50.0,1.0,2018-08-04_2018-08-13|2022-01-05_2022-01-14|2022-03-06_2022-03-15|2023-03-11_2023-03-20|2023-04-10_2023-04-19|2023-06-09_2023-06-18|2023-11-06_2023-11-15|2025-01-09_2025-01-18|2021-01-10_2021-01-19|2023-01-10_2023-01-19
0.1,4,CPI m/m|Core CPI m/m|PPI m/m|CPI y/y,Neutral|Neutral|Neutral|Good,5,3,2,60.0,40.0,1.5,2018-10-03_2018-10-12|2019-03-12_2019-03-21|2019-09-08_2019-09-17|2023-07-09_2023-07-18|2024-08-12_2024-08-21
0.1,4,CPI m/m|Core CPI m/m|PPI m/m|CPI y/y,Neutral|Neutral|Good|Bad,4,2,2,50.0,50.0,1.0,2019-02-10_2019-02-19|2019-12-07_2019-12-16|2024-01-05_2024-01-14|2025-07-08_2025-07-17
0.1,4,CPI m/m|Core CPI m/m|PPI m/m|CPI y/y,Neutral|Neutral|Neutral|Neutral,9,5,4,55.6,44.4,1.25,2019-06-10_2019-06-19|2023-08-08_2023-08-17|2023-12-06_2023-12-15|2024-09-11_2024-09-20|2024-11-10_2024-11-19|2018-05-06_2018-05-15|2018-07-05_2018-07-14|2019-01-11_2019-01-20|2020-01-06_2020-01-15
0.1,4,CPI m/m|Core CPI m/m|PPI m/m|CPI y/y,Neutral|Neutral|Good|Good,3,1,2,33.3,66.7,0.5,2019-10-08_2019-10-17|2025-03-10_2025-03-19|2025-05-09_2025-05-18
0.1,4,CPI m/m|Core CPI m/m|PPI m/m|CPI y/y,Bad|Neutral|Bad|Bad,2,2,0,100.0,0.0,inf,2019-11-07_2019-11-16|2023-10-07_2023-10-16
0.1,4,CPI m/m|Core CPI m/m|PPI m/m|CPI y/y,Good|Good|Good|Good,3,1,2,33.3,66.7,0.5,2020-05-05_2020-05-14|2022-08-03_2022-08-12|2025-04-09_2025-04-18
0.1,4,CPI m/m|Core CPI m/m|PPI m/m|CPI y/y,Neutral|Neutral|Bad|Good,1,0,1,0.0,100.0,0.0,2020-06-04_2020-06-13
0.1,4,CPI m/m|Core CPI m/m|PPI m/m|CPI y/y,Bad|Bad|Bad|Bad,4,3,1,75.0,25.0,3.0,2020-08-03_2020-08-12|2025-02-08_2025-02-17|2021-06-09_2021-06-18|2021-07-09_2021-07-18
0.1,4,CPI m/m|Core CPI m/m|PPI m/m|CPI y/y,Neutral|Good|Neutral|Good,2,1,1,50.0,50.0,1.0,2020-11-11_2020-11-20|2025-06-08_2025-06-17
0.1,4,CPI m/m|Core CPI m/m|PPI m/m|CPI y/y,Neutral|Good|Bad|Neutral,2,1,1,50.0,50.0,1.0,2021-02-09_2021-02-18|2022-04-05_2022-04-14
0.1,4,CPI m/m|Core CPI m/m|PPI m/m|CPI y/y,Bad|Neutral|Neutral|Bad,1,0,1,0.0,100.0,0.0,2021-10-07_2021-10-16
0.1,4,CPI m/m|Core CPI m/m|PPI m/m|CPI y/y,Bad|Neutral|Bad|Neutral,1,1,0,100.0,0.0,inf,2021-12-06_2021-12-15
0.1,4,CPI m/m|Core CPI m/m|PPI m/m|CPI y/y,Bad|Bad|Bad|Neutral,1,1,0,100.0,0.0,inf,2022-10-12_2022-10-21
0.1,4,CPI m/m|Core CPI m/m|PPI m/m|CPI y/y,Neutral|Neutral|Bad|Bad,2,1,1,50.0,50.0,1.0,2023-02-09_2023-02-18|2023-09-07_2023-09-16
0.1,4,CPI m/m|Core CPI m/m|PPI m/m|CPI y/y,Neutral|Bad|Neutral|Neutral,1,1,0,100.0,0.0,inf,2023-05-10_2023-05-19
0.1,4,CPI m/m|Core CPI m/m|PPI m/m|CPI y/y,Good|Neutral|Bad|Neutral,1,0,1,0.0,100.0,0.0,2024-05-14_2024-05-23
0.1,4,CPI m/m|Core CPI m/m|PPI m/m|CPI y/y,Good|Neutral|Neutral|Good,1,0,1,0.0,100.0,0.0,2024-07-03_2024-07-12
0.1,4,CPI m/m|Core CPI m/m|PPI m/m|CPI y/y,Bad|Neutral|Good|Neutral,1,0,1,0.0,100.0,0.0,2025-09-06_2025-09-15
0.1,4,CPI m/m|Core CPI m/m|PPI m/m|CPI y/y,Bad|Bad|Neutral|Bad,4,3,1,75.0,25.0,3.0,2020-09-02_2020-09-11|2021-11-06_2021-11-15|2024-04-04_2024-04-13|2022-09-12_2022-09-21
0.1,4,CPI m/m|Core CPI m/m|PPI m/m|CPI y/y,Neutral|Good|Bad|Bad,1,1,0,100.0,0.0,inf,2021-08-08_2021-08-17
0.1,4,CPI m/m|Core CPI m/m|PPI m/m|CPI y/y,Good|Good|Neutral|Neutral,1,1,0,100.0,0.0,inf,2021-09-07_2021-09-16
0.1,4,CPI m/m|Core CPI m/m|PPI m/m|CPI y/y,Neutral|Bad|Neutral|Bad,1,1,0,100.0,0.0,inf,2022-05-05_2022-05-14
0.1,4,CPI m/m|Core CPI m/m|PPI m/m|CPI y/y,Neutral|Bad|Bad|Bad,1,1,0,100.0,0.0,inf,2024-03-05_2024-03-14
0.1,4,CPI m/m|Core CPI m/m|PPI m/m|CPI y/y,Neutral|Neutral|Neutral|Bad,1,1,0,100.0,0.0,inf,2019-08-09_2019-08-18
0.1,4,CPI m/m|Core CPI m/m|PPI m/m|CPI y/y,Good|Good|Neutral|Good,1,0,1,0.0,100.0,0.0,2020-04-05_2020-04-14
0.2,4,CPI m/m|Core CPI m/m|PPI m/m|CPI y/y,Neutral|Neutral|Neutral|Neutral,42,25,17,59.5,40.5,1.47,2018-06-05_2018-06-14|2018-08-04_2018-08-13|2018-10-03_2018-10-12|2019-02-10_2019-02-19|2019-03-12_2019-03-21|2019-06-10_2019-06-19|2019-09-08_2019-09-17|2019-11-07_2019-11-16|2019-12-07_2019-12-16|2020-10-12_2020-10-21|2020-11-11_2020-11-20|2021-10-07_2021-10-16|2022-01-05_2022-01-14|2022-03-06_2022-03-15|2022-10-12_2022-10-21|2023-05-10_2023-05-19|2023-06-09_2023-06-18|2023-07-09_2023-07-18|2023-08-08_2023-08-17|2023-10-07_2023-10-16|2023-12-06_2023-12-15|2024-01-05_2024-01-14|2024-05-14_2024-05-23|2024-07-03_2024-07-12|2024-08-12_2024-08-21|2024-09-11_2024-09-20|2024-12-10_2024-12-19|2025-01-09_2025-01-18|2025-02-08_2025-02-17|2025-06-08_2025-06-17|2025-07-08_2025-07-17|2020-09-02_2020-09-11|2021-01-10_2021-01-19|2021-09-07_2021-09-16|2024-04-04_2024-04-13|2024-11-10_2024-11-19|2018-05-06_2018-05-15|2018-07-05_2018-07-14|2019-01-11_2019-01-20|2019-08-09_2019-08-18|2020-01-06_2020-01-15|2020-04-05_2020-04-14
0.2,4,CPI m/m|Core CPI m/m|PPI m/m|CPI y/y,Neutral|Neutral|Good|Neutral,11,5,6,45.5,54.5,0.83,2019-10-08_2019-10-17|2020-05-05_2020-05-14|2022-08-03_2022-08-12|2023-03-11_2023-03-20|2023-04-10_2023-04-19|2023-11-06_2023-11-15|2025-03-10_2025-03-19|2025-04-09_2025-04-18|2025-09-06_2025-09-15|2023-01-10_2023-01-19|2025-05-09_2025-05-18
0.2,4,CPI m/m|Core CPI m/m|PPI m/m|CPI y/y,Neutral|Neutral|Bad|Neutral,8,5,3,62.5,37.5,1.67,2020-06-04_2020-06-13|2021-02-09_2021-02-18|2021-12-06_2021-12-15|2022-04-05_2022-04-14|2023-09-07_2023-09-16|2021-08-08_2021-08-17|2025-08-07_2025-08-16|2024-03-05_2024-03-14
0.2,4,CPI m/m|Core CPI m/m|PPI m/m|CPI y/y,Bad|Bad|Bad|Bad,2,1,1,50.0,50.0,1.0,2020-08-03_2020-08-12|2021-07-09_2021-07-18
0.2,4,CPI m/m|Core CPI m/m|PPI m/m|CPI y/y,Neutral|Neutral|Bad|Bad,2,2,0,100.0,0.0,inf,2023-02-09_2023-02-18|2021-06-09_2021-06-18
0.2,4,CPI m/m|Core CPI m/m|PPI m/m|CPI y/y,Bad|Neutral|Neutral|Bad,1,0,1,0.0,100.0,0.0,2021-11-06_2021-11-15
0.2,4,CPI m/m|Core CPI m/m|PPI m/m|CPI y/y,Neutral|Neutral|Neutral|Bad,1,1,0,100.0,0.0,inf,2022-05-05_2022-05-14
0.2,4,CPI m/m|Core CPI m/m|PPI m/m|CPI y/y,Neutral|Bad|Neutral|Bad,1,1,0,100.0,0.0,inf,2022-09-12_2022-09-21
0.3,4,CPI m/m|Core CPI m/m|PPI m/m|CPI y/y,Neutral|Neutral|Neutral|Neutral,49,30,19,61.2,38.8,1.58,2018-06-05_2018-06-14|2018-08-04_2018-08-13|2018-10-03_2018-10-12|2019-02-10_2019-02-19|2019-03-12_2019-03-21|2019-06-10_2019-06-19|2019-09-08_2019-09-17|2019-11-07_2019-11-16|2019-12-07_2019-12-16|2020-10-12_2020-10-21|2020-11-11_2020-11-20|2021-10-07_2021-10-16|2022-01-05_2022-01-14|2022-03-06_2022-03-15|2022-04-05_2022-04-14|2022-10-12_2022-10-21|2023-02-09_2023-02-18|2023-05-10_2023-05-19|2023-06-09_2023-06-18|2023-07-09_2023-07-18|2023-08-08_2023-08-17|2023-09-07_2023-09-16|2023-10-07_2023-10-16|2023-12-06_2023-12-15|2024-01-05_2024-01-14|2024-05-14_2024-05-23|2024-07-03_2024-07-12|2024-08-12_2024-08-21|2024-09-11_2024-09-20|2024-12-10_2024-12-19|2025-01-09_2025-01-18|2025-02-08_2025-02-17|2025-03-10_2025-03-19|2025-06-08_2025-06-17|2025-07-08_2025-07-17|2020-09-02_2020-09-11|2021-01-10_2021-01-19|2021-09-07_2021-09-16|2022-05-05_2022-05-14|2024-04-04_2024-04-13|2024-11-10_2024-11-19|2022-09-12_2022-09-21|2024-03-05_2024-03-14|2018-05-06_2018-05-15|2018-07-05_2018-07-14|2019-01-11_2019-01-20|2019-08-09_2019-08-18|2020-01-06_2020-01-15|2020-04-05_2020-04-14
0.3,4,CPI m/m|Core CPI m/m|PPI m/m|CPI y/y,Neutral|Neutral|Good|Neutral,10,4,6,40.0,60.0,0.67,2019-10-08_2019-10-17|2020-05-05_2020-05-14|2022-08-03_2022-08-12|2023-03-11_2023-03-20|2023-04-10_2023-04-19|2023-11-06_2023-11-15|2025-04-09_2025-04-18|2025-09-06_2025-09-15|2023-01-10_2023-01-19|2025-05-09_2025-05-18
0.3,4,CPI m/m|Core CPI m/m|PPI m/m|CPI y/y,Neutral|Neutral|Bad|Neutral,6,5,1,83.3,16.7,5.0,2020-06-04_2020-06-13|2021-02-09_2021-02-18|2021-12-06_2021-12-15|2021-06-09_2021-06-18|2021-08-08_2021-08-17|2025-08-07_2025-08-16
0.3,4,CPI m/m|Core CPI m/m|PPI m/m|CPI y/y,Neutral|Bad|Neutral|Bad,1,0,1,0.0,100.0,0.0,2020-08-03_2020-08-12
0.3,4,CPI m/m|Core CPI m/m|PPI m/m|CPI y/y,Bad|Bad|Bad|Bad,1,1,0,100.0,0.0,inf,2021-07-09_2021-07-18
0.3,4,CPI m/m|Core CPI m/m|PPI m/m|CPI y/y,Bad|Neutral|Neutral|Neutral,1,0,1,0.0,100.0,0.0,2021-11-06_2021-11-15
0.0,4,CPI m/m|Core CPI m/m|Core PPI m/m|FOMC,Good|Neutral|Neutral|Neutral,1,0,1,0.0,100.0,0.0,2023-06-09_2023-06-18
0.0,4,CPI m/m|Core CPI m/m|Core PPI m/m|FOMC,Bad|Neutral|Good|Neutral,1,0,1,0.0,100.0,0.0,2023-12-06_2023-12-15
0.0,4,CPI m/m|Core CPI m/m|Core PPI m/m|FOMC,Neutral|Bad|Bad|Good,1,1,0,100.0,0.0,inf,2024-09-11_2024-09-20
0.0,4,CPI m/m|Core CPI m/m|Core PPI m/m|FOMC,Neutral|Neutral|Neutral|Neutral,1,1,0,100.0,0.0,inf,2024-12-10_2024-12-19
0.1,4,CPI m/m|Core CPI m/m|Core PPI m/m|FOMC,Neutral|Neutral|Neutral|Neutral,2,1,1,50.0,50.0,1.0,2023-06-09_2023-06-18|2024-12-10_2024-12-19
0.1,4,CPI m/m|Core CPI m/m|Core PPI m/m|FOMC,Neutral|Neutral|Good|Neutral,1,0,1,0.0,100.0,0.0,2023-12-06_2023-12-15
0.1,4,CPI m/m|Core CPI m/m|Core PPI m/m|FOMC,Neutral|Neutral|Neutral|Good,1,1,0,100.0,0.0,inf,2024-09-11_2024-09-20
0.2,4,CPI m/m|Core CPI m/m|Core PPI m/m|FOMC,Neutral|Neutral|Neutral|Neutral,3,1,2,33.3,66.7,0.5,2023-06-09_2023-06-18|2023-12-06_2023-12-15|2024-12-10_2024-12-19
0.2,4,CPI m/m|Core CPI m/m|Core PPI m/m|FOMC,Neutral|Neutral|Neutral|Good,1,1,0,100.0,0.0,inf,2024-09-11_2024-09-20
0.3,4,CPI m/m|Core CPI m/m|Core PPI m/m|FOMC,Neutral|Neutral|Neutral|Neutral,4,2,2,50.0,50.0,1.0,2023-06-09_2023-06-18|2023-12-06_2023-12-15|2024-09-11_2024-09-20|2024-12-10_2024-12-19
0.0,4,CPI m/m|Core CPI m/m|Core PPI m/m|CPI y/y,Neutral|Bad|Bad|Neutral,2,2,0,100.0,0.0,inf,2018-06-05_2018-06-14|2024-09-11_2024-09-20
0.0,4,CPI m/m|Core CPI m/m|Core PPI m/m|CPI y/y,Neutral|Neutral|Good|Neutral,3,1,2,33.3,66.7,0.5,2018-08-04_2018-08-13|2022-03-06_2022-03-15|2019-01-11_2019-01-20
0.0,4,CPI m/m|Core CPI m/m|Core PPI m/m|CPI y/y,Good|Good|Neutral|Good,2,1,1,50.0,50.0,1.0,2018-10-03_2018-10-12|2020-06-04_2020-06-13
0.0,4,CPI m/m|Core CPI m/m|Core PPI m/m|CPI y/y,Good|Neutral|Bad|Bad,1,0,1,0.0,100.0,0.0,2019-02-10_2019-02-19
0.0,4,CPI m/m|Core CPI m/m|Core PPI m/m|CPI y/y,Neutral|Good|Good|Good,1,1,0,100.0,0.0,inf,2019-03-12_2019-03-21
0.0,4,CPI m/m|Core CPI m/m|Core PPI m/m|CPI y/y,Neutral|Good|Neutral|Good,1,0,1,0.0,100.0,0.0,2019-06-10_2019-06-19
0.0,4,CPI m/m|Core CPI m/m|Core PPI m/m|CPI y/y,Neutral|Bad|Bad|Good,1,0,1,0.0,100.0,0.0,2019-09-08_2019-09-17
0.0,4,CPI m/m|Core CPI m/m|Core PPI m/m|CPI y/y,Good|Good|Good|Good,10,5,5,50.0,50.0,1.0,2019-10-08_2019-10-17|2020-05-05_2020-05-14|2020-11-11_2020-11-20|2022-08-03_2022-08-12|2023-07-09_2023-07-18|2023-11-06_2023-11-15|2025-03-10_2025-03-19|2025-04-09_2025-04-18|2025-06-08_2025-06-17|2025-05-09_2025-05-18
0.0,4,CPI m/m|Core CPI m/m|Core PPI m/m|CPI y/y,Bad|Neutral|Bad|Bad,2,2,0,100.0,0.0,inf,2019-11-07_2019-11-16|2023-10-07_2023-10-16
0.0,4,CPI m/m|Core CPI m/m|Core PPI m/m|CPI y/y,Bad|Neutral|Good|Bad,3,1,2,33.3,66.7,0.5,2019-12-07_2019-12-16|2021-10-07_2021-10-16|2024-01-05_2024-01-14
0.0,4,CPI m/m|Core CPI m/m|Core PPI m/m|CPI y/y,Bad|Bad|Bad|Bad,5,4,1,80.0,20.0,4.0,2020-08-03_2020-08-12|2020-09-02_2020-09-11|2021-06-09_2021-06-18|2021-07-09_2021-07-18|2022-09-12_2022-09-21
0.0,4,CPI m/m|Core CPI m/m|Core PPI m/m|CPI y/y,Neutral|Neutral|Bad|Neutral,1,1,0,100.0,0.0,inf,2020-10-12_2020-10-21
0.0,4,CPI m/m|Core CPI m/m|Core PPI m/m|CPI y/y,Neutral|Good|Bad|Neutral,1,1,0,100.0,0.0,inf,2021-02-09_2021-02-18
0.0,4,CPI m/m|Core CPI m/m|Core PPI m/m|CPI y/y,Bad|Neutral|Bad|Neutral,1,1,0,100.0,0.0,inf,2021-12-06_2021-12-15
0.0,4,CPI m/m|Core CPI m/m|Core PPI m/m|CPI y/y,Bad|Bad|Neutral|Neutral,1,1,0,100.0,0.0,inf,2022-01-05_2022-01-14
0.0,4,CPI m/m|Core CPI m/m|Core PPI m/m|CPI y/y,Neutral|Good|Bad|Bad,2,1,1,50.0,50.0,1.0,2022-04-05_2022-04-14|2021-08-08_2021-08-17
0.0,4,CPI m/m|Core CPI m/m|Core PPI m/m|CPI y/y,Bad|Bad|Neutral|Bad,3,3,0,100.0,0.0,inf,2022-10-12_2022-10-21|2025-02-08_2025-02-17|2024-04-04_2024-04-13
0.0,4,CPI m/m|Core CPI m/m|Core PPI m/m|CPI y/y,Neutral|Neutral|Bad|Bad,1,1,0,100.0,0.0,inf,2023-02-09_2023-02-18
0.0,4,CPI m/m|Core CPI m/m|Core PPI m/m|CPI y/y,Neutral|Bad|Good|Neutral,1,0,1,0.0,100.0,0.0,2023-03-11_2023-03-20
0.0,4,CPI m/m|Core CPI m/m|Core PPI m/m|CPI y/y,Good|Neutral|Good|Good,1,1,0,100.0,0.0,inf,2023-04-10_2023-04-19
0.0,4,CPI m/m|Core CPI m/m|Core PPI m/m|CPI y/y,Neutral|Bad|Neutral|Good,1,1,0,100.0,0.0,inf,2023-05-10_2023-05-19
0.0,4,CPI m/m|Core CPI m/m|Core PPI m/m|CPI y/y,Good|Neutral|Neutral|Good,1,0,1,0.0,100.0,0.0,2023-06-09_2023-06-18
0.0,4,CPI m/m|Core CPI m/m|Core PPI m/m|CPI y/y,Neutral|Neutral|Bad|Good,2,1,1,50.0,50.0,1.0,2023-08-08_2023-08-17|2025-08-07_2025-08-16
0.0,4,CPI m/m|Core CPI m/m|Core PPI m/m|CPI y/y,Neutral|Bad|Neutral|Bad,1,0,1,0.0,100.0,0.0,2023-09-07_2023-09-16
0.0,4,CPI m/m|Core CPI m/m|Core PPI m/m|CPI y/y,Bad|Neutral|Good|Neutral,2,0,2,0.0,100.0,0.0,2023-12-06_2023-12-15|2025-09-06_2025-09-15
0.0,4,CPI m/m|Core CPI m/m|Core PPI m/m|CPI y/y,Good|Neutral|Bad|Neutral,2,1,1,50.0,50.0,1.0,2024-05-14_2024-05-23|2018-07-05_2018-07-14
0.0,4,CPI m/m|Core CPI m/m|Core PPI m/m|CPI y/y,Good|Good|Bad|Good,2,0,2,0.0,100.0,0.0,2024-07-03_2024-07-12|2020-04-05_2020-04-14
0.0,4,CPI m/m|Core CPI m/m|Core PPI m/m|CPI y/y,Neutral|Neutral|Good|Good,1,0,1,0.0,100.0,0.0,2024-08-12_2024-08-21
0.0,4,CPI m/m|Core CPI m/m|Core PPI m/m|CPI y/y,Neutral|Neutral|Neutral|Neutral,4,3,1,75.0,25.0,3.0,2024-12-10_2024-12-19|2021-01-10_2021-01-19|2023-01-10_2023-01-19|2024-11-10_2024-11-19
0.0,4,CPI m/m|Core CPI m/m|Core PPI m/m|CPI y/y,Neutral|Good|Good|Neutral,2,1,1,50.0,50.0,1.0,2025-01-09_2025-01-18|2020-01-06_2020-01-15
0.0,4,CPI m/m|Core CPI m/m|Core PPI m/m|CPI y/y,Neutral|Good|Good|Bad,1,1,0,100.0,0.0,inf,2025-07-08_2025-07-17
0.0,4,CPI m/m|Core CPI m/m|Core PPI m/m|CPI y/y,Good|Good|Bad|Neutral,1,1,0,100.0,0.0,inf,2021-09-07_2021-09-16
0.0,4,CPI m/m|Core CPI m/m|Core PPI m/m|CPI y/y,Bad|Bad|Good|Bad,2,1,1,50.0,50.0,1.0,2021-11-06_2021-11-15|2022-05-05_2022-05-14
0.0,4,CPI m/m|Core CPI m/m|Core PPI m/m|CPI y/y,Neutral|Bad|Bad|Bad,1,1,0,100.0,0.0,inf,2024-03-05_2024-03-14
0.0,4,CPI m/m|Core CPI m/m|Core PPI m/m|CPI y/y,Good|Good|Neutral|Neutral,1,1,0,100.0,0.0,inf,2018-05-06_2018-05-15
0.0,4,CPI m/m|Core CPI m/m|Core PPI m/m|CPI y/y,Neutral|Bad|Good|Bad,1,1,0,100.0,0.0,inf,2019-08-09_2019-08-18
0.1,4,CPI m/m|Core CPI m/m|Core PPI m/m|CPI y/y,Neutral|Neutral|Neutral|Neutral,14,8,6,57.1,42.9,1.33,2018-06-05_2018-06-14|2018-08-04_2018-08-13|2019-06-10_2019-06-19|2022-01-05_2022-01-14|2023-06-09_2023-06-18|2023-08-08_2023-08-17|2024-09-11_2024-09-20|2024-12-10_2024-12-19|2021-01-10_2021-01-19|2023-01-10_2023-01-19|2024-11-10_2024-11-19|2018-05-06_2018-05-15|2018-07-05_2018-07-14|2020-01-06_2020-01-15
0.1,4,CPI m/m|Core CPI m/m|Core PPI m/m|CPI y/y,Neutral|Neutral|Neutral|Good,5,3,2,60.0,40.0,1.5,2018-10-03_2018-10-12|2019-03-12_2019-03-21|2019-09-08_2019-09-17|2020-06-04_2020-06-13|2023-07-09_2023-07-18
0.1,4,CPI m/m|Core CPI m/m|Core PPI m/m|CPI y/y,Neutral|Neutral|Neutral|Bad,2,0,2,0.0,100.0,0.0,2019-02-10_2019-02-19|2023-09-07_2023-09-16
0.1,4,CPI m/m|Core CPI m/m|Core PPI m/m|CPI y/y,Neutral|Neutral|Good|Good,4,1,3,25.0,75.0,0.33,2019-10-08_2019-10-17|2024-08-12_2024-08-21|2025-03-10_2025-03-19|2025-05-09_2025-05-18
0.1,4,CPI m/m|Core CPI m/m|Core PPI m/m|CPI y/y,Bad|Neutral|Neutral|Bad,2,2,0,100.0,0.0,inf,2019-11-07_2019-11-16|2023-10-07_2023-10-16
0.1,4,CPI m/m|Core CPI m/m|Core PPI m/m|CPI y/y,Neutral|Neutral|Good|Bad,4,3,1,75.0,25.0,3.0,2019-12-07_2019-12-16|2024-01-05_2024-01-14|2025-07-08_2025-07-17|2019-08-09_2019-08-18
0.1,4,CPI m/m|Core CPI m/m|Core PPI m/m|CPI y/y,Good|Good|Good|Good,3,1,2,33.3,66.7,0.5,2020-05-05_2020-05-14|2022-08-03_2022-08-12|2025-04-09_2025-04-18
0.1,4,CPI m/m|Core CPI m/m|Core PPI m/m|CPI y/y,Bad|Bad|Bad|Bad,5,4,1,80.0,20.0,4.0,2020-08-03_2020-08-12|2020-09-02_2020-09-11|2021-06-09_2021-06-18|2021-07-09_2021-07-18|2022-09-12_2022-09-21
0.1,4,CPI m/m|Core CPI m/m|Core PPI m/m|CPI y/y,Neutral|Neutral|Bad|Neutral,2,2,0,100.0,0.0,inf,2020-10-12_2020-10-21|2025-08-07_2025-08-16
0.1,4,CPI m/m|Core CPI m/m|Core PPI m/m|CPI y/y,Neutral|Good|Neutral|Good,1,1,0,100.0,0.0,inf,2020-11-11_2020-11-20
0.1,4,CPI m/m|Core CPI m/m|Core PPI m/m|CPI y/y,Neutral|Good|Bad|Neutral,2,1,1,50.0,50.0,1.0,2021-02-09_2021-02-18|2022-04-05_2022-04-14
0.1,4,CPI m/m|Core CPI m/m|Core PPI m/m|CPI y/y,Bad|Neutral|Good|Bad,1,0,1,0.0,100.0,0.0,2021-10-07_2021-10-16
0.1,4,CPI m/m|Core CPI m/m|Core PPI m/m|CPI y/y,Bad|Neutral|Bad|Neutral,1,1,0,100.0,0.0,inf,2021-12-06_2021-12-15
0.1,4,CPI m/m|Core CPI m/m|Core PPI m/m|CPI y/y,Neutral|Neutral|Good|Neutral,7,4,3,57.1,42.9,1.33,2022-03-06_2022-03-15|2023-03-11_2023-03-20|2023-04-10_2023-04-19|2023-11-06_2023-11-15|2023-12-06_2023-12-15|2025-01-09_2025-01-18|2019-01-11_2019-01-20
0.1,4,CPI m/m|Core CPI m/m|Core PPI m/m|CPI y/y,Bad|Bad|Neutral|Neutral,1,1,0,100.0,0.0,inf,2022-10-12_2022-10-21
0.1,4,CPI m/m|Core CPI m/m|Core PPI m/m|CPI y/y,Neutral|Neutral|Bad|Bad,1,1,0,100.0,0.0,inf,2023-02-09_2023-02-18
0.1,4,CPI m/m|Core CPI m/m|Core PPI m/m|CPI y/y,Neutral|Bad|Neutral|Neutral,1,1,0,100.0,0.0,inf,2023-05-10_2023-05-19
0.1,4,CPI m/m|Core CPI m/m|Core PPI m/m|CPI y/y,Good|Neutral|Bad|Neutral,1,0,1,0.0,100.0,0.0,2024-05-14_2024-05-23
0.1,4,CPI m/m|Core CPI m/m|Core PPI m/m|CPI y/y,Good|Neutral|Bad|Good,1,0,1,0.0,100.0,0.0,2024-07-03_2024-07-12
0.1,4,CPI m/m|Core CPI m/m|Core PPI m/m|CPI y/y,Bad|Bad|Neutral|Bad,3,2,1,66.7,33.3,2.0,2025-02-08_2025-02-17|2021-11-06_2021-11-15|2024-04-04_2024-04-13
0.1,4,CPI m/m|Core CPI m/m|Core PPI m/m|CPI y/y,Neutral|Good|Good|Good,1,0,1,0.0,100.0,0.0,2025-06-08_2025-06-17
0.1,4,CPI m/m|Core CPI m/m|Core PPI m/m|CPI y/y,Bad|Neutral|Good|Neutral,1,0,1,0.0,100.0,0.0,2025-09-06_2025-09-15
0.1,4,CPI m/m|Core CPI m/m|Core PPI m/m|CPI y/y,Neutral|Good|Bad|Bad,1,1,0,100.0,0.0,inf,2021-08-08_2021-08-17
0.1,4,CPI m/m|Core CPI m/m|Core PPI m/m|CPI y/y,Good|Good|Neutral|Neutral,1,1,0,100.0,0.0,inf,2021-09-07_2021-09-16
0.1,4,CPI m/m|Core CPI m/m|Core PPI m/m|CPI y/y,Neutral|Bad|Good|Bad,1,1,0,100.0,0.0,inf,2022-05-05_2022-05-14
0.1,4,CPI m/m|Core CPI m/m|Core PPI m/m|CPI y/y,Neutral|Bad|Neutral|Bad,1,1,0,100.0,0.0,inf,2024-03-05_2024-03-14
0.1,4,CPI m/m|Core CPI m/m|Core PPI m/m|CPI y/y,Good|Good|Bad|Good,1,0,1,0.0,100.0,0.0,2020-04-05_2020-04-14
0.2,4,CPI m/m|Core CPI m/m|Core PPI m/m|CPI y/y,Neutral|Neutral|Neutral|Neutral,42,26,16,61.9,38.1,1.62,2018-06-05_2018-06-14|2018-08-04_2018-08-13|2018-10-03_2018-10-12|2019-02-10_2019-02-19|2019-03-12_2019-03-21|2019-06-10_2019-06-19|2019-09-08_2019-09-17|2019-11-07_2019-11-16|2020-05-05_2020-05-14|2020-06-04_2020-06-13|2020-10-12_2020-10-21|2020-11-11_2020-11-20|2022-01-05_2022-01-14|2022-08-03_2022-08-12|2022-10-12_2022-10-21|2023-05-10_2023-05-19|2023-06-09_2023-06-18|2023-07-09_2023-07-18|2023-08-08_2023-08-17|2023-09-07_2023-09-16|2023-10-07_2023-10-16|2023-12-06_2023-12-15|2024-01-05_2024-01-14|2024-07-03_2024-07-12|2024-08-12_2024-08-21|2024-09-11_2024-09-20|2024-12-10_2024-12-19|2025-01-09_2025-01-18|2025-02-08_2025-02-17|2025-06-08_2025-06-17|2025-07-08_2025-07-17|2020-09-02_2020-09-11|2021-01-10_2021-01-19|2021-09-07_2021-09-16|2023-01-10_2023-01-19|2024-04-04_2024-04-13|2024-11-10_2024-11-19|2024-03-05_2024-03-14|2018-05-06_2018-05-15|2018-07-05_2018-07-14|2020-01-06_2020-01-15|2020-04-05_2020-04-14
0.2,4,CPI m/m|Core CPI m/m|Core PPI m/m|CPI y/y,Neutral|Neutral|Good|Neutral,13,5,8,38.5,61.5,0.63,2019-10-08_2019-10-17|2019-12-07_2019-12-16|2021-10-07_2021-10-16|2022-03-06_2022-03-15|2023-03-11_2023-03-20|2023-04-10_2023-04-19|2023-11-06_2023-11-15|2025-03-10_2025-03-19|2025-04-09_2025-04-18|2025-09-06_2025-09-15|2025-05-09_2025-05-18|2019-01-11_2019-01-20|2019-08-09_2019-08-18
0.2,4,CPI m/m|Core CPI m/m|Core PPI m/m|CPI y/y,Bad|Bad|Bad|Bad,2,1,1,50.0,50.0,1.0,2020-08-03_2020-08-12|2021-07-09_2021-07-18
0.2,4,CPI m/m|Core CPI m/m|Core PPI m/m|CPI y/y,Neutral|Neutral|Bad|Neutral,6,4,2,66.7,33.3,2.0,2021-02-09_2021-02-18|2021-12-06_2021-12-15|2022-04-05_2022-04-14|2024-05-14_2024-05-23|2021-08-08_2021-08-17|2025-08-07_2025-08-16
0.2,4,CPI m/m|Core CPI m/m|Core PPI m/m|CPI y/y,Neutral|Neutral|Neutral|Bad,3,3,0,100.0,0.0,inf,2023-02-09_2023-02-18|2021-06-09_2021-06-18|2022-05-05_2022-05-14
0.2,4,CPI m/m|Core CPI m/m|Core PPI m/m|CPI y/y,Bad|Neutral|Neutral|Bad,1,0,1,0.0,100.0,0.0,2021-11-06_2021-11-15
0.2,4,CPI m/m|Core CPI m/m|Core PPI m/m|CPI y/y,Neutral|Bad|Neutral|Bad,1,1,0,100.0,0.0,inf,2022-09-12_2022-09-21
0.3,4,CPI m/m|Core CPI m/m|Core PPI m/m|CPI y/y,Neutral|Neutral|Neutral|Neutral,50,32,18,64.0,36.0,1.78,2018-06-05_2018-06-14|2018-08-04_2018-08-13|2018-10-03_2018-10-12|2019-02-10_2019-02-19|2019-03-12_2019-03-21|2019-06-10_2019-06-19|2019-09-08_2019-09-17|2019-11-07_2019-11-16|2020-05-05_2020-05-14|2020-06-04_2020-06-13|2020-10-12_2020-10-21|2020-11-11_2020-11-20|2021-10-07_2021-10-16|2021-12-06_2021-12-15|2022-01-05_2022-01-14|2022-08-03_2022-08-12|2022-10-12_2022-10-21|2023-02-09_2023-02-18|2023-05-10_2023-05-19|2023-06-09_2023-06-18|2023-07-09_2023-07-18|2023-08-08_2023-08-17|2023-09-07_2023-09-16|2023-10-07_2023-10-16|2023-11-06_2023-11-15|2023-12-06_2023-12-15|2024-01-05_2024-01-14|2024-05-14_2024-05-23|2024-07-03_2024-07-12|2024-08-12_2024-08-21|2024-09-11_2024-09-20|2024-12-10_2024-12-19|2025-01-09_2025-01-18|2025-02-08_2025-02-17|2025-06-08_2025-06-17|2025-07-08_2025-07-17|2020-09-02_2020-09-11|2021-01-10_2021-01-19|2021-06-09_2021-06-18|2021-09-07_2021-09-16|2022-05-05_2022-05-14|2023-01-10_2023-01-19|2024-04-04_2024-04-13|2024-11-10_2024-11-19|2022-09-12_2022-09-21|2024-03-05_2024-03-14|2018-05-06_2018-05-15|2018-07-05_2018-07-14|2020-01-06_2020-01-15|2020-04-05_2020-04-14
0.3,4,CPI m/m|Core CPI m/m|Core PPI m/m|CPI y/y,Neutral|Neutral|Good|Neutral,11,4,7,36.4,63.6,0.57,2019-10-08_2019-10-17|2019-12-07_2019-12-16|2022-03-06_2022-03-15|2023-03-11_2023-03-20|2023-04-10_2023-04-19|2025-03-10_2025-03-19|2025-04-09_2025-04-18|2025-09-06_2025-09-15|2025-05-09_2025-05-18|2019-01-11_2019-01-20|2019-08-09_2019-08-18
0.3,4,CPI m/m|Core CPI m/m|Core PPI m/m|CPI y/y,Neutral|Bad|Bad|Bad,1,0,1,0.0,100.0,0.0,2020-08-03_2020-08-12
0.3,4,CPI m/m|Core CPI m/m|Core PPI m/m|CPI y/y,Neutral|Neutral|Bad|Neutral,4,3,1,75.0,25.0,3.0,2021-02-09_2021-02-18|2022-04-05_2022-04-14|2021-08-08_2021-08-17|2025-08-07_2025-08-16
0.3,4,CPI m/m|Core CPI m/m|Core PPI m/m|CPI y/y,Bad|Bad|Bad|Bad,1,1,0,100.0,0.0,inf,2021-07-09_2021-07-18
0.3,4,CPI m/m|Core CPI m/m|Core PPI m/m|CPI y/y,Bad|Neutral|Neutral|Neutral,1,0,1,0.0,100.0,0.0,2021-11-06_2021-11-15
0.0,4,CPI m/m|Core CPI m/m|FOMC|CPI y/y,Good|Neutral|Neutral|Good,1,0,1,0.0,100.0,0.0,2023-06-09_2023-06-18
0.0,4,CPI m/m|Core CPI m/m|FOMC|CPI y/y,Bad|Neutral|Neutral|Neutral,1,0,1,0.0,100.0,0.0,2023-12-06_2023-12-15
0.0,4,CPI m/m|Core CPI m/m|FOMC|CPI y/y,Good|Good|Neutral|Good,1,1,0,100.0,0.0,inf,2024-06-03_2024-06-12
0.0,4,CPI m/m|Core CPI m/m|FOMC|CPI y/y,Neutral|Bad|Good|Neutral,1,1,0,100.0,0.0,inf,2024-09-11_2024-09-20
0.0,4,CPI m/m|Core CPI m/m|FOMC|CPI y/y,Neutral|Neutral|Neutral|Neutral,1,1,0,100.0,0.0,inf,2024-12-10_2024-12-19
0.1,4,CPI m/m|Core CPI m/m|FOMC|CPI y/y,Neutral|Neutral|Neutral|Neutral,3,1,2,33.3,66.7,0.5,2023-06-09_2023-06-18|2023-12-06_2023-12-15|2024-12-10_2024-12-19
0.1,4,CPI m/m|Core CPI m/m|FOMC|CPI y/y,Neutral|Neutral|Neutral|Good,1,1,0,100.0,0.0,inf,2024-06-03_2024-06-12
0.1,4,CPI m/m|Core CPI m/m|FOMC|CPI y/y,Neutral|Neutral|Good|Neutral,1,1,0,100.0,0.0,inf,2024-09-11_2024-09-20
0.2,4,CPI m/m|Core CPI m/m|FOMC|CPI y/y,Neutral|Neutral|Neutral|Neutral,4,2,2,50.0,50.0,1.0,2023-06-09_2023-06-18|2023-12-06_2023-12-15|2024-06-03_2024-06-12|2024-12-10_2024-12-19
0.2,4,CPI m/m|Core CPI m/m|FOMC|CPI y/y,Neutral|Neutral|Good|Neutral,1,1,0,100.0,0.0,inf,2024-09-11_2024-09-20
0.3,4,CPI m/m|Core CPI m/m|FOMC|CPI y/y,Neutral|Neutral|Neutral|Neutral,5,3,2,60.0,40.0,1.5,2023-06-09_2023-06-18|2023-12-06_2023-12-15|2024-06-03_2024-06-12|2024-09-11_2024-09-20|2024-12-10_2024-12-19
0.0,4,CPI m/m|PPI m/m|Core PPI m/m|FOMC,Good|Good|Neutral|Neutral,1,0,1,0.0,100.0,0.0,2023-06-09_2023-06-18
0.0,4,CPI m/m|PPI m/m|Core PPI m/m|FOMC,Bad|Neutral|Good|Neutral,1,0,1,0.0,100.0,0.0,2023-12-06_2023-12-15
0.0,4,CPI m/m|PPI m/m|Core PPI m/m|FOMC,Neutral|Bad|Bad|Good,1,1,0,100.0,0.0,inf,2024-09-11_2024-09-20
0.0,4,CPI m/m|PPI m/m|Core PPI m/m|FOMC,Neutral|Bad|Neutral|Neutral,1,1,0,100.0,0.0,inf,2024-12-10_2024-12-19
0.1,4,CPI m/m|PPI m/m|Core PPI m/m|FOMC,Neutral|Good|Neutral|Neutral,1,0,1,0.0,100.0,0.0,2023-06-09_2023-06-18
0.1,4,CPI m/m|PPI m/m|Core PPI m/m|FOMC,Neutral|Neutral|Good|Neutral,1,0,1,0.0,100.0,0.0,2023-12-06_2023-12-15
0.1,4,CPI m/m|PPI m/m|Core PPI m/m|FOMC,Neutral|Neutral|Neutral|Good,1,1,0,100.0,0.0,inf,2024-09-11_2024-09-20
0.1,4,CPI m/m|PPI m/m|Core PPI m/m|FOMC,Neutral|Bad|Neutral|Neutral,1,1,0,100.0,0.0,inf,2024-12-10_2024-12-19
0.2,4,CPI m/m|PPI m/m|Core PPI m/m|FOMC,Neutral|Neutral|Neutral|Neutral,3,1,2,33.3,66.7,0.5,2023-06-09_2023-06-18|2023-12-06_2023-12-15|2024-12-10_2024-12-19
0.2,4,CPI m/m|PPI m/m|Core PPI m/m|FOMC,Neutral|Neutral|Neutral|Good,1,1,0,100.0,0.0,inf,2024-09-11_2024-09-20
0.3,4,CPI m/m|PPI m/m|Core PPI m/m|FOMC,Neutral|Neutral|Neutral|Neutral,4,2,2,50.0,50.0,1.0,2023-06-09_2023-06-18|2023-12-06_2023-12-15|2024-09-11_2024-09-20|2024-12-10_2024-12-19
0.0,4,CPI m/m|PPI m/m|Core PPI m/m|CPI y/y,Neutral|Bad|Bad|Neutral,4,4,0,100.0,0.0,inf,2018-06-05_2018-06-14|2020-10-12_2020-10-21|2021-02-09_2021-02-18|2024-09-11_2024-09-20
0.0,4,CPI m/m|PPI m/m|Core PPI m/m|CPI y/y,Neutral|Good|Good|Neutral,6,2,4,33.3,66.7,0.5,2018-08-04_2018-08-13|2022-03-06_2022-03-15|2023-03-11_2023-03-20|2025-01-09_2025-01-18|2019-01-11_2019-01-20|2020-01-06_2020-01-15
0.0,4,CPI m/m|PPI m/m|Core PPI m/m|CPI y/y,Good|Neutral|Neutral|Good,1,1,0,100.0,0.0,inf,2018-10-03_2018-10-12
0.0,4,CPI m/m|PPI m/m|Core PPI m/m|CPI y/y,Good|Good|Bad|Bad,1,0,1,0.0,100.0,0.0,2019-02-10_2019-02-19
0.0,4,CPI m/m|PPI m/m|Core PPI m/m|CPI y/y,Neutral|Good|Good|Good,2,1,1,50.0,50.0,1.0,2019-03-12_2019-03-21|2024-08-12_2024-08-21
0.0,4,CPI m/m|PPI m/m|Core PPI m/m|CPI y/y,Neutral|Neutral|Neutral|Good,1,0,1,0.0,100.0,0.0,2019-06-10_2019-06-19
0.0,4,CPI m/m|PPI m/m|Core PPI m/m|CPI y/y,Neutral|Bad|Bad|Good,3,1,2,33.3,66.7,0.5,2019-09-08_2019-09-17|2023-08-08_2023-08-17|2025-08-07_2025-08-16
0.0,4,CPI m/m|PPI m/m|Core PPI m/m|CPI y/y,Good|Good|Good|Good,10,5,5,50.0,50.0,1.0,2019-10-08_2019-10-17|2020-05-05_2020-05-14|2022-08-03_2022-08-12|2023-04-10_2023-04-19|2023-07-09_2023-07-18|2023-11-06_2023-11-15|2025-03-10_2025-03-19|2025-04-09_2025-04-18|2025-06-08_2025-06-17|2025-05-09_2025-05-18
0.0,4,CPI m/m|PPI m/m|Core PPI m/m|CPI y/y,Bad|Bad|Bad|Bad,6,5,1,83.3,16.7,5.0,2019-11-07_2019-11-16|2020-08-03_2020-08-12|2023-10-07_2023-10-16|2020-09-02_2020-09-11|2021-06-09_2021-06-18|2021-07-09_2021-07-18
0.0,4,CPI m/m|PPI m/m|Core PPI m/m|CPI y/y,Bad|Good|Good|Bad,3,1,2,33.3,66.7,0.5,2019-12-07_2019-12-16|2021-10-07_2021-10-16|2024-01-05_2024-01-14
0.0,4,CPI m/m|PPI m/m|Core PPI m/m|CPI y/y,Good|Bad|Neutral|Good,1,0,1,0.0,100.0,0.0,2020-06-04_2020-06-13
0.0,4,CPI m/m|PPI m/m|Core PPI m/m|CPI y/y,Good|Bad|Good|Good,1,1,0,100.0,0.0,inf,2020-11-11_2020-11-20
0.0,4,CPI m/m|PPI m/m|Core PPI m/m|CPI y/y,Bad|Bad|Bad|Neutral,1,1,0,100.0,0.0,inf,2021-12-06_2021-12-15
0.0,4,CPI m/m|PPI m/m|Core PPI m/m|CPI y/y,Bad|Good|Neutral|Neutral,1,1,0,100.0,0.0,inf,2022-01-05_2022-01-14
0.0,4,CPI m/m|PPI m/m|Core PPI m/m|CPI y/y,Neutral|Bad|Bad|Bad,4,3,1,75.0,25.0,3.0,2022-04-05_2022-04-14|2023-02-09_2023-02-18|2021-08-08_2021-08-17|2024-03-05_2024-03-14
0.0,4,CPI m/m|PPI m/m|Core PPI m/m|CPI y/y,Bad|Bad|Neutral|Bad,2,2,0,100.0,0.0,inf,2022-10-12_2022-10-21|2025-02-08_2025-02-17
0.0,4,CPI m/m|PPI m/m|Core PPI m/m|CPI y/y,Neutral|Good|Neutral|Good,1,1,0,100.0,0.0,inf,2023-05-10_2023-05-19
0.0,4,CPI m/m|PPI m/m|Core PPI m/m|CPI y/y,Good|Good|Neutral|Good,1,0,1,0.0,100.0,0.0,2023-06-09_2023-06-18
0.0,4,CPI m/m|PPI m/m|Core PPI m/m|CPI y/y,Neutral|Bad|Neutral|Bad,1,0,1,0.0,100.0,0.0,2023-09-07_2023-09-16
0.0,4,CPI m/m|PPI m/m|Core PPI m/m|CPI y/y,Bad|Neutral|Good|Neutral,1,0,1,0.0,100.0,0.0,2023-12-06_2023-12-15
0.0,4,CPI m/m|PPI m/m|Core PPI m/m|CPI y/y,Good|Bad|Bad|Neutral,3,2,1,66.7,33.3,2.0,2024-05-14_2024-05-23|2021-09-07_2021-09-16|2018-07-05_2018-07-14
0.0,4,CPI m/m|PPI m/m|Core PPI m/m|CPI y/y,Good|Bad|Bad|Good,2,0,2,0.0,100.0,0.0,2024-07-03_2024-07-12|2020-04-05_2020-04-14
0.0,4,CPI m/m|PPI m/m|Core PPI m/m|CPI y/y,Neutral|Bad|Neutral|Neutral,1,1,0,100.0,0.0,inf,2024-12-10_2024-12-19
0.0,4,CPI m/m|PPI m/m|Core PPI m/m|CPI y/y,Neutral|Good|Good|Bad,1,1,0,100.0,0.0,inf,2025-07-08_2025-07-17
0.0,4,CPI m/m|PPI m/m|Core PPI m/m|CPI y/y,Bad|Good|Good|Neutral,1,0,1,0.0,100.0,0.0,2025-09-06_2025-09-15
0.0,4,CPI m/m|PPI m/m|Core PPI m/m|CPI y/y,Neutral|Good|Neutral|Neutral,2,1,1,50.0,50.0,1.0,2021-01-10_2021-01-19|2023-01-10_2023-01-19
0.0,4,CPI m/m|PPI m/m|Core PPI m/m|CPI y/y,Bad|Neutral|Good|Bad,2,1,1,50.0,50.0,1.0,2021-11-06_2021-11-15|2022-05-05_2022-05-14
0.0,4,CPI m/m|PPI m/m|Core PPI m/m|CPI y/y,Bad|Good|Neutral|Bad,1,1,0,100.0,0.0,inf,2024-04-04_2024-04-13
0.0,4,CPI m/m|PPI m/m|Core PPI m/m|CPI y/y,Neutral|Neutral|Neutral|Neutral,1,1,0,100.0,0.0,inf,2024-11-10_2024-11-19
0.0,4,CPI m/m|PPI m/m|Core PPI m/m|CPI y/y,Bad|Neutral|Bad|Bad,1,1,0,100.0,0.0,inf,2022-09-12_2022-09-21
0.0,4,CPI m/m|PPI m/m|Core PPI m/m|CPI y/y,Good|Good|Neutral|Neutral,1,1,0,100.0,0.0,inf,2018-05-06_2018-05-15
0.0,4,CPI m/m|PPI m/m|Core PPI m/m|CPI y/y,Neutral|Neutral|Good|Bad,1,1,0,100.0,0.0,inf,2019-08-09_2019-08-18
0.1,4,CPI m/m|PPI m/m|Core PPI m/m|CPI y/y,Neutral|Bad|Neutral|Neutral,2,2,0,100.0,0.0,inf,2018-06-05_2018-06-14|2024-12-10_2024-12-19
0.1,4,CPI m/m|PPI m/m|Core PPI m/m|CPI y/y,Neutral|Good|Neutral|Neutral,5,2,3,40.0,60.0,0.67,2018-08-04_2018-08-13|2022-01-05_2022-01-14|2023-06-09_2023-06-18|2021-01-10_2021-01-19|2023-01-10_2023-01-19
0.1,4,CPI m/m|PPI m/m|Core PPI m/m|CPI y/y,Neutral|Neutral|Neutral|Good,5,4,1,80.0,20.0,4.0,2018-10-03_2018-10-12|2019-03-12_2019-03-21|2019-09-08_2019-09-17|2020-11-11_2020-11-20|2023-07-09_2023-07-18
0.1,4,CPI m/m|PPI m/m|Core PPI m/m|CPI y/y,Neutral|Good|Neutral|Bad,1,0,1,0.0,100.0,0.0,2019-02-10_2019-02-19
0.1,4,CPI m/m|PPI m/m|Core PPI m/m|CPI y/y,Neutral|Neutral|Neutral|Neutral,8,5,3,62.5,37.5,1.67,2019-06-10_2019-06-19|2023-05-10_2023-05-19|2023-08-08_2023-08-17|2024-09-11_2024-09-20|2024-11-10_2024-11-19|2018-05-06_2018-05-15|2018-07-05_2018-07-14|2020-01-06_2020-01-15
0.1,4,CPI m/m|PPI m/m|Core PPI m/m|CPI y/y,Neutral|Good|Good|Good,3,1,2,33.3,66.7,0.5,2019-10-08_2019-10-17|2025-03-10_2025-03-19|2025-05-09_2025-05-18
0.1,4,CPI m/m|PPI m/m|Core PPI m/m|CPI y/y,Bad|Bad|Neutral|Bad,3,3,0,100.0,0.0,inf,2019-11-07_2019-11-16|2023-10-07_2023-10-16|2025-02-08_2025-02-17
0.1,4,CPI m/m|PPI m/m|Core PPI m/m|CPI y/y,Neutral|Good|Good|Bad,3,2,1,66.7,33.3,2.0,2019-12-07_2019-12-16|2024-01-05_2024-01-14|2025-07-08_2025-07-17
0.1,4,CPI m/m|PPI m/m|Core PPI m/m|CPI y/y,Good|Good|Good|Good,3,1,2,33.3,66.7,0.5,2020-05-05_2020-05-14|2022-08-03_2022-08-12|2025-04-09_2025-04-18
0.1,4,CPI m/m|PPI m/m|Core PPI m/m|CPI y/y,Neutral|Bad|Neutral|Good,1,0,1,0.0,100.0,0.0,2020-06-04_2020-06-13
0.1,4,CPI m/m|PPI m/m|Core PPI m/m|CPI y/y,Bad|Bad|Bad|Bad,3,2,1,66.7,33.3,2.0,2020-08-03_2020-08-12|2021-06-09_2021-06-18|2021-07-09_2021-07-18
0.1,4,CPI m/m|PPI m/m|Core PPI m/m|CPI y/y,Neutral|Bad|Bad|Neutral,4,3,1,75.0,25.0,3.0,2020-10-12_2020-10-21|2021-02-09_2021-02-18|2022-04-05_2022-04-14|2025-08-07_2025-08-16
0.1,4,CPI m/m|PPI m/m|Core PPI m/m|CPI y/y,Bad|Neutral|Good|Bad,1,0,1,0.0,100.0,0.0,2021-10-07_2021-10-16
0.1,4,CPI m/m|PPI m/m|Core PPI m/m|CPI y/y,Bad|Bad|Bad|Neutral,1,1,0,100.0,0.0,inf,2021-12-06_2021-12-15
0.1,4,CPI m/m|PPI m/m|Core PPI m/m|CPI y/y,Neutral|Good|Good|Neutral,5,3,2,60.0,40.0,1.5,2022-03-06_2022-03-15|2023-03-11_2023-03-20|2023-04-10_2023-04-19|2023-11-06_2023-11-15|2025-01-09_2025-01-18
0.1,4,CPI m/m|PPI m/m|Core PPI m/m|CPI y/y,Bad|Bad|Neutral|Neutral,1,1,0,100.0,0.0,inf,2022-10-12_2022-10-21
0.1,4,CPI m/m|PPI m/m|Core PPI m/m|CPI y/y,Neutral|Bad|Bad|Bad,2,2,0,100.0,0.0,inf,2023-02-09_2023-02-18|2021-08-08_2021-08-17
0.1,4,CPI m/m|PPI m/m|Core PPI m/m|CPI y/y,Neutral|Bad|Neutral|Bad,2,1,1,50.0,50.0,1.0,2023-09-07_2023-09-16|2024-03-05_2024-03-14
0.1,4,CPI m/m|PPI m/m|Core PPI m/m|CPI y/y,Neutral|Neutral|Good|Neutral,2,1,1,50.0,50.0,1.0,2023-12-06_2023-12-15|2019-01-11_2019-01-20
0.1,4,CPI m/m|PPI m/m|Core PPI m/m|CPI y/y,Good|Bad|Bad|Neutral,1,0,1,0.0,100.0,0.0,2024-05-14_2024-05-23
0.1,4,CPI m/m|PPI m/m|Core PPI m/m|CPI y/y,Good|Neutral|Bad|Good,2,0,2,0.0,100.0,0.0,2024-07-03_2024-07-12|2020-04-05_2020-04-14
0.1,4,CPI m/m|PPI m/m|Core PPI m/m|CPI y/y,Neutral|Neutral|Good|Good,2,0,2,0.0,100.0,0.0,2024-08-12_2024-08-21|2025-06-08_2025-06-17
0.1,4,CPI m/m|PPI m/m|Core PPI m/m|CPI y/y,Bad|Good|Good|Neutral,1,0,1,0.0,100.0,0.0,2025-09-06_2025-09-15
0.1,4,CPI m/m|PPI m/m|Core PPI m/m|CPI y/y,Bad|Neutral|Bad|Bad,2,2,0,100.0,0.0,inf,2020-09-02_2020-09-11|2022-09-12_2022-09-21
0.1,4,CPI m/m|PPI m/m|Core PPI m/m|CPI y/y,Good|Neutral|Neutral|Neutral,1,1,0,100.0,0.0,inf,2021-09-07_2021-09-16
0.1,4,CPI m/m|PPI m/m|Core PPI m/m|CPI y/y,Bad|Neutral|Neutral|Bad,2,1,1,50.0,50.0,1.0,2021-11-06_2021-11-15|2024-04-04_2024-04-13
0.1,4,CPI m/m|PPI m/m|Core PPI m/m|CPI y/y,Neutral|Neutral|Good|Bad,2,2,0,100.0,0.0,inf,2022-05-05_2022-05-14|2019-08-09_2019-08-18
0.2,4,CPI m/m|PPI m/m|Core PPI m/m|CPI y/y,Neutral|Neutral|Neutral|Neutral,36,23,13,63.9,36.1,1.77,2018-06-05_2018-06-14|2018-08-04_2018-08-13|2018-10-03_2018-10-12|2019-02-10_2019-02-19|2019-03-12_2019-03-21|2019-06-10_2019-06-19|2019-09-08_2019-09-17|2019-11-07_2019-11-16|2020-10-12_2020-10-21|2020-11-11_2020-11-20|2022-01-05_2022-01-14|2022-10-12_2022-10-21|2023-05-10_2023-05-19|2023-06-09_2023-06-18|2023-07-09_2023-07-18|2023-08-08_2023-08-17|2023-10-07_2023-10-16|2023-12-06_2023-12-15|2024-01-05_2024-01-14|2024-07-03_2024-07-12|2024-08-12_2024-08-21|2024-09-11_2024-09-20|2024-12-10_2024-12-19|2025-01-09_2025-01-18|2025-02-08_2025-02-17|2025-06-08_2025-06-17|2025-07-08_2025-07-17|2020-09-02_2020-09-11|2021-01-10_2021-01-19|2021-09-07_2021-09-16|2024-04-04_2024-04-13|2024-11-10_2024-11-19|2018-05-06_2018-05-15|2018-07-05_2018-07-14|2020-01-06_2020-01-15|2020-04-05_2020-04-14
0.2,4,CPI m/m|PPI m/m|Core PPI m/m|CPI y/y,Neutral|Good|Good|Neutral,8,3,5,37.5,62.5,0.6,2019-10-08_2019-10-17|2023-03-11_2023-03-20|2023-04-10_2023-04-19|2023-11-06_2023-11-15|2025-03-10_2025-03-19|2025-04-09_2025-04-18|2025-09-06_2025-09-15|2025-05-09_2025-05-18
0.2,4,CPI m/m|PPI m/m|Core PPI m/m|CPI y/y,Neutral|Neutral|Good|Neutral,5,2,3,40.0,60.0,0.67,2019-12-07_2019-12-16|2021-10-07_2021-10-16|2022-03-06_2022-03-15|2019-01-11_2019-01-20|2019-08-09_2019-08-18
0.2,4,CPI m/m|PPI m/m|Core PPI m/m|CPI y/y,Neutral|Good|Neutral|Neutral,3,2,1,66.7,33.3,2.0,2020-05-05_2020-05-14|2022-08-03_2022-08-12|2023-01-10_2023-01-19
0.2,4,CPI m/m|PPI m/m|Core PPI m/m|CPI y/y,Neutral|Bad|Neutral|Neutral,3,1,2,33.3,66.7,0.5,2020-06-04_2020-06-13|2023-09-07_2023-09-16|2024-03-05_2024-03-14
0.2,4,CPI m/m|PPI m/m|Core PPI m/m|CPI y/y,Bad|Bad|Bad|Bad,2,1,1,50.0,50.0,1.0,2020-08-03_2020-08-12|2021-07-09_2021-07-18
0.2,4,CPI m/m|PPI m/m|Core PPI m/m|CPI y/y,Neutral|Bad|Bad|Neutral,5,4,1,80.0,20.0,4.0,2021-02-09_2021-02-18|2021-12-06_2021-12-15|2022-04-05_2022-04-14|2021-08-08_2021-08-17|2025-08-07_2025-08-16
0.2,4,CPI m/m|PPI m/m|Core PPI m/m|CPI y/y,Neutral|Bad|Neutral|Bad,2,2,0,100.0,0.0,inf,2023-02-09_2023-02-18|2021-06-09_2021-06-18
0.2,4,CPI m/m|PPI m/m|Core PPI m/m|CPI y/y,Neutral|Neutral|Bad|Neutral,1,0,1,0.0,100.0,0.0,2024-05-14_2024-05-23
0.2,4,CPI m/m|PPI m/m|Core PPI m/m|CPI y/y,Bad|Neutral|Neutral|Bad,1,0,1,0.0,100.0,0.0,2021-11-06_2021-11-15
0.2,4,CPI m/m|PPI m/m|Core PPI m/m|CPI y/y,Neutral|Neutral|Neutral|Bad,2,2,0,100.0,0.0,inf,2022-05-05_2022-05-14|2022-09-12_2022-09-21
0.3,4,CPI m/m|PPI m/m|Core PPI m/m|CPI y/y,Neutral|Neutral|Neutral|Neutral,43,27,16,62.8,37.2,1.69,2018-06-05_2018-06-14|2018-08-04_2018-08-13|2018-10-03_2018-10-12|2019-02-10_2019-02-19|2019-03-12_2019-03-21|2019-06-10_2019-06-19|2019-09-08_2019-09-17|2019-11-07_2019-11-16|2020-10-12_2020-10-21|2020-11-11_2020-11-20|2021-10-07_2021-10-16|2022-01-05_2022-01-14|2022-10-12_2022-10-21|2023-02-09_2023-02-18|2023-05-10_2023-05-19|2023-06-09_2023-06-18|2023-07-09_2023-07-18|2023-08-08_2023-08-17|2023-09-07_2023-09-16|2023-10-07_2023-10-16|2023-12-06_2023-12-15|2024-01-05_2024-01-14|2024-05-14_2024-05-23|2024-07-03_2024-07-12|2024-08-12_2024-08-21|2024-09-11_2024-09-20|2024-12-10_2024-12-19|2025-01-09_2025-01-18|2025-02-08_2025-02-17|2025-06-08_2025-06-17|2025-07-08_2025-07-17|2020-09-02_2020-09-11|2021-01-10_2021-01-19|2021-09-07_2021-09-16|2022-05-05_2022-05-14|2024-04-04_2024-04-13|2024-11-10_2024-11-19|2022-09-12_2022-09-21|2024-03-05_2024-03-14|2018-05-06_2018-05-15|2018-07-05_2018-07-14|2020-01-06_2020-01-15|2020-04-05_2020-04-14
0.3,4,CPI m/m|PPI m/m|Core PPI m/m|CPI y/y,Neutral|Good|Good|Neutral,6,1,5,16.7,83.3,0.2,2019-10-08_2019-10-17|2023-03-11_2023-03-20|2023-04-10_2023-04-19|2025-04-09_2025-04-18|2025-09-06_2025-09-15|2025-05-09_2025-05-18
0.3,4,CPI m/m|PPI m/m|Core PPI m/m|CPI y/y,Neutral|Neutral|Good|Neutral,5,3,2,60.0,40.0,1.5,2019-12-07_2019-12-16|2022-03-06_2022-03-15|2025-03-10_2025-03-19|2019-01-11_2019-01-20|2019-08-09_2019-08-18
0.3,4,CPI m/m|PPI m/m|Core PPI m/m|CPI y/y,Neutral|Good|Neutral|Neutral,4,3,1,75.0,25.0,3.0,2020-05-05_2020-05-14|2022-08-03_2022-08-12|2023-11-06_2023-11-15|2023-01-10_2023-01-19
0.3,4,CPI m/m|PPI m/m|Core PPI m/m|CPI y/y,Neutral|Bad|Neutral|Neutral,3,2,1,66.7,33.3,2.0,2020-06-04_2020-06-13|2021-12-06_2021-12-15|2021-06-09_2021-06-18
0.3,4,CPI m/m|PPI m/m|Core PPI m/m|CPI y/y,Neutral|Neutral|Bad|Bad,1,0,1,0.0,100.0,0.0,2020-08-03_2020-08-12
0.3,4,CPI m/m|PPI m/m|Core PPI m/m|CPI y/y,Neutral|Bad|Bad|Neutral,3,3,0,100.0,0.0,inf,2021-02-09_2021-02-18|2021-08-08_2021-08-17|2025-08-07_2025-08-16
0.3,4,CPI m/m|PPI m/m|Core PPI m/m|CPI y/y,Neutral|Neutral|Bad|Neutral,1,0,1,0.0,100.0,0.0,2022-04-05_2022-04-14
0.3,4,CPI m/m|PPI m/m|Core PPI m/m|CPI y/y,Bad|Bad|Bad|Bad,1,1,0,100.0,0.0,inf,2021-07-09_2021-07-18
0.3,4,CPI m/m|PPI m/m|Core PPI m/m|CPI y/y,Bad|Neutral|Neutral|Neutral,1,0,1,0.0,100.0,0.0,2021-11-06_2021-11-15
0.0,4,CPI m/m|PPI m/m|FOMC|CPI y/y,Good|Good|Neutral|Good,1,0,1,0.0,100.0,0.0,2023-06-09_2023-06-18
0.0,4,CPI m/m|PPI m/m|FOMC|CPI y/y,Bad|Neutral|Neutral|Neutral,1,0,1,0.0,100.0,0.0,2023-12-06_2023-12-15
0.0,4,CPI m/m|PPI m/m|FOMC|CPI y/y,Neutral|Bad|Good|Neutral,1,1,0,100.0,0.0,inf,2024-09-11_2024-09-20
0.0,4,CPI m/m|PPI m/m|FOMC|CPI y/y,Neutral|Bad|Neutral|Neutral,1,1,0,100.0,0.0,inf,2024-12-10_2024-12-19
0.1,4,CPI m/m|PPI m/m|FOMC|CPI y/y,Neutral|Good|Neutral|Neutral,1,0,1,0.0,100.0,0.0,2023-06-09_2023-06-18
0.1,4,CPI m/m|PPI m/m|FOMC|CPI y/y,Neutral|Neutral|Neutral|Neutral,1,0,1,0.0,100.0,0.0,2023-12-06_2023-12-15
0.1,4,CPI m/m|PPI m/m|FOMC|CPI y/y,Neutral|Neutral|Good|Neutral,1,1,0,100.0,0.0,inf,2024-09-11_2024-09-20
0.1,4,CPI m/m|PPI m/m|FOMC|CPI y/y,Neutral|Bad|Neutral|Neutral,1,1,0,100.0,0.0,inf,2024-12-10_2024-12-19
0.2,4,CPI m/m|PPI m/m|FOMC|CPI y/y,Neutral|Neutral|Neutral|Neutral,3,1,2,33.3,66.7,0.5,2023-06-09_2023-06-18|2023-12-06_2023-12-15|2024-12-10_2024-12-19
0.2,4,CPI m/m|PPI m/m|FOMC|CPI y/y,Neutral|Neutral|Good|Neutral,1,1,0,100.0,0.0,inf,2024-09-11_2024-09-20
0.3,4,CPI m/m|PPI m/m|FOMC|CPI y/y,Neutral|Neutral|Neutral|Neutral,4,2,2,50.0,50.0,1.0,2023-06-09_2023-06-18|2023-12-06_2023-12-15|2024-09-11_2024-09-20|2024-12-10_2024-12-19
0.0,4,CPI m/m|Core PPI m/m|FOMC|CPI y/y,Good|Neutral|Neutral|Good,1,0,1,0.0,100.0,0.0,2023-06-09_2023-06-18
0.0,4,CPI m/m|Core PPI m/m|FOMC|CPI y/y,Bad|Good|Neutral|Neutral,1,0,1,0.0,100.0,0.0,2023-12-06_2023-12-15
0.0,4,CPI m/m|Core PPI m/m|FOMC|CPI y/y,Neutral|Bad|Good|Neutral,1,1,0,100.0,0.0,inf,2024-09-11_2024-09-20
0.0,4,CPI m/m|Core PPI m/m|FOMC|CPI y/y,Neutral|Neutral|Neutral|Neutral,1,1,0,100.0,0.0,inf,2024-12-10_2024-12-19
0.1,4,CPI m/m|Core PPI m/m|FOMC|CPI y/y,Neutral|Neutral|Neutral|Neutral,2,1,1,50.0,50.0,1.0,2023-06-09_2023-06-18|2024-12-10_2024-12-19
0.1,4,CPI m/m|Core PPI m/m|FOMC|CPI y/y,Neutral|Good|Neutral|Neutral,1,0,1,0.0,100.0,0.0,2023-12-06_2023-12-15
0.1,4,CPI m/m|Core PPI m/m|FOMC|CPI y/y,Neutral|Neutral|Good|Neutral,1,1,0,100.0,0.0,inf,2024-09-11_2024-09-20
0.2,4,CPI m/m|Core PPI m/m|FOMC|CPI y/y,Neutral|Neutral|Neutral|Neutral,3,1,2,33.3,66.7,0.5,2023-06-09_2023-06-18|2023-12-06_2023-12-15|2024-12-10_2024-12-19
0.2,4,CPI m/m|Core PPI m/m|FOMC|CPI y/y,Neutral|Neutral|Good|Neutral,1,1,0,100.0,0.0,inf,2024-09-11_2024-09-20
0.3,4,CPI m/m|Core PPI m/m|FOMC|CPI y/y,Neutral|Neutral|Neutral|Neutral,4,2,2,50.0,50.0,1.0,2023-06-09_2023-06-18|2023-12-06_2023-12-15|2024-09-11_2024-09-20|2024-12-10_2024-12-19
0.0,4,Core CPI m/m|PPI m/m|Core PPI m/m|FOMC,Neutral|Good|Neutral|Neutral,1,0,1,0.0,100.0,0.0,2023-06-09_2023-06-18
0.0,4,Core CPI m/m|PPI m/m|Core PPI m/m|FOMC,Neutral|Neutral|Good|Neutral,1,0,1,0.0,100.0,0.0,2023-12-06_2023-12-15
0.0,4,Core CPI m/m|PPI m/m|Core PPI m/m|FOMC,Bad|Bad|Bad|Good,1,1,0,100.0,0.0,inf,2024-09-11_2024-09-20
0.0,4,Core CPI m/m|PPI m/m|Core PPI m/m|FOMC,Neutral|Bad|Neutral|Neutral,1,1,0,100.0,0.0,inf,2024-12-10_2024-12-19
0.1,4,Core CPI m/m|PPI m/m|Core PPI m/m|FOMC,Neutral|Good|Neutral|Neutral,1,0,1,0.0,100.0,0.0,2023-06-09_2023-06-18
0.1,4,Core CPI m/m|PPI m/m|Core PPI m/m|FOMC,Neutral|Neutral|Good|Neutral,1,0,1,0.0,100.0,0.0,2023-12-06_2023-12-15
0.1,4,Core CPI m/m|PPI m/m|Core PPI m/m|FOMC,Neutral|Neutral|Neutral|Good,1,1,0,100.0,0.0,inf,2024-09-11_2024-09-20
0.1,4,Core CPI m/m|PPI m/m|Core PPI m/m|FOMC,Neutral|Bad|Neutral|Neutral,1,1,0,100.0,0.0,inf,2024-12-10_2024-12-19
0.2,4,Core CPI m/m|PPI m/m|Core PPI m/m|FOMC,Neutral|Neutral|Neutral|Neutral,3,1,2,33.3,66.7,0.5,2023-06-09_2023-06-18|2023-12-06_2023-12-15|2024-12-10_2024-12-19
0.2,4,Core CPI m/m|PPI m/m|Core PPI m/m|FOMC,Neutral|Neutral|Neutral|Good,1,1,0,100.0,0.0,inf,2024-09-11_2024-09-20
0.3,4,Core CPI m/m|PPI m/m|Core PPI m/m|FOMC,Neutral|Neutral|Neutral|Neutral,4,2,2,50.0,50.0,1.0,2023-06-09_2023-06-18|2023-12-06_2023-12-15|2024-09-11_2024-09-20|2024-12-10_2024-12-19
0.0,4,Core CPI m/m|PPI m/m|Core PPI m/m|CPI y/y,Bad|Bad|Bad|Neutral,2,2,0,100.0,0.0,inf,2018-06-05_2018-06-14|2024-09-11_2024-09-20
0.0,4,Core CPI m/m|PPI m/m|Core PPI m/m|CPI y/y,Neutral|Good|Good|Neutral,4,1,3,25.0,75.0,0.33,2018-08-04_2018-08-13|2022-03-06_2022-03-15|2025-09-06_2025-09-15|2019-01-11_2019-01-20
0.0,4,Core CPI m/m|PPI m/m|Core PPI m/m|CPI y/y,Good|Neutral|Neutral|Good,2,1,1,50.0,50.0,1.0,2018-10-03_2018-10-12|2019-06-10_2019-06-19
0.0,4,Core CPI m/m|PPI m/m|Core PPI m/m|CPI y/y,Neutral|Good|Bad|Bad,1,0,1,0.0,100.0,0.0,2019-02-10_2019-02-19
0.0,4,Core CPI m/m|PPI m/m|Core PPI m/m|CPI y/y,Good|Good|Good|Good,10,5,5,50.0,50.0,1.0,2019-03-12_2019-03-21|2019-10-08_2019-10-17|2020-05-05_2020-05-14|2022-08-03_2022-08-12|2023-07-09_2023-07-18|2023-11-06_2023-11-15|2025-03-10_2025-03-19|2025-04-09_2025-04-18|2025-06-08_2025-06-17|2025-05-09_2025-05-18
0.0,4,Core CPI m/m|PPI m/m|Core PPI m/m|CPI y/y,Bad|Bad|Bad|Good,1,0,1,0.0,100.0,0.0,2019-09-08_2019-09-17
0.0,4,Core CPI m/m|PPI m/m|Core PPI m/m|CPI y/y,Neutral|Bad|Bad|Bad,3,3,0,100.0,0.0,inf,2019-11-07_2019-11-16|2023-02-09_2023-02-18|2023-10-07_2023-10-16
0.0,4,Core CPI m/m|PPI m/m|Core PPI m/m|CPI y/y,Neutral|Good|Good|Bad,3,1,2,33.3,66.7,0.5,2019-12-07_2019-12-16|2021-10-07_2021-10-16|2024-01-05_2024-01-14
0.0,4,Core CPI m/m|PPI m/m|Core PPI m/m|CPI y/y,Good|Bad|Neutral|Good,1,0,1,0.0,100.0,0.0,2020-06-04_2020-06-13
0.0,4,Core CPI m/m|PPI m/m|Core PPI m/m|CPI y/y,Bad|Bad|Bad|Bad,5,4,1,80.0,20.0,4.0,2020-08-03_2020-08-12|2020-09-02_2020-09-11|2021-06-09_2021-06-18|2021-07-09_2021-07-18|2024-03-05_2024-03-14
0.0,4,Core CPI m/m|PPI m/m|Core PPI m/m|CPI y/y,Neutral|Bad|Bad|Neutral,4,3,1,75.0,25.0,3.0,2020-10-12_2020-10-21|2021-12-06_2021-12-15|2024-05-14_2024-05-23|2018-07-05_2018-07-14
0.0,4,Core CPI m/m|PPI m/m|Core PPI m/m|CPI y/y,Good|Bad|Good|Good,1,1,0,100.0,0.0,inf,2020-11-11_2020-11-20
0.0,4,Core CPI m/m|PPI m/m|Core PPI m/m|CPI y/y,Good|Bad|Bad|Neutral,2,2,0,100.0,0.0,inf,2021-02-09_2021-02-18|2021-09-07_2021-09-16
0.0,4,Core CPI m/m|PPI m/m|Core PPI m/m|CPI y/y,Bad|Good|Neutral|Neutral,1,1,0,100.0,0.0,inf,2022-01-05_2022-01-14
0.0,4,Core CPI m/m|PPI m/m|Core PPI m/m|CPI y/y,Good|Bad|Bad|Bad,2,1,1,50.0,50.0,1.0,2022-04-05_2022-04-14|2021-08-08_2021-08-17
0.0,4,Core CPI m/m|PPI m/m|Core PPI m/m|CPI y/y,Bad|Bad|Neutral|Bad,3,2,1,66.7,33.3,2.0,2022-10-12_2022-10-21|2023-09-07_2023-09-16|2025-02-08_2025-02-17
0.0,4,Core CPI m/m|PPI m/m|Core PPI m/m|CPI y/y,Bad|Good|Good|Neutral,1,0,1,0.0,100.0,0.0,2023-03-11_2023-03-20
0.0,4,Core CPI m/m|PPI m/m|Core PPI m/m|CPI y/y,Neutral|Good|Good|Good,2,1,1,50.0,50.0,1.0,2023-04-10_2023-04-19|2024-08-12_2024-08-21
0.0,4,Core CPI m/m|PPI m/m|Core PPI m/m|CPI y/y,Bad|Good|Neutral|Good,1,1,0,100.0,0.0,inf,2023-05-10_2023-05-19
0.0,4,Core CPI m/m|PPI m/m|Core PPI m/m|CPI y/y,Neutral|Good|Neutral|Good,1,0,1,0.0,100.0,0.0,2023-06-09_2023-06-18
0.0,4,Core CPI m/m|PPI m/m|Core PPI m/m|CPI y/y,Neutral|Bad|Bad|Good,2,1,1,50.0,50.0,1.0,2023-08-08_2023-08-17|2025-08-07_2025-08-16
0.0,4,Core CPI m/m|PPI m/m|Core PPI m/m|CPI y/y,Neutral|Neutral|Good|Neutral,1,0,1,0.0,100.0,0.0,2023-12-06_2023-12-15
0.0,4,Core CPI m/m|PPI m/m|Core PPI m/m|CPI y/y,Good|Bad|Bad|Good,2,0,2,0.0,100.0,0.0,2024-07-03_2024-07-12|2020-04-05_2020-04-14
0.0,4,Core CPI m/m|PPI m/m|Core PPI m/m|CPI y/y,Neutral|Bad|Neutral|Neutral,1,1,0,100.0,0.0,inf,2024-12-10_2024-12-19
0.0,4,Core CPI m/m|PPI m/m|Core PPI m/m|CPI y/y,Good|Good|Good|Neutral,2,1,1,50.0,50.0,1.0,2025-01-09_2025-01-18|2020-01-06_2020-01-15
0.0,4,Core CPI m/m|PPI m/m|Core PPI m/m|CPI y/y,Good|Good|Good|Bad,1,1,0,100.0,0.0,inf,2025-07-08_2025-07-17
0.0,4,Core CPI m/m|PPI m/m|Core PPI m/m|CPI y/y,Neutral|Good|Neutral|Neutral,2,1,1,50.0,50.0,1.0,2021-01-10_2021-01-19|2023-01-10_2023-01-19
0.0,4,Core CPI m/m|PPI m/m|Core PPI m/m|CPI y/y,Bad|Neutral|Good|Bad,3,2,1,66.7,33.3,2.0,2021-11-06_2021-11-15|2022-05-05_2022-05-14|2019-08-09_2019-08-18
0.0,4,Core CPI m/m|PPI m/m|Core PPI m/m|CPI y/y,Bad|Good|Neutral|Bad,1,1,0,100.0,0.0,inf,2024-04-04_2024-04-13
0.0,4,Core CPI m/m|PPI m/m|Core PPI m/m|CPI y/y,Neutral|Neutral|Neutral|Neutral,1,1,0,100.0,0.0,inf,2024-11-10_2024-11-19
0.0,4,Core CPI m/m|PPI m/m|Core PPI m/m|CPI y/y,Bad|Neutral|Bad|Bad,1,1,0,100.0,0.0,inf,2022-09-12_2022-09-21
0.0,4,Core CPI m/m|PPI m/m|Core PPI m/m|CPI y/y,Good|Good|Neutral|Neutral,1,1,0,100.0,0.0,inf,2018-05-06_2018-05-15
0.1,4,Core CPI m/m|PPI m/m|Core PPI m/m|CPI y/y,Neutral|Bad|Neutral|Neutral,2,2,0,100.0,0.0,inf,2018-06-05_2018-06-14|2024-12-10_2024-12-19
0.1,4,Core CPI m/m|PPI m/m|Core PPI m/m|CPI y/y,Neutral|Good|Neutral|Neutral,5,2,3,40.0,60.0,0.67,2018-08-04_2018-08-13|2022-01-05_2022-01-14|2023-06-09_2023-06-18|2021-01-10_2021-01-19|2023-01-10_2023-01-19
0.1,4,Core CPI m/m|PPI m/m|Core PPI m/m|CPI y/y,Neutral|Neutral|Neutral|Good,4,3,1,75.0,25.0,3.0,2018-10-03_2018-10-12|2019-03-12_2019-03-21|2019-09-08_2019-09-17|2023-07-09_2023-07-18
0.1,4,Core CPI m/m|PPI m/m|Core PPI m/m|CPI y/y,Neutral|Good|Neutral|Bad,1,0,1,0.0,100.0,0.0,2019-02-10_2019-02-19
0.1,4,Core CPI m/m|PPI m/m|Core PPI m/m|CPI y/y,Neutral|Neutral|Neutral|Neutral,7,4,3,57.1,42.9,1.33,2019-06-10_2019-06-19|2023-08-08_2023-08-17|2024-09-11_2024-09-20|2024-11-10_2024-11-19|2018-05-06_2018-05-15|2018-07-05_2018-07-14|2020-01-06_2020-01-15
0.1,4,Core CPI m/m|PPI m/m|Core PPI m/m|CPI y/y,Neutral|Good|Good|Good,3,1,2,33.3,66.7,0.5,2019-10-08_2019-10-17|2025-03-10_2025-03-19|2025-05-09_2025-05-18
0.1,4,Core CPI m/m|PPI m/m|Core PPI m/m|CPI y/y,Neutral|Bad|Neutral|Bad,3,2,1,66.7,33.3,2.0,2019-11-07_2019-11-16|2023-09-07_2023-09-16|2023-10-07_2023-10-16
0.1,4,Core CPI m/m|PPI m/m|Core PPI m/m|CPI y/y,Neutral|Good|Good|Bad,3,2,1,66.7,33.3,2.0,2019-12-07_2019-12-16|2024-01-05_2024-01-14|2025-07-08_2025-07-17
0.1,4,Core CPI m/m|PPI m/m|Core PPI m/m|CPI y/y,Good|Good|Good|Good,3,1,2,33.3,66.7,0.5,2020-05-05_2020-05-14|2022-08-03_2022-08-12|2025-04-09_2025-04-18
0.1,4,Core CPI m/m|PPI m/m|Core PPI m/m|CPI y/y,Neutral|Bad|Neutral|Good,1,0,1,0.0,100.0,0.0,2020-06-04_2020-06-13
0.1,4,Core CPI m/m|PPI m/m|Core PPI m/m|CPI y/y,Bad|Bad|Bad|Bad,3,2,1,66.7,33.3,2.0,2020-08-03_2020-08-12|2021-06-09_2021-06-18|2021-07-09_2021-07-18
0.1,4,Core CPI m/m|PPI m/m|Core PPI m/m|CPI y/y,Neutral|Bad|Bad|Neutral,4,3,1,75.0,25.0,3.0,2020-10-12_2020-10-21|2021-12-06_2021-12-15|2024-05-14_2024-05-23|2025-08-07_2025-08-16
0.1,4,Core CPI m/m|PPI m/m|Core PPI m/m|CPI y/y,Good|Neutral|Neutral|Good,1,1,0,100.0,0.0,inf,2020-11-11_2020-11-20
0.1,4,Core CPI m/m|PPI m/m|Core PPI m/m|CPI y/y,Good|Bad|Bad|Neutral,2,1,1,50.0,50.0,1.0,2021-02-09_2021-02-18|2022-04-05_2022-04-14
0.1,4,Core CPI m/m|PPI m/m|Core PPI m/m|CPI y/y,Neutral|Neutral|Good|Bad,2,1,1,50.0,50.0,1.0,2021-10-07_2021-10-16|2019-08-09_2019-08-18
0.1,4,Core CPI m/m|PPI m/m|Core PPI m/m|CPI y/y,Neutral|Good|Good|Neutral,6,3,3,50.0,50.0,1.0,2022-03-06_2022-03-15|2023-03-11_2023-03-20|2023-04-10_2023-04-19|2023-11-06_2023-11-15|2025-01-09_2025-01-18|2025-09-06_2025-09-15
0.1,4,Core CPI m/m|PPI m/m|Core PPI m/m|CPI y/y,Bad|Bad|Neutral|Neutral,1,1,0,100.0,0.0,inf,2022-10-12_2022-10-21
0.1,4,Core CPI m/m|PPI m/m|Core PPI m/m|CPI y/y,Neutral|Bad|Bad|Bad,1,1,0,100.0,0.0,inf,2023-02-09_2023-02-18
0.1,4,Core CPI m/m|PPI m/m|Core PPI m/m|CPI y/y,Bad|Neutral|Neutral|Neutral,1,1,0,100.0,0.0,inf,2023-05-10_2023-05-19
0.1,4,Core CPI m/m|PPI m/m|Core PPI m/m|CPI y/y,Neutral|Neutral|Good|Neutral,2,1,1,50.0,50.0,1.0,2023-12-06_2023-12-15|2019-01-11_2019-01-20
0.1,4,Core CPI m/m|PPI m/m|Core PPI m/m|CPI y/y,Neutral|Neutral|Bad|Good,1,0,1,0.0,100.0,0.0,2024-07-03_2024-07-12
0.1,4,Core CPI m/m|PPI m/m|Core PPI m/m|CPI y/y,Neutral|Neutral|Good|Good,1,0,1,0.0,100.0,0.0,2024-08-12_2024-08-21
0.1,4,Core CPI m/m|PPI m/m|Core PPI m/m|CPI y/y,Bad|Bad|Neutral|Bad,2,2,0,100.0,0.0,inf,2025-02-08_2025-02-17|2024-03-05_2024-03-14
0.1,4,Core CPI m/m|PPI m/m|Core PPI m/m|CPI y/y,Good|Neutral|Good|Good,1,0,1,0.0,100.0,0.0,2025-06-08_2025-06-17
0.1,4,Core CPI m/m|PPI m/m|Core PPI m/m|CPI y/y,Bad|Neutral|Bad|Bad,2,2,0,100.0,0.0,inf,2020-09-02_2020-09-11|2022-09-12_2022-09-21
0.1,4,Core CPI m/m|PPI m/m|Core PPI m/m|CPI y/y,Good|Bad|Bad|Bad,1,1,0,100.0,0.0,inf,2021-08-08_2021-08-17
0.1,4,Core CPI m/m|PPI m/m|Core PPI m/m|CPI y/y,Good|Neutral|Neutral|Neutral,1,1,0,100.0,0.0,inf,2021-09-07_2021-09-16
0.1,4,Core CPI m/m|PPI m/m|Core PPI m/m|CPI y/y,Bad|Neutral|Neutral|Bad,2,1,1,50.0,50.0,1.0,2021-11-06_2021-11-15|2024-04-04_2024-04-13
0.1,4,Core CPI m/m|PPI m/m|Core PPI m/m|CPI y/y,Bad|Neutral|Good|Bad,1,1,0,100.0,0.0,inf,2022-05-05_2022-05-14
0.1,4,Core CPI m/m|PPI m/m|Core PPI m/m|CPI y/y,Good|Neutral|Bad|Good,1,0,1,0.0,100.0,0.0,2020-04-05_2020-04-14
0.2,4,Core CPI m/m|PPI m/m|Core PPI m/m|CPI y/y,Neutral|Neutral|Neutral|Neutral,36,23,13,63.9,36.1,1.77,2018-06-05_2018-06-14|2018-08-04_2018-08-13|2018-10-03_2018-10-12|2019-02-10_2019-02-19|2019-03-12_2019-03-21|2019-06-10_2019-06-19|2019-09-08_2019-09-17|2019-11-07_2019-11-16|2020-10-12_2020-10-21|2020-11-11_2020-11-20|2022-01-05_2022-01-14|2022-10-12_2022-10-21|2023-05-10_2023-05-19|2023-06-09_2023-06-18|2023-07-09_2023-07-18|2023-08-08_2023-08-17|2023-10-07_2023-10-16|2023-12-06_2023-12-15|2024-01-05_2024-01-14|2024-07-03_2024-07-12|2024-08-12_2024-08-21|2024-09-11_2024-09-20|2024-12-10_2024-12-19|2025-01-09_2025-01-18|2025-02-08_2025-02-17|2025-06-08_2025-06-17|2025-07-08_2025-07-17|2020-09-02_2020-09-11|2021-01-10_2021-01-19|2021-09-07_2021-09-16|2024-04-04_2024-04-13|2024-11-10_2024-11-19|2018-05-06_2018-05-15|2018-07-05_2018-07-14|2020-01-06_2020-01-15|2020-04-05_2020-04-14
0.2,4,Core CPI m/m|PPI m/m|Core PPI m/m|CPI y/y,Neutral|Good|Good|Neutral,8,3,5,37.5,62.5,0.6,2019-10-08_2019-10-17|2023-03-11_2023-03-20|2023-04-10_2023-04-19|2023-11-06_2023-11-15|2025-03-10_2025-03-19|2025-04-09_2025-04-18|2025-09-06_2025-09-15|2025-05-09_2025-05-18
0.2,4,Core CPI m/m|PPI m/m|Core PPI m/m|CPI y/y,Neutral|Neutral|Good|Neutral,5,2,3,40.0,60.0,0.67,2019-12-07_2019-12-16|2021-10-07_2021-10-16|2022-03-06_2022-03-15|2019-01-11_2019-01-20|2019-08-09_2019-08-18
0.2,4,Core CPI m/m|PPI m/m|Core PPI m/m|CPI y/y,Neutral|Good|Neutral|Neutral,3,2,1,66.7,33.3,2.0,2020-05-05_2020-05-14|2022-08-03_2022-08-12|2023-01-10_2023-01-19
0.2,4,Core CPI m/m|PPI m/m|Core PPI m/m|CPI y/y,Neutral|Bad|Neutral|Neutral,3,1,2,33.3,66.7,0.5,2020-06-04_2020-06-13|2023-09-07_2023-09-16|2024-03-05_2024-03-14
0.2,4,Core CPI m/m|PPI m/m|Core PPI m/m|CPI y/y,Bad|Bad|Bad|Bad,2,1,1,50.0,50.0,1.0,2020-08-03_2020-08-12|2021-07-09_2021-07-18
0.2,4,Core CPI m/m|PPI m/m|Core PPI m/m|CPI y/y,Neutral|Bad|Bad|Neutral,5,4,1,80.0,20.0,4.0,2021-02-09_2021-02-18|2021-12-06_2021-12-15|2022-04-05_2022-04-14|2021-08-08_2021-08-17|2025-08-07_2025-08-16
0.2,4,Core CPI m/m|PPI m/m|Core PPI m/m|CPI y/y,Neutral|Bad|Neutral|Bad,2,2,0,100.0,0.0,inf,2023-02-09_2023-02-18|2021-06-09_2021-06-18
0.2,4,Core CPI m/m|PPI m/m|Core PPI m/m|CPI y/y,Neutral|Neutral|Bad|Neutral,1,0,1,0.0,100.0,0.0,2024-05-14_2024-05-23
0.2,4,Core CPI m/m|PPI m/m|Core PPI m/m|CPI y/y,Neutral|Neutral|Neutral|Bad,2,1,1,50.0,50.0,1.0,2021-11-06_2021-11-15|2022-05-05_2022-05-14
0.2,4,Core CPI m/m|PPI m/m|Core PPI m/m|CPI y/y,Bad|Neutral|Neutral|Bad,1,1,0,100.0,0.0,inf,2022-09-12_2022-09-21
0.3,4,Core CPI m/m|PPI m/m|Core PPI m/m|CPI y/y,Neutral|Neutral|Neutral|Neutral,44,27,17,61.4,38.6,1.59,2018-06-05_2018-06-14|2018-08-04_2018-08-13|2018-10-03_2018-10-12|2019-02-10_2019-02-19|2019-03-12_2019-03-21|2019-06-10_2019-06-19|2019-09-08_2019-09-17|2019-11-07_2019-11-16|2020-10-12_2020-10-21|2020-11-11_2020-11-20|2021-10-07_2021-10-16|2022-01-05_2022-01-14|2022-10-12_2022-10-21|2023-02-09_2023-02-18|2023-05-10_2023-05-19|2023-06-09_2023-06-18|2023-07-09_2023-07-18|2023-08-08_2023-08-17|2023-09-07_2023-09-16|2023-10-07_2023-10-16|2023-12-06_2023-12-15|2024-01-05_2024-01-14|2024-05-14_2024-05-23|2024-07-03_2024-07-12|2024-08-12_2024-08-21|2024-09-11_2024-09-20|2024-12-10_2024-12-19|2025-01-09_2025-01-18|2025-02-08_2025-02-17|2025-06-08_2025-06-17|2025-07-08_2025-07-17|2020-09-02_2020-09-11|2021-01-10_2021-01-19|2021-09-07_2021-09-16|2021-11-06_2021-11-15|2022-05-05_2022-05-14|2024-04-04_2024-04-13|2024-11-10_2024-11-19|2022-09-12_2022-09-21|2024-03-05_2024-03-14|2018-05-06_2018-05-15|2018-07-05_2018-07-14|2020-01-06_2020-01-15|2020-04-05_2020-04-14
0.3,4,Core CPI m/m|PPI m/m|Core PPI m/m|CPI y/y,Neutral|Good|Good|Neutral,6,1,5,16.7,83.3,0.2,2019-10-08_2019-10-17|2023-03-11_2023-03-20|2023-04-10_2023-04-19|2025-04-09_2025-04-18|2025-09-06_2025-09-15|2025-05-09_2025-05-18
0.3,4,Core CPI m/m|PPI m/m|Core PPI m/m|CPI y/y,Neutral|Neutral|Good|Neutral,5,3,2,60.0,40.0,1.5,2019-12-07_2019-12-16|2022-03-06_2022-03-15|2025-03-10_2025-03-19|2019-01-11_2019-01-20|2019-08-09_2019-08-18
0.3,4,Core CPI m/m|PPI m/m|Core PPI m/m|CPI y/y,Neutral|Good|Neutral|Neutral,4,3,1,75.0,25.0,3.0,2020-05-05_2020-05-14|2022-08-03_2022-08-12|2023-11-06_2023-11-15|2023-01-10_2023-01-19
0.3,4,Core CPI m/m|PPI m/m|Core PPI m/m|CPI y/y,Neutral|Bad|Neutral|Neutral,3,2,1,66.7,33.3,2.0,2020-06-04_2020-06-13|2021-12-06_2021-12-15|2021-06-09_2021-06-18
0.3,4,Core CPI m/m|PPI m/m|Core PPI m/m|CPI y/y,Bad|Neutral|Bad|Bad,1,0,1,0.0,100.0,0.0,2020-08-03_2020-08-12
0.3,4,Core CPI m/m|PPI m/m|Core PPI m/m|CPI y/y,Neutral|Bad|Bad|Neutral,3,3,0,100.0,0.0,inf,2021-02-09_2021-02-18|2021-08-08_2021-08-17|2025-08-07_2025-08-16
0.3,4,Core CPI m/m|PPI m/m|Core PPI m/m|CPI y/y,Neutral|Neutral|Bad|Neutral,1,0,1,0.0,100.0,0.0,2022-04-05_2022-04-14
0.3,4,Core CPI m/m|PPI m/m|Core PPI m/m|CPI y/y,Bad|Bad|Bad|Bad,1,1,0,100.0,0.0,inf,2021-07-09_2021-07-18
0.0,4,Core CPI m/m|PPI m/m|FOMC|CPI y/y,Neutral|Good|Neutral|Good,1,0,1,0.0,100.0,0.0,2023-06-09_2023-06-18
0.0,4,Core CPI m/m|PPI m/m|FOMC|CPI y/y,Neutral|Neutral|Neutral|Neutral,1,0,1,0.0,100.0,0.0,2023-12-06_2023-12-15
0.0,4,Core CPI m/m|PPI m/m|FOMC|CPI y/y,Bad|Bad|Good|Neutral,1,1,0,100.0,0.0,inf,2024-09-11_2024-09-20
0.0,4,Core CPI m/m|PPI m/m|FOMC|CPI y/y,Neutral|Bad|Neutral|Neutral,1,1,0,100.0,0.0,inf,2024-12-10_2024-12-19
0.1,4,Core CPI m/m|PPI m/m|FOMC|CPI y/y,Neutral|Good|Neutral|Neutral,1,0,1,0.0,100.0,0.0,2023-06-09_2023-06-18
0.1,4,Core CPI m/m|PPI m/m|FOMC|CPI y/y,Neutral|Neutral|Neutral|Neutral,1,0,1,0.0,100.0,0.0,2023-12-06_2023-12-15
0.1,4,Core CPI m/m|PPI m/m|FOMC|CPI y/y,Neutral|Neutral|Good|Neutral,1,1,0,100.0,0.0,inf,2024-09-11_2024-09-20
0.1,4,Core CPI m/m|PPI m/m|FOMC|CPI y/y,Neutral|Bad|Neutral|Neutral,1,1,0,100.0,0.0,inf,2024-12-10_2024-12-19
0.2,4,Core CPI m/m|PPI m/m|FOMC|CPI y/y,Neutral|Neutral|Neutral|Neutral,3,1,2,33.3,66.7,0.5,2023-06-09_2023-06-18|2023-12-06_2023-12-15|2024-12-10_2024-12-19
0.2,4,Core CPI m/m|PPI m/m|FOMC|CPI y/y,Neutral|Neutral|Good|Neutral,1,1,0,100.0,0.0,inf,2024-09-11_2024-09-20
0.3,4,Core CPI m/m|PPI m/m|FOMC|CPI y/y,Neutral|Neutral|Neutral|Neutral,4,2,2,50.0,50.0,1.0,2023-06-09_2023-06-18|2023-12-06_2023-12-15|2024-09-11_2024-09-20|2024-12-10_2024-12-19
0.0,4,Core CPI m/m|Core PPI m/m|FOMC|CPI y/y,Neutral|Neutral|Neutral|Good,1,0,1,0.0,100.0,0.0,2023-06-09_2023-06-18
0.0,4,Core CPI m/m|Core PPI m/m|FOMC|CPI y/y,Neutral|Good|Neutral|Neutral,1,0,1,0.0,100.0,0.0,2023-12-06_2023-12-15
0.0,4,Core CPI m/m|Core PPI m/m|FOMC|CPI y/y,Bad|Bad|Good|Neutral,1,1,0,100.0,0.0,inf,2024-09-11_2024-09-20
0.0,4,Core CPI m/m|Core PPI m/m|FOMC|CPI y/y,Neutral|Neutral|Neutral|Neutral,1,1,0,100.0,0.0,inf,2024-12-10_2024-12-19
0.1,4,Core CPI m/m|Core PPI m/m|FOMC|CPI y/y,Neutral|Neutral|Neutral|Neutral,2,1,1,50.0,50.0,1.0,2023-06-09_2023-06-18|2024-12-10_2024-12-19
0.1,4,Core CPI m/m|Core PPI m/m|FOMC|CPI y/y,Neutral|Good|Neutral|Neutral,1,0,1,0.0,100.0,0.0,2023-12-06_2023-12-15
0.1,4,Core CPI m/m|Core PPI m/m|FOMC|CPI y/y,Neutral|Neutral|Good|Neutral,1,1,0,100.0,0.0,inf,2024-09-11_2024-09-20
0.2,4,Core CPI m/m|Core PPI m/m|FOMC|CPI y/y,Neutral|Neutral|Neutral|Neutral,3,1,2,33.3,66.7,0.5,2023-06-09_2023-06-18|2023-12-06_2023-12-15|2024-12-10_2024-12-19
0.2,4,Core CPI m/m|Core PPI m/m|FOMC|CPI y/y,Neutral|Neutral|Good|Neutral,1,1,0,100.0,0.0,inf,2024-09-11_2024-09-20
0.3,4,Core CPI m/m|Core PPI m/m|FOMC|CPI y/y,Neutral|Neutral|Neutral|Neutral,4,2,2,50.0,50.0,1.0,2023-06-09_2023-06-18|2023-12-06_2023-12-15|2024-09-11_2024-09-20|2024-12-10_2024-12-19
0.0,4,PPI m/m|Core PPI m/m|FOMC|CPI y/y,Good|Neutral|Neutral|Good,1,0,1,0.0,100.0,0.0,2023-06-09_2023-06-18
0.0,4,PPI m/m|Core PPI m/m|FOMC|CPI y/y,Neutral|Good|Neutral|Neutral,1,0,1,0.0,100.0,0.0,2023-12-06_2023-12-15
0.0,4,PPI m/m|Core PPI m/m|FOMC|CPI y/y,Bad|Bad|Good|Neutral,1,1,0,100.0,0.0,inf,2024-09-11_2024-09-20
0.0,4,PPI m/m|Core PPI m/m|FOMC|CPI y/y,Bad|Neutral|Neutral|Neutral,1,1,0,100.0,0.0,inf,2024-12-10_2024-12-19
0.1,4,PPI m/m|Core PPI m/m|FOMC|CPI y/y,Good|Neutral|Neutral|Neutral,1,0,1,0.0,100.0,0.0,2023-06-09_2023-06-18
0.1,4,PPI m/m|Core PPI m/m|FOMC|CPI y/y,Neutral|Good|Neutral|Neutral,1,0,1,0.0,100.0,0.0,2023-12-06_2023-12-15
0.1,4,PPI m/m|Core PPI m/m|FOMC|CPI y/y,Neutral|Neutral|Good|Neutral,1,1,0,100.0,0.0,inf,2024-09-11_2024-09-20
0.1,4,PPI m/m|Core PPI m/m|FOMC|CPI y/y,Bad|Neutral|Neutral|Neutral,1,1,0,100.0,0.0,inf,2024-12-10_2024-12-19
0.2,4,PPI m/m|Core PPI m/m|FOMC|CPI y/y,Neutral|Neutral|Neutral|Neutral,3,1,2,33.3,66.7,0.5,2023-06-09_2023-06-18|2023-12-06_2023-12-15|2024-12-10_2024-12-19
0.2,4,PPI m/m|Core PPI m/m|FOMC|CPI y/y,Neutral|Neutral|Good|Neutral,1,1,0,100.0,0.0,inf,2024-09-11_2024-09-20
0.3,4,PPI m/m|Core PPI m/m|FOMC|CPI y/y,Neutral|Neutral|Neutral|Neutral,4,2,2,50.0,50.0,1.0,2023-06-09_2023-06-18|2023-12-06_2023-12-15|2024-09-11_2024-09-20|2024-12-10_2024-12-19
0.0,5,CPI m/m|Core CPI m/m|PPI m/m|Core PPI m/m|FOMC,Good|Neutral|Good|Neutral|Neutral,1,0,1,0.0,100.0,0.0,2023-06-09_2023-06-18
0.0,5,CPI m/m|Core CPI m/m|PPI m/m|Core PPI m/m|FOMC,Bad|Neutral|Neutral|Good|Neutral,1,0,1,0.0,100.0,0.0,2023-12-06_2023-12-15
0.0,5,CPI m/m|Core CPI m/m|PPI m/m|Core PPI m/m|FOMC,Neutral|Bad|Bad|Bad|Good,1,1,0,100.0,0.0,inf,2024-09-11_2024-09-20
0.0,5,CPI m/m|Core CPI m/m|PPI m/m|Core PPI m/m|FOMC,Neutral|Neutral|Bad|Neutral|Neutral,1,1,0,100.0,0.0,inf,2024-12-10_2024-12-19
0.1,5,CPI m/m|Core CPI m/m|PPI m/m|Core PPI m/m|FOMC,Neutral|Neutral|Good|Neutral|Neutral,1,0,1,0.0,100.0,0.0,2023-06-09_2023-06-18
0.1,5,CPI m/m|Core CPI m/m|PPI m/m|Core PPI m/m|FOMC,Neutral|Neutral|Neutral|Good|Neutral,1,0,1,0.0,100.0,0.0,2023-12-06_2023-12-15
0.1,5,CPI m/m|Core CPI m/m|PPI m/m|Core PPI m/m|FOMC,Neutral|Neutral|Neutral|Neutral|Good,1,1,0,100.0,0.0,inf,2024-09-11_2024-09-20
0.1,5,CPI m/m|Core CPI m/m|PPI m/m|Core PPI m/m|FOMC,Neutral|Neutral|Bad|Neutral|Neutral,1,1,0,100.0,0.0,inf,2024-12-10_2024-12-19
0.2,5,CPI m/m|Core CPI m/m|PPI m/m|Core PPI m/m|FOMC,Neutral|Neutral|Neutral|Neutral|Neutral,3,1,2,33.3,66.7,0.5,2023-06-09_2023-06-18|2023-12-06_2023-12-15|2024-12-10_2024-12-19
0.2,5,CPI m/m|Core CPI m/m|PPI m/m|Core PPI m/m|FOMC,Neutral|Neutral|Neutral|Neutral|Good,1,1,0,100.0,0.0,inf,2024-09-11_2024-09-20
0.3,5,CPI m/m|Core CPI m/m|PPI m/m|Core PPI m/m|FOMC,Neutral|Neutral|Neutral|Neutral|Neutral,4,2,2,50.0,50.0,1.0,2023-06-09_2023-06-18|2023-12-06_2023-12-15|2024-09-11_2024-09-20|2024-12-10_2024-12-19
0.0,5,CPI m/m|Core CPI m/m|PPI m/m|Core PPI m/m|CPI y/y,Neutral|Bad|Bad|Bad|Neutral,2,2,0,100.0,0.0,inf,2018-06-05_2018-06-14|2024-09-11_2024-09-20
0.0,5,CPI m/m|Core CPI m/m|PPI m/m|Core PPI m/m|CPI y/y,Neutral|Neutral|Good|Good|Neutral,3,1,2,33.3,66.7,0.5,2018-08-04_2018-08-13|2022-03-06_2022-03-15|2019-01-11_2019-01-20
0.0,5,CPI m/m|Core CPI m/m|PPI m/m|Core PPI m/m|CPI y/y,Good|Good|Neutral|Neutral|Good,1,1,0,100.0,0.0,inf,2018-10-03_2018-10-12
0.0,5,CPI m/m|Core CPI m/m|PPI m/m|Core PPI m/m|CPI y/y,Good|Neutral|Good|Bad|Bad,1,0,1,0.0,100.0,0.0,2019-02-10_2019-02-19
0.0,5,CPI m/m|Core CPI m/m|PPI m/m|Core PPI m/m|CPI y/y,Neutral|Good|Good|Good|Good,1,1,0,100.0,0.0,inf,2019-03-12_2019-03-21
0.0,5,CPI m/m|Core CPI m/m|PPI m/m|Core PPI m/m|CPI y/y,Neutral|Good|Neutral|Neutral|Good,1,0,1,0.0,100.0,0.0,2019-06-10_2019-06-19
0.0,5,CPI m/m|Core CPI m/m|PPI m/m|Core PPI m/m|CPI y/y,Neutral|Bad|Bad|Bad|Good,1,0,1,0.0,100.0,0.0,2019-09-08_2019-09-17
0.0,5,CPI m/m|Core CPI m/m|PPI m/m|Core PPI m/m|CPI y/y,Good|Good|Good|Good|Good,9,4,5,44.4,55.6,0.8,2019-10-08_2019-10-17|2020-05-05_2020-05-14|2022-08-03_2022-08-12|2023-07-09_2023-07-18|2023-11-06_2023-11-15|2025-03-10_2025-03-19|2025-04-09_2025-04-18|2025-06-08_2025-06-17|2025-05-09_2025-05-18
0.0,5,CPI m/m|Core CPI m/m|PPI m/m|Core PPI m/m|CPI y/y,Bad|Neutral|Bad|Bad|Bad,2,2,0,100.0,0.0,inf,2019-11-07_2019-11-16|2023-10-07_2023-10-16
0.0,5,CPI m/m|Core CPI m/m|PPI m/m|Core PPI m/m|CPI y/y,Bad|Neutral|Good|Good|Bad,3,1,2,33.3,66.7,0.5,2019-12-07_2019-12-16|2021-10-07_2021-10-16|2024-01-05_2024-01-14
0.0,5,CPI m/m|Core CPI m/m|PPI m/m|Core PPI m/m|CPI y/y,Good|Good|Bad|Neutral|Good,1,0,1,0.0,100.0,0.0,2020-06-04_2020-06-13
0.0,5,CPI m/m|Core CPI m/m|PPI m/m|Core PPI m/m|CPI y/y,Bad|Bad|Bad|Bad|Bad,4,3,1,75.0,25.0,3.0,2020-08-03_2020-08-12|2020-09-02_2020-09-11|2021-06-09_2021-06-18|2021-07-09_2021-07-18
0.0,5,CPI m/m|Core CPI m/m|PPI m/m|Core PPI m/m|CPI y/y,Neutral|Neutral|Bad|Bad|Neutral,1,1,0,100.0,0.0,inf,2020-10-12_2020-10-21
0.0,5,CPI m/m|Core CPI m/m|PPI m/m|Core PPI m/m|CPI y/y,Good|Good|Bad|Good|Good,1,1,0,100.0,0.0,inf,2020-11-11_2020-11-20
0.0,5,CPI m/m|Core CPI m/m|PPI m/m|Core PPI m/m|CPI y/y,Neutral|Good|Bad|Bad|Neutral,1,1,0,100.0,0.0,inf,2021-02-09_2021-02-18
0.0,5,CPI m/m|Core CPI m/m|PPI m/m|Core PPI m/m|CPI y/y,Bad|Neutral|Bad|Bad|Neutral,1,1,0,100.0,0.0,inf,2021-12-06_2021-12-15
0.0,5,CPI m/m|Core CPI m/m|PPI m/m|Core PPI m/m|CPI y/y,Bad|Bad|Good|Neutral|Neutral,1,1,0,100.0,0.0,inf,2022-01-05_2022-01-14
0.0,5,CPI m/m|Core CPI m/m|PPI m/m|Core PPI m/m|CPI y/y,Neutral|Good|Bad|Bad|Bad,2,1,1,50.0,50.0,1.0,2022-04-05_2022-04-14|2021-08-08_2021-08-17
0.0,5,CPI m/m|Core CPI m/m|PPI m/m|Core PPI m/m|CPI y/y,Bad|Bad|Bad|Neutral|Bad,2,2,0,100.0,0.0,inf,2022-10-12_2022-10-21|2025-02-08_2025-02-17
0.0,5,CPI m/m|Core CPI m/m|PPI m/m|Core PPI m/m|CPI y/y,Neutral|Neutral|Bad|Bad|Bad,1,1,0,100.0,0.0,inf,2023-02-09_2023-02-18
0.0,5,CPI m/m|Core CPI m/m|PPI m/m|Core PPI m/m|CPI y/y,Neutral|Bad|Good|Good|Neutral,1,0,1,0.0,100.0,0.0,2023-03-11_2023-03-20
0.0,5,CPI m/m|Core CPI m/m|PPI m/m|Core PPI m/m|CPI y/y,Good|Neutral|Good|Good|Good,1,1,0,100.0,0.0,inf,2023-04-10_2023-04-19
0.0,5,CPI m/m|Core CPI m/m|PPI m/m|Core PPI m/m|CPI y/y,Neutral|Bad|Good|Neutral|Good,1,1,0,100.0,0.0,inf,2023-05-10_2023-05-19
0.0,5,CPI m/m|Core CPI m/m|PPI m/m|Core PPI m/m|CPI y/y,Good|Neutral|Good|Neutral|Good,1,0,1,0.0,100.0,0.0,2023-06-09_2023-06-18
0.0,5,CPI m/m|Core CPI m/m|PPI m/m|Core PPI m/m|CPI y/y,Neutral|Neutral|Bad|Bad|Good,2,1,1,50.0,50.0,1.0,2023-08-08_2023-08-17|2025-08-07_2025-08-16
0.0,5,CPI m/m|Core CPI m/m|PPI m/m|Core PPI m/m|CPI y/y,Neutral|Bad|Bad|Neutral|Bad,1,0,1,0.0,100.0,0.0,2023-09-07_2023-09-16
0.0,5,CPI m/m|Core CPI m/m|PPI m/m|Core PPI m/m|CPI y/y,Bad|Neutral|Neutral|Good|Neutral,1,0,1,0.0,100.0,0.0,2023-12-06_2023-12-15
0.0,5,CPI m/m|Core CPI m/m|PPI m/m|Core PPI m/m|CPI y/y,Good|Neutral|Bad|Bad|Neutral,2,1,1,50.0,50.0,1.0,2024-05-14_2024-05-23|2018-07-05_2018-07-14
0.0,5,CPI m/m|Core CPI m/m|PPI m/m|Core PPI m/m|CPI y/y,Good|Good|Bad|Bad|Good,2,0,2,0.0,100.0,0.0,2024-07-03_2024-07-12|2020-04-05_2020-04-14
0.0,5,CPI m/m|Core CPI m/m|PPI m/m|Core PPI m/m|CPI y/y,Neutral|Neutral|Good|Good|Good,1,0,1,0.0,100.0,0.0,2024-08-12_2024-08-21
0.0,5,CPI m/m|Core CPI m/m|PPI m/m|Core PPI m/m|CPI y/y,Neutral|Neutral|Bad|Neutral|Neutral,1,1,0,100.0,0.0,inf,2024-12-10_2024-12-19
0.0,5,CPI m/m|Core CPI m/m|PPI m/m|Core PPI m/m|CPI y/y,Neutral|Good|Good|Good|Neutral,2,1,1,50.0,50.0,1.0,2025-01-09_2025-01-18|2020-01-06_2020-01-15
0.0,5,CPI m/m|Core CPI m/m|PPI m/m|Core PPI m/m|CPI y/y,Neutral|Good|Good|Good|Bad,1,1,0,100.0,0.0,inf,2025-07-08_2025-07-17
0.0,5,CPI m/m|Core CPI m/m|PPI m/m|Core PPI m/m|CPI y/y,Bad|Neutral|Good|Good|Neutral,1,0,1,0.0,100.0,0.0,2025-09-06_2025-09-15
0.0,5,CPI m/m|Core CPI m/m|PPI m/m|Core PPI m/m|CPI y/y,Neutral|Neutral|Good|Neutral|Neutral,2,1,1,50.0,50.0,1.0,2021-01-10_2021-01-19|2023-01-10_2023-01-19
0.0,5,CPI m/m|Core CPI m/m|PPI m/m|Core PPI m/m|CPI y/y,Good|Good|Bad|Bad|Neutral,1,1,0,100.0,0.0,inf,2021-09-07_2021-09-16
0.0,5,CPI m/m|Core CPI m/m|PPI m/m|Core PPI m/m|CPI y/y,Bad|Bad|Neutral|Good|Bad,2,1,1,50.0,50.0,1.0,2021-11-06_2021-11-15|2022-05-05_2022-05-14
0.0,5,CPI m/m|Core CPI m/m|PPI m/m|Core PPI m/m|CPI y/y,Bad|Bad|Good|Neutral|Bad,1,1,0,100.0,0.0,inf,2024-04-04_2024-04-13
0.0,5,CPI m/m|Core CPI m/m|PPI m/m|Core PPI m/m|CPI y/y,Neutral|Neutral|Neutral|Neutral|Neutral,1,1,0,100.0,0.0,inf,2024-11-10_2024-11-19
0.0,5,CPI m/m|Core CPI m/m|PPI m/m|Core PPI m/m|CPI y/y,Bad|Bad|Neutral|Bad|Bad,1,1,0,100.0,0.0,inf,2022-09-12_2022-09-21
0.0,5,CPI m/m|Core CPI m/m|PPI m/m|Core PPI m/m|CPI y/y,Neutral|Bad|Bad|Bad|Bad,1,1,0,100.0,0.0,inf,2024-03-05_2024-03-14
0.0,5,CPI m/m|Core CPI m/m|PPI m/m|Core PPI m/m|CPI y/y,Good|Good|Good|Neutral|Neutral,1,1,0,100.0,0.0,inf,2018-05-06_2018-05-15
0.0,5,CPI m/m|Core CPI m/m|PPI m/m|Core PPI m/m|CPI y/y,Neutral|Bad|Neutral|Good|Bad,1,1,0,100.0,0.0,inf,2019-08-09_2019-08-18
0.1,5,CPI m/m|Core CPI m/m|PPI m/m|Core PPI m/m|CPI y/y,Neutral|Neutral|Bad|Neutral|Neutral,2,2,0,100.0,0.0,inf,2018-06-05_2018-06-14|2024-12-10_2024-12-19
0.1,5,CPI m/m|Core CPI m/m|PPI m/m|Core PPI m/m|CPI y/y,Neutral|Neutral|Good|Neutral|Neutral,5,2,3,40.0,60.0,0.67,2018-08-04_2018-08-13|2022-01-05_2022-01-14|2023-06-09_2023-06-18|2021-01-10_2021-01-19|2023-01-10_2023-01-19
0.1,5,CPI m/m|Core CPI m/m|PPI m/m|Core PPI m/m|CPI y/y,Neutral|Neutral|Neutral|Neutral|Good,4,3,1,75.0,25.0,3.0,2018-10-03_2018-10-12|2019-03-12_2019-03-21|2019-09-08_2019-09-17|2023-07-09_2023-07-18
0.1,5,CPI m/m|Core CPI m/m|PPI m/m|Core PPI m/m|CPI y/y,Neutral|Neutral|Good|Neutral|Bad,1,0,1,0.0,100.0,0.0,2019-02-10_2019-02-19
0.1,5,CPI m/m|Core CPI m/m|PPI m/m|Core PPI m/m|CPI y/y,Neutral|Neutral|Neutral|Neutral|Neutral,7,4,3,57.1,42.9,1.33,2019-06-10_2019-06-19|2023-08-08_2023-08-17|2024-09-11_2024-09-20|2024-11-10_2024-11-19|2018-05-06_2018-05-15|2018-07-05_2018-07-14|2020-01-06_2020-01-15
0.1,5,CPI m/m|Core CPI m/m|PPI m/m|Core PPI m/m|CPI y/y,Neutral|Neutral|Good|Good|Good,3,1,2,33.3,66.7,0.5,2019-10-08_2019-10-17|2025-03-10_2025-03-19|2025-05-09_2025-05-18
0.1,5,CPI m/m|Core CPI m/m|PPI m/m|Core PPI m/m|CPI y/y,Bad|Neutral|Bad|Neutral|Bad,2,2,0,100.0,0.0,inf,2019-11-07_2019-11-16|2023-10-07_2023-10-16
0.1,5,CPI m/m|Core CPI m/m|PPI m/m|Core PPI m/m|CPI y/y,Neutral|Neutral|Good|Good|Bad,3,2,1,66.7,33.3,2.0,2019-12-07_2019-12-16|2024-01-05_2024-01-14|2025-07-08_2025-07-17
0.1,5,CPI m/m|Core CPI m/m|PPI m/m|Core PPI m/m|CPI y/y,Good|Good|Good|Good|Good,3,1,2,33.3,66.7,0.5,2020-05-05_2020-05-14|2022-08-03_2022-08-12|2025-04-09_2025-04-18
0.1,5,CPI m/m|Core CPI m/m|PPI m/m|Core PPI m/m|CPI y/y,Neutral|Neutral|Bad|Neutral|Good,1,0,1,0.0,100.0,0.0,2020-06-04_2020-06-13
0.1,5,CPI m/m|Core CPI m/m|PPI m/m|Core PPI m/m|CPI y/y,Bad|Bad|Bad|Bad|Bad,3,2,1,66.7,33.3,2.0,2020-08-03_2020-08-12|2021-06-09_2021-06-18|2021-07-09_2021-07-18
0.1,5,CPI m/m|Core CPI m/m|PPI m/m|Core PPI m/m|CPI y/y,Neutral|Neutral|Bad|Bad|Neutral,2,2,0,100.0,0.0,inf,2020-10-12_2020-10-21|2025-08-07_2025-08-16
0.1,5,CPI m/m|Core CPI m/m|PPI m/m|Core PPI m/m|CPI y/y,Neutral|Good|Neutral|Neutral|Good,1,1,0,100.0,0.0,inf,2020-11-11_2020-11-20
0.1,5,CPI m/m|Core CPI m/m|PPI m/m|Core PPI m/m|CPI y/y,Neutral|Good|Bad|Bad|Neutral,2,1,1,50.0,50.0,1.0,2021-02-09_2021-02-18|2022-04-05_2022-04-14
0.1,5,CPI m/m|Core CPI m/m|PPI m/m|Core PPI m/m|CPI y/y,Bad|Neutral|Neutral|Good|Bad,1,0,1,0.0,100.0,0.0,2021-10-07_2021-10-16
0.1,5,CPI m/m|Core CPI m/m|PPI m/m|Core PPI m/m|CPI y/y,Bad|Neutral|Bad|Bad|Neutral,1,1,0,100.0,0.0,inf,2021-12-06_2021-12-15
0.1,5,CPI m/m|Core CPI m/m|PPI m/m|Core PPI m/m|CPI y/y,Neutral|Neutral|Good|Good|Neutral,5,3,2,60.0,40.0,1.5,2022-03-06_2022-03-15|2023-03-11_2023-03-20|2023-04-10_2023-04-19|2023-11-06_2023-11-15|2025-01-09_2025-01-18
0.1,5,CPI m/m|Core CPI m/m|PPI m/m|Core PPI m/m|CPI y/y,Bad|Bad|Bad|Neutral|Neutral,1,1,0,100.0,0.0,inf,2022-10-12_2022-10-21
0.1,5,CPI m/m|Core CPI m/m|PPI m/m|Core PPI m/m|CPI y/y,Neutral|Neutral|Bad|Bad|Bad,1,1,0,100.0,0.0,inf,2023-02-09_2023-02-18
0.1,5,CPI m/m|Core CPI m/m|PPI m/m|Core PPI m/m|CPI y/y,Neutral|Bad|Neutral|Neutral|Neutral,1,1,0,100.0,0.0,inf,2023-05-10_2023-05-19
0.1,5,CPI m/m|Core CPI m/m|PPI m/m|Core PPI m/m|CPI y/y,Neutral|Neutral|Bad|Neutral|Bad,1,0,1,0.0,100.0,0.0,2023-09-07_2023-09-16
0.1,5,CPI m/m|Core CPI m/m|PPI m/m|Core PPI m/m|CPI y/y,Neutral|Neutral|Neutral|Good|Neutral,2,1,1,50.0,50.0,1.0,2023-12-06_2023-12-15|2019-01-11_2019-01-20
0.1,5,CPI m/m|Core CPI m/m|PPI m/m|Core PPI m/m|CPI y/y,Good|Neutral|Bad|Bad|Neutral,1,0,1,0.0,100.0,0.0,2024-05-14_2024-05-23
0.1,5,CPI m/m|Core CPI m/m|PPI m/m|Core PPI m/m|CPI y/y,Good|Neutral|Neutral|Bad|Good,1,0,1,0.0,100.0,0.0,2024-07-03_2024-07-12
0.1,5,CPI m/m|Core CPI m/m|PPI m/m|Core PPI m/m|CPI y/y,Neutral|Neutral|Neutral|Good|Good,1,0,1,0.0,100.0,0.0,2024-08-12_2024-08-21
0.1,5,CPI m/m|Core CPI m/m|PPI m/m|Core PPI m/m|CPI y/y,Bad|Bad|Bad|Neutral|Bad,1,1,0,100.0,0.0,inf,2025-02-08_2025-02-17
0.1,5,CPI m/m|Core CPI m/m|PPI m/m|Core PPI m/m|CPI y/y,Neutral|Good|Neutral|Good|Good,1,0,1,0.0,100.0,0.0,2025-06-08_2025-06-17
0.1,5,CPI m/m|Core CPI m/m|PPI m/m|Core PPI m/m|CPI y/y,Bad|Neutral|Good|Good|Neutral,1,0,1,0.0,100.0,0.0,2025-09-06_2025-09-15
0.1,5,CPI m/m|Core CPI m/m|PPI m/m|Core PPI m/m|CPI y/y,Bad|Bad|Neutral|Bad|Bad,2,2,0,100.0,0.0,inf,2020-09-02_2020-09-11|2022-09-12_2022-09-21
0.1,5,CPI m/m|Core CPI m/m|PPI m/m|Core PPI m/m|CPI y/y,Neutral|Good|Bad|Bad|Bad,1,1,0,100.0,0.0,inf,2021-08-08_2021-08-17
0.1,5,CPI m/m|Core CPI m/m|PPI m/m|Core PPI m/m|CPI y/y,Good|Good|Neutral|Neutral|Neutral,1,1,0,100.0,0.0,inf,2021-09-07_2021-09-16
0.1,5,CPI m/m|Core CPI m/m|PPI m/m|Core PPI m/m|CPI y/y,Bad|Bad|Neutral|Neutral|Bad,2,1,1,50.0,50.0,1.0,2021-11-06_2021-11-15|2024-04-04_2024-04-13
0.1,5,CPI m/m|Core CPI m/m|PPI m/m|Core PPI m/m|CPI y/y,Neutral|Bad|Neutral|Good|Bad,1,1,0,100.0,0.0,inf,2022-05-05_2022-05-14
0.1,5,CPI m/m|Core CPI m/m|PPI m/m|Core PPI m/m|CPI y/y,Neutral|Bad|Bad|Neutral|Bad,1,1,0,100.0,0.0,inf,2024-03-05_2024-03-14
0.1,5,CPI m/m|Core CPI m/m|PPI m/m|Core PPI m/m|CPI y/y,Neutral|Neutral|Neutral|Good|Bad,1,1,0,100.0,0.0,inf,2019-08-09_2019-08-18
0.1,5,CPI m/m|Core CPI m/m|PPI m/m|Core PPI m/m|CPI y/y,Good|Good|Neutral|Bad|Good,1,0,1,0.0,100.0,0.0,2020-04-05_2020-04-14
0.2,5,CPI m/m|Core CPI m/m|PPI m/m|Core PPI m/m|CPI y/y,Neutral|Neutral|Neutral|Neutral|Neutral,36,23,13,63.9,36.1,1.77,2018-06-05_2018-06-14|2018-08-04_2018-08-13|2018-10-03_2018-10-12|2019-02-10_2019-02-19|2019-03-12_2019-03-21|2019-06-10_2019-06-19|2019-09-08_2019-09-17|2019-11-07_2019-11-16|2020-10-12_2020-10-21|2020-11-11_2020-11-20|2022-01-05_2022-01-14|2022-10-12_2022-10-21|2023-05-10_2023-05-19|2023-06-09_2023-06-18|2023-07-09_2023-07-18|2023-08-08_2023-08-17|2023-10-07_2023-10-16|2023-12-06_2023-12-15|2024-01-05_2024-01-14|2024-07-03_2024-07-12|2024-08-12_2024-08-21|2024-09-11_2024-09-20|2024-12-10_2024-12-19|2025-01-09_2025-01-18|2025-02-08_2025-02-17|2025-06-08_2025-06-17|2025-07-08_2025-07-17|2020-09-02_2020-09-11|2021-01-10_2021-01-19|2021-09-07_2021-09-16|2024-04-04_2024-04-13|2024-11-10_2024-11-19|2018-05-06_2018-05-15|2018-07-05_2018-07-14|2020-01-06_2020-01-15|2020-04-05_2020-04-14
0.2,5,CPI m/m|Core CPI m/m|PPI m/m|Core PPI m/m|CPI y/y,Neutral|Neutral|Good|Good|Neutral,8,3,5,37.5,62.5,0.6,2019-10-08_2019-10-17|2023-03-11_2023-03-20|2023-04-10_2023-04-19|2023-11-06_2023-11-15|2025-03-10_2025-03-19|2025-04-09_2025-04-18|2025-09-06_2025-09-15|2025-05-09_2025-05-18
0.2,5,CPI m/m|Core CPI m/m|PPI m/m|Core PPI m/m|CPI y/y,Neutral|Neutral|Neutral|Good|Neutral,5,2,3,40.0,60.0,0.67,2019-12-07_2019-12-16|2021-10-07_2021-10-16|2022-03-06_2022-03-15|2019-01-11_2019-01-20|2019-08-09_2019-08-18
0.2,5,CPI m/m|Core CPI m/m|PPI m/m|Core PPI m/m|CPI y/y,Neutral|Neutral|Good|Neutral|Neutral,3,2,1,66.7,33.3,2.0,2020-05-05_2020-05-14|2022-08-03_2022-08-12|2023-01-10_2023-01-19
0.2,5,CPI m/m|Core CPI m/m|PPI m/m|Core PPI m/m|CPI y/y,Neutral|Neutral|Bad|Neutral|Neutral,3,1,2,33.3,66.7,0.5,2020-06-04_2020-06-13|2023-09-07_2023-09-16|2024-03-05_2024-03-14
0.2,5,CPI m/m|Core CPI m/m|PPI m/m|Core PPI m/m|CPI y/y,Bad|Bad|Bad|Bad|Bad,2,1,1,50.0,50.0,1.0,2020-08-03_2020-08-12|2021-07-09_2021-07-18
0.2,5,CPI m/m|Core CPI m/m|PPI m/m|Core PPI m/m|CPI y/y,Neutral|Neutral|Bad|Bad|Neutral,5,4,1,80.0,20.0,4.0,2021-02-09_2021-02-18|2021-12-06_2021-12-15|2022-04-05_2022-04-14|2021-08-08_2021-08-17|2025-08-07_2025-08-16
0.2,5,CPI m/m|Core CPI m/m|PPI m/m|Core PPI m/m|CPI y/y,Neutral|Neutral|Bad|Neutral|Bad,2,2,0,100.0,0.0,inf,2023-02-09_2023-02-18|2021-06-09_2021-06-18
0.2,5,CPI m/m|Core CPI m/m|PPI m/m|Core PPI m/m|CPI y/y,Neutral|Neutral|Neutral|Bad|Neutral,1,0,1,0.0,100.0,0.0,2024-05-14_2024-05-23
0.2,5,CPI m/m|Core CPI m/m|PPI m/m|Core PPI m/m|CPI y/y,Bad|Neutral|Neutral|Neutral|Bad,1,0,1,0.0,100.0,0.0,2021-11-06_2021-11-15
0.2,5,CPI m/m|Core CPI m/m|PPI m/m|Core PPI m/m|CPI y/y,Neutral|Neutral|Neutral|Neutral|Bad,1,1,0,100.0,0.0,inf,2022-05-05_2022-05-14
0.2,5,CPI m/m|Core CPI m/m|PPI m/m|Core PPI m/m|CPI y/y,Neutral|Bad|Neutral|Neutral|Bad,1,1,0,100.0,0.0,inf,2022-09-12_2022-09-21
0.3,5,CPI m/m|Core CPI m/m|PPI m/m|Core PPI m/m|CPI y/y,Neutral|Neutral|Neutral|Neutral|Neutral,43,27,16,62.8,37.2,1.69,2018-06-05_2018-06-14|2018-08-04_2018-08-13|2018-10-03_2018-10-12|2019-02-10_2019-02-19|2019-03-12_2019-03-21|2019-06-10_2019-06-19|2019-09-08_2019-09-17|2019-11-07_2019-11-16|2020-10-12_2020-10-21|2020-11-11_2020-11-20|2021-10-07_2021-10-16|2022-01-05_2022-01-14|2022-10-12_2022-10-21|2023-02-09_2023-02-18|2023-05-10_2023-05-19|2023-06-09_2023-06-18|2023-07-09_2023-07-18|2023-08-08_2023-08-17|2023-09-07_2023-09-16|2023-10-07_2023-10-16|2023-12-06_2023-12-15|2024-01-05_2024-01-14|2024-05-14_2024-05-23|2024-07-03_2024-07-12|2024-08-12_2024-08-21|2024-09-11_2024-09-20|2024-12-10_2024-12-19|2025-01-09_2025-01-18|2025-02-08_2025-02-17|2025-06-08_2025-06-17|2025-07-08_2025-07-17|2020-09-02_2020-09-11|2021-01-10_2021-01-19|2021-09-07_2021-09-16|2022-05-05_2022-05-14|2024-04-04_2024-04-13|2024-11-10_2024-11-19|2022-09-12_2022-09-21|2024-03-05_2024-03-14|2018-05-06_2018-05-15|2018-07-05_2018-07-14|2020-01-06_2020-01-15|2020-04-05_2020-04-14
0.3,5,CPI m/m|Core CPI m/m|PPI m/m|Core PPI m/m|CPI y/y,Neutral|Neutral|Good|Good|Neutral,6,1,5,16.7,83.3,0.2,2019-10-08_2019-10-17|2023-03-11_2023-03-20|2023-04-10_2023-04-19|2025-04-09_2025-04-18|2025-09-06_2025-09-15|2025-05-09_2025-05-18
0.3,5,CPI m/m|Core CPI m/m|PPI m/m|Core PPI m/m|CPI y/y,Neutral|Neutral|Neutral|Good|Neutral,5,3,2,60.0,40.0,1.5,2019-12-07_2019-12-16|2022-03-06_2022-03-15|2025-03-10_2025-03-19|2019-01-11_2019-01-20|2019-08-09_2019-08-18
0.3,5,CPI m/m|Core CPI m/m|PPI m/m|Core PPI m/m|CPI y/y,Neutral|Neutral|Good|Neutral|Neutral,4,3,1,75.0,25.0,3.0,2020-05-05_2020-05-14|2022-08-03_2022-08-12|2023-11-06_2023-11-15|2023-01-10_2023-01-19
0.3,5,CPI m/m|Core CPI m/m|PPI m/m|Core PPI m/m|CPI y/y,Neutral|Neutral|Bad|Neutral|Neutral,3,2,1,66.7,33.3,2.0,2020-06-04_2020-06-13|2021-12-06_2021-12-15|2021-06-09_2021-06-18
0.3,5,CPI m/m|Core CPI m/m|PPI m/m|Core PPI m/m|CPI y/y,Neutral|Bad|Neutral|Bad|Bad,1,0,1,0.0,100.0,0.0,2020-08-03_2020-08-12
0.3,5,CPI m/m|Core CPI m/m|PPI m/m|Core PPI m/m|CPI y/y,Neutral|Neutral|Bad|Bad|Neutral,3,3,0,100.0,0.0,inf,2021-02-09_2021-02-18|2021-08-08_2021-08-17|2025-08-07_2025-08-16
0.3,5,CPI m/m|Core CPI m/m|PPI m/m|Core PPI m/m|CPI y/y,Neutral|Neutral|Neutral|Bad|Neutral,1,0,1,0.0,100.0,0.0,2022-04-05_2022-04-14
0.3,5,CPI m/m|Core CPI m/m|PPI m/m|Core PPI m/m|CPI y/y,Bad|Bad|Bad|Bad|Bad,1,1,0,100.0,0.0,inf,2021-07-09_2021-07-18
0.3,5,CPI m/m|Core CPI m/m|PPI m/m|Core PPI m/m|CPI y/y,Bad|Neutral|Neutral|Neutral|Neutral,1,0,1,0.0,100.0,0.0,2021-11-06_2021-11-15
0.0,5,CPI m/m|Core CPI m/m|PPI m/m|FOMC|CPI y/y,Good|Neutral|Good|Neutral|Good,1,0,1,0.0,100.0,0.0,2023-06-09_2023-06-18
0.0,5,CPI m/m|Core CPI m/m|PPI m/m|FOMC|CPI y/y,Bad|Neutral|Neutral|Neutral|Neutral,1,0,1,0.0,100.0,0.0,2023-12-06_2023-12-15
0.0,5,CPI m/m|Core CPI m/m|PPI m/m|FOMC|CPI y/y,Neutral|Bad|Bad|Good|Neutral,1,1,0,100.0,0.0,inf,2024-09-11_2024-09-20
0.0,5,CPI m/m|Core CPI m/m|PPI m/m|FOMC|CPI y/y,Neutral|Neutral|Bad|Neutral|Neutral,1,1,0,100.0,0.0,inf,2024-12-10_2024-12-19
0.1,5,CPI m/m|Core CPI m/m|PPI m/m|FOMC|CPI y/y,Neutral|Neutral|Good|Neutral|Neutral,1,0,1,0.0,100.0,0.0,2023-06-09_2023-06-18
0.1,5,CPI m/m|Core CPI m/m|PPI m/m|FOMC|CPI y/y,Neutral|Neutral|Neutral|Neutral|Neutral,1,0,1,0.0,100.0,0.0,2023-12-06_2023-12-15
0.1,5,CPI m/m|Core CPI m/m|PPI m/m|FOMC|CPI y/y,Neutral|Neutral|Neutral|Good|Neutral,1,1,0,100.0,0.0,inf,2024-09-11_2024-09-20
0.1,5,CPI m/m|Core CPI m/m|PPI m/m|FOMC|CPI y/y,Neutral|Neutral|Bad|Neutral|Neutral,1,1,0,100.0,0.0,inf,2024-12-10_2024-12-19
0.2,5,CPI m/m|Core CPI m/m|PPI m/m|FOMC|CPI y/y,Neutral|Neutral|Neutral|Neutral|Neutral,3,1,2,33.3,66.7,0.5,2023-06-09_2023-06-18|2023-12-06_2023-12-15|2024-12-10_2024-12-19
0.2,5,CPI m/m|Core CPI m/m|PPI m/m|FOMC|CPI y/y,Neutral|Neutral|Neutral|Good|Neutral,1,1,0,100.0,0.0,inf,2024-09-11_2024-09-20
0.3,5,CPI m/m|Core CPI m/m|PPI m/m|FOMC|CPI y/y,Neutral|Neutral|Neutral|Neutral|Neutral,4,2,2,50.0,50.0,1.0,2023-06-09_2023-06-18|2023-12-06_2023-12-15|2024-09-11_2024-09-20|2024-12-10_2024-12-19
0.0,5,CPI m/m|Core CPI m/m|Core PPI m/m|FOMC|CPI y/y,Good|Neutral|Neutral|Neutral|Good,1,0,1,0.0,100.0,0.0,2023-06-09_2023-06-18
0.0,5,CPI m/m|Core CPI m/m|Core PPI m/m|FOMC|CPI y/y,Bad|Neutral|Good|Neutral|Neutral,1,0,1,0.0,100.0,0.0,2023-12-06_2023-12-15
0.0,5,CPI m/m|Core CPI m/m|Core PPI m/m|FOMC|CPI y/y,Neutral|Bad|Bad|Good|Neutral,1,1,0,100.0,0.0,inf,2024-09-11_2024-09-20
0.0,5,CPI m/m|Core CPI m/m|Core PPI m/m|FOMC|CPI y/y,Neutral|Neutral|Neutral|Neutral|Neutral,1,1,0,100.0,0.0,inf,2024-12-10_2024-12-19
0.1,5,CPI m/m|Core CPI m/m|Core PPI m/m|FOMC|CPI y/y,Neutral|Neutral|Neutral|Neutral|Neutral,2,1,1,50.0,50.0,1.0,2023-06-09_2023-06-18|2024-12-10_2024-12-19
0.1,5,CPI m/m|Core CPI m/m|Core PPI m/m|FOMC|CPI y/y,Neutral|Neutral|Good|Neutral|Neutral,1,0,1,0.0,100.0,0.0,2023-12-06_2023-12-15
0.1,5,CPI m/m|Core CPI m/m|Core PPI m/m|FOMC|CPI y/y,Neutral|Neutral|Neutral|Good|Neutral,1,1,0,100.0,0.0,inf,2024-09-11_2024-09-20
0.2,5,CPI m/m|Core CPI m/m|Core PPI m/m|FOMC|CPI y/y,Neutral|Neutral|Neutral|Neutral|Neutral,3,1,2,33.3,66.7,0.5,2023-06-09_2023-06-18|2023-12-06_2023-12-15|2024-12-10_2024-12-19
0.2,5,CPI m/m|Core CPI m/m|Core PPI m/m|FOMC|CPI y/y,Neutral|Neutral|Neutral|Good|Neutral,1,1,0,100.0,0.0,inf,2024-09-11_2024-09-20
0.3,5,CPI m/m|Core CPI m/m|Core PPI m/m|FOMC|CPI y/y,Neutral|Neutral|Neutral|Neutral|Neutral,4,2,2,50.0,50.0,1.0,2023-06-09_2023-06-18|2023-12-06_2023-12-15|2024-09-11_2024-09-20|2024-12-10_2024-12-19
0.0,5,CPI m/m|PPI m/m|Core PPI m/m|FOMC|CPI y/y,Good|Good|Neutral|Neutral|Good,1,0,1,0.0,100.0,0.0,2023-06-09_2023-06-18
0.0,5,CPI m/m|PPI m/m|Core PPI m/m|FOMC|CPI y/y,Bad|Neutral|Good|Neutral|Neutral,1,0,1,0.0,100.0,0.0,2023-12-06_2023-12-15
0.0,5,CPI m/m|PPI m/m|Core PPI m/m|FOMC|CPI y/y,Neutral|Bad|Bad|Good|Neutral,1,1,0,100.0,0.0,inf,2024-09-11_2024-09-20
0.0,5,CPI m/m|PPI m/m|Core PPI m/m|FOMC|CPI y/y,Neutral|Bad|Neutral|Neutral|Neutral,1,1,0,100.0,0.0,inf,2024-12-10_2024-12-19
0.1,5,CPI m/m|PPI m/m|Core PPI m/m|FOMC|CPI y/y,Neutral|Good|Neutral|Neutral|Neutral,1,0,1,0.0,100.0,0.0,2023-06-09_2023-06-18
0.1,5,CPI m/m|PPI m/m|Core PPI m/m|FOMC|CPI y/y,Neutral|Neutral|Good|Neutral|Neutral,1,0,1,0.0,100.0,0.0,2023-12-06_2023-12-15
0.1,5,CPI m/m|PPI m/m|Core PPI m/m|FOMC|CPI y/y,Neutral|Neutral|Neutral|Good|Neutral,1,1,0,100.0,0.0,inf,2024-09-11_2024-09-20
0.1,5,CPI m/m|PPI m/m|Core PPI m/m|FOMC|CPI y/y,Neutral|Bad|Neutral|Neutral|Neutral,1,1,0,100.0,0.0,inf,2024-12-10_2024-12-19
0.2,5,CPI m/m|PPI m/m|Core PPI m/m|FOMC|CPI y/y,Neutral|Neutral|Neutral|Neutral|Neutral,3,1,2,33.3,66.7,0.5,2023-06-09_2023-06-18|2023-12-06_2023-12-15|2024-12-10_2024-12-19
0.2,5,CPI m/m|PPI m/m|Core PPI m/m|FOMC|CPI y/y,Neutral|Neutral|Neutral|Good|Neutral,1,1,0,100.0,0.0,inf,2024-09-11_2024-09-20
0.3,5,CPI m/m|PPI m/m|Core PPI m/m|FOMC|CPI y/y,Neutral|Neutral|Neutral|Neutral|Neutral,4,2,2,50.0,50.0,1.0,2023-06-09_2023-06-18|2023-12-06_2023-12-15|2024-09-11_2024-09-20|2024-12-10_2024-12-19
0.0,5,Core CPI m/m|PPI m/m|Core PPI m/m|FOMC|CPI y/y,Neutral|Good|Neutral|Neutral|Good,1,0,1,0.0,100.0,0.0,2023-06-09_2023-06-18
0.0,5,Core CPI m/m|PPI m/m|Core PPI m/m|FOMC|CPI y/y,Neutral|Neutral|Good|Neutral|Neutral,1,0,1,0.0,100.0,0.0,2023-12-06_2023-12-15
0.0,5,Core CPI m/m|PPI m/m|Core PPI m/m|FOMC|CPI y/y,Bad|Bad|Bad|Good|Neutral,1,1,0,100.0,0.0,inf,2024-09-11_2024-09-20
0.0,5,Core CPI m/m|PPI m/m|Core PPI m/m|FOMC|CPI y/y,Neutral|Bad|Neutral|Neutral|Neutral,1,1,0,100.0,0.0,inf,2024-12-10_2024-12-19
0.1,5,Core CPI m/m|PPI m/m|Core PPI m/m|FOMC|CPI y/y,Neutral|Good|Neutral|Neutral|Neutral,1,0,1,0.0,100.0,0.0,2023-06-09_2023-06-18
0.1,5,Core CPI m/m|PPI m/m|Core PPI m/m|FOMC|CPI y/y,Neutral|Neutral|Good|Neutral|Neutral,1,0,1,0.0,100.0,0.0,2023-12-06_2023-12-15
0.1,5,Core CPI m/m|PPI m/m|Core PPI m/m|FOMC|CPI y/y,Neutral|Neutral|Neutral|Good|Neutral,1,1,0,100.0,0.0,inf,2024-09-11_2024-09-20
0.1,5,Core CPI m/m|PPI m/m|Core PPI m/m|FOMC|CPI y/y,Neutral|Bad|Neutral|Neutral|Neutral,1,1,0,100.0,0.0,inf,2024-12-10_2024-12-19
0.2,5,Core CPI m/m|PPI m/m|Core PPI m/m|FOMC|CPI y/y,Neutral|Neutral|Neutral|Neutral|Neutral,3,1,2,33.3,66.7,0.5,2023-06-09_2023-06-18|2023-12-06_2023-12-15|2024-12-10_2024-12-19
0.2,5,Core CPI m/m|PPI m/m|Core PPI m/m|FOMC|CPI y/y,Neutral|Neutral|Neutral|Good|Neutral,1,1,0,100.0,0.0,inf,2024-09-11_2024-09-20
0.3,5,Core CPI m/m|PPI m/m|Core PPI m/m|FOMC|CPI y/y,Neutral|Neutral|Neutral|Neutral|Neutral,4,2,2,50.0,50.0,1.0,2023-06-09_2023-06-18|2023-12-06_2023-12-15|2024-09-11_2024-09-20|2024-12-10_2024-12-19
0.0,6,CPI m/m|Core CPI m/m|PPI m/m|Core PPI m/m|FOMC|CPI y/y,Good|Neutral|Good|Neutral|Neutral|Good,1,0,1,0.0,100.0,0.0,2023-06-09_2023-06-18
0.0,6,CPI m/m|Core CPI m/m|PPI m/m|Core PPI m/m|FOMC|CPI y/y,Bad|Neutral|Neutral|Good|Neutral|Neutral,1,0,1,0.0,100.0,0.0,2023-12-06_2023-12-15
0.0,6,CPI m/m|Core CPI m/m|PPI m/m|Core PPI m/m|FOMC|CPI y/y,Neutral|Bad|Bad|Bad|Good|Neutral,1,1,0,100.0,0.0,inf,2024-09-11_2024-09-20
0.0,6,CPI m/m|Core CPI m/m|PPI m/m|Core PPI m/m|FOMC|CPI y/y,Neutral|Neutral|Bad|Neutral|Neutral|Neutral,1,1,0,100.0,0.0,inf,2024-12-10_2024-12-19
0.1,6,CPI m/m|Core CPI m/m|PPI m/m|Core PPI m/m|FOMC|CPI y/y,Neutral|Neutral|Good|Neutral|Neutral|Neutral,1,0,1,0.0,100.0,0.0,2023-06-09_2023-06-18
0.1,6,CPI m/m|Core CPI m/m|PPI m/m|Core PPI m/m|FOMC|CPI y/y,Neutral|Neutral|Neutral|Good|Neutral|Neutral,1,0,1,0.0,100.0,0.0,2023-12-06_2023-12-15
0.1,6,CPI m/m|Core CPI m/m|PPI m/m|Core PPI m/m|FOMC|CPI y/y,Neutral|Neutral|Neutral|Neutral|Good|Neutral,1,1,0,100.0,0.0,inf,2024-09-11_2024-09-20
0.1,6,CPI m/m|Core CPI m/m|PPI m/m|Core PPI m/m|FOMC|CPI y/y,Neutral|Neutral|Bad|Neutral|Neutral|Neutral,1,1,0,100.0,0.0,inf,2024-12-10_2024-12-19
0.2,6,CPI m/m|Core CPI m/m|PPI m/m|Core PPI m/m|FOMC|CPI y/y,Neutral|Neutral|Neutral|Neutral|Neutral|Neutral,3,1,2,33.3,66.7,0.5,2023-06-09_2023-06-18|2023-12-06_2023-12-15|2024-12-10_2024-12-19
0.2,6,CPI m/m|Core CPI m/m|PPI m/m|Core PPI m/m|FOMC|CPI y/y,Neutral|Neutral|Neutral|Neutral|Good|Neutral,1,1,0,100.0,0.0,inf,2024-09-11_2024-09-20
0.3,6,CPI m/m|Core CPI m/m|PPI m/m|Core PPI m/m|FOMC|CPI y/y,Neutral|Neutral|Neutral|Neutral|Neutral|Neutral,4,2,2,50.0,50.0,1.0,2023-06-09_2023-06-18|2023-12-06_2023-12-15|2024-09-11_2024-09-20|2024-12-10_2024-12-19
