آستانه,تعداد_شاخص‌ها,لیست_شاخص‌ها,الگوی_وضعیت,تعداد_کل_وقوع,تعداد_ضررده,تعداد_سودده,درصد_ضررده,درصد_سودده,نسبت_شانس,دوره‌ها
0.0,1,CPI m/m,Good,25,17,8,68.0,32.0,2.12,2018-04-26_2018-05-10|2018-10-08_2018-10-22|2019-02-05_2019-02-19|2019-05-06_2019-05-20|2019-10-03_2019-10-17|2020-01-31_2020-02-14|2020-03-31_2020-04-14|2020-04-30_2020-05-14|2020-05-30_2020-06-13|2020-11-11_2020-11-25|2021-09-07_2021-09-21|2022-08-03_2022-08-17|2022-11-01_2022-11-15|2022-12-01_2022-12-15|2023-03-31_2023-04-14|2023-05-30_2023-06-13|2023-06-29_2023-07-13|2023-11-11_2023-11-25|2024-05-09_2024-05-23|2024-07-08_2024-07-22|2025-03-05_2025-03-19|2025-04-04_2025-04-18|2025-06-03_2025-06-17|2025-10-16_2025-10-30|2026-02-13_2026-02-27
0.0,1,CPI m/m,Neutral,22,13,9,59.1,40.9,1.44,2018-06-10_2018-06-24|2018-08-09_2018-08-23|2019-01-06_2019-01-20|2019-03-07_2019-03-21|2019-08-04_2019-08-18|2020-01-01_2020-01-15|2020-10-12_2020-10-26|2022-04-05_2022-04-19|2022-12-31_2023-01-14|2023-03-01_2023-03-15|2023-04-30_2023-05-14|2023-07-29_2023-08-12|2023-09-12_2023-09-26|2024-09-06_2024-09-20|2024-11-05_2024-11-19|2024-12-05_2024-12-19|2025-01-04_2025-01-18|2025-08-02_2025-08-16|2025-12-30_2026-01-13|2022-03-06_2022-03-20|2024-03-10_2024-03-24|2024-08-07_2024-08-21
0.0,1,CPI m/m,Bad,24,19,5,79.2,20.8,3.8,2019-04-06_2019-04-20|2019-07-05_2019-07-19|2019-11-02_2019-11-16|2019-12-02_2019-12-16|2020-07-14_2020-07-28|2020-07-29_2020-08-12|2021-04-10_2021-04-24|2021-06-09_2021-06-23|2021-07-09_2021-07-23|2021-11-06_2021-11-20|2022-01-05_2022-01-19|2022-02-04_2022-02-18|2022-05-05_2022-05-19|2022-06-04_2022-06-18|2022-07-04_2022-07-18|2022-10-02_2022-10-16|2023-10-12_2023-10-26|2024-01-10_2024-01-24|2024-02-09_2024-02-23|2024-04-09_2024-04-23|2024-10-06_2024-10-20|2025-02-03_2025-02-17|2025-09-01_2025-09-15|2021-05-10_2021-05-24
0.1,1,CPI m/m,Neutral,45,28,17,62.2,37.8,1.65,2018-04-26_2018-05-10|2018-06-10_2018-06-24|2018-08-09_2018-08-23|2018-10-08_2018-10-22|2019-01-06_2019-01-20|2019-02-05_2019-02-19|2019-03-07_2019-03-21|2019-07-05_2019-07-19|2019-08-04_2019-08-18|2019-10-03_2019-10-17|2019-12-02_2019-12-16|2020-01-01_2020-01-15|2020-01-31_2020-02-14|2020-05-30_2020-06-13|2020-07-14_2020-07-28|2020-10-12_2020-10-26|2020-11-11_2020-11-25|2021-04-10_2021-04-24|2022-01-05_2022-01-19|2022-04-05_2022-04-19|2022-05-05_2022-05-19|2022-12-31_2023-01-14|2023-03-01_2023-03-15|2023-03-31_2023-04-14|2023-04-30_2023-05-14|2023-05-30_2023-06-13|2023-06-29_2023-07-13|2023-07-29_2023-08-12|2023-09-12_2023-09-26|2023-11-11_2023-11-25|2024-01-10_2024-01-24|2024-02-09_2024-02-23|2024-09-06_2024-09-20|2024-10-06_2024-10-20|2024-11-05_2024-11-19|2024-12-05_2024-12-19|2025-01-04_2025-01-18|2025-03-05_2025-03-19|2025-06-03_2025-06-17|2025-08-02_2025-08-16|2025-12-30_2026-01-13|2026-02-13_2026-02-27|2022-03-06_2022-03-20|2024-03-10_2024-03-24|2024-08-07_2024-08-21
0.1,1,CPI m/m,Bad,15,12,3,80.0,20.0,4.0,2019-04-06_2019-04-20|2019-11-02_2019-11-16|2020-07-29_2020-08-12|2021-06-09_2021-06-23|2021-07-09_2021-07-23|2021-11-06_2021-11-20|2022-02-04_2022-02-18|2022-06-04_2022-06-18|2022-07-04_2022-07-18|2022-10-02_2022-10-16|2023-10-12_2023-10-26|2024-04-09_2024-04-23|2025-02-03_2025-02-17|2025-09-01_2025-09-15|2021-05-10_2021-05-24
0.1,1,CPI m/m,Good,11,9,2,81.8,18.2,4.5,2019-05-06_2019-05-20|2020-03-31_2020-04-14|2020-04-30_2020-05-14|2021-09-07_2021-09-21|2022-08-03_2022-08-17|2022-11-01_2022-11-15|2022-12-01_2022-12-15|2024-05-09_2024-05-23|2024-07-08_2024-07-22|2025-04-04_2025-04-18|2025-10-16_2025-10-30
0.2,1,CPI m/m,Neutral,66,45,21,68.2,31.8,2.14,2018-04-26_2018-05-10|2018-06-10_2018-06-24|2018-08-09_2018-08-23|2018-10-08_2018-10-22|2019-01-06_2019-01-20|2019-02-05_2019-02-19|2019-03-07_2019-03-21|2019-04-06_2019-04-20|2019-05-06_2019-05-20|2019-07-05_2019-07-19|2019-08-04_2019-08-18|2019-10-03_2019-10-17|2019-11-02_2019-11-16|2019-12-02_2019-12-16|2020-01-01_2020-01-15|2020-01-31_2020-02-14|2020-03-31_2020-04-14|2020-04-30_2020-05-14|2020-05-30_2020-06-13|2020-07-14_2020-07-28|2020-10-12_2020-10-26|2020-11-11_2020-11-25|2021-04-10_2021-04-24|2021-06-09_2021-06-23|2021-09-07_2021-09-21|2022-01-05_2022-01-19|2022-02-04_2022-02-18|2022-04-05_2022-04-19|2022-05-05_2022-05-19|2022-07-04_2022-07-18|2022-08-03_2022-08-17|2022-10-02_2022-10-16|2022-11-01_2022-11-15|2022-12-01_2022-12-15|2022-12-31_2023-01-14|2023-03-01_2023-03-15|2023-03-31_2023-04-14|2023-04-30_2023-05-14|2023-05-30_2023-06-13|2023-06-29_2023-07-13|2023-07-29_2023-08-12|2023-09-12_2023-09-26|2023-10-12_2023-10-26|2023-11-11_2023-11-25|2024-01-10_2024-01-24|2024-02-09_2024-02-23|2024-04-09_2024-04-23|2024-05-09_2024-05-23|2024-07-08_2024-07-22|2024-09-06_2024-09-20|2024-10-06_2024-10-20|2024-11-05_2024-11-19|2024-12-05_2024-12-19|2025-01-04_2025-01-18|2025-02-03_2025-02-17|2025-03-05_2025-03-19|2025-04-04_2025-04-18|2025-06-03_2025-06-17|2025-08-02_2025-08-16|2025-09-01_2025-09-15|2025-10-16_2025-10-30|2025-12-30_2026-01-13|2026-02-13_2026-02-27|2022-03-06_2022-03-20|2024-03-10_2024-03-24|2024-08-07_2024-08-21
0.2,1,CPI m/m,Bad,5,4,1,80.0,20.0,4.0,2020-07-29_2020-08-12|2021-07-09_2021-07-23|2021-11-06_2021-11-20|2022-06-04_2022-06-18|2021-05-10_2021-05-24
0.3,1,CPI m/m,Neutral,67,46,21,68.7,31.3,2.19,2018-04-26_2018-05-10|2018-06-10_2018-06-24|2018-08-09_2018-08-23|2018-10-08_2018-10-22|2019-01-06_2019-01-20|2019-02-05_2019-02-19|2019-03-07_2019-03-21|2019-04-06_2019-04-20|2019-05-06_2019-05-20|2019-07-05_2019-07-19|2019-08-04_2019-08-18|2019-10-03_2019-10-17|2019-11-02_2019-11-16|2019-12-02_2019-12-16|2020-01-01_2020-01-15|2020-01-31_2020-02-14|2020-03-31_2020-04-14|2020-04-30_2020-05-14|2020-05-30_2020-06-13|2020-07-14_2020-07-28|2020-07-29_2020-08-12|2020-10-12_2020-10-26|2020-11-11_2020-11-25|2021-04-10_2021-04-24|2021-06-09_2021-06-23|2021-09-07_2021-09-21|2022-01-05_2022-01-19|2022-02-04_2022-02-18|2022-04-05_2022-04-19|2022-05-05_2022-05-19|2022-07-04_2022-07-18|2022-08-03_2022-08-17|2022-10-02_2022-10-16|2022-11-01_2022-11-15|2022-12-01_2022-12-15|2022-12-31_2023-01-14|2023-03-01_2023-03-15|2023-03-31_2023-04-14|2023-04-30_2023-05-14|2023-05-30_2023-06-13|2023-06-29_2023-07-13|2023-07-29_2023-08-12|2023-09-12_2023-09-26|2023-10-12_2023-10-26|2023-11-11_2023-11-25|2024-01-10_2024-01-24|2024-02-09_2024-02-23|2024-04-09_2024-04-23|2024-05-09_2024-05-23|2024-07-08_2024-07-22|2024-09-06_2024-09-20|2024-10-06_2024-10-20|2024-11-05_2024-11-19|2024-12-05_2024-12-19|2025-01-04_2025-01-18|2025-02-03_2025-02-17|2025-03-05_2025-03-19|2025-04-04_2025-04-18|2025-06-03_2025-06-17|2025-08-02_2025-08-16|2025-09-01_2025-09-15|2025-10-16_2025-10-30|2025-12-30_2026-01-13|2026-02-13_2026-02-27|2022-03-06_2022-03-20|2024-03-10_2024-03-24|2024-08-07_2024-08-21
0.3,1,CPI m/m,Bad,4,3,1,75.0,25.0,3.0,2021-07-09_2021-07-23|2021-11-06_2021-11-20|2022-06-04_2022-06-18|2021-05-10_2021-05-24
0.0,1,Core CPI m/m,Good,25,18,7,72.0,28.0,2.57,2018-04-26_2018-05-10|2018-10-08_2018-10-22|2019-03-07_2019-03-21|2019-04-06_2019-04-20|2019-05-06_2019-05-20|2019-10-03_2019-10-17|2020-01-01_2020-01-15|2020-03-31_2020-04-14|2020-04-30_2020-05-14|2020-05-30_2020-06-13|2020-11-11_2020-11-25|2021-09-07_2021-09-21|2022-04-05_2022-04-19|2022-08-03_2022-08-17|2022-11-01_2022-11-15|2022-12-01_2022-12-15|2023-06-29_2023-07-13|2023-11-11_2023-11-25|2024-07-08_2024-07-22|2025-01-04_2025-01-18|2025-03-05_2025-03-19|2025-04-04_2025-04-18|2025-06-03_2025-06-17|2025-10-16_2025-10-30|2025-12-30_2026-01-13
0.0,1,Core CPI m/m,Bad,25,18,7,72.0,28.0,2.57,2018-06-10_2018-06-24|2019-07-05_2019-07-19|2019-08-04_2019-08-18|2020-07-14_2020-07-28|2020-07-29_2020-08-12|2021-04-10_2021-04-24|2021-06-09_2021-06-23|2021-07-09_2021-07-23|2021-11-06_2021-11-20|2022-01-05_2022-01-19|2022-02-04_2022-02-18|2022-05-05_2022-05-19|2022-06-04_2022-06-18|2022-07-04_2022-07-18|2022-10-02_2022-10-16|2023-03-01_2023-03-15|2023-04-30_2023-05-14|2023-09-12_2023-09-26|2024-02-09_2024-02-23|2024-04-09_2024-04-23|2024-09-06_2024-09-20|2024-10-06_2024-10-20|2025-02-03_2025-02-17|2021-05-10_2021-05-24|2024-03-10_2024-03-24
0.0,1,Core CPI m/m,Neutral,21,13,8,61.9,38.1,1.62,2018-08-09_2018-08-23|2019-01-06_2019-01-20|2019-02-05_2019-02-19|2019-11-02_2019-11-16|2019-12-02_2019-12-16|2020-01-31_2020-02-14|2020-10-12_2020-10-26|2022-12-31_2023-01-14|2023-03-31_2023-04-14|2023-05-30_2023-06-13|2023-07-29_2023-08-12|2023-10-12_2023-10-26|2024-01-10_2024-01-24|2024-05-09_2024-05-23|2024-11-05_2024-11-19|2024-12-05_2024-12-19|2025-08-02_2025-08-16|2025-09-01_2025-09-15|2026-02-13_2026-02-27|2022-03-06_2022-03-20|2024-08-07_2024-08-21
0.1,1,Core CPI m/m,Neutral,49,31,18,63.3,36.7,1.72,2018-04-26_2018-05-10|2018-06-10_2018-06-24|2018-08-09_2018-08-23|2018-10-08_2018-10-22|2019-01-06_2019-01-20|2019-02-05_2019-02-19|2019-03-07_2019-03-21|2019-04-06_2019-04-20|2019-05-06_2019-05-20|2019-07-05_2019-07-19|2019-08-04_2019-08-18|2019-10-03_2019-10-17|2019-11-02_2019-11-16|2019-12-02_2019-12-16|2020-01-01_2020-01-15|2020-01-31_2020-02-14|2020-05-30_2020-06-13|2020-07-14_2020-07-28|2020-10-12_2020-10-26|2021-04-10_2021-04-24|2022-01-05_2022-01-19|2022-02-04_2022-02-18|2022-06-04_2022-06-18|2022-12-01_2022-12-15|2022-12-31_2023-01-14|2023-03-01_2023-03-15|2023-03-31_2023-04-14|2023-05-30_2023-06-13|2023-06-29_2023-07-13|2023-07-29_2023-08-12|2023-09-12_2023-09-26|2023-10-12_2023-10-26|2023-11-11_2023-11-25|2024-01-10_2024-01-24|2024-05-09_2024-05-23|2024-07-08_2024-07-22|2024-09-06_2024-09-20|2024-10-06_2024-10-20|2024-11-05_2024-11-19|2024-12-05_2024-12-19|2025-01-04_2025-01-18|2025-03-05_2025-03-19|2025-08-02_2025-08-16|2025-09-01_2025-09-15|2025-10-16_2025-10-30|2025-12-30_2026-01-13|2026-02-13_2026-02-27|2022-03-06_2022-03-20|2024-08-07_2024-08-21
0.1,1,Core CPI m/m,Good,9,6,3,66.7,33.3,2.0,2020-03-31_2020-04-14|2020-04-30_2020-05-14|2020-11-11_2020-11-25|2021-09-07_2021-09-21|2022-04-05_2022-04-19|2022-08-03_2022-08-17|2022-11-01_2022-11-15|2025-04-04_2025-04-18|2025-06-03_2025-06-17
0.1,1,Core CPI m/m,Bad,13,12,1,92.3,7.7,12.0,2020-07-29_2020-08-12|2021-06-09_2021-06-23|2021-07-09_2021-07-23|2021-11-06_2021-11-20|2022-05-05_2022-05-19|2022-07-04_2022-07-18|2022-10-02_2022-10-16|2023-04-30_2023-05-14|2024-02-09_2024-02-23|2024-04-09_2024-04-23|2025-02-03_2025-02-17|2021-05-10_2021-05-24|2024-03-10_2024-03-24
0.2,1,Core CPI m/m,Neutral,68,46,22,67.6,32.4,2.09,2018-04-26_2018-05-10|2018-06-10_2018-06-24|2018-08-09_2018-08-23|2018-10-08_2018-10-22|2019-01-06_2019-01-20|2019-02-05_2019-02-19|2019-03-07_2019-03-21|2019-04-06_2019-04-20|2019-05-06_2019-05-20|2019-07-05_2019-07-19|2019-08-04_2019-08-18|2019-10-03_2019-10-17|2019-11-02_2019-11-16|2019-12-02_2019-12-16|2020-01-01_2020-01-15|2020-01-31_2020-02-14|2020-03-31_2020-04-14|2020-04-30_2020-05-14|2020-05-30_2020-06-13|2020-07-14_2020-07-28|2020-10-12_2020-10-26|2020-11-11_2020-11-25|2021-04-10_2021-04-24|2021-06-09_2021-06-23|2021-09-07_2021-09-21|2021-11-06_2021-11-20|2022-01-05_2022-01-19|2022-02-04_2022-02-18|2022-04-05_2022-04-19|2022-05-05_2022-05-19|2022-06-04_2022-06-18|2022-07-04_2022-07-18|2022-08-03_2022-08-17|2022-10-02_2022-10-16|2022-11-01_2022-11-15|2022-12-01_2022-12-15|2022-12-31_2023-01-14|2023-03-01_2023-03-15|2023-03-31_2023-04-14|2023-04-30_2023-05-14|2023-05-30_2023-06-13|2023-06-29_2023-07-13|2023-07-29_2023-08-12|2023-09-12_2023-09-26|2023-10-12_2023-10-26|2023-11-11_2023-11-25|2024-01-10_2024-01-24|2024-02-09_2024-02-23|2024-04-09_2024-04-23|2024-05-09_2024-05-23|2024-07-08_2024-07-22|2024-09-06_2024-09-20|2024-10-06_2024-10-20|2024-11-05_2024-11-19|2024-12-05_2024-12-19|2025-01-04_2025-01-18|2025-02-03_2025-02-17|2025-03-05_2025-03-19|2025-04-04_2025-04-18|2025-06-03_2025-06-17|2025-08-02_2025-08-16|2025-09-01_2025-09-15|2025-10-16_2025-10-30|2025-12-30_2026-01-13|2026-02-13_2026-02-27|2022-03-06_2022-03-20|2024-03-10_2024-03-24|2024-08-07_2024-08-21
0.2,1,Core CPI m/m,Bad,3,3,0,100.0,0.0,inf,2020-07-29_2020-08-12|2021-07-09_2021-07-23|2021-05-10_2021-05-24
0.3,1,Core CPI m/m,Neutral,68,46,22,67.6,32.4,2.09,2018-04-26_2018-05-10|2018-06-10_2018-06-24|2018-08-09_2018-08-23|2018-10-08_2018-10-22|2019-01-06_2019-01-20|2019-02-05_2019-02-19|2019-03-07_2019-03-21|2019-04-06_2019-04-20|2019-05-06_2019-05-20|2019-07-05_2019-07-19|2019-08-04_2019-08-18|2019-10-03_2019-10-17|2019-11-02_2019-11-16|2019-12-02_2019-12-16|2020-01-01_2020-01-15|2020-01-31_2020-02-14|2020-03-31_2020-04-14|2020-04-30_2020-05-14|2020-05-30_2020-06-13|2020-07-14_2020-07-28|2020-10-12_2020-10-26|2020-11-11_2020-11-25|2021-04-10_2021-04-24|2021-06-09_2021-06-23|2021-09-07_2021-09-21|2021-11-06_2021-11-20|2022-01-05_2022-01-19|2022-02-04_2022-02-18|2022-04-05_2022-04-19|2022-05-05_2022-05-19|2022-06-04_2022-06-18|2022-07-04_2022-07-18|2022-08-03_2022-08-17|2022-10-02_2022-10-16|2022-11-01_2022-11-15|2022-12-01_2022-12-15|2022-12-31_2023-01-14|2023-03-01_2023-03-15|2023-03-31_2023-04-14|2023-04-30_2023-05-14|2023-05-30_2023-06-13|2023-06-29_2023-07-13|2023-07-29_2023-08-12|2023-09-12_2023-09-26|2023-10-12_2023-10-26|2023-11-11_2023-11-25|2024-01-10_2024-01-24|2024-02-09_2024-02-23|2024-04-09_2024-04-23|2024-05-09_2024-05-23|2024-07-08_2024-07-22|2024-09-06_2024-09-20|2024-10-06_2024-10-20|2024-11-05_2024-11-19|2024-12-05_2024-12-19|2025-01-04_2025-01-18|2025-02-03_2025-02-17|2025-03-05_2025-03-19|2025-04-04_2025-04-18|2025-06-03_2025-06-17|2025-08-02_2025-08-16|2025-09-01_2025-09-15|2025-10-16_2025-10-30|2025-12-30_2026-01-13|2026-02-13_2026-02-27|2022-03-06_2022-03-20|2024-03-10_2024-03-24|2024-08-07_2024-08-21
0.3,1,Core CPI m/m,Bad,3,3,0,100.0,0.0,inf,2020-07-29_2020-08-12|2021-07-09_2021-07-23|2021-05-10_2021-05-24
0.0,1,PPI m/m,Bad,32,20,12,62.5,37.5,1.67,2018-03-27_2018-04-10|2018-06-10_2018-06-24|2019-04-06_2019-04-20|2019-11-02_2019-11-16|2020-02-15_2020-02-29|2020-03-31_2020-04-14|2020-05-30_2020-06-13|2020-07-29_2020-08-12|2020-10-12_2020-10-26|2020-11-11_2020-11-25|2021-06-09_2021-06-23|2021-07-09_2021-07-23|2021-09-07_2021-09-21|2022-02-04_2022-02-18|2022-04-05_2022-04-19|2022-07-04_2022-07-18|2022-10-02_2022-10-16|2022-12-01_2022-12-15|2023-07-29_2023-08-12|2023-09-12_2023-09-26|2023-09-27_2023-10-11|2024-02-09_2024-02-23|2024-05-09_2024-05-23|2024-07-08_2024-07-22|2024-09-06_2024-09-20|2024-12-05_2024-12-19|2025-02-03_2025-02-17|2025-08-02_2025-08-16|2026-02-13_2026-02-27|2021-03-26_2021-04-09|2021-05-10_2021-05-24|2024-03-10_2024-03-24
0.0,1,PPI m/m,Good,29,20,9,69.0,31.0,2.22,2018-04-26_2018-05-10|2018-08-09_2018-08-23|2019-01-06_2019-01-20|2019-02-05_2019-02-19|2019-03-07_2019-03-21|2019-10-03_2019-10-17|2019-12-02_2019-12-16|2020-01-01_2020-01-15|2020-04-30_2020-05-14|2022-01-05_2022-01-19|2022-08-03_2022-08-17|2022-11-01_2022-11-15|2023-01-15_2023-01-29|2023-03-01_2023-03-15|2023-03-31_2023-04-14|2023-04-30_2023-05-14|2023-06-14_2023-06-28|2023-06-29_2023-07-13|2023-11-11_2023-11-25|2024-01-10_2024-01-24|2024-04-09_2024-04-23|2024-10-06_2024-10-20|2025-01-04_2025-01-18|2025-03-05_2025-03-19|2025-04-04_2025-04-18|2025-06-03_2025-06-17|2025-09-01_2025-09-15|2022-03-06_2022-03-20|2024-08-07_2024-08-21
0.0,1,PPI m/m,Neutral,11,6,5,54.5,45.5,1.2,2018-10-08_2018-10-22|2019-05-06_2019-05-20|2019-07-05_2019-07-19|2019-08-04_2019-08-18|2020-12-11_2020-12-25|2021-11-06_2021-11-20|2022-05-05_2022-05-19|2022-06-04_2022-06-18|2024-11-05_2024-11-19|2025-11-15_2025-11-29|2026-01-14_2026-01-28
0.1,1,PPI m/m,Bad,25,18,7,72.0,28.0,2.57,2018-03-27_2018-04-10|2018-06-10_2018-06-24|2019-04-06_2019-04-20|2019-11-02_2019-11-16|2020-02-15_2020-02-29|2020-05-30_2020-06-13|2020-07-29_2020-08-12|2020-10-12_2020-10-26|2021-06-09_2021-06-23|2021-07-09_2021-07-23|2022-02-04_2022-02-18|2022-04-05_2022-04-19|2022-07-04_2022-07-18|2022-10-02_2022-10-16|2023-09-12_2023-09-26|2023-09-27_2023-10-11|2024-02-09_2024-02-23|2024-05-09_2024-05-23|2024-12-05_2024-12-19|2025-02-03_2025-02-17|2025-08-02_2025-08-16|2026-02-13_2026-02-27|2021-03-26_2021-04-09|2021-05-10_2021-05-24|2024-03-10_2024-03-24
0.1,1,PPI m/m,Neutral,28,14,14,50.0,50.0,1.0,2018-04-26_2018-05-10|2018-10-08_2018-10-22|2019-01-06_2019-01-20|2019-03-07_2019-03-21|2019-05-06_2019-05-20|2019-07-05_2019-07-19|2019-08-04_2019-08-18|2020-01-01_2020-01-15|2020-03-31_2020-04-14|2020-11-11_2020-11-25|2020-12-11_2020-12-25|2021-09-07_2021-09-21|2021-11-06_2021-11-20|2022-05-05_2022-05-19|2022-06-04_2022-06-18|2022-12-01_2022-12-15|2023-04-30_2023-05-14|2023-06-29_2023-07-13|2023-07-29_2023-08-12|2024-04-09_2024-04-23|2024-07-08_2024-07-22|2024-09-06_2024-09-20|2024-10-06_2024-10-20|2024-11-05_2024-11-19|2025-06-03_2025-06-17|2025-11-15_2025-11-29|2026-01-14_2026-01-28|2024-08-07_2024-08-21
0.1,1,PPI m/m,Good,19,14,5,73.7,26.3,2.8,2018-08-09_2018-08-23|2019-02-05_2019-02-19|2019-10-03_2019-10-17|2019-12-02_2019-12-16|2020-04-30_2020-05-14|2022-01-05_2022-01-19|2022-08-03_2022-08-17|2022-11-01_2022-11-15|2023-01-15_2023-01-29|2023-03-01_2023-03-15|2023-03-31_2023-04-14|2023-06-14_2023-06-28|2023-11-11_2023-11-25|2024-01-10_2024-01-24|2025-01-04_2025-01-18|2025-03-05_2025-03-19|2025-04-04_2025-04-18|2025-09-01_2025-09-15|2022-03-06_2022-03-20
0.2,1,PPI m/m,Neutral,48,28,20,58.3,41.7,1.4,2018-03-27_2018-04-10|2018-04-26_2018-05-10|2018-06-10_2018-06-24|2018-08-09_2018-08-23|2018-10-08_2018-10-22|2019-01-06_2019-01-20|2019-02-05_2019-02-19|2019-03-07_2019-03-21|2019-05-06_2019-05-20|2019-07-05_2019-07-19|2019-08-04_2019-08-18|2019-11-02_2019-11-16|2019-12-02_2019-12-16|2020-01-01_2020-01-15|2020-03-31_2020-04-14|2020-10-12_2020-10-26|2020-11-11_2020-11-25|2020-12-11_2020-12-25|2021-09-07_2021-09-21|2021-11-06_2021-11-20|2022-01-05_2022-01-19|2022-05-05_2022-05-19|2022-06-04_2022-06-18|2022-10-02_2022-10-16|2022-11-01_2022-11-15|2022-12-01_2022-12-15|2023-04-30_2023-05-14|2023-06-14_2023-06-28|2023-06-29_2023-07-13|2023-07-29_2023-08-12|2023-09-27_2023-10-11|2024-01-10_2024-01-24|2024-02-09_2024-02-23|2024-04-09_2024-04-23|2024-05-09_2024-05-23|2024-07-08_2024-07-22|2024-09-06_2024-09-20|2024-10-06_2024-10-20|2024-11-05_2024-11-19|2024-12-05_2024-12-19|2025-01-04_2025-01-18|2025-02-03_2025-02-17|2025-06-03_2025-06-17|2025-11-15_2025-11-29|2026-01-14_2026-01-28|2026-02-13_2026-02-27|2022-03-06_2022-03-20|2024-08-07_2024-08-21
0.2,1,PPI m/m,Bad,14,12,2,85.7,14.3,6.0,2019-04-06_2019-04-20|2020-02-15_2020-02-29|2020-05-30_2020-06-13|2020-07-29_2020-08-12|2021-06-09_2021-06-23|2021-07-09_2021-07-23|2022-02-04_2022-02-18|2022-04-05_2022-04-19|2022-07-04_2022-07-18|2023-09-12_2023-09-26|2025-08-02_2025-08-16|2021-03-26_2021-04-09|2021-05-10_2021-05-24|2024-03-10_2024-03-24
0.2,1,PPI m/m,Good,10,6,4,60.0,40.0,1.5,2019-10-03_2019-10-17|2020-04-30_2020-05-14|2022-08-03_2022-08-17|2023-01-15_2023-01-29|2023-03-01_2023-03-15|2023-03-31_2023-04-14|2023-11-11_2023-11-25|2025-03-05_2025-03-19|2025-04-04_2025-04-18|2025-09-01_2025-09-15
0.3,1,PPI m/m,Neutral,55,34,21,61.8,38.2,1.62,2018-03-27_2018-04-10|2018-04-26_2018-05-10|2018-06-10_2018-06-24|2018-08-09_2018-08-23|2018-10-08_2018-10-22|2019-01-06_2019-01-20|2019-02-05_2019-02-19|2019-03-07_2019-03-21|2019-04-06_2019-04-20|2019-05-06_2019-05-20|2019-07-05_2019-07-19|2019-08-04_2019-08-18|2019-11-02_2019-11-16|2019-12-02_2019-12-16|2020-01-01_2020-01-15|2020-03-31_2020-04-14|2020-07-29_2020-08-12|2020-10-12_2020-10-26|2020-11-11_2020-11-25|2020-12-11_2020-12-25|2021-09-07_2021-09-21|2021-11-06_2021-11-20|2022-01-05_2022-01-19|2022-04-05_2022-04-19|2022-05-05_2022-05-19|2022-06-04_2022-06-18|2022-10-02_2022-10-16|2022-11-01_2022-11-15|2022-12-01_2022-12-15|2023-04-30_2023-05-14|2023-06-14_2023-06-28|2023-06-29_2023-07-13|2023-07-29_2023-08-12|2023-09-12_2023-09-26|2023-09-27_2023-10-11|2024-01-10_2024-01-24|2024-02-09_2024-02-23|2024-04-09_2024-04-23|2024-05-09_2024-05-23|2024-07-08_2024-07-22|2024-09-06_2024-09-20|2024-10-06_2024-10-20|2024-11-05_2024-11-19|2024-12-05_2024-12-19|2025-01-04_2025-01-18|2025-02-03_2025-02-17|2025-03-05_2025-03-19|2025-06-03_2025-06-17|2025-11-15_2025-11-29|2026-01-14_2026-01-28|2026-02-13_2026-02-27|2021-05-10_2021-05-24|2022-03-06_2022-03-20|2024-03-10_2024-03-24|2024-08-07_2024-08-21
0.3,1,PPI m/m,Good,9,6,3,66.7,33.3,2.0,2019-10-03_2019-10-17|2020-04-30_2020-05-14|2022-08-03_2022-08-17|2023-01-15_2023-01-29|2023-03-01_2023-03-15|2023-03-31_2023-04-14|2023-11-11_2023-11-25|2025-04-04_2025-04-18|2025-09-01_2025-09-15
0.3,1,PPI m/m,Bad,8,6,2,75.0,25.0,3.0,2020-02-15_2020-02-29|2020-05-30_2020-06-13|2021-06-09_2021-06-23|2021-07-09_2021-07-23|2022-02-04_2022-02-18|2022-07-04_2022-07-18|2025-08-02_2025-08-16|2021-03-26_2021-04-09
0.0,1,Core PPI m/m,Bad,27,17,10,63.0,37.0,1.7,2018-03-27_2018-04-10|2018-06-10_2018-06-24|2019-02-05_2019-02-19|2019-04-06_2019-04-20|2019-07-05_2019-07-19|2019-11-02_2019-11-16|2020-02-15_2020-02-29|2020-03-31_2020-04-14|2020-07-29_2020-08-12|2020-10-12_2020-10-26|2021-06-09_2021-06-23|2021-07-09_2021-07-23|2021-09-07_2021-09-21|2022-02-04_2022-02-18|2022-04-05_2022-04-19|2022-12-01_2022-12-15|2023-07-29_2023-08-12|2023-09-27_2023-10-11|2024-02-09_2024-02-23|2024-05-09_2024-05-23|2024-07-08_2024-07-22|2024-09-06_2024-09-20|2025-08-02_2025-08-16|2026-02-13_2026-02-27|2021-03-26_2021-04-09|2021-05-10_2021-05-24|2024-03-10_2024-03-24
0.0,1,Core PPI m/m,Neutral,14,9,5,64.3,35.7,1.8,2018-04-26_2018-05-10|2018-10-08_2018-10-22|2020-05-30_2020-06-13|2022-01-05_2022-01-19|2022-10-02_2022-10-16|2023-01-15_2023-01-29|2023-04-30_2023-05-14|2023-06-14_2023-06-28|2023-09-12_2023-09-26|2024-04-09_2024-04-23|2024-10-06_2024-10-20|2024-11-05_2024-11-19|2024-12-05_2024-12-19|2025-02-03_2025-02-17
0.0,1,Core PPI m/m,Good,31,20,11,64.5,35.5,1.82,2018-08-09_2018-08-23|2019-01-06_2019-01-20|2019-03-07_2019-03-21|2019-05-06_2019-05-20|2019-08-04_2019-08-18|2019-10-03_2019-10-17|2019-12-02_2019-12-16|2020-01-01_2020-01-15|2020-04-30_2020-05-14|2020-11-11_2020-11-25|2020-12-11_2020-12-25|2021-11-06_2021-11-20|2022-05-05_2022-05-19|2022-06-04_2022-06-18|2022-07-04_2022-07-18|2022-08-03_2022-08-17|2022-11-01_2022-11-15|2023-03-01_2023-03-15|2023-03-31_2023-04-14|2023-06-29_2023-07-13|2023-11-11_2023-11-25|2024-01-10_2024-01-24|2025-01-04_2025-01-18|2025-03-05_2025-03-19|2025-04-04_2025-04-18|2025-06-03_2025-06-17|2025-09-01_2025-09-15|2025-11-15_2025-11-29|2026-01-14_2026-01-28|2022-03-06_2022-03-20|2024-08-07_2024-08-21
0.1,1,Core PPI m/m,Neutral,36,20,16,55.6,44.4,1.25,2018-03-27_2018-04-10|2018-04-26_2018-05-10|2018-06-10_2018-06-24|2018-08-09_2018-08-23|2018-10-08_2018-10-22|2019-02-05_2019-02-19|2019-03-07_2019-03-21|2019-04-06_2019-04-20|2019-05-06_2019-05-20|2019-07-05_2019-07-19|2019-11-02_2019-11-16|2020-01-01_2020-01-15|2020-05-30_2020-06-13|2020-11-11_2020-11-25|2020-12-11_2020-12-25|2021-09-07_2021-09-21|2021-11-06_2021-11-20|2022-01-05_2022-01-19|2022-06-04_2022-06-18|2022-07-04_2022-07-18|2022-10-02_2022-10-16|2023-01-15_2023-01-29|2023-04-30_2023-05-14|2023-06-14_2023-06-28|2023-06-29_2023-07-13|2023-07-29_2023-08-12|2023-09-12_2023-09-26|2023-09-27_2023-10-11|2024-04-09_2024-04-23|2024-09-06_2024-09-20|2024-10-06_2024-10-20|2024-11-05_2024-11-19|2024-12-05_2024-12-19|2025-02-03_2025-02-17|2025-11-15_2025-11-29|2024-03-10_2024-03-24
0.1,1,Core PPI m/m,Good,20,14,6,70.0,30.0,2.33,2019-01-06_2019-01-20|2019-08-04_2019-08-18|2019-10-03_2019-10-17|2019-12-02_2019-12-16|2020-04-30_2020-05-14|2022-05-05_2022-05-19|2022-08-03_2022-08-17|2022-11-01_2022-11-15|2023-03-01_2023-03-15|2023-03-31_2023-04-14|2023-11-11_2023-11-25|2024-01-10_2024-01-24|2025-01-04_2025-01-18|2025-03-05_2025-03-19|2025-04-04_2025-04-18|2025-06-03_2025-06-17|2025-09-01_2025-09-15|2026-01-14_2026-01-28|2022-03-06_2022-03-20|2024-08-07_2024-08-21
0.1,1,Core PPI m/m,Bad,16,12,4,75.0,25.0,3.0,2020-02-15_2020-02-29|2020-03-31_2020-04-14|2020-07-29_2020-08-12|2020-10-12_2020-10-26|2021-06-09_2021-06-23|2021-07-09_2021-07-23|2022-02-04_2022-02-18|2022-04-05_2022-04-19|2022-12-01_2022-12-15|2024-02-09_2024-02-23|2024-05-09_2024-05-23|2024-07-08_2024-07-22|2025-08-02_2025-08-16|2026-02-13_2026-02-27|2021-03-26_2021-04-09|2021-05-10_2021-05-24
0.2,1,Core PPI m/m,Neutral,49,30,19,61.2,38.8,1.58,2018-03-27_2018-04-10|2018-04-26_2018-05-10|2018-06-10_2018-06-24|2018-08-09_2018-08-23|2018-10-08_2018-10-22|2019-02-05_2019-02-19|2019-03-07_2019-03-21|2019-04-06_2019-04-20|2019-05-06_2019-05-20|2019-07-05_2019-07-19|2019-11-02_2019-11-16|2020-01-01_2020-01-15|2020-03-31_2020-04-14|2020-04-30_2020-05-14|2020-05-30_2020-06-13|2020-10-12_2020-10-26|2020-11-11_2020-11-25|2020-12-11_2020-12-25|2021-06-09_2021-06-23|2021-09-07_2021-09-21|2021-11-06_2021-11-20|2022-01-05_2022-01-19|2022-05-05_2022-05-19|2022-06-04_2022-06-18|2022-07-04_2022-07-18|2022-08-03_2022-08-17|2022-10-02_2022-10-16|2022-12-01_2022-12-15|2023-01-15_2023-01-29|2023-04-30_2023-05-14|2023-06-14_2023-06-28|2023-06-29_2023-07-13|2023-07-29_2023-08-12|2023-09-12_2023-09-26|2023-09-27_2023-10-11|2024-01-10_2024-01-24|2024-04-09_2024-04-23|2024-07-08_2024-07-22|2024-09-06_2024-09-20|2024-10-06_2024-10-20|2024-11-05_2024-11-19|2024-12-05_2024-12-19|2025-01-04_2025-01-18|2025-02-03_2025-02-17|2025-06-03_2025-06-17|2025-11-15_2025-11-29|2026-01-14_2026-01-28|2024-03-10_2024-03-24|2024-08-07_2024-08-21
0.2,1,Core PPI m/m,Good,12,8,4,66.7,33.3,2.0,2019-01-06_2019-01-20|2019-08-04_2019-08-18|2019-10-03_2019-10-17|2019-12-02_2019-12-16|2022-11-01_2022-11-15|2023-03-01_2023-03-15|2023-03-31_2023-04-14|2023-11-11_2023-11-25|2025-03-05_2025-03-19|2025-04-04_2025-04-18|2025-09-01_2025-09-15|2022-03-06_2022-03-20
0.2,1,Core PPI m/m,Bad,11,8,3,72.7,27.3,2.67,2020-02-15_2020-02-29|2020-07-29_2020-08-12|2021-07-09_2021-07-23|2022-02-04_2022-02-18|2022-04-05_2022-04-19|2024-02-09_2024-02-23|2024-05-09_2024-05-23|2025-08-02_2025-08-16|2026-02-13_2026-02-27|2021-03-26_2021-04-09|2021-05-10_2021-05-24
0.3,1,Core PPI m/m,Neutral,54,35,19,64.8,35.2,1.84,2018-03-27_2018-04-10|2018-04-26_2018-05-10|2018-06-10_2018-06-24|2018-08-09_2018-08-23|2018-10-08_2018-10-22|2019-02-05_2019-02-19|2019-03-07_2019-03-21|2019-04-06_2019-04-20|2019-05-06_2019-05-20|2019-07-05_2019-07-19|2019-11-02_2019-11-16|2020-01-01_2020-01-15|2020-02-15_2020-02-29|2020-03-31_2020-04-14|2020-04-30_2020-05-14|2020-05-30_2020-06-13|2020-10-12_2020-10-26|2020-11-11_2020-11-25|2020-12-11_2020-12-25|2021-06-09_2021-06-23|2021-09-07_2021-09-21|2021-11-06_2021-11-20|2022-01-05_2022-01-19|2022-05-05_2022-05-19|2022-06-04_2022-06-18|2022-07-04_2022-07-18|2022-08-03_2022-08-17|2022-10-02_2022-10-16|2022-11-01_2022-11-15|2022-12-01_2022-12-15|2023-01-15_2023-01-29|2023-04-30_2023-05-14|2023-06-14_2023-06-28|2023-06-29_2023-07-13|2023-07-29_2023-08-12|2023-09-12_2023-09-26|2023-09-27_2023-10-11|2023-11-11_2023-11-25|2024-01-10_2024-01-24|2024-04-09_2024-04-23|2024-05-09_2024-05-23|2024-07-08_2024-07-22|2024-09-06_2024-09-20|2024-10-06_2024-10-20|2024-11-05_2024-11-19|2024-12-05_2024-12-19|2025-01-04_2025-01-18|2025-02-03_2025-02-17|2025-06-03_2025-06-17|2025-11-15_2025-11-29|2026-01-14_2026-01-28|2021-05-10_2021-05-24|2024-03-10_2024-03-24|2024-08-07_2024-08-21
0.3,1,Core PPI m/m,Good,10,6,4,60.0,40.0,1.5,2019-01-06_2019-01-20|2019-08-04_2019-08-18|2019-10-03_2019-10-17|2019-12-02_2019-12-16|2023-03-01_2023-03-15|2023-03-31_2023-04-14|2025-03-05_2025-03-19|2025-04-04_2025-04-18|2025-09-01_2025-09-15|2022-03-06_2022-03-20
0.3,1,Core PPI m/m,Bad,8,5,3,62.5,37.5,1.67,2020-07-29_2020-08-12|2021-07-09_2021-07-23|2022-02-04_2022-02-18|2022-04-05_2022-04-19|2024-02-09_2024-02-23|2025-08-02_2025-08-16|2026-02-13_2026-02-27|2021-03-26_2021-04-09
0.0,1,FOMC,Neutral,9,3,6,33.3,66.7,0.5,2023-03-16_2023-03-30|2023-04-30_2023-05-14|2023-06-14_2023-06-28|2023-07-14_2023-07-28|2023-09-12_2023-09-26|2023-10-27_2023-11-10|2024-07-23_2024-08-06|2024-11-05_2024-11-19|2024-12-05_2024-12-19
0.0,1,FOMC,Good,1,0,1,0.0,100.0,0.0,2024-09-06_2024-09-20
0.1,1,FOMC,Neutral,9,3,6,33.3,66.7,0.5,2023-03-16_2023-03-30|2023-04-30_2023-05-14|2023-06-14_2023-06-28|2023-07-14_2023-07-28|2023-09-12_2023-09-26|2023-10-27_2023-11-10|2024-07-23_2024-08-06|2024-11-05_2024-11-19|2024-12-05_2024-12-19
0.1,1,FOMC,Good,1,0,1,0.0,100.0,0.0,2024-09-06_2024-09-20
0.2,1,FOMC,Neutral,9,3,6,33.3,66.7,0.5,2023-03-16_2023-03-30|2023-04-30_2023-05-14|2023-06-14_2023-06-28|2023-07-14_2023-07-28|2023-09-12_2023-09-26|2023-10-27_2023-11-10|2024-07-23_2024-08-06|2024-11-05_2024-11-19|2024-12-05_2024-12-19
0.2,1,FOMC,Good,1,0,1,0.0,100.0,0.0,2024-09-06_2024-09-20
0.3,1,FOMC,Neutral,10,3,7,30.0,70.0,0.43,2023-03-16_2023-03-30|2023-04-30_2023-05-14|2023-06-14_2023-06-28|2023-07-14_2023-07-28|2023-09-12_2023-09-26|2023-10-27_2023-11-10|2024-07-23_2024-08-06|2024-09-06_2024-09-20|2024-11-05_2024-11-19|2024-12-05_2024-12-19
0.0,1,CPI y/y,Neutral,20,14,6,70.0,30.0,2.33,2018-04-26_2018-05-10|2018-06-10_2018-06-24|2018-08-09_2018-08-23|2019-01-06_2019-01-20|2019-07-05_2019-07-19|2020-01-01_2020-01-15|2020-07-14_2020-07-28|2020-10-12_2020-10-26|2021-09-07_2021-09-21|2022-01-05_2022-01-19|2022-12-31_2023-01-14|2023-03-01_2023-03-15|2024-05-09_2024-05-23|2024-09-06_2024-09-20|2024-11-05_2024-11-19|2024-12-05_2024-12-19|2025-01-04_2025-01-18|2025-09-01_2025-09-15|2025-12-30_2026-01-13|2022-03-06_2022-03-20
0.0,1,CPI y/y,Good,25,14,11,56.0,44.0,1.27,2018-10-08_2018-10-22|2019-03-07_2019-03-21|2019-05-06_2019-05-20|2019-10-03_2019-10-17|2020-03-31_2020-04-14|2020-04-30_2020-05-14|2020-05-30_2020-06-13|2020-11-11_2020-11-25|2022-08-03_2022-08-17|2022-11-01_2022-11-15|2022-12-01_2022-12-15|2023-03-31_2023-04-14|2023-04-30_2023-05-14|2023-05-30_2023-06-13|2023-06-29_2023-07-13|2023-07-29_2023-08-12|2023-11-11_2023-11-25|2024-07-08_2024-07-22|2025-03-05_2025-03-19|2025-04-04_2025-04-18|2025-06-03_2025-06-17|2025-08-02_2025-08-16|2025-10-16_2025-10-30|2026-02-13_2026-02-27|2024-08-07_2024-08-21
0.0,1,CPI y/y,Bad,26,21,5,80.8,19.2,4.2,2019-02-05_2019-02-19|2019-04-06_2019-04-20|2019-08-04_2019-08-18|2019-11-02_2019-11-16|2019-12-02_2019-12-16|2020-01-31_2020-02-14|2020-07-29_2020-08-12|2021-04-10_2021-04-24|2021-06-09_2021-06-23|2021-07-09_2021-07-23|2021-11-06_2021-11-20|2022-02-04_2022-02-18|2022-04-05_2022-04-19|2022-05-05_2022-05-19|2022-06-04_2022-06-18|2022-07-04_2022-07-18|2022-10-02_2022-10-16|2023-09-12_2023-09-26|2023-10-12_2023-10-26|2024-01-10_2024-01-24|2024-02-09_2024-02-23|2024-04-09_2024-04-23|2024-10-06_2024-10-20|2025-02-03_2025-02-17|2021-05-10_2021-05-24|2024-03-10_2024-03-24
0.1,1,CPI y/y,Neutral,29,19,10,65.5,34.5,1.9,2018-04-26_2018-05-10|2018-06-10_2018-06-24|2018-08-09_2018-08-23|2019-01-06_2019-01-20|2019-04-06_2019-04-20|2019-07-05_2019-07-19|2020-01-01_2020-01-15|2020-07-14_2020-07-28|2020-10-12_2020-10-26|2021-09-07_2021-09-21|2022-01-05_2022-01-19|2022-04-05_2022-04-19|2022-10-02_2022-10-16|2022-12-31_2023-01-14|2023-03-01_2023-03-15|2023-03-31_2023-04-14|2023-04-30_2023-05-14|2023-05-30_2023-06-13|2023-07-29_2023-08-12|2023-11-11_2023-11-25|2024-05-09_2024-05-23|2024-09-06_2024-09-20|2024-11-05_2024-11-19|2024-12-05_2024-12-19|2025-01-04_2025-01-18|2025-08-02_2025-08-16|2025-09-01_2025-09-15|2025-12-30_2026-01-13|2022-03-06_2022-03-20
0.1,1,CPI y/y,Good,19,12,7,63.2,36.8,1.71,2018-10-08_2018-10-22|2019-03-07_2019-03-21|2019-05-06_2019-05-20|2019-10-03_2019-10-17|2020-03-31_2020-04-14|2020-04-30_2020-05-14|2020-05-30_2020-06-13|2020-11-11_2020-11-25|2022-08-03_2022-08-17|2022-11-01_2022-11-15|2022-12-01_2022-12-15|2023-06-29_2023-07-13|2024-07-08_2024-07-22|2025-03-05_2025-03-19|2025-04-04_2025-04-18|2025-06-03_2025-06-17|2025-10-16_2025-10-30|2026-02-13_2026-02-27|2024-08-07_2024-08-21
0.1,1,CPI y/y,Bad,23,18,5,78.3,21.7,3.6,2019-02-05_2019-02-19|2019-08-04_2019-08-18|2019-11-02_2019-11-16|2019-12-02_2019-12-16|2020-01-31_2020-02-14|2020-07-29_2020-08-12|2021-04-10_2021-04-24|2021-06-09_2021-06-23|2021-07-09_2021-07-23|2021-11-06_2021-11-20|2022-02-04_2022-02-18|2022-05-05_2022-05-19|2022-06-04_2022-06-18|2022-07-04_2022-07-18|2023-09-12_2023-09-26|2023-10-12_2023-10-26|2024-01-10_2024-01-24|2024-02-09_2024-02-23|2024-04-09_2024-04-23|2024-10-06_2024-10-20|2025-02-03_2025-02-17|2021-05-10_2021-05-24|2024-03-10_2024-03-24
0.2,1,CPI y/y,Neutral,59,39,20,66.1,33.9,1.95,2018-04-26_2018-05-10|2018-06-10_2018-06-24|2018-08-09_2018-08-23|2018-10-08_2018-10-22|2019-01-06_2019-01-20|2019-02-05_2019-02-19|2019-03-07_2019-03-21|2019-04-06_2019-04-20|2019-05-06_2019-05-20|2019-07-05_2019-07-19|2019-08-04_2019-08-18|2019-10-03_2019-10-17|2019-11-02_2019-11-16|2019-12-02_2019-12-16|2020-01-01_2020-01-15|2020-01-31_2020-02-14|2020-03-31_2020-04-14|2020-04-30_2020-05-14|2020-05-30_2020-06-13|2020-07-14_2020-07-28|2020-10-12_2020-10-26|2020-11-11_2020-11-25|2021-04-10_2021-04-24|2021-09-07_2021-09-21|2022-01-05_2022-01-19|2022-04-05_2022-04-19|2022-08-03_2022-08-17|2022-10-02_2022-10-16|2022-12-31_2023-01-14|2023-03-01_2023-03-15|2023-03-31_2023-04-14|2023-04-30_2023-05-14|2023-05-30_2023-06-13|2023-06-29_2023-07-13|2023-07-29_2023-08-12|2023-09-12_2023-09-26|2023-10-12_2023-10-26|2023-11-11_2023-11-25|2024-01-10_2024-01-24|2024-04-09_2024-04-23|2024-05-09_2024-05-23|2024-07-08_2024-07-22|2024-09-06_2024-09-20|2024-10-06_2024-10-20|2024-11-05_2024-11-19|2024-12-05_2024-12-19|2025-01-04_2025-01-18|2025-02-03_2025-02-17|2025-03-05_2025-03-19|2025-04-04_2025-04-18|2025-06-03_2025-06-17|2025-08-02_2025-08-16|2025-09-01_2025-09-15|2025-10-16_2025-10-30|2025-12-30_2026-01-13|2026-02-13_2026-02-27|2022-03-06_2022-03-20|2024-03-10_2024-03-24|2024-08-07_2024-08-21
0.2,1,CPI y/y,Bad,10,8,2,80.0,20.0,4.0,2020-07-29_2020-08-12|2021-06-09_2021-06-23|2021-07-09_2021-07-23|2021-11-06_2021-11-20|2022-02-04_2022-02-18|2022-05-05_2022-05-19|2022-06-04_2022-06-18|2022-07-04_2022-07-18|2024-02-09_2024-02-23|2021-05-10_2021-05-24
0.2,1,CPI y/y,Good,2,2,0,100.0,0.0,inf,2022-11-01_2022-11-15|2022-12-01_2022-12-15
0.3,1,CPI y/y,Neutral,67,45,22,67.2,32.8,2.05,2018-04-26_2018-05-10|2018-06-10_2018-06-24|2018-08-09_2018-08-23|2018-10-08_2018-10-22|2019-01-06_2019-01-20|2019-02-05_2019-02-19|2019-03-07_2019-03-21|2019-04-06_2019-04-20|2019-05-06_2019-05-20|2019-07-05_2019-07-19|2019-08-04_2019-08-18|2019-10-03_2019-10-17|2019-11-02_2019-11-16|2019-12-02_2019-12-16|2020-01-01_2020-01-15|2020-01-31_2020-02-14|2020-03-31_2020-04-14|2020-04-30_2020-05-14|2020-05-30_2020-06-13|2020-07-14_2020-07-28|2020-10-12_2020-10-26|2020-11-11_2020-11-25|2021-04-10_2021-04-24|2021-06-09_2021-06-23|2021-09-07_2021-09-21|2021-11-06_2021-11-20|2022-01-05_2022-01-19|2022-02-04_2022-02-18|2022-04-05_2022-04-19|2022-05-05_2022-05-19|2022-06-04_2022-06-18|2022-08-03_2022-08-17|2022-10-02_2022-10-16|2022-11-01_2022-11-15|2022-12-01_2022-12-15|2022-12-31_2023-01-14|2023-03-01_2023-03-15|2023-03-31_2023-04-14|2023-04-30_2023-05-14|2023-05-30_2023-06-13|2023-06-29_2023-07-13|2023-07-29_2023-08-12|2023-09-12_2023-09-26|2023-10-12_2023-10-26|2023-11-11_2023-11-25|2024-01-10_2024-01-24|2024-02-09_2024-02-23|2024-04-09_2024-04-23|2024-05-09_2024-05-23|2024-07-08_2024-07-22|2024-09-06_2024-09-20|2024-10-06_2024-10-20|2024-11-05_2024-11-19|2024-12-05_2024-12-19|2025-01-04_2025-01-18|2025-02-03_2025-02-17|2025-03-05_2025-03-19|2025-04-04_2025-04-18|2025-06-03_2025-06-17|2025-08-02_2025-08-16|2025-09-01_2025-09-15|2025-10-16_2025-10-30|2025-12-30_2026-01-13|2026-02-13_2026-02-27|2022-03-06_2022-03-20|2024-03-10_2024-03-24|2024-08-07_2024-08-21
0.3,1,CPI y/y,Bad,4,4,0,100.0,0.0,inf,2020-07-29_2020-08-12|2021-07-09_2021-07-23|2022-07-04_2022-07-18|2021-05-10_2021-05-24
0.0,2,CPI m/m|Core CPI m/m,Good|Good,19,13,6,68.4,31.6,2.17,2018-04-26_2018-05-10|2018-10-08_2018-10-22|2019-05-06_2019-05-20|2019-10-03_2019-10-17|2020-03-31_2020-04-14|2020-04-30_2020-05-14|2020-05-30_2020-06-13|2020-11-11_2020-11-25|2021-09-07_2021-09-21|2022-08-03_2022-08-17|2022-11-01_2022-11-15|2022-12-01_2022-12-15|2023-06-29_2023-07-13|2023-11-11_2023-11-25|2024-07-08_2024-07-22|2025-03-05_2025-03-19|2025-04-04_2025-04-18|2025-06-03_2025-06-17|2025-10-16_2025-10-30
0.0,2,CPI m/m|Core CPI m/m,Neutral|Bad,7,4,3,57.1,42.9,1.33,2018-06-10_2018-06-24|2019-08-04_2019-08-18|2023-03-01_2023-03-15|2023-04-30_2023-05-14|2023-09-12_2023-09-26|2024-09-06_2024-09-20|2024-03-10_2024-03-24
0.0,2,CPI m/m|Core CPI m/m,Neutral|Neutral,10,5,5,50.0,50.0,1.0,2018-08-09_2018-08-23|2019-01-06_2019-01-20|2020-10-12_2020-10-26|2022-12-31_2023-01-14|2023-07-29_2023-08-12|2024-11-05_2024-11-19|2024-12-05_2024-12-19|2025-08-02_2025-08-16|2022-03-06_2022-03-20|2024-08-07_2024-08-21
0.0,2,CPI m/m|Core CPI m/m,Good|Neutral,6,4,2,66.7,33.3,2.0,2019-02-05_2019-02-19|2020-01-31_2020-02-14|2023-03-31_2023-04-14|2023-05-30_2023-06-13|2024-05-09_2024-05-23|2026-02-13_2026-02-27
0.0,2,CPI m/m|Core CPI m/m,Neutral|Good,5,4,1,80.0,20.0,4.0,2019-03-07_2019-03-21|2020-01-01_2020-01-15|2022-04-05_2022-04-19|2025-01-04_2025-01-18|2025-12-30_2026-01-13
0.0,2,CPI m/m|Core CPI m/m,Bad|Good,1,1,0,100.0,0.0,inf,2019-04-06_2019-04-20
0.0,2,CPI m/m|Core CPI m/m,Bad|Bad,18,14,4,77.8,22.2,3.5,2019-07-05_2019-07-19|2020-07-14_2020-07-28|2020-07-29_2020-08-12|2021-04-10_2021-04-24|2021-06-09_2021-06-23|2021-07-09_2021-07-23|2021-11-06_2021-11-20|2022-01-05_2022-01-19|2022-02-04_2022-02-18|2022-05-05_2022-05-19|2022-06-04_2022-06-18|2022-07-04_2022-07-18|2022-10-02_2022-10-16|2024-02-09_2024-02-23|2024-04-09_2024-04-23|2024-10-06_2024-10-20|2025-02-03_2025-02-17|2021-05-10_2021-05-24
0.0,2,CPI m/m|Core CPI m/m,Bad|Neutral,5,4,1,80.0,20.0,4.0,2019-11-02_2019-11-16|2019-12-02_2019-12-16|2023-10-12_2023-10-26|2024-01-10_2024-01-24|2025-09-01_2025-09-15
0.1,2,CPI m/m|Core CPI m/m,Neutral|Neutral,38,23,15,60.5,39.5,1.53,2018-04-26_2018-05-10|2018-06-10_2018-06-24|2018-08-09_2018-08-23|2018-10-08_2018-10-22|2019-01-06_2019-01-20|2019-02-05_2019-02-19|2019-03-07_2019-03-21|2019-07-05_2019-07-19|2019-08-04_2019-08-18|2019-10-03_2019-10-17|2019-12-02_2019-12-16|2020-01-01_2020-01-15|2020-01-31_2020-02-14|2020-05-30_2020-06-13|2020-07-14_2020-07-28|2020-10-12_2020-10-26|2021-04-10_2021-04-24|2022-01-05_2022-01-19|2022-12-31_2023-01-14|2023-03-01_2023-03-15|2023-03-31_2023-04-14|2023-05-30_2023-06-13|2023-06-29_2023-07-13|2023-07-29_2023-08-12|2023-09-12_2023-09-26|2023-11-11_2023-11-25|2024-01-10_2024-01-24|2024-09-06_2024-09-20|2024-10-06_2024-10-20|2024-11-05_2024-11-19|2024-12-05_2024-12-19|2025-01-04_2025-01-18|2025-03-05_2025-03-19|2025-08-02_2025-08-16|2025-12-30_2026-01-13|2026-02-13_2026-02-27|2022-03-06_2022-03-20|2024-08-07_2024-08-21
0.1,2,CPI m/m|Core CPI m/m,Bad|Neutral,6,3,3,50.0,50.0,1.0,2019-04-06_2019-04-20|2019-11-02_2019-11-16|2022-02-04_2022-02-18|2022-06-04_2022-06-18|2023-10-12_2023-10-26|2025-09-01_2025-09-15
0.1,2,CPI m/m|Core CPI m/m,Good|Neutral,5,5,0,100.0,0.0,inf,2019-05-06_2019-05-20|2022-12-01_2022-12-15|2024-05-09_2024-05-23|2024-07-08_2024-07-22|2025-10-16_2025-10-30
0.1,2,CPI m/m|Core CPI m/m,Good|Good,6,4,2,66.7,33.3,2.0,2020-03-31_2020-04-14|2020-04-30_2020-05-14|2021-09-07_2021-09-21|2022-08-03_2022-08-17|2022-11-01_2022-11-15|2025-04-04_2025-04-18
0.1,2,CPI m/m|Core CPI m/m,Bad|Bad,9,9,0,100.0,0.0,inf,2020-07-29_2020-08-12|2021-06-09_2021-06-23|2021-07-09_2021-07-23|2021-11-06_2021-11-20|2022-07-04_2022-07-18|2022-10-02_2022-10-16|2024-04-09_2024-04-23|2025-02-03_2025-02-17|2021-05-10_2021-05-24
0.1,2,CPI m/m|Core CPI m/m,Neutral|Good,3,2,1,66.7,33.3,2.0,2020-11-11_2020-11-25|2022-04-05_2022-04-19|2025-06-03_2025-06-17
0.1,2,CPI m/m|Core CPI m/m,Neutral|Bad,4,3,1,75.0,25.0,3.0,2022-05-05_2022-05-19|2023-04-30_2023-05-14|2024-02-09_2024-02-23|2024-03-10_2024-03-24
0.2,2,CPI m/m|Core CPI m/m,Neutral|Neutral,66,45,21,68.2,31.8,2.14,2018-04-26_2018-05-10|2018-06-10_2018-06-24|2018-08-09_2018-08-23|2018-10-08_2018-10-22|2019-01-06_2019-01-20|2019-02-05_2019-02-19|2019-03-07_2019-03-21|2019-04-06_2019-04-20|2019-05-06_2019-05-20|2019-07-05_2019-07-19|2019-08-04_2019-08-18|2019-10-03_2019-10-17|2019-11-02_2019-11-16|2019-12-02_2019-12-16|2020-01-01_2020-01-15|2020-01-31_2020-02-14|2020-03-31_2020-04-14|2020-04-30_2020-05-14|2020-05-30_2020-06-13|2020-07-14_2020-07-28|2020-10-12_2020-10-26|2020-11-11_2020-11-25|2021-04-10_2021-04-24|2021-06-09_2021-06-23|2021-09-07_2021-09-21|2022-01-05_2022-01-19|2022-02-04_2022-02-18|2022-04-05_2022-04-19|2022-05-05_2022-05-19|2022-07-04_2022-07-18|2022-08-03_2022-08-17|2022-10-02_2022-10-16|2022-11-01_2022-11-15|2022-12-01_2022-12-15|2022-12-31_2023-01-14|2023-03-01_2023-03-15|2023-03-31_2023-04-14|2023-04-30_2023-05-14|2023-05-30_2023-06-13|2023-06-29_2023-07-13|2023-07-29_2023-08-12|2023-09-12_2023-09-26|2023-10-12_2023-10-26|2023-11-11_2023-11-25|2024-01-10_2024-01-24|2024-02-09_2024-02-23|2024-04-09_2024-04-23|2024-05-09_2024-05-23|2024-07-08_2024-07-22|2024-09-06_2024-09-20|2024-10-06_2024-10-20|2024-11-05_2024-11-19|2024-12-05_2024-12-19|2025-01-04_2025-01-18|2025-02-03_2025-02-17|2025-03-05_2025-03-19|2025-04-04_2025-04-18|2025-06-03_2025-06-17|2025-08-02_2025-08-16|2025-09-01_2025-09-15|2025-10-16_2025-10-30|2025-12-30_2026-01-13|2026-02-13_2026-02-27|2022-03-06_2022-03-20|2024-03-10_2024-03-24|2024-08-07_2024-08-21
0.2,2,CPI m/m|Core CPI m/m,Bad|Bad,3,3,0,100.0,0.0,inf,2020-07-29_2020-08-12|2021-07-09_2021-07-23|2021-05-10_2021-05-24
0.2,2,CPI m/m|Core CPI m/m,Bad|Neutral,2,1,1,50.0,50.0,1.0,2021-11-06_2021-11-20|2022-06-04_2022-06-18
0.3,2,CPI m/m|Core CPI m/m,Neutral|Neutral,66,45,21,68.2,31.8,2.14,2018-04-26_2018-05-10|2018-06-10_2018-06-24|2018-08-09_2018-08-23|2018-10-08_2018-10-22|2019-01-06_2019-01-20|2019-02-05_2019-02-19|2019-03-07_2019-03-21|2019-04-06_2019-04-20|2019-05-06_2019-05-20|2019-07-05_2019-07-19|2019-08-04_2019-08-18|2019-10-03_2019-10-17|2019-11-02_2019-11-16|2019-12-02_2019-12-16|2020-01-01_2020-01-15|2020-01-31_2020-02-14|2020-03-31_2020-04-14|2020-04-30_2020-05-14|2020-05-30_2020-06-13|2020-07-14_2020-07-28|2020-10-12_2020-10-26|2020-11-11_2020-11-25|2021-04-10_2021-04-24|2021-06-09_2021-06-23|2021-09-07_2021-09-21|2022-01-05_2022-01-19|2022-02-04_2022-02-18|2022-04-05_2022-04-19|2022-05-05_2022-05-19|2022-07-04_2022-07-18|2022-08-03_2022-08-17|2022-10-02_2022-10-16|2022-11-01_2022-11-15|2022-12-01_2022-12-15|2022-12-31_2023-01-14|2023-03-01_2023-03-15|2023-03-31_2023-04-14|2023-04-30_2023-05-14|2023-05-30_2023-06-13|2023-06-29_2023-07-13|2023-07-29_2023-08-12|2023-09-12_2023-09-26|2023-10-12_2023-10-26|2023-11-11_2023-11-25|2024-01-10_2024-01-24|2024-02-09_2024-02-23|2024-04-09_2024-04-23|2024-05-09_2024-05-23|2024-07-08_2024-07-22|2024-09-06_2024-09-20|2024-10-06_2024-10-20|2024-11-05_2024-11-19|2024-12-05_2024-12-19|2025-01-04_2025-01-18|2025-02-03_2025-02-17|2025-03-05_2025-03-19|2025-04-04_2025-04-18|2025-06-03_2025-06-17|2025-08-02_2025-08-16|2025-09-01_2025-09-15|2025-10-16_2025-10-30|2025-12-30_2026-01-13|2026-02-13_2026-02-27|2022-03-06_2022-03-20|2024-03-10_2024-03-24|2024-08-07_2024-08-21
0.3,2,CPI m/m|Core CPI m/m,Neutral|Bad,1,1,0,100.0,0.0,inf,2020-07-29_2020-08-12
0.3,2,CPI m/m|Core CPI m/m,Bad|Bad,2,2,0,100.0,0.0,inf,2021-07-09_2021-07-23|2021-05-10_2021-05-24
0.3,2,CPI m/m|Core CPI m/m,Bad|Neutral,2,1,1,50.0,50.0,1.0,2021-11-06_2021-11-20|2022-06-04_2022-06-18
0.0,2,CPI m/m|PPI m/m,Good|Good,12,8,4,66.7,33.3,2.0,2018-04-26_2018-05-10|2019-02-05_2019-02-19|2019-10-03_2019-10-17|2020-04-30_2020-05-14|2022-08-03_2022-08-17|2022-11-01_2022-11-15|2023-03-31_2023-04-14|2023-06-29_2023-07-13|2023-11-11_2023-11-25|2025-03-05_2025-03-19|2025-04-04_2025-04-18|2025-06-03_2025-06-17
0.0,2,CPI m/m|PPI m/m,Neutral|Bad,9,5,4,55.6,44.4,1.25,2018-06-10_2018-06-24|2020-10-12_2020-10-26|2022-04-05_2022-04-19|2023-07-29_2023-08-12|2023-09-12_2023-09-26|2024-09-06_2024-09-20|2024-12-05_2024-12-19|2025-08-02_2025-08-16|2024-03-10_2024-03-24
0.0,2,CPI m/m|PPI m/m,Neutral|Good,9,6,3,66.7,33.3,2.0,2018-08-09_2018-08-23|2019-01-06_2019-01-20|2019-03-07_2019-03-21|2020-01-01_2020-01-15|2023-03-01_2023-03-15|2023-04-30_2023-05-14|2025-01-04_2025-01-18|2022-03-06_2022-03-20|2024-08-07_2024-08-21
0.0,2,CPI m/m|PPI m/m,Good|Neutral,2,2,0,100.0,0.0,inf,2018-10-08_2018-10-22|2019-05-06_2019-05-20
0.0,2,CPI m/m|PPI m/m,Bad|Bad,11,9,2,81.8,18.2,4.5,2019-04-06_2019-04-20|2019-11-02_2019-11-16|2020-07-29_2020-08-12|2021-06-09_2021-06-23|2021-07-09_2021-07-23|2022-02-04_2022-02-18|2022-07-04_2022-07-18|2022-10-02_2022-10-16|2024-02-09_2024-02-23|2025-02-03_2025-02-17|2021-05-10_2021-05-24
0.0,2,CPI m/m|PPI m/m,Bad|Neutral,4,3,1,75.0,25.0,3.0,2019-07-05_2019-07-19|2021-11-06_2021-11-20|2022-05-05_2022-05-19|2022-06-04_2022-06-18
0.0,2,CPI m/m|PPI m/m,Neutral|Neutral,2,0,2,0.0,100.0,0.0,2019-08-04_2019-08-18|2024-11-05_2024-11-19
0.0,2,CPI m/m|PPI m/m,Bad|Good,6,6,0,100.0,0.0,inf,2019-12-02_2019-12-16|2022-01-05_2022-01-19|2024-01-10_2024-01-24|2024-04-09_2024-04-23|2024-10-06_2024-10-20|2025-09-01_2025-09-15
0.0,2,CPI m/m|PPI m/m,Good|Bad,8,4,4,50.0,50.0,1.0,2020-03-31_2020-04-14|2020-05-30_2020-06-13|2020-11-11_2020-11-25|2021-09-07_2021-09-21|2022-12-01_2022-12-15|2024-05-09_2024-05-23|2024-07-08_2024-07-22|2026-02-13_2026-02-27
0.1,2,CPI m/m|PPI m/m,Neutral|Neutral,17,8,9,47.1,52.9,0.89,2018-04-26_2018-05-10|2018-10-08_2018-10-22|2019-01-06_2019-01-20|2019-03-07_2019-03-21|2019-07-05_2019-07-19|2019-08-04_2019-08-18|2020-01-01_2020-01-15|2020-11-11_2020-11-25|2022-05-05_2022-05-19|2023-04-30_2023-05-14|2023-06-29_2023-07-13|2023-07-29_2023-08-12|2024-09-06_2024-09-20|2024-10-06_2024-10-20|2024-11-05_2024-11-19|2025-06-03_2025-06-17|2024-08-07_2024-08-21
0.1,2,CPI m/m|PPI m/m,Neutral|Bad,10,7,3,70.0,30.0,2.33,2018-06-10_2018-06-24|2020-05-30_2020-06-13|2020-10-12_2020-10-26|2022-04-05_2022-04-19|2023-09-12_2023-09-26|2024-02-09_2024-02-23|2024-12-05_2024-12-19|2025-08-02_2025-08-16|2026-02-13_2026-02-27|2024-03-10_2024-03-24
0.1,2,CPI m/m|PPI m/m,Neutral|Good,12,9,3,75.0,25.0,3.0,2018-08-09_2018-08-23|2019-02-05_2019-02-19|2019-10-03_2019-10-17|2019-12-02_2019-12-16|2022-01-05_2022-01-19|2023-03-01_2023-03-15|2023-03-31_2023-04-14|2023-11-11_2023-11-25|2024-01-10_2024-01-24|2025-01-04_2025-01-18|2025-03-05_2025-03-19|2022-03-06_2022-03-20
0.1,2,CPI m/m|PPI m/m,Bad|Bad,10,8,2,80.0,20.0,4.0,2019-04-06_2019-04-20|2019-11-02_2019-11-16|2020-07-29_2020-08-12|2021-06-09_2021-06-23|2021-07-09_2021-07-23|2022-02-04_2022-02-18|2022-07-04_2022-07-18|2022-10-02_2022-10-16|2025-02-03_2025-02-17|2021-05-10_2021-05-24
0.1,2,CPI m/m|PPI m/m,Good|Neutral,5,3,2,60.0,40.0,1.5,2019-05-06_2019-05-20|2020-03-31_2020-04-14|2021-09-07_2021-09-21|2022-12-01_2022-12-15|2024-07-08_2024-07-22
0.1,2,CPI m/m|PPI m/m,Good|Good,4,4,0,100.0,0.0,inf,2020-04-30_2020-05-14|2022-08-03_2022-08-17|2022-11-01_2022-11-15|2025-04-04_2025-04-18
0.1,2,CPI m/m|PPI m/m,Bad|Neutral,3,2,1,66.7,33.3,2.0,2021-11-06_2021-11-20|2022-06-04_2022-06-18|2024-04-09_2024-04-23
0.1,2,CPI m/m|PPI m/m,Good|Bad,1,1,0,100.0,0.0,inf,2024-05-09_2024-05-23
0.1,2,CPI m/m|PPI m/m,Bad|Good,1,1,0,100.0,0.0,inf,2025-09-01_2025-09-15
0.2,2,CPI m/m|PPI m/m,Neutral|Neutral,40,26,14,65.0,35.0,1.86,2018-04-26_2018-05-10|2018-06-10_2018-06-24|2018-08-09_2018-08-23|2018-10-08_2018-10-22|2019-01-06_2019-01-20|2019-02-05_2019-02-19|2019-03-07_2019-03-21|2019-05-06_2019-05-20|2019-07-05_2019-07-19|2019-08-04_2019-08-18|2019-11-02_2019-11-16|2019-12-02_2019-12-16|2020-01-01_2020-01-15|2020-03-31_2020-04-14|2020-10-12_2020-10-26|2020-11-11_2020-11-25|2021-09-07_2021-09-21|2022-01-05_2022-01-19|2022-05-05_2022-05-19|2022-10-02_2022-10-16|2022-11-01_2022-11-15|2022-12-01_2022-12-15|2023-04-30_2023-05-14|2023-06-29_2023-07-13|2023-07-29_2023-08-12|2024-01-10_2024-01-24|2024-02-09_2024-02-23|2024-04-09_2024-04-23|2024-05-09_2024-05-23|2024-07-08_2024-07-22|2024-09-06_2024-09-20|2024-10-06_2024-10-20|2024-11-05_2024-11-19|2024-12-05_2024-12-19|2025-01-04_2025-01-18|2025-02-03_2025-02-17|2025-06-03_2025-06-17|2026-02-13_2026-02-27|2022-03-06_2022-03-20|2024-08-07_2024-08-21
0.2,2,CPI m/m|PPI m/m,Neutral|Bad,9,7,2,77.8,22.2,3.5,2019-04-06_2019-04-20|2020-05-30_2020-06-13|2021-06-09_2021-06-23|2022-02-04_2022-02-18|2022-04-05_2022-04-19|2022-07-04_2022-07-18|2023-09-12_2023-09-26|2025-08-02_2025-08-16|2024-03-10_2024-03-24
0.2,2,CPI m/m|PPI m/m,Neutral|Good,9,6,3,66.7,33.3,2.0,2019-10-03_2019-10-17|2020-04-30_2020-05-14|2022-08-03_2022-08-17|2023-03-01_2023-03-15|2023-03-31_2023-04-14|2023-11-11_2023-11-25|2025-03-05_2025-03-19|2025-04-04_2025-04-18|2025-09-01_2025-09-15
0.2,2,CPI m/m|PPI m/m,Bad|Bad,3,3,0,100.0,0.0,inf,2020-07-29_2020-08-12|2021-07-09_2021-07-23|2021-05-10_2021-05-24
0.2,2,CPI m/m|PPI m/m,Bad|Neutral,2,1,1,50.0,50.0,1.0,2021-11-06_2021-11-20|2022-06-04_2022-06-18
0.3,2,CPI m/m|PPI m/m,Neutral|Neutral,46,31,15,67.4,32.6,2.07,2018-04-26_2018-05-10|2018-06-10_2018-06-24|2018-08-09_2018-08-23|2018-10-08_2018-10-22|2019-01-06_2019-01-20|2019-02-05_2019-02-19|2019-03-07_2019-03-21|2019-04-06_2019-04-20|2019-05-06_2019-05-20|2019-07-05_2019-07-19|2019-08-04_2019-08-18|2019-11-02_2019-11-16|2019-12-02_2019-12-16|2020-01-01_2020-01-15|2020-03-31_2020-04-14|2020-07-29_2020-08-12|2020-10-12_2020-10-26|2020-11-11_2020-11-25|2021-09-07_2021-09-21|2022-01-05_2022-01-19|2022-04-05_2022-04-19|2022-05-05_2022-05-19|2022-10-02_2022-10-16|2022-11-01_2022-11-15|2022-12-01_2022-12-15|2023-04-30_2023-05-14|2023-06-29_2023-07-13|2023-07-29_2023-08-12|2023-09-12_2023-09-26|2024-01-10_2024-01-24|2024-02-09_2024-02-23|2024-04-09_2024-04-23|2024-05-09_2024-05-23|2024-07-08_2024-07-22|2024-09-06_2024-09-20|2024-10-06_2024-10-20|2024-11-05_2024-11-19|2024-12-05_2024-12-19|2025-01-04_2025-01-18|2025-02-03_2025-02-17|2025-03-05_2025-03-19|2025-06-03_2025-06-17|2026-02-13_2026-02-27|2022-03-06_2022-03-20|2024-03-10_2024-03-24|2024-08-07_2024-08-21
0.3,2,CPI m/m|PPI m/m,Neutral|Good,8,6,2,75.0,25.0,3.0,2019-10-03_2019-10-17|2020-04-30_2020-05-14|2022-08-03_2022-08-17|2023-03-01_2023-03-15|2023-03-31_2023-04-14|2023-11-11_2023-11-25|2025-04-04_2025-04-18|2025-09-01_2025-09-15
0.3,2,CPI m/m|PPI m/m,Neutral|Bad,5,3,2,60.0,40.0,1.5,2020-05-30_2020-06-13|2021-06-09_2021-06-23|2022-02-04_2022-02-18|2022-07-04_2022-07-18|2025-08-02_2025-08-16
0.3,2,CPI m/m|PPI m/m,Bad|Bad,1,1,0,100.0,0.0,inf,2021-07-09_2021-07-23
0.3,2,CPI m/m|PPI m/m,Bad|Neutral,3,2,1,66.7,33.3,2.0,2021-11-06_2021-11-20|2022-06-04_2022-06-18|2021-05-10_2021-05-24
0.0,2,CPI m/m|Core PPI m/m,Good|Neutral,3,3,0,100.0,0.0,inf,2018-04-26_2018-05-10|2018-10-08_2018-10-22|2020-05-30_2020-06-13
0.0,2,CPI m/m|Core PPI m/m,Neutral|Bad,7,4,3,57.1,42.9,1.33,2018-06-10_2018-06-24|2020-10-12_2020-10-26|2022-04-05_2022-04-19|2023-07-29_2023-08-12|2024-09-06_2024-09-20|2025-08-02_2025-08-16|2024-03-10_2024-03-24
0.0,2,CPI m/m|Core PPI m/m,Neutral|Good,9,6,3,66.7,33.3,2.0,2018-08-09_2018-08-23|2019-01-06_2019-01-20|2019-03-07_2019-03-21|2019-08-04_2019-08-18|2020-01-01_2020-01-15|2023-03-01_2023-03-15|2025-01-04_2025-01-18|2022-03-06_2022-03-20|2024-08-07_2024-08-21
0.0,2,CPI m/m|Core PPI m/m,Good|Bad,7,4,3,57.1,42.9,1.33,2019-02-05_2019-02-19|2020-03-31_2020-04-14|2021-09-07_2021-09-21|2022-12-01_2022-12-15|2024-05-09_2024-05-23|2024-07-08_2024-07-22|2026-02-13_2026-02-27
0.0,2,CPI m/m|Core PPI m/m,Bad|Bad,9,7,2,77.8,22.2,3.5,2019-04-06_2019-04-20|2019-07-05_2019-07-19|2019-11-02_2019-11-16|2020-07-29_2020-08-12|2021-06-09_2021-06-23|2021-07-09_2021-07-23|2022-02-04_2022-02-18|2024-02-09_2024-02-23|2021-05-10_2021-05-24
0.0,2,CPI m/m|Core PPI m/m,Good|Good,12,7,5,58.3,41.7,1.4,2019-05-06_2019-05-20|2019-10-03_2019-10-17|2020-04-30_2020-05-14|2020-11-11_2020-11-25|2022-08-03_2022-08-17|2022-11-01_2022-11-15|2023-03-31_2023-04-14|2023-06-29_2023-07-13|2023-11-11_2023-11-25|2025-03-05_2025-03-19|2025-04-04_2025-04-18|2025-06-03_2025-06-17
0.0,2,CPI m/m|Core PPI m/m,Bad|Good,7,6,1,85.7,14.3,6.0,2019-12-02_2019-12-16|2021-11-06_2021-11-20|2022-05-05_2022-05-19|2022-06-04_2022-06-18|2022-07-04_2022-07-18|2024-01-10_2024-01-24|2025-09-01_2025-09-15
0.0,2,CPI m/m|Core PPI m/m,Bad|Neutral,5,5,0,100.0,0.0,inf,2022-01-05_2022-01-19|2022-10-02_2022-10-16|2024-04-09_2024-04-23|2024-10-06_2024-10-20|2025-02-03_2025-02-17
0.0,2,CPI m/m|Core PPI m/m,Neutral|Neutral,4,1,3,25.0,75.0,0.33,2023-04-30_2023-05-14|2023-09-12_2023-09-26|2024-11-05_2024-11-19|2024-12-05_2024-12-19
0.1,2,CPI m/m|Core PPI m/m,Neutral|Neutral,20,12,8,60.0,40.0,1.5,2018-04-26_2018-05-10|2018-06-10_2018-06-24|2018-08-09_2018-08-23|2018-10-08_2018-10-22|2019-02-05_2019-02-19|2019-03-07_2019-03-21|2019-07-05_2019-07-19|2020-01-01_2020-01-15|2020-05-30_2020-06-13|2020-11-11_2020-11-25|2022-01-05_2022-01-19|2023-04-30_2023-05-14|2023-06-29_2023-07-13|2023-07-29_2023-08-12|2023-09-12_2023-09-26|2024-09-06_2024-09-20|2024-10-06_2024-10-20|2024-11-05_2024-11-19|2024-12-05_2024-12-19|2024-03-10_2024-03-24
0.1,2,CPI m/m|Core PPI m/m,Neutral|Good,14,9,5,64.3,35.7,1.8,2019-01-06_2019-01-20|2019-08-04_2019-08-18|2019-10-03_2019-10-17|2019-12-02_2019-12-16|2022-05-05_2022-05-19|2023-03-01_2023-03-15|2023-03-31_2023-04-14|2023-11-11_2023-11-25|2024-01-10_2024-01-24|2025-01-04_2025-01-18|2025-03-05_2025-03-19|2025-06-03_2025-06-17|2022-03-06_2022-03-20|2024-08-07_2024-08-21
0.1,2,CPI m/m|Core PPI m/m,Bad|Neutral,8,6,2,75.0,25.0,3.0,2019-04-06_2019-04-20|2019-11-02_2019-11-16|2021-11-06_2021-11-20|2022-06-04_2022-06-18|2022-07-04_2022-07-18|2022-10-02_2022-10-16|2024-04-09_2024-04-23|2025-02-03_2025-02-17
0.1,2,CPI m/m|Core PPI m/m,Good|Neutral,2,1,1,50.0,50.0,1.0,2019-05-06_2019-05-20|2021-09-07_2021-09-21
0.1,2,CPI m/m|Core PPI m/m,Good|Bad,4,3,1,75.0,25.0,3.0,2020-03-31_2020-04-14|2022-12-01_2022-12-15|2024-05-09_2024-05-23|2024-07-08_2024-07-22
0.1,2,CPI m/m|Core PPI m/m,Good|Good,4,4,0,100.0,0.0,inf,2020-04-30_2020-05-14|2022-08-03_2022-08-17|2022-11-01_2022-11-15|2025-04-04_2025-04-18
0.1,2,CPI m/m|Core PPI m/m,Bad|Bad,5,4,1,80.0,20.0,4.0,2020-07-29_2020-08-12|2021-06-09_2021-06-23|2021-07-09_2021-07-23|2022-02-04_2022-02-18|2021-05-10_2021-05-24
0.1,2,CPI m/m|Core PPI m/m,Neutral|Bad,5,3,2,60.0,40.0,1.5,2020-10-12_2020-10-26|2022-04-05_2022-04-19|2024-02-09_2024-02-23|2025-08-02_2025-08-16|2026-02-13_2026-02-27
0.1,2,CPI m/m|Core PPI m/m,Bad|Good,1,1,0,100.0,0.0,inf,2025-09-01_2025-09-15
0.2,2,CPI m/m|Core PPI m/m,Neutral|Neutral,40,28,12,70.0,30.0,2.33,2018-04-26_2018-05-10|2018-06-10_2018-06-24|2018-08-09_2018-08-23|2018-10-08_2018-10-22|2019-02-05_2019-02-19|2019-03-07_2019-03-21|2019-04-06_2019-04-20|2019-05-06_2019-05-20|2019-07-05_2019-07-19|2019-11-02_2019-11-16|2020-01-01_2020-01-15|2020-03-31_2020-04-14|2020-04-30_2020-05-14|2020-05-30_2020-06-13|2020-10-12_2020-10-26|2020-11-11_2020-11-25|2021-06-09_2021-06-23|2021-09-07_2021-09-21|2022-01-05_2022-01-19|2022-05-05_2022-05-19|2022-07-04_2022-07-18|2022-08-03_2022-08-17|2022-10-02_2022-10-16|2022-12-01_2022-12-15|2023-04-30_2023-05-14|2023-06-29_2023-07-13|2023-07-29_2023-08-12|2023-09-12_2023-09-26|2024-01-10_2024-01-24|2024-04-09_2024-04-23|2024-07-08_2024-07-22|2024-09-06_2024-09-20|2024-10-06_2024-10-20|2024-11-05_2024-11-19|2024-12-05_2024-12-19|2025-01-04_2025-01-18|2025-02-03_2025-02-17|2025-06-03_2025-06-17|2024-03-10_2024-03-24|2024-08-07_2024-08-21
0.2,2,CPI m/m|Core PPI m/m,Neutral|Good,12,8,4,66.7,33.3,2.0,2019-01-06_2019-01-20|2019-08-04_2019-08-18|2019-10-03_2019-10-17|2019-12-02_2019-12-16|2022-11-01_2022-11-15|2023-03-01_2023-03-15|2023-03-31_2023-04-14|2023-11-11_2023-11-25|2025-03-05_2025-03-19|2025-04-04_2025-04-18|2025-09-01_2025-09-15|2022-03-06_2022-03-20
0.2,2,CPI m/m|Core PPI m/m,Bad|Bad,3,3,0,100.0,0.0,inf,2020-07-29_2020-08-12|2021-07-09_2021-07-23|2021-05-10_2021-05-24
0.2,2,CPI m/m|Core PPI m/m,Bad|Neutral,2,1,1,50.0,50.0,1.0,2021-11-06_2021-11-20|2022-06-04_2022-06-18
0.2,2,CPI m/m|Core PPI m/m,Neutral|Bad,6,3,3,50.0,50.0,1.0,2022-02-04_2022-02-18|2022-04-05_2022-04-19|2024-02-09_2024-02-23|2024-05-09_2024-05-23|2025-08-02_2025-08-16|2026-02-13_2026-02-27
0.3,2,CPI m/m|Core PPI m/m,Neutral|Neutral,43,31,12,72.1,27.9,2.58,2018-04-26_2018-05-10|2018-06-10_2018-06-24|2018-08-09_2018-08-23|2018-10-08_2018-10-22|2019-02-05_2019-02-19|2019-03-07_2019-03-21|2019-04-06_2019-04-20|2019-05-06_2019-05-20|2019-07-05_2019-07-19|2019-11-02_2019-11-16|2020-01-01_2020-01-15|2020-03-31_2020-04-14|2020-04-30_2020-05-14|2020-05-30_2020-06-13|2020-10-12_2020-10-26|2020-11-11_2020-11-25|2021-06-09_2021-06-23|2021-09-07_2021-09-21|2022-01-05_2022-01-19|2022-05-05_2022-05-19|2022-07-04_2022-07-18|2022-08-03_2022-08-17|2022-10-02_2022-10-16|2022-11-01_2022-11-15|2022-12-01_2022-12-15|2023-04-30_2023-05-14|2023-06-29_2023-07-13|2023-07-29_2023-08-12|2023-09-12_2023-09-26|2023-11-11_2023-11-25|2024-01-10_2024-01-24|2024-04-09_2024-04-23|2024-05-09_2024-05-23|2024-07-08_2024-07-22|2024-09-06_2024-09-20|2024-10-06_2024-10-20|2024-11-05_2024-11-19|2024-12-05_2024-12-19|2025-01-04_2025-01-18|2025-02-03_2025-02-17|2025-06-03_2025-06-17|2024-03-10_2024-03-24|2024-08-07_2024-08-21
0.3,2,CPI m/m|Core PPI m/m,Neutral|Good,10,6,4,60.0,40.0,1.5,2019-01-06_2019-01-20|2019-08-04_2019-08-18|2019-10-03_2019-10-17|2019-12-02_2019-12-16|2023-03-01_2023-03-15|2023-03-31_2023-04-14|2025-03-05_2025-03-19|2025-04-04_2025-04-18|2025-09-01_2025-09-15|2022-03-06_2022-03-20
0.3,2,CPI m/m|Core PPI m/m,Neutral|Bad,6,3,3,50.0,50.0,1.0,2020-07-29_2020-08-12|2022-02-04_2022-02-18|2022-04-05_2022-04-19|2024-02-09_2024-02-23|2025-08-02_2025-08-16|2026-02-13_2026-02-27
0.3,2,CPI m/m|Core PPI m/m,Bad|Bad,1,1,0,100.0,0.0,inf,2021-07-09_2021-07-23
0.3,2,CPI m/m|Core PPI m/m,Bad|Neutral,3,2,1,66.7,33.3,2.0,2021-11-06_2021-11-20|2022-06-04_2022-06-18|2021-05-10_2021-05-24
0.0,2,CPI m/m|FOMC,Neutral|Neutral,4,1,3,25.0,75.0,0.33,2023-04-30_2023-05-14|2023-09-12_2023-09-26|2024-11-05_2024-11-19|2024-12-05_2024-12-19
0.0,2,CPI m/m|FOMC,Neutral|Good,1,0,1,0.0,100.0,0.0,2024-09-06_2024-09-20
0.1,2,CPI m/m|FOMC,Neutral|Neutral,4,1,3,25.0,75.0,0.33,2023-04-30_2023-05-14|2023-09-12_2023-09-26|2024-11-05_2024-11-19|2024-12-05_2024-12-19
0.1,2,CPI m/m|FOMC,Neutral|Good,1,0,1,0.0,100.0,0.0,2024-09-06_2024-09-20
0.2,2,CPI m/m|FOMC,Neutral|Neutral,4,1,3,25.0,75.0,0.33,2023-04-30_2023-05-14|2023-09-12_2023-09-26|2024-11-05_2024-11-19|2024-12-05_2024-12-19
0.2,2,CPI m/m|FOMC,Neutral|Good,1,0,1,0.0,100.0,0.0,2024-09-06_2024-09-20
0.3,2,CPI m/m|FOMC,Neutral|Neutral,5,1,4,20.0,80.0,0.25,2023-04-30_2023-05-14|2023-09-12_2023-09-26|2024-09-06_2024-09-20|2024-11-05_2024-11-19|2024-12-05_2024-12-19
0.0,2,CPI m/m|CPI y/y,Good|Neutral,3,2,1,66.7,33.3,2.0,2018-04-26_2018-05-10|2021-09-07_2021-09-21|2024-05-09_2024-05-23
0.0,2,CPI m/m|CPI y/y,Neutral|Neutral,13,9,4,69.2,30.8,2.25,2018-06-10_2018-06-24|2018-08-09_2018-08-23|2019-01-06_2019-01-20|2020-01-01_2020-01-15|2020-10-12_2020-10-26|2022-12-31_2023-01-14|2023-03-01_2023-03-15|2024-09-06_2024-09-20|2024-11-05_2024-11-19|2024-12-05_2024-12-19|2025-01-04_2025-01-18|2025-12-30_2026-01-13|2022-03-06_2022-03-20
0.0,2,CPI m/m|CPI y/y,Good|Good,20,13,7,65.0,35.0,1.86,2018-10-08_2018-10-22|2019-05-06_2019-05-20|2019-10-03_2019-10-17|2020-03-31_2020-04-14|2020-04-30_2020-05-14|2020-05-30_2020-06-13|2020-11-11_2020-11-25|2022-08-03_2022-08-17|2022-11-01_2022-11-15|2022-12-01_2022-12-15|2023-03-31_2023-04-14|2023-05-30_2023-06-13|2023-06-29_2023-07-13|2023-11-11_2023-11-25|2024-07-08_2024-07-22|2025-03-05_2025-03-19|2025-04-04_2025-04-18|2025-06-03_2025-06-17|2025-10-16_2025-10-30|2026-02-13_2026-02-27
0.0,2,CPI m/m|CPI y/y,Good|Bad,2,2,0,100.0,0.0,inf,2019-02-05_2019-02-19|2020-01-31_2020-02-14
0.0,2,CPI m/m|CPI y/y,Neutral|Good,5,1,4,20.0,80.0,0.25,2019-03-07_2019-03-21|2023-04-30_2023-05-14|2023-07-29_2023-08-12|2025-08-02_2025-08-16|2024-08-07_2024-08-21
0.0,2,CPI m/m|CPI y/y,Bad|Bad,20,16,4,80.0,20.0,4.0,2019-04-06_2019-04-20|2019-11-02_2019-11-16|2019-12-02_2019-12-16|2020-07-29_2020-08-12|2021-04-10_2021-04-24|2021-06-09_2021-06-23|2021-07-09_2021-07-23|2021-11-06_2021-11-20|2022-02-04_2022-02-18|2022-05-05_2022-05-19|2022-06-04_2022-06-18|2022-07-04_2022-07-18|2022-10-02_2022-10-16|2023-10-12_2023-10-26|2024-01-10_2024-01-24|2024-02-09_2024-02-23|2024-04-09_2024-04-23|2024-10-06_2024-10-20|2025-02-03_2025-02-17|2021-05-10_2021-05-24
0.0,2,CPI m/m|CPI y/y,Bad|Neutral,4,3,1,75.0,25.0,3.0,2019-07-05_2019-07-19|2020-07-14_2020-07-28|2022-01-05_2022-01-19|2025-09-01_2025-09-15
0.0,2,CPI m/m|CPI y/y,Neutral|Bad,4,3,1,75.0,25.0,3.0,2019-08-04_2019-08-18|2022-04-05_2022-04-19|2023-09-12_2023-09-26|2024-03-10_2024-03-24
0.1,2,CPI m/m|CPI y/y,Neutral|Neutral,24,15,9,62.5,37.5,1.67,2018-04-26_2018-05-10|2018-06-10_2018-06-24|2018-08-09_2018-08-23|2019-01-06_2019-01-20|2019-07-05_2019-07-19|2020-01-01_2020-01-15|2020-07-14_2020-07-28|2020-10-12_2020-10-26|2022-01-05_2022-01-19|2022-04-05_2022-04-19|2022-12-31_2023-01-14|2023-03-01_2023-03-15|2023-03-31_2023-04-14|2023-04-30_2023-05-14|2023-05-30_2023-06-13|2023-07-29_2023-08-12|2023-11-11_2023-11-25|2024-09-06_2024-09-20|2024-11-05_2024-11-19|2024-12-05_2024-12-19|2025-01-04_2025-01-18|2025-08-02_2025-08-16|2025-12-30_2026-01-13|2022-03-06_2022-03-20
0.1,2,CPI m/m|CPI y/y,Neutral|Good,10,4,6,40.0,60.0,0.67,2018-10-08_2018-10-22|2019-03-07_2019-03-21|2019-10-03_2019-10-17|2020-05-30_2020-06-13|2020-11-11_2020-11-25|2023-06-29_2023-07-13|2025-03-05_2025-03-19|2025-06-03_2025-06-17|2026-02-13_2026-02-27|2024-08-07_2024-08-21
0.1,2,CPI m/m|CPI y/y,Neutral|Bad,11,9,2,81.8,18.2,4.5,2019-02-05_2019-02-19|2019-08-04_2019-08-18|2019-12-02_2019-12-16|2020-01-31_2020-02-14|2021-04-10_2021-04-24|2022-05-05_2022-05-19|2023-09-12_2023-09-26|2024-01-10_2024-01-24|2024-02-09_2024-02-23|2024-10-06_2024-10-20|2024-03-10_2024-03-24
0.1,2,CPI m/m|CPI y/y,Bad|Neutral,3,3,0,100.0,0.0,inf,2019-04-06_2019-04-20|2022-10-02_2022-10-16|2025-09-01_2025-09-15
0.1,2,CPI m/m|CPI y/y,Good|Good,9,8,1,88.9,11.1,8.0,2019-05-06_2019-05-20|2020-03-31_2020-04-14|2020-04-30_2020-05-14|2022-08-03_2022-08-17|2022-11-01_2022-11-15|2022-12-01_2022-12-15|2024-07-08_2024-07-22|2025-04-04_2025-04-18|2025-10-16_2025-10-30
0.1,2,CPI m/m|CPI y/y,Bad|Bad,12,9,3,75.0,25.0,3.0,2019-11-02_2019-11-16|2020-07-29_2020-08-12|2021-06-09_2021-06-23|2021-07-09_2021-07-23|2021-11-06_2021-11-20|2022-02-04_2022-02-18|2022-06-04_2022-06-18|2022-07-04_2022-07-18|2023-10-12_2023-10-26|2024-04-09_2024-04-23|2025-02-03_2025-02-17|2021-05-10_2021-05-24
0.1,2,CPI m/m|CPI y/y,Good|Neutral,2,1,1,50.0,50.0,1.0,2021-09-07_2021-09-21|2024-05-09_2024-05-23
0.2,2,CPI m/m|CPI y/y,Neutral|Neutral,59,39,20,66.1,33.9,1.95,2018-04-26_2018-05-10|2018-06-10_2018-06-24|2018-08-09_2018-08-23|2018-10-08_2018-10-22|2019-01-06_2019-01-20|2019-02-05_2019-02-19|2019-03-07_2019-03-21|2019-04-06_2019-04-20|2019-05-06_2019-05-20|2019-07-05_2019-07-19|2019-08-04_2019-08-18|2019-10-03_2019-10-17|2019-11-02_2019-11-16|2019-12-02_2019-12-16|2020-01-01_2020-01-15|2020-01-31_2020-02-14|2020-03-31_2020-04-14|2020-04-30_2020-05-14|2020-05-30_2020-06-13|2020-07-14_2020-07-28|2020-10-12_2020-10-26|2020-11-11_2020-11-25|2021-04-10_2021-04-24|2021-09-07_2021-09-21|2022-01-05_2022-01-19|2022-04-05_2022-04-19|2022-08-03_2022-08-17|2022-10-02_2022-10-16|2022-12-31_2023-01-14|2023-03-01_2023-03-15|2023-03-31_2023-04-14|2023-04-30_2023-05-14|2023-05-30_2023-06-13|2023-06-29_2023-07-13|2023-07-29_2023-08-12|2023-09-12_2023-09-26|2023-10-12_2023-10-26|2023-11-11_2023-11-25|2024-01-10_2024-01-24|2024-04-09_2024-04-23|2024-05-09_2024-05-23|2024-07-08_2024-07-22|2024-09-06_2024-09-20|2024-10-06_2024-10-20|2024-11-05_2024-11-19|2024-12-05_2024-12-19|2025-01-04_2025-01-18|2025-02-03_2025-02-17|2025-03-05_2025-03-19|2025-04-04_2025-04-18|2025-06-03_2025-06-17|2025-08-02_2025-08-16|2025-09-01_2025-09-15|2025-10-16_2025-10-30|2025-12-30_2026-01-13|2026-02-13_2026-02-27|2022-03-06_2022-03-20|2024-03-10_2024-03-24|2024-08-07_2024-08-21
0.2,2,CPI m/m|CPI y/y,Bad|Bad,5,4,1,80.0,20.0,4.0,2020-07-29_2020-08-12|2021-07-09_2021-07-23|2021-11-06_2021-11-20|2022-06-04_2022-06-18|2021-05-10_2021-05-24
0.2,2,CPI m/m|CPI y/y,Neutral|Bad,5,4,1,80.0,20.0,4.0,2021-06-09_2021-06-23|2022-02-04_2022-02-18|2022-05-05_2022-05-19|2022-07-04_2022-07-18|2024-02-09_2024-02-23
0.2,2,CPI m/m|CPI y/y,Neutral|Good,2,2,0,100.0,0.0,inf,2022-11-01_2022-11-15|2022-12-01_2022-12-15
0.3,2,CPI m/m|CPI y/y,Neutral|Neutral,65,44,21,67.7,32.3,2.1,2018-04-26_2018-05-10|2018-06-10_2018-06-24|2018-08-09_2018-08-23|2018-10-08_2018-10-22|2019-01-06_2019-01-20|2019-02-05_2019-02-19|2019-03-07_2019-03-21|2019-04-06_2019-04-20|2019-05-06_2019-05-20|2019-07-05_2019-07-19|2019-08-04_2019-08-18|2019-10-03_2019-10-17|2019-11-02_2019-11-16|2019-12-02_2019-12-16|2020-01-01_2020-01-15|2020-01-31_2020-02-14|2020-03-31_2020-04-14|2020-04-30_2020-05-14|2020-05-30_2020-06-13|2020-07-14_2020-07-28|2020-10-12_2020-10-26|2020-11-11_2020-11-25|2021-04-10_2021-04-24|2021-06-09_2021-06-23|2021-09-07_2021-09-21|2022-01-05_2022-01-19|2022-02-04_2022-02-18|2022-04-05_2022-04-19|2022-05-05_2022-05-19|2022-08-03_2022-08-17|2022-10-02_2022-10-16|2022-11-01_2022-11-15|2022-12-01_2022-12-15|2022-12-31_2023-01-14|2023-03-01_2023-03-15|2023-03-31_2023-04-14|2023-04-30_2023-05-14|2023-05-30_2023-06-13|2023-06-29_2023-07-13|2023-07-29_2023-08-12|2023-09-12_2023-09-26|2023-10-12_2023-10-26|2023-11-11_2023-11-25|2024-01-10_2024-01-24|2024-02-09_2024-02-23|2024-04-09_2024-04-23|2024-05-09_2024-05-23|2024-07-08_2024-07-22|2024-09-06_2024-09-20|2024-10-06_2024-10-20|2024-11-05_2024-11-19|2024-12-05_2024-12-19|2025-01-04_2025-01-18|2025-02-03_2025-02-17|2025-03-05_2025-03-19|2025-04-04_2025-04-18|2025-06-03_2025-06-17|2025-08-02_2025-08-16|2025-09-01_2025-09-15|2025-10-16_2025-10-30|2025-12-30_2026-01-13|2026-02-13_2026-02-27|2022-03-06_2022-03-20|2024-03-10_2024-03-24|2024-08-07_2024-08-21
0.3,2,CPI m/m|CPI y/y,Neutral|Bad,2,2,0,100.0,0.0,inf,2020-07-29_2020-08-12|2022-07-04_2022-07-18
0.3,2,CPI m/m|CPI y/y,Bad|Bad,2,2,0,100.0,0.0,inf,2021-07-09_2021-07-23|2021-05-10_2021-05-24
0.3,2,CPI m/m|CPI y/y,Bad|Neutral,2,1,1,50.0,50.0,1.0,2021-11-06_2021-11-20|2022-06-04_2022-06-18
0.0,2,Core CPI m/m|PPI m/m,Good|Good,13,9,4,69.2,30.8,2.25,2018-04-26_2018-05-10|2019-03-07_2019-03-21|2019-10-03_2019-10-17|2020-01-01_2020-01-15|2020-04-30_2020-05-14|2022-08-03_2022-08-17|2022-11-01_2022-11-15|2023-06-29_2023-07-13|2023-11-11_2023-11-25|2025-01-04_2025-01-18|2025-03-05_2025-03-19|2025-04-04_2025-04-18|2025-06-03_2025-06-17
0.0,2,Core CPI m/m|PPI m/m,Bad|Bad,13,11,2,84.6,15.4,5.5,2018-06-10_2018-06-24|2020-07-29_2020-08-12|2021-06-09_2021-06-23|2021-07-09_2021-07-23|2022-02-04_2022-02-18|2022-07-04_2022-07-18|2022-10-02_2022-10-16|2023-09-12_2023-09-26|2024-02-09_2024-02-23|2024-09-06_2024-09-20|2025-02-03_2025-02-17|2021-05-10_2021-05-24|2024-03-10_2024-03-24
0.0,2,Core CPI m/m|PPI m/m,Neutral|Good,9,7,2,77.8,22.2,3.5,2018-08-09_2018-08-23|2019-01-06_2019-01-20|2019-02-05_2019-02-19|2019-12-02_2019-12-16|2023-03-31_2023-04-14|2024-01-10_2024-01-24|2025-09-01_2025-09-15|2022-03-06_2022-03-20|2024-08-07_2024-08-21
0.0,2,Core CPI m/m|PPI m/m,Good|Neutral,2,2,0,100.0,0.0,inf,2018-10-08_2018-10-22|2019-05-06_2019-05-20
0.0,2,Core CPI m/m|PPI m/m,Good|Bad,8,5,3,62.5,37.5,1.67,2019-04-06_2019-04-20|2020-03-31_2020-04-14|2020-05-30_2020-06-13|2020-11-11_2020-11-25|2021-09-07_2021-09-21|2022-04-05_2022-04-19|2022-12-01_2022-12-15|2024-07-08_2024-07-22
0.0,2,Core CPI m/m|PPI m/m,Bad|Neutral,5,3,2,60.0,40.0,1.5,2019-07-05_2019-07-19|2019-08-04_2019-08-18|2021-11-06_2021-11-20|2022-05-05_2022-05-19|2022-06-04_2022-06-18
0.0,2,Core CPI m/m|PPI m/m,Neutral|Bad,7,2,5,28.6,71.4,0.4,2019-11-02_2019-11-16|2020-10-12_2020-10-26|2023-07-29_2023-08-12|2024-05-09_2024-05-23|2024-12-05_2024-12-19|2025-08-02_2025-08-16|2026-02-13_2026-02-27
0.0,2,Core CPI m/m|PPI m/m,Bad|Good,5,4,1,80.0,20.0,4.0,2022-01-05_2022-01-19|2023-03-01_2023-03-15|2023-04-30_2023-05-14|2024-04-09_2024-04-23|2024-10-06_2024-10-20
0.0,2,Core CPI m/m|PPI m/m,Neutral|Neutral,1,0,1,0.0,100.0,0.0,2024-11-05_2024-11-19
0.1,2,Core CPI m/m|PPI m/m,Neutral|Neutral,17,9,8,52.9,47.1,1.13,2018-04-26_2018-05-10|2018-10-08_2018-10-22|2019-01-06_2019-01-20|2019-03-07_2019-03-21|2019-05-06_2019-05-20|2019-07-05_2019-07-19|2019-08-04_2019-08-18|2020-01-01_2020-01-15|2022-06-04_2022-06-18|2022-12-01_2022-12-15|2023-06-29_2023-07-13|2023-07-29_2023-08-12|2024-07-08_2024-07-22|2024-09-06_2024-09-20|2024-10-06_2024-10-20|2024-11-05_2024-11-19|2024-08-07_2024-08-21
0.1,2,Core CPI m/m|PPI m/m,Neutral|Bad,11,6,5,54.5,45.5,1.2,2018-06-10_2018-06-24|2019-04-06_2019-04-20|2019-11-02_2019-11-16|2020-05-30_2020-06-13|2020-10-12_2020-10-26|2022-02-04_2022-02-18|2023-09-12_2023-09-26|2024-05-09_2024-05-23|2024-12-05_2024-12-19|2025-08-02_2025-08-16|2026-02-13_2026-02-27
0.1,2,Core CPI m/m|PPI m/m,Neutral|Good,13,10,3,76.9,23.1,3.33,2018-08-09_2018-08-23|2019-02-05_2019-02-19|2019-10-03_2019-10-17|2019-12-02_2019-12-16|2022-01-05_2022-01-19|2023-03-01_2023-03-15|2023-03-31_2023-04-14|2023-11-11_2023-11-25|2024-01-10_2024-01-24|2025-01-04_2025-01-18|2025-03-05_2025-03-19|2025-09-01_2025-09-15|2022-03-06_2022-03-20
0.1,2,Core CPI m/m|PPI m/m,Good|Neutral,4,1,3,25.0,75.0,0.33,2020-03-31_2020-04-14|2020-11-11_2020-11-25|2021-09-07_2021-09-21|2025-06-03_2025-06-17
0.1,2,Core CPI m/m|PPI m/m,Good|Good,4,4,0,100.0,0.0,inf,2020-04-30_2020-05-14|2022-08-03_2022-08-17|2022-11-01_2022-11-15|2025-04-04_2025-04-18
0.1,2,Core CPI m/m|PPI m/m,Bad|Bad,9,9,0,100.0,0.0,inf,2020-07-29_2020-08-12|2021-06-09_2021-06-23|2021-07-09_2021-07-23|2022-07-04_2022-07-18|2022-10-02_2022-10-16|2024-02-09_2024-02-23|2025-02-03_2025-02-17|2021-05-10_2021-05-24|2024-03-10_2024-03-24
0.1,2,Core CPI m/m|PPI m/m,Bad|Neutral,4,3,1,75.0,25.0,3.0,2021-11-06_2021-11-20|2022-05-05_2022-05-19|2023-04-30_2023-05-14|2024-04-09_2024-04-23
0.1,2,Core CPI m/m|PPI m/m,Good|Bad,1,1,0,100.0,0.0,inf,2022-04-05_2022-04-19
0.2,2,Core CPI m/m|PPI m/m,Neutral|Neutral,42,27,15,64.3,35.7,1.8,2018-04-26_2018-05-10|2018-06-10_2018-06-24|2018-08-09_2018-08-23|2018-10-08_2018-10-22|2019-01-06_2019-01-20|2019-02-05_2019-02-19|2019-03-07_2019-03-21|2019-05-06_2019-05-20|2019-07-05_2019-07-19|2019-08-04_2019-08-18|2019-11-02_2019-11-16|2019-12-02_2019-12-16|2020-01-01_2020-01-15|2020-03-31_2020-04-14|2020-10-12_2020-10-26|2020-11-11_2020-11-25|2021-09-07_2021-09-21|2021-11-06_2021-11-20|2022-01-05_2022-01-19|2022-05-05_2022-05-19|2022-06-04_2022-06-18|2022-10-02_2022-10-16|2022-11-01_2022-11-15|2022-12-01_2022-12-15|2023-04-30_2023-05-14|2023-06-29_2023-07-13|2023-07-29_2023-08-12|2024-01-10_2024-01-24|2024-02-09_2024-02-23|2024-04-09_2024-04-23|2024-05-09_2024-05-23|2024-07-08_2024-07-22|2024-09-06_2024-09-20|2024-10-06_2024-10-20|2024-11-05_2024-11-19|2024-12-05_2024-12-19|2025-01-04_2025-01-18|2025-02-03_2025-02-17|2025-06-03_2025-06-17|2026-02-13_2026-02-27|2022-03-06_2022-03-20|2024-08-07_2024-08-21
0.2,2,Core CPI m/m|PPI m/m,Neutral|Bad,9,7,2,77.8,22.2,3.5,2019-04-06_2019-04-20|2020-05-30_2020-06-13|2021-06-09_2021-06-23|2022-02-04_2022-02-18|2022-04-05_2022-04-19|2022-07-04_2022-07-18|2023-09-12_2023-09-26|2025-08-02_2025-08-16|2024-03-10_2024-03-24
0.2,2,Core CPI m/m|PPI m/m,Neutral|Good,9,6,3,66.7,33.3,2.0,2019-10-03_2019-10-17|2020-04-30_2020-05-14|2022-08-03_2022-08-17|2023-03-01_2023-03-15|2023-03-31_2023-04-14|2023-11-11_2023-11-25|2025-03-05_2025-03-19|2025-04-04_2025-04-18|2025-09-01_2025-09-15
0.2,2,Core CPI m/m|PPI m/m,Bad|Bad,3,3,0,100.0,0.0,inf,2020-07-29_2020-08-12|2021-07-09_2021-07-23|2021-05-10_2021-05-24
0.3,2,Core CPI m/m|PPI m/m,Neutral|Neutral,47,31,16,66.0,34.0,1.94,2018-04-26_2018-05-10|2018-06-10_2018-06-24|2018-08-09_2018-08-23|2018-10-08_2018-10-22|2019-01-06_2019-01-20|2019-02-05_2019-02-19|2019-03-07_2019-03-21|2019-04-06_2019-04-20|2019-05-06_2019-05-20|2019-07-05_2019-07-19|2019-08-04_2019-08-18|2019-11-02_2019-11-16|2019-12-02_2019-12-16|2020-01-01_2020-01-15|2020-03-31_2020-04-14|2020-10-12_2020-10-26|2020-11-11_2020-11-25|2021-09-07_2021-09-21|2021-11-06_2021-11-20|2022-01-05_2022-01-19|2022-04-05_2022-04-19|2022-05-05_2022-05-19|2022-06-04_2022-06-18|2022-10-02_2022-10-16|2022-11-01_2022-11-15|2022-12-01_2022-12-15|2023-04-30_2023-05-14|2023-06-29_2023-07-13|2023-07-29_2023-08-12|2023-09-12_2023-09-26|2024-01-10_2024-01-24|2024-02-09_2024-02-23|2024-04-09_2024-04-23|2024-05-09_2024-05-23|2024-07-08_2024-07-22|2024-09-06_2024-09-20|2024-10-06_2024-10-20|2024-11-05_2024-11-19|2024-12-05_2024-12-19|2025-01-04_2025-01-18|2025-02-03_2025-02-17|2025-03-05_2025-03-19|2025-06-03_2025-06-17|2026-02-13_2026-02-27|2022-03-06_2022-03-20|2024-03-10_2024-03-24|2024-08-07_2024-08-21
0.3,2,Core CPI m/m|PPI m/m,Neutral|Good,8,6,2,75.0,25.0,3.0,2019-10-03_2019-10-17|2020-04-30_2020-05-14|2022-08-03_2022-08-17|2023-03-01_2023-03-15|2023-03-31_2023-04-14|2023-11-11_2023-11-25|2025-04-04_2025-04-18|2025-09-01_2025-09-15
0.3,2,Core CPI m/m|PPI m/m,Neutral|Bad,5,3,2,60.0,40.0,1.5,2020-05-30_2020-06-13|2021-06-09_2021-06-23|2022-02-04_2022-02-18|2022-07-04_2022-07-18|2025-08-02_2025-08-16
0.3,2,Core CPI m/m|PPI m/m,Bad|Neutral,2,2,0,100.0,0.0,inf,2020-07-29_2020-08-12|2021-05-10_2021-05-24
0.3,2,Core CPI m/m|PPI m/m,Bad|Bad,1,1,0,100.0,0.0,inf,2021-07-09_2021-07-23
0.0,2,Core CPI m/m|Core PPI m/m,Good|Neutral,3,3,0,100.0,0.0,inf,2018-04-26_2018-05-10|2018-10-08_2018-10-22|2020-05-30_2020-06-13
0.0,2,Core CPI m/m|Core PPI m/m,Bad|Bad,10,8,2,80.0,20.0,4.0,2018-06-10_2018-06-24|2019-07-05_2019-07-19|2020-07-29_2020-08-12|2021-06-09_2021-06-23|2021-07-09_2021-07-23|2022-02-04_2022-02-18|2024-02-09_2024-02-23|2024-09-06_2024-09-20|2021-05-10_2021-05-24|2024-03-10_2024-03-24
0.0,2,Core CPI m/m|Core PPI m/m,Neutral|Good,8,6,2,75.0,25.0,3.0,2018-08-09_2018-08-23|2019-01-06_2019-01-20|2019-12-02_2019-12-16|2023-03-31_2023-04-14|2024-01-10_2024-01-24|2025-09-01_2025-09-15|2022-03-06_2022-03-20|2024-08-07_2024-08-21
0.0,2,Core CPI m/m|Core PPI m/m,Neutral|Bad,7,3,4,42.9,57.1,0.75,2019-02-05_2019-02-19|2019-11-02_2019-11-16|2020-10-12_2020-10-26|2023-07-29_2023-08-12|2024-05-09_2024-05-23|2025-08-02_2025-08-16|2026-02-13_2026-02-27
0.0,2,Core CPI m/m|Core PPI m/m,Good|Good,14,9,5,64.3,35.7,1.8,2019-03-07_2019-03-21|2019-05-06_2019-05-20|2019-10-03_2019-10-17|2020-01-01_2020-01-15|2020-04-30_2020-05-14|2020-11-11_2020-11-25|2022-08-03_2022-08-17|2022-11-01_2022-11-15|2023-06-29_2023-07-13|2023-11-11_2023-11-25|2025-01-04_2025-01-18|2025-03-05_2025-03-19|2025-04-04_2025-04-18|2025-06-03_2025-06-17
0.0,2,Core CPI m/m|Core PPI m/m,Good|Bad,6,4,2,66.7,33.3,2.0,2019-04-06_2019-04-20|2020-03-31_2020-04-14|2021-09-07_2021-09-21|2022-04-05_2022-04-19|2022-12-01_2022-12-15|2024-07-08_2024-07-22
0.0,2,Core CPI m/m|Core PPI m/m,Bad|Good,6,4,2,66.7,33.3,2.0,2019-08-04_2019-08-18|2021-11-06_2021-11-20|2022-05-05_2022-05-19|2022-06-04_2022-06-18|2022-07-04_2022-07-18|2023-03-01_2023-03-15
0.0,2,Core CPI m/m|Core PPI m/m,Bad|Neutral,7,6,1,85.7,14.3,6.0,2022-01-05_2022-01-19|2022-10-02_2022-10-16|2023-04-30_2023-05-14|2023-09-12_2023-09-26|2024-04-09_2024-04-23|2024-10-06_2024-10-20|2025-02-03_2025-02-17
0.0,2,Core CPI m/m|Core PPI m/m,Neutral|Neutral,2,0,2,0.0,100.0,0.0,2024-11-05_2024-11-19|2024-12-05_2024-12-19
0.1,2,Core CPI m/m|Core PPI m/m,Neutral|Neutral,21,13,8,61.9,38.1,1.62,2018-04-26_2018-05-10|2018-06-10_2018-06-24|2018-08-09_2018-08-23|2018-10-08_2018-10-22|2019-02-05_2019-02-19|2019-03-07_2019-03-21|2019-04-06_2019-04-20|2019-05-06_2019-05-20|2019-07-05_2019-07-19|2019-11-02_2019-11-16|2020-01-01_2020-01-15|2020-05-30_2020-06-13|2022-01-05_2022-01-19|2022-06-04_2022-06-18|2023-06-29_2023-07-13|2023-07-29_2023-08-12|2023-09-12_2023-09-26|2024-09-06_2024-09-20|2024-10-06_2024-10-20|2024-11-05_2024-11-19|2024-12-05_2024-12-19
0.1,2,Core CPI m/m|Core PPI m/m,Neutral|Good,13,8,5,61.5,38.5,1.6,2019-01-06_2019-01-20|2019-08-04_2019-08-18|2019-10-03_2019-10-17|2019-12-02_2019-12-16|2023-03-01_2023-03-15|2023-03-31_2023-04-14|2023-11-11_2023-11-25|2024-01-10_2024-01-24|2025-01-04_2025-01-18|2025-03-05_2025-03-19|2025-09-01_2025-09-15|2022-03-06_2022-03-20|2024-08-07_2024-08-21
0.1,2,Core CPI m/m|Core PPI m/m,Good|Bad,2,1,1,50.0,50.0,1.0,2020-03-31_2020-04-14|2022-04-05_2022-04-19
0.1,2,Core CPI m/m|Core PPI m/m,Good|Good,5,5,0,100.0,0.0,inf,2020-04-30_2020-05-14|2022-08-03_2022-08-17|2022-11-01_2022-11-15|2025-04-04_2025-04-18|2025-06-03_2025-06-17
0.1,2,Core CPI m/m|Core PPI m/m,Bad|Bad,5,5,0,100.0,0.0,inf,2020-07-29_2020-08-12|2021-06-09_2021-06-23|2021-07-09_2021-07-23|2024-02-09_2024-02-23|2021-05-10_2021-05-24
0.1,2,Core CPI m/m|Core PPI m/m,Neutral|Bad,7,4,3,57.1,42.9,1.33,2020-10-12_2020-10-26|2022-02-04_2022-02-18|2022-12-01_2022-12-15|2024-05-09_2024-05-23|2024-07-08_2024-07-22|2025-08-02_2025-08-16|2026-02-13_2026-02-27
0.1,2,Core CPI m/m|Core PPI m/m,Good|Neutral,2,0,2,0.0,100.0,0.0,2020-11-11_2020-11-25|2021-09-07_2021-09-21
0.1,2,Core CPI m/m|Core PPI m/m,Bad|Neutral,7,6,1,85.7,14.3,6.0,2021-11-06_2021-11-20|2022-07-04_2022-07-18|2022-10-02_2022-10-16|2023-04-30_2023-05-14|2024-04-09_2024-04-23|2025-02-03_2025-02-17|2024-03-10_2024-03-24
0.1,2,Core CPI m/m|Core PPI m/m,Bad|Good,1,1,0,100.0,0.0,inf,2022-05-05_2022-05-19
0.2,2,Core CPI m/m|Core PPI m/m,Neutral|Neutral,42,29,13,69.0,31.0,2.23,2018-04-26_2018-05-10|2018-06-10_2018-06-24|2018-08-09_2018-08-23|2018-10-08_2018-10-22|2019-02-05_2019-02-19|2019-03-07_2019-03-21|2019-04-06_2019-04-20|2019-05-06_2019-05-20|2019-07-05_2019-07-19|2019-11-02_2019-11-16|2020-01-01_2020-01-15|2020-03-31_2020-04-14|2020-04-30_2020-05-14|2020-05-30_2020-06-13|2020-10-12_2020-10-26|2020-11-11_2020-11-25|2021-06-09_2021-06-23|2021-09-07_2021-09-21|2021-11-06_2021-11-20|2022-01-05_2022-01-19|2022-05-05_2022-05-19|2022-06-04_2022-06-18|2022-07-04_2022-07-18|2022-08-03_2022-08-17|2022-10-02_2022-10-16|2022-12-01_2022-12-15|2023-04-30_2023-05-14|2023-06-29_2023-07-13|2023-07-29_2023-08-12|2023-09-12_2023-09-26|2024-01-10_2024-01-24|2024-04-09_2024-04-23|2024-07-08_2024-07-22|2024-09-06_2024-09-20|2024-10-06_2024-10-20|2024-11-05_2024-11-19|2024-12-05_2024-12-19|2025-01-04_2025-01-18|2025-02-03_2025-02-17|2025-06-03_2025-06-17|2024-03-10_2024-03-24|2024-08-07_2024-08-21
0.2,2,Core CPI m/m|Core PPI m/m,Neutral|Good,12,8,4,66.7,33.3,2.0,2019-01-06_2019-01-20|2019-08-04_2019-08-18|2019-10-03_2019-10-17|2019-12-02_2019-12-16|2022-11-01_2022-11-15|2023-03-01_2023-03-15|2023-03-31_2023-04-14|2023-11-11_2023-11-25|2025-03-05_2025-03-19|2025-04-04_2025-04-18|2025-09-01_2025-09-15|2022-03-06_2022-03-20
0.2,2,Core CPI m/m|Core PPI m/m,Bad|Bad,3,3,0,100.0,0.0,inf,2020-07-29_2020-08-12|2021-07-09_2021-07-23|2021-05-10_2021-05-24
0.2,2,Core CPI m/m|Core PPI m/m,Neutral|Bad,6,3,3,50.0,50.0,1.0,2022-02-04_2022-02-18|2022-04-05_2022-04-19|2024-02-09_2024-02-23|2024-05-09_2024-05-23|2025-08-02_2025-08-16|2026-02-13_2026-02-27
0.3,2,Core CPI m/m|Core PPI m/m,Neutral|Neutral,45,32,13,71.1,28.9,2.46,2018-04-26_2018-05-10|2018-06-10_2018-06-24|2018-08-09_2018-08-23|2018-10-08_2018-10-22|2019-02-05_2019-02-19|2019-03-07_2019-03-21|2019-04-06_2019-04-20|2019-05-06_2019-05-20|2019-07-05_2019-07-19|2019-11-02_2019-11-16|2020-01-01_2020-01-15|2020-03-31_2020-04-14|2020-04-30_2020-05-14|2020-05-30_2020-06-13|2020-10-12_2020-10-26|2020-11-11_2020-11-25|2021-06-09_2021-06-23|2021-09-07_2021-09-21|2021-11-06_2021-11-20|2022-01-05_2022-01-19|2022-05-05_2022-05-19|2022-06-04_2022-06-18|2022-07-04_2022-07-18|2022-08-03_2022-08-17|2022-10-02_2022-10-16|2022-11-01_2022-11-15|2022-12-01_2022-12-15|2023-04-30_2023-05-14|2023-06-29_2023-07-13|2023-07-29_2023-08-12|2023-09-12_2023-09-26|2023-11-11_2023-11-25|2024-01-10_2024-01-24|2024-04-09_2024-04-23|2024-05-09_2024-05-23|2024-07-08_2024-07-22|2024-09-06_2024-09-20|2024-10-06_2024-10-20|2024-11-05_2024-11-19|2024-12-05_2024-12-19|2025-01-04_2025-01-18|2025-02-03_2025-02-17|2025-06-03_2025-06-17|2024-03-10_2024-03-24|2024-08-07_2024-08-21
0.3,2,Core CPI m/m|Core PPI m/m,Neutral|Good,10,6,4,60.0,40.0,1.5,2019-01-06_2019-01-20|2019-08-04_2019-08-18|2019-10-03_2019-10-17|2019-12-02_2019-12-16|2023-03-01_2023-03-15|2023-03-31_2023-04-14|2025-03-05_2025-03-19|2025-04-04_2025-04-18|2025-09-01_2025-09-15|2022-03-06_2022-03-20
0.3,2,Core CPI m/m|Core PPI m/m,Bad|Bad,2,2,0,100.0,0.0,inf,2020-07-29_2020-08-12|2021-07-09_2021-07-23
0.3,2,Core CPI m/m|Core PPI m/m,Neutral|Bad,5,2,3,40.0,60.0,0.67,2022-02-04_2022-02-18|2022-04-05_2022-04-19|2024-02-09_2024-02-23|2025-08-02_2025-08-16|2026-02-13_2026-02-27
0.3,2,Core CPI m/m|Core PPI m/m,Bad|Neutral,1,1,0,100.0,0.0,inf,2021-05-10_2021-05-24
0.0,2,Core CPI m/m|FOMC,Bad|Neutral,2,1,1,50.0,50.0,1.0,2023-04-30_2023-05-14|2023-09-12_2023-09-26
0.0,2,Core CPI m/m|FOMC,Bad|Good,1,0,1,0.0,100.0,0.0,2024-09-06_2024-09-20
0.0,2,Core CPI m/m|FOMC,Neutral|Neutral,2,0,2,0.0,100.0,0.0,2024-11-05_2024-11-19|2024-12-05_2024-12-19
0.1,2,Core CPI m/m|FOMC,Bad|Neutral,1,0,1,0.0,100.0,0.0,2023-04-30_2023-05-14
0.1,2,Core CPI m/m|FOMC,Neutral|Neutral,3,1,2,33.3,66.7,0.5,2023-09-12_2023-09-26|2024-11-05_2024-11-19|2024-12-05_2024-12-19
0.1,2,Core CPI m/m|FOMC,Neutral|Good,1,0,1,0.0,100.0,0.0,2024-09-06_2024-09-20
0.2,2,Core CPI m/m|FOMC,Neutral|Neutral,4,1,3,25.0,75.0,0.33,2023-04-30_2023-05-14|2023-09-12_2023-09-26|2024-11-05_2024-11-19|2024-12-05_2024-12-19
0.2,2,Core CPI m/m|FOMC,Neutral|Good,1,0,1,0.0,100.0,0.0,2024-09-06_2024-09-20
0.3,2,Core CPI m/m|FOMC,Neutral|Neutral,5,1,4,20.0,80.0,0.25,2023-04-30_2023-05-14|2023-09-12_2023-09-26|2024-09-06_2024-09-20|2024-11-05_2024-11-19|2024-12-05_2024-12-19
0.0,2,Core CPI m/m|CPI y/y,Good|Neutral,5,3,2,60.0,40.0,1.5,2018-04-26_2018-05-10|2020-01-01_2020-01-15|2021-09-07_2021-09-21|2025-01-04_2025-01-18|2025-12-30_2026-01-13
0.0,2,Core CPI m/m|CPI y/y,Bad|Neutral,6,4,2,66.7,33.3,2.0,2018-06-10_2018-06-24|2019-07-05_2019-07-19|2020-07-14_2020-07-28|2022-01-05_2022-01-19|2023-03-01_2023-03-15|2024-09-06_2024-09-20
0.0,2,Core CPI m/m|CPI y/y,Neutral|Neutral,9,7,2,77.8,22.2,3.5,2018-08-09_2018-08-23|2019-01-06_2019-01-20|2020-10-12_2020-10-26|2022-12-31_2023-01-14|2024-05-09_2024-05-23|2024-11-05_2024-11-19|2024-12-05_2024-12-19|2025-09-01_2025-09-15|2022-03-06_2022-03-20
0.0,2,Core CPI m/m|CPI y/y,Good|Good,18,13,5,72.2,27.8,2.6,2018-10-08_2018-10-22|2019-03-07_2019-03-21|2019-05-06_2019-05-20|2019-10-03_2019-10-17|2020-03-31_2020-04-14|2020-04-30_2020-05-14|2020-05-30_2020-06-13|2020-11-11_2020-11-25|2022-08-03_2022-08-17|2022-11-01_2022-11-15|2022-12-01_2022-12-15|2023-06-29_2023-07-13|2023-11-11_2023-11-25|2024-07-08_2024-07-22|2025-03-05_2025-03-19|2025-04-04_2025-04-18|2025-06-03_2025-06-17|2025-10-16_2025-10-30
0.0,2,Core CPI m/m|CPI y/y,Neutral|Bad,6,5,1,83.3,16.7,5.0,2019-02-05_2019-02-19|2019-11-02_2019-11-16|2019-12-02_2019-12-16|2020-01-31_2020-02-14|2023-10-12_2023-10-26|2024-01-10_2024-01-24
0.0,2,Core CPI m/m|CPI y/y,Good|Bad,2,2,0,100.0,0.0,inf,2019-04-06_2019-04-20|2022-04-05_2022-04-19
0.0,2,Core CPI m/m|CPI y/y,Bad|Bad,18,14,4,77.8,22.2,3.5,2019-08-04_2019-08-18|2020-07-29_2020-08-12|2021-04-10_2021-04-24|2021-06-09_2021-06-23|2021-07-09_2021-07-23|2021-11-06_2021-11-20|2022-02-04_2022-02-18|2022-05-05_2022-05-19|2022-06-04_2022-06-18|2022-07-04_2022-07-18|2022-10-02_2022-10-16|2023-09-12_2023-09-26|2024-02-09_2024-02-23|2024-04-09_2024-04-23|2024-10-06_2024-10-20|2025-02-03_2025-02-17|2021-05-10_2021-05-24|2024-03-10_2024-03-24
0.0,2,Core CPI m/m|CPI y/y,Neutral|Good,6,1,5,16.7,83.3,0.2,2023-03-31_2023-04-14|2023-05-30_2023-06-13|2023-07-29_2023-08-12|2025-08-02_2025-08-16|2026-02-13_2026-02-27|2024-08-07_2024-08-21
0.0,2,Core CPI m/m|CPI y/y,Bad|Good,1,0,1,0.0,100.0,0.0,2023-04-30_2023-05-14
0.1,2,Core CPI m/m|CPI y/y,Neutral|Neutral,25,17,8,68.0,32.0,2.12,2018-04-26_2018-05-10|2018-06-10_2018-06-24|2018-08-09_2018-08-23|2019-01-06_2019-01-20|2019-04-06_2019-04-20|2019-07-05_2019-07-19|2020-01-01_2020-01-15|2020-07-14_2020-07-28|2020-10-12_2020-10-26|2022-01-05_2022-01-19|2022-12-31_2023-01-14|2023-03-01_2023-03-15|2023-03-31_2023-04-14|2023-05-30_2023-06-13|2023-07-29_2023-08-12|2023-11-11_2023-11-25|2024-05-09_2024-05-23|2024-09-06_2024-09-20|2024-11-05_2024-11-19|2024-12-05_2024-12-19|2025-01-04_2025-01-18|2025-08-02_2025-08-16|2025-09-01_2025-09-15|2025-12-30_2026-01-13|2022-03-06_2022-03-20
0.1,2,Core CPI m/m|CPI y/y,Neutral|Good,12,7,5,58.3,41.7,1.4,2018-10-08_2018-10-22|2019-03-07_2019-03-21|2019-05-06_2019-05-20|2019-10-03_2019-10-17|2020-05-30_2020-06-13|2022-12-01_2022-12-15|2023-06-29_2023-07-13|2024-07-08_2024-07-22|2025-03-05_2025-03-19|2025-10-16_2025-10-30|2026-02-13_2026-02-27|2024-08-07_2024-08-21
0.1,2,Core CPI m/m|CPI y/y,Neutral|Bad,12,7,5,58.3,41.7,1.4,2019-02-05_2019-02-19|2019-08-04_2019-08-18|2019-11-02_2019-11-16|2019-12-02_2019-12-16|2020-01-31_2020-02-14|2021-04-10_2021-04-24|2022-02-04_2022-02-18|2022-06-04_2022-06-18|2023-09-12_2023-09-26|2023-10-12_2023-10-26|2024-01-10_2024-01-24|2024-10-06_2024-10-20
0.1,2,Core CPI m/m|CPI y/y,Good|Good,7,5,2,71.4,28.6,2.5,2020-03-31_2020-04-14|2020-04-30_2020-05-14|2020-11-11_2020-11-25|2022-08-03_2022-08-17|2022-11-01_2022-11-15|2025-04-04_2025-04-18|2025-06-03_2025-06-17
0.1,2,Core CPI m/m|CPI y/y,Bad|Bad,11,11,0,100.0,0.0,inf,2020-07-29_2020-08-12|2021-06-09_2021-06-23|2021-07-09_2021-07-23|2021-11-06_2021-11-20|2022-05-05_2022-05-19|2022-07-04_2022-07-18|2024-02-09_2024-02-23|2024-04-09_2024-04-23|2025-02-03_2025-02-17|2021-05-10_2021-05-24|2024-03-10_2024-03-24
0.1,2,Core CPI m/m|CPI y/y,Good|Neutral,2,1,1,50.0,50.0,1.0,2021-09-07_2021-09-21|2022-04-05_2022-04-19
0.1,2,Core CPI m/m|CPI y/y,Bad|Neutral,2,1,1,50.0,50.0,1.0,2022-10-02_2022-10-16|2023-04-30_2023-05-14
0.2,2,Core CPI m/m|CPI y/y,Neutral|Neutral,59,39,20,66.1,33.9,1.95,2018-04-26_2018-05-10|2018-06-10_2018-06-24|2018-08-09_2018-08-23|2018-10-08_2018-10-22|2019-01-06_2019-01-20|2019-02-05_2019-02-19|2019-03-07_2019-03-21|2019-04-06_2019-04-20|2019-05-06_2019-05-20|2019-07-05_2019-07-19|2019-08-04_2019-08-18|2019-10-03_2019-10-17|2019-11-02_2019-11-16|2019-12-02_2019-12-16|2020-01-01_2020-01-15|2020-01-31_2020-02-14|2020-03-31_2020-04-14|2020-04-30_2020-05-14|2020-05-30_2020-06-13|2020-07-14_2020-07-28|2020-10-12_2020-10-26|2020-11-11_2020-11-25|2021-04-10_2021-04-24|2021-09-07_2021-09-21|2022-01-05_2022-01-19|2022-04-05_2022-04-19|2022-08-03_2022-08-17|2022-10-02_2022-10-16|2022-12-31_2023-01-14|2023-03-01_2023-03-15|2023-03-31_2023-04-14|2023-04-30_2023-05-14|2023-05-30_2023-06-13|2023-06-29_2023-07-13|2023-07-29_2023-08-12|2023-09-12_2023-09-26|2023-10-12_2023-10-26|2023-11-11_2023-11-25|2024-01-10_2024-01-24|2024-04-09_2024-04-23|2024-05-09_2024-05-23|2024-07-08_2024-07-22|2024-09-06_2024-09-20|2024-10-06_2024-10-20|2024-11-05_2024-11-19|2024-12-05_2024-12-19|2025-01-04_2025-01-18|2025-02-03_2025-02-17|2025-03-05_2025-03-19|2025-04-04_2025-04-18|2025-06-03_2025-06-17|2025-08-02_2025-08-16|2025-09-01_2025-09-15|2025-10-16_2025-10-30|2025-12-30_2026-01-13|2026-02-13_2026-02-27|2022-03-06_2022-03-20|2024-03-10_2024-03-24|2024-08-07_2024-08-21
0.2,2,Core CPI m/m|CPI y/y,Bad|Bad,3,3,0,100.0,0.0,inf,2020-07-29_2020-08-12|2021-07-09_2021-07-23|2021-05-10_2021-05-24
0.2,2,Core CPI m/m|CPI y/y,Neutral|Bad,7,5,2,71.4,28.6,2.5,2021-06-09_2021-06-23|2021-11-06_2021-11-20|2022-02-04_2022-02-18|2022-05-05_2022-05-19|2022-06-04_2022-06-18|2022-07-04_2022-07-18|2024-02-09_2024-02-23
0.2,2,Core CPI m/m|CPI y/y,Neutral|Good,2,2,0,100.0,0.0,inf,2022-11-01_2022-11-15|2022-12-01_2022-12-15
0.3,2,Core CPI m/m|CPI y/y,Neutral|Neutral,67,45,22,67.2,32.8,2.05,2018-04-26_2018-05-10|2018-06-10_2018-06-24|2018-08-09_2018-08-23|2018-10-08_2018-10-22|2019-01-06_2019-01-20|2019-02-05_2019-02-19|2019-03-07_2019-03-21|2019-04-06_2019-04-20|2019-05-06_2019-05-20|2019-07-05_2019-07-19|2019-08-04_2019-08-18|2019-10-03_2019-10-17|2019-11-02_2019-11-16|2019-12-02_2019-12-16|2020-01-01_2020-01-15|2020-01-31_2020-02-14|2020-03-31_2020-04-14|2020-04-30_2020-05-14|2020-05-30_2020-06-13|2020-07-14_2020-07-28|2020-10-12_2020-10-26|2020-11-11_2020-11-25|2021-04-10_2021-04-24|2021-06-09_2021-06-23|2021-09-07_2021-09-21|2021-11-06_2021-11-20|2022-01-05_2022-01-19|2022-02-04_2022-02-18|2022-04-05_2022-04-19|2022-05-05_2022-05-19|2022-06-04_2022-06-18|2022-08-03_2022-08-17|2022-10-02_2022-10-16|2022-11-01_2022-11-15|2022-12-01_2022-12-15|2022-12-31_2023-01-14|2023-03-01_2023-03-15|2023-03-31_2023-04-14|2023-04-30_2023-05-14|2023-05-30_2023-06-13|2023-06-29_2023-07-13|2023-07-29_2023-08-12|2023-09-12_2023-09-26|2023-10-12_2023-10-26|2023-11-11_2023-11-25|2024-01-10_2024-01-24|2024-02-09_2024-02-23|2024-04-09_2024-04-23|2024-05-09_2024-05-23|2024-07-08_2024-07-22|2024-09-06_2024-09-20|2024-10-06_2024-10-20|2024-11-05_2024-11-19|2024-12-05_2024-12-19|2025-01-04_2025-01-18|2025-02-03_2025-02-17|2025-03-05_2025-03-19|2025-04-04_2025-04-18|2025-06-03_2025-06-17|2025-08-02_2025-08-16|2025-09-01_2025-09-15|2025-10-16_2025-10-30|2025-12-30_2026-01-13|2026-02-13_2026-02-27|2022-03-06_2022-03-20|2024-03-10_2024-03-24|2024-08-07_2024-08-21
0.3,2,Core CPI m/m|CPI y/y,Bad|Bad,3,3,0,100.0,0.0,inf,2020-07-29_2020-08-12|2021-07-09_2021-07-23|2021-05-10_2021-05-24
0.3,2,Core CPI m/m|CPI y/y,Neutral|Bad,1,1,0,100.0,0.0,inf,2022-07-04_2022-07-18
0.0,2,PPI m/m|Core PPI m/m,Bad|Bad,25,15,10,60.0,40.0,1.5,2018-03-27_2018-04-10|2018-06-10_2018-06-24|2019-04-06_2019-04-20|2019-11-02_2019-11-16|2020-02-15_2020-02-29|2020-03-31_2020-04-14|2020-07-29_2020-08-12|2020-10-12_2020-10-26|2021-06-09_2021-06-23|2021-07-09_2021-07-23|2021-09-07_2021-09-21|2022-02-04_2022-02-18|2022-04-05_2022-04-19|2022-12-01_2022-12-15|2023-07-29_2023-08-12|2023-09-27_2023-10-11|2024-02-09_2024-02-23|2024-05-09_2024-05-23|2024-07-08_2024-07-22|2024-09-06_2024-09-20|2025-08-02_2025-08-16|2026-02-13_2026-02-27|2021-03-26_2021-04-09|2021-05-10_2021-05-24|2024-03-10_2024-03-24
0.0,2,PPI m/m|Core PPI m/m,Good|Neutral,7,4,3,57.1,42.9,1.33,2018-04-26_2018-05-10|2022-01-05_2022-01-19|2023-01-15_2023-01-29|2023-04-30_2023-05-14|2023-06-14_2023-06-28|2024-04-09_2024-04-23|2024-10-06_2024-10-20
0.0,2,PPI m/m|Core PPI m/m,Good|Good,21,15,6,71.4,28.6,2.5,2018-08-09_2018-08-23|2019-01-06_2019-01-20|2019-03-07_2019-03-21|2019-10-03_2019-10-17|2019-12-02_2019-12-16|2020-01-01_2020-01-15|2020-04-30_2020-05-14|2022-08-03_2022-08-17|2022-11-01_2022-11-15|2023-03-01_2023-03-15|2023-03-31_2023-04-14|2023-06-29_2023-07-13|2023-11-11_2023-11-25|2024-01-10_2024-01-24|2025-01-04_2025-01-18|2025-03-05_2025-03-19|2025-04-04_2025-04-18|2025-06-03_2025-06-17|2025-09-01_2025-09-15|2022-03-06_2022-03-20|2024-08-07_2024-08-21
0.0,2,PPI m/m|Core PPI m/m,Neutral|Neutral,2,1,1,50.0,50.0,1.0,2018-10-08_2018-10-22|2024-11-05_2024-11-19
0.0,2,PPI m/m|Core PPI m/m,Good|Bad,1,1,0,100.0,0.0,inf,2019-02-05_2019-02-19
0.0,2,PPI m/m|Core PPI m/m,Neutral|Good,8,4,4,50.0,50.0,1.0,2019-05-06_2019-05-20|2019-08-04_2019-08-18|2020-12-11_2020-12-25|2021-11-06_2021-11-20|2022-05-05_2022-05-19|2022-06-04_2022-06-18|2025-11-15_2025-11-29|2026-01-14_2026-01-28
0.0,2,PPI m/m|Core PPI m/m,Neutral|Bad,1,1,0,100.0,0.0,inf,2019-07-05_2019-07-19
0.0,2,PPI m/m|Core PPI m/m,Bad|Neutral,5,4,1,80.0,20.0,4.0,2020-05-30_2020-06-13|2022-10-02_2022-10-16|2023-09-12_2023-09-26|2024-12-05_2024-12-19|2025-02-03_2025-02-17
0.0,2,PPI m/m|Core PPI m/m,Bad|Good,2,1,1,50.0,50.0,1.0,2020-11-11_2020-11-25|2022-07-04_2022-07-18
0.1,2,PPI m/m|Core PPI m/m,Bad|Neutral,12,8,4,66.7,33.3,2.0,2018-03-27_2018-04-10|2018-06-10_2018-06-24|2019-04-06_2019-04-20|2019-11-02_2019-11-16|2020-05-30_2020-06-13|2022-07-04_2022-07-18|2022-10-02_2022-10-16|2023-09-12_2023-09-26|2023-09-27_2023-10-11|2024-12-05_2024-12-19|2025-02-03_2025-02-17|2024-03-10_2024-03-24
0.1,2,PPI m/m|Core PPI m/m,Neutral|Neutral,19,9,10,47.4,52.6,0.9,2018-04-26_2018-05-10|2018-10-08_2018-10-22|2019-03-07_2019-03-21|2019-05-06_2019-05-20|2019-07-05_2019-07-19|2020-01-01_2020-01-15|2020-11-11_2020-11-25|2020-12-11_2020-12-25|2021-09-07_2021-09-21|2021-11-06_2021-11-20|2022-06-04_2022-06-18|2023-04-30_2023-05-14|2023-06-29_2023-07-13|2023-07-29_2023-08-12|2024-04-09_2024-04-23|2024-09-06_2024-09-20|2024-10-06_2024-10-20|2024-11-05_2024-11-19|2025-11-15_2025-11-29
0.1,2,PPI m/m|Core PPI m/m,Good|Neutral,5,3,2,60.0,40.0,1.5,2018-08-09_2018-08-23|2019-02-05_2019-02-19|2022-01-05_2022-01-19|2023-01-15_2023-01-29|2023-06-14_2023-06-28
0.1,2,PPI m/m|Core PPI m/m,Neutral|Good,6,3,3,50.0,50.0,1.0,2019-01-06_2019-01-20|2019-08-04_2019-08-18|2022-05-05_2022-05-19|2025-06-03_2025-06-17|2026-01-14_2026-01-28|2024-08-07_2024-08-21
0.1,2,PPI m/m|Core PPI m/m,Good|Good,14,11,3,78.6,21.4,3.67,2019-10-03_2019-10-17|2019-12-02_2019-12-16|2020-04-30_2020-05-14|2022-08-03_2022-08-17|2022-11-01_2022-11-15|2023-03-01_2023-03-15|2023-03-31_2023-04-14|2023-11-11_2023-11-25|2024-01-10_2024-01-24|2025-01-04_2025-01-18|2025-03-05_2025-03-19|2025-04-04_2025-04-18|2025-09-01_2025-09-15|2022-03-06_2022-03-20
0.1,2,PPI m/m|Core PPI m/m,Bad|Bad,13,10,3,76.9,23.1,3.33,2020-02-15_2020-02-29|2020-07-29_2020-08-12|2020-10-12_2020-10-26|2021-06-09_2021-06-23|2021-07-09_2021-07-23|2022-02-04_2022-02-18|2022-04-05_2022-04-19|2024-02-09_2024-02-23|2024-05-09_2024-05-23|2025-08-02_2025-08-16|2026-02-13_2026-02-27|2021-03-26_2021-04-09|2021-05-10_2021-05-24
0.1,2,PPI m/m|Core PPI m/m,Neutral|Bad,3,2,1,66.7,33.3,2.0,2020-03-31_2020-04-14|2022-12-01_2022-12-15|2024-07-08_2024-07-22
0.2,2,PPI m/m|Core PPI m/m,Neutral|Neutral,40,22,18,55.0,45.0,1.22,2018-03-27_2018-04-10|2018-04-26_2018-05-10|2018-06-10_2018-06-24|2018-08-09_2018-08-23|2018-10-08_2018-10-22|2019-02-05_2019-02-19|2019-03-07_2019-03-21|2019-05-06_2019-05-20|2019-07-05_2019-07-19|2019-11-02_2019-11-16|2020-01-01_2020-01-15|2020-03-31_2020-04-14|2020-10-12_2020-10-26|2020-11-11_2020-11-25|2020-12-11_2020-12-25|2021-09-07_2021-09-21|2021-11-06_2021-11-20|2022-01-05_2022-01-19|2022-05-05_2022-05-19|2022-06-04_2022-06-18|2022-10-02_2022-10-16|2022-12-01_2022-12-15|2023-04-30_2023-05-14|2023-06-14_2023-06-28|2023-06-29_2023-07-13|2023-07-29_2023-08-12|2023-09-27_2023-10-11|2024-01-10_2024-01-24|2024-04-09_2024-04-23|2024-07-08_2024-07-22|2024-09-06_2024-09-20|2024-10-06_2024-10-20|2024-11-05_2024-11-19|2024-12-05_2024-12-19|2025-01-04_2025-01-18|2025-02-03_2025-02-17|2025-06-03_2025-06-17|2025-11-15_2025-11-29|2026-01-14_2026-01-28|2024-08-07_2024-08-21
0.2,2,PPI m/m|Core PPI m/m,Neutral|Good,5,4,1,80.0,20.0,4.0,2019-01-06_2019-01-20|2019-08-04_2019-08-18|2019-12-02_2019-12-16|2022-11-01_2022-11-15|2022-03-06_2022-03-20
0.2,2,PPI m/m|Core PPI m/m,Bad|Neutral,6,6,0,100.0,0.0,inf,2019-04-06_2019-04-20|2020-05-30_2020-06-13|2021-06-09_2021-06-23|2022-07-04_2022-07-18|2023-09-12_2023-09-26|2024-03-10_2024-03-24
0.2,2,PPI m/m|Core PPI m/m,Good|Good,7,4,3,57.1,42.9,1.33,2019-10-03_2019-10-17|2023-03-01_2023-03-15|2023-03-31_2023-04-14|2023-11-11_2023-11-25|2025-03-05_2025-03-19|2025-04-04_2025-04-18|2025-09-01_2025-09-15
0.2,2,PPI m/m|Core PPI m/m,Bad|Bad,8,6,2,75.0,25.0,3.0,2020-02-15_2020-02-29|2020-07-29_2020-08-12|2021-07-09_2021-07-23|2022-02-04_2022-02-18|2022-04-05_2022-04-19|2025-08-02_2025-08-16|2021-03-26_2021-04-09|2021-05-10_2021-05-24
0.2,2,PPI m/m|Core PPI m/m,Good|Neutral,3,2,1,66.7,33.3,2.0,2020-04-30_2020-05-14|2022-08-03_2022-08-17|2023-01-15_2023-01-29
0.2,2,PPI m/m|Core PPI m/m,Neutral|Bad,3,2,1,66.7,33.3,2.0,2024-02-09_2024-02-23|2024-05-09_2024-05-23|2026-02-13_2026-02-27
0.3,2,PPI m/m|Core PPI m/m,Neutral|Neutral,46,28,18,60.9,39.1,1.56,2018-03-27_2018-04-10|2018-04-26_2018-05-10|2018-06-10_2018-06-24|2018-08-09_2018-08-23|2018-10-08_2018-10-22|2019-02-05_2019-02-19|2019-03-07_2019-03-21|2019-04-06_2019-04-20|2019-05-06_2019-05-20|2019-07-05_2019-07-19|2019-11-02_2019-11-16|2020-01-01_2020-01-15|2020-03-31_2020-04-14|2020-10-12_2020-10-26|2020-11-11_2020-11-25|2020-12-11_2020-12-25|2021-09-07_2021-09-21|2021-11-06_2021-11-20|2022-01-05_2022-01-19|2022-05-05_2022-05-19|2022-06-04_2022-06-18|2022-10-02_2022-10-16|2022-11-01_2022-11-15|2022-12-01_2022-12-15|2023-04-30_2023-05-14|2023-06-14_2023-06-28|2023-06-29_2023-07-13|2023-07-29_2023-08-12|2023-09-12_2023-09-26|2023-09-27_2023-10-11|2024-01-10_2024-01-24|2024-04-09_2024-04-23|2024-05-09_2024-05-23|2024-07-08_2024-07-22|2024-09-06_2024-09-20|2024-10-06_2024-10-20|2024-11-05_2024-11-19|2024-12-05_2024-12-19|2025-01-04_2025-01-18|2025-02-03_2025-02-17|2025-06-03_2025-06-17|2025-11-15_2025-11-29|2026-01-14_2026-01-28|2021-05-10_2021-05-24|2024-03-10_2024-03-24|2024-08-07_2024-08-21
0.3,2,PPI m/m|Core PPI m/m,Neutral|Good,5,3,2,60.0,40.0,1.5,2019-01-06_2019-01-20|2019-08-04_2019-08-18|2019-12-02_2019-12-16|2025-03-05_2025-03-19|2022-03-06_2022-03-20
0.3,2,PPI m/m|Core PPI m/m,Good|Good,5,3,2,60.0,40.0,1.5,2019-10-03_2019-10-17|2023-03-01_2023-03-15|2023-03-31_2023-04-14|2025-04-04_2025-04-18|2025-09-01_2025-09-15
0.3,2,PPI m/m|Core PPI m/m,Bad|Neutral,4,4,0,100.0,0.0,inf,2020-02-15_2020-02-29|2020-05-30_2020-06-13|2021-06-09_2021-06-23|2022-07-04_2022-07-18
0.3,2,PPI m/m|Core PPI m/m,Good|Neutral,4,3,1,75.0,25.0,3.0,2020-04-30_2020-05-14|2022-08-03_2022-08-17|2023-01-15_2023-01-29|2023-11-11_2023-11-25
0.3,2,PPI m/m|Core PPI m/m,Neutral|Bad,4,3,1,75.0,25.0,3.0,2020-07-29_2020-08-12|2022-04-05_2022-04-19|2024-02-09_2024-02-23|2026-02-13_2026-02-27
0.3,2,PPI m/m|Core PPI m/m,Bad|Bad,4,2,2,50.0,50.0,1.0,2021-07-09_2021-07-23|2022-02-04_2022-02-18|2025-08-02_2025-08-16|2021-03-26_2021-04-09
0.0,2,PPI m/m|FOMC,Good|Neutral,2,0,2,0.0,100.0,0.0,2023-04-30_2023-05-14|2023-06-14_2023-06-28
0.0,2,PPI m/m|FOMC,Bad|Neutral,2,1,1,50.0,50.0,1.0,2023-09-12_2023-09-26|2024-12-05_2024-12-19
0.0,2,PPI m/m|FOMC,Bad|Good,1,0,1,0.0,100.0,0.0,2024-09-06_2024-09-20
0.0,2,PPI m/m|FOMC,Neutral|Neutral,1,0,1,0.0,100.0,0.0,2024-11-05_2024-11-19
0.1,2,PPI m/m|FOMC,Neutral|Neutral,2,0,2,0.0,100.0,0.0,2023-04-30_2023-05-14|2024-11-05_2024-11-19
0.1,2,PPI m/m|FOMC,Good|Neutral,1,0,1,0.0,100.0,0.0,2023-06-14_2023-06-28
0.1,2,PPI m/m|FOMC,Bad|Neutral,2,1,1,50.0,50.0,1.0,2023-09-12_2023-09-26|2024-12-05_2024-12-19
0.1,2,PPI m/m|FOMC,Neutral|Good,1,0,1,0.0,100.0,0.0,2024-09-06_2024-09-20
0.2,2,PPI m/m|FOMC,Neutral|Neutral,4,0,4,0.0,100.0,0.0,2023-04-30_2023-05-14|2023-06-14_2023-06-28|2024-11-05_2024-11-19|2024-12-05_2024-12-19
0.2,2,PPI m/m|FOMC,Bad|Neutral,1,1,0,100.0,0.0,inf,2023-09-12_2023-09-26
0.2,2,PPI m/m|FOMC,Neutral|Good,1,0,1,0.0,100.0,0.0,2024-09-06_2024-09-20
0.3,2,PPI m/m|FOMC,Neutral|Neutral,6,1,5,16.7,83.3,0.2,2023-04-30_2023-05-14|2023-06-14_2023-06-28|2023-09-12_2023-09-26|2024-09-06_2024-09-20|2024-11-05_2024-11-19|2024-12-05_2024-12-19
0.0,2,PPI m/m|CPI y/y,Good|Neutral,9,8,1,88.9,11.1,8.0,2018-04-26_2018-05-10|2018-08-09_2018-08-23|2019-01-06_2019-01-20|2020-01-01_2020-01-15|2022-01-05_2022-01-19|2023-03-01_2023-03-15|2025-01-04_2025-01-18|2025-09-01_2025-09-15|2022-03-06_2022-03-20
0.0,2,PPI m/m|CPI y/y,Bad|Neutral,6,3,3,50.0,50.0,1.0,2018-06-10_2018-06-24|2020-10-12_2020-10-26|2021-09-07_2021-09-21|2024-05-09_2024-05-23|2024-09-06_2024-09-20|2024-12-05_2024-12-19
0.0,2,PPI m/m|CPI y/y,Neutral|Good,2,2,0,100.0,0.0,inf,2018-10-08_2018-10-22|2019-05-06_2019-05-20
0.0,2,PPI m/m|CPI y/y,Good|Bad,5,5,0,100.0,0.0,inf,2019-02-05_2019-02-19|2019-12-02_2019-12-16|2024-01-10_2024-01-24|2024-04-09_2024-04-23|2024-10-06_2024-10-20
0.0,2,PPI m/m|CPI y/y,Good|Good,13,7,6,53.8,46.2,1.17,2019-03-07_2019-03-21|2019-10-03_2019-10-17|2020-04-30_2020-05-14|2022-08-03_2022-08-17|2022-11-01_2022-11-15|2023-03-31_2023-04-14|2023-04-30_2023-05-14|2023-06-29_2023-07-13|2023-11-11_2023-11-25|2025-03-05_2025-03-19|2025-04-04_2025-04-18|2025-06-03_2025-06-17|2024-08-07_2024-08-21
0.0,2,PPI m/m|CPI y/y,Bad|Bad,14,12,2,85.7,14.3,6.0,2019-04-06_2019-04-20|2019-11-02_2019-11-16|2020-07-29_2020-08-12|2021-06-09_2021-06-23|2021-07-09_2021-07-23|2022-02-04_2022-02-18|2022-04-05_2022-04-19|2022-07-04_2022-07-18|2022-10-02_2022-10-16|2023-09-12_2023-09-26|2024-02-09_2024-02-23|2025-02-03_2025-02-17|2021-05-10_2021-05-24|2024-03-10_2024-03-24
0.0,2,PPI m/m|CPI y/y,Neutral|Neutral,2,1,1,50.0,50.0,1.0,2019-07-05_2019-07-19|2024-11-05_2024-11-19
0.0,2,PPI m/m|CPI y/y,Neutral|Bad,4,2,2,50.0,50.0,1.0,2019-08-04_2019-08-18|2021-11-06_2021-11-20|2022-05-05_2022-05-19|2022-06-04_2022-06-18
0.0,2,PPI m/m|CPI y/y,Bad|Good,8,3,5,37.5,62.5,0.6,2020-03-31_2020-04-14|2020-05-30_2020-06-13|2020-11-11_2020-11-25|2022-12-01_2022-12-15|2023-07-29_2023-08-12|2024-07-08_2024-07-22|2025-08-02_2025-08-16|2026-02-13_2026-02-27
0.1,2,PPI m/m|CPI y/y,Neutral|Neutral,9,3,6,33.3,66.7,0.5,2018-04-26_2018-05-10|2019-01-06_2019-01-20|2019-07-05_2019-07-19|2020-01-01_2020-01-15|2021-09-07_2021-09-21|2023-04-30_2023-05-14|2023-07-29_2023-08-12|2024-09-06_2024-09-20|2024-11-05_2024-11-19
0.1,2,PPI m/m|CPI y/y,Bad|Neutral,8,6,2,75.0,25.0,3.0,2018-06-10_2018-06-24|2019-04-06_2019-04-20|2020-10-12_2020-10-26|2022-04-05_2022-04-19|2022-10-02_2022-10-16|2024-05-09_2024-05-23|2024-12-05_2024-12-19|2025-08-02_2025-08-16
0.1,2,PPI m/m|CPI y/y,Good|Neutral,8,7,1,87.5,12.5,7.0,2018-08-09_2018-08-23|2022-01-05_2022-01-19|2023-03-01_2023-03-15|2023-03-31_2023-04-14|2023-11-11_2023-11-25|2025-01-04_2025-01-18|2025-09-01_2025-09-15|2022-03-06_2022-03-20
0.1,2,PPI m/m|CPI y/y,Neutral|Good,10,6,4,60.0,40.0,1.5,2018-10-08_2018-10-22|2019-03-07_2019-03-21|2019-05-06_2019-05-20|2020-03-31_2020-04-14|2020-11-11_2020-11-25|2022-12-01_2022-12-15|2023-06-29_2023-07-13|2024-07-08_2024-07-22|2025-06-03_2025-06-17|2024-08-07_2024-08-21
0.1,2,PPI m/m|CPI y/y,Good|Bad,3,3,0,100.0,0.0,inf,2019-02-05_2019-02-19|2019-12-02_2019-12-16|2024-01-10_2024-01-24
0.1,2,PPI m/m|CPI y/y,Neutral|Bad,6,4,2,66.7,33.3,2.0,2019-08-04_2019-08-18|2021-11-06_2021-11-20|2022-05-05_2022-05-19|2022-06-04_2022-06-18|2024-04-09_2024-04-23|2024-10-06_2024-10-20
0.1,2,PPI m/m|CPI y/y,Good|Good,6,4,2,66.7,33.3,2.0,2019-10-03_2019-10-17|2020-04-30_2020-05-14|2022-08-03_2022-08-17|2022-11-01_2022-11-15|2025-03-05_2025-03-19|2025-04-04_2025-04-18
0.1,2,PPI m/m|CPI y/y,Bad|Bad,11,9,2,81.8,18.2,4.5,2019-11-02_2019-11-16|2020-07-29_2020-08-12|2021-06-09_2021-06-23|2021-07-09_2021-07-23|2022-02-04_2022-02-18|2022-07-04_2022-07-18|2023-09-12_2023-09-26|2024-02-09_2024-02-23|2025-02-03_2025-02-17|2021-05-10_2021-05-24|2024-03-10_2024-03-24
0.1,2,PPI m/m|CPI y/y,Bad|Good,2,1,1,50.0,50.0,1.0,2020-05-30_2020-06-13|2026-02-13_2026-02-27
0.2,2,PPI m/m|CPI y/y,Neutral|Neutral,36,22,14,61.1,38.9,1.57,2018-04-26_2018-05-10|2018-06-10_2018-06-24|2018-08-09_2018-08-23|2018-10-08_2018-10-22|2019-01-06_2019-01-20|2019-02-05_2019-02-19|2019-03-07_2019-03-21|2019-05-06_2019-05-20|2019-07-05_2019-07-19|2019-08-04_2019-08-18|2019-11-02_2019-11-16|2019-12-02_2019-12-16|2020-01-01_2020-01-15|2020-03-31_2020-04-14|2020-10-12_2020-10-26|2020-11-11_2020-11-25|2021-09-07_2021-09-21|2022-01-05_2022-01-19|2022-10-02_2022-10-16|2023-04-30_2023-05-14|2023-06-29_2023-07-13|2023-07-29_2023-08-12|2024-01-10_2024-01-24|2024-04-09_2024-04-23|2024-05-09_2024-05-23|2024-07-08_2024-07-22|2024-09-06_2024-09-20|2024-10-06_2024-10-20|2024-11-05_2024-11-19|2024-12-05_2024-12-19|2025-01-04_2025-01-18|2025-02-03_2025-02-17|2025-06-03_2025-06-17|2026-02-13_2026-02-27|2022-03-06_2022-03-20|2024-08-07_2024-08-21
0.2,2,PPI m/m|CPI y/y,Bad|Neutral,6,5,1,83.3,16.7,5.0,2019-04-06_2019-04-20|2020-05-30_2020-06-13|2022-04-05_2022-04-19|2023-09-12_2023-09-26|2025-08-02_2025-08-16|2024-03-10_2024-03-24
0.2,2,PPI m/m|CPI y/y,Good|Neutral,9,6,3,66.7,33.3,2.0,2019-10-03_2019-10-17|2020-04-30_2020-05-14|2022-08-03_2022-08-17|2023-03-01_2023-03-15|2023-03-31_2023-04-14|2023-11-11_2023-11-25|2025-03-05_2025-03-19|2025-04-04_2025-04-18|2025-09-01_2025-09-15
0.2,2,PPI m/m|CPI y/y,Bad|Bad,6,5,1,83.3,16.7,5.0,2020-07-29_2020-08-12|2021-06-09_2021-06-23|2021-07-09_2021-07-23|2022-02-04_2022-02-18|2022-07-04_2022-07-18|2021-05-10_2021-05-24
0.2,2,PPI m/m|CPI y/y,Neutral|Bad,4,3,1,75.0,25.0,3.0,2021-11-06_2021-11-20|2022-05-05_2022-05-19|2022-06-04_2022-06-18|2024-02-09_2024-02-23
0.2,2,PPI m/m|CPI y/y,Neutral|Good,2,2,0,100.0,0.0,inf,2022-11-01_2022-11-15|2022-12-01_2022-12-15
0.3,2,PPI m/m|CPI y/y,Neutral|Neutral,47,31,16,66.0,34.0,1.94,2018-04-26_2018-05-10|2018-06-10_2018-06-24|2018-08-09_2018-08-23|2018-10-08_2018-10-22|2019-01-06_2019-01-20|2019-02-05_2019-02-19|2019-03-07_2019-03-21|2019-04-06_2019-04-20|2019-05-06_2019-05-20|2019-07-05_2019-07-19|2019-08-04_2019-08-18|2019-11-02_2019-11-16|2019-12-02_2019-12-16|2020-01-01_2020-01-15|2020-03-31_2020-04-14|2020-10-12_2020-10-26|2020-11-11_2020-11-25|2021-09-07_2021-09-21|2021-11-06_2021-11-20|2022-01-05_2022-01-19|2022-04-05_2022-04-19|2022-05-05_2022-05-19|2022-06-04_2022-06-18|2022-10-02_2022-10-16|2022-11-01_2022-11-15|2022-12-01_2022-12-15|2023-04-30_2023-05-14|2023-06-29_2023-07-13|2023-07-29_2023-08-12|2023-09-12_2023-09-26|2024-01-10_2024-01-24|2024-02-09_2024-02-23|2024-04-09_2024-04-23|2024-05-09_2024-05-23|2024-07-08_2024-07-22|2024-09-06_2024-09-20|2024-10-06_2024-10-20|2024-11-05_2024-11-19|2024-12-05_2024-12-19|2025-01-04_2025-01-18|2025-02-03_2025-02-17|2025-03-05_2025-03-19|2025-06-03_2025-06-17|2026-02-13_2026-02-27|2022-03-06_2022-03-20|2024-03-10_2024-03-24|2024-08-07_2024-08-21
0.3,2,PPI m/m|CPI y/y,Good|Neutral,8,6,2,75.0,25.0,3.0,2019-10-03_2019-10-17|2020-04-30_2020-05-14|2022-08-03_2022-08-17|2023-03-01_2023-03-15|2023-03-31_2023-04-14|2023-11-11_2023-11-25|2025-04-04_2025-04-18|2025-09-01_2025-09-15
0.3,2,PPI m/m|CPI y/y,Bad|Neutral,4,2,2,50.0,50.0,1.0,2020-05-30_2020-06-13|2021-06-09_2021-06-23|2022-02-04_2022-02-18|2025-08-02_2025-08-16
0.3,2,PPI m/m|CPI y/y,Neutral|Bad,2,2,0,100.0,0.0,inf,2020-07-29_2020-08-12|2021-05-10_2021-05-24
0.3,2,PPI m/m|CPI y/y,Bad|Bad,2,2,0,100.0,0.0,inf,2021-07-09_2021-07-23|2022-07-04_2022-07-18
0.0,2,Core PPI m/m|FOMC,Neutral|Neutral,5,1,4,20.0,80.0,0.25,2023-04-30_2023-05-14|2023-06-14_2023-06-28|2023-09-12_2023-09-26|2024-11-05_2024-11-19|2024-12-05_2024-12-19
0.0,2,Core PPI m/m|FOMC,Bad|Good,1,0,1,0.0,100.0,0.0,2024-09-06_2024-09-20
0.1,2,Core PPI m/m|FOMC,Neutral|Neutral,5,1,4,20.0,80.0,0.25,2023-04-30_2023-05-14|2023-06-14_2023-06-28|2023-09-12_2023-09-26|2024-11-05_2024-11-19|2024-12-05_2024-12-19
0.1,2,Core PPI m/m|FOMC,Neutral|Good,1,0,1,0.0,100.0,0.0,2024-09-06_2024-09-20
0.2,2,Core PPI m/m|FOMC,Neutral|Neutral,5,1,4,20.0,80.0,0.25,2023-04-30_2023-05-14|2023-06-14_2023-06-28|2023-09-12_2023-09-26|2024-11-05_2024-11-19|2024-12-05_2024-12-19
0.2,2,Core PPI m/m|FOMC,Neutral|Good,1,0,1,0.0,100.0,0.0,2024-09-06_2024-09-20
0.3,2,Core PPI m/m|FOMC,Neutral|Neutral,6,1,5,16.7,83.3,0.2,2023-04-30_2023-05-14|2023-06-14_2023-06-28|2023-09-12_2023-09-26|2024-09-06_2024-09-20|2024-11-05_2024-11-19|2024-12-05_2024-12-19
0.0,2,Core PPI m/m|CPI y/y,Neutral|Neutral,4,2,2,50.0,50.0,1.0,2018-04-26_2018-05-10|2022-01-05_2022-01-19|2024-11-05_2024-11-19|2024-12-05_2024-12-19
0.0,2,Core PPI m/m|CPI y/y,Bad|Neutral,6,4,2,66.7,33.3,2.0,2018-06-10_2018-06-24|2019-07-05_2019-07-19|2020-10-12_2020-10-26|2021-09-07_2021-09-21|2024-05-09_2024-05-23|2024-09-06_2024-09-20
0.0,2,Core PPI m/m|CPI y/y,Good|Neutral,7,6,1,85.7,14.3,6.0,2018-08-09_2018-08-23|2019-01-06_2019-01-20|2020-01-01_2020-01-15|2023-03-01_2023-03-15|2025-01-04_2025-01-18|2025-09-01_2025-09-15|2022-03-06_2022-03-20
0.0,2,Core PPI m/m|CPI y/y,Neutral|Good,3,2,1,66.7,33.3,2.0,2018-10-08_2018-10-22|2020-05-30_2020-06-13|2023-04-30_2023-05-14
0.0,2,Core PPI m/m|CPI y/y,Bad|Bad,11,9,2,81.8,18.2,4.5,2019-02-05_2019-02-19|2019-04-06_2019-04-20|2019-11-02_2019-11-16|2020-07-29_2020-08-12|2021-06-09_2021-06-23|2021-07-09_2021-07-23|2022-02-04_2022-02-18|2022-04-05_2022-04-19|2024-02-09_2024-02-23|2021-05-10_2021-05-24|2024-03-10_2024-03-24
0.0,2,Core PPI m/m|CPI y/y,Good|Good,14,8,6,57.1,42.9,1.33,2019-03-07_2019-03-21|2019-05-06_2019-05-20|2019-10-03_2019-10-17|2020-04-30_2020-05-14|2020-11-11_2020-11-25|2022-08-03_2022-08-17|2022-11-01_2022-11-15|2023-03-31_2023-04-14|2023-06-29_2023-07-13|2023-11-11_2023-11-25|2025-03-05_2025-03-19|2025-04-04_2025-04-18|2025-06-03_2025-06-17|2024-08-07_2024-08-21
0.0,2,Core PPI m/m|CPI y/y,Good|Bad,7,5,2,71.4,28.6,2.5,2019-08-04_2019-08-18|2019-12-02_2019-12-16|2021-11-06_2021-11-20|2022-05-05_2022-05-19|2022-06-04_2022-06-18|2022-07-04_2022-07-18|2024-01-10_2024-01-24
0.0,2,Core PPI m/m|CPI y/y,Bad|Good,6,2,4,33.3,66.7,0.5,2020-03-31_2020-04-14|2022-12-01_2022-12-15|2023-07-29_2023-08-12|2024-07-08_2024-07-22|2025-08-02_2025-08-16|2026-02-13_2026-02-27
0.0,2,Core PPI m/m|CPI y/y,Neutral|Bad,5,5,0,100.0,0.0,inf,2022-10-02_2022-10-16|2023-09-12_2023-09-26|2024-04-09_2024-04-23|2024-10-06_2024-10-20|2025-02-03_2025-02-17
0.1,2,Core PPI m/m|CPI y/y,Neutral|Neutral,14,7,7,50.0,50.0,1.0,2018-04-26_2018-05-10|2018-06-10_2018-06-24|2018-08-09_2018-08-23|2019-04-06_2019-04-20|2019-07-05_2019-07-19|2020-01-01_2020-01-15|2021-09-07_2021-09-21|2022-01-05_2022-01-19|2022-10-02_2022-10-16|2023-04-30_2023-05-14|2023-07-29_2023-08-12|2024-09-06_2024-09-20|2024-11-05_2024-11-19|2024-12-05_2024-12-19
0.1,2,Core PPI m/m|CPI y/y,Neutral|Good,6,4,2,66.7,33.3,2.0,2018-10-08_2018-10-22|2019-03-07_2019-03-21|2019-05-06_2019-05-20|2020-05-30_2020-06-13|2020-11-11_2020-11-25|2023-06-29_2023-07-13
0.1,2,Core PPI m/m|CPI y/y,Good|Neutral,7,6,1,85.7,14.3,6.0,2019-01-06_2019-01-20|2023-03-01_2023-03-15|2023-03-31_2023-04-14|2023-11-11_2023-11-25|2025-01-04_2025-01-18|2025-09-01_2025-09-15|2022-03-06_2022-03-20
0.1,2,Core PPI m/m|CPI y/y,Neutral|Bad,10,8,2,80.0,20.0,4.0,2019-02-05_2019-02-19|2019-11-02_2019-11-16|2021-11-06_2021-11-20|2022-06-04_2022-06-18|2022-07-04_2022-07-18|2023-09-12_2023-09-26|2024-04-09_2024-04-23|2024-10-06_2024-10-20|2025-02-03_2025-02-17|2024-03-10_2024-03-24
0.1,2,Core PPI m/m|CPI y/y,Good|Bad,4,3,1,75.0,25.0,3.0,2019-08-04_2019-08-18|2019-12-02_2019-12-16|2022-05-05_2022-05-19|2024-01-10_2024-01-24
0.1,2,Core PPI m/m|CPI y/y,Good|Good,8,5,3,62.5,37.5,1.67,2019-10-03_2019-10-17|2020-04-30_2020-05-14|2022-08-03_2022-08-17|2022-11-01_2022-11-15|2025-03-05_2025-03-19|2025-04-04_2025-04-18|2025-06-03_2025-06-17|2024-08-07_2024-08-21
0.1,2,Core PPI m/m|CPI y/y,Bad|Good,4,2,2,50.0,50.0,1.0,2020-03-31_2020-04-14|2022-12-01_2022-12-15|2024-07-08_2024-07-22|2026-02-13_2026-02-27
0.1,2,Core PPI m/m|CPI y/y,Bad|Bad,6,5,1,83.3,16.7,5.0,2020-07-29_2020-08-12|2021-06-09_2021-06-23|2021-07-09_2021-07-23|2022-02-04_2022-02-18|2024-02-09_2024-02-23|2021-05-10_2021-05-24
0.1,2,Core PPI m/m|CPI y/y,Bad|Neutral,4,3,1,75.0,25.0,3.0,2020-10-12_2020-10-26|2022-04-05_2022-04-19|2024-05-09_2024-05-23|2025-08-02_2025-08-16
0.2,2,Core PPI m/m|CPI y/y,Neutral|Neutral,36,24,12,66.7,33.3,2.0,2018-04-26_2018-05-10|2018-06-10_2018-06-24|2018-08-09_2018-08-23|2018-10-08_2018-10-22|2019-02-05_2019-02-19|2019-03-07_2019-03-21|2019-04-06_2019-04-20|2019-05-06_2019-05-20|2019-07-05_2019-07-19|2019-11-02_2019-11-16|2020-01-01_2020-01-15|2020-03-31_2020-04-14|2020-04-30_2020-05-14|2020-05-30_2020-06-13|2020-10-12_2020-10-26|2020-11-11_2020-11-25|2021-09-07_2021-09-21|2022-01-05_2022-01-19|2022-08-03_2022-08-17|2022-10-02_2022-10-16|2023-04-30_2023-05-14|2023-06-29_2023-07-13|2023-07-29_2023-08-12|2023-09-12_2023-09-26|2024-01-10_2024-01-24|2024-04-09_2024-04-23|2024-07-08_2024-07-22|2024-09-06_2024-09-20|2024-10-06_2024-10-20|2024-11-05_2024-11-19|2024-12-05_2024-12-19|2025-01-04_2025-01-18|2025-02-03_2025-02-17|2025-06-03_2025-06-17|2024-03-10_2024-03-24|2024-08-07_2024-08-21
0.2,2,Core PPI m/m|CPI y/y,Good|Neutral,11,7,4,63.6,36.4,1.75,2019-01-06_2019-01-20|2019-08-04_2019-08-18|2019-10-03_2019-10-17|2019-12-02_2019-12-16|2023-03-01_2023-03-15|2023-03-31_2023-04-14|2023-11-11_2023-11-25|2025-03-05_2025-03-19|2025-04-04_2025-04-18|2025-09-01_2025-09-15|2022-03-06_2022-03-20
0.2,2,Core PPI m/m|CPI y/y,Bad|Bad,5,4,1,80.0,20.0,4.0,2020-07-29_2020-08-12|2021-07-09_2021-07-23|2022-02-04_2022-02-18|2024-02-09_2024-02-23|2021-05-10_2021-05-24
0.2,2,Core PPI m/m|CPI y/y,Neutral|Bad,5,4,1,80.0,20.0,4.0,2021-06-09_2021-06-23|2021-11-06_2021-11-20|2022-05-05_2022-05-19|2022-06-04_2022-06-18|2022-07-04_2022-07-18
0.2,2,Core PPI m/m|CPI y/y,Bad|Neutral,4,2,2,50.0,50.0,1.0,2022-04-05_2022-04-19|2024-05-09_2024-05-23|2025-08-02_2025-08-16|2026-02-13_2026-02-27
0.2,2,Core PPI m/m|CPI y/y,Good|Good,1,1,0,100.0,0.0,inf,2022-11-01_2022-11-15
0.2,2,Core PPI m/m|CPI y/y,Neutral|Good,1,1,0,100.0,0.0,inf,2022-12-01_2022-12-15
0.3,2,Core PPI m/m|CPI y/y,Neutral|Neutral,44,31,13,70.5,29.5,2.38,2018-04-26_2018-05-10|2018-06-10_2018-06-24|2018-08-09_2018-08-23|2018-10-08_2018-10-22|2019-02-05_2019-02-19|2019-03-07_2019-03-21|2019-04-06_2019-04-20|2019-05-06_2019-05-20|2019-07-05_2019-07-19|2019-11-02_2019-11-16|2020-01-01_2020-01-15|2020-03-31_2020-04-14|2020-04-30_2020-05-14|2020-05-30_2020-06-13|2020-10-12_2020-10-26|2020-11-11_2020-11-25|2021-06-09_2021-06-23|2021-09-07_2021-09-21|2021-11-06_2021-11-20|2022-01-05_2022-01-19|2022-05-05_2022-05-19|2022-06-04_2022-06-18|2022-08-03_2022-08-17|2022-10-02_2022-10-16|2022-11-01_2022-11-15|2022-12-01_2022-12-15|2023-04-30_2023-05-14|2023-06-29_2023-07-13|2023-07-29_2023-08-12|2023-09-12_2023-09-26|2023-11-11_2023-11-25|2024-01-10_2024-01-24|2024-04-09_2024-04-23|2024-05-09_2024-05-23|2024-07-08_2024-07-22|2024-09-06_2024-09-20|2024-10-06_2024-10-20|2024-11-05_2024-11-19|2024-12-05_2024-12-19|2025-01-04_2025-01-18|2025-02-03_2025-02-17|2025-06-03_2025-06-17|2024-03-10_2024-03-24|2024-08-07_2024-08-21
0.3,2,Core PPI m/m|CPI y/y,Good|Neutral,10,6,4,60.0,40.0,1.5,2019-01-06_2019-01-20|2019-08-04_2019-08-18|2019-10-03_2019-10-17|2019-12-02_2019-12-16|2023-03-01_2023-03-15|2023-03-31_2023-04-14|2025-03-05_2025-03-19|2025-04-04_2025-04-18|2025-09-01_2025-09-15|2022-03-06_2022-03-20
0.3,2,Core PPI m/m|CPI y/y,Bad|Bad,2,2,0,100.0,0.0,inf,2020-07-29_2020-08-12|2021-07-09_2021-07-23
0.3,2,Core PPI m/m|CPI y/y,Bad|Neutral,5,2,3,40.0,60.0,0.67,2022-02-04_2022-02-18|2022-04-05_2022-04-19|2024-02-09_2024-02-23|2025-08-02_2025-08-16|2026-02-13_2026-02-27
0.3,2,Core PPI m/m|CPI y/y,Neutral|Bad,2,2,0,100.0,0.0,inf,2022-07-04_2022-07-18|2021-05-10_2021-05-24
0.0,2,FOMC|CPI y/y,Neutral|Good,1,0,1,0.0,100.0,0.0,2023-04-30_2023-05-14
0.0,2,FOMC|CPI y/y,Neutral|Bad,1,1,0,100.0,0.0,inf,2023-09-12_2023-09-26
0.0,2,FOMC|CPI y/y,Good|Neutral,1,0,1,0.0,100.0,0.0,2024-09-06_2024-09-20
0.0,2,FOMC|CPI y/y,Neutral|Neutral,2,0,2,0.0,100.0,0.0,2024-11-05_2024-11-19|2024-12-05_2024-12-19
0.1,2,FOMC|CPI y/y,Neutral|Neutral,3,0,3,0.0,100.0,0.0,2023-04-30_2023-05-14|2024-11-05_2024-11-19|2024-12-05_2024-12-19
0.1,2,FOMC|CPI y/y,Neutral|Bad,1,1,0,100.0,0.0,inf,2023-09-12_2023-09-26
0.1,2,FOMC|CPI y/y,Good|Neutral,1,0,1,0.0,100.0,0.0,2024-09-06_2024-09-20
0.2,2,FOMC|CPI y/y,Neutral|Neutral,4,1,3,25.0,75.0,0.33,2023-04-30_2023-05-14|2023-09-12_2023-09-26|2024-11-05_2024-11-19|2024-12-05_2024-12-19
0.2,2,FOMC|CPI y/y,Good|Neutral,1,0,1,0.0,100.0,0.0,2024-09-06_2024-09-20
0.3,2,FOMC|CPI y/y,Neutral|Neutral,5,1,4,20.0,80.0,0.25,2023-04-30_2023-05-14|2023-09-12_2023-09-26|2024-09-06_2024-09-20|2024-11-05_2024-11-19|2024-12-05_2024-12-19
