آستانه,تعداد_شاخص‌ها,لیست_شاخص‌ها,الگوی_وضعیت,تعداد_کل_وقوع,تعداد_ضررده,تعداد_سودده,درصد_ضررده,درصد_سودده,نسبت_شانس,ماه‌ها
0.0,1,CPI m/m,Bad,22,14,8,63.6,36.4,1.75,2020-09|2020-12|2021-04|2021-05|2021-06|2021-07|2021-10|2021-11|2021-12|2022-01|2022-02|2022-05|2022-06|2022-07|2022-09|2022-10|2023-10|2023-12|2024-01|2024-04|2025-02|2025-09
0.0,1,CPI m/m,Neutral,21,15,6,71.4,28.6,2.5,2021-01|2021-02|2021-03|2021-08|2022-03|2022-04|2023-01|2023-02|2023-03|2023-05|2023-08|2023-09|2024-03|2024-08|2024-09|2024-11|2024-12|2025-01|2025-07|2025-08|2026-01
0.0,1,CPI m/m,Good,15,9,6,60.0,40.0,1.5,2021-09|2022-08|2022-11|2023-04|2023-06|2023-07|2023-11|2024-05|2024-06|2024-07|2025-03|2025-04|2025-05|2025-06|2025-10
0.1,1,CPI m/m,Bad,16,9,7,56.2,43.8,1.29,2020-09|2021-05|2021-06|2021-07|2021-10|2021-11|2021-12|2022-02|2022-06|2022-07|2022-09|2022-10|2023-10|2024-04|2025-02|2025-09
0.1,1,CPI m/m,Neutral,35,24,11,68.6,31.4,2.18,2020-12|2021-01|2021-02|2021-03|2021-04|2021-08|2022-01|2022-03|2022-04|2022-05|2023-01|2023-02|2023-03|2023-04|2023-05|2023-06|2023-07|2023-08|2023-09|2023-11|2023-12|2024-01|2024-03|2024-06|2024-08|2024-09|2024-11|2024-12|2025-01|2025-03|2025-05|2025-06|2025-07|2025-08|2026-01
0.1,1,CPI m/m,Good,7,5,2,71.4,28.6,2.5,2021-09|2022-08|2022-11|2024-05|2024-07|2025-04|2025-10
0.2,1,CPI m/m,Neutral,54,35,19,64.8,35.2,1.84,2020-09|2020-12|2021-01|2021-02|2021-03|2021-04|2021-06|2021-08|2021-09|2021-10|2021-12|2022-01|2022-02|2022-03|2022-04|2022-05|2022-07|2022-08|2022-09|2022-10|2022-11|2023-01|2023-02|2023-03|2023-04|2023-05|2023-06|2023-07|2023-08|2023-09|2023-10|2023-11|2023-12|2024-01|2024-03|2024-04|2024-05|2024-06|2024-07|2024-08|2024-09|2024-11|2024-12|2025-01|2025-02|2025-03|2025-04|2025-05|2025-06|2025-07|2025-08|2025-09|2025-10|2026-01
0.2,1,CPI m/m,Bad,4,3,1,75.0,25.0,3.0,2021-05|2021-07|2021-11|2022-06
0.3,1,CPI m/m,Neutral,54,35,19,64.8,35.2,1.84,2020-09|2020-12|2021-01|2021-02|2021-03|2021-04|2021-06|2021-08|2021-09|2021-10|2021-12|2022-01|2022-02|2022-03|2022-04|2022-05|2022-07|2022-08|2022-09|2022-10|2022-11|2023-01|2023-02|2023-03|2023-04|2023-05|2023-06|2023-07|2023-08|2023-09|2023-10|2023-11|2023-12|2024-01|2024-03|2024-04|2024-05|2024-06|2024-07|2024-08|2024-09|2024-11|2024-12|2025-01|2025-02|2025-03|2025-04|2025-05|2025-06|2025-07|2025-08|2025-09|2025-10|2026-01
0.3,1,CPI m/m,Bad,4,3,1,75.0,25.0,3.0,2021-05|2021-07|2021-11|2022-06
0.0,1,Core CPI m/m,Bad,21,15,6,71.4,28.6,2.5,2020-09|2020-12|2021-04|2021-05|2021-06|2021-07|2021-11|2022-01|2022-02|2022-05|2022-06|2022-07|2022-09|2022-10|2023-03|2023-05|2023-09|2024-03|2024-04|2024-09|2025-02
0.0,1,Core CPI m/m,Neutral,18,12,6,66.7,33.3,2.0,2021-01|2021-10|2021-12|2022-03|2023-01|2023-02|2023-04|2023-06|2023-08|2023-10|2023-12|2024-01|2024-05|2024-08|2024-11|2024-12|2025-08|2025-09
0.0,1,Core CPI m/m,Good,19,11,8,57.9,42.1,1.38,2021-02|2021-03|2021-08|2021-09|2022-04|2022-08|2022-11|2023-07|2023-11|2024-06|2024-07|2025-01|2025-03|2025-04|2025-05|2025-06|2025-07|2025-10|2026-01
0.1,1,Core CPI m/m,Bad,13,8,5,61.5,38.5,1.6,2020-09|2021-05|2021-06|2021-07|2021-11|2022-05|2022-07|2022-09|2022-10|2023-05|2024-03|2024-04|2025-02
0.1,1,Core CPI m/m,Neutral,37,23,14,62.2,37.8,1.64,2020-12|2021-01|2021-03|2021-04|2021-10|2021-12|2022-01|2022-02|2022-03|2022-06|2023-01|2023-02|2023-03|2023-04|2023-06|2023-07|2023-08|2023-09|2023-10|2023-11|2023-12|2024-01|2024-05|2024-06|2024-07|2024-08|2024-09|2024-11|2024-12|2025-01|2025-03|2025-05|2025-07|2025-08|2025-09|2025-10|2026-01
0.1,1,Core CPI m/m,Good,8,7,1,87.5,12.5,7.0,2021-02|2021-08|2021-09|2022-04|2022-08|2022-11|2025-04|2025-06
0.2,1,Core CPI m/m,Neutral,55,36,19,65.5,34.5,1.89,2020-09|2020-12|2021-01|2021-02|2021-03|2021-04|2021-06|2021-08|2021-09|2021-10|2021-11|2021-12|2022-01|2022-02|2022-03|2022-04|2022-05|2022-06|2022-07|2022-08|2022-10|2022-11|2023-01|2023-02|2023-03|2023-04|2023-05|2023-06|2023-07|2023-08|2023-09|2023-10|2023-11|2023-12|2024-01|2024-03|2024-04|2024-05|2024-06|2024-07|2024-08|2024-09|2024-11|2024-12|2025-01|2025-02|2025-03|2025-04|2025-05|2025-06|2025-07|2025-08|2025-09|2025-10|2026-01
0.2,1,Core CPI m/m,Bad,3,2,1,66.7,33.3,2.0,2021-05|2021-07|2022-09
0.3,1,Core CPI m/m,Neutral,56,37,19,66.1,33.9,1.95,2020-09|2020-12|2021-01|2021-02|2021-03|2021-04|2021-06|2021-08|2021-09|2021-10|2021-11|2021-12|2022-01|2022-02|2022-03|2022-04|2022-05|2022-06|2022-07|2022-08|2022-09|2022-10|2022-11|2023-01|2023-02|2023-03|2023-04|2023-05|2023-06|2023-07|2023-08|2023-09|2023-10|2023-11|2023-12|2024-01|2024-03|2024-04|2024-05|2024-06|2024-07|2024-08|2024-09|2024-11|2024-12|2025-01|2025-02|2025-03|2025-04|2025-05|2025-06|2025-07|2025-08|2025-09|2025-10|2026-01
0.3,1,Core CPI m/m,Bad,2,1,1,50.0,50.0,1.0,2021-05|2021-07
0.0,1,PPI m/m,Bad,26,13,13,50.0,50.0,1.0,2020-09|2021-02|2021-03|2021-04|2021-05|2021-06|2021-07|2021-08|2021-09|2021-12|2022-02|2022-04|2022-07|2022-10|2023-02|2023-08|2023-09|2023-10|2024-03|2024-05|2024-07|2024-09|2024-12|2025-02|2025-08|2026-01
0.0,1,PPI m/m,Neutral,8,8,0,100.0,0.0,inf,2020-12|2021-11|2022-05|2022-06|2022-09|2023-12|2024-11|2025-11
0.0,1,PPI m/m,Good,24,18,6,75.0,25.0,3.0,2021-01|2021-10|2022-01|2022-03|2022-08|2022-11|2023-01|2023-03|2023-04|2023-05|2023-06|2023-07|2023-11|2024-01|2024-04|2024-06|2024-08|2025-01|2025-03|2025-04|2025-05|2025-06|2025-07|2025-09
0.1,1,PPI m/m,Neutral,20,16,4,80.0,20.0,4.0,2020-09|2020-12|2021-03|2021-09|2021-10|2021-11|2022-05|2022-06|2022-09|2023-05|2023-07|2023-08|2023-12|2024-04|2024-07|2024-08|2024-09|2024-11|2025-06|2025-11
0.1,1,PPI m/m,Good,18,13,5,72.2,27.8,2.6,2021-01|2022-01|2022-03|2022-08|2022-11|2023-01|2023-03|2023-04|2023-06|2023-11|2024-01|2024-06|2025-01|2025-03|2025-04|2025-05|2025-07|2025-09
0.1,1,PPI m/m,Bad,20,10,10,50.0,50.0,1.0,2021-02|2021-04|2021-05|2021-06|2021-07|2021-08|2021-12|2022-02|2022-04|2022-07|2022-10|2023-02|2023-09|2023-10|2024-03|2024-05|2024-12|2025-02|2025-08|2026-01
0.2,1,PPI m/m,Neutral,34,22,12,64.7,35.3,1.83,2020-09|2020-12|2021-01|2021-03|2021-09|2021-10|2021-11|2022-01|2022-03|2022-05|2022-06|2022-09|2022-10|2022-11|2023-05|2023-06|2023-07|2023-08|2023-10|2023-12|2024-01|2024-04|2024-05|2024-07|2024-08|2024-09|2024-11|2024-12|2025-01|2025-02|2025-06|2025-07|2025-11|2026-01
0.2,1,PPI m/m,Bad,14,9,5,64.3,35.7,1.8,2021-02|2021-04|2021-05|2021-06|2021-07|2021-08|2021-12|2022-02|2022-04|2022-07|2023-02|2023-09|2024-03|2025-08
0.2,1,PPI m/m,Good,10,8,2,80.0,20.0,4.0,2022-08|2023-01|2023-03|2023-04|2023-11|2024-06|2025-03|2025-04|2025-05|2025-09
0.3,1,PPI m/m,Neutral,40,26,14,65.0,35.0,1.86,2020-09|2020-12|2021-01|2021-03|2021-05|2021-09|2021-10|2021-11|2022-01|2022-03|2022-04|2022-05|2022-06|2022-09|2022-10|2022-11|2023-02|2023-05|2023-06|2023-07|2023-08|2023-09|2023-10|2023-12|2024-01|2024-03|2024-04|2024-05|2024-07|2024-08|2024-09|2024-11|2024-12|2025-01|2025-02|2025-03|2025-06|2025-07|2025-11|2026-01
0.3,1,PPI m/m,Bad,9,6,3,66.7,33.3,2.0,2021-02|2021-04|2021-06|2021-07|2021-08|2021-12|2022-02|2022-07|2025-08
0.3,1,PPI m/m,Good,9,7,2,77.8,22.2,3.5,2022-08|2023-01|2023-03|2023-04|2023-11|2024-06|2025-04|2025-05|2025-09
0.0,1,Core PPI m/m,Bad,21,13,8,61.9,38.1,1.62,2020-09|2021-02|2021-04|2021-05|2021-06|2021-07|2021-08|2021-09|2021-12|2022-02|2022-04|2022-09|2023-02|2023-08|2023-10|2024-03|2024-05|2024-07|2024-09|2025-08|2026-01
0.0,1,Core PPI m/m,Good,25,19,6,76.0,24.0,3.17,2020-12|2021-10|2021-11|2022-03|2022-05|2022-06|2022-07|2022-08|2022-11|2023-03|2023-04|2023-07|2023-11|2023-12|2024-01|2024-06|2024-08|2025-01|2025-03|2025-04|2025-05|2025-06|2025-07|2025-09|2025-11
0.0,1,Core PPI m/m,Neutral,12,7,5,58.3,41.7,1.4,2021-01|2021-03|2022-01|2022-10|2023-01|2023-05|2023-06|2023-09|2024-04|2024-11|2024-12|2025-02
0.1,1,Core PPI m/m,Bad,16,10,6,62.5,37.5,1.67,2020-09|2021-02|2021-04|2021-05|2021-06|2021-07|2021-08|2021-12|2022-02|2022-04|2022-09|2023-02|2024-05|2024-07|2025-08|2026-01
0.1,1,Core PPI m/m,Neutral,23,15,8,65.2,34.8,1.88,2020-12|2021-01|2021-03|2021-09|2021-11|2022-01|2022-06|2022-07|2022-10|2023-01|2023-05|2023-06|2023-07|2023-08|2023-09|2023-10|2024-03|2024-04|2024-09|2024-11|2024-12|2025-02|2025-11
0.1,1,Core PPI m/m,Good,19,14,5,73.7,26.3,2.8,2021-10|2022-03|2022-05|2022-08|2022-11|2023-03|2023-04|2023-11|2023-12|2024-01|2024-06|2024-08|2025-01|2025-03|2025-04|2025-05|2025-06|2025-07|2025-09
0.2,1,Core PPI m/m,Neutral,37,22,15,59.5,40.5,1.47,2020-09|2020-12|2021-01|2021-03|2021-06|2021-09|2021-11|2022-01|2022-05|2022-06|2022-07|2022-08|2022-09|2022-10|2023-01|2023-02|2023-05|2023-06|2023-07|2023-08|2023-09|2023-10|2023-12|2024-01|2024-03|2024-04|2024-07|2024-08|2024-09|2024-11|2024-12|2025-01|2025-02|2025-06|2025-07|2025-11|2026-01
0.2,1,Core PPI m/m,Bad,10,8,2,80.0,20.0,4.0,2021-02|2021-04|2021-05|2021-07|2021-08|2021-12|2022-02|2022-04|2024-05|2025-08
0.2,1,Core PPI m/m,Good,11,9,2,81.8,18.2,4.5,2021-10|2022-03|2022-11|2023-03|2023-04|2023-11|2024-06|2025-03|2025-04|2025-05|2025-09
0.3,1,Core PPI m/m,Neutral,44,26,18,59.1,40.9,1.44,2020-09|2020-12|2021-01|2021-03|2021-05|2021-06|2021-09|2021-10|2021-11|2021-12|2022-01|2022-05|2022-06|2022-07|2022-08|2022-09|2022-10|2022-11|2023-01|2023-02|2023-05|2023-06|2023-07|2023-08|2023-09|2023-10|2023-11|2023-12|2024-01|2024-03|2024-04|2024-05|2024-06|2024-07|2024-08|2024-09|2024-11|2024-12|2025-01|2025-02|2025-06|2025-07|2025-11|2026-01
0.3,1,Core PPI m/m,Bad,7,6,1,85.7,14.3,6.0,2021-02|2021-04|2021-07|2021-08|2022-02|2022-04|2025-08
0.3,1,Core PPI m/m,Good,7,7,0,100.0,0.0,inf,2022-03|2023-03|2023-04|2025-03|2025-04|2025-05|2025-09
0.0,1,FOMC,Neutral,12,7,5,58.3,41.7,1.4,2023-03|2023-05|2023-06|2023-07|2023-09|2023-11|2023-12|2024-06|2024-07|2024-11|2024-12|2025-01
0.0,1,FOMC,Good,1,1,0,100.0,0.0,inf,2024-09
0.1,1,FOMC,Neutral,12,7,5,58.3,41.7,1.4,2023-03|2023-05|2023-06|2023-07|2023-09|2023-11|2023-12|2024-06|2024-07|2024-11|2024-12|2025-01
0.1,1,FOMC,Good,1,1,0,100.0,0.0,inf,2024-09
0.2,1,FOMC,Neutral,12,7,5,58.3,41.7,1.4,2023-03|2023-05|2023-06|2023-07|2023-09|2023-11|2023-12|2024-06|2024-07|2024-11|2024-12|2025-01
0.2,1,FOMC,Good,1,1,0,100.0,0.0,inf,2024-09
0.3,1,FOMC,Neutral,13,8,5,61.5,38.5,1.6,2023-03|2023-05|2023-06|2023-07|2023-09|2023-11|2023-12|2024-06|2024-07|2024-09|2024-11|2024-12|2025-01
0.0,1,CPI y/y,Bad,23,13,10,56.5,43.5,1.3,2020-09|2021-04|2021-05|2021-06|2021-07|2021-08|2021-10|2021-11|2022-02|2022-04|2022-05|2022-06|2022-07|2022-09|2022-10|2023-02|2023-09|2023-10|2024-01|2024-03|2024-04|2025-02|2025-07
0.0,1,CPI y/y,Neutral,18,15,3,83.3,16.7,5.0,2020-12|2021-01|2021-02|2021-03|2021-09|2021-12|2022-01|2022-03|2023-01|2023-03|2023-12|2024-05|2024-09|2024-11|2024-12|2025-01|2025-09|2026-01
0.0,1,CPI y/y,Good,18,10,8,55.6,44.4,1.25,2022-08|2022-11|2023-04|2023-05|2023-06|2023-07|2023-08|2023-11|2024-06|2024-07|2024-08|2025-03|2025-04|2025-05|2025-06|2025-08|2025-10|2025-12
0.1,1,CPI y/y,Bad,21,12,9,57.1,42.9,1.33,2020-09|2021-04|2021-05|2021-06|2021-07|2021-08|2021-10|2021-11|2022-02|2022-05|2022-06|2022-07|2022-09|2023-02|2023-09|2023-10|2024-01|2024-03|2024-04|2025-02|2025-07
0.1,1,CPI y/y,Neutral,26,19,7,73.1,26.9,2.71,2020-12|2021-01|2021-02|2021-03|2021-09|2021-12|2022-01|2022-03|2022-04|2022-10|2023-01|2023-03|2023-04|2023-05|2023-06|2023-08|2023-11|2023-12|2024-05|2024-09|2024-11|2024-12|2025-01|2025-08|2025-09|2026-01
0.1,1,CPI y/y,Good,12,7,5,58.3,41.7,1.4,2022-08|2022-11|2023-07|2024-06|2024-07|2024-08|2025-03|2025-04|2025-05|2025-06|2025-10|2025-12
0.2,1,CPI y/y,Neutral,47,32,15,68.1,31.9,2.13,2020-09|2020-12|2021-01|2021-02|2021-03|2021-04|2021-08|2021-09|2021-10|2021-12|2022-01|2022-03|2022-04|2022-08|2022-10|2023-01|2023-03|2023-04|2023-05|2023-06|2023-07|2023-08|2023-09|2023-10|2023-11|2023-12|2024-01|2024-03|2024-04|2024-05|2024-06|2024-07|2024-08|2024-09|2024-11|2024-12|2025-01|2025-02|2025-03|2025-04|2025-05|2025-06|2025-07|2025-08|2025-09|2025-10|2026-01
0.2,1,CPI y/y,Bad,10,5,5,50.0,50.0,1.0,2021-05|2021-06|2021-07|2021-11|2022-02|2022-05|2022-06|2022-07|2022-09|2023-02
0.2,1,CPI y/y,Good,2,1,1,50.0,50.0,1.0,2022-11|2025-12
0.3,1,CPI y/y,Neutral,55,37,18,67.3,32.7,2.06,2020-09|2020-12|2021-01|2021-02|2021-03|2021-04|2021-06|2021-08|2021-09|2021-10|2021-11|2021-12|2022-01|2022-02|2022-03|2022-04|2022-05|2022-06|2022-08|2022-09|2022-10|2022-11|2023-01|2023-02|2023-03|2023-04|2023-05|2023-06|2023-07|2023-08|2023-09|2023-10|2023-11|2023-12|2024-01|2024-03|2024-04|2024-05|2024-06|2024-07|2024-08|2024-09|2024-11|2024-12|2025-01|2025-02|2025-03|2025-04|2025-05|2025-06|2025-07|2025-08|2025-09|2025-10|2026-01
0.3,1,CPI y/y,Bad,3,1,2,33.3,66.7,0.5,2021-05|2021-07|2022-07
0.3,1,CPI y/y,Good,1,0,1,0.0,100.0,0.0,2025-12
0.0,2,CPI m/m|Core CPI m/m,Bad|Bad,16,10,6,62.5,37.5,1.67,2020-09|2020-12|2021-04|2021-05|2021-06|2021-07|2021-11|2022-01|2022-02|2022-05|2022-06|2022-07|2022-09|2022-10|2024-04|2025-02
0.0,2,CPI m/m|Core CPI m/m,Neutral|Neutral,9,6,3,66.7,33.3,2.0,2021-01|2022-03|2023-01|2023-02|2023-08|2024-08|2024-11|2024-12|2025-08
0.0,2,CPI m/m|Core CPI m/m,Neutral|Good,7,4,3,57.1,42.9,1.33,2021-02|2021-03|2021-08|2022-04|2025-01|2025-07|2026-01
0.0,2,CPI m/m|Core CPI m/m,Good|Good,12,7,5,58.3,41.7,1.4,2021-09|2022-08|2022-11|2023-07|2023-11|2024-06|2024-07|2025-03|2025-04|2025-05|2025-06|2025-10
0.0,2,CPI m/m|Core CPI m/m,Bad|Neutral,6,4,2,66.7,33.3,2.0,2021-10|2021-12|2023-10|2023-12|2024-01|2025-09
0.0,2,CPI m/m|Core CPI m/m,Neutral|Bad,5,5,0,100.0,0.0,inf,2023-03|2023-05|2023-09|2024-03|2024-09
0.0,2,CPI m/m|Core CPI m/m,Good|Neutral,3,2,1,66.7,33.3,2.0,2023-04|2023-06|2024-05
0.1,2,CPI m/m|Core CPI m/m,Bad|Bad,10,5,5,50.0,50.0,1.0,2020-09|2021-05|2021-06|2021-07|2021-11|2022-07|2022-09|2022-10|2024-04|2025-02
0.1,2,CPI m/m|Core CPI m/m,Neutral|Neutral,28,18,10,64.3,35.7,1.8,2020-12|2021-01|2021-03|2021-04|2022-01|2022-03|2023-01|2023-02|2023-03|2023-04|2023-06|2023-07|2023-08|2023-09|2023-11|2023-12|2024-01|2024-06|2024-08|2024-09|2024-11|2024-12|2025-01|2025-03|2025-05|2025-07|2025-08|2026-01
0.1,2,CPI m/m|Core CPI m/m,Neutral|Good,4,3,1,75.0,25.0,3.0,2021-02|2021-08|2022-04|2025-06
0.1,2,CPI m/m|Core CPI m/m,Good|Good,4,4,0,100.0,0.0,inf,2021-09|2022-08|2022-11|2025-04
0.1,2,CPI m/m|Core CPI m/m,Bad|Neutral,6,4,2,66.7,33.3,2.0,2021-10|2021-12|2022-02|2022-06|2023-10|2025-09
0.1,2,CPI m/m|Core CPI m/m,Neutral|Bad,3,3,0,100.0,0.0,inf,2022-05|2023-05|2024-03
0.1,2,CPI m/m|Core CPI m/m,Good|Neutral,3,1,2,33.3,66.7,0.5,2024-05|2024-07|2025-10
0.2,2,CPI m/m|Core CPI m/m,Neutral|Neutral,53,34,19,64.2,35.8,1.79,2020-09|2020-12|2021-01|2021-02|2021-03|2021-04|2021-06|2021-08|2021-09|2021-10|2021-12|2022-01|2022-02|2022-03|2022-04|2022-05|2022-07|2022-08|2022-10|2022-11|2023-01|2023-02|2023-03|2023-04|2023-05|2023-06|2023-07|2023-08|2023-09|2023-10|2023-11|2023-12|2024-01|2024-03|2024-04|2024-05|2024-06|2024-07|2024-08|2024-09|2024-11|2024-12|2025-01|2025-02|2025-03|2025-04|2025-05|2025-06|2025-07|2025-08|2025-09|2025-10|2026-01
0.2,2,CPI m/m|Core CPI m/m,Bad|Bad,2,1,1,50.0,50.0,1.0,2021-05|2021-07
0.2,2,CPI m/m|Core CPI m/m,Bad|Neutral,2,2,0,100.0,0.0,inf,2021-11|2022-06
0.2,2,CPI m/m|Core CPI m/m,Neutral|Bad,1,1,0,100.0,0.0,inf,2022-09
0.3,2,CPI m/m|Core CPI m/m,Neutral|Neutral,54,35,19,64.8,35.2,1.84,2020-09|2020-12|2021-01|2021-02|2021-03|2021-04|2021-06|2021-08|2021-09|2021-10|2021-12|2022-01|2022-02|2022-03|2022-04|2022-05|2022-07|2022-08|2022-09|2022-10|2022-11|2023-01|2023-02|2023-03|2023-04|2023-05|2023-06|2023-07|2023-08|2023-09|2023-10|2023-11|2023-12|2024-01|2024-03|2024-04|2024-05|2024-06|2024-07|2024-08|2024-09|2024-11|2024-12|2025-01|2025-02|2025-03|2025-04|2025-05|2025-06|2025-07|2025-08|2025-09|2025-10|2026-01
0.3,2,CPI m/m|Core CPI m/m,Bad|Bad,2,1,1,50.0,50.0,1.0,2021-05|2021-07
0.3,2,CPI m/m|Core CPI m/m,Bad|Neutral,2,2,0,100.0,0.0,inf,2021-11|2022-06
0.0,2,CPI m/m|PPI m/m,Bad|Bad,11,4,7,36.4,63.6,0.57,2020-09|2021-04|2021-05|2021-06|2021-07|2021-12|2022-02|2022-07|2022-10|2023-10|2025-02
0.0,2,CPI m/m|PPI m/m,Bad|Neutral,6,6,0,100.0,0.0,inf,2020-12|2021-11|2022-05|2022-06|2022-09|2023-12
0.0,2,CPI m/m|PPI m/m,Neutral|Good,8,7,1,87.5,12.5,7.0,2021-01|2022-03|2023-01|2023-03|2023-05|2024-08|2025-01|2025-07
0.0,2,CPI m/m|PPI m/m,Neutral|Bad,12,7,5,58.3,41.7,1.4,2021-02|2021-03|2021-08|2022-04|2023-02|2023-08|2023-09|2024-03|2024-09|2024-12|2025-08|2026-01
0.0,2,CPI m/m|PPI m/m,Good|Bad,3,2,1,66.7,33.3,2.0,2021-09|2024-05|2024-07
0.0,2,CPI m/m|PPI m/m,Bad|Good,5,4,1,80.0,20.0,4.0,2021-10|2022-01|2024-01|2024-04|2025-09
0.0,2,CPI m/m|PPI m/m,Good|Good,11,7,4,63.6,36.4,1.75,2022-08|2022-11|2023-04|2023-06|2023-07|2023-11|2024-06|2025-03|2025-04|2025-05|2025-06
0.0,2,CPI m/m|PPI m/m,Neutral|Neutral,1,1,0,100.0,0.0,inf,2024-11
0.1,2,CPI m/m|PPI m/m,Bad|Neutral,6,6,0,100.0,0.0,inf,2020-09|2021-10|2021-11|2022-06|2022-09|2024-04
0.1,2,CPI m/m|PPI m/m,Neutral|Neutral,11,8,3,72.7,27.3,2.67,2020-12|2021-03|2022-05|2023-05|2023-07|2023-08|2023-12|2024-08|2024-09|2024-11|2025-06
0.1,2,CPI m/m|PPI m/m,Neutral|Good,14,9,5,64.3,35.7,1.8,2021-01|2022-01|2022-03|2023-01|2023-03|2023-04|2023-06|2023-11|2024-01|2024-06|2025-01|2025-03|2025-05|2025-07
0.1,2,CPI m/m|PPI m/m,Neutral|Bad,10,7,3,70.0,30.0,2.33,2021-02|2021-04|2021-08|2022-04|2023-02|2023-09|2024-03|2024-12|2025-08|2026-01
0.1,2,CPI m/m|PPI m/m,Bad|Bad,9,2,7,22.2,77.8,0.29,2021-05|2021-06|2021-07|2021-12|2022-02|2022-07|2022-10|2023-10|2025-02
0.1,2,CPI m/m|PPI m/m,Good|Neutral,2,1,1,50.0,50.0,1.0,2021-09|2024-07
0.1,2,CPI m/m|PPI m/m,Good|Good,3,3,0,100.0,0.0,inf,2022-08|2022-11|2025-04
0.1,2,CPI m/m|PPI m/m,Good|Bad,1,1,0,100.0,0.0,inf,2024-05
0.1,2,CPI m/m|PPI m/m,Bad|Good,1,1,0,100.0,0.0,inf,2025-09
0.2,2,CPI m/m|PPI m/m,Neutral|Neutral,31,19,12,61.3,38.7,1.58,2020-09|2020-12|2021-01|2021-03|2021-09|2021-10|2022-01|2022-03|2022-05|2022-09|2022-10|2022-11|2023-05|2023-06|2023-07|2023-08|2023-10|2023-12|2024-01|2024-04|2024-05|2024-07|2024-08|2024-09|2024-11|2024-12|2025-01|2025-02|2025-06|2025-07|2026-01
0.2,2,CPI m/m|PPI m/m,Neutral|Bad,12,8,4,66.7,33.3,2.0,2021-02|2021-04|2021-06|2021-08|2021-12|2022-02|2022-04|2022-07|2023-02|2023-09|2024-03|2025-08
0.2,2,CPI m/m|PPI m/m,Bad|Bad,2,1,1,50.0,50.0,1.0,2021-05|2021-07
0.2,2,CPI m/m|PPI m/m,Bad|Neutral,2,2,0,100.0,0.0,inf,2021-11|2022-06
0.2,2,CPI m/m|PPI m/m,Neutral|Good,10,8,2,80.0,20.0,4.0,2022-08|2023-01|2023-03|2023-04|2023-11|2024-06|2025-03|2025-04|2025-05|2025-09
0.3,2,CPI m/m|PPI m/m,Neutral|Neutral,36,23,13,63.9,36.1,1.77,2020-09|2020-12|2021-01|2021-03|2021-09|2021-10|2022-01|2022-03|2022-04|2022-05|2022-09|2022-10|2022-11|2023-02|2023-05|2023-06|2023-07|2023-08|2023-09|2023-10|2023-12|2024-01|2024-03|2024-04|2024-05|2024-07|2024-08|2024-09|2024-11|2024-12|2025-01|2025-02|2025-03|2025-06|2025-07|2026-01
0.3,2,CPI m/m|PPI m/m,Neutral|Bad,8,5,3,62.5,37.5,1.67,2021-02|2021-04|2021-06|2021-08|2021-12|2022-02|2022-07|2025-08
0.3,2,CPI m/m|PPI m/m,Bad|Neutral,3,2,1,66.7,33.3,2.0,2021-05|2021-11|2022-06
0.3,2,CPI m/m|PPI m/m,Bad|Bad,1,1,0,100.0,0.0,inf,2021-07
0.3,2,CPI m/m|PPI m/m,Neutral|Good,9,7,2,77.8,22.2,3.5,2022-08|2023-01|2023-03|2023-04|2023-11|2024-06|2025-04|2025-05|2025-09
0.0,2,CPI m/m|Core PPI m/m,Bad|Bad,9,5,4,55.6,44.4,1.25,2020-09|2021-04|2021-05|2021-06|2021-07|2021-12|2022-02|2022-09|2023-10
0.0,2,CPI m/m|Core PPI m/m,Bad|Good,9,7,2,77.8,22.2,3.5,2020-12|2021-10|2021-11|2022-05|2022-06|2022-07|2023-12|2024-01|2025-09
0.0,2,CPI m/m|Core PPI m/m,Neutral|Neutral,7,5,2,71.4,28.6,2.5,2021-01|2021-03|2023-01|2023-05|2023-09|2024-11|2024-12
0.0,2,CPI m/m|Core PPI m/m,Neutral|Bad,9,6,3,66.7,33.3,2.0,2021-02|2021-08|2022-04|2023-02|2023-08|2024-03|2024-09|2025-08|2026-01
0.0,2,CPI m/m|Core PPI m/m,Good|Bad,3,2,1,66.7,33.3,2.0,2021-09|2024-05|2024-07
0.0,2,CPI m/m|Core PPI m/m,Bad|Neutral,4,2,2,50.0,50.0,1.0,2022-01|2022-10|2024-04|2025-02
0.0,2,CPI m/m|Core PPI m/m,Neutral|Good,5,4,1,80.0,20.0,4.0,2022-03|2023-03|2024-08|2025-01|2025-07
0.0,2,CPI m/m|Core PPI m/m,Good|Good,10,7,3,70.0,30.0,2.33,2022-08|2022-11|2023-04|2023-07|2023-11|2024-06|2025-03|2025-04|2025-05|2025-06
0.0,2,CPI m/m|Core PPI m/m,Good|Neutral,1,0,1,0.0,100.0,0.0,2023-06
0.1,2,CPI m/m|Core PPI m/m,Bad|Bad,7,4,3,57.1,42.9,1.33,2020-09|2021-05|2021-06|2021-07|2021-12|2022-02|2022-09
0.1,2,CPI m/m|Core PPI m/m,Neutral|Neutral,14,10,4,71.4,28.6,2.5,2020-12|2021-01|2021-03|2022-01|2023-01|2023-05|2023-06|2023-07|2023-08|2023-09|2024-03|2024-09|2024-11|2024-12
0.1,2,CPI m/m|Core PPI m/m,Neutral|Bad,7,5,2,71.4,28.6,2.5,2021-02|2021-04|2021-08|2022-04|2023-02|2025-08|2026-01
0.1,2,CPI m/m|Core PPI m/m,Good|Neutral,1,1,0,100.0,0.0,inf,2021-09
0.1,2,CPI m/m|Core PPI m/m,Bad|Good,2,2,0,100.0,0.0,inf,2021-10|2025-09
0.1,2,CPI m/m|Core PPI m/m,Bad|Neutral,7,3,4,42.9,57.1,0.75,2021-11|2022-06|2022-07|2022-10|2023-10|2024-04|2025-02
0.1,2,CPI m/m|Core PPI m/m,Neutral|Good,14,9,5,64.3,35.7,1.8,2022-03|2022-05|2023-03|2023-04|2023-11|2023-12|2024-01|2024-06|2024-08|2025-01|2025-03|2025-05|2025-06|2025-07
0.1,2,CPI m/m|Core PPI m/m,Good|Good,3,3,0,100.0,0.0,inf,2022-08|2022-11|2025-04
0.1,2,CPI m/m|Core PPI m/m,Good|Bad,2,1,1,50.0,50.0,1.0,2024-05|2024-07
0.2,2,CPI m/m|Core PPI m/m,Neutral|Neutral,34,19,15,55.9,44.1,1.27,2020-09|2020-12|2021-01|2021-03|2021-06|2021-09|2022-01|2022-05|2022-07|2022-08|2022-09|2022-10|2023-01|2023-02|2023-05|2023-06|2023-07|2023-08|2023-09|2023-10|2023-12|2024-01|2024-03|2024-04|2024-07|2024-08|2024-09|2024-11|2024-12|2025-01|2025-02|2025-06|2025-07|2026-01
0.2,2,CPI m/m|Core PPI m/m,Neutral|Bad,8,7,1,87.5,12.5,7.0,2021-02|2021-04|2021-08|2021-12|2022-02|2022-04|2024-05|2025-08
0.2,2,CPI m/m|Core PPI m/m,Bad|Bad,2,1,1,50.0,50.0,1.0,2021-05|2021-07
0.2,2,CPI m/m|Core PPI m/m,Neutral|Good,11,9,2,81.8,18.2,4.5,2021-10|2022-03|2022-11|2023-03|2023-04|2023-11|2024-06|2025-03|2025-04|2025-05|2025-09
0.2,2,CPI m/m|Core PPI m/m,Bad|Neutral,2,2,0,100.0,0.0,inf,2021-11|2022-06
0.3,2,CPI m/m|Core PPI m/m,Neutral|Neutral,40,23,17,57.5,42.5,1.35,2020-09|2020-12|2021-01|2021-03|2021-06|2021-09|2021-10|2021-12|2022-01|2022-05|2022-07|2022-08|2022-09|2022-10|2022-11|2023-01|2023-02|2023-05|2023-06|2023-07|2023-08|2023-09|2023-10|2023-11|2023-12|2024-01|2024-03|2024-04|2024-05|2024-06|2024-07|2024-08|2024-09|2024-11|2024-12|2025-01|2025-02|2025-06|2025-07|2026-01
0.3,2,CPI m/m|Core PPI m/m,Neutral|Bad,6,5,1,83.3,16.7,5.0,2021-02|2021-04|2021-08|2022-02|2022-04|2025-08
0.3,2,CPI m/m|Core PPI m/m,Bad|Neutral,3,2,1,66.7,33.3,2.0,2021-05|2021-11|2022-06
0.3,2,CPI m/m|Core PPI m/m,Bad|Bad,1,1,0,100.0,0.0,inf,2021-07
0.3,2,CPI m/m|Core PPI m/m,Neutral|Good,7,7,0,100.0,0.0,inf,2022-03|2023-03|2023-04|2025-03|2025-04|2025-05|2025-09
0.0,2,CPI m/m|FOMC,Neutral|Neutral,6,5,1,83.3,16.7,5.0,2023-03|2023-05|2023-09|2024-11|2024-12|2025-01
0.0,2,CPI m/m|FOMC,Good|Neutral,5,1,4,20.0,80.0,0.25,2023-06|2023-07|2023-11|2024-06|2024-07
0.0,2,CPI m/m|FOMC,Bad|Neutral,1,1,0,100.0,0.0,inf,2023-12
0.0,2,CPI m/m|FOMC,Neutral|Good,1,1,0,100.0,0.0,inf,2024-09
0.1,2,CPI m/m|FOMC,Neutral|Neutral,11,7,4,63.6,36.4,1.75,2023-03|2023-05|2023-06|2023-07|2023-09|2023-11|2023-12|2024-06|2024-11|2024-12|2025-01
0.1,2,CPI m/m|FOMC,Good|Neutral,1,0,1,0.0,100.0,0.0,2024-07
0.1,2,CPI m/m|FOMC,Neutral|Good,1,1,0,100.0,0.0,inf,2024-09
0.2,2,CPI m/m|FOMC,Neutral|Neutral,12,7,5,58.3,41.7,1.4,2023-03|2023-05|2023-06|2023-07|2023-09|2023-11|2023-12|2024-06|2024-07|2024-11|2024-12|2025-01
0.2,2,CPI m/m|FOMC,Neutral|Good,1,1,0,100.0,0.0,inf,2024-09
0.3,2,CPI m/m|FOMC,Neutral|Neutral,13,8,5,61.5,38.5,1.6,2023-03|2023-05|2023-06|2023-07|2023-09|2023-11|2023-12|2024-06|2024-07|2024-09|2024-11|2024-12|2025-01
0.0,2,CPI m/m|CPI y/y,Bad|Bad,17,9,8,52.9,47.1,1.13,2020-09|2021-04|2021-05|2021-06|2021-07|2021-10|2021-11|2022-02|2022-05|2022-06|2022-07|2022-09|2022-10|2023-10|2024-01|2024-04|2025-02
0.0,2,CPI m/m|CPI y/y,Bad|Neutral,5,5,0,100.0,0.0,inf,2020-12|2021-12|2022-01|2023-12|2025-09
0.0,2,CPI m/m|CPI y/y,Neutral|Neutral,11,8,3,72.7,27.3,2.67,2021-01|2021-02|2021-03|2022-03|2023-01|2023-03|2024-09|2024-11|2024-12|2025-01|2026-01
0.0,2,CPI m/m|CPI y/y,Neutral|Bad,6,4,2,66.7,33.3,2.0,2021-08|2022-04|2023-02|2023-09|2024-03|2025-07
0.0,2,CPI m/m|CPI y/y,Good|Neutral,2,2,0,100.0,0.0,inf,2021-09|2024-05
0.0,2,CPI m/m|CPI y/y,Good|Good,13,7,6,53.8,46.2,1.17,2022-08|2022-11|2023-04|2023-06|2023-07|2023-11|2024-06|2024-07|2025-03|2025-04|2025-05|2025-06|2025-10
0.0,2,CPI m/m|CPI y/y,Neutral|Good,4,3,1,75.0,25.0,3.0,2023-05|2023-08|2024-08|2025-08
0.1,2,CPI m/m|CPI y/y,Bad|Bad,13,7,6,53.8,46.2,1.17,2020-09|2021-05|2021-06|2021-07|2021-10|2021-11|2022-02|2022-06|2022-07|2022-09|2023-10|2024-04|2025-02
0.1,2,CPI m/m|CPI y/y,Neutral|Neutral,21,15,6,71.4,28.6,2.5,2020-12|2021-01|2021-02|2021-03|2022-01|2022-03|2022-04|2023-01|2023-03|2023-04|2023-05|2023-06|2023-08|2023-11|2023-12|2024-09|2024-11|2024-12|2025-01|2025-08|2026-01
0.1,2,CPI m/m|CPI y/y,Neutral|Bad,8,5,3,62.5,37.5,1.67,2021-04|2021-08|2022-05|2023-02|2023-09|2024-01|2024-03|2025-07
0.1,2,CPI m/m|CPI y/y,Good|Neutral,2,2,0,100.0,0.0,inf,2021-09|2024-05
0.1,2,CPI m/m|CPI y/y,Bad|Neutral,3,2,1,66.7,33.3,2.0,2021-12|2022-10|2025-09
0.1,2,CPI m/m|CPI y/y,Good|Good,5,3,2,60.0,40.0,1.5,2022-08|2022-11|2024-07|2025-04|2025-10
0.1,2,CPI m/m|CPI y/y,Neutral|Good,6,4,2,66.7,33.3,2.0,2023-07|2024-06|2024-08|2025-03|2025-05|2025-06
0.2,2,CPI m/m|CPI y/y,Neutral|Neutral,47,32,15,68.1,31.9,2.13,2020-09|2020-12|2021-01|2021-02|2021-03|2021-04|2021-08|2021-09|2021-10|2021-12|2022-01|2022-03|2022-04|2022-08|2022-10|2023-01|2023-03|2023-04|2023-05|2023-06|2023-07|2023-08|2023-09|2023-10|2023-11|2023-12|2024-01|2024-03|2024-04|2024-05|2024-06|2024-07|2024-08|2024-09|2024-11|2024-12|2025-01|2025-02|2025-03|2025-04|2025-05|2025-06|2025-07|2025-08|2025-09|2025-10|2026-01
0.2,2,CPI m/m|CPI y/y,Bad|Bad,4,3,1,75.0,25.0,3.0,2021-05|2021-07|2021-11|2022-06
0.2,2,CPI m/m|CPI y/y,Neutral|Bad,6,2,4,33.3,66.7,0.5,2021-06|2022-02|2022-05|2022-07|2022-09|2023-02
0.2,2,CPI m/m|CPI y/y,Neutral|Good,1,1,0,100.0,0.0,inf,2022-11
0.3,2,CPI m/m|CPI y/y,Neutral|Neutral,53,35,18,66.0,34.0,1.94,2020-09|2020-12|2021-01|2021-02|2021-03|2021-04|2021-06|2021-08|2021-09|2021-10|2021-12|2022-01|2022-02|2022-03|2022-04|2022-05|2022-08|2022-09|2022-10|2022-11|2023-01|2023-02|2023-03|2023-04|2023-05|2023-06|2023-07|2023-08|2023-09|2023-10|2023-11|2023-12|2024-01|2024-03|2024-04|2024-05|2024-06|2024-07|2024-08|2024-09|2024-11|2024-12|2025-01|2025-02|2025-03|2025-04|2025-05|2025-06|2025-07|2025-08|2025-09|2025-10|2026-01
0.3,2,CPI m/m|CPI y/y,Bad|Bad,2,1,1,50.0,50.0,1.0,2021-05|2021-07
0.3,2,CPI m/m|CPI y/y,Bad|Neutral,2,2,0,100.0,0.0,inf,2021-11|2022-06
0.3,2,CPI m/m|CPI y/y,Neutral|Bad,1,0,1,0.0,100.0,0.0,2022-07
0.0,2,Core CPI m/m|PPI m/m,Bad|Bad,12,6,6,50.0,50.0,1.0,2020-09|2021-04|2021-05|2021-06|2021-07|2022-02|2022-07|2022-10|2023-09|2024-03|2024-09|2025-02
0.0,2,Core CPI m/m|PPI m/m,Bad|Neutral,5,5,0,100.0,0.0,inf,2020-12|2021-11|2022-05|2022-06|2022-09
0.0,2,Core CPI m/m|PPI m/m,Neutral|Good,9,7,2,77.8,22.2,3.5,2021-01|2021-10|2022-03|2023-01|2023-04|2023-06|2024-01|2024-08|2025-09
0.0,2,Core CPI m/m|PPI m/m,Good|Bad,7,4,3,57.1,42.9,1.33,2021-02|2021-03|2021-08|2021-09|2022-04|2024-07|2026-01
0.0,2,Core CPI m/m|PPI m/m,Neutral|Bad,7,3,4,42.9,57.1,0.75,2021-12|2023-02|2023-08|2023-10|2024-05|2024-12|2025-08
0.0,2,Core CPI m/m|PPI m/m,Bad|Good,4,4,0,100.0,0.0,inf,2022-01|2023-03|2023-05|2024-04
0.0,2,Core CPI m/m|PPI m/m,Good|Good,11,7,4,63.6,36.4,1.75,2022-08|2022-11|2023-07|2023-11|2024-06|2025-01|2025-03|2025-04|2025-05|2025-06|2025-07
0.0,2,Core CPI m/m|PPI m/m,Neutral|Neutral,2,2,0,100.0,0.0,inf,2023-12|2024-11
0.1,2,Core CPI m/m|PPI m/m,Bad|Neutral,6,6,0,100.0,0.0,inf,2020-09|2021-11|2022-05|2022-09|2023-05|2024-04
0.1,2,Core CPI m/m|PPI m/m,Neutral|Neutral,11,8,3,72.7,27.3,2.67,2020-12|2021-03|2021-10|2022-06|2023-07|2023-08|2023-12|2024-07|2024-08|2024-09|2024-11
0.1,2,Core CPI m/m|PPI m/m,Neutral|Good,15,10,5,66.7,33.3,2.0,2021-01|2022-01|2022-03|2023-01|2023-03|2023-04|2023-06|2023-11|2024-01|2024-06|2025-01|2025-03|2025-05|2025-07|2025-09
0.1,2,Core CPI m/m|PPI m/m,Good|Bad,3,3,0,100.0,0.0,inf,2021-02|2021-08|2022-04
0.1,2,Core CPI m/m|PPI m/m,Neutral|Bad,10,5,5,50.0,50.0,1.0,2021-04|2021-12|2022-02|2023-02|2023-09|2023-10|2024-05|2024-12|2025-08|2026-01
0.1,2,Core CPI m/m|PPI m/m,Bad|Bad,7,2,5,28.6,71.4,0.4,2021-05|2021-06|2021-07|2022-07|2022-10|2024-03|2025-02
0.1,2,Core CPI m/m|PPI m/m,Good|Neutral,2,1,1,50.0,50.0,1.0,2021-09|2025-06
0.1,2,Core CPI m/m|PPI m/m,Good|Good,3,3,0,100.0,0.0,inf,2022-08|2022-11|2025-04
0.2,2,Core CPI m/m|PPI m/m,Neutral|Neutral,32,20,12,62.5,37.5,1.67,2020-09|2020-12|2021-01|2021-03|2021-09|2021-10|2021-11|2022-01|2022-03|2022-05|2022-06|2022-10|2022-11|2023-05|2023-06|2023-07|2023-08|2023-10|2023-12|2024-01|2024-04|2024-05|2024-07|2024-08|2024-09|2024-11|2024-12|2025-01|2025-02|2025-06|2025-07|2026-01
0.2,2,Core CPI m/m|PPI m/m,Neutral|Bad,12,8,4,66.7,33.3,2.0,2021-02|2021-04|2021-06|2021-08|2021-12|2022-02|2022-04|2022-07|2023-02|2023-09|2024-03|2025-08
0.2,2,Core CPI m/m|PPI m/m,Bad|Bad,2,1,1,50.0,50.0,1.0,2021-05|2021-07
0.2,2,Core CPI m/m|PPI m/m,Neutral|Good,10,8,2,80.0,20.0,4.0,2022-08|2023-01|2023-03|2023-04|2023-11|2024-06|2025-03|2025-04|2025-05|2025-09
0.2,2,Core CPI m/m|PPI m/m,Bad|Neutral,1,1,0,100.0,0.0,inf,2022-09
0.3,2,Core CPI m/m|PPI m/m,Neutral|Neutral,38,25,13,65.8,34.2,1.92,2020-09|2020-12|2021-01|2021-03|2021-09|2021-10|2021-11|2022-01|2022-03|2022-04|2022-05|2022-06|2022-09|2022-10|2022-11|2023-02|2023-05|2023-06|2023-07|2023-08|2023-09|2023-10|2023-12|2024-01|2024-03|2024-04|2024-05|2024-07|2024-08|2024-09|2024-11|2024-12|2025-01|2025-02|2025-03|2025-06|2025-07|2026-01
0.3,2,Core CPI m/m|PPI m/m,Neutral|Bad,8,5,3,62.5,37.5,1.67,2021-02|2021-04|2021-06|2021-08|2021-12|2022-02|2022-07|2025-08
0.3,2,Core CPI m/m|PPI m/m,Bad|Neutral,1,0,1,0.0,100.0,0.0,2021-05
0.3,2,Core CPI m/m|PPI m/m,Bad|Bad,1,1,0,100.0,0.0,inf,2021-07
0.3,2,Core CPI m/m|PPI m/m,Neutral|Good,9,7,2,77.8,22.2,3.5,2022-08|2023-01|2023-03|2023-04|2023-11|2024-06|2025-04|2025-05|2025-09
0.0,2,Core CPI m/m|Core PPI m/m,Bad|Bad,9,6,3,66.7,33.3,2.0,2020-09|2021-04|2021-05|2021-06|2021-07|2022-02|2022-09|2024-03|2024-09
0.0,2,Core CPI m/m|Core PPI m/m,Bad|Good,6,5,1,83.3,16.7,5.0,2020-12|2021-11|2022-05|2022-06|2022-07|2023-03
0.0,2,Core CPI m/m|Core PPI m/m,Neutral|Neutral,5,3,2,60.0,40.0,1.5,2021-01|2023-01|2023-06|2024-11|2024-12
0.0,2,Core CPI m/m|Core PPI m/m,Good|Bad,6,4,2,66.7,33.3,2.0,2021-02|2021-08|2021-09|2022-04|2024-07|2026-01
0.0,2,Core CPI m/m|Core PPI m/m,Good|Neutral,1,0,1,0.0,100.0,0.0,2021-03
0.0,2,Core CPI m/m|Core PPI m/m,Neutral|Good,7,6,1,85.7,14.3,6.0,2021-10|2022-03|2023-04|2023-12|2024-01|2024-08|2025-09
0.0,2,Core CPI m/m|Core PPI m/m,Neutral|Bad,6,3,3,50.0,50.0,1.0,2021-12|2023-02|2023-08|2023-10|2024-05|2025-08
0.0,2,Core CPI m/m|Core PPI m/m,Bad|Neutral,6,4,2,66.7,33.3,2.0,2022-01|2022-10|2023-05|2023-09|2024-04|2025-02
0.0,2,Core CPI m/m|Core PPI m/m,Good|Good,11,7,4,63.6,36.4,1.75,2022-08|2022-11|2023-07|2023-11|2024-06|2025-01|2025-03|2025-04|2025-05|2025-06|2025-07
0.1,2,Core CPI m/m|Core PPI m/m,Bad|Bad,5,3,2,60.0,40.0,1.5,2020-09|2021-05|2021-06|2021-07|2022-09
0.1,2,Core CPI m/m|Core PPI m/m,Neutral|Neutral,14,9,5,64.3,35.7,1.8,2020-12|2021-01|2021-03|2022-01|2022-06|2023-01|2023-06|2023-07|2023-08|2023-09|2023-10|2024-09|2024-11|2024-12
0.1,2,Core CPI m/m|Core PPI m/m,Good|Bad,3,3,0,100.0,0.0,inf,2021-02|2021-08|2022-04
0.1,2,Core CPI m/m|Core PPI m/m,Neutral|Bad,8,4,4,50.0,50.0,1.0,2021-04|2021-12|2022-02|2023-02|2024-05|2024-07|2025-08|2026-01
0.1,2,Core CPI m/m|Core PPI m/m,Good|Neutral,1,1,0,100.0,0.0,inf,2021-09
0.1,2,Core CPI m/m|Core PPI m/m,Neutral|Good,14,10,4,71.4,28.6,2.5,2021-10|2022-03|2023-03|2023-04|2023-11|2023-12|2024-01|2024-06|2024-08|2025-01|2025-03|2025-05|2025-07|2025-09
0.1,2,Core CPI m/m|Core PPI m/m,Bad|Neutral,7,4,3,57.1,42.9,1.33,2021-11|2022-07|2022-10|2023-05|2024-03|2024-04|2025-02
0.1,2,Core CPI m/m|Core PPI m/m,Bad|Good,1,1,0,100.0,0.0,inf,2022-05
0.1,2,Core CPI m/m|Core PPI m/m,Good|Good,4,3,1,75.0,25.0,3.0,2022-08|2022-11|2025-04|2025-06
0.2,2,Core CPI m/m|Core PPI m/m,Neutral|Neutral,35,20,15,57.1,42.9,1.33,2020-09|2020-12|2021-01|2021-03|2021-06|2021-09|2021-11|2022-01|2022-05|2022-06|2022-07|2022-08|2022-10|2023-01|2023-02|2023-05|2023-06|2023-07|2023-08|2023-09|2023-10|2023-12|2024-01|2024-03|2024-04|2024-07|2024-08|2024-09|2024-11|2024-12|2025-01|2025-02|2025-06|2025-07|2026-01
0.2,2,Core CPI m/m|Core PPI m/m,Neutral|Bad,8,7,1,87.5,12.5,7.0,2021-02|2021-04|2021-08|2021-12|2022-02|2022-04|2024-05|2025-08
0.2,2,Core CPI m/m|Core PPI m/m,Bad|Bad,2,1,1,50.0,50.0,1.0,2021-05|2021-07
0.2,2,Core CPI m/m|Core PPI m/m,Neutral|Good,11,9,2,81.8,18.2,4.5,2021-10|2022-03|2022-11|2023-03|2023-04|2023-11|2024-06|2025-03|2025-04|2025-05|2025-09
0.2,2,Core CPI m/m|Core PPI m/m,Bad|Neutral,1,1,0,100.0,0.0,inf,2022-09
0.3,2,Core CPI m/m|Core PPI m/m,Neutral|Neutral,42,25,17,59.5,40.5,1.47,2020-09|2020-12|2021-01|2021-03|2021-06|2021-09|2021-10|2021-11|2021-12|2022-01|2022-05|2022-06|2022-07|2022-08|2022-09|2022-10|2022-11|2023-01|2023-02|2023-05|2023-06|2023-07|2023-08|2023-09|2023-10|2023-11|2023-12|2024-01|2024-03|2024-04|2024-05|2024-06|2024-07|2024-08|2024-09|2024-11|2024-12|2025-01|2025-02|2025-06|2025-07|2026-01
0.3,2,Core CPI m/m|Core PPI m/m,Neutral|Bad,6,5,1,83.3,16.7,5.0,2021-02|2021-04|2021-08|2022-02|2022-04|2025-08
0.3,2,Core CPI m/m|Core PPI m/m,Bad|Neutral,1,0,1,0.0,100.0,0.0,2021-05
0.3,2,Core CPI m/m|Core PPI m/m,Bad|Bad,1,1,0,100.0,0.0,inf,2021-07
0.3,2,Core CPI m/m|Core PPI m/m,Neutral|Good,7,7,0,100.0,0.0,inf,2022-03|2023-03|2023-04|2025-03|2025-04|2025-05|2025-09
0.0,2,Core CPI m/m|FOMC,Bad|Neutral,3,3,0,100.0,0.0,inf,2023-03|2023-05|2023-09
0.0,2,Core CPI m/m|FOMC,Neutral|Neutral,4,2,2,50.0,50.0,1.0,2023-06|2023-12|2024-11|2024-12
0.0,2,Core CPI m/m|FOMC,Good|Neutral,5,2,3,40.0,60.0,0.67,2023-07|2023-11|2024-06|2024-07|2025-01
0.0,2,Core CPI m/m|FOMC,Bad|Good,1,1,0,100.0,0.0,inf,2024-09
0.1,2,Core CPI m/m|FOMC,Neutral|Neutral,11,6,5,54.5,45.5,1.2,2023-03|2023-06|2023-07|2023-09|2023-11|2023-12|2024-06|2024-07|2024-11|2024-12|2025-01
0.1,2,Core CPI m/m|FOMC,Bad|Neutral,1,1,0,100.0,0.0,inf,2023-05
0.1,2,Core CPI m/m|FOMC,Neutral|Good,1,1,0,100.0,0.0,inf,2024-09
0.2,2,Core CPI m/m|FOMC,Neutral|Neutral,12,7,5,58.3,41.7,1.4,2023-03|2023-05|2023-06|2023-07|2023-09|2023-11|2023-12|2024-06|2024-07|2024-11|2024-12|2025-01
0.2,2,Core CPI m/m|FOMC,Neutral|Good,1,1,0,100.0,0.0,inf,2024-09
0.3,2,Core CPI m/m|FOMC,Neutral|Neutral,13,8,5,61.5,38.5,1.6,2023-03|2023-05|2023-06|2023-07|2023-09|2023-11|2023-12|2024-06|2024-07|2024-09|2024-11|2024-12|2025-01
0.0,2,Core CPI m/m|CPI y/y,Bad|Bad,16,10,6,62.5,37.5,1.67,2020-09|2021-04|2021-05|2021-06|2021-07|2021-11|2022-02|2022-05|2022-06|2022-07|2022-09|2022-10|2023-09|2024-03|2024-04|2025-02
0.0,2,Core CPI m/m|CPI y/y,Bad|Neutral,4,4,0,100.0,0.0,inf,2020-12|2022-01|2023-03|2024-09
0.0,2,Core CPI m/m|CPI y/y,Neutral|Neutral,9,8,1,88.9,11.1,8.0,2021-01|2021-12|2022-03|2023-01|2023-12|2024-05|2024-11|2024-12|2025-09
0.0,2,Core CPI m/m|CPI y/y,Good|Neutral,5,3,2,60.0,40.0,1.5,2021-02|2021-03|2021-09|2025-01|2026-01
0.0,2,Core CPI m/m|CPI y/y,Good|Bad,3,2,1,66.7,33.3,2.0,2021-08|2022-04|2025-07
0.0,2,Core CPI m/m|CPI y/y,Neutral|Bad,4,1,3,25.0,75.0,0.33,2021-10|2023-02|2023-10|2024-01
0.0,2,Core CPI m/m|CPI y/y,Good|Good,11,6,5,54.5,45.5,1.2,2022-08|2022-11|2023-07|2023-11|2024-06|2024-07|2025-03|2025-04|2025-05|2025-06|2025-10
0.0,2,Core CPI m/m|CPI y/y,Neutral|Good,5,3,2,60.0,40.0,1.5,2023-04|2023-06|2023-08|2024-08|2025-08
0.0,2,Core CPI m/m|CPI y/y,Bad|Good,1,1,0,100.0,0.0,inf,2023-05
0.1,2,Core CPI m/m|CPI y/y,Bad|Bad,11,7,4,63.6,36.4,1.75,2020-09|2021-05|2021-06|2021-07|2021-11|2022-05|2022-07|2022-09|2024-03|2024-04|2025-02
0.1,2,Core CPI m/m|CPI y/y,Neutral|Neutral,21,15,6,71.4,28.6,2.5,2020-12|2021-01|2021-03|2021-12|2022-01|2022-03|2023-01|2023-03|2023-04|2023-06|2023-08|2023-11|2023-12|2024-05|2024-09|2024-11|2024-12|2025-01|2025-08|2025-09|2026-01
0.1,2,Core CPI m/m|CPI y/y,Good|Neutral,3,3,0,100.0,0.0,inf,2021-02|2021-09|2022-04
0.1,2,Core CPI m/m|CPI y/y,Neutral|Bad,9,4,5,44.4,55.6,0.8,2021-04|2021-10|2022-02|2022-06|2023-02|2023-09|2023-10|2024-01|2025-07
0.1,2,Core CPI m/m|CPI y/y,Good|Bad,1,1,0,100.0,0.0,inf,2021-08
0.1,2,Core CPI m/m|CPI y/y,Good|Good,4,3,1,75.0,25.0,3.0,2022-08|2022-11|2025-04|2025-06
0.1,2,Core CPI m/m|CPI y/y,Bad|Neutral,2,1,1,50.0,50.0,1.0,2022-10|2023-05
0.1,2,Core CPI m/m|CPI y/y,Neutral|Good,7,4,3,57.1,42.9,1.33,2023-07|2024-06|2024-07|2024-08|2025-03|2025-05|2025-10
0.2,2,Core CPI m/m|CPI y/y,Neutral|Neutral,47,32,15,68.1,31.9,2.13,2020-09|2020-12|2021-01|2021-02|2021-03|2021-04|2021-08|2021-09|2021-10|2021-12|2022-01|2022-03|2022-04|2022-08|2022-10|2023-01|2023-03|2023-04|2023-05|2023-06|2023-07|2023-08|2023-09|2023-10|2023-11|2023-12|2024-01|2024-03|2024-04|2024-05|2024-06|2024-07|2024-08|2024-09|2024-11|2024-12|2025-01|2025-02|2025-03|2025-04|2025-05|2025-06|2025-07|2025-08|2025-09|2025-10|2026-01
0.2,2,Core CPI m/m|CPI y/y,Bad|Bad,3,2,1,66.7,33.3,2.0,2021-05|2021-07|2022-09
0.2,2,Core CPI m/m|CPI y/y,Neutral|Bad,7,3,4,42.9,57.1,0.75,2021-06|2021-11|2022-02|2022-05|2022-06|2022-07|2023-02
0.2,2,Core CPI m/m|CPI y/y,Neutral|Good,1,1,0,100.0,0.0,inf,2022-11
0.3,2,Core CPI m/m|CPI y/y,Neutral|Neutral,55,37,18,67.3,32.7,2.06,2020-09|2020-12|2021-01|2021-02|2021-03|2021-04|2021-06|2021-08|2021-09|2021-10|2021-11|2021-12|2022-01|2022-02|2022-03|2022-04|2022-05|2022-06|2022-08|2022-09|2022-10|2022-11|2023-01|2023-02|2023-03|2023-04|2023-05|2023-06|2023-07|2023-08|2023-09|2023-10|2023-11|2023-12|2024-01|2024-03|2024-04|2024-05|2024-06|2024-07|2024-08|2024-09|2024-11|2024-12|2025-01|2025-02|2025-03|2025-04|2025-05|2025-06|2025-07|2025-08|2025-09|2025-10|2026-01
0.3,2,Core CPI m/m|CPI y/y,Bad|Bad,2,1,1,50.0,50.0,1.0,2021-05|2021-07
0.3,2,Core CPI m/m|CPI y/y,Neutral|Bad,1,0,1,0.0,100.0,0.0,2022-07
0.0,2,PPI m/m|Core PPI m/m,Bad|Bad,20,12,8,60.0,40.0,1.5,2020-09|2021-02|2021-04|2021-05|2021-06|2021-07|2021-08|2021-09|2021-12|2022-02|2022-04|2023-02|2023-08|2023-10|2024-03|2024-05|2024-07|2024-09|2025-08|2026-01
0.0,2,PPI m/m|Core PPI m/m,Neutral|Good,6,6,0,100.0,0.0,inf,2020-12|2021-11|2022-05|2022-06|2023-12|2025-11
0.0,2,PPI m/m|Core PPI m/m,Good|Neutral,6,5,1,83.3,16.7,5.0,2021-01|2022-01|2023-01|2023-05|2023-06|2024-04
0.0,2,PPI m/m|Core PPI m/m,Bad|Neutral,5,1,4,20.0,80.0,0.25,2021-03|2022-10|2023-09|2024-12|2025-02
0.0,2,PPI m/m|Core PPI m/m,Good|Good,18,13,5,72.2,27.8,2.6,2021-10|2022-03|2022-08|2022-11|2023-03|2023-04|2023-07|2023-11|2024-01|2024-06|2024-08|2025-01|2025-03|2025-04|2025-05|2025-06|2025-07|2025-09
0.0,2,PPI m/m|Core PPI m/m,Bad|Good,1,0,1,0.0,100.0,0.0,2022-07
0.0,2,PPI m/m|Core PPI m/m,Neutral|Bad,1,1,0,100.0,0.0,inf,2022-09
0.0,2,PPI m/m|Core PPI m/m,Neutral|Neutral,1,1,0,100.0,0.0,inf,2024-11
0.1,2,PPI m/m|Core PPI m/m,Neutral|Bad,3,2,1,66.7,33.3,2.0,2020-09|2022-09|2024-07
0.1,2,PPI m/m|Core PPI m/m,Neutral|Neutral,12,10,2,83.3,16.7,5.0,2020-12|2021-03|2021-09|2021-11|2022-06|2023-05|2023-07|2023-08|2024-04|2024-09|2024-11|2025-11
0.1,2,PPI m/m|Core PPI m/m,Good|Neutral,4,3,1,75.0,25.0,3.0,2021-01|2022-01|2023-01|2023-06
0.1,2,PPI m/m|Core PPI m/m,Bad|Bad,13,8,5,61.5,38.5,1.6,2021-02|2021-04|2021-05|2021-06|2021-07|2021-08|2021-12|2022-02|2022-04|2023-02|2024-05|2025-08|2026-01
0.1,2,PPI m/m|Core PPI m/m,Neutral|Good,5,4,1,80.0,20.0,4.0,2021-10|2022-05|2023-12|2024-08|2025-06
0.1,2,PPI m/m|Core PPI m/m,Good|Good,14,10,4,71.4,28.6,2.5,2022-03|2022-08|2022-11|2023-03|2023-04|2023-11|2024-01|2024-06|2025-01|2025-03|2025-04|2025-05|2025-07|2025-09
0.1,2,PPI m/m|Core PPI m/m,Bad|Neutral,7,2,5,28.6,71.4,0.4,2022-07|2022-10|2023-09|2023-10|2024-03|2024-12|2025-02
0.2,2,PPI m/m|Core PPI m/m,Neutral|Neutral,30,18,12,60.0,40.0,1.5,2020-09|2020-12|2021-01|2021-03|2021-09|2021-11|2022-01|2022-05|2022-06|2022-09|2022-10|2023-05|2023-06|2023-07|2023-08|2023-10|2023-12|2024-01|2024-04|2024-07|2024-08|2024-09|2024-11|2024-12|2025-01|2025-02|2025-06|2025-07|2025-11|2026-01
0.2,2,PPI m/m|Core PPI m/m,Bad|Bad,9,7,2,77.8,22.2,3.5,2021-02|2021-04|2021-05|2021-07|2021-08|2021-12|2022-02|2022-04|2025-08
0.2,2,PPI m/m|Core PPI m/m,Bad|Neutral,5,2,3,40.0,60.0,0.67,2021-06|2022-07|2023-02|2023-09|2024-03
0.2,2,PPI m/m|Core PPI m/m,Neutral|Good,3,3,0,100.0,0.0,inf,2021-10|2022-03|2022-11
0.2,2,PPI m/m|Core PPI m/m,Good|Neutral,2,2,0,100.0,0.0,inf,2022-08|2023-01
0.2,2,PPI m/m|Core PPI m/m,Good|Good,8,6,2,75.0,25.0,3.0,2023-03|2023-04|2023-11|2024-06|2025-03|2025-04|2025-05|2025-09
0.2,2,PPI m/m|Core PPI m/m,Neutral|Bad,1,1,0,100.0,0.0,inf,2024-05
0.3,2,PPI m/m|Core PPI m/m,Neutral|Neutral,37,23,14,62.2,37.8,1.64,2020-09|2020-12|2021-01|2021-03|2021-05|2021-09|2021-10|2021-11|2022-01|2022-05|2022-06|2022-09|2022-10|2022-11|2023-02|2023-05|2023-06|2023-07|2023-08|2023-09|2023-10|2023-12|2024-01|2024-03|2024-04|2024-05|2024-07|2024-08|2024-09|2024-11|2024-12|2025-01|2025-02|2025-06|2025-07|2025-11|2026-01
0.3,2,PPI m/m|Core PPI m/m,Bad|Bad,6,5,1,83.3,16.7,5.0,2021-02|2021-04|2021-07|2021-08|2022-02|2025-08
0.3,2,PPI m/m|Core PPI m/m,Bad|Neutral,3,1,2,33.3,66.7,0.5,2021-06|2021-12|2022-07
0.3,2,PPI m/m|Core PPI m/m,Neutral|Good,2,2,0,100.0,0.0,inf,2022-03|2025-03
0.3,2,PPI m/m|Core PPI m/m,Neutral|Bad,1,1,0,100.0,0.0,inf,2022-04
0.3,2,PPI m/m|Core PPI m/m,Good|Neutral,4,2,2,50.0,50.0,1.0,2022-08|2023-01|2023-11|2024-06
0.3,2,PPI m/m|Core PPI m/m,Good|Good,5,5,0,100.0,0.0,inf,2023-03|2023-04|2025-04|2025-05|2025-09
0.0,2,PPI m/m|FOMC,Good|Neutral,7,4,3,57.1,42.9,1.33,2023-03|2023-05|2023-06|2023-07|2023-11|2024-06|2025-01
0.0,2,PPI m/m|FOMC,Bad|Neutral,3,1,2,33.3,66.7,0.5,2023-09|2024-07|2024-12
0.0,2,PPI m/m|FOMC,Neutral|Neutral,2,2,0,100.0,0.0,inf,2023-12|2024-11
0.0,2,PPI m/m|FOMC,Bad|Good,1,1,0,100.0,0.0,inf,2024-09
0.1,2,PPI m/m|FOMC,Good|Neutral,5,2,3,40.0,60.0,0.67,2023-03|2023-06|2023-11|2024-06|2025-01
0.1,2,PPI m/m|FOMC,Neutral|Neutral,5,4,1,80.0,20.0,4.0,2023-05|2023-07|2023-12|2024-07|2024-11
0.1,2,PPI m/m|FOMC,Bad|Neutral,2,1,1,50.0,50.0,1.0,2023-09|2024-12
0.1,2,PPI m/m|FOMC,Neutral|Good,1,1,0,100.0,0.0,inf,2024-09
0.2,2,PPI m/m|FOMC,Good|Neutral,3,1,2,33.3,66.7,0.5,2023-03|2023-11|2024-06
0.2,2,PPI m/m|FOMC,Neutral|Neutral,8,5,3,62.5,37.5,1.67,2023-05|2023-06|2023-07|2023-12|2024-07|2024-11|2024-12|2025-01
0.2,2,PPI m/m|FOMC,Bad|Neutral,1,1,0,100.0,0.0,inf,2023-09
0.2,2,PPI m/m|FOMC,Neutral|Good,1,1,0,100.0,0.0,inf,2024-09
0.3,2,PPI m/m|FOMC,Good|Neutral,3,1,2,33.3,66.7,0.5,2023-03|2023-11|2024-06
0.3,2,PPI m/m|FOMC,Neutral|Neutral,10,7,3,70.0,30.0,2.33,2023-05|2023-06|2023-07|2023-09|2023-12|2024-07|2024-09|2024-11|2024-12|2025-01
0.0,2,PPI m/m|CPI y/y,Bad|Bad,15,7,8,46.7,53.3,0.87,2020-09|2021-04|2021-05|2021-06|2021-07|2021-08|2022-02|2022-04|2022-07|2022-10|2023-02|2023-09|2023-10|2024-03|2025-02
0.0,2,PPI m/m|CPI y/y,Neutral|Neutral,3,3,0,100.0,0.0,inf,2020-12|2023-12|2024-11
0.0,2,PPI m/m|CPI y/y,Good|Neutral,7,7,0,100.0,0.0,inf,2021-01|2022-01|2022-03|2023-01|2023-03|2025-01|2025-09
0.0,2,PPI m/m|CPI y/y,Bad|Neutral,8,5,3,62.5,37.5,1.67,2021-02|2021-03|2021-09|2021-12|2024-05|2024-09|2024-12|2026-01
0.0,2,PPI m/m|CPI y/y,Good|Bad,4,2,2,50.0,50.0,1.0,2021-10|2024-01|2024-04|2025-07
0.0,2,PPI m/m|CPI y/y,Neutral|Bad,4,4,0,100.0,0.0,inf,2021-11|2022-05|2022-06|2022-09
0.0,2,PPI m/m|CPI y/y,Good|Good,13,9,4,69.2,30.8,2.25,2022-08|2022-11|2023-04|2023-05|2023-06|2023-07|2023-11|2024-06|2024-08|2025-03|2025-04|2025-05|2025-06
0.0,2,PPI m/m|CPI y/y,Bad|Good,3,1,2,33.3,66.7,0.5,2023-08|2024-07|2025-08
0.1,2,PPI m/m|CPI y/y,Neutral|Bad,7,7,0,100.0,0.0,inf,2020-09|2021-10|2021-11|2022-05|2022-06|2022-09|2024-04
0.1,2,PPI m/m|CPI y/y,Neutral|Neutral,8,6,2,75.0,25.0,3.0,2020-12|2021-03|2021-09|2023-05|2023-08|2023-12|2024-09|2024-11
0.1,2,PPI m/m|CPI y/y,Good|Neutral,10,8,2,80.0,20.0,4.0,2021-01|2022-01|2022-03|2023-01|2023-03|2023-04|2023-06|2023-11|2025-01|2025-09
0.1,2,PPI m/m|CPI y/y,Bad|Neutral,8,5,3,62.5,37.5,1.67,2021-02|2021-12|2022-04|2022-10|2024-05|2024-12|2025-08|2026-01
0.1,2,PPI m/m|CPI y/y,Bad|Bad,12,5,7,41.7,58.3,0.71,2021-04|2021-05|2021-06|2021-07|2021-08|2022-02|2022-07|2023-02|2023-09|2023-10|2024-03|2025-02
0.1,2,PPI m/m|CPI y/y,Good|Good,6,5,1,83.3,16.7,5.0,2022-08|2022-11|2024-06|2025-03|2025-04|2025-05
0.1,2,PPI m/m|CPI y/y,Neutral|Good,4,2,2,50.0,50.0,1.0,2023-07|2024-07|2024-08|2025-06
0.1,2,PPI m/m|CPI y/y,Good|Bad,2,0,2,0.0,100.0,0.0,2024-01|2025-07
0.2,2,PPI m/m|CPI y/y,Neutral|Neutral,28,16,12,57.1,42.9,1.33,2020-09|2020-12|2021-01|2021-03|2021-09|2021-10|2022-01|2022-03|2022-10|2023-05|2023-06|2023-07|2023-08|2023-10|2023-12|2024-01|2024-04|2024-05|2024-07|2024-08|2024-09|2024-11|2024-12|2025-01|2025-02|2025-06|2025-07|2026-01
0.2,2,PPI m/m|CPI y/y,Bad|Neutral,8,8,0,100.0,0.0,inf,2021-02|2021-04|2021-08|2021-12|2022-04|2023-09|2024-03|2025-08
0.2,2,PPI m/m|CPI y/y,Bad|Bad,6,1,5,16.7,83.3,0.2,2021-05|2021-06|2021-07|2022-02|2022-07|2023-02
0.2,2,PPI m/m|CPI y/y,Neutral|Bad,4,4,0,100.0,0.0,inf,2021-11|2022-05|2022-06|2022-09
0.2,2,PPI m/m|CPI y/y,Good|Neutral,10,8,2,80.0,20.0,4.0,2022-08|2023-01|2023-03|2023-04|2023-11|2024-06|2025-03|2025-04|2025-05|2025-09
0.2,2,PPI m/m|CPI y/y,Neutral|Good,1,1,0,100.0,0.0,inf,2022-11
0.3,2,PPI m/m|CPI y/y,Neutral|Neutral,38,25,13,65.8,34.2,1.92,2020-09|2020-12|2021-01|2021-03|2021-09|2021-10|2021-11|2022-01|2022-03|2022-04|2022-05|2022-06|2022-09|2022-10|2022-11|2023-02|2023-05|2023-06|2023-07|2023-08|2023-09|2023-10|2023-12|2024-01|2024-03|2024-04|2024-05|2024-07|2024-08|2024-09|2024-11|2024-12|2025-01|2025-02|2025-03|2025-06|2025-07|2026-01
0.3,2,PPI m/m|CPI y/y,Bad|Neutral,7,5,2,71.4,28.6,2.5,2021-02|2021-04|2021-06|2021-08|2021-12|2022-02|2025-08
0.3,2,PPI m/m|CPI y/y,Neutral|Bad,1,0,1,0.0,100.0,0.0,2021-05
0.3,2,PPI m/m|CPI y/y,Bad|Bad,2,1,1,50.0,50.0,1.0,2021-07|2022-07
0.3,2,PPI m/m|CPI y/y,Good|Neutral,9,7,2,77.8,22.2,3.5,2022-08|2023-01|2023-03|2023-04|2023-11|2024-06|2025-04|2025-05|2025-09
0.0,2,Core PPI m/m|FOMC,Good|Neutral,6,4,2,66.7,33.3,2.0,2023-03|2023-07|2023-11|2023-12|2024-06|2025-01
0.0,2,Core PPI m/m|FOMC,Neutral|Neutral,5,3,2,60.0,40.0,1.5,2023-05|2023-06|2023-09|2024-11|2024-12
0.0,2,Core PPI m/m|FOMC,Bad|Neutral,1,0,1,0.0,100.0,0.0,2024-07
0.0,2,Core PPI m/m|FOMC,Bad|Good,1,1,0,100.0,0.0,inf,2024-09
0.1,2,Core PPI m/m|FOMC,Good|Neutral,5,3,2,60.0,40.0,1.5,2023-03|2023-11|2023-12|2024-06|2025-01
0.1,2,Core PPI m/m|FOMC,Neutral|Neutral,6,4,2,66.7,33.3,2.0,2023-05|2023-06|2023-07|2023-09|2024-11|2024-12
0.1,2,Core PPI m/m|FOMC,Bad|Neutral,1,0,1,0.0,100.0,0.0,2024-07
0.1,2,Core PPI m/m|FOMC,Neutral|Good,1,1,0,100.0,0.0,inf,2024-09
0.2,2,Core PPI m/m|FOMC,Good|Neutral,3,1,2,33.3,66.7,0.5,2023-03|2023-11|2024-06
0.2,2,Core PPI m/m|FOMC,Neutral|Neutral,9,6,3,66.7,33.3,2.0,2023-05|2023-06|2023-07|2023-09|2023-12|2024-07|2024-11|2024-12|2025-01
0.2,2,Core PPI m/m|FOMC,Neutral|Good,1,1,0,100.0,0.0,inf,2024-09
0.3,2,Core PPI m/m|FOMC,Good|Neutral,1,1,0,100.0,0.0,inf,2023-03
0.3,2,Core PPI m/m|FOMC,Neutral|Neutral,12,7,5,58.3,41.7,1.4,2023-05|2023-06|2023-07|2023-09|2023-11|2023-12|2024-06|2024-07|2024-09|2024-11|2024-12|2025-01
0.0,2,Core PPI m/m|CPI y/y,Bad|Bad,12,7,5,58.3,41.7,1.4,2020-09|2021-04|2021-05|2021-06|2021-07|2021-08|2022-02|2022-04|2022-09|2023-02|2023-10|2024-03
0.0,2,Core PPI m/m|CPI y/y,Good|Neutral,6,6,0,100.0,0.0,inf,2020-12|2022-03|2023-03|2023-12|2025-01|2025-09
0.0,2,Core PPI m/m|CPI y/y,Neutral|Neutral,6,4,2,66.7,33.3,2.0,2021-01|2021-03|2022-01|2023-01|2024-11|2024-12
0.0,2,Core PPI m/m|CPI y/y,Bad|Neutral,6,5,1,83.3,16.7,5.0,2021-02|2021-09|2021-12|2024-05|2024-09|2026-01
0.0,2,Core PPI m/m|CPI y/y,Good|Bad,7,4,3,57.1,42.9,1.33,2021-10|2021-11|2022-05|2022-06|2022-07|2024-01|2025-07
0.0,2,Core PPI m/m|CPI y/y,Good|Good,11,8,3,72.7,27.3,2.67,2022-08|2022-11|2023-04|2023-07|2023-11|2024-06|2024-08|2025-03|2025-04|2025-05|2025-06
0.0,2,Core PPI m/m|CPI y/y,Neutral|Bad,4,2,2,50.0,50.0,1.0,2022-10|2023-09|2024-04|2025-02
0.0,2,Core PPI m/m|CPI y/y,Neutral|Good,2,1,1,50.0,50.0,1.0,2023-05|2023-06
0.0,2,Core PPI m/m|CPI y/y,Bad|Good,3,1,2,33.3,66.7,0.5,2023-08|2024-07|2025-08
0.1,2,Core PPI m/m|CPI y/y,Bad|Bad,9,5,4,55.6,44.4,1.25,2020-09|2021-04|2021-05|2021-06|2021-07|2021-08|2022-02|2022-09|2023-02
0.1,2,Core PPI m/m|CPI y/y,Neutral|Neutral,13,8,5,61.5,38.5,1.6,2020-12|2021-01|2021-03|2021-09|2022-01|2022-10|2023-01|2023-05|2023-06|2023-08|2024-09|2024-11|2024-12
0.1,2,Core PPI m/m|CPI y/y,Bad|Neutral,6,5,1,83.3,16.7,5.0,2021-02|2021-12|2022-04|2024-05|2025-08|2026-01
0.1,2,Core PPI m/m|CPI y/y,Good|Bad,4,2,2,50.0,50.0,1.0,2021-10|2022-05|2024-01|2025-07
0.1,2,Core PPI m/m|CPI y/y,Neutral|Bad,8,5,3,62.5,37.5,1.67,2021-11|2022-06|2022-07|2023-09|2023-10|2024-03|2024-04|2025-02
0.1,2,Core PPI m/m|CPI y/y,Good|Neutral,7,6,1,85.7,14.3,6.0,2022-03|2023-03|2023-04|2023-11|2023-12|2025-01|2025-09
0.1,2,Core PPI m/m|CPI y/y,Good|Good,8,6,2,75.0,25.0,3.0,2022-08|2022-11|2024-06|2024-08|2025-03|2025-04|2025-05|2025-06
0.1,2,Core PPI m/m|CPI y/y,Neutral|Good,1,1,0,100.0,0.0,inf,2023-07
0.1,2,Core PPI m/m|CPI y/y,Bad|Good,1,0,1,0.0,100.0,0.0,2024-07
0.2,2,Core PPI m/m|CPI y/y,Neutral|Neutral,29,17,12,58.6,41.4,1.42,2020-09|2020-12|2021-01|2021-03|2021-09|2022-01|2022-08|2022-10|2023-01|2023-05|2023-06|2023-07|2023-08|2023-09|2023-10|2023-12|2024-01|2024-03|2024-04|2024-07|2024-08|2024-09|2024-11|2024-12|2025-01|2025-02|2025-06|2025-07|2026-01
0.2,2,Core PPI m/m|CPI y/y,Bad|Neutral,7,7,0,100.0,0.0,inf,2021-02|2021-04|2021-08|2021-12|2022-04|2024-05|2025-08
0.2,2,Core PPI m/m|CPI y/y,Bad|Bad,3,1,2,33.3,66.7,0.5,2021-05|2021-07|2022-02
0.2,2,Core PPI m/m|CPI y/y,Neutral|Bad,7,4,3,57.1,42.9,1.33,2021-06|2021-11|2022-05|2022-06|2022-07|2022-09|2023-02
0.2,2,Core PPI m/m|CPI y/y,Good|Neutral,10,8,2,80.0,20.0,4.0,2021-10|2022-03|2023-03|2023-04|2023-11|2024-06|2025-03|2025-04|2025-05|2025-09
0.2,2,Core PPI m/m|CPI y/y,Good|Good,1,1,0,100.0,0.0,inf,2022-11
0.3,2,Core PPI m/m|CPI y/y,Neutral|Neutral,41,25,16,61.0,39.0,1.56,2020-09|2020-12|2021-01|2021-03|2021-06|2021-09|2021-10|2021-11|2021-12|2022-01|2022-05|2022-06|2022-08|2022-09|2022-10|2022-11|2023-01|2023-02|2023-05|2023-06|2023-07|2023-08|2023-09|2023-10|2023-11|2023-12|2024-01|2024-03|2024-04|2024-05|2024-06|2024-07|2024-08|2024-09|2024-11|2024-12|2025-01|2025-02|2025-06|2025-07|2026-01
0.3,2,Core PPI m/m|CPI y/y,Bad|Neutral,6,5,1,83.3,16.7,5.0,2021-02|2021-04|2021-08|2022-02|2022-04|2025-08
0.3,2,Core PPI m/m|CPI y/y,Neutral|Bad,2,0,2,0.0,100.0,0.0,2021-05|2022-07
0.3,2,Core PPI m/m|CPI y/y,Bad|Bad,1,1,0,100.0,0.0,inf,2021-07
0.3,2,Core PPI m/m|CPI y/y,Good|Neutral,7,7,0,100.0,0.0,inf,2022-03|2023-03|2023-04|2025-03|2025-04|2025-05|2025-09
0.0,2,FOMC|CPI y/y,Neutral|Neutral,5,4,1,80.0,20.0,4.0,2023-03|2023-12|2024-11|2024-12|2025-01
0.0,2,FOMC|CPI y/y,Neutral|Good,6,2,4,33.3,66.7,0.5,2023-05|2023-06|2023-07|2023-11|2024-06|2024-07
0.0,2,FOMC|CPI y/y,Neutral|Bad,1,1,0,100.0,0.0,inf,2023-09
0.0,2,FOMC|CPI y/y,Good|Neutral,1,1,0,100.0,0.0,inf,2024-09
0.1,2,FOMC|CPI y/y,Neutral|Neutral,8,5,3,62.5,37.5,1.67,2023-03|2023-05|2023-06|2023-11|2023-12|2024-11|2024-12|2025-01
0.1,2,FOMC|CPI y/y,Neutral|Good,3,1,2,33.3,66.7,0.5,2023-07|2024-06|2024-07
0.1,2,FOMC|CPI y/y,Neutral|Bad,1,1,0,100.0,0.0,inf,2023-09
0.1,2,FOMC|CPI y/y,Good|Neutral,1,1,0,100.0,0.0,inf,2024-09
0.2,2,FOMC|CPI y/y,Neutral|Neutral,12,7,5,58.3,41.7,1.4,2023-03|2023-05|2023-06|2023-07|2023-09|2023-11|2023-12|2024-06|2024-07|2024-11|2024-12|2025-01
0.2,2,FOMC|CPI y/y,Good|Neutral,1,1,0,100.0,0.0,inf,2024-09
0.3,2,FOMC|CPI y/y,Neutral|Neutral,13,8,5,61.5,38.5,1.6,2023-03|2023-05|2023-06|2023-07|2023-09|2023-11|2023-12|2024-06|2024-07|2024-09|2024-11|2024-12|2025-01
0.0,3,CPI m/m|Core CPI m/m|PPI m/m,Bad|Bad|Bad,9,3,6,33.3,66.7,0.5,2020-09|2021-04|2021-05|2021-06|2021-07|2022-02|2022-07|2022-10|2025-02
0.0,3,CPI m/m|Core CPI m/m|PPI m/m,Bad|Bad|Neutral,5,5,0,100.0,0.0,inf,2020-12|2021-11|2022-05|2022-06|2022-09
0.0,3,CPI m/m|Core CPI m/m|PPI m/m,Neutral|Neutral|Good,4,4,0,100.0,0.0,inf,2021-01|2022-03|2023-01|2024-08
0.0,3,CPI m/m|Core CPI m/m|PPI m/m,Neutral|Good|Bad,5,3,2,60.0,40.0,1.5,2021-02|2021-03|2021-08|2022-04|2026-01
0.0,3,CPI m/m|Core CPI m/m|PPI m/m,Good|Good|Bad,2,1,1,50.0,50.0,1.0,2021-09|2024-07
0.0,3,CPI m/m|Core CPI m/m|PPI m/m,Bad|Neutral|Good,3,2,1,66.7,33.3,2.0,2021-10|2024-01|2025-09
0.0,3,CPI m/m|Core CPI m/m|PPI m/m,Bad|Neutral|Bad,2,1,1,50.0,50.0,1.0,2021-12|2023-10
0.0,3,CPI m/m|Core CPI m/m|PPI m/m,Bad|Bad|Good,2,2,0,100.0,0.0,inf,2022-01|2024-04
0.0,3,CPI m/m|Core CPI m/m|PPI m/m,Good|Good|Good,9,6,3,66.7,33.3,2.0,2022-08|2022-11|2023-07|2023-11|2024-06|2025-03|2025-04|2025-05|2025-06
0.0,3,CPI m/m|Core CPI m/m|PPI m/m,Neutral|Neutral|Bad,4,1,3,25.0,75.0,0.33,2023-02|2023-08|2024-12|2025-08
0.0,3,CPI m/m|Core CPI m/m|PPI m/m,Neutral|Bad|Good,2,2,0,100.0,0.0,inf,2023-03|2023-05
0.0,3,CPI m/m|Core CPI m/m|PPI m/m,Good|Neutral|Good,2,1,1,50.0,50.0,1.0,2023-04|2023-06
0.0,3,CPI m/m|Core CPI m/m|PPI m/m,Neutral|Bad|Bad,3,3,0,100.0,0.0,inf,2023-09|2024-03|2024-09
0.0,3,CPI m/m|Core CPI m/m|PPI m/m,Bad|Neutral|Neutral,1,1,0,100.0,0.0,inf,2023-12
0.0,3,CPI m/m|Core CPI m/m|PPI m/m,Good|Neutral|Bad,1,1,0,100.0,0.0,inf,2024-05
0.0,3,CPI m/m|Core CPI m/m|PPI m/m,Neutral|Neutral|Neutral,1,1,0,100.0,0.0,inf,2024-11
0.0,3,CPI m/m|Core CPI m/m|PPI m/m,Neutral|Good|Good,2,1,1,50.0,50.0,1.0,2025-01|2025-07
0.1,3,CPI m/m|Core CPI m/m|PPI m/m,Bad|Bad|Neutral,4,4,0,100.0,0.0,inf,2020-09|2021-11|2022-09|2024-04
0.1,3,CPI m/m|Core CPI m/m|PPI m/m,Neutral|Neutral|Neutral,8,6,2,75.0,25.0,3.0,2020-12|2021-03|2023-07|2023-08|2023-12|2024-08|2024-09|2024-11
0.1,3,CPI m/m|Core CPI m/m|PPI m/m,Neutral|Neutral|Good,14,9,5,64.3,35.7,1.8,2021-01|2022-01|2022-03|2023-01|2023-03|2023-04|2023-06|2023-11|2024-01|2024-06|2025-01|2025-03|2025-05|2025-07
0.1,3,CPI m/m|Core CPI m/m|PPI m/m,Neutral|Good|Bad,3,3,0,100.0,0.0,inf,2021-02|2021-08|2022-04
0.1,3,CPI m/m|Core CPI m/m|PPI m/m,Neutral|Neutral|Bad,6,3,3,50.0,50.0,1.0,2021-04|2023-02|2023-09|2024-12|2025-08|2026-01
0.1,3,CPI m/m|Core CPI m/m|PPI m/m,Bad|Bad|Bad,6,1,5,16.7,83.3,0.2,2021-05|2021-06|2021-07|2022-07|2022-10|2025-02
0.1,3,CPI m/m|Core CPI m/m|PPI m/m,Good|Good|Neutral,1,1,0,100.0,0.0,inf,2021-09
0.1,3,CPI m/m|Core CPI m/m|PPI m/m,Bad|Neutral|Neutral,2,2,0,100.0,0.0,inf,2021-10|2022-06
0.1,3,CPI m/m|Core CPI m/m|PPI m/m,Bad|Neutral|Bad,3,1,2,33.3,66.7,0.5,2021-12|2022-02|2023-10
0.1,3,CPI m/m|Core CPI m/m|PPI m/m,Neutral|Bad|Neutral,2,2,0,100.0,0.0,inf,2022-05|2023-05
0.1,3,CPI m/m|Core CPI m/m|PPI m/m,Good|Good|Good,3,3,0,100.0,0.0,inf,2022-08|2022-11|2025-04
0.1,3,CPI m/m|Core CPI m/m|PPI m/m,Neutral|Bad|Bad,1,1,0,100.0,0.0,inf,2024-03
0.1,3,CPI m/m|Core CPI m/m|PPI m/m,Good|Neutral|Bad,1,1,0,100.0,0.0,inf,2024-05
0.1,3,CPI m/m|Core CPI m/m|PPI m/m,Good|Neutral|Neutral,1,0,1,0.0,100.0,0.0,2024-07
0.1,3,CPI m/m|Core CPI m/m|PPI m/m,Neutral|Good|Neutral,1,0,1,0.0,100.0,0.0,2025-06
0.1,3,CPI m/m|Core CPI m/m|PPI m/m,Bad|Neutral|Good,1,1,0,100.0,0.0,inf,2025-09
0.2,3,CPI m/m|Core CPI m/m|PPI m/m,Neutral|Neutral|Neutral,30,18,12,60.0,40.0,1.5,2020-09|2020-12|2021-01|2021-03|2021-09|2021-10|2022-01|2022-03|2022-05|2022-10|2022-11|2023-05|2023-06|2023-07|2023-08|2023-10|2023-12|2024-01|2024-04|2024-05|2024-07|2024-08|2024-09|2024-11|2024-12|2025-01|2025-02|2025-06|2025-07|2026-01
0.2,3,CPI m/m|Core CPI m/m|PPI m/m,Neutral|Neutral|Bad,12,8,4,66.7,33.3,2.0,2021-02|2021-04|2021-06|2021-08|2021-12|2022-02|2022-04|2022-07|2023-02|2023-09|2024-03|2025-08
0.2,3,CPI m/m|Core CPI m/m|PPI m/m,Bad|Bad|Bad,2,1,1,50.0,50.0,1.0,2021-05|2021-07
0.2,3,CPI m/m|Core CPI m/m|PPI m/m,Bad|Neutral|Neutral,2,2,0,100.0,0.0,inf,2021-11|2022-06
0.2,3,CPI m/m|Core CPI m/m|PPI m/m,Neutral|Neutral|Good,10,8,2,80.0,20.0,4.0,2022-08|2023-01|2023-03|2023-04|2023-11|2024-06|2025-03|2025-04|2025-05|2025-09
0.2,3,CPI m/m|Core CPI m/m|PPI m/m,Neutral|Bad|Neutral,1,1,0,100.0,0.0,inf,2022-09
0.3,3,CPI m/m|Core CPI m/m|PPI m/m,Neutral|Neutral|Neutral,36,23,13,63.9,36.1,1.77,2020-09|2020-12|2021-01|2021-03|2021-09|2021-10|2022-01|2022-03|2022-04|2022-05|2022-09|2022-10|2022-11|2023-02|2023-05|2023-06|2023-07|2023-08|2023-09|2023-10|2023-12|2024-01|2024-03|2024-04|2024-05|2024-07|2024-08|2024-09|2024-11|2024-12|2025-01|2025-02|2025-03|2025-06|2025-07|2026-01
0.3,3,CPI m/m|Core CPI m/m|PPI m/m,Neutral|Neutral|Bad,8,5,3,62.5,37.5,1.67,2021-02|2021-04|2021-06|2021-08|2021-12|2022-02|2022-07|2025-08
0.3,3,CPI m/m|Core CPI m/m|PPI m/m,Bad|Bad|Neutral,1,0,1,0.0,100.0,0.0,2021-05
0.3,3,CPI m/m|Core CPI m/m|PPI m/m,Bad|Bad|Bad,1,1,0,100.0,0.0,inf,2021-07
0.3,3,CPI m/m|Core CPI m/m|PPI m/m,Bad|Neutral|Neutral,2,2,0,100.0,0.0,inf,2021-11|2022-06
0.3,3,CPI m/m|Core CPI m/m|PPI m/m,Neutral|Neutral|Good,9,7,2,77.8,22.2,3.5,2022-08|2023-01|2023-03|2023-04|2023-11|2024-06|2025-04|2025-05|2025-09
0.0,3,CPI m/m|Core CPI m/m|Core PPI m/m,Bad|Bad|Bad,7,4,3,57.1,42.9,1.33,2020-09|2021-04|2021-05|2021-06|2021-07|2022-02|2022-09
0.0,3,CPI m/m|Core CPI m/m|Core PPI m/m,Bad|Bad|Good,5,4,1,80.0,20.0,4.0,2020-12|2021-11|2022-05|2022-06|2022-07
0.0,3,CPI m/m|Core CPI m/m|Core PPI m/m,Neutral|Neutral|Neutral,4,3,1,75.0,25.0,3.0,2021-01|2023-01|2024-11|2024-12
0.0,3,CPI m/m|Core CPI m/m|Core PPI m/m,Neutral|Good|Bad,4,3,1,75.0,25.0,3.0,2021-02|2021-08|2022-04|2026-01
0.0,3,CPI m/m|Core CPI m/m|Core PPI m/m,Neutral|Good|Neutral,1,0,1,0.0,100.0,0.0,2021-03
0.0,3,CPI m/m|Core CPI m/m|Core PPI m/m,Good|Good|Bad,2,1,1,50.0,50.0,1.0,2021-09|2024-07
0.0,3,CPI m/m|Core CPI m/m|Core PPI m/m,Bad|Neutral|Good,4,3,1,75.0,25.0,3.0,2021-10|2023-12|2024-01|2025-09
0.0,3,CPI m/m|Core CPI m/m|Core PPI m/m,Bad|Neutral|Bad,2,1,1,50.0,50.0,1.0,2021-12|2023-10
0.0,3,CPI m/m|Core CPI m/m|Core PPI m/m,Bad|Bad|Neutral,4,2,2,50.0,50.0,1.0,2022-01|2022-10|2024-04|2025-02
0.0,3,CPI m/m|Core CPI m/m|Core PPI m/m,Neutral|Neutral|Good,2,2,0,100.0,0.0,inf,2022-03|2024-08
0.0,3,CPI m/m|Core CPI m/m|Core PPI m/m,Good|Good|Good,9,6,3,66.7,33.3,2.0,2022-08|2022-11|2023-07|2023-11|2024-06|2025-03|2025-04|2025-05|2025-06
0.0,3,CPI m/m|Core CPI m/m|Core PPI m/m,Neutral|Neutral|Bad,3,1,2,33.3,66.7,0.5,2023-02|2023-08|2025-08
0.0,3,CPI m/m|Core CPI m/m|Core PPI m/m,Neutral|Bad|Good,1,1,0,100.0,0.0,inf,2023-03
0.0,3,CPI m/m|Core CPI m/m|Core PPI m/m,Good|Neutral|Good,1,1,0,100.0,0.0,inf,2023-04
0.0,3,CPI m/m|Core CPI m/m|Core PPI m/m,Neutral|Bad|Neutral,2,2,0,100.0,0.0,inf,2023-05|2023-09
0.0,3,CPI m/m|Core CPI m/m|Core PPI m/m,Good|Neutral|Neutral,1,0,1,0.0,100.0,0.0,2023-06
0.0,3,CPI m/m|Core CPI m/m|Core PPI m/m,Neutral|Bad|Bad,2,2,0,100.0,0.0,inf,2024-03|2024-09
0.0,3,CPI m/m|Core CPI m/m|Core PPI m/m,Good|Neutral|Bad,1,1,0,100.0,0.0,inf,2024-05
0.0,3,CPI m/m|Core CPI m/m|Core PPI m/m,Neutral|Good|Good,2,1,1,50.0,50.0,1.0,2025-01|2025-07
0.1,3,CPI m/m|Core CPI m/m|Core PPI m/m,Bad|Bad|Bad,5,3,2,60.0,40.0,1.5,2020-09|2021-05|2021-06|2021-07|2022-09
0.1,3,CPI m/m|Core CPI m/m|Core PPI m/m,Neutral|Neutral|Neutral,12,8,4,66.7,33.3,2.0,2020-12|2021-01|2021-03|2022-01|2023-01|2023-06|2023-07|2023-08|2023-09|2024-09|2024-11|2024-12
0.1,3,CPI m/m|Core CPI m/m|Core PPI m/m,Neutral|Good|Bad,3,3,0,100.0,0.0,inf,2021-02|2021-08|2022-04
0.1,3,CPI m/m|Core CPI m/m|Core PPI m/m,Neutral|Neutral|Bad,4,2,2,50.0,50.0,1.0,2021-04|2023-02|2025-08|2026-01
0.1,3,CPI m/m|Core CPI m/m|Core PPI m/m,Good|Good|Neutral,1,1,0,100.0,0.0,inf,2021-09
0.1,3,CPI m/m|Core CPI m/m|Core PPI m/m,Bad|Neutral|Good,2,2,0,100.0,0.0,inf,2021-10|2025-09
0.1,3,CPI m/m|Core CPI m/m|Core PPI m/m,Bad|Bad|Neutral,5,2,3,40.0,60.0,0.67,2021-11|2022-07|2022-10|2024-04|2025-02
0.1,3,CPI m/m|Core CPI m/m|Core PPI m/m,Bad|Neutral|Bad,2,1,1,50.0,50.0,1.0,2021-12|2022-02
0.1,3,CPI m/m|Core CPI m/m|Core PPI m/m,Neutral|Neutral|Good,12,8,4,66.7,33.3,2.0,2022-03|2023-03|2023-04|2023-11|2023-12|2024-01|2024-06|2024-08|2025-01|2025-03|2025-05|2025-07
0.1,3,CPI m/m|Core CPI m/m|Core PPI m/m,Neutral|Bad|Good,1,1,0,100.0,0.0,inf,2022-05
0.1,3,CPI m/m|Core CPI m/m|Core PPI m/m,Bad|Neutral|Neutral,2,1,1,50.0,50.0,1.0,2022-06|2023-10
0.1,3,CPI m/m|Core CPI m/m|Core PPI m/m,Good|Good|Good,3,3,0,100.0,0.0,inf,2022-08|2022-11|2025-04
0.1,3,CPI m/m|Core CPI m/m|Core PPI m/m,Neutral|Bad|Neutral,2,2,0,100.0,0.0,inf,2023-05|2024-03
0.1,3,CPI m/m|Core CPI m/m|Core PPI m/m,Good|Neutral|Bad,2,1,1,50.0,50.0,1.0,2024-05|2024-07
0.1,3,CPI m/m|Core CPI m/m|Core PPI m/m,Neutral|Good|Good,1,0,1,0.0,100.0,0.0,2025-06
0.2,3,CPI m/m|Core CPI m/m|Core PPI m/m,Neutral|Neutral|Neutral,33,18,15,54.5,45.5,1.2,2020-09|2020-12|2021-01|2021-03|2021-06|2021-09|2022-01|2022-05|2022-07|2022-08|2022-10|2023-01|2023-02|2023-05|2023-06|2023-07|2023-08|2023-09|2023-10|2023-12|2024-01|2024-03|2024-04|2024-07|2024-08|2024-09|2024-11|2024-12|2025-01|2025-02|2025-06|2025-07|2026-01
0.2,3,CPI m/m|Core CPI m/m|Core PPI m/m,Neutral|Neutral|Bad,8,7,1,87.5,12.5,7.0,2021-02|2021-04|2021-08|2021-12|2022-02|2022-04|2024-05|2025-08
0.2,3,CPI m/m|Core CPI m/m|Core PPI m/m,Bad|Bad|Bad,2,1,1,50.0,50.0,1.0,2021-05|2021-07
0.2,3,CPI m/m|Core CPI m/m|Core PPI m/m,Neutral|Neutral|Good,11,9,2,81.8,18.2,4.5,2021-10|2022-03|2022-11|2023-03|2023-04|2023-11|2024-06|2025-03|2025-04|2025-05|2025-09
0.2,3,CPI m/m|Core CPI m/m|Core PPI m/m,Bad|Neutral|Neutral,2,2,0,100.0,0.0,inf,2021-11|2022-06
0.2,3,CPI m/m|Core CPI m/m|Core PPI m/m,Neutral|Bad|Neutral,1,1,0,100.0,0.0,inf,2022-09
0.3,3,CPI m/m|Core CPI m/m|Core PPI m/m,Neutral|Neutral|Neutral,40,23,17,57.5,42.5,1.35,2020-09|2020-12|2021-01|2021-03|2021-06|2021-09|2021-10|2021-12|2022-01|2022-05|2022-07|2022-08|2022-09|2022-10|2022-11|2023-01|2023-02|2023-05|2023-06|2023-07|2023-08|2023-09|2023-10|2023-11|2023-12|2024-01|2024-03|2024-04|2024-05|2024-06|2024-07|2024-08|2024-09|2024-11|2024-12|2025-01|2025-02|2025-06|2025-07|2026-01
0.3,3,CPI m/m|Core CPI m/m|Core PPI m/m,Neutral|Neutral|Bad,6,5,1,83.3,16.7,5.0,2021-02|2021-04|2021-08|2022-02|2022-04|2025-08
0.3,3,CPI m/m|Core CPI m/m|Core PPI m/m,Bad|Bad|Neutral,1,0,1,0.0,100.0,0.0,2021-05
0.3,3,CPI m/m|Core CPI m/m|Core PPI m/m,Bad|Bad|Bad,1,1,0,100.0,0.0,inf,2021-07
0.3,3,CPI m/m|Core CPI m/m|Core PPI m/m,Bad|Neutral|Neutral,2,2,0,100.0,0.0,inf,2021-11|2022-06
0.3,3,CPI m/m|Core CPI m/m|Core PPI m/m,Neutral|Neutral|Good,7,7,0,100.0,0.0,inf,2022-03|2023-03|2023-04|2025-03|2025-04|2025-05|2025-09
0.0,3,CPI m/m|Core CPI m/m|FOMC,Neutral|Bad|Neutral,3,3,0,100.0,0.0,inf,2023-03|2023-05|2023-09
0.0,3,CPI m/m|Core CPI m/m|FOMC,Good|Neutral|Neutral,1,0,1,0.0,100.0,0.0,2023-06
0.0,3,CPI m/m|Core CPI m/m|FOMC,Good|Good|Neutral,4,1,3,25.0,75.0,0.33,2023-07|2023-11|2024-06|2024-07
0.0,3,CPI m/m|Core CPI m/m|FOMC,Bad|Neutral|Neutral,1,1,0,100.0,0.0,inf,2023-12
0.0,3,CPI m/m|Core CPI m/m|FOMC,Neutral|Bad|Good,1,1,0,100.0,0.0,inf,2024-09
0.0,3,CPI m/m|Core CPI m/m|FOMC,Neutral|Neutral|Neutral,2,1,1,50.0,50.0,1.0,2024-11|2024-12
0.0,3,CPI m/m|Core CPI m/m|FOMC,Neutral|Good|Neutral,1,1,0,100.0,0.0,inf,2025-01
0.1,3,CPI m/m|Core CPI m/m|FOMC,Neutral|Neutral|Neutral,10,6,4,60.0,40.0,1.5,2023-03|2023-06|2023-07|2023-09|2023-11|2023-12|2024-06|2024-11|2024-12|2025-01
0.1,3,CPI m/m|Core CPI m/m|FOMC,Neutral|Bad|Neutral,1,1,0,100.0,0.0,inf,2023-05
0.1,3,CPI m/m|Core CPI m/m|FOMC,Good|Neutral|Neutral,1,0,1,0.0,100.0,0.0,2024-07
0.1,3,CPI m/m|Core CPI m/m|FOMC,Neutral|Neutral|Good,1,1,0,100.0,0.0,inf,2024-09
0.2,3,CPI m/m|Core CPI m/m|FOMC,Neutral|Neutral|Neutral,12,7,5,58.3,41.7,1.4,2023-03|2023-05|2023-06|2023-07|2023-09|2023-11|2023-12|2024-06|2024-07|2024-11|2024-12|2025-01
0.2,3,CPI m/m|Core CPI m/m|FOMC,Neutral|Neutral|Good,1,1,0,100.0,0.0,inf,2024-09
0.3,3,CPI m/m|Core CPI m/m|FOMC,Neutral|Neutral|Neutral,13,8,5,61.5,38.5,1.6,2023-03|2023-05|2023-06|2023-07|2023-09|2023-11|2023-12|2024-06|2024-07|2024-09|2024-11|2024-12|2025-01
0.0,3,CPI m/m|Core CPI m/m|CPI y/y,Bad|Bad|Bad,14,8,6,57.1,42.9,1.33,2020-09|2021-04|2021-05|2021-06|2021-07|2021-11|2022-02|2022-05|2022-06|2022-07|2022-09|2022-10|2024-04|2025-02
0.0,3,CPI m/m|Core CPI m/m|CPI y/y,Bad|Bad|Neutral,2,2,0,100.0,0.0,inf,2020-12|2022-01
0.0,3,CPI m/m|Core CPI m/m|CPI y/y,Neutral|Neutral|Neutral,5,4,1,80.0,20.0,4.0,2021-01|2022-03|2023-01|2024-11|2024-12
0.0,3,CPI m/m|Core CPI m/m|CPI y/y,Neutral|Good|Neutral,4,2,2,50.0,50.0,1.0,2021-02|2021-03|2025-01|2026-01
0.0,3,CPI m/m|Core CPI m/m|CPI y/y,Neutral|Good|Bad,3,2,1,66.7,33.3,2.0,2021-08|2022-04|2025-07
0.0,3,CPI m/m|Core CPI m/m|CPI y/y,Good|Good|Neutral,1,1,0,100.0,0.0,inf,2021-09
0.0,3,CPI m/m|Core CPI m/m|CPI y/y,Bad|Neutral|Bad,3,1,2,33.3,66.7,0.5,2021-10|2023-10|2024-01
0.0,3,CPI m/m|Core CPI m/m|CPI y/y,Bad|Neutral|Neutral,3,3,0,100.0,0.0,inf,2021-12|2023-12|2025-09
0.0,3,CPI m/m|Core CPI m/m|CPI y/y,Good|Good|Good,11,6,5,54.5,45.5,1.2,2022-08|2022-11|2023-07|2023-11|2024-06|2024-07|2025-03|2025-04|2025-05|2025-06|2025-10
0.0,3,CPI m/m|Core CPI m/m|CPI y/y,Neutral|Neutral|Bad,1,0,1,0.0,100.0,0.0,2023-02
0.0,3,CPI m/m|Core CPI m/m|CPI y/y,Neutral|Bad|Neutral,2,2,0,100.0,0.0,inf,2023-03|2024-09
0.0,3,CPI m/m|Core CPI m/m|CPI y/y,Good|Neutral|Good,2,1,1,50.0,50.0,1.0,2023-04|2023-06
0.0,3,CPI m/m|Core CPI m/m|CPI y/y,Neutral|Bad|Good,1,1,0,100.0,0.0,inf,2023-05
0.0,3,CPI m/m|Core CPI m/m|CPI y/y,Neutral|Neutral|Good,3,2,1,66.7,33.3,2.0,2023-08|2024-08|2025-08
0.0,3,CPI m/m|Core CPI m/m|CPI y/y,Neutral|Bad|Bad,2,2,0,100.0,0.0,inf,2023-09|2024-03
0.0,3,CPI m/m|Core CPI m/m|CPI y/y,Good|Neutral|Neutral,1,1,0,100.0,0.0,inf,2024-05
0.1,3,CPI m/m|Core CPI m/m|CPI y/y,Bad|Bad|Bad,9,5,4,55.6,44.4,1.25,2020-09|2021-05|2021-06|2021-07|2021-11|2022-07|2022-09|2024-04|2025-02
0.1,3,CPI m/m|Core CPI m/m|CPI y/y,Neutral|Neutral|Neutral,18,12,6,66.7,33.3,2.0,2020-12|2021-01|2021-03|2022-01|2022-03|2023-01|2023-03|2023-04|2023-06|2023-08|2023-11|2023-12|2024-09|2024-11|2024-12|2025-01|2025-08|2026-01
0.1,3,CPI m/m|Core CPI m/m|CPI y/y,Neutral|Good|Neutral,2,2,0,100.0,0.0,inf,2021-02|2022-04
0.1,3,CPI m/m|Core CPI m/m|CPI y/y,Neutral|Neutral|Bad,5,2,3,40.0,60.0,0.67,2021-04|2023-02|2023-09|2024-01|2025-07
0.1,3,CPI m/m|Core CPI m/m|CPI y/y,Neutral|Good|Bad,1,1,0,100.0,0.0,inf,2021-08
0.1,3,CPI m/m|Core CPI m/m|CPI y/y,Good|Good|Neutral,1,1,0,100.0,0.0,inf,2021-09
0.1,3,CPI m/m|Core CPI m/m|CPI y/y,Bad|Neutral|Bad,4,2,2,50.0,50.0,1.0,2021-10|2022-02|2022-06|2023-10
0.1,3,CPI m/m|Core CPI m/m|CPI y/y,Bad|Neutral|Neutral,2,2,0,100.0,0.0,inf,2021-12|2025-09
0.1,3,CPI m/m|Core CPI m/m|CPI y/y,Neutral|Bad|Bad,2,2,0,100.0,0.0,inf,2022-05|2024-03
0.1,3,CPI m/m|Core CPI m/m|CPI y/y,Good|Good|Good,3,3,0,100.0,0.0,inf,2022-08|2022-11|2025-04
0.1,3,CPI m/m|Core CPI m/m|CPI y/y,Bad|Bad|Neutral,1,0,1,0.0,100.0,0.0,2022-10
0.1,3,CPI m/m|Core CPI m/m|CPI y/y,Neutral|Bad|Neutral,1,1,0,100.0,0.0,inf,2023-05
0.1,3,CPI m/m|Core CPI m/m|CPI y/y,Neutral|Neutral|Good,5,4,1,80.0,20.0,4.0,2023-07|2024-06|2024-08|2025-03|2025-05
0.1,3,CPI m/m|Core CPI m/m|CPI y/y,Good|Neutral|Neutral,1,1,0,100.0,0.0,inf,2024-05
0.1,3,CPI m/m|Core CPI m/m|CPI y/y,Good|Neutral|Good,2,0,2,0.0,100.0,0.0,2024-07|2025-10
0.1,3,CPI m/m|Core CPI m/m|CPI y/y,Neutral|Good|Good,1,0,1,0.0,100.0,0.0,2025-06
0.2,3,CPI m/m|Core CPI m/m|CPI y/y,Neutral|Neutral|Neutral,47,32,15,68.1,31.9,2.13,2020-09|2020-12|2021-01|2021-02|2021-03|2021-04|2021-08|2021-09|2021-10|2021-12|2022-01|2022-03|2022-04|2022-08|2022-10|2023-01|2023-03|2023-04|2023-05|2023-06|2023-07|2023-08|2023-09|2023-10|2023-11|2023-12|2024-01|2024-03|2024-04|2024-05|2024-06|2024-07|2024-08|2024-09|2024-11|2024-12|2025-01|2025-02|2025-03|2025-04|2025-05|2025-06|2025-07|2025-08|2025-09|2025-10|2026-01
0.2,3,CPI m/m|Core CPI m/m|CPI y/y,Bad|Bad|Bad,2,1,1,50.0,50.0,1.0,2021-05|2021-07
0.2,3,CPI m/m|Core CPI m/m|CPI y/y,Neutral|Neutral|Bad,5,1,4,20.0,80.0,0.25,2021-06|2022-02|2022-05|2022-07|2023-02
0.2,3,CPI m/m|Core CPI m/m|CPI y/y,Bad|Neutral|Bad,2,2,0,100.0,0.0,inf,2021-11|2022-06
0.2,3,CPI m/m|Core CPI m/m|CPI y/y,Neutral|Bad|Bad,1,1,0,100.0,0.0,inf,2022-09
0.2,3,CPI m/m|Core CPI m/m|CPI y/y,Neutral|Neutral|Good,1,1,0,100.0,0.0,inf,2022-11
0.3,3,CPI m/m|Core CPI m/m|CPI y/y,Neutral|Neutral|Neutral,53,35,18,66.0,34.0,1.94,2020-09|2020-12|2021-01|2021-02|2021-03|2021-04|2021-06|2021-08|2021-09|2021-10|2021-12|2022-01|2022-02|2022-03|2022-04|2022-05|2022-08|2022-09|2022-10|2022-11|2023-01|2023-02|2023-03|2023-04|2023-05|2023-06|2023-07|2023-08|2023-09|2023-10|2023-11|2023-12|2024-01|2024-03|2024-04|2024-05|2024-06|2024-07|2024-08|2024-09|2024-11|2024-12|2025-01|2025-02|2025-03|2025-04|2025-05|2025-06|2025-07|2025-08|2025-09|2025-10|2026-01
0.3,3,CPI m/m|Core CPI m/m|CPI y/y,Bad|Bad|Bad,2,1,1,50.0,50.0,1.0,2021-05|2021-07
0.3,3,CPI m/m|Core CPI m/m|CPI y/y,Bad|Neutral|Neutral,2,2,0,100.0,0.0,inf,2021-11|2022-06
0.3,3,CPI m/m|Core CPI m/m|CPI y/y,Neutral|Neutral|Bad,1,0,1,0.0,100.0,0.0,2022-07
0.0,3,CPI m/m|PPI m/m|Core PPI m/m,Bad|Bad|Bad,8,4,4,50.0,50.0,1.0,2020-09|2021-04|2021-05|2021-06|2021-07|2021-12|2022-02|2023-10
0.0,3,CPI m/m|PPI m/m|Core PPI m/m,Bad|Neutral|Good,5,5,0,100.0,0.0,inf,2020-12|2021-11|2022-05|2022-06|2023-12
0.0,3,CPI m/m|PPI m/m|Core PPI m/m,Neutral|Good|Neutral,3,3,0,100.0,0.0,inf,2021-01|2023-01|2023-05
0.0,3,CPI m/m|PPI m/m|Core PPI m/m,Neutral|Bad|Bad,9,6,3,66.7,33.3,2.0,2021-02|2021-08|2022-04|2023-02|2023-08|2024-03|2024-09|2025-08|2026-01
0.0,3,CPI m/m|PPI m/m|Core PPI m/m,Neutral|Bad|Neutral,3,1,2,33.3,66.7,0.5,2021-03|2023-09|2024-12
0.0,3,CPI m/m|PPI m/m|Core PPI m/m,Good|Bad|Bad,3,2,1,66.7,33.3,2.0,2021-09|2024-05|2024-07
0.0,3,CPI m/m|PPI m/m|Core PPI m/m,Bad|Good|Good,3,2,1,66.7,33.3,2.0,2021-10|2024-01|2025-09
0.0,3,CPI m/m|PPI m/m|Core PPI m/m,Bad|Good|Neutral,2,2,0,100.0,0.0,inf,2022-01|2024-04
0.0,3,CPI m/m|PPI m/m|Core PPI m/m,Neutral|Good|Good,5,4,1,80.0,20.0,4.0,2022-03|2023-03|2024-08|2025-01|2025-07
0.0,3,CPI m/m|PPI m/m|Core PPI m/m,Bad|Bad|Good,1,0,1,0.0,100.0,0.0,2022-07
0.0,3,CPI m/m|PPI m/m|Core PPI m/m,Good|Good|Good,10,7,3,70.0,30.0,2.33,2022-08|2022-11|2023-04|2023-07|2023-11|2024-06|2025-03|2025-04|2025-05|2025-06
0.0,3,CPI m/m|PPI m/m|Core PPI m/m,Bad|Neutral|Bad,1,1,0,100.0,0.0,inf,2022-09
0.0,3,CPI m/m|PPI m/m|Core PPI m/m,Bad|Bad|Neutral,2,0,2,0.0,100.0,0.0,2022-10|2025-02
0.0,3,CPI m/m|PPI m/m|Core PPI m/m,Good|Good|Neutral,1,0,1,0.0,100.0,0.0,2023-06
0.0,3,CPI m/m|PPI m/m|Core PPI m/m,Neutral|Neutral|Neutral,1,1,0,100.0,0.0,inf,2024-11
0.1,3,CPI m/m|PPI m/m|Core PPI m/m,Bad|Neutral|Bad,2,2,0,100.0,0.0,inf,2020-09|2022-09
0.1,3,CPI m/m|PPI m/m|Core PPI m/m,Neutral|Neutral|Neutral,7,5,2,71.4,28.6,2.5,2020-12|2021-03|2023-05|2023-07|2023-08|2024-09|2024-11
0.1,3,CPI m/m|PPI m/m|Core PPI m/m,Neutral|Good|Neutral,4,3,1,75.0,25.0,3.0,2021-01|2022-01|2023-01|2023-06
0.1,3,CPI m/m|PPI m/m|Core PPI m/m,Neutral|Bad|Bad,7,5,2,71.4,28.6,2.5,2021-02|2021-04|2021-08|2022-04|2023-02|2025-08|2026-01
0.1,3,CPI m/m|PPI m/m|Core PPI m/m,Bad|Bad|Bad,5,2,3,40.0,60.0,0.67,2021-05|2021-06|2021-07|2021-12|2022-02
0.1,3,CPI m/m|PPI m/m|Core PPI m/m,Good|Neutral|Neutral,1,1,0,100.0,0.0,inf,2021-09
0.1,3,CPI m/m|PPI m/m|Core PPI m/m,Bad|Neutral|Good,1,1,0,100.0,0.0,inf,2021-10
0.1,3,CPI m/m|PPI m/m|Core PPI m/m,Bad|Neutral|Neutral,3,3,0,100.0,0.0,inf,2021-11|2022-06|2024-04
0.1,3,CPI m/m|PPI m/m|Core PPI m/m,Neutral|Good|Good,10,6,4,60.0,40.0,1.5,2022-03|2023-03|2023-04|2023-11|2024-01|2024-06|2025-01|2025-03|2025-05|2025-07
0.1,3,CPI m/m|PPI m/m|Core PPI m/m,Neutral|Neutral|Good,4,3,1,75.0,25.0,3.0,2022-05|2023-12|2024-08|2025-06
0.1,3,CPI m/m|PPI m/m|Core PPI m/m,Bad|Bad|Neutral,4,0,4,0.0,100.0,0.0,2022-07|2022-10|2023-10|2025-02
0.1,3,CPI m/m|PPI m/m|Core PPI m/m,Good|Good|Good,3,3,0,100.0,0.0,inf,2022-08|2022-11|2025-04
0.1,3,CPI m/m|PPI m/m|Core PPI m/m,Neutral|Bad|Neutral,3,2,1,66.7,33.3,2.0,2023-09|2024-03|2024-12
0.1,3,CPI m/m|PPI m/m|Core PPI m/m,Good|Bad|Bad,1,1,0,100.0,0.0,inf,2024-05
0.1,3,CPI m/m|PPI m/m|Core PPI m/m,Good|Neutral|Bad,1,0,1,0.0,100.0,0.0,2024-07
0.1,3,CPI m/m|PPI m/m|Core PPI m/m,Bad|Good|Good,1,1,0,100.0,0.0,inf,2025-09
0.2,3,CPI m/m|PPI m/m|Core PPI m/m,Neutral|Neutral|Neutral,27,15,12,55.6,44.4,1.25,2020-09|2020-12|2021-01|2021-03|2021-09|2022-01|2022-05|2022-09|2022-10|2023-05|2023-06|2023-07|2023-08|2023-10|2023-12|2024-01|2024-04|2024-07|2024-08|2024-09|2024-11|2024-12|2025-01|2025-02|2025-06|2025-07|2026-01
0.2,3,CPI m/m|PPI m/m|Core PPI m/m,Neutral|Bad|Bad,7,6,1,85.7,14.3,6.0,2021-02|2021-04|2021-08|2021-12|2022-02|2022-04|2025-08
0.2,3,CPI m/m|PPI m/m|Core PPI m/m,Bad|Bad|Bad,2,1,1,50.0,50.0,1.0,2021-05|2021-07
0.2,3,CPI m/m|PPI m/m|Core PPI m/m,Neutral|Bad|Neutral,5,2,3,40.0,60.0,0.67,2021-06|2022-07|2023-02|2023-09|2024-03
0.2,3,CPI m/m|PPI m/m|Core PPI m/m,Neutral|Neutral|Good,3,3,0,100.0,0.0,inf,2021-10|2022-03|2022-11
0.2,3,CPI m/m|PPI m/m|Core PPI m/m,Bad|Neutral|Neutral,2,2,0,100.0,0.0,inf,2021-11|2022-06
0.2,3,CPI m/m|PPI m/m|Core PPI m/m,Neutral|Good|Neutral,2,2,0,100.0,0.0,inf,2022-08|2023-01
0.2,3,CPI m/m|PPI m/m|Core PPI m/m,Neutral|Good|Good,8,6,2,75.0,25.0,3.0,2023-03|2023-04|2023-11|2024-06|2025-03|2025-04|2025-05|2025-09
0.2,3,CPI m/m|PPI m/m|Core PPI m/m,Neutral|Neutral|Bad,1,1,0,100.0,0.0,inf,2024-05
0.3,3,CPI m/m|PPI m/m|Core PPI m/m,Neutral|Neutral|Neutral,33,20,13,60.6,39.4,1.54,2020-09|2020-12|2021-01|2021-03|2021-09|2021-10|2022-01|2022-05|2022-09|2022-10|2022-11|2023-02|2023-05|2023-06|2023-07|2023-08|2023-09|2023-10|2023-12|2024-01|2024-03|2024-04|2024-05|2024-07|2024-08|2024-09|2024-11|2024-12|2025-01|2025-02|2025-06|2025-07|2026-01
0.3,3,CPI m/m|PPI m/m|Core PPI m/m,Neutral|Bad|Bad,5,4,1,80.0,20.0,4.0,2021-02|2021-04|2021-08|2022-02|2025-08
0.3,3,CPI m/m|PPI m/m|Core PPI m/m,Bad|Neutral|Neutral,3,2,1,66.7,33.3,2.0,2021-05|2021-11|2022-06
0.3,3,CPI m/m|PPI m/m|Core PPI m/m,Neutral|Bad|Neutral,3,1,2,33.3,66.7,0.5,2021-06|2021-12|2022-07
0.3,3,CPI m/m|PPI m/m|Core PPI m/m,Bad|Bad|Bad,1,1,0,100.0,0.0,inf,2021-07
0.3,3,CPI m/m|PPI m/m|Core PPI m/m,Neutral|Neutral|Good,2,2,0,100.0,0.0,inf,2022-03|2025-03
0.3,3,CPI m/m|PPI m/m|Core PPI m/m,Neutral|Neutral|Bad,1,1,0,100.0,0.0,inf,2022-04
0.3,3,CPI m/m|PPI m/m|Core PPI m/m,Neutral|Good|Neutral,4,2,2,50.0,50.0,1.0,2022-08|2023-01|2023-11|2024-06
0.3,3,CPI m/m|PPI m/m|Core PPI m/m,Neutral|Good|Good,5,5,0,100.0,0.0,inf,2023-03|2023-04|2025-04|2025-05|2025-09
0.0,3,CPI m/m|PPI m/m|FOMC,Neutral|Good|Neutral,3,3,0,100.0,0.0,inf,2023-03|2023-05|2025-01
0.0,3,CPI m/m|PPI m/m|FOMC,Good|Good|Neutral,4,1,3,25.0,75.0,0.33,2023-06|2023-07|2023-11|2024-06
0.0,3,CPI m/m|PPI m/m|FOMC,Neutral|Bad|Neutral,2,1,1,50.0,50.0,1.0,2023-09|2024-12
0.0,3,CPI m/m|PPI m/m|FOMC,Bad|Neutral|Neutral,1,1,0,100.0,0.0,inf,2023-12
0.0,3,CPI m/m|PPI m/m|FOMC,Good|Bad|Neutral,1,0,1,0.0,100.0,0.0,2024-07
0.0,3,CPI m/m|PPI m/m|FOMC,Neutral|Bad|Good,1,1,0,100.0,0.0,inf,2024-09
0.0,3,CPI m/m|PPI m/m|FOMC,Neutral|Neutral|Neutral,1,1,0,100.0,0.0,inf,2024-11
0.1,3,CPI m/m|PPI m/m|FOMC,Neutral|Good|Neutral,5,2,3,40.0,60.0,0.67,2023-03|2023-06|2023-11|2024-06|2025-01
0.1,3,CPI m/m|PPI m/m|FOMC,Neutral|Neutral|Neutral,4,4,0,100.0,0.0,inf,2023-05|2023-07|2023-12|2024-11
0.1,3,CPI m/m|PPI m/m|FOMC,Neutral|Bad|Neutral,2,1,1,50.0,50.0,1.0,2023-09|2024-12
0.1,3,CPI m/m|PPI m/m|FOMC,Good|Neutral|Neutral,1,0,1,0.0,100.0,0.0,2024-07
0.1,3,CPI m/m|PPI m/m|FOMC,Neutral|Neutral|Good,1,1,0,100.0,0.0,inf,2024-09
0.2,3,CPI m/m|PPI m/m|FOMC,Neutral|Good|Neutral,3,1,2,33.3,66.7,0.5,2023-03|2023-11|2024-06
0.2,3,CPI m/m|PPI m/m|FOMC,Neutral|Neutral|Neutral,8,5,3,62.5,37.5,1.67,2023-05|2023-06|2023-07|2023-12|2024-07|2024-11|2024-12|2025-01
0.2,3,CPI m/m|PPI m/m|FOMC,Neutral|Bad|Neutral,1,1,0,100.0,0.0,inf,2023-09
0.2,3,CPI m/m|PPI m/m|FOMC,Neutral|Neutral|Good,1,1,0,100.0,0.0,inf,2024-09
0.3,3,CPI m/m|PPI m/m|FOMC,Neutral|Good|Neutral,3,1,2,33.3,66.7,0.5,2023-03|2023-11|2024-06
0.3,3,CPI m/m|PPI m/m|FOMC,Neutral|Neutral|Neutral,10,7,3,70.0,30.0,2.33,2023-05|2023-06|2023-07|2023-09|2023-12|2024-07|2024-09|2024-11|2024-12|2025-01
0.0,3,CPI m/m|PPI m/m|CPI y/y,Bad|Bad|Bad,10,3,7,30.0,70.0,0.43,2020-09|2021-04|2021-05|2021-06|2021-07|2022-02|2022-07|2022-10|2023-10|2025-02
0.0,3,CPI m/m|PPI m/m|CPI y/y,Bad|Neutral|Neutral,2,2,0,100.0,0.0,inf,2020-12|2023-12
0.0,3,CPI m/m|PPI m/m|CPI y/y,Neutral|Good|Neutral,5,5,0,100.0,0.0,inf,2021-01|2022-03|2023-01|2023-03|2025-01
0.0,3,CPI m/m|PPI m/m|CPI y/y,Neutral|Bad|Neutral,5,2,3,40.0,60.0,0.67,2021-02|2021-03|2024-09|2024-12|2026-01
0.0,3,CPI m/m|PPI m/m|CPI y/y,Neutral|Bad|Bad,5,4,1,80.0,20.0,4.0,2021-08|2022-04|2023-02|2023-09|2024-03
0.0,3,CPI m/m|PPI m/m|CPI y/y,Good|Bad|Neutral,2,2,0,100.0,0.0,inf,2021-09|2024-05
0.0,3,CPI m/m|PPI m/m|CPI y/y,Bad|Good|Bad,3,2,1,66.7,33.3,2.0,2021-10|2024-01|2024-04
0.0,3,CPI m/m|PPI m/m|CPI y/y,Bad|Neutral|Bad,4,4,0,100.0,0.0,inf,2021-11|2022-05|2022-06|2022-09
0.0,3,CPI m/m|PPI m/m|CPI y/y,Bad|Bad|Neutral,1,1,0,100.0,0.0,inf,2021-12
0.0,3,CPI m/m|PPI m/m|CPI y/y,Bad|Good|Neutral,2,2,0,100.0,0.0,inf,2022-01|2025-09
0.0,3,CPI m/m|PPI m/m|CPI y/y,Good|Good|Good,11,7,4,63.6,36.4,1.75,2022-08|2022-11|2023-04|2023-06|2023-07|2023-11|2024-06|2025-03|2025-04|2025-05|2025-06
0.0,3,CPI m/m|PPI m/m|CPI y/y,Neutral|Good|Good,2,2,0,100.0,0.0,inf,2023-05|2024-08
0.0,3,CPI m/m|PPI m/m|CPI y/y,Neutral|Bad|Good,2,1,1,50.0,50.0,1.0,2023-08|2025-08
0.0,3,CPI m/m|PPI m/m|CPI y/y,Good|Bad|Good,1,0,1,0.0,100.0,0.0,2024-07
0.0,3,CPI m/m|PPI m/m|CPI y/y,Neutral|Neutral|Neutral,1,1,0,100.0,0.0,inf,2024-11
0.0,3,CPI m/m|PPI m/m|CPI y/y,Neutral|Good|Bad,1,0,1,0.0,100.0,0.0,2025-07
0.1,3,CPI m/m|PPI m/m|CPI y/y,Bad|Neutral|Bad,6,6,0,100.0,0.0,inf,2020-09|2021-10|2021-11|2022-06|2022-09|2024-04
0.1,3,CPI m/m|PPI m/m|CPI y/y,Neutral|Neutral|Neutral,7,5,2,71.4,28.6,2.5,2020-12|2021-03|2023-05|2023-08|2023-12|2024-09|2024-11
0.1,3,CPI m/m|PPI m/m|CPI y/y,Neutral|Good|Neutral,9,7,2,77.8,22.2,3.5,2021-01|2022-01|2022-03|2023-01|2023-03|2023-04|2023-06|2023-11|2025-01
0.1,3,CPI m/m|PPI m/m|CPI y/y,Neutral|Bad|Neutral,5,3,2,60.0,40.0,1.5,2021-02|2022-04|2024-12|2025-08|2026-01
0.1,3,CPI m/m|PPI m/m|CPI y/y,Neutral|Bad|Bad,5,4,1,80.0,20.0,4.0,2021-04|2021-08|2023-02|2023-09|2024-03
0.1,3,CPI m/m|PPI m/m|CPI y/y,Bad|Bad|Bad,7,1,6,14.3,85.7,0.17,2021-05|2021-06|2021-07|2022-02|2022-07|2023-10|2025-02
0.1,3,CPI m/m|PPI m/m|CPI y/y,Good|Neutral|Neutral,1,1,0,100.0,0.0,inf,2021-09
0.1,3,CPI m/m|PPI m/m|CPI y/y,Bad|Bad|Neutral,2,1,1,50.0,50.0,1.0,2021-12|2022-10
0.1,3,CPI m/m|PPI m/m|CPI y/y,Neutral|Neutral|Bad,1,1,0,100.0,0.0,inf,2022-05
0.1,3,CPI m/m|PPI m/m|CPI y/y,Good|Good|Good,3,3,0,100.0,0.0,inf,2022-08|2022-11|2025-04
0.1,3,CPI m/m|PPI m/m|CPI y/y,Neutral|Neutral|Good,3,2,1,66.7,33.3,2.0,2023-07|2024-08|2025-06
0.1,3,CPI m/m|PPI m/m|CPI y/y,Neutral|Good|Bad,2,0,2,0.0,100.0,0.0,2024-01|2025-07
0.1,3,CPI m/m|PPI m/m|CPI y/y,Good|Bad|Neutral,1,1,0,100.0,0.0,inf,2024-05
0.1,3,CPI m/m|PPI m/m|CPI y/y,Neutral|Good|Good,3,2,1,66.7,33.3,2.0,2024-06|2025-03|2025-05
0.1,3,CPI m/m|PPI m/m|CPI y/y,Good|Neutral|Good,1,0,1,0.0,100.0,0.0,2024-07
0.1,3,CPI m/m|PPI m/m|CPI y/y,Bad|Good|Neutral,1,1,0,100.0,0.0,inf,2025-09
0.2,3,CPI m/m|PPI m/m|CPI y/y,Neutral|Neutral|Neutral,28,16,12,57.1,42.9,1.33,2020-09|2020-12|2021-01|2021-03|2021-09|2021-10|2022-01|2022-03|2022-10|2023-05|2023-06|2023-07|2023-08|2023-10|2023-12|2024-01|2024-04|2024-05|2024-07|2024-08|2024-09|2024-11|2024-12|2025-01|2025-02|2025-06|2025-07|2026-01
0.2,3,CPI m/m|PPI m/m|CPI y/y,Neutral|Bad|Neutral,8,8,0,100.0,0.0,inf,2021-02|2021-04|2021-08|2021-12|2022-04|2023-09|2024-03|2025-08
0.2,3,CPI m/m|PPI m/m|CPI y/y,Bad|Bad|Bad,2,1,1,50.0,50.0,1.0,2021-05|2021-07
0.2,3,CPI m/m|PPI m/m|CPI y/y,Neutral|Bad|Bad,4,0,4,0.0,100.0,0.0,2021-06|2022-02|2022-07|2023-02
0.2,3,CPI m/m|PPI m/m|CPI y/y,Bad|Neutral|Bad,2,2,0,100.0,0.0,inf,2021-11|2022-06
0.2,3,CPI m/m|PPI m/m|CPI y/y,Neutral|Neutral|Bad,2,2,0,100.0,0.0,inf,2022-05|2022-09
0.2,3,CPI m/m|PPI m/m|CPI y/y,Neutral|Good|Neutral,10,8,2,80.0,20.0,4.0,2022-08|2023-01|2023-03|2023-04|2023-11|2024-06|2025-03|2025-04|2025-05|2025-09
0.2,3,CPI m/m|PPI m/m|CPI y/y,Neutral|Neutral|Good,1,1,0,100.0,0.0,inf,2022-11
0.3,3,CPI m/m|PPI m/m|CPI y/y,Neutral|Neutral|Neutral,36,23,13,63.9,36.1,1.77,2020-09|2020-12|2021-01|2021-03|2021-09|2021-10|2022-01|2022-03|2022-04|2022-05|2022-09|2022-10|2022-11|2023-02|2023-05|2023-06|2023-07|2023-08|2023-09|2023-10|2023-12|2024-01|2024-03|2024-04|2024-05|2024-07|2024-08|2024-09|2024-11|2024-12|2025-01|2025-02|2025-03|2025-06|2025-07|2026-01
0.3,3,CPI m/m|PPI m/m|CPI y/y,Neutral|Bad|Neutral,7,5,2,71.4,28.6,2.5,2021-02|2021-04|2021-06|2021-08|2021-12|2022-02|2025-08
0.3,3,CPI m/m|PPI m/m|CPI y/y,Bad|Neutral|Bad,1,0,1,0.0,100.0,0.0,2021-05
0.3,3,CPI m/m|PPI m/m|CPI y/y,Bad|Bad|Bad,1,1,0,100.0,0.0,inf,2021-07
0.3,3,CPI m/m|PPI m/m|CPI y/y,Bad|Neutral|Neutral,2,2,0,100.0,0.0,inf,2021-11|2022-06
0.3,3,CPI m/m|PPI m/m|CPI y/y,Neutral|Bad|Bad,1,0,1,0.0,100.0,0.0,2022-07
0.3,3,CPI m/m|PPI m/m|CPI y/y,Neutral|Good|Neutral,9,7,2,77.8,22.2,3.5,2022-08|2023-01|2023-03|2023-04|2023-11|2024-06|2025-04|2025-05|2025-09
0.0,3,CPI m/m|Core PPI m/m|FOMC,Neutral|Good|Neutral,2,2,0,100.0,0.0,inf,2023-03|2025-01
0.0,3,CPI m/m|Core PPI m/m|FOMC,Neutral|Neutral|Neutral,4,3,1,75.0,25.0,3.0,2023-05|2023-09|2024-11|2024-12
0.0,3,CPI m/m|Core PPI m/m|FOMC,Good|Neutral|Neutral,1,0,1,0.0,100.0,0.0,2023-06
0.0,3,CPI m/m|Core PPI m/m|FOMC,Good|Good|Neutral,3,1,2,33.3,66.7,0.5,2023-07|2023-11|2024-06
0.0,3,CPI m/m|Core PPI m/m|FOMC,Bad|Good|Neutral,1,1,0,100.0,0.0,inf,2023-12
0.0,3,CPI m/m|Core PPI m/m|FOMC,Good|Bad|Neutral,1,0,1,0.0,100.0,0.0,2024-07
0.0,3,CPI m/m|Core PPI m/m|FOMC,Neutral|Bad|Good,1,1,0,100.0,0.0,inf,2024-09
0.1,3,CPI m/m|Core PPI m/m|FOMC,Neutral|Good|Neutral,5,3,2,60.0,40.0,1.5,2023-03|2023-11|2023-12|2024-06|2025-01
0.1,3,CPI m/m|Core PPI m/m|FOMC,Neutral|Neutral|Neutral,6,4,2,66.7,33.3,2.0,2023-05|2023-06|2023-07|2023-09|2024-11|2024-12
0.1,3,CPI m/m|Core PPI m/m|FOMC,Good|Bad|Neutral,1,0,1,0.0,100.0,0.0,2024-07
0.1,3,CPI m/m|Core PPI m/m|FOMC,Neutral|Neutral|Good,1,1,0,100.0,0.0,inf,2024-09
0.2,3,CPI m/m|Core PPI m/m|FOMC,Neutral|Good|Neutral,3,1,2,33.3,66.7,0.5,2023-03|2023-11|2024-06
0.2,3,CPI m/m|Core PPI m/m|FOMC,Neutral|Neutral|Neutral,9,6,3,66.7,33.3,2.0,2023-05|2023-06|2023-07|2023-09|2023-12|2024-07|2024-11|2024-12|2025-01
0.2,3,CPI m/m|Core PPI m/m|FOMC,Neutral|Neutral|Good,1,1,0,100.0,0.0,inf,2024-09
0.3,3,CPI m/m|Core PPI m/m|FOMC,Neutral|Good|Neutral,1,1,0,100.0,0.0,inf,2023-03
0.3,3,CPI m/m|Core PPI m/m|FOMC,Neutral|Neutral|Neutral,12,7,5,58.3,41.7,1.4,2023-05|2023-06|2023-07|2023-09|2023-11|2023-12|2024-06|2024-07|2024-09|2024-11|2024-12|2025-01
0.0,3,CPI m/m|Core PPI m/m|CPI y/y,Bad|Bad|Bad,8,4,4,50.0,50.0,1.0,2020-09|2021-04|2021-05|2021-06|2021-07|2022-02|2022-09|2023-10
0.0,3,CPI m/m|Core PPI m/m|CPI y/y,Bad|Good|Neutral,3,3,0,100.0,0.0,inf,2020-12|2023-12|2025-09
0.0,3,CPI m/m|Core PPI m/m|CPI y/y,Neutral|Neutral|Neutral,5,3,2,60.0,40.0,1.5,2021-01|2021-03|2023-01|2024-11|2024-12
0.0,3,CPI m/m|Core PPI m/m|CPI y/y,Neutral|Bad|Neutral,3,2,1,66.7,33.3,2.0,2021-02|2024-09|2026-01
0.0,3,CPI m/m|Core PPI m/m|CPI y/y,Neutral|Bad|Bad,4,3,1,75.0,25.0,3.0,2021-08|2022-04|2023-02|2024-03
0.0,3,CPI m/m|Core PPI m/m|CPI y/y,Good|Bad|Neutral,2,2,0,100.0,0.0,inf,2021-09|2024-05
0.0,3,CPI m/m|Core PPI m/m|CPI y/y,Bad|Good|Bad,6,4,2,66.7,33.3,2.0,2021-10|2021-11|2022-05|2022-06|2022-07|2024-01
0.0,3,CPI m/m|Core PPI m/m|CPI y/y,Bad|Bad|Neutral,1,1,0,100.0,0.0,inf,2021-12
0.0,3,CPI m/m|Core PPI m/m|CPI y/y,Bad|Neutral|Neutral,1,1,0,100.0,0.0,inf,2022-01
0.0,3,CPI m/m|Core PPI m/m|CPI y/y,Neutral|Good|Neutral,3,3,0,100.0,0.0,inf,2022-03|2023-03|2025-01
0.0,3,CPI m/m|Core PPI m/m|CPI y/y,Good|Good|Good,10,7,3,70.0,30.0,2.33,2022-08|2022-11|2023-04|2023-07|2023-11|2024-06|2025-03|2025-04|2025-05|2025-06
0.0,3,CPI m/m|Core PPI m/m|CPI y/y,Bad|Neutral|Bad,3,1,2,33.3,66.7,0.5,2022-10|2024-04|2025-02
0.0,3,CPI m/m|Core PPI m/m|CPI y/y,Neutral|Neutral|Good,1,1,0,100.0,0.0,inf,2023-05
0.0,3,CPI m/m|Core PPI m/m|CPI y/y,Good|Neutral|Good,1,0,1,0.0,100.0,0.0,2023-06
0.0,3,CPI m/m|Core PPI m/m|CPI y/y,Neutral|Bad|Good,2,1,1,50.0,50.0,1.0,2023-08|2025-08
0.0,3,CPI m/m|Core PPI m/m|CPI y/y,Neutral|Neutral|Bad,1,1,0,100.0,0.0,inf,2023-09
0.0,3,CPI m/m|Core PPI m/m|CPI y/y,Good|Bad|Good,1,0,1,0.0,100.0,0.0,2024-07
0.0,3,CPI m/m|Core PPI m/m|CPI y/y,Neutral|Good|Good,1,1,0,100.0,0.0,inf,2024-08
0.0,3,CPI m/m|Core PPI m/m|CPI y/y,Neutral|Good|Bad,1,0,1,0.0,100.0,0.0,2025-07
0.1,3,CPI m/m|Core PPI m/m|CPI y/y,Bad|Bad|Bad,6,3,3,50.0,50.0,1.0,2020-09|2021-05|2021-06|2021-07|2022-02|2022-09
0.1,3,CPI m/m|Core PPI m/m|CPI y/y,Neutral|Neutral|Neutral,11,7,4,63.6,36.4,1.75,2020-12|2021-01|2021-03|2022-01|2023-01|2023-05|2023-06|2023-08|2024-09|2024-11|2024-12
0.1,3,CPI m/m|Core PPI m/m|CPI y/y,Neutral|Bad|Neutral,4,3,1,75.0,25.0,3.0,2021-02|2022-04|2025-08|2026-01
0.1,3,CPI m/m|Core PPI m/m|CPI y/y,Neutral|Bad|Bad,3,2,1,66.7,33.3,2.0,2021-04|2021-08|2023-02
0.1,3,CPI m/m|Core PPI m/m|CPI y/y,Good|Neutral|Neutral,1,1,0,100.0,0.0,inf,2021-09
0.1,3,CPI m/m|Core PPI m/m|CPI y/y,Bad|Good|Bad,1,1,0,100.0,0.0,inf,2021-10
0.1,3,CPI m/m|Core PPI m/m|CPI y/y,Bad|Neutral|Bad,6,3,3,50.0,50.0,1.0,2021-11|2022-06|2022-07|2023-10|2024-04|2025-02
0.1,3,CPI m/m|Core PPI m/m|CPI y/y,Bad|Bad|Neutral,1,1,0,100.0,0.0,inf,2021-12
0.1,3,CPI m/m|Core PPI m/m|CPI y/y,Neutral|Good|Neutral,6,5,1,83.3,16.7,5.0,2022-03|2023-03|2023-04|2023-11|2023-12|2025-01
0.1,3,CPI m/m|Core PPI m/m|CPI y/y,Neutral|Good|Bad,3,1,2,33.3,66.7,0.5,2022-05|2024-01|2025-07
0.1,3,CPI m/m|Core PPI m/m|CPI y/y,Good|Good|Good,3,3,0,100.0,0.0,inf,2022-08|2022-11|2025-04
0.1,3,CPI m/m|Core PPI m/m|CPI y/y,Bad|Neutral|Neutral,1,0,1,0.0,100.0,0.0,2022-10
0.1,3,CPI m/m|Core PPI m/m|CPI y/y,Neutral|Neutral|Good,1,1,0,100.0,0.0,inf,2023-07
0.1,3,CPI m/m|Core PPI m/m|CPI y/y,Neutral|Neutral|Bad,2,2,0,100.0,0.0,inf,2023-09|2024-03
0.1,3,CPI m/m|Core PPI m/m|CPI y/y,Good|Bad|Neutral,1,1,0,100.0,0.0,inf,2024-05
0.1,3,CPI m/m|Core PPI m/m|CPI y/y,Neutral|Good|Good,5,3,2,60.0,40.0,1.5,2024-06|2024-08|2025-03|2025-05|2025-06
0.1,3,CPI m/m|Core PPI m/m|CPI y/y,Good|Bad|Good,1,0,1,0.0,100.0,0.0,2024-07
0.1,3,CPI m/m|Core PPI m/m|CPI y/y,Bad|Good|Neutral,1,1,0,100.0,0.0,inf,2025-09
0.2,3,CPI m/m|Core PPI m/m|CPI y/y,Neutral|Neutral|Neutral,29,17,12,58.6,41.4,1.42,2020-09|2020-12|2021-01|2021-03|2021-09|2022-01|2022-08|2022-10|2023-01|2023-05|2023-06|2023-07|2023-08|2023-09|2023-10|2023-12|2024-01|2024-03|2024-04|2024-07|2024-08|2024-09|2024-11|2024-12|2025-01|2025-02|2025-06|2025-07|2026-01
0.2,3,CPI m/m|Core PPI m/m|CPI y/y,Neutral|Bad|Neutral,7,7,0,100.0,0.0,inf,2021-02|2021-04|2021-08|2021-12|2022-04|2024-05|2025-08
0.2,3,CPI m/m|Core PPI m/m|CPI y/y,Bad|Bad|Bad,2,1,1,50.0,50.0,1.0,2021-05|2021-07
0.2,3,CPI m/m|Core PPI m/m|CPI y/y,Neutral|Neutral|Bad,5,2,3,40.0,60.0,0.67,2021-06|2022-05|2022-07|2022-09|2023-02
0.2,3,CPI m/m|Core PPI m/m|CPI y/y,Neutral|Good|Neutral,10,8,2,80.0,20.0,4.0,2021-10|2022-03|2023-03|2023-04|2023-11|2024-06|2025-03|2025-04|2025-05|2025-09
0.2,3,CPI m/m|Core PPI m/m|CPI y/y,Bad|Neutral|Bad,2,2,0,100.0,0.0,inf,2021-11|2022-06
0.2,3,CPI m/m|Core PPI m/m|CPI y/y,Neutral|Bad|Bad,1,0,1,0.0,100.0,0.0,2022-02
0.2,3,CPI m/m|Core PPI m/m|CPI y/y,Neutral|Good|Good,1,1,0,100.0,0.0,inf,2022-11
0.3,3,CPI m/m|Core PPI m/m|CPI y/y,Neutral|Neutral|Neutral,39,23,16,59.0,41.0,1.44,2020-09|2020-12|2021-01|2021-03|2021-06|2021-09|2021-10|2021-12|2022-01|2022-05|2022-08|2022-09|2022-10|2022-11|2023-01|2023-02|2023-05|2023-06|2023-07|2023-08|2023-09|2023-10|2023-11|2023-12|2024-01|2024-03|2024-04|2024-05|2024-06|2024-07|2024-08|2024-09|2024-11|2024-12|2025-01|2025-02|2025-06|2025-07|2026-01
0.3,3,CPI m/m|Core PPI m/m|CPI y/y,Neutral|Bad|Neutral,6,5,1,83.3,16.7,5.0,2021-02|2021-04|2021-08|2022-02|2022-04|2025-08
0.3,3,CPI m/m|Core PPI m/m|CPI y/y,Bad|Neutral|Bad,1,0,1,0.0,100.0,0.0,2021-05
0.3,3,CPI m/m|Core PPI m/m|CPI y/y,Bad|Bad|Bad,1,1,0,100.0,0.0,inf,2021-07
0.3,3,CPI m/m|Core PPI m/m|CPI y/y,Bad|Neutral|Neutral,2,2,0,100.0,0.0,inf,2021-11|2022-06
0.3,3,CPI m/m|Core PPI m/m|CPI y/y,Neutral|Good|Neutral,7,7,0,100.0,0.0,inf,2022-03|2023-03|2023-04|2025-03|2025-04|2025-05|2025-09
0.3,3,CPI m/m|Core PPI m/m|CPI y/y,Neutral|Neutral|Bad,1,0,1,0.0,100.0,0.0,2022-07
0.0,3,CPI m/m|FOMC|CPI y/y,Neutral|Neutral|Neutral,4,3,1,75.0,25.0,3.0,2023-03|2024-11|2024-12|2025-01
0.0,3,CPI m/m|FOMC|CPI y/y,Neutral|Neutral|Good,1,1,0,100.0,0.0,inf,2023-05
0.0,3,CPI m/m|FOMC|CPI y/y,Good|Neutral|Good,5,1,4,20.0,80.0,0.25,2023-06|2023-07|2023-11|2024-06|2024-07
0.0,3,CPI m/m|FOMC|CPI y/y,Neutral|Neutral|Bad,1,1,0,100.0,0.0,inf,2023-09
0.0,3,CPI m/m|FOMC|CPI y/y,Bad|Neutral|Neutral,1,1,0,100.0,0.0,inf,2023-12
0.0,3,CPI m/m|FOMC|CPI y/y,Neutral|Good|Neutral,1,1,0,100.0,0.0,inf,2024-09
0.1,3,CPI m/m|FOMC|CPI y/y,Neutral|Neutral|Neutral,8,5,3,62.5,37.5,1.67,2023-03|2023-05|2023-06|2023-11|2023-12|2024-11|2024-12|2025-01
0.1,3,CPI m/m|FOMC|CPI y/y,Neutral|Neutral|Good,2,1,1,50.0,50.0,1.0,2023-07|2024-06
0.1,3,CPI m/m|FOMC|CPI y/y,Neutral|Neutral|Bad,1,1,0,100.0,0.0,inf,2023-09
0.1,3,CPI m/m|FOMC|CPI y/y,Good|Neutral|Good,1,0,1,0.0,100.0,0.0,2024-07
0.1,3,CPI m/m|FOMC|CPI y/y,Neutral|Good|Neutral,1,1,0,100.0,0.0,inf,2024-09
0.2,3,CPI m/m|FOMC|CPI y/y,Neutral|Neutral|Neutral,12,7,5,58.3,41.7,1.4,2023-03|2023-05|2023-06|2023-07|2023-09|2023-11|2023-12|2024-06|2024-07|2024-11|2024-12|2025-01
0.2,3,CPI m/m|FOMC|CPI y/y,Neutral|Good|Neutral,1,1,0,100.0,0.0,inf,2024-09
0.3,3,CPI m/m|FOMC|CPI y/y,Neutral|Neutral|Neutral,13,8,5,61.5,38.5,1.6,2023-03|2023-05|2023-06|2023-07|2023-09|2023-11|2023-12|2024-06|2024-07|2024-09|2024-11|2024-12|2025-01
0.0,3,Core CPI m/m|PPI m/m|Core PPI m/m,Bad|Bad|Bad,8,5,3,62.5,37.5,1.67,2020-09|2021-04|2021-05|2021-06|2021-07|2022-02|2024-03|2024-09
0.0,3,Core CPI m/m|PPI m/m|Core PPI m/m,Bad|Neutral|Good,4,4,0,100.0,0.0,inf,2020-12|2021-11|2022-05|2022-06
0.0,3,Core CPI m/m|PPI m/m|Core PPI m/m,Neutral|Good|Neutral,3,2,1,66.7,33.3,2.0,2021-01|2023-01|2023-06
0.0,3,Core CPI m/m|PPI m/m|Core PPI m/m,Good|Bad|Bad,6,4,2,66.7,33.3,2.0,2021-02|2021-08|2021-09|2022-04|2024-07|2026-01
0.0,3,Core CPI m/m|PPI m/m|Core PPI m/m,Good|Bad|Neutral,1,0,1,0.0,100.0,0.0,2021-03
0.0,3,Core CPI m/m|PPI m/m|Core PPI m/m,Neutral|Good|Good,6,5,1,83.3,16.7,5.0,2021-10|2022-03|2023-04|2024-01|2024-08|2025-09
0.0,3,Core CPI m/m|PPI m/m|Core PPI m/m,Neutral|Bad|Bad,6,3,3,50.0,50.0,1.0,2021-12|2023-02|2023-08|2023-10|2024-05|2025-08
0.0,3,Core CPI m/m|PPI m/m|Core PPI m/m,Bad|Good|Neutral,3,3,0,100.0,0.0,inf,2022-01|2023-05|2024-04
0.0,3,Core CPI m/m|PPI m/m|Core PPI m/m,Bad|Bad|Good,1,0,1,0.0,100.0,0.0,2022-07
0.0,3,Core CPI m/m|PPI m/m|Core PPI m/m,Good|Good|Good,11,7,4,63.6,36.4,1.75,2022-08|2022-11|2023-07|2023-11|2024-06|2025-01|2025-03|2025-04|2025-05|2025-06|2025-07
0.0,3,Core CPI m/m|PPI m/m|Core PPI m/m,Bad|Neutral|Bad,1,1,0,100.0,0.0,inf,2022-09
0.0,3,Core CPI m/m|PPI m/m|Core PPI m/m,Bad|Bad|Neutral,3,1,2,33.3,66.7,0.5,2022-10|2023-09|2025-02
0.0,3,Core CPI m/m|PPI m/m|Core PPI m/m,Bad|Good|Good,1,1,0,100.0,0.0,inf,2023-03
0.0,3,Core CPI m/m|PPI m/m|Core PPI m/m,Neutral|Neutral|Good,1,1,0,100.0,0.0,inf,2023-12
0.0,3,Core CPI m/m|PPI m/m|Core PPI m/m,Neutral|Neutral|Neutral,1,1,0,100.0,0.0,inf,2024-11
0.0,3,Core CPI m/m|PPI m/m|Core PPI m/m,Neutral|Bad|Neutral,1,0,1,0.0,100.0,0.0,2024-12
0.1,3,Core CPI m/m|PPI m/m|Core PPI m/m,Bad|Neutral|Bad,2,2,0,100.0,0.0,inf,2020-09|2022-09
0.1,3,Core CPI m/m|PPI m/m|Core PPI m/m,Neutral|Neutral|Neutral,7,5,2,71.4,28.6,2.5,2020-12|2021-03|2022-06|2023-07|2023-08|2024-09|2024-11
0.1,3,Core CPI m/m|PPI m/m|Core PPI m/m,Neutral|Good|Neutral,4,3,1,75.0,25.0,3.0,2021-01|2022-01|2023-01|2023-06
0.1,3,Core CPI m/m|PPI m/m|Core PPI m/m,Good|Bad|Bad,3,3,0,100.0,0.0,inf,2021-02|2021-08|2022-04
0.1,3,Core CPI m/m|PPI m/m|Core PPI m/m,Neutral|Bad|Bad,7,4,3,57.1,42.9,1.33,2021-04|2021-12|2022-02|2023-02|2024-05|2025-08|2026-01
0.1,3,Core CPI m/m|PPI m/m|Core PPI m/m,Bad|Bad|Bad,3,1,2,33.3,66.7,0.5,2021-05|2021-06|2021-07
0.1,3,Core CPI m/m|PPI m/m|Core PPI m/m,Good|Neutral|Neutral,1,1,0,100.0,0.0,inf,2021-09
0.1,3,Core CPI m/m|PPI m/m|Core PPI m/m,Neutral|Neutral|Good,3,3,0,100.0,0.0,inf,2021-10|2023-12|2024-08
0.1,3,Core CPI m/m|PPI m/m|Core PPI m/m,Bad|Neutral|Neutral,3,3,0,100.0,0.0,inf,2021-11|2023-05|2024-04
0.1,3,Core CPI m/m|PPI m/m|Core PPI m/m,Neutral|Good|Good,11,7,4,63.6,36.4,1.75,2022-03|2023-03|2023-04|2023-11|2024-01|2024-06|2025-01|2025-03|2025-05|2025-07|2025-09
0.1,3,Core CPI m/m|PPI m/m|Core PPI m/m,Bad|Neutral|Good,1,1,0,100.0,0.0,inf,2022-05
0.1,3,Core CPI m/m|PPI m/m|Core PPI m/m,Bad|Bad|Neutral,4,1,3,25.0,75.0,0.33,2022-07|2022-10|2024-03|2025-02
0.1,3,Core CPI m/m|PPI m/m|Core PPI m/m,Good|Good|Good,3,3,0,100.0,0.0,inf,2022-08|2022-11|2025-04
0.1,3,Core CPI m/m|PPI m/m|Core PPI m/m,Neutral|Bad|Neutral,3,1,2,33.3,66.7,0.5,2023-09|2023-10|2024-12
0.1,3,Core CPI m/m|PPI m/m|Core PPI m/m,Neutral|Neutral|Bad,1,0,1,0.0,100.0,0.0,2024-07
0.1,3,Core CPI m/m|PPI m/m|Core PPI m/m,Good|Neutral|Good,1,0,1,0.0,100.0,0.0,2025-06
0.2,3,Core CPI m/m|PPI m/m|Core PPI m/m,Neutral|Neutral|Neutral,28,16,12,57.1,42.9,1.33,2020-09|2020-12|2021-01|2021-03|2021-09|2021-11|2022-01|2022-05|2022-06|2022-10|2023-05|2023-06|2023-07|2023-08|2023-10|2023-12|2024-01|2024-04|2024-07|2024-08|2024-09|2024-11|2024-12|2025-01|2025-02|2025-06|2025-07|2026-01
0.2,3,Core CPI m/m|PPI m/m|Core PPI m/m,Neutral|Bad|Bad,7,6,1,85.7,14.3,6.0,2021-02|2021-04|2021-08|2021-12|2022-02|2022-04|2025-08
0.2,3,Core CPI m/m|PPI m/m|Core PPI m/m,Bad|Bad|Bad,2,1,1,50.0,50.0,1.0,2021-05|2021-07
0.2,3,Core CPI m/m|PPI m/m|Core PPI m/m,Neutral|Bad|Neutral,5,2,3,40.0,60.0,0.67,2021-06|2022-07|2023-02|2023-09|2024-03
0.2,3,Core CPI m/m|PPI m/m|Core PPI m/m,Neutral|Neutral|Good,3,3,0,100.0,0.0,inf,2021-10|2022-03|2022-11
0.2,3,Core CPI m/m|PPI m/m|Core PPI m/m,Neutral|Good|Neutral,2,2,0,100.0,0.0,inf,2022-08|2023-01
0.2,3,Core CPI m/m|PPI m/m|Core PPI m/m,Bad|Neutral|Neutral,1,1,0,100.0,0.0,inf,2022-09
0.2,3,Core CPI m/m|PPI m/m|Core PPI m/m,Neutral|Good|Good,8,6,2,75.0,25.0,3.0,2023-03|2023-04|2023-11|2024-06|2025-03|2025-04|2025-05|2025-09
0.2,3,Core CPI m/m|PPI m/m|Core PPI m/m,Neutral|Neutral|Bad,1,1,0,100.0,0.0,inf,2024-05
0.3,3,Core CPI m/m|PPI m/m|Core PPI m/m,Neutral|Neutral|Neutral,35,22,13,62.9,37.1,1.69,2020-09|2020-12|2021-01|2021-03|2021-09|2021-10|2021-11|2022-01|2022-05|2022-06|2022-09|2022-10|2022-11|2023-02|2023-05|2023-06|2023-07|2023-08|2023-09|2023-10|2023-12|2024-01|2024-03|2024-04|2024-05|2024-07|2024-08|2024-09|2024-11|2024-12|2025-01|2025-02|2025-06|2025-07|2026-01
0.3,3,Core CPI m/m|PPI m/m|Core PPI m/m,Neutral|Bad|Bad,5,4,1,80.0,20.0,4.0,2021-02|2021-04|2021-08|2022-02|2025-08
0.3,3,Core CPI m/m|PPI m/m|Core PPI m/m,Bad|Neutral|Neutral,1,0,1,0.0,100.0,0.0,2021-05
0.3,3,Core CPI m/m|PPI m/m|Core PPI m/m,Neutral|Bad|Neutral,3,1,2,33.3,66.7,0.5,2021-06|2021-12|2022-07
0.3,3,Core CPI m/m|PPI m/m|Core PPI m/m,Bad|Bad|Bad,1,1,0,100.0,0.0,inf,2021-07
0.3,3,Core CPI m/m|PPI m/m|Core PPI m/m,Neutral|Neutral|Good,2,2,0,100.0,0.0,inf,2022-03|2025-03
0.3,3,Core CPI m/m|PPI m/m|Core PPI m/m,Neutral|Neutral|Bad,1,1,0,100.0,0.0,inf,2022-04
0.3,3,Core CPI m/m|PPI m/m|Core PPI m/m,Neutral|Good|Neutral,4,2,2,50.0,50.0,1.0,2022-08|2023-01|2023-11|2024-06
0.3,3,Core CPI m/m|PPI m/m|Core PPI m/m,Neutral|Good|Good,5,5,0,100.0,0.0,inf,2023-03|2023-04|2025-04|2025-05|2025-09
0.0,3,Core CPI m/m|PPI m/m|FOMC,Bad|Good|Neutral,2,2,0,100.0,0.0,inf,2023-03|2023-05
0.0,3,Core CPI m/m|PPI m/m|FOMC,Neutral|Good|Neutral,1,0,1,0.0,100.0,0.0,2023-06
0.0,3,Core CPI m/m|PPI m/m|FOMC,Good|Good|Neutral,4,2,2,50.0,50.0,1.0,2023-07|2023-11|2024-06|2025-01
0.0,3,Core CPI m/m|PPI m/m|FOMC,Bad|Bad|Neutral,1,1,0,100.0,0.0,inf,2023-09
0.0,3,Core CPI m/m|PPI m/m|FOMC,Neutral|Neutral|Neutral,2,2,0,100.0,0.0,inf,2023-12|2024-11
0.0,3,Core CPI m/m|PPI m/m|FOMC,Good|Bad|Neutral,1,0,1,0.0,100.0,0.0,2024-07
0.0,3,Core CPI m/m|PPI m/m|FOMC,Bad|Bad|Good,1,1,0,100.0,0.0,inf,2024-09
0.0,3,Core CPI m/m|PPI m/m|FOMC,Neutral|Bad|Neutral,1,0,1,0.0,100.0,0.0,2024-12
0.1,3,Core CPI m/m|PPI m/m|FOMC,Neutral|Good|Neutral,5,2,3,40.0,60.0,0.67,2023-03|2023-06|2023-11|2024-06|2025-01
0.1,3,Core CPI m/m|PPI m/m|FOMC,Bad|Neutral|Neutral,1,1,0,100.0,0.0,inf,2023-05
0.1,3,Core CPI m/m|PPI m/m|FOMC,Neutral|Neutral|Neutral,4,3,1,75.0,25.0,3.0,2023-07|2023-12|2024-07|2024-11
0.1,3,Core CPI m/m|PPI m/m|FOMC,Neutral|Bad|Neutral,2,1,1,50.0,50.0,1.0,2023-09|2024-12
0.1,3,Core CPI m/m|PPI m/m|FOMC,Neutral|Neutral|Good,1,1,0,100.0,0.0,inf,2024-09
0.2,3,Core CPI m/m|PPI m/m|FOMC,Neutral|Good|Neutral,3,1,2,33.3,66.7,0.5,2023-03|2023-11|2024-06
0.2,3,Core CPI m/m|PPI m/m|FOMC,Neutral|Neutral|Neutral,8,5,3,62.5,37.5,1.67,2023-05|2023-06|2023-07|2023-12|2024-07|2024-11|2024-12|2025-01
0.2,3,Core CPI m/m|PPI m/m|FOMC,Neutral|Bad|Neutral,1,1,0,100.0,0.0,inf,2023-09
0.2,3,Core CPI m/m|PPI m/m|FOMC,Neutral|Neutral|Good,1,1,0,100.0,0.0,inf,2024-09
0.3,3,Core CPI m/m|PPI m/m|FOMC,Neutral|Good|Neutral,3,1,2,33.3,66.7,0.5,2023-03|2023-11|2024-06
0.3,3,Core CPI m/m|PPI m/m|FOMC,Neutral|Neutral|Neutral,10,7,3,70.0,30.0,2.33,2023-05|2023-06|2023-07|2023-09|2023-12|2024-07|2024-09|2024-11|2024-12|2025-01
0.0,3,Core CPI m/m|PPI m/m|CPI y/y,Bad|Bad|Bad,11,5,6,45.5,54.5,0.83,2020-09|2021-04|2021-05|2021-06|2021-07|2022-02|2022-07|2022-10|2023-09|2024-03|2025-02
0.0,3,Core CPI m/m|PPI m/m|CPI y/y,Bad|Neutral|Neutral,1,1,0,100.0,0.0,inf,2020-12
0.0,3,Core CPI m/m|PPI m/m|CPI y/y,Neutral|Good|Neutral,4,4,0,100.0,0.0,inf,2021-01|2022-03|2023-01|2025-09
0.0,3,Core CPI m/m|PPI m/m|CPI y/y,Good|Bad|Neutral,4,2,2,50.0,50.0,1.0,2021-02|2021-03|2021-09|2026-01
0.0,3,Core CPI m/m|PPI m/m|CPI y/y,Good|Bad|Bad,2,2,0,100.0,0.0,inf,2021-08|2022-04
0.0,3,Core CPI m/m|PPI m/m|CPI y/y,Neutral|Good|Bad,2,1,1,50.0,50.0,1.0,2021-10|2024-01
0.0,3,Core CPI m/m|PPI m/m|CPI y/y,Bad|Neutral|Bad,4,4,0,100.0,0.0,inf,2021-11|2022-05|2022-06|2022-09
0.0,3,Core CPI m/m|PPI m/m|CPI y/y,Neutral|Bad|Neutral,3,2,1,66.7,33.3,2.0,2021-12|2024-05|2024-12
0.0,3,Core CPI m/m|PPI m/m|CPI y/y,Bad|Good|Neutral,2,2,0,100.0,0.0,inf,2022-01|2023-03
0.0,3,Core CPI m/m|PPI m/m|CPI y/y,Good|Good|Good,9,6,3,66.7,33.3,2.0,2022-08|2022-11|2023-07|2023-11|2024-06|2025-03|2025-04|2025-05|2025-06
0.0,3,Core CPI m/m|PPI m/m|CPI y/y,Neutral|Bad|Bad,2,0,2,0.0,100.0,0.0,2023-02|2023-10
0.0,3,Core CPI m/m|PPI m/m|CPI y/y,Neutral|Good|Good,3,2,1,66.7,33.3,2.0,2023-04|2023-06|2024-08
0.0,3,Core CPI m/m|PPI m/m|CPI y/y,Bad|Good|Good,1,1,0,100.0,0.0,inf,2023-05
0.0,3,Core CPI m/m|PPI m/m|CPI y/y,Neutral|Bad|Good,2,1,1,50.0,50.0,1.0,2023-08|2025-08
0.0,3,Core CPI m/m|PPI m/m|CPI y/y,Neutral|Neutral|Neutral,2,2,0,100.0,0.0,inf,2023-12|2024-11
0.0,3,Core CPI m/m|PPI m/m|CPI y/y,Bad|Good|Bad,1,1,0,100.0,0.0,inf,2024-04
0.0,3,Core CPI m/m|PPI m/m|CPI y/y,Good|Bad|Good,1,0,1,0.0,100.0,0.0,2024-07
0.0,3,Core CPI m/m|PPI m/m|CPI y/y,Bad|Bad|Neutral,1,1,0,100.0,0.0,inf,2024-09
0.0,3,Core CPI m/m|PPI m/m|CPI y/y,Good|Good|Neutral,1,1,0,100.0,0.0,inf,2025-01
0.0,3,Core CPI m/m|PPI m/m|CPI y/y,Good|Good|Bad,1,0,1,0.0,100.0,0.0,2025-07
0.1,3,Core CPI m/m|PPI m/m|CPI y/y,Bad|Neutral|Bad,5,5,0,100.0,0.0,inf,2020-09|2021-11|2022-05|2022-09|2024-04
0.1,3,Core CPI m/m|PPI m/m|CPI y/y,Neutral|Neutral|Neutral,6,4,2,66.7,33.3,2.0,2020-12|2021-03|2023-08|2023-12|2024-09|2024-11
0.1,3,Core CPI m/m|PPI m/m|CPI y/y,Neutral|Good|Neutral,10,8,2,80.0,20.0,4.0,2021-01|2022-01|2022-03|2023-01|2023-03|2023-04|2023-06|2023-11|2025-01|2025-09
0.1,3,Core CPI m/m|PPI m/m|CPI y/y,Good|Bad|Neutral,2,2,0,100.0,0.0,inf,2021-02|2022-04
0.1,3,Core CPI m/m|PPI m/m|CPI y/y,Neutral|Bad|Bad,5,2,3,40.0,60.0,0.67,2021-04|2022-02|2023-02|2023-09|2023-10
0.1,3,Core CPI m/m|PPI m/m|CPI y/y,Bad|Bad|Bad,6,2,4,33.3,66.7,0.5,2021-05|2021-06|2021-07|2022-07|2024-03|2025-02
0.1,3,Core CPI m/m|PPI m/m|CPI y/y,Good|Bad|Bad,1,1,0,100.0,0.0,inf,2021-08
0.1,3,Core CPI m/m|PPI m/m|CPI y/y,Good|Neutral|Neutral,1,1,0,100.0,0.0,inf,2021-09
0.1,3,Core CPI m/m|PPI m/m|CPI y/y,Neutral|Neutral|Bad,2,2,0,100.0,0.0,inf,2021-10|2022-06
0.1,3,Core CPI m/m|PPI m/m|CPI y/y,Neutral|Bad|Neutral,5,3,2,60.0,40.0,1.5,2021-12|2024-05|2024-12|2025-08|2026-01
0.1,3,Core CPI m/m|PPI m/m|CPI y/y,Good|Good|Good,3,3,0,100.0,0.0,inf,2022-08|2022-11|2025-04
0.1,3,Core CPI m/m|PPI m/m|CPI y/y,Bad|Bad|Neutral,1,0,1,0.0,100.0,0.0,2022-10
0.1,3,Core CPI m/m|PPI m/m|CPI y/y,Bad|Neutral|Neutral,1,1,0,100.0,0.0,inf,2023-05
0.1,3,Core CPI m/m|PPI m/m|CPI y/y,Neutral|Neutral|Good,3,2,1,66.7,33.3,2.0,2023-07|2024-07|2024-08
0.1,3,Core CPI m/m|PPI m/m|CPI y/y,Neutral|Good|Bad,2,0,2,0.0,100.0,0.0,2024-01|2025-07
0.1,3,Core CPI m/m|PPI m/m|CPI y/y,Neutral|Good|Good,3,2,1,66.7,33.3,2.0,2024-06|2025-03|2025-05
0.1,3,Core CPI m/m|PPI m/m|CPI y/y,Good|Neutral|Good,1,0,1,0.0,100.0,0.0,2025-06
0.2,3,Core CPI m/m|PPI m/m|CPI y/y,Neutral|Neutral|Neutral,28,16,12,57.1,42.9,1.33,2020-09|2020-12|2021-01|2021-03|2021-09|2021-10|2022-01|2022-03|2022-10|2023-05|2023-06|2023-07|2023-08|2023-10|2023-12|2024-01|2024-04|2024-05|2024-07|2024-08|2024-09|2024-11|2024-12|2025-01|2025-02|2025-06|2025-07|2026-01
0.2,3,Core CPI m/m|PPI m/m|CPI y/y,Neutral|Bad|Neutral,8,8,0,100.0,0.0,inf,2021-02|2021-04|2021-08|2021-12|2022-04|2023-09|2024-03|2025-08
0.2,3,Core CPI m/m|PPI m/m|CPI y/y,Bad|Bad|Bad,2,1,1,50.0,50.0,1.0,2021-05|2021-07
0.2,3,Core CPI m/m|PPI m/m|CPI y/y,Neutral|Bad|Bad,4,0,4,0.0,100.0,0.0,2021-06|2022-02|2022-07|2023-02
0.2,3,Core CPI m/m|PPI m/m|CPI y/y,Neutral|Neutral|Bad,3,3,0,100.0,0.0,inf,2021-11|2022-05|2022-06
0.2,3,Core CPI m/m|PPI m/m|CPI y/y,Neutral|Good|Neutral,10,8,2,80.0,20.0,4.0,2022-08|2023-01|2023-03|2023-04|2023-11|2024-06|2025-03|2025-04|2025-05|2025-09
0.2,3,Core CPI m/m|PPI m/m|CPI y/y,Bad|Neutral|Bad,1,1,0,100.0,0.0,inf,2022-09
0.2,3,Core CPI m/m|PPI m/m|CPI y/y,Neutral|Neutral|Good,1,1,0,100.0,0.0,inf,2022-11
0.3,3,Core CPI m/m|PPI m/m|CPI y/y,Neutral|Neutral|Neutral,38,25,13,65.8,34.2,1.92,2020-09|2020-12|2021-01|2021-03|2021-09|2021-10|2021-11|2022-01|2022-03|2022-04|2022-05|2022-06|2022-09|2022-10|2022-11|2023-02|2023-05|2023-06|2023-07|2023-08|2023-09|2023-10|2023-12|2024-01|2024-03|2024-04|2024-05|2024-07|2024-08|2024-09|2024-11|2024-12|2025-01|2025-02|2025-03|2025-06|2025-07|2026-01
0.3,3,Core CPI m/m|PPI m/m|CPI y/y,Neutral|Bad|Neutral,7,5,2,71.4,28.6,2.5,2021-02|2021-04|2021-06|2021-08|2021-12|2022-02|2025-08
0.3,3,Core CPI m/m|PPI m/m|CPI y/y,Bad|Neutral|Bad,1,0,1,0.0,100.0,0.0,2021-05
0.3,3,Core CPI m/m|PPI m/m|CPI y/y,Bad|Bad|Bad,1,1,0,100.0,0.0,inf,2021-07
0.3,3,Core CPI m/m|PPI m/m|CPI y/y,Neutral|Bad|Bad,1,0,1,0.0,100.0,0.0,2022-07
0.3,3,Core CPI m/m|PPI m/m|CPI y/y,Neutral|Good|Neutral,9,7,2,77.8,22.2,3.5,2022-08|2023-01|2023-03|2023-04|2023-11|2024-06|2025-04|2025-05|2025-09
0.0,3,Core CPI m/m|Core PPI m/m|FOMC,Bad|Good|Neutral,1,1,0,100.0,0.0,inf,2023-03
0.0,3,Core CPI m/m|Core PPI m/m|FOMC,Bad|Neutral|Neutral,2,2,0,100.0,0.0,inf,2023-05|2023-09
0.0,3,Core CPI m/m|Core PPI m/m|FOMC,Neutral|Neutral|Neutral,3,1,2,33.3,66.7,0.5,2023-06|2024-11|2024-12
0.0,3,Core CPI m/m|Core PPI m/m|FOMC,Good|Good|Neutral,4,2,2,50.0,50.0,1.0,2023-07|2023-11|2024-06|2025-01
0.0,3,Core CPI m/m|Core PPI m/m|FOMC,Neutral|Good|Neutral,1,1,0,100.0,0.0,inf,2023-12
0.0,3,Core CPI m/m|Core PPI m/m|FOMC,Good|Bad|Neutral,1,0,1,0.0,100.0,0.0,2024-07
0.0,3,Core CPI m/m|Core PPI m/m|FOMC,Bad|Bad|Good,1,1,0,100.0,0.0,inf,2024-09
0.1,3,Core CPI m/m|Core PPI m/m|FOMC,Neutral|Good|Neutral,5,3,2,60.0,40.0,1.5,2023-03|2023-11|2023-12|2024-06|2025-01
0.1,3,Core CPI m/m|Core PPI m/m|FOMC,Bad|Neutral|Neutral,1,1,0,100.0,0.0,inf,2023-05
0.1,3,Core CPI m/m|Core PPI m/m|FOMC,Neutral|Neutral|Neutral,5,3,2,60.0,40.0,1.5,2023-06|2023-07|2023-09|2024-11|2024-12
0.1,3,Core CPI m/m|Core PPI m/m|FOMC,Neutral|Bad|Neutral,1,0,1,0.0,100.0,0.0,2024-07
0.1,3,Core CPI m/m|Core PPI m/m|FOMC,Neutral|Neutral|Good,1,1,0,100.0,0.0,inf,2024-09
0.2,3,Core CPI m/m|Core PPI m/m|FOMC,Neutral|Good|Neutral,3,1,2,33.3,66.7,0.5,2023-03|2023-11|2024-06
0.2,3,Core CPI m/m|Core PPI m/m|FOMC,Neutral|Neutral|Neutral,9,6,3,66.7,33.3,2.0,2023-05|2023-06|2023-07|2023-09|2023-12|2024-07|2024-11|2024-12|2025-01
0.2,3,Core CPI m/m|Core PPI m/m|FOMC,Neutral|Neutral|Good,1,1,0,100.0,0.0,inf,2024-09
0.3,3,Core CPI m/m|Core PPI m/m|FOMC,Neutral|Good|Neutral,1,1,0,100.0,0.0,inf,2023-03
0.3,3,Core CPI m/m|Core PPI m/m|FOMC,Neutral|Neutral|Neutral,12,7,5,58.3,41.7,1.4,2023-05|2023-06|2023-07|2023-09|2023-11|2023-12|2024-06|2024-07|2024-09|2024-11|2024-12|2025-01
0.0,3,Core CPI m/m|Core PPI m/m|CPI y/y,Bad|Bad|Bad,8,5,3,62.5,37.5,1.67,2020-09|2021-04|2021-05|2021-06|2021-07|2022-02|2022-09|2024-03
0.0,3,Core CPI m/m|Core PPI m/m|CPI y/y,Bad|Good|Neutral,2,2,0,100.0,0.0,inf,2020-12|2023-03
0.0,3,Core CPI m/m|Core PPI m/m|CPI y/y,Neutral|Neutral|Neutral,4,3,1,75.0,25.0,3.0,2021-01|2023-01|2024-11|2024-12
0.0,3,Core CPI m/m|Core PPI m/m|CPI y/y,Good|Bad|Neutral,3,2,1,66.7,33.3,2.0,2021-02|2021-09|2026-01
0.0,3,Core CPI m/m|Core PPI m/m|CPI y/y,Good|Neutral|Neutral,1,0,1,0.0,100.0,0.0,2021-03
0.0,3,Core CPI m/m|Core PPI m/m|CPI y/y,Good|Bad|Bad,2,2,0,100.0,0.0,inf,2021-08|2022-04
0.0,3,Core CPI m/m|Core PPI m/m|CPI y/y,Neutral|Good|Bad,2,1,1,50.0,50.0,1.0,2021-10|2024-01
0.0,3,Core CPI m/m|Core PPI m/m|CPI y/y,Bad|Good|Bad,4,3,1,75.0,25.0,3.0,2021-11|2022-05|2022-06|2022-07
0.0,3,Core CPI m/m|Core PPI m/m|CPI y/y,Neutral|Bad|Neutral,2,2,0,100.0,0.0,inf,2021-12|2024-05
0.0,3,Core CPI m/m|Core PPI m/m|CPI y/y,Bad|Neutral|Neutral,1,1,0,100.0,0.0,inf,2022-01
0.0,3,Core CPI m/m|Core PPI m/m|CPI y/y,Neutral|Good|Neutral,3,3,0,100.0,0.0,inf,2022-03|2023-12|2025-09
0.0,3,Core CPI m/m|Core PPI m/m|CPI y/y,Good|Good|Good,9,6,3,66.7,33.3,2.0,2022-08|2022-11|2023-07|2023-11|2024-06|2025-03|2025-04|2025-05|2025-06
0.0,3,Core CPI m/m|Core PPI m/m|CPI y/y,Bad|Neutral|Bad,4,2,2,50.0,50.0,1.0,2022-10|2023-09|2024-04|2025-02
0.0,3,Core CPI m/m|Core PPI m/m|CPI y/y,Neutral|Bad|Bad,2,0,2,0.0,100.0,0.0,2023-02|2023-10
0.0,3,Core CPI m/m|Core PPI m/m|CPI y/y,Neutral|Good|Good,2,2,0,100.0,0.0,inf,2023-04|2024-08
0.0,3,Core CPI m/m|Core PPI m/m|CPI y/y,Bad|Neutral|Good,1,1,0,100.0,0.0,inf,2023-05
0.0,3,Core CPI m/m|Core PPI m/m|CPI y/y,Neutral|Neutral|Good,1,0,1,0.0,100.0,0.0,2023-06
0.0,3,Core CPI m/m|Core PPI m/m|CPI y/y,Neutral|Bad|Good,2,1,1,50.0,50.0,1.0,2023-08|2025-08
0.0,3,Core CPI m/m|Core PPI m/m|CPI y/y,Good|Bad|Good,1,0,1,0.0,100.0,0.0,2024-07
0.0,3,Core CPI m/m|Core PPI m/m|CPI y/y,Bad|Bad|Neutral,1,1,0,100.0,0.0,inf,2024-09
0.0,3,Core CPI m/m|Core PPI m/m|CPI y/y,Good|Good|Neutral,1,1,0,100.0,0.0,inf,2025-01
0.0,3,Core CPI m/m|Core PPI m/m|CPI y/y,Good|Good|Bad,1,0,1,0.0,100.0,0.0,2025-07
0.1,3,Core CPI m/m|Core PPI m/m|CPI y/y,Bad|Bad|Bad,5,3,2,60.0,40.0,1.5,2020-09|2021-05|2021-06|2021-07|2022-09
0.1,3,Core CPI m/m|Core PPI m/m|CPI y/y,Neutral|Neutral|Neutral,10,6,4,60.0,40.0,1.5,2020-12|2021-01|2021-03|2022-01|2023-01|2023-06|2023-08|2024-09|2024-11|2024-12
0.1,3,Core CPI m/m|Core PPI m/m|CPI y/y,Good|Bad|Neutral,2,2,0,100.0,0.0,inf,2021-02|2022-04
0.1,3,Core CPI m/m|Core PPI m/m|CPI y/y,Neutral|Bad|Bad,3,1,2,33.3,66.7,0.5,2021-04|2022-02|2023-02
0.1,3,Core CPI m/m|Core PPI m/m|CPI y/y,Good|Bad|Bad,1,1,0,100.0,0.0,inf,2021-08
0.1,3,Core CPI m/m|Core PPI m/m|CPI y/y,Good|Neutral|Neutral,1,1,0,100.0,0.0,inf,2021-09
0.1,3,Core CPI m/m|Core PPI m/m|CPI y/y,Neutral|Good|Bad,3,1,2,33.3,66.7,0.5,2021-10|2024-01|2025-07
0.1,3,Core CPI m/m|Core PPI m/m|CPI y/y,Bad|Neutral|Bad,5,3,2,60.0,40.0,1.5,2021-11|2022-07|2024-03|2024-04|2025-02
0.1,3,Core CPI m/m|Core PPI m/m|CPI y/y,Neutral|Bad|Neutral,4,3,1,75.0,25.0,3.0,2021-12|2024-05|2025-08|2026-01
0.1,3,Core CPI m/m|Core PPI m/m|CPI y/y,Neutral|Good|Neutral,7,6,1,85.7,14.3,6.0,2022-03|2023-03|2023-04|2023-11|2023-12|2025-01|2025-09
0.1,3,Core CPI m/m|Core PPI m/m|CPI y/y,Bad|Good|Bad,1,1,0,100.0,0.0,inf,2022-05
0.1,3,Core CPI m/m|Core PPI m/m|CPI y/y,Neutral|Neutral|Bad,3,2,1,66.7,33.3,2.0,2022-06|2023-09|2023-10
0.1,3,Core CPI m/m|Core PPI m/m|CPI y/y,Good|Good|Good,4,3,1,75.0,25.0,3.0,2022-08|2022-11|2025-04|2025-06
0.1,3,Core CPI m/m|Core PPI m/m|CPI y/y,Bad|Neutral|Neutral,2,1,1,50.0,50.0,1.0,2022-10|2023-05
0.1,3,Core CPI m/m|Core PPI m/m|CPI y/y,Neutral|Neutral|Good,1,1,0,100.0,0.0,inf,2023-07
0.1,3,Core CPI m/m|Core PPI m/m|CPI y/y,Neutral|Good|Good,4,3,1,75.0,25.0,3.0,2024-06|2024-08|2025-03|2025-05
0.1,3,Core CPI m/m|Core PPI m/m|CPI y/y,Neutral|Bad|Good,1,0,1,0.0,100.0,0.0,2024-07
0.2,3,Core CPI m/m|Core PPI m/m|CPI y/y,Neutral|Neutral|Neutral,29,17,12,58.6,41.4,1.42,2020-09|2020-12|2021-01|2021-03|2021-09|2022-01|2022-08|2022-10|2023-01|2023-05|2023-06|2023-07|2023-08|2023-09|2023-10|2023-12|2024-01|2024-03|2024-04|2024-07|2024-08|2024-09|2024-11|2024-12|2025-01|2025-02|2025-06|2025-07|2026-01
0.2,3,Core CPI m/m|Core PPI m/m|CPI y/y,Neutral|Bad|Neutral,7,7,0,100.0,0.0,inf,2021-02|2021-04|2021-08|2021-12|2022-04|2024-05|2025-08
0.2,3,Core CPI m/m|Core PPI m/m|CPI y/y,Bad|Bad|Bad,2,1,1,50.0,50.0,1.0,2021-05|2021-07
0.2,3,Core CPI m/m|Core PPI m/m|CPI y/y,Neutral|Neutral|Bad,6,3,3,50.0,50.0,1.0,2021-06|2021-11|2022-05|2022-06|2022-07|2023-02
0.2,3,Core CPI m/m|Core PPI m/m|CPI y/y,Neutral|Good|Neutral,10,8,2,80.0,20.0,4.0,2021-10|2022-03|2023-03|2023-04|2023-11|2024-06|2025-03|2025-04|2025-05|2025-09
0.2,3,Core CPI m/m|Core PPI m/m|CPI y/y,Neutral|Bad|Bad,1,0,1,0.0,100.0,0.0,2022-02
0.2,3,Core CPI m/m|Core PPI m/m|CPI y/y,Bad|Neutral|Bad,1,1,0,100.0,0.0,inf,2022-09
0.2,3,Core CPI m/m|Core PPI m/m|CPI y/y,Neutral|Good|Good,1,1,0,100.0,0.0,inf,2022-11
0.3,3,Core CPI m/m|Core PPI m/m|CPI y/y,Neutral|Neutral|Neutral,41,25,16,61.0,39.0,1.56,2020-09|2020-12|2021-01|2021-03|2021-06|2021-09|2021-10|2021-11|2021-12|2022-01|2022-05|2022-06|2022-08|2022-09|2022-10|2022-11|2023-01|2023-02|2023-05|2023-06|2023-07|2023-08|2023-09|2023-10|2023-11|2023-12|2024-01|2024-03|2024-04|2024-05|2024-06|2024-07|2024-08|2024-09|2024-11|2024-12|2025-01|2025-02|2025-06|2025-07|2026-01
0.3,3,Core CPI m/m|Core PPI m/m|CPI y/y,Neutral|Bad|Neutral,6,5,1,83.3,16.7,5.0,2021-02|2021-04|2021-08|2022-02|2022-04|2025-08
0.3,3,Core CPI m/m|Core PPI m/m|CPI y/y,Bad|Neutral|Bad,1,0,1,0.0,100.0,0.0,2021-05
0.3,3,Core CPI m/m|Core PPI m/m|CPI y/y,Bad|Bad|Bad,1,1,0,100.0,0.0,inf,2021-07
0.3,3,Core CPI m/m|Core PPI m/m|CPI y/y,Neutral|Good|Neutral,7,7,0,100.0,0.0,inf,2022-03|2023-03|2023-04|2025-03|2025-04|2025-05|2025-09
0.3,3,Core CPI m/m|Core PPI m/m|CPI y/y,Neutral|Neutral|Bad,1,0,1,0.0,100.0,0.0,2022-07
0.0,3,Core CPI m/m|FOMC|CPI y/y,Bad|Neutral|Neutral,1,1,0,100.0,0.0,inf,2023-03
0.0,3,Core CPI m/m|FOMC|CPI y/y,Bad|Neutral|Good,1,1,0,100.0,0.0,inf,2023-05
0.0,3,Core CPI m/m|FOMC|CPI y/y,Neutral|Neutral|Good,1,0,1,0.0,100.0,0.0,2023-06
0.0,3,Core CPI m/m|FOMC|CPI y/y,Good|Neutral|Good,4,1,3,25.0,75.0,0.33,2023-07|2023-11|2024-06|2024-07
0.0,3,Core CPI m/m|FOMC|CPI y/y,Bad|Neutral|Bad,1,1,0,100.0,0.0,inf,2023-09
0.0,3,Core CPI m/m|FOMC|CPI y/y,Neutral|Neutral|Neutral,3,2,1,66.7,33.3,2.0,2023-12|2024-11|2024-12
0.0,3,Core CPI m/m|FOMC|CPI y/y,Bad|Good|Neutral,1,1,0,100.0,0.0,inf,2024-09
0.0,3,Core CPI m/m|FOMC|CPI y/y,Good|Neutral|Neutral,1,1,0,100.0,0.0,inf,2025-01
0.1,3,Core CPI m/m|FOMC|CPI y/y,Neutral|Neutral|Neutral,7,4,3,57.1,42.9,1.33,2023-03|2023-06|2023-11|2023-12|2024-11|2024-12|2025-01
0.1,3,Core CPI m/m|FOMC|CPI y/y,Bad|Neutral|Neutral,1,1,0,100.0,0.0,inf,2023-05
0.1,3,Core CPI m/m|FOMC|CPI y/y,Neutral|Neutral|Good,3,1,2,33.3,66.7,0.5,2023-07|2024-06|2024-07
0.1,3,Core CPI m/m|FOMC|CPI y/y,Neutral|Neutral|Bad,1,1,0,100.0,0.0,inf,2023-09
0.1,3,Core CPI m/m|FOMC|CPI y/y,Neutral|Good|Neutral,1,1,0,100.0,0.0,inf,2024-09
0.2,3,Core CPI m/m|FOMC|CPI y/y,Neutral|Neutral|Neutral,12,7,5,58.3,41.7,1.4,2023-03|2023-05|2023-06|2023-07|2023-09|2023-11|2023-12|2024-06|2024-07|2024-11|2024-12|2025-01
0.2,3,Core CPI m/m|FOMC|CPI y/y,Neutral|Good|Neutral,1,1,0,100.0,0.0,inf,2024-09
0.3,3,Core CPI m/m|FOMC|CPI y/y,Neutral|Neutral|Neutral,13,8,5,61.5,38.5,1.6,2023-03|2023-05|2023-06|2023-07|2023-09|2023-11|2023-12|2024-06|2024-07|2024-09|2024-11|2024-12|2025-01
0.0,3,PPI m/m|Core PPI m/m|FOMC,Good|Good|Neutral,5,3,2,60.0,40.0,1.5,2023-03|2023-07|2023-11|2024-06|2025-01
0.0,3,PPI m/m|Core PPI m/m|FOMC,Good|Neutral|Neutral,2,1,1,50.0,50.0,1.0,2023-05|2023-06
0.0,3,PPI m/m|Core PPI m/m|FOMC,Bad|Neutral|Neutral,2,1,1,50.0,50.0,1.0,2023-09|2024-12
0.0,3,PPI m/m|Core PPI m/m|FOMC,Neutral|Good|Neutral,1,1,0,100.0,0.0,inf,2023-12
0.0,3,PPI m/m|Core PPI m/m|FOMC,Bad|Bad|Neutral,1,0,1,0.0,100.0,0.0,2024-07
0.0,3,PPI m/m|Core PPI m/m|FOMC,Bad|Bad|Good,1,1,0,100.0,0.0,inf,2024-09
0.0,3,PPI m/m|Core PPI m/m|FOMC,Neutral|Neutral|Neutral,1,1,0,100.0,0.0,inf,2024-11
0.1,3,PPI m/m|Core PPI m/m|FOMC,Good|Good|Neutral,4,2,2,50.0,50.0,1.0,2023-03|2023-11|2024-06|2025-01
0.1,3,PPI m/m|Core PPI m/m|FOMC,Neutral|Neutral|Neutral,3,3,0,100.0,0.0,inf,2023-05|2023-07|2024-11
0.1,3,PPI m/m|Core PPI m/m|FOMC,Good|Neutral|Neutral,1,0,1,0.0,100.0,0.0,2023-06
0.1,3,PPI m/m|Core PPI m/m|FOMC,Bad|Neutral|Neutral,2,1,1,50.0,50.0,1.0,2023-09|2024-12
0.1,3,PPI m/m|Core PPI m/m|FOMC,Neutral|Good|Neutral,1,1,0,100.0,0.0,inf,2023-12
0.1,3,PPI m/m|Core PPI m/m|FOMC,Neutral|Bad|Neutral,1,0,1,0.0,100.0,0.0,2024-07
0.1,3,PPI m/m|Core PPI m/m|FOMC,Neutral|Neutral|Good,1,1,0,100.0,0.0,inf,2024-09
0.2,3,PPI m/m|Core PPI m/m|FOMC,Good|Good|Neutral,3,1,2,33.3,66.7,0.5,2023-03|2023-11|2024-06
0.2,3,PPI m/m|Core PPI m/m|FOMC,Neutral|Neutral|Neutral,8,5,3,62.5,37.5,1.67,2023-05|2023-06|2023-07|2023-12|2024-07|2024-11|2024-12|2025-01
0.2,3,PPI m/m|Core PPI m/m|FOMC,Bad|Neutral|Neutral,1,1,0,100.0,0.0,inf,2023-09
0.2,3,PPI m/m|Core PPI m/m|FOMC,Neutral|Neutral|Good,1,1,0,100.0,0.0,inf,2024-09
0.3,3,PPI m/m|Core PPI m/m|FOMC,Good|Good|Neutral,1,1,0,100.0,0.0,inf,2023-03
0.3,3,PPI m/m|Core PPI m/m|FOMC,Neutral|Neutral|Neutral,10,7,3,70.0,30.0,2.33,2023-05|2023-06|2023-07|2023-09|2023-12|2024-07|2024-09|2024-11|2024-12|2025-01
0.3,3,PPI m/m|Core PPI m/m|FOMC,Good|Neutral|Neutral,2,0,2,0.0,100.0,0.0,2023-11|2024-06
0.0,3,PPI m/m|Core PPI m/m|CPI y/y,Bad|Bad|Bad,11,6,5,54.5,45.5,1.2,2020-09|2021-04|2021-05|2021-06|2021-07|2021-08|2022-02|2022-04|2023-02|2023-10|2024-03
0.0,3,PPI m/m|Core PPI m/m|CPI y/y,Neutral|Good|Neutral,2,2,0,100.0,0.0,inf,2020-12|2023-12
0.0,3,PPI m/m|Core PPI m/m|CPI y/y,Good|Neutral|Neutral,3,3,0,100.0,0.0,inf,2021-01|2022-01|2023-01
0.0,3,PPI m/m|Core PPI m/m|CPI y/y,Bad|Bad|Neutral,6,5,1,83.3,16.7,5.0,2021-02|2021-09|2021-12|2024-05|2024-09|2026-01
0.0,3,PPI m/m|Core PPI m/m|CPI y/y,Bad|Neutral|Neutral,2,0,2,0.0,100.0,0.0,2021-03|2024-12
0.0,3,PPI m/m|Core PPI m/m|CPI y/y,Good|Good|Bad,3,1,2,33.3,66.7,0.5,2021-10|2024-01|2025-07
0.0,3,PPI m/m|Core PPI m/m|CPI y/y,Neutral|Good|Bad,3,3,0,100.0,0.0,inf,2021-11|2022-05|2022-06
0.0,3,PPI m/m|Core PPI m/m|CPI y/y,Good|Good|Neutral,4,4,0,100.0,0.0,inf,2022-03|2023-03|2025-01|2025-09
0.0,3,PPI m/m|Core PPI m/m|CPI y/y,Bad|Good|Bad,1,0,1,0.0,100.0,0.0,2022-07
0.0,3,PPI m/m|Core PPI m/m|CPI y/y,Good|Good|Good,11,8,3,72.7,27.3,2.67,2022-08|2022-11|2023-04|2023-07|2023-11|2024-06|2024-08|2025-03|2025-04|2025-05|2025-06
0.0,3,PPI m/m|Core PPI m/m|CPI y/y,Neutral|Bad|Bad,1,1,0,100.0,0.0,inf,2022-09
0.0,3,PPI m/m|Core PPI m/m|CPI y/y,Bad|Neutral|Bad,3,1,2,33.3,66.7,0.5,2022-10|2023-09|2025-02
0.0,3,PPI m/m|Core PPI m/m|CPI y/y,Good|Neutral|Good,2,1,1,50.0,50.0,1.0,2023-05|2023-06
0.0,3,PPI m/m|Core PPI m/m|CPI y/y,Bad|Bad|Good,3,1,2,33.3,66.7,0.5,2023-08|2024-07|2025-08
0.0,3,PPI m/m|Core PPI m/m|CPI y/y,Good|Neutral|Bad,1,1,0,100.0,0.0,inf,2024-04
0.0,3,PPI m/m|Core PPI m/m|CPI y/y,Neutral|Neutral|Neutral,1,1,0,100.0,0.0,inf,2024-11
0.1,3,PPI m/m|Core PPI m/m|CPI y/y,Neutral|Bad|Bad,2,2,0,100.0,0.0,inf,2020-09|2022-09
0.1,3,PPI m/m|Core PPI m/m|CPI y/y,Neutral|Neutral|Neutral,7,5,2,71.4,28.6,2.5,2020-12|2021-03|2021-09|2023-05|2023-08|2024-09|2024-11
0.1,3,PPI m/m|Core PPI m/m|CPI y/y,Good|Neutral|Neutral,4,3,1,75.0,25.0,3.0,2021-01|2022-01|2023-01|2023-06
0.1,3,PPI m/m|Core PPI m/m|CPI y/y,Bad|Bad|Neutral,6,5,1,83.3,16.7,5.0,2021-02|2021-12|2022-04|2024-05|2025-08|2026-01
0.1,3,PPI m/m|Core PPI m/m|CPI y/y,Bad|Bad|Bad,7,3,4,42.9,57.1,0.75,2021-04|2021-05|2021-06|2021-07|2021-08|2022-02|2023-02
0.1,3,PPI m/m|Core PPI m/m|CPI y/y,Neutral|Good|Bad,2,2,0,100.0,0.0,inf,2021-10|2022-05
0.1,3,PPI m/m|Core PPI m/m|CPI y/y,Neutral|Neutral|Bad,3,3,0,100.0,0.0,inf,2021-11|2022-06|2024-04
0.1,3,PPI m/m|Core PPI m/m|CPI y/y,Good|Good|Neutral,6,5,1,83.3,16.7,5.0,2022-03|2023-03|2023-04|2023-11|2025-01|2025-09
0.1,3,PPI m/m|Core PPI m/m|CPI y/y,Bad|Neutral|Bad,5,2,3,40.0,60.0,0.67,2022-07|2023-09|2023-10|2024-03|2025-02
0.1,3,PPI m/m|Core PPI m/m|CPI y/y,Good|Good|Good,6,5,1,83.3,16.7,5.0,2022-08|2022-11|2024-06|2025-03|2025-04|2025-05
0.1,3,PPI m/m|Core PPI m/m|CPI y/y,Bad|Neutral|Neutral,2,0,2,0.0,100.0,0.0,2022-10|2024-12
0.1,3,PPI m/m|Core PPI m/m|CPI y/y,Neutral|Neutral|Good,1,1,0,100.0,0.0,inf,2023-07
0.1,3,PPI m/m|Core PPI m/m|CPI y/y,Neutral|Good|Neutral,1,1,0,100.0,0.0,inf,2023-12
0.1,3,PPI m/m|Core PPI m/m|CPI y/y,Good|Good|Bad,2,0,2,0.0,100.0,0.0,2024-01|2025-07
0.1,3,PPI m/m|Core PPI m/m|CPI y/y,Neutral|Bad|Good,1,0,1,0.0,100.0,0.0,2024-07
0.1,3,PPI m/m|Core PPI m/m|CPI y/y,Neutral|Good|Good,2,1,1,50.0,50.0,1.0,2024-08|2025-06
0.2,3,PPI m/m|Core PPI m/m|CPI y/y,Neutral|Neutral|Neutral,25,13,12,52.0,48.0,1.08,2020-09|2020-12|2021-01|2021-03|2021-09|2022-01|2022-10|2023-05|2023-06|2023-07|2023-08|2023-10|2023-12|2024-01|2024-04|2024-07|2024-08|2024-09|2024-11|2024-12|2025-01|2025-02|2025-06|2025-07|2026-01
0.2,3,PPI m/m|Core PPI m/m|CPI y/y,Bad|Bad|Neutral,6,6,0,100.0,0.0,inf,2021-02|2021-04|2021-08|2021-12|2022-04|2025-08
0.2,3,PPI m/m|Core PPI m/m|CPI y/y,Bad|Bad|Bad,3,1,2,33.3,66.7,0.5,2021-05|2021-07|2022-02
0.2,3,PPI m/m|Core PPI m/m|CPI y/y,Bad|Neutral|Bad,3,0,3,0.0,100.0,0.0,2021-06|2022-07|2023-02
0.2,3,PPI m/m|Core PPI m/m|CPI y/y,Neutral|Good|Neutral,2,2,0,100.0,0.0,inf,2021-10|2022-03
0.2,3,PPI m/m|Core PPI m/m|CPI y/y,Neutral|Neutral|Bad,4,4,0,100.0,0.0,inf,2021-11|2022-05|2022-06|2022-09
0.2,3,PPI m/m|Core PPI m/m|CPI y/y,Good|Neutral|Neutral,2,2,0,100.0,0.0,inf,2022-08|2023-01
0.2,3,PPI m/m|Core PPI m/m|CPI y/y,Neutral|Good|Good,1,1,0,100.0,0.0,inf,2022-11
0.2,3,PPI m/m|Core PPI m/m|CPI y/y,Good|Good|Neutral,8,6,2,75.0,25.0,3.0,2023-03|2023-04|2023-11|2024-06|2025-03|2025-04|2025-05|2025-09
0.2,3,PPI m/m|Core PPI m/m|CPI y/y,Bad|Neutral|Neutral,2,2,0,100.0,0.0,inf,2023-09|2024-03
0.2,3,PPI m/m|Core PPI m/m|CPI y/y,Neutral|Bad|Neutral,1,1,0,100.0,0.0,inf,2024-05
0.3,3,PPI m/m|Core PPI m/m|CPI y/y,Neutral|Neutral|Neutral,35,22,13,62.9,37.1,1.69,2020-09|2020-12|2021-01|2021-03|2021-09|2021-10|2021-11|2022-01|2022-05|2022-06|2022-09|2022-10|2022-11|2023-02|2023-05|2023-06|2023-07|2023-08|2023-09|2023-10|2023-12|2024-01|2024-03|2024-04|2024-05|2024-07|2024-08|2024-09|2024-11|2024-12|2025-01|2025-02|2025-06|2025-07|2026-01
0.3,3,PPI m/m|Core PPI m/m|CPI y/y,Bad|Bad|Neutral,5,4,1,80.0,20.0,4.0,2021-02|2021-04|2021-08|2022-02|2025-08
0.3,3,PPI m/m|Core PPI m/m|CPI y/y,Neutral|Neutral|Bad,1,0,1,0.0,100.0,0.0,2021-05
0.3,3,PPI m/m|Core PPI m/m|CPI y/y,Bad|Neutral|Neutral,2,1,1,50.0,50.0,1.0,2021-06|2021-12
0.3,3,PPI m/m|Core PPI m/m|CPI y/y,Bad|Bad|Bad,1,1,0,100.0,0.0,inf,2021-07
0.3,3,PPI m/m|Core PPI m/m|CPI y/y,Neutral|Good|Neutral,2,2,0,100.0,0.0,inf,2022-03|2025-03
0.3,3,PPI m/m|Core PPI m/m|CPI y/y,Neutral|Bad|Neutral,1,1,0,100.0,0.0,inf,2022-04
0.3,3,PPI m/m|Core PPI m/m|CPI y/y,Bad|Neutral|Bad,1,0,1,0.0,100.0,0.0,2022-07
0.3,3,PPI m/m|Core PPI m/m|CPI y/y,Good|Neutral|Neutral,4,2,2,50.0,50.0,1.0,2022-08|2023-01|2023-11|2024-06
0.3,3,PPI m/m|Core PPI m/m|CPI y/y,Good|Good|Neutral,5,5,0,100.0,0.0,inf,2023-03|2023-04|2025-04|2025-05|2025-09
0.0,3,PPI m/m|FOMC|CPI y/y,Good|Neutral|Neutral,2,2,0,100.0,0.0,inf,2023-03|2025-01
0.0,3,PPI m/m|FOMC|CPI y/y,Good|Neutral|Good,5,2,3,40.0,60.0,0.67,2023-05|2023-06|2023-07|2023-11|2024-06
0.0,3,PPI m/m|FOMC|CPI y/y,Bad|Neutral|Bad,1,1,0,100.0,0.0,inf,2023-09
0.0,3,PPI m/m|FOMC|CPI y/y,Neutral|Neutral|Neutral,2,2,0,100.0,0.0,inf,2023-12|2024-11
0.0,3,PPI m/m|FOMC|CPI y/y,Bad|Neutral|Good,1,0,1,0.0,100.0,0.0,2024-07
0.0,3,PPI m/m|FOMC|CPI y/y,Bad|Good|Neutral,1,1,0,100.0,0.0,inf,2024-09
0.0,3,PPI m/m|FOMC|CPI y/y,Bad|Neutral|Neutral,1,0,1,0.0,100.0,0.0,2024-12
0.1,3,PPI m/m|FOMC|CPI y/y,Good|Neutral|Neutral,4,2,2,50.0,50.0,1.0,2023-03|2023-06|2023-11|2025-01
0.1,3,PPI m/m|FOMC|CPI y/y,Neutral|Neutral|Neutral,3,3,0,100.0,0.0,inf,2023-05|2023-12|2024-11
0.1,3,PPI m/m|FOMC|CPI y/y,Neutral|Neutral|Good,2,1,1,50.0,50.0,1.0,2023-07|2024-07
0.1,3,PPI m/m|FOMC|CPI y/y,Bad|Neutral|Bad,1,1,0,100.0,0.0,inf,2023-09
0.1,3,PPI m/m|FOMC|CPI y/y,Good|Neutral|Good,1,0,1,0.0,100.0,0.0,2024-06
0.1,3,PPI m/m|FOMC|CPI y/y,Neutral|Good|Neutral,1,1,0,100.0,0.0,inf,2024-09
0.1,3,PPI m/m|FOMC|CPI y/y,Bad|Neutral|Neutral,1,0,1,0.0,100.0,0.0,2024-12
0.2,3,PPI m/m|FOMC|CPI y/y,Good|Neutral|Neutral,3,1,2,33.3,66.7,0.5,2023-03|2023-11|2024-06
0.2,3,PPI m/m|FOMC|CPI y/y,Neutral|Neutral|Neutral,8,5,3,62.5,37.5,1.67,2023-05|2023-06|2023-07|2023-12|2024-07|2024-11|2024-12|2025-01
0.2,3,PPI m/m|FOMC|CPI y/y,Bad|Neutral|Neutral,1,1,0,100.0,0.0,inf,2023-09
0.2,3,PPI m/m|FOMC|CPI y/y,Neutral|Good|Neutral,1,1,0,100.0,0.0,inf,2024-09
0.3,3,PPI m/m|FOMC|CPI y/y,Good|Neutral|Neutral,3,1,2,33.3,66.7,0.5,2023-03|2023-11|2024-06
0.3,3,PPI m/m|FOMC|CPI y/y,Neutral|Neutral|Neutral,10,7,3,70.0,30.0,2.33,2023-05|2023-06|2023-07|2023-09|2023-12|2024-07|2024-09|2024-11|2024-12|2025-01
0.0,3,Core PPI m/m|FOMC|CPI y/y,Good|Neutral|Neutral,3,3,0,100.0,0.0,inf,2023-03|2023-12|2025-01
0.0,3,Core PPI m/m|FOMC|CPI y/y,Neutral|Neutral|Good,2,1,1,50.0,50.0,1.0,2023-05|2023-06
0.0,3,Core PPI m/m|FOMC|CPI y/y,Good|Neutral|Good,3,1,2,33.3,66.7,0.5,2023-07|2023-11|2024-06
0.0,3,Core PPI m/m|FOMC|CPI y/y,Neutral|Neutral|Bad,1,1,0,100.0,0.0,inf,2023-09
0.0,3,Core PPI m/m|FOMC|CPI y/y,Bad|Neutral|Good,1,0,1,0.0,100.0,0.0,2024-07
0.0,3,Core PPI m/m|FOMC|CPI y/y,Bad|Good|Neutral,1,1,0,100.0,0.0,inf,2024-09
0.0,3,Core PPI m/m|FOMC|CPI y/y,Neutral|Neutral|Neutral,2,1,1,50.0,50.0,1.0,2024-11|2024-12
0.1,3,Core PPI m/m|FOMC|CPI y/y,Good|Neutral|Neutral,4,3,1,75.0,25.0,3.0,2023-03|2023-11|2023-12|2025-01
0.1,3,Core PPI m/m|FOMC|CPI y/y,Neutral|Neutral|Neutral,4,2,2,50.0,50.0,1.0,2023-05|2023-06|2024-11|2024-12
0.1,3,Core PPI m/m|FOMC|CPI y/y,Neutral|Neutral|Good,1,1,0,100.0,0.0,inf,2023-07
0.1,3,Core PPI m/m|FOMC|CPI y/y,Neutral|Neutral|Bad,1,1,0,100.0,0.0,inf,2023-09
0.1,3,Core PPI m/m|FOMC|CPI y/y,Good|Neutral|Good,1,0,1,0.0,100.0,0.0,2024-06
0.1,3,Core PPI m/m|FOMC|CPI y/y,Bad|Neutral|Good,1,0,1,0.0,100.0,0.0,2024-07
0.1,3,Core PPI m/m|FOMC|CPI y/y,Neutral|Good|Neutral,1,1,0,100.0,0.0,inf,2024-09
0.2,3,Core PPI m/m|FOMC|CPI y/y,Good|Neutral|Neutral,3,1,2,33.3,66.7,0.5,2023-03|2023-11|2024-06
0.2,3,Core PPI m/m|FOMC|CPI y/y,Neutral|Neutral|Neutral,9,6,3,66.7,33.3,2.0,2023-05|2023-06|2023-07|2023-09|2023-12|2024-07|2024-11|2024-12|2025-01
0.2,3,Core PPI m/m|FOMC|CPI y/y,Neutral|Good|Neutral,1,1,0,100.0,0.0,inf,2024-09
0.3,3,Core PPI m/m|FOMC|CPI y/y,Good|Neutral|Neutral,1,1,0,100.0,0.0,inf,2023-03
0.3,3,Core PPI m/m|FOMC|CPI y/y,Neutral|Neutral|Neutral,12,7,5,58.3,41.7,1.4,2023-05|2023-06|2023-07|2023-09|2023-11|2023-12|2024-06|2024-07|2024-09|2024-11|2024-12|2025-01
0.0,4,CPI m/m|Core CPI m/m|PPI m/m|Core PPI m/m,Bad|Bad|Bad|Bad,6,3,3,50.0,50.0,1.0,2020-09|2021-04|2021-05|2021-06|2021-07|2022-02
0.0,4,CPI m/m|Core CPI m/m|PPI m/m|Core PPI m/m,Bad|Bad|Neutral|Good,4,4,0,100.0,0.0,inf,2020-12|2021-11|2022-05|2022-06
0.0,4,CPI m/m|Core CPI m/m|PPI m/m|Core PPI m/m,Neutral|Neutral|Good|Neutral,2,2,0,100.0,0.0,inf,2021-01|2023-01
0.0,4,CPI m/m|Core CPI m/m|PPI m/m|Core PPI m/m,Neutral|Good|Bad|Bad,4,3,1,75.0,25.0,3.0,2021-02|2021-08|2022-04|2026-01
0.0,4,CPI m/m|Core CPI m/m|PPI m/m|Core PPI m/m,Neutral|Good|Bad|Neutral,1,0,1,0.0,100.0,0.0,2021-03
0.0,4,CPI m/m|Core CPI m/m|PPI m/m|Core PPI m/m,Good|Good|Bad|Bad,2,1,1,50.0,50.0,1.0,2021-09|2024-07
0.0,4,CPI m/m|Core CPI m/m|PPI m/m|Core PPI m/m,Bad|Neutral|Good|Good,3,2,1,66.7,33.3,2.0,2021-10|2024-01|2025-09
0.0,4,CPI m/m|Core CPI m/m|PPI m/m|Core PPI m/m,Bad|Neutral|Bad|Bad,2,1,1,50.0,50.0,1.0,2021-12|2023-10
0.0,4,CPI m/m|Core CPI m/m|PPI m/m|Core PPI m/m,Bad|Bad|Good|Neutral,2,2,0,100.0,0.0,inf,2022-01|2024-04
0.0,4,CPI m/m|Core CPI m/m|PPI m/m|Core PPI m/m,Neutral|Neutral|Good|Good,2,2,0,100.0,0.0,inf,2022-03|2024-08
0.0,4,CPI m/m|Core CPI m/m|PPI m/m|Core PPI m/m,Bad|Bad|Bad|Good,1,0,1,0.0,100.0,0.0,2022-07
0.0,4,CPI m/m|Core CPI m/m|PPI m/m|Core PPI m/m,Good|Good|Good|Good,9,6,3,66.7,33.3,2.0,2022-08|2022-11|2023-07|2023-11|2024-06|2025-03|2025-04|2025-05|2025-06
0.0,4,CPI m/m|Core CPI m/m|PPI m/m|Core PPI m/m,Bad|Bad|Neutral|Bad,1,1,0,100.0,0.0,inf,2022-09
0.0,4,CPI m/m|Core CPI m/m|PPI m/m|Core PPI m/m,Bad|Bad|Bad|Neutral,2,0,2,0.0,100.0,0.0,2022-10|2025-02
0.0,4,CPI m/m|Core CPI m/m|PPI m/m|Core PPI m/m,Neutral|Neutral|Bad|Bad,3,1,2,33.3,66.7,0.5,2023-02|2023-08|2025-08
0.0,4,CPI m/m|Core CPI m/m|PPI m/m|Core PPI m/m,Neutral|Bad|Good|Good,1,1,0,100.0,0.0,inf,2023-03
0.0,4,CPI m/m|Core CPI m/m|PPI m/m|Core PPI m/m,Good|Neutral|Good|Good,1,1,0,100.0,0.0,inf,2023-04
0.0,4,CPI m/m|Core CPI m/m|PPI m/m|Core PPI m/m,Neutral|Bad|Good|Neutral,1,1,0,100.0,0.0,inf,2023-05
0.0,4,CPI m/m|Core CPI m/m|PPI m/m|Core PPI m/m,Good|Neutral|Good|Neutral,1,0,1,0.0,100.0,0.0,2023-06
0.0,4,CPI m/m|Core CPI m/m|PPI m/m|Core PPI m/m,Neutral|Bad|Bad|Neutral,1,1,0,100.0,0.0,inf,2023-09
0.0,4,CPI m/m|Core CPI m/m|PPI m/m|Core PPI m/m,Bad|Neutral|Neutral|Good,1,1,0,100.0,0.0,inf,2023-12
0.0,4,CPI m/m|Core CPI m/m|PPI m/m|Core PPI m/m,Neutral|Bad|Bad|Bad,2,2,0,100.0,0.0,inf,2024-03|2024-09
0.0,4,CPI m/m|Core CPI m/m|PPI m/m|Core PPI m/m,Good|Neutral|Bad|Bad,1,1,0,100.0,0.0,inf,2024-05
0.0,4,CPI m/m|Core CPI m/m|PPI m/m|Core PPI m/m,Neutral|Neutral|Neutral|Neutral,1,1,0,100.0,0.0,inf,2024-11
0.0,4,CPI m/m|Core CPI m/m|PPI m/m|Core PPI m/m,Neutral|Neutral|Bad|Neutral,1,0,1,0.0,100.0,0.0,2024-12
0.0,4,CPI m/m|Core CPI m/m|PPI m/m|Core PPI m/m,Neutral|Good|Good|Good,2,1,1,50.0,50.0,1.0,2025-01|2025-07
0.1,4,CPI m/m|Core CPI m/m|PPI m/m|Core PPI m/m,Bad|Bad|Neutral|Bad,2,2,0,100.0,0.0,inf,2020-09|2022-09
0.1,4,CPI m/m|Core CPI m/m|PPI m/m|Core PPI m/m,Neutral|Neutral|Neutral|Neutral,6,4,2,66.7,33.3,2.0,2020-12|2021-03|2023-07|2023-08|2024-09|2024-11
0.1,4,CPI m/m|Core CPI m/m|PPI m/m|Core PPI m/m,Neutral|Neutral|Good|Neutral,4,3,1,75.0,25.0,3.0,2021-01|2022-01|2023-01|2023-06
0.1,4,CPI m/m|Core CPI m/m|PPI m/m|Core PPI m/m,Neutral|Good|Bad|Bad,3,3,0,100.0,0.0,inf,2021-02|2021-08|2022-04
0.1,4,CPI m/m|Core CPI m/m|PPI m/m|Core PPI m/m,Neutral|Neutral|Bad|Bad,4,2,2,50.0,50.0,1.0,2021-04|2023-02|2025-08|2026-01
0.1,4,CPI m/m|Core CPI m/m|PPI m/m|Core PPI m/m,Bad|Bad|Bad|Bad,3,1,2,33.3,66.7,0.5,2021-05|2021-06|2021-07
0.1,4,CPI m/m|Core CPI m/m|PPI m/m|Core PPI m/m,Good|Good|Neutral|Neutral,1,1,0,100.0,0.0,inf,2021-09
0.1,4,CPI m/m|Core CPI m/m|PPI m/m|Core PPI m/m,Bad|Neutral|Neutral|Good,1,1,0,100.0,0.0,inf,2021-10
0.1,4,CPI m/m|Core CPI m/m|PPI m/m|Core PPI m/m,Bad|Bad|Neutral|Neutral,2,2,0,100.0,0.0,inf,2021-11|2024-04
0.1,4,CPI m/m|Core CPI m/m|PPI m/m|Core PPI m/m,Bad|Neutral|Bad|Bad,2,1,1,50.0,50.0,1.0,2021-12|2022-02
0.1,4,CPI m/m|Core CPI m/m|PPI m/m|Core PPI m/m,Neutral|Neutral|Good|Good,10,6,4,60.0,40.0,1.5,2022-03|2023-03|2023-04|2023-11|2024-01|2024-06|2025-01|2025-03|2025-05|2025-07
0.1,4,CPI m/m|Core CPI m/m|PPI m/m|Core PPI m/m,Neutral|Bad|Neutral|Good,1,1,0,100.0,0.0,inf,2022-05
0.1,4,CPI m/m|Core CPI m/m|PPI m/m|Core PPI m/m,Bad|Neutral|Neutral|Neutral,1,1,0,100.0,0.0,inf,2022-06
0.1,4,CPI m/m|Core CPI m/m|PPI m/m|Core PPI m/m,Bad|Bad|Bad|Neutral,3,0,3,0.0,100.0,0.0,2022-07|2022-10|2025-02
0.1,4,CPI m/m|Core CPI m/m|PPI m/m|Core PPI m/m,Good|Good|Good|Good,3,3,0,100.0,0.0,inf,2022-08|2022-11|2025-04
0.1,4,CPI m/m|Core CPI m/m|PPI m/m|Core PPI m/m,Neutral|Bad|Neutral|Neutral,1,1,0,100.0,0.0,inf,2023-05
0.1,4,CPI m/m|Core CPI m/m|PPI m/m|Core PPI m/m,Neutral|Neutral|Bad|Neutral,2,1,1,50.0,50.0,1.0,2023-09|2024-12
0.1,4,CPI m/m|Core CPI m/m|PPI m/m|Core PPI m/m,Bad|Neutral|Bad|Neutral,1,0,1,0.0,100.0,0.0,2023-10
0.1,4,CPI m/m|Core CPI m/m|PPI m/m|Core PPI m/m,Neutral|Neutral|Neutral|Good,2,2,0,100.0,0.0,inf,2023-12|2024-08
0.1,4,CPI m/m|Core CPI m/m|PPI m/m|Core PPI m/m,Neutral|Bad|Bad|Neutral,1,1,0,100.0,0.0,inf,2024-03
0.1,4,CPI m/m|Core CPI m/m|PPI m/m|Core PPI m/m,Good|Neutral|Bad|Bad,1,1,0,100.0,0.0,inf,2024-05
0.1,4,CPI m/m|Core CPI m/m|PPI m/m|Core PPI m/m,Good|Neutral|Neutral|Bad,1,0,1,0.0,100.0,0.0,2024-07
0.1,4,CPI m/m|Core CPI m/m|PPI m/m|Core PPI m/m,Neutral|Good|Neutral|Good,1,0,1,0.0,100.0,0.0,2025-06
0.1,4,CPI m/m|Core CPI m/m|PPI m/m|Core PPI m/m,Bad|Neutral|Good|Good,1,1,0,100.0,0.0,inf,2025-09
0.2,4,CPI m/m|Core CPI m/m|PPI m/m|Core PPI m/m,Neutral|Neutral|Neutral|Neutral,26,14,12,53.8,46.2,1.17,2020-09|2020-12|2021-01|2021-03|2021-09|2022-01|2022-05|2022-10|2023-05|2023-06|2023-07|2023-08|2023-10|2023-12|2024-01|2024-04|2024-07|2024-08|2024-09|2024-11|2024-12|2025-01|2025-02|2025-06|2025-07|2026-01
0.2,4,CPI m/m|Core CPI m/m|PPI m/m|Core PPI m/m,Neutral|Neutral|Bad|Bad,7,6,1,85.7,14.3,6.0,2021-02|2021-04|2021-08|2021-12|2022-02|2022-04|2025-08
0.2,4,CPI m/m|Core CPI m/m|PPI m/m|Core PPI m/m,Bad|Bad|Bad|Bad,2,1,1,50.0,50.0,1.0,2021-05|2021-07
0.2,4,CPI m/m|Core CPI m/m|PPI m/m|Core PPI m/m,Neutral|Neutral|Bad|Neutral,5,2,3,40.0,60.0,0.67,2021-06|2022-07|2023-02|2023-09|2024-03
0.2,4,CPI m/m|Core CPI m/m|PPI m/m|Core PPI m/m,Neutral|Neutral|Neutral|Good,3,3,0,100.0,0.0,inf,2021-10|2022-03|2022-11
0.2,4,CPI m/m|Core CPI m/m|PPI m/m|Core PPI m/m,Bad|Neutral|Neutral|Neutral,2,2,0,100.0,0.0,inf,2021-11|2022-06
0.2,4,CPI m/m|Core CPI m/m|PPI m/m|Core PPI m/m,Neutral|Neutral|Good|Neutral,2,2,0,100.0,0.0,inf,2022-08|2023-01
0.2,4,CPI m/m|Core CPI m/m|PPI m/m|Core PPI m/m,Neutral|Bad|Neutral|Neutral,1,1,0,100.0,0.0,inf,2022-09
0.2,4,CPI m/m|Core CPI m/m|PPI m/m|Core PPI m/m,Neutral|Neutral|Good|Good,8,6,2,75.0,25.0,3.0,2023-03|2023-04|2023-11|2024-06|2025-03|2025-04|2025-05|2025-09
0.2,4,CPI m/m|Core CPI m/m|PPI m/m|Core PPI m/m,Neutral|Neutral|Neutral|Bad,1,1,0,100.0,0.0,inf,2024-05
0.3,4,CPI m/m|Core CPI m/m|PPI m/m|Core PPI m/m,Neutral|Neutral|Neutral|Neutral,33,20,13,60.6,39.4,1.54,2020-09|2020-12|2021-01|2021-03|2021-09|2021-10|2022-01|2022-05|2022-09|2022-10|2022-11|2023-02|2023-05|2023-06|2023-07|2023-08|2023-09|2023-10|2023-12|2024-01|2024-03|2024-04|2024-05|2024-07|2024-08|2024-09|2024-11|2024-12|2025-01|2025-02|2025-06|2025-07|2026-01
0.3,4,CPI m/m|Core CPI m/m|PPI m/m|Core PPI m/m,Neutral|Neutral|Bad|Bad,5,4,1,80.0,20.0,4.0,2021-02|2021-04|2021-08|2022-02|2025-08
0.3,4,CPI m/m|Core CPI m/m|PPI m/m|Core PPI m/m,Bad|Bad|Neutral|Neutral,1,0,1,0.0,100.0,0.0,2021-05
0.3,4,CPI m/m|Core CPI m/m|PPI m/m|Core PPI m/m,Neutral|Neutral|Bad|Neutral,3,1,2,33.3,66.7,0.5,2021-06|2021-12|2022-07
0.3,4,CPI m/m|Core CPI m/m|PPI m/m|Core PPI m/m,Bad|Bad|Bad|Bad,1,1,0,100.0,0.0,inf,2021-07
0.3,4,CPI m/m|Core CPI m/m|PPI m/m|Core PPI m/m,Bad|Neutral|Neutral|Neutral,2,2,0,100.0,0.0,inf,2021-11|2022-06
0.3,4,CPI m/m|Core CPI m/m|PPI m/m|Core PPI m/m,Neutral|Neutral|Neutral|Good,2,2,0,100.0,0.0,inf,2022-03|2025-03
0.3,4,CPI m/m|Core CPI m/m|PPI m/m|Core PPI m/m,Neutral|Neutral|Neutral|Bad,1,1,0,100.0,0.0,inf,2022-04
0.3,4,CPI m/m|Core CPI m/m|PPI m/m|Core PPI m/m,Neutral|Neutral|Good|Neutral,4,2,2,50.0,50.0,1.0,2022-08|2023-01|2023-11|2024-06
0.3,4,CPI m/m|Core CPI m/m|PPI m/m|Core PPI m/m,Neutral|Neutral|Good|Good,5,5,0,100.0,0.0,inf,2023-03|2023-04|2025-04|2025-05|2025-09
0.0,4,CPI m/m|Core CPI m/m|PPI m/m|FOMC,Neutral|Bad|Good|Neutral,2,2,0,100.0,0.0,inf,2023-03|2023-05
0.0,4,CPI m/m|Core CPI m/m|PPI m/m|FOMC,Good|Neutral|Good|Neutral,1,0,1,0.0,100.0,0.0,2023-06
0.0,4,CPI m/m|Core CPI m/m|PPI m/m|FOMC,Good|Good|Good|Neutral,3,1,2,33.3,66.7,0.5,2023-07|2023-11|2024-06
0.0,4,CPI m/m|Core CPI m/m|PPI m/m|FOMC,Neutral|Bad|Bad|Neutral,1,1,0,100.0,0.0,inf,2023-09
0.0,4,CPI m/m|Core CPI m/m|PPI m/m|FOMC,Bad|Neutral|Neutral|Neutral,1,1,0,100.0,0.0,inf,2023-12
0.0,4,CPI m/m|Core CPI m/m|PPI m/m|FOMC,Good|Good|Bad|Neutral,1,0,1,0.0,100.0,0.0,2024-07
0.0,4,CPI m/m|Core CPI m/m|PPI m/m|FOMC,Neutral|Bad|Bad|Good,1,1,0,100.0,0.0,inf,2024-09
0.0,4,CPI m/m|Core CPI m/m|PPI m/m|FOMC,Neutral|Neutral|Neutral|Neutral,1,1,0,100.0,0.0,inf,2024-11
0.0,4,CPI m/m|Core CPI m/m|PPI m/m|FOMC,Neutral|Neutral|Bad|Neutral,1,0,1,0.0,100.0,0.0,2024-12
0.0,4,CPI m/m|Core CPI m/m|PPI m/m|FOMC,Neutral|Good|Good|Neutral,1,1,0,100.0,0.0,inf,2025-01
0.1,4,CPI m/m|Core CPI m/m|PPI m/m|FOMC,Neutral|Neutral|Good|Neutral,5,2,3,40.0,60.0,0.67,2023-03|2023-06|2023-11|2024-06|2025-01
0.1,4,CPI m/m|Core CPI m/m|PPI m/m|FOMC,Neutral|Bad|Neutral|Neutral,1,1,0,100.0,0.0,inf,2023-05
0.1,4,CPI m/m|Core CPI m/m|PPI m/m|FOMC,Neutral|Neutral|Neutral|Neutral,3,3,0,100.0,0.0,inf,2023-07|2023-12|2024-11
0.1,4,CPI m/m|Core CPI m/m|PPI m/m|FOMC,Neutral|Neutral|Bad|Neutral,2,1,1,50.0,50.0,1.0,2023-09|2024-12
0.1,4,CPI m/m|Core CPI m/m|PPI m/m|FOMC,Good|Neutral|Neutral|Neutral,1,0,1,0.0,100.0,0.0,2024-07
0.1,4,CPI m/m|Core CPI m/m|PPI m/m|FOMC,Neutral|Neutral|Neutral|Good,1,1,0,100.0,0.0,inf,2024-09
0.2,4,CPI m/m|Core CPI m/m|PPI m/m|FOMC,Neutral|Neutral|Good|Neutral,3,1,2,33.3,66.7,0.5,2023-03|2023-11|2024-06
0.2,4,CPI m/m|Core CPI m/m|PPI m/m|FOMC,Neutral|Neutral|Neutral|Neutral,8,5,3,62.5,37.5,1.67,2023-05|2023-06|2023-07|2023-12|2024-07|2024-11|2024-12|2025-01
0.2,4,CPI m/m|Core CPI m/m|PPI m/m|FOMC,Neutral|Neutral|Bad|Neutral,1,1,0,100.0,0.0,inf,2023-09
0.2,4,CPI m/m|Core CPI m/m|PPI m/m|FOMC,Neutral|Neutral|Neutral|Good,1,1,0,100.0,0.0,inf,2024-09
0.3,4,CPI m/m|Core CPI m/m|PPI m/m|FOMC,Neutral|Neutral|Good|Neutral,3,1,2,33.3,66.7,0.5,2023-03|2023-11|2024-06
0.3,4,CPI m/m|Core CPI m/m|PPI m/m|FOMC,Neutral|Neutral|Neutral|Neutral,10,7,3,70.0,30.0,2.33,2023-05|2023-06|2023-07|2023-09|2023-12|2024-07|2024-09|2024-11|2024-12|2025-01
0.0,4,CPI m/m|Core CPI m/m|PPI m/m|CPI y/y,Bad|Bad|Bad|Bad,9,3,6,33.3,66.7,0.5,2020-09|2021-04|2021-05|2021-06|2021-07|2022-02|2022-07|2022-10|2025-02
0.0,4,CPI m/m|Core CPI m/m|PPI m/m|CPI y/y,Bad|Bad|Neutral|Neutral,1,1,0,100.0,0.0,inf,2020-12
0.0,4,CPI m/m|Core CPI m/m|PPI m/m|CPI y/y,Neutral|Neutral|Good|Neutral,3,3,0,100.0,0.0,inf,2021-01|2022-03|2023-01
0.0,4,CPI m/m|Core CPI m/m|PPI m/m|CPI y/y,Neutral|Good|Bad|Neutral,3,1,2,33.3,66.7,0.5,2021-02|2021-03|2026-01
0.0,4,CPI m/m|Core CPI m/m|PPI m/m|CPI y/y,Neutral|Good|Bad|Bad,2,2,0,100.0,0.0,inf,2021-08|2022-04
0.0,4,CPI m/m|Core CPI m/m|PPI m/m|CPI y/y,Good|Good|Bad|Neutral,1,1,0,100.0,0.0,inf,2021-09
0.0,4,CPI m/m|Core CPI m/m|PPI m/m|CPI y/y,Bad|Neutral|Good|Bad,2,1,1,50.0,50.0,1.0,2021-10|2024-01
0.0,4,CPI m/m|Core CPI m/m|PPI m/m|CPI y/y,Bad|Bad|Neutral|Bad,4,4,0,100.0,0.0,inf,2021-11|2022-05|2022-06|2022-09
0.0,4,CPI m/m|Core CPI m/m|PPI m/m|CPI y/y,Bad|Neutral|Bad|Neutral,1,1,0,100.0,0.0,inf,2021-12
0.0,4,CPI m/m|Core CPI m/m|PPI m/m|CPI y/y,Bad|Bad|Good|Neutral,1,1,0,100.0,0.0,inf,2022-01
0.0,4,CPI m/m|Core CPI m/m|PPI m/m|CPI y/y,Good|Good|Good|Good,9,6,3,66.7,33.3,2.0,2022-08|2022-11|2023-07|2023-11|2024-06|2025-03|2025-04|2025-05|2025-06
0.0,4,CPI m/m|Core CPI m/m|PPI m/m|CPI y/y,Neutral|Neutral|Bad|Bad,1,0,1,0.0,100.0,0.0,2023-02
0.0,4,CPI m/m|Core CPI m/m|PPI m/m|CPI y/y,Neutral|Bad|Good|Neutral,1,1,0,100.0,0.0,inf,2023-03
0.0,4,CPI m/m|Core CPI m/m|PPI m/m|CPI y/y,Good|Neutral|Good|Good,2,1,1,50.0,50.0,1.0,2023-04|2023-06
0.0,4,CPI m/m|Core CPI m/m|PPI m/m|CPI y/y,Neutral|Bad|Good|Good,1,1,0,100.0,0.0,inf,2023-05
0.0,4,CPI m/m|Core CPI m/m|PPI m/m|CPI y/y,Neutral|Neutral|Bad|Good,2,1,1,50.0,50.0,1.0,2023-08|2025-08
0.0,4,CPI m/m|Core CPI m/m|PPI m/m|CPI y/y,Neutral|Bad|Bad|Bad,2,2,0,100.0,0.0,inf,2023-09|2024-03
0.0,4,CPI m/m|Core CPI m/m|PPI m/m|CPI y/y,Bad|Neutral|Bad|Bad,1,0,1,0.0,100.0,0.0,2023-10
0.0,4,CPI m/m|Core CPI m/m|PPI m/m|CPI y/y,Bad|Neutral|Neutral|Neutral,1,1,0,100.0,0.0,inf,2023-12
0.0,4,CPI m/m|Core CPI m/m|PPI m/m|CPI y/y,Bad|Bad|Good|Bad,1,1,0,100.0,0.0,inf,2024-04
0.0,4,CPI m/m|Core CPI m/m|PPI m/m|CPI y/y,Good|Neutral|Bad|Neutral,1,1,0,100.0,0.0,inf,2024-05
0.0,4,CPI m/m|Core CPI m/m|PPI m/m|CPI y/y,Good|Good|Bad|Good,1,0,1,0.0,100.0,0.0,2024-07
0.0,4,CPI m/m|Core CPI m/m|PPI m/m|CPI y/y,Neutral|Neutral|Good|Good,1,1,0,100.0,0.0,inf,2024-08
0.0,4,CPI m/m|Core CPI m/m|PPI m/m|CPI y/y,Neutral|Bad|Bad|Neutral,1,1,0,100.0,0.0,inf,2024-09
0.0,4,CPI m/m|Core CPI m/m|PPI m/m|CPI y/y,Neutral|Neutral|Neutral|Neutral,1,1,0,100.0,0.0,inf,2024-11
0.0,4,CPI m/m|Core CPI m/m|PPI m/m|CPI y/y,Neutral|Neutral|Bad|Neutral,1,0,1,0.0,100.0,0.0,2024-12
0.0,4,CPI m/m|Core CPI m/m|PPI m/m|CPI y/y,Neutral|Good|Good|Neutral,1,1,0,100.0,0.0,inf,2025-01
0.0,4,CPI m/m|Core CPI m/m|PPI m/m|CPI y/y,Neutral|Good|Good|Bad,1,0,1,0.0,100.0,0.0,2025-07
0.0,4,CPI m/m|Core CPI m/m|PPI m/m|CPI y/y,Bad|Neutral|Good|Neutral,1,1,0,100.0,0.0,inf,2025-09
0.1,4,CPI m/m|Core CPI m/m|PPI m/m|CPI y/y,Bad|Bad|Neutral|Bad,4,4,0,100.0,0.0,inf,2020-09|2021-11|2022-09|2024-04
0.1,4,CPI m/m|Core CPI m/m|PPI m/m|CPI y/y,Neutral|Neutral|Neutral|Neutral,6,4,2,66.7,33.3,2.0,2020-12|2021-03|2023-08|2023-12|2024-09|2024-11
0.1,4,CPI m/m|Core CPI m/m|PPI m/m|CPI y/y,Neutral|Neutral|Good|Neutral,9,7,2,77.8,22.2,3.5,2021-01|2022-01|2022-03|2023-01|2023-03|2023-04|2023-06|2023-11|2025-01
0.1,4,CPI m/m|Core CPI m/m|PPI m/m|CPI y/y,Neutral|Good|Bad|Neutral,2,2,0,100.0,0.0,inf,2021-02|2022-04
0.1,4,CPI m/m|Core CPI m/m|PPI m/m|CPI y/y,Neutral|Neutral|Bad|Bad,3,2,1,66.7,33.3,2.0,2021-04|2023-02|2023-09
0.1,4,CPI m/m|Core CPI m/m|PPI m/m|CPI y/y,Bad|Bad|Bad|Bad,5,1,4,20.0,80.0,0.25,2021-05|2021-06|2021-07|2022-07|2025-02
0.1,4,CPI m/m|Core CPI m/m|PPI m/m|CPI y/y,Neutral|Good|Bad|Bad,1,1,0,100.0,0.0,inf,2021-08
0.1,4,CPI m/m|Core CPI m/m|PPI m/m|CPI y/y,Good|Good|Neutral|Neutral,1,1,0,100.0,0.0,inf,2021-09
0.1,4,CPI m/m|Core CPI m/m|PPI m/m|CPI y/y,Bad|Neutral|Neutral|Bad,2,2,0,100.0,0.0,inf,2021-10|2022-06
0.1,4,CPI m/m|Core CPI m/m|PPI m/m|CPI y/y,Bad|Neutral|Bad|Neutral,1,1,0,100.0,0.0,inf,2021-12
0.1,4,CPI m/m|Core CPI m/m|PPI m/m|CPI y/y,Bad|Neutral|Bad|Bad,2,0,2,0.0,100.0,0.0,2022-02|2023-10
0.1,4,CPI m/m|Core CPI m/m|PPI m/m|CPI y/y,Neutral|Bad|Neutral|Bad,1,1,0,100.0,0.0,inf,2022-05
0.1,4,CPI m/m|Core CPI m/m|PPI m/m|CPI y/y,Good|Good|Good|Good,3,3,0,100.0,0.0,inf,2022-08|2022-11|2025-04
0.1,4,CPI m/m|Core CPI m/m|PPI m/m|CPI y/y,Bad|Bad|Bad|Neutral,1,0,1,0.0,100.0,0.0,2022-10
0.1,4,CPI m/m|Core CPI m/m|PPI m/m|CPI y/y,Neutral|Bad|Neutral|Neutral,1,1,0,100.0,0.0,inf,2023-05
0.1,4,CPI m/m|Core CPI m/m|PPI m/m|CPI y/y,Neutral|Neutral|Neutral|Good,2,2,0,100.0,0.0,inf,2023-07|2024-08
0.1,4,CPI m/m|Core CPI m/m|PPI m/m|CPI y/y,Neutral|Neutral|Good|Bad,2,0,2,0.0,100.0,0.0,2024-01|2025-07
0.1,4,CPI m/m|Core CPI m/m|PPI m/m|CPI y/y,Neutral|Bad|Bad|Bad,1,1,0,100.0,0.0,inf,2024-03
0.1,4,CPI m/m|Core CPI m/m|PPI m/m|CPI y/y,Good|Neutral|Bad|Neutral,1,1,0,100.0,0.0,inf,2024-05
0.1,4,CPI m/m|Core CPI m/m|PPI m/m|CPI y/y,Neutral|Neutral|Good|Good,3,2,1,66.7,33.3,2.0,2024-06|2025-03|2025-05
0.1,4,CPI m/m|Core CPI m/m|PPI m/m|CPI y/y,Good|Neutral|Neutral|Good,1,0,1,0.0,100.0,0.0,2024-07
0.1,4,CPI m/m|Core CPI m/m|PPI m/m|CPI y/y,Neutral|Neutral|Bad|Neutral,3,1,2,33.3,66.7,0.5,2024-12|2025-08|2026-01
0.1,4,CPI m/m|Core CPI m/m|PPI m/m|CPI y/y,Neutral|Good|Neutral|Good,1,0,1,0.0,100.0,0.0,2025-06
0.1,4,CPI m/m|Core CPI m/m|PPI m/m|CPI y/y,Bad|Neutral|Good|Neutral,1,1,0,100.0,0.0,inf,2025-09
0.2,4,CPI m/m|Core CPI m/m|PPI m/m|CPI y/y,Neutral|Neutral|Neutral|Neutral,28,16,12,57.1,42.9,1.33,2020-09|2020-12|2021-01|2021-03|2021-09|2021-10|2022-01|2022-03|2022-10|2023-05|2023-06|2023-07|2023-08|2023-10|2023-12|2024-01|2024-04|2024-05|2024-07|2024-08|2024-09|2024-11|2024-12|2025-01|2025-02|2025-06|2025-07|2026-01
0.2,4,CPI m/m|Core CPI m/m|PPI m/m|CPI y/y,Neutral|Neutral|Bad|Neutral,8,8,0,100.0,0.0,inf,2021-02|2021-04|2021-08|2021-12|2022-04|2023-09|2024-03|2025-08
0.2,4,CPI m/m|Core CPI m/m|PPI m/m|CPI y/y,Bad|Bad|Bad|Bad,2,1,1,50.0,50.0,1.0,2021-05|2021-07
0.2,4,CPI m/m|Core CPI m/m|PPI m/m|CPI y/y,Neutral|Neutral|Bad|Bad,4,0,4,0.0,100.0,0.0,2021-06|2022-02|2022-07|2023-02
0.2,4,CPI m/m|Core CPI m/m|PPI m/m|CPI y/y,Bad|Neutral|Neutral|Bad,2,2,0,100.0,0.0,inf,2021-11|2022-06
0.2,4,CPI m/m|Core CPI m/m|PPI m/m|CPI y/y,Neutral|Neutral|Neutral|Bad,1,1,0,100.0,0.0,inf,2022-05
0.2,4,CPI m/m|Core CPI m/m|PPI m/m|CPI y/y,Neutral|Neutral|Good|Neutral,10,8,2,80.0,20.0,4.0,2022-08|2023-01|2023-03|2023-04|2023-11|2024-06|2025-03|2025-04|2025-05|2025-09
0.2,4,CPI m/m|Core CPI m/m|PPI m/m|CPI y/y,Neutral|Bad|Neutral|Bad,1,1,0,100.0,0.0,inf,2022-09
0.2,4,CPI m/m|Core CPI m/m|PPI m/m|CPI y/y,Neutral|Neutral|Neutral|Good,1,1,0,100.0,0.0,inf,2022-11
0.3,4,CPI m/m|Core CPI m/m|PPI m/m|CPI y/y,Neutral|Neutral|Neutral|Neutral,36,23,13,63.9,36.1,1.77,2020-09|2020-12|2021-01|2021-03|2021-09|2021-10|2022-01|2022-03|2022-04|2022-05|2022-09|2022-10|2022-11|2023-02|2023-05|2023-06|2023-07|2023-08|2023-09|2023-10|2023-12|2024-01|2024-03|2024-04|2024-05|2024-07|2024-08|2024-09|2024-11|2024-12|2025-01|2025-02|2025-03|2025-06|2025-07|2026-01
0.3,4,CPI m/m|Core CPI m/m|PPI m/m|CPI y/y,Neutral|Neutral|Bad|Neutral,7,5,2,71.4,28.6,2.5,2021-02|2021-04|2021-06|2021-08|2021-12|2022-02|2025-08
0.3,4,CPI m/m|Core CPI m/m|PPI m/m|CPI y/y,Bad|Bad|Neutral|Bad,1,0,1,0.0,100.0,0.0,2021-05
0.3,4,CPI m/m|Core CPI m/m|PPI m/m|CPI y/y,Bad|Bad|Bad|Bad,1,1,0,100.0,0.0,inf,2021-07
0.3,4,CPI m/m|Core CPI m/m|PPI m/m|CPI y/y,Bad|Neutral|Neutral|Neutral,2,2,0,100.0,0.0,inf,2021-11|2022-06
0.3,4,CPI m/m|Core CPI m/m|PPI m/m|CPI y/y,Neutral|Neutral|Bad|Bad,1,0,1,0.0,100.0,0.0,2022-07
0.3,4,CPI m/m|Core CPI m/m|PPI m/m|CPI y/y,Neutral|Neutral|Good|Neutral,9,7,2,77.8,22.2,3.5,2022-08|2023-01|2023-03|2023-04|2023-11|2024-06|2025-04|2025-05|2025-09
0.0,4,CPI m/m|Core CPI m/m|Core PPI m/m|FOMC,Neutral|Bad|Good|Neutral,1,1,0,100.0,0.0,inf,2023-03
0.0,4,CPI m/m|Core CPI m/m|Core PPI m/m|FOMC,Neutral|Bad|Neutral|Neutral,2,2,0,100.0,0.0,inf,2023-05|2023-09
0.0,4,CPI m/m|Core CPI m/m|Core PPI m/m|FOMC,Good|Neutral|Neutral|Neutral,1,0,1,0.0,100.0,0.0,2023-06
0.0,4,CPI m/m|Core CPI m/m|Core PPI m/m|FOMC,Good|Good|Good|Neutral,3,1,2,33.3,66.7,0.5,2023-07|2023-11|2024-06
0.0,4,CPI m/m|Core CPI m/m|Core PPI m/m|FOMC,Bad|Neutral|Good|Neutral,1,1,0,100.0,0.0,inf,2023-12
0.0,4,CPI m/m|Core CPI m/m|Core PPI m/m|FOMC,Good|Good|Bad|Neutral,1,0,1,0.0,100.0,0.0,2024-07
0.0,4,CPI m/m|Core CPI m/m|Core PPI m/m|FOMC,Neutral|Bad|Bad|Good,1,1,0,100.0,0.0,inf,2024-09
0.0,4,CPI m/m|Core CPI m/m|Core PPI m/m|FOMC,Neutral|Neutral|Neutral|Neutral,2,1,1,50.0,50.0,1.0,2024-11|2024-12
0.0,4,CPI m/m|Core CPI m/m|Core PPI m/m|FOMC,Neutral|Good|Good|Neutral,1,1,0,100.0,0.0,inf,2025-01
0.1,4,CPI m/m|Core CPI m/m|Core PPI m/m|FOMC,Neutral|Neutral|Good|Neutral,5,3,2,60.0,40.0,1.5,2023-03|2023-11|2023-12|2024-06|2025-01
0.1,4,CPI m/m|Core CPI m/m|Core PPI m/m|FOMC,Neutral|Bad|Neutral|Neutral,1,1,0,100.0,0.0,inf,2023-05
0.1,4,CPI m/m|Core CPI m/m|Core PPI m/m|FOMC,Neutral|Neutral|Neutral|Neutral,5,3,2,60.0,40.0,1.5,2023-06|2023-07|2023-09|2024-11|2024-12
0.1,4,CPI m/m|Core CPI m/m|Core PPI m/m|FOMC,Good|Neutral|Bad|Neutral,1,0,1,0.0,100.0,0.0,2024-07
0.1,4,CPI m/m|Core CPI m/m|Core PPI m/m|FOMC,Neutral|Neutral|Neutral|Good,1,1,0,100.0,0.0,inf,2024-09
0.2,4,CPI m/m|Core CPI m/m|Core PPI m/m|FOMC,Neutral|Neutral|Good|Neutral,3,1,2,33.3,66.7,0.5,2023-03|2023-11|2024-06
0.2,4,CPI m/m|Core CPI m/m|Core PPI m/m|FOMC,Neutral|Neutral|Neutral|Neutral,9,6,3,66.7,33.3,2.0,2023-05|2023-06|2023-07|2023-09|2023-12|2024-07|2024-11|2024-12|2025-01
0.2,4,CPI m/m|Core CPI m/m|Core PPI m/m|FOMC,Neutral|Neutral|Neutral|Good,1,1,0,100.0,0.0,inf,2024-09
0.3,4,CPI m/m|Core CPI m/m|Core PPI m/m|FOMC,Neutral|Neutral|Good|Neutral,1,1,0,100.0,0.0,inf,2023-03
0.3,4,CPI m/m|Core CPI m/m|Core PPI m/m|FOMC,Neutral|Neutral|Neutral|Neutral,12,7,5,58.3,41.7,1.4,2023-05|2023-06|2023-07|2023-09|2023-11|2023-12|2024-06|2024-07|2024-09|2024-11|2024-12|2025-01
0.0,4,CPI m/m|Core CPI m/m|Core PPI m/m|CPI y/y,Bad|Bad|Bad|Bad,7,4,3,57.1,42.9,1.33,2020-09|2021-04|2021-05|2021-06|2021-07|2022-02|2022-09
0.0,4,CPI m/m|Core CPI m/m|Core PPI m/m|CPI y/y,Bad|Bad|Good|Neutral,1,1,0,100.0,0.0,inf,2020-12
0.0,4,CPI m/m|Core CPI m/m|Core PPI m/m|CPI y/y,Neutral|Neutral|Neutral|Neutral,4,3,1,75.0,25.0,3.0,2021-01|2023-01|2024-11|2024-12
0.0,4,CPI m/m|Core CPI m/m|Core PPI m/m|CPI y/y,Neutral|Good|Bad|Neutral,2,1,1,50.0,50.0,1.0,2021-02|2026-01
0.0,4,CPI m/m|Core CPI m/m|Core PPI m/m|CPI y/y,Neutral|Good|Neutral|Neutral,1,0,1,0.0,100.0,0.0,2021-03
0.0,4,CPI m/m|Core CPI m/m|Core PPI m/m|CPI y/y,Neutral|Good|Bad|Bad,2,2,0,100.0,0.0,inf,2021-08|2022-04
0.0,4,CPI m/m|Core CPI m/m|Core PPI m/m|CPI y/y,Good|Good|Bad|Neutral,1,1,0,100.0,0.0,inf,2021-09
0.0,4,CPI m/m|Core CPI m/m|Core PPI m/m|CPI y/y,Bad|Neutral|Good|Bad,2,1,1,50.0,50.0,1.0,2021-10|2024-01
0.0,4,CPI m/m|Core CPI m/m|Core PPI m/m|CPI y/y,Bad|Bad|Good|Bad,4,3,1,75.0,25.0,3.0,2021-11|2022-05|2022-06|2022-07
0.0,4,CPI m/m|Core CPI m/m|Core PPI m/m|CPI y/y,Bad|Neutral|Bad|Neutral,1,1,0,100.0,0.0,inf,2021-12
0.0,4,CPI m/m|Core CPI m/m|Core PPI m/m|CPI y/y,Bad|Bad|Neutral|Neutral,1,1,0,100.0,0.0,inf,2022-01
0.0,4,CPI m/m|Core CPI m/m|Core PPI m/m|CPI y/y,Neutral|Neutral|Good|Neutral,1,1,0,100.0,0.0,inf,2022-03
0.0,4,CPI m/m|Core CPI m/m|Core PPI m/m|CPI y/y,Good|Good|Good|Good,9,6,3,66.7,33.3,2.0,2022-08|2022-11|2023-07|2023-11|2024-06|2025-03|2025-04|2025-05|2025-06
0.0,4,CPI m/m|Core CPI m/m|Core PPI m/m|CPI y/y,Bad|Bad|Neutral|Bad,3,1,2,33.3,66.7,0.5,2022-10|2024-04|2025-02
0.0,4,CPI m/m|Core CPI m/m|Core PPI m/m|CPI y/y,Neutral|Neutral|Bad|Bad,1,0,1,0.0,100.0,0.0,2023-02
0.0,4,CPI m/m|Core CPI m/m|Core PPI m/m|CPI y/y,Neutral|Bad|Good|Neutral,1,1,0,100.0,0.0,inf,2023-03
0.0,4,CPI m/m|Core CPI m/m|Core PPI m/m|CPI y/y,Good|Neutral|Good|Good,1,1,0,100.0,0.0,inf,2023-04
0.0,4,CPI m/m|Core CPI m/m|Core PPI m/m|CPI y/y,Neutral|Bad|Neutral|Good,1,1,0,100.0,0.0,inf,2023-05
0.0,4,CPI m/m|Core CPI m/m|Core PPI m/m|CPI y/y,Good|Neutral|Neutral|Good,1,0,1,0.0,100.0,0.0,2023-06
0.0,4,CPI m/m|Core CPI m/m|Core PPI m/m|CPI y/y,Neutral|Neutral|Bad|Good,2,1,1,50.0,50.0,1.0,2023-08|2025-08
0.0,4,CPI m/m|Core CPI m/m|Core PPI m/m|CPI y/y,Neutral|Bad|Neutral|Bad,1,1,0,100.0,0.0,inf,2023-09
0.0,4,CPI m/m|Core CPI m/m|Core PPI m/m|CPI y/y,Bad|Neutral|Bad|Bad,1,0,1,0.0,100.0,0.0,2023-10
0.0,4,CPI m/m|Core CPI m/m|Core PPI m/m|CPI y/y,Bad|Neutral|Good|Neutral,2,2,0,100.0,0.0,inf,2023-12|2025-09
0.0,4,CPI m/m|Core CPI m/m|Core PPI m/m|CPI y/y,Neutral|Bad|Bad|Bad,1,1,0,100.0,0.0,inf,2024-03
0.0,4,CPI m/m|Core CPI m/m|Core PPI m/m|CPI y/y,Good|Neutral|Bad|Neutral,1,1,0,100.0,0.0,inf,2024-05
0.0,4,CPI m/m|Core CPI m/m|Core PPI m/m|CPI y/y,Good|Good|Bad|Good,1,0,1,0.0,100.0,0.0,2024-07
0.0,4,CPI m/m|Core CPI m/m|Core PPI m/m|CPI y/y,Neutral|Neutral|Good|Good,1,1,0,100.0,0.0,inf,2024-08
0.0,4,CPI m/m|Core CPI m/m|Core PPI m/m|CPI y/y,Neutral|Bad|Bad|Neutral,1,1,0,100.0,0.0,inf,2024-09
0.0,4,CPI m/m|Core CPI m/m|Core PPI m/m|CPI y/y,Neutral|Good|Good|Neutral,1,1,0,100.0,0.0,inf,2025-01
0.0,4,CPI m/m|Core CPI m/m|Core PPI m/m|CPI y/y,Neutral|Good|Good|Bad,1,0,1,0.0,100.0,0.0,2025-07
0.1,4,CPI m/m|Core CPI m/m|Core PPI m/m|CPI y/y,Bad|Bad|Bad|Bad,5,3,2,60.0,40.0,1.5,2020-09|2021-05|2021-06|2021-07|2022-09
0.1,4,CPI m/m|Core CPI m/m|Core PPI m/m|CPI y/y,Neutral|Neutral|Neutral|Neutral,10,6,4,60.0,40.0,1.5,2020-12|2021-01|2021-03|2022-01|2023-01|2023-06|2023-08|2024-09|2024-11|2024-12
0.1,4,CPI m/m|Core CPI m/m|Core PPI m/m|CPI y/y,Neutral|Good|Bad|Neutral,2,2,0,100.0,0.0,inf,2021-02|2022-04
0.1,4,CPI m/m|Core CPI m/m|Core PPI m/m|CPI y/y,Neutral|Neutral|Bad|Bad,2,1,1,50.0,50.0,1.0,2021-04|2023-02
0.1,4,CPI m/m|Core CPI m/m|Core PPI m/m|CPI y/y,Neutral|Good|Bad|Bad,1,1,0,100.0,0.0,inf,2021-08
0.1,4,CPI m/m|Core CPI m/m|Core PPI m/m|CPI y/y,Good|Good|Neutral|Neutral,1,1,0,100.0,0.0,inf,2021-09
0.1,4,CPI m/m|Core CPI m/m|Core PPI m/m|CPI y/y,Bad|Neutral|Good|Bad,1,1,0,100.0,0.0,inf,2021-10
0.1,4,CPI m/m|Core CPI m/m|Core PPI m/m|CPI y/y,Bad|Bad|Neutral|Bad,4,2,2,50.0,50.0,1.0,2021-11|2022-07|2024-04|2025-02
0.1,4,CPI m/m|Core CPI m/m|Core PPI m/m|CPI y/y,Bad|Neutral|Bad|Neutral,1,1,0,100.0,0.0,inf,2021-12
0.1,4,CPI m/m|Core CPI m/m|Core PPI m/m|CPI y/y,Bad|Neutral|Bad|Bad,1,0,1,0.0,100.0,0.0,2022-02
0.1,4,CPI m/m|Core CPI m/m|Core PPI m/m|CPI y/y,Neutral|Neutral|Good|Neutral,6,5,1,83.3,16.7,5.0,2022-03|2023-03|2023-04|2023-11|2023-12|2025-01
0.1,4,CPI m/m|Core CPI m/m|Core PPI m/m|CPI y/y,Neutral|Bad|Good|Bad,1,1,0,100.0,0.0,inf,2022-05
0.1,4,CPI m/m|Core CPI m/m|Core PPI m/m|CPI y/y,Bad|Neutral|Neutral|Bad,2,1,1,50.0,50.0,1.0,2022-06|2023-10
0.1,4,CPI m/m|Core CPI m/m|Core PPI m/m|CPI y/y,Good|Good|Good|Good,3,3,0,100.0,0.0,inf,2022-08|2022-11|2025-04
0.1,4,CPI m/m|Core CPI m/m|Core PPI m/m|CPI y/y,Bad|Bad|Neutral|Neutral,1,0,1,0.0,100.0,0.0,2022-10
0.1,4,CPI m/m|Core CPI m/m|Core PPI m/m|CPI y/y,Neutral|Bad|Neutral|Neutral,1,1,0,100.0,0.0,inf,2023-05
0.1,4,CPI m/m|Core CPI m/m|Core PPI m/m|CPI y/y,Neutral|Neutral|Neutral|Good,1,1,0,100.0,0.0,inf,2023-07
0.1,4,CPI m/m|Core CPI m/m|Core PPI m/m|CPI y/y,Neutral|Neutral|Neutral|Bad,1,1,0,100.0,0.0,inf,2023-09
0.1,4,CPI m/m|Core CPI m/m|Core PPI m/m|CPI y/y,Neutral|Neutral|Good|Bad,2,0,2,0.0,100.0,0.0,2024-01|2025-07
0.1,4,CPI m/m|Core CPI m/m|Core PPI m/m|CPI y/y,Neutral|Bad|Neutral|Bad,1,1,0,100.0,0.0,inf,2024-03
0.1,4,CPI m/m|Core CPI m/m|Core PPI m/m|CPI y/y,Good|Neutral|Bad|Neutral,1,1,0,100.0,0.0,inf,2024-05
0.1,4,CPI m/m|Core CPI m/m|Core PPI m/m|CPI y/y,Neutral|Neutral|Good|Good,4,3,1,75.0,25.0,3.0,2024-06|2024-08|2025-03|2025-05
0.1,4,CPI m/m|Core CPI m/m|Core PPI m/m|CPI y/y,Good|Neutral|Bad|Good,1,0,1,0.0,100.0,0.0,2024-07
0.1,4,CPI m/m|Core CPI m/m|Core PPI m/m|CPI y/y,Neutral|Good|Good|Good,1,0,1,0.0,100.0,0.0,2025-06
0.1,4,CPI m/m|Core CPI m/m|Core PPI m/m|CPI y/y,Neutral|Neutral|Bad|Neutral,2,1,1,50.0,50.0,1.0,2025-08|2026-01
0.1,4,CPI m/m|Core CPI m/m|Core PPI m/m|CPI y/y,Bad|Neutral|Good|Neutral,1,1,0,100.0,0.0,inf,2025-09
0.2,4,CPI m/m|Core CPI m/m|Core PPI m/m|CPI y/y,Neutral|Neutral|Neutral|Neutral,29,17,12,58.6,41.4,1.42,2020-09|2020-12|2021-01|2021-03|2021-09|2022-01|2022-08|2022-10|2023-01|2023-05|2023-06|2023-07|2023-08|2023-09|2023-10|2023-12|2024-01|2024-03|2024-04|2024-07|2024-08|2024-09|2024-11|2024-12|2025-01|2025-02|2025-06|2025-07|2026-01
0.2,4,CPI m/m|Core CPI m/m|Core PPI m/m|CPI y/y,Neutral|Neutral|Bad|Neutral,7,7,0,100.0,0.0,inf,2021-02|2021-04|2021-08|2021-12|2022-04|2024-05|2025-08
0.2,4,CPI m/m|Core CPI m/m|Core PPI m/m|CPI y/y,Bad|Bad|Bad|Bad,2,1,1,50.0,50.0,1.0,2021-05|2021-07
0.2,4,CPI m/m|Core CPI m/m|Core PPI m/m|CPI y/y,Neutral|Neutral|Neutral|Bad,4,1,3,25.0,75.0,0.33,2021-06|2022-05|2022-07|2023-02
0.2,4,CPI m/m|Core CPI m/m|Core PPI m/m|CPI y/y,Neutral|Neutral|Good|Neutral,10,8,2,80.0,20.0,4.0,2021-10|2022-03|2023-03|2023-04|2023-11|2024-06|2025-03|2025-04|2025-05|2025-09
0.2,4,CPI m/m|Core CPI m/m|Core PPI m/m|CPI y/y,Bad|Neutral|Neutral|Bad,2,2,0,100.0,0.0,inf,2021-11|2022-06
0.2,4,CPI m/m|Core CPI m/m|Core PPI m/m|CPI y/y,Neutral|Neutral|Bad|Bad,1,0,1,0.0,100.0,0.0,2022-02
0.2,4,CPI m/m|Core CPI m/m|Core PPI m/m|CPI y/y,Neutral|Bad|Neutral|Bad,1,1,0,100.0,0.0,inf,2022-09
0.2,4,CPI m/m|Core CPI m/m|Core PPI m/m|CPI y/y,Neutral|Neutral|Good|Good,1,1,0,100.0,0.0,inf,2022-11
0.3,4,CPI m/m|Core CPI m/m|Core PPI m/m|CPI y/y,Neutral|Neutral|Neutral|Neutral,39,23,16,59.0,41.0,1.44,2020-09|2020-12|2021-01|2021-03|2021-06|2021-09|2021-10|2021-12|2022-01|2022-05|2022-08|2022-09|2022-10|2022-11|2023-01|2023-02|2023-05|2023-06|2023-07|2023-08|2023-09|2023-10|2023-11|2023-12|2024-01|2024-03|2024-04|2024-05|2024-06|2024-07|2024-08|2024-09|2024-11|2024-12|2025-01|2025-02|2025-06|2025-07|2026-01
0.3,4,CPI m/m|Core CPI m/m|Core PPI m/m|CPI y/y,Neutral|Neutral|Bad|Neutral,6,5,1,83.3,16.7,5.0,2021-02|2021-04|2021-08|2022-02|2022-04|2025-08
0.3,4,CPI m/m|Core CPI m/m|Core PPI m/m|CPI y/y,Bad|Bad|Neutral|Bad,1,0,1,0.0,100.0,0.0,2021-05
0.3,4,CPI m/m|Core CPI m/m|Core PPI m/m|CPI y/y,Bad|Bad|Bad|Bad,1,1,0,100.0,0.0,inf,2021-07
0.3,4,CPI m/m|Core CPI m/m|Core PPI m/m|CPI y/y,Bad|Neutral|Neutral|Neutral,2,2,0,100.0,0.0,inf,2021-11|2022-06
0.3,4,CPI m/m|Core CPI m/m|Core PPI m/m|CPI y/y,Neutral|Neutral|Good|Neutral,7,7,0,100.0,0.0,inf,2022-03|2023-03|2023-04|2025-03|2025-04|2025-05|2025-09
0.3,4,CPI m/m|Core CPI m/m|Core PPI m/m|CPI y/y,Neutral|Neutral|Neutral|Bad,1,0,1,0.0,100.0,0.0,2022-07
0.0,4,CPI m/m|Core CPI m/m|FOMC|CPI y/y,Neutral|Bad|Neutral|Neutral,1,1,0,100.0,0.0,inf,2023-03
0.0,4,CPI m/m|Core CPI m/m|FOMC|CPI y/y,Neutral|Bad|Neutral|Good,1,1,0,100.0,0.0,inf,2023-05
0.0,4,CPI m/m|Core CPI m/m|FOMC|CPI y/y,Good|Neutral|Neutral|Good,1,0,1,0.0,100.0,0.0,2023-06
0.0,4,CPI m/m|Core CPI m/m|FOMC|CPI y/y,Good|Good|Neutral|Good,4,1,3,25.0,75.0,0.33,2023-07|2023-11|2024-06|2024-07
0.0,4,CPI m/m|Core CPI m/m|FOMC|CPI y/y,Neutral|Bad|Neutral|Bad,1,1,0,100.0,0.0,inf,2023-09
0.0,4,CPI m/m|Core CPI m/m|FOMC|CPI y/y,Bad|Neutral|Neutral|Neutral,1,1,0,100.0,0.0,inf,2023-12
0.0,4,CPI m/m|Core CPI m/m|FOMC|CPI y/y,Neutral|Bad|Good|Neutral,1,1,0,100.0,0.0,inf,2024-09
0.0,4,CPI m/m|Core CPI m/m|FOMC|CPI y/y,Neutral|Neutral|Neutral|Neutral,2,1,1,50.0,50.0,1.0,2024-11|2024-12
0.0,4,CPI m/m|Core CPI m/m|FOMC|CPI y/y,Neutral|Good|Neutral|Neutral,1,1,0,100.0,0.0,inf,2025-01
0.1,4,CPI m/m|Core CPI m/m|FOMC|CPI y/y,Neutral|Neutral|Neutral|Neutral,7,4,3,57.1,42.9,1.33,2023-03|2023-06|2023-11|2023-12|2024-11|2024-12|2025-01
0.1,4,CPI m/m|Core CPI m/m|FOMC|CPI y/y,Neutral|Bad|Neutral|Neutral,1,1,0,100.0,0.0,inf,2023-05
0.1,4,CPI m/m|Core CPI m/m|FOMC|CPI y/y,Neutral|Neutral|Neutral|Good,2,1,1,50.0,50.0,1.0,2023-07|2024-06
0.1,4,CPI m/m|Core CPI m/m|FOMC|CPI y/y,Neutral|Neutral|Neutral|Bad,1,1,0,100.0,0.0,inf,2023-09
0.1,4,CPI m/m|Core CPI m/m|FOMC|CPI y/y,Good|Neutral|Neutral|Good,1,0,1,0.0,100.0,0.0,2024-07
0.1,4,CPI m/m|Core CPI m/m|FOMC|CPI y/y,Neutral|Neutral|Good|Neutral,1,1,0,100.0,0.0,inf,2024-09
0.2,4,CPI m/m|Core CPI m/m|FOMC|CPI y/y,Neutral|Neutral|Neutral|Neutral,12,7,5,58.3,41.7,1.4,2023-03|2023-05|2023-06|2023-07|2023-09|2023-11|2023-12|2024-06|2024-07|2024-11|2024-12|2025-01
0.2,4,CPI m/m|Core CPI m/m|FOMC|CPI y/y,Neutral|Neutral|Good|Neutral,1,1,0,100.0,0.0,inf,2024-09
0.3,4,CPI m/m|Core CPI m/m|FOMC|CPI y/y,Neutral|Neutral|Neutral|Neutral,13,8,5,61.5,38.5,1.6,2023-03|2023-05|2023-06|2023-07|2023-09|2023-11|2023-12|2024-06|2024-07|2024-09|2024-11|2024-12|2025-01
0.0,4,CPI m/m|PPI m/m|Core PPI m/m|FOMC,Neutral|Good|Good|Neutral,2,2,0,100.0,0.0,inf,2023-03|2025-01
0.0,4,CPI m/m|PPI m/m|Core PPI m/m|FOMC,Neutral|Good|Neutral|Neutral,1,1,0,100.0,0.0,inf,2023-05
0.0,4,CPI m/m|PPI m/m|Core PPI m/m|FOMC,Good|Good|Neutral|Neutral,1,0,1,0.0,100.0,0.0,2023-06
0.0,4,CPI m/m|PPI m/m|Core PPI m/m|FOMC,Good|Good|Good|Neutral,3,1,2,33.3,66.7,0.5,2023-07|2023-11|2024-06
0.0,4,CPI m/m|PPI m/m|Core PPI m/m|FOMC,Neutral|Bad|Neutral|Neutral,2,1,1,50.0,50.0,1.0,2023-09|2024-12
0.0,4,CPI m/m|PPI m/m|Core PPI m/m|FOMC,Bad|Neutral|Good|Neutral,1,1,0,100.0,0.0,inf,2023-12
0.0,4,CPI m/m|PPI m/m|Core PPI m/m|FOMC,Good|Bad|Bad|Neutral,1,0,1,0.0,100.0,0.0,2024-07
0.0,4,CPI m/m|PPI m/m|Core PPI m/m|FOMC,Neutral|Bad|Bad|Good,1,1,0,100.0,0.0,inf,2024-09
0.0,4,CPI m/m|PPI m/m|Core PPI m/m|FOMC,Neutral|Neutral|Neutral|Neutral,1,1,0,100.0,0.0,inf,2024-11
0.1,4,CPI m/m|PPI m/m|Core PPI m/m|FOMC,Neutral|Good|Good|Neutral,4,2,2,50.0,50.0,1.0,2023-03|2023-11|2024-06|2025-01
0.1,4,CPI m/m|PPI m/m|Core PPI m/m|FOMC,Neutral|Neutral|Neutral|Neutral,3,3,0,100.0,0.0,inf,2023-05|2023-07|2024-11
0.1,4,CPI m/m|PPI m/m|Core PPI m/m|FOMC,Neutral|Good|Neutral|Neutral,1,0,1,0.0,100.0,0.0,2023-06
0.1,4,CPI m/m|PPI m/m|Core PPI m/m|FOMC,Neutral|Bad|Neutral|Neutral,2,1,1,50.0,50.0,1.0,2023-09|2024-12
0.1,4,CPI m/m|PPI m/m|Core PPI m/m|FOMC,Neutral|Neutral|Good|Neutral,1,1,0,100.0,0.0,inf,2023-12
0.1,4,CPI m/m|PPI m/m|Core PPI m/m|FOMC,Good|Neutral|Bad|Neutral,1,0,1,0.0,100.0,0.0,2024-07
0.1,4,CPI m/m|PPI m/m|Core PPI m/m|FOMC,Neutral|Neutral|Neutral|Good,1,1,0,100.0,0.0,inf,2024-09
0.2,4,CPI m/m|PPI m/m|Core PPI m/m|FOMC,Neutral|Good|Good|Neutral,3,1,2,33.3,66.7,0.5,2023-03|2023-11|2024-06
0.2,4,CPI m/m|PPI m/m|Core PPI m/m|FOMC,Neutral|Neutral|Neutral|Neutral,8,5,3,62.5,37.5,1.67,2023-05|2023-06|2023-07|2023-12|2024-07|2024-11|2024-12|2025-01
0.2,4,CPI m/m|PPI m/m|Core PPI m/m|FOMC,Neutral|Bad|Neutral|Neutral,1,1,0,100.0,0.0,inf,2023-09
0.2,4,CPI m/m|PPI m/m|Core PPI m/m|FOMC,Neutral|Neutral|Neutral|Good,1,1,0,100.0,0.0,inf,2024-09
0.3,4,CPI m/m|PPI m/m|Core PPI m/m|FOMC,Neutral|Good|Good|Neutral,1,1,0,100.0,0.0,inf,2023-03
0.3,4,CPI m/m|PPI m/m|Core PPI m/m|FOMC,Neutral|Neutral|Neutral|Neutral,10,7,3,70.0,30.0,2.33,2023-05|2023-06|2023-07|2023-09|2023-12|2024-07|2024-09|2024-11|2024-12|2025-01
0.3,4,CPI m/m|PPI m/m|Core PPI m/m|FOMC,Neutral|Good|Neutral|Neutral,2,0,2,0.0,100.0,0.0,2023-11|2024-06
0.0,4,CPI m/m|PPI m/m|Core PPI m/m|CPI y/y,Bad|Bad|Bad|Bad,7,3,4,42.9,57.1,0.75,2020-09|2021-04|2021-05|2021-06|2021-07|2022-02|2023-10
0.0,4,CPI m/m|PPI m/m|Core PPI m/m|CPI y/y,Bad|Neutral|Good|Neutral,2,2,0,100.0,0.0,inf,2020-12|2023-12
0.0,4,CPI m/m|PPI m/m|Core PPI m/m|CPI y/y,Neutral|Good|Neutral|Neutral,2,2,0,100.0,0.0,inf,2021-01|2023-01
0.0,4,CPI m/m|PPI m/m|Core PPI m/m|CPI y/y,Neutral|Bad|Bad|Neutral,3,2,1,66.7,33.3,2.0,2021-02|2024-09|2026-01
0.0,4,CPI m/m|PPI m/m|Core PPI m/m|CPI y/y,Neutral|Bad|Neutral|Neutral,2,0,2,0.0,100.0,0.0,2021-03|2024-12
0.0,4,CPI m/m|PPI m/m|Core PPI m/m|CPI y/y,Neutral|Bad|Bad|Bad,4,3,1,75.0,25.0,3.0,2021-08|2022-04|2023-02|2024-03
0.0,4,CPI m/m|PPI m/m|Core PPI m/m|CPI y/y,Good|Bad|Bad|Neutral,2,2,0,100.0,0.0,inf,2021-09|2024-05
0.0,4,CPI m/m|PPI m/m|Core PPI m/m|CPI y/y,Bad|Good|Good|Bad,2,1,1,50.0,50.0,1.0,2021-10|2024-01
0.0,4,CPI m/m|PPI m/m|Core PPI m/m|CPI y/y,Bad|Neutral|Good|Bad,3,3,0,100.0,0.0,inf,2021-11|2022-05|2022-06
0.0,4,CPI m/m|PPI m/m|Core PPI m/m|CPI y/y,Bad|Bad|Bad|Neutral,1,1,0,100.0,0.0,inf,2021-12
0.0,4,CPI m/m|PPI m/m|Core PPI m/m|CPI y/y,Bad|Good|Neutral|Neutral,1,1,0,100.0,0.0,inf,2022-01
0.0,4,CPI m/m|PPI m/m|Core PPI m/m|CPI y/y,Neutral|Good|Good|Neutral,3,3,0,100.0,0.0,inf,2022-03|2023-03|2025-01
0.0,4,CPI m/m|PPI m/m|Core PPI m/m|CPI y/y,Bad|Bad|Good|Bad,1,0,1,0.0,100.0,0.0,2022-07
0.0,4,CPI m/m|PPI m/m|Core PPI m/m|CPI y/y,Good|Good|Good|Good,10,7,3,70.0,30.0,2.33,2022-08|2022-11|2023-04|2023-07|2023-11|2024-06|2025-03|2025-04|2025-05|2025-06
0.0,4,CPI m/m|PPI m/m|Core PPI m/m|CPI y/y,Bad|Neutral|Bad|Bad,1,1,0,100.0,0.0,inf,2022-09
0.0,4,CPI m/m|PPI m/m|Core PPI m/m|CPI y/y,Bad|Bad|Neutral|Bad,2,0,2,0.0,100.0,0.0,2022-10|2025-02
0.0,4,CPI m/m|PPI m/m|Core PPI m/m|CPI y/y,Neutral|Good|Neutral|Good,1,1,0,100.0,0.0,inf,2023-05
0.0,4,CPI m/m|PPI m/m|Core PPI m/m|CPI y/y,Good|Good|Neutral|Good,1,0,1,0.0,100.0,0.0,2023-06
0.0,4,CPI m/m|PPI m/m|Core PPI m/m|CPI y/y,Neutral|Bad|Bad|Good,2,1,1,50.0,50.0,1.0,2023-08|2025-08
0.0,4,CPI m/m|PPI m/m|Core PPI m/m|CPI y/y,Neutral|Bad|Neutral|Bad,1,1,0,100.0,0.0,inf,2023-09
0.0,4,CPI m/m|PPI m/m|Core PPI m/m|CPI y/y,Bad|Good|Neutral|Bad,1,1,0,100.0,0.0,inf,2024-04
0.0,4,CPI m/m|PPI m/m|Core PPI m/m|CPI y/y,Good|Bad|Bad|Good,1,0,1,0.0,100.0,0.0,2024-07
0.0,4,CPI m/m|PPI m/m|Core PPI m/m|CPI y/y,Neutral|Good|Good|Good,1,1,0,100.0,0.0,inf,2024-08
0.0,4,CPI m/m|PPI m/m|Core PPI m/m|CPI y/y,Neutral|Neutral|Neutral|Neutral,1,1,0,100.0,0.0,inf,2024-11
0.0,4,CPI m/m|PPI m/m|Core PPI m/m|CPI y/y,Neutral|Good|Good|Bad,1,0,1,0.0,100.0,0.0,2025-07
0.0,4,CPI m/m|PPI m/m|Core PPI m/m|CPI y/y,Bad|Good|Good|Neutral,1,1,0,100.0,0.0,inf,2025-09
0.1,4,CPI m/m|PPI m/m|Core PPI m/m|CPI y/y,Bad|Neutral|Bad|Bad,2,2,0,100.0,0.0,inf,2020-09|2022-09
0.1,4,CPI m/m|PPI m/m|Core PPI m/m|CPI y/y,Neutral|Neutral|Neutral|Neutral,6,4,2,66.7,33.3,2.0,2020-12|2021-03|2023-05|2023-08|2024-09|2024-11
0.1,4,CPI m/m|PPI m/m|Core PPI m/m|CPI y/y,Neutral|Good|Neutral|Neutral,4,3,1,75.0,25.0,3.0,2021-01|2022-01|2023-01|2023-06
0.1,4,CPI m/m|PPI m/m|Core PPI m/m|CPI y/y,Neutral|Bad|Bad|Neutral,4,3,1,75.0,25.0,3.0,2021-02|2022-04|2025-08|2026-01
0.1,4,CPI m/m|PPI m/m|Core PPI m/m|CPI y/y,Neutral|Bad|Bad|Bad,3,2,1,66.7,33.3,2.0,2021-04|2021-08|2023-02
0.1,4,CPI m/m|PPI m/m|Core PPI m/m|CPI y/y,Bad|Bad|Bad|Bad,4,1,3,25.0,75.0,0.33,2021-05|2021-06|2021-07|2022-02
0.1,4,CPI m/m|PPI m/m|Core PPI m/m|CPI y/y,Good|Neutral|Neutral|Neutral,1,1,0,100.0,0.0,inf,2021-09
0.1,4,CPI m/m|PPI m/m|Core PPI m/m|CPI y/y,Bad|Neutral|Good|Bad,1,1,0,100.0,0.0,inf,2021-10
0.1,4,CPI m/m|PPI m/m|Core PPI m/m|CPI y/y,Bad|Neutral|Neutral|Bad,3,3,0,100.0,0.0,inf,2021-11|2022-06|2024-04
0.1,4,CPI m/m|PPI m/m|Core PPI m/m|CPI y/y,Bad|Bad|Bad|Neutral,1,1,0,100.0,0.0,inf,2021-12
0.1,4,CPI m/m|PPI m/m|Core PPI m/m|CPI y/y,Neutral|Good|Good|Neutral,5,4,1,80.0,20.0,4.0,2022-03|2023-03|2023-04|2023-11|2025-01
0.1,4,CPI m/m|PPI m/m|Core PPI m/m|CPI y/y,Neutral|Neutral|Good|Bad,1,1,0,100.0,0.0,inf,2022-05
0.1,4,CPI m/m|PPI m/m|Core PPI m/m|CPI y/y,Bad|Bad|Neutral|Bad,3,0,3,0.0,100.0,0.0,2022-07|2023-10|2025-02
0.1,4,CPI m/m|PPI m/m|Core PPI m/m|CPI y/y,Good|Good|Good|Good,3,3,0,100.0,0.0,inf,2022-08|2022-11|2025-04
0.1,4,CPI m/m|PPI m/m|Core PPI m/m|CPI y/y,Bad|Bad|Neutral|Neutral,1,0,1,0.0,100.0,0.0,2022-10
0.1,4,CPI m/m|PPI m/m|Core PPI m/m|CPI y/y,Neutral|Neutral|Neutral|Good,1,1,0,100.0,0.0,inf,2023-07
0.1,4,CPI m/m|PPI m/m|Core PPI m/m|CPI y/y,Neutral|Bad|Neutral|Bad,2,2,0,100.0,0.0,inf,2023-09|2024-03
0.1,4,CPI m/m|PPI m/m|Core PPI m/m|CPI y/y,Neutral|Neutral|Good|Neutral,1,1,0,100.0,0.0,inf,2023-12
0.1,4,CPI m/m|PPI m/m|Core PPI m/m|CPI y/y,Neutral|Good|Good|Bad,2,0,2,0.0,100.0,0.0,2024-01|2025-07
0.1,4,CPI m/m|PPI m/m|Core PPI m/m|CPI y/y,Good|Bad|Bad|Neutral,1,1,0,100.0,0.0,inf,2024-05
0.1,4,CPI m/m|PPI m/m|Core PPI m/m|CPI y/y,Neutral|Good|Good|Good,3,2,1,66.7,33.3,2.0,2024-06|2025-03|2025-05
0.1,4,CPI m/m|PPI m/m|Core PPI m/m|CPI y/y,Good|Neutral|Bad|Good,1,0,1,0.0,100.0,0.0,2024-07
0.1,4,CPI m/m|PPI m/m|Core PPI m/m|CPI y/y,Neutral|Neutral|Good|Good,2,1,1,50.0,50.0,1.0,2024-08|2025-06
0.1,4,CPI m/m|PPI m/m|Core PPI m/m|CPI y/y,Neutral|Bad|Neutral|Neutral,1,0,1,0.0,100.0,0.0,2024-12
0.1,4,CPI m/m|PPI m/m|Core PPI m/m|CPI y/y,Bad|Good|Good|Neutral,1,1,0,100.0,0.0,inf,2025-09
0.2,4,CPI m/m|PPI m/m|Core PPI m/m|CPI y/y,Neutral|Neutral|Neutral|Neutral,25,13,12,52.0,48.0,1.08,2020-09|2020-12|2021-01|2021-03|2021-09|2022-01|2022-10|2023-05|2023-06|2023-07|2023-08|2023-10|2023-12|2024-01|2024-04|2024-07|2024-08|2024-09|2024-11|2024-12|2025-01|2025-02|2025-06|2025-07|2026-01
0.2,4,CPI m/m|PPI m/m|Core PPI m/m|CPI y/y,Neutral|Bad|Bad|Neutral,6,6,0,100.0,0.0,inf,2021-02|2021-04|2021-08|2021-12|2022-04|2025-08
0.2,4,CPI m/m|PPI m/m|Core PPI m/m|CPI y/y,Bad|Bad|Bad|Bad,2,1,1,50.0,50.0,1.0,2021-05|2021-07
0.2,4,CPI m/m|PPI m/m|Core PPI m/m|CPI y/y,Neutral|Bad|Neutral|Bad,3,0,3,0.0,100.0,0.0,2021-06|2022-07|2023-02
0.2,4,CPI m/m|PPI m/m|Core PPI m/m|CPI y/y,Neutral|Neutral|Good|Neutral,2,2,0,100.0,0.0,inf,2021-10|2022-03
0.2,4,CPI m/m|PPI m/m|Core PPI m/m|CPI y/y,Bad|Neutral|Neutral|Bad,2,2,0,100.0,0.0,inf,2021-11|2022-06
0.2,4,CPI m/m|PPI m/m|Core PPI m/m|CPI y/y,Neutral|Bad|Bad|Bad,1,0,1,0.0,100.0,0.0,2022-02
0.2,4,CPI m/m|PPI m/m|Core PPI m/m|CPI y/y,Neutral|Neutral|Neutral|Bad,2,2,0,100.0,0.0,inf,2022-05|2022-09
0.2,4,CPI m/m|PPI m/m|Core PPI m/m|CPI y/y,Neutral|Good|Neutral|Neutral,2,2,0,100.0,0.0,inf,2022-08|2023-01
0.2,4,CPI m/m|PPI m/m|Core PPI m/m|CPI y/y,Neutral|Neutral|Good|Good,1,1,0,100.0,0.0,inf,2022-11
0.2,4,CPI m/m|PPI m/m|Core PPI m/m|CPI y/y,Neutral|Good|Good|Neutral,8,6,2,75.0,25.0,3.0,2023-03|2023-04|2023-11|2024-06|2025-03|2025-04|2025-05|2025-09
0.2,4,CPI m/m|PPI m/m|Core PPI m/m|CPI y/y,Neutral|Bad|Neutral|Neutral,2,2,0,100.0,0.0,inf,2023-09|2024-03
0.2,4,CPI m/m|PPI m/m|Core PPI m/m|CPI y/y,Neutral|Neutral|Bad|Neutral,1,1,0,100.0,0.0,inf,2024-05
0.3,4,CPI m/m|PPI m/m|Core PPI m/m|CPI y/y,Neutral|Neutral|Neutral|Neutral,33,20,13,60.6,39.4,1.54,2020-09|2020-12|2021-01|2021-03|2021-09|2021-10|2022-01|2022-05|2022-09|2022-10|2022-11|2023-02|2023-05|2023-06|2023-07|2023-08|2023-09|2023-10|2023-12|2024-01|2024-03|2024-04|2024-05|2024-07|2024-08|2024-09|2024-11|2024-12|2025-01|2025-02|2025-06|2025-07|2026-01
0.3,4,CPI m/m|PPI m/m|Core PPI m/m|CPI y/y,Neutral|Bad|Bad|Neutral,5,4,1,80.0,20.0,4.0,2021-02|2021-04|2021-08|2022-02|2025-08
0.3,4,CPI m/m|PPI m/m|Core PPI m/m|CPI y/y,Bad|Neutral|Neutral|Bad,1,0,1,0.0,100.0,0.0,2021-05
0.3,4,CPI m/m|PPI m/m|Core PPI m/m|CPI y/y,Neutral|Bad|Neutral|Neutral,2,1,1,50.0,50.0,1.0,2021-06|2021-12
0.3,4,CPI m/m|PPI m/m|Core PPI m/m|CPI y/y,Bad|Bad|Bad|Bad,1,1,0,100.0,0.0,inf,2021-07
0.3,4,CPI m/m|PPI m/m|Core PPI m/m|CPI y/y,Bad|Neutral|Neutral|Neutral,2,2,0,100.0,0.0,inf,2021-11|2022-06
0.3,4,CPI m/m|PPI m/m|Core PPI m/m|CPI y/y,Neutral|Neutral|Good|Neutral,2,2,0,100.0,0.0,inf,2022-03|2025-03
0.3,4,CPI m/m|PPI m/m|Core PPI m/m|CPI y/y,Neutral|Neutral|Bad|Neutral,1,1,0,100.0,0.0,inf,2022-04
0.3,4,CPI m/m|PPI m/m|Core PPI m/m|CPI y/y,Neutral|Bad|Neutral|Bad,1,0,1,0.0,100.0,0.0,2022-07
0.3,4,CPI m/m|PPI m/m|Core PPI m/m|CPI y/y,Neutral|Good|Neutral|Neutral,4,2,2,50.0,50.0,1.0,2022-08|2023-01|2023-11|2024-06
0.3,4,CPI m/m|PPI m/m|Core PPI m/m|CPI y/y,Neutral|Good|Good|Neutral,5,5,0,100.0,0.0,inf,2023-03|2023-04|2025-04|2025-05|2025-09
0.0,4,CPI m/m|PPI m/m|FOMC|CPI y/y,Neutral|Good|Neutral|Neutral,2,2,0,100.0,0.0,inf,2023-03|2025-01
0.0,4,CPI m/m|PPI m/m|FOMC|CPI y/y,Neutral|Good|Neutral|Good,1,1,0,100.0,0.0,inf,2023-05
0.0,4,CPI m/m|PPI m/m|FOMC|CPI y/y,Good|Good|Neutral|Good,4,1,3,25.0,75.0,0.33,2023-06|2023-07|2023-11|2024-06
0.0,4,CPI m/m|PPI m/m|FOMC|CPI y/y,Neutral|Bad|Neutral|Bad,1,1,0,100.0,0.0,inf,2023-09
0.0,4,CPI m/m|PPI m/m|FOMC|CPI y/y,Bad|Neutral|Neutral|Neutral,1,1,0,100.0,0.0,inf,2023-12
0.0,4,CPI m/m|PPI m/m|FOMC|CPI y/y,Good|Bad|Neutral|Good,1,0,1,0.0,100.0,0.0,2024-07
0.0,4,CPI m/m|PPI m/m|FOMC|CPI y/y,Neutral|Bad|Good|Neutral,1,1,0,100.0,0.0,inf,2024-09
0.0,4,CPI m/m|PPI m/m|FOMC|CPI y/y,Neutral|Neutral|Neutral|Neutral,1,1,0,100.0,0.0,inf,2024-11
0.0,4,CPI m/m|PPI m/m|FOMC|CPI y/y,Neutral|Bad|Neutral|Neutral,1,0,1,0.0,100.0,0.0,2024-12
0.1,4,CPI m/m|PPI m/m|FOMC|CPI y/y,Neutral|Good|Neutral|Neutral,4,2,2,50.0,50.0,1.0,2023-03|2023-06|2023-11|2025-01
0.1,4,CPI m/m|PPI m/m|FOMC|CPI y/y,Neutral|Neutral|Neutral|Neutral,3,3,0,100.0,0.0,inf,2023-05|2023-12|2024-11
0.1,4,CPI m/m|PPI m/m|FOMC|CPI y/y,Neutral|Neutral|Neutral|Good,1,1,0,100.0,0.0,inf,2023-07
0.1,4,CPI m/m|PPI m/m|FOMC|CPI y/y,Neutral|Bad|Neutral|Bad,1,1,0,100.0,0.0,inf,2023-09
0.1,4,CPI m/m|PPI m/m|FOMC|CPI y/y,Neutral|Good|Neutral|Good,1,0,1,0.0,100.0,0.0,2024-06
0.1,4,CPI m/m|PPI m/m|FOMC|CPI y/y,Good|Neutral|Neutral|Good,1,0,1,0.0,100.0,0.0,2024-07
0.1,4,CPI m/m|PPI m/m|FOMC|CPI y/y,Neutral|Neutral|Good|Neutral,1,1,0,100.0,0.0,inf,2024-09
0.1,4,CPI m/m|PPI m/m|FOMC|CPI y/y,Neutral|Bad|Neutral|Neutral,1,0,1,0.0,100.0,0.0,2024-12
0.2,4,CPI m/m|PPI m/m|FOMC|CPI y/y,Neutral|Good|Neutral|Neutral,3,1,2,33.3,66.7,0.5,2023-03|2023-11|2024-06
0.2,4,CPI m/m|PPI m/m|FOMC|CPI y/y,Neutral|Neutral|Neutral|Neutral,8,5,3,62.5,37.5,1.67,2023-05|2023-06|2023-07|2023-12|2024-07|2024-11|2024-12|2025-01
0.2,4,CPI m/m|PPI m/m|FOMC|CPI y/y,Neutral|Bad|Neutral|Neutral,1,1,0,100.0,0.0,inf,2023-09
0.2,4,CPI m/m|PPI m/m|FOMC|CPI y/y,Neutral|Neutral|Good|Neutral,1,1,0,100.0,0.0,inf,2024-09
0.3,4,CPI m/m|PPI m/m|FOMC|CPI y/y,Neutral|Good|Neutral|Neutral,3,1,2,33.3,66.7,0.5,2023-03|2023-11|2024-06
0.3,4,CPI m/m|PPI m/m|FOMC|CPI y/y,Neutral|Neutral|Neutral|Neutral,10,7,3,70.0,30.0,2.33,2023-05|2023-06|2023-07|2023-09|2023-12|2024-07|2024-09|2024-11|2024-12|2025-01
0.0,4,CPI m/m|Core PPI m/m|FOMC|CPI y/y,Neutral|Good|Neutral|Neutral,2,2,0,100.0,0.0,inf,2023-03|2025-01
0.0,4,CPI m/m|Core PPI m/m|FOMC|CPI y/y,Neutral|Neutral|Neutral|Good,1,1,0,100.0,0.0,inf,2023-05
0.0,4,CPI m/m|Core PPI m/m|FOMC|CPI y/y,Good|Neutral|Neutral|Good,1,0,1,0.0,100.0,0.0,2023-06
0.0,4,CPI m/m|Core PPI m/m|FOMC|CPI y/y,Good|Good|Neutral|Good,3,1,2,33.3,66.7,0.5,2023-07|2023-11|2024-06
0.0,4,CPI m/m|Core PPI m/m|FOMC|CPI y/y,Neutral|Neutral|Neutral|Bad,1,1,0,100.0,0.0,inf,2023-09
0.0,4,CPI m/m|Core PPI m/m|FOMC|CPI y/y,Bad|Good|Neutral|Neutral,1,1,0,100.0,0.0,inf,2023-12
0.0,4,CPI m/m|Core PPI m/m|FOMC|CPI y/y,Good|Bad|Neutral|Good,1,0,1,0.0,100.0,0.0,2024-07
0.0,4,CPI m/m|Core PPI m/m|FOMC|CPI y/y,Neutral|Bad|Good|Neutral,1,1,0,100.0,0.0,inf,2024-09
0.0,4,CPI m/m|Core PPI m/m|FOMC|CPI y/y,Neutral|Neutral|Neutral|Neutral,2,1,1,50.0,50.0,1.0,2024-11|2024-12
0.1,4,CPI m/m|Core PPI m/m|FOMC|CPI y/y,Neutral|Good|Neutral|Neutral,4,3,1,75.0,25.0,3.0,2023-03|2023-11|2023-12|2025-01
0.1,4,CPI m/m|Core PPI m/m|FOMC|CPI y/y,Neutral|Neutral|Neutral|Neutral,4,2,2,50.0,50.0,1.0,2023-05|2023-06|2024-11|2024-12
0.1,4,CPI m/m|Core PPI m/m|FOMC|CPI y/y,Neutral|Neutral|Neutral|Good,1,1,0,100.0,0.0,inf,2023-07
0.1,4,CPI m/m|Core PPI m/m|FOMC|CPI y/y,Neutral|Neutral|Neutral|Bad,1,1,0,100.0,0.0,inf,2023-09
0.1,4,CPI m/m|Core PPI m/m|FOMC|CPI y/y,Neutral|Good|Neutral|Good,1,0,1,0.0,100.0,0.0,2024-06
0.1,4,CPI m/m|Core PPI m/m|FOMC|CPI y/y,Good|Bad|Neutral|Good,1,0,1,0.0,100.0,0.0,2024-07
0.1,4,CPI m/m|Core PPI m/m|FOMC|CPI y/y,Neutral|Neutral|Good|Neutral,1,1,0,100.0,0.0,inf,2024-09
0.2,4,CPI m/m|Core PPI m/m|FOMC|CPI y/y,Neutral|Good|Neutral|Neutral,3,1,2,33.3,66.7,0.5,2023-03|2023-11|2024-06
0.2,4,CPI m/m|Core PPI m/m|FOMC|CPI y/y,Neutral|Neutral|Neutral|Neutral,9,6,3,66.7,33.3,2.0,2023-05|2023-06|2023-07|2023-09|2023-12|2024-07|2024-11|2024-12|2025-01
0.2,4,CPI m/m|Core PPI m/m|FOMC|CPI y/y,Neutral|Neutral|Good|Neutral,1,1,0,100.0,0.0,inf,2024-09
0.3,4,CPI m/m|Core PPI m/m|FOMC|CPI y/y,Neutral|Good|Neutral|Neutral,1,1,0,100.0,0.0,inf,2023-03
0.3,4,CPI m/m|Core PPI m/m|FOMC|CPI y/y,Neutral|Neutral|Neutral|Neutral,12,7,5,58.3,41.7,1.4,2023-05|2023-06|2023-07|2023-09|2023-11|2023-12|2024-06|2024-07|2024-09|2024-11|2024-12|2025-01
0.0,4,Core CPI m/m|PPI m/m|Core PPI m/m|FOMC,Bad|Good|Good|Neutral,1,1,0,100.0,0.0,inf,2023-03
0.0,4,Core CPI m/m|PPI m/m|Core PPI m/m|FOMC,Bad|Good|Neutral|Neutral,1,1,0,100.0,0.0,inf,2023-05
0.0,4,Core CPI m/m|PPI m/m|Core PPI m/m|FOMC,Neutral|Good|Neutral|Neutral,1,0,1,0.0,100.0,0.0,2023-06
0.0,4,Core CPI m/m|PPI m/m|Core PPI m/m|FOMC,Good|Good|Good|Neutral,4,2,2,50.0,50.0,1.0,2023-07|2023-11|2024-06|2025-01
0.0,4,Core CPI m/m|PPI m/m|Core PPI m/m|FOMC,Bad|Bad|Neutral|Neutral,1,1,0,100.0,0.0,inf,2023-09
0.0,4,Core CPI m/m|PPI m/m|Core PPI m/m|FOMC,Neutral|Neutral|Good|Neutral,1,1,0,100.0,0.0,inf,2023-12
0.0,4,Core CPI m/m|PPI m/m|Core PPI m/m|FOMC,Good|Bad|Bad|Neutral,1,0,1,0.0,100.0,0.0,2024-07
0.0,4,Core CPI m/m|PPI m/m|Core PPI m/m|FOMC,Bad|Bad|Bad|Good,1,1,0,100.0,0.0,inf,2024-09
0.0,4,Core CPI m/m|PPI m/m|Core PPI m/m|FOMC,Neutral|Neutral|Neutral|Neutral,1,1,0,100.0,0.0,inf,2024-11
0.0,4,Core CPI m/m|PPI m/m|Core PPI m/m|FOMC,Neutral|Bad|Neutral|Neutral,1,0,1,0.0,100.0,0.0,2024-12
0.1,4,Core CPI m/m|PPI m/m|Core PPI m/m|FOMC,Neutral|Good|Good|Neutral,4,2,2,50.0,50.0,1.0,2023-03|2023-11|2024-06|2025-01
0.1,4,Core CPI m/m|PPI m/m|Core PPI m/m|FOMC,Bad|Neutral|Neutral|Neutral,1,1,0,100.0,0.0,inf,2023-05
0.1,4,Core CPI m/m|PPI m/m|Core PPI m/m|FOMC,Neutral|Good|Neutral|Neutral,1,0,1,0.0,100.0,0.0,2023-06
0.1,4,Core CPI m/m|PPI m/m|Core PPI m/m|FOMC,Neutral|Neutral|Neutral|Neutral,2,2,0,100.0,0.0,inf,2023-07|2024-11
0.1,4,Core CPI m/m|PPI m/m|Core PPI m/m|FOMC,Neutral|Bad|Neutral|Neutral,2,1,1,50.0,50.0,1.0,2023-09|2024-12
0.1,4,Core CPI m/m|PPI m/m|Core PPI m/m|FOMC,Neutral|Neutral|Good|Neutral,1,1,0,100.0,0.0,inf,2023-12
0.1,4,Core CPI m/m|PPI m/m|Core PPI m/m|FOMC,Neutral|Neutral|Bad|Neutral,1,0,1,0.0,100.0,0.0,2024-07
0.1,4,Core CPI m/m|PPI m/m|Core PPI m/m|FOMC,Neutral|Neutral|Neutral|Good,1,1,0,100.0,0.0,inf,2024-09
0.2,4,Core CPI m/m|PPI m/m|Core PPI m/m|FOMC,Neutral|Good|Good|Neutral,3,1,2,33.3,66.7,0.5,2023-03|2023-11|2024-06
0.2,4,Core CPI m/m|PPI m/m|Core PPI m/m|FOMC,Neutral|Neutral|Neutral|Neutral,8,5,3,62.5,37.5,1.67,2023-05|2023-06|2023-07|2023-12|2024-07|2024-11|2024-12|2025-01
0.2,4,Core CPI m/m|PPI m/m|Core PPI m/m|FOMC,Neutral|Bad|Neutral|Neutral,1,1,0,100.0,0.0,inf,2023-09
0.2,4,Core CPI m/m|PPI m/m|Core PPI m/m|FOMC,Neutral|Neutral|Neutral|Good,1,1,0,100.0,0.0,inf,2024-09
0.3,4,Core CPI m/m|PPI m/m|Core PPI m/m|FOMC,Neutral|Good|Good|Neutral,1,1,0,100.0,0.0,inf,2023-03
0.3,4,Core CPI m/m|PPI m/m|Core PPI m/m|FOMC,Neutral|Neutral|Neutral|Neutral,10,7,3,70.0,30.0,2.33,2023-05|2023-06|2023-07|2023-09|2023-12|2024-07|2024-09|2024-11|2024-12|2025-01
0.3,4,Core CPI m/m|PPI m/m|Core PPI m/m|FOMC,Neutral|Good|Neutral|Neutral,2,0,2,0.0,100.0,0.0,2023-11|2024-06
0.0,4,Core CPI m/m|PPI m/m|Core PPI m/m|CPI y/y,Bad|Bad|Bad|Bad,7,4,3,57.1,42.9,1.33,2020-09|2021-04|2021-05|2021-06|2021-07|2022-02|2024-03
0.0,4,Core CPI m/m|PPI m/m|Core PPI m/m|CPI y/y,Bad|Neutral|Good|Neutral,1,1,0,100.0,0.0,inf,2020-12
0.0,4,Core CPI m/m|PPI m/m|Core PPI m/m|CPI y/y,Neutral|Good|Neutral|Neutral,2,2,0,100.0,0.0,inf,2021-01|2023-01
0.0,4,Core CPI m/m|PPI m/m|Core PPI m/m|CPI y/y,Good|Bad|Bad|Neutral,3,2,1,66.7,33.3,2.0,2021-02|2021-09|2026-01
0.0,4,Core CPI m/m|PPI m/m|Core PPI m/m|CPI y/y,Good|Bad|Neutral|Neutral,1,0,1,0.0,100.0,0.0,2021-03
0.0,4,Core CPI m/m|PPI m/m|Core PPI m/m|CPI y/y,Good|Bad|Bad|Bad,2,2,0,100.0,0.0,inf,2021-08|2022-04
0.0,4,Core CPI m/m|PPI m/m|Core PPI m/m|CPI y/y,Neutral|Good|Good|Bad,2,1,1,50.0,50.0,1.0,2021-10|2024-01
0.0,4,Core CPI m/m|PPI m/m|Core PPI m/m|CPI y/y,Bad|Neutral|Good|Bad,3,3,0,100.0,0.0,inf,2021-11|2022-05|2022-06
0.0,4,Core CPI m/m|PPI m/m|Core PPI m/m|CPI y/y,Neutral|Bad|Bad|Neutral,2,2,0,100.0,0.0,inf,2021-12|2024-05
0.0,4,Core CPI m/m|PPI m/m|Core PPI m/m|CPI y/y,Bad|Good|Neutral|Neutral,1,1,0,100.0,0.0,inf,2022-01
0.0,4,Core CPI m/m|PPI m/m|Core PPI m/m|CPI y/y,Neutral|Good|Good|Neutral,2,2,0,100.0,0.0,inf,2022-03|2025-09
0.0,4,Core CPI m/m|PPI m/m|Core PPI m/m|CPI y/y,Bad|Bad|Good|Bad,1,0,1,0.0,100.0,0.0,2022-07
0.0,4,Core CPI m/m|PPI m/m|Core PPI m/m|CPI y/y,Good|Good|Good|Good,9,6,3,66.7,33.3,2.0,2022-08|2022-11|2023-07|2023-11|2024-06|2025-03|2025-04|2025-05|2025-06
0.0,4,Core CPI m/m|PPI m/m|Core PPI m/m|CPI y/y,Bad|Neutral|Bad|Bad,1,1,0,100.0,0.0,inf,2022-09
0.0,4,Core CPI m/m|PPI m/m|Core PPI m/m|CPI y/y,Bad|Bad|Neutral|Bad,3,1,2,33.3,66.7,0.5,2022-10|2023-09|2025-02
0.0,4,Core CPI m/m|PPI m/m|Core PPI m/m|CPI y/y,Neutral|Bad|Bad|Bad,2,0,2,0.0,100.0,0.0,2023-02|2023-10
0.0,4,Core CPI m/m|PPI m/m|Core PPI m/m|CPI y/y,Bad|Good|Good|Neutral,1,1,0,100.0,0.0,inf,2023-03
0.0,4,Core CPI m/m|PPI m/m|Core PPI m/m|CPI y/y,Neutral|Good|Good|Good,2,2,0,100.0,0.0,inf,2023-04|2024-08
0.0,4,Core CPI m/m|PPI m/m|Core PPI m/m|CPI y/y,Bad|Good|Neutral|Good,1,1,0,100.0,0.0,inf,2023-05
0.0,4,Core CPI m/m|PPI m/m|Core PPI m/m|CPI y/y,Neutral|Good|Neutral|Good,1,0,1,0.0,100.0,0.0,2023-06
0.0,4,Core CPI m/m|PPI m/m|Core PPI m/m|CPI y/y,Neutral|Bad|Bad|Good,2,1,1,50.0,50.0,1.0,2023-08|2025-08
0.0,4,Core CPI m/m|PPI m/m|Core PPI m/m|CPI y/y,Neutral|Neutral|Good|Neutral,1,1,0,100.0,0.0,inf,2023-12
0.0,4,Core CPI m/m|PPI m/m|Core PPI m/m|CPI y/y,Bad|Good|Neutral|Bad,1,1,0,100.0,0.0,inf,2024-04
0.0,4,Core CPI m/m|PPI m/m|Core PPI m/m|CPI y/y,Good|Bad|Bad|Good,1,0,1,0.0,100.0,0.0,2024-07
0.0,4,Core CPI m/m|PPI m/m|Core PPI m/m|CPI y/y,Bad|Bad|Bad|Neutral,1,1,0,100.0,0.0,inf,2024-09
0.0,4,Core CPI m/m|PPI m/m|Core PPI m/m|CPI y/y,Neutral|Neutral|Neutral|Neutral,1,1,0,100.0,0.0,inf,2024-11
0.0,4,Core CPI m/m|PPI m/m|Core PPI m/m|CPI y/y,Neutral|Bad|Neutral|Neutral,1,0,1,0.0,100.0,0.0,2024-12
0.0,4,Core CPI m/m|PPI m/m|Core PPI m/m|CPI y/y,Good|Good|Good|Neutral,1,1,0,100.0,0.0,inf,2025-01
0.0,4,Core CPI m/m|PPI m/m|Core PPI m/m|CPI y/y,Good|Good|Good|Bad,1,0,1,0.0,100.0,0.0,2025-07
0.1,4,Core CPI m/m|PPI m/m|Core PPI m/m|CPI y/y,Bad|Neutral|Bad|Bad,2,2,0,100.0,0.0,inf,2020-09|2022-09
0.1,4,Core CPI m/m|PPI m/m|Core PPI m/m|CPI y/y,Neutral|Neutral|Neutral|Neutral,5,3,2,60.0,40.0,1.5,2020-12|2021-03|2023-08|2024-09|2024-11
0.1,4,Core CPI m/m|PPI m/m|Core PPI m/m|CPI y/y,Neutral|Good|Neutral|Neutral,4,3,1,75.0,25.0,3.0,2021-01|2022-01|2023-01|2023-06
0.1,4,Core CPI m/m|PPI m/m|Core PPI m/m|CPI y/y,Good|Bad|Bad|Neutral,2,2,0,100.0,0.0,inf,2021-02|2022-04
0.1,4,Core CPI m/m|PPI m/m|Core PPI m/m|CPI y/y,Neutral|Bad|Bad|Bad,3,1,2,33.3,66.7,0.5,2021-04|2022-02|2023-02
0.1,4,Core CPI m/m|PPI m/m|Core PPI m/m|CPI y/y,Bad|Bad|Bad|Bad,3,1,2,33.3,66.7,0.5,2021-05|2021-06|2021-07
0.1,4,Core CPI m/m|PPI m/m|Core PPI m/m|CPI y/y,Good|Bad|Bad|Bad,1,1,0,100.0,0.0,inf,2021-08
0.1,4,Core CPI m/m|PPI m/m|Core PPI m/m|CPI y/y,Good|Neutral|Neutral|Neutral,1,1,0,100.0,0.0,inf,2021-09
0.1,4,Core CPI m/m|PPI m/m|Core PPI m/m|CPI y/y,Neutral|Neutral|Good|Bad,1,1,0,100.0,0.0,inf,2021-10
0.1,4,Core CPI m/m|PPI m/m|Core PPI m/m|CPI y/y,Bad|Neutral|Neutral|Bad,2,2,0,100.0,0.0,inf,2021-11|2024-04
0.1,4,Core CPI m/m|PPI m/m|Core PPI m/m|CPI y/y,Neutral|Bad|Bad|Neutral,4,3,1,75.0,25.0,3.0,2021-12|2024-05|2025-08|2026-01
0.1,4,Core CPI m/m|PPI m/m|Core PPI m/m|CPI y/y,Neutral|Good|Good|Neutral,6,5,1,83.3,16.7,5.0,2022-03|2023-03|2023-04|2023-11|2025-01|2025-09
0.1,4,Core CPI m/m|PPI m/m|Core PPI m/m|CPI y/y,Bad|Neutral|Good|Bad,1,1,0,100.0,0.0,inf,2022-05
0.1,4,Core CPI m/m|PPI m/m|Core PPI m/m|CPI y/y,Neutral|Neutral|Neutral|Bad,1,1,0,100.0,0.0,inf,2022-06
0.1,4,Core CPI m/m|PPI m/m|Core PPI m/m|CPI y/y,Bad|Bad|Neutral|Bad,3,1,2,33.3,66.7,0.5,2022-07|2024-03|2025-02
0.1,4,Core CPI m/m|PPI m/m|Core PPI m/m|CPI y/y,Good|Good|Good|Good,3,3,0,100.0,0.0,inf,2022-08|2022-11|2025-04
0.1,4,Core CPI m/m|PPI m/m|Core PPI m/m|CPI y/y,Bad|Bad|Neutral|Neutral,1,0,1,0.0,100.0,0.0,2022-10
0.1,4,Core CPI m/m|PPI m/m|Core PPI m/m|CPI y/y,Bad|Neutral|Neutral|Neutral,1,1,0,100.0,0.0,inf,2023-05
0.1,4,Core CPI m/m|PPI m/m|Core PPI m/m|CPI y/y,Neutral|Neutral|Neutral|Good,1,1,0,100.0,0.0,inf,2023-07
0.1,4,Core CPI m/m|PPI m/m|Core PPI m/m|CPI y/y,Neutral|Bad|Neutral|Bad,2,1,1,50.0,50.0,1.0,2023-09|2023-10
0.1,4,Core CPI m/m|PPI m/m|Core PPI m/m|CPI y/y,Neutral|Neutral|Good|Neutral,1,1,0,100.0,0.0,inf,2023-12
0.1,4,Core CPI m/m|PPI m/m|Core PPI m/m|CPI y/y,Neutral|Good|Good|Bad,2,0,2,0.0,100.0,0.0,2024-01|2025-07
0.1,4,Core CPI m/m|PPI m/m|Core PPI m/m|CPI y/y,Neutral|Good|Good|Good,3,2,1,66.7,33.3,2.0,2024-06|2025-03|2025-05
0.1,4,Core CPI m/m|PPI m/m|Core PPI m/m|CPI y/y,Neutral|Neutral|Bad|Good,1,0,1,0.0,100.0,0.0,2024-07
0.1,4,Core CPI m/m|PPI m/m|Core PPI m/m|CPI y/y,Neutral|Neutral|Good|Good,1,1,0,100.0,0.0,inf,2024-08
0.1,4,Core CPI m/m|PPI m/m|Core PPI m/m|CPI y/y,Neutral|Bad|Neutral|Neutral,1,0,1,0.0,100.0,0.0,2024-12
0.1,4,Core CPI m/m|PPI m/m|Core PPI m/m|CPI y/y,Good|Neutral|Good|Good,1,0,1,0.0,100.0,0.0,2025-06
0.2,4,Core CPI m/m|PPI m/m|Core PPI m/m|CPI y/y,Neutral|Neutral|Neutral|Neutral,25,13,12,52.0,48.0,1.08,2020-09|2020-12|2021-01|2021-03|2021-09|2022-01|2022-10|2023-05|2023-06|2023-07|2023-08|2023-10|2023-12|2024-01|2024-04|2024-07|2024-08|2024-09|2024-11|2024-12|2025-01|2025-02|2025-06|2025-07|2026-01
0.2,4,Core CPI m/m|PPI m/m|Core PPI m/m|CPI y/y,Neutral|Bad|Bad|Neutral,6,6,0,100.0,0.0,inf,2021-02|2021-04|2021-08|2021-12|2022-04|2025-08
0.2,4,Core CPI m/m|PPI m/m|Core PPI m/m|CPI y/y,Bad|Bad|Bad|Bad,2,1,1,50.0,50.0,1.0,2021-05|2021-07
0.2,4,Core CPI m/m|PPI m/m|Core PPI m/m|CPI y/y,Neutral|Bad|Neutral|Bad,3,0,3,0.0,100.0,0.0,2021-06|2022-07|2023-02
0.2,4,Core CPI m/m|PPI m/m|Core PPI m/m|CPI y/y,Neutral|Neutral|Good|Neutral,2,2,0,100.0,0.0,inf,2021-10|2022-03
0.2,4,Core CPI m/m|PPI m/m|Core PPI m/m|CPI y/y,Neutral|Neutral|Neutral|Bad,3,3,0,100.0,0.0,inf,2021-11|2022-05|2022-06
0.2,4,Core CPI m/m|PPI m/m|Core PPI m/m|CPI y/y,Neutral|Bad|Bad|Bad,1,0,1,0.0,100.0,0.0,2022-02
0.2,4,Core CPI m/m|PPI m/m|Core PPI m/m|CPI y/y,Neutral|Good|Neutral|Neutral,2,2,0,100.0,0.0,inf,2022-08|2023-01
0.2,4,Core CPI m/m|PPI m/m|Core PPI m/m|CPI y/y,Bad|Neutral|Neutral|Bad,1,1,0,100.0,0.0,inf,2022-09
0.2,4,Core CPI m/m|PPI m/m|Core PPI m/m|CPI y/y,Neutral|Neutral|Good|Good,1,1,0,100.0,0.0,inf,2022-11
0.2,4,Core CPI m/m|PPI m/m|Core PPI m/m|CPI y/y,Neutral|Good|Good|Neutral,8,6,2,75.0,25.0,3.0,2023-03|2023-04|2023-11|2024-06|2025-03|2025-04|2025-05|2025-09
0.2,4,Core CPI m/m|PPI m/m|Core PPI m/m|CPI y/y,Neutral|Bad|Neutral|Neutral,2,2,0,100.0,0.0,inf,2023-09|2024-03
0.2,4,Core CPI m/m|PPI m/m|Core PPI m/m|CPI y/y,Neutral|Neutral|Bad|Neutral,1,1,0,100.0,0.0,inf,2024-05
0.3,4,Core CPI m/m|PPI m/m|Core PPI m/m|CPI y/y,Neutral|Neutral|Neutral|Neutral,35,22,13,62.9,37.1,1.69,2020-09|2020-12|2021-01|2021-03|2021-09|2021-10|2021-11|2022-01|2022-05|2022-06|2022-09|2022-10|2022-11|2023-02|2023-05|2023-06|2023-07|2023-08|2023-09|2023-10|2023-12|2024-01|2024-03|2024-04|2024-05|2024-07|2024-08|2024-09|2024-11|2024-12|2025-01|2025-02|2025-06|2025-07|2026-01
0.3,4,Core CPI m/m|PPI m/m|Core PPI m/m|CPI y/y,Neutral|Bad|Bad|Neutral,5,4,1,80.0,20.0,4.0,2021-02|2021-04|2021-08|2022-02|2025-08
0.3,4,Core CPI m/m|PPI m/m|Core PPI m/m|CPI y/y,Bad|Neutral|Neutral|Bad,1,0,1,0.0,100.0,0.0,2021-05
0.3,4,Core CPI m/m|PPI m/m|Core PPI m/m|CPI y/y,Neutral|Bad|Neutral|Neutral,2,1,1,50.0,50.0,1.0,2021-06|2021-12
0.3,4,Core CPI m/m|PPI m/m|Core PPI m/m|CPI y/y,Bad|Bad|Bad|Bad,1,1,0,100.0,0.0,inf,2021-07
0.3,4,Core CPI m/m|PPI m/m|Core PPI m/m|CPI y/y,Neutral|Neutral|Good|Neutral,2,2,0,100.0,0.0,inf,2022-03|2025-03
0.3,4,Core CPI m/m|PPI m/m|Core PPI m/m|CPI y/y,Neutral|Neutral|Bad|Neutral,1,1,0,100.0,0.0,inf,2022-04
0.3,4,Core CPI m/m|PPI m/m|Core PPI m/m|CPI y/y,Neutral|Bad|Neutral|Bad,1,0,1,0.0,100.0,0.0,2022-07
0.3,4,Core CPI m/m|PPI m/m|Core PPI m/m|CPI y/y,Neutral|Good|Neutral|Neutral,4,2,2,50.0,50.0,1.0,2022-08|2023-01|2023-11|2024-06
0.3,4,Core CPI m/m|PPI m/m|Core PPI m/m|CPI y/y,Neutral|Good|Good|Neutral,5,5,0,100.0,0.0,inf,2023-03|2023-04|2025-04|2025-05|2025-09
0.0,4,Core CPI m/m|PPI m/m|FOMC|CPI y/y,Bad|Good|Neutral|Neutral,1,1,0,100.0,0.0,inf,2023-03
0.0,4,Core CPI m/m|PPI m/m|FOMC|CPI y/y,Bad|Good|Neutral|Good,1,1,0,100.0,0.0,inf,2023-05
0.0,4,Core CPI m/m|PPI m/m|FOMC|CPI y/y,Neutral|Good|Neutral|Good,1,0,1,0.0,100.0,0.0,2023-06
0.0,4,Core CPI m/m|PPI m/m|FOMC|CPI y/y,Good|Good|Neutral|Good,3,1,2,33.3,66.7,0.5,2023-07|2023-11|2024-06
0.0,4,Core CPI m/m|PPI m/m|FOMC|CPI y/y,Bad|Bad|Neutral|Bad,1,1,0,100.0,0.0,inf,2023-09
0.0,4,Core CPI m/m|PPI m/m|FOMC|CPI y/y,Neutral|Neutral|Neutral|Neutral,2,2,0,100.0,0.0,inf,2023-12|2024-11
0.0,4,Core CPI m/m|PPI m/m|FOMC|CPI y/y,Good|Bad|Neutral|Good,1,0,1,0.0,100.0,0.0,2024-07
0.0,4,Core CPI m/m|PPI m/m|FOMC|CPI y/y,Bad|Bad|Good|Neutral,1,1,0,100.0,0.0,inf,2024-09
0.0,4,Core CPI m/m|PPI m/m|FOMC|CPI y/y,Neutral|Bad|Neutral|Neutral,1,0,1,0.0,100.0,0.0,2024-12
0.0,4,Core CPI m/m|PPI m/m|FOMC|CPI y/y,Good|Good|Neutral|Neutral,1,1,0,100.0,0.0,inf,2025-01
0.1,4,Core CPI m/m|PPI m/m|FOMC|CPI y/y,Neutral|Good|Neutral|Neutral,4,2,2,50.0,50.0,1.0,2023-03|2023-06|2023-11|2025-01
0.1,4,Core CPI m/m|PPI m/m|FOMC|CPI y/y,Bad|Neutral|Neutral|Neutral,1,1,0,100.0,0.0,inf,2023-05
0.1,4,Core CPI m/m|PPI m/m|FOMC|CPI y/y,Neutral|Neutral|Neutral|Good,2,1,1,50.0,50.0,1.0,2023-07|2024-07
0.1,4,Core CPI m/m|PPI m/m|FOMC|CPI y/y,Neutral|Bad|Neutral|Bad,1,1,0,100.0,0.0,inf,2023-09
0.1,4,Core CPI m/m|PPI m/m|FOMC|CPI y/y,Neutral|Neutral|Neutral|Neutral,2,2,0,100.0,0.0,inf,2023-12|2024-11
0.1,4,Core CPI m/m|PPI m/m|FOMC|CPI y/y,Neutral|Good|Neutral|Good,1,0,1,0.0,100.0,0.0,2024-06
0.1,4,Core CPI m/m|PPI m/m|FOMC|CPI y/y,Neutral|Neutral|Good|Neutral,1,1,0,100.0,0.0,inf,2024-09
0.1,4,Core CPI m/m|PPI m/m|FOMC|CPI y/y,Neutral|Bad|Neutral|Neutral,1,0,1,0.0,100.0,0.0,2024-12
0.2,4,Core CPI m/m|PPI m/m|FOMC|CPI y/y,Neutral|Good|Neutral|Neutral,3,1,2,33.3,66.7,0.5,2023-03|2023-11|2024-06
0.2,4,Core CPI m/m|PPI m/m|FOMC|CPI y/y,Neutral|Neutral|Neutral|Neutral,8,5,3,62.5,37.5,1.67,2023-05|2023-06|2023-07|2023-12|2024-07|2024-11|2024-12|2025-01
0.2,4,Core CPI m/m|PPI m/m|FOMC|CPI y/y,Neutral|Bad|Neutral|Neutral,1,1,0,100.0,0.0,inf,2023-09
0.2,4,Core CPI m/m|PPI m/m|FOMC|CPI y/y,Neutral|Neutral|Good|Neutral,1,1,0,100.0,0.0,inf,2024-09
0.3,4,Core CPI m/m|PPI m/m|FOMC|CPI y/y,Neutral|Good|Neutral|Neutral,3,1,2,33.3,66.7,0.5,2023-03|2023-11|2024-06
0.3,4,Core CPI m/m|PPI m/m|FOMC|CPI y/y,Neutral|Neutral|Neutral|Neutral,10,7,3,70.0,30.0,2.33,2023-05|2023-06|2023-07|2023-09|2023-12|2024-07|2024-09|2024-11|2024-12|2025-01
0.0,4,Core CPI m/m|Core PPI m/m|FOMC|CPI y/y,Bad|Good|Neutral|Neutral,1,1,0,100.0,0.0,inf,2023-03
0.0,4,Core CPI m/m|Core PPI m/m|FOMC|CPI y/y,Bad|Neutral|Neutral|Good,1,1,0,100.0,0.0,inf,2023-05
0.0,4,Core CPI m/m|Core PPI m/m|FOMC|CPI y/y,Neutral|Neutral|Neutral|Good,1,0,1,0.0,100.0,0.0,2023-06
0.0,4,Core CPI m/m|Core PPI m/m|FOMC|CPI y/y,Good|Good|Neutral|Good,3,1,2,33.3,66.7,0.5,2023-07|2023-11|2024-06
0.0,4,Core CPI m/m|Core PPI m/m|FOMC|CPI y/y,Bad|Neutral|Neutral|Bad,1,1,0,100.0,0.0,inf,2023-09
0.0,4,Core CPI m/m|Core PPI m/m|FOMC|CPI y/y,Neutral|Good|Neutral|Neutral,1,1,0,100.0,0.0,inf,2023-12
0.0,4,Core CPI m/m|Core PPI m/m|FOMC|CPI y/y,Good|Bad|Neutral|Good,1,0,1,0.0,100.0,0.0,2024-07
0.0,4,Core CPI m/m|Core PPI m/m|FOMC|CPI y/y,Bad|Bad|Good|Neutral,1,1,0,100.0,0.0,inf,2024-09
0.0,4,Core CPI m/m|Core PPI m/m|FOMC|CPI y/y,Neutral|Neutral|Neutral|Neutral,2,1,1,50.0,50.0,1.0,2024-11|2024-12
0.0,4,Core CPI m/m|Core PPI m/m|FOMC|CPI y/y,Good|Good|Neutral|Neutral,1,1,0,100.0,0.0,inf,2025-01
0.1,4,Core CPI m/m|Core PPI m/m|FOMC|CPI y/y,Neutral|Good|Neutral|Neutral,4,3,1,75.0,25.0,3.0,2023-03|2023-11|2023-12|2025-01
0.1,4,Core CPI m/m|Core PPI m/m|FOMC|CPI y/y,Bad|Neutral|Neutral|Neutral,1,1,0,100.0,0.0,inf,2023-05
0.1,4,Core CPI m/m|Core PPI m/m|FOMC|CPI y/y,Neutral|Neutral|Neutral|Neutral,3,1,2,33.3,66.7,0.5,2023-06|2024-11|2024-12
0.1,4,Core CPI m/m|Core PPI m/m|FOMC|CPI y/y,Neutral|Neutral|Neutral|Good,1,1,0,100.0,0.0,inf,2023-07
0.1,4,Core CPI m/m|Core PPI m/m|FOMC|CPI y/y,Neutral|Neutral|Neutral|Bad,1,1,0,100.0,0.0,inf,2023-09
0.1,4,Core CPI m/m|Core PPI m/m|FOMC|CPI y/y,Neutral|Good|Neutral|Good,1,0,1,0.0,100.0,0.0,2024-06
0.1,4,Core CPI m/m|Core PPI m/m|FOMC|CPI y/y,Neutral|Bad|Neutral|Good,1,0,1,0.0,100.0,0.0,2024-07
0.1,4,Core CPI m/m|Core PPI m/m|FOMC|CPI y/y,Neutral|Neutral|Good|Neutral,1,1,0,100.0,0.0,inf,2024-09
0.2,4,Core CPI m/m|Core PPI m/m|FOMC|CPI y/y,Neutral|Good|Neutral|Neutral,3,1,2,33.3,66.7,0.5,2023-03|2023-11|2024-06
0.2,4,Core CPI m/m|Core PPI m/m|FOMC|CPI y/y,Neutral|Neutral|Neutral|Neutral,9,6,3,66.7,33.3,2.0,2023-05|2023-06|2023-07|2023-09|2023-12|2024-07|2024-11|2024-12|2025-01
0.2,4,Core CPI m/m|Core PPI m/m|FOMC|CPI y/y,Neutral|Neutral|Good|Neutral,1,1,0,100.0,0.0,inf,2024-09
0.3,4,Core CPI m/m|Core PPI m/m|FOMC|CPI y/y,Neutral|Good|Neutral|Neutral,1,1,0,100.0,0.0,inf,2023-03
0.3,4,Core CPI m/m|Core PPI m/m|FOMC|CPI y/y,Neutral|Neutral|Neutral|Neutral,12,7,5,58.3,41.7,1.4,2023-05|2023-06|2023-07|2023-09|2023-11|2023-12|2024-06|2024-07|2024-09|2024-11|2024-12|2025-01
0.0,4,PPI m/m|Core PPI m/m|FOMC|CPI y/y,Good|Good|Neutral|Neutral,2,2,0,100.0,0.0,inf,2023-03|2025-01
0.0,4,PPI m/m|Core PPI m/m|FOMC|CPI y/y,Good|Neutral|Neutral|Good,2,1,1,50.0,50.0,1.0,2023-05|2023-06
0.0,4,PPI m/m|Core PPI m/m|FOMC|CPI y/y,Good|Good|Neutral|Good,3,1,2,33.3,66.7,0.5,2023-07|2023-11|2024-06
0.0,4,PPI m/m|Core PPI m/m|FOMC|CPI y/y,Bad|Neutral|Neutral|Bad,1,1,0,100.0,0.0,inf,2023-09
0.0,4,PPI m/m|Core PPI m/m|FOMC|CPI y/y,Neutral|Good|Neutral|Neutral,1,1,0,100.0,0.0,inf,2023-12
0.0,4,PPI m/m|Core PPI m/m|FOMC|CPI y/y,Bad|Bad|Neutral|Good,1,0,1,0.0,100.0,0.0,2024-07
0.0,4,PPI m/m|Core PPI m/m|FOMC|CPI y/y,Bad|Bad|Good|Neutral,1,1,0,100.0,0.0,inf,2024-09
0.0,4,PPI m/m|Core PPI m/m|FOMC|CPI y/y,Neutral|Neutral|Neutral|Neutral,1,1,0,100.0,0.0,inf,2024-11
0.0,4,PPI m/m|Core PPI m/m|FOMC|CPI y/y,Bad|Neutral|Neutral|Neutral,1,0,1,0.0,100.0,0.0,2024-12
0.1,4,PPI m/m|Core PPI m/m|FOMC|CPI y/y,Good|Good|Neutral|Neutral,3,2,1,66.7,33.3,2.0,2023-03|2023-11|2025-01
0.1,4,PPI m/m|Core PPI m/m|FOMC|CPI y/y,Neutral|Neutral|Neutral|Neutral,2,2,0,100.0,0.0,inf,2023-05|2024-11
0.1,4,PPI m/m|Core PPI m/m|FOMC|CPI y/y,Good|Neutral|Neutral|Neutral,1,0,1,0.0,100.0,0.0,2023-06
0.1,4,PPI m/m|Core PPI m/m|FOMC|CPI y/y,Neutral|Neutral|Neutral|Good,1,1,0,100.0,0.0,inf,2023-07
0.1,4,PPI m/m|Core PPI m/m|FOMC|CPI y/y,Bad|Neutral|Neutral|Bad,1,1,0,100.0,0.0,inf,2023-09
0.1,4,PPI m/m|Core PPI m/m|FOMC|CPI y/y,Neutral|Good|Neutral|Neutral,1,1,0,100.0,0.0,inf,2023-12
0.1,4,PPI m/m|Core PPI m/m|FOMC|CPI y/y,Good|Good|Neutral|Good,1,0,1,0.0,100.0,0.0,2024-06
0.1,4,PPI m/m|Core PPI m/m|FOMC|CPI y/y,Neutral|Bad|Neutral|Good,1,0,1,0.0,100.0,0.0,2024-07
0.1,4,PPI m/m|Core PPI m/m|FOMC|CPI y/y,Neutral|Neutral|Good|Neutral,1,1,0,100.0,0.0,inf,2024-09
0.1,4,PPI m/m|Core PPI m/m|FOMC|CPI y/y,Bad|Neutral|Neutral|Neutral,1,0,1,0.0,100.0,0.0,2024-12
0.2,4,PPI m/m|Core PPI m/m|FOMC|CPI y/y,Good|Good|Neutral|Neutral,3,1,2,33.3,66.7,0.5,2023-03|2023-11|2024-06
0.2,4,PPI m/m|Core PPI m/m|FOMC|CPI y/y,Neutral|Neutral|Neutral|Neutral,8,5,3,62.5,37.5,1.67,2023-05|2023-06|2023-07|2023-12|2024-07|2024-11|2024-12|2025-01
0.2,4,PPI m/m|Core PPI m/m|FOMC|CPI y/y,Bad|Neutral|Neutral|Neutral,1,1,0,100.0,0.0,inf,2023-09
0.2,4,PPI m/m|Core PPI m/m|FOMC|CPI y/y,Neutral|Neutral|Good|Neutral,1,1,0,100.0,0.0,inf,2024-09
0.3,4,PPI m/m|Core PPI m/m|FOMC|CPI y/y,Good|Good|Neutral|Neutral,1,1,0,100.0,0.0,inf,2023-03
0.3,4,PPI m/m|Core PPI m/m|FOMC|CPI y/y,Neutral|Neutral|Neutral|Neutral,10,7,3,70.0,30.0,2.33,2023-05|2023-06|2023-07|2023-09|2023-12|2024-07|2024-09|2024-11|2024-12|2025-01
0.3,4,PPI m/m|Core PPI m/m|FOMC|CPI y/y,Good|Neutral|Neutral|Neutral,2,0,2,0.0,100.0,0.0,2023-11|2024-06
0.0,5,CPI m/m|Core CPI m/m|PPI m/m|Core PPI m/m|FOMC,Neutral|Bad|Good|Good|Neutral,1,1,0,100.0,0.0,inf,2023-03
0.0,5,CPI m/m|Core CPI m/m|PPI m/m|Core PPI m/m|FOMC,Neutral|Bad|Good|Neutral|Neutral,1,1,0,100.0,0.0,inf,2023-05
0.0,5,CPI m/m|Core CPI m/m|PPI m/m|Core PPI m/m|FOMC,Good|Neutral|Good|Neutral|Neutral,1,0,1,0.0,100.0,0.0,2023-06
0.0,5,CPI m/m|Core CPI m/m|PPI m/m|Core PPI m/m|FOMC,Good|Good|Good|Good|Neutral,3,1,2,33.3,66.7,0.5,2023-07|2023-11|2024-06
0.0,5,CPI m/m|Core CPI m/m|PPI m/m|Core PPI m/m|FOMC,Neutral|Bad|Bad|Neutral|Neutral,1,1,0,100.0,0.0,inf,2023-09
0.0,5,CPI m/m|Core CPI m/m|PPI m/m|Core PPI m/m|FOMC,Bad|Neutral|Neutral|Good|Neutral,1,1,0,100.0,0.0,inf,2023-12
0.0,5,CPI m/m|Core CPI m/m|PPI m/m|Core PPI m/m|FOMC,Good|Good|Bad|Bad|Neutral,1,0,1,0.0,100.0,0.0,2024-07
0.0,5,CPI m/m|Core CPI m/m|PPI m/m|Core PPI m/m|FOMC,Neutral|Bad|Bad|Bad|Good,1,1,0,100.0,0.0,inf,2024-09
0.0,5,CPI m/m|Core CPI m/m|PPI m/m|Core PPI m/m|FOMC,Neutral|Neutral|Neutral|Neutral|Neutral,1,1,0,100.0,0.0,inf,2024-11
0.0,5,CPI m/m|Core CPI m/m|PPI m/m|Core PPI m/m|FOMC,Neutral|Neutral|Bad|Neutral|Neutral,1,0,1,0.0,100.0,0.0,2024-12
0.0,5,CPI m/m|Core CPI m/m|PPI m/m|Core PPI m/m|FOMC,Neutral|Good|Good|Good|Neutral,1,1,0,100.0,0.0,inf,2025-01
0.1,5,CPI m/m|Core CPI m/m|PPI m/m|Core PPI m/m|FOMC,Neutral|Neutral|Good|Good|Neutral,4,2,2,50.0,50.0,1.0,2023-03|2023-11|2024-06|2025-01
0.1,5,CPI m/m|Core CPI m/m|PPI m/m|Core PPI m/m|FOMC,Neutral|Bad|Neutral|Neutral|Neutral,1,1,0,100.0,0.0,inf,2023-05
0.1,5,CPI m/m|Core CPI m/m|PPI m/m|Core PPI m/m|FOMC,Neutral|Neutral|Good|Neutral|Neutral,1,0,1,0.0,100.0,0.0,2023-06
0.1,5,CPI m/m|Core CPI m/m|PPI m/m|Core PPI m/m|FOMC,Neutral|Neutral|Neutral|Neutral|Neutral,2,2,0,100.0,0.0,inf,2023-07|2024-11
0.1,5,CPI m/m|Core CPI m/m|PPI m/m|Core PPI m/m|FOMC,Neutral|Neutral|Bad|Neutral|Neutral,2,1,1,50.0,50.0,1.0,2023-09|2024-12
0.1,5,CPI m/m|Core CPI m/m|PPI m/m|Core PPI m/m|FOMC,Neutral|Neutral|Neutral|Good|Neutral,1,1,0,100.0,0.0,inf,2023-12
0.1,5,CPI m/m|Core CPI m/m|PPI m/m|Core PPI m/m|FOMC,Good|Neutral|Neutral|Bad|Neutral,1,0,1,0.0,100.0,0.0,2024-07
0.1,5,CPI m/m|Core CPI m/m|PPI m/m|Core PPI m/m|FOMC,Neutral|Neutral|Neutral|Neutral|Good,1,1,0,100.0,0.0,inf,2024-09
0.2,5,CPI m/m|Core CPI m/m|PPI m/m|Core PPI m/m|FOMC,Neutral|Neutral|Good|Good|Neutral,3,1,2,33.3,66.7,0.5,2023-03|2023-11|2024-06
0.2,5,CPI m/m|Core CPI m/m|PPI m/m|Core PPI m/m|FOMC,Neutral|Neutral|Neutral|Neutral|Neutral,8,5,3,62.5,37.5,1.67,2023-05|2023-06|2023-07|2023-12|2024-07|2024-11|2024-12|2025-01
0.2,5,CPI m/m|Core CPI m/m|PPI m/m|Core PPI m/m|FOMC,Neutral|Neutral|Bad|Neutral|Neutral,1,1,0,100.0,0.0,inf,2023-09
0.2,5,CPI m/m|Core CPI m/m|PPI m/m|Core PPI m/m|FOMC,Neutral|Neutral|Neutral|Neutral|Good,1,1,0,100.0,0.0,inf,2024-09
0.3,5,CPI m/m|Core CPI m/m|PPI m/m|Core PPI m/m|FOMC,Neutral|Neutral|Good|Good|Neutral,1,1,0,100.0,0.0,inf,2023-03
0.3,5,CPI m/m|Core CPI m/m|PPI m/m|Core PPI m/m|FOMC,Neutral|Neutral|Neutral|Neutral|Neutral,10,7,3,70.0,30.0,2.33,2023-05|2023-06|2023-07|2023-09|2023-12|2024-07|2024-09|2024-11|2024-12|2025-01
0.3,5,CPI m/m|Core CPI m/m|PPI m/m|Core PPI m/m|FOMC,Neutral|Neutral|Good|Neutral|Neutral,2,0,2,0.0,100.0,0.0,2023-11|2024-06
0.0,5,CPI m/m|Core CPI m/m|PPI m/m|Core PPI m/m|CPI y/y,Bad|Bad|Bad|Bad|Bad,6,3,3,50.0,50.0,1.0,2020-09|2021-04|2021-05|2021-06|2021-07|2022-02
0.0,5,CPI m/m|Core CPI m/m|PPI m/m|Core PPI m/m|CPI y/y,Bad|Bad|Neutral|Good|Neutral,1,1,0,100.0,0.0,inf,2020-12
0.0,5,CPI m/m|Core CPI m/m|PPI m/m|Core PPI m/m|CPI y/y,Neutral|Neutral|Good|Neutral|Neutral,2,2,0,100.0,0.0,inf,2021-01|2023-01
0.0,5,CPI m/m|Core CPI m/m|PPI m/m|Core PPI m/m|CPI y/y,Neutral|Good|Bad|Bad|Neutral,2,1,1,50.0,50.0,1.0,2021-02|2026-01
0.0,5,CPI m/m|Core CPI m/m|PPI m/m|Core PPI m/m|CPI y/y,Neutral|Good|Bad|Neutral|Neutral,1,0,1,0.0,100.0,0.0,2021-03
0.0,5,CPI m/m|Core CPI m/m|PPI m/m|Core PPI m/m|CPI y/y,Neutral|Good|Bad|Bad|Bad,2,2,0,100.0,0.0,inf,2021-08|2022-04
0.0,5,CPI m/m|Core CPI m/m|PPI m/m|Core PPI m/m|CPI y/y,Good|Good|Bad|Bad|Neutral,1,1,0,100.0,0.0,inf,2021-09
0.0,5,CPI m/m|Core CPI m/m|PPI m/m|Core PPI m/m|CPI y/y,Bad|Neutral|Good|Good|Bad,2,1,1,50.0,50.0,1.0,2021-10|2024-01
0.0,5,CPI m/m|Core CPI m/m|PPI m/m|Core PPI m/m|CPI y/y,Bad|Bad|Neutral|Good|Bad,3,3,0,100.0,0.0,inf,2021-11|2022-05|2022-06
0.0,5,CPI m/m|Core CPI m/m|PPI m/m|Core PPI m/m|CPI y/y,Bad|Neutral|Bad|Bad|Neutral,1,1,0,100.0,0.0,inf,2021-12
0.0,5,CPI m/m|Core CPI m/m|PPI m/m|Core PPI m/m|CPI y/y,Bad|Bad|Good|Neutral|Neutral,1,1,0,100.0,0.0,inf,2022-01
0.0,5,CPI m/m|Core CPI m/m|PPI m/m|Core PPI m/m|CPI y/y,Neutral|Neutral|Good|Good|Neutral,1,1,0,100.0,0.0,inf,2022-03
0.0,5,CPI m/m|Core CPI m/m|PPI m/m|Core PPI m/m|CPI y/y,Bad|Bad|Bad|Good|Bad,1,0,1,0.0,100.0,0.0,2022-07
0.0,5,CPI m/m|Core CPI m/m|PPI m/m|Core PPI m/m|CPI y/y,Good|Good|Good|Good|Good,9,6,3,66.7,33.3,2.0,2022-08|2022-11|2023-07|2023-11|2024-06|2025-03|2025-04|2025-05|2025-06
0.0,5,CPI m/m|Core CPI m/m|PPI m/m|Core PPI m/m|CPI y/y,Bad|Bad|Neutral|Bad|Bad,1,1,0,100.0,0.0,inf,2022-09
0.0,5,CPI m/m|Core CPI m/m|PPI m/m|Core PPI m/m|CPI y/y,Bad|Bad|Bad|Neutral|Bad,2,0,2,0.0,100.0,0.0,2022-10|2025-02
0.0,5,CPI m/m|Core CPI m/m|PPI m/m|Core PPI m/m|CPI y/y,Neutral|Neutral|Bad|Bad|Bad,1,0,1,0.0,100.0,0.0,2023-02
0.0,5,CPI m/m|Core CPI m/m|PPI m/m|Core PPI m/m|CPI y/y,Neutral|Bad|Good|Good|Neutral,1,1,0,100.0,0.0,inf,2023-03
0.0,5,CPI m/m|Core CPI m/m|PPI m/m|Core PPI m/m|CPI y/y,Good|Neutral|Good|Good|Good,1,1,0,100.0,0.0,inf,2023-04
0.0,5,CPI m/m|Core CPI m/m|PPI m/m|Core PPI m/m|CPI y/y,Neutral|Bad|Good|Neutral|Good,1,1,0,100.0,0.0,inf,2023-05
0.0,5,CPI m/m|Core CPI m/m|PPI m/m|Core PPI m/m|CPI y/y,Good|Neutral|Good|Neutral|Good,1,0,1,0.0,100.0,0.0,2023-06
0.0,5,CPI m/m|Core CPI m/m|PPI m/m|Core PPI m/m|CPI y/y,Neutral|Neutral|Bad|Bad|Good,2,1,1,50.0,50.0,1.0,2023-08|2025-08
0.0,5,CPI m/m|Core CPI m/m|PPI m/m|Core PPI m/m|CPI y/y,Neutral|Bad|Bad|Neutral|Bad,1,1,0,100.0,0.0,inf,2023-09
0.0,5,CPI m/m|Core CPI m/m|PPI m/m|Core PPI m/m|CPI y/y,Bad|Neutral|Bad|Bad|Bad,1,0,1,0.0,100.0,0.0,2023-10
0.0,5,CPI m/m|Core CPI m/m|PPI m/m|Core PPI m/m|CPI y/y,Bad|Neutral|Neutral|Good|Neutral,1,1,0,100.0,0.0,inf,2023-12
0.0,5,CPI m/m|Core CPI m/m|PPI m/m|Core PPI m/m|CPI y/y,Neutral|Bad|Bad|Bad|Bad,1,1,0,100.0,0.0,inf,2024-03
0.0,5,CPI m/m|Core CPI m/m|PPI m/m|Core PPI m/m|CPI y/y,Bad|Bad|Good|Neutral|Bad,1,1,0,100.0,0.0,inf,2024-04
0.0,5,CPI m/m|Core CPI m/m|PPI m/m|Core PPI m/m|CPI y/y,Good|Neutral|Bad|Bad|Neutral,1,1,0,100.0,0.0,inf,2024-05
0.0,5,CPI m/m|Core CPI m/m|PPI m/m|Core PPI m/m|CPI y/y,Good|Good|Bad|Bad|Good,1,0,1,0.0,100.0,0.0,2024-07
0.0,5,CPI m/m|Core CPI m/m|PPI m/m|Core PPI m/m|CPI y/y,Neutral|Neutral|Good|Good|Good,1,1,0,100.0,0.0,inf,2024-08
0.0,5,CPI m/m|Core CPI m/m|PPI m/m|Core PPI m/m|CPI y/y,Neutral|Bad|Bad|Bad|Neutral,1,1,0,100.0,0.0,inf,2024-09
0.0,5,CPI m/m|Core CPI m/m|PPI m/m|Core PPI m/m|CPI y/y,Neutral|Neutral|Neutral|Neutral|Neutral,1,1,0,100.0,0.0,inf,2024-11
0.0,5,CPI m/m|Core CPI m/m|PPI m/m|Core PPI m/m|CPI y/y,Neutral|Neutral|Bad|Neutral|Neutral,1,0,1,0.0,100.0,0.0,2024-12
0.0,5,CPI m/m|Core CPI m/m|PPI m/m|Core PPI m/m|CPI y/y,Neutral|Good|Good|Good|Neutral,1,1,0,100.0,0.0,inf,2025-01
0.0,5,CPI m/m|Core CPI m/m|PPI m/m|Core PPI m/m|CPI y/y,Neutral|Good|Good|Good|Bad,1,0,1,0.0,100.0,0.0,2025-07
0.0,5,CPI m/m|Core CPI m/m|PPI m/m|Core PPI m/m|CPI y/y,Bad|Neutral|Good|Good|Neutral,1,1,0,100.0,0.0,inf,2025-09
0.1,5,CPI m/m|Core CPI m/m|PPI m/m|Core PPI m/m|CPI y/y,Bad|Bad|Neutral|Bad|Bad,2,2,0,100.0,0.0,inf,2020-09|2022-09
0.1,5,CPI m/m|Core CPI m/m|PPI m/m|Core PPI m/m|CPI y/y,Neutral|Neutral|Neutral|Neutral|Neutral,5,3,2,60.0,40.0,1.5,2020-12|2021-03|2023-08|2024-09|2024-11
0.1,5,CPI m/m|Core CPI m/m|PPI m/m|Core PPI m/m|CPI y/y,Neutral|Neutral|Good|Neutral|Neutral,4,3,1,75.0,25.0,3.0,2021-01|2022-01|2023-01|2023-06
0.1,5,CPI m/m|Core CPI m/m|PPI m/m|Core PPI m/m|CPI y/y,Neutral|Good|Bad|Bad|Neutral,2,2,0,100.0,0.0,inf,2021-02|2022-04
0.1,5,CPI m/m|Core CPI m/m|PPI m/m|Core PPI m/m|CPI y/y,Neutral|Neutral|Bad|Bad|Bad,2,1,1,50.0,50.0,1.0,2021-04|2023-02
0.1,5,CPI m/m|Core CPI m/m|PPI m/m|Core PPI m/m|CPI y/y,Bad|Bad|Bad|Bad|Bad,3,1,2,33.3,66.7,0.5,2021-05|2021-06|2021-07
0.1,5,CPI m/m|Core CPI m/m|PPI m/m|Core PPI m/m|CPI y/y,Neutral|Good|Bad|Bad|Bad,1,1,0,100.0,0.0,inf,2021-08
0.1,5,CPI m/m|Core CPI m/m|PPI m/m|Core PPI m/m|CPI y/y,Good|Good|Neutral|Neutral|Neutral,1,1,0,100.0,0.0,inf,2021-09
0.1,5,CPI m/m|Core CPI m/m|PPI m/m|Core PPI m/m|CPI y/y,Bad|Neutral|Neutral|Good|Bad,1,1,0,100.0,0.0,inf,2021-10
0.1,5,CPI m/m|Core CPI m/m|PPI m/m|Core PPI m/m|CPI y/y,Bad|Bad|Neutral|Neutral|Bad,2,2,0,100.0,0.0,inf,2021-11|2024-04
0.1,5,CPI m/m|Core CPI m/m|PPI m/m|Core PPI m/m|CPI y/y,Bad|Neutral|Bad|Bad|Neutral,1,1,0,100.0,0.0,inf,2021-12
0.1,5,CPI m/m|Core CPI m/m|PPI m/m|Core PPI m/m|CPI y/y,Bad|Neutral|Bad|Bad|Bad,1,0,1,0.0,100.0,0.0,2022-02
0.1,5,CPI m/m|Core CPI m/m|PPI m/m|Core PPI m/m|CPI y/y,Neutral|Neutral|Good|Good|Neutral,5,4,1,80.0,20.0,4.0,2022-03|2023-03|2023-04|2023-11|2025-01
0.1,5,CPI m/m|Core CPI m/m|PPI m/m|Core PPI m/m|CPI y/y,Neutral|Bad|Neutral|Good|Bad,1,1,0,100.0,0.0,inf,2022-05
0.1,5,CPI m/m|Core CPI m/m|PPI m/m|Core PPI m/m|CPI y/y,Bad|Neutral|Neutral|Neutral|Bad,1,1,0,100.0,0.0,inf,2022-06
0.1,5,CPI m/m|Core CPI m/m|PPI m/m|Core PPI m/m|CPI y/y,Bad|Bad|Bad|Neutral|Bad,2,0,2,0.0,100.0,0.0,2022-07|2025-02
0.1,5,CPI m/m|Core CPI m/m|PPI m/m|Core PPI m/m|CPI y/y,Good|Good|Good|Good|Good,3,3,0,100.0,0.0,inf,2022-08|2022-11|2025-04
0.1,5,CPI m/m|Core CPI m/m|PPI m/m|Core PPI m/m|CPI y/y,Bad|Bad|Bad|Neutral|Neutral,1,0,1,0.0,100.0,0.0,2022-10
0.1,5,CPI m/m|Core CPI m/m|PPI m/m|Core PPI m/m|CPI y/y,Neutral|Bad|Neutral|Neutral|Neutral,1,1,0,100.0,0.0,inf,2023-05
0.1,5,CPI m/m|Core CPI m/m|PPI m/m|Core PPI m/m|CPI y/y,Neutral|Neutral|Neutral|Neutral|Good,1,1,0,100.0,0.0,inf,2023-07
0.1,5,CPI m/m|Core CPI m/m|PPI m/m|Core PPI m/m|CPI y/y,Neutral|Neutral|Bad|Neutral|Bad,1,1,0,100.0,0.0,inf,2023-09
0.1,5,CPI m/m|Core CPI m/m|PPI m/m|Core PPI m/m|CPI y/y,Bad|Neutral|Bad|Neutral|Bad,1,0,1,0.0,100.0,0.0,2023-10
0.1,5,CPI m/m|Core CPI m/m|PPI m/m|Core PPI m/m|CPI y/y,Neutral|Neutral|Neutral|Good|Neutral,1,1,0,100.0,0.0,inf,2023-12
0.1,5,CPI m/m|Core CPI m/m|PPI m/m|Core PPI m/m|CPI y/y,Neutral|Neutral|Good|Good|Bad,2,0,2,0.0,100.0,0.0,2024-01|2025-07
0.1,5,CPI m/m|Core CPI m/m|PPI m/m|Core PPI m/m|CPI y/y,Neutral|Bad|Bad|Neutral|Bad,1,1,0,100.0,0.0,inf,2024-03
0.1,5,CPI m/m|Core CPI m/m|PPI m/m|Core PPI m/m|CPI y/y,Good|Neutral|Bad|Bad|Neutral,1,1,0,100.0,0.0,inf,2024-05
0.1,5,CPI m/m|Core CPI m/m|PPI m/m|Core PPI m/m|CPI y/y,Neutral|Neutral|Good|Good|Good,3,2,1,66.7,33.3,2.0,2024-06|2025-03|2025-05
0.1,5,CPI m/m|Core CPI m/m|PPI m/m|Core PPI m/m|CPI y/y,Good|Neutral|Neutral|Bad|Good,1,0,1,0.0,100.0,0.0,2024-07
0.1,5,CPI m/m|Core CPI m/m|PPI m/m|Core PPI m/m|CPI y/y,Neutral|Neutral|Neutral|Good|Good,1,1,0,100.0,0.0,inf,2024-08
0.1,5,CPI m/m|Core CPI m/m|PPI m/m|Core PPI m/m|CPI y/y,Neutral|Neutral|Bad|Neutral|Neutral,1,0,1,0.0,100.0,0.0,2024-12
0.1,5,CPI m/m|Core CPI m/m|PPI m/m|Core PPI m/m|CPI y/y,Neutral|Good|Neutral|Good|Good,1,0,1,0.0,100.0,0.0,2025-06
0.1,5,CPI m/m|Core CPI m/m|PPI m/m|Core PPI m/m|CPI y/y,Neutral|Neutral|Bad|Bad|Neutral,2,1,1,50.0,50.0,1.0,2025-08|2026-01
0.1,5,CPI m/m|Core CPI m/m|PPI m/m|Core PPI m/m|CPI y/y,Bad|Neutral|Good|Good|Neutral,1,1,0,100.0,0.0,inf,2025-09
0.2,5,CPI m/m|Core CPI m/m|PPI m/m|Core PPI m/m|CPI y/y,Neutral|Neutral|Neutral|Neutral|Neutral,25,13,12,52.0,48.0,1.08,2020-09|2020-12|2021-01|2021-03|2021-09|2022-01|2022-10|2023-05|2023-06|2023-07|2023-08|2023-10|2023-12|2024-01|2024-04|2024-07|2024-08|2024-09|2024-11|2024-12|2025-01|2025-02|2025-06|2025-07|2026-01
0.2,5,CPI m/m|Core CPI m/m|PPI m/m|Core PPI m/m|CPI y/y,Neutral|Neutral|Bad|Bad|Neutral,6,6,0,100.0,0.0,inf,2021-02|2021-04|2021-08|2021-12|2022-04|2025-08
0.2,5,CPI m/m|Core CPI m/m|PPI m/m|Core PPI m/m|CPI y/y,Bad|Bad|Bad|Bad|Bad,2,1,1,50.0,50.0,1.0,2021-05|2021-07
0.2,5,CPI m/m|Core CPI m/m|PPI m/m|Core PPI m/m|CPI y/y,Neutral|Neutral|Bad|Neutral|Bad,3,0,3,0.0,100.0,0.0,2021-06|2022-07|2023-02
0.2,5,CPI m/m|Core CPI m/m|PPI m/m|Core PPI m/m|CPI y/y,Neutral|Neutral|Neutral|Good|Neutral,2,2,0,100.0,0.0,inf,2021-10|2022-03
0.2,5,CPI m/m|Core CPI m/m|PPI m/m|Core PPI m/m|CPI y/y,Bad|Neutral|Neutral|Neutral|Bad,2,2,0,100.0,0.0,inf,2021-11|2022-06
0.2,5,CPI m/m|Core CPI m/m|PPI m/m|Core PPI m/m|CPI y/y,Neutral|Neutral|Bad|Bad|Bad,1,0,1,0.0,100.0,0.0,2022-02
0.2,5,CPI m/m|Core CPI m/m|PPI m/m|Core PPI m/m|CPI y/y,Neutral|Neutral|Neutral|Neutral|Bad,1,1,0,100.0,0.0,inf,2022-05
0.2,5,CPI m/m|Core CPI m/m|PPI m/m|Core PPI m/m|CPI y/y,Neutral|Neutral|Good|Neutral|Neutral,2,2,0,100.0,0.0,inf,2022-08|2023-01
0.2,5,CPI m/m|Core CPI m/m|PPI m/m|Core PPI m/m|CPI y/y,Neutral|Bad|Neutral|Neutral|Bad,1,1,0,100.0,0.0,inf,2022-09
0.2,5,CPI m/m|Core CPI m/m|PPI m/m|Core PPI m/m|CPI y/y,Neutral|Neutral|Neutral|Good|Good,1,1,0,100.0,0.0,inf,2022-11
0.2,5,CPI m/m|Core CPI m/m|PPI m/m|Core PPI m/m|CPI y/y,Neutral|Neutral|Good|Good|Neutral,8,6,2,75.0,25.0,3.0,2023-03|2023-04|2023-11|2024-06|2025-03|2025-04|2025-05|2025-09
0.2,5,CPI m/m|Core CPI m/m|PPI m/m|Core PPI m/m|CPI y/y,Neutral|Neutral|Bad|Neutral|Neutral,2,2,0,100.0,0.0,inf,2023-09|2024-03
0.2,5,CPI m/m|Core CPI m/m|PPI m/m|Core PPI m/m|CPI y/y,Neutral|Neutral|Neutral|Bad|Neutral,1,1,0,100.0,0.0,inf,2024-05
0.3,5,CPI m/m|Core CPI m/m|PPI m/m|Core PPI m/m|CPI y/y,Neutral|Neutral|Neutral|Neutral|Neutral,33,20,13,60.6,39.4,1.54,2020-09|2020-12|2021-01|2021-03|2021-09|2021-10|2022-01|2022-05|2022-09|2022-10|2022-11|2023-02|2023-05|2023-06|2023-07|2023-08|2023-09|2023-10|2023-12|2024-01|2024-03|2024-04|2024-05|2024-07|2024-08|2024-09|2024-11|2024-12|2025-01|2025-02|2025-06|2025-07|2026-01
0.3,5,CPI m/m|Core CPI m/m|PPI m/m|Core PPI m/m|CPI y/y,Neutral|Neutral|Bad|Bad|Neutral,5,4,1,80.0,20.0,4.0,2021-02|2021-04|2021-08|2022-02|2025-08
0.3,5,CPI m/m|Core CPI m/m|PPI m/m|Core PPI m/m|CPI y/y,Bad|Bad|Neutral|Neutral|Bad,1,0,1,0.0,100.0,0.0,2021-05
0.3,5,CPI m/m|Core CPI m/m|PPI m/m|Core PPI m/m|CPI y/y,Neutral|Neutral|Bad|Neutral|Neutral,2,1,1,50.0,50.0,1.0,2021-06|2021-12
0.3,5,CPI m/m|Core CPI m/m|PPI m/m|Core PPI m/m|CPI y/y,Bad|Bad|Bad|Bad|Bad,1,1,0,100.0,0.0,inf,2021-07
0.3,5,CPI m/m|Core CPI m/m|PPI m/m|Core PPI m/m|CPI y/y,Bad|Neutral|Neutral|Neutral|Neutral,2,2,0,100.0,0.0,inf,2021-11|2022-06
0.3,5,CPI m/m|Core CPI m/m|PPI m/m|Core PPI m/m|CPI y/y,Neutral|Neutral|Neutral|Good|Neutral,2,2,0,100.0,0.0,inf,2022-03|2025-03
0.3,5,CPI m/m|Core CPI m/m|PPI m/m|Core PPI m/m|CPI y/y,Neutral|Neutral|Neutral|Bad|Neutral,1,1,0,100.0,0.0,inf,2022-04
0.3,5,CPI m/m|Core CPI m/m|PPI m/m|Core PPI m/m|CPI y/y,Neutral|Neutral|Bad|Neutral|Bad,1,0,1,0.0,100.0,0.0,2022-07
0.3,5,CPI m/m|Core CPI m/m|PPI m/m|Core PPI m/m|CPI y/y,Neutral|Neutral|Good|Neutral|Neutral,4,2,2,50.0,50.0,1.0,2022-08|2023-01|2023-11|2024-06
0.3,5,CPI m/m|Core CPI m/m|PPI m/m|Core PPI m/m|CPI y/y,Neutral|Neutral|Good|Good|Neutral,5,5,0,100.0,0.0,inf,2023-03|2023-04|2025-04|2025-05|2025-09
0.0,5,CPI m/m|Core CPI m/m|PPI m/m|FOMC|CPI y/y,Neutral|Bad|Good|Neutral|Neutral,1,1,0,100.0,0.0,inf,2023-03
0.0,5,CPI m/m|Core CPI m/m|PPI m/m|FOMC|CPI y/y,Neutral|Bad|Good|Neutral|Good,1,1,0,100.0,0.0,inf,2023-05
0.0,5,CPI m/m|Core CPI m/m|PPI m/m|FOMC|CPI y/y,Good|Neutral|Good|Neutral|Good,1,0,1,0.0,100.0,0.0,2023-06
0.0,5,CPI m/m|Core CPI m/m|PPI m/m|FOMC|CPI y/y,Good|Good|Good|Neutral|Good,3,1,2,33.3,66.7,0.5,2023-07|2023-11|2024-06
0.0,5,CPI m/m|Core CPI m/m|PPI m/m|FOMC|CPI y/y,Neutral|Bad|Bad|Neutral|Bad,1,1,0,100.0,0.0,inf,2023-09
0.0,5,CPI m/m|Core CPI m/m|PPI m/m|FOMC|CPI y/y,Bad|Neutral|Neutral|Neutral|Neutral,1,1,0,100.0,0.0,inf,2023-12
0.0,5,CPI m/m|Core CPI m/m|PPI m/m|FOMC|CPI y/y,Good|Good|Bad|Neutral|Good,1,0,1,0.0,100.0,0.0,2024-07
0.0,5,CPI m/m|Core CPI m/m|PPI m/m|FOMC|CPI y/y,Neutral|Bad|Bad|Good|Neutral,1,1,0,100.0,0.0,inf,2024-09
0.0,5,CPI m/m|Core CPI m/m|PPI m/m|FOMC|CPI y/y,Neutral|Neutral|Neutral|Neutral|Neutral,1,1,0,100.0,0.0,inf,2024-11
0.0,5,CPI m/m|Core CPI m/m|PPI m/m|FOMC|CPI y/y,Neutral|Neutral|Bad|Neutral|Neutral,1,0,1,0.0,100.0,0.0,2024-12
0.0,5,CPI m/m|Core CPI m/m|PPI m/m|FOMC|CPI y/y,Neutral|Good|Good|Neutral|Neutral,1,1,0,100.0,0.0,inf,2025-01
0.1,5,CPI m/m|Core CPI m/m|PPI m/m|FOMC|CPI y/y,Neutral|Neutral|Good|Neutral|Neutral,4,2,2,50.0,50.0,1.0,2023-03|2023-06|2023-11|2025-01
0.1,5,CPI m/m|Core CPI m/m|PPI m/m|FOMC|CPI y/y,Neutral|Bad|Neutral|Neutral|Neutral,1,1,0,100.0,0.0,inf,2023-05
0.1,5,CPI m/m|Core CPI m/m|PPI m/m|FOMC|CPI y/y,Neutral|Neutral|Neutral|Neutral|Good,1,1,0,100.0,0.0,inf,2023-07
0.1,5,CPI m/m|Core CPI m/m|PPI m/m|FOMC|CPI y/y,Neutral|Neutral|Bad|Neutral|Bad,1,1,0,100.0,0.0,inf,2023-09
0.1,5,CPI m/m|Core CPI m/m|PPI m/m|FOMC|CPI y/y,Neutral|Neutral|Neutral|Neutral|Neutral,2,2,0,100.0,0.0,inf,2023-12|2024-11
0.1,5,CPI m/m|Core CPI m/m|PPI m/m|FOMC|CPI y/y,Neutral|Neutral|Good|Neutral|Good,1,0,1,0.0,100.0,0.0,2024-06
0.1,5,CPI m/m|Core CPI m/m|PPI m/m|FOMC|CPI y/y,Good|Neutral|Neutral|Neutral|Good,1,0,1,0.0,100.0,0.0,2024-07
0.1,5,CPI m/m|Core CPI m/m|PPI m/m|FOMC|CPI y/y,Neutral|Neutral|Neutral|Good|Neutral,1,1,0,100.0,0.0,inf,2024-09
0.1,5,CPI m/m|Core CPI m/m|PPI m/m|FOMC|CPI y/y,Neutral|Neutral|Bad|Neutral|Neutral,1,0,1,0.0,100.0,0.0,2024-12
0.2,5,CPI m/m|Core CPI m/m|PPI m/m|FOMC|CPI y/y,Neutral|Neutral|Good|Neutral|Neutral,3,1,2,33.3,66.7,0.5,2023-03|2023-11|2024-06
0.2,5,CPI m/m|Core CPI m/m|PPI m/m|FOMC|CPI y/y,Neutral|Neutral|Neutral|Neutral|Neutral,8,5,3,62.5,37.5,1.67,2023-05|2023-06|2023-07|2023-12|2024-07|2024-11|2024-12|2025-01
0.2,5,CPI m/m|Core CPI m/m|PPI m/m|FOMC|CPI y/y,Neutral|Neutral|Bad|Neutral|Neutral,1,1,0,100.0,0.0,inf,2023-09
0.2,5,CPI m/m|Core CPI m/m|PPI m/m|FOMC|CPI y/y,Neutral|Neutral|Neutral|Good|Neutral,1,1,0,100.0,0.0,inf,2024-09
0.3,5,CPI m/m|Core CPI m/m|PPI m/m|FOMC|CPI y/y,Neutral|Neutral|Good|Neutral|Neutral,3,1,2,33.3,66.7,0.5,2023-03|2023-11|2024-06
0.3,5,CPI m/m|Core CPI m/m|PPI m/m|FOMC|CPI y/y,Neutral|Neutral|Neutral|Neutral|Neutral,10,7,3,70.0,30.0,2.33,2023-05|2023-06|2023-07|2023-09|2023-12|2024-07|2024-09|2024-11|2024-12|2025-01
0.0,5,CPI m/m|Core CPI m/m|Core PPI m/m|FOMC|CPI y/y,Neutral|Bad|Good|Neutral|Neutral,1,1,0,100.0,0.0,inf,2023-03
0.0,5,CPI m/m|Core CPI m/m|Core PPI m/m|FOMC|CPI y/y,Neutral|Bad|Neutral|Neutral|Good,1,1,0,100.0,0.0,inf,2023-05
0.0,5,CPI m/m|Core CPI m/m|Core PPI m/m|FOMC|CPI y/y,Good|Neutral|Neutral|Neutral|Good,1,0,1,0.0,100.0,0.0,2023-06
0.0,5,CPI m/m|Core CPI m/m|Core PPI m/m|FOMC|CPI y/y,Good|Good|Good|Neutral|Good,3,1,2,33.3,66.7,0.5,2023-07|2023-11|2024-06
0.0,5,CPI m/m|Core CPI m/m|Core PPI m/m|FOMC|CPI y/y,Neutral|Bad|Neutral|Neutral|Bad,1,1,0,100.0,0.0,inf,2023-09
0.0,5,CPI m/m|Core CPI m/m|Core PPI m/m|FOMC|CPI y/y,Bad|Neutral|Good|Neutral|Neutral,1,1,0,100.0,0.0,inf,2023-12
0.0,5,CPI m/m|Core CPI m/m|Core PPI m/m|FOMC|CPI y/y,Good|Good|Bad|Neutral|Good,1,0,1,0.0,100.0,0.0,2024-07
0.0,5,CPI m/m|Core CPI m/m|Core PPI m/m|FOMC|CPI y/y,Neutral|Bad|Bad|Good|Neutral,1,1,0,100.0,0.0,inf,2024-09
0.0,5,CPI m/m|Core CPI m/m|Core PPI m/m|FOMC|CPI y/y,Neutral|Neutral|Neutral|Neutral|Neutral,2,1,1,50.0,50.0,1.0,2024-11|2024-12
0.0,5,CPI m/m|Core CPI m/m|Core PPI m/m|FOMC|CPI y/y,Neutral|Good|Good|Neutral|Neutral,1,1,0,100.0,0.0,inf,2025-01
0.1,5,CPI m/m|Core CPI m/m|Core PPI m/m|FOMC|CPI y/y,Neutral|Neutral|Good|Neutral|Neutral,4,3,1,75.0,25.0,3.0,2023-03|2023-11|2023-12|2025-01
0.1,5,CPI m/m|Core CPI m/m|Core PPI m/m|FOMC|CPI y/y,Neutral|Bad|Neutral|Neutral|Neutral,1,1,0,100.0,0.0,inf,2023-05
0.1,5,CPI m/m|Core CPI m/m|Core PPI m/m|FOMC|CPI y/y,Neutral|Neutral|Neutral|Neutral|Neutral,3,1,2,33.3,66.7,0.5,2023-06|2024-11|2024-12
0.1,5,CPI m/m|Core CPI m/m|Core PPI m/m|FOMC|CPI y/y,Neutral|Neutral|Neutral|Neutral|Good,1,1,0,100.0,0.0,inf,2023-07
0.1,5,CPI m/m|Core CPI m/m|Core PPI m/m|FOMC|CPI y/y,Neutral|Neutral|Neutral|Neutral|Bad,1,1,0,100.0,0.0,inf,2023-09
0.1,5,CPI m/m|Core CPI m/m|Core PPI m/m|FOMC|CPI y/y,Neutral|Neutral|Good|Neutral|Good,1,0,1,0.0,100.0,0.0,2024-06
0.1,5,CPI m/m|Core CPI m/m|Core PPI m/m|FOMC|CPI y/y,Good|Neutral|Bad|Neutral|Good,1,0,1,0.0,100.0,0.0,2024-07
0.1,5,CPI m/m|Core CPI m/m|Core PPI m/m|FOMC|CPI y/y,Neutral|Neutral|Neutral|Good|Neutral,1,1,0,100.0,0.0,inf,2024-09
0.2,5,CPI m/m|Core CPI m/m|Core PPI m/m|FOMC|CPI y/y,Neutral|Neutral|Good|Neutral|Neutral,3,1,2,33.3,66.7,0.5,2023-03|2023-11|2024-06
0.2,5,CPI m/m|Core CPI m/m|Core PPI m/m|FOMC|CPI y/y,Neutral|Neutral|Neutral|Neutral|Neutral,9,6,3,66.7,33.3,2.0,2023-05|2023-06|2023-07|2023-09|2023-12|2024-07|2024-11|2024-12|2025-01
0.2,5,CPI m/m|Core CPI m/m|Core PPI m/m|FOMC|CPI y/y,Neutral|Neutral|Neutral|Good|Neutral,1,1,0,100.0,0.0,inf,2024-09
0.3,5,CPI m/m|Core CPI m/m|Core PPI m/m|FOMC|CPI y/y,Neutral|Neutral|Good|Neutral|Neutral,1,1,0,100.0,0.0,inf,2023-03
0.3,5,CPI m/m|Core CPI m/m|Core PPI m/m|FOMC|CPI y/y,Neutral|Neutral|Neutral|Neutral|Neutral,12,7,5,58.3,41.7,1.4,2023-05|2023-06|2023-07|2023-09|2023-11|2023-12|2024-06|2024-07|2024-09|2024-11|2024-12|2025-01
0.0,5,CPI m/m|PPI m/m|Core PPI m/m|FOMC|CPI y/y,Neutral|Good|Good|Neutral|Neutral,2,2,0,100.0,0.0,inf,2023-03|2025-01
0.0,5,CPI m/m|PPI m/m|Core PPI m/m|FOMC|CPI y/y,Neutral|Good|Neutral|Neutral|Good,1,1,0,100.0,0.0,inf,2023-05
0.0,5,CPI m/m|PPI m/m|Core PPI m/m|FOMC|CPI y/y,Good|Good|Neutral|Neutral|Good,1,0,1,0.0,100.0,0.0,2023-06
0.0,5,CPI m/m|PPI m/m|Core PPI m/m|FOMC|CPI y/y,Good|Good|Good|Neutral|Good,3,1,2,33.3,66.7,0.5,2023-07|2023-11|2024-06
0.0,5,CPI m/m|PPI m/m|Core PPI m/m|FOMC|CPI y/y,Neutral|Bad|Neutral|Neutral|Bad,1,1,0,100.0,0.0,inf,2023-09
0.0,5,CPI m/m|PPI m/m|Core PPI m/m|FOMC|CPI y/y,Bad|Neutral|Good|Neutral|Neutral,1,1,0,100.0,0.0,inf,2023-12
0.0,5,CPI m/m|PPI m/m|Core PPI m/m|FOMC|CPI y/y,Good|Bad|Bad|Neutral|Good,1,0,1,0.0,100.0,0.0,2024-07
0.0,5,CPI m/m|PPI m/m|Core PPI m/m|FOMC|CPI y/y,Neutral|Bad|Bad|Good|Neutral,1,1,0,100.0,0.0,inf,2024-09
0.0,5,CPI m/m|PPI m/m|Core PPI m/m|FOMC|CPI y/y,Neutral|Neutral|Neutral|Neutral|Neutral,1,1,0,100.0,0.0,inf,2024-11
0.0,5,CPI m/m|PPI m/m|Core PPI m/m|FOMC|CPI y/y,Neutral|Bad|Neutral|Neutral|Neutral,1,0,1,0.0,100.0,0.0,2024-12
0.1,5,CPI m/m|PPI m/m|Core PPI m/m|FOMC|CPI y/y,Neutral|Good|Good|Neutral|Neutral,3,2,1,66.7,33.3,2.0,2023-03|2023-11|2025-01
0.1,5,CPI m/m|PPI m/m|Core PPI m/m|FOMC|CPI y/y,Neutral|Neutral|Neutral|Neutral|Neutral,2,2,0,100.0,0.0,inf,2023-05|2024-11
0.1,5,CPI m/m|PPI m/m|Core PPI m/m|FOMC|CPI y/y,Neutral|Good|Neutral|Neutral|Neutral,1,0,1,0.0,100.0,0.0,2023-06
0.1,5,CPI m/m|PPI m/m|Core PPI m/m|FOMC|CPI y/y,Neutral|Neutral|Neutral|Neutral|Good,1,1,0,100.0,0.0,inf,2023-07
0.1,5,CPI m/m|PPI m/m|Core PPI m/m|FOMC|CPI y/y,Neutral|Bad|Neutral|Neutral|Bad,1,1,0,100.0,0.0,inf,2023-09
0.1,5,CPI m/m|PPI m/m|Core PPI m/m|FOMC|CPI y/y,Neutral|Neutral|Good|Neutral|Neutral,1,1,0,100.0,0.0,inf,2023-12
0.1,5,CPI m/m|PPI m/m|Core PPI m/m|FOMC|CPI y/y,Neutral|Good|Good|Neutral|Good,1,0,1,0.0,100.0,0.0,2024-06
0.1,5,CPI m/m|PPI m/m|Core PPI m/m|FOMC|CPI y/y,Good|Neutral|Bad|Neutral|Good,1,0,1,0.0,100.0,0.0,2024-07
0.1,5,CPI m/m|PPI m/m|Core PPI m/m|FOMC|CPI y/y,Neutral|Neutral|Neutral|Good|Neutral,1,1,0,100.0,0.0,inf,2024-09
0.1,5,CPI m/m|PPI m/m|Core PPI m/m|FOMC|CPI y/y,Neutral|Bad|Neutral|Neutral|Neutral,1,0,1,0.0,100.0,0.0,2024-12
0.2,5,CPI m/m|PPI m/m|Core PPI m/m|FOMC|CPI y/y,Neutral|Good|Good|Neutral|Neutral,3,1,2,33.3,66.7,0.5,2023-03|2023-11|2024-06
0.2,5,CPI m/m|PPI m/m|Core PPI m/m|FOMC|CPI y/y,Neutral|Neutral|Neutral|Neutral|Neutral,8,5,3,62.5,37.5,1.67,2023-05|2023-06|2023-07|2023-12|2024-07|2024-11|2024-12|2025-01
0.2,5,CPI m/m|PPI m/m|Core PPI m/m|FOMC|CPI y/y,Neutral|Bad|Neutral|Neutral|Neutral,1,1,0,100.0,0.0,inf,2023-09
0.2,5,CPI m/m|PPI m/m|Core PPI m/m|FOMC|CPI y/y,Neutral|Neutral|Neutral|Good|Neutral,1,1,0,100.0,0.0,inf,2024-09
0.3,5,CPI m/m|PPI m/m|Core PPI m/m|FOMC|CPI y/y,Neutral|Good|Good|Neutral|Neutral,1,1,0,100.0,0.0,inf,2023-03
0.3,5,CPI m/m|PPI m/m|Core PPI m/m|FOMC|CPI y/y,Neutral|Neutral|Neutral|Neutral|Neutral,10,7,3,70.0,30.0,2.33,2023-05|2023-06|2023-07|2023-09|2023-12|2024-07|2024-09|2024-11|2024-12|2025-01
0.3,5,CPI m/m|PPI m/m|Core PPI m/m|FOMC|CPI y/y,Neutral|Good|Neutral|Neutral|Neutral,2,0,2,0.0,100.0,0.0,2023-11|2024-06
0.0,5,Core CPI m/m|PPI m/m|Core PPI m/m|FOMC|CPI y/y,Bad|Good|Good|Neutral|Neutral,1,1,0,100.0,0.0,inf,2023-03
0.0,5,Core CPI m/m|PPI m/m|Core PPI m/m|FOMC|CPI y/y,Bad|Good|Neutral|Neutral|Good,1,1,0,100.0,0.0,inf,2023-05
0.0,5,Core CPI m/m|PPI m/m|Core PPI m/m|FOMC|CPI y/y,Neutral|Good|Neutral|Neutral|Good,1,0,1,0.0,100.0,0.0,2023-06
0.0,5,Core CPI m/m|PPI m/m|Core PPI m/m|FOMC|CPI y/y,Good|Good|Good|Neutral|Good,3,1,2,33.3,66.7,0.5,2023-07|2023-11|2024-06
0.0,5,Core CPI m/m|PPI m/m|Core PPI m/m|FOMC|CPI y/y,Bad|Bad|Neutral|Neutral|Bad,1,1,0,100.0,0.0,inf,2023-09
0.0,5,Core CPI m/m|PPI m/m|Core PPI m/m|FOMC|CPI y/y,Neutral|Neutral|Good|Neutral|Neutral,1,1,0,100.0,0.0,inf,2023-12
0.0,5,Core CPI m/m|PPI m/m|Core PPI m/m|FOMC|CPI y/y,Good|Bad|Bad|Neutral|Good,1,0,1,0.0,100.0,0.0,2024-07
0.0,5,Core CPI m/m|PPI m/m|Core PPI m/m|FOMC|CPI y/y,Bad|Bad|Bad|Good|Neutral,1,1,0,100.0,0.0,inf,2024-09
0.0,5,Core CPI m/m|PPI m/m|Core PPI m/m|FOMC|CPI y/y,Neutral|Neutral|Neutral|Neutral|Neutral,1,1,0,100.0,0.0,inf,2024-11
0.0,5,Core CPI m/m|PPI m/m|Core PPI m/m|FOMC|CPI y/y,Neutral|Bad|Neutral|Neutral|Neutral,1,0,1,0.0,100.0,0.0,2024-12
0.0,5,Core CPI m/m|PPI m/m|Core PPI m/m|FOMC|CPI y/y,Good|Good|Good|Neutral|Neutral,1,1,0,100.0,0.0,inf,2025-01
0.1,5,Core CPI m/m|PPI m/m|Core PPI m/m|FOMC|CPI y/y,Neutral|Good|Good|Neutral|Neutral,3,2,1,66.7,33.3,2.0,2023-03|2023-11|2025-01
0.1,5,Core CPI m/m|PPI m/m|Core PPI m/m|FOMC|CPI y/y,Bad|Neutral|Neutral|Neutral|Neutral,1,1,0,100.0,0.0,inf,2023-05
0.1,5,Core CPI m/m|PPI m/m|Core PPI m/m|FOMC|CPI y/y,Neutral|Good|Neutral|Neutral|Neutral,1,0,1,0.0,100.0,0.0,2023-06
0.1,5,Core CPI m/m|PPI m/m|Core PPI m/m|FOMC|CPI y/y,Neutral|Neutral|Neutral|Neutral|Good,1,1,0,100.0,0.0,inf,2023-07
0.1,5,Core CPI m/m|PPI m/m|Core PPI m/m|FOMC|CPI y/y,Neutral|Bad|Neutral|Neutral|Bad,1,1,0,100.0,0.0,inf,2023-09
0.1,5,Core CPI m/m|PPI m/m|Core PPI m/m|FOMC|CPI y/y,Neutral|Neutral|Good|Neutral|Neutral,1,1,0,100.0,0.0,inf,2023-12
0.1,5,Core CPI m/m|PPI m/m|Core PPI m/m|FOMC|CPI y/y,Neutral|Good|Good|Neutral|Good,1,0,1,0.0,100.0,0.0,2024-06
0.1,5,Core CPI m/m|PPI m/m|Core PPI m/m|FOMC|CPI y/y,Neutral|Neutral|Bad|Neutral|Good,1,0,1,0.0,100.0,0.0,2024-07
0.1,5,Core CPI m/m|PPI m/m|Core PPI m/m|FOMC|CPI y/y,Neutral|Neutral|Neutral|Good|Neutral,1,1,0,100.0,0.0,inf,2024-09
0.1,5,Core CPI m/m|PPI m/m|Core PPI m/m|FOMC|CPI y/y,Neutral|Neutral|Neutral|Neutral|Neutral,1,1,0,100.0,0.0,inf,2024-11
0.1,5,Core CPI m/m|PPI m/m|Core PPI m/m|FOMC|CPI y/y,Neutral|Bad|Neutral|Neutral|Neutral,1,0,1,0.0,100.0,0.0,2024-12
0.2,5,Core CPI m/m|PPI m/m|Core PPI m/m|FOMC|CPI y/y,Neutral|Good|Good|Neutral|Neutral,3,1,2,33.3,66.7,0.5,2023-03|2023-11|2024-06
0.2,5,Core CPI m/m|PPI m/m|Core PPI m/m|FOMC|CPI y/y,Neutral|Neutral|Neutral|Neutral|Neutral,8,5,3,62.5,37.5,1.67,2023-05|2023-06|2023-07|2023-12|2024-07|2024-11|2024-12|2025-01
0.2,5,Core CPI m/m|PPI m/m|Core PPI m/m|FOMC|CPI y/y,Neutral|Bad|Neutral|Neutral|Neutral,1,1,0,100.0,0.0,inf,2023-09
0.2,5,Core CPI m/m|PPI m/m|Core PPI m/m|FOMC|CPI y/y,Neutral|Neutral|Neutral|Good|Neutral,1,1,0,100.0,0.0,inf,2024-09
0.3,5,Core CPI m/m|PPI m/m|Core PPI m/m|FOMC|CPI y/y,Neutral|Good|Good|Neutral|Neutral,1,1,0,100.0,0.0,inf,2023-03
0.3,5,Core CPI m/m|PPI m/m|Core PPI m/m|FOMC|CPI y/y,Neutral|Neutral|Neutral|Neutral|Neutral,10,7,3,70.0,30.0,2.33,2023-05|2023-06|2023-07|2023-09|2023-12|2024-07|2024-09|2024-11|2024-12|2025-01
0.3,5,Core CPI m/m|PPI m/m|Core PPI m/m|FOMC|CPI y/y,Neutral|Good|Neutral|Neutral|Neutral,2,0,2,0.0,100.0,0.0,2023-11|2024-06
0.0,6,CPI m/m|Core CPI m/m|PPI m/m|Core PPI m/m|FOMC|CPI y/y,Neutral|Bad|Good|Good|Neutral|Neutral,1,1,0,100.0,0.0,inf,2023-03
0.0,6,CPI m/m|Core CPI m/m|PPI m/m|Core PPI m/m|FOMC|CPI y/y,Neutral|Bad|Good|Neutral|Neutral|Good,1,1,0,100.0,0.0,inf,2023-05
0.0,6,CPI m/m|Core CPI m/m|PPI m/m|Core PPI m/m|FOMC|CPI y/y,Good|Neutral|Good|Neutral|Neutral|Good,1,0,1,0.0,100.0,0.0,2023-06
0.0,6,CPI m/m|Core CPI m/m|PPI m/m|Core PPI m/m|FOMC|CPI y/y,Good|Good|Good|Good|Neutral|Good,3,1,2,33.3,66.7,0.5,2023-07|2023-11|2024-06
0.0,6,CPI m/m|Core CPI m/m|PPI m/m|Core PPI m/m|FOMC|CPI y/y,Neutral|Bad|Bad|Neutral|Neutral|Bad,1,1,0,100.0,0.0,inf,2023-09
0.0,6,CPI m/m|Core CPI m/m|PPI m/m|Core PPI m/m|FOMC|CPI y/y,Bad|Neutral|Neutral|Good|Neutral|Neutral,1,1,0,100.0,0.0,inf,2023-12
0.0,6,CPI m/m|Core CPI m/m|PPI m/m|Core PPI m/m|FOMC|CPI y/y,Good|Good|Bad|Bad|Neutral|Good,1,0,1,0.0,100.0,0.0,2024-07
0.0,6,CPI m/m|Core CPI m/m|PPI m/m|Core PPI m/m|FOMC|CPI y/y,Neutral|Bad|Bad|Bad|Good|Neutral,1,1,0,100.0,0.0,inf,2024-09
0.0,6,CPI m/m|Core CPI m/m|PPI m/m|Core PPI m/m|FOMC|CPI y/y,Neutral|Neutral|Neutral|Neutral|Neutral|Neutral,1,1,0,100.0,0.0,inf,2024-11
0.0,6,CPI m/m|Core CPI m/m|PPI m/m|Core PPI m/m|FOMC|CPI y/y,Neutral|Neutral|Bad|Neutral|Neutral|Neutral,1,0,1,0.0,100.0,0.0,2024-12
0.0,6,CPI m/m|Core CPI m/m|PPI m/m|Core PPI m/m|FOMC|CPI y/y,Neutral|Good|Good|Good|Neutral|Neutral,1,1,0,100.0,0.0,inf,2025-01
0.1,6,CPI m/m|Core CPI m/m|PPI m/m|Core PPI m/m|FOMC|CPI y/y,Neutral|Neutral|Good|Good|Neutral|Neutral,3,2,1,66.7,33.3,2.0,2023-03|2023-11|2025-01
0.1,6,CPI m/m|Core CPI m/m|PPI m/m|Core PPI m/m|FOMC|CPI y/y,Neutral|Bad|Neutral|Neutral|Neutral|Neutral,1,1,0,100.0,0.0,inf,2023-05
0.1,6,CPI m/m|Core CPI m/m|PPI m/m|Core PPI m/m|FOMC|CPI y/y,Neutral|Neutral|Good|Neutral|Neutral|Neutral,1,0,1,0.0,100.0,0.0,2023-06
0.1,6,CPI m/m|Core CPI m/m|PPI m/m|Core PPI m/m|FOMC|CPI y/y,Neutral|Neutral|Neutral|Neutral|Neutral|Good,1,1,0,100.0,0.0,inf,2023-07
0.1,6,CPI m/m|Core CPI m/m|PPI m/m|Core PPI m/m|FOMC|CPI y/y,Neutral|Neutral|Bad|Neutral|Neutral|Bad,1,1,0,100.0,0.0,inf,2023-09
0.1,6,CPI m/m|Core CPI m/m|PPI m/m|Core PPI m/m|FOMC|CPI y/y,Neutral|Neutral|Neutral|Good|Neutral|Neutral,1,1,0,100.0,0.0,inf,2023-12
0.1,6,CPI m/m|Core CPI m/m|PPI m/m|Core PPI m/m|FOMC|CPI y/y,Neutral|Neutral|Good|Good|Neutral|Good,1,0,1,0.0,100.0,0.0,2024-06
0.1,6,CPI m/m|Core CPI m/m|PPI m/m|Core PPI m/m|FOMC|CPI y/y,Good|Neutral|Neutral|Bad|Neutral|Good,1,0,1,0.0,100.0,0.0,2024-07
0.1,6,CPI m/m|Core CPI m/m|PPI m/m|Core PPI m/m|FOMC|CPI y/y,Neutral|Neutral|Neutral|Neutral|Good|Neutral,1,1,0,100.0,0.0,inf,2024-09
0.1,6,CPI m/m|Core CPI m/m|PPI m/m|Core PPI m/m|FOMC|CPI y/y,Neutral|Neutral|Neutral|Neutral|Neutral|Neutral,1,1,0,100.0,0.0,inf,2024-11
0.1,6,CPI m/m|Core CPI m/m|PPI m/m|Core PPI m/m|FOMC|CPI y/y,Neutral|Neutral|Bad|Neutral|Neutral|Neutral,1,0,1,0.0,100.0,0.0,2024-12
0.2,6,CPI m/m|Core CPI m/m|PPI m/m|Core PPI m/m|FOMC|CPI y/y,Neutral|Neutral|Good|Good|Neutral|Neutral,3,1,2,33.3,66.7,0.5,2023-03|2023-11|2024-06
0.2,6,CPI m/m|Core CPI m/m|PPI m/m|Core PPI m/m|FOMC|CPI y/y,Neutral|Neutral|Neutral|Neutral|Neutral|Neutral,8,5,3,62.5,37.5,1.67,2023-05|2023-06|2023-07|2023-12|2024-07|2024-11|2024-12|2025-01
0.2,6,CPI m/m|Core CPI m/m|PPI m/m|Core PPI m/m|FOMC|CPI y/y,Neutral|Neutral|Bad|Neutral|Neutral|Neutral,1,1,0,100.0,0.0,inf,2023-09
0.2,6,CPI m/m|Core CPI m/m|PPI m/m|Core PPI m/m|FOMC|CPI y/y,Neutral|Neutral|Neutral|Neutral|Good|Neutral,1,1,0,100.0,0.0,inf,2024-09
0.3,6,CPI m/m|Core CPI m/m|PPI m/m|Core PPI m/m|FOMC|CPI y/y,Neutral|Neutral|Good|Good|Neutral|Neutral,1,1,0,100.0,0.0,inf,2023-03
0.3,6,CPI m/m|Core CPI m/m|PPI m/m|Core PPI m/m|FOMC|CPI y/y,Neutral|Neutral|Neutral|Neutral|Neutral|Neutral,10,7,3,70.0,30.0,2.33,2023-05|2023-06|2023-07|2023-09|2023-12|2024-07|2024-09|2024-11|2024-12|2025-01
0.3,6,CPI m/m|Core CPI m/m|PPI m/m|Core PPI m/m|FOMC|CPI y/y,Neutral|Neutral|Good|Neutral|Neutral|Neutral,2,0,2,0.0,100.0,0.0,2023-11|2024-06
