آستانه,تعداد_شاخص‌ها,لیست_شاخص‌ها,الگوی_وضعیت,تعداد_کل_وقوع,تعداد_ضررده,تعداد_سودده,درصد_ضررده,درصد_سودده,نسبت_شانس,دوره‌ها
0.0,1,CPI m/m,Bad,27,12,15,44.4,55.6,0.8,2018-02-10_2018-02-24|2019-04-06_2019-04-20|2019-11-02_2019-11-16|2019-12-02_2019-12-16|2020-07-14_2020-07-28|2020-07-29_2020-08-12|2020-11-26_2020-12-10|2021-04-10_2021-04-24|2021-06-09_2021-06-23|2021-07-09_2021-07-23|2021-10-07_2021-10-21|2021-11-06_2021-11-20|2021-12-06_2021-12-20|2022-01-05_2022-01-19|2022-07-04_2022-07-18|2022-09-02_2022-09-16|2022-10-02_2022-10-16|2023-10-12_2023-10-26|2023-12-11_2023-12-25|2024-01-10_2024-01-24|2024-02-09_2024-02-23|2024-04-09_2024-04-23|2024-10-06_2024-10-20|2025-02-03_2025-02-17|2025-09-01_2025-09-15|2021-05-10_2021-05-24|2022-02-04_2022-02-18
0.0,1,CPI m/m,Neutral,28,22,6,78.6,21.4,3.67,2018-03-12_2018-03-26|2018-08-09_2018-08-23|2018-11-07_2018-11-21|2018-12-07_2018-12-21|2019-01-06_2019-01-20|2019-03-07_2019-03-21|2019-06-05_2019-06-19|2019-09-03_2019-09-17|2020-10-12_2020-10-26|2021-02-09_2021-02-23|2022-03-06_2022-03-20|2022-04-05_2022-04-19|2022-12-31_2023-01-14|2023-02-14_2023-02-28|2023-03-01_2023-03-15|2023-04-30_2023-05-14|2023-07-29_2023-08-12|2023-09-12_2023-09-26|2024-03-10_2024-03-24|2024-08-07_2024-08-21|2024-09-06_2024-09-20|2024-11-05_2024-11-19|2024-12-05_2024-12-19|2025-01-04_2025-01-18|2025-07-03_2025-07-17|2025-08-02_2025-08-16|2025-12-30_2026-01-13|2021-08-08_2021-08-22
0.0,1,CPI m/m,Good,27,12,15,44.4,55.6,0.8,2018-04-11_2018-04-25|2018-04-26_2018-05-10|2018-07-10_2018-07-24|2018-09-08_2018-09-22|2018-10-08_2018-10-22|2019-02-05_2019-02-19|2019-10-03_2019-10-17|2020-01-31_2020-02-14|2020-04-30_2020-05-14|2020-05-30_2020-06-13|2020-11-11_2020-11-25|2021-09-07_2021-09-21|2022-08-03_2022-08-17|2022-12-01_2022-12-15|2023-03-31_2023-04-14|2023-05-30_2023-06-13|2023-06-29_2023-07-13|2023-11-11_2023-11-25|2024-05-09_2024-05-23|2024-06-08_2024-06-22|2024-07-08_2024-07-22|2025-03-05_2025-03-19|2025-04-04_2025-04-18|2025-05-04_2025-05-18|2025-06-03_2025-06-17|2025-10-16_2025-10-30|2026-02-13_2026-02-27
0.1,1,CPI m/m,Bad,18,8,10,44.4,55.6,0.8,2018-02-10_2018-02-24|2019-04-06_2019-04-20|2019-11-02_2019-11-16|2020-07-29_2020-08-12|2021-06-09_2021-06-23|2021-07-09_2021-07-23|2021-10-07_2021-10-21|2021-11-06_2021-11-20|2021-12-06_2021-12-20|2022-07-04_2022-07-18|2022-09-02_2022-09-16|2022-10-02_2022-10-16|2023-10-12_2023-10-26|2024-04-09_2024-04-23|2025-02-03_2025-02-17|2025-09-01_2025-09-15|2021-05-10_2021-05-24|2022-02-04_2022-02-18
0.1,1,CPI m/m,Neutral,56,35,21,62.5,37.5,1.67,2018-03-12_2018-03-26|2018-04-11_2018-04-25|2018-04-26_2018-05-10|2018-07-10_2018-07-24|2018-08-09_2018-08-23|2018-09-08_2018-09-22|2018-10-08_2018-10-22|2018-11-07_2018-11-21|2018-12-07_2018-12-21|2019-01-06_2019-01-20|2019-02-05_2019-02-19|2019-03-07_2019-03-21|2019-06-05_2019-06-19|2019-09-03_2019-09-17|2019-10-03_2019-10-17|2019-12-02_2019-12-16|2020-01-31_2020-02-14|2020-05-30_2020-06-13|2020-07-14_2020-07-28|2020-10-12_2020-10-26|2020-11-11_2020-11-25|2020-11-26_2020-12-10|2021-02-09_2021-02-23|2021-04-10_2021-04-24|2022-01-05_2022-01-19|2022-03-06_2022-03-20|2022-04-05_2022-04-19|2022-12-31_2023-01-14|2023-02-14_2023-02-28|2023-03-01_2023-03-15|2023-03-31_2023-04-14|2023-04-30_2023-05-14|2023-05-30_2023-06-13|2023-06-29_2023-07-13|2023-07-29_2023-08-12|2023-09-12_2023-09-26|2023-11-11_2023-11-25|2023-12-11_2023-12-25|2024-01-10_2024-01-24|2024-02-09_2024-02-23|2024-03-10_2024-03-24|2024-06-08_2024-06-22|2024-08-07_2024-08-21|2024-09-06_2024-09-20|2024-10-06_2024-10-20|2024-11-05_2024-11-19|2024-12-05_2024-12-19|2025-01-04_2025-01-18|2025-03-05_2025-03-19|2025-05-04_2025-05-18|2025-06-03_2025-06-17|2025-07-03_2025-07-17|2025-08-02_2025-08-16|2025-12-30_2026-01-13|2026-02-13_2026-02-27|2021-08-08_2021-08-22
0.1,1,CPI m/m,Good,8,3,5,37.5,62.5,0.6,2020-04-30_2020-05-14|2021-09-07_2021-09-21|2022-08-03_2022-08-17|2022-12-01_2022-12-15|2024-05-09_2024-05-23|2024-07-08_2024-07-22|2025-04-04_2025-04-18|2025-10-16_2025-10-30
0.2,1,CPI m/m,Neutral,78,46,32,59.0,41.0,1.44,2018-02-10_2018-02-24|2018-03-12_2018-03-26|2018-04-11_2018-04-25|2018-04-26_2018-05-10|2018-07-10_2018-07-24|2018-08-09_2018-08-23|2018-09-08_2018-09-22|2018-10-08_2018-10-22|2018-11-07_2018-11-21|2018-12-07_2018-12-21|2019-01-06_2019-01-20|2019-02-05_2019-02-19|2019-03-07_2019-03-21|2019-04-06_2019-04-20|2019-06-05_2019-06-19|2019-09-03_2019-09-17|2019-10-03_2019-10-17|2019-11-02_2019-11-16|2019-12-02_2019-12-16|2020-01-31_2020-02-14|2020-04-30_2020-05-14|2020-05-30_2020-06-13|2020-07-14_2020-07-28|2020-10-12_2020-10-26|2020-11-11_2020-11-25|2020-11-26_2020-12-10|2021-02-09_2021-02-23|2021-04-10_2021-04-24|2021-06-09_2021-06-23|2021-09-07_2021-09-21|2021-10-07_2021-10-21|2021-12-06_2021-12-20|2022-01-05_2022-01-19|2022-03-06_2022-03-20|2022-04-05_2022-04-19|2022-07-04_2022-07-18|2022-08-03_2022-08-17|2022-09-02_2022-09-16|2022-10-02_2022-10-16|2022-12-01_2022-12-15|2022-12-31_2023-01-14|2023-02-14_2023-02-28|2023-03-01_2023-03-15|2023-03-31_2023-04-14|2023-04-30_2023-05-14|2023-05-30_2023-06-13|2023-06-29_2023-07-13|2023-07-29_2023-08-12|2023-09-12_2023-09-26|2023-10-12_2023-10-26|2023-11-11_2023-11-25|2023-12-11_2023-12-25|2024-01-10_2024-01-24|2024-02-09_2024-02-23|2024-03-10_2024-03-24|2024-04-09_2024-04-23|2024-05-09_2024-05-23|2024-06-08_2024-06-22|2024-07-08_2024-07-22|2024-08-07_2024-08-21|2024-09-06_2024-09-20|2024-10-06_2024-10-20|2024-11-05_2024-11-19|2024-12-05_2024-12-19|2025-01-04_2025-01-18|2025-02-03_2025-02-17|2025-03-05_2025-03-19|2025-04-04_2025-04-18|2025-05-04_2025-05-18|2025-06-03_2025-06-17|2025-07-03_2025-07-17|2025-08-02_2025-08-16|2025-09-01_2025-09-15|2025-10-16_2025-10-30|2025-12-30_2026-01-13|2026-02-13_2026-02-27|2021-08-08_2021-08-22|2022-02-04_2022-02-18
0.2,1,CPI m/m,Bad,4,0,4,0.0,100.0,0.0,2020-07-29_2020-08-12|2021-07-09_2021-07-23|2021-11-06_2021-11-20|2021-05-10_2021-05-24
0.3,1,CPI m/m,Neutral,79,46,33,58.2,41.8,1.39,2018-02-10_2018-02-24|2018-03-12_2018-03-26|2018-04-11_2018-04-25|2018-04-26_2018-05-10|2018-07-10_2018-07-24|2018-08-09_2018-08-23|2018-09-08_2018-09-22|2018-10-08_2018-10-22|2018-11-07_2018-11-21|2018-12-07_2018-12-21|2019-01-06_2019-01-20|2019-02-05_2019-02-19|2019-03-07_2019-03-21|2019-04-06_2019-04-20|2019-06-05_2019-06-19|2019-09-03_2019-09-17|2019-10-03_2019-10-17|2019-11-02_2019-11-16|2019-12-02_2019-12-16|2020-01-31_2020-02-14|2020-04-30_2020-05-14|2020-05-30_2020-06-13|2020-07-14_2020-07-28|2020-07-29_2020-08-12|2020-10-12_2020-10-26|2020-11-11_2020-11-25|2020-11-26_2020-12-10|2021-02-09_2021-02-23|2021-04-10_2021-04-24|2021-06-09_2021-06-23|2021-09-07_2021-09-21|2021-10-07_2021-10-21|2021-12-06_2021-12-20|2022-01-05_2022-01-19|2022-03-06_2022-03-20|2022-04-05_2022-04-19|2022-07-04_2022-07-18|2022-08-03_2022-08-17|2022-09-02_2022-09-16|2022-10-02_2022-10-16|2022-12-01_2022-12-15|2022-12-31_2023-01-14|2023-02-14_2023-02-28|2023-03-01_2023-03-15|2023-03-31_2023-04-14|2023-04-30_2023-05-14|2023-05-30_2023-06-13|2023-06-29_2023-07-13|2023-07-29_2023-08-12|2023-09-12_2023-09-26|2023-10-12_2023-10-26|2023-11-11_2023-11-25|2023-12-11_2023-12-25|2024-01-10_2024-01-24|2024-02-09_2024-02-23|2024-03-10_2024-03-24|2024-04-09_2024-04-23|2024-05-09_2024-05-23|2024-06-08_2024-06-22|2024-07-08_2024-07-22|2024-08-07_2024-08-21|2024-09-06_2024-09-20|2024-10-06_2024-10-20|2024-11-05_2024-11-19|2024-12-05_2024-12-19|2025-01-04_2025-01-18|2025-02-03_2025-02-17|2025-03-05_2025-03-19|2025-04-04_2025-04-18|2025-05-04_2025-05-18|2025-06-03_2025-06-17|2025-07-03_2025-07-17|2025-08-02_2025-08-16|2025-09-01_2025-09-15|2025-10-16_2025-10-30|2025-12-30_2026-01-13|2026-02-13_2026-02-27|2021-08-08_2021-08-22|2022-02-04_2022-02-18
0.3,1,CPI m/m,Bad,3,0,3,0.0,100.0,0.0,2021-07-09_2021-07-23|2021-11-06_2021-11-20|2021-05-10_2021-05-24
0.0,1,Core CPI m/m,Bad,24,10,14,41.7,58.3,0.71,2018-02-10_2018-02-24|2019-09-03_2019-09-17|2020-07-14_2020-07-28|2020-07-29_2020-08-12|2020-11-26_2020-12-10|2021-04-10_2021-04-24|2021-06-09_2021-06-23|2021-07-09_2021-07-23|2021-11-06_2021-11-20|2022-01-05_2022-01-19|2022-07-04_2022-07-18|2022-09-02_2022-09-16|2022-10-02_2022-10-16|2023-03-01_2023-03-15|2023-04-30_2023-05-14|2023-09-12_2023-09-26|2024-02-09_2024-02-23|2024-03-10_2024-03-24|2024-04-09_2024-04-23|2024-09-06_2024-09-20|2024-10-06_2024-10-20|2025-02-03_2025-02-17|2021-05-10_2021-05-24|2022-02-04_2022-02-18
0.0,1,Core CPI m/m,Neutral,30,19,11,63.3,36.7,1.73,2018-03-12_2018-03-26|2018-04-11_2018-04-25|2018-07-10_2018-07-24|2018-08-09_2018-08-23|2018-11-07_2018-11-21|2018-12-07_2018-12-21|2019-01-06_2019-01-20|2019-02-05_2019-02-19|2019-11-02_2019-11-16|2019-12-02_2019-12-16|2020-01-31_2020-02-14|2020-10-12_2020-10-26|2021-10-07_2021-10-21|2021-12-06_2021-12-20|2022-03-06_2022-03-20|2022-12-31_2023-01-14|2023-02-14_2023-02-28|2023-03-31_2023-04-14|2023-05-30_2023-06-13|2023-07-29_2023-08-12|2023-10-12_2023-10-26|2023-12-11_2023-12-25|2024-01-10_2024-01-24|2024-05-09_2024-05-23|2024-08-07_2024-08-21|2024-11-05_2024-11-19|2024-12-05_2024-12-19|2025-08-02_2025-08-16|2025-09-01_2025-09-15|2026-02-13_2026-02-27
0.0,1,Core CPI m/m,Good,28,17,11,60.7,39.3,1.55,2018-04-26_2018-05-10|2018-09-08_2018-09-22|2018-10-08_2018-10-22|2019-03-07_2019-03-21|2019-04-06_2019-04-20|2019-06-05_2019-06-19|2019-10-03_2019-10-17|2020-04-30_2020-05-14|2020-05-30_2020-06-13|2020-11-11_2020-11-25|2021-02-09_2021-02-23|2021-09-07_2021-09-21|2022-04-05_2022-04-19|2022-08-03_2022-08-17|2022-12-01_2022-12-15|2023-06-29_2023-07-13|2023-11-11_2023-11-25|2024-06-08_2024-06-22|2024-07-08_2024-07-22|2025-01-04_2025-01-18|2025-03-05_2025-03-19|2025-04-04_2025-04-18|2025-05-04_2025-05-18|2025-06-03_2025-06-17|2025-07-03_2025-07-17|2025-10-16_2025-10-30|2025-12-30_2026-01-13|2021-08-08_2021-08-22
0.1,1,Core CPI m/m,Neutral,60,35,25,58.3,41.7,1.4,2018-02-10_2018-02-24|2018-03-12_2018-03-26|2018-04-11_2018-04-25|2018-04-26_2018-05-10|2018-07-10_2018-07-24|2018-08-09_2018-08-23|2018-09-08_2018-09-22|2018-10-08_2018-10-22|2018-11-07_2018-11-21|2018-12-07_2018-12-21|2019-01-06_2019-01-20|2019-02-05_2019-02-19|2019-03-07_2019-03-21|2019-04-06_2019-04-20|2019-06-05_2019-06-19|2019-09-03_2019-09-17|2019-10-03_2019-10-17|2019-11-02_2019-11-16|2019-12-02_2019-12-16|2020-01-31_2020-02-14|2020-05-30_2020-06-13|2020-07-14_2020-07-28|2020-10-12_2020-10-26|2020-11-26_2020-12-10|2021-04-10_2021-04-24|2021-10-07_2021-10-21|2021-12-06_2021-12-20|2022-01-05_2022-01-19|2022-03-06_2022-03-20|2022-12-01_2022-12-15|2022-12-31_2023-01-14|2023-02-14_2023-02-28|2023-03-01_2023-03-15|2023-03-31_2023-04-14|2023-05-30_2023-06-13|2023-06-29_2023-07-13|2023-07-29_2023-08-12|2023-09-12_2023-09-26|2023-10-12_2023-10-26|2023-11-11_2023-11-25|2023-12-11_2023-12-25|2024-01-10_2024-01-24|2024-05-09_2024-05-23|2024-06-08_2024-06-22|2024-07-08_2024-07-22|2024-08-07_2024-08-21|2024-09-06_2024-09-20|2024-10-06_2024-10-20|2024-11-05_2024-11-19|2024-12-05_2024-12-19|2025-01-04_2025-01-18|2025-03-05_2025-03-19|2025-05-04_2025-05-18|2025-07-03_2025-07-17|2025-08-02_2025-08-16|2025-09-01_2025-09-15|2025-10-16_2025-10-30|2025-12-30_2026-01-13|2026-02-13_2026-02-27|2022-02-04_2022-02-18
0.1,1,Core CPI m/m,Good,9,6,3,66.7,33.3,2.0,2020-04-30_2020-05-14|2020-11-11_2020-11-25|2021-02-09_2021-02-23|2021-09-07_2021-09-21|2022-04-05_2022-04-19|2022-08-03_2022-08-17|2025-04-04_2025-04-18|2025-06-03_2025-06-17|2021-08-08_2021-08-22
0.1,1,Core CPI m/m,Bad,13,5,8,38.5,61.5,0.63,2020-07-29_2020-08-12|2021-06-09_2021-06-23|2021-07-09_2021-07-23|2021-11-06_2021-11-20|2022-07-04_2022-07-18|2022-09-02_2022-09-16|2022-10-02_2022-10-16|2023-04-30_2023-05-14|2024-02-09_2024-02-23|2024-03-10_2024-03-24|2024-04-09_2024-04-23|2025-02-03_2025-02-17|2021-05-10_2021-05-24
0.2,1,Core CPI m/m,Neutral,78,45,33,57.7,42.3,1.36,2018-02-10_2018-02-24|2018-03-12_2018-03-26|2018-04-11_2018-04-25|2018-04-26_2018-05-10|2018-07-10_2018-07-24|2018-08-09_2018-08-23|2018-09-08_2018-09-22|2018-10-08_2018-10-22|2018-11-07_2018-11-21|2018-12-07_2018-12-21|2019-01-06_2019-01-20|2019-02-05_2019-02-19|2019-03-07_2019-03-21|2019-04-06_2019-04-20|2019-06-05_2019-06-19|2019-09-03_2019-09-17|2019-10-03_2019-10-17|2019-11-02_2019-11-16|2019-12-02_2019-12-16|2020-01-31_2020-02-14|2020-04-30_2020-05-14|2020-05-30_2020-06-13|2020-07-14_2020-07-28|2020-10-12_2020-10-26|2020-11-11_2020-11-25|2020-11-26_2020-12-10|2021-02-09_2021-02-23|2021-04-10_2021-04-24|2021-06-09_2021-06-23|2021-09-07_2021-09-21|2021-10-07_2021-10-21|2021-11-06_2021-11-20|2021-12-06_2021-12-20|2022-01-05_2022-01-19|2022-03-06_2022-03-20|2022-04-05_2022-04-19|2022-07-04_2022-07-18|2022-08-03_2022-08-17|2022-10-02_2022-10-16|2022-12-01_2022-12-15|2022-12-31_2023-01-14|2023-02-14_2023-02-28|2023-03-01_2023-03-15|2023-03-31_2023-04-14|2023-04-30_2023-05-14|2023-05-30_2023-06-13|2023-06-29_2023-07-13|2023-07-29_2023-08-12|2023-09-12_2023-09-26|2023-10-12_2023-10-26|2023-11-11_2023-11-25|2023-12-11_2023-12-25|2024-01-10_2024-01-24|2024-02-09_2024-02-23|2024-03-10_2024-03-24|2024-04-09_2024-04-23|2024-05-09_2024-05-23|2024-06-08_2024-06-22|2024-07-08_2024-07-22|2024-08-07_2024-08-21|2024-09-06_2024-09-20|2024-10-06_2024-10-20|2024-11-05_2024-11-19|2024-12-05_2024-12-19|2025-01-04_2025-01-18|2025-02-03_2025-02-17|2025-03-05_2025-03-19|2025-04-04_2025-04-18|2025-05-04_2025-05-18|2025-06-03_2025-06-17|2025-07-03_2025-07-17|2025-08-02_2025-08-16|2025-09-01_2025-09-15|2025-10-16_2025-10-30|2025-12-30_2026-01-13|2026-02-13_2026-02-27|2021-08-08_2021-08-22|2022-02-04_2022-02-18
0.2,1,Core CPI m/m,Bad,4,1,3,25.0,75.0,0.33,2020-07-29_2020-08-12|2021-07-09_2021-07-23|2022-09-02_2022-09-16|2021-05-10_2021-05-24
0.3,1,Core CPI m/m,Neutral,79,46,33,58.2,41.8,1.39,2018-02-10_2018-02-24|2018-03-12_2018-03-26|2018-04-11_2018-04-25|2018-04-26_2018-05-10|2018-07-10_2018-07-24|2018-08-09_2018-08-23|2018-09-08_2018-09-22|2018-10-08_2018-10-22|2018-11-07_2018-11-21|2018-12-07_2018-12-21|2019-01-06_2019-01-20|2019-02-05_2019-02-19|2019-03-07_2019-03-21|2019-04-06_2019-04-20|2019-06-05_2019-06-19|2019-09-03_2019-09-17|2019-10-03_2019-10-17|2019-11-02_2019-11-16|2019-12-02_2019-12-16|2020-01-31_2020-02-14|2020-04-30_2020-05-14|2020-05-30_2020-06-13|2020-07-14_2020-07-28|2020-10-12_2020-10-26|2020-11-11_2020-11-25|2020-11-26_2020-12-10|2021-02-09_2021-02-23|2021-04-10_2021-04-24|2021-06-09_2021-06-23|2021-09-07_2021-09-21|2021-10-07_2021-10-21|2021-11-06_2021-11-20|2021-12-06_2021-12-20|2022-01-05_2022-01-19|2022-03-06_2022-03-20|2022-04-05_2022-04-19|2022-07-04_2022-07-18|2022-08-03_2022-08-17|2022-09-02_2022-09-16|2022-10-02_2022-10-16|2022-12-01_2022-12-15|2022-12-31_2023-01-14|2023-02-14_2023-02-28|2023-03-01_2023-03-15|2023-03-31_2023-04-14|2023-04-30_2023-05-14|2023-05-30_2023-06-13|2023-06-29_2023-07-13|2023-07-29_2023-08-12|2023-09-12_2023-09-26|2023-10-12_2023-10-26|2023-11-11_2023-11-25|2023-12-11_2023-12-25|2024-01-10_2024-01-24|2024-02-09_2024-02-23|2024-03-10_2024-03-24|2024-04-09_2024-04-23|2024-05-09_2024-05-23|2024-06-08_2024-06-22|2024-07-08_2024-07-22|2024-08-07_2024-08-21|2024-09-06_2024-09-20|2024-10-06_2024-10-20|2024-11-05_2024-11-19|2024-12-05_2024-12-19|2025-01-04_2025-01-18|2025-02-03_2025-02-17|2025-03-05_2025-03-19|2025-04-04_2025-04-18|2025-05-04_2025-05-18|2025-06-03_2025-06-17|2025-07-03_2025-07-17|2025-08-02_2025-08-16|2025-09-01_2025-09-15|2025-10-16_2025-10-30|2025-12-30_2026-01-13|2026-02-13_2026-02-27|2021-08-08_2021-08-22|2022-02-04_2022-02-18
0.3,1,Core CPI m/m,Bad,3,0,3,0.0,100.0,0.0,2020-07-29_2020-08-12|2021-07-09_2021-07-23|2021-05-10_2021-05-24
0.0,1,PPI m/m,Neutral,10,4,6,40.0,60.0,0.67,2018-02-10_2018-02-24|2018-10-08_2018-10-22|2019-06-05_2019-06-19|2020-12-11_2020-12-25|2021-11-06_2021-11-20|2022-09-02_2022-09-16|2023-12-11_2023-12-25|2024-11-05_2024-11-19|2025-11-15_2025-11-29|2026-01-14_2026-01-28
0.0,1,PPI m/m,Bad,40,18,22,45.0,55.0,0.82,2018-03-12_2018-03-26|2018-07-10_2018-07-24|2018-11-07_2018-11-21|2018-12-07_2018-12-21|2019-04-06_2019-04-20|2019-09-03_2019-09-17|2019-11-02_2019-11-16|2020-02-15_2020-02-29|2020-05-30_2020-06-13|2020-07-29_2020-08-12|2020-10-12_2020-10-26|2020-11-11_2020-11-25|2021-02-09_2021-02-23|2021-03-11_2021-03-25|2021-03-26_2021-04-09|2021-06-09_2021-06-23|2021-07-09_2021-07-23|2021-09-07_2021-09-21|2021-12-06_2021-12-20|2022-04-05_2022-04-19|2022-07-04_2022-07-18|2022-10-02_2022-10-16|2022-12-01_2022-12-15|2023-02-14_2023-02-28|2023-07-29_2023-08-12|2023-09-12_2023-09-26|2023-09-27_2023-10-11|2024-02-09_2024-02-23|2024-03-10_2024-03-24|2024-05-09_2024-05-23|2024-07-08_2024-07-22|2024-09-06_2024-09-20|2024-12-05_2024-12-19|2025-02-03_2025-02-17|2025-08-02_2025-08-16|2026-02-13_2026-02-27|2021-05-10_2021-05-24|2021-08-08_2021-08-22|2022-02-04_2022-02-18|2026-01-29_2026-02-12
0.0,1,PPI m/m,Good,32,24,8,75.0,25.0,3.0,2018-04-26_2018-05-10|2018-08-09_2018-08-23|2018-09-08_2018-09-22|2019-01-06_2019-01-20|2019-02-05_2019-02-19|2019-03-07_2019-03-21|2019-10-03_2019-10-17|2019-12-02_2019-12-16|2020-04-30_2020-05-14|2020-06-29_2020-07-13|2021-10-07_2021-10-21|2022-01-05_2022-01-19|2022-03-06_2022-03-20|2022-08-03_2022-08-17|2023-01-15_2023-01-29|2023-03-01_2023-03-15|2023-03-31_2023-04-14|2023-04-30_2023-05-14|2023-06-29_2023-07-13|2023-11-11_2023-11-25|2024-01-10_2024-01-24|2024-04-09_2024-04-23|2024-06-08_2024-06-22|2024-08-07_2024-08-21|2024-10-06_2024-10-20|2025-01-04_2025-01-18|2025-03-05_2025-03-19|2025-04-04_2025-04-18|2025-05-04_2025-05-18|2025-06-03_2025-06-17|2025-07-03_2025-07-17|2025-09-01_2025-09-15
0.1,1,PPI m/m,Neutral,31,16,15,51.6,48.4,1.07,2018-02-10_2018-02-24|2018-03-12_2018-03-26|2018-04-26_2018-05-10|2018-07-10_2018-07-24|2018-10-08_2018-10-22|2018-12-07_2018-12-21|2019-01-06_2019-01-20|2019-03-07_2019-03-21|2019-06-05_2019-06-19|2019-09-03_2019-09-17|2020-11-11_2020-11-25|2020-12-11_2020-12-25|2021-03-11_2021-03-25|2021-09-07_2021-09-21|2021-10-07_2021-10-21|2021-11-06_2021-11-20|2022-09-02_2022-09-16|2022-12-01_2022-12-15|2023-04-30_2023-05-14|2023-06-29_2023-07-13|2023-07-29_2023-08-12|2023-12-11_2023-12-25|2024-04-09_2024-04-23|2024-07-08_2024-07-22|2024-08-07_2024-08-21|2024-09-06_2024-09-20|2024-10-06_2024-10-20|2024-11-05_2024-11-19|2025-06-03_2025-06-17|2025-11-15_2025-11-29|2026-01-14_2026-01-28
0.1,1,PPI m/m,Good,22,16,6,72.7,27.3,2.67,2018-08-09_2018-08-23|2018-09-08_2018-09-22|2019-02-05_2019-02-19|2019-10-03_2019-10-17|2019-12-02_2019-12-16|2020-04-30_2020-05-14|2020-06-29_2020-07-13|2022-01-05_2022-01-19|2022-03-06_2022-03-20|2022-08-03_2022-08-17|2023-01-15_2023-01-29|2023-03-01_2023-03-15|2023-03-31_2023-04-14|2023-11-11_2023-11-25|2024-01-10_2024-01-24|2024-06-08_2024-06-22|2025-01-04_2025-01-18|2025-03-05_2025-03-19|2025-04-04_2025-04-18|2025-05-04_2025-05-18|2025-07-03_2025-07-17|2025-09-01_2025-09-15
0.1,1,PPI m/m,Bad,29,14,15,48.3,51.7,0.93,2018-11-07_2018-11-21|2019-04-06_2019-04-20|2019-11-02_2019-11-16|2020-02-15_2020-02-29|2020-05-30_2020-06-13|2020-07-29_2020-08-12|2020-10-12_2020-10-26|2021-02-09_2021-02-23|2021-03-26_2021-04-09|2021-06-09_2021-06-23|2021-07-09_2021-07-23|2021-12-06_2021-12-20|2022-04-05_2022-04-19|2022-07-04_2022-07-18|2022-10-02_2022-10-16|2023-02-14_2023-02-28|2023-09-12_2023-09-26|2023-09-27_2023-10-11|2024-02-09_2024-02-23|2024-03-10_2024-03-24|2024-05-09_2024-05-23|2024-12-05_2024-12-19|2025-02-03_2025-02-17|2025-08-02_2025-08-16|2026-02-13_2026-02-27|2021-05-10_2021-05-24|2021-08-08_2021-08-22|2022-02-04_2022-02-18|2026-01-29_2026-02-12
0.2,1,PPI m/m,Neutral,48,27,21,56.2,43.8,1.29,2018-02-10_2018-02-24|2018-03-12_2018-03-26|2018-04-26_2018-05-10|2018-07-10_2018-07-24|2018-08-09_2018-08-23|2018-10-08_2018-10-22|2018-12-07_2018-12-21|2019-01-06_2019-01-20|2019-02-05_2019-02-19|2019-03-07_2019-03-21|2019-06-05_2019-06-19|2019-09-03_2019-09-17|2019-11-02_2019-11-16|2019-12-02_2019-12-16|2020-10-12_2020-10-26|2020-11-11_2020-11-25|2020-12-11_2020-12-25|2021-03-11_2021-03-25|2021-09-07_2021-09-21|2021-10-07_2021-10-21|2021-11-06_2021-11-20|2022-01-05_2022-01-19|2022-03-06_2022-03-20|2022-09-02_2022-09-16|2022-10-02_2022-10-16|2022-12-01_2022-12-15|2023-04-30_2023-05-14|2023-06-29_2023-07-13|2023-07-29_2023-08-12|2023-09-27_2023-10-11|2023-12-11_2023-12-25|2024-01-10_2024-01-24|2024-02-09_2024-02-23|2024-04-09_2024-04-23|2024-05-09_2024-05-23|2024-07-08_2024-07-22|2024-08-07_2024-08-21|2024-09-06_2024-09-20|2024-10-06_2024-10-20|2024-11-05_2024-11-19|2024-12-05_2024-12-19|2025-01-04_2025-01-18|2025-02-03_2025-02-17|2025-06-03_2025-06-17|2025-07-03_2025-07-17|2025-11-15_2025-11-29|2026-01-14_2026-01-28|2026-02-13_2026-02-27
0.2,1,PPI m/m,Good,14,10,4,71.4,28.6,2.5,2018-09-08_2018-09-22|2019-10-03_2019-10-17|2020-04-30_2020-05-14|2020-06-29_2020-07-13|2022-08-03_2022-08-17|2023-01-15_2023-01-29|2023-03-01_2023-03-15|2023-03-31_2023-04-14|2023-11-11_2023-11-25|2024-06-08_2024-06-22|2025-03-05_2025-03-19|2025-04-04_2025-04-18|2025-05-04_2025-05-18|2025-09-01_2025-09-15
0.2,1,PPI m/m,Bad,20,9,11,45.0,55.0,0.82,2018-11-07_2018-11-21|2019-04-06_2019-04-20|2020-02-15_2020-02-29|2020-05-30_2020-06-13|2020-07-29_2020-08-12|2021-02-09_2021-02-23|2021-03-26_2021-04-09|2021-06-09_2021-06-23|2021-07-09_2021-07-23|2021-12-06_2021-12-20|2022-04-05_2022-04-19|2022-07-04_2022-07-18|2023-02-14_2023-02-28|2023-09-12_2023-09-26|2024-03-10_2024-03-24|2025-08-02_2025-08-16|2021-05-10_2021-05-24|2021-08-08_2021-08-22|2022-02-04_2022-02-18|2026-01-29_2026-02-12
0.3,1,PPI m/m,Neutral,57,30,27,52.6,47.4,1.11,2018-02-10_2018-02-24|2018-03-12_2018-03-26|2018-04-26_2018-05-10|2018-07-10_2018-07-24|2018-08-09_2018-08-23|2018-10-08_2018-10-22|2018-12-07_2018-12-21|2019-01-06_2019-01-20|2019-02-05_2019-02-19|2019-03-07_2019-03-21|2019-04-06_2019-04-20|2019-06-05_2019-06-19|2019-09-03_2019-09-17|2019-11-02_2019-11-16|2019-12-02_2019-12-16|2020-07-29_2020-08-12|2020-10-12_2020-10-26|2020-11-11_2020-11-25|2020-12-11_2020-12-25|2021-03-11_2021-03-25|2021-09-07_2021-09-21|2021-10-07_2021-10-21|2021-11-06_2021-11-20|2022-01-05_2022-01-19|2022-03-06_2022-03-20|2022-04-05_2022-04-19|2022-09-02_2022-09-16|2022-10-02_2022-10-16|2022-12-01_2022-12-15|2023-02-14_2023-02-28|2023-04-30_2023-05-14|2023-06-29_2023-07-13|2023-07-29_2023-08-12|2023-09-12_2023-09-26|2023-09-27_2023-10-11|2023-12-11_2023-12-25|2024-01-10_2024-01-24|2024-02-09_2024-02-23|2024-03-10_2024-03-24|2024-04-09_2024-04-23|2024-05-09_2024-05-23|2024-07-08_2024-07-22|2024-08-07_2024-08-21|2024-09-06_2024-09-20|2024-10-06_2024-10-20|2024-11-05_2024-11-19|2024-12-05_2024-12-19|2025-01-04_2025-01-18|2025-02-03_2025-02-17|2025-03-05_2025-03-19|2025-06-03_2025-06-17|2025-07-03_2025-07-17|2025-11-15_2025-11-29|2026-01-14_2026-01-28|2026-02-13_2026-02-27|2021-05-10_2021-05-24|2026-01-29_2026-02-12
0.3,1,PPI m/m,Good,13,9,4,69.2,30.8,2.25,2018-09-08_2018-09-22|2019-10-03_2019-10-17|2020-04-30_2020-05-14|2020-06-29_2020-07-13|2022-08-03_2022-08-17|2023-01-15_2023-01-29|2023-03-01_2023-03-15|2023-03-31_2023-04-14|2023-11-11_2023-11-25|2024-06-08_2024-06-22|2025-04-04_2025-04-18|2025-05-04_2025-05-18|2025-09-01_2025-09-15
0.3,1,PPI m/m,Bad,12,7,5,58.3,41.7,1.4,2018-11-07_2018-11-21|2020-02-15_2020-02-29|2020-05-30_2020-06-13|2021-02-09_2021-02-23|2021-03-26_2021-04-09|2021-06-09_2021-06-23|2021-07-09_2021-07-23|2021-12-06_2021-12-20|2022-07-04_2022-07-18|2025-08-02_2025-08-16|2021-08-08_2021-08-22|2022-02-04_2022-02-18
0.0,1,Core PPI m/m,Bad,34,13,21,38.2,61.8,0.62,2018-02-10_2018-02-24|2018-07-10_2018-07-24|2018-11-07_2018-11-21|2018-12-07_2018-12-21|2019-02-05_2019-02-19|2019-04-06_2019-04-20|2019-09-03_2019-09-17|2019-11-02_2019-11-16|2020-02-15_2020-02-29|2020-07-29_2020-08-12|2020-10-12_2020-10-26|2021-02-09_2021-02-23|2021-03-26_2021-04-09|2021-06-09_2021-06-23|2021-07-09_2021-07-23|2021-09-07_2021-09-21|2021-12-06_2021-12-20|2022-04-05_2022-04-19|2022-09-02_2022-09-16|2022-12-01_2022-12-15|2023-02-14_2023-02-28|2023-07-29_2023-08-12|2023-09-27_2023-10-11|2024-02-09_2024-02-23|2024-03-10_2024-03-24|2024-05-09_2024-05-23|2024-07-08_2024-07-22|2024-09-06_2024-09-20|2025-08-02_2025-08-16|2026-02-13_2026-02-27|2021-05-10_2021-05-24|2021-08-08_2021-08-22|2022-02-04_2022-02-18|2026-01-29_2026-02-12
0.0,1,Core PPI m/m,Neutral,16,12,4,75.0,25.0,3.0,2018-03-12_2018-03-26|2018-04-26_2018-05-10|2018-10-08_2018-10-22|2019-06-05_2019-06-19|2020-05-30_2020-06-13|2021-03-11_2021-03-25|2022-01-05_2022-01-19|2022-10-02_2022-10-16|2023-01-15_2023-01-29|2023-04-30_2023-05-14|2023-09-12_2023-09-26|2024-04-09_2024-04-23|2024-10-06_2024-10-20|2024-11-05_2024-11-19|2024-12-05_2024-12-19|2025-02-03_2025-02-17
0.0,1,Core PPI m/m,Good,32,21,11,65.6,34.4,1.91,2018-08-09_2018-08-23|2018-09-08_2018-09-22|2019-01-06_2019-01-20|2019-03-07_2019-03-21|2019-10-03_2019-10-17|2019-12-02_2019-12-16|2020-04-30_2020-05-14|2020-06-29_2020-07-13|2020-11-11_2020-11-25|2020-12-11_2020-12-25|2021-10-07_2021-10-21|2021-11-06_2021-11-20|2022-03-06_2022-03-20|2022-07-04_2022-07-18|2022-08-03_2022-08-17|2023-03-01_2023-03-15|2023-03-31_2023-04-14|2023-06-29_2023-07-13|2023-11-11_2023-11-25|2023-12-11_2023-12-25|2024-01-10_2024-01-24|2024-06-08_2024-06-22|2024-08-07_2024-08-21|2025-01-04_2025-01-18|2025-03-05_2025-03-19|2025-04-04_2025-04-18|2025-05-04_2025-05-18|2025-06-03_2025-06-17|2025-07-03_2025-07-17|2025-09-01_2025-09-15|2025-11-15_2025-11-29|2026-01-14_2026-01-28
0.1,1,Core PPI m/m,Bad,24,10,14,41.7,58.3,0.71,2018-02-10_2018-02-24|2018-11-07_2018-11-21|2018-12-07_2018-12-21|2020-02-15_2020-02-29|2020-07-29_2020-08-12|2020-10-12_2020-10-26|2021-02-09_2021-02-23|2021-03-26_2021-04-09|2021-06-09_2021-06-23|2021-07-09_2021-07-23|2021-12-06_2021-12-20|2022-04-05_2022-04-19|2022-09-02_2022-09-16|2022-12-01_2022-12-15|2023-02-14_2023-02-28|2024-02-09_2024-02-23|2024-05-09_2024-05-23|2024-07-08_2024-07-22|2025-08-02_2025-08-16|2026-02-13_2026-02-27|2021-05-10_2021-05-24|2021-08-08_2021-08-22|2022-02-04_2022-02-18|2026-01-29_2026-02-12
0.1,1,Core PPI m/m,Neutral,34,18,16,52.9,47.1,1.13,2018-03-12_2018-03-26|2018-04-26_2018-05-10|2018-07-10_2018-07-24|2018-08-09_2018-08-23|2018-10-08_2018-10-22|2019-02-05_2019-02-19|2019-03-07_2019-03-21|2019-04-06_2019-04-20|2019-06-05_2019-06-19|2019-09-03_2019-09-17|2019-11-02_2019-11-16|2020-05-30_2020-06-13|2020-11-11_2020-11-25|2020-12-11_2020-12-25|2021-03-11_2021-03-25|2021-09-07_2021-09-21|2021-11-06_2021-11-20|2022-01-05_2022-01-19|2022-07-04_2022-07-18|2022-10-02_2022-10-16|2023-01-15_2023-01-29|2023-04-30_2023-05-14|2023-06-29_2023-07-13|2023-07-29_2023-08-12|2023-09-12_2023-09-26|2023-09-27_2023-10-11|2024-03-10_2024-03-24|2024-04-09_2024-04-23|2024-09-06_2024-09-20|2024-10-06_2024-10-20|2024-11-05_2024-11-19|2024-12-05_2024-12-19|2025-02-03_2025-02-17|2025-11-15_2025-11-29
0.1,1,Core PPI m/m,Good,24,18,6,75.0,25.0,3.0,2018-09-08_2018-09-22|2019-01-06_2019-01-20|2019-10-03_2019-10-17|2019-12-02_2019-12-16|2020-04-30_2020-05-14|2020-06-29_2020-07-13|2021-10-07_2021-10-21|2022-03-06_2022-03-20|2022-08-03_2022-08-17|2023-03-01_2023-03-15|2023-03-31_2023-04-14|2023-11-11_2023-11-25|2023-12-11_2023-12-25|2024-01-10_2024-01-24|2024-06-08_2024-06-22|2024-08-07_2024-08-21|2025-01-04_2025-01-18|2025-03-05_2025-03-19|2025-04-04_2025-04-18|2025-05-04_2025-05-18|2025-06-03_2025-06-17|2025-07-03_2025-07-17|2025-09-01_2025-09-15|2026-01-14_2026-01-28
0.2,1,Core PPI m/m,Neutral,51,27,24,52.9,47.1,1.13,2018-02-10_2018-02-24|2018-03-12_2018-03-26|2018-04-26_2018-05-10|2018-07-10_2018-07-24|2018-08-09_2018-08-23|2018-10-08_2018-10-22|2018-12-07_2018-12-21|2019-02-05_2019-02-19|2019-03-07_2019-03-21|2019-04-06_2019-04-20|2019-06-05_2019-06-19|2019-09-03_2019-09-17|2019-11-02_2019-11-16|2020-04-30_2020-05-14|2020-05-30_2020-06-13|2020-10-12_2020-10-26|2020-11-11_2020-11-25|2020-12-11_2020-12-25|2021-03-11_2021-03-25|2021-06-09_2021-06-23|2021-09-07_2021-09-21|2021-11-06_2021-11-20|2022-01-05_2022-01-19|2022-07-04_2022-07-18|2022-08-03_2022-08-17|2022-09-02_2022-09-16|2022-10-02_2022-10-16|2022-12-01_2022-12-15|2023-01-15_2023-01-29|2023-02-14_2023-02-28|2023-04-30_2023-05-14|2023-06-29_2023-07-13|2023-07-29_2023-08-12|2023-09-12_2023-09-26|2023-09-27_2023-10-11|2023-12-11_2023-12-25|2024-01-10_2024-01-24|2024-03-10_2024-03-24|2024-04-09_2024-04-23|2024-07-08_2024-07-22|2024-08-07_2024-08-21|2024-09-06_2024-09-20|2024-10-06_2024-10-20|2024-11-05_2024-11-19|2024-12-05_2024-12-19|2025-01-04_2025-01-18|2025-02-03_2025-02-17|2025-06-03_2025-06-17|2025-07-03_2025-07-17|2025-11-15_2025-11-29|2026-01-14_2026-01-28
0.2,1,Core PPI m/m,Good,15,12,3,80.0,20.0,4.0,2018-09-08_2018-09-22|2019-01-06_2019-01-20|2019-10-03_2019-10-17|2019-12-02_2019-12-16|2020-06-29_2020-07-13|2021-10-07_2021-10-21|2022-03-06_2022-03-20|2023-03-01_2023-03-15|2023-03-31_2023-04-14|2023-11-11_2023-11-25|2024-06-08_2024-06-22|2025-03-05_2025-03-19|2025-04-04_2025-04-18|2025-05-04_2025-05-18|2025-09-01_2025-09-15
0.2,1,Core PPI m/m,Bad,16,7,9,43.8,56.2,0.78,2018-11-07_2018-11-21|2020-02-15_2020-02-29|2020-07-29_2020-08-12|2021-02-09_2021-02-23|2021-03-26_2021-04-09|2021-07-09_2021-07-23|2021-12-06_2021-12-20|2022-04-05_2022-04-19|2024-02-09_2024-02-23|2024-05-09_2024-05-23|2025-08-02_2025-08-16|2026-02-13_2026-02-27|2021-05-10_2021-05-24|2021-08-08_2021-08-22|2022-02-04_2022-02-18|2026-01-29_2026-02-12
0.3,1,Core PPI m/m,Neutral,59,32,27,54.2,45.8,1.19,2018-02-10_2018-02-24|2018-03-12_2018-03-26|2018-04-26_2018-05-10|2018-07-10_2018-07-24|2018-08-09_2018-08-23|2018-10-08_2018-10-22|2018-11-07_2018-11-21|2018-12-07_2018-12-21|2019-02-05_2019-02-19|2019-03-07_2019-03-21|2019-04-06_2019-04-20|2019-06-05_2019-06-19|2019-09-03_2019-09-17|2019-11-02_2019-11-16|2020-02-15_2020-02-29|2020-04-30_2020-05-14|2020-05-30_2020-06-13|2020-10-12_2020-10-26|2020-11-11_2020-11-25|2020-12-11_2020-12-25|2021-03-11_2021-03-25|2021-06-09_2021-06-23|2021-09-07_2021-09-21|2021-10-07_2021-10-21|2021-11-06_2021-11-20|2021-12-06_2021-12-20|2022-01-05_2022-01-19|2022-07-04_2022-07-18|2022-08-03_2022-08-17|2022-09-02_2022-09-16|2022-10-02_2022-10-16|2022-12-01_2022-12-15|2023-01-15_2023-01-29|2023-02-14_2023-02-28|2023-04-30_2023-05-14|2023-06-29_2023-07-13|2023-07-29_2023-08-12|2023-09-12_2023-09-26|2023-09-27_2023-10-11|2023-11-11_2023-11-25|2023-12-11_2023-12-25|2024-01-10_2024-01-24|2024-03-10_2024-03-24|2024-04-09_2024-04-23|2024-05-09_2024-05-23|2024-06-08_2024-06-22|2024-07-08_2024-07-22|2024-08-07_2024-08-21|2024-09-06_2024-09-20|2024-10-06_2024-10-20|2024-11-05_2024-11-19|2024-12-05_2024-12-19|2025-01-04_2025-01-18|2025-02-03_2025-02-17|2025-06-03_2025-06-17|2025-07-03_2025-07-17|2025-11-15_2025-11-29|2026-01-14_2026-01-28|2021-05-10_2021-05-24
0.3,1,Core PPI m/m,Good,12,9,3,75.0,25.0,3.0,2018-09-08_2018-09-22|2019-01-06_2019-01-20|2019-10-03_2019-10-17|2019-12-02_2019-12-16|2020-06-29_2020-07-13|2022-03-06_2022-03-20|2023-03-01_2023-03-15|2023-03-31_2023-04-14|2025-03-05_2025-03-19|2025-04-04_2025-04-18|2025-05-04_2025-05-18|2025-09-01_2025-09-15
0.3,1,Core PPI m/m,Bad,11,5,6,45.5,54.5,0.83,2020-07-29_2020-08-12|2021-02-09_2021-02-23|2021-03-26_2021-04-09|2021-07-09_2021-07-23|2022-04-05_2022-04-19|2024-02-09_2024-02-23|2025-08-02_2025-08-16|2026-02-13_2026-02-27|2021-08-08_2021-08-22|2022-02-04_2022-02-18|2026-01-29_2026-02-12
0.0,1,FOMC,Neutral,10,5,5,50.0,50.0,1.0,2023-03-16_2023-03-30|2023-04-30_2023-05-14|2023-07-14_2023-07-28|2023-09-12_2023-09-26|2023-12-11_2023-12-25|2024-06-08_2024-06-22|2024-07-23_2024-08-06|2024-11-05_2024-11-19|2024-12-05_2024-12-19|2025-01-19_2025-02-02
0.0,1,FOMC,Good,1,1,0,100.0,0.0,inf,2024-09-06_2024-09-20
0.1,1,FOMC,Neutral,10,5,5,50.0,50.0,1.0,2023-03-16_2023-03-30|2023-04-30_2023-05-14|2023-07-14_2023-07-28|2023-09-12_2023-09-26|2023-12-11_2023-12-25|2024-06-08_2024-06-22|2024-07-23_2024-08-06|2024-11-05_2024-11-19|2024-12-05_2024-12-19|2025-01-19_2025-02-02
0.1,1,FOMC,Good,1,1,0,100.0,0.0,inf,2024-09-06_2024-09-20
0.2,1,FOMC,Neutral,10,5,5,50.0,50.0,1.0,2023-03-16_2023-03-30|2023-04-30_2023-05-14|2023-07-14_2023-07-28|2023-09-12_2023-09-26|2023-12-11_2023-12-25|2024-06-08_2024-06-22|2024-07-23_2024-08-06|2024-11-05_2024-11-19|2024-12-05_2024-12-19|2025-01-19_2025-02-02
0.2,1,FOMC,Good,1,1,0,100.0,0.0,inf,2024-09-06_2024-09-20
0.3,1,FOMC,Neutral,11,6,5,54.5,45.5,1.2,2023-03-16_2023-03-30|2023-04-30_2023-05-14|2023-07-14_2023-07-28|2023-09-12_2023-09-26|2023-12-11_2023-12-25|2024-06-08_2024-06-22|2024-07-23_2024-08-06|2024-09-06_2024-09-20|2024-11-05_2024-11-19|2024-12-05_2024-12-19|2025-01-19_2025-02-02
0.0,1,CPI y/y,Bad,29,15,14,51.7,48.3,1.07,2018-02-10_2018-02-24|2019-02-05_2019-02-19|2019-04-06_2019-04-20|2019-11-02_2019-11-16|2019-12-02_2019-12-16|2020-01-31_2020-02-14|2020-07-29_2020-08-12|2021-04-10_2021-04-24|2021-06-09_2021-06-23|2021-07-09_2021-07-23|2021-10-07_2021-10-21|2021-11-06_2021-11-20|2022-04-05_2022-04-19|2022-07-04_2022-07-18|2022-09-02_2022-09-16|2022-10-02_2022-10-16|2023-02-14_2023-02-28|2023-09-12_2023-09-26|2023-10-12_2023-10-26|2024-01-10_2024-01-24|2024-02-09_2024-02-23|2024-03-10_2024-03-24|2024-04-09_2024-04-23|2024-10-06_2024-10-20|2025-02-03_2025-02-17|2025-07-03_2025-07-17|2021-05-10_2021-05-24|2021-08-08_2021-08-22|2022-02-04_2022-02-18
0.0,1,CPI y/y,Neutral,26,15,11,57.7,42.3,1.36,2018-03-12_2018-03-26|2018-04-11_2018-04-25|2018-04-26_2018-05-10|2018-07-10_2018-07-24|2018-08-09_2018-08-23|2018-11-07_2018-11-21|2018-12-07_2018-12-21|2019-01-06_2019-01-20|2020-07-14_2020-07-28|2020-10-12_2020-10-26|2020-11-26_2020-12-10|2021-02-09_2021-02-23|2021-09-07_2021-09-21|2021-12-06_2021-12-20|2022-01-05_2022-01-19|2022-03-06_2022-03-20|2022-12-31_2023-01-14|2023-03-01_2023-03-15|2023-12-11_2023-12-25|2024-05-09_2024-05-23|2024-09-06_2024-09-20|2024-11-05_2024-11-19|2024-12-05_2024-12-19|2025-01-04_2025-01-18|2025-09-01_2025-09-15|2025-12-30_2026-01-13
0.0,1,CPI y/y,Good,28,17,11,60.7,39.3,1.55,2018-09-08_2018-09-22|2018-10-08_2018-10-22|2019-03-07_2019-03-21|2019-06-05_2019-06-19|2019-09-03_2019-09-17|2019-10-03_2019-10-17|2020-04-30_2020-05-14|2020-05-30_2020-06-13|2020-11-11_2020-11-25|2022-08-03_2022-08-17|2022-12-01_2022-12-15|2023-03-31_2023-04-14|2023-04-30_2023-05-14|2023-05-30_2023-06-13|2023-06-29_2023-07-13|2023-07-29_2023-08-12|2023-11-11_2023-11-25|2024-06-08_2024-06-22|2024-07-08_2024-07-22|2024-08-07_2024-08-21|2025-03-05_2025-03-19|2025-04-04_2025-04-18|2025-05-04_2025-05-18|2025-06-03_2025-06-17|2025-08-02_2025-08-16|2025-10-16_2025-10-30|2025-12-15_2025-12-29|2026-02-13_2026-02-27
0.1,1,CPI y/y,Bad,26,14,12,53.8,46.2,1.17,2018-02-10_2018-02-24|2019-02-05_2019-02-19|2019-11-02_2019-11-16|2019-12-02_2019-12-16|2020-01-31_2020-02-14|2020-07-29_2020-08-12|2021-04-10_2021-04-24|2021-06-09_2021-06-23|2021-07-09_2021-07-23|2021-10-07_2021-10-21|2021-11-06_2021-11-20|2022-07-04_2022-07-18|2022-09-02_2022-09-16|2023-02-14_2023-02-28|2023-09-12_2023-09-26|2023-10-12_2023-10-26|2024-01-10_2024-01-24|2024-02-09_2024-02-23|2024-03-10_2024-03-24|2024-04-09_2024-04-23|2024-10-06_2024-10-20|2025-02-03_2025-02-17|2025-07-03_2025-07-17|2021-05-10_2021-05-24|2021-08-08_2021-08-22|2022-02-04_2022-02-18
0.1,1,CPI y/y,Neutral,37,22,15,59.5,40.5,1.47,2018-03-12_2018-03-26|2018-04-11_2018-04-25|2018-04-26_2018-05-10|2018-07-10_2018-07-24|2018-08-09_2018-08-23|2018-09-08_2018-09-22|2018-11-07_2018-11-21|2018-12-07_2018-12-21|2019-01-06_2019-01-20|2019-04-06_2019-04-20|2019-06-05_2019-06-19|2020-07-14_2020-07-28|2020-10-12_2020-10-26|2020-11-26_2020-12-10|2021-02-09_2021-02-23|2021-09-07_2021-09-21|2021-12-06_2021-12-20|2022-01-05_2022-01-19|2022-03-06_2022-03-20|2022-04-05_2022-04-19|2022-10-02_2022-10-16|2022-12-31_2023-01-14|2023-03-01_2023-03-15|2023-03-31_2023-04-14|2023-04-30_2023-05-14|2023-05-30_2023-06-13|2023-07-29_2023-08-12|2023-11-11_2023-11-25|2023-12-11_2023-12-25|2024-05-09_2024-05-23|2024-09-06_2024-09-20|2024-11-05_2024-11-19|2024-12-05_2024-12-19|2025-01-04_2025-01-18|2025-08-02_2025-08-16|2025-09-01_2025-09-15|2025-12-30_2026-01-13
0.1,1,CPI y/y,Good,20,11,9,55.0,45.0,1.22,2018-10-08_2018-10-22|2019-03-07_2019-03-21|2019-09-03_2019-09-17|2019-10-03_2019-10-17|2020-04-30_2020-05-14|2020-05-30_2020-06-13|2020-11-11_2020-11-25|2022-08-03_2022-08-17|2022-12-01_2022-12-15|2023-06-29_2023-07-13|2024-06-08_2024-06-22|2024-07-08_2024-07-22|2024-08-07_2024-08-21|2025-03-05_2025-03-19|2025-04-04_2025-04-18|2025-05-04_2025-05-18|2025-06-03_2025-06-17|2025-10-16_2025-10-30|2025-12-15_2025-12-29|2026-02-13_2026-02-27
0.2,1,CPI y/y,Bad,11,2,9,18.2,81.8,0.22,2018-02-10_2018-02-24|2020-07-29_2020-08-12|2021-06-09_2021-06-23|2021-07-09_2021-07-23|2021-11-06_2021-11-20|2022-07-04_2022-07-18|2022-09-02_2022-09-16|2023-02-14_2023-02-28|2024-02-09_2024-02-23|2021-05-10_2021-05-24|2022-02-04_2022-02-18
0.2,1,CPI y/y,Neutral,70,44,26,62.9,37.1,1.69,2018-03-12_2018-03-26|2018-04-11_2018-04-25|2018-04-26_2018-05-10|2018-07-10_2018-07-24|2018-08-09_2018-08-23|2018-09-08_2018-09-22|2018-10-08_2018-10-22|2018-11-07_2018-11-21|2018-12-07_2018-12-21|2019-01-06_2019-01-20|2019-02-05_2019-02-19|2019-03-07_2019-03-21|2019-04-06_2019-04-20|2019-06-05_2019-06-19|2019-09-03_2019-09-17|2019-10-03_2019-10-17|2019-11-02_2019-11-16|2019-12-02_2019-12-16|2020-01-31_2020-02-14|2020-04-30_2020-05-14|2020-05-30_2020-06-13|2020-07-14_2020-07-28|2020-10-12_2020-10-26|2020-11-11_2020-11-25|2020-11-26_2020-12-10|2021-02-09_2021-02-23|2021-04-10_2021-04-24|2021-09-07_2021-09-21|2021-10-07_2021-10-21|2021-12-06_2021-12-20|2022-01-05_2022-01-19|2022-03-06_2022-03-20|2022-04-05_2022-04-19|2022-08-03_2022-08-17|2022-10-02_2022-10-16|2022-12-31_2023-01-14|2023-03-01_2023-03-15|2023-03-31_2023-04-14|2023-04-30_2023-05-14|2023-05-30_2023-06-13|2023-06-29_2023-07-13|2023-07-29_2023-08-12|2023-09-12_2023-09-26|2023-10-12_2023-10-26|2023-11-11_2023-11-25|2023-12-11_2023-12-25|2024-01-10_2024-01-24|2024-03-10_2024-03-24|2024-04-09_2024-04-23|2024-05-09_2024-05-23|2024-06-08_2024-06-22|2024-07-08_2024-07-22|2024-08-07_2024-08-21|2024-09-06_2024-09-20|2024-10-06_2024-10-20|2024-11-05_2024-11-19|2024-12-05_2024-12-19|2025-01-04_2025-01-18|2025-02-03_2025-02-17|2025-03-05_2025-03-19|2025-04-04_2025-04-18|2025-05-04_2025-05-18|2025-06-03_2025-06-17|2025-07-03_2025-07-17|2025-08-02_2025-08-16|2025-09-01_2025-09-15|2025-10-16_2025-10-30|2025-12-30_2026-01-13|2026-02-13_2026-02-27|2021-08-08_2021-08-22
0.2,1,CPI y/y,Good,2,1,1,50.0,50.0,1.0,2022-12-01_2022-12-15|2025-12-15_2025-12-29
0.3,1,CPI y/y,Neutral,78,46,32,59.0,41.0,1.44,2018-02-10_2018-02-24|2018-03-12_2018-03-26|2018-04-11_2018-04-25|2018-04-26_2018-05-10|2018-07-10_2018-07-24|2018-08-09_2018-08-23|2018-09-08_2018-09-22|2018-10-08_2018-10-22|2018-11-07_2018-11-21|2018-12-07_2018-12-21|2019-01-06_2019-01-20|2019-02-05_2019-02-19|2019-03-07_2019-03-21|2019-04-06_2019-04-20|2019-06-05_2019-06-19|2019-09-03_2019-09-17|2019-10-03_2019-10-17|2019-11-02_2019-11-16|2019-12-02_2019-12-16|2020-01-31_2020-02-14|2020-04-30_2020-05-14|2020-05-30_2020-06-13|2020-07-14_2020-07-28|2020-10-12_2020-10-26|2020-11-11_2020-11-25|2020-11-26_2020-12-10|2021-02-09_2021-02-23|2021-04-10_2021-04-24|2021-06-09_2021-06-23|2021-09-07_2021-09-21|2021-10-07_2021-10-21|2021-11-06_2021-11-20|2021-12-06_2021-12-20|2022-01-05_2022-01-19|2022-03-06_2022-03-20|2022-04-05_2022-04-19|2022-08-03_2022-08-17|2022-09-02_2022-09-16|2022-10-02_2022-10-16|2022-12-01_2022-12-15|2022-12-31_2023-01-14|2023-02-14_2023-02-28|2023-03-01_2023-03-15|2023-03-31_2023-04-14|2023-04-30_2023-05-14|2023-05-30_2023-06-13|2023-06-29_2023-07-13|2023-07-29_2023-08-12|2023-09-12_2023-09-26|2023-10-12_2023-10-26|2023-11-11_2023-11-25|2023-12-11_2023-12-25|2024-01-10_2024-01-24|2024-02-09_2024-02-23|2024-03-10_2024-03-24|2024-04-09_2024-04-23|2024-05-09_2024-05-23|2024-06-08_2024-06-22|2024-07-08_2024-07-22|2024-08-07_2024-08-21|2024-09-06_2024-09-20|2024-10-06_2024-10-20|2024-11-05_2024-11-19|2024-12-05_2024-12-19|2025-01-04_2025-01-18|2025-02-03_2025-02-17|2025-03-05_2025-03-19|2025-04-04_2025-04-18|2025-05-04_2025-05-18|2025-06-03_2025-06-17|2025-07-03_2025-07-17|2025-08-02_2025-08-16|2025-09-01_2025-09-15|2025-10-16_2025-10-30|2025-12-30_2026-01-13|2026-02-13_2026-02-27|2021-08-08_2021-08-22|2022-02-04_2022-02-18
0.3,1,CPI y/y,Bad,4,0,4,0.0,100.0,0.0,2020-07-29_2020-08-12|2021-07-09_2021-07-23|2022-07-04_2022-07-18|2021-05-10_2021-05-24
0.3,1,CPI y/y,Good,1,1,0,100.0,0.0,inf,2025-12-15_2025-12-29
0.0,2,CPI m/m|Core CPI m/m,Bad|Bad,18,6,12,33.3,66.7,0.5,2018-02-10_2018-02-24|2020-07-14_2020-07-28|2020-07-29_2020-08-12|2020-11-26_2020-12-10|2021-04-10_2021-04-24|2021-06-09_2021-06-23|2021-07-09_2021-07-23|2021-11-06_2021-11-20|2022-01-05_2022-01-19|2022-07-04_2022-07-18|2022-09-02_2022-09-16|2022-10-02_2022-10-16|2024-02-09_2024-02-23|2024-04-09_2024-04-23|2024-10-06_2024-10-20|2025-02-03_2025-02-17|2021-05-10_2021-05-24|2022-02-04_2022-02-18
0.0,2,CPI m/m|Core CPI m/m,Neutral|Neutral,14,10,4,71.4,28.6,2.5,2018-03-12_2018-03-26|2018-08-09_2018-08-23|2018-11-07_2018-11-21|2018-12-07_2018-12-21|2019-01-06_2019-01-20|2020-10-12_2020-10-26|2022-03-06_2022-03-20|2022-12-31_2023-01-14|2023-02-14_2023-02-28|2023-07-29_2023-08-12|2024-08-07_2024-08-21|2024-11-05_2024-11-19|2024-12-05_2024-12-19|2025-08-02_2025-08-16
0.0,2,CPI m/m|Core CPI m/m,Good|Neutral,8,3,5,37.5,62.5,0.6,2018-04-11_2018-04-25|2018-07-10_2018-07-24|2019-02-05_2019-02-19|2020-01-31_2020-02-14|2023-03-31_2023-04-14|2023-05-30_2023-06-13|2024-05-09_2024-05-23|2026-02-13_2026-02-27
0.0,2,CPI m/m|Core CPI m/m,Good|Good,19,9,10,47.4,52.6,0.9,2018-04-26_2018-05-10|2018-09-08_2018-09-22|2018-10-08_2018-10-22|2019-10-03_2019-10-17|2020-04-30_2020-05-14|2020-05-30_2020-06-13|2020-11-11_2020-11-25|2021-09-07_2021-09-21|2022-08-03_2022-08-17|2022-12-01_2022-12-15|2023-06-29_2023-07-13|2023-11-11_2023-11-25|2024-06-08_2024-06-22|2024-07-08_2024-07-22|2025-03-05_2025-03-19|2025-04-04_2025-04-18|2025-05-04_2025-05-18|2025-06-03_2025-06-17|2025-10-16_2025-10-30
0.0,2,CPI m/m|Core CPI m/m,Neutral|Good,8,8,0,100.0,0.0,inf,2019-03-07_2019-03-21|2019-06-05_2019-06-19|2021-02-09_2021-02-23|2022-04-05_2022-04-19|2025-01-04_2025-01-18|2025-07-03_2025-07-17|2025-12-30_2026-01-13|2021-08-08_2021-08-22
0.0,2,CPI m/m|Core CPI m/m,Bad|Good,1,0,1,0.0,100.0,0.0,2019-04-06_2019-04-20
0.0,2,CPI m/m|Core CPI m/m,Neutral|Bad,6,4,2,66.7,33.3,2.0,2019-09-03_2019-09-17|2023-03-01_2023-03-15|2023-04-30_2023-05-14|2023-09-12_2023-09-26|2024-03-10_2024-03-24|2024-09-06_2024-09-20
0.0,2,CPI m/m|Core CPI m/m,Bad|Neutral,8,6,2,75.0,25.0,3.0,2019-11-02_2019-11-16|2019-12-02_2019-12-16|2021-10-07_2021-10-21|2021-12-06_2021-12-20|2023-10-12_2023-10-26|2023-12-11_2023-12-25|2024-01-10_2024-01-24|2025-09-01_2025-09-15
0.1,2,CPI m/m|Core CPI m/m,Bad|Neutral,8,4,4,50.0,50.0,1.0,2018-02-10_2018-02-24|2019-04-06_2019-04-20|2019-11-02_2019-11-16|2021-10-07_2021-10-21|2021-12-06_2021-12-20|2023-10-12_2023-10-26|2025-09-01_2025-09-15|2022-02-04_2022-02-18
0.1,2,CPI m/m|Core CPI m/m,Neutral|Neutral,48,30,18,62.5,37.5,1.67,2018-03-12_2018-03-26|2018-04-11_2018-04-25|2018-04-26_2018-05-10|2018-07-10_2018-07-24|2018-08-09_2018-08-23|2018-09-08_2018-09-22|2018-10-08_2018-10-22|2018-11-07_2018-11-21|2018-12-07_2018-12-21|2019-01-06_2019-01-20|2019-02-05_2019-02-19|2019-03-07_2019-03-21|2019-06-05_2019-06-19|2019-09-03_2019-09-17|2019-10-03_2019-10-17|2019-12-02_2019-12-16|2020-01-31_2020-02-14|2020-05-30_2020-06-13|2020-07-14_2020-07-28|2020-10-12_2020-10-26|2020-11-26_2020-12-10|2021-04-10_2021-04-24|2022-01-05_2022-01-19|2022-03-06_2022-03-20|2022-12-31_2023-01-14|2023-02-14_2023-02-28|2023-03-01_2023-03-15|2023-03-31_2023-04-14|2023-05-30_2023-06-13|2023-06-29_2023-07-13|2023-07-29_2023-08-12|2023-09-12_2023-09-26|2023-11-11_2023-11-25|2023-12-11_2023-12-25|2024-01-10_2024-01-24|2024-06-08_2024-06-22|2024-08-07_2024-08-21|2024-09-06_2024-09-20|2024-10-06_2024-10-20|2024-11-05_2024-11-19|2024-12-05_2024-12-19|2025-01-04_2025-01-18|2025-03-05_2025-03-19|2025-05-04_2025-05-18|2025-07-03_2025-07-17|2025-08-02_2025-08-16|2025-12-30_2026-01-13|2026-02-13_2026-02-27
0.1,2,CPI m/m|Core CPI m/m,Good|Good,4,2,2,50.0,50.0,1.0,2020-04-30_2020-05-14|2021-09-07_2021-09-21|2022-08-03_2022-08-17|2025-04-04_2025-04-18
0.1,2,CPI m/m|Core CPI m/m,Bad|Bad,10,4,6,40.0,60.0,0.67,2020-07-29_2020-08-12|2021-06-09_2021-06-23|2021-07-09_2021-07-23|2021-11-06_2021-11-20|2022-07-04_2022-07-18|2022-09-02_2022-09-16|2022-10-02_2022-10-16|2024-04-09_2024-04-23|2025-02-03_2025-02-17|2021-05-10_2021-05-24
0.1,2,CPI m/m|Core CPI m/m,Neutral|Good,5,4,1,80.0,20.0,4.0,2020-11-11_2020-11-25|2021-02-09_2021-02-23|2022-04-05_2022-04-19|2025-06-03_2025-06-17|2021-08-08_2021-08-22
0.1,2,CPI m/m|Core CPI m/m,Good|Neutral,4,1,3,25.0,75.0,0.33,2022-12-01_2022-12-15|2024-05-09_2024-05-23|2024-07-08_2024-07-22|2025-10-16_2025-10-30
0.1,2,CPI m/m|Core CPI m/m,Neutral|Bad,3,1,2,33.3,66.7,0.5,2023-04-30_2023-05-14|2024-02-09_2024-02-23|2024-03-10_2024-03-24
0.2,2,CPI m/m|Core CPI m/m,Neutral|Neutral,77,45,32,58.4,41.6,1.41,2018-02-10_2018-02-24|2018-03-12_2018-03-26|2018-04-11_2018-04-25|2018-04-26_2018-05-10|2018-07-10_2018-07-24|2018-08-09_2018-08-23|2018-09-08_2018-09-22|2018-10-08_2018-10-22|2018-11-07_2018-11-21|2018-12-07_2018-12-21|2019-01-06_2019-01-20|2019-02-05_2019-02-19|2019-03-07_2019-03-21|2019-04-06_2019-04-20|2019-06-05_2019-06-19|2019-09-03_2019-09-17|2019-10-03_2019-10-17|2019-11-02_2019-11-16|2019-12-02_2019-12-16|2020-01-31_2020-02-14|2020-04-30_2020-05-14|2020-05-30_2020-06-13|2020-07-14_2020-07-28|2020-10-12_2020-10-26|2020-11-11_2020-11-25|2020-11-26_2020-12-10|2021-02-09_2021-02-23|2021-04-10_2021-04-24|2021-06-09_2021-06-23|2021-09-07_2021-09-21|2021-10-07_2021-10-21|2021-12-06_2021-12-20|2022-01-05_2022-01-19|2022-03-06_2022-03-20|2022-04-05_2022-04-19|2022-07-04_2022-07-18|2022-08-03_2022-08-17|2022-10-02_2022-10-16|2022-12-01_2022-12-15|2022-12-31_2023-01-14|2023-02-14_2023-02-28|2023-03-01_2023-03-15|2023-03-31_2023-04-14|2023-04-30_2023-05-14|2023-05-30_2023-06-13|2023-06-29_2023-07-13|2023-07-29_2023-08-12|2023-09-12_2023-09-26|2023-10-12_2023-10-26|2023-11-11_2023-11-25|2023-12-11_2023-12-25|2024-01-10_2024-01-24|2024-02-09_2024-02-23|2024-03-10_2024-03-24|2024-04-09_2024-04-23|2024-05-09_2024-05-23|2024-06-08_2024-06-22|2024-07-08_2024-07-22|2024-08-07_2024-08-21|2024-09-06_2024-09-20|2024-10-06_2024-10-20|2024-11-05_2024-11-19|2024-12-05_2024-12-19|2025-01-04_2025-01-18|2025-02-03_2025-02-17|2025-03-05_2025-03-19|2025-04-04_2025-04-18|2025-05-04_2025-05-18|2025-06-03_2025-06-17|2025-07-03_2025-07-17|2025-08-02_2025-08-16|2025-09-01_2025-09-15|2025-10-16_2025-10-30|2025-12-30_2026-01-13|2026-02-13_2026-02-27|2021-08-08_2021-08-22|2022-02-04_2022-02-18
0.2,2,CPI m/m|Core CPI m/m,Bad|Bad,3,0,3,0.0,100.0,0.0,2020-07-29_2020-08-12|2021-07-09_2021-07-23|2021-05-10_2021-05-24
0.2,2,CPI m/m|Core CPI m/m,Bad|Neutral,1,0,1,0.0,100.0,0.0,2021-11-06_2021-11-20
0.2,2,CPI m/m|Core CPI m/m,Neutral|Bad,1,1,0,100.0,0.0,inf,2022-09-02_2022-09-16
0.3,2,CPI m/m|Core CPI m/m,Neutral|Neutral,78,46,32,59.0,41.0,1.44,2018-02-10_2018-02-24|2018-03-12_2018-03-26|2018-04-11_2018-04-25|2018-04-26_2018-05-10|2018-07-10_2018-07-24|2018-08-09_2018-08-23|2018-09-08_2018-09-22|2018-10-08_2018-10-22|2018-11-07_2018-11-21|2018-12-07_2018-12-21|2019-01-06_2019-01-20|2019-02-05_2019-02-19|2019-03-07_2019-03-21|2019-04-06_2019-04-20|2019-06-05_2019-06-19|2019-09-03_2019-09-17|2019-10-03_2019-10-17|2019-11-02_2019-11-16|2019-12-02_2019-12-16|2020-01-31_2020-02-14|2020-04-30_2020-05-14|2020-05-30_2020-06-13|2020-07-14_2020-07-28|2020-10-12_2020-10-26|2020-11-11_2020-11-25|2020-11-26_2020-12-10|2021-02-09_2021-02-23|2021-04-10_2021-04-24|2021-06-09_2021-06-23|2021-09-07_2021-09-21|2021-10-07_2021-10-21|2021-12-06_2021-12-20|2022-01-05_2022-01-19|2022-03-06_2022-03-20|2022-04-05_2022-04-19|2022-07-04_2022-07-18|2022-08-03_2022-08-17|2022-09-02_2022-09-16|2022-10-02_2022-10-16|2022-12-01_2022-12-15|2022-12-31_2023-01-14|2023-02-14_2023-02-28|2023-03-01_2023-03-15|2023-03-31_2023-04-14|2023-04-30_2023-05-14|2023-05-30_2023-06-13|2023-06-29_2023-07-13|2023-07-29_2023-08-12|2023-09-12_2023-09-26|2023-10-12_2023-10-26|2023-11-11_2023-11-25|2023-12-11_2023-12-25|2024-01-10_2024-01-24|2024-02-09_2024-02-23|2024-03-10_2024-03-24|2024-04-09_2024-04-23|2024-05-09_2024-05-23|2024-06-08_2024-06-22|2024-07-08_2024-07-22|2024-08-07_2024-08-21|2024-09-06_2024-09-20|2024-10-06_2024-10-20|2024-11-05_2024-11-19|2024-12-05_2024-12-19|2025-01-04_2025-01-18|2025-02-03_2025-02-17|2025-03-05_2025-03-19|2025-04-04_2025-04-18|2025-05-04_2025-05-18|2025-06-03_2025-06-17|2025-07-03_2025-07-17|2025-08-02_2025-08-16|2025-09-01_2025-09-15|2025-10-16_2025-10-30|2025-12-30_2026-01-13|2026-02-13_2026-02-27|2021-08-08_2021-08-22|2022-02-04_2022-02-18
0.3,2,CPI m/m|Core CPI m/m,Neutral|Bad,1,0,1,0.0,100.0,0.0,2020-07-29_2020-08-12
0.3,2,CPI m/m|Core CPI m/m,Bad|Bad,2,0,2,0.0,100.0,0.0,2021-07-09_2021-07-23|2021-05-10_2021-05-24
0.3,2,CPI m/m|Core CPI m/m,Bad|Neutral,1,0,1,0.0,100.0,0.0,2021-11-06_2021-11-20
0.0,2,CPI m/m|PPI m/m,Bad|Neutral,4,1,3,25.0,75.0,0.33,2018-02-10_2018-02-24|2021-11-06_2021-11-20|2022-09-02_2022-09-16|2023-12-11_2023-12-25
0.0,2,CPI m/m|PPI m/m,Neutral|Bad,15,10,5,66.7,33.3,2.0,2018-03-12_2018-03-26|2018-11-07_2018-11-21|2018-12-07_2018-12-21|2019-09-03_2019-09-17|2020-10-12_2020-10-26|2021-02-09_2021-02-23|2022-04-05_2022-04-19|2023-02-14_2023-02-28|2023-07-29_2023-08-12|2023-09-12_2023-09-26|2024-03-10_2024-03-24|2024-09-06_2024-09-20|2024-12-05_2024-12-19|2025-08-02_2025-08-16|2021-08-08_2021-08-22
0.0,2,CPI m/m|PPI m/m,Good|Good,14,8,6,57.1,42.9,1.33,2018-04-26_2018-05-10|2018-09-08_2018-09-22|2019-02-05_2019-02-19|2019-10-03_2019-10-17|2020-04-30_2020-05-14|2022-08-03_2022-08-17|2023-03-31_2023-04-14|2023-06-29_2023-07-13|2023-11-11_2023-11-25|2024-06-08_2024-06-22|2025-03-05_2025-03-19|2025-04-04_2025-04-18|2025-05-04_2025-05-18|2025-06-03_2025-06-17
0.0,2,CPI m/m|PPI m/m,Good|Bad,8,1,7,12.5,87.5,0.14,2018-07-10_2018-07-24|2020-05-30_2020-06-13|2020-11-11_2020-11-25|2021-09-07_2021-09-21|2022-12-01_2022-12-15|2024-05-09_2024-05-23|2024-07-08_2024-07-22|2026-02-13_2026-02-27
0.0,2,CPI m/m|PPI m/m,Neutral|Good,9,8,1,88.9,11.1,8.0,2018-08-09_2018-08-23|2019-01-06_2019-01-20|2019-03-07_2019-03-21|2022-03-06_2022-03-20|2023-03-01_2023-03-15|2023-04-30_2023-05-14|2024-08-07_2024-08-21|2025-01-04_2025-01-18|2025-07-03_2025-07-17
0.0,2,CPI m/m|PPI m/m,Good|Neutral,1,0,1,0.0,100.0,0.0,2018-10-08_2018-10-22
0.0,2,CPI m/m|PPI m/m,Bad|Bad,12,4,8,33.3,66.7,0.5,2019-04-06_2019-04-20|2019-11-02_2019-11-16|2020-07-29_2020-08-12|2021-06-09_2021-06-23|2021-07-09_2021-07-23|2021-12-06_2021-12-20|2022-07-04_2022-07-18|2022-10-02_2022-10-16|2024-02-09_2024-02-23|2025-02-03_2025-02-17|2021-05-10_2021-05-24|2022-02-04_2022-02-18
0.0,2,CPI m/m|PPI m/m,Neutral|Neutral,2,2,0,100.0,0.0,inf,2019-06-05_2019-06-19|2024-11-05_2024-11-19
0.0,2,CPI m/m|PPI m/m,Bad|Good,7,6,1,85.7,14.3,6.0,2019-12-02_2019-12-16|2021-10-07_2021-10-21|2022-01-05_2022-01-19|2024-01-10_2024-01-24|2024-04-09_2024-04-23|2024-10-06_2024-10-20|2025-09-01_2025-09-15
0.1,2,CPI m/m|PPI m/m,Bad|Neutral,5,3,2,60.0,40.0,1.5,2018-02-10_2018-02-24|2021-10-07_2021-10-21|2021-11-06_2021-11-20|2022-09-02_2022-09-16|2024-04-09_2024-04-23
0.1,2,CPI m/m|PPI m/m,Neutral|Neutral,19,11,8,57.9,42.1,1.38,2018-03-12_2018-03-26|2018-04-26_2018-05-10|2018-07-10_2018-07-24|2018-10-08_2018-10-22|2018-12-07_2018-12-21|2019-01-06_2019-01-20|2019-03-07_2019-03-21|2019-06-05_2019-06-19|2019-09-03_2019-09-17|2020-11-11_2020-11-25|2023-04-30_2023-05-14|2023-06-29_2023-07-13|2023-07-29_2023-08-12|2023-12-11_2023-12-25|2024-08-07_2024-08-21|2024-09-06_2024-09-20|2024-10-06_2024-10-20|2024-11-05_2024-11-19|2025-06-03_2025-06-17
0.1,2,CPI m/m|PPI m/m,Neutral|Good,16,12,4,75.0,25.0,3.0,2018-08-09_2018-08-23|2018-09-08_2018-09-22|2019-02-05_2019-02-19|2019-10-03_2019-10-17|2019-12-02_2019-12-16|2022-01-05_2022-01-19|2022-03-06_2022-03-20|2023-03-01_2023-03-15|2023-03-31_2023-04-14|2023-11-11_2023-11-25|2024-01-10_2024-01-24|2024-06-08_2024-06-22|2025-01-04_2025-01-18|2025-03-05_2025-03-19|2025-05-04_2025-05-18|2025-07-03_2025-07-17
0.1,2,CPI m/m|PPI m/m,Neutral|Bad,13,8,5,61.5,38.5,1.6,2018-11-07_2018-11-21|2020-05-30_2020-06-13|2020-10-12_2020-10-26|2021-02-09_2021-02-23|2022-04-05_2022-04-19|2023-02-14_2023-02-28|2023-09-12_2023-09-26|2024-02-09_2024-02-23|2024-03-10_2024-03-24|2024-12-05_2024-12-19|2025-08-02_2025-08-16|2026-02-13_2026-02-27|2021-08-08_2021-08-22
0.1,2,CPI m/m|PPI m/m,Bad|Bad,11,4,7,36.4,63.6,0.57,2019-04-06_2019-04-20|2019-11-02_2019-11-16|2020-07-29_2020-08-12|2021-06-09_2021-06-23|2021-07-09_2021-07-23|2021-12-06_2021-12-20|2022-07-04_2022-07-18|2022-10-02_2022-10-16|2025-02-03_2025-02-17|2021-05-10_2021-05-24|2022-02-04_2022-02-18
0.1,2,CPI m/m|PPI m/m,Good|Good,3,2,1,66.7,33.3,2.0,2020-04-30_2020-05-14|2022-08-03_2022-08-17|2025-04-04_2025-04-18
0.1,2,CPI m/m|PPI m/m,Good|Neutral,3,0,3,0.0,100.0,0.0,2021-09-07_2021-09-21|2022-12-01_2022-12-15|2024-07-08_2024-07-22
0.1,2,CPI m/m|PPI m/m,Good|Bad,1,0,1,0.0,100.0,0.0,2024-05-09_2024-05-23
0.1,2,CPI m/m|PPI m/m,Bad|Good,1,0,1,0.0,100.0,0.0,2025-09-01_2025-09-15
0.2,2,CPI m/m|PPI m/m,Neutral|Neutral,42,24,18,57.1,42.9,1.33,2018-02-10_2018-02-24|2018-03-12_2018-03-26|2018-04-26_2018-05-10|2018-07-10_2018-07-24|2018-08-09_2018-08-23|2018-10-08_2018-10-22|2018-12-07_2018-12-21|2019-01-06_2019-01-20|2019-02-05_2019-02-19|2019-03-07_2019-03-21|2019-06-05_2019-06-19|2019-09-03_2019-09-17|2019-11-02_2019-11-16|2019-12-02_2019-12-16|2020-10-12_2020-10-26|2020-11-11_2020-11-25|2021-09-07_2021-09-21|2021-10-07_2021-10-21|2022-01-05_2022-01-19|2022-03-06_2022-03-20|2022-09-02_2022-09-16|2022-10-02_2022-10-16|2022-12-01_2022-12-15|2023-04-30_2023-05-14|2023-06-29_2023-07-13|2023-07-29_2023-08-12|2023-12-11_2023-12-25|2024-01-10_2024-01-24|2024-02-09_2024-02-23|2024-04-09_2024-04-23|2024-05-09_2024-05-23|2024-07-08_2024-07-22|2024-08-07_2024-08-21|2024-09-06_2024-09-20|2024-10-06_2024-10-20|2024-11-05_2024-11-19|2024-12-05_2024-12-19|2025-01-04_2025-01-18|2025-02-03_2025-02-17|2025-06-03_2025-06-17|2025-07-03_2025-07-17|2026-02-13_2026-02-27
0.2,2,CPI m/m|PPI m/m,Neutral|Good,12,8,4,66.7,33.3,2.0,2018-09-08_2018-09-22|2019-10-03_2019-10-17|2020-04-30_2020-05-14|2022-08-03_2022-08-17|2023-03-01_2023-03-15|2023-03-31_2023-04-14|2023-11-11_2023-11-25|2024-06-08_2024-06-22|2025-03-05_2025-03-19|2025-04-04_2025-04-18|2025-05-04_2025-05-18|2025-09-01_2025-09-15
0.2,2,CPI m/m|PPI m/m,Neutral|Bad,14,8,6,57.1,42.9,1.33,2018-11-07_2018-11-21|2019-04-06_2019-04-20|2020-05-30_2020-06-13|2021-02-09_2021-02-23|2021-06-09_2021-06-23|2021-12-06_2021-12-20|2022-04-05_2022-04-19|2022-07-04_2022-07-18|2023-02-14_2023-02-28|2023-09-12_2023-09-26|2024-03-10_2024-03-24|2025-08-02_2025-08-16|2021-08-08_2021-08-22|2022-02-04_2022-02-18
0.2,2,CPI m/m|PPI m/m,Bad|Bad,3,0,3,0.0,100.0,0.0,2020-07-29_2020-08-12|2021-07-09_2021-07-23|2021-05-10_2021-05-24
0.2,2,CPI m/m|PPI m/m,Bad|Neutral,1,0,1,0.0,100.0,0.0,2021-11-06_2021-11-20
0.3,2,CPI m/m|PPI m/m,Neutral|Neutral,49,27,22,55.1,44.9,1.23,2018-02-10_2018-02-24|2018-03-12_2018-03-26|2018-04-26_2018-05-10|2018-07-10_2018-07-24|2018-08-09_2018-08-23|2018-10-08_2018-10-22|2018-12-07_2018-12-21|2019-01-06_2019-01-20|2019-02-05_2019-02-19|2019-03-07_2019-03-21|2019-04-06_2019-04-20|2019-06-05_2019-06-19|2019-09-03_2019-09-17|2019-11-02_2019-11-16|2019-12-02_2019-12-16|2020-07-29_2020-08-12|2020-10-12_2020-10-26|2020-11-11_2020-11-25|2021-09-07_2021-09-21|2021-10-07_2021-10-21|2022-01-05_2022-01-19|2022-03-06_2022-03-20|2022-04-05_2022-04-19|2022-09-02_2022-09-16|2022-10-02_2022-10-16|2022-12-01_2022-12-15|2023-02-14_2023-02-28|2023-04-30_2023-05-14|2023-06-29_2023-07-13|2023-07-29_2023-08-12|2023-09-12_2023-09-26|2023-12-11_2023-12-25|2024-01-10_2024-01-24|2024-02-09_2024-02-23|2024-03-10_2024-03-24|2024-04-09_2024-04-23|2024-05-09_2024-05-23|2024-07-08_2024-07-22|2024-08-07_2024-08-21|2024-09-06_2024-09-20|2024-10-06_2024-10-20|2024-11-05_2024-11-19|2024-12-05_2024-12-19|2025-01-04_2025-01-18|2025-02-03_2025-02-17|2025-03-05_2025-03-19|2025-06-03_2025-06-17|2025-07-03_2025-07-17|2026-02-13_2026-02-27
0.3,2,CPI m/m|PPI m/m,Neutral|Good,11,7,4,63.6,36.4,1.75,2018-09-08_2018-09-22|2019-10-03_2019-10-17|2020-04-30_2020-05-14|2022-08-03_2022-08-17|2023-03-01_2023-03-15|2023-03-31_2023-04-14|2023-11-11_2023-11-25|2024-06-08_2024-06-22|2025-04-04_2025-04-18|2025-05-04_2025-05-18|2025-09-01_2025-09-15
0.3,2,CPI m/m|PPI m/m,Neutral|Bad,9,6,3,66.7,33.3,2.0,2018-11-07_2018-11-21|2020-05-30_2020-06-13|2021-02-09_2021-02-23|2021-06-09_2021-06-23|2021-12-06_2021-12-20|2022-07-04_2022-07-18|2025-08-02_2025-08-16|2021-08-08_2021-08-22|2022-02-04_2022-02-18
0.3,2,CPI m/m|PPI m/m,Bad|Bad,1,0,1,0.0,100.0,0.0,2021-07-09_2021-07-23
0.3,2,CPI m/m|PPI m/m,Bad|Neutral,2,0,2,0.0,100.0,0.0,2021-11-06_2021-11-20|2021-05-10_2021-05-24
0.0,2,CPI m/m|Core PPI m/m,Bad|Bad,11,4,7,36.4,63.6,0.57,2018-02-10_2018-02-24|2019-04-06_2019-04-20|2019-11-02_2019-11-16|2020-07-29_2020-08-12|2021-06-09_2021-06-23|2021-07-09_2021-07-23|2021-12-06_2021-12-20|2022-09-02_2022-09-16|2024-02-09_2024-02-23|2021-05-10_2021-05-24|2022-02-04_2022-02-18
0.0,2,CPI m/m|Core PPI m/m,Neutral|Neutral,6,6,0,100.0,0.0,inf,2018-03-12_2018-03-26|2019-06-05_2019-06-19|2023-04-30_2023-05-14|2023-09-12_2023-09-26|2024-11-05_2024-11-19|2024-12-05_2024-12-19
0.0,2,CPI m/m|Core PPI m/m,Good|Neutral,3,0,3,0.0,100.0,0.0,2018-04-26_2018-05-10|2018-10-08_2018-10-22|2020-05-30_2020-06-13
0.0,2,CPI m/m|Core PPI m/m,Good|Bad,7,0,7,0.0,100.0,0.0,2018-07-10_2018-07-24|2019-02-05_2019-02-19|2021-09-07_2021-09-21|2022-12-01_2022-12-15|2024-05-09_2024-05-23|2024-07-08_2024-07-22|2026-02-13_2026-02-27
0.0,2,CPI m/m|Core PPI m/m,Neutral|Good,8,7,1,87.5,12.5,7.0,2018-08-09_2018-08-23|2019-01-06_2019-01-20|2019-03-07_2019-03-21|2022-03-06_2022-03-20|2023-03-01_2023-03-15|2024-08-07_2024-08-21|2025-01-04_2025-01-18|2025-07-03_2025-07-17
0.0,2,CPI m/m|Core PPI m/m,Good|Good,13,9,4,69.2,30.8,2.25,2018-09-08_2018-09-22|2019-10-03_2019-10-17|2020-04-30_2020-05-14|2020-11-11_2020-11-25|2022-08-03_2022-08-17|2023-03-31_2023-04-14|2023-06-29_2023-07-13|2023-11-11_2023-11-25|2024-06-08_2024-06-22|2025-03-05_2025-03-19|2025-04-04_2025-04-18|2025-05-04_2025-05-18|2025-06-03_2025-06-17
0.0,2,CPI m/m|Core PPI m/m,Neutral|Bad,12,7,5,58.3,41.7,1.4,2018-11-07_2018-11-21|2018-12-07_2018-12-21|2019-09-03_2019-09-17|2020-10-12_2020-10-26|2021-02-09_2021-02-23|2022-04-05_2022-04-19|2023-02-14_2023-02-28|2023-07-29_2023-08-12|2024-03-10_2024-03-24|2024-09-06_2024-09-20|2025-08-02_2025-08-16|2021-08-08_2021-08-22
0.0,2,CPI m/m|Core PPI m/m,Bad|Good,7,3,4,42.9,57.1,0.75,2019-12-02_2019-12-16|2021-10-07_2021-10-21|2021-11-06_2021-11-20|2022-07-04_2022-07-18|2023-12-11_2023-12-25|2024-01-10_2024-01-24|2025-09-01_2025-09-15
0.0,2,CPI m/m|Core PPI m/m,Bad|Neutral,5,4,1,80.0,20.0,4.0,2022-01-05_2022-01-19|2022-10-02_2022-10-16|2024-04-09_2024-04-23|2024-10-06_2024-10-20|2025-02-03_2025-02-17
0.1,2,CPI m/m|Core PPI m/m,Bad|Bad,8,3,5,37.5,62.5,0.6,2018-02-10_2018-02-24|2020-07-29_2020-08-12|2021-06-09_2021-06-23|2021-07-09_2021-07-23|2021-12-06_2021-12-20|2022-09-02_2022-09-16|2021-05-10_2021-05-24|2022-02-04_2022-02-18
0.1,2,CPI m/m|Core PPI m/m,Neutral|Neutral,21,12,9,57.1,42.9,1.33,2018-03-12_2018-03-26|2018-04-26_2018-05-10|2018-07-10_2018-07-24|2018-08-09_2018-08-23|2018-10-08_2018-10-22|2019-02-05_2019-02-19|2019-03-07_2019-03-21|2019-06-05_2019-06-19|2019-09-03_2019-09-17|2020-05-30_2020-06-13|2020-11-11_2020-11-25|2022-01-05_2022-01-19|2023-04-30_2023-05-14|2023-06-29_2023-07-13|2023-07-29_2023-08-12|2023-09-12_2023-09-26|2024-03-10_2024-03-24|2024-09-06_2024-09-20|2024-10-06_2024-10-20|2024-11-05_2024-11-19|2024-12-05_2024-12-19
0.1,2,CPI m/m|Core PPI m/m,Neutral|Good,17,13,4,76.5,23.5,3.25,2018-09-08_2018-09-22|2019-01-06_2019-01-20|2019-10-03_2019-10-17|2019-12-02_2019-12-16|2022-03-06_2022-03-20|2023-03-01_2023-03-15|2023-03-31_2023-04-14|2023-11-11_2023-11-25|2023-12-11_2023-12-25|2024-01-10_2024-01-24|2024-06-08_2024-06-22|2024-08-07_2024-08-21|2025-01-04_2025-01-18|2025-03-05_2025-03-19|2025-05-04_2025-05-18|2025-06-03_2025-06-17|2025-07-03_2025-07-17
0.1,2,CPI m/m|Core PPI m/m,Neutral|Bad,10,6,4,60.0,40.0,1.5,2018-11-07_2018-11-21|2018-12-07_2018-12-21|2020-10-12_2020-10-26|2021-02-09_2021-02-23|2022-04-05_2022-04-19|2023-02-14_2023-02-28|2024-02-09_2024-02-23|2025-08-02_2025-08-16|2026-02-13_2026-02-27|2021-08-08_2021-08-22
0.1,2,CPI m/m|Core PPI m/m,Bad|Neutral,7,3,4,42.9,57.1,0.75,2019-04-06_2019-04-20|2019-11-02_2019-11-16|2021-11-06_2021-11-20|2022-07-04_2022-07-18|2022-10-02_2022-10-16|2024-04-09_2024-04-23|2025-02-03_2025-02-17
0.1,2,CPI m/m|Core PPI m/m,Good|Good,3,2,1,66.7,33.3,2.0,2020-04-30_2020-05-14|2022-08-03_2022-08-17|2025-04-04_2025-04-18
0.1,2,CPI m/m|Core PPI m/m,Good|Neutral,1,0,1,0.0,100.0,0.0,2021-09-07_2021-09-21
0.1,2,CPI m/m|Core PPI m/m,Bad|Good,2,1,1,50.0,50.0,1.0,2021-10-07_2021-10-21|2025-09-01_2025-09-15
0.1,2,CPI m/m|Core PPI m/m,Good|Bad,3,0,3,0.0,100.0,0.0,2022-12-01_2022-12-15|2024-05-09_2024-05-23|2024-07-08_2024-07-22
0.2,2,CPI m/m|Core PPI m/m,Neutral|Neutral,44,23,21,52.3,47.7,1.1,2018-02-10_2018-02-24|2018-03-12_2018-03-26|2018-04-26_2018-05-10|2018-07-10_2018-07-24|2018-08-09_2018-08-23|2018-10-08_2018-10-22|2018-12-07_2018-12-21|2019-02-05_2019-02-19|2019-03-07_2019-03-21|2019-04-06_2019-04-20|2019-06-05_2019-06-19|2019-09-03_2019-09-17|2019-11-02_2019-11-16|2020-04-30_2020-05-14|2020-05-30_2020-06-13|2020-10-12_2020-10-26|2020-11-11_2020-11-25|2021-06-09_2021-06-23|2021-09-07_2021-09-21|2022-01-05_2022-01-19|2022-07-04_2022-07-18|2022-08-03_2022-08-17|2022-09-02_2022-09-16|2022-10-02_2022-10-16|2022-12-01_2022-12-15|2023-02-14_2023-02-28|2023-04-30_2023-05-14|2023-06-29_2023-07-13|2023-07-29_2023-08-12|2023-09-12_2023-09-26|2023-12-11_2023-12-25|2024-01-10_2024-01-24|2024-03-10_2024-03-24|2024-04-09_2024-04-23|2024-07-08_2024-07-22|2024-08-07_2024-08-21|2024-09-06_2024-09-20|2024-10-06_2024-10-20|2024-11-05_2024-11-19|2024-12-05_2024-12-19|2025-01-04_2025-01-18|2025-02-03_2025-02-17|2025-06-03_2025-06-17|2025-07-03_2025-07-17
0.2,2,CPI m/m|Core PPI m/m,Neutral|Good,14,11,3,78.6,21.4,3.67,2018-09-08_2018-09-22|2019-01-06_2019-01-20|2019-10-03_2019-10-17|2019-12-02_2019-12-16|2021-10-07_2021-10-21|2022-03-06_2022-03-20|2023-03-01_2023-03-15|2023-03-31_2023-04-14|2023-11-11_2023-11-25|2024-06-08_2024-06-22|2025-03-05_2025-03-19|2025-04-04_2025-04-18|2025-05-04_2025-05-18|2025-09-01_2025-09-15
0.2,2,CPI m/m|Core PPI m/m,Neutral|Bad,10,6,4,60.0,40.0,1.5,2018-11-07_2018-11-21|2021-02-09_2021-02-23|2021-12-06_2021-12-20|2022-04-05_2022-04-19|2024-02-09_2024-02-23|2024-05-09_2024-05-23|2025-08-02_2025-08-16|2026-02-13_2026-02-27|2021-08-08_2021-08-22|2022-02-04_2022-02-18
0.2,2,CPI m/m|Core PPI m/m,Bad|Bad,3,0,3,0.0,100.0,0.0,2020-07-29_2020-08-12|2021-07-09_2021-07-23|2021-05-10_2021-05-24
0.2,2,CPI m/m|Core PPI m/m,Bad|Neutral,1,0,1,0.0,100.0,0.0,2021-11-06_2021-11-20
0.3,2,CPI m/m|Core PPI m/m,Neutral|Neutral,50,28,22,56.0,44.0,1.27,2018-02-10_2018-02-24|2018-03-12_2018-03-26|2018-04-26_2018-05-10|2018-07-10_2018-07-24|2018-08-09_2018-08-23|2018-10-08_2018-10-22|2018-11-07_2018-11-21|2018-12-07_2018-12-21|2019-02-05_2019-02-19|2019-03-07_2019-03-21|2019-04-06_2019-04-20|2019-06-05_2019-06-19|2019-09-03_2019-09-17|2019-11-02_2019-11-16|2020-04-30_2020-05-14|2020-05-30_2020-06-13|2020-10-12_2020-10-26|2020-11-11_2020-11-25|2021-06-09_2021-06-23|2021-09-07_2021-09-21|2021-10-07_2021-10-21|2021-12-06_2021-12-20|2022-01-05_2022-01-19|2022-07-04_2022-07-18|2022-08-03_2022-08-17|2022-09-02_2022-09-16|2022-10-02_2022-10-16|2022-12-01_2022-12-15|2023-02-14_2023-02-28|2023-04-30_2023-05-14|2023-06-29_2023-07-13|2023-07-29_2023-08-12|2023-09-12_2023-09-26|2023-11-11_2023-11-25|2023-12-11_2023-12-25|2024-01-10_2024-01-24|2024-03-10_2024-03-24|2024-04-09_2024-04-23|2024-05-09_2024-05-23|2024-06-08_2024-06-22|2024-07-08_2024-07-22|2024-08-07_2024-08-21|2024-09-06_2024-09-20|2024-10-06_2024-10-20|2024-11-05_2024-11-19|2024-12-05_2024-12-19|2025-01-04_2025-01-18|2025-02-03_2025-02-17|2025-06-03_2025-06-17|2025-07-03_2025-07-17
0.3,2,CPI m/m|Core PPI m/m,Neutral|Good,11,8,3,72.7,27.3,2.67,2018-09-08_2018-09-22|2019-01-06_2019-01-20|2019-10-03_2019-10-17|2019-12-02_2019-12-16|2022-03-06_2022-03-20|2023-03-01_2023-03-15|2023-03-31_2023-04-14|2025-03-05_2025-03-19|2025-04-04_2025-04-18|2025-05-04_2025-05-18|2025-09-01_2025-09-15
0.3,2,CPI m/m|Core PPI m/m,Neutral|Bad,8,4,4,50.0,50.0,1.0,2020-07-29_2020-08-12|2021-02-09_2021-02-23|2022-04-05_2022-04-19|2024-02-09_2024-02-23|2025-08-02_2025-08-16|2026-02-13_2026-02-27|2021-08-08_2021-08-22|2022-02-04_2022-02-18
0.3,2,CPI m/m|Core PPI m/m,Bad|Bad,1,0,1,0.0,100.0,0.0,2021-07-09_2021-07-23
0.3,2,CPI m/m|Core PPI m/m,Bad|Neutral,2,0,2,0.0,100.0,0.0,2021-11-06_2021-11-20|2021-05-10_2021-05-24
0.0,2,CPI m/m|FOMC,Neutral|Neutral,4,4,0,100.0,0.0,inf,2023-04-30_2023-05-14|2023-09-12_2023-09-26|2024-11-05_2024-11-19|2024-12-05_2024-12-19
0.0,2,CPI m/m|FOMC,Bad|Neutral,1,0,1,0.0,100.0,0.0,2023-12-11_2023-12-25
0.0,2,CPI m/m|FOMC,Good|Neutral,1,1,0,100.0,0.0,inf,2024-06-08_2024-06-22
0.0,2,CPI m/m|FOMC,Neutral|Good,1,1,0,100.0,0.0,inf,2024-09-06_2024-09-20
0.1,2,CPI m/m|FOMC,Neutral|Neutral,6,5,1,83.3,16.7,5.0,2023-04-30_2023-05-14|2023-09-12_2023-09-26|2023-12-11_2023-12-25|2024-06-08_2024-06-22|2024-11-05_2024-11-19|2024-12-05_2024-12-19
0.1,2,CPI m/m|FOMC,Neutral|Good,1,1,0,100.0,0.0,inf,2024-09-06_2024-09-20
0.2,2,CPI m/m|FOMC,Neutral|Neutral,6,5,1,83.3,16.7,5.0,2023-04-30_2023-05-14|2023-09-12_2023-09-26|2023-12-11_2023-12-25|2024-06-08_2024-06-22|2024-11-05_2024-11-19|2024-12-05_2024-12-19
0.2,2,CPI m/m|FOMC,Neutral|Good,1,1,0,100.0,0.0,inf,2024-09-06_2024-09-20
0.3,2,CPI m/m|FOMC,Neutral|Neutral,7,6,1,85.7,14.3,6.0,2023-04-30_2023-05-14|2023-09-12_2023-09-26|2023-12-11_2023-12-25|2024-06-08_2024-06-22|2024-09-06_2024-09-20|2024-11-05_2024-11-19|2024-12-05_2024-12-19
0.0,2,CPI m/m|CPI y/y,Bad|Bad,21,10,11,47.6,52.4,0.91,2018-02-10_2018-02-24|2019-04-06_2019-04-20|2019-11-02_2019-11-16|2019-12-02_2019-12-16|2020-07-29_2020-08-12|2021-04-10_2021-04-24|2021-06-09_2021-06-23|2021-07-09_2021-07-23|2021-10-07_2021-10-21|2021-11-06_2021-11-20|2022-07-04_2022-07-18|2022-09-02_2022-09-16|2022-10-02_2022-10-16|2023-10-12_2023-10-26|2024-01-10_2024-01-24|2024-02-09_2024-02-23|2024-04-09_2024-04-23|2024-10-06_2024-10-20|2025-02-03_2025-02-17|2021-05-10_2021-05-24|2022-02-04_2022-02-18
0.0,2,CPI m/m|CPI y/y,Neutral|Neutral,15,13,2,86.7,13.3,6.5,2018-03-12_2018-03-26|2018-08-09_2018-08-23|2018-11-07_2018-11-21|2018-12-07_2018-12-21|2019-01-06_2019-01-20|2020-10-12_2020-10-26|2021-02-09_2021-02-23|2022-03-06_2022-03-20|2022-12-31_2023-01-14|2023-03-01_2023-03-15|2024-09-06_2024-09-20|2024-11-05_2024-11-19|2024-12-05_2024-12-19|2025-01-04_2025-01-18|2025-12-30_2026-01-13
0.0,2,CPI m/m|CPI y/y,Good|Neutral,5,0,5,0.0,100.0,0.0,2018-04-11_2018-04-25|2018-04-26_2018-05-10|2018-07-10_2018-07-24|2021-09-07_2021-09-21|2024-05-09_2024-05-23
0.0,2,CPI m/m|CPI y/y,Good|Good,20,11,9,55.0,45.0,1.22,2018-09-08_2018-09-22|2018-10-08_2018-10-22|2019-10-03_2019-10-17|2020-04-30_2020-05-14|2020-05-30_2020-06-13|2020-11-11_2020-11-25|2022-08-03_2022-08-17|2022-12-01_2022-12-15|2023-03-31_2023-04-14|2023-05-30_2023-06-13|2023-06-29_2023-07-13|2023-11-11_2023-11-25|2024-06-08_2024-06-22|2024-07-08_2024-07-22|2025-03-05_2025-03-19|2025-04-04_2025-04-18|2025-05-04_2025-05-18|2025-06-03_2025-06-17|2025-10-16_2025-10-30|2026-02-13_2026-02-27
0.0,2,CPI m/m|CPI y/y,Good|Bad,2,1,1,50.0,50.0,1.0,2019-02-05_2019-02-19|2020-01-31_2020-02-14
0.0,2,CPI m/m|CPI y/y,Neutral|Good,7,5,2,71.4,28.6,2.5,2019-03-07_2019-03-21|2019-06-05_2019-06-19|2019-09-03_2019-09-17|2023-04-30_2023-05-14|2023-07-29_2023-08-12|2024-08-07_2024-08-21|2025-08-02_2025-08-16
0.0,2,CPI m/m|CPI y/y,Bad|Neutral,6,2,4,33.3,66.7,0.5,2020-07-14_2020-07-28|2020-11-26_2020-12-10|2021-12-06_2021-12-20|2022-01-05_2022-01-19|2023-12-11_2023-12-25|2025-09-01_2025-09-15
0.0,2,CPI m/m|CPI y/y,Neutral|Bad,6,4,2,66.7,33.3,2.0,2022-04-05_2022-04-19|2023-02-14_2023-02-28|2023-09-12_2023-09-26|2024-03-10_2024-03-24|2025-07-03_2025-07-17|2021-08-08_2021-08-22
0.1,2,CPI m/m|CPI y/y,Bad|Bad,14,7,7,50.0,50.0,1.0,2018-02-10_2018-02-24|2019-11-02_2019-11-16|2020-07-29_2020-08-12|2021-06-09_2021-06-23|2021-07-09_2021-07-23|2021-10-07_2021-10-21|2021-11-06_2021-11-20|2022-07-04_2022-07-18|2022-09-02_2022-09-16|2023-10-12_2023-10-26|2024-04-09_2024-04-23|2025-02-03_2025-02-17|2021-05-10_2021-05-24|2022-02-04_2022-02-18
0.1,2,CPI m/m|CPI y/y,Neutral|Neutral,31,21,10,67.7,32.3,2.1,2018-03-12_2018-03-26|2018-04-11_2018-04-25|2018-04-26_2018-05-10|2018-07-10_2018-07-24|2018-08-09_2018-08-23|2018-09-08_2018-09-22|2018-11-07_2018-11-21|2018-12-07_2018-12-21|2019-01-06_2019-01-20|2019-06-05_2019-06-19|2020-07-14_2020-07-28|2020-10-12_2020-10-26|2020-11-26_2020-12-10|2021-02-09_2021-02-23|2022-01-05_2022-01-19|2022-03-06_2022-03-20|2022-04-05_2022-04-19|2022-12-31_2023-01-14|2023-03-01_2023-03-15|2023-03-31_2023-04-14|2023-04-30_2023-05-14|2023-05-30_2023-06-13|2023-07-29_2023-08-12|2023-11-11_2023-11-25|2023-12-11_2023-12-25|2024-09-06_2024-09-20|2024-11-05_2024-11-19|2024-12-05_2024-12-19|2025-01-04_2025-01-18|2025-08-02_2025-08-16|2025-12-30_2026-01-13
0.1,2,CPI m/m|CPI y/y,Neutral|Good,13,7,6,53.8,46.2,1.17,2018-10-08_2018-10-22|2019-03-07_2019-03-21|2019-09-03_2019-09-17|2019-10-03_2019-10-17|2020-05-30_2020-06-13|2020-11-11_2020-11-25|2023-06-29_2023-07-13|2024-06-08_2024-06-22|2024-08-07_2024-08-21|2025-03-05_2025-03-19|2025-05-04_2025-05-18|2025-06-03_2025-06-17|2026-02-13_2026-02-27
0.1,2,CPI m/m|CPI y/y,Neutral|Bad,12,7,5,58.3,41.7,1.4,2019-02-05_2019-02-19|2019-12-02_2019-12-16|2020-01-31_2020-02-14|2021-04-10_2021-04-24|2023-02-14_2023-02-28|2023-09-12_2023-09-26|2024-01-10_2024-01-24|2024-02-09_2024-02-23|2024-03-10_2024-03-24|2024-10-06_2024-10-20|2025-07-03_2025-07-17|2021-08-08_2021-08-22
0.1,2,CPI m/m|CPI y/y,Bad|Neutral,4,1,3,25.0,75.0,0.33,2019-04-06_2019-04-20|2021-12-06_2021-12-20|2022-10-02_2022-10-16|2025-09-01_2025-09-15
0.1,2,CPI m/m|CPI y/y,Good|Good,6,3,3,50.0,50.0,1.0,2020-04-30_2020-05-14|2022-08-03_2022-08-17|2022-12-01_2022-12-15|2024-07-08_2024-07-22|2025-04-04_2025-04-18|2025-10-16_2025-10-30
0.1,2,CPI m/m|CPI y/y,Good|Neutral,2,0,2,0.0,100.0,0.0,2021-09-07_2021-09-21|2024-05-09_2024-05-23
0.2,2,CPI m/m|CPI y/y,Neutral|Bad,7,2,5,28.6,71.4,0.4,2018-02-10_2018-02-24|2021-06-09_2021-06-23|2022-07-04_2022-07-18|2022-09-02_2022-09-16|2023-02-14_2023-02-28|2024-02-09_2024-02-23|2022-02-04_2022-02-18
0.2,2,CPI m/m|CPI y/y,Neutral|Neutral,70,44,26,62.9,37.1,1.69,2018-03-12_2018-03-26|2018-04-11_2018-04-25|2018-04-26_2018-05-10|2018-07-10_2018-07-24|2018-08-09_2018-08-23|2018-09-08_2018-09-22|2018-10-08_2018-10-22|2018-11-07_2018-11-21|2018-12-07_2018-12-21|2019-01-06_2019-01-20|2019-02-05_2019-02-19|2019-03-07_2019-03-21|2019-04-06_2019-04-20|2019-06-05_2019-06-19|2019-09-03_2019-09-17|2019-10-03_2019-10-17|2019-11-02_2019-11-16|2019-12-02_2019-12-16|2020-01-31_2020-02-14|2020-04-30_2020-05-14|2020-05-30_2020-06-13|2020-07-14_2020-07-28|2020-10-12_2020-10-26|2020-11-11_2020-11-25|2020-11-26_2020-12-10|2021-02-09_2021-02-23|2021-04-10_2021-04-24|2021-09-07_2021-09-21|2021-10-07_2021-10-21|2021-12-06_2021-12-20|2022-01-05_2022-01-19|2022-03-06_2022-03-20|2022-04-05_2022-04-19|2022-08-03_2022-08-17|2022-10-02_2022-10-16|2022-12-31_2023-01-14|2023-03-01_2023-03-15|2023-03-31_2023-04-14|2023-04-30_2023-05-14|2023-05-30_2023-06-13|2023-06-29_2023-07-13|2023-07-29_2023-08-12|2023-09-12_2023-09-26|2023-10-12_2023-10-26|2023-11-11_2023-11-25|2023-12-11_2023-12-25|2024-01-10_2024-01-24|2024-03-10_2024-03-24|2024-04-09_2024-04-23|2024-05-09_2024-05-23|2024-06-08_2024-06-22|2024-07-08_2024-07-22|2024-08-07_2024-08-21|2024-09-06_2024-09-20|2024-10-06_2024-10-20|2024-11-05_2024-11-19|2024-12-05_2024-12-19|2025-01-04_2025-01-18|2025-02-03_2025-02-17|2025-03-05_2025-03-19|2025-04-04_2025-04-18|2025-05-04_2025-05-18|2025-06-03_2025-06-17|2025-07-03_2025-07-17|2025-08-02_2025-08-16|2025-09-01_2025-09-15|2025-10-16_2025-10-30|2025-12-30_2026-01-13|2026-02-13_2026-02-27|2021-08-08_2021-08-22
0.2,2,CPI m/m|CPI y/y,Bad|Bad,4,0,4,0.0,100.0,0.0,2020-07-29_2020-08-12|2021-07-09_2021-07-23|2021-11-06_2021-11-20|2021-05-10_2021-05-24
0.2,2,CPI m/m|CPI y/y,Neutral|Good,1,0,1,0.0,100.0,0.0,2022-12-01_2022-12-15
0.3,2,CPI m/m|CPI y/y,Neutral|Neutral,77,46,31,59.7,40.3,1.48,2018-02-10_2018-02-24|2018-03-12_2018-03-26|2018-04-11_2018-04-25|2018-04-26_2018-05-10|2018-07-10_2018-07-24|2018-08-09_2018-08-23|2018-09-08_2018-09-22|2018-10-08_2018-10-22|2018-11-07_2018-11-21|2018-12-07_2018-12-21|2019-01-06_2019-01-20|2019-02-05_2019-02-19|2019-03-07_2019-03-21|2019-04-06_2019-04-20|2019-06-05_2019-06-19|2019-09-03_2019-09-17|2019-10-03_2019-10-17|2019-11-02_2019-11-16|2019-12-02_2019-12-16|2020-01-31_2020-02-14|2020-04-30_2020-05-14|2020-05-30_2020-06-13|2020-07-14_2020-07-28|2020-10-12_2020-10-26|2020-11-11_2020-11-25|2020-11-26_2020-12-10|2021-02-09_2021-02-23|2021-04-10_2021-04-24|2021-06-09_2021-06-23|2021-09-07_2021-09-21|2021-10-07_2021-10-21|2021-12-06_2021-12-20|2022-01-05_2022-01-19|2022-03-06_2022-03-20|2022-04-05_2022-04-19|2022-08-03_2022-08-17|2022-09-02_2022-09-16|2022-10-02_2022-10-16|2022-12-01_2022-12-15|2022-12-31_2023-01-14|2023-02-14_2023-02-28|2023-03-01_2023-03-15|2023-03-31_2023-04-14|2023-04-30_2023-05-14|2023-05-30_2023-06-13|2023-06-29_2023-07-13|2023-07-29_2023-08-12|2023-09-12_2023-09-26|2023-10-12_2023-10-26|2023-11-11_2023-11-25|2023-12-11_2023-12-25|2024-01-10_2024-01-24|2024-02-09_2024-02-23|2024-03-10_2024-03-24|2024-04-09_2024-04-23|2024-05-09_2024-05-23|2024-06-08_2024-06-22|2024-07-08_2024-07-22|2024-08-07_2024-08-21|2024-09-06_2024-09-20|2024-10-06_2024-10-20|2024-11-05_2024-11-19|2024-12-05_2024-12-19|2025-01-04_2025-01-18|2025-02-03_2025-02-17|2025-03-05_2025-03-19|2025-04-04_2025-04-18|2025-05-04_2025-05-18|2025-06-03_2025-06-17|2025-07-03_2025-07-17|2025-08-02_2025-08-16|2025-09-01_2025-09-15|2025-10-16_2025-10-30|2025-12-30_2026-01-13|2026-02-13_2026-02-27|2021-08-08_2021-08-22|2022-02-04_2022-02-18
0.3,2,CPI m/m|CPI y/y,Neutral|Bad,2,0,2,0.0,100.0,0.0,2020-07-29_2020-08-12|2022-07-04_2022-07-18
0.3,2,CPI m/m|CPI y/y,Bad|Bad,2,0,2,0.0,100.0,0.0,2021-07-09_2021-07-23|2021-05-10_2021-05-24
0.3,2,CPI m/m|CPI y/y,Bad|Neutral,1,0,1,0.0,100.0,0.0,2021-11-06_2021-11-20
0.0,2,Core CPI m/m|PPI m/m,Bad|Neutral,3,1,2,33.3,66.7,0.5,2018-02-10_2018-02-24|2021-11-06_2021-11-20|2022-09-02_2022-09-16
0.0,2,Core CPI m/m|PPI m/m,Neutral|Bad,13,7,6,53.8,46.2,1.17,2018-03-12_2018-03-26|2018-07-10_2018-07-24|2018-11-07_2018-11-21|2018-12-07_2018-12-21|2019-11-02_2019-11-16|2020-10-12_2020-10-26|2021-12-06_2021-12-20|2023-02-14_2023-02-28|2023-07-29_2023-08-12|2024-05-09_2024-05-23|2024-12-05_2024-12-19|2025-08-02_2025-08-16|2026-02-13_2026-02-27
0.0,2,Core CPI m/m|PPI m/m,Good|Good,15,10,5,66.7,33.3,2.0,2018-04-26_2018-05-10|2018-09-08_2018-09-22|2019-03-07_2019-03-21|2019-10-03_2019-10-17|2020-04-30_2020-05-14|2022-08-03_2022-08-17|2023-06-29_2023-07-13|2023-11-11_2023-11-25|2024-06-08_2024-06-22|2025-01-04_2025-01-18|2025-03-05_2025-03-19|2025-04-04_2025-04-18|2025-05-04_2025-05-18|2025-06-03_2025-06-17|2025-07-03_2025-07-17
0.0,2,Core CPI m/m|PPI m/m,Neutral|Good,10,7,3,70.0,30.0,2.33,2018-08-09_2018-08-23|2019-01-06_2019-01-20|2019-02-05_2019-02-19|2019-12-02_2019-12-16|2021-10-07_2021-10-21|2022-03-06_2022-03-20|2023-03-31_2023-04-14|2024-01-10_2024-01-24|2024-08-07_2024-08-21|2025-09-01_2025-09-15
0.0,2,Core CPI m/m|PPI m/m,Good|Neutral,2,1,1,50.0,50.0,1.0,2018-10-08_2018-10-22|2019-06-05_2019-06-19
0.0,2,Core CPI m/m|PPI m/m,Good|Bad,9,4,5,44.4,55.6,0.8,2019-04-06_2019-04-20|2020-05-30_2020-06-13|2020-11-11_2020-11-25|2021-02-09_2021-02-23|2021-09-07_2021-09-21|2022-04-05_2022-04-19|2022-12-01_2022-12-15|2024-07-08_2024-07-22|2021-08-08_2021-08-22
0.0,2,Core CPI m/m|PPI m/m,Bad|Bad,13,4,9,30.8,69.2,0.44,2019-09-03_2019-09-17|2020-07-29_2020-08-12|2021-06-09_2021-06-23|2021-07-09_2021-07-23|2022-07-04_2022-07-18|2022-10-02_2022-10-16|2023-09-12_2023-09-26|2024-02-09_2024-02-23|2024-03-10_2024-03-24|2024-09-06_2024-09-20|2025-02-03_2025-02-17|2021-05-10_2021-05-24|2022-02-04_2022-02-18
0.0,2,Core CPI m/m|PPI m/m,Bad|Good,5,5,0,100.0,0.0,inf,2022-01-05_2022-01-19|2023-03-01_2023-03-15|2023-04-30_2023-05-14|2024-04-09_2024-04-23|2024-10-06_2024-10-20
0.0,2,Core CPI m/m|PPI m/m,Neutral|Neutral,2,1,1,50.0,50.0,1.0,2023-12-11_2023-12-25|2024-11-05_2024-11-19
0.1,2,Core CPI m/m|PPI m/m,Neutral|Neutral,20,10,10,50.0,50.0,1.0,2018-02-10_2018-02-24|2018-03-12_2018-03-26|2018-04-26_2018-05-10|2018-07-10_2018-07-24|2018-10-08_2018-10-22|2018-12-07_2018-12-21|2019-01-06_2019-01-20|2019-03-07_2019-03-21|2019-06-05_2019-06-19|2019-09-03_2019-09-17|2021-10-07_2021-10-21|2022-12-01_2022-12-15|2023-06-29_2023-07-13|2023-07-29_2023-08-12|2023-12-11_2023-12-25|2024-07-08_2024-07-22|2024-08-07_2024-08-21|2024-09-06_2024-09-20|2024-10-06_2024-10-20|2024-11-05_2024-11-19
0.1,2,Core CPI m/m|PPI m/m,Neutral|Good,17,12,5,70.6,29.4,2.4,2018-08-09_2018-08-23|2018-09-08_2018-09-22|2019-02-05_2019-02-19|2019-10-03_2019-10-17|2019-12-02_2019-12-16|2022-01-05_2022-01-19|2022-03-06_2022-03-20|2023-03-01_2023-03-15|2023-03-31_2023-04-14|2023-11-11_2023-11-25|2024-01-10_2024-01-24|2024-06-08_2024-06-22|2025-01-04_2025-01-18|2025-03-05_2025-03-19|2025-05-04_2025-05-18|2025-07-03_2025-07-17|2025-09-01_2025-09-15
0.1,2,Core CPI m/m|PPI m/m,Neutral|Bad,13,7,6,53.8,46.2,1.17,2018-11-07_2018-11-21|2019-04-06_2019-04-20|2019-11-02_2019-11-16|2020-05-30_2020-06-13|2020-10-12_2020-10-26|2021-12-06_2021-12-20|2023-02-14_2023-02-28|2023-09-12_2023-09-26|2024-05-09_2024-05-23|2024-12-05_2024-12-19|2025-08-02_2025-08-16|2026-02-13_2026-02-27|2022-02-04_2022-02-18
0.1,2,Core CPI m/m|PPI m/m,Good|Good,3,2,1,66.7,33.3,2.0,2020-04-30_2020-05-14|2022-08-03_2022-08-17|2025-04-04_2025-04-18
0.1,2,Core CPI m/m|PPI m/m,Bad|Bad,9,2,7,22.2,77.8,0.29,2020-07-29_2020-08-12|2021-06-09_2021-06-23|2021-07-09_2021-07-23|2022-07-04_2022-07-18|2022-10-02_2022-10-16|2024-02-09_2024-02-23|2024-03-10_2024-03-24|2025-02-03_2025-02-17|2021-05-10_2021-05-24
0.1,2,Core CPI m/m|PPI m/m,Good|Neutral,3,1,2,33.3,66.7,0.5,2020-11-11_2020-11-25|2021-09-07_2021-09-21|2025-06-03_2025-06-17
0.1,2,Core CPI m/m|PPI m/m,Good|Bad,3,3,0,100.0,0.0,inf,2021-02-09_2021-02-23|2022-04-05_2022-04-19|2021-08-08_2021-08-22
0.1,2,Core CPI m/m|PPI m/m,Bad|Neutral,4,3,1,75.0,25.0,3.0,2021-11-06_2021-11-20|2022-09-02_2022-09-16|2023-04-30_2023-05-14|2024-04-09_2024-04-23
0.2,2,Core CPI m/m|PPI m/m,Neutral|Neutral,42,23,19,54.8,45.2,1.21,2018-02-10_2018-02-24|2018-03-12_2018-03-26|2018-04-26_2018-05-10|2018-07-10_2018-07-24|2018-08-09_2018-08-23|2018-10-08_2018-10-22|2018-12-07_2018-12-21|2019-01-06_2019-01-20|2019-02-05_2019-02-19|2019-03-07_2019-03-21|2019-06-05_2019-06-19|2019-09-03_2019-09-17|2019-11-02_2019-11-16|2019-12-02_2019-12-16|2020-10-12_2020-10-26|2020-11-11_2020-11-25|2021-09-07_2021-09-21|2021-10-07_2021-10-21|2021-11-06_2021-11-20|2022-01-05_2022-01-19|2022-03-06_2022-03-20|2022-10-02_2022-10-16|2022-12-01_2022-12-15|2023-04-30_2023-05-14|2023-06-29_2023-07-13|2023-07-29_2023-08-12|2023-12-11_2023-12-25|2024-01-10_2024-01-24|2024-02-09_2024-02-23|2024-04-09_2024-04-23|2024-05-09_2024-05-23|2024-07-08_2024-07-22|2024-08-07_2024-08-21|2024-09-06_2024-09-20|2024-10-06_2024-10-20|2024-11-05_2024-11-19|2024-12-05_2024-12-19|2025-01-04_2025-01-18|2025-02-03_2025-02-17|2025-06-03_2025-06-17|2025-07-03_2025-07-17|2026-02-13_2026-02-27
0.2,2,Core CPI m/m|PPI m/m,Neutral|Good,12,8,4,66.7,33.3,2.0,2018-09-08_2018-09-22|2019-10-03_2019-10-17|2020-04-30_2020-05-14|2022-08-03_2022-08-17|2023-03-01_2023-03-15|2023-03-31_2023-04-14|2023-11-11_2023-11-25|2024-06-08_2024-06-22|2025-03-05_2025-03-19|2025-04-04_2025-04-18|2025-05-04_2025-05-18|2025-09-01_2025-09-15
0.2,2,Core CPI m/m|PPI m/m,Neutral|Bad,14,8,6,57.1,42.9,1.33,2018-11-07_2018-11-21|2019-04-06_2019-04-20|2020-05-30_2020-06-13|2021-02-09_2021-02-23|2021-06-09_2021-06-23|2021-12-06_2021-12-20|2022-04-05_2022-04-19|2022-07-04_2022-07-18|2023-02-14_2023-02-28|2023-09-12_2023-09-26|2024-03-10_2024-03-24|2025-08-02_2025-08-16|2021-08-08_2021-08-22|2022-02-04_2022-02-18
0.2,2,Core CPI m/m|PPI m/m,Bad|Bad,3,0,3,0.0,100.0,0.0,2020-07-29_2020-08-12|2021-07-09_2021-07-23|2021-05-10_2021-05-24
0.2,2,Core CPI m/m|PPI m/m,Bad|Neutral,1,1,0,100.0,0.0,inf,2022-09-02_2022-09-16
0.3,2,Core CPI m/m|PPI m/m,Neutral|Neutral,49,27,22,55.1,44.9,1.23,2018-02-10_2018-02-24|2018-03-12_2018-03-26|2018-04-26_2018-05-10|2018-07-10_2018-07-24|2018-08-09_2018-08-23|2018-10-08_2018-10-22|2018-12-07_2018-12-21|2019-01-06_2019-01-20|2019-02-05_2019-02-19|2019-03-07_2019-03-21|2019-04-06_2019-04-20|2019-06-05_2019-06-19|2019-09-03_2019-09-17|2019-11-02_2019-11-16|2019-12-02_2019-12-16|2020-10-12_2020-10-26|2020-11-11_2020-11-25|2021-09-07_2021-09-21|2021-10-07_2021-10-21|2021-11-06_2021-11-20|2022-01-05_2022-01-19|2022-03-06_2022-03-20|2022-04-05_2022-04-19|2022-09-02_2022-09-16|2022-10-02_2022-10-16|2022-12-01_2022-12-15|2023-02-14_2023-02-28|2023-04-30_2023-05-14|2023-06-29_2023-07-13|2023-07-29_2023-08-12|2023-09-12_2023-09-26|2023-12-11_2023-12-25|2024-01-10_2024-01-24|2024-02-09_2024-02-23|2024-03-10_2024-03-24|2024-04-09_2024-04-23|2024-05-09_2024-05-23|2024-07-08_2024-07-22|2024-08-07_2024-08-21|2024-09-06_2024-09-20|2024-10-06_2024-10-20|2024-11-05_2024-11-19|2024-12-05_2024-12-19|2025-01-04_2025-01-18|2025-02-03_2025-02-17|2025-03-05_2025-03-19|2025-06-03_2025-06-17|2025-07-03_2025-07-17|2026-02-13_2026-02-27
0.3,2,Core CPI m/m|PPI m/m,Neutral|Good,11,7,4,63.6,36.4,1.75,2018-09-08_2018-09-22|2019-10-03_2019-10-17|2020-04-30_2020-05-14|2022-08-03_2022-08-17|2023-03-01_2023-03-15|2023-03-31_2023-04-14|2023-11-11_2023-11-25|2024-06-08_2024-06-22|2025-04-04_2025-04-18|2025-05-04_2025-05-18|2025-09-01_2025-09-15
0.3,2,Core CPI m/m|PPI m/m,Neutral|Bad,9,6,3,66.7,33.3,2.0,2018-11-07_2018-11-21|2020-05-30_2020-06-13|2021-02-09_2021-02-23|2021-06-09_2021-06-23|2021-12-06_2021-12-20|2022-07-04_2022-07-18|2025-08-02_2025-08-16|2021-08-08_2021-08-22|2022-02-04_2022-02-18
0.3,2,Core CPI m/m|PPI m/m,Bad|Neutral,2,0,2,0.0,100.0,0.0,2020-07-29_2020-08-12|2021-05-10_2021-05-24
0.3,2,Core CPI m/m|PPI m/m,Bad|Bad,1,0,1,0.0,100.0,0.0,2021-07-09_2021-07-23
0.0,2,Core CPI m/m|Core PPI m/m,Bad|Bad,11,3,8,27.3,72.7,0.37,2018-02-10_2018-02-24|2019-09-03_2019-09-17|2020-07-29_2020-08-12|2021-06-09_2021-06-23|2021-07-09_2021-07-23|2022-09-02_2022-09-16|2024-02-09_2024-02-23|2024-03-10_2024-03-24|2024-09-06_2024-09-20|2021-05-10_2021-05-24|2022-02-04_2022-02-18
0.0,2,Core CPI m/m|Core PPI m/m,Neutral|Neutral,3,3,0,100.0,0.0,inf,2018-03-12_2018-03-26|2024-11-05_2024-11-19|2024-12-05_2024-12-19
0.0,2,Core CPI m/m|Core PPI m/m,Good|Neutral,4,1,3,25.0,75.0,0.33,2018-04-26_2018-05-10|2018-10-08_2018-10-22|2019-06-05_2019-06-19|2020-05-30_2020-06-13
0.0,2,Core CPI m/m|Core PPI m/m,Neutral|Bad,12,5,7,41.7,58.3,0.71,2018-07-10_2018-07-24|2018-11-07_2018-11-21|2018-12-07_2018-12-21|2019-02-05_2019-02-19|2019-11-02_2019-11-16|2020-10-12_2020-10-26|2021-12-06_2021-12-20|2023-02-14_2023-02-28|2023-07-29_2023-08-12|2024-05-09_2024-05-23|2025-08-02_2025-08-16|2026-02-13_2026-02-27
0.0,2,Core CPI m/m|Core PPI m/m,Neutral|Good,10,7,3,70.0,30.0,2.33,2018-08-09_2018-08-23|2019-01-06_2019-01-20|2019-12-02_2019-12-16|2021-10-07_2021-10-21|2022-03-06_2022-03-20|2023-03-31_2023-04-14|2023-12-11_2023-12-25|2024-01-10_2024-01-24|2024-08-07_2024-08-21|2025-09-01_2025-09-15
0.0,2,Core CPI m/m|Core PPI m/m,Good|Good,15,11,4,73.3,26.7,2.75,2018-09-08_2018-09-22|2019-03-07_2019-03-21|2019-10-03_2019-10-17|2020-04-30_2020-05-14|2020-11-11_2020-11-25|2022-08-03_2022-08-17|2023-06-29_2023-07-13|2023-11-11_2023-11-25|2024-06-08_2024-06-22|2025-01-04_2025-01-18|2025-03-05_2025-03-19|2025-04-04_2025-04-18|2025-05-04_2025-05-18|2025-06-03_2025-06-17|2025-07-03_2025-07-17
0.0,2,Core CPI m/m|Core PPI m/m,Good|Bad,7,3,4,42.9,57.1,0.75,2019-04-06_2019-04-20|2021-02-09_2021-02-23|2021-09-07_2021-09-21|2022-04-05_2022-04-19|2022-12-01_2022-12-15|2024-07-08_2024-07-22|2021-08-08_2021-08-22
0.0,2,Core CPI m/m|Core PPI m/m,Bad|Good,3,1,2,33.3,66.7,0.5,2021-11-06_2021-11-20|2022-07-04_2022-07-18|2023-03-01_2023-03-15
0.0,2,Core CPI m/m|Core PPI m/m,Bad|Neutral,7,6,1,85.7,14.3,6.0,2022-01-05_2022-01-19|2022-10-02_2022-10-16|2023-04-30_2023-05-14|2023-09-12_2023-09-26|2024-04-09_2024-04-23|2024-10-06_2024-10-20|2025-02-03_2025-02-17
0.1,2,Core CPI m/m|Core PPI m/m,Neutral|Bad,12,4,8,33.3,66.7,0.5,2018-02-10_2018-02-24|2018-11-07_2018-11-21|2018-12-07_2018-12-21|2020-10-12_2020-10-26|2021-12-06_2021-12-20|2022-12-01_2022-12-15|2023-02-14_2023-02-28|2024-05-09_2024-05-23|2024-07-08_2024-07-22|2025-08-02_2025-08-16|2026-02-13_2026-02-27|2022-02-04_2022-02-18
0.1,2,Core CPI m/m|Core PPI m/m,Neutral|Neutral,20,11,9,55.0,45.0,1.22,2018-03-12_2018-03-26|2018-04-26_2018-05-10|2018-07-10_2018-07-24|2018-08-09_2018-08-23|2018-10-08_2018-10-22|2019-02-05_2019-02-19|2019-03-07_2019-03-21|2019-04-06_2019-04-20|2019-06-05_2019-06-19|2019-09-03_2019-09-17|2019-11-02_2019-11-16|2020-05-30_2020-06-13|2022-01-05_2022-01-19|2023-06-29_2023-07-13|2023-07-29_2023-08-12|2023-09-12_2023-09-26|2024-09-06_2024-09-20|2024-10-06_2024-10-20|2024-11-05_2024-11-19|2024-12-05_2024-12-19
0.1,2,Core CPI m/m|Core PPI m/m,Neutral|Good,18,14,4,77.8,22.2,3.5,2018-09-08_2018-09-22|2019-01-06_2019-01-20|2019-10-03_2019-10-17|2019-12-02_2019-12-16|2021-10-07_2021-10-21|2022-03-06_2022-03-20|2023-03-01_2023-03-15|2023-03-31_2023-04-14|2023-11-11_2023-11-25|2023-12-11_2023-12-25|2024-01-10_2024-01-24|2024-06-08_2024-06-22|2024-08-07_2024-08-21|2025-01-04_2025-01-18|2025-03-05_2025-03-19|2025-05-04_2025-05-18|2025-07-03_2025-07-17|2025-09-01_2025-09-15
0.1,2,Core CPI m/m|Core PPI m/m,Good|Good,4,2,2,50.0,50.0,1.0,2020-04-30_2020-05-14|2022-08-03_2022-08-17|2025-04-04_2025-04-18|2025-06-03_2025-06-17
0.1,2,Core CPI m/m|Core PPI m/m,Bad|Bad,6,2,4,33.3,66.7,0.5,2020-07-29_2020-08-12|2021-06-09_2021-06-23|2021-07-09_2021-07-23|2022-09-02_2022-09-16|2024-02-09_2024-02-23|2021-05-10_2021-05-24
0.1,2,Core CPI m/m|Core PPI m/m,Good|Neutral,2,1,1,50.0,50.0,1.0,2020-11-11_2020-11-25|2021-09-07_2021-09-21
0.1,2,Core CPI m/m|Core PPI m/m,Good|Bad,3,3,0,100.0,0.0,inf,2021-02-09_2021-02-23|2022-04-05_2022-04-19|2021-08-08_2021-08-22
0.1,2,Core CPI m/m|Core PPI m/m,Bad|Neutral,7,3,4,42.9,57.1,0.75,2021-11-06_2021-11-20|2022-07-04_2022-07-18|2022-10-02_2022-10-16|2023-04-30_2023-05-14|2024-03-10_2024-03-24|2024-04-09_2024-04-23|2025-02-03_2025-02-17
0.2,2,Core CPI m/m|Core PPI m/m,Neutral|Neutral,44,22,22,50.0,50.0,1.0,2018-02-10_2018-02-24|2018-03-12_2018-03-26|2018-04-26_2018-05-10|2018-07-10_2018-07-24|2018-08-09_2018-08-23|2018-10-08_2018-10-22|2018-12-07_2018-12-21|2019-02-05_2019-02-19|2019-03-07_2019-03-21|2019-04-06_2019-04-20|2019-06-05_2019-06-19|2019-09-03_2019-09-17|2019-11-02_2019-11-16|2020-04-30_2020-05-14|2020-05-30_2020-06-13|2020-10-12_2020-10-26|2020-11-11_2020-11-25|2021-06-09_2021-06-23|2021-09-07_2021-09-21|2021-11-06_2021-11-20|2022-01-05_2022-01-19|2022-07-04_2022-07-18|2022-08-03_2022-08-17|2022-10-02_2022-10-16|2022-12-01_2022-12-15|2023-02-14_2023-02-28|2023-04-30_2023-05-14|2023-06-29_2023-07-13|2023-07-29_2023-08-12|2023-09-12_2023-09-26|2023-12-11_2023-12-25|2024-01-10_2024-01-24|2024-03-10_2024-03-24|2024-04-09_2024-04-23|2024-07-08_2024-07-22|2024-08-07_2024-08-21|2024-09-06_2024-09-20|2024-10-06_2024-10-20|2024-11-05_2024-11-19|2024-12-05_2024-12-19|2025-01-04_2025-01-18|2025-02-03_2025-02-17|2025-06-03_2025-06-17|2025-07-03_2025-07-17
0.2,2,Core CPI m/m|Core PPI m/m,Neutral|Good,14,11,3,78.6,21.4,3.67,2018-09-08_2018-09-22|2019-01-06_2019-01-20|2019-10-03_2019-10-17|2019-12-02_2019-12-16|2021-10-07_2021-10-21|2022-03-06_2022-03-20|2023-03-01_2023-03-15|2023-03-31_2023-04-14|2023-11-11_2023-11-25|2024-06-08_2024-06-22|2025-03-05_2025-03-19|2025-04-04_2025-04-18|2025-05-04_2025-05-18|2025-09-01_2025-09-15
0.2,2,Core CPI m/m|Core PPI m/m,Neutral|Bad,10,6,4,60.0,40.0,1.5,2018-11-07_2018-11-21|2021-02-09_2021-02-23|2021-12-06_2021-12-20|2022-04-05_2022-04-19|2024-02-09_2024-02-23|2024-05-09_2024-05-23|2025-08-02_2025-08-16|2026-02-13_2026-02-27|2021-08-08_2021-08-22|2022-02-04_2022-02-18
0.2,2,Core CPI m/m|Core PPI m/m,Bad|Bad,3,0,3,0.0,100.0,0.0,2020-07-29_2020-08-12|2021-07-09_2021-07-23|2021-05-10_2021-05-24
0.2,2,Core CPI m/m|Core PPI m/m,Bad|Neutral,1,1,0,100.0,0.0,inf,2022-09-02_2022-09-16
0.3,2,Core CPI m/m|Core PPI m/m,Neutral|Neutral,51,28,23,54.9,45.1,1.22,2018-02-10_2018-02-24|2018-03-12_2018-03-26|2018-04-26_2018-05-10|2018-07-10_2018-07-24|2018-08-09_2018-08-23|2018-10-08_2018-10-22|2018-11-07_2018-11-21|2018-12-07_2018-12-21|2019-02-05_2019-02-19|2019-03-07_2019-03-21|2019-04-06_2019-04-20|2019-06-05_2019-06-19|2019-09-03_2019-09-17|2019-11-02_2019-11-16|2020-04-30_2020-05-14|2020-05-30_2020-06-13|2020-10-12_2020-10-26|2020-11-11_2020-11-25|2021-06-09_2021-06-23|2021-09-07_2021-09-21|2021-10-07_2021-10-21|2021-11-06_2021-11-20|2021-12-06_2021-12-20|2022-01-05_2022-01-19|2022-07-04_2022-07-18|2022-08-03_2022-08-17|2022-09-02_2022-09-16|2022-10-02_2022-10-16|2022-12-01_2022-12-15|2023-02-14_2023-02-28|2023-04-30_2023-05-14|2023-06-29_2023-07-13|2023-07-29_2023-08-12|2023-09-12_2023-09-26|2023-11-11_2023-11-25|2023-12-11_2023-12-25|2024-01-10_2024-01-24|2024-03-10_2024-03-24|2024-04-09_2024-04-23|2024-05-09_2024-05-23|2024-06-08_2024-06-22|2024-07-08_2024-07-22|2024-08-07_2024-08-21|2024-09-06_2024-09-20|2024-10-06_2024-10-20|2024-11-05_2024-11-19|2024-12-05_2024-12-19|2025-01-04_2025-01-18|2025-02-03_2025-02-17|2025-06-03_2025-06-17|2025-07-03_2025-07-17
0.3,2,Core CPI m/m|Core PPI m/m,Neutral|Good,11,8,3,72.7,27.3,2.67,2018-09-08_2018-09-22|2019-01-06_2019-01-20|2019-10-03_2019-10-17|2019-12-02_2019-12-16|2022-03-06_2022-03-20|2023-03-01_2023-03-15|2023-03-31_2023-04-14|2025-03-05_2025-03-19|2025-04-04_2025-04-18|2025-05-04_2025-05-18|2025-09-01_2025-09-15
0.3,2,Core CPI m/m|Core PPI m/m,Bad|Bad,2,0,2,0.0,100.0,0.0,2020-07-29_2020-08-12|2021-07-09_2021-07-23
0.3,2,Core CPI m/m|Core PPI m/m,Neutral|Bad,7,4,3,57.1,42.9,1.33,2021-02-09_2021-02-23|2022-04-05_2022-04-19|2024-02-09_2024-02-23|2025-08-02_2025-08-16|2026-02-13_2026-02-27|2021-08-08_2021-08-22|2022-02-04_2022-02-18
0.3,2,Core CPI m/m|Core PPI m/m,Bad|Neutral,1,0,1,0.0,100.0,0.0,2021-05-10_2021-05-24
0.0,2,Core CPI m/m|FOMC,Bad|Neutral,2,2,0,100.0,0.0,inf,2023-04-30_2023-05-14|2023-09-12_2023-09-26
0.0,2,Core CPI m/m|FOMC,Neutral|Neutral,3,2,1,66.7,33.3,2.0,2023-12-11_2023-12-25|2024-11-05_2024-11-19|2024-12-05_2024-12-19
0.0,2,Core CPI m/m|FOMC,Good|Neutral,1,1,0,100.0,0.0,inf,2024-06-08_2024-06-22
0.0,2,Core CPI m/m|FOMC,Bad|Good,1,1,0,100.0,0.0,inf,2024-09-06_2024-09-20
0.1,2,Core CPI m/m|FOMC,Bad|Neutral,1,1,0,100.0,0.0,inf,2023-04-30_2023-05-14
0.1,2,Core CPI m/m|FOMC,Neutral|Neutral,5,4,1,80.0,20.0,4.0,2023-09-12_2023-09-26|2023-12-11_2023-12-25|2024-06-08_2024-06-22|2024-11-05_2024-11-19|2024-12-05_2024-12-19
0.1,2,Core CPI m/m|FOMC,Neutral|Good,1,1,0,100.0,0.0,inf,2024-09-06_2024-09-20
0.2,2,Core CPI m/m|FOMC,Neutral|Neutral,6,5,1,83.3,16.7,5.0,2023-04-30_2023-05-14|2023-09-12_2023-09-26|2023-12-11_2023-12-25|2024-06-08_2024-06-22|2024-11-05_2024-11-19|2024-12-05_2024-12-19
0.2,2,Core CPI m/m|FOMC,Neutral|Good,1,1,0,100.0,0.0,inf,2024-09-06_2024-09-20
0.3,2,Core CPI m/m|FOMC,Neutral|Neutral,7,6,1,85.7,14.3,6.0,2023-04-30_2023-05-14|2023-09-12_2023-09-26|2023-12-11_2023-12-25|2024-06-08_2024-06-22|2024-09-06_2024-09-20|2024-11-05_2024-11-19|2024-12-05_2024-12-19
0.0,2,Core CPI m/m|CPI y/y,Bad|Bad,17,6,11,35.3,64.7,0.55,2018-02-10_2018-02-24|2020-07-29_2020-08-12|2021-04-10_2021-04-24|2021-06-09_2021-06-23|2021-07-09_2021-07-23|2021-11-06_2021-11-20|2022-07-04_2022-07-18|2022-09-02_2022-09-16|2022-10-02_2022-10-16|2023-09-12_2023-09-26|2024-02-09_2024-02-23|2024-03-10_2024-03-24|2024-04-09_2024-04-23|2024-10-06_2024-10-20|2025-02-03_2025-02-17|2021-05-10_2021-05-24|2022-02-04_2022-02-18
0.0,2,Core CPI m/m|CPI y/y,Neutral|Neutral,16,9,7,56.2,43.8,1.29,2018-03-12_2018-03-26|2018-04-11_2018-04-25|2018-07-10_2018-07-24|2018-08-09_2018-08-23|2018-11-07_2018-11-21|2018-12-07_2018-12-21|2019-01-06_2019-01-20|2020-10-12_2020-10-26|2021-12-06_2021-12-20|2022-03-06_2022-03-20|2022-12-31_2023-01-14|2023-12-11_2023-12-25|2024-05-09_2024-05-23|2024-11-05_2024-11-19|2024-12-05_2024-12-19|2025-09-01_2025-09-15
0.0,2,Core CPI m/m|CPI y/y,Good|Neutral,5,3,2,60.0,40.0,1.5,2018-04-26_2018-05-10|2021-02-09_2021-02-23|2021-09-07_2021-09-21|2025-01-04_2025-01-18|2025-12-30_2026-01-13
0.0,2,Core CPI m/m|CPI y/y,Good|Good,19,11,8,57.9,42.1,1.38,2018-09-08_2018-09-22|2018-10-08_2018-10-22|2019-03-07_2019-03-21|2019-06-05_2019-06-19|2019-10-03_2019-10-17|2020-04-30_2020-05-14|2020-05-30_2020-06-13|2020-11-11_2020-11-25|2022-08-03_2022-08-17|2022-12-01_2022-12-15|2023-06-29_2023-07-13|2023-11-11_2023-11-25|2024-06-08_2024-06-22|2024-07-08_2024-07-22|2025-03-05_2025-03-19|2025-04-04_2025-04-18|2025-05-04_2025-05-18|2025-06-03_2025-06-17|2025-10-16_2025-10-30
0.0,2,Core CPI m/m|CPI y/y,Neutral|Bad,8,6,2,75.0,25.0,3.0,2019-02-05_2019-02-19|2019-11-02_2019-11-16|2019-12-02_2019-12-16|2020-01-31_2020-02-14|2021-10-07_2021-10-21|2023-02-14_2023-02-28|2023-10-12_2023-10-26|2024-01-10_2024-01-24
0.0,2,Core CPI m/m|CPI y/y,Good|Bad,4,3,1,75.0,25.0,3.0,2019-04-06_2019-04-20|2022-04-05_2022-04-19|2025-07-03_2025-07-17|2021-08-08_2021-08-22
0.0,2,Core CPI m/m|CPI y/y,Bad|Good,2,1,1,50.0,50.0,1.0,2019-09-03_2019-09-17|2023-04-30_2023-05-14
0.0,2,Core CPI m/m|CPI y/y,Bad|Neutral,5,3,2,60.0,40.0,1.5,2020-07-14_2020-07-28|2020-11-26_2020-12-10|2022-01-05_2022-01-19|2023-03-01_2023-03-15|2024-09-06_2024-09-20
0.0,2,Core CPI m/m|CPI y/y,Neutral|Good,6,4,2,66.7,33.3,2.0,2023-03-31_2023-04-14|2023-05-30_2023-06-13|2023-07-29_2023-08-12|2024-08-07_2024-08-21|2025-08-02_2025-08-16|2026-02-13_2026-02-27
0.1,2,Core CPI m/m|CPI y/y,Neutral|Bad,14,9,5,64.3,35.7,1.8,2018-02-10_2018-02-24|2019-02-05_2019-02-19|2019-11-02_2019-11-16|2019-12-02_2019-12-16|2020-01-31_2020-02-14|2021-04-10_2021-04-24|2021-10-07_2021-10-21|2023-02-14_2023-02-28|2023-09-12_2023-09-26|2023-10-12_2023-10-26|2024-01-10_2024-01-24|2024-10-06_2024-10-20|2025-07-03_2025-07-17|2022-02-04_2022-02-18
0.1,2,Core CPI m/m|CPI y/y,Neutral|Neutral,32,19,13,59.4,40.6,1.46,2018-03-12_2018-03-26|2018-04-11_2018-04-25|2018-04-26_2018-05-10|2018-07-10_2018-07-24|2018-08-09_2018-08-23|2018-09-08_2018-09-22|2018-11-07_2018-11-21|2018-12-07_2018-12-21|2019-01-06_2019-01-20|2019-04-06_2019-04-20|2019-06-05_2019-06-19|2020-07-14_2020-07-28|2020-10-12_2020-10-26|2020-11-26_2020-12-10|2021-12-06_2021-12-20|2022-01-05_2022-01-19|2022-03-06_2022-03-20|2022-12-31_2023-01-14|2023-03-01_2023-03-15|2023-03-31_2023-04-14|2023-05-30_2023-06-13|2023-07-29_2023-08-12|2023-11-11_2023-11-25|2023-12-11_2023-12-25|2024-05-09_2024-05-23|2024-09-06_2024-09-20|2024-11-05_2024-11-19|2024-12-05_2024-12-19|2025-01-04_2025-01-18|2025-08-02_2025-08-16|2025-09-01_2025-09-15|2025-12-30_2026-01-13
0.1,2,Core CPI m/m|CPI y/y,Neutral|Good,14,7,7,50.0,50.0,1.0,2018-10-08_2018-10-22|2019-03-07_2019-03-21|2019-09-03_2019-09-17|2019-10-03_2019-10-17|2020-05-30_2020-06-13|2022-12-01_2022-12-15|2023-06-29_2023-07-13|2024-06-08_2024-06-22|2024-07-08_2024-07-22|2024-08-07_2024-08-21|2025-03-05_2025-03-19|2025-05-04_2025-05-18|2025-10-16_2025-10-30|2026-02-13_2026-02-27
0.1,2,Core CPI m/m|CPI y/y,Good|Good,5,3,2,60.0,40.0,1.5,2020-04-30_2020-05-14|2020-11-11_2020-11-25|2022-08-03_2022-08-17|2025-04-04_2025-04-18|2025-06-03_2025-06-17
0.1,2,Core CPI m/m|CPI y/y,Bad|Bad,11,4,7,36.4,63.6,0.57,2020-07-29_2020-08-12|2021-06-09_2021-06-23|2021-07-09_2021-07-23|2021-11-06_2021-11-20|2022-07-04_2022-07-18|2022-09-02_2022-09-16|2024-02-09_2024-02-23|2024-03-10_2024-03-24|2024-04-09_2024-04-23|2025-02-03_2025-02-17|2021-05-10_2021-05-24
0.1,2,Core CPI m/m|CPI y/y,Good|Neutral,3,2,1,66.7,33.3,2.0,2021-02-09_2021-02-23|2021-09-07_2021-09-21|2022-04-05_2022-04-19
0.1,2,Core CPI m/m|CPI y/y,Bad|Neutral,2,1,1,50.0,50.0,1.0,2022-10-02_2022-10-16|2023-04-30_2023-05-14
0.1,2,Core CPI m/m|CPI y/y,Good|Bad,1,1,0,100.0,0.0,inf,2021-08-08_2021-08-22
0.2,2,Core CPI m/m|CPI y/y,Neutral|Bad,7,1,6,14.3,85.7,0.17,2018-02-10_2018-02-24|2021-06-09_2021-06-23|2021-11-06_2021-11-20|2022-07-04_2022-07-18|2023-02-14_2023-02-28|2024-02-09_2024-02-23|2022-02-04_2022-02-18
0.2,2,Core CPI m/m|CPI y/y,Neutral|Neutral,70,44,26,62.9,37.1,1.69,2018-03-12_2018-03-26|2018-04-11_2018-04-25|2018-04-26_2018-05-10|2018-07-10_2018-07-24|2018-08-09_2018-08-23|2018-09-08_2018-09-22|2018-10-08_2018-10-22|2018-11-07_2018-11-21|2018-12-07_2018-12-21|2019-01-06_2019-01-20|2019-02-05_2019-02-19|2019-03-07_2019-03-21|2019-04-06_2019-04-20|2019-06-05_2019-06-19|2019-09-03_2019-09-17|2019-10-03_2019-10-17|2019-11-02_2019-11-16|2019-12-02_2019-12-16|2020-01-31_2020-02-14|2020-04-30_2020-05-14|2020-05-30_2020-06-13|2020-07-14_2020-07-28|2020-10-12_2020-10-26|2020-11-11_2020-11-25|2020-11-26_2020-12-10|2021-02-09_2021-02-23|2021-04-10_2021-04-24|2021-09-07_2021-09-21|2021-10-07_2021-10-21|2021-12-06_2021-12-20|2022-01-05_2022-01-19|2022-03-06_2022-03-20|2022-04-05_2022-04-19|2022-08-03_2022-08-17|2022-10-02_2022-10-16|2022-12-31_2023-01-14|2023-03-01_2023-03-15|2023-03-31_2023-04-14|2023-04-30_2023-05-14|2023-05-30_2023-06-13|2023-06-29_2023-07-13|2023-07-29_2023-08-12|2023-09-12_2023-09-26|2023-10-12_2023-10-26|2023-11-11_2023-11-25|2023-12-11_2023-12-25|2024-01-10_2024-01-24|2024-03-10_2024-03-24|2024-04-09_2024-04-23|2024-05-09_2024-05-23|2024-06-08_2024-06-22|2024-07-08_2024-07-22|2024-08-07_2024-08-21|2024-09-06_2024-09-20|2024-10-06_2024-10-20|2024-11-05_2024-11-19|2024-12-05_2024-12-19|2025-01-04_2025-01-18|2025-02-03_2025-02-17|2025-03-05_2025-03-19|2025-04-04_2025-04-18|2025-05-04_2025-05-18|2025-06-03_2025-06-17|2025-07-03_2025-07-17|2025-08-02_2025-08-16|2025-09-01_2025-09-15|2025-10-16_2025-10-30|2025-12-30_2026-01-13|2026-02-13_2026-02-27|2021-08-08_2021-08-22
0.2,2,Core CPI m/m|CPI y/y,Bad|Bad,4,1,3,25.0,75.0,0.33,2020-07-29_2020-08-12|2021-07-09_2021-07-23|2022-09-02_2022-09-16|2021-05-10_2021-05-24
0.2,2,Core CPI m/m|CPI y/y,Neutral|Good,1,0,1,0.0,100.0,0.0,2022-12-01_2022-12-15
0.3,2,Core CPI m/m|CPI y/y,Neutral|Neutral,78,46,32,59.0,41.0,1.44,2018-02-10_2018-02-24|2018-03-12_2018-03-26|2018-04-11_2018-04-25|2018-04-26_2018-05-10|2018-07-10_2018-07-24|2018-08-09_2018-08-23|2018-09-08_2018-09-22|2018-10-08_2018-10-22|2018-11-07_2018-11-21|2018-12-07_2018-12-21|2019-01-06_2019-01-20|2019-02-05_2019-02-19|2019-03-07_2019-03-21|2019-04-06_2019-04-20|2019-06-05_2019-06-19|2019-09-03_2019-09-17|2019-10-03_2019-10-17|2019-11-02_2019-11-16|2019-12-02_2019-12-16|2020-01-31_2020-02-14|2020-04-30_2020-05-14|2020-05-30_2020-06-13|2020-07-14_2020-07-28|2020-10-12_2020-10-26|2020-11-11_2020-11-25|2020-11-26_2020-12-10|2021-02-09_2021-02-23|2021-04-10_2021-04-24|2021-06-09_2021-06-23|2021-09-07_2021-09-21|2021-10-07_2021-10-21|2021-11-06_2021-11-20|2021-12-06_2021-12-20|2022-01-05_2022-01-19|2022-03-06_2022-03-20|2022-04-05_2022-04-19|2022-08-03_2022-08-17|2022-09-02_2022-09-16|2022-10-02_2022-10-16|2022-12-01_2022-12-15|2022-12-31_2023-01-14|2023-02-14_2023-02-28|2023-03-01_2023-03-15|2023-03-31_2023-04-14|2023-04-30_2023-05-14|2023-05-30_2023-06-13|2023-06-29_2023-07-13|2023-07-29_2023-08-12|2023-09-12_2023-09-26|2023-10-12_2023-10-26|2023-11-11_2023-11-25|2023-12-11_2023-12-25|2024-01-10_2024-01-24|2024-02-09_2024-02-23|2024-03-10_2024-03-24|2024-04-09_2024-04-23|2024-05-09_2024-05-23|2024-06-08_2024-06-22|2024-07-08_2024-07-22|2024-08-07_2024-08-21|2024-09-06_2024-09-20|2024-10-06_2024-10-20|2024-11-05_2024-11-19|2024-12-05_2024-12-19|2025-01-04_2025-01-18|2025-02-03_2025-02-17|2025-03-05_2025-03-19|2025-04-04_2025-04-18|2025-05-04_2025-05-18|2025-06-03_2025-06-17|2025-07-03_2025-07-17|2025-08-02_2025-08-16|2025-09-01_2025-09-15|2025-10-16_2025-10-30|2025-12-30_2026-01-13|2026-02-13_2026-02-27|2021-08-08_2021-08-22|2022-02-04_2022-02-18
0.3,2,Core CPI m/m|CPI y/y,Bad|Bad,3,0,3,0.0,100.0,0.0,2020-07-29_2020-08-12|2021-07-09_2021-07-23|2021-05-10_2021-05-24
0.3,2,Core CPI m/m|CPI y/y,Neutral|Bad,1,0,1,0.0,100.0,0.0,2022-07-04_2022-07-18
0.0,2,PPI m/m|Core PPI m/m,Neutral|Bad,2,1,1,50.0,50.0,1.0,2018-02-10_2018-02-24|2022-09-02_2022-09-16
0.0,2,PPI m/m|Core PPI m/m,Bad|Neutral,7,5,2,71.4,28.6,2.5,2018-03-12_2018-03-26|2020-05-30_2020-06-13|2021-03-11_2021-03-25|2022-10-02_2022-10-16|2023-09-12_2023-09-26|2024-12-05_2024-12-19|2025-02-03_2025-02-17
0.0,2,PPI m/m|Core PPI m/m,Good|Neutral,6,5,1,83.3,16.7,5.0,2018-04-26_2018-05-10|2022-01-05_2022-01-19|2023-01-15_2023-01-29|2023-04-30_2023-05-14|2024-04-09_2024-04-23|2024-10-06_2024-10-20
0.0,2,PPI m/m|Core PPI m/m,Bad|Bad,31,12,19,38.7,61.3,0.63,2018-07-10_2018-07-24|2018-11-07_2018-11-21|2018-12-07_2018-12-21|2019-04-06_2019-04-20|2019-09-03_2019-09-17|2019-11-02_2019-11-16|2020-02-15_2020-02-29|2020-07-29_2020-08-12|2020-10-12_2020-10-26|2021-02-09_2021-02-23|2021-03-26_2021-04-09|2021-06-09_2021-06-23|2021-07-09_2021-07-23|2021-09-07_2021-09-21|2021-12-06_2021-12-20|2022-04-05_2022-04-19|2022-12-01_2022-12-15|2023-02-14_2023-02-28|2023-07-29_2023-08-12|2023-09-27_2023-10-11|2024-02-09_2024-02-23|2024-03-10_2024-03-24|2024-05-09_2024-05-23|2024-07-08_2024-07-22|2024-09-06_2024-09-20|2025-08-02_2025-08-16|2026-02-13_2026-02-27|2021-05-10_2021-05-24|2021-08-08_2021-08-22|2022-02-04_2022-02-18|2026-01-29_2026-02-12
0.0,2,PPI m/m|Core PPI m/m,Good|Good,25,19,6,76.0,24.0,3.17,2018-08-09_2018-08-23|2018-09-08_2018-09-22|2019-01-06_2019-01-20|2019-03-07_2019-03-21|2019-10-03_2019-10-17|2019-12-02_2019-12-16|2020-04-30_2020-05-14|2020-06-29_2020-07-13|2021-10-07_2021-10-21|2022-03-06_2022-03-20|2022-08-03_2022-08-17|2023-03-01_2023-03-15|2023-03-31_2023-04-14|2023-06-29_2023-07-13|2023-11-11_2023-11-25|2024-01-10_2024-01-24|2024-06-08_2024-06-22|2024-08-07_2024-08-21|2025-01-04_2025-01-18|2025-03-05_2025-03-19|2025-04-04_2025-04-18|2025-05-04_2025-05-18|2025-06-03_2025-06-17|2025-07-03_2025-07-17|2025-09-01_2025-09-15
0.0,2,PPI m/m|Core PPI m/m,Neutral|Neutral,3,2,1,66.7,33.3,2.0,2018-10-08_2018-10-22|2019-06-05_2019-06-19|2024-11-05_2024-11-19
0.0,2,PPI m/m|Core PPI m/m,Good|Bad,1,0,1,0.0,100.0,0.0,2019-02-05_2019-02-19
0.0,2,PPI m/m|Core PPI m/m,Bad|Good,2,1,1,50.0,50.0,1.0,2020-11-11_2020-11-25|2022-07-04_2022-07-18
0.0,2,PPI m/m|Core PPI m/m,Neutral|Good,5,1,4,20.0,80.0,0.25,2020-12-11_2020-12-25|2021-11-06_2021-11-20|2023-12-11_2023-12-25|2025-11-15_2025-11-29|2026-01-14_2026-01-28
0.1,2,PPI m/m|Core PPI m/m,Neutral|Bad,5,1,4,20.0,80.0,0.25,2018-02-10_2018-02-24|2018-12-07_2018-12-21|2022-09-02_2022-09-16|2022-12-01_2022-12-15|2024-07-08_2024-07-22
0.1,2,PPI m/m|Core PPI m/m,Neutral|Neutral,20,11,9,55.0,45.0,1.22,2018-03-12_2018-03-26|2018-04-26_2018-05-10|2018-07-10_2018-07-24|2018-10-08_2018-10-22|2019-03-07_2019-03-21|2019-06-05_2019-06-19|2019-09-03_2019-09-17|2020-11-11_2020-11-25|2020-12-11_2020-12-25|2021-03-11_2021-03-25|2021-09-07_2021-09-21|2021-11-06_2021-11-20|2023-04-30_2023-05-14|2023-06-29_2023-07-13|2023-07-29_2023-08-12|2024-04-09_2024-04-23|2024-09-06_2024-09-20|2024-10-06_2024-10-20|2024-11-05_2024-11-19|2025-11-15_2025-11-29
0.1,2,PPI m/m|Core PPI m/m,Good|Neutral,4,2,2,50.0,50.0,1.0,2018-08-09_2018-08-23|2019-02-05_2019-02-19|2022-01-05_2022-01-19|2023-01-15_2023-01-29
0.1,2,PPI m/m|Core PPI m/m,Good|Good,18,14,4,77.8,22.2,3.5,2018-09-08_2018-09-22|2019-10-03_2019-10-17|2019-12-02_2019-12-16|2020-04-30_2020-05-14|2020-06-29_2020-07-13|2022-03-06_2022-03-20|2022-08-03_2022-08-17|2023-03-01_2023-03-15|2023-03-31_2023-04-14|2023-11-11_2023-11-25|2024-01-10_2024-01-24|2024-06-08_2024-06-22|2025-01-04_2025-01-18|2025-03-05_2025-03-19|2025-04-04_2025-04-18|2025-05-04_2025-05-18|2025-07-03_2025-07-17|2025-09-01_2025-09-15
0.1,2,PPI m/m|Core PPI m/m,Bad|Bad,19,9,10,47.4,52.6,0.9,2018-11-07_2018-11-21|2020-02-15_2020-02-29|2020-07-29_2020-08-12|2020-10-12_2020-10-26|2021-02-09_2021-02-23|2021-03-26_2021-04-09|2021-06-09_2021-06-23|2021-07-09_2021-07-23|2021-12-06_2021-12-20|2022-04-05_2022-04-19|2023-02-14_2023-02-28|2024-02-09_2024-02-23|2024-05-09_2024-05-23|2025-08-02_2025-08-16|2026-02-13_2026-02-27|2021-05-10_2021-05-24|2021-08-08_2021-08-22|2022-02-04_2022-02-18|2026-01-29_2026-02-12
0.1,2,PPI m/m|Core PPI m/m,Neutral|Good,6,4,2,66.7,33.3,2.0,2019-01-06_2019-01-20|2021-10-07_2021-10-21|2023-12-11_2023-12-25|2024-08-07_2024-08-21|2025-06-03_2025-06-17|2026-01-14_2026-01-28
0.1,2,PPI m/m|Core PPI m/m,Bad|Neutral,10,5,5,50.0,50.0,1.0,2019-04-06_2019-04-20|2019-11-02_2019-11-16|2020-05-30_2020-06-13|2022-07-04_2022-07-18|2022-10-02_2022-10-16|2023-09-12_2023-09-26|2023-09-27_2023-10-11|2024-03-10_2024-03-24|2024-12-05_2024-12-19|2025-02-03_2025-02-17
0.2,2,PPI m/m|Core PPI m/m,Neutral|Neutral,41,23,18,56.1,43.9,1.28,2018-02-10_2018-02-24|2018-03-12_2018-03-26|2018-04-26_2018-05-10|2018-07-10_2018-07-24|2018-08-09_2018-08-23|2018-10-08_2018-10-22|2018-12-07_2018-12-21|2019-02-05_2019-02-19|2019-03-07_2019-03-21|2019-06-05_2019-06-19|2019-09-03_2019-09-17|2019-11-02_2019-11-16|2020-10-12_2020-10-26|2020-11-11_2020-11-25|2020-12-11_2020-12-25|2021-03-11_2021-03-25|2021-09-07_2021-09-21|2021-11-06_2021-11-20|2022-01-05_2022-01-19|2022-09-02_2022-09-16|2022-10-02_2022-10-16|2022-12-01_2022-12-15|2023-04-30_2023-05-14|2023-06-29_2023-07-13|2023-07-29_2023-08-12|2023-09-27_2023-10-11|2023-12-11_2023-12-25|2024-01-10_2024-01-24|2024-04-09_2024-04-23|2024-07-08_2024-07-22|2024-08-07_2024-08-21|2024-09-06_2024-09-20|2024-10-06_2024-10-20|2024-11-05_2024-11-19|2024-12-05_2024-12-19|2025-01-04_2025-01-18|2025-02-03_2025-02-17|2025-06-03_2025-06-17|2025-07-03_2025-07-17|2025-11-15_2025-11-29|2026-01-14_2026-01-28
0.2,2,PPI m/m|Core PPI m/m,Good|Good,11,8,3,72.7,27.3,2.67,2018-09-08_2018-09-22|2019-10-03_2019-10-17|2020-06-29_2020-07-13|2023-03-01_2023-03-15|2023-03-31_2023-04-14|2023-11-11_2023-11-25|2024-06-08_2024-06-22|2025-03-05_2025-03-19|2025-04-04_2025-04-18|2025-05-04_2025-05-18|2025-09-01_2025-09-15
0.2,2,PPI m/m|Core PPI m/m,Bad|Bad,13,7,6,53.8,46.2,1.17,2018-11-07_2018-11-21|2020-02-15_2020-02-29|2020-07-29_2020-08-12|2021-02-09_2021-02-23|2021-03-26_2021-04-09|2021-07-09_2021-07-23|2021-12-06_2021-12-20|2022-04-05_2022-04-19|2025-08-02_2025-08-16|2021-05-10_2021-05-24|2021-08-08_2021-08-22|2022-02-04_2022-02-18|2026-01-29_2026-02-12
0.2,2,PPI m/m|Core PPI m/m,Neutral|Good,4,4,0,100.0,0.0,inf,2019-01-06_2019-01-20|2019-12-02_2019-12-16|2021-10-07_2021-10-21|2022-03-06_2022-03-20
0.2,2,PPI m/m|Core PPI m/m,Bad|Neutral,7,2,5,28.6,71.4,0.4,2019-04-06_2019-04-20|2020-05-30_2020-06-13|2021-06-09_2021-06-23|2022-07-04_2022-07-18|2023-02-14_2023-02-28|2023-09-12_2023-09-26|2024-03-10_2024-03-24
0.2,2,PPI m/m|Core PPI m/m,Good|Neutral,3,2,1,66.7,33.3,2.0,2020-04-30_2020-05-14|2022-08-03_2022-08-17|2023-01-15_2023-01-29
0.2,2,PPI m/m|Core PPI m/m,Neutral|Bad,3,0,3,0.0,100.0,0.0,2024-02-09_2024-02-23|2024-05-09_2024-05-23|2026-02-13_2026-02-27
0.3,2,PPI m/m|Core PPI m/m,Neutral|Neutral,48,25,23,52.1,47.9,1.09,2018-02-10_2018-02-24|2018-03-12_2018-03-26|2018-04-26_2018-05-10|2018-07-10_2018-07-24|2018-08-09_2018-08-23|2018-10-08_2018-10-22|2018-12-07_2018-12-21|2019-02-05_2019-02-19|2019-03-07_2019-03-21|2019-04-06_2019-04-20|2019-06-05_2019-06-19|2019-09-03_2019-09-17|2019-11-02_2019-11-16|2020-10-12_2020-10-26|2020-11-11_2020-11-25|2020-12-11_2020-12-25|2021-03-11_2021-03-25|2021-09-07_2021-09-21|2021-10-07_2021-10-21|2021-11-06_2021-11-20|2022-01-05_2022-01-19|2022-09-02_2022-09-16|2022-10-02_2022-10-16|2022-12-01_2022-12-15|2023-02-14_2023-02-28|2023-04-30_2023-05-14|2023-06-29_2023-07-13|2023-07-29_2023-08-12|2023-09-12_2023-09-26|2023-09-27_2023-10-11|2023-12-11_2023-12-25|2024-01-10_2024-01-24|2024-03-10_2024-03-24|2024-04-09_2024-04-23|2024-05-09_2024-05-23|2024-07-08_2024-07-22|2024-08-07_2024-08-21|2024-09-06_2024-09-20|2024-10-06_2024-10-20|2024-11-05_2024-11-19|2024-12-05_2024-12-19|2025-01-04_2025-01-18|2025-02-03_2025-02-17|2025-06-03_2025-06-17|2025-07-03_2025-07-17|2025-11-15_2025-11-29|2026-01-14_2026-01-28|2021-05-10_2021-05-24
0.3,2,PPI m/m|Core PPI m/m,Good|Good,8,5,3,62.5,37.5,1.67,2018-09-08_2018-09-22|2019-10-03_2019-10-17|2020-06-29_2020-07-13|2023-03-01_2023-03-15|2023-03-31_2023-04-14|2025-04-04_2025-04-18|2025-05-04_2025-05-18|2025-09-01_2025-09-15
0.3,2,PPI m/m|Core PPI m/m,Bad|Neutral,6,3,3,50.0,50.0,1.0,2018-11-07_2018-11-21|2020-02-15_2020-02-29|2020-05-30_2020-06-13|2021-06-09_2021-06-23|2021-12-06_2021-12-20|2022-07-04_2022-07-18
0.3,2,PPI m/m|Core PPI m/m,Neutral|Good,4,4,0,100.0,0.0,inf,2019-01-06_2019-01-20|2019-12-02_2019-12-16|2022-03-06_2022-03-20|2025-03-05_2025-03-19
0.3,2,PPI m/m|Core PPI m/m,Good|Neutral,5,4,1,80.0,20.0,4.0,2020-04-30_2020-05-14|2022-08-03_2022-08-17|2023-01-15_2023-01-29|2023-11-11_2023-11-25|2024-06-08_2024-06-22
0.3,2,PPI m/m|Core PPI m/m,Neutral|Bad,5,1,4,20.0,80.0,0.25,2020-07-29_2020-08-12|2022-04-05_2022-04-19|2024-02-09_2024-02-23|2026-02-13_2026-02-27|2026-01-29_2026-02-12
0.3,2,PPI m/m|Core PPI m/m,Bad|Bad,6,4,2,66.7,33.3,2.0,2021-02-09_2021-02-23|2021-03-26_2021-04-09|2021-07-09_2021-07-23|2025-08-02_2025-08-16|2021-08-08_2021-08-22|2022-02-04_2022-02-18
0.0,2,PPI m/m|FOMC,Good|Neutral,2,2,0,100.0,0.0,inf,2023-04-30_2023-05-14|2024-06-08_2024-06-22
0.0,2,PPI m/m|FOMC,Bad|Neutral,2,2,0,100.0,0.0,inf,2023-09-12_2023-09-26|2024-12-05_2024-12-19
0.0,2,PPI m/m|FOMC,Neutral|Neutral,2,1,1,50.0,50.0,1.0,2023-12-11_2023-12-25|2024-11-05_2024-11-19
0.0,2,PPI m/m|FOMC,Bad|Good,1,1,0,100.0,0.0,inf,2024-09-06_2024-09-20
0.1,2,PPI m/m|FOMC,Neutral|Neutral,3,2,1,66.7,33.3,2.0,2023-04-30_2023-05-14|2023-12-11_2023-12-25|2024-11-05_2024-11-19
0.1,2,PPI m/m|FOMC,Bad|Neutral,2,2,0,100.0,0.0,inf,2023-09-12_2023-09-26|2024-12-05_2024-12-19
0.1,2,PPI m/m|FOMC,Good|Neutral,1,1,0,100.0,0.0,inf,2024-06-08_2024-06-22
0.1,2,PPI m/m|FOMC,Neutral|Good,1,1,0,100.0,0.0,inf,2024-09-06_2024-09-20
0.2,2,PPI m/m|FOMC,Neutral|Neutral,4,3,1,75.0,25.0,3.0,2023-04-30_2023-05-14|2023-12-11_2023-12-25|2024-11-05_2024-11-19|2024-12-05_2024-12-19
0.2,2,PPI m/m|FOMC,Bad|Neutral,1,1,0,100.0,0.0,inf,2023-09-12_2023-09-26
0.2,2,PPI m/m|FOMC,Good|Neutral,1,1,0,100.0,0.0,inf,2024-06-08_2024-06-22
0.2,2,PPI m/m|FOMC,Neutral|Good,1,1,0,100.0,0.0,inf,2024-09-06_2024-09-20
0.3,2,PPI m/m|FOMC,Neutral|Neutral,6,5,1,83.3,16.7,5.0,2023-04-30_2023-05-14|2023-09-12_2023-09-26|2023-12-11_2023-12-25|2024-09-06_2024-09-20|2024-11-05_2024-11-19|2024-12-05_2024-12-19
0.3,2,PPI m/m|FOMC,Good|Neutral,1,1,0,100.0,0.0,inf,2024-06-08_2024-06-22
0.0,2,PPI m/m|CPI y/y,Neutral|Bad,3,1,2,33.3,66.7,0.5,2018-02-10_2018-02-24|2021-11-06_2021-11-20|2022-09-02_2022-09-16
0.0,2,PPI m/m|CPI y/y,Bad|Neutral,11,7,4,63.6,36.4,1.75,2018-03-12_2018-03-26|2018-07-10_2018-07-24|2018-11-07_2018-11-21|2018-12-07_2018-12-21|2020-10-12_2020-10-26|2021-02-09_2021-02-23|2021-09-07_2021-09-21|2021-12-06_2021-12-20|2024-05-09_2024-05-23|2024-09-06_2024-09-20|2024-12-05_2024-12-19
0.0,2,PPI m/m|CPI y/y,Good|Neutral,8,5,3,62.5,37.5,1.67,2018-04-26_2018-05-10|2018-08-09_2018-08-23|2019-01-06_2019-01-20|2022-01-05_2022-01-19|2022-03-06_2022-03-20|2023-03-01_2023-03-15|2025-01-04_2025-01-18|2025-09-01_2025-09-15
0.0,2,PPI m/m|CPI y/y,Good|Good,15,11,4,73.3,26.7,2.75,2018-09-08_2018-09-22|2019-03-07_2019-03-21|2019-10-03_2019-10-17|2020-04-30_2020-05-14|2022-08-03_2022-08-17|2023-03-31_2023-04-14|2023-04-30_2023-05-14|2023-06-29_2023-07-13|2023-11-11_2023-11-25|2024-06-08_2024-06-22|2024-08-07_2024-08-21|2025-03-05_2025-03-19|2025-04-04_2025-04-18|2025-05-04_2025-05-18|2025-06-03_2025-06-17
0.0,2,PPI m/m|CPI y/y,Neutral|Good,2,1,1,50.0,50.0,1.0,2018-10-08_2018-10-22|2019-06-05_2019-06-19
0.0,2,PPI m/m|CPI y/y,Good|Bad,7,6,1,85.7,14.3,6.0,2019-02-05_2019-02-19|2019-12-02_2019-12-16|2021-10-07_2021-10-21|2024-01-10_2024-01-24|2024-04-09_2024-04-23|2024-10-06_2024-10-20|2025-07-03_2025-07-17
0.0,2,PPI m/m|CPI y/y,Bad|Bad,16,6,10,37.5,62.5,0.6,2019-04-06_2019-04-20|2019-11-02_2019-11-16|2020-07-29_2020-08-12|2021-06-09_2021-06-23|2021-07-09_2021-07-23|2022-04-05_2022-04-19|2022-07-04_2022-07-18|2022-10-02_2022-10-16|2023-02-14_2023-02-28|2023-09-12_2023-09-26|2024-02-09_2024-02-23|2024-03-10_2024-03-24|2025-02-03_2025-02-17|2021-05-10_2021-05-24|2021-08-08_2021-08-22|2022-02-04_2022-02-18
0.0,2,PPI m/m|CPI y/y,Bad|Good,8,2,6,25.0,75.0,0.33,2019-09-03_2019-09-17|2020-05-30_2020-06-13|2020-11-11_2020-11-25|2022-12-01_2022-12-15|2023-07-29_2023-08-12|2024-07-08_2024-07-22|2025-08-02_2025-08-16|2026-02-13_2026-02-27
0.0,2,PPI m/m|CPI y/y,Neutral|Neutral,2,1,1,50.0,50.0,1.0,2023-12-11_2023-12-25|2024-11-05_2024-11-19
0.1,2,PPI m/m|CPI y/y,Neutral|Bad,6,4,2,66.7,33.3,2.0,2018-02-10_2018-02-24|2021-10-07_2021-10-21|2021-11-06_2021-11-20|2022-09-02_2022-09-16|2024-04-09_2024-04-23|2024-10-06_2024-10-20
0.1,2,PPI m/m|CPI y/y,Neutral|Neutral,12,6,6,50.0,50.0,1.0,2018-03-12_2018-03-26|2018-04-26_2018-05-10|2018-07-10_2018-07-24|2018-12-07_2018-12-21|2019-01-06_2019-01-20|2019-06-05_2019-06-19|2021-09-07_2021-09-21|2023-04-30_2023-05-14|2023-07-29_2023-08-12|2023-12-11_2023-12-25|2024-09-06_2024-09-20|2024-11-05_2024-11-19
0.1,2,PPI m/m|CPI y/y,Good|Neutral,9,6,3,66.7,33.3,2.0,2018-08-09_2018-08-23|2018-09-08_2018-09-22|2022-01-05_2022-01-19|2022-03-06_2022-03-20|2023-03-01_2023-03-15|2023-03-31_2023-04-14|2023-11-11_2023-11-25|2025-01-04_2025-01-18|2025-09-01_2025-09-15
0.1,2,PPI m/m|CPI y/y,Neutral|Good,9,4,5,44.4,55.6,0.8,2018-10-08_2018-10-22|2019-03-07_2019-03-21|2019-09-03_2019-09-17|2020-11-11_2020-11-25|2022-12-01_2022-12-15|2023-06-29_2023-07-13|2024-07-08_2024-07-22|2024-08-07_2024-08-21|2025-06-03_2025-06-17
0.1,2,PPI m/m|CPI y/y,Bad|Neutral,10,7,3,70.0,30.0,2.33,2018-11-07_2018-11-21|2019-04-06_2019-04-20|2020-10-12_2020-10-26|2021-02-09_2021-02-23|2021-12-06_2021-12-20|2022-04-05_2022-04-19|2022-10-02_2022-10-16|2024-05-09_2024-05-23|2024-12-05_2024-12-19|2025-08-02_2025-08-16
0.1,2,PPI m/m|CPI y/y,Good|Bad,4,3,1,75.0,25.0,3.0,2019-02-05_2019-02-19|2019-12-02_2019-12-16|2024-01-10_2024-01-24|2025-07-03_2025-07-17
0.1,2,PPI m/m|CPI y/y,Good|Good,7,5,2,71.4,28.6,2.5,2019-10-03_2019-10-17|2020-04-30_2020-05-14|2022-08-03_2022-08-17|2024-06-08_2024-06-22|2025-03-05_2025-03-19|2025-04-04_2025-04-18|2025-05-04_2025-05-18
0.1,2,PPI m/m|CPI y/y,Bad|Bad,13,5,8,38.5,61.5,0.63,2019-11-02_2019-11-16|2020-07-29_2020-08-12|2021-06-09_2021-06-23|2021-07-09_2021-07-23|2022-07-04_2022-07-18|2023-02-14_2023-02-28|2023-09-12_2023-09-26|2024-02-09_2024-02-23|2024-03-10_2024-03-24|2025-02-03_2025-02-17|2021-05-10_2021-05-24|2021-08-08_2021-08-22|2022-02-04_2022-02-18
0.1,2,PPI m/m|CPI y/y,Bad|Good,2,0,2,0.0,100.0,0.0,2020-05-30_2020-06-13|2026-02-13_2026-02-27
0.2,2,PPI m/m|CPI y/y,Neutral|Bad,4,1,3,25.0,75.0,0.33,2018-02-10_2018-02-24|2021-11-06_2021-11-20|2022-09-02_2022-09-16|2024-02-09_2024-02-23
0.2,2,PPI m/m|CPI y/y,Neutral|Neutral,38,23,15,60.5,39.5,1.53,2018-03-12_2018-03-26|2018-04-26_2018-05-10|2018-07-10_2018-07-24|2018-08-09_2018-08-23|2018-10-08_2018-10-22|2018-12-07_2018-12-21|2019-01-06_2019-01-20|2019-02-05_2019-02-19|2019-03-07_2019-03-21|2019-06-05_2019-06-19|2019-09-03_2019-09-17|2019-11-02_2019-11-16|2019-12-02_2019-12-16|2020-10-12_2020-10-26|2020-11-11_2020-11-25|2021-09-07_2021-09-21|2021-10-07_2021-10-21|2022-01-05_2022-01-19|2022-03-06_2022-03-20|2022-10-02_2022-10-16|2023-04-30_2023-05-14|2023-06-29_2023-07-13|2023-07-29_2023-08-12|2023-12-11_2023-12-25|2024-01-10_2024-01-24|2024-04-09_2024-04-23|2024-05-09_2024-05-23|2024-07-08_2024-07-22|2024-08-07_2024-08-21|2024-09-06_2024-09-20|2024-10-06_2024-10-20|2024-11-05_2024-11-19|2024-12-05_2024-12-19|2025-01-04_2025-01-18|2025-02-03_2025-02-17|2025-06-03_2025-06-17|2025-07-03_2025-07-17|2026-02-13_2026-02-27
0.2,2,PPI m/m|CPI y/y,Good|Neutral,12,8,4,66.7,33.3,2.0,2018-09-08_2018-09-22|2019-10-03_2019-10-17|2020-04-30_2020-05-14|2022-08-03_2022-08-17|2023-03-01_2023-03-15|2023-03-31_2023-04-14|2023-11-11_2023-11-25|2024-06-08_2024-06-22|2025-03-05_2025-03-19|2025-04-04_2025-04-18|2025-05-04_2025-05-18|2025-09-01_2025-09-15
0.2,2,PPI m/m|CPI y/y,Bad|Neutral,10,7,3,70.0,30.0,2.33,2018-11-07_2018-11-21|2019-04-06_2019-04-20|2020-05-30_2020-06-13|2021-02-09_2021-02-23|2021-12-06_2021-12-20|2022-04-05_2022-04-19|2023-09-12_2023-09-26|2024-03-10_2024-03-24|2025-08-02_2025-08-16|2021-08-08_2021-08-22
0.2,2,PPI m/m|CPI y/y,Bad|Bad,7,1,6,14.3,85.7,0.17,2020-07-29_2020-08-12|2021-06-09_2021-06-23|2021-07-09_2021-07-23|2022-07-04_2022-07-18|2023-02-14_2023-02-28|2021-05-10_2021-05-24|2022-02-04_2022-02-18
0.2,2,PPI m/m|CPI y/y,Neutral|Good,1,0,1,0.0,100.0,0.0,2022-12-01_2022-12-15
0.3,2,PPI m/m|CPI y/y,Neutral|Neutral,49,27,22,55.1,44.9,1.23,2018-02-10_2018-02-24|2018-03-12_2018-03-26|2018-04-26_2018-05-10|2018-07-10_2018-07-24|2018-08-09_2018-08-23|2018-10-08_2018-10-22|2018-12-07_2018-12-21|2019-01-06_2019-01-20|2019-02-05_2019-02-19|2019-03-07_2019-03-21|2019-04-06_2019-04-20|2019-06-05_2019-06-19|2019-09-03_2019-09-17|2019-11-02_2019-11-16|2019-12-02_2019-12-16|2020-10-12_2020-10-26|2020-11-11_2020-11-25|2021-09-07_2021-09-21|2021-10-07_2021-10-21|2021-11-06_2021-11-20|2022-01-05_2022-01-19|2022-03-06_2022-03-20|2022-04-05_2022-04-19|2022-09-02_2022-09-16|2022-10-02_2022-10-16|2022-12-01_2022-12-15|2023-02-14_2023-02-28|2023-04-30_2023-05-14|2023-06-29_2023-07-13|2023-07-29_2023-08-12|2023-09-12_2023-09-26|2023-12-11_2023-12-25|2024-01-10_2024-01-24|2024-02-09_2024-02-23|2024-03-10_2024-03-24|2024-04-09_2024-04-23|2024-05-09_2024-05-23|2024-07-08_2024-07-22|2024-08-07_2024-08-21|2024-09-06_2024-09-20|2024-10-06_2024-10-20|2024-11-05_2024-11-19|2024-12-05_2024-12-19|2025-01-04_2025-01-18|2025-02-03_2025-02-17|2025-03-05_2025-03-19|2025-06-03_2025-06-17|2025-07-03_2025-07-17|2026-02-13_2026-02-27
0.3,2,PPI m/m|CPI y/y,Good|Neutral,11,7,4,63.6,36.4,1.75,2018-09-08_2018-09-22|2019-10-03_2019-10-17|2020-04-30_2020-05-14|2022-08-03_2022-08-17|2023-03-01_2023-03-15|2023-03-31_2023-04-14|2023-11-11_2023-11-25|2024-06-08_2024-06-22|2025-04-04_2025-04-18|2025-05-04_2025-05-18|2025-09-01_2025-09-15
0.3,2,PPI m/m|CPI y/y,Bad|Neutral,8,6,2,75.0,25.0,3.0,2018-11-07_2018-11-21|2020-05-30_2020-06-13|2021-02-09_2021-02-23|2021-06-09_2021-06-23|2021-12-06_2021-12-20|2025-08-02_2025-08-16|2021-08-08_2021-08-22|2022-02-04_2022-02-18
0.3,2,PPI m/m|CPI y/y,Neutral|Bad,2,0,2,0.0,100.0,0.0,2020-07-29_2020-08-12|2021-05-10_2021-05-24
0.3,2,PPI m/m|CPI y/y,Bad|Bad,2,0,2,0.0,100.0,0.0,2021-07-09_2021-07-23|2022-07-04_2022-07-18
0.0,2,Core PPI m/m|FOMC,Neutral|Neutral,4,4,0,100.0,0.0,inf,2023-04-30_2023-05-14|2023-09-12_2023-09-26|2024-11-05_2024-11-19|2024-12-05_2024-12-19
0.0,2,Core PPI m/m|FOMC,Good|Neutral,2,1,1,50.0,50.0,1.0,2023-12-11_2023-12-25|2024-06-08_2024-06-22
0.0,2,Core PPI m/m|FOMC,Bad|Good,1,1,0,100.0,0.0,inf,2024-09-06_2024-09-20
0.1,2,Core PPI m/m|FOMC,Neutral|Neutral,4,4,0,100.0,0.0,inf,2023-04-30_2023-05-14|2023-09-12_2023-09-26|2024-11-05_2024-11-19|2024-12-05_2024-12-19
0.1,2,Core PPI m/m|FOMC,Good|Neutral,2,1,1,50.0,50.0,1.0,2023-12-11_2023-12-25|2024-06-08_2024-06-22
0.1,2,Core PPI m/m|FOMC,Neutral|Good,1,1,0,100.0,0.0,inf,2024-09-06_2024-09-20
0.2,2,Core PPI m/m|FOMC,Neutral|Neutral,5,4,1,80.0,20.0,4.0,2023-04-30_2023-05-14|2023-09-12_2023-09-26|2023-12-11_2023-12-25|2024-11-05_2024-11-19|2024-12-05_2024-12-19
0.2,2,Core PPI m/m|FOMC,Good|Neutral,1,1,0,100.0,0.0,inf,2024-06-08_2024-06-22
0.2,2,Core PPI m/m|FOMC,Neutral|Good,1,1,0,100.0,0.0,inf,2024-09-06_2024-09-20
0.3,2,Core PPI m/m|FOMC,Neutral|Neutral,7,6,1,85.7,14.3,6.0,2023-04-30_2023-05-14|2023-09-12_2023-09-26|2023-12-11_2023-12-25|2024-06-08_2024-06-22|2024-09-06_2024-09-20|2024-11-05_2024-11-19|2024-12-05_2024-12-19
0.0,2,Core PPI m/m|CPI y/y,Bad|Bad,15,5,10,33.3,66.7,0.5,2018-02-10_2018-02-24|2019-02-05_2019-02-19|2019-04-06_2019-04-20|2019-11-02_2019-11-16|2020-07-29_2020-08-12|2021-06-09_2021-06-23|2021-07-09_2021-07-23|2022-04-05_2022-04-19|2022-09-02_2022-09-16|2023-02-14_2023-02-28|2024-02-09_2024-02-23|2024-03-10_2024-03-24|2021-05-10_2021-05-24|2021-08-08_2021-08-22|2022-02-04_2022-02-18
0.0,2,Core PPI m/m|CPI y/y,Neutral|Neutral,5,4,1,80.0,20.0,4.0,2018-03-12_2018-03-26|2018-04-26_2018-05-10|2022-01-05_2022-01-19|2024-11-05_2024-11-19|2024-12-05_2024-12-19
0.0,2,Core PPI m/m|CPI y/y,Bad|Neutral,9,5,4,55.6,44.4,1.25,2018-07-10_2018-07-24|2018-11-07_2018-11-21|2018-12-07_2018-12-21|2020-10-12_2020-10-26|2021-02-09_2021-02-23|2021-09-07_2021-09-21|2021-12-06_2021-12-20|2024-05-09_2024-05-23|2024-09-06_2024-09-20
0.0,2,Core PPI m/m|CPI y/y,Good|Neutral,7,4,3,57.1,42.9,1.33,2018-08-09_2018-08-23|2019-01-06_2019-01-20|2022-03-06_2022-03-20|2023-03-01_2023-03-15|2023-12-11_2023-12-25|2025-01-04_2025-01-18|2025-09-01_2025-09-15
0.0,2,Core PPI m/m|CPI y/y,Good|Good,15,11,4,73.3,26.7,2.75,2018-09-08_2018-09-22|2019-03-07_2019-03-21|2019-10-03_2019-10-17|2020-04-30_2020-05-14|2020-11-11_2020-11-25|2022-08-03_2022-08-17|2023-03-31_2023-04-14|2023-06-29_2023-07-13|2023-11-11_2023-11-25|2024-06-08_2024-06-22|2024-08-07_2024-08-21|2025-03-05_2025-03-19|2025-04-04_2025-04-18|2025-05-04_2025-05-18|2025-06-03_2025-06-17
0.0,2,Core PPI m/m|CPI y/y,Neutral|Good,4,2,2,50.0,50.0,1.0,2018-10-08_2018-10-22|2019-06-05_2019-06-19|2020-05-30_2020-06-13|2023-04-30_2023-05-14
0.0,2,Core PPI m/m|CPI y/y,Bad|Good,6,1,5,16.7,83.3,0.2,2019-09-03_2019-09-17|2022-12-01_2022-12-15|2023-07-29_2023-08-12|2024-07-08_2024-07-22|2025-08-02_2025-08-16|2026-02-13_2026-02-27
0.0,2,Core PPI m/m|CPI y/y,Good|Bad,6,4,2,66.7,33.3,2.0,2019-12-02_2019-12-16|2021-10-07_2021-10-21|2021-11-06_2021-11-20|2022-07-04_2022-07-18|2024-01-10_2024-01-24|2025-07-03_2025-07-17
0.0,2,Core PPI m/m|CPI y/y,Neutral|Bad,5,4,1,80.0,20.0,4.0,2022-10-02_2022-10-16|2023-09-12_2023-09-26|2024-04-09_2024-04-23|2024-10-06_2024-10-20|2025-02-03_2025-02-17
0.1,2,Core PPI m/m|CPI y/y,Bad|Bad,10,3,7,30.0,70.0,0.43,2018-02-10_2018-02-24|2020-07-29_2020-08-12|2021-06-09_2021-06-23|2021-07-09_2021-07-23|2022-09-02_2022-09-16|2023-02-14_2023-02-28|2024-02-09_2024-02-23|2021-05-10_2021-05-24|2021-08-08_2021-08-22|2022-02-04_2022-02-18
0.1,2,Core PPI m/m|CPI y/y,Neutral|Neutral,14,7,7,50.0,50.0,1.0,2018-03-12_2018-03-26|2018-04-26_2018-05-10|2018-07-10_2018-07-24|2018-08-09_2018-08-23|2019-04-06_2019-04-20|2019-06-05_2019-06-19|2021-09-07_2021-09-21|2022-01-05_2022-01-19|2022-10-02_2022-10-16|2023-04-30_2023-05-14|2023-07-29_2023-08-12|2024-09-06_2024-09-20|2024-11-05_2024-11-19|2024-12-05_2024-12-19
0.1,2,Core PPI m/m|CPI y/y,Good|Neutral,9,6,3,66.7,33.3,2.0,2018-09-08_2018-09-22|2019-01-06_2019-01-20|2022-03-06_2022-03-20|2023-03-01_2023-03-15|2023-03-31_2023-04-14|2023-11-11_2023-11-25|2023-12-11_2023-12-25|2025-01-04_2025-01-18|2025-09-01_2025-09-15
0.1,2,Core PPI m/m|CPI y/y,Neutral|Good,6,3,3,50.0,50.0,1.0,2018-10-08_2018-10-22|2019-03-07_2019-03-21|2019-09-03_2019-09-17|2020-05-30_2020-06-13|2020-11-11_2020-11-25|2023-06-29_2023-07-13
0.1,2,Core PPI m/m|CPI y/y,Bad|Neutral,8,6,2,75.0,25.0,3.0,2018-11-07_2018-11-21|2018-12-07_2018-12-21|2020-10-12_2020-10-26|2021-02-09_2021-02-23|2021-12-06_2021-12-20|2022-04-05_2022-04-19|2024-05-09_2024-05-23|2025-08-02_2025-08-16
0.1,2,Core PPI m/m|CPI y/y,Neutral|Bad,9,5,4,55.6,44.4,1.25,2019-02-05_2019-02-19|2019-11-02_2019-11-16|2021-11-06_2021-11-20|2022-07-04_2022-07-18|2023-09-12_2023-09-26|2024-03-10_2024-03-24|2024-04-09_2024-04-23|2024-10-06_2024-10-20|2025-02-03_2025-02-17
0.1,2,Core PPI m/m|CPI y/y,Good|Good,9,6,3,66.7,33.3,2.0,2019-10-03_2019-10-17|2020-04-30_2020-05-14|2022-08-03_2022-08-17|2024-06-08_2024-06-22|2024-08-07_2024-08-21|2025-03-05_2025-03-19|2025-04-04_2025-04-18|2025-05-04_2025-05-18|2025-06-03_2025-06-17
0.1,2,Core PPI m/m|CPI y/y,Good|Bad,4,4,0,100.0,0.0,inf,2019-12-02_2019-12-16|2021-10-07_2021-10-21|2024-01-10_2024-01-24|2025-07-03_2025-07-17
0.1,2,Core PPI m/m|CPI y/y,Bad|Good,3,0,3,0.0,100.0,0.0,2022-12-01_2022-12-15|2024-07-08_2024-07-22|2026-02-13_2026-02-27
0.2,2,Core PPI m/m|CPI y/y,Neutral|Bad,6,2,4,33.3,66.7,0.5,2018-02-10_2018-02-24|2021-06-09_2021-06-23|2021-11-06_2021-11-20|2022-07-04_2022-07-18|2022-09-02_2022-09-16|2023-02-14_2023-02-28
0.2,2,Core PPI m/m|CPI y/y,Neutral|Neutral,38,21,17,55.3,44.7,1.24,2018-03-12_2018-03-26|2018-04-26_2018-05-10|2018-07-10_2018-07-24|2018-08-09_2018-08-23|2018-10-08_2018-10-22|2018-12-07_2018-12-21|2019-02-05_2019-02-19|2019-03-07_2019-03-21|2019-04-06_2019-04-20|2019-06-05_2019-06-19|2019-09-03_2019-09-17|2019-11-02_2019-11-16|2020-04-30_2020-05-14|2020-05-30_2020-06-13|2020-10-12_2020-10-26|2020-11-11_2020-11-25|2021-09-07_2021-09-21|2022-01-05_2022-01-19|2022-08-03_2022-08-17|2022-10-02_2022-10-16|2023-04-30_2023-05-14|2023-06-29_2023-07-13|2023-07-29_2023-08-12|2023-09-12_2023-09-26|2023-12-11_2023-12-25|2024-01-10_2024-01-24|2024-03-10_2024-03-24|2024-04-09_2024-04-23|2024-07-08_2024-07-22|2024-08-07_2024-08-21|2024-09-06_2024-09-20|2024-10-06_2024-10-20|2024-11-05_2024-11-19|2024-12-05_2024-12-19|2025-01-04_2025-01-18|2025-02-03_2025-02-17|2025-06-03_2025-06-17|2025-07-03_2025-07-17
0.2,2,Core PPI m/m|CPI y/y,Good|Neutral,14,11,3,78.6,21.4,3.67,2018-09-08_2018-09-22|2019-01-06_2019-01-20|2019-10-03_2019-10-17|2019-12-02_2019-12-16|2021-10-07_2021-10-21|2022-03-06_2022-03-20|2023-03-01_2023-03-15|2023-03-31_2023-04-14|2023-11-11_2023-11-25|2024-06-08_2024-06-22|2025-03-05_2025-03-19|2025-04-04_2025-04-18|2025-05-04_2025-05-18|2025-09-01_2025-09-15
0.2,2,Core PPI m/m|CPI y/y,Bad|Neutral,8,6,2,75.0,25.0,3.0,2018-11-07_2018-11-21|2021-02-09_2021-02-23|2021-12-06_2021-12-20|2022-04-05_2022-04-19|2024-05-09_2024-05-23|2025-08-02_2025-08-16|2026-02-13_2026-02-27|2021-08-08_2021-08-22
0.2,2,Core PPI m/m|CPI y/y,Bad|Bad,5,0,5,0.0,100.0,0.0,2020-07-29_2020-08-12|2021-07-09_2021-07-23|2024-02-09_2024-02-23|2021-05-10_2021-05-24|2022-02-04_2022-02-18
0.2,2,Core PPI m/m|CPI y/y,Neutral|Good,1,0,1,0.0,100.0,0.0,2022-12-01_2022-12-15
0.3,2,Core PPI m/m|CPI y/y,Neutral|Neutral,50,28,22,56.0,44.0,1.27,2018-02-10_2018-02-24|2018-03-12_2018-03-26|2018-04-26_2018-05-10|2018-07-10_2018-07-24|2018-08-09_2018-08-23|2018-10-08_2018-10-22|2018-11-07_2018-11-21|2018-12-07_2018-12-21|2019-02-05_2019-02-19|2019-03-07_2019-03-21|2019-04-06_2019-04-20|2019-06-05_2019-06-19|2019-09-03_2019-09-17|2019-11-02_2019-11-16|2020-04-30_2020-05-14|2020-05-30_2020-06-13|2020-10-12_2020-10-26|2020-11-11_2020-11-25|2021-06-09_2021-06-23|2021-09-07_2021-09-21|2021-10-07_2021-10-21|2021-11-06_2021-11-20|2021-12-06_2021-12-20|2022-01-05_2022-01-19|2022-08-03_2022-08-17|2022-09-02_2022-09-16|2022-10-02_2022-10-16|2022-12-01_2022-12-15|2023-02-14_2023-02-28|2023-04-30_2023-05-14|2023-06-29_2023-07-13|2023-07-29_2023-08-12|2023-09-12_2023-09-26|2023-11-11_2023-11-25|2023-12-11_2023-12-25|2024-01-10_2024-01-24|2024-03-10_2024-03-24|2024-04-09_2024-04-23|2024-05-09_2024-05-23|2024-06-08_2024-06-22|2024-07-08_2024-07-22|2024-08-07_2024-08-21|2024-09-06_2024-09-20|2024-10-06_2024-10-20|2024-11-05_2024-11-19|2024-12-05_2024-12-19|2025-01-04_2025-01-18|2025-02-03_2025-02-17|2025-06-03_2025-06-17|2025-07-03_2025-07-17
0.3,2,Core PPI m/m|CPI y/y,Good|Neutral,11,8,3,72.7,27.3,2.67,2018-09-08_2018-09-22|2019-01-06_2019-01-20|2019-10-03_2019-10-17|2019-12-02_2019-12-16|2022-03-06_2022-03-20|2023-03-01_2023-03-15|2023-03-31_2023-04-14|2025-03-05_2025-03-19|2025-04-04_2025-04-18|2025-05-04_2025-05-18|2025-09-01_2025-09-15
0.3,2,Core PPI m/m|CPI y/y,Bad|Bad,2,0,2,0.0,100.0,0.0,2020-07-29_2020-08-12|2021-07-09_2021-07-23
0.3,2,Core PPI m/m|CPI y/y,Bad|Neutral,7,4,3,57.1,42.9,1.33,2021-02-09_2021-02-23|2022-04-05_2022-04-19|2024-02-09_2024-02-23|2025-08-02_2025-08-16|2026-02-13_2026-02-27|2021-08-08_2021-08-22|2022-02-04_2022-02-18
0.3,2,Core PPI m/m|CPI y/y,Neutral|Bad,2,0,2,0.0,100.0,0.0,2022-07-04_2022-07-18|2021-05-10_2021-05-24
0.0,2,FOMC|CPI y/y,Neutral|Good,2,2,0,100.0,0.0,inf,2023-04-30_2023-05-14|2024-06-08_2024-06-22
0.0,2,FOMC|CPI y/y,Neutral|Bad,1,1,0,100.0,0.0,inf,2023-09-12_2023-09-26
0.0,2,FOMC|CPI y/y,Neutral|Neutral,3,2,1,66.7,33.3,2.0,2023-12-11_2023-12-25|2024-11-05_2024-11-19|2024-12-05_2024-12-19
0.0,2,FOMC|CPI y/y,Good|Neutral,1,1,0,100.0,0.0,inf,2024-09-06_2024-09-20
0.1,2,FOMC|CPI y/y,Neutral|Neutral,4,3,1,75.0,25.0,3.0,2023-04-30_2023-05-14|2023-12-11_2023-12-25|2024-11-05_2024-11-19|2024-12-05_2024-12-19
0.1,2,FOMC|CPI y/y,Neutral|Bad,1,1,0,100.0,0.0,inf,2023-09-12_2023-09-26
0.1,2,FOMC|CPI y/y,Neutral|Good,1,1,0,100.0,0.0,inf,2024-06-08_2024-06-22
0.1,2,FOMC|CPI y/y,Good|Neutral,1,1,0,100.0,0.0,inf,2024-09-06_2024-09-20
0.2,2,FOMC|CPI y/y,Neutral|Neutral,6,5,1,83.3,16.7,5.0,2023-04-30_2023-05-14|2023-09-12_2023-09-26|2023-12-11_2023-12-25|2024-06-08_2024-06-22|2024-11-05_2024-11-19|2024-12-05_2024-12-19
0.2,2,FOMC|CPI y/y,Good|Neutral,1,1,0,100.0,0.0,inf,2024-09-06_2024-09-20
0.3,2,FOMC|CPI y/y,Neutral|Neutral,7,6,1,85.7,14.3,6.0,2023-04-30_2023-05-14|2023-09-12_2023-09-26|2023-12-11_2023-12-25|2024-06-08_2024-06-22|2024-09-06_2024-09-20|2024-11-05_2024-11-19|2024-12-05_2024-12-19
