آستانه,تعداد_شاخص‌ها,لیست_شاخص‌ها,الگوی_وضعیت,تعداد_کل_وقوع,تعداد_ضررده,تعداد_سودده,درصد_ضررده,درصد_سودده,نسبت_شانس,دوره‌ها
0.0,1,CPI m/m,Bad,17,10,7,58.8,41.2,1.43,2018-01-26_2018-02-24|2019-03-22_2019-04-20|2019-11-17_2019-12-16|2020-02-15_2020-03-15|2020-07-14_2020-08-12|2021-04-10_2021-05-09|2021-10-07_2021-11-05|2021-12-06_2022-01-04|2022-07-04_2022-08-02|2022-09-02_2022-10-01|2022-10-02_2022-10-31|2023-09-27_2023-10-26|2023-11-26_2023-12-25|2024-01-25_2024-02-23|2024-03-25_2024-04-23|2024-09-21_2024-10-20|2025-08-17_2025-09-15
0.0,1,CPI m/m,Good,20,12,8,60.0,40.0,1.5,2018-03-27_2018-04-25|2018-06-25_2018-07-24|2018-08-24_2018-09-22|2018-09-23_2018-10-22|2019-01-21_2019-02-19|2019-04-21_2019-05-20|2019-09-18_2019-10-17|2020-01-16_2020-02-14|2020-03-16_2020-04-14|2020-05-15_2020-06-13|2021-09-07_2021-10-06|2022-11-01_2022-11-30|2022-12-01_2022-12-30|2023-03-31_2023-04-29|2023-05-30_2023-06-28|2023-06-29_2023-07-28|2024-05-24_2024-06-22|2024-06-23_2024-07-22|2025-02-18_2025-03-19|2025-05-19_2025-06-17
0.0,1,CPI m/m,Neutral,25,19,6,76.0,24.0,3.17,2018-07-25_2018-08-23|2018-10-23_2018-11-21|2018-12-22_2019-01-20|2019-02-20_2019-03-21|2019-05-21_2019-06-19|2019-08-19_2019-09-17|2019-12-17_2020-01-15|2020-10-12_2020-11-10|2020-11-11_2020-12-10|2021-02-09_2021-03-10|2022-03-06_2022-04-04|2022-12-31_2023-01-29|2023-01-30_2023-02-28|2023-03-01_2023-03-30|2023-04-30_2023-05-29|2023-07-29_2023-08-27|2023-08-28_2023-09-26|2024-07-23_2024-08-21|2024-08-22_2024-09-20|2024-10-21_2024-11-19|2024-11-20_2024-12-19|2024-12-20_2025-01-18|2025-06-18_2025-07-17|2025-07-18_2025-08-16|2025-12-15_2026-01-13
0.1,1,CPI m/m,Bad,11,5,6,45.5,54.5,0.83,2018-01-26_2018-02-24|2019-03-22_2019-04-20|2020-07-14_2020-08-12|2021-10-07_2021-11-05|2021-12-06_2022-01-04|2022-07-04_2022-08-02|2022-09-02_2022-10-01|2022-10-02_2022-10-31|2023-09-27_2023-10-26|2024-03-25_2024-04-23|2025-08-17_2025-09-15
0.1,1,CPI m/m,Neutral,45,31,14,68.9,31.1,2.21,2018-03-27_2018-04-25|2018-06-25_2018-07-24|2018-07-25_2018-08-23|2018-08-24_2018-09-22|2018-09-23_2018-10-22|2018-10-23_2018-11-21|2018-12-22_2019-01-20|2019-01-21_2019-02-19|2019-02-20_2019-03-21|2019-05-21_2019-06-19|2019-08-19_2019-09-17|2019-09-18_2019-10-17|2019-11-17_2019-12-16|2019-12-17_2020-01-15|2020-01-16_2020-02-14|2020-02-15_2020-03-15|2020-05-15_2020-06-13|2020-10-12_2020-11-10|2020-11-11_2020-12-10|2021-02-09_2021-03-10|2021-04-10_2021-05-09|2022-03-06_2022-04-04|2022-12-31_2023-01-29|2023-01-30_2023-02-28|2023-03-01_2023-03-30|2023-03-31_2023-04-29|2023-04-30_2023-05-29|2023-05-30_2023-06-28|2023-06-29_2023-07-28|2023-07-29_2023-08-27|2023-08-28_2023-09-26|2023-11-26_2023-12-25|2024-01-25_2024-02-23|2024-05-24_2024-06-22|2024-07-23_2024-08-21|2024-08-22_2024-09-20|2024-09-21_2024-10-20|2024-10-21_2024-11-19|2024-11-20_2024-12-19|2024-12-20_2025-01-18|2025-02-18_2025-03-19|2025-05-19_2025-06-17|2025-06-18_2025-07-17|2025-07-18_2025-08-16|2025-12-15_2026-01-13
0.1,1,CPI m/m,Good,6,5,1,83.3,16.7,5.0,2019-04-21_2019-05-20|2020-03-16_2020-04-14|2021-09-07_2021-10-06|2022-11-01_2022-11-30|2022-12-01_2022-12-30|2024-06-23_2024-07-22
0.2,1,CPI m/m,Neutral,62,41,21,66.1,33.9,1.95,2018-01-26_2018-02-24|2018-03-27_2018-04-25|2018-06-25_2018-07-24|2018-07-25_2018-08-23|2018-08-24_2018-09-22|2018-09-23_2018-10-22|2018-10-23_2018-11-21|2018-12-22_2019-01-20|2019-01-21_2019-02-19|2019-02-20_2019-03-21|2019-03-22_2019-04-20|2019-04-21_2019-05-20|2019-05-21_2019-06-19|2019-08-19_2019-09-17|2019-09-18_2019-10-17|2019-11-17_2019-12-16|2019-12-17_2020-01-15|2020-01-16_2020-02-14|2020-02-15_2020-03-15|2020-03-16_2020-04-14|2020-05-15_2020-06-13|2020-07-14_2020-08-12|2020-10-12_2020-11-10|2020-11-11_2020-12-10|2021-02-09_2021-03-10|2021-04-10_2021-05-09|2021-09-07_2021-10-06|2021-10-07_2021-11-05|2021-12-06_2022-01-04|2022-03-06_2022-04-04|2022-07-04_2022-08-02|2022-09-02_2022-10-01|2022-10-02_2022-10-31|2022-11-01_2022-11-30|2022-12-01_2022-12-30|2022-12-31_2023-01-29|2023-01-30_2023-02-28|2023-03-01_2023-03-30|2023-03-31_2023-04-29|2023-04-30_2023-05-29|2023-05-30_2023-06-28|2023-06-29_2023-07-28|2023-07-29_2023-08-27|2023-08-28_2023-09-26|2023-09-27_2023-10-26|2023-11-26_2023-12-25|2024-01-25_2024-02-23|2024-03-25_2024-04-23|2024-05-24_2024-06-22|2024-06-23_2024-07-22|2024-07-23_2024-08-21|2024-08-22_2024-09-20|2024-09-21_2024-10-20|2024-10-21_2024-11-19|2024-11-20_2024-12-19|2024-12-20_2025-01-18|2025-02-18_2025-03-19|2025-05-19_2025-06-17|2025-06-18_2025-07-17|2025-07-18_2025-08-16|2025-08-17_2025-09-15|2025-12-15_2026-01-13
0.3,1,CPI m/m,Neutral,62,41,21,66.1,33.9,1.95,2018-01-26_2018-02-24|2018-03-27_2018-04-25|2018-06-25_2018-07-24|2018-07-25_2018-08-23|2018-08-24_2018-09-22|2018-09-23_2018-10-22|2018-10-23_2018-11-21|2018-12-22_2019-01-20|2019-01-21_2019-02-19|2019-02-20_2019-03-21|2019-03-22_2019-04-20|2019-04-21_2019-05-20|2019-05-21_2019-06-19|2019-08-19_2019-09-17|2019-09-18_2019-10-17|2019-11-17_2019-12-16|2019-12-17_2020-01-15|2020-01-16_2020-02-14|2020-02-15_2020-03-15|2020-03-16_2020-04-14|2020-05-15_2020-06-13|2020-07-14_2020-08-12|2020-10-12_2020-11-10|2020-11-11_2020-12-10|2021-02-09_2021-03-10|2021-04-10_2021-05-09|2021-09-07_2021-10-06|2021-10-07_2021-11-05|2021-12-06_2022-01-04|2022-03-06_2022-04-04|2022-07-04_2022-08-02|2022-09-02_2022-10-01|2022-10-02_2022-10-31|2022-11-01_2022-11-30|2022-12-01_2022-12-30|2022-12-31_2023-01-29|2023-01-30_2023-02-28|2023-03-01_2023-03-30|2023-03-31_2023-04-29|2023-04-30_2023-05-29|2023-05-30_2023-06-28|2023-06-29_2023-07-28|2023-07-29_2023-08-27|2023-08-28_2023-09-26|2023-09-27_2023-10-26|2023-11-26_2023-12-25|2024-01-25_2024-02-23|2024-03-25_2024-04-23|2024-05-24_2024-06-22|2024-06-23_2024-07-22|2024-07-23_2024-08-21|2024-08-22_2024-09-20|2024-09-21_2024-10-20|2024-10-21_2024-11-19|2024-11-20_2024-12-19|2024-12-20_2025-01-18|2025-02-18_2025-03-19|2025-05-19_2025-06-17|2025-06-18_2025-07-17|2025-07-18_2025-08-16|2025-08-17_2025-09-15|2025-12-15_2026-01-13
0.0,1,Core CPI m/m,Bad,14,10,4,71.4,28.6,2.5,2018-01-26_2018-02-24|2019-08-19_2019-09-17|2020-07-14_2020-08-12|2021-04-10_2021-05-09|2022-07-04_2022-08-02|2022-09-02_2022-10-01|2022-10-02_2022-10-31|2023-03-01_2023-03-30|2023-04-30_2023-05-29|2023-08-28_2023-09-26|2024-01-25_2024-02-23|2024-03-25_2024-04-23|2024-08-22_2024-09-20|2024-09-21_2024-10-20
0.0,1,Core CPI m/m,Neutral,25,15,10,60.0,40.0,1.5,2018-03-27_2018-04-25|2018-06-25_2018-07-24|2018-07-25_2018-08-23|2018-10-23_2018-11-21|2018-12-22_2019-01-20|2019-01-21_2019-02-19|2019-11-17_2019-12-16|2020-01-16_2020-02-14|2020-02-15_2020-03-15|2020-10-12_2020-11-10|2021-10-07_2021-11-05|2021-12-06_2022-01-04|2022-03-06_2022-04-04|2022-12-31_2023-01-29|2023-01-30_2023-02-28|2023-03-31_2023-04-29|2023-05-30_2023-06-28|2023-07-29_2023-08-27|2023-09-27_2023-10-26|2023-11-26_2023-12-25|2024-07-23_2024-08-21|2024-10-21_2024-11-19|2024-11-20_2024-12-19|2025-07-18_2025-08-16|2025-08-17_2025-09-15
0.0,1,Core CPI m/m,Good,23,16,7,69.6,30.4,2.29,2018-08-24_2018-09-22|2018-09-23_2018-10-22|2019-02-20_2019-03-21|2019-03-22_2019-04-20|2019-04-21_2019-05-20|2019-05-21_2019-06-19|2019-09-18_2019-10-17|2019-12-17_2020-01-15|2020-03-16_2020-04-14|2020-05-15_2020-06-13|2020-11-11_2020-12-10|2021-02-09_2021-03-10|2021-09-07_2021-10-06|2022-11-01_2022-11-30|2022-12-01_2022-12-30|2023-06-29_2023-07-28|2024-05-24_2024-06-22|2024-06-23_2024-07-22|2024-12-20_2025-01-18|2025-02-18_2025-03-19|2025-05-19_2025-06-17|2025-06-18_2025-07-17|2025-12-15_2026-01-13
0.1,1,Core CPI m/m,Neutral,50,34,16,68.0,32.0,2.12,2018-01-26_2018-02-24|2018-03-27_2018-04-25|2018-06-25_2018-07-24|2018-07-25_2018-08-23|2018-08-24_2018-09-22|2018-09-23_2018-10-22|2018-10-23_2018-11-21|2018-12-22_2019-01-20|2019-01-21_2019-02-19|2019-02-20_2019-03-21|2019-03-22_2019-04-20|2019-04-21_2019-05-20|2019-05-21_2019-06-19|2019-08-19_2019-09-17|2019-09-18_2019-10-17|2019-11-17_2019-12-16|2019-12-17_2020-01-15|2020-01-16_2020-02-14|2020-02-15_2020-03-15|2020-05-15_2020-06-13|2020-10-12_2020-11-10|2020-11-11_2020-12-10|2021-04-10_2021-05-09|2021-10-07_2021-11-05|2021-12-06_2022-01-04|2022-03-06_2022-04-04|2022-12-01_2022-12-30|2022-12-31_2023-01-29|2023-01-30_2023-02-28|2023-03-01_2023-03-30|2023-03-31_2023-04-29|2023-05-30_2023-06-28|2023-06-29_2023-07-28|2023-07-29_2023-08-27|2023-08-28_2023-09-26|2023-09-27_2023-10-26|2023-11-26_2023-12-25|2024-05-24_2024-06-22|2024-06-23_2024-07-22|2024-07-23_2024-08-21|2024-08-22_2024-09-20|2024-09-21_2024-10-20|2024-10-21_2024-11-19|2024-11-20_2024-12-19|2024-12-20_2025-01-18|2025-02-18_2025-03-19|2025-06-18_2025-07-17|2025-07-18_2025-08-16|2025-08-17_2025-09-15|2025-12-15_2026-01-13
0.1,1,Core CPI m/m,Good,5,4,1,80.0,20.0,4.0,2020-03-16_2020-04-14|2021-02-09_2021-03-10|2021-09-07_2021-10-06|2022-11-01_2022-11-30|2025-05-19_2025-06-17
0.1,1,Core CPI m/m,Bad,7,3,4,42.9,57.1,0.75,2020-07-14_2020-08-12|2022-07-04_2022-08-02|2022-09-02_2022-10-01|2022-10-02_2022-10-31|2023-04-30_2023-05-29|2024-01-25_2024-02-23|2024-03-25_2024-04-23
0.2,1,Core CPI m/m,Neutral,60,40,20,66.7,33.3,2.0,2018-01-26_2018-02-24|2018-03-27_2018-04-25|2018-06-25_2018-07-24|2018-07-25_2018-08-23|2018-08-24_2018-09-22|2018-09-23_2018-10-22|2018-10-23_2018-11-21|2018-12-22_2019-01-20|2019-01-21_2019-02-19|2019-02-20_2019-03-21|2019-03-22_2019-04-20|2019-04-21_2019-05-20|2019-05-21_2019-06-19|2019-08-19_2019-09-17|2019-09-18_2019-10-17|2019-11-17_2019-12-16|2019-12-17_2020-01-15|2020-01-16_2020-02-14|2020-02-15_2020-03-15|2020-03-16_2020-04-14|2020-05-15_2020-06-13|2020-10-12_2020-11-10|2020-11-11_2020-12-10|2021-02-09_2021-03-10|2021-04-10_2021-05-09|2021-09-07_2021-10-06|2021-10-07_2021-11-05|2021-12-06_2022-01-04|2022-03-06_2022-04-04|2022-07-04_2022-08-02|2022-10-02_2022-10-31|2022-11-01_2022-11-30|2022-12-01_2022-12-30|2022-12-31_2023-01-29|2023-01-30_2023-02-28|2023-03-01_2023-03-30|2023-03-31_2023-04-29|2023-04-30_2023-05-29|2023-05-30_2023-06-28|2023-06-29_2023-07-28|2023-07-29_2023-08-27|2023-08-28_2023-09-26|2023-09-27_2023-10-26|2023-11-26_2023-12-25|2024-01-25_2024-02-23|2024-03-25_2024-04-23|2024-05-24_2024-06-22|2024-06-23_2024-07-22|2024-07-23_2024-08-21|2024-08-22_2024-09-20|2024-09-21_2024-10-20|2024-10-21_2024-11-19|2024-11-20_2024-12-19|2024-12-20_2025-01-18|2025-02-18_2025-03-19|2025-05-19_2025-06-17|2025-06-18_2025-07-17|2025-07-18_2025-08-16|2025-08-17_2025-09-15|2025-12-15_2026-01-13
0.2,1,Core CPI m/m,Bad,2,1,1,50.0,50.0,1.0,2020-07-14_2020-08-12|2022-09-02_2022-10-01
0.3,1,Core CPI m/m,Neutral,62,41,21,66.1,33.9,1.95,2018-01-26_2018-02-24|2018-03-27_2018-04-25|2018-06-25_2018-07-24|2018-07-25_2018-08-23|2018-08-24_2018-09-22|2018-09-23_2018-10-22|2018-10-23_2018-11-21|2018-12-22_2019-01-20|2019-01-21_2019-02-19|2019-02-20_2019-03-21|2019-03-22_2019-04-20|2019-04-21_2019-05-20|2019-05-21_2019-06-19|2019-08-19_2019-09-17|2019-09-18_2019-10-17|2019-11-17_2019-12-16|2019-12-17_2020-01-15|2020-01-16_2020-02-14|2020-02-15_2020-03-15|2020-03-16_2020-04-14|2020-05-15_2020-06-13|2020-07-14_2020-08-12|2020-10-12_2020-11-10|2020-11-11_2020-12-10|2021-02-09_2021-03-10|2021-04-10_2021-05-09|2021-09-07_2021-10-06|2021-10-07_2021-11-05|2021-12-06_2022-01-04|2022-03-06_2022-04-04|2022-07-04_2022-08-02|2022-09-02_2022-10-01|2022-10-02_2022-10-31|2022-11-01_2022-11-30|2022-12-01_2022-12-30|2022-12-31_2023-01-29|2023-01-30_2023-02-28|2023-03-01_2023-03-30|2023-03-31_2023-04-29|2023-04-30_2023-05-29|2023-05-30_2023-06-28|2023-06-29_2023-07-28|2023-07-29_2023-08-27|2023-08-28_2023-09-26|2023-09-27_2023-10-26|2023-11-26_2023-12-25|2024-01-25_2024-02-23|2024-03-25_2024-04-23|2024-05-24_2024-06-22|2024-06-23_2024-07-22|2024-07-23_2024-08-21|2024-08-22_2024-09-20|2024-09-21_2024-10-20|2024-10-21_2024-11-19|2024-11-20_2024-12-19|2024-12-20_2025-01-18|2025-02-18_2025-03-19|2025-05-19_2025-06-17|2025-06-18_2025-07-17|2025-07-18_2025-08-16|2025-08-17_2025-09-15|2025-12-15_2026-01-13
0.0,1,PPI m/m,Neutral,8,6,2,75.0,25.0,3.0,2018-01-26_2018-02-24|2018-09-23_2018-10-22|2019-04-21_2019-05-20|2019-05-21_2019-06-19|2022-09-02_2022-10-01|2023-11-26_2023-12-25|2024-10-21_2024-11-19|2025-11-15_2025-12-14
0.0,1,PPI m/m,Bad,26,18,8,69.2,30.8,2.25,2018-03-27_2018-04-25|2018-06-25_2018-07-24|2018-10-23_2018-11-21|2019-03-22_2019-04-20|2019-08-19_2019-09-17|2020-03-16_2020-04-14|2020-05-15_2020-06-13|2020-07-14_2020-08-12|2020-10-12_2020-11-10|2020-11-11_2020-12-10|2021-02-09_2021-03-10|2021-09-07_2021-10-06|2021-12-06_2022-01-04|2022-07-04_2022-08-02|2022-10-02_2022-10-31|2022-12-01_2022-12-30|2023-01-30_2023-02-28|2023-07-29_2023-08-27|2023-08-28_2023-09-26|2023-09-27_2023-10-26|2024-01-25_2024-02-23|2024-06-23_2024-07-22|2024-08-22_2024-09-20|2024-11-20_2024-12-19|2025-07-18_2025-08-16|2026-01-14_2026-02-12
0.0,1,PPI m/m,Good,28,16,12,57.1,42.9,1.33,2018-07-25_2018-08-23|2018-08-24_2018-09-22|2018-12-22_2019-01-20|2019-01-21_2019-02-19|2019-02-20_2019-03-21|2019-09-18_2019-10-17|2019-11-17_2019-12-16|2019-12-17_2020-01-15|2020-02-15_2020-03-15|2020-06-14_2020-07-13|2021-10-07_2021-11-05|2022-03-06_2022-04-04|2022-11-01_2022-11-30|2022-12-31_2023-01-29|2023-03-01_2023-03-30|2023-03-31_2023-04-29|2023-04-30_2023-05-29|2023-05-30_2023-06-28|2023-06-29_2023-07-28|2024-03-25_2024-04-23|2024-05-24_2024-06-22|2024-07-23_2024-08-21|2024-09-21_2024-10-20|2024-12-20_2025-01-18|2025-02-18_2025-03-19|2025-05-19_2025-06-17|2025-06-18_2025-07-17|2025-08-17_2025-09-15
0.1,1,PPI m/m,Neutral,28,20,8,71.4,28.6,2.5,2018-01-26_2018-02-24|2018-06-25_2018-07-24|2018-09-23_2018-10-22|2018-12-22_2019-01-20|2019-02-20_2019-03-21|2019-04-21_2019-05-20|2019-05-21_2019-06-19|2019-08-19_2019-09-17|2019-12-17_2020-01-15|2020-02-15_2020-03-15|2020-03-16_2020-04-14|2020-11-11_2020-12-10|2021-09-07_2021-10-06|2021-10-07_2021-11-05|2022-09-02_2022-10-01|2022-12-01_2022-12-30|2023-04-30_2023-05-29|2023-06-29_2023-07-28|2023-07-29_2023-08-27|2023-11-26_2023-12-25|2024-03-25_2024-04-23|2024-06-23_2024-07-22|2024-07-23_2024-08-21|2024-08-22_2024-09-20|2024-09-21_2024-10-20|2024-10-21_2024-11-19|2025-05-19_2025-06-17|2025-11-15_2025-12-14
0.1,1,PPI m/m,Bad,17,12,5,70.6,29.4,2.4,2018-03-27_2018-04-25|2018-10-23_2018-11-21|2019-03-22_2019-04-20|2020-05-15_2020-06-13|2020-07-14_2020-08-12|2020-10-12_2020-11-10|2021-02-09_2021-03-10|2021-12-06_2022-01-04|2022-07-04_2022-08-02|2022-10-02_2022-10-31|2023-01-30_2023-02-28|2023-08-28_2023-09-26|2023-09-27_2023-10-26|2024-01-25_2024-02-23|2024-11-20_2024-12-19|2025-07-18_2025-08-16|2026-01-14_2026-02-12
0.1,1,PPI m/m,Good,17,8,9,47.1,52.9,0.89,2018-07-25_2018-08-23|2018-08-24_2018-09-22|2019-01-21_2019-02-19|2019-09-18_2019-10-17|2019-11-17_2019-12-16|2020-06-14_2020-07-13|2022-03-06_2022-04-04|2022-11-01_2022-11-30|2022-12-31_2023-01-29|2023-03-01_2023-03-30|2023-03-31_2023-04-29|2023-05-30_2023-06-28|2024-05-24_2024-06-22|2024-12-20_2025-01-18|2025-02-18_2025-03-19|2025-06-18_2025-07-17|2025-08-17_2025-09-15
0.2,1,PPI m/m,Neutral,43,28,15,65.1,34.9,1.87,2018-01-26_2018-02-24|2018-03-27_2018-04-25|2018-06-25_2018-07-24|2018-07-25_2018-08-23|2018-09-23_2018-10-22|2018-12-22_2019-01-20|2019-01-21_2019-02-19|2019-02-20_2019-03-21|2019-04-21_2019-05-20|2019-05-21_2019-06-19|2019-08-19_2019-09-17|2019-11-17_2019-12-16|2019-12-17_2020-01-15|2020-02-15_2020-03-15|2020-03-16_2020-04-14|2020-10-12_2020-11-10|2020-11-11_2020-12-10|2021-09-07_2021-10-06|2021-10-07_2021-11-05|2022-03-06_2022-04-04|2022-09-02_2022-10-01|2022-10-02_2022-10-31|2022-11-01_2022-11-30|2022-12-01_2022-12-30|2023-04-30_2023-05-29|2023-05-30_2023-06-28|2023-06-29_2023-07-28|2023-07-29_2023-08-27|2023-09-27_2023-10-26|2023-11-26_2023-12-25|2024-01-25_2024-02-23|2024-03-25_2024-04-23|2024-06-23_2024-07-22|2024-07-23_2024-08-21|2024-08-22_2024-09-20|2024-09-21_2024-10-20|2024-10-21_2024-11-19|2024-11-20_2024-12-19|2024-12-20_2025-01-18|2025-05-19_2025-06-17|2025-06-18_2025-07-17|2025-11-15_2025-12-14|2026-01-14_2026-02-12
0.2,1,PPI m/m,Good,9,4,5,44.4,55.6,0.8,2018-08-24_2018-09-22|2019-09-18_2019-10-17|2020-06-14_2020-07-13|2022-12-31_2023-01-29|2023-03-01_2023-03-30|2023-03-31_2023-04-29|2024-05-24_2024-06-22|2025-02-18_2025-03-19|2025-08-17_2025-09-15
0.2,1,PPI m/m,Bad,10,8,2,80.0,20.0,4.0,2018-10-23_2018-11-21|2019-03-22_2019-04-20|2020-05-15_2020-06-13|2020-07-14_2020-08-12|2021-02-09_2021-03-10|2021-12-06_2022-01-04|2022-07-04_2022-08-02|2023-01-30_2023-02-28|2023-08-28_2023-09-26|2025-07-18_2025-08-16
0.3,1,PPI m/m,Neutral,48,32,16,66.7,33.3,2.0,2018-01-26_2018-02-24|2018-03-27_2018-04-25|2018-06-25_2018-07-24|2018-07-25_2018-08-23|2018-09-23_2018-10-22|2018-12-22_2019-01-20|2019-01-21_2019-02-19|2019-02-20_2019-03-21|2019-03-22_2019-04-20|2019-04-21_2019-05-20|2019-05-21_2019-06-19|2019-08-19_2019-09-17|2019-11-17_2019-12-16|2019-12-17_2020-01-15|2020-02-15_2020-03-15|2020-03-16_2020-04-14|2020-07-14_2020-08-12|2020-10-12_2020-11-10|2020-11-11_2020-12-10|2021-09-07_2021-10-06|2021-10-07_2021-11-05|2022-03-06_2022-04-04|2022-09-02_2022-10-01|2022-10-02_2022-10-31|2022-11-01_2022-11-30|2022-12-01_2022-12-30|2023-01-30_2023-02-28|2023-04-30_2023-05-29|2023-05-30_2023-06-28|2023-06-29_2023-07-28|2023-07-29_2023-08-27|2023-08-28_2023-09-26|2023-09-27_2023-10-26|2023-11-26_2023-12-25|2024-01-25_2024-02-23|2024-03-25_2024-04-23|2024-06-23_2024-07-22|2024-07-23_2024-08-21|2024-08-22_2024-09-20|2024-09-21_2024-10-20|2024-10-21_2024-11-19|2024-11-20_2024-12-19|2024-12-20_2025-01-18|2025-02-18_2025-03-19|2025-05-19_2025-06-17|2025-06-18_2025-07-17|2025-11-15_2025-12-14|2026-01-14_2026-02-12
0.3,1,PPI m/m,Good,8,3,5,37.5,62.5,0.6,2018-08-24_2018-09-22|2019-09-18_2019-10-17|2020-06-14_2020-07-13|2022-12-31_2023-01-29|2023-03-01_2023-03-30|2023-03-31_2023-04-29|2024-05-24_2024-06-22|2025-08-17_2025-09-15
0.3,1,PPI m/m,Bad,6,5,1,83.3,16.7,5.0,2018-10-23_2018-11-21|2020-05-15_2020-06-13|2021-02-09_2021-03-10|2021-12-06_2022-01-04|2022-07-04_2022-08-02|2025-07-18_2025-08-16
0.0,1,Core PPI m/m,Bad,23,17,6,73.9,26.1,2.83,2018-01-26_2018-02-24|2018-03-27_2018-04-25|2018-06-25_2018-07-24|2018-10-23_2018-11-21|2019-01-21_2019-02-19|2019-03-22_2019-04-20|2019-08-19_2019-09-17|2020-03-16_2020-04-14|2020-07-14_2020-08-12|2020-10-12_2020-11-10|2021-02-09_2021-03-10|2021-09-07_2021-10-06|2021-12-06_2022-01-04|2022-09-02_2022-10-01|2022-12-01_2022-12-30|2023-01-30_2023-02-28|2023-07-29_2023-08-27|2023-09-27_2023-10-26|2024-01-25_2024-02-23|2024-06-23_2024-07-22|2024-08-22_2024-09-20|2025-07-18_2025-08-16|2026-01-14_2026-02-12
0.0,1,Core PPI m/m,Good,27,17,10,63.0,37.0,1.7,2018-07-25_2018-08-23|2018-08-24_2018-09-22|2018-12-22_2019-01-20|2019-02-20_2019-03-21|2019-04-21_2019-05-20|2019-09-18_2019-10-17|2019-11-17_2019-12-16|2019-12-17_2020-01-15|2020-02-15_2020-03-15|2020-06-14_2020-07-13|2020-11-11_2020-12-10|2021-10-07_2021-11-05|2022-03-06_2022-04-04|2022-07-04_2022-08-02|2022-11-01_2022-11-30|2023-03-01_2023-03-30|2023-03-31_2023-04-29|2023-06-29_2023-07-28|2023-11-26_2023-12-25|2024-05-24_2024-06-22|2024-07-23_2024-08-21|2024-12-20_2025-01-18|2025-02-18_2025-03-19|2025-05-19_2025-06-17|2025-06-18_2025-07-17|2025-08-17_2025-09-15|2025-11-15_2025-12-14
0.0,1,Core PPI m/m,Neutral,12,6,6,50.0,50.0,1.0,2018-09-23_2018-10-22|2019-05-21_2019-06-19|2020-05-15_2020-06-13|2022-10-02_2022-10-31|2022-12-31_2023-01-29|2023-04-30_2023-05-29|2023-05-30_2023-06-28|2023-08-28_2023-09-26|2024-03-25_2024-04-23|2024-09-21_2024-10-20|2024-10-21_2024-11-19|2024-11-20_2024-12-19
0.1,1,Core PPI m/m,Bad,14,11,3,78.6,21.4,3.67,2018-01-26_2018-02-24|2018-10-23_2018-11-21|2020-03-16_2020-04-14|2020-07-14_2020-08-12|2020-10-12_2020-11-10|2021-02-09_2021-03-10|2021-12-06_2022-01-04|2022-09-02_2022-10-01|2022-12-01_2022-12-30|2023-01-30_2023-02-28|2024-01-25_2024-02-23|2024-06-23_2024-07-22|2025-07-18_2025-08-16|2026-01-14_2026-02-12
0.1,1,Core PPI m/m,Neutral,30,20,10,66.7,33.3,2.0,2018-03-27_2018-04-25|2018-06-25_2018-07-24|2018-07-25_2018-08-23|2018-09-23_2018-10-22|2019-01-21_2019-02-19|2019-02-20_2019-03-21|2019-03-22_2019-04-20|2019-04-21_2019-05-20|2019-05-21_2019-06-19|2019-08-19_2019-09-17|2019-12-17_2020-01-15|2020-02-15_2020-03-15|2020-05-15_2020-06-13|2020-11-11_2020-12-10|2021-09-07_2021-10-06|2022-07-04_2022-08-02|2022-10-02_2022-10-31|2022-12-31_2023-01-29|2023-04-30_2023-05-29|2023-05-30_2023-06-28|2023-06-29_2023-07-28|2023-07-29_2023-08-27|2023-08-28_2023-09-26|2023-09-27_2023-10-26|2024-03-25_2024-04-23|2024-08-22_2024-09-20|2024-09-21_2024-10-20|2024-10-21_2024-11-19|2024-11-20_2024-12-19|2025-11-15_2025-12-14
0.1,1,Core PPI m/m,Good,18,9,9,50.0,50.0,1.0,2018-08-24_2018-09-22|2018-12-22_2019-01-20|2019-09-18_2019-10-17|2019-11-17_2019-12-16|2020-06-14_2020-07-13|2021-10-07_2021-11-05|2022-03-06_2022-04-04|2022-11-01_2022-11-30|2023-03-01_2023-03-30|2023-03-31_2023-04-29|2023-11-26_2023-12-25|2024-05-24_2024-06-22|2024-07-23_2024-08-21|2024-12-20_2025-01-18|2025-02-18_2025-03-19|2025-05-19_2025-06-17|2025-06-18_2025-07-17|2025-08-17_2025-09-15
0.2,1,Core PPI m/m,Neutral,43,30,13,69.8,30.2,2.31,2018-01-26_2018-02-24|2018-03-27_2018-04-25|2018-06-25_2018-07-24|2018-07-25_2018-08-23|2018-09-23_2018-10-22|2019-01-21_2019-02-19|2019-02-20_2019-03-21|2019-03-22_2019-04-20|2019-04-21_2019-05-20|2019-05-21_2019-06-19|2019-08-19_2019-09-17|2019-12-17_2020-01-15|2020-02-15_2020-03-15|2020-03-16_2020-04-14|2020-05-15_2020-06-13|2020-10-12_2020-11-10|2020-11-11_2020-12-10|2021-09-07_2021-10-06|2022-07-04_2022-08-02|2022-09-02_2022-10-01|2022-10-02_2022-10-31|2022-12-01_2022-12-30|2022-12-31_2023-01-29|2023-01-30_2023-02-28|2023-04-30_2023-05-29|2023-05-30_2023-06-28|2023-06-29_2023-07-28|2023-07-29_2023-08-27|2023-08-28_2023-09-26|2023-09-27_2023-10-26|2023-11-26_2023-12-25|2024-03-25_2024-04-23|2024-06-23_2024-07-22|2024-07-23_2024-08-21|2024-08-22_2024-09-20|2024-09-21_2024-10-20|2024-10-21_2024-11-19|2024-11-20_2024-12-19|2024-12-20_2025-01-18|2025-05-19_2025-06-17|2025-06-18_2025-07-17|2025-11-15_2025-12-14|2026-01-14_2026-02-12
0.2,1,Core PPI m/m,Good,13,6,7,46.2,53.8,0.86,2018-08-24_2018-09-22|2018-12-22_2019-01-20|2019-09-18_2019-10-17|2019-11-17_2019-12-16|2020-06-14_2020-07-13|2021-10-07_2021-11-05|2022-03-06_2022-04-04|2022-11-01_2022-11-30|2023-03-01_2023-03-30|2023-03-31_2023-04-29|2024-05-24_2024-06-22|2025-02-18_2025-03-19|2025-08-17_2025-09-15
0.2,1,Core PPI m/m,Bad,6,4,2,66.7,33.3,2.0,2018-10-23_2018-11-21|2020-07-14_2020-08-12|2021-02-09_2021-03-10|2021-12-06_2022-01-04|2024-01-25_2024-02-23|2025-07-18_2025-08-16
0.3,1,Core PPI m/m,Neutral,48,32,16,66.7,33.3,2.0,2018-01-26_2018-02-24|2018-03-27_2018-04-25|2018-06-25_2018-07-24|2018-07-25_2018-08-23|2018-09-23_2018-10-22|2018-10-23_2018-11-21|2019-01-21_2019-02-19|2019-02-20_2019-03-21|2019-03-22_2019-04-20|2019-04-21_2019-05-20|2019-05-21_2019-06-19|2019-08-19_2019-09-17|2019-12-17_2020-01-15|2020-02-15_2020-03-15|2020-03-16_2020-04-14|2020-05-15_2020-06-13|2020-10-12_2020-11-10|2020-11-11_2020-12-10|2021-09-07_2021-10-06|2021-10-07_2021-11-05|2021-12-06_2022-01-04|2022-07-04_2022-08-02|2022-09-02_2022-10-01|2022-10-02_2022-10-31|2022-11-01_2022-11-30|2022-12-01_2022-12-30|2022-12-31_2023-01-29|2023-01-30_2023-02-28|2023-04-30_2023-05-29|2023-05-30_2023-06-28|2023-06-29_2023-07-28|2023-07-29_2023-08-27|2023-08-28_2023-09-26|2023-09-27_2023-10-26|2023-11-26_2023-12-25|2024-03-25_2024-04-23|2024-05-24_2024-06-22|2024-06-23_2024-07-22|2024-07-23_2024-08-21|2024-08-22_2024-09-20|2024-09-21_2024-10-20|2024-10-21_2024-11-19|2024-11-20_2024-12-19|2024-12-20_2025-01-18|2025-05-19_2025-06-17|2025-06-18_2025-07-17|2025-11-15_2025-12-14|2026-01-14_2026-02-12
0.3,1,Core PPI m/m,Good,10,5,5,50.0,50.0,1.0,2018-08-24_2018-09-22|2018-12-22_2019-01-20|2019-09-18_2019-10-17|2019-11-17_2019-12-16|2020-06-14_2020-07-13|2022-03-06_2022-04-04|2023-03-01_2023-03-30|2023-03-31_2023-04-29|2025-02-18_2025-03-19|2025-08-17_2025-09-15
0.3,1,Core PPI m/m,Bad,4,3,1,75.0,25.0,3.0,2020-07-14_2020-08-12|2021-02-09_2021-03-10|2024-01-25_2024-02-23|2025-07-18_2025-08-16
0.0,1,FOMC,Neutral,10,6,4,60.0,40.0,1.5,2023-03-01_2023-03-30|2023-04-30_2023-05-29|2023-05-30_2023-06-28|2023-06-29_2023-07-28|2023-08-28_2023-09-26|2023-11-26_2023-12-25|2024-05-24_2024-06-22|2024-07-23_2024-08-21|2024-10-21_2024-11-19|2024-11-20_2024-12-19
0.0,1,FOMC,Good,1,1,0,100.0,0.0,inf,2024-08-22_2024-09-20
0.1,1,FOMC,Neutral,10,6,4,60.0,40.0,1.5,2023-03-01_2023-03-30|2023-04-30_2023-05-29|2023-05-30_2023-06-28|2023-06-29_2023-07-28|2023-08-28_2023-09-26|2023-11-26_2023-12-25|2024-05-24_2024-06-22|2024-07-23_2024-08-21|2024-10-21_2024-11-19|2024-11-20_2024-12-19
0.1,1,FOMC,Good,1,1,0,100.0,0.0,inf,2024-08-22_2024-09-20
0.2,1,FOMC,Neutral,10,6,4,60.0,40.0,1.5,2023-03-01_2023-03-30|2023-04-30_2023-05-29|2023-05-30_2023-06-28|2023-06-29_2023-07-28|2023-08-28_2023-09-26|2023-11-26_2023-12-25|2024-05-24_2024-06-22|2024-07-23_2024-08-21|2024-10-21_2024-11-19|2024-11-20_2024-12-19
0.2,1,FOMC,Good,1,1,0,100.0,0.0,inf,2024-08-22_2024-09-20
0.3,1,FOMC,Neutral,11,7,4,63.6,36.4,1.75,2023-03-01_2023-03-30|2023-04-30_2023-05-29|2023-05-30_2023-06-28|2023-06-29_2023-07-28|2023-08-28_2023-09-26|2023-11-26_2023-12-25|2024-05-24_2024-06-22|2024-07-23_2024-08-21|2024-08-22_2024-09-20|2024-10-21_2024-11-19|2024-11-20_2024-12-19
0.0,1,CPI y/y,Bad,19,13,6,68.4,31.6,2.17,2018-01-26_2018-02-24|2019-01-21_2019-02-19|2019-03-22_2019-04-20|2019-11-17_2019-12-16|2020-01-16_2020-02-14|2020-02-15_2020-03-15|2020-07-14_2020-08-12|2021-04-10_2021-05-09|2021-10-07_2021-11-05|2022-07-04_2022-08-02|2022-09-02_2022-10-01|2022-10-02_2022-10-31|2023-01-30_2023-02-28|2023-08-28_2023-09-26|2023-09-27_2023-10-26|2024-01-25_2024-02-23|2024-03-25_2024-04-23|2024-09-21_2024-10-20|2025-06-18_2025-07-17
0.0,1,CPI y/y,Neutral,19,12,7,63.2,36.8,1.71,2018-03-27_2018-04-25|2018-06-25_2018-07-24|2018-07-25_2018-08-23|2018-10-23_2018-11-21|2018-12-22_2019-01-20|2019-12-17_2020-01-15|2020-10-12_2020-11-10|2021-02-09_2021-03-10|2021-09-07_2021-10-06|2021-12-06_2022-01-04|2022-03-06_2022-04-04|2022-12-31_2023-01-29|2023-03-01_2023-03-30|2023-11-26_2023-12-25|2024-08-22_2024-09-20|2024-10-21_2024-11-19|2024-11-20_2024-12-19|2024-12-20_2025-01-18|2025-08-17_2025-09-15
0.0,1,CPI y/y,Good,24,16,8,66.7,33.3,2.0,2018-08-24_2018-09-22|2018-09-23_2018-10-22|2019-02-20_2019-03-21|2019-04-21_2019-05-20|2019-05-21_2019-06-19|2019-08-19_2019-09-17|2019-09-18_2019-10-17|2020-03-16_2020-04-14|2020-05-15_2020-06-13|2020-11-11_2020-12-10|2022-11-01_2022-11-30|2022-12-01_2022-12-30|2023-03-31_2023-04-29|2023-04-30_2023-05-29|2023-05-30_2023-06-28|2023-06-29_2023-07-28|2023-07-29_2023-08-27|2024-05-24_2024-06-22|2024-06-23_2024-07-22|2024-07-23_2024-08-21|2025-02-18_2025-03-19|2025-05-19_2025-06-17|2025-07-18_2025-08-16|2025-12-15_2026-01-13
0.1,1,CPI y/y,Bad,16,11,5,68.8,31.2,2.2,2018-01-26_2018-02-24|2019-01-21_2019-02-19|2019-11-17_2019-12-16|2020-01-16_2020-02-14|2020-07-14_2020-08-12|2021-04-10_2021-05-09|2021-10-07_2021-11-05|2022-07-04_2022-08-02|2022-09-02_2022-10-01|2023-01-30_2023-02-28|2023-08-28_2023-09-26|2023-09-27_2023-10-26|2024-01-25_2024-02-23|2024-03-25_2024-04-23|2024-09-21_2024-10-20|2025-06-18_2025-07-17
0.1,1,CPI y/y,Neutral,30,17,13,56.7,43.3,1.31,2018-03-27_2018-04-25|2018-06-25_2018-07-24|2018-07-25_2018-08-23|2018-08-24_2018-09-22|2018-10-23_2018-11-21|2018-12-22_2019-01-20|2019-03-22_2019-04-20|2019-05-21_2019-06-19|2019-12-17_2020-01-15|2020-02-15_2020-03-15|2020-10-12_2020-11-10|2020-11-11_2020-12-10|2021-02-09_2021-03-10|2021-09-07_2021-10-06|2021-12-06_2022-01-04|2022-03-06_2022-04-04|2022-10-02_2022-10-31|2022-12-31_2023-01-29|2023-03-01_2023-03-30|2023-03-31_2023-04-29|2023-04-30_2023-05-29|2023-05-30_2023-06-28|2023-07-29_2023-08-27|2023-11-26_2023-12-25|2024-08-22_2024-09-20|2024-10-21_2024-11-19|2024-11-20_2024-12-19|2024-12-20_2025-01-18|2025-07-18_2025-08-16|2025-08-17_2025-09-15
0.1,1,CPI y/y,Good,16,13,3,81.2,18.8,4.33,2018-09-23_2018-10-22|2019-02-20_2019-03-21|2019-04-21_2019-05-20|2019-08-19_2019-09-17|2019-09-18_2019-10-17|2020-03-16_2020-04-14|2020-05-15_2020-06-13|2022-11-01_2022-11-30|2022-12-01_2022-12-30|2023-06-29_2023-07-28|2024-05-24_2024-06-22|2024-06-23_2024-07-22|2024-07-23_2024-08-21|2025-02-18_2025-03-19|2025-05-19_2025-06-17|2025-12-15_2026-01-13
0.2,1,CPI y/y,Bad,5,5,0,100.0,0.0,inf,2018-01-26_2018-02-24|2022-07-04_2022-08-02|2022-09-02_2022-10-01|2023-01-30_2023-02-28|2024-01-25_2024-02-23
0.2,1,CPI y/y,Neutral,55,34,21,61.8,38.2,1.62,2018-03-27_2018-04-25|2018-06-25_2018-07-24|2018-07-25_2018-08-23|2018-08-24_2018-09-22|2018-09-23_2018-10-22|2018-10-23_2018-11-21|2018-12-22_2019-01-20|2019-01-21_2019-02-19|2019-02-20_2019-03-21|2019-03-22_2019-04-20|2019-04-21_2019-05-20|2019-05-21_2019-06-19|2019-08-19_2019-09-17|2019-09-18_2019-10-17|2019-11-17_2019-12-16|2019-12-17_2020-01-15|2020-01-16_2020-02-14|2020-02-15_2020-03-15|2020-03-16_2020-04-14|2020-05-15_2020-06-13|2020-07-14_2020-08-12|2020-10-12_2020-11-10|2020-11-11_2020-12-10|2021-02-09_2021-03-10|2021-04-10_2021-05-09|2021-09-07_2021-10-06|2021-10-07_2021-11-05|2021-12-06_2022-01-04|2022-03-06_2022-04-04|2022-10-02_2022-10-31|2022-12-31_2023-01-29|2023-03-01_2023-03-30|2023-03-31_2023-04-29|2023-04-30_2023-05-29|2023-05-30_2023-06-28|2023-06-29_2023-07-28|2023-07-29_2023-08-27|2023-08-28_2023-09-26|2023-09-27_2023-10-26|2023-11-26_2023-12-25|2024-03-25_2024-04-23|2024-05-24_2024-06-22|2024-06-23_2024-07-22|2024-07-23_2024-08-21|2024-08-22_2024-09-20|2024-09-21_2024-10-20|2024-10-21_2024-11-19|2024-11-20_2024-12-19|2024-12-20_2025-01-18|2025-02-18_2025-03-19|2025-05-19_2025-06-17|2025-06-18_2025-07-17|2025-07-18_2025-08-16|2025-08-17_2025-09-15|2025-12-15_2026-01-13
0.2,1,CPI y/y,Good,2,2,0,100.0,0.0,inf,2022-11-01_2022-11-30|2022-12-01_2022-12-30
0.3,1,CPI y/y,Neutral,61,40,21,65.6,34.4,1.9,2018-01-26_2018-02-24|2018-03-27_2018-04-25|2018-06-25_2018-07-24|2018-07-25_2018-08-23|2018-08-24_2018-09-22|2018-09-23_2018-10-22|2018-10-23_2018-11-21|2018-12-22_2019-01-20|2019-01-21_2019-02-19|2019-02-20_2019-03-21|2019-03-22_2019-04-20|2019-04-21_2019-05-20|2019-05-21_2019-06-19|2019-08-19_2019-09-17|2019-09-18_2019-10-17|2019-11-17_2019-12-16|2019-12-17_2020-01-15|2020-01-16_2020-02-14|2020-02-15_2020-03-15|2020-03-16_2020-04-14|2020-05-15_2020-06-13|2020-07-14_2020-08-12|2020-10-12_2020-11-10|2020-11-11_2020-12-10|2021-02-09_2021-03-10|2021-04-10_2021-05-09|2021-09-07_2021-10-06|2021-10-07_2021-11-05|2021-12-06_2022-01-04|2022-03-06_2022-04-04|2022-09-02_2022-10-01|2022-10-02_2022-10-31|2022-11-01_2022-11-30|2022-12-01_2022-12-30|2022-12-31_2023-01-29|2023-01-30_2023-02-28|2023-03-01_2023-03-30|2023-03-31_2023-04-29|2023-04-30_2023-05-29|2023-05-30_2023-06-28|2023-06-29_2023-07-28|2023-07-29_2023-08-27|2023-08-28_2023-09-26|2023-09-27_2023-10-26|2023-11-26_2023-12-25|2024-01-25_2024-02-23|2024-03-25_2024-04-23|2024-05-24_2024-06-22|2024-06-23_2024-07-22|2024-07-23_2024-08-21|2024-08-22_2024-09-20|2024-09-21_2024-10-20|2024-10-21_2024-11-19|2024-11-20_2024-12-19|2024-12-20_2025-01-18|2025-02-18_2025-03-19|2025-05-19_2025-06-17|2025-06-18_2025-07-17|2025-07-18_2025-08-16|2025-08-17_2025-09-15|2025-12-15_2026-01-13
0.3,1,CPI y/y,Bad,1,1,0,100.0,0.0,inf,2022-07-04_2022-08-02
0.0,2,CPI m/m|Core CPI m/m,Bad|Bad,9,6,3,66.7,33.3,2.0,2018-01-26_2018-02-24|2020-07-14_2020-08-12|2021-04-10_2021-05-09|2022-07-04_2022-08-02|2022-09-02_2022-10-01|2022-10-02_2022-10-31|2024-01-25_2024-02-23|2024-03-25_2024-04-23|2024-09-21_2024-10-20
0.0,2,CPI m/m|Core CPI m/m,Good|Neutral,6,3,3,50.0,50.0,1.0,2018-03-27_2018-04-25|2018-06-25_2018-07-24|2019-01-21_2019-02-19|2020-01-16_2020-02-14|2023-03-31_2023-04-29|2023-05-30_2023-06-28
0.0,2,CPI m/m|Core CPI m/m,Neutral|Neutral,12,9,3,75.0,25.0,3.0,2018-07-25_2018-08-23|2018-10-23_2018-11-21|2018-12-22_2019-01-20|2020-10-12_2020-11-10|2022-03-06_2022-04-04|2022-12-31_2023-01-29|2023-01-30_2023-02-28|2023-07-29_2023-08-27|2024-07-23_2024-08-21|2024-10-21_2024-11-19|2024-11-20_2024-12-19|2025-07-18_2025-08-16
0.0,2,CPI m/m|Core CPI m/m,Good|Good,14,9,5,64.3,35.7,1.8,2018-08-24_2018-09-22|2018-09-23_2018-10-22|2019-04-21_2019-05-20|2019-09-18_2019-10-17|2020-03-16_2020-04-14|2020-05-15_2020-06-13|2021-09-07_2021-10-06|2022-11-01_2022-11-30|2022-12-01_2022-12-30|2023-06-29_2023-07-28|2024-05-24_2024-06-22|2024-06-23_2024-07-22|2025-02-18_2025-03-19|2025-05-19_2025-06-17
0.0,2,CPI m/m|Core CPI m/m,Neutral|Good,8,6,2,75.0,25.0,3.0,2019-02-20_2019-03-21|2019-05-21_2019-06-19|2019-12-17_2020-01-15|2020-11-11_2020-12-10|2021-02-09_2021-03-10|2024-12-20_2025-01-18|2025-06-18_2025-07-17|2025-12-15_2026-01-13
0.0,2,CPI m/m|Core CPI m/m,Bad|Good,1,1,0,100.0,0.0,inf,2019-03-22_2019-04-20
0.0,2,CPI m/m|Core CPI m/m,Neutral|Bad,5,4,1,80.0,20.0,4.0,2019-08-19_2019-09-17|2023-03-01_2023-03-30|2023-04-30_2023-05-29|2023-08-28_2023-09-26|2024-08-22_2024-09-20
0.0,2,CPI m/m|Core CPI m/m,Bad|Neutral,7,3,4,42.9,57.1,0.75,2019-11-17_2019-12-16|2020-02-15_2020-03-15|2021-10-07_2021-11-05|2021-12-06_2022-01-04|2023-09-27_2023-10-26|2023-11-26_2023-12-25|2025-08-17_2025-09-15
0.1,2,CPI m/m|Core CPI m/m,Bad|Neutral,6,3,3,50.0,50.0,1.0,2018-01-26_2018-02-24|2019-03-22_2019-04-20|2021-10-07_2021-11-05|2021-12-06_2022-01-04|2023-09-27_2023-10-26|2025-08-17_2025-09-15
0.1,2,CPI m/m|Core CPI m/m,Neutral|Neutral,41,28,13,68.3,31.7,2.15,2018-03-27_2018-04-25|2018-06-25_2018-07-24|2018-07-25_2018-08-23|2018-08-24_2018-09-22|2018-09-23_2018-10-22|2018-10-23_2018-11-21|2018-12-22_2019-01-20|2019-01-21_2019-02-19|2019-02-20_2019-03-21|2019-05-21_2019-06-19|2019-08-19_2019-09-17|2019-09-18_2019-10-17|2019-11-17_2019-12-16|2019-12-17_2020-01-15|2020-01-16_2020-02-14|2020-02-15_2020-03-15|2020-05-15_2020-06-13|2020-10-12_2020-11-10|2020-11-11_2020-12-10|2021-04-10_2021-05-09|2022-03-06_2022-04-04|2022-12-31_2023-01-29|2023-01-30_2023-02-28|2023-03-01_2023-03-30|2023-03-31_2023-04-29|2023-05-30_2023-06-28|2023-06-29_2023-07-28|2023-07-29_2023-08-27|2023-08-28_2023-09-26|2023-11-26_2023-12-25|2024-05-24_2024-06-22|2024-07-23_2024-08-21|2024-08-22_2024-09-20|2024-09-21_2024-10-20|2024-10-21_2024-11-19|2024-11-20_2024-12-19|2024-12-20_2025-01-18|2025-02-18_2025-03-19|2025-06-18_2025-07-17|2025-07-18_2025-08-16|2025-12-15_2026-01-13
0.1,2,CPI m/m|Core CPI m/m,Good|Neutral,3,3,0,100.0,0.0,inf,2019-04-21_2019-05-20|2022-12-01_2022-12-30|2024-06-23_2024-07-22
0.1,2,CPI m/m|Core CPI m/m,Good|Good,3,2,1,66.7,33.3,2.0,2020-03-16_2020-04-14|2021-09-07_2021-10-06|2022-11-01_2022-11-30
0.1,2,CPI m/m|Core CPI m/m,Bad|Bad,5,2,3,40.0,60.0,0.67,2020-07-14_2020-08-12|2022-07-04_2022-08-02|2022-09-02_2022-10-01|2022-10-02_2022-10-31|2024-03-25_2024-04-23
0.1,2,CPI m/m|Core CPI m/m,Neutral|Good,2,2,0,100.0,0.0,inf,2021-02-09_2021-03-10|2025-05-19_2025-06-17
0.1,2,CPI m/m|Core CPI m/m,Neutral|Bad,2,1,1,50.0,50.0,1.0,2023-04-30_2023-05-29|2024-01-25_2024-02-23
0.2,2,CPI m/m|Core CPI m/m,Neutral|Neutral,60,40,20,66.7,33.3,2.0,2018-01-26_2018-02-24|2018-03-27_2018-04-25|2018-06-25_2018-07-24|2018-07-25_2018-08-23|2018-08-24_2018-09-22|2018-09-23_2018-10-22|2018-10-23_2018-11-21|2018-12-22_2019-01-20|2019-01-21_2019-02-19|2019-02-20_2019-03-21|2019-03-22_2019-04-20|2019-04-21_2019-05-20|2019-05-21_2019-06-19|2019-08-19_2019-09-17|2019-09-18_2019-10-17|2019-11-17_2019-12-16|2019-12-17_2020-01-15|2020-01-16_2020-02-14|2020-02-15_2020-03-15|2020-03-16_2020-04-14|2020-05-15_2020-06-13|2020-10-12_2020-11-10|2020-11-11_2020-12-10|2021-02-09_2021-03-10|2021-04-10_2021-05-09|2021-09-07_2021-10-06|2021-10-07_2021-11-05|2021-12-06_2022-01-04|2022-03-06_2022-04-04|2022-07-04_2022-08-02|2022-10-02_2022-10-31|2022-11-01_2022-11-30|2022-12-01_2022-12-30|2022-12-31_2023-01-29|2023-01-30_2023-02-28|2023-03-01_2023-03-30|2023-03-31_2023-04-29|2023-04-30_2023-05-29|2023-05-30_2023-06-28|2023-06-29_2023-07-28|2023-07-29_2023-08-27|2023-08-28_2023-09-26|2023-09-27_2023-10-26|2023-11-26_2023-12-25|2024-01-25_2024-02-23|2024-03-25_2024-04-23|2024-05-24_2024-06-22|2024-06-23_2024-07-22|2024-07-23_2024-08-21|2024-08-22_2024-09-20|2024-09-21_2024-10-20|2024-10-21_2024-11-19|2024-11-20_2024-12-19|2024-12-20_2025-01-18|2025-02-18_2025-03-19|2025-05-19_2025-06-17|2025-06-18_2025-07-17|2025-07-18_2025-08-16|2025-08-17_2025-09-15|2025-12-15_2026-01-13
0.2,2,CPI m/m|Core CPI m/m,Neutral|Bad,2,1,1,50.0,50.0,1.0,2020-07-14_2020-08-12|2022-09-02_2022-10-01
0.3,2,CPI m/m|Core CPI m/m,Neutral|Neutral,62,41,21,66.1,33.9,1.95,2018-01-26_2018-02-24|2018-03-27_2018-04-25|2018-06-25_2018-07-24|2018-07-25_2018-08-23|2018-08-24_2018-09-22|2018-09-23_2018-10-22|2018-10-23_2018-11-21|2018-12-22_2019-01-20|2019-01-21_2019-02-19|2019-02-20_2019-03-21|2019-03-22_2019-04-20|2019-04-21_2019-05-20|2019-05-21_2019-06-19|2019-08-19_2019-09-17|2019-09-18_2019-10-17|2019-11-17_2019-12-16|2019-12-17_2020-01-15|2020-01-16_2020-02-14|2020-02-15_2020-03-15|2020-03-16_2020-04-14|2020-05-15_2020-06-13|2020-07-14_2020-08-12|2020-10-12_2020-11-10|2020-11-11_2020-12-10|2021-02-09_2021-03-10|2021-04-10_2021-05-09|2021-09-07_2021-10-06|2021-10-07_2021-11-05|2021-12-06_2022-01-04|2022-03-06_2022-04-04|2022-07-04_2022-08-02|2022-09-02_2022-10-01|2022-10-02_2022-10-31|2022-11-01_2022-11-30|2022-12-01_2022-12-30|2022-12-31_2023-01-29|2023-01-30_2023-02-28|2023-03-01_2023-03-30|2023-03-31_2023-04-29|2023-04-30_2023-05-29|2023-05-30_2023-06-28|2023-06-29_2023-07-28|2023-07-29_2023-08-27|2023-08-28_2023-09-26|2023-09-27_2023-10-26|2023-11-26_2023-12-25|2024-01-25_2024-02-23|2024-03-25_2024-04-23|2024-05-24_2024-06-22|2024-06-23_2024-07-22|2024-07-23_2024-08-21|2024-08-22_2024-09-20|2024-09-21_2024-10-20|2024-10-21_2024-11-19|2024-11-20_2024-12-19|2024-12-20_2025-01-18|2025-02-18_2025-03-19|2025-05-19_2025-06-17|2025-06-18_2025-07-17|2025-07-18_2025-08-16|2025-08-17_2025-09-15|2025-12-15_2026-01-13
0.0,2,CPI m/m|PPI m/m,Bad|Neutral,3,3,0,100.0,0.0,inf,2018-01-26_2018-02-24|2022-09-02_2022-10-01|2023-11-26_2023-12-25
0.0,2,CPI m/m|PPI m/m,Good|Bad,7,5,2,71.4,28.6,2.5,2018-03-27_2018-04-25|2018-06-25_2018-07-24|2020-03-16_2020-04-14|2020-05-15_2020-06-13|2021-09-07_2021-10-06|2022-12-01_2022-12-30|2024-06-23_2024-07-22
0.0,2,CPI m/m|PPI m/m,Neutral|Good,11,8,3,72.7,27.3,2.67,2018-07-25_2018-08-23|2018-12-22_2019-01-20|2019-02-20_2019-03-21|2019-12-17_2020-01-15|2022-03-06_2022-04-04|2022-12-31_2023-01-29|2023-03-01_2023-03-30|2023-04-30_2023-05-29|2024-07-23_2024-08-21|2024-12-20_2025-01-18|2025-06-18_2025-07-17
0.0,2,CPI m/m|PPI m/m,Good|Good,10,5,5,50.0,50.0,1.0,2018-08-24_2018-09-22|2019-01-21_2019-02-19|2019-09-18_2019-10-17|2022-11-01_2022-11-30|2023-03-31_2023-04-29|2023-05-30_2023-06-28|2023-06-29_2023-07-28|2024-05-24_2024-06-22|2025-02-18_2025-03-19|2025-05-19_2025-06-17
0.0,2,CPI m/m|PPI m/m,Good|Neutral,2,1,1,50.0,50.0,1.0,2018-09-23_2018-10-22|2019-04-21_2019-05-20
0.0,2,CPI m/m|PPI m/m,Neutral|Bad,11,8,3,72.7,27.3,2.67,2018-10-23_2018-11-21|2019-08-19_2019-09-17|2020-10-12_2020-11-10|2020-11-11_2020-12-10|2021-02-09_2021-03-10|2023-01-30_2023-02-28|2023-07-29_2023-08-27|2023-08-28_2023-09-26|2024-08-22_2024-09-20|2024-11-20_2024-12-19|2025-07-18_2025-08-16
0.0,2,CPI m/m|PPI m/m,Bad|Bad,7,4,3,57.1,42.9,1.33,2019-03-22_2019-04-20|2020-07-14_2020-08-12|2021-12-06_2022-01-04|2022-07-04_2022-08-02|2022-10-02_2022-10-31|2023-09-27_2023-10-26|2024-01-25_2024-02-23
0.0,2,CPI m/m|PPI m/m,Neutral|Neutral,2,2,0,100.0,0.0,inf,2019-05-21_2019-06-19|2024-10-21_2024-11-19
0.0,2,CPI m/m|PPI m/m,Bad|Good,6,2,4,33.3,66.7,0.5,2019-11-17_2019-12-16|2020-02-15_2020-03-15|2021-10-07_2021-11-05|2024-03-25_2024-04-23|2024-09-21_2024-10-20|2025-08-17_2025-09-15
0.1,2,CPI m/m|PPI m/m,Bad|Neutral,4,2,2,50.0,50.0,1.0,2018-01-26_2018-02-24|2021-10-07_2021-11-05|2022-09-02_2022-10-01|2024-03-25_2024-04-23
0.1,2,CPI m/m|PPI m/m,Neutral|Bad,10,8,2,80.0,20.0,4.0,2018-03-27_2018-04-25|2018-10-23_2018-11-21|2020-05-15_2020-06-13|2020-10-12_2020-11-10|2021-02-09_2021-03-10|2023-01-30_2023-02-28|2023-08-28_2023-09-26|2024-01-25_2024-02-23|2024-11-20_2024-12-19|2025-07-18_2025-08-16
0.1,2,CPI m/m|PPI m/m,Neutral|Neutral,18,14,4,77.8,22.2,3.5,2018-06-25_2018-07-24|2018-09-23_2018-10-22|2018-12-22_2019-01-20|2019-02-20_2019-03-21|2019-05-21_2019-06-19|2019-08-19_2019-09-17|2019-12-17_2020-01-15|2020-02-15_2020-03-15|2020-11-11_2020-12-10|2023-04-30_2023-05-29|2023-06-29_2023-07-28|2023-07-29_2023-08-27|2023-11-26_2023-12-25|2024-07-23_2024-08-21|2024-08-22_2024-09-20|2024-09-21_2024-10-20|2024-10-21_2024-11-19|2025-05-19_2025-06-17
0.1,2,CPI m/m|PPI m/m,Neutral|Good,14,6,8,42.9,57.1,0.75,2018-07-25_2018-08-23|2018-08-24_2018-09-22|2019-01-21_2019-02-19|2019-09-18_2019-10-17|2019-11-17_2019-12-16|2022-03-06_2022-04-04|2022-12-31_2023-01-29|2023-03-01_2023-03-30|2023-03-31_2023-04-29|2023-05-30_2023-06-28|2024-05-24_2024-06-22|2024-12-20_2025-01-18|2025-02-18_2025-03-19|2025-06-18_2025-07-17
0.1,2,CPI m/m|PPI m/m,Bad|Bad,6,3,3,50.0,50.0,1.0,2019-03-22_2019-04-20|2020-07-14_2020-08-12|2021-12-06_2022-01-04|2022-07-04_2022-08-02|2022-10-02_2022-10-31|2023-09-27_2023-10-26
0.1,2,CPI m/m|PPI m/m,Good|Neutral,5,4,1,80.0,20.0,4.0,2019-04-21_2019-05-20|2020-03-16_2020-04-14|2021-09-07_2021-10-06|2022-12-01_2022-12-30|2024-06-23_2024-07-22
0.1,2,CPI m/m|PPI m/m,Good|Good,1,1,0,100.0,0.0,inf,2022-11-01_2022-11-30
0.1,2,CPI m/m|PPI m/m,Bad|Good,1,0,1,0.0,100.0,0.0,2025-08-17_2025-09-15
0.2,2,CPI m/m|PPI m/m,Neutral|Neutral,41,27,14,65.9,34.1,1.93,2018-01-26_2018-02-24|2018-03-27_2018-04-25|2018-06-25_2018-07-24|2018-07-25_2018-08-23|2018-09-23_2018-10-22|2018-12-22_2019-01-20|2019-01-21_2019-02-19|2019-02-20_2019-03-21|2019-04-21_2019-05-20|2019-05-21_2019-06-19|2019-08-19_2019-09-17|2019-11-17_2019-12-16|2019-12-17_2020-01-15|2020-02-15_2020-03-15|2020-03-16_2020-04-14|2020-10-12_2020-11-10|2020-11-11_2020-12-10|2021-09-07_2021-10-06|2021-10-07_2021-11-05|2022-03-06_2022-04-04|2022-09-02_2022-10-01|2022-10-02_2022-10-31|2022-11-01_2022-11-30|2022-12-01_2022-12-30|2023-04-30_2023-05-29|2023-05-30_2023-06-28|2023-06-29_2023-07-28|2023-07-29_2023-08-27|2023-09-27_2023-10-26|2023-11-26_2023-12-25|2024-01-25_2024-02-23|2024-03-25_2024-04-23|2024-06-23_2024-07-22|2024-07-23_2024-08-21|2024-08-22_2024-09-20|2024-09-21_2024-10-20|2024-10-21_2024-11-19|2024-11-20_2024-12-19|2024-12-20_2025-01-18|2025-05-19_2025-06-17|2025-06-18_2025-07-17
0.2,2,CPI m/m|PPI m/m,Neutral|Good,8,3,5,37.5,62.5,0.6,2018-08-24_2018-09-22|2019-09-18_2019-10-17|2022-12-31_2023-01-29|2023-03-01_2023-03-30|2023-03-31_2023-04-29|2024-05-24_2024-06-22|2025-02-18_2025-03-19|2025-08-17_2025-09-15
0.2,2,CPI m/m|PPI m/m,Neutral|Bad,10,8,2,80.0,20.0,4.0,2018-10-23_2018-11-21|2019-03-22_2019-04-20|2020-05-15_2020-06-13|2020-07-14_2020-08-12|2021-02-09_2021-03-10|2021-12-06_2022-01-04|2022-07-04_2022-08-02|2023-01-30_2023-02-28|2023-08-28_2023-09-26|2025-07-18_2025-08-16
0.3,2,CPI m/m|PPI m/m,Neutral|Neutral,46,31,15,67.4,32.6,2.07,2018-01-26_2018-02-24|2018-03-27_2018-04-25|2018-06-25_2018-07-24|2018-07-25_2018-08-23|2018-09-23_2018-10-22|2018-12-22_2019-01-20|2019-01-21_2019-02-19|2019-02-20_2019-03-21|2019-03-22_2019-04-20|2019-04-21_2019-05-20|2019-05-21_2019-06-19|2019-08-19_2019-09-17|2019-11-17_2019-12-16|2019-12-17_2020-01-15|2020-02-15_2020-03-15|2020-03-16_2020-04-14|2020-07-14_2020-08-12|2020-10-12_2020-11-10|2020-11-11_2020-12-10|2021-09-07_2021-10-06|2021-10-07_2021-11-05|2022-03-06_2022-04-04|2022-09-02_2022-10-01|2022-10-02_2022-10-31|2022-11-01_2022-11-30|2022-12-01_2022-12-30|2023-01-30_2023-02-28|2023-04-30_2023-05-29|2023-05-30_2023-06-28|2023-06-29_2023-07-28|2023-07-29_2023-08-27|2023-08-28_2023-09-26|2023-09-27_2023-10-26|2023-11-26_2023-12-25|2024-01-25_2024-02-23|2024-03-25_2024-04-23|2024-06-23_2024-07-22|2024-07-23_2024-08-21|2024-08-22_2024-09-20|2024-09-21_2024-10-20|2024-10-21_2024-11-19|2024-11-20_2024-12-19|2024-12-20_2025-01-18|2025-02-18_2025-03-19|2025-05-19_2025-06-17|2025-06-18_2025-07-17
0.3,2,CPI m/m|PPI m/m,Neutral|Good,7,2,5,28.6,71.4,0.4,2018-08-24_2018-09-22|2019-09-18_2019-10-17|2022-12-31_2023-01-29|2023-03-01_2023-03-30|2023-03-31_2023-04-29|2024-05-24_2024-06-22|2025-08-17_2025-09-15
0.3,2,CPI m/m|PPI m/m,Neutral|Bad,6,5,1,83.3,16.7,5.0,2018-10-23_2018-11-21|2020-05-15_2020-06-13|2021-02-09_2021-03-10|2021-12-06_2022-01-04|2022-07-04_2022-08-02|2025-07-18_2025-08-16
0.0,2,CPI m/m|Core PPI m/m,Bad|Bad,7,5,2,71.4,28.6,2.5,2018-01-26_2018-02-24|2019-03-22_2019-04-20|2020-07-14_2020-08-12|2021-12-06_2022-01-04|2022-09-02_2022-10-01|2023-09-27_2023-10-26|2024-01-25_2024-02-23
0.0,2,CPI m/m|Core PPI m/m,Good|Bad,7,5,2,71.4,28.6,2.5,2018-03-27_2018-04-25|2018-06-25_2018-07-24|2019-01-21_2019-02-19|2020-03-16_2020-04-14|2021-09-07_2021-10-06|2022-12-01_2022-12-30|2024-06-23_2024-07-22
0.0,2,CPI m/m|Core PPI m/m,Neutral|Good,10,8,2,80.0,20.0,4.0,2018-07-25_2018-08-23|2018-12-22_2019-01-20|2019-02-20_2019-03-21|2019-12-17_2020-01-15|2020-11-11_2020-12-10|2022-03-06_2022-04-04|2023-03-01_2023-03-30|2024-07-23_2024-08-21|2024-12-20_2025-01-18|2025-06-18_2025-07-17
0.0,2,CPI m/m|Core PPI m/m,Good|Good,9,5,4,55.6,44.4,1.25,2018-08-24_2018-09-22|2019-04-21_2019-05-20|2019-09-18_2019-10-17|2022-11-01_2022-11-30|2023-03-31_2023-04-29|2023-06-29_2023-07-28|2024-05-24_2024-06-22|2025-02-18_2025-03-19|2025-05-19_2025-06-17
0.0,2,CPI m/m|Core PPI m/m,Good|Neutral,3,1,2,33.3,66.7,0.5,2018-09-23_2018-10-22|2020-05-15_2020-06-13|2023-05-30_2023-06-28
0.0,2,CPI m/m|Core PPI m/m,Neutral|Bad,8,6,2,75.0,25.0,3.0,2018-10-23_2018-11-21|2019-08-19_2019-09-17|2020-10-12_2020-11-10|2021-02-09_2021-03-10|2023-01-30_2023-02-28|2023-07-29_2023-08-27|2024-08-22_2024-09-20|2025-07-18_2025-08-16
0.0,2,CPI m/m|Core PPI m/m,Neutral|Neutral,6,4,2,66.7,33.3,2.0,2019-05-21_2019-06-19|2022-12-31_2023-01-29|2023-04-30_2023-05-29|2023-08-28_2023-09-26|2024-10-21_2024-11-19|2024-11-20_2024-12-19
0.0,2,CPI m/m|Core PPI m/m,Bad|Good,6,3,3,50.0,50.0,1.0,2019-11-17_2019-12-16|2020-02-15_2020-03-15|2021-10-07_2021-11-05|2022-07-04_2022-08-02|2023-11-26_2023-12-25|2025-08-17_2025-09-15
0.0,2,CPI m/m|Core PPI m/m,Bad|Neutral,3,1,2,33.3,66.7,0.5,2022-10-02_2022-10-31|2024-03-25_2024-04-23|2024-09-21_2024-10-20
0.1,2,CPI m/m|Core PPI m/m,Bad|Bad,4,2,2,50.0,50.0,1.0,2018-01-26_2018-02-24|2020-07-14_2020-08-12|2021-12-06_2022-01-04|2022-09-02_2022-10-01
0.1,2,CPI m/m|Core PPI m/m,Neutral|Neutral,22,16,6,72.7,27.3,2.67,2018-03-27_2018-04-25|2018-06-25_2018-07-24|2018-07-25_2018-08-23|2018-09-23_2018-10-22|2019-01-21_2019-02-19|2019-02-20_2019-03-21|2019-05-21_2019-06-19|2019-08-19_2019-09-17|2019-12-17_2020-01-15|2020-02-15_2020-03-15|2020-05-15_2020-06-13|2020-11-11_2020-12-10|2022-12-31_2023-01-29|2023-04-30_2023-05-29|2023-05-30_2023-06-28|2023-06-29_2023-07-28|2023-07-29_2023-08-27|2023-08-28_2023-09-26|2024-08-22_2024-09-20|2024-09-21_2024-10-20|2024-10-21_2024-11-19|2024-11-20_2024-12-19
0.1,2,CPI m/m|Core PPI m/m,Neutral|Good,14,7,7,50.0,50.0,1.0,2018-08-24_2018-09-22|2018-12-22_2019-01-20|2019-09-18_2019-10-17|2019-11-17_2019-12-16|2022-03-06_2022-04-04|2023-03-01_2023-03-30|2023-03-31_2023-04-29|2023-11-26_2023-12-25|2024-05-24_2024-06-22|2024-07-23_2024-08-21|2024-12-20_2025-01-18|2025-02-18_2025-03-19|2025-05-19_2025-06-17|2025-06-18_2025-07-17
0.1,2,CPI m/m|Core PPI m/m,Neutral|Bad,6,5,1,83.3,16.7,5.0,2018-10-23_2018-11-21|2020-10-12_2020-11-10|2021-02-09_2021-03-10|2023-01-30_2023-02-28|2024-01-25_2024-02-23|2025-07-18_2025-08-16
0.1,2,CPI m/m|Core PPI m/m,Bad|Neutral,5,3,2,60.0,40.0,1.5,2019-03-22_2019-04-20|2022-07-04_2022-08-02|2022-10-02_2022-10-31|2023-09-27_2023-10-26|2024-03-25_2024-04-23
0.1,2,CPI m/m|Core PPI m/m,Good|Neutral,2,1,1,50.0,50.0,1.0,2019-04-21_2019-05-20|2021-09-07_2021-10-06
0.1,2,CPI m/m|Core PPI m/m,Good|Bad,3,3,0,100.0,0.0,inf,2020-03-16_2020-04-14|2022-12-01_2022-12-30|2024-06-23_2024-07-22
0.1,2,CPI m/m|Core PPI m/m,Bad|Good,2,0,2,0.0,100.0,0.0,2021-10-07_2021-11-05|2025-08-17_2025-09-15
0.1,2,CPI m/m|Core PPI m/m,Good|Good,1,1,0,100.0,0.0,inf,2022-11-01_2022-11-30
0.2,2,CPI m/m|Core PPI m/m,Neutral|Neutral,41,29,12,70.7,29.3,2.42,2018-01-26_2018-02-24|2018-03-27_2018-04-25|2018-06-25_2018-07-24|2018-07-25_2018-08-23|2018-09-23_2018-10-22|2019-01-21_2019-02-19|2019-02-20_2019-03-21|2019-03-22_2019-04-20|2019-04-21_2019-05-20|2019-05-21_2019-06-19|2019-08-19_2019-09-17|2019-12-17_2020-01-15|2020-02-15_2020-03-15|2020-03-16_2020-04-14|2020-05-15_2020-06-13|2020-10-12_2020-11-10|2020-11-11_2020-12-10|2021-09-07_2021-10-06|2022-07-04_2022-08-02|2022-09-02_2022-10-01|2022-10-02_2022-10-31|2022-12-01_2022-12-30|2022-12-31_2023-01-29|2023-01-30_2023-02-28|2023-04-30_2023-05-29|2023-05-30_2023-06-28|2023-06-29_2023-07-28|2023-07-29_2023-08-27|2023-08-28_2023-09-26|2023-09-27_2023-10-26|2023-11-26_2023-12-25|2024-03-25_2024-04-23|2024-06-23_2024-07-22|2024-07-23_2024-08-21|2024-08-22_2024-09-20|2024-09-21_2024-10-20|2024-10-21_2024-11-19|2024-11-20_2024-12-19|2024-12-20_2025-01-18|2025-05-19_2025-06-17|2025-06-18_2025-07-17
0.2,2,CPI m/m|Core PPI m/m,Neutral|Good,12,5,7,41.7,58.3,0.71,2018-08-24_2018-09-22|2018-12-22_2019-01-20|2019-09-18_2019-10-17|2019-11-17_2019-12-16|2021-10-07_2021-11-05|2022-03-06_2022-04-04|2022-11-01_2022-11-30|2023-03-01_2023-03-30|2023-03-31_2023-04-29|2024-05-24_2024-06-22|2025-02-18_2025-03-19|2025-08-17_2025-09-15
0.2,2,CPI m/m|Core PPI m/m,Neutral|Bad,6,4,2,66.7,33.3,2.0,2018-10-23_2018-11-21|2020-07-14_2020-08-12|2021-02-09_2021-03-10|2021-12-06_2022-01-04|2024-01-25_2024-02-23|2025-07-18_2025-08-16
0.3,2,CPI m/m|Core PPI m/m,Neutral|Neutral,46,31,15,67.4,32.6,2.07,2018-01-26_2018-02-24|2018-03-27_2018-04-25|2018-06-25_2018-07-24|2018-07-25_2018-08-23|2018-09-23_2018-10-22|2018-10-23_2018-11-21|2019-01-21_2019-02-19|2019-02-20_2019-03-21|2019-03-22_2019-04-20|2019-04-21_2019-05-20|2019-05-21_2019-06-19|2019-08-19_2019-09-17|2019-12-17_2020-01-15|2020-02-15_2020-03-15|2020-03-16_2020-04-14|2020-05-15_2020-06-13|2020-10-12_2020-11-10|2020-11-11_2020-12-10|2021-09-07_2021-10-06|2021-10-07_2021-11-05|2021-12-06_2022-01-04|2022-07-04_2022-08-02|2022-09-02_2022-10-01|2022-10-02_2022-10-31|2022-11-01_2022-11-30|2022-12-01_2022-12-30|2022-12-31_2023-01-29|2023-01-30_2023-02-28|2023-04-30_2023-05-29|2023-05-30_2023-06-28|2023-06-29_2023-07-28|2023-07-29_2023-08-27|2023-08-28_2023-09-26|2023-09-27_2023-10-26|2023-11-26_2023-12-25|2024-03-25_2024-04-23|2024-05-24_2024-06-22|2024-06-23_2024-07-22|2024-07-23_2024-08-21|2024-08-22_2024-09-20|2024-09-21_2024-10-20|2024-10-21_2024-11-19|2024-11-20_2024-12-19|2024-12-20_2025-01-18|2025-05-19_2025-06-17|2025-06-18_2025-07-17
0.3,2,CPI m/m|Core PPI m/m,Neutral|Good,9,4,5,44.4,55.6,0.8,2018-08-24_2018-09-22|2018-12-22_2019-01-20|2019-09-18_2019-10-17|2019-11-17_2019-12-16|2022-03-06_2022-04-04|2023-03-01_2023-03-30|2023-03-31_2023-04-29|2025-02-18_2025-03-19|2025-08-17_2025-09-15
0.3,2,CPI m/m|Core PPI m/m,Neutral|Bad,4,3,1,75.0,25.0,3.0,2020-07-14_2020-08-12|2021-02-09_2021-03-10|2024-01-25_2024-02-23|2025-07-18_2025-08-16
0.0,2,CPI m/m|FOMC,Neutral|Neutral,6,4,2,66.7,33.3,2.0,2023-03-01_2023-03-30|2023-04-30_2023-05-29|2023-08-28_2023-09-26|2024-07-23_2024-08-21|2024-10-21_2024-11-19|2024-11-20_2024-12-19
0.0,2,CPI m/m|FOMC,Good|Neutral,3,1,2,33.3,66.7,0.5,2023-05-30_2023-06-28|2023-06-29_2023-07-28|2024-05-24_2024-06-22
0.0,2,CPI m/m|FOMC,Bad|Neutral,1,1,0,100.0,0.0,inf,2023-11-26_2023-12-25
0.0,2,CPI m/m|FOMC,Neutral|Good,1,1,0,100.0,0.0,inf,2024-08-22_2024-09-20
0.1,2,CPI m/m|FOMC,Neutral|Neutral,10,6,4,60.0,40.0,1.5,2023-03-01_2023-03-30|2023-04-30_2023-05-29|2023-05-30_2023-06-28|2023-06-29_2023-07-28|2023-08-28_2023-09-26|2023-11-26_2023-12-25|2024-05-24_2024-06-22|2024-07-23_2024-08-21|2024-10-21_2024-11-19|2024-11-20_2024-12-19
0.1,2,CPI m/m|FOMC,Neutral|Good,1,1,0,100.0,0.0,inf,2024-08-22_2024-09-20
0.2,2,CPI m/m|FOMC,Neutral|Neutral,10,6,4,60.0,40.0,1.5,2023-03-01_2023-03-30|2023-04-30_2023-05-29|2023-05-30_2023-06-28|2023-06-29_2023-07-28|2023-08-28_2023-09-26|2023-11-26_2023-12-25|2024-05-24_2024-06-22|2024-07-23_2024-08-21|2024-10-21_2024-11-19|2024-11-20_2024-12-19
0.2,2,CPI m/m|FOMC,Neutral|Good,1,1,0,100.0,0.0,inf,2024-08-22_2024-09-20
0.3,2,CPI m/m|FOMC,Neutral|Neutral,11,7,4,63.6,36.4,1.75,2023-03-01_2023-03-30|2023-04-30_2023-05-29|2023-05-30_2023-06-28|2023-06-29_2023-07-28|2023-08-28_2023-09-26|2023-11-26_2023-12-25|2024-05-24_2024-06-22|2024-07-23_2024-08-21|2024-08-22_2024-09-20|2024-10-21_2024-11-19|2024-11-20_2024-12-19
0.0,2,CPI m/m|CPI y/y,Bad|Bad,14,9,5,64.3,35.7,1.8,2018-01-26_2018-02-24|2019-03-22_2019-04-20|2019-11-17_2019-12-16|2020-02-15_2020-03-15|2020-07-14_2020-08-12|2021-04-10_2021-05-09|2021-10-07_2021-11-05|2022-07-04_2022-08-02|2022-09-02_2022-10-01|2022-10-02_2022-10-31|2023-09-27_2023-10-26|2024-01-25_2024-02-23|2024-03-25_2024-04-23|2024-09-21_2024-10-20
0.0,2,CPI m/m|CPI y/y,Good|Neutral,3,1,2,33.3,66.7,0.5,2018-03-27_2018-04-25|2018-06-25_2018-07-24|2021-09-07_2021-10-06
0.0,2,CPI m/m|CPI y/y,Neutral|Neutral,13,10,3,76.9,23.1,3.33,2018-07-25_2018-08-23|2018-10-23_2018-11-21|2018-12-22_2019-01-20|2019-12-17_2020-01-15|2020-10-12_2020-11-10|2021-02-09_2021-03-10|2022-03-06_2022-04-04|2022-12-31_2023-01-29|2023-03-01_2023-03-30|2024-08-22_2024-09-20|2024-10-21_2024-11-19|2024-11-20_2024-12-19|2024-12-20_2025-01-18
0.0,2,CPI m/m|CPI y/y,Good|Good,15,9,6,60.0,40.0,1.5,2018-08-24_2018-09-22|2018-09-23_2018-10-22|2019-04-21_2019-05-20|2019-09-18_2019-10-17|2020-03-16_2020-04-14|2020-05-15_2020-06-13|2022-11-01_2022-11-30|2022-12-01_2022-12-30|2023-03-31_2023-04-29|2023-05-30_2023-06-28|2023-06-29_2023-07-28|2024-05-24_2024-06-22|2024-06-23_2024-07-22|2025-02-18_2025-03-19|2025-05-19_2025-06-17
0.0,2,CPI m/m|CPI y/y,Good|Bad,2,2,0,100.0,0.0,inf,2019-01-21_2019-02-19|2020-01-16_2020-02-14
0.0,2,CPI m/m|CPI y/y,Neutral|Good,9,7,2,77.8,22.2,3.5,2019-02-20_2019-03-21|2019-05-21_2019-06-19|2019-08-19_2019-09-17|2020-11-11_2020-12-10|2023-04-30_2023-05-29|2023-07-29_2023-08-27|2024-07-23_2024-08-21|2025-07-18_2025-08-16|2025-12-15_2026-01-13
0.0,2,CPI m/m|CPI y/y,Bad|Neutral,3,1,2,33.3,66.7,0.5,2021-12-06_2022-01-04|2023-11-26_2023-12-25|2025-08-17_2025-09-15
0.0,2,CPI m/m|CPI y/y,Neutral|Bad,3,2,1,66.7,33.3,2.0,2023-01-30_2023-02-28|2023-08-28_2023-09-26|2025-06-18_2025-07-17
0.1,2,CPI m/m|CPI y/y,Bad|Bad,7,4,3,57.1,42.9,1.33,2018-01-26_2018-02-24|2020-07-14_2020-08-12|2021-10-07_2021-11-05|2022-07-04_2022-08-02|2022-09-02_2022-10-01|2023-09-27_2023-10-26|2024-03-25_2024-04-23
0.1,2,CPI m/m|CPI y/y,Neutral|Neutral,25,16,9,64.0,36.0,1.78,2018-03-27_2018-04-25|2018-06-25_2018-07-24|2018-07-25_2018-08-23|2018-08-24_2018-09-22|2018-10-23_2018-11-21|2018-12-22_2019-01-20|2019-05-21_2019-06-19|2019-12-17_2020-01-15|2020-02-15_2020-03-15|2020-10-12_2020-11-10|2020-11-11_2020-12-10|2021-02-09_2021-03-10|2022-03-06_2022-04-04|2022-12-31_2023-01-29|2023-03-01_2023-03-30|2023-03-31_2023-04-29|2023-04-30_2023-05-29|2023-05-30_2023-06-28|2023-07-29_2023-08-27|2023-11-26_2023-12-25|2024-08-22_2024-09-20|2024-10-21_2024-11-19|2024-11-20_2024-12-19|2024-12-20_2025-01-18|2025-07-18_2025-08-16
0.1,2,CPI m/m|CPI y/y,Neutral|Good,11,8,3,72.7,27.3,2.67,2018-09-23_2018-10-22|2019-02-20_2019-03-21|2019-08-19_2019-09-17|2019-09-18_2019-10-17|2020-05-15_2020-06-13|2023-06-29_2023-07-28|2024-05-24_2024-06-22|2024-07-23_2024-08-21|2025-02-18_2025-03-19|2025-05-19_2025-06-17|2025-12-15_2026-01-13
0.1,2,CPI m/m|CPI y/y,Neutral|Bad,9,7,2,77.8,22.2,3.5,2019-01-21_2019-02-19|2019-11-17_2019-12-16|2020-01-16_2020-02-14|2021-04-10_2021-05-09|2023-01-30_2023-02-28|2023-08-28_2023-09-26|2024-01-25_2024-02-23|2024-09-21_2024-10-20|2025-06-18_2025-07-17
0.1,2,CPI m/m|CPI y/y,Bad|Neutral,4,1,3,25.0,75.0,0.33,2019-03-22_2019-04-20|2021-12-06_2022-01-04|2022-10-02_2022-10-31|2025-08-17_2025-09-15
0.1,2,CPI m/m|CPI y/y,Good|Good,5,5,0,100.0,0.0,inf,2019-04-21_2019-05-20|2020-03-16_2020-04-14|2022-11-01_2022-11-30|2022-12-01_2022-12-30|2024-06-23_2024-07-22
0.1,2,CPI m/m|CPI y/y,Good|Neutral,1,0,1,0.0,100.0,0.0,2021-09-07_2021-10-06
0.2,2,CPI m/m|CPI y/y,Neutral|Bad,5,5,0,100.0,0.0,inf,2018-01-26_2018-02-24|2022-07-04_2022-08-02|2022-09-02_2022-10-01|2023-01-30_2023-02-28|2024-01-25_2024-02-23
0.2,2,CPI m/m|CPI y/y,Neutral|Neutral,55,34,21,61.8,38.2,1.62,2018-03-27_2018-04-25|2018-06-25_2018-07-24|2018-07-25_2018-08-23|2018-08-24_2018-09-22|2018-09-23_2018-10-22|2018-10-23_2018-11-21|2018-12-22_2019-01-20|2019-01-21_2019-02-19|2019-02-20_2019-03-21|2019-03-22_2019-04-20|2019-04-21_2019-05-20|2019-05-21_2019-06-19|2019-08-19_2019-09-17|2019-09-18_2019-10-17|2019-11-17_2019-12-16|2019-12-17_2020-01-15|2020-01-16_2020-02-14|2020-02-15_2020-03-15|2020-03-16_2020-04-14|2020-05-15_2020-06-13|2020-07-14_2020-08-12|2020-10-12_2020-11-10|2020-11-11_2020-12-10|2021-02-09_2021-03-10|2021-04-10_2021-05-09|2021-09-07_2021-10-06|2021-10-07_2021-11-05|2021-12-06_2022-01-04|2022-03-06_2022-04-04|2022-10-02_2022-10-31|2022-12-31_2023-01-29|2023-03-01_2023-03-30|2023-03-31_2023-04-29|2023-04-30_2023-05-29|2023-05-30_2023-06-28|2023-06-29_2023-07-28|2023-07-29_2023-08-27|2023-08-28_2023-09-26|2023-09-27_2023-10-26|2023-11-26_2023-12-25|2024-03-25_2024-04-23|2024-05-24_2024-06-22|2024-06-23_2024-07-22|2024-07-23_2024-08-21|2024-08-22_2024-09-20|2024-09-21_2024-10-20|2024-10-21_2024-11-19|2024-11-20_2024-12-19|2024-12-20_2025-01-18|2025-02-18_2025-03-19|2025-05-19_2025-06-17|2025-06-18_2025-07-17|2025-07-18_2025-08-16|2025-08-17_2025-09-15|2025-12-15_2026-01-13
0.2,2,CPI m/m|CPI y/y,Neutral|Good,2,2,0,100.0,0.0,inf,2022-11-01_2022-11-30|2022-12-01_2022-12-30
0.3,2,CPI m/m|CPI y/y,Neutral|Neutral,61,40,21,65.6,34.4,1.9,2018-01-26_2018-02-24|2018-03-27_2018-04-25|2018-06-25_2018-07-24|2018-07-25_2018-08-23|2018-08-24_2018-09-22|2018-09-23_2018-10-22|2018-10-23_2018-11-21|2018-12-22_2019-01-20|2019-01-21_2019-02-19|2019-02-20_2019-03-21|2019-03-22_2019-04-20|2019-04-21_2019-05-20|2019-05-21_2019-06-19|2019-08-19_2019-09-17|2019-09-18_2019-10-17|2019-11-17_2019-12-16|2019-12-17_2020-01-15|2020-01-16_2020-02-14|2020-02-15_2020-03-15|2020-03-16_2020-04-14|2020-05-15_2020-06-13|2020-07-14_2020-08-12|2020-10-12_2020-11-10|2020-11-11_2020-12-10|2021-02-09_2021-03-10|2021-04-10_2021-05-09|2021-09-07_2021-10-06|2021-10-07_2021-11-05|2021-12-06_2022-01-04|2022-03-06_2022-04-04|2022-09-02_2022-10-01|2022-10-02_2022-10-31|2022-11-01_2022-11-30|2022-12-01_2022-12-30|2022-12-31_2023-01-29|2023-01-30_2023-02-28|2023-03-01_2023-03-30|2023-03-31_2023-04-29|2023-04-30_2023-05-29|2023-05-30_2023-06-28|2023-06-29_2023-07-28|2023-07-29_2023-08-27|2023-08-28_2023-09-26|2023-09-27_2023-10-26|2023-11-26_2023-12-25|2024-01-25_2024-02-23|2024-03-25_2024-04-23|2024-05-24_2024-06-22|2024-06-23_2024-07-22|2024-07-23_2024-08-21|2024-08-22_2024-09-20|2024-09-21_2024-10-20|2024-10-21_2024-11-19|2024-11-20_2024-12-19|2024-12-20_2025-01-18|2025-02-18_2025-03-19|2025-05-19_2025-06-17|2025-06-18_2025-07-17|2025-07-18_2025-08-16|2025-08-17_2025-09-15|2025-12-15_2026-01-13
0.3,2,CPI m/m|CPI y/y,Neutral|Bad,1,1,0,100.0,0.0,inf,2022-07-04_2022-08-02
0.0,2,Core CPI m/m|PPI m/m,Bad|Neutral,2,2,0,100.0,0.0,inf,2018-01-26_2018-02-24|2022-09-02_2022-10-01
0.0,2,Core CPI m/m|PPI m/m,Neutral|Bad,10,5,5,50.0,50.0,1.0,2018-03-27_2018-04-25|2018-06-25_2018-07-24|2018-10-23_2018-11-21|2020-10-12_2020-11-10|2021-12-06_2022-01-04|2023-01-30_2023-02-28|2023-07-29_2023-08-27|2023-09-27_2023-10-26|2024-11-20_2024-12-19|2025-07-18_2025-08-16
0.0,2,Core CPI m/m|PPI m/m,Neutral|Good,12,7,5,58.3,41.7,1.4,2018-07-25_2018-08-23|2018-12-22_2019-01-20|2019-01-21_2019-02-19|2019-11-17_2019-12-16|2020-02-15_2020-03-15|2021-10-07_2021-11-05|2022-03-06_2022-04-04|2022-12-31_2023-01-29|2023-03-31_2023-04-29|2023-05-30_2023-06-28|2024-07-23_2024-08-21|2025-08-17_2025-09-15
0.0,2,Core CPI m/m|PPI m/m,Good|Good,11,6,5,54.5,45.5,1.2,2018-08-24_2018-09-22|2019-02-20_2019-03-21|2019-09-18_2019-10-17|2019-12-17_2020-01-15|2022-11-01_2022-11-30|2023-06-29_2023-07-28|2024-05-24_2024-06-22|2024-12-20_2025-01-18|2025-02-18_2025-03-19|2025-05-19_2025-06-17|2025-06-18_2025-07-17
0.0,2,Core CPI m/m|PPI m/m,Good|Neutral,3,2,1,66.7,33.3,2.0,2018-09-23_2018-10-22|2019-04-21_2019-05-20|2019-05-21_2019-06-19
0.0,2,Core CPI m/m|PPI m/m,Good|Bad,8,7,1,87.5,12.5,7.0,2019-03-22_2019-04-20|2020-03-16_2020-04-14|2020-05-15_2020-06-13|2020-11-11_2020-12-10|2021-02-09_2021-03-10|2021-09-07_2021-10-06|2022-12-01_2022-12-30|2024-06-23_2024-07-22
0.0,2,Core CPI m/m|PPI m/m,Bad|Bad,7,5,2,71.4,28.6,2.5,2019-08-19_2019-09-17|2020-07-14_2020-08-12|2022-07-04_2022-08-02|2022-10-02_2022-10-31|2023-08-28_2023-09-26|2024-01-25_2024-02-23|2024-08-22_2024-09-20
0.0,2,Core CPI m/m|PPI m/m,Bad|Good,4,2,2,50.0,50.0,1.0,2023-03-01_2023-03-30|2023-04-30_2023-05-29|2024-03-25_2024-04-23|2024-09-21_2024-10-20
0.0,2,Core CPI m/m|PPI m/m,Neutral|Neutral,2,2,0,100.0,0.0,inf,2023-11-26_2023-12-25|2024-10-21_2024-11-19
0.1,2,Core CPI m/m|PPI m/m,Neutral|Neutral,21,17,4,81.0,19.0,4.25,2018-01-26_2018-02-24|2018-06-25_2018-07-24|2018-09-23_2018-10-22|2018-12-22_2019-01-20|2019-02-20_2019-03-21|2019-04-21_2019-05-20|2019-05-21_2019-06-19|2019-08-19_2019-09-17|2019-12-17_2020-01-15|2020-02-15_2020-03-15|2020-11-11_2020-12-10|2021-10-07_2021-11-05|2022-12-01_2022-12-30|2023-06-29_2023-07-28|2023-07-29_2023-08-27|2023-11-26_2023-12-25|2024-06-23_2024-07-22|2024-07-23_2024-08-21|2024-08-22_2024-09-20|2024-09-21_2024-10-20|2024-10-21_2024-11-19
0.1,2,Core CPI m/m|PPI m/m,Neutral|Bad,11,8,3,72.7,27.3,2.67,2018-03-27_2018-04-25|2018-10-23_2018-11-21|2019-03-22_2019-04-20|2020-05-15_2020-06-13|2020-10-12_2020-11-10|2021-12-06_2022-01-04|2023-01-30_2023-02-28|2023-08-28_2023-09-26|2023-09-27_2023-10-26|2024-11-20_2024-12-19|2025-07-18_2025-08-16
0.1,2,Core CPI m/m|PPI m/m,Neutral|Good,15,6,9,40.0,60.0,0.67,2018-07-25_2018-08-23|2018-08-24_2018-09-22|2019-01-21_2019-02-19|2019-09-18_2019-10-17|2019-11-17_2019-12-16|2022-03-06_2022-04-04|2022-12-31_2023-01-29|2023-03-01_2023-03-30|2023-03-31_2023-04-29|2023-05-30_2023-06-28|2024-05-24_2024-06-22|2024-12-20_2025-01-18|2025-02-18_2025-03-19|2025-06-18_2025-07-17|2025-08-17_2025-09-15
0.1,2,Core CPI m/m|PPI m/m,Good|Neutral,3,2,1,66.7,33.3,2.0,2020-03-16_2020-04-14|2021-09-07_2021-10-06|2025-05-19_2025-06-17
0.1,2,Core CPI m/m|PPI m/m,Bad|Bad,4,2,2,50.0,50.0,1.0,2020-07-14_2020-08-12|2022-07-04_2022-08-02|2022-10-02_2022-10-31|2024-01-25_2024-02-23
0.1,2,Core CPI m/m|PPI m/m,Good|Bad,1,1,0,100.0,0.0,inf,2021-02-09_2021-03-10
0.1,2,Core CPI m/m|PPI m/m,Bad|Neutral,3,1,2,33.3,66.7,0.5,2022-09-02_2022-10-01|2023-04-30_2023-05-29|2024-03-25_2024-04-23
0.1,2,Core CPI m/m|PPI m/m,Good|Good,1,1,0,100.0,0.0,inf,2022-11-01_2022-11-30
0.2,2,Core CPI m/m|PPI m/m,Neutral|Neutral,40,26,14,65.0,35.0,1.86,2018-01-26_2018-02-24|2018-03-27_2018-04-25|2018-06-25_2018-07-24|2018-07-25_2018-08-23|2018-09-23_2018-10-22|2018-12-22_2019-01-20|2019-01-21_2019-02-19|2019-02-20_2019-03-21|2019-04-21_2019-05-20|2019-05-21_2019-06-19|2019-08-19_2019-09-17|2019-11-17_2019-12-16|2019-12-17_2020-01-15|2020-02-15_2020-03-15|2020-03-16_2020-04-14|2020-10-12_2020-11-10|2020-11-11_2020-12-10|2021-09-07_2021-10-06|2021-10-07_2021-11-05|2022-03-06_2022-04-04|2022-10-02_2022-10-31|2022-11-01_2022-11-30|2022-12-01_2022-12-30|2023-04-30_2023-05-29|2023-05-30_2023-06-28|2023-06-29_2023-07-28|2023-07-29_2023-08-27|2023-09-27_2023-10-26|2023-11-26_2023-12-25|2024-01-25_2024-02-23|2024-03-25_2024-04-23|2024-06-23_2024-07-22|2024-07-23_2024-08-21|2024-08-22_2024-09-20|2024-09-21_2024-10-20|2024-10-21_2024-11-19|2024-11-20_2024-12-19|2024-12-20_2025-01-18|2025-05-19_2025-06-17|2025-06-18_2025-07-17
0.2,2,Core CPI m/m|PPI m/m,Neutral|Good,8,3,5,37.5,62.5,0.6,2018-08-24_2018-09-22|2019-09-18_2019-10-17|2022-12-31_2023-01-29|2023-03-01_2023-03-30|2023-03-31_2023-04-29|2024-05-24_2024-06-22|2025-02-18_2025-03-19|2025-08-17_2025-09-15
0.2,2,Core CPI m/m|PPI m/m,Neutral|Bad,9,8,1,88.9,11.1,8.0,2018-10-23_2018-11-21|2019-03-22_2019-04-20|2020-05-15_2020-06-13|2021-02-09_2021-03-10|2021-12-06_2022-01-04|2022-07-04_2022-08-02|2023-01-30_2023-02-28|2023-08-28_2023-09-26|2025-07-18_2025-08-16
0.2,2,Core CPI m/m|PPI m/m,Bad|Bad,1,0,1,0.0,100.0,0.0,2020-07-14_2020-08-12
0.2,2,Core CPI m/m|PPI m/m,Bad|Neutral,1,1,0,100.0,0.0,inf,2022-09-02_2022-10-01
0.3,2,Core CPI m/m|PPI m/m,Neutral|Neutral,46,31,15,67.4,32.6,2.07,2018-01-26_2018-02-24|2018-03-27_2018-04-25|2018-06-25_2018-07-24|2018-07-25_2018-08-23|2018-09-23_2018-10-22|2018-12-22_2019-01-20|2019-01-21_2019-02-19|2019-02-20_2019-03-21|2019-03-22_2019-04-20|2019-04-21_2019-05-20|2019-05-21_2019-06-19|2019-08-19_2019-09-17|2019-11-17_2019-12-16|2019-12-17_2020-01-15|2020-02-15_2020-03-15|2020-03-16_2020-04-14|2020-07-14_2020-08-12|2020-10-12_2020-11-10|2020-11-11_2020-12-10|2021-09-07_2021-10-06|2021-10-07_2021-11-05|2022-03-06_2022-04-04|2022-09-02_2022-10-01|2022-10-02_2022-10-31|2022-11-01_2022-11-30|2022-12-01_2022-12-30|2023-01-30_2023-02-28|2023-04-30_2023-05-29|2023-05-30_2023-06-28|2023-06-29_2023-07-28|2023-07-29_2023-08-27|2023-08-28_2023-09-26|2023-09-27_2023-10-26|2023-11-26_2023-12-25|2024-01-25_2024-02-23|2024-03-25_2024-04-23|2024-06-23_2024-07-22|2024-07-23_2024-08-21|2024-08-22_2024-09-20|2024-09-21_2024-10-20|2024-10-21_2024-11-19|2024-11-20_2024-12-19|2024-12-20_2025-01-18|2025-02-18_2025-03-19|2025-05-19_2025-06-17|2025-06-18_2025-07-17
0.3,2,Core CPI m/m|PPI m/m,Neutral|Good,7,2,5,28.6,71.4,0.4,2018-08-24_2018-09-22|2019-09-18_2019-10-17|2022-12-31_2023-01-29|2023-03-01_2023-03-30|2023-03-31_2023-04-29|2024-05-24_2024-06-22|2025-08-17_2025-09-15
0.3,2,Core CPI m/m|PPI m/m,Neutral|Bad,6,5,1,83.3,16.7,5.0,2018-10-23_2018-11-21|2020-05-15_2020-06-13|2021-02-09_2021-03-10|2021-12-06_2022-01-04|2022-07-04_2022-08-02|2025-07-18_2025-08-16
0.0,2,Core CPI m/m|Core PPI m/m,Bad|Bad,6,5,1,83.3,16.7,5.0,2018-01-26_2018-02-24|2019-08-19_2019-09-17|2020-07-14_2020-08-12|2022-09-02_2022-10-01|2024-01-25_2024-02-23|2024-08-22_2024-09-20
0.0,2,Core CPI m/m|Core PPI m/m,Neutral|Bad,10,6,4,60.0,40.0,1.5,2018-03-27_2018-04-25|2018-06-25_2018-07-24|2018-10-23_2018-11-21|2019-01-21_2019-02-19|2020-10-12_2020-11-10|2021-12-06_2022-01-04|2023-01-30_2023-02-28|2023-07-29_2023-08-27|2023-09-27_2023-10-26|2025-07-18_2025-08-16
0.0,2,Core CPI m/m|Core PPI m/m,Neutral|Good,10,6,4,60.0,40.0,1.5,2018-07-25_2018-08-23|2018-12-22_2019-01-20|2019-11-17_2019-12-16|2020-02-15_2020-03-15|2021-10-07_2021-11-05|2022-03-06_2022-04-04|2023-03-31_2023-04-29|2023-11-26_2023-12-25|2024-07-23_2024-08-21|2025-08-17_2025-09-15
0.0,2,Core CPI m/m|Core PPI m/m,Good|Good,13,8,5,61.5,38.5,1.6,2018-08-24_2018-09-22|2019-02-20_2019-03-21|2019-04-21_2019-05-20|2019-09-18_2019-10-17|2019-12-17_2020-01-15|2020-11-11_2020-12-10|2022-11-01_2022-11-30|2023-06-29_2023-07-28|2024-05-24_2024-06-22|2024-12-20_2025-01-18|2025-02-18_2025-03-19|2025-05-19_2025-06-17|2025-06-18_2025-07-17
0.0,2,Core CPI m/m|Core PPI m/m,Good|Neutral,3,2,1,66.7,33.3,2.0,2018-09-23_2018-10-22|2019-05-21_2019-06-19|2020-05-15_2020-06-13
0.0,2,Core CPI m/m|Core PPI m/m,Good|Bad,6,5,1,83.3,16.7,5.0,2019-03-22_2019-04-20|2020-03-16_2020-04-14|2021-02-09_2021-03-10|2021-09-07_2021-10-06|2022-12-01_2022-12-30|2024-06-23_2024-07-22
0.0,2,Core CPI m/m|Core PPI m/m,Bad|Good,2,2,0,100.0,0.0,inf,2022-07-04_2022-08-02|2023-03-01_2023-03-30
0.0,2,Core CPI m/m|Core PPI m/m,Bad|Neutral,5,2,3,40.0,60.0,0.67,2022-10-02_2022-10-31|2023-04-30_2023-05-29|2023-08-28_2023-09-26|2024-03-25_2024-04-23|2024-09-21_2024-10-20
0.0,2,Core CPI m/m|Core PPI m/m,Neutral|Neutral,4,2,2,50.0,50.0,1.0,2022-12-31_2023-01-29|2023-05-30_2023-06-28|2024-10-21_2024-11-19|2024-11-20_2024-12-19
0.1,2,Core CPI m/m|Core PPI m/m,Neutral|Bad,8,6,2,75.0,25.0,3.0,2018-01-26_2018-02-24|2018-10-23_2018-11-21|2020-10-12_2020-11-10|2021-12-06_2022-01-04|2022-12-01_2022-12-30|2023-01-30_2023-02-28|2024-06-23_2024-07-22|2025-07-18_2025-08-16
0.1,2,Core CPI m/m|Core PPI m/m,Neutral|Neutral,24,19,5,79.2,20.8,3.8,2018-03-27_2018-04-25|2018-06-25_2018-07-24|2018-07-25_2018-08-23|2018-09-23_2018-10-22|2019-01-21_2019-02-19|2019-02-20_2019-03-21|2019-03-22_2019-04-20|2019-04-21_2019-05-20|2019-05-21_2019-06-19|2019-08-19_2019-09-17|2019-12-17_2020-01-15|2020-02-15_2020-03-15|2020-05-15_2020-06-13|2020-11-11_2020-12-10|2022-12-31_2023-01-29|2023-05-30_2023-06-28|2023-06-29_2023-07-28|2023-07-29_2023-08-27|2023-08-28_2023-09-26|2023-09-27_2023-10-26|2024-08-22_2024-09-20|2024-09-21_2024-10-20|2024-10-21_2024-11-19|2024-11-20_2024-12-19
0.1,2,Core CPI m/m|Core PPI m/m,Neutral|Good,15,6,9,40.0,60.0,0.67,2018-08-24_2018-09-22|2018-12-22_2019-01-20|2019-09-18_2019-10-17|2019-11-17_2019-12-16|2021-10-07_2021-11-05|2022-03-06_2022-04-04|2023-03-01_2023-03-30|2023-03-31_2023-04-29|2023-11-26_2023-12-25|2024-05-24_2024-06-22|2024-07-23_2024-08-21|2024-12-20_2025-01-18|2025-02-18_2025-03-19|2025-06-18_2025-07-17|2025-08-17_2025-09-15
0.1,2,Core CPI m/m|Core PPI m/m,Good|Bad,2,2,0,100.0,0.0,inf,2020-03-16_2020-04-14|2021-02-09_2021-03-10
0.1,2,Core CPI m/m|Core PPI m/m,Bad|Bad,3,2,1,66.7,33.3,2.0,2020-07-14_2020-08-12|2022-09-02_2022-10-01|2024-01-25_2024-02-23
0.1,2,Core CPI m/m|Core PPI m/m,Good|Neutral,1,0,1,0.0,100.0,0.0,2021-09-07_2021-10-06
0.1,2,Core CPI m/m|Core PPI m/m,Bad|Neutral,4,1,3,25.0,75.0,0.33,2022-07-04_2022-08-02|2022-10-02_2022-10-31|2023-04-30_2023-05-29|2024-03-25_2024-04-23
0.1,2,Core CPI m/m|Core PPI m/m,Good|Good,2,2,0,100.0,0.0,inf,2022-11-01_2022-11-30|2025-05-19_2025-06-17
0.2,2,Core CPI m/m|Core PPI m/m,Neutral|Neutral,40,28,12,70.0,30.0,2.33,2018-01-26_2018-02-24|2018-03-27_2018-04-25|2018-06-25_2018-07-24|2018-07-25_2018-08-23|2018-09-23_2018-10-22|2019-01-21_2019-02-19|2019-02-20_2019-03-21|2019-03-22_2019-04-20|2019-04-21_2019-05-20|2019-05-21_2019-06-19|2019-08-19_2019-09-17|2019-12-17_2020-01-15|2020-02-15_2020-03-15|2020-03-16_2020-04-14|2020-05-15_2020-06-13|2020-10-12_2020-11-10|2020-11-11_2020-12-10|2021-09-07_2021-10-06|2022-07-04_2022-08-02|2022-10-02_2022-10-31|2022-12-01_2022-12-30|2022-12-31_2023-01-29|2023-01-30_2023-02-28|2023-04-30_2023-05-29|2023-05-30_2023-06-28|2023-06-29_2023-07-28|2023-07-29_2023-08-27|2023-08-28_2023-09-26|2023-09-27_2023-10-26|2023-11-26_2023-12-25|2024-03-25_2024-04-23|2024-06-23_2024-07-22|2024-07-23_2024-08-21|2024-08-22_2024-09-20|2024-09-21_2024-10-20|2024-10-21_2024-11-19|2024-11-20_2024-12-19|2024-12-20_2025-01-18|2025-05-19_2025-06-17|2025-06-18_2025-07-17
0.2,2,Core CPI m/m|Core PPI m/m,Neutral|Good,12,5,7,41.7,58.3,0.71,2018-08-24_2018-09-22|2018-12-22_2019-01-20|2019-09-18_2019-10-17|2019-11-17_2019-12-16|2021-10-07_2021-11-05|2022-03-06_2022-04-04|2022-11-01_2022-11-30|2023-03-01_2023-03-30|2023-03-31_2023-04-29|2024-05-24_2024-06-22|2025-02-18_2025-03-19|2025-08-17_2025-09-15
0.2,2,Core CPI m/m|Core PPI m/m,Neutral|Bad,5,4,1,80.0,20.0,4.0,2018-10-23_2018-11-21|2021-02-09_2021-03-10|2021-12-06_2022-01-04|2024-01-25_2024-02-23|2025-07-18_2025-08-16
0.2,2,Core CPI m/m|Core PPI m/m,Bad|Bad,1,0,1,0.0,100.0,0.0,2020-07-14_2020-08-12
0.2,2,Core CPI m/m|Core PPI m/m,Bad|Neutral,1,1,0,100.0,0.0,inf,2022-09-02_2022-10-01
0.3,2,Core CPI m/m|Core PPI m/m,Neutral|Neutral,46,31,15,67.4,32.6,2.07,2018-01-26_2018-02-24|2018-03-27_2018-04-25|2018-06-25_2018-07-24|2018-07-25_2018-08-23|2018-09-23_2018-10-22|2018-10-23_2018-11-21|2019-01-21_2019-02-19|2019-02-20_2019-03-21|2019-03-22_2019-04-20|2019-04-21_2019-05-20|2019-05-21_2019-06-19|2019-08-19_2019-09-17|2019-12-17_2020-01-15|2020-02-15_2020-03-15|2020-03-16_2020-04-14|2020-05-15_2020-06-13|2020-10-12_2020-11-10|2020-11-11_2020-12-10|2021-09-07_2021-10-06|2021-10-07_2021-11-05|2021-12-06_2022-01-04|2022-07-04_2022-08-02|2022-09-02_2022-10-01|2022-10-02_2022-10-31|2022-11-01_2022-11-30|2022-12-01_2022-12-30|2022-12-31_2023-01-29|2023-01-30_2023-02-28|2023-04-30_2023-05-29|2023-05-30_2023-06-28|2023-06-29_2023-07-28|2023-07-29_2023-08-27|2023-08-28_2023-09-26|2023-09-27_2023-10-26|2023-11-26_2023-12-25|2024-03-25_2024-04-23|2024-05-24_2024-06-22|2024-06-23_2024-07-22|2024-07-23_2024-08-21|2024-08-22_2024-09-20|2024-09-21_2024-10-20|2024-10-21_2024-11-19|2024-11-20_2024-12-19|2024-12-20_2025-01-18|2025-05-19_2025-06-17|2025-06-18_2025-07-17
0.3,2,Core CPI m/m|Core PPI m/m,Neutral|Good,9,4,5,44.4,55.6,0.8,2018-08-24_2018-09-22|2018-12-22_2019-01-20|2019-09-18_2019-10-17|2019-11-17_2019-12-16|2022-03-06_2022-04-04|2023-03-01_2023-03-30|2023-03-31_2023-04-29|2025-02-18_2025-03-19|2025-08-17_2025-09-15
0.3,2,Core CPI m/m|Core PPI m/m,Neutral|Bad,4,3,1,75.0,25.0,3.0,2020-07-14_2020-08-12|2021-02-09_2021-03-10|2024-01-25_2024-02-23|2025-07-18_2025-08-16
0.0,2,Core CPI m/m|FOMC,Bad|Neutral,3,2,1,66.7,33.3,2.0,2023-03-01_2023-03-30|2023-04-30_2023-05-29|2023-08-28_2023-09-26
0.0,2,Core CPI m/m|FOMC,Neutral|Neutral,5,3,2,60.0,40.0,1.5,2023-05-30_2023-06-28|2023-11-26_2023-12-25|2024-07-23_2024-08-21|2024-10-21_2024-11-19|2024-11-20_2024-12-19
0.0,2,Core CPI m/m|FOMC,Good|Neutral,2,1,1,50.0,50.0,1.0,2023-06-29_2023-07-28|2024-05-24_2024-06-22
0.0,2,Core CPI m/m|FOMC,Bad|Good,1,1,0,100.0,0.0,inf,2024-08-22_2024-09-20
0.1,2,Core CPI m/m|FOMC,Neutral|Neutral,9,6,3,66.7,33.3,2.0,2023-03-01_2023-03-30|2023-05-30_2023-06-28|2023-06-29_2023-07-28|2023-08-28_2023-09-26|2023-11-26_2023-12-25|2024-05-24_2024-06-22|2024-07-23_2024-08-21|2024-10-21_2024-11-19|2024-11-20_2024-12-19
0.1,2,Core CPI m/m|FOMC,Bad|Neutral,1,0,1,0.0,100.0,0.0,2023-04-30_2023-05-29
0.1,2,Core CPI m/m|FOMC,Neutral|Good,1,1,0,100.0,0.0,inf,2024-08-22_2024-09-20
0.2,2,Core CPI m/m|FOMC,Neutral|Neutral,10,6,4,60.0,40.0,1.5,2023-03-01_2023-03-30|2023-04-30_2023-05-29|2023-05-30_2023-06-28|2023-06-29_2023-07-28|2023-08-28_2023-09-26|2023-11-26_2023-12-25|2024-05-24_2024-06-22|2024-07-23_2024-08-21|2024-10-21_2024-11-19|2024-11-20_2024-12-19
0.2,2,Core CPI m/m|FOMC,Neutral|Good,1,1,0,100.0,0.0,inf,2024-08-22_2024-09-20
0.3,2,Core CPI m/m|FOMC,Neutral|Neutral,11,7,4,63.6,36.4,1.75,2023-03-01_2023-03-30|2023-04-30_2023-05-29|2023-05-30_2023-06-28|2023-06-29_2023-07-28|2023-08-28_2023-09-26|2023-11-26_2023-12-25|2024-05-24_2024-06-22|2024-07-23_2024-08-21|2024-08-22_2024-09-20|2024-10-21_2024-11-19|2024-11-20_2024-12-19
0.0,2,Core CPI m/m|CPI y/y,Bad|Bad,10,7,3,70.0,30.0,2.33,2018-01-26_2018-02-24|2020-07-14_2020-08-12|2021-04-10_2021-05-09|2022-07-04_2022-08-02|2022-09-02_2022-10-01|2022-10-02_2022-10-31|2023-08-28_2023-09-26|2024-01-25_2024-02-23|2024-03-25_2024-04-23|2024-09-21_2024-10-20
0.0,2,Core CPI m/m|CPI y/y,Neutral|Neutral,13,8,5,61.5,38.5,1.6,2018-03-27_2018-04-25|2018-06-25_2018-07-24|2018-07-25_2018-08-23|2018-10-23_2018-11-21|2018-12-22_2019-01-20|2020-10-12_2020-11-10|2021-12-06_2022-01-04|2022-03-06_2022-04-04|2022-12-31_2023-01-29|2023-11-26_2023-12-25|2024-10-21_2024-11-19|2024-11-20_2024-12-19|2025-08-17_2025-09-15
0.0,2,Core CPI m/m|CPI y/y,Good|Good,17,13,4,76.5,23.5,3.25,2018-08-24_2018-09-22|2018-09-23_2018-10-22|2019-02-20_2019-03-21|2019-04-21_2019-05-20|2019-05-21_2019-06-19|2019-09-18_2019-10-17|2020-03-16_2020-04-14|2020-05-15_2020-06-13|2020-11-11_2020-12-10|2022-11-01_2022-11-30|2022-12-01_2022-12-30|2023-06-29_2023-07-28|2024-05-24_2024-06-22|2024-06-23_2024-07-22|2025-02-18_2025-03-19|2025-05-19_2025-06-17|2025-12-15_2026-01-13
0.0,2,Core CPI m/m|CPI y/y,Neutral|Bad,7,5,2,71.4,28.6,2.5,2019-01-21_2019-02-19|2019-11-17_2019-12-16|2020-01-16_2020-02-14|2020-02-15_2020-03-15|2021-10-07_2021-11-05|2023-01-30_2023-02-28|2023-09-27_2023-10-26
0.0,2,Core CPI m/m|CPI y/y,Good|Bad,2,1,1,50.0,50.0,1.0,2019-03-22_2019-04-20|2025-06-18_2025-07-17
0.0,2,Core CPI m/m|CPI y/y,Bad|Good,2,1,1,50.0,50.0,1.0,2019-08-19_2019-09-17|2023-04-30_2023-05-29
0.0,2,Core CPI m/m|CPI y/y,Good|Neutral,4,2,2,50.0,50.0,1.0,2019-12-17_2020-01-15|2021-02-09_2021-03-10|2021-09-07_2021-10-06|2024-12-20_2025-01-18
0.0,2,Core CPI m/m|CPI y/y,Bad|Neutral,2,2,0,100.0,0.0,inf,2023-03-01_2023-03-30|2024-08-22_2024-09-20
0.0,2,Core CPI m/m|CPI y/y,Neutral|Good,5,2,3,40.0,60.0,0.67,2023-03-31_2023-04-29|2023-05-30_2023-06-28|2023-07-29_2023-08-27|2024-07-23_2024-08-21|2025-07-18_2025-08-16
0.1,2,Core CPI m/m|CPI y/y,Neutral|Bad,11,8,3,72.7,27.3,2.67,2018-01-26_2018-02-24|2019-01-21_2019-02-19|2019-11-17_2019-12-16|2020-01-16_2020-02-14|2021-04-10_2021-05-09|2021-10-07_2021-11-05|2023-01-30_2023-02-28|2023-08-28_2023-09-26|2023-09-27_2023-10-26|2024-09-21_2024-10-20|2025-06-18_2025-07-17
0.1,2,Core CPI m/m|CPI y/y,Neutral|Neutral,26,16,10,61.5,38.5,1.6,2018-03-27_2018-04-25|2018-06-25_2018-07-24|2018-07-25_2018-08-23|2018-08-24_2018-09-22|2018-10-23_2018-11-21|2018-12-22_2019-01-20|2019-03-22_2019-04-20|2019-05-21_2019-06-19|2019-12-17_2020-01-15|2020-02-15_2020-03-15|2020-10-12_2020-11-10|2020-11-11_2020-12-10|2021-12-06_2022-01-04|2022-03-06_2022-04-04|2022-12-31_2023-01-29|2023-03-01_2023-03-30|2023-03-31_2023-04-29|2023-05-30_2023-06-28|2023-07-29_2023-08-27|2023-11-26_2023-12-25|2024-08-22_2024-09-20|2024-10-21_2024-11-19|2024-11-20_2024-12-19|2024-12-20_2025-01-18|2025-07-18_2025-08-16|2025-08-17_2025-09-15
0.1,2,Core CPI m/m|CPI y/y,Neutral|Good,13,10,3,76.9,23.1,3.33,2018-09-23_2018-10-22|2019-02-20_2019-03-21|2019-04-21_2019-05-20|2019-08-19_2019-09-17|2019-09-18_2019-10-17|2020-05-15_2020-06-13|2022-12-01_2022-12-30|2023-06-29_2023-07-28|2024-05-24_2024-06-22|2024-06-23_2024-07-22|2024-07-23_2024-08-21|2025-02-18_2025-03-19|2025-12-15_2026-01-13
0.1,2,Core CPI m/m|CPI y/y,Good|Good,3,3,0,100.0,0.0,inf,2020-03-16_2020-04-14|2022-11-01_2022-11-30|2025-05-19_2025-06-17
0.1,2,Core CPI m/m|CPI y/y,Bad|Bad,5,3,2,60.0,40.0,1.5,2020-07-14_2020-08-12|2022-07-04_2022-08-02|2022-09-02_2022-10-01|2024-01-25_2024-02-23|2024-03-25_2024-04-23
0.1,2,Core CPI m/m|CPI y/y,Good|Neutral,2,1,1,50.0,50.0,1.0,2021-02-09_2021-03-10|2021-09-07_2021-10-06
0.1,2,Core CPI m/m|CPI y/y,Bad|Neutral,2,0,2,0.0,100.0,0.0,2022-10-02_2022-10-31|2023-04-30_2023-05-29
0.2,2,Core CPI m/m|CPI y/y,Neutral|Bad,4,4,0,100.0,0.0,inf,2018-01-26_2018-02-24|2022-07-04_2022-08-02|2023-01-30_2023-02-28|2024-01-25_2024-02-23
0.2,2,Core CPI m/m|CPI y/y,Neutral|Neutral,54,34,20,63.0,37.0,1.7,2018-03-27_2018-04-25|2018-06-25_2018-07-24|2018-07-25_2018-08-23|2018-08-24_2018-09-22|2018-09-23_2018-10-22|2018-10-23_2018-11-21|2018-12-22_2019-01-20|2019-01-21_2019-02-19|2019-02-20_2019-03-21|2019-03-22_2019-04-20|2019-04-21_2019-05-20|2019-05-21_2019-06-19|2019-08-19_2019-09-17|2019-09-18_2019-10-17|2019-11-17_2019-12-16|2019-12-17_2020-01-15|2020-01-16_2020-02-14|2020-02-15_2020-03-15|2020-03-16_2020-04-14|2020-05-15_2020-06-13|2020-10-12_2020-11-10|2020-11-11_2020-12-10|2021-02-09_2021-03-10|2021-04-10_2021-05-09|2021-09-07_2021-10-06|2021-10-07_2021-11-05|2021-12-06_2022-01-04|2022-03-06_2022-04-04|2022-10-02_2022-10-31|2022-12-31_2023-01-29|2023-03-01_2023-03-30|2023-03-31_2023-04-29|2023-04-30_2023-05-29|2023-05-30_2023-06-28|2023-06-29_2023-07-28|2023-07-29_2023-08-27|2023-08-28_2023-09-26|2023-09-27_2023-10-26|2023-11-26_2023-12-25|2024-03-25_2024-04-23|2024-05-24_2024-06-22|2024-06-23_2024-07-22|2024-07-23_2024-08-21|2024-08-22_2024-09-20|2024-09-21_2024-10-20|2024-10-21_2024-11-19|2024-11-20_2024-12-19|2024-12-20_2025-01-18|2025-02-18_2025-03-19|2025-05-19_2025-06-17|2025-06-18_2025-07-17|2025-07-18_2025-08-16|2025-08-17_2025-09-15|2025-12-15_2026-01-13
0.2,2,Core CPI m/m|CPI y/y,Bad|Neutral,1,0,1,0.0,100.0,0.0,2020-07-14_2020-08-12
0.2,2,Core CPI m/m|CPI y/y,Bad|Bad,1,1,0,100.0,0.0,inf,2022-09-02_2022-10-01
0.2,2,Core CPI m/m|CPI y/y,Neutral|Good,2,2,0,100.0,0.0,inf,2022-11-01_2022-11-30|2022-12-01_2022-12-30
0.3,2,Core CPI m/m|CPI y/y,Neutral|Neutral,61,40,21,65.6,34.4,1.9,2018-01-26_2018-02-24|2018-03-27_2018-04-25|2018-06-25_2018-07-24|2018-07-25_2018-08-23|2018-08-24_2018-09-22|2018-09-23_2018-10-22|2018-10-23_2018-11-21|2018-12-22_2019-01-20|2019-01-21_2019-02-19|2019-02-20_2019-03-21|2019-03-22_2019-04-20|2019-04-21_2019-05-20|2019-05-21_2019-06-19|2019-08-19_2019-09-17|2019-09-18_2019-10-17|2019-11-17_2019-12-16|2019-12-17_2020-01-15|2020-01-16_2020-02-14|2020-02-15_2020-03-15|2020-03-16_2020-04-14|2020-05-15_2020-06-13|2020-07-14_2020-08-12|2020-10-12_2020-11-10|2020-11-11_2020-12-10|2021-02-09_2021-03-10|2021-04-10_2021-05-09|2021-09-07_2021-10-06|2021-10-07_2021-11-05|2021-12-06_2022-01-04|2022-03-06_2022-04-04|2022-09-02_2022-10-01|2022-10-02_2022-10-31|2022-11-01_2022-11-30|2022-12-01_2022-12-30|2022-12-31_2023-01-29|2023-01-30_2023-02-28|2023-03-01_2023-03-30|2023-03-31_2023-04-29|2023-04-30_2023-05-29|2023-05-30_2023-06-28|2023-06-29_2023-07-28|2023-07-29_2023-08-27|2023-08-28_2023-09-26|2023-09-27_2023-10-26|2023-11-26_2023-12-25|2024-01-25_2024-02-23|2024-03-25_2024-04-23|2024-05-24_2024-06-22|2024-06-23_2024-07-22|2024-07-23_2024-08-21|2024-08-22_2024-09-20|2024-09-21_2024-10-20|2024-10-21_2024-11-19|2024-11-20_2024-12-19|2024-12-20_2025-01-18|2025-02-18_2025-03-19|2025-05-19_2025-06-17|2025-06-18_2025-07-17|2025-07-18_2025-08-16|2025-08-17_2025-09-15|2025-12-15_2026-01-13
0.3,2,Core CPI m/m|CPI y/y,Neutral|Bad,1,1,0,100.0,0.0,inf,2022-07-04_2022-08-02
0.0,2,PPI m/m|Core PPI m/m,Neutral|Bad,2,2,0,100.0,0.0,inf,2018-01-26_2018-02-24|2022-09-02_2022-10-01
0.0,2,PPI m/m|Core PPI m/m,Bad|Bad,20,14,6,70.0,30.0,2.33,2018-03-27_2018-04-25|2018-06-25_2018-07-24|2018-10-23_2018-11-21|2019-03-22_2019-04-20|2019-08-19_2019-09-17|2020-03-16_2020-04-14|2020-07-14_2020-08-12|2020-10-12_2020-11-10|2021-02-09_2021-03-10|2021-09-07_2021-10-06|2021-12-06_2022-01-04|2022-12-01_2022-12-30|2023-01-30_2023-02-28|2023-07-29_2023-08-27|2023-09-27_2023-10-26|2024-01-25_2024-02-23|2024-06-23_2024-07-22|2024-08-22_2024-09-20|2025-07-18_2025-08-16|2026-01-14_2026-02-12
0.0,2,PPI m/m|Core PPI m/m,Good|Good,22,13,9,59.1,40.9,1.44,2018-07-25_2018-08-23|2018-08-24_2018-09-22|2018-12-22_2019-01-20|2019-02-20_2019-03-21|2019-09-18_2019-10-17|2019-11-17_2019-12-16|2019-12-17_2020-01-15|2020-02-15_2020-03-15|2020-06-14_2020-07-13|2021-10-07_2021-11-05|2022-03-06_2022-04-04|2022-11-01_2022-11-30|2023-03-01_2023-03-30|2023-03-31_2023-04-29|2023-06-29_2023-07-28|2024-05-24_2024-06-22|2024-07-23_2024-08-21|2024-12-20_2025-01-18|2025-02-18_2025-03-19|2025-05-19_2025-06-17|2025-06-18_2025-07-17|2025-08-17_2025-09-15
0.0,2,PPI m/m|Core PPI m/m,Neutral|Neutral,3,2,1,66.7,33.3,2.0,2018-09-23_2018-10-22|2019-05-21_2019-06-19|2024-10-21_2024-11-19
0.0,2,PPI m/m|Core PPI m/m,Good|Bad,1,1,0,100.0,0.0,inf,2019-01-21_2019-02-19
0.0,2,PPI m/m|Core PPI m/m,Neutral|Good,3,2,1,66.7,33.3,2.0,2019-04-21_2019-05-20|2023-11-26_2023-12-25|2025-11-15_2025-12-14
0.0,2,PPI m/m|Core PPI m/m,Bad|Neutral,4,2,2,50.0,50.0,1.0,2020-05-15_2020-06-13|2022-10-02_2022-10-31|2023-08-28_2023-09-26|2024-11-20_2024-12-19
0.0,2,PPI m/m|Core PPI m/m,Bad|Good,2,2,0,100.0,0.0,inf,2020-11-11_2020-12-10|2022-07-04_2022-08-02
0.0,2,PPI m/m|Core PPI m/m,Good|Neutral,5,2,3,40.0,60.0,0.67,2022-12-31_2023-01-29|2023-04-30_2023-05-29|2023-05-30_2023-06-28|2024-03-25_2024-04-23|2024-09-21_2024-10-20
0.1,2,PPI m/m|Core PPI m/m,Neutral|Bad,5,5,0,100.0,0.0,inf,2018-01-26_2018-02-24|2020-03-16_2020-04-14|2022-09-02_2022-10-01|2022-12-01_2022-12-30|2024-06-23_2024-07-22
0.1,2,PPI m/m|Core PPI m/m,Bad|Neutral,8,6,2,75.0,25.0,3.0,2018-03-27_2018-04-25|2019-03-22_2019-04-20|2020-05-15_2020-06-13|2022-07-04_2022-08-02|2022-10-02_2022-10-31|2023-08-28_2023-09-26|2023-09-27_2023-10-26|2024-11-20_2024-12-19
0.1,2,PPI m/m|Core PPI m/m,Neutral|Neutral,18,11,7,61.1,38.9,1.57,2018-06-25_2018-07-24|2018-09-23_2018-10-22|2019-02-20_2019-03-21|2019-04-21_2019-05-20|2019-05-21_2019-06-19|2019-08-19_2019-09-17|2019-12-17_2020-01-15|2020-02-15_2020-03-15|2020-11-11_2020-12-10|2021-09-07_2021-10-06|2023-04-30_2023-05-29|2023-06-29_2023-07-28|2023-07-29_2023-08-27|2024-03-25_2024-04-23|2024-08-22_2024-09-20|2024-09-21_2024-10-20|2024-10-21_2024-11-19|2025-11-15_2025-12-14
0.1,2,PPI m/m|Core PPI m/m,Good|Neutral,4,3,1,75.0,25.0,3.0,2018-07-25_2018-08-23|2019-01-21_2019-02-19|2022-12-31_2023-01-29|2023-05-30_2023-06-28
0.1,2,PPI m/m|Core PPI m/m,Good|Good,13,5,8,38.5,61.5,0.63,2018-08-24_2018-09-22|2019-09-18_2019-10-17|2019-11-17_2019-12-16|2020-06-14_2020-07-13|2022-03-06_2022-04-04|2022-11-01_2022-11-30|2023-03-01_2023-03-30|2023-03-31_2023-04-29|2024-05-24_2024-06-22|2024-12-20_2025-01-18|2025-02-18_2025-03-19|2025-06-18_2025-07-17|2025-08-17_2025-09-15
0.1,2,PPI m/m|Core PPI m/m,Bad|Bad,9,6,3,66.7,33.3,2.0,2018-10-23_2018-11-21|2020-07-14_2020-08-12|2020-10-12_2020-11-10|2021-02-09_2021-03-10|2021-12-06_2022-01-04|2023-01-30_2023-02-28|2024-01-25_2024-02-23|2025-07-18_2025-08-16|2026-01-14_2026-02-12
0.1,2,PPI m/m|Core PPI m/m,Neutral|Good,5,4,1,80.0,20.0,4.0,2018-12-22_2019-01-20|2021-10-07_2021-11-05|2023-11-26_2023-12-25|2024-07-23_2024-08-21|2025-05-19_2025-06-17
0.2,2,PPI m/m|Core PPI m/m,Neutral|Neutral,37,24,13,64.9,35.1,1.85,2018-01-26_2018-02-24|2018-03-27_2018-04-25|2018-06-25_2018-07-24|2018-07-25_2018-08-23|2018-09-23_2018-10-22|2019-01-21_2019-02-19|2019-02-20_2019-03-21|2019-04-21_2019-05-20|2019-05-21_2019-06-19|2019-08-19_2019-09-17|2019-12-17_2020-01-15|2020-02-15_2020-03-15|2020-03-16_2020-04-14|2020-10-12_2020-11-10|2020-11-11_2020-12-10|2021-09-07_2021-10-06|2022-09-02_2022-10-01|2022-10-02_2022-10-31|2022-12-01_2022-12-30|2023-04-30_2023-05-29|2023-05-30_2023-06-28|2023-06-29_2023-07-28|2023-07-29_2023-08-27|2023-09-27_2023-10-26|2023-11-26_2023-12-25|2024-03-25_2024-04-23|2024-06-23_2024-07-22|2024-07-23_2024-08-21|2024-08-22_2024-09-20|2024-09-21_2024-10-20|2024-10-21_2024-11-19|2024-11-20_2024-12-19|2024-12-20_2025-01-18|2025-05-19_2025-06-17|2025-06-18_2025-07-17|2025-11-15_2025-12-14|2026-01-14_2026-02-12
0.2,2,PPI m/m|Core PPI m/m,Good|Good,8,3,5,37.5,62.5,0.6,2018-08-24_2018-09-22|2019-09-18_2019-10-17|2020-06-14_2020-07-13|2023-03-01_2023-03-30|2023-03-31_2023-04-29|2024-05-24_2024-06-22|2025-02-18_2025-03-19|2025-08-17_2025-09-15
0.2,2,PPI m/m|Core PPI m/m,Bad|Bad,5,3,2,60.0,40.0,1.5,2018-10-23_2018-11-21|2020-07-14_2020-08-12|2021-02-09_2021-03-10|2021-12-06_2022-01-04|2025-07-18_2025-08-16
0.2,2,PPI m/m|Core PPI m/m,Neutral|Good,5,3,2,60.0,40.0,1.5,2018-12-22_2019-01-20|2019-11-17_2019-12-16|2021-10-07_2021-11-05|2022-03-06_2022-04-04|2022-11-01_2022-11-30
0.2,2,PPI m/m|Core PPI m/m,Bad|Neutral,5,5,0,100.0,0.0,inf,2019-03-22_2019-04-20|2020-05-15_2020-06-13|2022-07-04_2022-08-02|2023-01-30_2023-02-28|2023-08-28_2023-09-26
0.2,2,PPI m/m|Core PPI m/m,Good|Neutral,1,1,0,100.0,0.0,inf,2022-12-31_2023-01-29
0.2,2,PPI m/m|Core PPI m/m,Neutral|Bad,1,1,0,100.0,0.0,inf,2024-01-25_2024-02-23
0.3,2,PPI m/m|Core PPI m/m,Neutral|Neutral,42,28,14,66.7,33.3,2.0,2018-01-26_2018-02-24|2018-03-27_2018-04-25|2018-06-25_2018-07-24|2018-07-25_2018-08-23|2018-09-23_2018-10-22|2019-01-21_2019-02-19|2019-02-20_2019-03-21|2019-03-22_2019-04-20|2019-04-21_2019-05-20|2019-05-21_2019-06-19|2019-08-19_2019-09-17|2019-12-17_2020-01-15|2020-02-15_2020-03-15|2020-03-16_2020-04-14|2020-10-12_2020-11-10|2020-11-11_2020-12-10|2021-09-07_2021-10-06|2021-10-07_2021-11-05|2022-09-02_2022-10-01|2022-10-02_2022-10-31|2022-11-01_2022-11-30|2022-12-01_2022-12-30|2023-01-30_2023-02-28|2023-04-30_2023-05-29|2023-05-30_2023-06-28|2023-06-29_2023-07-28|2023-07-29_2023-08-27|2023-08-28_2023-09-26|2023-09-27_2023-10-26|2023-11-26_2023-12-25|2024-03-25_2024-04-23|2024-06-23_2024-07-22|2024-07-23_2024-08-21|2024-08-22_2024-09-20|2024-09-21_2024-10-20|2024-10-21_2024-11-19|2024-11-20_2024-12-19|2024-12-20_2025-01-18|2025-05-19_2025-06-17|2025-06-18_2025-07-17|2025-11-15_2025-12-14|2026-01-14_2026-02-12
0.3,2,PPI m/m|Core PPI m/m,Good|Good,6,2,4,33.3,66.7,0.5,2018-08-24_2018-09-22|2019-09-18_2019-10-17|2020-06-14_2020-07-13|2023-03-01_2023-03-30|2023-03-31_2023-04-29|2025-08-17_2025-09-15
0.3,2,PPI m/m|Core PPI m/m,Bad|Neutral,4,3,1,75.0,25.0,3.0,2018-10-23_2018-11-21|2020-05-15_2020-06-13|2021-12-06_2022-01-04|2022-07-04_2022-08-02
0.3,2,PPI m/m|Core PPI m/m,Neutral|Good,4,3,1,75.0,25.0,3.0,2018-12-22_2019-01-20|2019-11-17_2019-12-16|2022-03-06_2022-04-04|2025-02-18_2025-03-19
0.3,2,PPI m/m|Core PPI m/m,Neutral|Bad,2,1,1,50.0,50.0,1.0,2020-07-14_2020-08-12|2024-01-25_2024-02-23
0.3,2,PPI m/m|Core PPI m/m,Bad|Bad,2,2,0,100.0,0.0,inf,2021-02-09_2021-03-10|2025-07-18_2025-08-16
0.3,2,PPI m/m|Core PPI m/m,Good|Neutral,2,1,1,50.0,50.0,1.0,2022-12-31_2023-01-29|2024-05-24_2024-06-22
0.0,2,PPI m/m|FOMC,Good|Neutral,6,3,3,50.0,50.0,1.0,2023-03-01_2023-03-30|2023-04-30_2023-05-29|2023-05-30_2023-06-28|2023-06-29_2023-07-28|2024-05-24_2024-06-22|2024-07-23_2024-08-21
0.0,2,PPI m/m|FOMC,Bad|Neutral,2,1,1,50.0,50.0,1.0,2023-08-28_2023-09-26|2024-11-20_2024-12-19
0.0,2,PPI m/m|FOMC,Neutral|Neutral,2,2,0,100.0,0.0,inf,2023-11-26_2023-12-25|2024-10-21_2024-11-19
0.0,2,PPI m/m|FOMC,Bad|Good,1,1,0,100.0,0.0,inf,2024-08-22_2024-09-20
0.1,2,PPI m/m|FOMC,Good|Neutral,3,1,2,33.3,66.7,0.5,2023-03-01_2023-03-30|2023-05-30_2023-06-28|2024-05-24_2024-06-22
0.1,2,PPI m/m|FOMC,Neutral|Neutral,5,4,1,80.0,20.0,4.0,2023-04-30_2023-05-29|2023-06-29_2023-07-28|2023-11-26_2023-12-25|2024-07-23_2024-08-21|2024-10-21_2024-11-19
0.1,2,PPI m/m|FOMC,Bad|Neutral,2,1,1,50.0,50.0,1.0,2023-08-28_2023-09-26|2024-11-20_2024-12-19
0.1,2,PPI m/m|FOMC,Neutral|Good,1,1,0,100.0,0.0,inf,2024-08-22_2024-09-20
0.2,2,PPI m/m|FOMC,Good|Neutral,2,1,1,50.0,50.0,1.0,2023-03-01_2023-03-30|2024-05-24_2024-06-22
0.2,2,PPI m/m|FOMC,Neutral|Neutral,7,4,3,57.1,42.9,1.33,2023-04-30_2023-05-29|2023-05-30_2023-06-28|2023-06-29_2023-07-28|2023-11-26_2023-12-25|2024-07-23_2024-08-21|2024-10-21_2024-11-19|2024-11-20_2024-12-19
0.2,2,PPI m/m|FOMC,Bad|Neutral,1,1,0,100.0,0.0,inf,2023-08-28_2023-09-26
0.2,2,PPI m/m|FOMC,Neutral|Good,1,1,0,100.0,0.0,inf,2024-08-22_2024-09-20
0.3,2,PPI m/m|FOMC,Good|Neutral,2,1,1,50.0,50.0,1.0,2023-03-01_2023-03-30|2024-05-24_2024-06-22
0.3,2,PPI m/m|FOMC,Neutral|Neutral,9,6,3,66.7,33.3,2.0,2023-04-30_2023-05-29|2023-05-30_2023-06-28|2023-06-29_2023-07-28|2023-08-28_2023-09-26|2023-11-26_2023-12-25|2024-07-23_2024-08-21|2024-08-22_2024-09-20|2024-10-21_2024-11-19|2024-11-20_2024-12-19
0.0,2,PPI m/m|CPI y/y,Neutral|Bad,2,2,0,100.0,0.0,inf,2018-01-26_2018-02-24|2022-09-02_2022-10-01
0.0,2,PPI m/m|CPI y/y,Bad|Neutral,9,4,5,44.4,55.6,0.8,2018-03-27_2018-04-25|2018-06-25_2018-07-24|2018-10-23_2018-11-21|2020-10-12_2020-11-10|2021-02-09_2021-03-10|2021-09-07_2021-10-06|2021-12-06_2022-01-04|2024-08-22_2024-09-20|2024-11-20_2024-12-19
0.0,2,PPI m/m|CPI y/y,Good|Neutral,8,6,2,75.0,25.0,3.0,2018-07-25_2018-08-23|2018-12-22_2019-01-20|2019-12-17_2020-01-15|2022-03-06_2022-04-04|2022-12-31_2023-01-29|2023-03-01_2023-03-30|2024-12-20_2025-01-18|2025-08-17_2025-09-15
0.0,2,PPI m/m|CPI y/y,Good|Good,12,6,6,50.0,50.0,1.0,2018-08-24_2018-09-22|2019-02-20_2019-03-21|2019-09-18_2019-10-17|2022-11-01_2022-11-30|2023-03-31_2023-04-29|2023-04-30_2023-05-29|2023-05-30_2023-06-28|2023-06-29_2023-07-28|2024-05-24_2024-06-22|2024-07-23_2024-08-21|2025-02-18_2025-03-19|2025-05-19_2025-06-17
0.0,2,PPI m/m|CPI y/y,Neutral|Good,3,2,1,66.7,33.3,2.0,2018-09-23_2018-10-22|2019-04-21_2019-05-20|2019-05-21_2019-06-19
0.0,2,PPI m/m|CPI y/y,Good|Bad,7,3,4,42.9,57.1,0.75,2019-01-21_2019-02-19|2019-11-17_2019-12-16|2020-02-15_2020-03-15|2021-10-07_2021-11-05|2024-03-25_2024-04-23|2024-09-21_2024-10-20|2025-06-18_2025-07-17
0.0,2,PPI m/m|CPI y/y,Bad|Bad,8,6,2,75.0,25.0,3.0,2019-03-22_2019-04-20|2020-07-14_2020-08-12|2022-07-04_2022-08-02|2022-10-02_2022-10-31|2023-01-30_2023-02-28|2023-08-28_2023-09-26|2023-09-27_2023-10-26|2024-01-25_2024-02-23
0.0,2,PPI m/m|CPI y/y,Bad|Good,8,7,1,87.5,12.5,7.0,2019-08-19_2019-09-17|2020-03-16_2020-04-14|2020-05-15_2020-06-13|2020-11-11_2020-12-10|2022-12-01_2022-12-30|2023-07-29_2023-08-27|2024-06-23_2024-07-22|2025-07-18_2025-08-16
0.0,2,PPI m/m|CPI y/y,Neutral|Neutral,2,2,0,100.0,0.0,inf,2023-11-26_2023-12-25|2024-10-21_2024-11-19
0.1,2,PPI m/m|CPI y/y,Neutral|Bad,5,3,2,60.0,40.0,1.5,2018-01-26_2018-02-24|2021-10-07_2021-11-05|2022-09-02_2022-10-01|2024-03-25_2024-04-23|2024-09-21_2024-10-20
0.1,2,PPI m/m|CPI y/y,Bad|Neutral,9,5,4,55.6,44.4,1.25,2018-03-27_2018-04-25|2018-10-23_2018-11-21|2019-03-22_2019-04-20|2020-10-12_2020-11-10|2021-02-09_2021-03-10|2021-12-06_2022-01-04|2022-10-02_2022-10-31|2024-11-20_2024-12-19|2025-07-18_2025-08-16
0.1,2,PPI m/m|CPI y/y,Neutral|Neutral,12,8,4,66.7,33.3,2.0,2018-06-25_2018-07-24|2018-12-22_2019-01-20|2019-05-21_2019-06-19|2019-12-17_2020-01-15|2020-02-15_2020-03-15|2020-11-11_2020-12-10|2021-09-07_2021-10-06|2023-04-30_2023-05-29|2023-07-29_2023-08-27|2023-11-26_2023-12-25|2024-08-22_2024-09-20|2024-10-21_2024-11-19
0.1,2,PPI m/m|CPI y/y,Good|Neutral,9,4,5,44.4,55.6,0.8,2018-07-25_2018-08-23|2018-08-24_2018-09-22|2022-03-06_2022-04-04|2022-12-31_2023-01-29|2023-03-01_2023-03-30|2023-03-31_2023-04-29|2023-05-30_2023-06-28|2024-12-20_2025-01-18|2025-08-17_2025-09-15
0.1,2,PPI m/m|CPI y/y,Neutral|Good,10,9,1,90.0,10.0,9.0,2018-09-23_2018-10-22|2019-02-20_2019-03-21|2019-04-21_2019-05-20|2019-08-19_2019-09-17|2020-03-16_2020-04-14|2022-12-01_2022-12-30|2023-06-29_2023-07-28|2024-06-23_2024-07-22|2024-07-23_2024-08-21|2025-05-19_2025-06-17
0.1,2,PPI m/m|CPI y/y,Good|Bad,3,1,2,33.3,66.7,0.5,2019-01-21_2019-02-19|2019-11-17_2019-12-16|2025-06-18_2025-07-17
0.1,2,PPI m/m|CPI y/y,Good|Good,4,2,2,50.0,50.0,1.0,2019-09-18_2019-10-17|2022-11-01_2022-11-30|2024-05-24_2024-06-22|2025-02-18_2025-03-19
0.1,2,PPI m/m|CPI y/y,Bad|Good,1,1,0,100.0,0.0,inf,2020-05-15_2020-06-13
0.1,2,PPI m/m|CPI y/y,Bad|Bad,6,5,1,83.3,16.7,5.0,2020-07-14_2020-08-12|2022-07-04_2022-08-02|2023-01-30_2023-02-28|2023-08-28_2023-09-26|2023-09-27_2023-10-26|2024-01-25_2024-02-23
0.2,2,PPI m/m|CPI y/y,Neutral|Bad,3,3,0,100.0,0.0,inf,2018-01-26_2018-02-24|2022-09-02_2022-10-01|2024-01-25_2024-02-23
0.2,2,PPI m/m|CPI y/y,Neutral|Neutral,36,22,14,61.1,38.9,1.57,2018-03-27_2018-04-25|2018-06-25_2018-07-24|2018-07-25_2018-08-23|2018-09-23_2018-10-22|2018-12-22_2019-01-20|2019-01-21_2019-02-19|2019-02-20_2019-03-21|2019-04-21_2019-05-20|2019-05-21_2019-06-19|2019-08-19_2019-09-17|2019-11-17_2019-12-16|2019-12-17_2020-01-15|2020-02-15_2020-03-15|2020-03-16_2020-04-14|2020-10-12_2020-11-10|2020-11-11_2020-12-10|2021-09-07_2021-10-06|2021-10-07_2021-11-05|2022-03-06_2022-04-04|2022-10-02_2022-10-31|2023-04-30_2023-05-29|2023-05-30_2023-06-28|2023-06-29_2023-07-28|2023-07-29_2023-08-27|2023-09-27_2023-10-26|2023-11-26_2023-12-25|2024-03-25_2024-04-23|2024-06-23_2024-07-22|2024-07-23_2024-08-21|2024-08-22_2024-09-20|2024-09-21_2024-10-20|2024-10-21_2024-11-19|2024-11-20_2024-12-19|2024-12-20_2025-01-18|2025-05-19_2025-06-17|2025-06-18_2025-07-17
0.2,2,PPI m/m|CPI y/y,Good|Neutral,8,3,5,37.5,62.5,0.6,2018-08-24_2018-09-22|2019-09-18_2019-10-17|2022-12-31_2023-01-29|2023-03-01_2023-03-30|2023-03-31_2023-04-29|2024-05-24_2024-06-22|2025-02-18_2025-03-19|2025-08-17_2025-09-15
0.2,2,PPI m/m|CPI y/y,Bad|Neutral,8,6,2,75.0,25.0,3.0,2018-10-23_2018-11-21|2019-03-22_2019-04-20|2020-05-15_2020-06-13|2020-07-14_2020-08-12|2021-02-09_2021-03-10|2021-12-06_2022-01-04|2023-08-28_2023-09-26|2025-07-18_2025-08-16
0.2,2,PPI m/m|CPI y/y,Bad|Bad,2,2,0,100.0,0.0,inf,2022-07-04_2022-08-02|2023-01-30_2023-02-28
0.2,2,PPI m/m|CPI y/y,Neutral|Good,2,2,0,100.0,0.0,inf,2022-11-01_2022-11-30|2022-12-01_2022-12-30
0.3,2,PPI m/m|CPI y/y,Neutral|Neutral,46,31,15,67.4,32.6,2.07,2018-01-26_2018-02-24|2018-03-27_2018-04-25|2018-06-25_2018-07-24|2018-07-25_2018-08-23|2018-09-23_2018-10-22|2018-12-22_2019-01-20|2019-01-21_2019-02-19|2019-02-20_2019-03-21|2019-03-22_2019-04-20|2019-04-21_2019-05-20|2019-05-21_2019-06-19|2019-08-19_2019-09-17|2019-11-17_2019-12-16|2019-12-17_2020-01-15|2020-02-15_2020-03-15|2020-03-16_2020-04-14|2020-07-14_2020-08-12|2020-10-12_2020-11-10|2020-11-11_2020-12-10|2021-09-07_2021-10-06|2021-10-07_2021-11-05|2022-03-06_2022-04-04|2022-09-02_2022-10-01|2022-10-02_2022-10-31|2022-11-01_2022-11-30|2022-12-01_2022-12-30|2023-01-30_2023-02-28|2023-04-30_2023-05-29|2023-05-30_2023-06-28|2023-06-29_2023-07-28|2023-07-29_2023-08-27|2023-08-28_2023-09-26|2023-09-27_2023-10-26|2023-11-26_2023-12-25|2024-01-25_2024-02-23|2024-03-25_2024-04-23|2024-06-23_2024-07-22|2024-07-23_2024-08-21|2024-08-22_2024-09-20|2024-09-21_2024-10-20|2024-10-21_2024-11-19|2024-11-20_2024-12-19|2024-12-20_2025-01-18|2025-02-18_2025-03-19|2025-05-19_2025-06-17|2025-06-18_2025-07-17
0.3,2,PPI m/m|CPI y/y,Good|Neutral,7,2,5,28.6,71.4,0.4,2018-08-24_2018-09-22|2019-09-18_2019-10-17|2022-12-31_2023-01-29|2023-03-01_2023-03-30|2023-03-31_2023-04-29|2024-05-24_2024-06-22|2025-08-17_2025-09-15
0.3,2,PPI m/m|CPI y/y,Bad|Neutral,5,4,1,80.0,20.0,4.0,2018-10-23_2018-11-21|2020-05-15_2020-06-13|2021-02-09_2021-03-10|2021-12-06_2022-01-04|2025-07-18_2025-08-16
0.3,2,PPI m/m|CPI y/y,Bad|Bad,1,1,0,100.0,0.0,inf,2022-07-04_2022-08-02
0.0,2,Core PPI m/m|FOMC,Good|Neutral,5,4,1,80.0,20.0,4.0,2023-03-01_2023-03-30|2023-06-29_2023-07-28|2023-11-26_2023-12-25|2024-05-24_2024-06-22|2024-07-23_2024-08-21
0.0,2,Core PPI m/m|FOMC,Neutral|Neutral,5,2,3,40.0,60.0,0.67,2023-04-30_2023-05-29|2023-05-30_2023-06-28|2023-08-28_2023-09-26|2024-10-21_2024-11-19|2024-11-20_2024-12-19
0.0,2,Core PPI m/m|FOMC,Bad|Good,1,1,0,100.0,0.0,inf,2024-08-22_2024-09-20
0.1,2,Core PPI m/m|FOMC,Good|Neutral,4,3,1,75.0,25.0,3.0,2023-03-01_2023-03-30|2023-11-26_2023-12-25|2024-05-24_2024-06-22|2024-07-23_2024-08-21
0.1,2,Core PPI m/m|FOMC,Neutral|Neutral,6,3,3,50.0,50.0,1.0,2023-04-30_2023-05-29|2023-05-30_2023-06-28|2023-06-29_2023-07-28|2023-08-28_2023-09-26|2024-10-21_2024-11-19|2024-11-20_2024-12-19
0.1,2,Core PPI m/m|FOMC,Neutral|Good,1,1,0,100.0,0.0,inf,2024-08-22_2024-09-20
0.2,2,Core PPI m/m|FOMC,Good|Neutral,2,1,1,50.0,50.0,1.0,2023-03-01_2023-03-30|2024-05-24_2024-06-22
0.2,2,Core PPI m/m|FOMC,Neutral|Neutral,8,5,3,62.5,37.5,1.67,2023-04-30_2023-05-29|2023-05-30_2023-06-28|2023-06-29_2023-07-28|2023-08-28_2023-09-26|2023-11-26_2023-12-25|2024-07-23_2024-08-21|2024-10-21_2024-11-19|2024-11-20_2024-12-19
0.2,2,Core PPI m/m|FOMC,Neutral|Good,1,1,0,100.0,0.0,inf,2024-08-22_2024-09-20
0.3,2,Core PPI m/m|FOMC,Good|Neutral,1,1,0,100.0,0.0,inf,2023-03-01_2023-03-30
0.3,2,Core PPI m/m|FOMC,Neutral|Neutral,10,6,4,60.0,40.0,1.5,2023-04-30_2023-05-29|2023-05-30_2023-06-28|2023-06-29_2023-07-28|2023-08-28_2023-09-26|2023-11-26_2023-12-25|2024-05-24_2024-06-22|2024-07-23_2024-08-21|2024-08-22_2024-09-20|2024-10-21_2024-11-19|2024-11-20_2024-12-19
0.0,2,Core PPI m/m|CPI y/y,Bad|Bad,8,7,1,87.5,12.5,7.0,2018-01-26_2018-02-24|2019-01-21_2019-02-19|2019-03-22_2019-04-20|2020-07-14_2020-08-12|2022-09-02_2022-10-01|2023-01-30_2023-02-28|2023-09-27_2023-10-26|2024-01-25_2024-02-23
0.0,2,Core PPI m/m|CPI y/y,Bad|Neutral,8,4,4,50.0,50.0,1.0,2018-03-27_2018-04-25|2018-06-25_2018-07-24|2018-10-23_2018-11-21|2020-10-12_2020-11-10|2021-02-09_2021-03-10|2021-09-07_2021-10-06|2021-12-06_2022-01-04|2024-08-22_2024-09-20
0.0,2,Core PPI m/m|CPI y/y,Good|Neutral,8,6,2,75.0,25.0,3.0,2018-07-25_2018-08-23|2018-12-22_2019-01-20|2019-12-17_2020-01-15|2022-03-06_2022-04-04|2023-03-01_2023-03-30|2023-11-26_2023-12-25|2024-12-20_2025-01-18|2025-08-17_2025-09-15
0.0,2,Core PPI m/m|CPI y/y,Good|Good,12,8,4,66.7,33.3,2.0,2018-08-24_2018-09-22|2019-02-20_2019-03-21|2019-04-21_2019-05-20|2019-09-18_2019-10-17|2020-11-11_2020-12-10|2022-11-01_2022-11-30|2023-03-31_2023-04-29|2023-06-29_2023-07-28|2024-05-24_2024-06-22|2024-07-23_2024-08-21|2025-02-18_2025-03-19|2025-05-19_2025-06-17
0.0,2,Core PPI m/m|CPI y/y,Neutral|Good,5,2,3,40.0,60.0,0.67,2018-09-23_2018-10-22|2019-05-21_2019-06-19|2020-05-15_2020-06-13|2023-04-30_2023-05-29|2023-05-30_2023-06-28
0.0,2,Core PPI m/m|CPI y/y,Bad|Good,6,5,1,83.3,16.7,5.0,2019-08-19_2019-09-17|2020-03-16_2020-04-14|2022-12-01_2022-12-30|2023-07-29_2023-08-27|2024-06-23_2024-07-22|2025-07-18_2025-08-16
0.0,2,Core PPI m/m|CPI y/y,Good|Bad,5,2,3,40.0,60.0,0.67,2019-11-17_2019-12-16|2020-02-15_2020-03-15|2021-10-07_2021-11-05|2022-07-04_2022-08-02|2025-06-18_2025-07-17
0.0,2,Core PPI m/m|CPI y/y,Neutral|Bad,4,2,2,50.0,50.0,1.0,2022-10-02_2022-10-31|2023-08-28_2023-09-26|2024-03-25_2024-04-23|2024-09-21_2024-10-20
0.0,2,Core PPI m/m|CPI y/y,Neutral|Neutral,3,2,1,66.7,33.3,2.0,2022-12-31_2023-01-29|2024-10-21_2024-11-19|2024-11-20_2024-12-19
0.1,2,Core PPI m/m|CPI y/y,Bad|Bad,5,4,1,80.0,20.0,4.0,2018-01-26_2018-02-24|2020-07-14_2020-08-12|2022-09-02_2022-10-01|2023-01-30_2023-02-28|2024-01-25_2024-02-23
0.1,2,Core PPI m/m|CPI y/y,Neutral|Neutral,17,10,7,58.8,41.2,1.43,2018-03-27_2018-04-25|2018-06-25_2018-07-24|2018-07-25_2018-08-23|2019-03-22_2019-04-20|2019-05-21_2019-06-19|2019-12-17_2020-01-15|2020-02-15_2020-03-15|2020-11-11_2020-12-10|2021-09-07_2021-10-06|2022-10-02_2022-10-31|2022-12-31_2023-01-29|2023-04-30_2023-05-29|2023-05-30_2023-06-28|2023-07-29_2023-08-27|2024-08-22_2024-09-20|2024-10-21_2024-11-19|2024-11-20_2024-12-19
0.1,2,Core PPI m/m|CPI y/y,Good|Neutral,8,4,4,50.0,50.0,1.0,2018-08-24_2018-09-22|2018-12-22_2019-01-20|2022-03-06_2022-04-04|2023-03-01_2023-03-30|2023-03-31_2023-04-29|2023-11-26_2023-12-25|2024-12-20_2025-01-18|2025-08-17_2025-09-15
0.1,2,Core PPI m/m|CPI y/y,Neutral|Good,6,5,1,83.3,16.7,5.0,2018-09-23_2018-10-22|2019-02-20_2019-03-21|2019-04-21_2019-05-20|2019-08-19_2019-09-17|2020-05-15_2020-06-13|2023-06-29_2023-07-28
0.1,2,Core PPI m/m|CPI y/y,Bad|Neutral,5,3,2,60.0,40.0,1.5,2018-10-23_2018-11-21|2020-10-12_2020-11-10|2021-02-09_2021-03-10|2021-12-06_2022-01-04|2025-07-18_2025-08-16
0.1,2,Core PPI m/m|CPI y/y,Neutral|Bad,6,5,1,83.3,16.7,5.0,2019-01-21_2019-02-19|2022-07-04_2022-08-02|2023-08-28_2023-09-26|2023-09-27_2023-10-26|2024-03-25_2024-04-23|2024-09-21_2024-10-20
0.1,2,Core PPI m/m|CPI y/y,Good|Good,6,4,2,66.7,33.3,2.0,2019-09-18_2019-10-17|2022-11-01_2022-11-30|2024-05-24_2024-06-22|2024-07-23_2024-08-21|2025-02-18_2025-03-19|2025-05-19_2025-06-17
0.1,2,Core PPI m/m|CPI y/y,Good|Bad,3,0,3,0.0,100.0,0.0,2019-11-17_2019-12-16|2021-10-07_2021-11-05|2025-06-18_2025-07-17
0.1,2,Core PPI m/m|CPI y/y,Bad|Good,3,3,0,100.0,0.0,inf,2020-03-16_2020-04-14|2022-12-01_2022-12-30|2024-06-23_2024-07-22
0.2,2,Core PPI m/m|CPI y/y,Neutral|Bad,4,4,0,100.0,0.0,inf,2018-01-26_2018-02-24|2022-07-04_2022-08-02|2022-09-02_2022-10-01|2023-01-30_2023-02-28
0.2,2,Core PPI m/m|CPI y/y,Neutral|Neutral,36,24,12,66.7,33.3,2.0,2018-03-27_2018-04-25|2018-06-25_2018-07-24|2018-07-25_2018-08-23|2018-09-23_2018-10-22|2019-01-21_2019-02-19|2019-02-20_2019-03-21|2019-03-22_2019-04-20|2019-04-21_2019-05-20|2019-05-21_2019-06-19|2019-08-19_2019-09-17|2019-12-17_2020-01-15|2020-02-15_2020-03-15|2020-03-16_2020-04-14|2020-05-15_2020-06-13|2020-10-12_2020-11-10|2020-11-11_2020-12-10|2021-09-07_2021-10-06|2022-10-02_2022-10-31|2022-12-31_2023-01-29|2023-04-30_2023-05-29|2023-05-30_2023-06-28|2023-06-29_2023-07-28|2023-07-29_2023-08-27|2023-08-28_2023-09-26|2023-09-27_2023-10-26|2023-11-26_2023-12-25|2024-03-25_2024-04-23|2024-06-23_2024-07-22|2024-07-23_2024-08-21|2024-08-22_2024-09-20|2024-09-21_2024-10-20|2024-10-21_2024-11-19|2024-11-20_2024-12-19|2024-12-20_2025-01-18|2025-05-19_2025-06-17|2025-06-18_2025-07-17
0.2,2,Core PPI m/m|CPI y/y,Good|Neutral,11,4,7,36.4,63.6,0.57,2018-08-24_2018-09-22|2018-12-22_2019-01-20|2019-09-18_2019-10-17|2019-11-17_2019-12-16|2021-10-07_2021-11-05|2022-03-06_2022-04-04|2023-03-01_2023-03-30|2023-03-31_2023-04-29|2024-05-24_2024-06-22|2025-02-18_2025-03-19|2025-08-17_2025-09-15
0.2,2,Core PPI m/m|CPI y/y,Bad|Neutral,5,3,2,60.0,40.0,1.5,2018-10-23_2018-11-21|2020-07-14_2020-08-12|2021-02-09_2021-03-10|2021-12-06_2022-01-04|2025-07-18_2025-08-16
0.2,2,Core PPI m/m|CPI y/y,Good|Good,1,1,0,100.0,0.0,inf,2022-11-01_2022-11-30
0.2,2,Core PPI m/m|CPI y/y,Neutral|Good,1,1,0,100.0,0.0,inf,2022-12-01_2022-12-30
0.2,2,Core PPI m/m|CPI y/y,Bad|Bad,1,1,0,100.0,0.0,inf,2024-01-25_2024-02-23
0.3,2,Core PPI m/m|CPI y/y,Neutral|Neutral,45,30,15,66.7,33.3,2.0,2018-01-26_2018-02-24|2018-03-27_2018-04-25|2018-06-25_2018-07-24|2018-07-25_2018-08-23|2018-09-23_2018-10-22|2018-10-23_2018-11-21|2019-01-21_2019-02-19|2019-02-20_2019-03-21|2019-03-22_2019-04-20|2019-04-21_2019-05-20|2019-05-21_2019-06-19|2019-08-19_2019-09-17|2019-12-17_2020-01-15|2020-02-15_2020-03-15|2020-03-16_2020-04-14|2020-05-15_2020-06-13|2020-10-12_2020-11-10|2020-11-11_2020-12-10|2021-09-07_2021-10-06|2021-10-07_2021-11-05|2021-12-06_2022-01-04|2022-09-02_2022-10-01|2022-10-02_2022-10-31|2022-11-01_2022-11-30|2022-12-01_2022-12-30|2022-12-31_2023-01-29|2023-01-30_2023-02-28|2023-04-30_2023-05-29|2023-05-30_2023-06-28|2023-06-29_2023-07-28|2023-07-29_2023-08-27|2023-08-28_2023-09-26|2023-09-27_2023-10-26|2023-11-26_2023-12-25|2024-03-25_2024-04-23|2024-05-24_2024-06-22|2024-06-23_2024-07-22|2024-07-23_2024-08-21|2024-08-22_2024-09-20|2024-09-21_2024-10-20|2024-10-21_2024-11-19|2024-11-20_2024-12-19|2024-12-20_2025-01-18|2025-05-19_2025-06-17|2025-06-18_2025-07-17
0.3,2,Core PPI m/m|CPI y/y,Good|Neutral,9,4,5,44.4,55.6,0.8,2018-08-24_2018-09-22|2018-12-22_2019-01-20|2019-09-18_2019-10-17|2019-11-17_2019-12-16|2022-03-06_2022-04-04|2023-03-01_2023-03-30|2023-03-31_2023-04-29|2025-02-18_2025-03-19|2025-08-17_2025-09-15
0.3,2,Core PPI m/m|CPI y/y,Bad|Neutral,4,3,1,75.0,25.0,3.0,2020-07-14_2020-08-12|2021-02-09_2021-03-10|2024-01-25_2024-02-23|2025-07-18_2025-08-16
0.3,2,Core PPI m/m|CPI y/y,Neutral|Bad,1,1,0,100.0,0.0,inf,2022-07-04_2022-08-02
0.0,2,FOMC|CPI y/y,Neutral|Neutral,4,3,1,75.0,25.0,3.0,2023-03-01_2023-03-30|2023-11-26_2023-12-25|2024-10-21_2024-11-19|2024-11-20_2024-12-19
0.0,2,FOMC|CPI y/y,Neutral|Good,5,2,3,40.0,60.0,0.67,2023-04-30_2023-05-29|2023-05-30_2023-06-28|2023-06-29_2023-07-28|2024-05-24_2024-06-22|2024-07-23_2024-08-21
0.0,2,FOMC|CPI y/y,Neutral|Bad,1,1,0,100.0,0.0,inf,2023-08-28_2023-09-26
0.0,2,FOMC|CPI y/y,Good|Neutral,1,1,0,100.0,0.0,inf,2024-08-22_2024-09-20
0.1,2,FOMC|CPI y/y,Neutral|Neutral,6,3,3,50.0,50.0,1.0,2023-03-01_2023-03-30|2023-04-30_2023-05-29|2023-05-30_2023-06-28|2023-11-26_2023-12-25|2024-10-21_2024-11-19|2024-11-20_2024-12-19
0.1,2,FOMC|CPI y/y,Neutral|Good,3,2,1,66.7,33.3,2.0,2023-06-29_2023-07-28|2024-05-24_2024-06-22|2024-07-23_2024-08-21
0.1,2,FOMC|CPI y/y,Neutral|Bad,1,1,0,100.0,0.0,inf,2023-08-28_2023-09-26
0.1,2,FOMC|CPI y/y,Good|Neutral,1,1,0,100.0,0.0,inf,2024-08-22_2024-09-20
0.2,2,FOMC|CPI y/y,Neutral|Neutral,10,6,4,60.0,40.0,1.5,2023-03-01_2023-03-30|2023-04-30_2023-05-29|2023-05-30_2023-06-28|2023-06-29_2023-07-28|2023-08-28_2023-09-26|2023-11-26_2023-12-25|2024-05-24_2024-06-22|2024-07-23_2024-08-21|2024-10-21_2024-11-19|2024-11-20_2024-12-19
0.2,2,FOMC|CPI y/y,Good|Neutral,1,1,0,100.0,0.0,inf,2024-08-22_2024-09-20
0.3,2,FOMC|CPI y/y,Neutral|Neutral,11,7,4,63.6,36.4,1.75,2023-03-01_2023-03-30|2023-04-30_2023-05-29|2023-05-30_2023-06-28|2023-06-29_2023-07-28|2023-08-28_2023-09-26|2023-11-26_2023-12-25|2024-05-24_2024-06-22|2024-07-23_2024-08-21|2024-08-22_2024-09-20|2024-10-21_2024-11-19|2024-11-20_2024-12-19
