آستانه,تعداد_شاخص‌ها,لیست_شاخص‌ها,الگوی_وضعیت,تعداد_کل_وقوع,تعداد_ضررده,تعداد_سودده,درصد_ضررده,درصد_سودده,نسبت_شانس,دوره‌ها
0.0,1,CPI m/m,Good,9,7,2,77.8,22.2,3.5,2018-05-06_2018-05-15|2018-10-03_2018-10-12|2019-10-08_2019-10-17|2020-06-04_2020-06-13|2022-08-03_2022-08-12|2023-07-09_2023-07-18|2024-06-03_2024-06-12|2024-07-03_2024-07-12|2025-10-16_2025-10-25
0.0,1,CPI m/m,Neutral,7,5,2,71.4,28.6,2.5,2018-11-12_2018-11-21|2019-01-11_2019-01-20|2019-09-08_2019-09-17|2020-10-12_2020-10-21|2023-08-08_2023-08-17|2024-03-05_2024-03-14|2025-07-08_2025-07-17
0.0,1,CPI m/m,Bad,9,6,3,66.7,33.3,2.0,2020-07-14_2020-07-23|2020-12-01_2020-12-10|2021-04-10_2021-04-19|2021-11-06_2021-11-15|2022-07-04_2022-07-13|2022-10-12_2022-10-21|2023-10-07_2023-10-16|2024-01-05_2024-01-14|2024-02-04_2024-02-13
0.1,1,CPI m/m,Neutral,18,13,5,72.2,27.8,2.6,2018-05-06_2018-05-15|2018-10-03_2018-10-12|2018-11-12_2018-11-21|2019-01-11_2019-01-20|2019-09-08_2019-09-17|2019-10-08_2019-10-17|2020-06-04_2020-06-13|2020-07-14_2020-07-23|2020-10-12_2020-10-21|2020-12-01_2020-12-10|2021-04-10_2021-04-19|2023-07-09_2023-07-18|2023-08-08_2023-08-17|2024-01-05_2024-01-14|2024-02-04_2024-02-13|2024-03-05_2024-03-14|2024-06-03_2024-06-12|2025-07-08_2025-07-17
0.1,1,CPI m/m,Bad,4,4,0,100.0,0.0,inf,2021-11-06_2021-11-15|2022-07-04_2022-07-13|2022-10-12_2022-10-21|2023-10-07_2023-10-16
0.1,1,CPI m/m,Good,3,1,2,33.3,66.7,0.5,2022-08-03_2022-08-12|2024-07-03_2024-07-12|2025-10-16_2025-10-25
0.2,1,CPI m/m,Neutral,24,17,7,70.8,29.2,2.43,2018-05-06_2018-05-15|2018-10-03_2018-10-12|2018-11-12_2018-11-21|2019-01-11_2019-01-20|2019-09-08_2019-09-17|2019-10-08_2019-10-17|2020-06-04_2020-06-13|2020-07-14_2020-07-23|2020-10-12_2020-10-21|2020-12-01_2020-12-10|2021-04-10_2021-04-19|2022-07-04_2022-07-13|2022-08-03_2022-08-12|2022-10-12_2022-10-21|2023-07-09_2023-07-18|2023-08-08_2023-08-17|2023-10-07_2023-10-16|2024-01-05_2024-01-14|2024-02-04_2024-02-13|2024-03-05_2024-03-14|2024-06-03_2024-06-12|2024-07-03_2024-07-12|2025-07-08_2025-07-17|2025-10-16_2025-10-25
0.2,1,CPI m/m,Bad,1,1,0,100.0,0.0,inf,2021-11-06_2021-11-15
0.3,1,CPI m/m,Neutral,24,17,7,70.8,29.2,2.43,2018-05-06_2018-05-15|2018-10-03_2018-10-12|2018-11-12_2018-11-21|2019-01-11_2019-01-20|2019-09-08_2019-09-17|2019-10-08_2019-10-17|2020-06-04_2020-06-13|2020-07-14_2020-07-23|2020-10-12_2020-10-21|2020-12-01_2020-12-10|2021-04-10_2021-04-19|2022-07-04_2022-07-13|2022-08-03_2022-08-12|2022-10-12_2022-10-21|2023-07-09_2023-07-18|2023-08-08_2023-08-17|2023-10-07_2023-10-16|2024-01-05_2024-01-14|2024-02-04_2024-02-13|2024-03-05_2024-03-14|2024-06-03_2024-06-12|2024-07-03_2024-07-12|2025-07-08_2025-07-17|2025-10-16_2025-10-25
0.3,1,CPI m/m,Bad,1,1,0,100.0,0.0,inf,2021-11-06_2021-11-15
0.0,1,Core CPI m/m,Good,10,7,3,70.0,30.0,2.33,2018-05-06_2018-05-15|2018-10-03_2018-10-12|2019-10-08_2019-10-17|2020-06-04_2020-06-13|2022-08-03_2022-08-12|2023-07-09_2023-07-18|2024-06-03_2024-06-12|2024-07-03_2024-07-12|2025-07-08_2025-07-17|2025-10-16_2025-10-25
0.0,1,Core CPI m/m,Neutral,6,5,1,83.3,16.7,5.0,2018-11-12_2018-11-21|2019-01-11_2019-01-20|2020-10-12_2020-10-21|2023-08-08_2023-08-17|2023-10-07_2023-10-16|2024-01-05_2024-01-14
0.0,1,Core CPI m/m,Bad,9,6,3,66.7,33.3,2.0,2019-09-08_2019-09-17|2020-07-14_2020-07-23|2020-12-01_2020-12-10|2021-04-10_2021-04-19|2021-11-06_2021-11-15|2022-07-04_2022-07-13|2022-10-12_2022-10-21|2024-02-04_2024-02-13|2024-03-05_2024-03-14
0.1,1,Core CPI m/m,Neutral,19,14,5,73.7,26.3,2.8,2018-05-06_2018-05-15|2018-10-03_2018-10-12|2018-11-12_2018-11-21|2019-01-11_2019-01-20|2019-09-08_2019-09-17|2019-10-08_2019-10-17|2020-06-04_2020-06-13|2020-07-14_2020-07-23|2020-10-12_2020-10-21|2020-12-01_2020-12-10|2021-04-10_2021-04-19|2023-07-09_2023-07-18|2023-08-08_2023-08-17|2023-10-07_2023-10-16|2024-01-05_2024-01-14|2024-06-03_2024-06-12|2024-07-03_2024-07-12|2025-07-08_2025-07-17|2025-10-16_2025-10-25
0.1,1,Core CPI m/m,Bad,5,4,1,80.0,20.0,4.0,2021-11-06_2021-11-15|2022-07-04_2022-07-13|2022-10-12_2022-10-21|2024-02-04_2024-02-13|2024-03-05_2024-03-14
0.1,1,Core CPI m/m,Good,1,0,1,0.0,100.0,0.0,2022-08-03_2022-08-12
0.2,1,Core CPI m/m,Neutral,25,18,7,72.0,28.0,2.57,2018-05-06_2018-05-15|2018-10-03_2018-10-12|2018-11-12_2018-11-21|2019-01-11_2019-01-20|2019-09-08_2019-09-17|2019-10-08_2019-10-17|2020-06-04_2020-06-13|2020-07-14_2020-07-23|2020-10-12_2020-10-21|2020-12-01_2020-12-10|2021-04-10_2021-04-19|2021-11-06_2021-11-15|2022-07-04_2022-07-13|2022-08-03_2022-08-12|2022-10-12_2022-10-21|2023-07-09_2023-07-18|2023-08-08_2023-08-17|2023-10-07_2023-10-16|2024-01-05_2024-01-14|2024-02-04_2024-02-13|2024-03-05_2024-03-14|2024-06-03_2024-06-12|2024-07-03_2024-07-12|2025-07-08_2025-07-17|2025-10-16_2025-10-25
0.3,1,Core CPI m/m,Neutral,25,18,7,72.0,28.0,2.57,2018-05-06_2018-05-15|2018-10-03_2018-10-12|2018-11-12_2018-11-21|2019-01-11_2019-01-20|2019-09-08_2019-09-17|2019-10-08_2019-10-17|2020-06-04_2020-06-13|2020-07-14_2020-07-23|2020-10-12_2020-10-21|2020-12-01_2020-12-10|2021-04-10_2021-04-19|2021-11-06_2021-11-15|2022-07-04_2022-07-13|2022-08-03_2022-08-12|2022-10-12_2022-10-21|2023-07-09_2023-07-18|2023-08-08_2023-08-17|2023-10-07_2023-10-16|2024-01-05_2024-01-14|2024-02-04_2024-02-13|2024-03-05_2024-03-14|2024-06-03_2024-06-12|2024-07-03_2024-07-12|2025-07-08_2025-07-17|2025-10-16_2025-10-25
0.0,1,PPI m/m,Good,9,6,3,66.7,33.3,2.0,2018-05-06_2018-05-15|2019-01-11_2019-01-20|2019-10-08_2019-10-17|2020-07-04_2020-07-13|2022-08-03_2022-08-12|2023-07-09_2023-07-18|2024-01-05_2024-01-14|2024-10-11_2024-10-20|2025-07-08_2025-07-17
0.0,1,PPI m/m,Neutral,3,3,0,100.0,0.0,inf,2018-10-03_2018-10-12|2020-12-11_2020-12-20|2021-11-06_2021-11-15
0.0,1,PPI m/m,Bad,14,12,2,85.7,14.3,6.0,2018-11-02_2018-11-11|2019-04-11_2019-04-20|2019-09-08_2019-09-17|2020-02-15_2020-02-24|2020-06-04_2020-06-13|2020-10-12_2020-10-21|2021-03-31_2021-04-09|2022-10-12_2022-10-21|2023-08-08_2023-08-17|2023-10-07_2023-10-16|2024-03-05_2024-03-14|2024-07-03_2024-07-12|2026-01-24_2026-02-02|2026-02-23_2026-03-04
0.1,1,PPI m/m,Neutral,10,8,2,80.0,20.0,4.0,2018-05-06_2018-05-15|2018-10-03_2018-10-12|2019-01-11_2019-01-20|2019-09-08_2019-09-17|2020-12-11_2020-12-20|2021-11-06_2021-11-15|2023-07-09_2023-07-18|2023-08-08_2023-08-17|2024-07-03_2024-07-12|2024-10-11_2024-10-20
0.1,1,PPI m/m,Bad,11,10,1,90.9,9.1,10.0,2018-11-02_2018-11-11|2019-04-11_2019-04-20|2020-02-15_2020-02-24|2020-06-04_2020-06-13|2020-10-12_2020-10-21|2021-03-31_2021-04-09|2022-10-12_2022-10-21|2023-10-07_2023-10-16|2024-03-05_2024-03-14|2026-01-24_2026-02-02|2026-02-23_2026-03-04
0.1,1,PPI m/m,Good,5,3,2,60.0,40.0,1.5,2019-10-08_2019-10-17|2020-07-04_2020-07-13|2022-08-03_2022-08-12|2024-01-05_2024-01-14|2025-07-08_2025-07-17
0.2,1,PPI m/m,Neutral,16,13,3,81.2,18.8,4.33,2018-05-06_2018-05-15|2018-10-03_2018-10-12|2019-01-11_2019-01-20|2019-09-08_2019-09-17|2020-10-12_2020-10-21|2020-12-11_2020-12-20|2021-11-06_2021-11-15|2022-10-12_2022-10-21|2023-07-09_2023-07-18|2023-08-08_2023-08-17|2023-10-07_2023-10-16|2024-01-05_2024-01-14|2024-07-03_2024-07-12|2024-10-11_2024-10-20|2025-07-08_2025-07-17|2026-02-23_2026-03-04
0.2,1,PPI m/m,Bad,7,6,1,85.7,14.3,6.0,2018-11-02_2018-11-11|2019-04-11_2019-04-20|2020-02-15_2020-02-24|2020-06-04_2020-06-13|2021-03-31_2021-04-09|2024-03-05_2024-03-14|2026-01-24_2026-02-02
0.2,1,PPI m/m,Good,3,2,1,66.7,33.3,2.0,2019-10-08_2019-10-17|2020-07-04_2020-07-13|2022-08-03_2022-08-12
0.3,1,PPI m/m,Neutral,19,15,4,78.9,21.1,3.75,2018-05-06_2018-05-15|2018-10-03_2018-10-12|2019-01-11_2019-01-20|2019-04-11_2019-04-20|2019-09-08_2019-09-17|2020-10-12_2020-10-21|2020-12-11_2020-12-20|2021-11-06_2021-11-15|2022-10-12_2022-10-21|2023-07-09_2023-07-18|2023-08-08_2023-08-17|2023-10-07_2023-10-16|2024-01-05_2024-01-14|2024-03-05_2024-03-14|2024-07-03_2024-07-12|2024-10-11_2024-10-20|2025-07-08_2025-07-17|2026-01-24_2026-02-02|2026-02-23_2026-03-04
0.3,1,PPI m/m,Bad,4,4,0,100.0,0.0,inf,2018-11-02_2018-11-11|2020-02-15_2020-02-24|2020-06-04_2020-06-13|2021-03-31_2021-04-09
0.3,1,PPI m/m,Good,3,2,1,66.7,33.3,2.0,2019-10-08_2019-10-17|2020-07-04_2020-07-13|2022-08-03_2022-08-12
0.0,1,Core PPI m/m,Neutral,5,4,1,80.0,20.0,4.0,2018-05-06_2018-05-15|2018-10-03_2018-10-12|2020-06-04_2020-06-13|2022-10-12_2022-10-21|2024-10-11_2024-10-20
0.0,1,Core PPI m/m,Bad,12,10,2,83.3,16.7,5.0,2018-11-02_2018-11-11|2019-04-11_2019-04-20|2019-09-08_2019-09-17|2020-02-15_2020-02-24|2020-10-12_2020-10-21|2021-03-31_2021-04-09|2023-08-08_2023-08-17|2023-10-07_2023-10-16|2024-03-05_2024-03-14|2024-07-03_2024-07-12|2026-01-24_2026-02-02|2026-02-23_2026-03-04
0.0,1,Core PPI m/m,Good,9,7,2,77.8,22.2,3.5,2019-01-11_2019-01-20|2019-10-08_2019-10-17|2020-07-04_2020-07-13|2020-12-11_2020-12-20|2021-11-06_2021-11-15|2022-08-03_2022-08-12|2023-07-09_2023-07-18|2024-01-05_2024-01-14|2025-07-08_2025-07-17
0.1,1,Core PPI m/m,Neutral,13,10,3,76.9,23.1,3.33,2018-05-06_2018-05-15|2018-10-03_2018-10-12|2019-04-11_2019-04-20|2019-09-08_2019-09-17|2020-06-04_2020-06-13|2020-12-11_2020-12-20|2021-11-06_2021-11-15|2022-10-12_2022-10-21|2023-07-09_2023-07-18|2023-08-08_2023-08-17|2023-10-07_2023-10-16|2024-03-05_2024-03-14|2024-10-11_2024-10-20
0.1,1,Core PPI m/m,Bad,7,7,0,100.0,0.0,inf,2018-11-02_2018-11-11|2020-02-15_2020-02-24|2020-10-12_2020-10-21|2021-03-31_2021-04-09|2024-07-03_2024-07-12|2026-01-24_2026-02-02|2026-02-23_2026-03-04
0.1,1,Core PPI m/m,Good,6,4,2,66.7,33.3,2.0,2019-01-11_2019-01-20|2019-10-08_2019-10-17|2020-07-04_2020-07-13|2022-08-03_2022-08-12|2024-01-05_2024-01-14|2025-07-08_2025-07-17
0.2,1,Core PPI m/m,Neutral,18,13,5,72.2,27.8,2.6,2018-05-06_2018-05-15|2018-10-03_2018-10-12|2019-04-11_2019-04-20|2019-09-08_2019-09-17|2020-06-04_2020-06-13|2020-10-12_2020-10-21|2020-12-11_2020-12-20|2021-11-06_2021-11-15|2022-08-03_2022-08-12|2022-10-12_2022-10-21|2023-07-09_2023-07-18|2023-08-08_2023-08-17|2023-10-07_2023-10-16|2024-01-05_2024-01-14|2024-03-05_2024-03-14|2024-07-03_2024-07-12|2024-10-11_2024-10-20|2025-07-08_2025-07-17
0.2,1,Core PPI m/m,Bad,5,5,0,100.0,0.0,inf,2018-11-02_2018-11-11|2020-02-15_2020-02-24|2021-03-31_2021-04-09|2026-01-24_2026-02-02|2026-02-23_2026-03-04
0.2,1,Core PPI m/m,Good,3,3,0,100.0,0.0,inf,2019-01-11_2019-01-20|2019-10-08_2019-10-17|2020-07-04_2020-07-13
0.3,1,Core PPI m/m,Neutral,20,15,5,75.0,25.0,3.0,2018-05-06_2018-05-15|2018-10-03_2018-10-12|2018-11-02_2018-11-11|2019-04-11_2019-04-20|2019-09-08_2019-09-17|2020-02-15_2020-02-24|2020-06-04_2020-06-13|2020-10-12_2020-10-21|2020-12-11_2020-12-20|2021-11-06_2021-11-15|2022-08-03_2022-08-12|2022-10-12_2022-10-21|2023-07-09_2023-07-18|2023-08-08_2023-08-17|2023-10-07_2023-10-16|2024-01-05_2024-01-14|2024-03-05_2024-03-14|2024-07-03_2024-07-12|2024-10-11_2024-10-20|2025-07-08_2025-07-17
0.3,1,Core PPI m/m,Good,3,3,0,100.0,0.0,inf,2019-01-11_2019-01-20|2019-10-08_2019-10-17|2020-07-04_2020-07-13
0.3,1,Core PPI m/m,Bad,3,3,0,100.0,0.0,inf,2021-03-31_2021-04-09|2026-01-24_2026-02-02|2026-02-23_2026-03-04
0.0,1,FOMC,Neutral,6,4,2,66.7,33.3,2.0,2023-03-21_2023-03-30|2023-04-30_2023-05-09|2023-07-19_2023-07-28|2023-09-17_2023-09-26|2024-06-03_2024-06-12|2024-10-31_2024-11-09
0.1,1,FOMC,Neutral,6,4,2,66.7,33.3,2.0,2023-03-21_2023-03-30|2023-04-30_2023-05-09|2023-07-19_2023-07-28|2023-09-17_2023-09-26|2024-06-03_2024-06-12|2024-10-31_2024-11-09
0.2,1,FOMC,Neutral,6,4,2,66.7,33.3,2.0,2023-03-21_2023-03-30|2023-04-30_2023-05-09|2023-07-19_2023-07-28|2023-09-17_2023-09-26|2024-06-03_2024-06-12|2024-10-31_2024-11-09
0.3,1,FOMC,Neutral,6,4,2,66.7,33.3,2.0,2023-03-21_2023-03-30|2023-04-30_2023-05-09|2023-07-19_2023-07-28|2023-09-17_2023-09-26|2024-06-03_2024-06-12|2024-10-31_2024-11-09
0.0,1,CPI y/y,Neutral,6,5,1,83.3,16.7,5.0,2018-05-06_2018-05-15|2018-11-12_2018-11-21|2019-01-11_2019-01-20|2020-07-14_2020-07-23|2020-10-12_2020-10-21|2020-12-01_2020-12-10
0.0,1,CPI y/y,Good,11,8,3,72.7,27.3,2.67,2018-10-03_2018-10-12|2019-09-08_2019-09-17|2019-10-08_2019-10-17|2020-06-04_2020-06-13|2022-08-03_2022-08-12|2023-07-09_2023-07-18|2023-08-08_2023-08-17|2024-06-03_2024-06-12|2024-07-03_2024-07-12|2025-10-16_2025-10-25|2025-12-15_2025-12-24
0.0,1,CPI y/y,Bad,9,6,3,66.7,33.3,2.0,2021-04-10_2021-04-19|2021-11-06_2021-11-15|2022-07-04_2022-07-13|2022-10-12_2022-10-21|2023-10-07_2023-10-16|2024-01-05_2024-01-14|2024-02-04_2024-02-13|2024-03-05_2024-03-14|2025-07-08_2025-07-17
0.1,1,CPI y/y,Neutral,8,6,2,75.0,25.0,3.0,2018-05-06_2018-05-15|2018-11-12_2018-11-21|2019-01-11_2019-01-20|2020-07-14_2020-07-23|2020-10-12_2020-10-21|2020-12-01_2020-12-10|2022-10-12_2022-10-21|2023-08-08_2023-08-17
0.1,1,CPI y/y,Good,10,8,2,80.0,20.0,4.0,2018-10-03_2018-10-12|2019-09-08_2019-09-17|2019-10-08_2019-10-17|2020-06-04_2020-06-13|2022-08-03_2022-08-12|2023-07-09_2023-07-18|2024-06-03_2024-06-12|2024-07-03_2024-07-12|2025-10-16_2025-10-25|2025-12-15_2025-12-24
0.1,1,CPI y/y,Bad,8,5,3,62.5,37.5,1.67,2021-04-10_2021-04-19|2021-11-06_2021-11-15|2022-07-04_2022-07-13|2023-10-07_2023-10-16|2024-01-05_2024-01-14|2024-02-04_2024-02-13|2024-03-05_2024-03-14|2025-07-08_2025-07-17
0.2,1,CPI y/y,Neutral,22,16,6,72.7,27.3,2.67,2018-05-06_2018-05-15|2018-10-03_2018-10-12|2018-11-12_2018-11-21|2019-01-11_2019-01-20|2019-09-08_2019-09-17|2019-10-08_2019-10-17|2020-06-04_2020-06-13|2020-07-14_2020-07-23|2020-10-12_2020-10-21|2020-12-01_2020-12-10|2021-04-10_2021-04-19|2022-08-03_2022-08-12|2022-10-12_2022-10-21|2023-07-09_2023-07-18|2023-08-08_2023-08-17|2023-10-07_2023-10-16|2024-01-05_2024-01-14|2024-03-05_2024-03-14|2024-06-03_2024-06-12|2024-07-03_2024-07-12|2025-07-08_2025-07-17|2025-10-16_2025-10-25
0.2,1,CPI y/y,Bad,3,2,1,66.7,33.3,2.0,2021-11-06_2021-11-15|2022-07-04_2022-07-13|2024-02-04_2024-02-13
0.2,1,CPI y/y,Good,1,1,0,100.0,0.0,inf,2025-12-15_2025-12-24
0.3,1,CPI y/y,Neutral,24,17,7,70.8,29.2,2.43,2018-05-06_2018-05-15|2018-10-03_2018-10-12|2018-11-12_2018-11-21|2019-01-11_2019-01-20|2019-09-08_2019-09-17|2019-10-08_2019-10-17|2020-06-04_2020-06-13|2020-07-14_2020-07-23|2020-10-12_2020-10-21|2020-12-01_2020-12-10|2021-04-10_2021-04-19|2021-11-06_2021-11-15|2022-08-03_2022-08-12|2022-10-12_2022-10-21|2023-07-09_2023-07-18|2023-08-08_2023-08-17|2023-10-07_2023-10-16|2024-01-05_2024-01-14|2024-02-04_2024-02-13|2024-03-05_2024-03-14|2024-06-03_2024-06-12|2024-07-03_2024-07-12|2025-07-08_2025-07-17|2025-10-16_2025-10-25
0.3,1,CPI y/y,Bad,1,1,0,100.0,0.0,inf,2022-07-04_2022-07-13
0.3,1,CPI y/y,Good,1,1,0,100.0,0.0,inf,2025-12-15_2025-12-24
0.0,2,CPI m/m|Core CPI m/m,Good|Good,9,7,2,77.8,22.2,3.5,2018-05-06_2018-05-15|2018-10-03_2018-10-12|2019-10-08_2019-10-17|2020-06-04_2020-06-13|2022-08-03_2022-08-12|2023-07-09_2023-07-18|2024-06-03_2024-06-12|2024-07-03_2024-07-12|2025-10-16_2025-10-25
0.0,2,CPI m/m|Core CPI m/m,Neutral|Neutral,4,3,1,75.0,25.0,3.0,2018-11-12_2018-11-21|2019-01-11_2019-01-20|2020-10-12_2020-10-21|2023-08-08_2023-08-17
0.0,2,CPI m/m|Core CPI m/m,Neutral|Bad,2,2,0,100.0,0.0,inf,2019-09-08_2019-09-17|2024-03-05_2024-03-14
0.0,2,CPI m/m|Core CPI m/m,Bad|Bad,7,4,3,57.1,42.9,1.33,2020-07-14_2020-07-23|2020-12-01_2020-12-10|2021-04-10_2021-04-19|2021-11-06_2021-11-15|2022-07-04_2022-07-13|2022-10-12_2022-10-21|2024-02-04_2024-02-13
0.0,2,CPI m/m|Core CPI m/m,Bad|Neutral,2,2,0,100.0,0.0,inf,2023-10-07_2023-10-16|2024-01-05_2024-01-14
0.0,2,CPI m/m|Core CPI m/m,Neutral|Good,1,0,1,0.0,100.0,0.0,2025-07-08_2025-07-17
0.1,2,CPI m/m|Core CPI m/m,Neutral|Neutral,16,12,4,75.0,25.0,3.0,2018-05-06_2018-05-15|2018-10-03_2018-10-12|2018-11-12_2018-11-21|2019-01-11_2019-01-20|2019-09-08_2019-09-17|2019-10-08_2019-10-17|2020-06-04_2020-06-13|2020-07-14_2020-07-23|2020-10-12_2020-10-21|2020-12-01_2020-12-10|2021-04-10_2021-04-19|2023-07-09_2023-07-18|2023-08-08_2023-08-17|2024-01-05_2024-01-14|2024-06-03_2024-06-12|2025-07-08_2025-07-17
0.1,2,CPI m/m|Core CPI m/m,Bad|Bad,3,3,0,100.0,0.0,inf,2021-11-06_2021-11-15|2022-07-04_2022-07-13|2022-10-12_2022-10-21
0.1,2,CPI m/m|Core CPI m/m,Good|Good,1,0,1,0.0,100.0,0.0,2022-08-03_2022-08-12
0.1,2,CPI m/m|Core CPI m/m,Bad|Neutral,1,1,0,100.0,0.0,inf,2023-10-07_2023-10-16
0.1,2,CPI m/m|Core CPI m/m,Neutral|Bad,2,1,1,50.0,50.0,1.0,2024-02-04_2024-02-13|2024-03-05_2024-03-14
0.1,2,CPI m/m|Core CPI m/m,Good|Neutral,2,1,1,50.0,50.0,1.0,2024-07-03_2024-07-12|2025-10-16_2025-10-25
0.2,2,CPI m/m|Core CPI m/m,Neutral|Neutral,24,17,7,70.8,29.2,2.43,2018-05-06_2018-05-15|2018-10-03_2018-10-12|2018-11-12_2018-11-21|2019-01-11_2019-01-20|2019-09-08_2019-09-17|2019-10-08_2019-10-17|2020-06-04_2020-06-13|2020-07-14_2020-07-23|2020-10-12_2020-10-21|2020-12-01_2020-12-10|2021-04-10_2021-04-19|2022-07-04_2022-07-13|2022-08-03_2022-08-12|2022-10-12_2022-10-21|2023-07-09_2023-07-18|2023-08-08_2023-08-17|2023-10-07_2023-10-16|2024-01-05_2024-01-14|2024-02-04_2024-02-13|2024-03-05_2024-03-14|2024-06-03_2024-06-12|2024-07-03_2024-07-12|2025-07-08_2025-07-17|2025-10-16_2025-10-25
0.2,2,CPI m/m|Core CPI m/m,Bad|Neutral,1,1,0,100.0,0.0,inf,2021-11-06_2021-11-15
0.3,2,CPI m/m|Core CPI m/m,Neutral|Neutral,24,17,7,70.8,29.2,2.43,2018-05-06_2018-05-15|2018-10-03_2018-10-12|2018-11-12_2018-11-21|2019-01-11_2019-01-20|2019-09-08_2019-09-17|2019-10-08_2019-10-17|2020-06-04_2020-06-13|2020-07-14_2020-07-23|2020-10-12_2020-10-21|2020-12-01_2020-12-10|2021-04-10_2021-04-19|2022-07-04_2022-07-13|2022-08-03_2022-08-12|2022-10-12_2022-10-21|2023-07-09_2023-07-18|2023-08-08_2023-08-17|2023-10-07_2023-10-16|2024-01-05_2024-01-14|2024-02-04_2024-02-13|2024-03-05_2024-03-14|2024-06-03_2024-06-12|2024-07-03_2024-07-12|2025-07-08_2025-07-17|2025-10-16_2025-10-25
0.3,2,CPI m/m|Core CPI m/m,Bad|Neutral,1,1,0,100.0,0.0,inf,2021-11-06_2021-11-15
0.0,2,CPI m/m|PPI m/m,Good|Good,4,3,1,75.0,25.0,3.0,2018-05-06_2018-05-15|2019-10-08_2019-10-17|2022-08-03_2022-08-12|2023-07-09_2023-07-18
0.0,2,CPI m/m|PPI m/m,Good|Neutral,1,1,0,100.0,0.0,inf,2018-10-03_2018-10-12
0.0,2,CPI m/m|PPI m/m,Neutral|Good,2,1,1,50.0,50.0,1.0,2019-01-11_2019-01-20|2025-07-08_2025-07-17
0.0,2,CPI m/m|PPI m/m,Neutral|Bad,4,3,1,75.0,25.0,3.0,2019-09-08_2019-09-17|2020-10-12_2020-10-21|2023-08-08_2023-08-17|2024-03-05_2024-03-14
0.0,2,CPI m/m|PPI m/m,Good|Bad,2,2,0,100.0,0.0,inf,2020-06-04_2020-06-13|2024-07-03_2024-07-12
0.0,2,CPI m/m|PPI m/m,Bad|Neutral,1,1,0,100.0,0.0,inf,2021-11-06_2021-11-15
0.0,2,CPI m/m|PPI m/m,Bad|Bad,2,2,0,100.0,0.0,inf,2022-10-12_2022-10-21|2023-10-07_2023-10-16
0.0,2,CPI m/m|PPI m/m,Bad|Good,1,1,0,100.0,0.0,inf,2024-01-05_2024-01-14
0.1,2,CPI m/m|PPI m/m,Neutral|Neutral,6,5,1,83.3,16.7,5.0,2018-05-06_2018-05-15|2018-10-03_2018-10-12|2019-01-11_2019-01-20|2019-09-08_2019-09-17|2023-07-09_2023-07-18|2023-08-08_2023-08-17
0.1,2,CPI m/m|PPI m/m,Neutral|Good,3,2,1,66.7,33.3,2.0,2019-10-08_2019-10-17|2024-01-05_2024-01-14|2025-07-08_2025-07-17
0.1,2,CPI m/m|PPI m/m,Neutral|Bad,3,3,0,100.0,0.0,inf,2020-06-04_2020-06-13|2020-10-12_2020-10-21|2024-03-05_2024-03-14
0.1,2,CPI m/m|PPI m/m,Bad|Neutral,1,1,0,100.0,0.0,inf,2021-11-06_2021-11-15
0.1,2,CPI m/m|PPI m/m,Good|Good,1,0,1,0.0,100.0,0.0,2022-08-03_2022-08-12
0.1,2,CPI m/m|PPI m/m,Bad|Bad,2,2,0,100.0,0.0,inf,2022-10-12_2022-10-21|2023-10-07_2023-10-16
0.1,2,CPI m/m|PPI m/m,Good|Neutral,1,1,0,100.0,0.0,inf,2024-07-03_2024-07-12
0.2,2,CPI m/m|PPI m/m,Neutral|Neutral,12,10,2,83.3,16.7,5.0,2018-05-06_2018-05-15|2018-10-03_2018-10-12|2019-01-11_2019-01-20|2019-09-08_2019-09-17|2020-10-12_2020-10-21|2022-10-12_2022-10-21|2023-07-09_2023-07-18|2023-08-08_2023-08-17|2023-10-07_2023-10-16|2024-01-05_2024-01-14|2024-07-03_2024-07-12|2025-07-08_2025-07-17
0.2,2,CPI m/m|PPI m/m,Neutral|Good,2,1,1,50.0,50.0,1.0,2019-10-08_2019-10-17|2022-08-03_2022-08-12
0.2,2,CPI m/m|PPI m/m,Neutral|Bad,2,2,0,100.0,0.0,inf,2020-06-04_2020-06-13|2024-03-05_2024-03-14
0.2,2,CPI m/m|PPI m/m,Bad|Neutral,1,1,0,100.0,0.0,inf,2021-11-06_2021-11-15
0.3,2,CPI m/m|PPI m/m,Neutral|Neutral,13,11,2,84.6,15.4,5.5,2018-05-06_2018-05-15|2018-10-03_2018-10-12|2019-01-11_2019-01-20|2019-09-08_2019-09-17|2020-10-12_2020-10-21|2022-10-12_2022-10-21|2023-07-09_2023-07-18|2023-08-08_2023-08-17|2023-10-07_2023-10-16|2024-01-05_2024-01-14|2024-03-05_2024-03-14|2024-07-03_2024-07-12|2025-07-08_2025-07-17
0.3,2,CPI m/m|PPI m/m,Neutral|Good,2,1,1,50.0,50.0,1.0,2019-10-08_2019-10-17|2022-08-03_2022-08-12
0.3,2,CPI m/m|PPI m/m,Neutral|Bad,1,1,0,100.0,0.0,inf,2020-06-04_2020-06-13
0.3,2,CPI m/m|PPI m/m,Bad|Neutral,1,1,0,100.0,0.0,inf,2021-11-06_2021-11-15
0.0,2,CPI m/m|Core PPI m/m,Good|Neutral,3,3,0,100.0,0.0,inf,2018-05-06_2018-05-15|2018-10-03_2018-10-12|2020-06-04_2020-06-13
0.0,2,CPI m/m|Core PPI m/m,Neutral|Good,2,1,1,50.0,50.0,1.0,2019-01-11_2019-01-20|2025-07-08_2025-07-17
0.0,2,CPI m/m|Core PPI m/m,Neutral|Bad,4,3,1,75.0,25.0,3.0,2019-09-08_2019-09-17|2020-10-12_2020-10-21|2023-08-08_2023-08-17|2024-03-05_2024-03-14
0.0,2,CPI m/m|Core PPI m/m,Good|Good,3,2,1,66.7,33.3,2.0,2019-10-08_2019-10-17|2022-08-03_2022-08-12|2023-07-09_2023-07-18
0.0,2,CPI m/m|Core PPI m/m,Bad|Good,2,2,0,100.0,0.0,inf,2021-11-06_2021-11-15|2024-01-05_2024-01-14
0.0,2,CPI m/m|Core PPI m/m,Bad|Neutral,1,1,0,100.0,0.0,inf,2022-10-12_2022-10-21
0.0,2,CPI m/m|Core PPI m/m,Bad|Bad,1,1,0,100.0,0.0,inf,2023-10-07_2023-10-16
0.0,2,CPI m/m|Core PPI m/m,Good|Bad,1,1,0,100.0,0.0,inf,2024-07-03_2024-07-12
0.1,2,CPI m/m|Core PPI m/m,Neutral|Neutral,7,6,1,85.7,14.3,6.0,2018-05-06_2018-05-15|2018-10-03_2018-10-12|2019-09-08_2019-09-17|2020-06-04_2020-06-13|2023-07-09_2023-07-18|2023-08-08_2023-08-17|2024-03-05_2024-03-14
0.1,2,CPI m/m|Core PPI m/m,Neutral|Good,4,3,1,75.0,25.0,3.0,2019-01-11_2019-01-20|2019-10-08_2019-10-17|2024-01-05_2024-01-14|2025-07-08_2025-07-17
0.1,2,CPI m/m|Core PPI m/m,Neutral|Bad,1,1,0,100.0,0.0,inf,2020-10-12_2020-10-21
0.1,2,CPI m/m|Core PPI m/m,Bad|Neutral,3,3,0,100.0,0.0,inf,2021-11-06_2021-11-15|2022-10-12_2022-10-21|2023-10-07_2023-10-16
0.1,2,CPI m/m|Core PPI m/m,Good|Good,1,0,1,0.0,100.0,0.0,2022-08-03_2022-08-12
0.1,2,CPI m/m|Core PPI m/m,Good|Bad,1,1,0,100.0,0.0,inf,2024-07-03_2024-07-12
0.2,2,CPI m/m|Core PPI m/m,Neutral|Neutral,14,11,3,78.6,21.4,3.67,2018-05-06_2018-05-15|2018-10-03_2018-10-12|2019-09-08_2019-09-17|2020-06-04_2020-06-13|2020-10-12_2020-10-21|2022-08-03_2022-08-12|2022-10-12_2022-10-21|2023-07-09_2023-07-18|2023-08-08_2023-08-17|2023-10-07_2023-10-16|2024-01-05_2024-01-14|2024-03-05_2024-03-14|2024-07-03_2024-07-12|2025-07-08_2025-07-17
0.2,2,CPI m/m|Core PPI m/m,Neutral|Good,2,2,0,100.0,0.0,inf,2019-01-11_2019-01-20|2019-10-08_2019-10-17
0.2,2,CPI m/m|Core PPI m/m,Bad|Neutral,1,1,0,100.0,0.0,inf,2021-11-06_2021-11-15
0.3,2,CPI m/m|Core PPI m/m,Neutral|Neutral,14,11,3,78.6,21.4,3.67,2018-05-06_2018-05-15|2018-10-03_2018-10-12|2019-09-08_2019-09-17|2020-06-04_2020-06-13|2020-10-12_2020-10-21|2022-08-03_2022-08-12|2022-10-12_2022-10-21|2023-07-09_2023-07-18|2023-08-08_2023-08-17|2023-10-07_2023-10-16|2024-01-05_2024-01-14|2024-03-05_2024-03-14|2024-07-03_2024-07-12|2025-07-08_2025-07-17
0.3,2,CPI m/m|Core PPI m/m,Neutral|Good,2,2,0,100.0,0.0,inf,2019-01-11_2019-01-20|2019-10-08_2019-10-17
0.3,2,CPI m/m|Core PPI m/m,Bad|Neutral,1,1,0,100.0,0.0,inf,2021-11-06_2021-11-15
0.0,2,CPI m/m|FOMC,Good|Neutral,1,1,0,100.0,0.0,inf,2024-06-03_2024-06-12
0.1,2,CPI m/m|FOMC,Neutral|Neutral,1,1,0,100.0,0.0,inf,2024-06-03_2024-06-12
0.2,2,CPI m/m|FOMC,Neutral|Neutral,1,1,0,100.0,0.0,inf,2024-06-03_2024-06-12
0.3,2,CPI m/m|FOMC,Neutral|Neutral,1,1,0,100.0,0.0,inf,2024-06-03_2024-06-12
0.0,2,CPI m/m|CPI y/y,Good|Neutral,1,1,0,100.0,0.0,inf,2018-05-06_2018-05-15
0.0,2,CPI m/m|CPI y/y,Good|Good,8,6,2,75.0,25.0,3.0,2018-10-03_2018-10-12|2019-10-08_2019-10-17|2020-06-04_2020-06-13|2022-08-03_2022-08-12|2023-07-09_2023-07-18|2024-06-03_2024-06-12|2024-07-03_2024-07-12|2025-10-16_2025-10-25
0.0,2,CPI m/m|CPI y/y,Neutral|Neutral,3,3,0,100.0,0.0,inf,2018-11-12_2018-11-21|2019-01-11_2019-01-20|2020-10-12_2020-10-21
0.0,2,CPI m/m|CPI y/y,Neutral|Good,2,1,1,50.0,50.0,1.0,2019-09-08_2019-09-17|2023-08-08_2023-08-17
0.0,2,CPI m/m|CPI y/y,Bad|Neutral,2,1,1,50.0,50.0,1.0,2020-07-14_2020-07-23|2020-12-01_2020-12-10
0.0,2,CPI m/m|CPI y/y,Bad|Bad,7,5,2,71.4,28.6,2.5,2021-04-10_2021-04-19|2021-11-06_2021-11-15|2022-07-04_2022-07-13|2022-10-12_2022-10-21|2023-10-07_2023-10-16|2024-01-05_2024-01-14|2024-02-04_2024-02-13
0.0,2,CPI m/m|CPI y/y,Neutral|Bad,2,1,1,50.0,50.0,1.0,2024-03-05_2024-03-14|2025-07-08_2025-07-17
0.1,2,CPI m/m|CPI y/y,Neutral|Neutral,7,5,2,71.4,28.6,2.5,2018-05-06_2018-05-15|2018-11-12_2018-11-21|2019-01-11_2019-01-20|2020-07-14_2020-07-23|2020-10-12_2020-10-21|2020-12-01_2020-12-10|2023-08-08_2023-08-17
0.1,2,CPI m/m|CPI y/y,Neutral|Good,6,6,0,100.0,0.0,inf,2018-10-03_2018-10-12|2019-09-08_2019-09-17|2019-10-08_2019-10-17|2020-06-04_2020-06-13|2023-07-09_2023-07-18|2024-06-03_2024-06-12
0.1,2,CPI m/m|CPI y/y,Neutral|Bad,5,2,3,40.0,60.0,0.67,2021-04-10_2021-04-19|2024-01-05_2024-01-14|2024-02-04_2024-02-13|2024-03-05_2024-03-14|2025-07-08_2025-07-17
0.1,2,CPI m/m|CPI y/y,Bad|Bad,3,3,0,100.0,0.0,inf,2021-11-06_2021-11-15|2022-07-04_2022-07-13|2023-10-07_2023-10-16
0.1,2,CPI m/m|CPI y/y,Good|Good,3,1,2,33.3,66.7,0.5,2022-08-03_2022-08-12|2024-07-03_2024-07-12|2025-10-16_2025-10-25
0.1,2,CPI m/m|CPI y/y,Bad|Neutral,1,1,0,100.0,0.0,inf,2022-10-12_2022-10-21
0.2,2,CPI m/m|CPI y/y,Neutral|Neutral,22,16,6,72.7,27.3,2.67,2018-05-06_2018-05-15|2018-10-03_2018-10-12|2018-11-12_2018-11-21|2019-01-11_2019-01-20|2019-09-08_2019-09-17|2019-10-08_2019-10-17|2020-06-04_2020-06-13|2020-07-14_2020-07-23|2020-10-12_2020-10-21|2020-12-01_2020-12-10|2021-04-10_2021-04-19|2022-08-03_2022-08-12|2022-10-12_2022-10-21|2023-07-09_2023-07-18|2023-08-08_2023-08-17|2023-10-07_2023-10-16|2024-01-05_2024-01-14|2024-03-05_2024-03-14|2024-06-03_2024-06-12|2024-07-03_2024-07-12|2025-07-08_2025-07-17|2025-10-16_2025-10-25
0.2,2,CPI m/m|CPI y/y,Bad|Bad,1,1,0,100.0,0.0,inf,2021-11-06_2021-11-15
0.2,2,CPI m/m|CPI y/y,Neutral|Bad,2,1,1,50.0,50.0,1.0,2022-07-04_2022-07-13|2024-02-04_2024-02-13
0.3,2,CPI m/m|CPI y/y,Neutral|Neutral,23,16,7,69.6,30.4,2.29,2018-05-06_2018-05-15|2018-10-03_2018-10-12|2018-11-12_2018-11-21|2019-01-11_2019-01-20|2019-09-08_2019-09-17|2019-10-08_2019-10-17|2020-06-04_2020-06-13|2020-07-14_2020-07-23|2020-10-12_2020-10-21|2020-12-01_2020-12-10|2021-04-10_2021-04-19|2022-08-03_2022-08-12|2022-10-12_2022-10-21|2023-07-09_2023-07-18|2023-08-08_2023-08-17|2023-10-07_2023-10-16|2024-01-05_2024-01-14|2024-02-04_2024-02-13|2024-03-05_2024-03-14|2024-06-03_2024-06-12|2024-07-03_2024-07-12|2025-07-08_2025-07-17|2025-10-16_2025-10-25
0.3,2,CPI m/m|CPI y/y,Bad|Neutral,1,1,0,100.0,0.0,inf,2021-11-06_2021-11-15
0.3,2,CPI m/m|CPI y/y,Neutral|Bad,1,1,0,100.0,0.0,inf,2022-07-04_2022-07-13
0.0,2,Core CPI m/m|PPI m/m,Good|Good,5,3,2,60.0,40.0,1.5,2018-05-06_2018-05-15|2019-10-08_2019-10-17|2022-08-03_2022-08-12|2023-07-09_2023-07-18|2025-07-08_2025-07-17
0.0,2,Core CPI m/m|PPI m/m,Good|Neutral,1,1,0,100.0,0.0,inf,2018-10-03_2018-10-12
0.0,2,Core CPI m/m|PPI m/m,Neutral|Good,2,2,0,100.0,0.0,inf,2019-01-11_2019-01-20|2024-01-05_2024-01-14
0.0,2,Core CPI m/m|PPI m/m,Bad|Bad,3,3,0,100.0,0.0,inf,2019-09-08_2019-09-17|2022-10-12_2022-10-21|2024-03-05_2024-03-14
0.0,2,Core CPI m/m|PPI m/m,Good|Bad,2,2,0,100.0,0.0,inf,2020-06-04_2020-06-13|2024-07-03_2024-07-12
0.0,2,Core CPI m/m|PPI m/m,Neutral|Bad,3,2,1,66.7,33.3,2.0,2020-10-12_2020-10-21|2023-08-08_2023-08-17|2023-10-07_2023-10-16
0.0,2,Core CPI m/m|PPI m/m,Bad|Neutral,1,1,0,100.0,0.0,inf,2021-11-06_2021-11-15
0.1,2,Core CPI m/m|PPI m/m,Neutral|Neutral,7,6,1,85.7,14.3,6.0,2018-05-06_2018-05-15|2018-10-03_2018-10-12|2019-01-11_2019-01-20|2019-09-08_2019-09-17|2023-07-09_2023-07-18|2023-08-08_2023-08-17|2024-07-03_2024-07-12
0.1,2,Core CPI m/m|PPI m/m,Neutral|Good,3,2,1,66.7,33.3,2.0,2019-10-08_2019-10-17|2024-01-05_2024-01-14|2025-07-08_2025-07-17
0.1,2,Core CPI m/m|PPI m/m,Neutral|Bad,3,3,0,100.0,0.0,inf,2020-06-04_2020-06-13|2020-10-12_2020-10-21|2023-10-07_2023-10-16
0.1,2,Core CPI m/m|PPI m/m,Bad|Neutral,1,1,0,100.0,0.0,inf,2021-11-06_2021-11-15
0.1,2,Core CPI m/m|PPI m/m,Good|Good,1,0,1,0.0,100.0,0.0,2022-08-03_2022-08-12
0.1,2,Core CPI m/m|PPI m/m,Bad|Bad,2,2,0,100.0,0.0,inf,2022-10-12_2022-10-21|2024-03-05_2024-03-14
0.2,2,Core CPI m/m|PPI m/m,Neutral|Neutral,13,11,2,84.6,15.4,5.5,2018-05-06_2018-05-15|2018-10-03_2018-10-12|2019-01-11_2019-01-20|2019-09-08_2019-09-17|2020-10-12_2020-10-21|2021-11-06_2021-11-15|2022-10-12_2022-10-21|2023-07-09_2023-07-18|2023-08-08_2023-08-17|2023-10-07_2023-10-16|2024-01-05_2024-01-14|2024-07-03_2024-07-12|2025-07-08_2025-07-17
0.2,2,Core CPI m/m|PPI m/m,Neutral|Good,2,1,1,50.0,50.0,1.0,2019-10-08_2019-10-17|2022-08-03_2022-08-12
0.2,2,Core CPI m/m|PPI m/m,Neutral|Bad,2,2,0,100.0,0.0,inf,2020-06-04_2020-06-13|2024-03-05_2024-03-14
0.3,2,Core CPI m/m|PPI m/m,Neutral|Neutral,14,12,2,85.7,14.3,6.0,2018-05-06_2018-05-15|2018-10-03_2018-10-12|2019-01-11_2019-01-20|2019-09-08_2019-09-17|2020-10-12_2020-10-21|2021-11-06_2021-11-15|2022-10-12_2022-10-21|2023-07-09_2023-07-18|2023-08-08_2023-08-17|2023-10-07_2023-10-16|2024-01-05_2024-01-14|2024-03-05_2024-03-14|2024-07-03_2024-07-12|2025-07-08_2025-07-17
0.3,2,Core CPI m/m|PPI m/m,Neutral|Good,2,1,1,50.0,50.0,1.0,2019-10-08_2019-10-17|2022-08-03_2022-08-12
0.3,2,Core CPI m/m|PPI m/m,Neutral|Bad,1,1,0,100.0,0.0,inf,2020-06-04_2020-06-13
0.0,2,Core CPI m/m|Core PPI m/m,Good|Neutral,3,3,0,100.0,0.0,inf,2018-05-06_2018-05-15|2018-10-03_2018-10-12|2020-06-04_2020-06-13
0.0,2,Core CPI m/m|Core PPI m/m,Neutral|Good,2,2,0,100.0,0.0,inf,2019-01-11_2019-01-20|2024-01-05_2024-01-14
0.0,2,Core CPI m/m|Core PPI m/m,Bad|Bad,2,2,0,100.0,0.0,inf,2019-09-08_2019-09-17|2024-03-05_2024-03-14
0.0,2,Core CPI m/m|Core PPI m/m,Good|Good,4,2,2,50.0,50.0,1.0,2019-10-08_2019-10-17|2022-08-03_2022-08-12|2023-07-09_2023-07-18|2025-07-08_2025-07-17
0.0,2,Core CPI m/m|Core PPI m/m,Neutral|Bad,3,2,1,66.7,33.3,2.0,2020-10-12_2020-10-21|2023-08-08_2023-08-17|2023-10-07_2023-10-16
0.0,2,Core CPI m/m|Core PPI m/m,Bad|Good,1,1,0,100.0,0.0,inf,2021-11-06_2021-11-15
0.0,2,Core CPI m/m|Core PPI m/m,Bad|Neutral,1,1,0,100.0,0.0,inf,2022-10-12_2022-10-21
0.0,2,Core CPI m/m|Core PPI m/m,Good|Bad,1,1,0,100.0,0.0,inf,2024-07-03_2024-07-12
0.1,2,Core CPI m/m|Core PPI m/m,Neutral|Neutral,7,6,1,85.7,14.3,6.0,2018-05-06_2018-05-15|2018-10-03_2018-10-12|2019-09-08_2019-09-17|2020-06-04_2020-06-13|2023-07-09_2023-07-18|2023-08-08_2023-08-17|2023-10-07_2023-10-16
0.1,2,Core CPI m/m|Core PPI m/m,Neutral|Good,4,3,1,75.0,25.0,3.0,2019-01-11_2019-01-20|2019-10-08_2019-10-17|2024-01-05_2024-01-14|2025-07-08_2025-07-17
0.1,2,Core CPI m/m|Core PPI m/m,Neutral|Bad,2,2,0,100.0,0.0,inf,2020-10-12_2020-10-21|2024-07-03_2024-07-12
0.1,2,Core CPI m/m|Core PPI m/m,Bad|Neutral,3,3,0,100.0,0.0,inf,2021-11-06_2021-11-15|2022-10-12_2022-10-21|2024-03-05_2024-03-14
0.1,2,Core CPI m/m|Core PPI m/m,Good|Good,1,0,1,0.0,100.0,0.0,2022-08-03_2022-08-12
0.2,2,Core CPI m/m|Core PPI m/m,Neutral|Neutral,15,12,3,80.0,20.0,4.0,2018-05-06_2018-05-15|2018-10-03_2018-10-12|2019-09-08_2019-09-17|2020-06-04_2020-06-13|2020-10-12_2020-10-21|2021-11-06_2021-11-15|2022-08-03_2022-08-12|2022-10-12_2022-10-21|2023-07-09_2023-07-18|2023-08-08_2023-08-17|2023-10-07_2023-10-16|2024-01-05_2024-01-14|2024-03-05_2024-03-14|2024-07-03_2024-07-12|2025-07-08_2025-07-17
0.2,2,Core CPI m/m|Core PPI m/m,Neutral|Good,2,2,0,100.0,0.0,inf,2019-01-11_2019-01-20|2019-10-08_2019-10-17
0.3,2,Core CPI m/m|Core PPI m/m,Neutral|Neutral,15,12,3,80.0,20.0,4.0,2018-05-06_2018-05-15|2018-10-03_2018-10-12|2019-09-08_2019-09-17|2020-06-04_2020-06-13|2020-10-12_2020-10-21|2021-11-06_2021-11-15|2022-08-03_2022-08-12|2022-10-12_2022-10-21|2023-07-09_2023-07-18|2023-08-08_2023-08-17|2023-10-07_2023-10-16|2024-01-05_2024-01-14|2024-03-05_2024-03-14|2024-07-03_2024-07-12|2025-07-08_2025-07-17
0.3,2,Core CPI m/m|Core PPI m/m,Neutral|Good,2,2,0,100.0,0.0,inf,2019-01-11_2019-01-20|2019-10-08_2019-10-17
0.0,2,Core CPI m/m|FOMC,Good|Neutral,1,1,0,100.0,0.0,inf,2024-06-03_2024-06-12
0.1,2,Core CPI m/m|FOMC,Neutral|Neutral,1,1,0,100.0,0.0,inf,2024-06-03_2024-06-12
0.2,2,Core CPI m/m|FOMC,Neutral|Neutral,1,1,0,100.0,0.0,inf,2024-06-03_2024-06-12
0.3,2,Core CPI m/m|FOMC,Neutral|Neutral,1,1,0,100.0,0.0,inf,2024-06-03_2024-06-12
0.0,2,Core CPI m/m|CPI y/y,Good|Neutral,1,1,0,100.0,0.0,inf,2018-05-06_2018-05-15
0.0,2,Core CPI m/m|CPI y/y,Good|Good,8,6,2,75.0,25.0,3.0,2018-10-03_2018-10-12|2019-10-08_2019-10-17|2020-06-04_2020-06-13|2022-08-03_2022-08-12|2023-07-09_2023-07-18|2024-06-03_2024-06-12|2024-07-03_2024-07-12|2025-10-16_2025-10-25
0.0,2,Core CPI m/m|CPI y/y,Neutral|Neutral,3,3,0,100.0,0.0,inf,2018-11-12_2018-11-21|2019-01-11_2019-01-20|2020-10-12_2020-10-21
0.0,2,Core CPI m/m|CPI y/y,Bad|Good,1,1,0,100.0,0.0,inf,2019-09-08_2019-09-17
0.0,2,Core CPI m/m|CPI y/y,Bad|Neutral,2,1,1,50.0,50.0,1.0,2020-07-14_2020-07-23|2020-12-01_2020-12-10
0.0,2,Core CPI m/m|CPI y/y,Bad|Bad,6,4,2,66.7,33.3,2.0,2021-04-10_2021-04-19|2021-11-06_2021-11-15|2022-07-04_2022-07-13|2022-10-12_2022-10-21|2024-02-04_2024-02-13|2024-03-05_2024-03-14
0.0,2,Core CPI m/m|CPI y/y,Neutral|Good,1,0,1,0.0,100.0,0.0,2023-08-08_2023-08-17
0.0,2,Core CPI m/m|CPI y/y,Neutral|Bad,2,2,0,100.0,0.0,inf,2023-10-07_2023-10-16|2024-01-05_2024-01-14
0.0,2,Core CPI m/m|CPI y/y,Good|Bad,1,0,1,0.0,100.0,0.0,2025-07-08_2025-07-17
0.1,2,Core CPI m/m|CPI y/y,Neutral|Neutral,7,5,2,71.4,28.6,2.5,2018-05-06_2018-05-15|2018-11-12_2018-11-21|2019-01-11_2019-01-20|2020-07-14_2020-07-23|2020-10-12_2020-10-21|2020-12-01_2020-12-10|2023-08-08_2023-08-17
0.1,2,Core CPI m/m|CPI y/y,Neutral|Good,8,7,1,87.5,12.5,7.0,2018-10-03_2018-10-12|2019-09-08_2019-09-17|2019-10-08_2019-10-17|2020-06-04_2020-06-13|2023-07-09_2023-07-18|2024-06-03_2024-06-12|2024-07-03_2024-07-12|2025-10-16_2025-10-25
0.1,2,Core CPI m/m|CPI y/y,Neutral|Bad,4,2,2,50.0,50.0,1.0,2021-04-10_2021-04-19|2023-10-07_2023-10-16|2024-01-05_2024-01-14|2025-07-08_2025-07-17
0.1,2,Core CPI m/m|CPI y/y,Bad|Bad,4,3,1,75.0,25.0,3.0,2021-11-06_2021-11-15|2022-07-04_2022-07-13|2024-02-04_2024-02-13|2024-03-05_2024-03-14
0.1,2,Core CPI m/m|CPI y/y,Good|Good,1,0,1,0.0,100.0,0.0,2022-08-03_2022-08-12
0.1,2,Core CPI m/m|CPI y/y,Bad|Neutral,1,1,0,100.0,0.0,inf,2022-10-12_2022-10-21
0.2,2,Core CPI m/m|CPI y/y,Neutral|Neutral,22,16,6,72.7,27.3,2.67,2018-05-06_2018-05-15|2018-10-03_2018-10-12|2018-11-12_2018-11-21|2019-01-11_2019-01-20|2019-09-08_2019-09-17|2019-10-08_2019-10-17|2020-06-04_2020-06-13|2020-07-14_2020-07-23|2020-10-12_2020-10-21|2020-12-01_2020-12-10|2021-04-10_2021-04-19|2022-08-03_2022-08-12|2022-10-12_2022-10-21|2023-07-09_2023-07-18|2023-08-08_2023-08-17|2023-10-07_2023-10-16|2024-01-05_2024-01-14|2024-03-05_2024-03-14|2024-06-03_2024-06-12|2024-07-03_2024-07-12|2025-07-08_2025-07-17|2025-10-16_2025-10-25
0.2,2,Core CPI m/m|CPI y/y,Neutral|Bad,3,2,1,66.7,33.3,2.0,2021-11-06_2021-11-15|2022-07-04_2022-07-13|2024-02-04_2024-02-13
0.3,2,Core CPI m/m|CPI y/y,Neutral|Neutral,24,17,7,70.8,29.2,2.43,2018-05-06_2018-05-15|2018-10-03_2018-10-12|2018-11-12_2018-11-21|2019-01-11_2019-01-20|2019-09-08_2019-09-17|2019-10-08_2019-10-17|2020-06-04_2020-06-13|2020-07-14_2020-07-23|2020-10-12_2020-10-21|2020-12-01_2020-12-10|2021-04-10_2021-04-19|2021-11-06_2021-11-15|2022-08-03_2022-08-12|2022-10-12_2022-10-21|2023-07-09_2023-07-18|2023-08-08_2023-08-17|2023-10-07_2023-10-16|2024-01-05_2024-01-14|2024-02-04_2024-02-13|2024-03-05_2024-03-14|2024-06-03_2024-06-12|2024-07-03_2024-07-12|2025-07-08_2025-07-17|2025-10-16_2025-10-25
0.3,2,Core CPI m/m|CPI y/y,Neutral|Bad,1,1,0,100.0,0.0,inf,2022-07-04_2022-07-13
0.0,2,PPI m/m|Core PPI m/m,Good|Neutral,2,1,1,50.0,50.0,1.0,2018-05-06_2018-05-15|2024-10-11_2024-10-20
0.0,2,PPI m/m|Core PPI m/m,Neutral|Neutral,1,1,0,100.0,0.0,inf,2018-10-03_2018-10-12
0.0,2,PPI m/m|Core PPI m/m,Bad|Bad,12,10,2,83.3,16.7,5.0,2018-11-02_2018-11-11|2019-04-11_2019-04-20|2019-09-08_2019-09-17|2020-02-15_2020-02-24|2020-10-12_2020-10-21|2021-03-31_2021-04-09|2023-08-08_2023-08-17|2023-10-07_2023-10-16|2024-03-05_2024-03-14|2024-07-03_2024-07-12|2026-01-24_2026-02-02|2026-02-23_2026-03-04
0.0,2,PPI m/m|Core PPI m/m,Good|Good,7,5,2,71.4,28.6,2.5,2019-01-11_2019-01-20|2019-10-08_2019-10-17|2020-07-04_2020-07-13|2022-08-03_2022-08-12|2023-07-09_2023-07-18|2024-01-05_2024-01-14|2025-07-08_2025-07-17
0.0,2,PPI m/m|Core PPI m/m,Bad|Neutral,2,2,0,100.0,0.0,inf,2020-06-04_2020-06-13|2022-10-12_2022-10-21
0.0,2,PPI m/m|Core PPI m/m,Neutral|Good,2,2,0,100.0,0.0,inf,2020-12-11_2020-12-20|2021-11-06_2021-11-15
0.1,2,PPI m/m|Core PPI m/m,Neutral|Neutral,8,6,2,75.0,25.0,3.0,2018-05-06_2018-05-15|2018-10-03_2018-10-12|2019-09-08_2019-09-17|2020-12-11_2020-12-20|2021-11-06_2021-11-15|2023-07-09_2023-07-18|2023-08-08_2023-08-17|2024-10-11_2024-10-20
0.1,2,PPI m/m|Core PPI m/m,Bad|Bad,6,6,0,100.0,0.0,inf,2018-11-02_2018-11-11|2020-02-15_2020-02-24|2020-10-12_2020-10-21|2021-03-31_2021-04-09|2026-01-24_2026-02-02|2026-02-23_2026-03-04
0.1,2,PPI m/m|Core PPI m/m,Neutral|Good,1,1,0,100.0,0.0,inf,2019-01-11_2019-01-20
0.1,2,PPI m/m|Core PPI m/m,Bad|Neutral,5,4,1,80.0,20.0,4.0,2019-04-11_2019-04-20|2020-06-04_2020-06-13|2022-10-12_2022-10-21|2023-10-07_2023-10-16|2024-03-05_2024-03-14
0.1,2,PPI m/m|Core PPI m/m,Good|Good,5,3,2,60.0,40.0,1.5,2019-10-08_2019-10-17|2020-07-04_2020-07-13|2022-08-03_2022-08-12|2024-01-05_2024-01-14|2025-07-08_2025-07-17
0.1,2,PPI m/m|Core PPI m/m,Neutral|Bad,1,1,0,100.0,0.0,inf,2024-07-03_2024-07-12
0.2,2,PPI m/m|Core PPI m/m,Neutral|Neutral,14,11,3,78.6,21.4,3.67,2018-05-06_2018-05-15|2018-10-03_2018-10-12|2019-09-08_2019-09-17|2020-10-12_2020-10-21|2020-12-11_2020-12-20|2021-11-06_2021-11-15|2022-10-12_2022-10-21|2023-07-09_2023-07-18|2023-08-08_2023-08-17|2023-10-07_2023-10-16|2024-01-05_2024-01-14|2024-07-03_2024-07-12|2024-10-11_2024-10-20|2025-07-08_2025-07-17
0.2,2,PPI m/m|Core PPI m/m,Bad|Bad,4,4,0,100.0,0.0,inf,2018-11-02_2018-11-11|2020-02-15_2020-02-24|2021-03-31_2021-04-09|2026-01-24_2026-02-02
0.2,2,PPI m/m|Core PPI m/m,Neutral|Good,1,1,0,100.0,0.0,inf,2019-01-11_2019-01-20
0.2,2,PPI m/m|Core PPI m/m,Bad|Neutral,3,2,1,66.7,33.3,2.0,2019-04-11_2019-04-20|2020-06-04_2020-06-13|2024-03-05_2024-03-14
0.2,2,PPI m/m|Core PPI m/m,Good|Good,2,2,0,100.0,0.0,inf,2019-10-08_2019-10-17|2020-07-04_2020-07-13
0.2,2,PPI m/m|Core PPI m/m,Good|Neutral,1,0,1,0.0,100.0,0.0,2022-08-03_2022-08-12
0.2,2,PPI m/m|Core PPI m/m,Neutral|Bad,1,1,0,100.0,0.0,inf,2026-02-23_2026-03-04
0.3,2,PPI m/m|Core PPI m/m,Neutral|Neutral,16,12,4,75.0,25.0,3.0,2018-05-06_2018-05-15|2018-10-03_2018-10-12|2019-04-11_2019-04-20|2019-09-08_2019-09-17|2020-10-12_2020-10-21|2020-12-11_2020-12-20|2021-11-06_2021-11-15|2022-10-12_2022-10-21|2023-07-09_2023-07-18|2023-08-08_2023-08-17|2023-10-07_2023-10-16|2024-01-05_2024-01-14|2024-03-05_2024-03-14|2024-07-03_2024-07-12|2024-10-11_2024-10-20|2025-07-08_2025-07-17
0.3,2,PPI m/m|Core PPI m/m,Bad|Neutral,3,3,0,100.0,0.0,inf,2018-11-02_2018-11-11|2020-02-15_2020-02-24|2020-06-04_2020-06-13
0.3,2,PPI m/m|Core PPI m/m,Neutral|Good,1,1,0,100.0,0.0,inf,2019-01-11_2019-01-20
0.3,2,PPI m/m|Core PPI m/m,Good|Good,2,2,0,100.0,0.0,inf,2019-10-08_2019-10-17|2020-07-04_2020-07-13
0.3,2,PPI m/m|Core PPI m/m,Bad|Bad,1,1,0,100.0,0.0,inf,2021-03-31_2021-04-09
0.3,2,PPI m/m|Core PPI m/m,Good|Neutral,1,0,1,0.0,100.0,0.0,2022-08-03_2022-08-12
0.3,2,PPI m/m|Core PPI m/m,Neutral|Bad,2,2,0,100.0,0.0,inf,2026-01-24_2026-02-02|2026-02-23_2026-03-04
0.0,2,PPI m/m|CPI y/y,Good|Neutral,2,2,0,100.0,0.0,inf,2018-05-06_2018-05-15|2019-01-11_2019-01-20
0.0,2,PPI m/m|CPI y/y,Neutral|Good,1,1,0,100.0,0.0,inf,2018-10-03_2018-10-12
0.0,2,PPI m/m|CPI y/y,Bad|Good,4,3,1,75.0,25.0,3.0,2019-09-08_2019-09-17|2020-06-04_2020-06-13|2023-08-08_2023-08-17|2024-07-03_2024-07-12
0.0,2,PPI m/m|CPI y/y,Good|Good,3,2,1,66.7,33.3,2.0,2019-10-08_2019-10-17|2022-08-03_2022-08-12|2023-07-09_2023-07-18
0.0,2,PPI m/m|CPI y/y,Bad|Neutral,1,1,0,100.0,0.0,inf,2020-10-12_2020-10-21
0.0,2,PPI m/m|CPI y/y,Neutral|Bad,1,1,0,100.0,0.0,inf,2021-11-06_2021-11-15
0.0,2,PPI m/m|CPI y/y,Bad|Bad,3,3,0,100.0,0.0,inf,2022-10-12_2022-10-21|2023-10-07_2023-10-16|2024-03-05_2024-03-14
0.0,2,PPI m/m|CPI y/y,Good|Bad,2,1,1,50.0,50.0,1.0,2024-01-05_2024-01-14|2025-07-08_2025-07-17
0.1,2,PPI m/m|CPI y/y,Neutral|Neutral,3,2,1,66.7,33.3,2.0,2018-05-06_2018-05-15|2019-01-11_2019-01-20|2023-08-08_2023-08-17
0.1,2,PPI m/m|CPI y/y,Neutral|Good,4,4,0,100.0,0.0,inf,2018-10-03_2018-10-12|2019-09-08_2019-09-17|2023-07-09_2023-07-18|2024-07-03_2024-07-12
0.1,2,PPI m/m|CPI y/y,Good|Good,2,1,1,50.0,50.0,1.0,2019-10-08_2019-10-17|2022-08-03_2022-08-12
0.1,2,PPI m/m|CPI y/y,Bad|Good,1,1,0,100.0,0.0,inf,2020-06-04_2020-06-13
0.1,2,PPI m/m|CPI y/y,Bad|Neutral,2,2,0,100.0,0.0,inf,2020-10-12_2020-10-21|2022-10-12_2022-10-21
0.1,2,PPI m/m|CPI y/y,Neutral|Bad,1,1,0,100.0,0.0,inf,2021-11-06_2021-11-15
0.1,2,PPI m/m|CPI y/y,Bad|Bad,2,2,0,100.0,0.0,inf,2023-10-07_2023-10-16|2024-03-05_2024-03-14
0.1,2,PPI m/m|CPI y/y,Good|Bad,2,1,1,50.0,50.0,1.0,2024-01-05_2024-01-14|2025-07-08_2025-07-17
0.2,2,PPI m/m|CPI y/y,Neutral|Neutral,12,10,2,83.3,16.7,5.0,2018-05-06_2018-05-15|2018-10-03_2018-10-12|2019-01-11_2019-01-20|2019-09-08_2019-09-17|2020-10-12_2020-10-21|2022-10-12_2022-10-21|2023-07-09_2023-07-18|2023-08-08_2023-08-17|2023-10-07_2023-10-16|2024-01-05_2024-01-14|2024-07-03_2024-07-12|2025-07-08_2025-07-17
0.2,2,PPI m/m|CPI y/y,Good|Neutral,2,1,1,50.0,50.0,1.0,2019-10-08_2019-10-17|2022-08-03_2022-08-12
0.2,2,PPI m/m|CPI y/y,Bad|Neutral,2,2,0,100.0,0.0,inf,2020-06-04_2020-06-13|2024-03-05_2024-03-14
0.2,2,PPI m/m|CPI y/y,Neutral|Bad,1,1,0,100.0,0.0,inf,2021-11-06_2021-11-15
0.3,2,PPI m/m|CPI y/y,Neutral|Neutral,14,12,2,85.7,14.3,6.0,2018-05-06_2018-05-15|2018-10-03_2018-10-12|2019-01-11_2019-01-20|2019-09-08_2019-09-17|2020-10-12_2020-10-21|2021-11-06_2021-11-15|2022-10-12_2022-10-21|2023-07-09_2023-07-18|2023-08-08_2023-08-17|2023-10-07_2023-10-16|2024-01-05_2024-01-14|2024-03-05_2024-03-14|2024-07-03_2024-07-12|2025-07-08_2025-07-17
0.3,2,PPI m/m|CPI y/y,Good|Neutral,2,1,1,50.0,50.0,1.0,2019-10-08_2019-10-17|2022-08-03_2022-08-12
0.3,2,PPI m/m|CPI y/y,Bad|Neutral,1,1,0,100.0,0.0,inf,2020-06-04_2020-06-13
0.0,2,Core PPI m/m|CPI y/y,Neutral|Neutral,1,1,0,100.0,0.0,inf,2018-05-06_2018-05-15
0.0,2,Core PPI m/m|CPI y/y,Neutral|Good,2,2,0,100.0,0.0,inf,2018-10-03_2018-10-12|2020-06-04_2020-06-13
0.0,2,Core PPI m/m|CPI y/y,Good|Neutral,1,1,0,100.0,0.0,inf,2019-01-11_2019-01-20
0.0,2,Core PPI m/m|CPI y/y,Bad|Good,3,2,1,66.7,33.3,2.0,2019-09-08_2019-09-17|2023-08-08_2023-08-17|2024-07-03_2024-07-12
0.0,2,Core PPI m/m|CPI y/y,Good|Good,3,2,1,66.7,33.3,2.0,2019-10-08_2019-10-17|2022-08-03_2022-08-12|2023-07-09_2023-07-18
0.0,2,Core PPI m/m|CPI y/y,Bad|Neutral,1,1,0,100.0,0.0,inf,2020-10-12_2020-10-21
0.0,2,Core PPI m/m|CPI y/y,Good|Bad,3,2,1,66.7,33.3,2.0,2021-11-06_2021-11-15|2024-01-05_2024-01-14|2025-07-08_2025-07-17
0.0,2,Core PPI m/m|CPI y/y,Neutral|Bad,1,1,0,100.0,0.0,inf,2022-10-12_2022-10-21
0.0,2,Core PPI m/m|CPI y/y,Bad|Bad,2,2,0,100.0,0.0,inf,2023-10-07_2023-10-16|2024-03-05_2024-03-14
0.1,2,Core PPI m/m|CPI y/y,Neutral|Neutral,3,2,1,66.7,33.3,2.0,2018-05-06_2018-05-15|2022-10-12_2022-10-21|2023-08-08_2023-08-17
0.1,2,Core PPI m/m|CPI y/y,Neutral|Good,4,4,0,100.0,0.0,inf,2018-10-03_2018-10-12|2019-09-08_2019-09-17|2020-06-04_2020-06-13|2023-07-09_2023-07-18
0.1,2,Core PPI m/m|CPI y/y,Good|Neutral,1,1,0,100.0,0.0,inf,2019-01-11_2019-01-20
0.1,2,Core PPI m/m|CPI y/y,Good|Good,2,1,1,50.0,50.0,1.0,2019-10-08_2019-10-17|2022-08-03_2022-08-12
0.1,2,Core PPI m/m|CPI y/y,Bad|Neutral,1,1,0,100.0,0.0,inf,2020-10-12_2020-10-21
0.1,2,Core PPI m/m|CPI y/y,Neutral|Bad,3,3,0,100.0,0.0,inf,2021-11-06_2021-11-15|2023-10-07_2023-10-16|2024-03-05_2024-03-14
0.1,2,Core PPI m/m|CPI y/y,Good|Bad,2,1,1,50.0,50.0,1.0,2024-01-05_2024-01-14|2025-07-08_2025-07-17
0.1,2,Core PPI m/m|CPI y/y,Bad|Good,1,1,0,100.0,0.0,inf,2024-07-03_2024-07-12
0.2,2,Core PPI m/m|CPI y/y,Neutral|Neutral,14,11,3,78.6,21.4,3.67,2018-05-06_2018-05-15|2018-10-03_2018-10-12|2019-09-08_2019-09-17|2020-06-04_2020-06-13|2020-10-12_2020-10-21|2022-08-03_2022-08-12|2022-10-12_2022-10-21|2023-07-09_2023-07-18|2023-08-08_2023-08-17|2023-10-07_2023-10-16|2024-01-05_2024-01-14|2024-03-05_2024-03-14|2024-07-03_2024-07-12|2025-07-08_2025-07-17
0.2,2,Core PPI m/m|CPI y/y,Good|Neutral,2,2,0,100.0,0.0,inf,2019-01-11_2019-01-20|2019-10-08_2019-10-17
0.2,2,Core PPI m/m|CPI y/y,Neutral|Bad,1,1,0,100.0,0.0,inf,2021-11-06_2021-11-15
0.3,2,Core PPI m/m|CPI y/y,Neutral|Neutral,15,12,3,80.0,20.0,4.0,2018-05-06_2018-05-15|2018-10-03_2018-10-12|2019-09-08_2019-09-17|2020-06-04_2020-06-13|2020-10-12_2020-10-21|2021-11-06_2021-11-15|2022-08-03_2022-08-12|2022-10-12_2022-10-21|2023-07-09_2023-07-18|2023-08-08_2023-08-17|2023-10-07_2023-10-16|2024-01-05_2024-01-14|2024-03-05_2024-03-14|2024-07-03_2024-07-12|2025-07-08_2025-07-17
0.3,2,Core PPI m/m|CPI y/y,Good|Neutral,2,2,0,100.0,0.0,inf,2019-01-11_2019-01-20|2019-10-08_2019-10-17
0.0,2,FOMC|CPI y/y,Neutral|Good,1,1,0,100.0,0.0,inf,2024-06-03_2024-06-12
0.1,2,FOMC|CPI y/y,Neutral|Good,1,1,0,100.0,0.0,inf,2024-06-03_2024-06-12
0.2,2,FOMC|CPI y/y,Neutral|Neutral,1,1,0,100.0,0.0,inf,2024-06-03_2024-06-12
0.3,2,FOMC|CPI y/y,Neutral|Neutral,1,1,0,100.0,0.0,inf,2024-06-03_2024-06-12
0.0,3,CPI m/m|Core CPI m/m|PPI m/m,Good|Good|Good,4,3,1,75.0,25.0,3.0,2018-05-06_2018-05-15|2019-10-08_2019-10-17|2022-08-03_2022-08-12|2023-07-09_2023-07-18
0.0,3,CPI m/m|Core CPI m/m|PPI m/m,Good|Good|Neutral,1,1,0,100.0,0.0,inf,2018-10-03_2018-10-12
0.0,3,CPI m/m|Core CPI m/m|PPI m/m,Neutral|Neutral|Good,1,1,0,100.0,0.0,inf,2019-01-11_2019-01-20
0.0,3,CPI m/m|Core CPI m/m|PPI m/m,Neutral|Bad|Bad,2,2,0,100.0,0.0,inf,2019-09-08_2019-09-17|2024-03-05_2024-03-14
0.0,3,CPI m/m|Core CPI m/m|PPI m/m,Good|Good|Bad,2,2,0,100.0,0.0,inf,2020-06-04_2020-06-13|2024-07-03_2024-07-12
0.0,3,CPI m/m|Core CPI m/m|PPI m/m,Neutral|Neutral|Bad,2,1,1,50.0,50.0,1.0,2020-10-12_2020-10-21|2023-08-08_2023-08-17
0.0,3,CPI m/m|Core CPI m/m|PPI m/m,Bad|Bad|Neutral,1,1,0,100.0,0.0,inf,2021-11-06_2021-11-15
0.0,3,CPI m/m|Core CPI m/m|PPI m/m,Bad|Bad|Bad,1,1,0,100.0,0.0,inf,2022-10-12_2022-10-21
0.0,3,CPI m/m|Core CPI m/m|PPI m/m,Bad|Neutral|Bad,1,1,0,100.0,0.0,inf,2023-10-07_2023-10-16
0.0,3,CPI m/m|Core CPI m/m|PPI m/m,Bad|Neutral|Good,1,1,0,100.0,0.0,inf,2024-01-05_2024-01-14
0.0,3,CPI m/m|Core CPI m/m|PPI m/m,Neutral|Good|Good,1,0,1,0.0,100.0,0.0,2025-07-08_2025-07-17
0.1,3,CPI m/m|Core CPI m/m|PPI m/m,Neutral|Neutral|Neutral,6,5,1,83.3,16.7,5.0,2018-05-06_2018-05-15|2018-10-03_2018-10-12|2019-01-11_2019-01-20|2019-09-08_2019-09-17|2023-07-09_2023-07-18|2023-08-08_2023-08-17
0.1,3,CPI m/m|Core CPI m/m|PPI m/m,Neutral|Neutral|Good,3,2,1,66.7,33.3,2.0,2019-10-08_2019-10-17|2024-01-05_2024-01-14|2025-07-08_2025-07-17
0.1,3,CPI m/m|Core CPI m/m|PPI m/m,Neutral|Neutral|Bad,2,2,0,100.0,0.0,inf,2020-06-04_2020-06-13|2020-10-12_2020-10-21
0.1,3,CPI m/m|Core CPI m/m|PPI m/m,Bad|Bad|Neutral,1,1,0,100.0,0.0,inf,2021-11-06_2021-11-15
0.1,3,CPI m/m|Core CPI m/m|PPI m/m,Good|Good|Good,1,0,1,0.0,100.0,0.0,2022-08-03_2022-08-12
0.1,3,CPI m/m|Core CPI m/m|PPI m/m,Bad|Bad|Bad,1,1,0,100.0,0.0,inf,2022-10-12_2022-10-21
0.1,3,CPI m/m|Core CPI m/m|PPI m/m,Bad|Neutral|Bad,1,1,0,100.0,0.0,inf,2023-10-07_2023-10-16
0.1,3,CPI m/m|Core CPI m/m|PPI m/m,Neutral|Bad|Bad,1,1,0,100.0,0.0,inf,2024-03-05_2024-03-14
0.1,3,CPI m/m|Core CPI m/m|PPI m/m,Good|Neutral|Neutral,1,1,0,100.0,0.0,inf,2024-07-03_2024-07-12
0.2,3,CPI m/m|Core CPI m/m|PPI m/m,Neutral|Neutral|Neutral,12,10,2,83.3,16.7,5.0,2018-05-06_2018-05-15|2018-10-03_2018-10-12|2019-01-11_2019-01-20|2019-09-08_2019-09-17|2020-10-12_2020-10-21|2022-10-12_2022-10-21|2023-07-09_2023-07-18|2023-08-08_2023-08-17|2023-10-07_2023-10-16|2024-01-05_2024-01-14|2024-07-03_2024-07-12|2025-07-08_2025-07-17
0.2,3,CPI m/m|Core CPI m/m|PPI m/m,Neutral|Neutral|Good,2,1,1,50.0,50.0,1.0,2019-10-08_2019-10-17|2022-08-03_2022-08-12
0.2,3,CPI m/m|Core CPI m/m|PPI m/m,Neutral|Neutral|Bad,2,2,0,100.0,0.0,inf,2020-06-04_2020-06-13|2024-03-05_2024-03-14
0.2,3,CPI m/m|Core CPI m/m|PPI m/m,Bad|Neutral|Neutral,1,1,0,100.0,0.0,inf,2021-11-06_2021-11-15
0.3,3,CPI m/m|Core CPI m/m|PPI m/m,Neutral|Neutral|Neutral,13,11,2,84.6,15.4,5.5,2018-05-06_2018-05-15|2018-10-03_2018-10-12|2019-01-11_2019-01-20|2019-09-08_2019-09-17|2020-10-12_2020-10-21|2022-10-12_2022-10-21|2023-07-09_2023-07-18|2023-08-08_2023-08-17|2023-10-07_2023-10-16|2024-01-05_2024-01-14|2024-03-05_2024-03-14|2024-07-03_2024-07-12|2025-07-08_2025-07-17
0.3,3,CPI m/m|Core CPI m/m|PPI m/m,Neutral|Neutral|Good,2,1,1,50.0,50.0,1.0,2019-10-08_2019-10-17|2022-08-03_2022-08-12
0.3,3,CPI m/m|Core CPI m/m|PPI m/m,Neutral|Neutral|Bad,1,1,0,100.0,0.0,inf,2020-06-04_2020-06-13
0.3,3,CPI m/m|Core CPI m/m|PPI m/m,Bad|Neutral|Neutral,1,1,0,100.0,0.0,inf,2021-11-06_2021-11-15
0.0,3,CPI m/m|Core CPI m/m|Core PPI m/m,Good|Good|Neutral,3,3,0,100.0,0.0,inf,2018-05-06_2018-05-15|2018-10-03_2018-10-12|2020-06-04_2020-06-13
0.0,3,CPI m/m|Core CPI m/m|Core PPI m/m,Neutral|Neutral|Good,1,1,0,100.0,0.0,inf,2019-01-11_2019-01-20
0.0,3,CPI m/m|Core CPI m/m|Core PPI m/m,Neutral|Bad|Bad,2,2,0,100.0,0.0,inf,2019-09-08_2019-09-17|2024-03-05_2024-03-14
0.0,3,CPI m/m|Core CPI m/m|Core PPI m/m,Good|Good|Good,3,2,1,66.7,33.3,2.0,2019-10-08_2019-10-17|2022-08-03_2022-08-12|2023-07-09_2023-07-18
0.0,3,CPI m/m|Core CPI m/m|Core PPI m/m,Neutral|Neutral|Bad,2,1,1,50.0,50.0,1.0,2020-10-12_2020-10-21|2023-08-08_2023-08-17
0.0,3,CPI m/m|Core CPI m/m|Core PPI m/m,Bad|Bad|Good,1,1,0,100.0,0.0,inf,2021-11-06_2021-11-15
0.0,3,CPI m/m|Core CPI m/m|Core PPI m/m,Bad|Bad|Neutral,1,1,0,100.0,0.0,inf,2022-10-12_2022-10-21
0.0,3,CPI m/m|Core CPI m/m|Core PPI m/m,Bad|Neutral|Bad,1,1,0,100.0,0.0,inf,2023-10-07_2023-10-16
0.0,3,CPI m/m|Core CPI m/m|Core PPI m/m,Bad|Neutral|Good,1,1,0,100.0,0.0,inf,2024-01-05_2024-01-14
0.0,3,CPI m/m|Core CPI m/m|Core PPI m/m,Good|Good|Bad,1,1,0,100.0,0.0,inf,2024-07-03_2024-07-12
0.0,3,CPI m/m|Core CPI m/m|Core PPI m/m,Neutral|Good|Good,1,0,1,0.0,100.0,0.0,2025-07-08_2025-07-17
0.1,3,CPI m/m|Core CPI m/m|Core PPI m/m,Neutral|Neutral|Neutral,6,5,1,83.3,16.7,5.0,2018-05-06_2018-05-15|2018-10-03_2018-10-12|2019-09-08_2019-09-17|2020-06-04_2020-06-13|2023-07-09_2023-07-18|2023-08-08_2023-08-17
0.1,3,CPI m/m|Core CPI m/m|Core PPI m/m,Neutral|Neutral|Good,4,3,1,75.0,25.0,3.0,2019-01-11_2019-01-20|2019-10-08_2019-10-17|2024-01-05_2024-01-14|2025-07-08_2025-07-17
0.1,3,CPI m/m|Core CPI m/m|Core PPI m/m,Neutral|Neutral|Bad,1,1,0,100.0,0.0,inf,2020-10-12_2020-10-21
0.1,3,CPI m/m|Core CPI m/m|Core PPI m/m,Bad|Bad|Neutral,2,2,0,100.0,0.0,inf,2021-11-06_2021-11-15|2022-10-12_2022-10-21
0.1,3,CPI m/m|Core CPI m/m|Core PPI m/m,Good|Good|Good,1,0,1,0.0,100.0,0.0,2022-08-03_2022-08-12
0.1,3,CPI m/m|Core CPI m/m|Core PPI m/m,Bad|Neutral|Neutral,1,1,0,100.0,0.0,inf,2023-10-07_2023-10-16
0.1,3,CPI m/m|Core CPI m/m|Core PPI m/m,Neutral|Bad|Neutral,1,1,0,100.0,0.0,inf,2024-03-05_2024-03-14
0.1,3,CPI m/m|Core CPI m/m|Core PPI m/m,Good|Neutral|Bad,1,1,0,100.0,0.0,inf,2024-07-03_2024-07-12
0.2,3,CPI m/m|Core CPI m/m|Core PPI m/m,Neutral|Neutral|Neutral,14,11,3,78.6,21.4,3.67,2018-05-06_2018-05-15|2018-10-03_2018-10-12|2019-09-08_2019-09-17|2020-06-04_2020-06-13|2020-10-12_2020-10-21|2022-08-03_2022-08-12|2022-10-12_2022-10-21|2023-07-09_2023-07-18|2023-08-08_2023-08-17|2023-10-07_2023-10-16|2024-01-05_2024-01-14|2024-03-05_2024-03-14|2024-07-03_2024-07-12|2025-07-08_2025-07-17
0.2,3,CPI m/m|Core CPI m/m|Core PPI m/m,Neutral|Neutral|Good,2,2,0,100.0,0.0,inf,2019-01-11_2019-01-20|2019-10-08_2019-10-17
0.2,3,CPI m/m|Core CPI m/m|Core PPI m/m,Bad|Neutral|Neutral,1,1,0,100.0,0.0,inf,2021-11-06_2021-11-15
0.3,3,CPI m/m|Core CPI m/m|Core PPI m/m,Neutral|Neutral|Neutral,14,11,3,78.6,21.4,3.67,2018-05-06_2018-05-15|2018-10-03_2018-10-12|2019-09-08_2019-09-17|2020-06-04_2020-06-13|2020-10-12_2020-10-21|2022-08-03_2022-08-12|2022-10-12_2022-10-21|2023-07-09_2023-07-18|2023-08-08_2023-08-17|2023-10-07_2023-10-16|2024-01-05_2024-01-14|2024-03-05_2024-03-14|2024-07-03_2024-07-12|2025-07-08_2025-07-17
0.3,3,CPI m/m|Core CPI m/m|Core PPI m/m,Neutral|Neutral|Good,2,2,0,100.0,0.0,inf,2019-01-11_2019-01-20|2019-10-08_2019-10-17
0.3,3,CPI m/m|Core CPI m/m|Core PPI m/m,Bad|Neutral|Neutral,1,1,0,100.0,0.0,inf,2021-11-06_2021-11-15
0.0,3,CPI m/m|Core CPI m/m|FOMC,Good|Good|Neutral,1,1,0,100.0,0.0,inf,2024-06-03_2024-06-12
0.1,3,CPI m/m|Core CPI m/m|FOMC,Neutral|Neutral|Neutral,1,1,0,100.0,0.0,inf,2024-06-03_2024-06-12
0.2,3,CPI m/m|Core CPI m/m|FOMC,Neutral|Neutral|Neutral,1,1,0,100.0,0.0,inf,2024-06-03_2024-06-12
0.3,3,CPI m/m|Core CPI m/m|FOMC,Neutral|Neutral|Neutral,1,1,0,100.0,0.0,inf,2024-06-03_2024-06-12
0.0,3,CPI m/m|Core CPI m/m|CPI y/y,Good|Good|Neutral,1,1,0,100.0,0.0,inf,2018-05-06_2018-05-15
0.0,3,CPI m/m|Core CPI m/m|CPI y/y,Good|Good|Good,8,6,2,75.0,25.0,3.0,2018-10-03_2018-10-12|2019-10-08_2019-10-17|2020-06-04_2020-06-13|2022-08-03_2022-08-12|2023-07-09_2023-07-18|2024-06-03_2024-06-12|2024-07-03_2024-07-12|2025-10-16_2025-10-25
0.0,3,CPI m/m|Core CPI m/m|CPI y/y,Neutral|Neutral|Neutral,3,3,0,100.0,0.0,inf,2018-11-12_2018-11-21|2019-01-11_2019-01-20|2020-10-12_2020-10-21
0.0,3,CPI m/m|Core CPI m/m|CPI y/y,Neutral|Bad|Good,1,1,0,100.0,0.0,inf,2019-09-08_2019-09-17
0.0,3,CPI m/m|Core CPI m/m|CPI y/y,Bad|Bad|Neutral,2,1,1,50.0,50.0,1.0,2020-07-14_2020-07-23|2020-12-01_2020-12-10
0.0,3,CPI m/m|Core CPI m/m|CPI y/y,Bad|Bad|Bad,5,3,2,60.0,40.0,1.5,2021-04-10_2021-04-19|2021-11-06_2021-11-15|2022-07-04_2022-07-13|2022-10-12_2022-10-21|2024-02-04_2024-02-13
0.0,3,CPI m/m|Core CPI m/m|CPI y/y,Neutral|Neutral|Good,1,0,1,0.0,100.0,0.0,2023-08-08_2023-08-17
0.0,3,CPI m/m|Core CPI m/m|CPI y/y,Bad|Neutral|Bad,2,2,0,100.0,0.0,inf,2023-10-07_2023-10-16|2024-01-05_2024-01-14
0.0,3,CPI m/m|Core CPI m/m|CPI y/y,Neutral|Bad|Bad,1,1,0,100.0,0.0,inf,2024-03-05_2024-03-14
0.0,3,CPI m/m|Core CPI m/m|CPI y/y,Neutral|Good|Bad,1,0,1,0.0,100.0,0.0,2025-07-08_2025-07-17
0.1,3,CPI m/m|Core CPI m/m|CPI y/y,Neutral|Neutral|Neutral,7,5,2,71.4,28.6,2.5,2018-05-06_2018-05-15|2018-11-12_2018-11-21|2019-01-11_2019-01-20|2020-07-14_2020-07-23|2020-10-12_2020-10-21|2020-12-01_2020-12-10|2023-08-08_2023-08-17
0.1,3,CPI m/m|Core CPI m/m|CPI y/y,Neutral|Neutral|Good,6,6,0,100.0,0.0,inf,2018-10-03_2018-10-12|2019-09-08_2019-09-17|2019-10-08_2019-10-17|2020-06-04_2020-06-13|2023-07-09_2023-07-18|2024-06-03_2024-06-12
0.1,3,CPI m/m|Core CPI m/m|CPI y/y,Neutral|Neutral|Bad,3,1,2,33.3,66.7,0.5,2021-04-10_2021-04-19|2024-01-05_2024-01-14|2025-07-08_2025-07-17
0.1,3,CPI m/m|Core CPI m/m|CPI y/y,Bad|Bad|Bad,2,2,0,100.0,0.0,inf,2021-11-06_2021-11-15|2022-07-04_2022-07-13
0.1,3,CPI m/m|Core CPI m/m|CPI y/y,Good|Good|Good,1,0,1,0.0,100.0,0.0,2022-08-03_2022-08-12
0.1,3,CPI m/m|Core CPI m/m|CPI y/y,Bad|Bad|Neutral,1,1,0,100.0,0.0,inf,2022-10-12_2022-10-21
0.1,3,CPI m/m|Core CPI m/m|CPI y/y,Bad|Neutral|Bad,1,1,0,100.0,0.0,inf,2023-10-07_2023-10-16
0.1,3,CPI m/m|Core CPI m/m|CPI y/y,Neutral|Bad|Bad,2,1,1,50.0,50.0,1.0,2024-02-04_2024-02-13|2024-03-05_2024-03-14
0.1,3,CPI m/m|Core CPI m/m|CPI y/y,Good|Neutral|Good,2,1,1,50.0,50.0,1.0,2024-07-03_2024-07-12|2025-10-16_2025-10-25
0.2,3,CPI m/m|Core CPI m/m|CPI y/y,Neutral|Neutral|Neutral,22,16,6,72.7,27.3,2.67,2018-05-06_2018-05-15|2018-10-03_2018-10-12|2018-11-12_2018-11-21|2019-01-11_2019-01-20|2019-09-08_2019-09-17|2019-10-08_2019-10-17|2020-06-04_2020-06-13|2020-07-14_2020-07-23|2020-10-12_2020-10-21|2020-12-01_2020-12-10|2021-04-10_2021-04-19|2022-08-03_2022-08-12|2022-10-12_2022-10-21|2023-07-09_2023-07-18|2023-08-08_2023-08-17|2023-10-07_2023-10-16|2024-01-05_2024-01-14|2024-03-05_2024-03-14|2024-06-03_2024-06-12|2024-07-03_2024-07-12|2025-07-08_2025-07-17|2025-10-16_2025-10-25
0.2,3,CPI m/m|Core CPI m/m|CPI y/y,Bad|Neutral|Bad,1,1,0,100.0,0.0,inf,2021-11-06_2021-11-15
0.2,3,CPI m/m|Core CPI m/m|CPI y/y,Neutral|Neutral|Bad,2,1,1,50.0,50.0,1.0,2022-07-04_2022-07-13|2024-02-04_2024-02-13
0.3,3,CPI m/m|Core CPI m/m|CPI y/y,Neutral|Neutral|Neutral,23,16,7,69.6,30.4,2.29,2018-05-06_2018-05-15|2018-10-03_2018-10-12|2018-11-12_2018-11-21|2019-01-11_2019-01-20|2019-09-08_2019-09-17|2019-10-08_2019-10-17|2020-06-04_2020-06-13|2020-07-14_2020-07-23|2020-10-12_2020-10-21|2020-12-01_2020-12-10|2021-04-10_2021-04-19|2022-08-03_2022-08-12|2022-10-12_2022-10-21|2023-07-09_2023-07-18|2023-08-08_2023-08-17|2023-10-07_2023-10-16|2024-01-05_2024-01-14|2024-02-04_2024-02-13|2024-03-05_2024-03-14|2024-06-03_2024-06-12|2024-07-03_2024-07-12|2025-07-08_2025-07-17|2025-10-16_2025-10-25
0.3,3,CPI m/m|Core CPI m/m|CPI y/y,Bad|Neutral|Neutral,1,1,0,100.0,0.0,inf,2021-11-06_2021-11-15
0.3,3,CPI m/m|Core CPI m/m|CPI y/y,Neutral|Neutral|Bad,1,1,0,100.0,0.0,inf,2022-07-04_2022-07-13
0.0,3,CPI m/m|PPI m/m|Core PPI m/m,Good|Good|Neutral,1,1,0,100.0,0.0,inf,2018-05-06_2018-05-15
0.0,3,CPI m/m|PPI m/m|Core PPI m/m,Good|Neutral|Neutral,1,1,0,100.0,0.0,inf,2018-10-03_2018-10-12
0.0,3,CPI m/m|PPI m/m|Core PPI m/m,Neutral|Good|Good,2,1,1,50.0,50.0,1.0,2019-01-11_2019-01-20|2025-07-08_2025-07-17
0.0,3,CPI m/m|PPI m/m|Core PPI m/m,Neutral|Bad|Bad,4,3,1,75.0,25.0,3.0,2019-09-08_2019-09-17|2020-10-12_2020-10-21|2023-08-08_2023-08-17|2024-03-05_2024-03-14
0.0,3,CPI m/m|PPI m/m|Core PPI m/m,Good|Good|Good,3,2,1,66.7,33.3,2.0,2019-10-08_2019-10-17|2022-08-03_2022-08-12|2023-07-09_2023-07-18
0.0,3,CPI m/m|PPI m/m|Core PPI m/m,Good|Bad|Neutral,1,1,0,100.0,0.0,inf,2020-06-04_2020-06-13
0.0,3,CPI m/m|PPI m/m|Core PPI m/m,Bad|Neutral|Good,1,1,0,100.0,0.0,inf,2021-11-06_2021-11-15
0.0,3,CPI m/m|PPI m/m|Core PPI m/m,Bad|Bad|Neutral,1,1,0,100.0,0.0,inf,2022-10-12_2022-10-21
0.0,3,CPI m/m|PPI m/m|Core PPI m/m,Bad|Bad|Bad,1,1,0,100.0,0.0,inf,2023-10-07_2023-10-16
0.0,3,CPI m/m|PPI m/m|Core PPI m/m,Bad|Good|Good,1,1,0,100.0,0.0,inf,2024-01-05_2024-01-14
0.0,3,CPI m/m|PPI m/m|Core PPI m/m,Good|Bad|Bad,1,1,0,100.0,0.0,inf,2024-07-03_2024-07-12
0.1,3,CPI m/m|PPI m/m|Core PPI m/m,Neutral|Neutral|Neutral,5,4,1,80.0,20.0,4.0,2018-05-06_2018-05-15|2018-10-03_2018-10-12|2019-09-08_2019-09-17|2023-07-09_2023-07-18|2023-08-08_2023-08-17
0.1,3,CPI m/m|PPI m/m|Core PPI m/m,Neutral|Neutral|Good,1,1,0,100.0,0.0,inf,2019-01-11_2019-01-20
0.1,3,CPI m/m|PPI m/m|Core PPI m/m,Neutral|Good|Good,3,2,1,66.7,33.3,2.0,2019-10-08_2019-10-17|2024-01-05_2024-01-14|2025-07-08_2025-07-17
0.1,3,CPI m/m|PPI m/m|Core PPI m/m,Neutral|Bad|Neutral,2,2,0,100.0,0.0,inf,2020-06-04_2020-06-13|2024-03-05_2024-03-14
0.1,3,CPI m/m|PPI m/m|Core PPI m/m,Neutral|Bad|Bad,1,1,0,100.0,0.0,inf,2020-10-12_2020-10-21
0.1,3,CPI m/m|PPI m/m|Core PPI m/m,Bad|Neutral|Neutral,1,1,0,100.0,0.0,inf,2021-11-06_2021-11-15
0.1,3,CPI m/m|PPI m/m|Core PPI m/m,Good|Good|Good,1,0,1,0.0,100.0,0.0,2022-08-03_2022-08-12
0.1,3,CPI m/m|PPI m/m|Core PPI m/m,Bad|Bad|Neutral,2,2,0,100.0,0.0,inf,2022-10-12_2022-10-21|2023-10-07_2023-10-16
0.1,3,CPI m/m|PPI m/m|Core PPI m/m,Good|Neutral|Bad,1,1,0,100.0,0.0,inf,2024-07-03_2024-07-12
0.2,3,CPI m/m|PPI m/m|Core PPI m/m,Neutral|Neutral|Neutral,11,9,2,81.8,18.2,4.5,2018-05-06_2018-05-15|2018-10-03_2018-10-12|2019-09-08_2019-09-17|2020-10-12_2020-10-21|2022-10-12_2022-10-21|2023-07-09_2023-07-18|2023-08-08_2023-08-17|2023-10-07_2023-10-16|2024-01-05_2024-01-14|2024-07-03_2024-07-12|2025-07-08_2025-07-17
0.2,3,CPI m/m|PPI m/m|Core PPI m/m,Neutral|Neutral|Good,1,1,0,100.0,0.0,inf,2019-01-11_2019-01-20
0.2,3,CPI m/m|PPI m/m|Core PPI m/m,Neutral|Good|Good,1,1,0,100.0,0.0,inf,2019-10-08_2019-10-17
0.2,3,CPI m/m|PPI m/m|Core PPI m/m,Neutral|Bad|Neutral,2,2,0,100.0,0.0,inf,2020-06-04_2020-06-13|2024-03-05_2024-03-14
0.2,3,CPI m/m|PPI m/m|Core PPI m/m,Bad|Neutral|Neutral,1,1,0,100.0,0.0,inf,2021-11-06_2021-11-15
0.2,3,CPI m/m|PPI m/m|Core PPI m/m,Neutral|Good|Neutral,1,0,1,0.0,100.0,0.0,2022-08-03_2022-08-12
0.3,3,CPI m/m|PPI m/m|Core PPI m/m,Neutral|Neutral|Neutral,12,10,2,83.3,16.7,5.0,2018-05-06_2018-05-15|2018-10-03_2018-10-12|2019-09-08_2019-09-17|2020-10-12_2020-10-21|2022-10-12_2022-10-21|2023-07-09_2023-07-18|2023-08-08_2023-08-17|2023-10-07_2023-10-16|2024-01-05_2024-01-14|2024-03-05_2024-03-14|2024-07-03_2024-07-12|2025-07-08_2025-07-17
0.3,3,CPI m/m|PPI m/m|Core PPI m/m,Neutral|Neutral|Good,1,1,0,100.0,0.0,inf,2019-01-11_2019-01-20
0.3,3,CPI m/m|PPI m/m|Core PPI m/m,Neutral|Good|Good,1,1,0,100.0,0.0,inf,2019-10-08_2019-10-17
0.3,3,CPI m/m|PPI m/m|Core PPI m/m,Neutral|Bad|Neutral,1,1,0,100.0,0.0,inf,2020-06-04_2020-06-13
0.3,3,CPI m/m|PPI m/m|Core PPI m/m,Bad|Neutral|Neutral,1,1,0,100.0,0.0,inf,2021-11-06_2021-11-15
0.3,3,CPI m/m|PPI m/m|Core PPI m/m,Neutral|Good|Neutral,1,0,1,0.0,100.0,0.0,2022-08-03_2022-08-12
0.0,3,CPI m/m|PPI m/m|CPI y/y,Good|Good|Neutral,1,1,0,100.0,0.0,inf,2018-05-06_2018-05-15
0.0,3,CPI m/m|PPI m/m|CPI y/y,Good|Neutral|Good,1,1,0,100.0,0.0,inf,2018-10-03_2018-10-12
0.0,3,CPI m/m|PPI m/m|CPI y/y,Neutral|Good|Neutral,1,1,0,100.0,0.0,inf,2019-01-11_2019-01-20
0.0,3,CPI m/m|PPI m/m|CPI y/y,Neutral|Bad|Good,2,1,1,50.0,50.0,1.0,2019-09-08_2019-09-17|2023-08-08_2023-08-17
0.0,3,CPI m/m|PPI m/m|CPI y/y,Good|Good|Good,3,2,1,66.7,33.3,2.0,2019-10-08_2019-10-17|2022-08-03_2022-08-12|2023-07-09_2023-07-18
0.0,3,CPI m/m|PPI m/m|CPI y/y,Good|Bad|Good,2,2,0,100.0,0.0,inf,2020-06-04_2020-06-13|2024-07-03_2024-07-12
0.0,3,CPI m/m|PPI m/m|CPI y/y,Neutral|Bad|Neutral,1,1,0,100.0,0.0,inf,2020-10-12_2020-10-21
0.0,3,CPI m/m|PPI m/m|CPI y/y,Bad|Neutral|Bad,1,1,0,100.0,0.0,inf,2021-11-06_2021-11-15
0.0,3,CPI m/m|PPI m/m|CPI y/y,Bad|Bad|Bad,2,2,0,100.0,0.0,inf,2022-10-12_2022-10-21|2023-10-07_2023-10-16
0.0,3,CPI m/m|PPI m/m|CPI y/y,Bad|Good|Bad,1,1,0,100.0,0.0,inf,2024-01-05_2024-01-14
0.0,3,CPI m/m|PPI m/m|CPI y/y,Neutral|Bad|Bad,1,1,0,100.0,0.0,inf,2024-03-05_2024-03-14
0.0,3,CPI m/m|PPI m/m|CPI y/y,Neutral|Good|Bad,1,0,1,0.0,100.0,0.0,2025-07-08_2025-07-17
0.1,3,CPI m/m|PPI m/m|CPI y/y,Neutral|Neutral|Neutral,3,2,1,66.7,33.3,2.0,2018-05-06_2018-05-15|2019-01-11_2019-01-20|2023-08-08_2023-08-17
0.1,3,CPI m/m|PPI m/m|CPI y/y,Neutral|Neutral|Good,3,3,0,100.0,0.0,inf,2018-10-03_2018-10-12|2019-09-08_2019-09-17|2023-07-09_2023-07-18
0.1,3,CPI m/m|PPI m/m|CPI y/y,Neutral|Good|Good,1,1,0,100.0,0.0,inf,2019-10-08_2019-10-17
0.1,3,CPI m/m|PPI m/m|CPI y/y,Neutral|Bad|Good,1,1,0,100.0,0.0,inf,2020-06-04_2020-06-13
0.1,3,CPI m/m|PPI m/m|CPI y/y,Neutral|Bad|Neutral,1,1,0,100.0,0.0,inf,2020-10-12_2020-10-21
0.1,3,CPI m/m|PPI m/m|CPI y/y,Bad|Neutral|Bad,1,1,0,100.0,0.0,inf,2021-11-06_2021-11-15
0.1,3,CPI m/m|PPI m/m|CPI y/y,Good|Good|Good,1,0,1,0.0,100.0,0.0,2022-08-03_2022-08-12
0.1,3,CPI m/m|PPI m/m|CPI y/y,Bad|Bad|Neutral,1,1,0,100.0,0.0,inf,2022-10-12_2022-10-21
0.1,3,CPI m/m|PPI m/m|CPI y/y,Bad|Bad|Bad,1,1,0,100.0,0.0,inf,2023-10-07_2023-10-16
0.1,3,CPI m/m|PPI m/m|CPI y/y,Neutral|Good|Bad,2,1,1,50.0,50.0,1.0,2024-01-05_2024-01-14|2025-07-08_2025-07-17
0.1,3,CPI m/m|PPI m/m|CPI y/y,Neutral|Bad|Bad,1,1,0,100.0,0.0,inf,2024-03-05_2024-03-14
0.1,3,CPI m/m|PPI m/m|CPI y/y,Good|Neutral|Good,1,1,0,100.0,0.0,inf,2024-07-03_2024-07-12
0.2,3,CPI m/m|PPI m/m|CPI y/y,Neutral|Neutral|Neutral,12,10,2,83.3,16.7,5.0,2018-05-06_2018-05-15|2018-10-03_2018-10-12|2019-01-11_2019-01-20|2019-09-08_2019-09-17|2020-10-12_2020-10-21|2022-10-12_2022-10-21|2023-07-09_2023-07-18|2023-08-08_2023-08-17|2023-10-07_2023-10-16|2024-01-05_2024-01-14|2024-07-03_2024-07-12|2025-07-08_2025-07-17
0.2,3,CPI m/m|PPI m/m|CPI y/y,Neutral|Good|Neutral,2,1,1,50.0,50.0,1.0,2019-10-08_2019-10-17|2022-08-03_2022-08-12
0.2,3,CPI m/m|PPI m/m|CPI y/y,Neutral|Bad|Neutral,2,2,0,100.0,0.0,inf,2020-06-04_2020-06-13|2024-03-05_2024-03-14
0.2,3,CPI m/m|PPI m/m|CPI y/y,Bad|Neutral|Bad,1,1,0,100.0,0.0,inf,2021-11-06_2021-11-15
0.3,3,CPI m/m|PPI m/m|CPI y/y,Neutral|Neutral|Neutral,13,11,2,84.6,15.4,5.5,2018-05-06_2018-05-15|2018-10-03_2018-10-12|2019-01-11_2019-01-20|2019-09-08_2019-09-17|2020-10-12_2020-10-21|2022-10-12_2022-10-21|2023-07-09_2023-07-18|2023-08-08_2023-08-17|2023-10-07_2023-10-16|2024-01-05_2024-01-14|2024-03-05_2024-03-14|2024-07-03_2024-07-12|2025-07-08_2025-07-17
0.3,3,CPI m/m|PPI m/m|CPI y/y,Neutral|Good|Neutral,2,1,1,50.0,50.0,1.0,2019-10-08_2019-10-17|2022-08-03_2022-08-12
0.3,3,CPI m/m|PPI m/m|CPI y/y,Neutral|Bad|Neutral,1,1,0,100.0,0.0,inf,2020-06-04_2020-06-13
0.3,3,CPI m/m|PPI m/m|CPI y/y,Bad|Neutral|Neutral,1,1,0,100.0,0.0,inf,2021-11-06_2021-11-15
0.0,3,CPI m/m|Core PPI m/m|CPI y/y,Good|Neutral|Neutral,1,1,0,100.0,0.0,inf,2018-05-06_2018-05-15
0.0,3,CPI m/m|Core PPI m/m|CPI y/y,Good|Neutral|Good,2,2,0,100.0,0.0,inf,2018-10-03_2018-10-12|2020-06-04_2020-06-13
0.0,3,CPI m/m|Core PPI m/m|CPI y/y,Neutral|Good|Neutral,1,1,0,100.0,0.0,inf,2019-01-11_2019-01-20
0.0,3,CPI m/m|Core PPI m/m|CPI y/y,Neutral|Bad|Good,2,1,1,50.0,50.0,1.0,2019-09-08_2019-09-17|2023-08-08_2023-08-17
0.0,3,CPI m/m|Core PPI m/m|CPI y/y,Good|Good|Good,3,2,1,66.7,33.3,2.0,2019-10-08_2019-10-17|2022-08-03_2022-08-12|2023-07-09_2023-07-18
0.0,3,CPI m/m|Core PPI m/m|CPI y/y,Neutral|Bad|Neutral,1,1,0,100.0,0.0,inf,2020-10-12_2020-10-21
0.0,3,CPI m/m|Core PPI m/m|CPI y/y,Bad|Good|Bad,2,2,0,100.0,0.0,inf,2021-11-06_2021-11-15|2024-01-05_2024-01-14
0.0,3,CPI m/m|Core PPI m/m|CPI y/y,Bad|Neutral|Bad,1,1,0,100.0,0.0,inf,2022-10-12_2022-10-21
0.0,3,CPI m/m|Core PPI m/m|CPI y/y,Bad|Bad|Bad,1,1,0,100.0,0.0,inf,2023-10-07_2023-10-16
0.0,3,CPI m/m|Core PPI m/m|CPI y/y,Neutral|Bad|Bad,1,1,0,100.0,0.0,inf,2024-03-05_2024-03-14
0.0,3,CPI m/m|Core PPI m/m|CPI y/y,Good|Bad|Good,1,1,0,100.0,0.0,inf,2024-07-03_2024-07-12
0.0,3,CPI m/m|Core PPI m/m|CPI y/y,Neutral|Good|Bad,1,0,1,0.0,100.0,0.0,2025-07-08_2025-07-17
0.1,3,CPI m/m|Core PPI m/m|CPI y/y,Neutral|Neutral|Neutral,2,1,1,50.0,50.0,1.0,2018-05-06_2018-05-15|2023-08-08_2023-08-17
0.1,3,CPI m/m|Core PPI m/m|CPI y/y,Neutral|Neutral|Good,4,4,0,100.0,0.0,inf,2018-10-03_2018-10-12|2019-09-08_2019-09-17|2020-06-04_2020-06-13|2023-07-09_2023-07-18
0.1,3,CPI m/m|Core PPI m/m|CPI y/y,Neutral|Good|Neutral,1,1,0,100.0,0.0,inf,2019-01-11_2019-01-20
0.1,3,CPI m/m|Core PPI m/m|CPI y/y,Neutral|Good|Good,1,1,0,100.0,0.0,inf,2019-10-08_2019-10-17
0.1,3,CPI m/m|Core PPI m/m|CPI y/y,Neutral|Bad|Neutral,1,1,0,100.0,0.0,inf,2020-10-12_2020-10-21
0.1,3,CPI m/m|Core PPI m/m|CPI y/y,Bad|Neutral|Bad,2,2,0,100.0,0.0,inf,2021-11-06_2021-11-15|2023-10-07_2023-10-16
0.1,3,CPI m/m|Core PPI m/m|CPI y/y,Good|Good|Good,1,0,1,0.0,100.0,0.0,2022-08-03_2022-08-12
0.1,3,CPI m/m|Core PPI m/m|CPI y/y,Bad|Neutral|Neutral,1,1,0,100.0,0.0,inf,2022-10-12_2022-10-21
0.1,3,CPI m/m|Core PPI m/m|CPI y/y,Neutral|Good|Bad,2,1,1,50.0,50.0,1.0,2024-01-05_2024-01-14|2025-07-08_2025-07-17
0.1,3,CPI m/m|Core PPI m/m|CPI y/y,Neutral|Neutral|Bad,1,1,0,100.0,0.0,inf,2024-03-05_2024-03-14
0.1,3,CPI m/m|Core PPI m/m|CPI y/y,Good|Bad|Good,1,1,0,100.0,0.0,inf,2024-07-03_2024-07-12
0.2,3,CPI m/m|Core PPI m/m|CPI y/y,Neutral|Neutral|Neutral,14,11,3,78.6,21.4,3.67,2018-05-06_2018-05-15|2018-10-03_2018-10-12|2019-09-08_2019-09-17|2020-06-04_2020-06-13|2020-10-12_2020-10-21|2022-08-03_2022-08-12|2022-10-12_2022-10-21|2023-07-09_2023-07-18|2023-08-08_2023-08-17|2023-10-07_2023-10-16|2024-01-05_2024-01-14|2024-03-05_2024-03-14|2024-07-03_2024-07-12|2025-07-08_2025-07-17
0.2,3,CPI m/m|Core PPI m/m|CPI y/y,Neutral|Good|Neutral,2,2,0,100.0,0.0,inf,2019-01-11_2019-01-20|2019-10-08_2019-10-17
0.2,3,CPI m/m|Core PPI m/m|CPI y/y,Bad|Neutral|Bad,1,1,0,100.0,0.0,inf,2021-11-06_2021-11-15
0.3,3,CPI m/m|Core PPI m/m|CPI y/y,Neutral|Neutral|Neutral,14,11,3,78.6,21.4,3.67,2018-05-06_2018-05-15|2018-10-03_2018-10-12|2019-09-08_2019-09-17|2020-06-04_2020-06-13|2020-10-12_2020-10-21|2022-08-03_2022-08-12|2022-10-12_2022-10-21|2023-07-09_2023-07-18|2023-08-08_2023-08-17|2023-10-07_2023-10-16|2024-01-05_2024-01-14|2024-03-05_2024-03-14|2024-07-03_2024-07-12|2025-07-08_2025-07-17
0.3,3,CPI m/m|Core PPI m/m|CPI y/y,Neutral|Good|Neutral,2,2,0,100.0,0.0,inf,2019-01-11_2019-01-20|2019-10-08_2019-10-17
0.3,3,CPI m/m|Core PPI m/m|CPI y/y,Bad|Neutral|Neutral,1,1,0,100.0,0.0,inf,2021-11-06_2021-11-15
0.0,3,CPI m/m|FOMC|CPI y/y,Good|Neutral|Good,1,1,0,100.0,0.0,inf,2024-06-03_2024-06-12
0.1,3,CPI m/m|FOMC|CPI y/y,Neutral|Neutral|Good,1,1,0,100.0,0.0,inf,2024-06-03_2024-06-12
0.2,3,CPI m/m|FOMC|CPI y/y,Neutral|Neutral|Neutral,1,1,0,100.0,0.0,inf,2024-06-03_2024-06-12
0.3,3,CPI m/m|FOMC|CPI y/y,Neutral|Neutral|Neutral,1,1,0,100.0,0.0,inf,2024-06-03_2024-06-12
0.0,3,Core CPI m/m|PPI m/m|Core PPI m/m,Good|Good|Neutral,1,1,0,100.0,0.0,inf,2018-05-06_2018-05-15
0.0,3,Core CPI m/m|PPI m/m|Core PPI m/m,Good|Neutral|Neutral,1,1,0,100.0,0.0,inf,2018-10-03_2018-10-12
0.0,3,Core CPI m/m|PPI m/m|Core PPI m/m,Neutral|Good|Good,2,2,0,100.0,0.0,inf,2019-01-11_2019-01-20|2024-01-05_2024-01-14
0.0,3,Core CPI m/m|PPI m/m|Core PPI m/m,Bad|Bad|Bad,2,2,0,100.0,0.0,inf,2019-09-08_2019-09-17|2024-03-05_2024-03-14
0.0,3,Core CPI m/m|PPI m/m|Core PPI m/m,Good|Good|Good,4,2,2,50.0,50.0,1.0,2019-10-08_2019-10-17|2022-08-03_2022-08-12|2023-07-09_2023-07-18|2025-07-08_2025-07-17
0.0,3,Core CPI m/m|PPI m/m|Core PPI m/m,Good|Bad|Neutral,1,1,0,100.0,0.0,inf,2020-06-04_2020-06-13
0.0,3,Core CPI m/m|PPI m/m|Core PPI m/m,Neutral|Bad|Bad,3,2,1,66.7,33.3,2.0,2020-10-12_2020-10-21|2023-08-08_2023-08-17|2023-10-07_2023-10-16
0.0,3,Core CPI m/m|PPI m/m|Core PPI m/m,Bad|Neutral|Good,1,1,0,100.0,0.0,inf,2021-11-06_2021-11-15
0.0,3,Core CPI m/m|PPI m/m|Core PPI m/m,Bad|Bad|Neutral,1,1,0,100.0,0.0,inf,2022-10-12_2022-10-21
0.0,3,Core CPI m/m|PPI m/m|Core PPI m/m,Good|Bad|Bad,1,1,0,100.0,0.0,inf,2024-07-03_2024-07-12
0.1,3,Core CPI m/m|PPI m/m|Core PPI m/m,Neutral|Neutral|Neutral,5,4,1,80.0,20.0,4.0,2018-05-06_2018-05-15|2018-10-03_2018-10-12|2019-09-08_2019-09-17|2023-07-09_2023-07-18|2023-08-08_2023-08-17
0.1,3,Core CPI m/m|PPI m/m|Core PPI m/m,Neutral|Neutral|Good,1,1,0,100.0,0.0,inf,2019-01-11_2019-01-20
0.1,3,Core CPI m/m|PPI m/m|Core PPI m/m,Neutral|Good|Good,3,2,1,66.7,33.3,2.0,2019-10-08_2019-10-17|2024-01-05_2024-01-14|2025-07-08_2025-07-17
0.1,3,Core CPI m/m|PPI m/m|Core PPI m/m,Neutral|Bad|Neutral,2,2,0,100.0,0.0,inf,2020-06-04_2020-06-13|2023-10-07_2023-10-16
0.1,3,Core CPI m/m|PPI m/m|Core PPI m/m,Neutral|Bad|Bad,1,1,0,100.0,0.0,inf,2020-10-12_2020-10-21
0.1,3,Core CPI m/m|PPI m/m|Core PPI m/m,Bad|Neutral|Neutral,1,1,0,100.0,0.0,inf,2021-11-06_2021-11-15
0.1,3,Core CPI m/m|PPI m/m|Core PPI m/m,Good|Good|Good,1,0,1,0.0,100.0,0.0,2022-08-03_2022-08-12
0.1,3,Core CPI m/m|PPI m/m|Core PPI m/m,Bad|Bad|Neutral,2,2,0,100.0,0.0,inf,2022-10-12_2022-10-21|2024-03-05_2024-03-14
0.1,3,Core CPI m/m|PPI m/m|Core PPI m/m,Neutral|Neutral|Bad,1,1,0,100.0,0.0,inf,2024-07-03_2024-07-12
0.2,3,Core CPI m/m|PPI m/m|Core PPI m/m,Neutral|Neutral|Neutral,12,10,2,83.3,16.7,5.0,2018-05-06_2018-05-15|2018-10-03_2018-10-12|2019-09-08_2019-09-17|2020-10-12_2020-10-21|2021-11-06_2021-11-15|2022-10-12_2022-10-21|2023-07-09_2023-07-18|2023-08-08_2023-08-17|2023-10-07_2023-10-16|2024-01-05_2024-01-14|2024-07-03_2024-07-12|2025-07-08_2025-07-17
0.2,3,Core CPI m/m|PPI m/m|Core PPI m/m,Neutral|Neutral|Good,1,1,0,100.0,0.0,inf,2019-01-11_2019-01-20
0.2,3,Core CPI m/m|PPI m/m|Core PPI m/m,Neutral|Good|Good,1,1,0,100.0,0.0,inf,2019-10-08_2019-10-17
0.2,3,Core CPI m/m|PPI m/m|Core PPI m/m,Neutral|Bad|Neutral,2,2,0,100.0,0.0,inf,2020-06-04_2020-06-13|2024-03-05_2024-03-14
0.2,3,Core CPI m/m|PPI m/m|Core PPI m/m,Neutral|Good|Neutral,1,0,1,0.0,100.0,0.0,2022-08-03_2022-08-12
0.3,3,Core CPI m/m|PPI m/m|Core PPI m/m,Neutral|Neutral|Neutral,13,11,2,84.6,15.4,5.5,2018-05-06_2018-05-15|2018-10-03_2018-10-12|2019-09-08_2019-09-17|2020-10-12_2020-10-21|2021-11-06_2021-11-15|2022-10-12_2022-10-21|2023-07-09_2023-07-18|2023-08-08_2023-08-17|2023-10-07_2023-10-16|2024-01-05_2024-01-14|2024-03-05_2024-03-14|2024-07-03_2024-07-12|2025-07-08_2025-07-17
0.3,3,Core CPI m/m|PPI m/m|Core PPI m/m,Neutral|Neutral|Good,1,1,0,100.0,0.0,inf,2019-01-11_2019-01-20
0.3,3,Core CPI m/m|PPI m/m|Core PPI m/m,Neutral|Good|Good,1,1,0,100.0,0.0,inf,2019-10-08_2019-10-17
0.3,3,Core CPI m/m|PPI m/m|Core PPI m/m,Neutral|Bad|Neutral,1,1,0,100.0,0.0,inf,2020-06-04_2020-06-13
0.3,3,Core CPI m/m|PPI m/m|Core PPI m/m,Neutral|Good|Neutral,1,0,1,0.0,100.0,0.0,2022-08-03_2022-08-12
0.0,3,Core CPI m/m|PPI m/m|CPI y/y,Good|Good|Neutral,1,1,0,100.0,0.0,inf,2018-05-06_2018-05-15
0.0,3,Core CPI m/m|PPI m/m|CPI y/y,Good|Neutral|Good,1,1,0,100.0,0.0,inf,2018-10-03_2018-10-12
0.0,3,Core CPI m/m|PPI m/m|CPI y/y,Neutral|Good|Neutral,1,1,0,100.0,0.0,inf,2019-01-11_2019-01-20
0.0,3,Core CPI m/m|PPI m/m|CPI y/y,Bad|Bad|Good,1,1,0,100.0,0.0,inf,2019-09-08_2019-09-17
0.0,3,Core CPI m/m|PPI m/m|CPI y/y,Good|Good|Good,3,2,1,66.7,33.3,2.0,2019-10-08_2019-10-17|2022-08-03_2022-08-12|2023-07-09_2023-07-18
0.0,3,Core CPI m/m|PPI m/m|CPI y/y,Good|Bad|Good,2,2,0,100.0,0.0,inf,2020-06-04_2020-06-13|2024-07-03_2024-07-12
0.0,3,Core CPI m/m|PPI m/m|CPI y/y,Neutral|Bad|Neutral,1,1,0,100.0,0.0,inf,2020-10-12_2020-10-21
0.0,3,Core CPI m/m|PPI m/m|CPI y/y,Bad|Neutral|Bad,1,1,0,100.0,0.0,inf,2021-11-06_2021-11-15
0.0,3,Core CPI m/m|PPI m/m|CPI y/y,Bad|Bad|Bad,2,2,0,100.0,0.0,inf,2022-10-12_2022-10-21|2024-03-05_2024-03-14
0.0,3,Core CPI m/m|PPI m/m|CPI y/y,Neutral|Bad|Good,1,0,1,0.0,100.0,0.0,2023-08-08_2023-08-17
0.0,3,Core CPI m/m|PPI m/m|CPI y/y,Neutral|Bad|Bad,1,1,0,100.0,0.0,inf,2023-10-07_2023-10-16
0.0,3,Core CPI m/m|PPI m/m|CPI y/y,Neutral|Good|Bad,1,1,0,100.0,0.0,inf,2024-01-05_2024-01-14
0.0,3,Core CPI m/m|PPI m/m|CPI y/y,Good|Good|Bad,1,0,1,0.0,100.0,0.0,2025-07-08_2025-07-17
0.1,3,Core CPI m/m|PPI m/m|CPI y/y,Neutral|Neutral|Neutral,3,2,1,66.7,33.3,2.0,2018-05-06_2018-05-15|2019-01-11_2019-01-20|2023-08-08_2023-08-17
0.1,3,Core CPI m/m|PPI m/m|CPI y/y,Neutral|Neutral|Good,4,4,0,100.0,0.0,inf,2018-10-03_2018-10-12|2019-09-08_2019-09-17|2023-07-09_2023-07-18|2024-07-03_2024-07-12
0.1,3,Core CPI m/m|PPI m/m|CPI y/y,Neutral|Good|Good,1,1,0,100.0,0.0,inf,2019-10-08_2019-10-17
0.1,3,Core CPI m/m|PPI m/m|CPI y/y,Neutral|Bad|Good,1,1,0,100.0,0.0,inf,2020-06-04_2020-06-13
0.1,3,Core CPI m/m|PPI m/m|CPI y/y,Neutral|Bad|Neutral,1,1,0,100.0,0.0,inf,2020-10-12_2020-10-21
0.1,3,Core CPI m/m|PPI m/m|CPI y/y,Bad|Neutral|Bad,1,1,0,100.0,0.0,inf,2021-11-06_2021-11-15
0.1,3,Core CPI m/m|PPI m/m|CPI y/y,Good|Good|Good,1,0,1,0.0,100.0,0.0,2022-08-03_2022-08-12
0.1,3,Core CPI m/m|PPI m/m|CPI y/y,Bad|Bad|Neutral,1,1,0,100.0,0.0,inf,2022-10-12_2022-10-21
0.1,3,Core CPI m/m|PPI m/m|CPI y/y,Neutral|Bad|Bad,1,1,0,100.0,0.0,inf,2023-10-07_2023-10-16
0.1,3,Core CPI m/m|PPI m/m|CPI y/y,Neutral|Good|Bad,2,1,1,50.0,50.0,1.0,2024-01-05_2024-01-14|2025-07-08_2025-07-17
0.1,3,Core CPI m/m|PPI m/m|CPI y/y,Bad|Bad|Bad,1,1,0,100.0,0.0,inf,2024-03-05_2024-03-14
0.2,3,Core CPI m/m|PPI m/m|CPI y/y,Neutral|Neutral|Neutral,12,10,2,83.3,16.7,5.0,2018-05-06_2018-05-15|2018-10-03_2018-10-12|2019-01-11_2019-01-20|2019-09-08_2019-09-17|2020-10-12_2020-10-21|2022-10-12_2022-10-21|2023-07-09_2023-07-18|2023-08-08_2023-08-17|2023-10-07_2023-10-16|2024-01-05_2024-01-14|2024-07-03_2024-07-12|2025-07-08_2025-07-17
0.2,3,Core CPI m/m|PPI m/m|CPI y/y,Neutral|Good|Neutral,2,1,1,50.0,50.0,1.0,2019-10-08_2019-10-17|2022-08-03_2022-08-12
0.2,3,Core CPI m/m|PPI m/m|CPI y/y,Neutral|Bad|Neutral,2,2,0,100.0,0.0,inf,2020-06-04_2020-06-13|2024-03-05_2024-03-14
0.2,3,Core CPI m/m|PPI m/m|CPI y/y,Neutral|Neutral|Bad,1,1,0,100.0,0.0,inf,2021-11-06_2021-11-15
0.3,3,Core CPI m/m|PPI m/m|CPI y/y,Neutral|Neutral|Neutral,14,12,2,85.7,14.3,6.0,2018-05-06_2018-05-15|2018-10-03_2018-10-12|2019-01-11_2019-01-20|2019-09-08_2019-09-17|2020-10-12_2020-10-21|2021-11-06_2021-11-15|2022-10-12_2022-10-21|2023-07-09_2023-07-18|2023-08-08_2023-08-17|2023-10-07_2023-10-16|2024-01-05_2024-01-14|2024-03-05_2024-03-14|2024-07-03_2024-07-12|2025-07-08_2025-07-17
0.3,3,Core CPI m/m|PPI m/m|CPI y/y,Neutral|Good|Neutral,2,1,1,50.0,50.0,1.0,2019-10-08_2019-10-17|2022-08-03_2022-08-12
0.3,3,Core CPI m/m|PPI m/m|CPI y/y,Neutral|Bad|Neutral,1,1,0,100.0,0.0,inf,2020-06-04_2020-06-13
0.0,3,Core CPI m/m|Core PPI m/m|CPI y/y,Good|Neutral|Neutral,1,1,0,100.0,0.0,inf,2018-05-06_2018-05-15
0.0,3,Core CPI m/m|Core PPI m/m|CPI y/y,Good|Neutral|Good,2,2,0,100.0,0.0,inf,2018-10-03_2018-10-12|2020-06-04_2020-06-13
0.0,3,Core CPI m/m|Core PPI m/m|CPI y/y,Neutral|Good|Neutral,1,1,0,100.0,0.0,inf,2019-01-11_2019-01-20
0.0,3,Core CPI m/m|Core PPI m/m|CPI y/y,Bad|Bad|Good,1,1,0,100.0,0.0,inf,2019-09-08_2019-09-17
0.0,3,Core CPI m/m|Core PPI m/m|CPI y/y,Good|Good|Good,3,2,1,66.7,33.3,2.0,2019-10-08_2019-10-17|2022-08-03_2022-08-12|2023-07-09_2023-07-18
0.0,3,Core CPI m/m|Core PPI m/m|CPI y/y,Neutral|Bad|Neutral,1,1,0,100.0,0.0,inf,2020-10-12_2020-10-21
0.0,3,Core CPI m/m|Core PPI m/m|CPI y/y,Bad|Good|Bad,1,1,0,100.0,0.0,inf,2021-11-06_2021-11-15
0.0,3,Core CPI m/m|Core PPI m/m|CPI y/y,Bad|Neutral|Bad,1,1,0,100.0,0.0,inf,2022-10-12_2022-10-21
0.0,3,Core CPI m/m|Core PPI m/m|CPI y/y,Neutral|Bad|Good,1,0,1,0.0,100.0,0.0,2023-08-08_2023-08-17
0.0,3,Core CPI m/m|Core PPI m/m|CPI y/y,Neutral|Bad|Bad,1,1,0,100.0,0.0,inf,2023-10-07_2023-10-16
0.0,3,Core CPI m/m|Core PPI m/m|CPI y/y,Neutral|Good|Bad,1,1,0,100.0,0.0,inf,2024-01-05_2024-01-14
0.0,3,Core CPI m/m|Core PPI m/m|CPI y/y,Bad|Bad|Bad,1,1,0,100.0,0.0,inf,2024-03-05_2024-03-14
0.0,3,Core CPI m/m|Core PPI m/m|CPI y/y,Good|Bad|Good,1,1,0,100.0,0.0,inf,2024-07-03_2024-07-12
0.0,3,Core CPI m/m|Core PPI m/m|CPI y/y,Good|Good|Bad,1,0,1,0.0,100.0,0.0,2025-07-08_2025-07-17
0.1,3,Core CPI m/m|Core PPI m/m|CPI y/y,Neutral|Neutral|Neutral,2,1,1,50.0,50.0,1.0,2018-05-06_2018-05-15|2023-08-08_2023-08-17
0.1,3,Core CPI m/m|Core PPI m/m|CPI y/y,Neutral|Neutral|Good,4,4,0,100.0,0.0,inf,2018-10-03_2018-10-12|2019-09-08_2019-09-17|2020-06-04_2020-06-13|2023-07-09_2023-07-18
0.1,3,Core CPI m/m|Core PPI m/m|CPI y/y,Neutral|Good|Neutral,1,1,0,100.0,0.0,inf,2019-01-11_2019-01-20
0.1,3,Core CPI m/m|Core PPI m/m|CPI y/y,Neutral|Good|Good,1,1,0,100.0,0.0,inf,2019-10-08_2019-10-17
0.1,3,Core CPI m/m|Core PPI m/m|CPI y/y,Neutral|Bad|Neutral,1,1,0,100.0,0.0,inf,2020-10-12_2020-10-21
0.1,3,Core CPI m/m|Core PPI m/m|CPI y/y,Bad|Neutral|Bad,2,2,0,100.0,0.0,inf,2021-11-06_2021-11-15|2024-03-05_2024-03-14
0.1,3,Core CPI m/m|Core PPI m/m|CPI y/y,Good|Good|Good,1,0,1,0.0,100.0,0.0,2022-08-03_2022-08-12
0.1,3,Core CPI m/m|Core PPI m/m|CPI y/y,Bad|Neutral|Neutral,1,1,0,100.0,0.0,inf,2022-10-12_2022-10-21
0.1,3,Core CPI m/m|Core PPI m/m|CPI y/y,Neutral|Neutral|Bad,1,1,0,100.0,0.0,inf,2023-10-07_2023-10-16
0.1,3,Core CPI m/m|Core PPI m/m|CPI y/y,Neutral|Good|Bad,2,1,1,50.0,50.0,1.0,2024-01-05_2024-01-14|2025-07-08_2025-07-17
0.1,3,Core CPI m/m|Core PPI m/m|CPI y/y,Neutral|Bad|Good,1,1,0,100.0,0.0,inf,2024-07-03_2024-07-12
0.2,3,Core CPI m/m|Core PPI m/m|CPI y/y,Neutral|Neutral|Neutral,14,11,3,78.6,21.4,3.67,2018-05-06_2018-05-15|2018-10-03_2018-10-12|2019-09-08_2019-09-17|2020-06-04_2020-06-13|2020-10-12_2020-10-21|2022-08-03_2022-08-12|2022-10-12_2022-10-21|2023-07-09_2023-07-18|2023-08-08_2023-08-17|2023-10-07_2023-10-16|2024-01-05_2024-01-14|2024-03-05_2024-03-14|2024-07-03_2024-07-12|2025-07-08_2025-07-17
0.2,3,Core CPI m/m|Core PPI m/m|CPI y/y,Neutral|Good|Neutral,2,2,0,100.0,0.0,inf,2019-01-11_2019-01-20|2019-10-08_2019-10-17
0.2,3,Core CPI m/m|Core PPI m/m|CPI y/y,Neutral|Neutral|Bad,1,1,0,100.0,0.0,inf,2021-11-06_2021-11-15
0.3,3,Core CPI m/m|Core PPI m/m|CPI y/y,Neutral|Neutral|Neutral,15,12,3,80.0,20.0,4.0,2018-05-06_2018-05-15|2018-10-03_2018-10-12|2019-09-08_2019-09-17|2020-06-04_2020-06-13|2020-10-12_2020-10-21|2021-11-06_2021-11-15|2022-08-03_2022-08-12|2022-10-12_2022-10-21|2023-07-09_2023-07-18|2023-08-08_2023-08-17|2023-10-07_2023-10-16|2024-01-05_2024-01-14|2024-03-05_2024-03-14|2024-07-03_2024-07-12|2025-07-08_2025-07-17
0.3,3,Core CPI m/m|Core PPI m/m|CPI y/y,Neutral|Good|Neutral,2,2,0,100.0,0.0,inf,2019-01-11_2019-01-20|2019-10-08_2019-10-17
0.0,3,Core CPI m/m|FOMC|CPI y/y,Good|Neutral|Good,1,1,0,100.0,0.0,inf,2024-06-03_2024-06-12
0.1,3,Core CPI m/m|FOMC|CPI y/y,Neutral|Neutral|Good,1,1,0,100.0,0.0,inf,2024-06-03_2024-06-12
0.2,3,Core CPI m/m|FOMC|CPI y/y,Neutral|Neutral|Neutral,1,1,0,100.0,0.0,inf,2024-06-03_2024-06-12
0.3,3,Core CPI m/m|FOMC|CPI y/y,Neutral|Neutral|Neutral,1,1,0,100.0,0.0,inf,2024-06-03_2024-06-12
0.0,3,PPI m/m|Core PPI m/m|CPI y/y,Good|Neutral|Neutral,1,1,0,100.0,0.0,inf,2018-05-06_2018-05-15
0.0,3,PPI m/m|Core PPI m/m|CPI y/y,Neutral|Neutral|Good,1,1,0,100.0,0.0,inf,2018-10-03_2018-10-12
0.0,3,PPI m/m|Core PPI m/m|CPI y/y,Good|Good|Neutral,1,1,0,100.0,0.0,inf,2019-01-11_2019-01-20
0.0,3,PPI m/m|Core PPI m/m|CPI y/y,Bad|Bad|Good,3,2,1,66.7,33.3,2.0,2019-09-08_2019-09-17|2023-08-08_2023-08-17|2024-07-03_2024-07-12
0.0,3,PPI m/m|Core PPI m/m|CPI y/y,Good|Good|Good,3,2,1,66.7,33.3,2.0,2019-10-08_2019-10-17|2022-08-03_2022-08-12|2023-07-09_2023-07-18
0.0,3,PPI m/m|Core PPI m/m|CPI y/y,Bad|Neutral|Good,1,1,0,100.0,0.0,inf,2020-06-04_2020-06-13
0.0,3,PPI m/m|Core PPI m/m|CPI y/y,Bad|Bad|Neutral,1,1,0,100.0,0.0,inf,2020-10-12_2020-10-21
0.0,3,PPI m/m|Core PPI m/m|CPI y/y,Neutral|Good|Bad,1,1,0,100.0,0.0,inf,2021-11-06_2021-11-15
0.0,3,PPI m/m|Core PPI m/m|CPI y/y,Bad|Neutral|Bad,1,1,0,100.0,0.0,inf,2022-10-12_2022-10-21
0.0,3,PPI m/m|Core PPI m/m|CPI y/y,Bad|Bad|Bad,2,2,0,100.0,0.0,inf,2023-10-07_2023-10-16|2024-03-05_2024-03-14
0.0,3,PPI m/m|Core PPI m/m|CPI y/y,Good|Good|Bad,2,1,1,50.0,50.0,1.0,2024-01-05_2024-01-14|2025-07-08_2025-07-17
0.1,3,PPI m/m|Core PPI m/m|CPI y/y,Neutral|Neutral|Neutral,2,1,1,50.0,50.0,1.0,2018-05-06_2018-05-15|2023-08-08_2023-08-17
0.1,3,PPI m/m|Core PPI m/m|CPI y/y,Neutral|Neutral|Good,3,3,0,100.0,0.0,inf,2018-10-03_2018-10-12|2019-09-08_2019-09-17|2023-07-09_2023-07-18
0.1,3,PPI m/m|Core PPI m/m|CPI y/y,Neutral|Good|Neutral,1,1,0,100.0,0.0,inf,2019-01-11_2019-01-20
0.1,3,PPI m/m|Core PPI m/m|CPI y/y,Good|Good|Good,2,1,1,50.0,50.0,1.0,2019-10-08_2019-10-17|2022-08-03_2022-08-12
0.1,3,PPI m/m|Core PPI m/m|CPI y/y,Bad|Neutral|Good,1,1,0,100.0,0.0,inf,2020-06-04_2020-06-13
0.1,3,PPI m/m|Core PPI m/m|CPI y/y,Bad|Bad|Neutral,1,1,0,100.0,0.0,inf,2020-10-12_2020-10-21
0.1,3,PPI m/m|Core PPI m/m|CPI y/y,Neutral|Neutral|Bad,1,1,0,100.0,0.0,inf,2021-11-06_2021-11-15
0.1,3,PPI m/m|Core PPI m/m|CPI y/y,Bad|Neutral|Neutral,1,1,0,100.0,0.0,inf,2022-10-12_2022-10-21
0.1,3,PPI m/m|Core PPI m/m|CPI y/y,Bad|Neutral|Bad,2,2,0,100.0,0.0,inf,2023-10-07_2023-10-16|2024-03-05_2024-03-14
0.1,3,PPI m/m|Core PPI m/m|CPI y/y,Good|Good|Bad,2,1,1,50.0,50.0,1.0,2024-01-05_2024-01-14|2025-07-08_2025-07-17
0.1,3,PPI m/m|Core PPI m/m|CPI y/y,Neutral|Bad|Good,1,1,0,100.0,0.0,inf,2024-07-03_2024-07-12
0.2,3,PPI m/m|Core PPI m/m|CPI y/y,Neutral|Neutral|Neutral,11,9,2,81.8,18.2,4.5,2018-05-06_2018-05-15|2018-10-03_2018-10-12|2019-09-08_2019-09-17|2020-10-12_2020-10-21|2022-10-12_2022-10-21|2023-07-09_2023-07-18|2023-08-08_2023-08-17|2023-10-07_2023-10-16|2024-01-05_2024-01-14|2024-07-03_2024-07-12|2025-07-08_2025-07-17
0.2,3,PPI m/m|Core PPI m/m|CPI y/y,Neutral|Good|Neutral,1,1,0,100.0,0.0,inf,2019-01-11_2019-01-20
0.2,3,PPI m/m|Core PPI m/m|CPI y/y,Good|Good|Neutral,1,1,0,100.0,0.0,inf,2019-10-08_2019-10-17
0.2,3,PPI m/m|Core PPI m/m|CPI y/y,Bad|Neutral|Neutral,2,2,0,100.0,0.0,inf,2020-06-04_2020-06-13|2024-03-05_2024-03-14
0.2,3,PPI m/m|Core PPI m/m|CPI y/y,Neutral|Neutral|Bad,1,1,0,100.0,0.0,inf,2021-11-06_2021-11-15
0.2,3,PPI m/m|Core PPI m/m|CPI y/y,Good|Neutral|Neutral,1,0,1,0.0,100.0,0.0,2022-08-03_2022-08-12
0.3,3,PPI m/m|Core PPI m/m|CPI y/y,Neutral|Neutral|Neutral,13,11,2,84.6,15.4,5.5,2018-05-06_2018-05-15|2018-10-03_2018-10-12|2019-09-08_2019-09-17|2020-10-12_2020-10-21|2021-11-06_2021-11-15|2022-10-12_2022-10-21|2023-07-09_2023-07-18|2023-08-08_2023-08-17|2023-10-07_2023-10-16|2024-01-05_2024-01-14|2024-03-05_2024-03-14|2024-07-03_2024-07-12|2025-07-08_2025-07-17
0.3,3,PPI m/m|Core PPI m/m|CPI y/y,Neutral|Good|Neutral,1,1,0,100.0,0.0,inf,2019-01-11_2019-01-20
0.3,3,PPI m/m|Core PPI m/m|CPI y/y,Good|Good|Neutral,1,1,0,100.0,0.0,inf,2019-10-08_2019-10-17
0.3,3,PPI m/m|Core PPI m/m|CPI y/y,Bad|Neutral|Neutral,1,1,0,100.0,0.0,inf,2020-06-04_2020-06-13
0.3,3,PPI m/m|Core PPI m/m|CPI y/y,Good|Neutral|Neutral,1,0,1,0.0,100.0,0.0,2022-08-03_2022-08-12
0.0,4,CPI m/m|Core CPI m/m|PPI m/m|Core PPI m/m,Good|Good|Good|Neutral,1,1,0,100.0,0.0,inf,2018-05-06_2018-05-15
0.0,4,CPI m/m|Core CPI m/m|PPI m/m|Core PPI m/m,Good|Good|Neutral|Neutral,1,1,0,100.0,0.0,inf,2018-10-03_2018-10-12
0.0,4,CPI m/m|Core CPI m/m|PPI m/m|Core PPI m/m,Neutral|Neutral|Good|Good,1,1,0,100.0,0.0,inf,2019-01-11_2019-01-20
0.0,4,CPI m/m|Core CPI m/m|PPI m/m|Core PPI m/m,Neutral|Bad|Bad|Bad,2,2,0,100.0,0.0,inf,2019-09-08_2019-09-17|2024-03-05_2024-03-14
0.0,4,CPI m/m|Core CPI m/m|PPI m/m|Core PPI m/m,Good|Good|Good|Good,3,2,1,66.7,33.3,2.0,2019-10-08_2019-10-17|2022-08-03_2022-08-12|2023-07-09_2023-07-18
0.0,4,CPI m/m|Core CPI m/m|PPI m/m|Core PPI m/m,Good|Good|Bad|Neutral,1,1,0,100.0,0.0,inf,2020-06-04_2020-06-13
0.0,4,CPI m/m|Core CPI m/m|PPI m/m|Core PPI m/m,Neutral|Neutral|Bad|Bad,2,1,1,50.0,50.0,1.0,2020-10-12_2020-10-21|2023-08-08_2023-08-17
0.0,4,CPI m/m|Core CPI m/m|PPI m/m|Core PPI m/m,Bad|Bad|Neutral|Good,1,1,0,100.0,0.0,inf,2021-11-06_2021-11-15
0.0,4,CPI m/m|Core CPI m/m|PPI m/m|Core PPI m/m,Bad|Bad|Bad|Neutral,1,1,0,100.0,0.0,inf,2022-10-12_2022-10-21
0.0,4,CPI m/m|Core CPI m/m|PPI m/m|Core PPI m/m,Bad|Neutral|Bad|Bad,1,1,0,100.0,0.0,inf,2023-10-07_2023-10-16
0.0,4,CPI m/m|Core CPI m/m|PPI m/m|Core PPI m/m,Bad|Neutral|Good|Good,1,1,0,100.0,0.0,inf,2024-01-05_2024-01-14
0.0,4,CPI m/m|Core CPI m/m|PPI m/m|Core PPI m/m,Good|Good|Bad|Bad,1,1,0,100.0,0.0,inf,2024-07-03_2024-07-12
0.0,4,CPI m/m|Core CPI m/m|PPI m/m|Core PPI m/m,Neutral|Good|Good|Good,1,0,1,0.0,100.0,0.0,2025-07-08_2025-07-17
0.1,4,CPI m/m|Core CPI m/m|PPI m/m|Core PPI m/m,Neutral|Neutral|Neutral|Neutral,5,4,1,80.0,20.0,4.0,2018-05-06_2018-05-15|2018-10-03_2018-10-12|2019-09-08_2019-09-17|2023-07-09_2023-07-18|2023-08-08_2023-08-17
0.1,4,CPI m/m|Core CPI m/m|PPI m/m|Core PPI m/m,Neutral|Neutral|Neutral|Good,1,1,0,100.0,0.0,inf,2019-01-11_2019-01-20
0.1,4,CPI m/m|Core CPI m/m|PPI m/m|Core PPI m/m,Neutral|Neutral|Good|Good,3,2,1,66.7,33.3,2.0,2019-10-08_2019-10-17|2024-01-05_2024-01-14|2025-07-08_2025-07-17
0.1,4,CPI m/m|Core CPI m/m|PPI m/m|Core PPI m/m,Neutral|Neutral|Bad|Neutral,1,1,0,100.0,0.0,inf,2020-06-04_2020-06-13
0.1,4,CPI m/m|Core CPI m/m|PPI m/m|Core PPI m/m,Neutral|Neutral|Bad|Bad,1,1,0,100.0,0.0,inf,2020-10-12_2020-10-21
0.1,4,CPI m/m|Core CPI m/m|PPI m/m|Core PPI m/m,Bad|Bad|Neutral|Neutral,1,1,0,100.0,0.0,inf,2021-11-06_2021-11-15
0.1,4,CPI m/m|Core CPI m/m|PPI m/m|Core PPI m/m,Good|Good|Good|Good,1,0,1,0.0,100.0,0.0,2022-08-03_2022-08-12
0.1,4,CPI m/m|Core CPI m/m|PPI m/m|Core PPI m/m,Bad|Bad|Bad|Neutral,1,1,0,100.0,0.0,inf,2022-10-12_2022-10-21
0.1,4,CPI m/m|Core CPI m/m|PPI m/m|Core PPI m/m,Bad|Neutral|Bad|Neutral,1,1,0,100.0,0.0,inf,2023-10-07_2023-10-16
0.1,4,CPI m/m|Core CPI m/m|PPI m/m|Core PPI m/m,Neutral|Bad|Bad|Neutral,1,1,0,100.0,0.0,inf,2024-03-05_2024-03-14
0.1,4,CPI m/m|Core CPI m/m|PPI m/m|Core PPI m/m,Good|Neutral|Neutral|Bad,1,1,0,100.0,0.0,inf,2024-07-03_2024-07-12
0.2,4,CPI m/m|Core CPI m/m|PPI m/m|Core PPI m/m,Neutral|Neutral|Neutral|Neutral,11,9,2,81.8,18.2,4.5,2018-05-06_2018-05-15|2018-10-03_2018-10-12|2019-09-08_2019-09-17|2020-10-12_2020-10-21|2022-10-12_2022-10-21|2023-07-09_2023-07-18|2023-08-08_2023-08-17|2023-10-07_2023-10-16|2024-01-05_2024-01-14|2024-07-03_2024-07-12|2025-07-08_2025-07-17
0.2,4,CPI m/m|Core CPI m/m|PPI m/m|Core PPI m/m,Neutral|Neutral|Neutral|Good,1,1,0,100.0,0.0,inf,2019-01-11_2019-01-20
0.2,4,CPI m/m|Core CPI m/m|PPI m/m|Core PPI m/m,Neutral|Neutral|Good|Good,1,1,0,100.0,0.0,inf,2019-10-08_2019-10-17
0.2,4,CPI m/m|Core CPI m/m|PPI m/m|Core PPI m/m,Neutral|Neutral|Bad|Neutral,2,2,0,100.0,0.0,inf,2020-06-04_2020-06-13|2024-03-05_2024-03-14
0.2,4,CPI m/m|Core CPI m/m|PPI m/m|Core PPI m/m,Bad|Neutral|Neutral|Neutral,1,1,0,100.0,0.0,inf,2021-11-06_2021-11-15
0.2,4,CPI m/m|Core CPI m/m|PPI m/m|Core PPI m/m,Neutral|Neutral|Good|Neutral,1,0,1,0.0,100.0,0.0,2022-08-03_2022-08-12
0.3,4,CPI m/m|Core CPI m/m|PPI m/m|Core PPI m/m,Neutral|Neutral|Neutral|Neutral,12,10,2,83.3,16.7,5.0,2018-05-06_2018-05-15|2018-10-03_2018-10-12|2019-09-08_2019-09-17|2020-10-12_2020-10-21|2022-10-12_2022-10-21|2023-07-09_2023-07-18|2023-08-08_2023-08-17|2023-10-07_2023-10-16|2024-01-05_2024-01-14|2024-03-05_2024-03-14|2024-07-03_2024-07-12|2025-07-08_2025-07-17
0.3,4,CPI m/m|Core CPI m/m|PPI m/m|Core PPI m/m,Neutral|Neutral|Neutral|Good,1,1,0,100.0,0.0,inf,2019-01-11_2019-01-20
0.3,4,CPI m/m|Core CPI m/m|PPI m/m|Core PPI m/m,Neutral|Neutral|Good|Good,1,1,0,100.0,0.0,inf,2019-10-08_2019-10-17
0.3,4,CPI m/m|Core CPI m/m|PPI m/m|Core PPI m/m,Neutral|Neutral|Bad|Neutral,1,1,0,100.0,0.0,inf,2020-06-04_2020-06-13
0.3,4,CPI m/m|Core CPI m/m|PPI m/m|Core PPI m/m,Bad|Neutral|Neutral|Neutral,1,1,0,100.0,0.0,inf,2021-11-06_2021-11-15
0.3,4,CPI m/m|Core CPI m/m|PPI m/m|Core PPI m/m,Neutral|Neutral|Good|Neutral,1,0,1,0.0,100.0,0.0,2022-08-03_2022-08-12
0.0,4,CPI m/m|Core CPI m/m|PPI m/m|CPI y/y,Good|Good|Good|Neutral,1,1,0,100.0,0.0,inf,2018-05-06_2018-05-15
0.0,4,CPI m/m|Core CPI m/m|PPI m/m|CPI y/y,Good|Good|Neutral|Good,1,1,0,100.0,0.0,inf,2018-10-03_2018-10-12
0.0,4,CPI m/m|Core CPI m/m|PPI m/m|CPI y/y,Neutral|Neutral|Good|Neutral,1,1,0,100.0,0.0,inf,2019-01-11_2019-01-20
0.0,4,CPI m/m|Core CPI m/m|PPI m/m|CPI y/y,Neutral|Bad|Bad|Good,1,1,0,100.0,0.0,inf,2019-09-08_2019-09-17
0.0,4,CPI m/m|Core CPI m/m|PPI m/m|CPI y/y,Good|Good|Good|Good,3,2,1,66.7,33.3,2.0,2019-10-08_2019-10-17|2022-08-03_2022-08-12|2023-07-09_2023-07-18
0.0,4,CPI m/m|Core CPI m/m|PPI m/m|CPI y/y,Good|Good|Bad|Good,2,2,0,100.0,0.0,inf,2020-06-04_2020-06-13|2024-07-03_2024-07-12
0.0,4,CPI m/m|Core CPI m/m|PPI m/m|CPI y/y,Neutral|Neutral|Bad|Neutral,1,1,0,100.0,0.0,inf,2020-10-12_2020-10-21
0.0,4,CPI m/m|Core CPI m/m|PPI m/m|CPI y/y,Bad|Bad|Neutral|Bad,1,1,0,100.0,0.0,inf,2021-11-06_2021-11-15
0.0,4,CPI m/m|Core CPI m/m|PPI m/m|CPI y/y,Bad|Bad|Bad|Bad,1,1,0,100.0,0.0,inf,2022-10-12_2022-10-21
0.0,4,CPI m/m|Core CPI m/m|PPI m/m|CPI y/y,Neutral|Neutral|Bad|Good,1,0,1,0.0,100.0,0.0,2023-08-08_2023-08-17
0.0,4,CPI m/m|Core CPI m/m|PPI m/m|CPI y/y,Bad|Neutral|Bad|Bad,1,1,0,100.0,0.0,inf,2023-10-07_2023-10-16
0.0,4,CPI m/m|Core CPI m/m|PPI m/m|CPI y/y,Bad|Neutral|Good|Bad,1,1,0,100.0,0.0,inf,2024-01-05_2024-01-14
0.0,4,CPI m/m|Core CPI m/m|PPI m/m|CPI y/y,Neutral|Bad|Bad|Bad,1,1,0,100.0,0.0,inf,2024-03-05_2024-03-14
0.0,4,CPI m/m|Core CPI m/m|PPI m/m|CPI y/y,Neutral|Good|Good|Bad,1,0,1,0.0,100.0,0.0,2025-07-08_2025-07-17
0.1,4,CPI m/m|Core CPI m/m|PPI m/m|CPI y/y,Neutral|Neutral|Neutral|Neutral,3,2,1,66.7,33.3,2.0,2018-05-06_2018-05-15|2019-01-11_2019-01-20|2023-08-08_2023-08-17
0.1,4,CPI m/m|Core CPI m/m|PPI m/m|CPI y/y,Neutral|Neutral|Neutral|Good,3,3,0,100.0,0.0,inf,2018-10-03_2018-10-12|2019-09-08_2019-09-17|2023-07-09_2023-07-18
0.1,4,CPI m/m|Core CPI m/m|PPI m/m|CPI y/y,Neutral|Neutral|Good|Good,1,1,0,100.0,0.0,inf,2019-10-08_2019-10-17
0.1,4,CPI m/m|Core CPI m/m|PPI m/m|CPI y/y,Neutral|Neutral|Bad|Good,1,1,0,100.0,0.0,inf,2020-06-04_2020-06-13
0.1,4,CPI m/m|Core CPI m/m|PPI m/m|CPI y/y,Neutral|Neutral|Bad|Neutral,1,1,0,100.0,0.0,inf,2020-10-12_2020-10-21
0.1,4,CPI m/m|Core CPI m/m|PPI m/m|CPI y/y,Bad|Bad|Neutral|Bad,1,1,0,100.0,0.0,inf,2021-11-06_2021-11-15
0.1,4,CPI m/m|Core CPI m/m|PPI m/m|CPI y/y,Good|Good|Good|Good,1,0,1,0.0,100.0,0.0,2022-08-03_2022-08-12
0.1,4,CPI m/m|Core CPI m/m|PPI m/m|CPI y/y,Bad|Bad|Bad|Neutral,1,1,0,100.0,0.0,inf,2022-10-12_2022-10-21
0.1,4,CPI m/m|Core CPI m/m|PPI m/m|CPI y/y,Bad|Neutral|Bad|Bad,1,1,0,100.0,0.0,inf,2023-10-07_2023-10-16
0.1,4,CPI m/m|Core CPI m/m|PPI m/m|CPI y/y,Neutral|Neutral|Good|Bad,2,1,1,50.0,50.0,1.0,2024-01-05_2024-01-14|2025-07-08_2025-07-17
0.1,4,CPI m/m|Core CPI m/m|PPI m/m|CPI y/y,Neutral|Bad|Bad|Bad,1,1,0,100.0,0.0,inf,2024-03-05_2024-03-14
0.1,4,CPI m/m|Core CPI m/m|PPI m/m|CPI y/y,Good|Neutral|Neutral|Good,1,1,0,100.0,0.0,inf,2024-07-03_2024-07-12
0.2,4,CPI m/m|Core CPI m/m|PPI m/m|CPI y/y,Neutral|Neutral|Neutral|Neutral,12,10,2,83.3,16.7,5.0,2018-05-06_2018-05-15|2018-10-03_2018-10-12|2019-01-11_2019-01-20|2019-09-08_2019-09-17|2020-10-12_2020-10-21|2022-10-12_2022-10-21|2023-07-09_2023-07-18|2023-08-08_2023-08-17|2023-10-07_2023-10-16|2024-01-05_2024-01-14|2024-07-03_2024-07-12|2025-07-08_2025-07-17
0.2,4,CPI m/m|Core CPI m/m|PPI m/m|CPI y/y,Neutral|Neutral|Good|Neutral,2,1,1,50.0,50.0,1.0,2019-10-08_2019-10-17|2022-08-03_2022-08-12
0.2,4,CPI m/m|Core CPI m/m|PPI m/m|CPI y/y,Neutral|Neutral|Bad|Neutral,2,2,0,100.0,0.0,inf,2020-06-04_2020-06-13|2024-03-05_2024-03-14
0.2,4,CPI m/m|Core CPI m/m|PPI m/m|CPI y/y,Bad|Neutral|Neutral|Bad,1,1,0,100.0,0.0,inf,2021-11-06_2021-11-15
0.3,4,CPI m/m|Core CPI m/m|PPI m/m|CPI y/y,Neutral|Neutral|Neutral|Neutral,13,11,2,84.6,15.4,5.5,2018-05-06_2018-05-15|2018-10-03_2018-10-12|2019-01-11_2019-01-20|2019-09-08_2019-09-17|2020-10-12_2020-10-21|2022-10-12_2022-10-21|2023-07-09_2023-07-18|2023-08-08_2023-08-17|2023-10-07_2023-10-16|2024-01-05_2024-01-14|2024-03-05_2024-03-14|2024-07-03_2024-07-12|2025-07-08_2025-07-17
0.3,4,CPI m/m|Core CPI m/m|PPI m/m|CPI y/y,Neutral|Neutral|Good|Neutral,2,1,1,50.0,50.0,1.0,2019-10-08_2019-10-17|2022-08-03_2022-08-12
0.3,4,CPI m/m|Core CPI m/m|PPI m/m|CPI y/y,Neutral|Neutral|Bad|Neutral,1,1,0,100.0,0.0,inf,2020-06-04_2020-06-13
0.3,4,CPI m/m|Core CPI m/m|PPI m/m|CPI y/y,Bad|Neutral|Neutral|Neutral,1,1,0,100.0,0.0,inf,2021-11-06_2021-11-15
0.0,4,CPI m/m|Core CPI m/m|Core PPI m/m|CPI y/y,Good|Good|Neutral|Neutral,1,1,0,100.0,0.0,inf,2018-05-06_2018-05-15
0.0,4,CPI m/m|Core CPI m/m|Core PPI m/m|CPI y/y,Good|Good|Neutral|Good,2,2,0,100.0,0.0,inf,2018-10-03_2018-10-12|2020-06-04_2020-06-13
0.0,4,CPI m/m|Core CPI m/m|Core PPI m/m|CPI y/y,Neutral|Neutral|Good|Neutral,1,1,0,100.0,0.0,inf,2019-01-11_2019-01-20
0.0,4,CPI m/m|Core CPI m/m|Core PPI m/m|CPI y/y,Neutral|Bad|Bad|Good,1,1,0,100.0,0.0,inf,2019-09-08_2019-09-17
0.0,4,CPI m/m|Core CPI m/m|Core PPI m/m|CPI y/y,Good|Good|Good|Good,3,2,1,66.7,33.3,2.0,2019-10-08_2019-10-17|2022-08-03_2022-08-12|2023-07-09_2023-07-18
0.0,4,CPI m/m|Core CPI m/m|Core PPI m/m|CPI y/y,Neutral|Neutral|Bad|Neutral,1,1,0,100.0,0.0,inf,2020-10-12_2020-10-21
0.0,4,CPI m/m|Core CPI m/m|Core PPI m/m|CPI y/y,Bad|Bad|Good|Bad,1,1,0,100.0,0.0,inf,2021-11-06_2021-11-15
0.0,4,CPI m/m|Core CPI m/m|Core PPI m/m|CPI y/y,Bad|Bad|Neutral|Bad,1,1,0,100.0,0.0,inf,2022-10-12_2022-10-21
0.0,4,CPI m/m|Core CPI m/m|Core PPI m/m|CPI y/y,Neutral|Neutral|Bad|Good,1,0,1,0.0,100.0,0.0,2023-08-08_2023-08-17
0.0,4,CPI m/m|Core CPI m/m|Core PPI m/m|CPI y/y,Bad|Neutral|Bad|Bad,1,1,0,100.0,0.0,inf,2023-10-07_2023-10-16
0.0,4,CPI m/m|Core CPI m/m|Core PPI m/m|CPI y/y,Bad|Neutral|Good|Bad,1,1,0,100.0,0.0,inf,2024-01-05_2024-01-14
0.0,4,CPI m/m|Core CPI m/m|Core PPI m/m|CPI y/y,Neutral|Bad|Bad|Bad,1,1,0,100.0,0.0,inf,2024-03-05_2024-03-14
0.0,4,CPI m/m|Core CPI m/m|Core PPI m/m|CPI y/y,Good|Good|Bad|Good,1,1,0,100.0,0.0,inf,2024-07-03_2024-07-12
0.0,4,CPI m/m|Core CPI m/m|Core PPI m/m|CPI y/y,Neutral|Good|Good|Bad,1,0,1,0.0,100.0,0.0,2025-07-08_2025-07-17
0.1,4,CPI m/m|Core CPI m/m|Core PPI m/m|CPI y/y,Neutral|Neutral|Neutral|Neutral,2,1,1,50.0,50.0,1.0,2018-05-06_2018-05-15|2023-08-08_2023-08-17
0.1,4,CPI m/m|Core CPI m/m|Core PPI m/m|CPI y/y,Neutral|Neutral|Neutral|Good,4,4,0,100.0,0.0,inf,2018-10-03_2018-10-12|2019-09-08_2019-09-17|2020-06-04_2020-06-13|2023-07-09_2023-07-18
0.1,4,CPI m/m|Core CPI m/m|Core PPI m/m|CPI y/y,Neutral|Neutral|Good|Neutral,1,1,0,100.0,0.0,inf,2019-01-11_2019-01-20
0.1,4,CPI m/m|Core CPI m/m|Core PPI m/m|CPI y/y,Neutral|Neutral|Good|Good,1,1,0,100.0,0.0,inf,2019-10-08_2019-10-17
0.1,4,CPI m/m|Core CPI m/m|Core PPI m/m|CPI y/y,Neutral|Neutral|Bad|Neutral,1,1,0,100.0,0.0,inf,2020-10-12_2020-10-21
0.1,4,CPI m/m|Core CPI m/m|Core PPI m/m|CPI y/y,Bad|Bad|Neutral|Bad,1,1,0,100.0,0.0,inf,2021-11-06_2021-11-15
0.1,4,CPI m/m|Core CPI m/m|Core PPI m/m|CPI y/y,Good|Good|Good|Good,1,0,1,0.0,100.0,0.0,2022-08-03_2022-08-12
0.1,4,CPI m/m|Core CPI m/m|Core PPI m/m|CPI y/y,Bad|Bad|Neutral|Neutral,1,1,0,100.0,0.0,inf,2022-10-12_2022-10-21
0.1,4,CPI m/m|Core CPI m/m|Core PPI m/m|CPI y/y,Bad|Neutral|Neutral|Bad,1,1,0,100.0,0.0,inf,2023-10-07_2023-10-16
0.1,4,CPI m/m|Core CPI m/m|Core PPI m/m|CPI y/y,Neutral|Neutral|Good|Bad,2,1,1,50.0,50.0,1.0,2024-01-05_2024-01-14|2025-07-08_2025-07-17
0.1,4,CPI m/m|Core CPI m/m|Core PPI m/m|CPI y/y,Neutral|Bad|Neutral|Bad,1,1,0,100.0,0.0,inf,2024-03-05_2024-03-14
0.1,4,CPI m/m|Core CPI m/m|Core PPI m/m|CPI y/y,Good|Neutral|Bad|Good,1,1,0,100.0,0.0,inf,2024-07-03_2024-07-12
0.2,4,CPI m/m|Core CPI m/m|Core PPI m/m|CPI y/y,Neutral|Neutral|Neutral|Neutral,14,11,3,78.6,21.4,3.67,2018-05-06_2018-05-15|2018-10-03_2018-10-12|2019-09-08_2019-09-17|2020-06-04_2020-06-13|2020-10-12_2020-10-21|2022-08-03_2022-08-12|2022-10-12_2022-10-21|2023-07-09_2023-07-18|2023-08-08_2023-08-17|2023-10-07_2023-10-16|2024-01-05_2024-01-14|2024-03-05_2024-03-14|2024-07-03_2024-07-12|2025-07-08_2025-07-17
0.2,4,CPI m/m|Core CPI m/m|Core PPI m/m|CPI y/y,Neutral|Neutral|Good|Neutral,2,2,0,100.0,0.0,inf,2019-01-11_2019-01-20|2019-10-08_2019-10-17
0.2,4,CPI m/m|Core CPI m/m|Core PPI m/m|CPI y/y,Bad|Neutral|Neutral|Bad,1,1,0,100.0,0.0,inf,2021-11-06_2021-11-15
0.3,4,CPI m/m|Core CPI m/m|Core PPI m/m|CPI y/y,Neutral|Neutral|Neutral|Neutral,14,11,3,78.6,21.4,3.67,2018-05-06_2018-05-15|2018-10-03_2018-10-12|2019-09-08_2019-09-17|2020-06-04_2020-06-13|2020-10-12_2020-10-21|2022-08-03_2022-08-12|2022-10-12_2022-10-21|2023-07-09_2023-07-18|2023-08-08_2023-08-17|2023-10-07_2023-10-16|2024-01-05_2024-01-14|2024-03-05_2024-03-14|2024-07-03_2024-07-12|2025-07-08_2025-07-17
0.3,4,CPI m/m|Core CPI m/m|Core PPI m/m|CPI y/y,Neutral|Neutral|Good|Neutral,2,2,0,100.0,0.0,inf,2019-01-11_2019-01-20|2019-10-08_2019-10-17
0.3,4,CPI m/m|Core CPI m/m|Core PPI m/m|CPI y/y,Bad|Neutral|Neutral|Neutral,1,1,0,100.0,0.0,inf,2021-11-06_2021-11-15
0.0,4,CPI m/m|Core CPI m/m|FOMC|CPI y/y,Good|Good|Neutral|Good,1,1,0,100.0,0.0,inf,2024-06-03_2024-06-12
0.1,4,CPI m/m|Core CPI m/m|FOMC|CPI y/y,Neutral|Neutral|Neutral|Good,1,1,0,100.0,0.0,inf,2024-06-03_2024-06-12
0.2,4,CPI m/m|Core CPI m/m|FOMC|CPI y/y,Neutral|Neutral|Neutral|Neutral,1,1,0,100.0,0.0,inf,2024-06-03_2024-06-12
0.3,4,CPI m/m|Core CPI m/m|FOMC|CPI y/y,Neutral|Neutral|Neutral|Neutral,1,1,0,100.0,0.0,inf,2024-06-03_2024-06-12
0.0,4,CPI m/m|PPI m/m|Core PPI m/m|CPI y/y,Good|Good|Neutral|Neutral,1,1,0,100.0,0.0,inf,2018-05-06_2018-05-15
0.0,4,CPI m/m|PPI m/m|Core PPI m/m|CPI y/y,Good|Neutral|Neutral|Good,1,1,0,100.0,0.0,inf,2018-10-03_2018-10-12
0.0,4,CPI m/m|PPI m/m|Core PPI m/m|CPI y/y,Neutral|Good|Good|Neutral,1,1,0,100.0,0.0,inf,2019-01-11_2019-01-20
0.0,4,CPI m/m|PPI m/m|Core PPI m/m|CPI y/y,Neutral|Bad|Bad|Good,2,1,1,50.0,50.0,1.0,2019-09-08_2019-09-17|2023-08-08_2023-08-17
0.0,4,CPI m/m|PPI m/m|Core PPI m/m|CPI y/y,Good|Good|Good|Good,3,2,1,66.7,33.3,2.0,2019-10-08_2019-10-17|2022-08-03_2022-08-12|2023-07-09_2023-07-18
0.0,4,CPI m/m|PPI m/m|Core PPI m/m|CPI y/y,Good|Bad|Neutral|Good,1,1,0,100.0,0.0,inf,2020-06-04_2020-06-13
0.0,4,CPI m/m|PPI m/m|Core PPI m/m|CPI y/y,Neutral|Bad|Bad|Neutral,1,1,0,100.0,0.0,inf,2020-10-12_2020-10-21
0.0,4,CPI m/m|PPI m/m|Core PPI m/m|CPI y/y,Bad|Neutral|Good|Bad,1,1,0,100.0,0.0,inf,2021-11-06_2021-11-15
0.0,4,CPI m/m|PPI m/m|Core PPI m/m|CPI y/y,Bad|Bad|Neutral|Bad,1,1,0,100.0,0.0,inf,2022-10-12_2022-10-21
0.0,4,CPI m/m|PPI m/m|Core PPI m/m|CPI y/y,Bad|Bad|Bad|Bad,1,1,0,100.0,0.0,inf,2023-10-07_2023-10-16
0.0,4,CPI m/m|PPI m/m|Core PPI m/m|CPI y/y,Bad|Good|Good|Bad,1,1,0,100.0,0.0,inf,2024-01-05_2024-01-14
0.0,4,CPI m/m|PPI m/m|Core PPI m/m|CPI y/y,Neutral|Bad|Bad|Bad,1,1,0,100.0,0.0,inf,2024-03-05_2024-03-14
0.0,4,CPI m/m|PPI m/m|Core PPI m/m|CPI y/y,Good|Bad|Bad|Good,1,1,0,100.0,0.0,inf,2024-07-03_2024-07-12
0.0,4,CPI m/m|PPI m/m|Core PPI m/m|CPI y/y,Neutral|Good|Good|Bad,1,0,1,0.0,100.0,0.0,2025-07-08_2025-07-17
0.1,4,CPI m/m|PPI m/m|Core PPI m/m|CPI y/y,Neutral|Neutral|Neutral|Neutral,2,1,1,50.0,50.0,1.0,2018-05-06_2018-05-15|2023-08-08_2023-08-17
0.1,4,CPI m/m|PPI m/m|Core PPI m/m|CPI y/y,Neutral|Neutral|Neutral|Good,3,3,0,100.0,0.0,inf,2018-10-03_2018-10-12|2019-09-08_2019-09-17|2023-07-09_2023-07-18
0.1,4,CPI m/m|PPI m/m|Core PPI m/m|CPI y/y,Neutral|Neutral|Good|Neutral,1,1,0,100.0,0.0,inf,2019-01-11_2019-01-20
0.1,4,CPI m/m|PPI m/m|Core PPI m/m|CPI y/y,Neutral|Good|Good|Good,1,1,0,100.0,0.0,inf,2019-10-08_2019-10-17
0.1,4,CPI m/m|PPI m/m|Core PPI m/m|CPI y/y,Neutral|Bad|Neutral|Good,1,1,0,100.0,0.0,inf,2020-06-04_2020-06-13
0.1,4,CPI m/m|PPI m/m|Core PPI m/m|CPI y/y,Neutral|Bad|Bad|Neutral,1,1,0,100.0,0.0,inf,2020-10-12_2020-10-21
0.1,4,CPI m/m|PPI m/m|Core PPI m/m|CPI y/y,Bad|Neutral|Neutral|Bad,1,1,0,100.0,0.0,inf,2021-11-06_2021-11-15
0.1,4,CPI m/m|PPI m/m|Core PPI m/m|CPI y/y,Good|Good|Good|Good,1,0,1,0.0,100.0,0.0,2022-08-03_2022-08-12
0.1,4,CPI m/m|PPI m/m|Core PPI m/m|CPI y/y,Bad|Bad|Neutral|Neutral,1,1,0,100.0,0.0,inf,2022-10-12_2022-10-21
0.1,4,CPI m/m|PPI m/m|Core PPI m/m|CPI y/y,Bad|Bad|Neutral|Bad,1,1,0,100.0,0.0,inf,2023-10-07_2023-10-16
0.1,4,CPI m/m|PPI m/m|Core PPI m/m|CPI y/y,Neutral|Good|Good|Bad,2,1,1,50.0,50.0,1.0,2024-01-05_2024-01-14|2025-07-08_2025-07-17
0.1,4,CPI m/m|PPI m/m|Core PPI m/m|CPI y/y,Neutral|Bad|Neutral|Bad,1,1,0,100.0,0.0,inf,2024-03-05_2024-03-14
0.1,4,CPI m/m|PPI m/m|Core PPI m/m|CPI y/y,Good|Neutral|Bad|Good,1,1,0,100.0,0.0,inf,2024-07-03_2024-07-12
0.2,4,CPI m/m|PPI m/m|Core PPI m/m|CPI y/y,Neutral|Neutral|Neutral|Neutral,11,9,2,81.8,18.2,4.5,2018-05-06_2018-05-15|2018-10-03_2018-10-12|2019-09-08_2019-09-17|2020-10-12_2020-10-21|2022-10-12_2022-10-21|2023-07-09_2023-07-18|2023-08-08_2023-08-17|2023-10-07_2023-10-16|2024-01-05_2024-01-14|2024-07-03_2024-07-12|2025-07-08_2025-07-17
0.2,4,CPI m/m|PPI m/m|Core PPI m/m|CPI y/y,Neutral|Neutral|Good|Neutral,1,1,0,100.0,0.0,inf,2019-01-11_2019-01-20
0.2,4,CPI m/m|PPI m/m|Core PPI m/m|CPI y/y,Neutral|Good|Good|Neutral,1,1,0,100.0,0.0,inf,2019-10-08_2019-10-17
0.2,4,CPI m/m|PPI m/m|Core PPI m/m|CPI y/y,Neutral|Bad|Neutral|Neutral,2,2,0,100.0,0.0,inf,2020-06-04_2020-06-13|2024-03-05_2024-03-14
0.2,4,CPI m/m|PPI m/m|Core PPI m/m|CPI y/y,Bad|Neutral|Neutral|Bad,1,1,0,100.0,0.0,inf,2021-11-06_2021-11-15
0.2,4,CPI m/m|PPI m/m|Core PPI m/m|CPI y/y,Neutral|Good|Neutral|Neutral,1,0,1,0.0,100.0,0.0,2022-08-03_2022-08-12
0.3,4,CPI m/m|PPI m/m|Core PPI m/m|CPI y/y,Neutral|Neutral|Neutral|Neutral,12,10,2,83.3,16.7,5.0,2018-05-06_2018-05-15|2018-10-03_2018-10-12|2019-09-08_2019-09-17|2020-10-12_2020-10-21|2022-10-12_2022-10-21|2023-07-09_2023-07-18|2023-08-08_2023-08-17|2023-10-07_2023-10-16|2024-01-05_2024-01-14|2024-03-05_2024-03-14|2024-07-03_2024-07-12|2025-07-08_2025-07-17
0.3,4,CPI m/m|PPI m/m|Core PPI m/m|CPI y/y,Neutral|Neutral|Good|Neutral,1,1,0,100.0,0.0,inf,2019-01-11_2019-01-20
0.3,4,CPI m/m|PPI m/m|Core PPI m/m|CPI y/y,Neutral|Good|Good|Neutral,1,1,0,100.0,0.0,inf,2019-10-08_2019-10-17
0.3,4,CPI m/m|PPI m/m|Core PPI m/m|CPI y/y,Neutral|Bad|Neutral|Neutral,1,1,0,100.0,0.0,inf,2020-06-04_2020-06-13
0.3,4,CPI m/m|PPI m/m|Core PPI m/m|CPI y/y,Bad|Neutral|Neutral|Neutral,1,1,0,100.0,0.0,inf,2021-11-06_2021-11-15
0.3,4,CPI m/m|PPI m/m|Core PPI m/m|CPI y/y,Neutral|Good|Neutral|Neutral,1,0,1,0.0,100.0,0.0,2022-08-03_2022-08-12
0.0,4,Core CPI m/m|PPI m/m|Core PPI m/m|CPI y/y,Good|Good|Neutral|Neutral,1,1,0,100.0,0.0,inf,2018-05-06_2018-05-15
0.0,4,Core CPI m/m|PPI m/m|Core PPI m/m|CPI y/y,Good|Neutral|Neutral|Good,1,1,0,100.0,0.0,inf,2018-10-03_2018-10-12
0.0,4,Core CPI m/m|PPI m/m|Core PPI m/m|CPI y/y,Neutral|Good|Good|Neutral,1,1,0,100.0,0.0,inf,2019-01-11_2019-01-20
0.0,4,Core CPI m/m|PPI m/m|Core PPI m/m|CPI y/y,Bad|Bad|Bad|Good,1,1,0,100.0,0.0,inf,2019-09-08_2019-09-17
0.0,4,Core CPI m/m|PPI m/m|Core PPI m/m|CPI y/y,Good|Good|Good|Good,3,2,1,66.7,33.3,2.0,2019-10-08_2019-10-17|2022-08-03_2022-08-12|2023-07-09_2023-07-18
0.0,4,Core CPI m/m|PPI m/m|Core PPI m/m|CPI y/y,Good|Bad|Neutral|Good,1,1,0,100.0,0.0,inf,2020-06-04_2020-06-13
0.0,4,Core CPI m/m|PPI m/m|Core PPI m/m|CPI y/y,Neutral|Bad|Bad|Neutral,1,1,0,100.0,0.0,inf,2020-10-12_2020-10-21
0.0,4,Core CPI m/m|PPI m/m|Core PPI m/m|CPI y/y,Bad|Neutral|Good|Bad,1,1,0,100.0,0.0,inf,2021-11-06_2021-11-15
0.0,4,Core CPI m/m|PPI m/m|Core PPI m/m|CPI y/y,Bad|Bad|Neutral|Bad,1,1,0,100.0,0.0,inf,2022-10-12_2022-10-21
0.0,4,Core CPI m/m|PPI m/m|Core PPI m/m|CPI y/y,Neutral|Bad|Bad|Good,1,0,1,0.0,100.0,0.0,2023-08-08_2023-08-17
0.0,4,Core CPI m/m|PPI m/m|Core PPI m/m|CPI y/y,Neutral|Bad|Bad|Bad,1,1,0,100.0,0.0,inf,2023-10-07_2023-10-16
0.0,4,Core CPI m/m|PPI m/m|Core PPI m/m|CPI y/y,Neutral|Good|Good|Bad,1,1,0,100.0,0.0,inf,2024-01-05_2024-01-14
0.0,4,Core CPI m/m|PPI m/m|Core PPI m/m|CPI y/y,Bad|Bad|Bad|Bad,1,1,0,100.0,0.0,inf,2024-03-05_2024-03-14
0.0,4,Core CPI m/m|PPI m/m|Core PPI m/m|CPI y/y,Good|Bad|Bad|Good,1,1,0,100.0,0.0,inf,2024-07-03_2024-07-12
0.0,4,Core CPI m/m|PPI m/m|Core PPI m/m|CPI y/y,Good|Good|Good|Bad,1,0,1,0.0,100.0,0.0,2025-07-08_2025-07-17
0.1,4,Core CPI m/m|PPI m/m|Core PPI m/m|CPI y/y,Neutral|Neutral|Neutral|Neutral,2,1,1,50.0,50.0,1.0,2018-05-06_2018-05-15|2023-08-08_2023-08-17
0.1,4,Core CPI m/m|PPI m/m|Core PPI m/m|CPI y/y,Neutral|Neutral|Neutral|Good,3,3,0,100.0,0.0,inf,2018-10-03_2018-10-12|2019-09-08_2019-09-17|2023-07-09_2023-07-18
0.1,4,Core CPI m/m|PPI m/m|Core PPI m/m|CPI y/y,Neutral|Neutral|Good|Neutral,1,1,0,100.0,0.0,inf,2019-01-11_2019-01-20
0.1,4,Core CPI m/m|PPI m/m|Core PPI m/m|CPI y/y,Neutral|Good|Good|Good,1,1,0,100.0,0.0,inf,2019-10-08_2019-10-17
0.1,4,Core CPI m/m|PPI m/m|Core PPI m/m|CPI y/y,Neutral|Bad|Neutral|Good,1,1,0,100.0,0.0,inf,2020-06-04_2020-06-13
0.1,4,Core CPI m/m|PPI m/m|Core PPI m/m|CPI y/y,Neutral|Bad|Bad|Neutral,1,1,0,100.0,0.0,inf,2020-10-12_2020-10-21
0.1,4,Core CPI m/m|PPI m/m|Core PPI m/m|CPI y/y,Bad|Neutral|Neutral|Bad,1,1,0,100.0,0.0,inf,2021-11-06_2021-11-15
0.1,4,Core CPI m/m|PPI m/m|Core PPI m/m|CPI y/y,Good|Good|Good|Good,1,0,1,0.0,100.0,0.0,2022-08-03_2022-08-12
0.1,4,Core CPI m/m|PPI m/m|Core PPI m/m|CPI y/y,Bad|Bad|Neutral|Neutral,1,1,0,100.0,0.0,inf,2022-10-12_2022-10-21
0.1,4,Core CPI m/m|PPI m/m|Core PPI m/m|CPI y/y,Neutral|Bad|Neutral|Bad,1,1,0,100.0,0.0,inf,2023-10-07_2023-10-16
0.1,4,Core CPI m/m|PPI m/m|Core PPI m/m|CPI y/y,Neutral|Good|Good|Bad,2,1,1,50.0,50.0,1.0,2024-01-05_2024-01-14|2025-07-08_2025-07-17
0.1,4,Core CPI m/m|PPI m/m|Core PPI m/m|CPI y/y,Bad|Bad|Neutral|Bad,1,1,0,100.0,0.0,inf,2024-03-05_2024-03-14
0.1,4,Core CPI m/m|PPI m/m|Core PPI m/m|CPI y/y,Neutral|Neutral|Bad|Good,1,1,0,100.0,0.0,inf,2024-07-03_2024-07-12
0.2,4,Core CPI m/m|PPI m/m|Core PPI m/m|CPI y/y,Neutral|Neutral|Neutral|Neutral,11,9,2,81.8,18.2,4.5,2018-05-06_2018-05-15|2018-10-03_2018-10-12|2019-09-08_2019-09-17|2020-10-12_2020-10-21|2022-10-12_2022-10-21|2023-07-09_2023-07-18|2023-08-08_2023-08-17|2023-10-07_2023-10-16|2024-01-05_2024-01-14|2024-07-03_2024-07-12|2025-07-08_2025-07-17
0.2,4,Core CPI m/m|PPI m/m|Core PPI m/m|CPI y/y,Neutral|Neutral|Good|Neutral,1,1,0,100.0,0.0,inf,2019-01-11_2019-01-20
0.2,4,Core CPI m/m|PPI m/m|Core PPI m/m|CPI y/y,Neutral|Good|Good|Neutral,1,1,0,100.0,0.0,inf,2019-10-08_2019-10-17
0.2,4,Core CPI m/m|PPI m/m|Core PPI m/m|CPI y/y,Neutral|Bad|Neutral|Neutral,2,2,0,100.0,0.0,inf,2020-06-04_2020-06-13|2024-03-05_2024-03-14
0.2,4,Core CPI m/m|PPI m/m|Core PPI m/m|CPI y/y,Neutral|Neutral|Neutral|Bad,1,1,0,100.0,0.0,inf,2021-11-06_2021-11-15
0.2,4,Core CPI m/m|PPI m/m|Core PPI m/m|CPI y/y,Neutral|Good|Neutral|Neutral,1,0,1,0.0,100.0,0.0,2022-08-03_2022-08-12
0.3,4,Core CPI m/m|PPI m/m|Core PPI m/m|CPI y/y,Neutral|Neutral|Neutral|Neutral,13,11,2,84.6,15.4,5.5,2018-05-06_2018-05-15|2018-10-03_2018-10-12|2019-09-08_2019-09-17|2020-10-12_2020-10-21|2021-11-06_2021-11-15|2022-10-12_2022-10-21|2023-07-09_2023-07-18|2023-08-08_2023-08-17|2023-10-07_2023-10-16|2024-01-05_2024-01-14|2024-03-05_2024-03-14|2024-07-03_2024-07-12|2025-07-08_2025-07-17
0.3,4,Core CPI m/m|PPI m/m|Core PPI m/m|CPI y/y,Neutral|Neutral|Good|Neutral,1,1,0,100.0,0.0,inf,2019-01-11_2019-01-20
0.3,4,Core CPI m/m|PPI m/m|Core PPI m/m|CPI y/y,Neutral|Good|Good|Neutral,1,1,0,100.0,0.0,inf,2019-10-08_2019-10-17
0.3,4,Core CPI m/m|PPI m/m|Core PPI m/m|CPI y/y,Neutral|Bad|Neutral|Neutral,1,1,0,100.0,0.0,inf,2020-06-04_2020-06-13
0.3,4,Core CPI m/m|PPI m/m|Core PPI m/m|CPI y/y,Neutral|Good|Neutral|Neutral,1,0,1,0.0,100.0,0.0,2022-08-03_2022-08-12
0.0,5,CPI m/m|Core CPI m/m|PPI m/m|Core PPI m/m|CPI y/y,Good|Good|Good|Neutral|Neutral,1,1,0,100.0,0.0,inf,2018-05-06_2018-05-15
0.0,5,CPI m/m|Core CPI m/m|PPI m/m|Core PPI m/m|CPI y/y,Good|Good|Neutral|Neutral|Good,1,1,0,100.0,0.0,inf,2018-10-03_2018-10-12
0.0,5,CPI m/m|Core CPI m/m|PPI m/m|Core PPI m/m|CPI y/y,Neutral|Neutral|Good|Good|Neutral,1,1,0,100.0,0.0,inf,2019-01-11_2019-01-20
0.0,5,CPI m/m|Core CPI m/m|PPI m/m|Core PPI m/m|CPI y/y,Neutral|Bad|Bad|Bad|Good,1,1,0,100.0,0.0,inf,2019-09-08_2019-09-17
0.0,5,CPI m/m|Core CPI m/m|PPI m/m|Core PPI m/m|CPI y/y,Good|Good|Good|Good|Good,3,2,1,66.7,33.3,2.0,2019-10-08_2019-10-17|2022-08-03_2022-08-12|2023-07-09_2023-07-18
0.0,5,CPI m/m|Core CPI m/m|PPI m/m|Core PPI m/m|CPI y/y,Good|Good|Bad|Neutral|Good,1,1,0,100.0,0.0,inf,2020-06-04_2020-06-13
0.0,5,CPI m/m|Core CPI m/m|PPI m/m|Core PPI m/m|CPI y/y,Neutral|Neutral|Bad|Bad|Neutral,1,1,0,100.0,0.0,inf,2020-10-12_2020-10-21
0.0,5,CPI m/m|Core CPI m/m|PPI m/m|Core PPI m/m|CPI y/y,Bad|Bad|Neutral|Good|Bad,1,1,0,100.0,0.0,inf,2021-11-06_2021-11-15
0.0,5,CPI m/m|Core CPI m/m|PPI m/m|Core PPI m/m|CPI y/y,Bad|Bad|Bad|Neutral|Bad,1,1,0,100.0,0.0,inf,2022-10-12_2022-10-21
0.0,5,CPI m/m|Core CPI m/m|PPI m/m|Core PPI m/m|CPI y/y,Neutral|Neutral|Bad|Bad|Good,1,0,1,0.0,100.0,0.0,2023-08-08_2023-08-17
0.0,5,CPI m/m|Core CPI m/m|PPI m/m|Core PPI m/m|CPI y/y,Bad|Neutral|Bad|Bad|Bad,1,1,0,100.0,0.0,inf,2023-10-07_2023-10-16
0.0,5,CPI m/m|Core CPI m/m|PPI m/m|Core PPI m/m|CPI y/y,Bad|Neutral|Good|Good|Bad,1,1,0,100.0,0.0,inf,2024-01-05_2024-01-14
0.0,5,CPI m/m|Core CPI m/m|PPI m/m|Core PPI m/m|CPI y/y,Neutral|Bad|Bad|Bad|Bad,1,1,0,100.0,0.0,inf,2024-03-05_2024-03-14
0.0,5,CPI m/m|Core CPI m/m|PPI m/m|Core PPI m/m|CPI y/y,Good|Good|Bad|Bad|Good,1,1,0,100.0,0.0,inf,2024-07-03_2024-07-12
0.0,5,CPI m/m|Core CPI m/m|PPI m/m|Core PPI m/m|CPI y/y,Neutral|Good|Good|Good|Bad,1,0,1,0.0,100.0,0.0,2025-07-08_2025-07-17
0.1,5,CPI m/m|Core CPI m/m|PPI m/m|Core PPI m/m|CPI y/y,Neutral|Neutral|Neutral|Neutral|Neutral,2,1,1,50.0,50.0,1.0,2018-05-06_2018-05-15|2023-08-08_2023-08-17
0.1,5,CPI m/m|Core CPI m/m|PPI m/m|Core PPI m/m|CPI y/y,Neutral|Neutral|Neutral|Neutral|Good,3,3,0,100.0,0.0,inf,2018-10-03_2018-10-12|2019-09-08_2019-09-17|2023-07-09_2023-07-18
0.1,5,CPI m/m|Core CPI m/m|PPI m/m|Core PPI m/m|CPI y/y,Neutral|Neutral|Neutral|Good|Neutral,1,1,0,100.0,0.0,inf,2019-01-11_2019-01-20
0.1,5,CPI m/m|Core CPI m/m|PPI m/m|Core PPI m/m|CPI y/y,Neutral|Neutral|Good|Good|Good,1,1,0,100.0,0.0,inf,2019-10-08_2019-10-17
0.1,5,CPI m/m|Core CPI m/m|PPI m/m|Core PPI m/m|CPI y/y,Neutral|Neutral|Bad|Neutral|Good,1,1,0,100.0,0.0,inf,2020-06-04_2020-06-13
0.1,5,CPI m/m|Core CPI m/m|PPI m/m|Core PPI m/m|CPI y/y,Neutral|Neutral|Bad|Bad|Neutral,1,1,0,100.0,0.0,inf,2020-10-12_2020-10-21
0.1,5,CPI m/m|Core CPI m/m|PPI m/m|Core PPI m/m|CPI y/y,Bad|Bad|Neutral|Neutral|Bad,1,1,0,100.0,0.0,inf,2021-11-06_2021-11-15
0.1,5,CPI m/m|Core CPI m/m|PPI m/m|Core PPI m/m|CPI y/y,Good|Good|Good|Good|Good,1,0,1,0.0,100.0,0.0,2022-08-03_2022-08-12
0.1,5,CPI m/m|Core CPI m/m|PPI m/m|Core PPI m/m|CPI y/y,Bad|Bad|Bad|Neutral|Neutral,1,1,0,100.0,0.0,inf,2022-10-12_2022-10-21
0.1,5,CPI m/m|Core CPI m/m|PPI m/m|Core PPI m/m|CPI y/y,Bad|Neutral|Bad|Neutral|Bad,1,1,0,100.0,0.0,inf,2023-10-07_2023-10-16
0.1,5,CPI m/m|Core CPI m/m|PPI m/m|Core PPI m/m|CPI y/y,Neutral|Neutral|Good|Good|Bad,2,1,1,50.0,50.0,1.0,2024-01-05_2024-01-14|2025-07-08_2025-07-17
0.1,5,CPI m/m|Core CPI m/m|PPI m/m|Core PPI m/m|CPI y/y,Neutral|Bad|Bad|Neutral|Bad,1,1,0,100.0,0.0,inf,2024-03-05_2024-03-14
0.1,5,CPI m/m|Core CPI m/m|PPI m/m|Core PPI m/m|CPI y/y,Good|Neutral|Neutral|Bad|Good,1,1,0,100.0,0.0,inf,2024-07-03_2024-07-12
0.2,5,CPI m/m|Core CPI m/m|PPI m/m|Core PPI m/m|CPI y/y,Neutral|Neutral|Neutral|Neutral|Neutral,11,9,2,81.8,18.2,4.5,2018-05-06_2018-05-15|2018-10-03_2018-10-12|2019-09-08_2019-09-17|2020-10-12_2020-10-21|2022-10-12_2022-10-21|2023-07-09_2023-07-18|2023-08-08_2023-08-17|2023-10-07_2023-10-16|2024-01-05_2024-01-14|2024-07-03_2024-07-12|2025-07-08_2025-07-17
0.2,5,CPI m/m|Core CPI m/m|PPI m/m|Core PPI m/m|CPI y/y,Neutral|Neutral|Neutral|Good|Neutral,1,1,0,100.0,0.0,inf,2019-01-11_2019-01-20
0.2,5,CPI m/m|Core CPI m/m|PPI m/m|Core PPI m/m|CPI y/y,Neutral|Neutral|Good|Good|Neutral,1,1,0,100.0,0.0,inf,2019-10-08_2019-10-17
0.2,5,CPI m/m|Core CPI m/m|PPI m/m|Core PPI m/m|CPI y/y,Neutral|Neutral|Bad|Neutral|Neutral,2,2,0,100.0,0.0,inf,2020-06-04_2020-06-13|2024-03-05_2024-03-14
0.2,5,CPI m/m|Core CPI m/m|PPI m/m|Core PPI m/m|CPI y/y,Bad|Neutral|Neutral|Neutral|Bad,1,1,0,100.0,0.0,inf,2021-11-06_2021-11-15
0.2,5,CPI m/m|Core CPI m/m|PPI m/m|Core PPI m/m|CPI y/y,Neutral|Neutral|Good|Neutral|Neutral,1,0,1,0.0,100.0,0.0,2022-08-03_2022-08-12
0.3,5,CPI m/m|Core CPI m/m|PPI m/m|Core PPI m/m|CPI y/y,Neutral|Neutral|Neutral|Neutral|Neutral,12,10,2,83.3,16.7,5.0,2018-05-06_2018-05-15|2018-10-03_2018-10-12|2019-09-08_2019-09-17|2020-10-12_2020-10-21|2022-10-12_2022-10-21|2023-07-09_2023-07-18|2023-08-08_2023-08-17|2023-10-07_2023-10-16|2024-01-05_2024-01-14|2024-03-05_2024-03-14|2024-07-03_2024-07-12|2025-07-08_2025-07-17
0.3,5,CPI m/m|Core CPI m/m|PPI m/m|Core PPI m/m|CPI y/y,Neutral|Neutral|Neutral|Good|Neutral,1,1,0,100.0,0.0,inf,2019-01-11_2019-01-20
0.3,5,CPI m/m|Core CPI m/m|PPI m/m|Core PPI m/m|CPI y/y,Neutral|Neutral|Good|Good|Neutral,1,1,0,100.0,0.0,inf,2019-10-08_2019-10-17
0.3,5,CPI m/m|Core CPI m/m|PPI m/m|Core PPI m/m|CPI y/y,Neutral|Neutral|Bad|Neutral|Neutral,1,1,0,100.0,0.0,inf,2020-06-04_2020-06-13
0.3,5,CPI m/m|Core CPI m/m|PPI m/m|Core PPI m/m|CPI y/y,Bad|Neutral|Neutral|Neutral|Neutral,1,1,0,100.0,0.0,inf,2021-11-06_2021-11-15
0.3,5,CPI m/m|Core CPI m/m|PPI m/m|Core PPI m/m|CPI y/y,Neutral|Neutral|Good|Neutral|Neutral,1,0,1,0.0,100.0,0.0,2022-08-03_2022-08-12
