آستانه,تعداد_شاخص‌ها,لیست_شاخص‌ها,الگوی_وضعیت,تعداد_کل_وقوع,تعداد_ضررده,تعداد_سودده,درصد_ضررده,درصد_سودده,نسبت_شانس,دوره‌ها
0.0,1,CPI m/m,Neutral,13,10,3,76.9,23.1,3.33,2018-03-07_2018-03-16|2018-08-04_2018-08-13|2018-11-12_2018-11-21|2019-01-11_2019-01-20|2019-03-12_2019-03-21|2019-06-10_2019-06-19|2019-09-08_2019-09-17|2020-01-06_2020-01-15|2020-10-12_2020-10-21|2022-03-06_2022-03-15|2022-04-05_2022-04-14|2024-03-05_2024-03-14|2025-08-07_2025-08-16
0.0,1,CPI m/m,Good,13,11,2,84.6,15.4,5.5,2019-02-10_2019-02-19|2019-10-08_2019-10-17|2020-06-04_2020-06-13|2022-08-03_2022-08-12|2022-11-01_2022-11-10|2023-04-10_2023-04-19|2023-07-09_2023-07-18|2023-11-06_2023-11-15|2024-07-03_2024-07-12|2025-03-10_2025-03-19|2025-04-09_2025-04-18|2025-05-09_2025-05-18|2025-06-08_2025-06-17
0.0,1,CPI m/m,Bad,15,12,3,80.0,20.0,4.0,2019-04-01_2019-04-10|2019-11-07_2019-11-16|2019-12-07_2019-12-16|2020-07-14_2020-07-23|2020-09-02_2020-09-11|2021-06-09_2021-06-18|2021-07-09_2021-07-18|2022-02-04_2022-02-13|2022-10-12_2022-10-21|2023-10-07_2023-10-16|2023-12-06_2023-12-15|2024-01-05_2024-01-14|2024-04-04_2024-04-13|2025-02-08_2025-02-17|2025-09-06_2025-09-15
0.1,1,CPI m/m,Neutral,26,22,4,84.6,15.4,5.5,2018-03-07_2018-03-16|2018-08-04_2018-08-13|2018-11-12_2018-11-21|2019-01-11_2019-01-20|2019-02-10_2019-02-19|2019-03-12_2019-03-21|2019-06-10_2019-06-19|2019-09-08_2019-09-17|2019-10-08_2019-10-17|2019-12-07_2019-12-16|2020-01-06_2020-01-15|2020-06-04_2020-06-13|2020-07-14_2020-07-23|2020-10-12_2020-10-21|2022-03-06_2022-03-15|2022-04-05_2022-04-14|2023-04-10_2023-04-19|2023-07-09_2023-07-18|2023-11-06_2023-11-15|2023-12-06_2023-12-15|2024-01-05_2024-01-14|2024-03-05_2024-03-14|2025-03-10_2025-03-19|2025-05-09_2025-05-18|2025-06-08_2025-06-17|2025-08-07_2025-08-16
0.1,1,CPI m/m,Bad,11,9,2,81.8,18.2,4.5,2019-04-01_2019-04-10|2019-11-07_2019-11-16|2020-09-02_2020-09-11|2021-06-09_2021-06-18|2021-07-09_2021-07-18|2022-02-04_2022-02-13|2022-10-12_2022-10-21|2023-10-07_2023-10-16|2024-04-04_2024-04-13|2025-02-08_2025-02-17|2025-09-06_2025-09-15
0.1,1,CPI m/m,Good,4,2,2,50.0,50.0,1.0,2022-08-03_2022-08-12|2022-11-01_2022-11-10|2024-07-03_2024-07-12|2025-04-09_2025-04-18
0.2,1,CPI m/m,Neutral,40,32,8,80.0,20.0,4.0,2018-03-07_2018-03-16|2018-08-04_2018-08-13|2018-11-12_2018-11-21|2019-01-11_2019-01-20|2019-02-10_2019-02-19|2019-03-12_2019-03-21|2019-04-01_2019-04-10|2019-06-10_2019-06-19|2019-09-08_2019-09-17|2019-10-08_2019-10-17|2019-11-07_2019-11-16|2019-12-07_2019-12-16|2020-01-06_2020-01-15|2020-06-04_2020-06-13|2020-07-14_2020-07-23|2020-09-02_2020-09-11|2020-10-12_2020-10-21|2021-06-09_2021-06-18|2022-02-04_2022-02-13|2022-03-06_2022-03-15|2022-04-05_2022-04-14|2022-08-03_2022-08-12|2022-10-12_2022-10-21|2022-11-01_2022-11-10|2023-04-10_2023-04-19|2023-07-09_2023-07-18|2023-10-07_2023-10-16|2023-11-06_2023-11-15|2023-12-06_2023-12-15|2024-01-05_2024-01-14|2024-03-05_2024-03-14|2024-04-04_2024-04-13|2024-07-03_2024-07-12|2025-02-08_2025-02-17|2025-03-10_2025-03-19|2025-04-09_2025-04-18|2025-05-09_2025-05-18|2025-06-08_2025-06-17|2025-08-07_2025-08-16|2025-09-06_2025-09-15
0.2,1,CPI m/m,Bad,1,1,0,100.0,0.0,inf,2021-07-09_2021-07-18
0.3,1,CPI m/m,Neutral,40,32,8,80.0,20.0,4.0,2018-03-07_2018-03-16|2018-08-04_2018-08-13|2018-11-12_2018-11-21|2019-01-11_2019-01-20|2019-02-10_2019-02-19|2019-03-12_2019-03-21|2019-04-01_2019-04-10|2019-06-10_2019-06-19|2019-09-08_2019-09-17|2019-10-08_2019-10-17|2019-11-07_2019-11-16|2019-12-07_2019-12-16|2020-01-06_2020-01-15|2020-06-04_2020-06-13|2020-07-14_2020-07-23|2020-09-02_2020-09-11|2020-10-12_2020-10-21|2021-06-09_2021-06-18|2022-02-04_2022-02-13|2022-03-06_2022-03-15|2022-04-05_2022-04-14|2022-08-03_2022-08-12|2022-10-12_2022-10-21|2022-11-01_2022-11-10|2023-04-10_2023-04-19|2023-07-09_2023-07-18|2023-10-07_2023-10-16|2023-11-06_2023-11-15|2023-12-06_2023-12-15|2024-01-05_2024-01-14|2024-03-05_2024-03-14|2024-04-04_2024-04-13|2024-07-03_2024-07-12|2025-02-08_2025-02-17|2025-03-10_2025-03-19|2025-04-09_2025-04-18|2025-05-09_2025-05-18|2025-06-08_2025-06-17|2025-08-07_2025-08-16|2025-09-06_2025-09-15
0.3,1,CPI m/m,Bad,1,1,0,100.0,0.0,inf,2021-07-09_2021-07-18
0.0,1,Core CPI m/m,Neutral,15,11,4,73.3,26.7,2.75,2018-03-07_2018-03-16|2018-08-04_2018-08-13|2018-11-12_2018-11-21|2019-01-11_2019-01-20|2019-02-10_2019-02-19|2019-11-07_2019-11-16|2019-12-07_2019-12-16|2020-10-12_2020-10-21|2022-03-06_2022-03-15|2023-04-10_2023-04-19|2023-10-07_2023-10-16|2023-12-06_2023-12-15|2024-01-05_2024-01-14|2025-08-07_2025-08-16|2025-09-06_2025-09-15
0.0,1,Core CPI m/m,Good,16,13,3,81.2,18.8,4.33,2019-03-12_2019-03-21|2019-04-01_2019-04-10|2019-06-10_2019-06-19|2019-10-08_2019-10-17|2020-01-06_2020-01-15|2020-06-04_2020-06-13|2022-04-05_2022-04-14|2022-08-03_2022-08-12|2022-11-01_2022-11-10|2023-07-09_2023-07-18|2023-11-06_2023-11-15|2024-07-03_2024-07-12|2025-03-10_2025-03-19|2025-04-09_2025-04-18|2025-05-09_2025-05-18|2025-06-08_2025-06-17
0.0,1,Core CPI m/m,Bad,10,9,1,90.0,10.0,9.0,2019-09-08_2019-09-17|2020-07-14_2020-07-23|2020-09-02_2020-09-11|2021-06-09_2021-06-18|2021-07-09_2021-07-18|2022-02-04_2022-02-13|2022-10-12_2022-10-21|2024-03-05_2024-03-14|2024-04-04_2024-04-13|2025-02-08_2025-02-17
0.1,1,Core CPI m/m,Neutral,29,23,6,79.3,20.7,3.83,2018-03-07_2018-03-16|2018-08-04_2018-08-13|2018-11-12_2018-11-21|2019-01-11_2019-01-20|2019-02-10_2019-02-19|2019-03-12_2019-03-21|2019-04-01_2019-04-10|2019-06-10_2019-06-19|2019-09-08_2019-09-17|2019-10-08_2019-10-17|2019-11-07_2019-11-16|2019-12-07_2019-12-16|2020-01-06_2020-01-15|2020-06-04_2020-06-13|2020-07-14_2020-07-23|2020-10-12_2020-10-21|2022-02-04_2022-02-13|2022-03-06_2022-03-15|2023-04-10_2023-04-19|2023-07-09_2023-07-18|2023-10-07_2023-10-16|2023-11-06_2023-11-15|2023-12-06_2023-12-15|2024-01-05_2024-01-14|2024-07-03_2024-07-12|2025-03-10_2025-03-19|2025-05-09_2025-05-18|2025-08-07_2025-08-16|2025-09-06_2025-09-15
0.1,1,Core CPI m/m,Bad,7,7,0,100.0,0.0,inf,2020-09-02_2020-09-11|2021-06-09_2021-06-18|2021-07-09_2021-07-18|2022-10-12_2022-10-21|2024-03-05_2024-03-14|2024-04-04_2024-04-13|2025-02-08_2025-02-17
0.1,1,Core CPI m/m,Good,5,3,2,60.0,40.0,1.5,2022-04-05_2022-04-14|2022-08-03_2022-08-12|2022-11-01_2022-11-10|2025-04-09_2025-04-18|2025-06-08_2025-06-17
0.2,1,Core CPI m/m,Neutral,40,32,8,80.0,20.0,4.0,2018-03-07_2018-03-16|2018-08-04_2018-08-13|2018-11-12_2018-11-21|2019-01-11_2019-01-20|2019-02-10_2019-02-19|2019-03-12_2019-03-21|2019-04-01_2019-04-10|2019-06-10_2019-06-19|2019-09-08_2019-09-17|2019-10-08_2019-10-17|2019-11-07_2019-11-16|2019-12-07_2019-12-16|2020-01-06_2020-01-15|2020-06-04_2020-06-13|2020-07-14_2020-07-23|2020-09-02_2020-09-11|2020-10-12_2020-10-21|2021-06-09_2021-06-18|2022-02-04_2022-02-13|2022-03-06_2022-03-15|2022-04-05_2022-04-14|2022-08-03_2022-08-12|2022-10-12_2022-10-21|2022-11-01_2022-11-10|2023-04-10_2023-04-19|2023-07-09_2023-07-18|2023-10-07_2023-10-16|2023-11-06_2023-11-15|2023-12-06_2023-12-15|2024-01-05_2024-01-14|2024-03-05_2024-03-14|2024-04-04_2024-04-13|2024-07-03_2024-07-12|2025-02-08_2025-02-17|2025-03-10_2025-03-19|2025-04-09_2025-04-18|2025-05-09_2025-05-18|2025-06-08_2025-06-17|2025-08-07_2025-08-16|2025-09-06_2025-09-15
0.2,1,Core CPI m/m,Bad,1,1,0,100.0,0.0,inf,2021-07-09_2021-07-18
0.3,1,Core CPI m/m,Neutral,40,32,8,80.0,20.0,4.0,2018-03-07_2018-03-16|2018-08-04_2018-08-13|2018-11-12_2018-11-21|2019-01-11_2019-01-20|2019-02-10_2019-02-19|2019-03-12_2019-03-21|2019-04-01_2019-04-10|2019-06-10_2019-06-19|2019-09-08_2019-09-17|2019-10-08_2019-10-17|2019-11-07_2019-11-16|2019-12-07_2019-12-16|2020-01-06_2020-01-15|2020-06-04_2020-06-13|2020-07-14_2020-07-23|2020-09-02_2020-09-11|2020-10-12_2020-10-21|2021-06-09_2021-06-18|2022-02-04_2022-02-13|2022-03-06_2022-03-15|2022-04-05_2022-04-14|2022-08-03_2022-08-12|2022-10-12_2022-10-21|2022-11-01_2022-11-10|2023-04-10_2023-04-19|2023-07-09_2023-07-18|2023-10-07_2023-10-16|2023-11-06_2023-11-15|2023-12-06_2023-12-15|2024-01-05_2024-01-14|2024-03-05_2024-03-14|2024-04-04_2024-04-13|2024-07-03_2024-07-12|2025-02-08_2025-02-17|2025-03-10_2025-03-19|2025-04-09_2025-04-18|2025-05-09_2025-05-18|2025-06-08_2025-06-17|2025-08-07_2025-08-16|2025-09-06_2025-09-15
0.3,1,Core CPI m/m,Bad,1,1,0,100.0,0.0,inf,2021-07-09_2021-07-18
0.0,1,PPI m/m,Bad,19,17,2,89.5,10.5,8.5,2018-03-07_2018-03-16|2018-11-02_2018-11-11|2019-04-11_2019-04-20|2019-09-08_2019-09-17|2019-11-07_2019-11-16|2020-02-15_2020-02-24|2020-06-04_2020-06-13|2020-09-02_2020-09-11|2020-10-12_2020-10-21|2021-06-09_2021-06-18|2021-07-09_2021-07-18|2022-04-05_2022-04-14|2022-10-12_2022-10-21|2022-12-01_2022-12-10|2023-10-07_2023-10-16|2024-03-05_2024-03-14|2024-07-03_2024-07-12|2025-02-08_2025-02-17|2025-08-07_2025-08-16
0.0,1,PPI m/m,Good,23,19,4,82.6,17.4,4.75,2018-08-04_2018-08-13|2018-09-03_2018-09-12|2019-01-11_2019-01-20|2019-02-10_2019-02-19|2019-03-12_2019-03-21|2019-10-08_2019-10-17|2019-12-07_2019-12-16|2020-01-06_2020-01-15|2020-07-04_2020-07-13|2022-03-06_2022-03-15|2022-08-03_2022-08-12|2022-11-11_2022-11-20|2023-04-10_2023-04-19|2023-07-09_2023-07-18|2023-11-06_2023-11-15|2024-01-05_2024-01-14|2024-04-04_2024-04-13|2024-06-13_2024-06-22|2025-03-10_2025-03-19|2025-04-09_2025-04-18|2025-05-09_2025-05-18|2025-06-08_2025-06-17|2025-09-06_2025-09-15
0.0,1,PPI m/m,Neutral,4,3,1,75.0,25.0,3.0,2019-06-10_2019-06-19|2023-12-06_2023-12-15|2025-11-25_2025-12-04|2026-01-14_2026-01-23
0.1,1,PPI m/m,Neutral,15,13,2,86.7,13.3,6.5,2018-03-07_2018-03-16|2019-01-11_2019-01-20|2019-03-12_2019-03-21|2019-06-10_2019-06-19|2019-09-08_2019-09-17|2020-01-06_2020-01-15|2020-09-02_2020-09-11|2022-12-01_2022-12-10|2023-07-09_2023-07-18|2023-12-06_2023-12-15|2024-04-04_2024-04-13|2024-07-03_2024-07-12|2025-06-08_2025-06-17|2025-11-25_2025-12-04|2026-01-14_2026-01-23
0.1,1,PPI m/m,Good,17,14,3,82.4,17.6,4.67,2018-08-04_2018-08-13|2018-09-03_2018-09-12|2019-02-10_2019-02-19|2019-10-08_2019-10-17|2019-12-07_2019-12-16|2020-07-04_2020-07-13|2022-03-06_2022-03-15|2022-08-03_2022-08-12|2022-11-11_2022-11-20|2023-04-10_2023-04-19|2023-11-06_2023-11-15|2024-01-05_2024-01-14|2024-06-13_2024-06-22|2025-03-10_2025-03-19|2025-04-09_2025-04-18|2025-05-09_2025-05-18|2025-09-06_2025-09-15
0.1,1,PPI m/m,Bad,14,12,2,85.7,14.3,6.0,2018-11-02_2018-11-11|2019-04-11_2019-04-20|2019-11-07_2019-11-16|2020-02-15_2020-02-24|2020-06-04_2020-06-13|2020-10-12_2020-10-21|2021-06-09_2021-06-18|2021-07-09_2021-07-18|2022-04-05_2022-04-14|2022-10-12_2022-10-21|2023-10-07_2023-10-16|2024-03-05_2024-03-14|2025-02-08_2025-02-17|2025-08-07_2025-08-16
0.2,1,PPI m/m,Neutral,26,22,4,84.6,15.4,5.5,2018-03-07_2018-03-16|2018-08-04_2018-08-13|2019-01-11_2019-01-20|2019-02-10_2019-02-19|2019-03-12_2019-03-21|2019-06-10_2019-06-19|2019-09-08_2019-09-17|2019-11-07_2019-11-16|2019-12-07_2019-12-16|2020-01-06_2020-01-15|2020-09-02_2020-09-11|2020-10-12_2020-10-21|2022-03-06_2022-03-15|2022-10-12_2022-10-21|2022-11-11_2022-11-20|2022-12-01_2022-12-10|2023-07-09_2023-07-18|2023-10-07_2023-10-16|2023-12-06_2023-12-15|2024-01-05_2024-01-14|2024-04-04_2024-04-13|2024-07-03_2024-07-12|2025-02-08_2025-02-17|2025-06-08_2025-06-17|2025-11-25_2025-12-04|2026-01-14_2026-01-23
0.2,1,PPI m/m,Good,11,9,2,81.8,18.2,4.5,2018-09-03_2018-09-12|2019-10-08_2019-10-17|2020-07-04_2020-07-13|2022-08-03_2022-08-12|2023-04-10_2023-04-19|2023-11-06_2023-11-15|2024-06-13_2024-06-22|2025-03-10_2025-03-19|2025-04-09_2025-04-18|2025-05-09_2025-05-18|2025-09-06_2025-09-15
0.2,1,PPI m/m,Bad,9,8,1,88.9,11.1,8.0,2018-11-02_2018-11-11|2019-04-11_2019-04-20|2020-02-15_2020-02-24|2020-06-04_2020-06-13|2021-06-09_2021-06-18|2021-07-09_2021-07-18|2022-04-05_2022-04-14|2024-03-05_2024-03-14|2025-08-07_2025-08-16
0.3,1,PPI m/m,Neutral,30,25,5,83.3,16.7,5.0,2018-03-07_2018-03-16|2018-08-04_2018-08-13|2019-01-11_2019-01-20|2019-02-10_2019-02-19|2019-03-12_2019-03-21|2019-04-11_2019-04-20|2019-06-10_2019-06-19|2019-09-08_2019-09-17|2019-11-07_2019-11-16|2019-12-07_2019-12-16|2020-01-06_2020-01-15|2020-09-02_2020-09-11|2020-10-12_2020-10-21|2022-03-06_2022-03-15|2022-04-05_2022-04-14|2022-10-12_2022-10-21|2022-11-11_2022-11-20|2022-12-01_2022-12-10|2023-07-09_2023-07-18|2023-10-07_2023-10-16|2023-12-06_2023-12-15|2024-01-05_2024-01-14|2024-03-05_2024-03-14|2024-04-04_2024-04-13|2024-07-03_2024-07-12|2025-02-08_2025-02-17|2025-03-10_2025-03-19|2025-06-08_2025-06-17|2025-11-25_2025-12-04|2026-01-14_2026-01-23
0.3,1,PPI m/m,Good,10,8,2,80.0,20.0,4.0,2018-09-03_2018-09-12|2019-10-08_2019-10-17|2020-07-04_2020-07-13|2022-08-03_2022-08-12|2023-04-10_2023-04-19|2023-11-06_2023-11-15|2024-06-13_2024-06-22|2025-04-09_2025-04-18|2025-05-09_2025-05-18|2025-09-06_2025-09-15
0.3,1,PPI m/m,Bad,6,6,0,100.0,0.0,inf,2018-11-02_2018-11-11|2020-02-15_2020-02-24|2020-06-04_2020-06-13|2021-06-09_2021-06-18|2021-07-09_2021-07-18|2025-08-07_2025-08-16
0.0,1,Core PPI m/m,Neutral,6,6,0,100.0,0.0,inf,2018-03-07_2018-03-16|2019-06-10_2019-06-19|2020-06-04_2020-06-13|2022-10-12_2022-10-21|2024-04-04_2024-04-13|2025-02-08_2025-02-17
0.0,1,Core PPI m/m,Good,24,19,5,79.2,20.8,3.8,2018-08-04_2018-08-13|2018-09-03_2018-09-12|2019-01-11_2019-01-20|2019-03-12_2019-03-21|2019-10-08_2019-10-17|2019-12-07_2019-12-16|2020-01-06_2020-01-15|2020-07-04_2020-07-13|2022-03-06_2022-03-15|2022-08-03_2022-08-12|2022-11-11_2022-11-20|2023-04-10_2023-04-19|2023-07-09_2023-07-18|2023-11-06_2023-11-15|2023-12-06_2023-12-15|2024-01-05_2024-01-14|2024-06-13_2024-06-22|2025-03-10_2025-03-19|2025-04-09_2025-04-18|2025-05-09_2025-05-18|2025-06-08_2025-06-17|2025-09-06_2025-09-15|2025-11-25_2025-12-04|2026-01-14_2026-01-23
0.0,1,Core PPI m/m,Bad,16,14,2,87.5,12.5,7.0,2018-11-02_2018-11-11|2019-02-10_2019-02-19|2019-04-11_2019-04-20|2019-09-08_2019-09-17|2019-11-07_2019-11-16|2020-02-15_2020-02-24|2020-09-02_2020-09-11|2020-10-12_2020-10-21|2021-06-09_2021-06-18|2021-07-09_2021-07-18|2022-04-05_2022-04-14|2022-12-01_2022-12-10|2023-10-07_2023-10-16|2024-03-05_2024-03-14|2024-07-03_2024-07-12|2025-08-07_2025-08-16
0.1,1,Core PPI m/m,Neutral,17,16,1,94.1,5.9,16.0,2018-03-07_2018-03-16|2018-08-04_2018-08-13|2019-02-10_2019-02-19|2019-03-12_2019-03-21|2019-04-11_2019-04-20|2019-06-10_2019-06-19|2019-09-08_2019-09-17|2019-11-07_2019-11-16|2020-01-06_2020-01-15|2020-06-04_2020-06-13|2022-10-12_2022-10-21|2023-07-09_2023-07-18|2023-10-07_2023-10-16|2024-03-05_2024-03-14|2024-04-04_2024-04-13|2025-02-08_2025-02-17|2025-11-25_2025-12-04
0.1,1,Core PPI m/m,Good,19,14,5,73.7,26.3,2.8,2018-09-03_2018-09-12|2019-01-11_2019-01-20|2019-10-08_2019-10-17|2019-12-07_2019-12-16|2020-07-04_2020-07-13|2022-03-06_2022-03-15|2022-08-03_2022-08-12|2022-11-11_2022-11-20|2023-04-10_2023-04-19|2023-11-06_2023-11-15|2023-12-06_2023-12-15|2024-01-05_2024-01-14|2024-06-13_2024-06-22|2025-03-10_2025-03-19|2025-04-09_2025-04-18|2025-05-09_2025-05-18|2025-06-08_2025-06-17|2025-09-06_2025-09-15|2026-01-14_2026-01-23
0.1,1,Core PPI m/m,Bad,10,9,1,90.0,10.0,9.0,2018-11-02_2018-11-11|2020-02-15_2020-02-24|2020-09-02_2020-09-11|2020-10-12_2020-10-21|2021-06-09_2021-06-18|2021-07-09_2021-07-18|2022-04-05_2022-04-14|2022-12-01_2022-12-10|2024-07-03_2024-07-12|2025-08-07_2025-08-16
0.2,1,Core PPI m/m,Neutral,27,23,4,85.2,14.8,5.75,2018-03-07_2018-03-16|2018-08-04_2018-08-13|2019-02-10_2019-02-19|2019-03-12_2019-03-21|2019-04-11_2019-04-20|2019-06-10_2019-06-19|2019-09-08_2019-09-17|2019-11-07_2019-11-16|2020-01-06_2020-01-15|2020-06-04_2020-06-13|2020-09-02_2020-09-11|2020-10-12_2020-10-21|2021-06-09_2021-06-18|2022-08-03_2022-08-12|2022-10-12_2022-10-21|2022-12-01_2022-12-10|2023-07-09_2023-07-18|2023-10-07_2023-10-16|2023-12-06_2023-12-15|2024-01-05_2024-01-14|2024-03-05_2024-03-14|2024-04-04_2024-04-13|2024-07-03_2024-07-12|2025-02-08_2025-02-17|2025-06-08_2025-06-17|2025-11-25_2025-12-04|2026-01-14_2026-01-23
0.2,1,Core PPI m/m,Good,14,11,3,78.6,21.4,3.67,2018-09-03_2018-09-12|2019-01-11_2019-01-20|2019-10-08_2019-10-17|2019-12-07_2019-12-16|2020-07-04_2020-07-13|2022-03-06_2022-03-15|2022-11-11_2022-11-20|2023-04-10_2023-04-19|2023-11-06_2023-11-15|2024-06-13_2024-06-22|2025-03-10_2025-03-19|2025-04-09_2025-04-18|2025-05-09_2025-05-18|2025-09-06_2025-09-15
0.2,1,Core PPI m/m,Bad,5,5,0,100.0,0.0,inf,2018-11-02_2018-11-11|2020-02-15_2020-02-24|2021-07-09_2021-07-18|2022-04-05_2022-04-14|2025-08-07_2025-08-16
0.3,1,Core PPI m/m,Neutral,32,27,5,84.4,15.6,5.4,2018-03-07_2018-03-16|2018-08-04_2018-08-13|2018-11-02_2018-11-11|2019-02-10_2019-02-19|2019-03-12_2019-03-21|2019-04-11_2019-04-20|2019-06-10_2019-06-19|2019-09-08_2019-09-17|2019-11-07_2019-11-16|2020-01-06_2020-01-15|2020-02-15_2020-02-24|2020-06-04_2020-06-13|2020-09-02_2020-09-11|2020-10-12_2020-10-21|2021-06-09_2021-06-18|2022-08-03_2022-08-12|2022-10-12_2022-10-21|2022-11-11_2022-11-20|2022-12-01_2022-12-10|2023-07-09_2023-07-18|2023-10-07_2023-10-16|2023-11-06_2023-11-15|2023-12-06_2023-12-15|2024-01-05_2024-01-14|2024-03-05_2024-03-14|2024-04-04_2024-04-13|2024-06-13_2024-06-22|2024-07-03_2024-07-12|2025-02-08_2025-02-17|2025-06-08_2025-06-17|2025-11-25_2025-12-04|2026-01-14_2026-01-23
0.3,1,Core PPI m/m,Good,11,9,2,81.8,18.2,4.5,2018-09-03_2018-09-12|2019-01-11_2019-01-20|2019-10-08_2019-10-17|2019-12-07_2019-12-16|2020-07-04_2020-07-13|2022-03-06_2022-03-15|2023-04-10_2023-04-19|2025-03-10_2025-03-19|2025-04-09_2025-04-18|2025-05-09_2025-05-18|2025-09-06_2025-09-15
0.3,1,Core PPI m/m,Bad,3,3,0,100.0,0.0,inf,2021-07-09_2021-07-18|2022-04-05_2022-04-14|2025-08-07_2025-08-16
0.0,1,FOMC,Neutral,7,0,7,0.0,100.0,0.0,2023-03-21_2023-03-30|2023-07-19_2023-07-28|2023-09-17_2023-09-26|2023-10-27_2023-11-05|2023-12-06_2023-12-15|2024-07-23_2024-08-01|2024-10-31_2024-11-09
0.1,1,FOMC,Neutral,7,0,7,0.0,100.0,0.0,2023-03-21_2023-03-30|2023-07-19_2023-07-28|2023-09-17_2023-09-26|2023-10-27_2023-11-05|2023-12-06_2023-12-15|2024-07-23_2024-08-01|2024-10-31_2024-11-09
0.2,1,FOMC,Neutral,7,0,7,0.0,100.0,0.0,2023-03-21_2023-03-30|2023-07-19_2023-07-28|2023-09-17_2023-09-26|2023-10-27_2023-11-05|2023-12-06_2023-12-15|2024-07-23_2024-08-01|2024-10-31_2024-11-09
0.3,1,FOMC,Neutral,7,0,7,0.0,100.0,0.0,2023-03-21_2023-03-30|2023-07-19_2023-07-28|2023-09-17_2023-09-26|2023-10-27_2023-11-05|2023-12-06_2023-12-15|2024-07-23_2024-08-01|2024-10-31_2024-11-09
0.0,1,CPI y/y,Neutral,10,6,4,60.0,40.0,1.5,2018-03-07_2018-03-16|2018-08-04_2018-08-13|2018-11-12_2018-11-21|2019-01-11_2019-01-20|2020-01-06_2020-01-15|2020-07-14_2020-07-23|2020-10-12_2020-10-21|2022-03-06_2022-03-15|2023-12-06_2023-12-15|2025-09-06_2025-09-15
0.0,1,CPI y/y,Bad,15,13,2,86.7,13.3,6.5,2019-02-10_2019-02-19|2019-04-01_2019-04-10|2019-11-07_2019-11-16|2019-12-07_2019-12-16|2020-09-02_2020-09-11|2021-06-09_2021-06-18|2021-07-09_2021-07-18|2022-02-04_2022-02-13|2022-04-05_2022-04-14|2022-10-12_2022-10-21|2023-10-07_2023-10-16|2024-01-05_2024-01-14|2024-03-05_2024-03-14|2024-04-04_2024-04-13|2025-02-08_2025-02-17
0.0,1,CPI y/y,Good,17,15,2,88.2,11.8,7.5,2019-03-12_2019-03-21|2019-06-10_2019-06-19|2019-09-08_2019-09-17|2019-10-08_2019-10-17|2020-06-04_2020-06-13|2022-08-03_2022-08-12|2022-11-01_2022-11-10|2023-04-10_2023-04-19|2023-07-09_2023-07-18|2023-11-06_2023-11-15|2024-07-03_2024-07-12|2025-03-10_2025-03-19|2025-04-09_2025-04-18|2025-05-09_2025-05-18|2025-06-08_2025-06-17|2025-08-07_2025-08-16|2025-12-15_2025-12-24
0.1,1,CPI y/y,Neutral,17,12,5,70.6,29.4,2.4,2018-03-07_2018-03-16|2018-08-04_2018-08-13|2018-11-12_2018-11-21|2019-01-11_2019-01-20|2019-04-01_2019-04-10|2019-06-10_2019-06-19|2020-01-06_2020-01-15|2020-07-14_2020-07-23|2020-10-12_2020-10-21|2022-03-06_2022-03-15|2022-04-05_2022-04-14|2022-10-12_2022-10-21|2023-04-10_2023-04-19|2023-11-06_2023-11-15|2023-12-06_2023-12-15|2025-08-07_2025-08-16|2025-09-06_2025-09-15
0.1,1,CPI y/y,Bad,12,11,1,91.7,8.3,11.0,2019-02-10_2019-02-19|2019-11-07_2019-11-16|2019-12-07_2019-12-16|2020-09-02_2020-09-11|2021-06-09_2021-06-18|2021-07-09_2021-07-18|2022-02-04_2022-02-13|2023-10-07_2023-10-16|2024-01-05_2024-01-14|2024-03-05_2024-03-14|2024-04-04_2024-04-13|2025-02-08_2025-02-17
0.1,1,CPI y/y,Good,13,11,2,84.6,15.4,5.5,2019-03-12_2019-03-21|2019-09-08_2019-09-17|2019-10-08_2019-10-17|2020-06-04_2020-06-13|2022-08-03_2022-08-12|2022-11-01_2022-11-10|2023-07-09_2023-07-18|2024-07-03_2024-07-12|2025-03-10_2025-03-19|2025-04-09_2025-04-18|2025-05-09_2025-05-18|2025-06-08_2025-06-17|2025-12-15_2025-12-24
0.2,1,CPI y/y,Neutral,37,30,7,81.1,18.9,4.29,2018-03-07_2018-03-16|2018-08-04_2018-08-13|2018-11-12_2018-11-21|2019-01-11_2019-01-20|2019-02-10_2019-02-19|2019-03-12_2019-03-21|2019-04-01_2019-04-10|2019-06-10_2019-06-19|2019-09-08_2019-09-17|2019-10-08_2019-10-17|2019-11-07_2019-11-16|2019-12-07_2019-12-16|2020-01-06_2020-01-15|2020-06-04_2020-06-13|2020-07-14_2020-07-23|2020-09-02_2020-09-11|2020-10-12_2020-10-21|2022-03-06_2022-03-15|2022-04-05_2022-04-14|2022-08-03_2022-08-12|2022-10-12_2022-10-21|2023-04-10_2023-04-19|2023-07-09_2023-07-18|2023-10-07_2023-10-16|2023-11-06_2023-11-15|2023-12-06_2023-12-15|2024-01-05_2024-01-14|2024-03-05_2024-03-14|2024-04-04_2024-04-13|2024-07-03_2024-07-12|2025-02-08_2025-02-17|2025-03-10_2025-03-19|2025-04-09_2025-04-18|2025-05-09_2025-05-18|2025-06-08_2025-06-17|2025-08-07_2025-08-16|2025-09-06_2025-09-15
0.2,1,CPI y/y,Bad,3,2,1,66.7,33.3,2.0,2021-06-09_2021-06-18|2021-07-09_2021-07-18|2022-02-04_2022-02-13
0.2,1,CPI y/y,Good,2,2,0,100.0,0.0,inf,2022-11-01_2022-11-10|2025-12-15_2025-12-24
0.3,1,CPI y/y,Neutral,40,32,8,80.0,20.0,4.0,2018-03-07_2018-03-16|2018-08-04_2018-08-13|2018-11-12_2018-11-21|2019-01-11_2019-01-20|2019-02-10_2019-02-19|2019-03-12_2019-03-21|2019-04-01_2019-04-10|2019-06-10_2019-06-19|2019-09-08_2019-09-17|2019-10-08_2019-10-17|2019-11-07_2019-11-16|2019-12-07_2019-12-16|2020-01-06_2020-01-15|2020-06-04_2020-06-13|2020-07-14_2020-07-23|2020-09-02_2020-09-11|2020-10-12_2020-10-21|2021-06-09_2021-06-18|2022-02-04_2022-02-13|2022-03-06_2022-03-15|2022-04-05_2022-04-14|2022-08-03_2022-08-12|2022-10-12_2022-10-21|2022-11-01_2022-11-10|2023-04-10_2023-04-19|2023-07-09_2023-07-18|2023-10-07_2023-10-16|2023-11-06_2023-11-15|2023-12-06_2023-12-15|2024-01-05_2024-01-14|2024-03-05_2024-03-14|2024-04-04_2024-04-13|2024-07-03_2024-07-12|2025-02-08_2025-02-17|2025-03-10_2025-03-19|2025-04-09_2025-04-18|2025-05-09_2025-05-18|2025-06-08_2025-06-17|2025-08-07_2025-08-16|2025-09-06_2025-09-15
0.3,1,CPI y/y,Bad,1,1,0,100.0,0.0,inf,2021-07-09_2021-07-18
0.3,1,CPI y/y,Good,1,1,0,100.0,0.0,inf,2025-12-15_2025-12-24
0.0,2,CPI m/m|Core CPI m/m,Neutral|Neutral,7,4,3,57.1,42.9,1.33,2018-03-07_2018-03-16|2018-08-04_2018-08-13|2018-11-12_2018-11-21|2019-01-11_2019-01-20|2020-10-12_2020-10-21|2022-03-06_2022-03-15|2025-08-07_2025-08-16
0.0,2,CPI m/m|Core CPI m/m,Good|Neutral,2,2,0,100.0,0.0,inf,2019-02-10_2019-02-19|2023-04-10_2023-04-19
0.0,2,CPI m/m|Core CPI m/m,Neutral|Good,4,4,0,100.0,0.0,inf,2019-03-12_2019-03-21|2019-06-10_2019-06-19|2020-01-06_2020-01-15|2022-04-05_2022-04-14
0.0,2,CPI m/m|Core CPI m/m,Bad|Good,1,0,1,0.0,100.0,0.0,2019-04-01_2019-04-10
0.0,2,CPI m/m|Core CPI m/m,Neutral|Bad,2,2,0,100.0,0.0,inf,2019-09-08_2019-09-17|2024-03-05_2024-03-14
0.0,2,CPI m/m|Core CPI m/m,Good|Good,11,9,2,81.8,18.2,4.5,2019-10-08_2019-10-17|2020-06-04_2020-06-13|2022-08-03_2022-08-12|2022-11-01_2022-11-10|2023-07-09_2023-07-18|2023-11-06_2023-11-15|2024-07-03_2024-07-12|2025-03-10_2025-03-19|2025-04-09_2025-04-18|2025-05-09_2025-05-18|2025-06-08_2025-06-17
0.0,2,CPI m/m|Core CPI m/m,Bad|Neutral,6,5,1,83.3,16.7,5.0,2019-11-07_2019-11-16|2019-12-07_2019-12-16|2023-10-07_2023-10-16|2023-12-06_2023-12-15|2024-01-05_2024-01-14|2025-09-06_2025-09-15
0.0,2,CPI m/m|Core CPI m/m,Bad|Bad,8,7,1,87.5,12.5,7.0,2020-07-14_2020-07-23|2020-09-02_2020-09-11|2021-06-09_2021-06-18|2021-07-09_2021-07-18|2022-02-04_2022-02-13|2022-10-12_2022-10-21|2024-04-04_2024-04-13|2025-02-08_2025-02-17
0.1,2,CPI m/m|Core CPI m/m,Neutral|Neutral,23,19,4,82.6,17.4,4.75,2018-03-07_2018-03-16|2018-08-04_2018-08-13|2018-11-12_2018-11-21|2019-01-11_2019-01-20|2019-02-10_2019-02-19|2019-03-12_2019-03-21|2019-06-10_2019-06-19|2019-09-08_2019-09-17|2019-10-08_2019-10-17|2019-12-07_2019-12-16|2020-01-06_2020-01-15|2020-06-04_2020-06-13|2020-07-14_2020-07-23|2020-10-12_2020-10-21|2022-03-06_2022-03-15|2023-04-10_2023-04-19|2023-07-09_2023-07-18|2023-11-06_2023-11-15|2023-12-06_2023-12-15|2024-01-05_2024-01-14|2025-03-10_2025-03-19|2025-05-09_2025-05-18|2025-08-07_2025-08-16
0.1,2,CPI m/m|Core CPI m/m,Bad|Neutral,5,3,2,60.0,40.0,1.5,2019-04-01_2019-04-10|2019-11-07_2019-11-16|2022-02-04_2022-02-13|2023-10-07_2023-10-16|2025-09-06_2025-09-15
0.1,2,CPI m/m|Core CPI m/m,Bad|Bad,6,6,0,100.0,0.0,inf,2020-09-02_2020-09-11|2021-06-09_2021-06-18|2021-07-09_2021-07-18|2022-10-12_2022-10-21|2024-04-04_2024-04-13|2025-02-08_2025-02-17
0.1,2,CPI m/m|Core CPI m/m,Neutral|Good,2,2,0,100.0,0.0,inf,2022-04-05_2022-04-14|2025-06-08_2025-06-17
0.1,2,CPI m/m|Core CPI m/m,Good|Good,3,1,2,33.3,66.7,0.5,2022-08-03_2022-08-12|2022-11-01_2022-11-10|2025-04-09_2025-04-18
0.1,2,CPI m/m|Core CPI m/m,Neutral|Bad,1,1,0,100.0,0.0,inf,2024-03-05_2024-03-14
0.1,2,CPI m/m|Core CPI m/m,Good|Neutral,1,1,0,100.0,0.0,inf,2024-07-03_2024-07-12
0.2,2,CPI m/m|Core CPI m/m,Neutral|Neutral,40,32,8,80.0,20.0,4.0,2018-03-07_2018-03-16|2018-08-04_2018-08-13|2018-11-12_2018-11-21|2019-01-11_2019-01-20|2019-02-10_2019-02-19|2019-03-12_2019-03-21|2019-04-01_2019-04-10|2019-06-10_2019-06-19|2019-09-08_2019-09-17|2019-10-08_2019-10-17|2019-11-07_2019-11-16|2019-12-07_2019-12-16|2020-01-06_2020-01-15|2020-06-04_2020-06-13|2020-07-14_2020-07-23|2020-09-02_2020-09-11|2020-10-12_2020-10-21|2021-06-09_2021-06-18|2022-02-04_2022-02-13|2022-03-06_2022-03-15|2022-04-05_2022-04-14|2022-08-03_2022-08-12|2022-10-12_2022-10-21|2022-11-01_2022-11-10|2023-04-10_2023-04-19|2023-07-09_2023-07-18|2023-10-07_2023-10-16|2023-11-06_2023-11-15|2023-12-06_2023-12-15|2024-01-05_2024-01-14|2024-03-05_2024-03-14|2024-04-04_2024-04-13|2024-07-03_2024-07-12|2025-02-08_2025-02-17|2025-03-10_2025-03-19|2025-04-09_2025-04-18|2025-05-09_2025-05-18|2025-06-08_2025-06-17|2025-08-07_2025-08-16|2025-09-06_2025-09-15
0.2,2,CPI m/m|Core CPI m/m,Bad|Bad,1,1,0,100.0,0.0,inf,2021-07-09_2021-07-18
0.3,2,CPI m/m|Core CPI m/m,Neutral|Neutral,40,32,8,80.0,20.0,4.0,2018-03-07_2018-03-16|2018-08-04_2018-08-13|2018-11-12_2018-11-21|2019-01-11_2019-01-20|2019-02-10_2019-02-19|2019-03-12_2019-03-21|2019-04-01_2019-04-10|2019-06-10_2019-06-19|2019-09-08_2019-09-17|2019-10-08_2019-10-17|2019-11-07_2019-11-16|2019-12-07_2019-12-16|2020-01-06_2020-01-15|2020-06-04_2020-06-13|2020-07-14_2020-07-23|2020-09-02_2020-09-11|2020-10-12_2020-10-21|2021-06-09_2021-06-18|2022-02-04_2022-02-13|2022-03-06_2022-03-15|2022-04-05_2022-04-14|2022-08-03_2022-08-12|2022-10-12_2022-10-21|2022-11-01_2022-11-10|2023-04-10_2023-04-19|2023-07-09_2023-07-18|2023-10-07_2023-10-16|2023-11-06_2023-11-15|2023-12-06_2023-12-15|2024-01-05_2024-01-14|2024-03-05_2024-03-14|2024-04-04_2024-04-13|2024-07-03_2024-07-12|2025-02-08_2025-02-17|2025-03-10_2025-03-19|2025-04-09_2025-04-18|2025-05-09_2025-05-18|2025-06-08_2025-06-17|2025-08-07_2025-08-16|2025-09-06_2025-09-15
0.3,2,CPI m/m|Core CPI m/m,Bad|Bad,1,1,0,100.0,0.0,inf,2021-07-09_2021-07-18
0.0,2,CPI m/m|PPI m/m,Neutral|Bad,6,5,1,83.3,16.7,5.0,2018-03-07_2018-03-16|2019-09-08_2019-09-17|2020-10-12_2020-10-21|2022-04-05_2022-04-14|2024-03-05_2024-03-14|2025-08-07_2025-08-16
0.0,2,CPI m/m|PPI m/m,Neutral|Good,5,4,1,80.0,20.0,4.0,2018-08-04_2018-08-13|2019-01-11_2019-01-20|2019-03-12_2019-03-21|2020-01-06_2020-01-15|2022-03-06_2022-03-15
0.0,2,CPI m/m|PPI m/m,Good|Good,10,8,2,80.0,20.0,4.0,2019-02-10_2019-02-19|2019-10-08_2019-10-17|2022-08-03_2022-08-12|2023-04-10_2023-04-19|2023-07-09_2023-07-18|2023-11-06_2023-11-15|2025-03-10_2025-03-19|2025-04-09_2025-04-18|2025-05-09_2025-05-18|2025-06-08_2025-06-17
0.0,2,CPI m/m|PPI m/m,Neutral|Neutral,1,1,0,100.0,0.0,inf,2019-06-10_2019-06-19
0.0,2,CPI m/m|PPI m/m,Bad|Bad,7,7,0,100.0,0.0,inf,2019-11-07_2019-11-16|2020-09-02_2020-09-11|2021-06-09_2021-06-18|2021-07-09_2021-07-18|2022-10-12_2022-10-21|2023-10-07_2023-10-16|2025-02-08_2025-02-17
0.0,2,CPI m/m|PPI m/m,Bad|Good,4,4,0,100.0,0.0,inf,2019-12-07_2019-12-16|2024-01-05_2024-01-14|2024-04-04_2024-04-13|2025-09-06_2025-09-15
0.0,2,CPI m/m|PPI m/m,Good|Bad,2,2,0,100.0,0.0,inf,2020-06-04_2020-06-13|2024-07-03_2024-07-12
0.0,2,CPI m/m|PPI m/m,Bad|Neutral,1,0,1,0.0,100.0,0.0,2023-12-06_2023-12-15
0.1,2,CPI m/m|PPI m/m,Neutral|Neutral,9,7,2,77.8,22.2,3.5,2018-03-07_2018-03-16|2019-01-11_2019-01-20|2019-03-12_2019-03-21|2019-06-10_2019-06-19|2019-09-08_2019-09-17|2020-01-06_2020-01-15|2023-07-09_2023-07-18|2023-12-06_2023-12-15|2025-06-08_2025-06-17
0.1,2,CPI m/m|PPI m/m,Neutral|Good,10,10,0,100.0,0.0,inf,2018-08-04_2018-08-13|2019-02-10_2019-02-19|2019-10-08_2019-10-17|2019-12-07_2019-12-16|2022-03-06_2022-03-15|2023-04-10_2023-04-19|2023-11-06_2023-11-15|2024-01-05_2024-01-14|2025-03-10_2025-03-19|2025-05-09_2025-05-18
0.1,2,CPI m/m|PPI m/m,Bad|Bad,6,6,0,100.0,0.0,inf,2019-11-07_2019-11-16|2021-06-09_2021-06-18|2021-07-09_2021-07-18|2022-10-12_2022-10-21|2023-10-07_2023-10-16|2025-02-08_2025-02-17
0.1,2,CPI m/m|PPI m/m,Neutral|Bad,5,4,1,80.0,20.0,4.0,2020-06-04_2020-06-13|2020-10-12_2020-10-21|2022-04-05_2022-04-14|2024-03-05_2024-03-14|2025-08-07_2025-08-16
0.1,2,CPI m/m|PPI m/m,Bad|Neutral,2,2,0,100.0,0.0,inf,2020-09-02_2020-09-11|2024-04-04_2024-04-13
0.1,2,CPI m/m|PPI m/m,Good|Good,2,0,2,0.0,100.0,0.0,2022-08-03_2022-08-12|2025-04-09_2025-04-18
0.1,2,CPI m/m|PPI m/m,Good|Neutral,1,1,0,100.0,0.0,inf,2024-07-03_2024-07-12
0.1,2,CPI m/m|PPI m/m,Bad|Good,1,1,0,100.0,0.0,inf,2025-09-06_2025-09-15
0.2,2,CPI m/m|PPI m/m,Neutral|Neutral,22,19,3,86.4,13.6,6.33,2018-03-07_2018-03-16|2018-08-04_2018-08-13|2019-01-11_2019-01-20|2019-02-10_2019-02-19|2019-03-12_2019-03-21|2019-06-10_2019-06-19|2019-09-08_2019-09-17|2019-11-07_2019-11-16|2019-12-07_2019-12-16|2020-01-06_2020-01-15|2020-09-02_2020-09-11|2020-10-12_2020-10-21|2022-03-06_2022-03-15|2022-10-12_2022-10-21|2023-07-09_2023-07-18|2023-10-07_2023-10-16|2023-12-06_2023-12-15|2024-01-05_2024-01-14|2024-04-04_2024-04-13|2024-07-03_2024-07-12|2025-02-08_2025-02-17|2025-06-08_2025-06-17
0.2,2,CPI m/m|PPI m/m,Neutral|Good,8,6,2,75.0,25.0,3.0,2019-10-08_2019-10-17|2022-08-03_2022-08-12|2023-04-10_2023-04-19|2023-11-06_2023-11-15|2025-03-10_2025-03-19|2025-04-09_2025-04-18|2025-05-09_2025-05-18|2025-09-06_2025-09-15
0.2,2,CPI m/m|PPI m/m,Neutral|Bad,5,5,0,100.0,0.0,inf,2020-06-04_2020-06-13|2021-06-09_2021-06-18|2022-04-05_2022-04-14|2024-03-05_2024-03-14|2025-08-07_2025-08-16
0.2,2,CPI m/m|PPI m/m,Bad|Bad,1,1,0,100.0,0.0,inf,2021-07-09_2021-07-18
0.3,2,CPI m/m|PPI m/m,Neutral|Neutral,25,22,3,88.0,12.0,7.33,2018-03-07_2018-03-16|2018-08-04_2018-08-13|2019-01-11_2019-01-20|2019-02-10_2019-02-19|2019-03-12_2019-03-21|2019-06-10_2019-06-19|2019-09-08_2019-09-17|2019-11-07_2019-11-16|2019-12-07_2019-12-16|2020-01-06_2020-01-15|2020-09-02_2020-09-11|2020-10-12_2020-10-21|2022-03-06_2022-03-15|2022-04-05_2022-04-14|2022-10-12_2022-10-21|2023-07-09_2023-07-18|2023-10-07_2023-10-16|2023-12-06_2023-12-15|2024-01-05_2024-01-14|2024-03-05_2024-03-14|2024-04-04_2024-04-13|2024-07-03_2024-07-12|2025-02-08_2025-02-17|2025-03-10_2025-03-19|2025-06-08_2025-06-17
0.3,2,CPI m/m|PPI m/m,Neutral|Good,7,5,2,71.4,28.6,2.5,2019-10-08_2019-10-17|2022-08-03_2022-08-12|2023-04-10_2023-04-19|2023-11-06_2023-11-15|2025-04-09_2025-04-18|2025-05-09_2025-05-18|2025-09-06_2025-09-15
0.3,2,CPI m/m|PPI m/m,Neutral|Bad,3,3,0,100.0,0.0,inf,2020-06-04_2020-06-13|2021-06-09_2021-06-18|2025-08-07_2025-08-16
0.3,2,CPI m/m|PPI m/m,Bad|Bad,1,1,0,100.0,0.0,inf,2021-07-09_2021-07-18
0.0,2,CPI m/m|Core PPI m/m,Neutral|Neutral,2,2,0,100.0,0.0,inf,2018-03-07_2018-03-16|2019-06-10_2019-06-19
0.0,2,CPI m/m|Core PPI m/m,Neutral|Good,5,4,1,80.0,20.0,4.0,2018-08-04_2018-08-13|2019-01-11_2019-01-20|2019-03-12_2019-03-21|2020-01-06_2020-01-15|2022-03-06_2022-03-15
0.0,2,CPI m/m|Core PPI m/m,Good|Bad,2,2,0,100.0,0.0,inf,2019-02-10_2019-02-19|2024-07-03_2024-07-12
0.0,2,CPI m/m|Core PPI m/m,Neutral|Bad,5,4,1,80.0,20.0,4.0,2019-09-08_2019-09-17|2020-10-12_2020-10-21|2022-04-05_2022-04-14|2024-03-05_2024-03-14|2025-08-07_2025-08-16
0.0,2,CPI m/m|Core PPI m/m,Good|Good,9,7,2,77.8,22.2,3.5,2019-10-08_2019-10-17|2022-08-03_2022-08-12|2023-04-10_2023-04-19|2023-07-09_2023-07-18|2023-11-06_2023-11-15|2025-03-10_2025-03-19|2025-04-09_2025-04-18|2025-05-09_2025-05-18|2025-06-08_2025-06-17
0.0,2,CPI m/m|Core PPI m/m,Bad|Bad,5,5,0,100.0,0.0,inf,2019-11-07_2019-11-16|2020-09-02_2020-09-11|2021-06-09_2021-06-18|2021-07-09_2021-07-18|2023-10-07_2023-10-16
0.0,2,CPI m/m|Core PPI m/m,Bad|Good,4,3,1,75.0,25.0,3.0,2019-12-07_2019-12-16|2023-12-06_2023-12-15|2024-01-05_2024-01-14|2025-09-06_2025-09-15
0.0,2,CPI m/m|Core PPI m/m,Good|Neutral,1,1,0,100.0,0.0,inf,2020-06-04_2020-06-13
0.0,2,CPI m/m|Core PPI m/m,Bad|Neutral,3,3,0,100.0,0.0,inf,2022-10-12_2022-10-21|2024-04-04_2024-04-13|2025-02-08_2025-02-17
0.1,2,CPI m/m|Core PPI m/m,Neutral|Neutral,10,10,0,100.0,0.0,inf,2018-03-07_2018-03-16|2018-08-04_2018-08-13|2019-02-10_2019-02-19|2019-03-12_2019-03-21|2019-06-10_2019-06-19|2019-09-08_2019-09-17|2020-01-06_2020-01-15|2020-06-04_2020-06-13|2023-07-09_2023-07-18|2024-03-05_2024-03-14
0.1,2,CPI m/m|Core PPI m/m,Neutral|Good,11,9,2,81.8,18.2,4.5,2019-01-11_2019-01-20|2019-10-08_2019-10-17|2019-12-07_2019-12-16|2022-03-06_2022-03-15|2023-04-10_2023-04-19|2023-11-06_2023-11-15|2023-12-06_2023-12-15|2024-01-05_2024-01-14|2025-03-10_2025-03-19|2025-05-09_2025-05-18|2025-06-08_2025-06-17
0.1,2,CPI m/m|Core PPI m/m,Bad|Neutral,5,5,0,100.0,0.0,inf,2019-11-07_2019-11-16|2022-10-12_2022-10-21|2023-10-07_2023-10-16|2024-04-04_2024-04-13|2025-02-08_2025-02-17
0.1,2,CPI m/m|Core PPI m/m,Bad|Bad,3,3,0,100.0,0.0,inf,2020-09-02_2020-09-11|2021-06-09_2021-06-18|2021-07-09_2021-07-18
0.1,2,CPI m/m|Core PPI m/m,Neutral|Bad,3,2,1,66.7,33.3,2.0,2020-10-12_2020-10-21|2022-04-05_2022-04-14|2025-08-07_2025-08-16
0.1,2,CPI m/m|Core PPI m/m,Good|Good,2,0,2,0.0,100.0,0.0,2022-08-03_2022-08-12|2025-04-09_2025-04-18
0.1,2,CPI m/m|Core PPI m/m,Good|Bad,1,1,0,100.0,0.0,inf,2024-07-03_2024-07-12
0.1,2,CPI m/m|Core PPI m/m,Bad|Good,1,1,0,100.0,0.0,inf,2025-09-06_2025-09-15
0.2,2,CPI m/m|Core PPI m/m,Neutral|Neutral,23,20,3,87.0,13.0,6.67,2018-03-07_2018-03-16|2018-08-04_2018-08-13|2019-02-10_2019-02-19|2019-03-12_2019-03-21|2019-06-10_2019-06-19|2019-09-08_2019-09-17|2019-11-07_2019-11-16|2020-01-06_2020-01-15|2020-06-04_2020-06-13|2020-09-02_2020-09-11|2020-10-12_2020-10-21|2021-06-09_2021-06-18|2022-08-03_2022-08-12|2022-10-12_2022-10-21|2023-07-09_2023-07-18|2023-10-07_2023-10-16|2023-12-06_2023-12-15|2024-01-05_2024-01-14|2024-03-05_2024-03-14|2024-04-04_2024-04-13|2024-07-03_2024-07-12|2025-02-08_2025-02-17|2025-06-08_2025-06-17
0.2,2,CPI m/m|Core PPI m/m,Neutral|Good,10,8,2,80.0,20.0,4.0,2019-01-11_2019-01-20|2019-10-08_2019-10-17|2019-12-07_2019-12-16|2022-03-06_2022-03-15|2023-04-10_2023-04-19|2023-11-06_2023-11-15|2025-03-10_2025-03-19|2025-04-09_2025-04-18|2025-05-09_2025-05-18|2025-09-06_2025-09-15
0.2,2,CPI m/m|Core PPI m/m,Bad|Bad,1,1,0,100.0,0.0,inf,2021-07-09_2021-07-18
0.2,2,CPI m/m|Core PPI m/m,Neutral|Bad,2,2,0,100.0,0.0,inf,2022-04-05_2022-04-14|2025-08-07_2025-08-16
0.3,2,CPI m/m|Core PPI m/m,Neutral|Neutral,24,21,3,87.5,12.5,7.0,2018-03-07_2018-03-16|2018-08-04_2018-08-13|2019-02-10_2019-02-19|2019-03-12_2019-03-21|2019-06-10_2019-06-19|2019-09-08_2019-09-17|2019-11-07_2019-11-16|2020-01-06_2020-01-15|2020-06-04_2020-06-13|2020-09-02_2020-09-11|2020-10-12_2020-10-21|2021-06-09_2021-06-18|2022-08-03_2022-08-12|2022-10-12_2022-10-21|2023-07-09_2023-07-18|2023-10-07_2023-10-16|2023-11-06_2023-11-15|2023-12-06_2023-12-15|2024-01-05_2024-01-14|2024-03-05_2024-03-14|2024-04-04_2024-04-13|2024-07-03_2024-07-12|2025-02-08_2025-02-17|2025-06-08_2025-06-17
0.3,2,CPI m/m|Core PPI m/m,Neutral|Good,9,7,2,77.8,22.2,3.5,2019-01-11_2019-01-20|2019-10-08_2019-10-17|2019-12-07_2019-12-16|2022-03-06_2022-03-15|2023-04-10_2023-04-19|2025-03-10_2025-03-19|2025-04-09_2025-04-18|2025-05-09_2025-05-18|2025-09-06_2025-09-15
0.3,2,CPI m/m|Core PPI m/m,Bad|Bad,1,1,0,100.0,0.0,inf,2021-07-09_2021-07-18
0.3,2,CPI m/m|Core PPI m/m,Neutral|Bad,2,2,0,100.0,0.0,inf,2022-04-05_2022-04-14|2025-08-07_2025-08-16
0.0,2,CPI m/m|FOMC,Bad|Neutral,1,0,1,0.0,100.0,0.0,2023-12-06_2023-12-15
0.1,2,CPI m/m|FOMC,Neutral|Neutral,1,0,1,0.0,100.0,0.0,2023-12-06_2023-12-15
0.2,2,CPI m/m|FOMC,Neutral|Neutral,1,0,1,0.0,100.0,0.0,2023-12-06_2023-12-15
0.3,2,CPI m/m|FOMC,Neutral|Neutral,1,0,1,0.0,100.0,0.0,2023-12-06_2023-12-15
0.0,2,CPI m/m|CPI y/y,Neutral|Neutral,7,4,3,57.1,42.9,1.33,2018-03-07_2018-03-16|2018-08-04_2018-08-13|2018-11-12_2018-11-21|2019-01-11_2019-01-20|2020-01-06_2020-01-15|2020-10-12_2020-10-21|2022-03-06_2022-03-15
0.0,2,CPI m/m|CPI y/y,Good|Bad,1,1,0,100.0,0.0,inf,2019-02-10_2019-02-19
0.0,2,CPI m/m|CPI y/y,Neutral|Good,4,4,0,100.0,0.0,inf,2019-03-12_2019-03-21|2019-06-10_2019-06-19|2019-09-08_2019-09-17|2025-08-07_2025-08-16
0.0,2,CPI m/m|CPI y/y,Bad|Bad,12,10,2,83.3,16.7,5.0,2019-04-01_2019-04-10|2019-11-07_2019-11-16|2019-12-07_2019-12-16|2020-09-02_2020-09-11|2021-06-09_2021-06-18|2021-07-09_2021-07-18|2022-02-04_2022-02-13|2022-10-12_2022-10-21|2023-10-07_2023-10-16|2024-01-05_2024-01-14|2024-04-04_2024-04-13|2025-02-08_2025-02-17
0.0,2,CPI m/m|CPI y/y,Good|Good,12,10,2,83.3,16.7,5.0,2019-10-08_2019-10-17|2020-06-04_2020-06-13|2022-08-03_2022-08-12|2022-11-01_2022-11-10|2023-04-10_2023-04-19|2023-07-09_2023-07-18|2023-11-06_2023-11-15|2024-07-03_2024-07-12|2025-03-10_2025-03-19|2025-04-09_2025-04-18|2025-05-09_2025-05-18|2025-06-08_2025-06-17
0.0,2,CPI m/m|CPI y/y,Bad|Neutral,3,2,1,66.7,33.3,2.0,2020-07-14_2020-07-23|2023-12-06_2023-12-15|2025-09-06_2025-09-15
0.0,2,CPI m/m|CPI y/y,Neutral|Bad,2,2,0,100.0,0.0,inf,2022-04-05_2022-04-14|2024-03-05_2024-03-14
0.1,2,CPI m/m|CPI y/y,Neutral|Neutral,14,10,4,71.4,28.6,2.5,2018-03-07_2018-03-16|2018-08-04_2018-08-13|2018-11-12_2018-11-21|2019-01-11_2019-01-20|2019-06-10_2019-06-19|2020-01-06_2020-01-15|2020-07-14_2020-07-23|2020-10-12_2020-10-21|2022-03-06_2022-03-15|2022-04-05_2022-04-14|2023-04-10_2023-04-19|2023-11-06_2023-11-15|2023-12-06_2023-12-15|2025-08-07_2025-08-16
0.1,2,CPI m/m|CPI y/y,Neutral|Bad,4,4,0,100.0,0.0,inf,2019-02-10_2019-02-19|2019-12-07_2019-12-16|2024-01-05_2024-01-14|2024-03-05_2024-03-14
0.1,2,CPI m/m|CPI y/y,Neutral|Good,8,8,0,100.0,0.0,inf,2019-03-12_2019-03-21|2019-09-08_2019-09-17|2019-10-08_2019-10-17|2020-06-04_2020-06-13|2023-07-09_2023-07-18|2025-03-10_2025-03-19|2025-05-09_2025-05-18|2025-06-08_2025-06-17
0.1,2,CPI m/m|CPI y/y,Bad|Neutral,3,2,1,66.7,33.3,2.0,2019-04-01_2019-04-10|2022-10-12_2022-10-21|2025-09-06_2025-09-15
0.1,2,CPI m/m|CPI y/y,Bad|Bad,8,7,1,87.5,12.5,7.0,2019-11-07_2019-11-16|2020-09-02_2020-09-11|2021-06-09_2021-06-18|2021-07-09_2021-07-18|2022-02-04_2022-02-13|2023-10-07_2023-10-16|2024-04-04_2024-04-13|2025-02-08_2025-02-17
0.1,2,CPI m/m|CPI y/y,Good|Good,4,2,2,50.0,50.0,1.0,2022-08-03_2022-08-12|2022-11-01_2022-11-10|2024-07-03_2024-07-12|2025-04-09_2025-04-18
0.2,2,CPI m/m|CPI y/y,Neutral|Neutral,37,30,7,81.1,18.9,4.29,2018-03-07_2018-03-16|2018-08-04_2018-08-13|2018-11-12_2018-11-21|2019-01-11_2019-01-20|2019-02-10_2019-02-19|2019-03-12_2019-03-21|2019-04-01_2019-04-10|2019-06-10_2019-06-19|2019-09-08_2019-09-17|2019-10-08_2019-10-17|2019-11-07_2019-11-16|2019-12-07_2019-12-16|2020-01-06_2020-01-15|2020-06-04_2020-06-13|2020-07-14_2020-07-23|2020-09-02_2020-09-11|2020-10-12_2020-10-21|2022-03-06_2022-03-15|2022-04-05_2022-04-14|2022-08-03_2022-08-12|2022-10-12_2022-10-21|2023-04-10_2023-04-19|2023-07-09_2023-07-18|2023-10-07_2023-10-16|2023-11-06_2023-11-15|2023-12-06_2023-12-15|2024-01-05_2024-01-14|2024-03-05_2024-03-14|2024-04-04_2024-04-13|2024-07-03_2024-07-12|2025-02-08_2025-02-17|2025-03-10_2025-03-19|2025-04-09_2025-04-18|2025-05-09_2025-05-18|2025-06-08_2025-06-17|2025-08-07_2025-08-16|2025-09-06_2025-09-15
0.2,2,CPI m/m|CPI y/y,Neutral|Bad,2,1,1,50.0,50.0,1.0,2021-06-09_2021-06-18|2022-02-04_2022-02-13
0.2,2,CPI m/m|CPI y/y,Bad|Bad,1,1,0,100.0,0.0,inf,2021-07-09_2021-07-18
0.2,2,CPI m/m|CPI y/y,Neutral|Good,1,1,0,100.0,0.0,inf,2022-11-01_2022-11-10
0.3,2,CPI m/m|CPI y/y,Neutral|Neutral,40,32,8,80.0,20.0,4.0,2018-03-07_2018-03-16|2018-08-04_2018-08-13|2018-11-12_2018-11-21|2019-01-11_2019-01-20|2019-02-10_2019-02-19|2019-03-12_2019-03-21|2019-04-01_2019-04-10|2019-06-10_2019-06-19|2019-09-08_2019-09-17|2019-10-08_2019-10-17|2019-11-07_2019-11-16|2019-12-07_2019-12-16|2020-01-06_2020-01-15|2020-06-04_2020-06-13|2020-07-14_2020-07-23|2020-09-02_2020-09-11|2020-10-12_2020-10-21|2021-06-09_2021-06-18|2022-02-04_2022-02-13|2022-03-06_2022-03-15|2022-04-05_2022-04-14|2022-08-03_2022-08-12|2022-10-12_2022-10-21|2022-11-01_2022-11-10|2023-04-10_2023-04-19|2023-07-09_2023-07-18|2023-10-07_2023-10-16|2023-11-06_2023-11-15|2023-12-06_2023-12-15|2024-01-05_2024-01-14|2024-03-05_2024-03-14|2024-04-04_2024-04-13|2024-07-03_2024-07-12|2025-02-08_2025-02-17|2025-03-10_2025-03-19|2025-04-09_2025-04-18|2025-05-09_2025-05-18|2025-06-08_2025-06-17|2025-08-07_2025-08-16|2025-09-06_2025-09-15
0.3,2,CPI m/m|CPI y/y,Bad|Bad,1,1,0,100.0,0.0,inf,2021-07-09_2021-07-18
0.0,2,Core CPI m/m|PPI m/m,Neutral|Bad,5,4,1,80.0,20.0,4.0,2018-03-07_2018-03-16|2019-11-07_2019-11-16|2020-10-12_2020-10-21|2023-10-07_2023-10-16|2025-08-07_2025-08-16
0.0,2,Core CPI m/m|PPI m/m,Neutral|Good,8,7,1,87.5,12.5,7.0,2018-08-04_2018-08-13|2019-01-11_2019-01-20|2019-02-10_2019-02-19|2019-12-07_2019-12-16|2022-03-06_2022-03-15|2023-04-10_2023-04-19|2024-01-05_2024-01-14|2025-09-06_2025-09-15
0.0,2,Core CPI m/m|PPI m/m,Good|Good,10,8,2,80.0,20.0,4.0,2019-03-12_2019-03-21|2019-10-08_2019-10-17|2020-01-06_2020-01-15|2022-08-03_2022-08-12|2023-07-09_2023-07-18|2023-11-06_2023-11-15|2025-03-10_2025-03-19|2025-04-09_2025-04-18|2025-05-09_2025-05-18|2025-06-08_2025-06-17
0.0,2,Core CPI m/m|PPI m/m,Good|Neutral,1,1,0,100.0,0.0,inf,2019-06-10_2019-06-19
0.0,2,Core CPI m/m|PPI m/m,Bad|Bad,7,7,0,100.0,0.0,inf,2019-09-08_2019-09-17|2020-09-02_2020-09-11|2021-06-09_2021-06-18|2021-07-09_2021-07-18|2022-10-12_2022-10-21|2024-03-05_2024-03-14|2025-02-08_2025-02-17
0.0,2,Core CPI m/m|PPI m/m,Good|Bad,3,3,0,100.0,0.0,inf,2020-06-04_2020-06-13|2022-04-05_2022-04-14|2024-07-03_2024-07-12
0.0,2,Core CPI m/m|PPI m/m,Neutral|Neutral,1,0,1,0.0,100.0,0.0,2023-12-06_2023-12-15
0.0,2,Core CPI m/m|PPI m/m,Bad|Good,1,1,0,100.0,0.0,inf,2024-04-04_2024-04-13
0.1,2,Core CPI m/m|PPI m/m,Neutral|Neutral,9,7,2,77.8,22.2,3.5,2018-03-07_2018-03-16|2019-01-11_2019-01-20|2019-03-12_2019-03-21|2019-06-10_2019-06-19|2019-09-08_2019-09-17|2020-01-06_2020-01-15|2023-07-09_2023-07-18|2023-12-06_2023-12-15|2024-07-03_2024-07-12
0.1,2,Core CPI m/m|PPI m/m,Neutral|Good,11,11,0,100.0,0.0,inf,2018-08-04_2018-08-13|2019-02-10_2019-02-19|2019-10-08_2019-10-17|2019-12-07_2019-12-16|2022-03-06_2022-03-15|2023-04-10_2023-04-19|2023-11-06_2023-11-15|2024-01-05_2024-01-14|2025-03-10_2025-03-19|2025-05-09_2025-05-18|2025-09-06_2025-09-15
0.1,2,Core CPI m/m|PPI m/m,Neutral|Bad,5,4,1,80.0,20.0,4.0,2019-11-07_2019-11-16|2020-06-04_2020-06-13|2020-10-12_2020-10-21|2023-10-07_2023-10-16|2025-08-07_2025-08-16
0.1,2,Core CPI m/m|PPI m/m,Bad|Neutral,2,2,0,100.0,0.0,inf,2020-09-02_2020-09-11|2024-04-04_2024-04-13
0.1,2,Core CPI m/m|PPI m/m,Bad|Bad,5,5,0,100.0,0.0,inf,2021-06-09_2021-06-18|2021-07-09_2021-07-18|2022-10-12_2022-10-21|2024-03-05_2024-03-14|2025-02-08_2025-02-17
0.1,2,Core CPI m/m|PPI m/m,Good|Bad,1,1,0,100.0,0.0,inf,2022-04-05_2022-04-14
0.1,2,Core CPI m/m|PPI m/m,Good|Good,2,0,2,0.0,100.0,0.0,2022-08-03_2022-08-12|2025-04-09_2025-04-18
0.1,2,Core CPI m/m|PPI m/m,Good|Neutral,1,1,0,100.0,0.0,inf,2025-06-08_2025-06-17
0.2,2,Core CPI m/m|PPI m/m,Neutral|Neutral,22,19,3,86.4,13.6,6.33,2018-03-07_2018-03-16|2018-08-04_2018-08-13|2019-01-11_2019-01-20|2019-02-10_2019-02-19|2019-03-12_2019-03-21|2019-06-10_2019-06-19|2019-09-08_2019-09-17|2019-11-07_2019-11-16|2019-12-07_2019-12-16|2020-01-06_2020-01-15|2020-09-02_2020-09-11|2020-10-12_2020-10-21|2022-03-06_2022-03-15|2022-10-12_2022-10-21|2023-07-09_2023-07-18|2023-10-07_2023-10-16|2023-12-06_2023-12-15|2024-01-05_2024-01-14|2024-04-04_2024-04-13|2024-07-03_2024-07-12|2025-02-08_2025-02-17|2025-06-08_2025-06-17
0.2,2,Core CPI m/m|PPI m/m,Neutral|Good,8,6,2,75.0,25.0,3.0,2019-10-08_2019-10-17|2022-08-03_2022-08-12|2023-04-10_2023-04-19|2023-11-06_2023-11-15|2025-03-10_2025-03-19|2025-04-09_2025-04-18|2025-05-09_2025-05-18|2025-09-06_2025-09-15
0.2,2,Core CPI m/m|PPI m/m,Neutral|Bad,5,5,0,100.0,0.0,inf,2020-06-04_2020-06-13|2021-06-09_2021-06-18|2022-04-05_2022-04-14|2024-03-05_2024-03-14|2025-08-07_2025-08-16
0.2,2,Core CPI m/m|PPI m/m,Bad|Bad,1,1,0,100.0,0.0,inf,2021-07-09_2021-07-18
0.3,2,Core CPI m/m|PPI m/m,Neutral|Neutral,25,22,3,88.0,12.0,7.33,2018-03-07_2018-03-16|2018-08-04_2018-08-13|2019-01-11_2019-01-20|2019-02-10_2019-02-19|2019-03-12_2019-03-21|2019-06-10_2019-06-19|2019-09-08_2019-09-17|2019-11-07_2019-11-16|2019-12-07_2019-12-16|2020-01-06_2020-01-15|2020-09-02_2020-09-11|2020-10-12_2020-10-21|2022-03-06_2022-03-15|2022-04-05_2022-04-14|2022-10-12_2022-10-21|2023-07-09_2023-07-18|2023-10-07_2023-10-16|2023-12-06_2023-12-15|2024-01-05_2024-01-14|2024-03-05_2024-03-14|2024-04-04_2024-04-13|2024-07-03_2024-07-12|2025-02-08_2025-02-17|2025-03-10_2025-03-19|2025-06-08_2025-06-17
0.3,2,Core CPI m/m|PPI m/m,Neutral|Good,7,5,2,71.4,28.6,2.5,2019-10-08_2019-10-17|2022-08-03_2022-08-12|2023-04-10_2023-04-19|2023-11-06_2023-11-15|2025-04-09_2025-04-18|2025-05-09_2025-05-18|2025-09-06_2025-09-15
0.3,2,Core CPI m/m|PPI m/m,Neutral|Bad,3,3,0,100.0,0.0,inf,2020-06-04_2020-06-13|2021-06-09_2021-06-18|2025-08-07_2025-08-16
0.3,2,Core CPI m/m|PPI m/m,Bad|Bad,1,1,0,100.0,0.0,inf,2021-07-09_2021-07-18
0.0,2,Core CPI m/m|Core PPI m/m,Neutral|Neutral,1,1,0,100.0,0.0,inf,2018-03-07_2018-03-16
0.0,2,Core CPI m/m|Core PPI m/m,Neutral|Good,8,6,2,75.0,25.0,3.0,2018-08-04_2018-08-13|2019-01-11_2019-01-20|2019-12-07_2019-12-16|2022-03-06_2022-03-15|2023-04-10_2023-04-19|2023-12-06_2023-12-15|2024-01-05_2024-01-14|2025-09-06_2025-09-15
0.0,2,Core CPI m/m|Core PPI m/m,Neutral|Bad,5,4,1,80.0,20.0,4.0,2019-02-10_2019-02-19|2019-11-07_2019-11-16|2020-10-12_2020-10-21|2023-10-07_2023-10-16|2025-08-07_2025-08-16
0.0,2,Core CPI m/m|Core PPI m/m,Good|Good,10,8,2,80.0,20.0,4.0,2019-03-12_2019-03-21|2019-10-08_2019-10-17|2020-01-06_2020-01-15|2022-08-03_2022-08-12|2023-07-09_2023-07-18|2023-11-06_2023-11-15|2025-03-10_2025-03-19|2025-04-09_2025-04-18|2025-05-09_2025-05-18|2025-06-08_2025-06-17
0.0,2,Core CPI m/m|Core PPI m/m,Good|Neutral,2,2,0,100.0,0.0,inf,2019-06-10_2019-06-19|2020-06-04_2020-06-13
0.0,2,Core CPI m/m|Core PPI m/m,Bad|Bad,5,5,0,100.0,0.0,inf,2019-09-08_2019-09-17|2020-09-02_2020-09-11|2021-06-09_2021-06-18|2021-07-09_2021-07-18|2024-03-05_2024-03-14
0.0,2,Core CPI m/m|Core PPI m/m,Good|Bad,2,2,0,100.0,0.0,inf,2022-04-05_2022-04-14|2024-07-03_2024-07-12
0.0,2,Core CPI m/m|Core PPI m/m,Bad|Neutral,3,3,0,100.0,0.0,inf,2022-10-12_2022-10-21|2024-04-04_2024-04-13|2025-02-08_2025-02-17
0.1,2,Core CPI m/m|Core PPI m/m,Neutral|Neutral,11,11,0,100.0,0.0,inf,2018-03-07_2018-03-16|2018-08-04_2018-08-13|2019-02-10_2019-02-19|2019-03-12_2019-03-21|2019-06-10_2019-06-19|2019-09-08_2019-09-17|2019-11-07_2019-11-16|2020-01-06_2020-01-15|2020-06-04_2020-06-13|2023-07-09_2023-07-18|2023-10-07_2023-10-16
0.1,2,Core CPI m/m|Core PPI m/m,Neutral|Good,11,9,2,81.8,18.2,4.5,2019-01-11_2019-01-20|2019-10-08_2019-10-17|2019-12-07_2019-12-16|2022-03-06_2022-03-15|2023-04-10_2023-04-19|2023-11-06_2023-11-15|2023-12-06_2023-12-15|2024-01-05_2024-01-14|2025-03-10_2025-03-19|2025-05-09_2025-05-18|2025-09-06_2025-09-15
0.1,2,Core CPI m/m|Core PPI m/m,Bad|Bad,3,3,0,100.0,0.0,inf,2020-09-02_2020-09-11|2021-06-09_2021-06-18|2021-07-09_2021-07-18
0.1,2,Core CPI m/m|Core PPI m/m,Neutral|Bad,3,2,1,66.7,33.3,2.0,2020-10-12_2020-10-21|2024-07-03_2024-07-12|2025-08-07_2025-08-16
0.1,2,Core CPI m/m|Core PPI m/m,Good|Bad,1,1,0,100.0,0.0,inf,2022-04-05_2022-04-14
0.1,2,Core CPI m/m|Core PPI m/m,Good|Good,3,1,2,33.3,66.7,0.5,2022-08-03_2022-08-12|2025-04-09_2025-04-18|2025-06-08_2025-06-17
0.1,2,Core CPI m/m|Core PPI m/m,Bad|Neutral,4,4,0,100.0,0.0,inf,2022-10-12_2022-10-21|2024-03-05_2024-03-14|2024-04-04_2024-04-13|2025-02-08_2025-02-17
0.2,2,Core CPI m/m|Core PPI m/m,Neutral|Neutral,23,20,3,87.0,13.0,6.67,2018-03-07_2018-03-16|2018-08-04_2018-08-13|2019-02-10_2019-02-19|2019-03-12_2019-03-21|2019-06-10_2019-06-19|2019-09-08_2019-09-17|2019-11-07_2019-11-16|2020-01-06_2020-01-15|2020-06-04_2020-06-13|2020-09-02_2020-09-11|2020-10-12_2020-10-21|2021-06-09_2021-06-18|2022-08-03_2022-08-12|2022-10-12_2022-10-21|2023-07-09_2023-07-18|2023-10-07_2023-10-16|2023-12-06_2023-12-15|2024-01-05_2024-01-14|2024-03-05_2024-03-14|2024-04-04_2024-04-13|2024-07-03_2024-07-12|2025-02-08_2025-02-17|2025-06-08_2025-06-17
0.2,2,Core CPI m/m|Core PPI m/m,Neutral|Good,10,8,2,80.0,20.0,4.0,2019-01-11_2019-01-20|2019-10-08_2019-10-17|2019-12-07_2019-12-16|2022-03-06_2022-03-15|2023-04-10_2023-04-19|2023-11-06_2023-11-15|2025-03-10_2025-03-19|2025-04-09_2025-04-18|2025-05-09_2025-05-18|2025-09-06_2025-09-15
0.2,2,Core CPI m/m|Core PPI m/m,Bad|Bad,1,1,0,100.0,0.0,inf,2021-07-09_2021-07-18
0.2,2,Core CPI m/m|Core PPI m/m,Neutral|Bad,2,2,0,100.0,0.0,inf,2022-04-05_2022-04-14|2025-08-07_2025-08-16
0.3,2,Core CPI m/m|Core PPI m/m,Neutral|Neutral,24,21,3,87.5,12.5,7.0,2018-03-07_2018-03-16|2018-08-04_2018-08-13|2019-02-10_2019-02-19|2019-03-12_2019-03-21|2019-06-10_2019-06-19|2019-09-08_2019-09-17|2019-11-07_2019-11-16|2020-01-06_2020-01-15|2020-06-04_2020-06-13|2020-09-02_2020-09-11|2020-10-12_2020-10-21|2021-06-09_2021-06-18|2022-08-03_2022-08-12|2022-10-12_2022-10-21|2023-07-09_2023-07-18|2023-10-07_2023-10-16|2023-11-06_2023-11-15|2023-12-06_2023-12-15|2024-01-05_2024-01-14|2024-03-05_2024-03-14|2024-04-04_2024-04-13|2024-07-03_2024-07-12|2025-02-08_2025-02-17|2025-06-08_2025-06-17
0.3,2,Core CPI m/m|Core PPI m/m,Neutral|Good,9,7,2,77.8,22.2,3.5,2019-01-11_2019-01-20|2019-10-08_2019-10-17|2019-12-07_2019-12-16|2022-03-06_2022-03-15|2023-04-10_2023-04-19|2025-03-10_2025-03-19|2025-04-09_2025-04-18|2025-05-09_2025-05-18|2025-09-06_2025-09-15
0.3,2,Core CPI m/m|Core PPI m/m,Bad|Bad,1,1,0,100.0,0.0,inf,2021-07-09_2021-07-18
0.3,2,Core CPI m/m|Core PPI m/m,Neutral|Bad,2,2,0,100.0,0.0,inf,2022-04-05_2022-04-14|2025-08-07_2025-08-16
0.0,2,Core CPI m/m|FOMC,Neutral|Neutral,1,0,1,0.0,100.0,0.0,2023-12-06_2023-12-15
0.1,2,Core CPI m/m|FOMC,Neutral|Neutral,1,0,1,0.0,100.0,0.0,2023-12-06_2023-12-15
0.2,2,Core CPI m/m|FOMC,Neutral|Neutral,1,0,1,0.0,100.0,0.0,2023-12-06_2023-12-15
0.3,2,Core CPI m/m|FOMC,Neutral|Neutral,1,0,1,0.0,100.0,0.0,2023-12-06_2023-12-15
0.0,2,Core CPI m/m|CPI y/y,Neutral|Neutral,8,4,4,50.0,50.0,1.0,2018-03-07_2018-03-16|2018-08-04_2018-08-13|2018-11-12_2018-11-21|2019-01-11_2019-01-20|2020-10-12_2020-10-21|2022-03-06_2022-03-15|2023-12-06_2023-12-15|2025-09-06_2025-09-15
0.0,2,Core CPI m/m|CPI y/y,Neutral|Bad,5,5,0,100.0,0.0,inf,2019-02-10_2019-02-19|2019-11-07_2019-11-16|2019-12-07_2019-12-16|2023-10-07_2023-10-16|2024-01-05_2024-01-14
0.0,2,Core CPI m/m|CPI y/y,Good|Good,13,11,2,84.6,15.4,5.5,2019-03-12_2019-03-21|2019-06-10_2019-06-19|2019-10-08_2019-10-17|2020-06-04_2020-06-13|2022-08-03_2022-08-12|2022-11-01_2022-11-10|2023-07-09_2023-07-18|2023-11-06_2023-11-15|2024-07-03_2024-07-12|2025-03-10_2025-03-19|2025-04-09_2025-04-18|2025-05-09_2025-05-18|2025-06-08_2025-06-17
0.0,2,Core CPI m/m|CPI y/y,Good|Bad,2,1,1,50.0,50.0,1.0,2019-04-01_2019-04-10|2022-04-05_2022-04-14
0.0,2,Core CPI m/m|CPI y/y,Bad|Good,1,1,0,100.0,0.0,inf,2019-09-08_2019-09-17
0.0,2,Core CPI m/m|CPI y/y,Good|Neutral,1,1,0,100.0,0.0,inf,2020-01-06_2020-01-15
0.0,2,Core CPI m/m|CPI y/y,Bad|Neutral,1,1,0,100.0,0.0,inf,2020-07-14_2020-07-23
0.0,2,Core CPI m/m|CPI y/y,Bad|Bad,8,7,1,87.5,12.5,7.0,2020-09-02_2020-09-11|2021-06-09_2021-06-18|2021-07-09_2021-07-18|2022-02-04_2022-02-13|2022-10-12_2022-10-21|2024-03-05_2024-03-14|2024-04-04_2024-04-13|2025-02-08_2025-02-17
0.0,2,Core CPI m/m|CPI y/y,Neutral|Good,2,2,0,100.0,0.0,inf,2023-04-10_2023-04-19|2025-08-07_2025-08-16
0.1,2,Core CPI m/m|CPI y/y,Neutral|Neutral,15,10,5,66.7,33.3,2.0,2018-03-07_2018-03-16|2018-08-04_2018-08-13|2018-11-12_2018-11-21|2019-01-11_2019-01-20|2019-04-01_2019-04-10|2019-06-10_2019-06-19|2020-01-06_2020-01-15|2020-07-14_2020-07-23|2020-10-12_2020-10-21|2022-03-06_2022-03-15|2023-04-10_2023-04-19|2023-11-06_2023-11-15|2023-12-06_2023-12-15|2025-08-07_2025-08-16|2025-09-06_2025-09-15
0.1,2,Core CPI m/m|CPI y/y,Neutral|Bad,6,5,1,83.3,16.7,5.0,2019-02-10_2019-02-19|2019-11-07_2019-11-16|2019-12-07_2019-12-16|2022-02-04_2022-02-13|2023-10-07_2023-10-16|2024-01-05_2024-01-14
0.1,2,Core CPI m/m|CPI y/y,Neutral|Good,8,8,0,100.0,0.0,inf,2019-03-12_2019-03-21|2019-09-08_2019-09-17|2019-10-08_2019-10-17|2020-06-04_2020-06-13|2023-07-09_2023-07-18|2024-07-03_2024-07-12|2025-03-10_2025-03-19|2025-05-09_2025-05-18
0.1,2,Core CPI m/m|CPI y/y,Bad|Bad,6,6,0,100.0,0.0,inf,2020-09-02_2020-09-11|2021-06-09_2021-06-18|2021-07-09_2021-07-18|2024-03-05_2024-03-14|2024-04-04_2024-04-13|2025-02-08_2025-02-17
0.1,2,Core CPI m/m|CPI y/y,Good|Neutral,1,1,0,100.0,0.0,inf,2022-04-05_2022-04-14
0.1,2,Core CPI m/m|CPI y/y,Good|Good,4,2,2,50.0,50.0,1.0,2022-08-03_2022-08-12|2022-11-01_2022-11-10|2025-04-09_2025-04-18|2025-06-08_2025-06-17
0.1,2,Core CPI m/m|CPI y/y,Bad|Neutral,1,1,0,100.0,0.0,inf,2022-10-12_2022-10-21
0.2,2,Core CPI m/m|CPI y/y,Neutral|Neutral,37,30,7,81.1,18.9,4.29,2018-03-07_2018-03-16|2018-08-04_2018-08-13|2018-11-12_2018-11-21|2019-01-11_2019-01-20|2019-02-10_2019-02-19|2019-03-12_2019-03-21|2019-04-01_2019-04-10|2019-06-10_2019-06-19|2019-09-08_2019-09-17|2019-10-08_2019-10-17|2019-11-07_2019-11-16|2019-12-07_2019-12-16|2020-01-06_2020-01-15|2020-06-04_2020-06-13|2020-07-14_2020-07-23|2020-09-02_2020-09-11|2020-10-12_2020-10-21|2022-03-06_2022-03-15|2022-04-05_2022-04-14|2022-08-03_2022-08-12|2022-10-12_2022-10-21|2023-04-10_2023-04-19|2023-07-09_2023-07-18|2023-10-07_2023-10-16|2023-11-06_2023-11-15|2023-12-06_2023-12-15|2024-01-05_2024-01-14|2024-03-05_2024-03-14|2024-04-04_2024-04-13|2024-07-03_2024-07-12|2025-02-08_2025-02-17|2025-03-10_2025-03-19|2025-04-09_2025-04-18|2025-05-09_2025-05-18|2025-06-08_2025-06-17|2025-08-07_2025-08-16|2025-09-06_2025-09-15
0.2,2,Core CPI m/m|CPI y/y,Neutral|Bad,2,1,1,50.0,50.0,1.0,2021-06-09_2021-06-18|2022-02-04_2022-02-13
0.2,2,Core CPI m/m|CPI y/y,Bad|Bad,1,1,0,100.0,0.0,inf,2021-07-09_2021-07-18
0.2,2,Core CPI m/m|CPI y/y,Neutral|Good,1,1,0,100.0,0.0,inf,2022-11-01_2022-11-10
0.3,2,Core CPI m/m|CPI y/y,Neutral|Neutral,40,32,8,80.0,20.0,4.0,2018-03-07_2018-03-16|2018-08-04_2018-08-13|2018-11-12_2018-11-21|2019-01-11_2019-01-20|2019-02-10_2019-02-19|2019-03-12_2019-03-21|2019-04-01_2019-04-10|2019-06-10_2019-06-19|2019-09-08_2019-09-17|2019-10-08_2019-10-17|2019-11-07_2019-11-16|2019-12-07_2019-12-16|2020-01-06_2020-01-15|2020-06-04_2020-06-13|2020-07-14_2020-07-23|2020-09-02_2020-09-11|2020-10-12_2020-10-21|2021-06-09_2021-06-18|2022-02-04_2022-02-13|2022-03-06_2022-03-15|2022-04-05_2022-04-14|2022-08-03_2022-08-12|2022-10-12_2022-10-21|2022-11-01_2022-11-10|2023-04-10_2023-04-19|2023-07-09_2023-07-18|2023-10-07_2023-10-16|2023-11-06_2023-11-15|2023-12-06_2023-12-15|2024-01-05_2024-01-14|2024-03-05_2024-03-14|2024-04-04_2024-04-13|2024-07-03_2024-07-12|2025-02-08_2025-02-17|2025-03-10_2025-03-19|2025-04-09_2025-04-18|2025-05-09_2025-05-18|2025-06-08_2025-06-17|2025-08-07_2025-08-16|2025-09-06_2025-09-15
0.3,2,Core CPI m/m|CPI y/y,Bad|Bad,1,1,0,100.0,0.0,inf,2021-07-09_2021-07-18
0.0,2,PPI m/m|Core PPI m/m,Bad|Neutral,4,4,0,100.0,0.0,inf,2018-03-07_2018-03-16|2020-06-04_2020-06-13|2022-10-12_2022-10-21|2025-02-08_2025-02-17
0.0,2,PPI m/m|Core PPI m/m,Good|Good,21,17,4,81.0,19.0,4.25,2018-08-04_2018-08-13|2018-09-03_2018-09-12|2019-01-11_2019-01-20|2019-03-12_2019-03-21|2019-10-08_2019-10-17|2019-12-07_2019-12-16|2020-01-06_2020-01-15|2020-07-04_2020-07-13|2022-03-06_2022-03-15|2022-08-03_2022-08-12|2022-11-11_2022-11-20|2023-04-10_2023-04-19|2023-07-09_2023-07-18|2023-11-06_2023-11-15|2024-01-05_2024-01-14|2024-06-13_2024-06-22|2025-03-10_2025-03-19|2025-04-09_2025-04-18|2025-05-09_2025-05-18|2025-06-08_2025-06-17|2025-09-06_2025-09-15
0.0,2,PPI m/m|Core PPI m/m,Bad|Bad,15,13,2,86.7,13.3,6.5,2018-11-02_2018-11-11|2019-04-11_2019-04-20|2019-09-08_2019-09-17|2019-11-07_2019-11-16|2020-02-15_2020-02-24|2020-09-02_2020-09-11|2020-10-12_2020-10-21|2021-06-09_2021-06-18|2021-07-09_2021-07-18|2022-04-05_2022-04-14|2022-12-01_2022-12-10|2023-10-07_2023-10-16|2024-03-05_2024-03-14|2024-07-03_2024-07-12|2025-08-07_2025-08-16
0.0,2,PPI m/m|Core PPI m/m,Good|Bad,1,1,0,100.0,0.0,inf,2019-02-10_2019-02-19
0.0,2,PPI m/m|Core PPI m/m,Neutral|Neutral,1,1,0,100.0,0.0,inf,2019-06-10_2019-06-19
0.0,2,PPI m/m|Core PPI m/m,Neutral|Good,3,2,1,66.7,33.3,2.0,2023-12-06_2023-12-15|2025-11-25_2025-12-04|2026-01-14_2026-01-23
0.0,2,PPI m/m|Core PPI m/m,Good|Neutral,1,1,0,100.0,0.0,inf,2024-04-04_2024-04-13
0.1,2,PPI m/m|Core PPI m/m,Neutral|Neutral,8,8,0,100.0,0.0,inf,2018-03-07_2018-03-16|2019-03-12_2019-03-21|2019-06-10_2019-06-19|2019-09-08_2019-09-17|2020-01-06_2020-01-15|2023-07-09_2023-07-18|2024-04-04_2024-04-13|2025-11-25_2025-12-04
0.1,2,PPI m/m|Core PPI m/m,Good|Neutral,2,2,0,100.0,0.0,inf,2018-08-04_2018-08-13|2019-02-10_2019-02-19
0.1,2,PPI m/m|Core PPI m/m,Good|Good,15,12,3,80.0,20.0,4.0,2018-09-03_2018-09-12|2019-10-08_2019-10-17|2019-12-07_2019-12-16|2020-07-04_2020-07-13|2022-03-06_2022-03-15|2022-08-03_2022-08-12|2022-11-11_2022-11-20|2023-04-10_2023-04-19|2023-11-06_2023-11-15|2024-01-05_2024-01-14|2024-06-13_2024-06-22|2025-03-10_2025-03-19|2025-04-09_2025-04-18|2025-05-09_2025-05-18|2025-09-06_2025-09-15
0.1,2,PPI m/m|Core PPI m/m,Bad|Bad,7,6,1,85.7,14.3,6.0,2018-11-02_2018-11-11|2020-02-15_2020-02-24|2020-10-12_2020-10-21|2021-06-09_2021-06-18|2021-07-09_2021-07-18|2022-04-05_2022-04-14|2025-08-07_2025-08-16
0.1,2,PPI m/m|Core PPI m/m,Neutral|Good,4,2,2,50.0,50.0,1.0,2019-01-11_2019-01-20|2023-12-06_2023-12-15|2025-06-08_2025-06-17|2026-01-14_2026-01-23
0.1,2,PPI m/m|Core PPI m/m,Bad|Neutral,7,6,1,85.7,14.3,6.0,2019-04-11_2019-04-20|2019-11-07_2019-11-16|2020-06-04_2020-06-13|2022-10-12_2022-10-21|2023-10-07_2023-10-16|2024-03-05_2024-03-14|2025-02-08_2025-02-17
0.1,2,PPI m/m|Core PPI m/m,Neutral|Bad,3,3,0,100.0,0.0,inf,2020-09-02_2020-09-11|2022-12-01_2022-12-10|2024-07-03_2024-07-12
0.2,2,PPI m/m|Core PPI m/m,Neutral|Neutral,22,20,2,90.9,9.1,10.0,2018-03-07_2018-03-16|2018-08-04_2018-08-13|2019-02-10_2019-02-19|2019-03-12_2019-03-21|2019-06-10_2019-06-19|2019-09-08_2019-09-17|2019-11-07_2019-11-16|2020-01-06_2020-01-15|2020-09-02_2020-09-11|2020-10-12_2020-10-21|2022-10-12_2022-10-21|2022-12-01_2022-12-10|2023-07-09_2023-07-18|2023-10-07_2023-10-16|2023-12-06_2023-12-15|2024-01-05_2024-01-14|2024-04-04_2024-04-13|2024-07-03_2024-07-12|2025-02-08_2025-02-17|2025-06-08_2025-06-17|2025-11-25_2025-12-04|2026-01-14_2026-01-23
0.2,2,PPI m/m|Core PPI m/m,Good|Good,10,9,1,90.0,10.0,9.0,2018-09-03_2018-09-12|2019-10-08_2019-10-17|2020-07-04_2020-07-13|2023-04-10_2023-04-19|2023-11-06_2023-11-15|2024-06-13_2024-06-22|2025-03-10_2025-03-19|2025-04-09_2025-04-18|2025-05-09_2025-05-18|2025-09-06_2025-09-15
0.2,2,PPI m/m|Core PPI m/m,Bad|Bad,5,5,0,100.0,0.0,inf,2018-11-02_2018-11-11|2020-02-15_2020-02-24|2021-07-09_2021-07-18|2022-04-05_2022-04-14|2025-08-07_2025-08-16
0.2,2,PPI m/m|Core PPI m/m,Neutral|Good,4,2,2,50.0,50.0,1.0,2019-01-11_2019-01-20|2019-12-07_2019-12-16|2022-03-06_2022-03-15|2022-11-11_2022-11-20
0.2,2,PPI m/m|Core PPI m/m,Bad|Neutral,4,3,1,75.0,25.0,3.0,2019-04-11_2019-04-20|2020-06-04_2020-06-13|2021-06-09_2021-06-18|2024-03-05_2024-03-14
0.2,2,PPI m/m|Core PPI m/m,Good|Neutral,1,0,1,0.0,100.0,0.0,2022-08-03_2022-08-12
0.3,2,PPI m/m|Core PPI m/m,Neutral|Neutral,25,21,4,84.0,16.0,5.25,2018-03-07_2018-03-16|2018-08-04_2018-08-13|2019-02-10_2019-02-19|2019-03-12_2019-03-21|2019-04-11_2019-04-20|2019-06-10_2019-06-19|2019-09-08_2019-09-17|2019-11-07_2019-11-16|2020-01-06_2020-01-15|2020-09-02_2020-09-11|2020-10-12_2020-10-21|2022-10-12_2022-10-21|2022-11-11_2022-11-20|2022-12-01_2022-12-10|2023-07-09_2023-07-18|2023-10-07_2023-10-16|2023-12-06_2023-12-15|2024-01-05_2024-01-14|2024-03-05_2024-03-14|2024-04-04_2024-04-13|2024-07-03_2024-07-12|2025-02-08_2025-02-17|2025-06-08_2025-06-17|2025-11-25_2025-12-04|2026-01-14_2026-01-23
0.3,2,PPI m/m|Core PPI m/m,Good|Good,7,6,1,85.7,14.3,6.0,2018-09-03_2018-09-12|2019-10-08_2019-10-17|2020-07-04_2020-07-13|2023-04-10_2023-04-19|2025-04-09_2025-04-18|2025-05-09_2025-05-18|2025-09-06_2025-09-15
0.3,2,PPI m/m|Core PPI m/m,Bad|Neutral,4,4,0,100.0,0.0,inf,2018-11-02_2018-11-11|2020-02-15_2020-02-24|2020-06-04_2020-06-13|2021-06-09_2021-06-18
0.3,2,PPI m/m|Core PPI m/m,Neutral|Good,4,3,1,75.0,25.0,3.0,2019-01-11_2019-01-20|2019-12-07_2019-12-16|2022-03-06_2022-03-15|2025-03-10_2025-03-19
0.3,2,PPI m/m|Core PPI m/m,Bad|Bad,2,2,0,100.0,0.0,inf,2021-07-09_2021-07-18|2025-08-07_2025-08-16
0.3,2,PPI m/m|Core PPI m/m,Neutral|Bad,1,1,0,100.0,0.0,inf,2022-04-05_2022-04-14
0.3,2,PPI m/m|Core PPI m/m,Good|Neutral,3,2,1,66.7,33.3,2.0,2022-08-03_2022-08-12|2023-11-06_2023-11-15|2024-06-13_2024-06-22
0.0,2,PPI m/m|FOMC,Neutral|Neutral,1,0,1,0.0,100.0,0.0,2023-12-06_2023-12-15
0.1,2,PPI m/m|FOMC,Neutral|Neutral,1,0,1,0.0,100.0,0.0,2023-12-06_2023-12-15
0.2,2,PPI m/m|FOMC,Neutral|Neutral,1,0,1,0.0,100.0,0.0,2023-12-06_2023-12-15
0.3,2,PPI m/m|FOMC,Neutral|Neutral,1,0,1,0.0,100.0,0.0,2023-12-06_2023-12-15
0.0,2,PPI m/m|CPI y/y,Bad|Neutral,2,1,1,50.0,50.0,1.0,2018-03-07_2018-03-16|2020-10-12_2020-10-21
0.0,2,PPI m/m|CPI y/y,Good|Neutral,5,4,1,80.0,20.0,4.0,2018-08-04_2018-08-13|2019-01-11_2019-01-20|2020-01-06_2020-01-15|2022-03-06_2022-03-15|2025-09-06_2025-09-15
0.0,2,PPI m/m|CPI y/y,Good|Bad,4,4,0,100.0,0.0,inf,2019-02-10_2019-02-19|2019-12-07_2019-12-16|2024-01-05_2024-01-14|2024-04-04_2024-04-13
0.0,2,PPI m/m|CPI y/y,Good|Good,10,8,2,80.0,20.0,4.0,2019-03-12_2019-03-21|2019-10-08_2019-10-17|2022-08-03_2022-08-12|2023-04-10_2023-04-19|2023-07-09_2023-07-18|2023-11-06_2023-11-15|2025-03-10_2025-03-19|2025-04-09_2025-04-18|2025-05-09_2025-05-18|2025-06-08_2025-06-17
0.0,2,PPI m/m|CPI y/y,Neutral|Good,1,1,0,100.0,0.0,inf,2019-06-10_2019-06-19
0.0,2,PPI m/m|CPI y/y,Bad|Good,4,4,0,100.0,0.0,inf,2019-09-08_2019-09-17|2020-06-04_2020-06-13|2024-07-03_2024-07-12|2025-08-07_2025-08-16
0.0,2,PPI m/m|CPI y/y,Bad|Bad,9,9,0,100.0,0.0,inf,2019-11-07_2019-11-16|2020-09-02_2020-09-11|2021-06-09_2021-06-18|2021-07-09_2021-07-18|2022-04-05_2022-04-14|2022-10-12_2022-10-21|2023-10-07_2023-10-16|2024-03-05_2024-03-14|2025-02-08_2025-02-17
0.0,2,PPI m/m|CPI y/y,Neutral|Neutral,1,0,1,0.0,100.0,0.0,2023-12-06_2023-12-15
0.1,2,PPI m/m|CPI y/y,Neutral|Neutral,5,3,2,60.0,40.0,1.5,2018-03-07_2018-03-16|2019-01-11_2019-01-20|2019-06-10_2019-06-19|2020-01-06_2020-01-15|2023-12-06_2023-12-15
0.1,2,PPI m/m|CPI y/y,Good|Neutral,5,5,0,100.0,0.0,inf,2018-08-04_2018-08-13|2022-03-06_2022-03-15|2023-04-10_2023-04-19|2023-11-06_2023-11-15|2025-09-06_2025-09-15
0.1,2,PPI m/m|CPI y/y,Good|Bad,3,3,0,100.0,0.0,inf,2019-02-10_2019-02-19|2019-12-07_2019-12-16|2024-01-05_2024-01-14
0.1,2,PPI m/m|CPI y/y,Neutral|Good,5,5,0,100.0,0.0,inf,2019-03-12_2019-03-21|2019-09-08_2019-09-17|2023-07-09_2023-07-18|2024-07-03_2024-07-12|2025-06-08_2025-06-17
0.1,2,PPI m/m|CPI y/y,Good|Good,5,3,2,60.0,40.0,1.5,2019-10-08_2019-10-17|2022-08-03_2022-08-12|2025-03-10_2025-03-19|2025-04-09_2025-04-18|2025-05-09_2025-05-18
0.1,2,PPI m/m|CPI y/y,Bad|Bad,6,6,0,100.0,0.0,inf,2019-11-07_2019-11-16|2021-06-09_2021-06-18|2021-07-09_2021-07-18|2023-10-07_2023-10-16|2024-03-05_2024-03-14|2025-02-08_2025-02-17
0.1,2,PPI m/m|CPI y/y,Bad|Good,1,1,0,100.0,0.0,inf,2020-06-04_2020-06-13
0.1,2,PPI m/m|CPI y/y,Neutral|Bad,2,2,0,100.0,0.0,inf,2020-09-02_2020-09-11|2024-04-04_2024-04-13
0.1,2,PPI m/m|CPI y/y,Bad|Neutral,4,3,1,75.0,25.0,3.0,2020-10-12_2020-10-21|2022-04-05_2022-04-14|2022-10-12_2022-10-21|2025-08-07_2025-08-16
0.2,2,PPI m/m|CPI y/y,Neutral|Neutral,22,19,3,86.4,13.6,6.33,2018-03-07_2018-03-16|2018-08-04_2018-08-13|2019-01-11_2019-01-20|2019-02-10_2019-02-19|2019-03-12_2019-03-21|2019-06-10_2019-06-19|2019-09-08_2019-09-17|2019-11-07_2019-11-16|2019-12-07_2019-12-16|2020-01-06_2020-01-15|2020-09-02_2020-09-11|2020-10-12_2020-10-21|2022-03-06_2022-03-15|2022-10-12_2022-10-21|2023-07-09_2023-07-18|2023-10-07_2023-10-16|2023-12-06_2023-12-15|2024-01-05_2024-01-14|2024-04-04_2024-04-13|2024-07-03_2024-07-12|2025-02-08_2025-02-17|2025-06-08_2025-06-17
0.2,2,PPI m/m|CPI y/y,Good|Neutral,8,6,2,75.0,25.0,3.0,2019-10-08_2019-10-17|2022-08-03_2022-08-12|2023-04-10_2023-04-19|2023-11-06_2023-11-15|2025-03-10_2025-03-19|2025-04-09_2025-04-18|2025-05-09_2025-05-18|2025-09-06_2025-09-15
0.2,2,PPI m/m|CPI y/y,Bad|Neutral,4,4,0,100.0,0.0,inf,2020-06-04_2020-06-13|2022-04-05_2022-04-14|2024-03-05_2024-03-14|2025-08-07_2025-08-16
0.2,2,PPI m/m|CPI y/y,Bad|Bad,2,2,0,100.0,0.0,inf,2021-06-09_2021-06-18|2021-07-09_2021-07-18
0.3,2,PPI m/m|CPI y/y,Neutral|Neutral,25,22,3,88.0,12.0,7.33,2018-03-07_2018-03-16|2018-08-04_2018-08-13|2019-01-11_2019-01-20|2019-02-10_2019-02-19|2019-03-12_2019-03-21|2019-06-10_2019-06-19|2019-09-08_2019-09-17|2019-11-07_2019-11-16|2019-12-07_2019-12-16|2020-01-06_2020-01-15|2020-09-02_2020-09-11|2020-10-12_2020-10-21|2022-03-06_2022-03-15|2022-04-05_2022-04-14|2022-10-12_2022-10-21|2023-07-09_2023-07-18|2023-10-07_2023-10-16|2023-12-06_2023-12-15|2024-01-05_2024-01-14|2024-03-05_2024-03-14|2024-04-04_2024-04-13|2024-07-03_2024-07-12|2025-02-08_2025-02-17|2025-03-10_2025-03-19|2025-06-08_2025-06-17
0.3,2,PPI m/m|CPI y/y,Good|Neutral,7,5,2,71.4,28.6,2.5,2019-10-08_2019-10-17|2022-08-03_2022-08-12|2023-04-10_2023-04-19|2023-11-06_2023-11-15|2025-04-09_2025-04-18|2025-05-09_2025-05-18|2025-09-06_2025-09-15
0.3,2,PPI m/m|CPI y/y,Bad|Neutral,3,3,0,100.0,0.0,inf,2020-06-04_2020-06-13|2021-06-09_2021-06-18|2025-08-07_2025-08-16
0.3,2,PPI m/m|CPI y/y,Bad|Bad,1,1,0,100.0,0.0,inf,2021-07-09_2021-07-18
0.0,2,Core PPI m/m|FOMC,Good|Neutral,1,0,1,0.0,100.0,0.0,2023-12-06_2023-12-15
0.1,2,Core PPI m/m|FOMC,Good|Neutral,1,0,1,0.0,100.0,0.0,2023-12-06_2023-12-15
0.2,2,Core PPI m/m|FOMC,Neutral|Neutral,1,0,1,0.0,100.0,0.0,2023-12-06_2023-12-15
0.3,2,Core PPI m/m|FOMC,Neutral|Neutral,1,0,1,0.0,100.0,0.0,2023-12-06_2023-12-15
0.0,2,Core PPI m/m|CPI y/y,Neutral|Neutral,1,1,0,100.0,0.0,inf,2018-03-07_2018-03-16
0.0,2,Core PPI m/m|CPI y/y,Good|Neutral,6,4,2,66.7,33.3,2.0,2018-08-04_2018-08-13|2019-01-11_2019-01-20|2020-01-06_2020-01-15|2022-03-06_2022-03-15|2023-12-06_2023-12-15|2025-09-06_2025-09-15
0.0,2,Core PPI m/m|CPI y/y,Bad|Bad,8,8,0,100.0,0.0,inf,2019-02-10_2019-02-19|2019-11-07_2019-11-16|2020-09-02_2020-09-11|2021-06-09_2021-06-18|2021-07-09_2021-07-18|2022-04-05_2022-04-14|2023-10-07_2023-10-16|2024-03-05_2024-03-14
0.0,2,Core PPI m/m|CPI y/y,Good|Good,10,8,2,80.0,20.0,4.0,2019-03-12_2019-03-21|2019-10-08_2019-10-17|2022-08-03_2022-08-12|2023-04-10_2023-04-19|2023-07-09_2023-07-18|2023-11-06_2023-11-15|2025-03-10_2025-03-19|2025-04-09_2025-04-18|2025-05-09_2025-05-18|2025-06-08_2025-06-17
0.0,2,Core PPI m/m|CPI y/y,Neutral|Good,2,2,0,100.0,0.0,inf,2019-06-10_2019-06-19|2020-06-04_2020-06-13
0.0,2,Core PPI m/m|CPI y/y,Bad|Good,3,3,0,100.0,0.0,inf,2019-09-08_2019-09-17|2024-07-03_2024-07-12|2025-08-07_2025-08-16
0.0,2,Core PPI m/m|CPI y/y,Good|Bad,2,2,0,100.0,0.0,inf,2019-12-07_2019-12-16|2024-01-05_2024-01-14
0.0,2,Core PPI m/m|CPI y/y,Bad|Neutral,1,0,1,0.0,100.0,0.0,2020-10-12_2020-10-21
0.0,2,Core PPI m/m|CPI y/y,Neutral|Bad,3,3,0,100.0,0.0,inf,2022-10-12_2022-10-21|2024-04-04_2024-04-13|2025-02-08_2025-02-17
0.1,2,Core PPI m/m|CPI y/y,Neutral|Neutral,5,5,0,100.0,0.0,inf,2018-03-07_2018-03-16|2018-08-04_2018-08-13|2019-06-10_2019-06-19|2020-01-06_2020-01-15|2022-10-12_2022-10-21
0.1,2,Core PPI m/m|CPI y/y,Good|Neutral,6,4,2,66.7,33.3,2.0,2019-01-11_2019-01-20|2022-03-06_2022-03-15|2023-04-10_2023-04-19|2023-11-06_2023-11-15|2023-12-06_2023-12-15|2025-09-06_2025-09-15
0.1,2,Core PPI m/m|CPI y/y,Neutral|Bad,6,6,0,100.0,0.0,inf,2019-02-10_2019-02-19|2019-11-07_2019-11-16|2023-10-07_2023-10-16|2024-03-05_2024-03-14|2024-04-04_2024-04-13|2025-02-08_2025-02-17
0.1,2,Core PPI m/m|CPI y/y,Neutral|Good,4,4,0,100.0,0.0,inf,2019-03-12_2019-03-21|2019-09-08_2019-09-17|2020-06-04_2020-06-13|2023-07-09_2023-07-18
0.1,2,Core PPI m/m|CPI y/y,Good|Good,6,4,2,66.7,33.3,2.0,2019-10-08_2019-10-17|2022-08-03_2022-08-12|2025-03-10_2025-03-19|2025-04-09_2025-04-18|2025-05-09_2025-05-18|2025-06-08_2025-06-17
0.1,2,Core PPI m/m|CPI y/y,Good|Bad,2,2,0,100.0,0.0,inf,2019-12-07_2019-12-16|2024-01-05_2024-01-14
0.1,2,Core PPI m/m|CPI y/y,Bad|Bad,3,3,0,100.0,0.0,inf,2020-09-02_2020-09-11|2021-06-09_2021-06-18|2021-07-09_2021-07-18
0.1,2,Core PPI m/m|CPI y/y,Bad|Neutral,3,2,1,66.7,33.3,2.0,2020-10-12_2020-10-21|2022-04-05_2022-04-14|2025-08-07_2025-08-16
0.1,2,Core PPI m/m|CPI y/y,Bad|Good,1,1,0,100.0,0.0,inf,2024-07-03_2024-07-12
0.2,2,Core PPI m/m|CPI y/y,Neutral|Neutral,22,19,3,86.4,13.6,6.33,2018-03-07_2018-03-16|2018-08-04_2018-08-13|2019-02-10_2019-02-19|2019-03-12_2019-03-21|2019-06-10_2019-06-19|2019-09-08_2019-09-17|2019-11-07_2019-11-16|2020-01-06_2020-01-15|2020-06-04_2020-06-13|2020-09-02_2020-09-11|2020-10-12_2020-10-21|2022-08-03_2022-08-12|2022-10-12_2022-10-21|2023-07-09_2023-07-18|2023-10-07_2023-10-16|2023-12-06_2023-12-15|2024-01-05_2024-01-14|2024-03-05_2024-03-14|2024-04-04_2024-04-13|2024-07-03_2024-07-12|2025-02-08_2025-02-17|2025-06-08_2025-06-17
0.2,2,Core PPI m/m|CPI y/y,Good|Neutral,10,8,2,80.0,20.0,4.0,2019-01-11_2019-01-20|2019-10-08_2019-10-17|2019-12-07_2019-12-16|2022-03-06_2022-03-15|2023-04-10_2023-04-19|2023-11-06_2023-11-15|2025-03-10_2025-03-19|2025-04-09_2025-04-18|2025-05-09_2025-05-18|2025-09-06_2025-09-15
0.2,2,Core PPI m/m|CPI y/y,Neutral|Bad,1,1,0,100.0,0.0,inf,2021-06-09_2021-06-18
0.2,2,Core PPI m/m|CPI y/y,Bad|Bad,1,1,0,100.0,0.0,inf,2021-07-09_2021-07-18
0.2,2,Core PPI m/m|CPI y/y,Bad|Neutral,2,2,0,100.0,0.0,inf,2022-04-05_2022-04-14|2025-08-07_2025-08-16
0.3,2,Core PPI m/m|CPI y/y,Neutral|Neutral,24,21,3,87.5,12.5,7.0,2018-03-07_2018-03-16|2018-08-04_2018-08-13|2019-02-10_2019-02-19|2019-03-12_2019-03-21|2019-06-10_2019-06-19|2019-09-08_2019-09-17|2019-11-07_2019-11-16|2020-01-06_2020-01-15|2020-06-04_2020-06-13|2020-09-02_2020-09-11|2020-10-12_2020-10-21|2021-06-09_2021-06-18|2022-08-03_2022-08-12|2022-10-12_2022-10-21|2023-07-09_2023-07-18|2023-10-07_2023-10-16|2023-11-06_2023-11-15|2023-12-06_2023-12-15|2024-01-05_2024-01-14|2024-03-05_2024-03-14|2024-04-04_2024-04-13|2024-07-03_2024-07-12|2025-02-08_2025-02-17|2025-06-08_2025-06-17
0.3,2,Core PPI m/m|CPI y/y,Good|Neutral,9,7,2,77.8,22.2,3.5,2019-01-11_2019-01-20|2019-10-08_2019-10-17|2019-12-07_2019-12-16|2022-03-06_2022-03-15|2023-04-10_2023-04-19|2025-03-10_2025-03-19|2025-04-09_2025-04-18|2025-05-09_2025-05-18|2025-09-06_2025-09-15
0.3,2,Core PPI m/m|CPI y/y,Bad|Bad,1,1,0,100.0,0.0,inf,2021-07-09_2021-07-18
0.3,2,Core PPI m/m|CPI y/y,Bad|Neutral,2,2,0,100.0,0.0,inf,2022-04-05_2022-04-14|2025-08-07_2025-08-16
0.0,2,FOMC|CPI y/y,Neutral|Neutral,1,0,1,0.0,100.0,0.0,2023-12-06_2023-12-15
0.1,2,FOMC|CPI y/y,Neutral|Neutral,1,0,1,0.0,100.0,0.0,2023-12-06_2023-12-15
0.2,2,FOMC|CPI y/y,Neutral|Neutral,1,0,1,0.0,100.0,0.0,2023-12-06_2023-12-15
0.3,2,FOMC|CPI y/y,Neutral|Neutral,1,0,1,0.0,100.0,0.0,2023-12-06_2023-12-15
0.0,3,CPI m/m|Core CPI m/m|PPI m/m,Neutral|Neutral|Bad,3,2,1,66.7,33.3,2.0,2018-03-07_2018-03-16|2020-10-12_2020-10-21|2025-08-07_2025-08-16
0.0,3,CPI m/m|Core CPI m/m|PPI m/m,Neutral|Neutral|Good,3,2,1,66.7,33.3,2.0,2018-08-04_2018-08-13|2019-01-11_2019-01-20|2022-03-06_2022-03-15
0.0,3,CPI m/m|Core CPI m/m|PPI m/m,Good|Neutral|Good,2,2,0,100.0,0.0,inf,2019-02-10_2019-02-19|2023-04-10_2023-04-19
0.0,3,CPI m/m|Core CPI m/m|PPI m/m,Neutral|Good|Good,2,2,0,100.0,0.0,inf,2019-03-12_2019-03-21|2020-01-06_2020-01-15
0.0,3,CPI m/m|Core CPI m/m|PPI m/m,Neutral|Good|Neutral,1,1,0,100.0,0.0,inf,2019-06-10_2019-06-19
0.0,3,CPI m/m|Core CPI m/m|PPI m/m,Neutral|Bad|Bad,2,2,0,100.0,0.0,inf,2019-09-08_2019-09-17|2024-03-05_2024-03-14
0.0,3,CPI m/m|Core CPI m/m|PPI m/m,Good|Good|Good,8,6,2,75.0,25.0,3.0,2019-10-08_2019-10-17|2022-08-03_2022-08-12|2023-07-09_2023-07-18|2023-11-06_2023-11-15|2025-03-10_2025-03-19|2025-04-09_2025-04-18|2025-05-09_2025-05-18|2025-06-08_2025-06-17
0.0,3,CPI m/m|Core CPI m/m|PPI m/m,Bad|Neutral|Bad,2,2,0,100.0,0.0,inf,2019-11-07_2019-11-16|2023-10-07_2023-10-16
0.0,3,CPI m/m|Core CPI m/m|PPI m/m,Bad|Neutral|Good,3,3,0,100.0,0.0,inf,2019-12-07_2019-12-16|2024-01-05_2024-01-14|2025-09-06_2025-09-15
0.0,3,CPI m/m|Core CPI m/m|PPI m/m,Good|Good|Bad,2,2,0,100.0,0.0,inf,2020-06-04_2020-06-13|2024-07-03_2024-07-12
0.0,3,CPI m/m|Core CPI m/m|PPI m/m,Bad|Bad|Bad,5,5,0,100.0,0.0,inf,2020-09-02_2020-09-11|2021-06-09_2021-06-18|2021-07-09_2021-07-18|2022-10-12_2022-10-21|2025-02-08_2025-02-17
0.0,3,CPI m/m|Core CPI m/m|PPI m/m,Neutral|Good|Bad,1,1,0,100.0,0.0,inf,2022-04-05_2022-04-14
0.0,3,CPI m/m|Core CPI m/m|PPI m/m,Bad|Neutral|Neutral,1,0,1,0.0,100.0,0.0,2023-12-06_2023-12-15
0.0,3,CPI m/m|Core CPI m/m|PPI m/m,Bad|Bad|Good,1,1,0,100.0,0.0,inf,2024-04-04_2024-04-13
0.1,3,CPI m/m|Core CPI m/m|PPI m/m,Neutral|Neutral|Neutral,8,6,2,75.0,25.0,3.0,2018-03-07_2018-03-16|2019-01-11_2019-01-20|2019-03-12_2019-03-21|2019-06-10_2019-06-19|2019-09-08_2019-09-17|2020-01-06_2020-01-15|2023-07-09_2023-07-18|2023-12-06_2023-12-15
0.1,3,CPI m/m|Core CPI m/m|PPI m/m,Neutral|Neutral|Good,10,10,0,100.0,0.0,inf,2018-08-04_2018-08-13|2019-02-10_2019-02-19|2019-10-08_2019-10-17|2019-12-07_2019-12-16|2022-03-06_2022-03-15|2023-04-10_2023-04-19|2023-11-06_2023-11-15|2024-01-05_2024-01-14|2025-03-10_2025-03-19|2025-05-09_2025-05-18
0.1,3,CPI m/m|Core CPI m/m|PPI m/m,Bad|Neutral|Bad,2,2,0,100.0,0.0,inf,2019-11-07_2019-11-16|2023-10-07_2023-10-16
0.1,3,CPI m/m|Core CPI m/m|PPI m/m,Neutral|Neutral|Bad,3,2,1,66.7,33.3,2.0,2020-06-04_2020-06-13|2020-10-12_2020-10-21|2025-08-07_2025-08-16
0.1,3,CPI m/m|Core CPI m/m|PPI m/m,Bad|Bad|Neutral,2,2,0,100.0,0.0,inf,2020-09-02_2020-09-11|2024-04-04_2024-04-13
0.1,3,CPI m/m|Core CPI m/m|PPI m/m,Bad|Bad|Bad,4,4,0,100.0,0.0,inf,2021-06-09_2021-06-18|2021-07-09_2021-07-18|2022-10-12_2022-10-21|2025-02-08_2025-02-17
0.1,3,CPI m/m|Core CPI m/m|PPI m/m,Neutral|Good|Bad,1,1,0,100.0,0.0,inf,2022-04-05_2022-04-14
0.1,3,CPI m/m|Core CPI m/m|PPI m/m,Good|Good|Good,2,0,2,0.0,100.0,0.0,2022-08-03_2022-08-12|2025-04-09_2025-04-18
0.1,3,CPI m/m|Core CPI m/m|PPI m/m,Neutral|Bad|Bad,1,1,0,100.0,0.0,inf,2024-03-05_2024-03-14
0.1,3,CPI m/m|Core CPI m/m|PPI m/m,Good|Neutral|Neutral,1,1,0,100.0,0.0,inf,2024-07-03_2024-07-12
0.1,3,CPI m/m|Core CPI m/m|PPI m/m,Neutral|Good|Neutral,1,1,0,100.0,0.0,inf,2025-06-08_2025-06-17
0.1,3,CPI m/m|Core CPI m/m|PPI m/m,Bad|Neutral|Good,1,1,0,100.0,0.0,inf,2025-09-06_2025-09-15
0.2,3,CPI m/m|Core CPI m/m|PPI m/m,Neutral|Neutral|Neutral,22,19,3,86.4,13.6,6.33,2018-03-07_2018-03-16|2018-08-04_2018-08-13|2019-01-11_2019-01-20|2019-02-10_2019-02-19|2019-03-12_2019-03-21|2019-06-10_2019-06-19|2019-09-08_2019-09-17|2019-11-07_2019-11-16|2019-12-07_2019-12-16|2020-01-06_2020-01-15|2020-09-02_2020-09-11|2020-10-12_2020-10-21|2022-03-06_2022-03-15|2022-10-12_2022-10-21|2023-07-09_2023-07-18|2023-10-07_2023-10-16|2023-12-06_2023-12-15|2024-01-05_2024-01-14|2024-04-04_2024-04-13|2024-07-03_2024-07-12|2025-02-08_2025-02-17|2025-06-08_2025-06-17
0.2,3,CPI m/m|Core CPI m/m|PPI m/m,Neutral|Neutral|Good,8,6,2,75.0,25.0,3.0,2019-10-08_2019-10-17|2022-08-03_2022-08-12|2023-04-10_2023-04-19|2023-11-06_2023-11-15|2025-03-10_2025-03-19|2025-04-09_2025-04-18|2025-05-09_2025-05-18|2025-09-06_2025-09-15
0.2,3,CPI m/m|Core CPI m/m|PPI m/m,Neutral|Neutral|Bad,5,5,0,100.0,0.0,inf,2020-06-04_2020-06-13|2021-06-09_2021-06-18|2022-04-05_2022-04-14|2024-03-05_2024-03-14|2025-08-07_2025-08-16
0.2,3,CPI m/m|Core CPI m/m|PPI m/m,Bad|Bad|Bad,1,1,0,100.0,0.0,inf,2021-07-09_2021-07-18
0.3,3,CPI m/m|Core CPI m/m|PPI m/m,Neutral|Neutral|Neutral,25,22,3,88.0,12.0,7.33,2018-03-07_2018-03-16|2018-08-04_2018-08-13|2019-01-11_2019-01-20|2019-02-10_2019-02-19|2019-03-12_2019-03-21|2019-06-10_2019-06-19|2019-09-08_2019-09-17|2019-11-07_2019-11-16|2019-12-07_2019-12-16|2020-01-06_2020-01-15|2020-09-02_2020-09-11|2020-10-12_2020-10-21|2022-03-06_2022-03-15|2022-04-05_2022-04-14|2022-10-12_2022-10-21|2023-07-09_2023-07-18|2023-10-07_2023-10-16|2023-12-06_2023-12-15|2024-01-05_2024-01-14|2024-03-05_2024-03-14|2024-04-04_2024-04-13|2024-07-03_2024-07-12|2025-02-08_2025-02-17|2025-03-10_2025-03-19|2025-06-08_2025-06-17
0.3,3,CPI m/m|Core CPI m/m|PPI m/m,Neutral|Neutral|Good,7,5,2,71.4,28.6,2.5,2019-10-08_2019-10-17|2022-08-03_2022-08-12|2023-04-10_2023-04-19|2023-11-06_2023-11-15|2025-04-09_2025-04-18|2025-05-09_2025-05-18|2025-09-06_2025-09-15
0.3,3,CPI m/m|Core CPI m/m|PPI m/m,Neutral|Neutral|Bad,3,3,0,100.0,0.0,inf,2020-06-04_2020-06-13|2021-06-09_2021-06-18|2025-08-07_2025-08-16
0.3,3,CPI m/m|Core CPI m/m|PPI m/m,Bad|Bad|Bad,1,1,0,100.0,0.0,inf,2021-07-09_2021-07-18
0.0,3,CPI m/m|Core CPI m/m|Core PPI m/m,Neutral|Neutral|Neutral,1,1,0,100.0,0.0,inf,2018-03-07_2018-03-16
0.0,3,CPI m/m|Core CPI m/m|Core PPI m/m,Neutral|Neutral|Good,3,2,1,66.7,33.3,2.0,2018-08-04_2018-08-13|2019-01-11_2019-01-20|2022-03-06_2022-03-15
0.0,3,CPI m/m|Core CPI m/m|Core PPI m/m,Good|Neutral|Bad,1,1,0,100.0,0.0,inf,2019-02-10_2019-02-19
0.0,3,CPI m/m|Core CPI m/m|Core PPI m/m,Neutral|Good|Good,2,2,0,100.0,0.0,inf,2019-03-12_2019-03-21|2020-01-06_2020-01-15
0.0,3,CPI m/m|Core CPI m/m|Core PPI m/m,Neutral|Good|Neutral,1,1,0,100.0,0.0,inf,2019-06-10_2019-06-19
0.0,3,CPI m/m|Core CPI m/m|Core PPI m/m,Neutral|Bad|Bad,2,2,0,100.0,0.0,inf,2019-09-08_2019-09-17|2024-03-05_2024-03-14
0.0,3,CPI m/m|Core CPI m/m|Core PPI m/m,Good|Good|Good,8,6,2,75.0,25.0,3.0,2019-10-08_2019-10-17|2022-08-03_2022-08-12|2023-07-09_2023-07-18|2023-11-06_2023-11-15|2025-03-10_2025-03-19|2025-04-09_2025-04-18|2025-05-09_2025-05-18|2025-06-08_2025-06-17
0.0,3,CPI m/m|Core CPI m/m|Core PPI m/m,Bad|Neutral|Bad,2,2,0,100.0,0.0,inf,2019-11-07_2019-11-16|2023-10-07_2023-10-16
0.0,3,CPI m/m|Core CPI m/m|Core PPI m/m,Bad|Neutral|Good,4,3,1,75.0,25.0,3.0,2019-12-07_2019-12-16|2023-12-06_2023-12-15|2024-01-05_2024-01-14|2025-09-06_2025-09-15
0.0,3,CPI m/m|Core CPI m/m|Core PPI m/m,Good|Good|Neutral,1,1,0,100.0,0.0,inf,2020-06-04_2020-06-13
0.0,3,CPI m/m|Core CPI m/m|Core PPI m/m,Bad|Bad|Bad,3,3,0,100.0,0.0,inf,2020-09-02_2020-09-11|2021-06-09_2021-06-18|2021-07-09_2021-07-18
0.0,3,CPI m/m|Core CPI m/m|Core PPI m/m,Neutral|Neutral|Bad,2,1,1,50.0,50.0,1.0,2020-10-12_2020-10-21|2025-08-07_2025-08-16
0.0,3,CPI m/m|Core CPI m/m|Core PPI m/m,Neutral|Good|Bad,1,1,0,100.0,0.0,inf,2022-04-05_2022-04-14
0.0,3,CPI m/m|Core CPI m/m|Core PPI m/m,Bad|Bad|Neutral,3,3,0,100.0,0.0,inf,2022-10-12_2022-10-21|2024-04-04_2024-04-13|2025-02-08_2025-02-17
0.0,3,CPI m/m|Core CPI m/m|Core PPI m/m,Good|Neutral|Good,1,1,0,100.0,0.0,inf,2023-04-10_2023-04-19
0.0,3,CPI m/m|Core CPI m/m|Core PPI m/m,Good|Good|Bad,1,1,0,100.0,0.0,inf,2024-07-03_2024-07-12
0.1,3,CPI m/m|Core CPI m/m|Core PPI m/m,Neutral|Neutral|Neutral,9,9,0,100.0,0.0,inf,2018-03-07_2018-03-16|2018-08-04_2018-08-13|2019-02-10_2019-02-19|2019-03-12_2019-03-21|2019-06-10_2019-06-19|2019-09-08_2019-09-17|2020-01-06_2020-01-15|2020-06-04_2020-06-13|2023-07-09_2023-07-18
0.1,3,CPI m/m|Core CPI m/m|Core PPI m/m,Neutral|Neutral|Good,10,8,2,80.0,20.0,4.0,2019-01-11_2019-01-20|2019-10-08_2019-10-17|2019-12-07_2019-12-16|2022-03-06_2022-03-15|2023-04-10_2023-04-19|2023-11-06_2023-11-15|2023-12-06_2023-12-15|2024-01-05_2024-01-14|2025-03-10_2025-03-19|2025-05-09_2025-05-18
0.1,3,CPI m/m|Core CPI m/m|Core PPI m/m,Bad|Neutral|Neutral,2,2,0,100.0,0.0,inf,2019-11-07_2019-11-16|2023-10-07_2023-10-16
0.1,3,CPI m/m|Core CPI m/m|Core PPI m/m,Bad|Bad|Bad,3,3,0,100.0,0.0,inf,2020-09-02_2020-09-11|2021-06-09_2021-06-18|2021-07-09_2021-07-18
0.1,3,CPI m/m|Core CPI m/m|Core PPI m/m,Neutral|Neutral|Bad,2,1,1,50.0,50.0,1.0,2020-10-12_2020-10-21|2025-08-07_2025-08-16
0.1,3,CPI m/m|Core CPI m/m|Core PPI m/m,Neutral|Good|Bad,1,1,0,100.0,0.0,inf,2022-04-05_2022-04-14
0.1,3,CPI m/m|Core CPI m/m|Core PPI m/m,Good|Good|Good,2,0,2,0.0,100.0,0.0,2022-08-03_2022-08-12|2025-04-09_2025-04-18
0.1,3,CPI m/m|Core CPI m/m|Core PPI m/m,Bad|Bad|Neutral,3,3,0,100.0,0.0,inf,2022-10-12_2022-10-21|2024-04-04_2024-04-13|2025-02-08_2025-02-17
0.1,3,CPI m/m|Core CPI m/m|Core PPI m/m,Neutral|Bad|Neutral,1,1,0,100.0,0.0,inf,2024-03-05_2024-03-14
0.1,3,CPI m/m|Core CPI m/m|Core PPI m/m,Good|Neutral|Bad,1,1,0,100.0,0.0,inf,2024-07-03_2024-07-12
0.1,3,CPI m/m|Core CPI m/m|Core PPI m/m,Neutral|Good|Good,1,1,0,100.0,0.0,inf,2025-06-08_2025-06-17
0.1,3,CPI m/m|Core CPI m/m|Core PPI m/m,Bad|Neutral|Good,1,1,0,100.0,0.0,inf,2025-09-06_2025-09-15
0.2,3,CPI m/m|Core CPI m/m|Core PPI m/m,Neutral|Neutral|Neutral,23,20,3,87.0,13.0,6.67,2018-03-07_2018-03-16|2018-08-04_2018-08-13|2019-02-10_2019-02-19|2019-03-12_2019-03-21|2019-06-10_2019-06-19|2019-09-08_2019-09-17|2019-11-07_2019-11-16|2020-01-06_2020-01-15|2020-06-04_2020-06-13|2020-09-02_2020-09-11|2020-10-12_2020-10-21|2021-06-09_2021-06-18|2022-08-03_2022-08-12|2022-10-12_2022-10-21|2023-07-09_2023-07-18|2023-10-07_2023-10-16|2023-12-06_2023-12-15|2024-01-05_2024-01-14|2024-03-05_2024-03-14|2024-04-04_2024-04-13|2024-07-03_2024-07-12|2025-02-08_2025-02-17|2025-06-08_2025-06-17
0.2,3,CPI m/m|Core CPI m/m|Core PPI m/m,Neutral|Neutral|Good,10,8,2,80.0,20.0,4.0,2019-01-11_2019-01-20|2019-10-08_2019-10-17|2019-12-07_2019-12-16|2022-03-06_2022-03-15|2023-04-10_2023-04-19|2023-11-06_2023-11-15|2025-03-10_2025-03-19|2025-04-09_2025-04-18|2025-05-09_2025-05-18|2025-09-06_2025-09-15
0.2,3,CPI m/m|Core CPI m/m|Core PPI m/m,Bad|Bad|Bad,1,1,0,100.0,0.0,inf,2021-07-09_2021-07-18
0.2,3,CPI m/m|Core CPI m/m|Core PPI m/m,Neutral|Neutral|Bad,2,2,0,100.0,0.0,inf,2022-04-05_2022-04-14|2025-08-07_2025-08-16
0.3,3,CPI m/m|Core CPI m/m|Core PPI m/m,Neutral|Neutral|Neutral,24,21,3,87.5,12.5,7.0,2018-03-07_2018-03-16|2018-08-04_2018-08-13|2019-02-10_2019-02-19|2019-03-12_2019-03-21|2019-06-10_2019-06-19|2019-09-08_2019-09-17|2019-11-07_2019-11-16|2020-01-06_2020-01-15|2020-06-04_2020-06-13|2020-09-02_2020-09-11|2020-10-12_2020-10-21|2021-06-09_2021-06-18|2022-08-03_2022-08-12|2022-10-12_2022-10-21|2023-07-09_2023-07-18|2023-10-07_2023-10-16|2023-11-06_2023-11-15|2023-12-06_2023-12-15|2024-01-05_2024-01-14|2024-03-05_2024-03-14|2024-04-04_2024-04-13|2024-07-03_2024-07-12|2025-02-08_2025-02-17|2025-06-08_2025-06-17
0.3,3,CPI m/m|Core CPI m/m|Core PPI m/m,Neutral|Neutral|Good,9,7,2,77.8,22.2,3.5,2019-01-11_2019-01-20|2019-10-08_2019-10-17|2019-12-07_2019-12-16|2022-03-06_2022-03-15|2023-04-10_2023-04-19|2025-03-10_2025-03-19|2025-04-09_2025-04-18|2025-05-09_2025-05-18|2025-09-06_2025-09-15
0.3,3,CPI m/m|Core CPI m/m|Core PPI m/m,Bad|Bad|Bad,1,1,0,100.0,0.0,inf,2021-07-09_2021-07-18
0.3,3,CPI m/m|Core CPI m/m|Core PPI m/m,Neutral|Neutral|Bad,2,2,0,100.0,0.0,inf,2022-04-05_2022-04-14|2025-08-07_2025-08-16
0.0,3,CPI m/m|Core CPI m/m|FOMC,Bad|Neutral|Neutral,1,0,1,0.0,100.0,0.0,2023-12-06_2023-12-15
0.1,3,CPI m/m|Core CPI m/m|FOMC,Neutral|Neutral|Neutral,1,0,1,0.0,100.0,0.0,2023-12-06_2023-12-15
0.2,3,CPI m/m|Core CPI m/m|FOMC,Neutral|Neutral|Neutral,1,0,1,0.0,100.0,0.0,2023-12-06_2023-12-15
0.3,3,CPI m/m|Core CPI m/m|FOMC,Neutral|Neutral|Neutral,1,0,1,0.0,100.0,0.0,2023-12-06_2023-12-15
0.0,3,CPI m/m|Core CPI m/m|CPI y/y,Neutral|Neutral|Neutral,6,3,3,50.0,50.0,1.0,2018-03-07_2018-03-16|2018-08-04_2018-08-13|2018-11-12_2018-11-21|2019-01-11_2019-01-20|2020-10-12_2020-10-21|2022-03-06_2022-03-15
0.0,3,CPI m/m|Core CPI m/m|CPI y/y,Good|Neutral|Bad,1,1,0,100.0,0.0,inf,2019-02-10_2019-02-19
0.0,3,CPI m/m|Core CPI m/m|CPI y/y,Neutral|Good|Good,2,2,0,100.0,0.0,inf,2019-03-12_2019-03-21|2019-06-10_2019-06-19
0.0,3,CPI m/m|Core CPI m/m|CPI y/y,Bad|Good|Bad,1,0,1,0.0,100.0,0.0,2019-04-01_2019-04-10
0.0,3,CPI m/m|Core CPI m/m|CPI y/y,Neutral|Bad|Good,1,1,0,100.0,0.0,inf,2019-09-08_2019-09-17
0.0,3,CPI m/m|Core CPI m/m|CPI y/y,Good|Good|Good,11,9,2,81.8,18.2,4.5,2019-10-08_2019-10-17|2020-06-04_2020-06-13|2022-08-03_2022-08-12|2022-11-01_2022-11-10|2023-07-09_2023-07-18|2023-11-06_2023-11-15|2024-07-03_2024-07-12|2025-03-10_2025-03-19|2025-04-09_2025-04-18|2025-05-09_2025-05-18|2025-06-08_2025-06-17
0.0,3,CPI m/m|Core CPI m/m|CPI y/y,Bad|Neutral|Bad,4,4,0,100.0,0.0,inf,2019-11-07_2019-11-16|2019-12-07_2019-12-16|2023-10-07_2023-10-16|2024-01-05_2024-01-14
0.0,3,CPI m/m|Core CPI m/m|CPI y/y,Neutral|Good|Neutral,1,1,0,100.0,0.0,inf,2020-01-06_2020-01-15
0.0,3,CPI m/m|Core CPI m/m|CPI y/y,Bad|Bad|Neutral,1,1,0,100.0,0.0,inf,2020-07-14_2020-07-23
0.0,3,CPI m/m|Core CPI m/m|CPI y/y,Bad|Bad|Bad,7,6,1,85.7,14.3,6.0,2020-09-02_2020-09-11|2021-06-09_2021-06-18|2021-07-09_2021-07-18|2022-02-04_2022-02-13|2022-10-12_2022-10-21|2024-04-04_2024-04-13|2025-02-08_2025-02-17
0.0,3,CPI m/m|Core CPI m/m|CPI y/y,Neutral|Good|Bad,1,1,0,100.0,0.0,inf,2022-04-05_2022-04-14
0.0,3,CPI m/m|Core CPI m/m|CPI y/y,Good|Neutral|Good,1,1,0,100.0,0.0,inf,2023-04-10_2023-04-19
0.0,3,CPI m/m|Core CPI m/m|CPI y/y,Bad|Neutral|Neutral,2,1,1,50.0,50.0,1.0,2023-12-06_2023-12-15|2025-09-06_2025-09-15
0.0,3,CPI m/m|Core CPI m/m|CPI y/y,Neutral|Bad|Bad,1,1,0,100.0,0.0,inf,2024-03-05_2024-03-14
0.0,3,CPI m/m|Core CPI m/m|CPI y/y,Neutral|Neutral|Good,1,1,0,100.0,0.0,inf,2025-08-07_2025-08-16
0.1,3,CPI m/m|Core CPI m/m|CPI y/y,Neutral|Neutral|Neutral,13,9,4,69.2,30.8,2.25,2018-03-07_2018-03-16|2018-08-04_2018-08-13|2018-11-12_2018-11-21|2019-01-11_2019-01-20|2019-06-10_2019-06-19|2020-01-06_2020-01-15|2020-07-14_2020-07-23|2020-10-12_2020-10-21|2022-03-06_2022-03-15|2023-04-10_2023-04-19|2023-11-06_2023-11-15|2023-12-06_2023-12-15|2025-08-07_2025-08-16
0.1,3,CPI m/m|Core CPI m/m|CPI y/y,Neutral|Neutral|Bad,3,3,0,100.0,0.0,inf,2019-02-10_2019-02-19|2019-12-07_2019-12-16|2024-01-05_2024-01-14
0.1,3,CPI m/m|Core CPI m/m|CPI y/y,Neutral|Neutral|Good,7,7,0,100.0,0.0,inf,2019-03-12_2019-03-21|2019-09-08_2019-09-17|2019-10-08_2019-10-17|2020-06-04_2020-06-13|2023-07-09_2023-07-18|2025-03-10_2025-03-19|2025-05-09_2025-05-18
0.1,3,CPI m/m|Core CPI m/m|CPI y/y,Bad|Neutral|Neutral,2,1,1,50.0,50.0,1.0,2019-04-01_2019-04-10|2025-09-06_2025-09-15
0.1,3,CPI m/m|Core CPI m/m|CPI y/y,Bad|Neutral|Bad,3,2,1,66.7,33.3,2.0,2019-11-07_2019-11-16|2022-02-04_2022-02-13|2023-10-07_2023-10-16
0.1,3,CPI m/m|Core CPI m/m|CPI y/y,Bad|Bad|Bad,5,5,0,100.0,0.0,inf,2020-09-02_2020-09-11|2021-06-09_2021-06-18|2021-07-09_2021-07-18|2024-04-04_2024-04-13|2025-02-08_2025-02-17
0.1,3,CPI m/m|Core CPI m/m|CPI y/y,Neutral|Good|Neutral,1,1,0,100.0,0.0,inf,2022-04-05_2022-04-14
0.1,3,CPI m/m|Core CPI m/m|CPI y/y,Good|Good|Good,3,1,2,33.3,66.7,0.5,2022-08-03_2022-08-12|2022-11-01_2022-11-10|2025-04-09_2025-04-18
0.1,3,CPI m/m|Core CPI m/m|CPI y/y,Bad|Bad|Neutral,1,1,0,100.0,0.0,inf,2022-10-12_2022-10-21
0.1,3,CPI m/m|Core CPI m/m|CPI y/y,Neutral|Bad|Bad,1,1,0,100.0,0.0,inf,2024-03-05_2024-03-14
0.1,3,CPI m/m|Core CPI m/m|CPI y/y,Good|Neutral|Good,1,1,0,100.0,0.0,inf,2024-07-03_2024-07-12
0.1,3,CPI m/m|Core CPI m/m|CPI y/y,Neutral|Good|Good,1,1,0,100.0,0.0,inf,2025-06-08_2025-06-17
0.2,3,CPI m/m|Core CPI m/m|CPI y/y,Neutral|Neutral|Neutral,37,30,7,81.1,18.9,4.29,2018-03-07_2018-03-16|2018-08-04_2018-08-13|2018-11-12_2018-11-21|2019-01-11_2019-01-20|2019-02-10_2019-02-19|2019-03-12_2019-03-21|2019-04-01_2019-04-10|2019-06-10_2019-06-19|2019-09-08_2019-09-17|2019-10-08_2019-10-17|2019-11-07_2019-11-16|2019-12-07_2019-12-16|2020-01-06_2020-01-15|2020-06-04_2020-06-13|2020-07-14_2020-07-23|2020-09-02_2020-09-11|2020-10-12_2020-10-21|2022-03-06_2022-03-15|2022-04-05_2022-04-14|2022-08-03_2022-08-12|2022-10-12_2022-10-21|2023-04-10_2023-04-19|2023-07-09_2023-07-18|2023-10-07_2023-10-16|2023-11-06_2023-11-15|2023-12-06_2023-12-15|2024-01-05_2024-01-14|2024-03-05_2024-03-14|2024-04-04_2024-04-13|2024-07-03_2024-07-12|2025-02-08_2025-02-17|2025-03-10_2025-03-19|2025-04-09_2025-04-18|2025-05-09_2025-05-18|2025-06-08_2025-06-17|2025-08-07_2025-08-16|2025-09-06_2025-09-15
0.2,3,CPI m/m|Core CPI m/m|CPI y/y,Neutral|Neutral|Bad,2,1,1,50.0,50.0,1.0,2021-06-09_2021-06-18|2022-02-04_2022-02-13
0.2,3,CPI m/m|Core CPI m/m|CPI y/y,Bad|Bad|Bad,1,1,0,100.0,0.0,inf,2021-07-09_2021-07-18
0.2,3,CPI m/m|Core CPI m/m|CPI y/y,Neutral|Neutral|Good,1,1,0,100.0,0.0,inf,2022-11-01_2022-11-10
0.3,3,CPI m/m|Core CPI m/m|CPI y/y,Neutral|Neutral|Neutral,40,32,8,80.0,20.0,4.0,2018-03-07_2018-03-16|2018-08-04_2018-08-13|2018-11-12_2018-11-21|2019-01-11_2019-01-20|2019-02-10_2019-02-19|2019-03-12_2019-03-21|2019-04-01_2019-04-10|2019-06-10_2019-06-19|2019-09-08_2019-09-17|2019-10-08_2019-10-17|2019-11-07_2019-11-16|2019-12-07_2019-12-16|2020-01-06_2020-01-15|2020-06-04_2020-06-13|2020-07-14_2020-07-23|2020-09-02_2020-09-11|2020-10-12_2020-10-21|2021-06-09_2021-06-18|2022-02-04_2022-02-13|2022-03-06_2022-03-15|2022-04-05_2022-04-14|2022-08-03_2022-08-12|2022-10-12_2022-10-21|2022-11-01_2022-11-10|2023-04-10_2023-04-19|2023-07-09_2023-07-18|2023-10-07_2023-10-16|2023-11-06_2023-11-15|2023-12-06_2023-12-15|2024-01-05_2024-01-14|2024-03-05_2024-03-14|2024-04-04_2024-04-13|2024-07-03_2024-07-12|2025-02-08_2025-02-17|2025-03-10_2025-03-19|2025-04-09_2025-04-18|2025-05-09_2025-05-18|2025-06-08_2025-06-17|2025-08-07_2025-08-16|2025-09-06_2025-09-15
0.3,3,CPI m/m|Core CPI m/m|CPI y/y,Bad|Bad|Bad,1,1,0,100.0,0.0,inf,2021-07-09_2021-07-18
0.0,3,CPI m/m|PPI m/m|Core PPI m/m,Neutral|Bad|Neutral,1,1,0,100.0,0.0,inf,2018-03-07_2018-03-16
0.0,3,CPI m/m|PPI m/m|Core PPI m/m,Neutral|Good|Good,5,4,1,80.0,20.0,4.0,2018-08-04_2018-08-13|2019-01-11_2019-01-20|2019-03-12_2019-03-21|2020-01-06_2020-01-15|2022-03-06_2022-03-15
0.0,3,CPI m/m|PPI m/m|Core PPI m/m,Good|Good|Bad,1,1,0,100.0,0.0,inf,2019-02-10_2019-02-19
0.0,3,CPI m/m|PPI m/m|Core PPI m/m,Neutral|Neutral|Neutral,1,1,0,100.0,0.0,inf,2019-06-10_2019-06-19
0.0,3,CPI m/m|PPI m/m|Core PPI m/m,Neutral|Bad|Bad,5,4,1,80.0,20.0,4.0,2019-09-08_2019-09-17|2020-10-12_2020-10-21|2022-04-05_2022-04-14|2024-03-05_2024-03-14|2025-08-07_2025-08-16
0.0,3,CPI m/m|PPI m/m|Core PPI m/m,Good|Good|Good,9,7,2,77.8,22.2,3.5,2019-10-08_2019-10-17|2022-08-03_2022-08-12|2023-04-10_2023-04-19|2023-07-09_2023-07-18|2023-11-06_2023-11-15|2025-03-10_2025-03-19|2025-04-09_2025-04-18|2025-05-09_2025-05-18|2025-06-08_2025-06-17
0.0,3,CPI m/m|PPI m/m|Core PPI m/m,Bad|Bad|Bad,5,5,0,100.0,0.0,inf,2019-11-07_2019-11-16|2020-09-02_2020-09-11|2021-06-09_2021-06-18|2021-07-09_2021-07-18|2023-10-07_2023-10-16
0.0,3,CPI m/m|PPI m/m|Core PPI m/m,Bad|Good|Good,3,3,0,100.0,0.0,inf,2019-12-07_2019-12-16|2024-01-05_2024-01-14|2025-09-06_2025-09-15
0.0,3,CPI m/m|PPI m/m|Core PPI m/m,Good|Bad|Neutral,1,1,0,100.0,0.0,inf,2020-06-04_2020-06-13
0.0,3,CPI m/m|PPI m/m|Core PPI m/m,Bad|Bad|Neutral,2,2,0,100.0,0.0,inf,2022-10-12_2022-10-21|2025-02-08_2025-02-17
0.0,3,CPI m/m|PPI m/m|Core PPI m/m,Bad|Neutral|Good,1,0,1,0.0,100.0,0.0,2023-12-06_2023-12-15
0.0,3,CPI m/m|PPI m/m|Core PPI m/m,Bad|Good|Neutral,1,1,0,100.0,0.0,inf,2024-04-04_2024-04-13
0.0,3,CPI m/m|PPI m/m|Core PPI m/m,Good|Bad|Bad,1,1,0,100.0,0.0,inf,2024-07-03_2024-07-12
0.1,3,CPI m/m|PPI m/m|Core PPI m/m,Neutral|Neutral|Neutral,6,6,0,100.0,0.0,inf,2018-03-07_2018-03-16|2019-03-12_2019-03-21|2019-06-10_2019-06-19|2019-09-08_2019-09-17|2020-01-06_2020-01-15|2023-07-09_2023-07-18
0.1,3,CPI m/m|PPI m/m|Core PPI m/m,Neutral|Good|Neutral,2,2,0,100.0,0.0,inf,2018-08-04_2018-08-13|2019-02-10_2019-02-19
0.1,3,CPI m/m|PPI m/m|Core PPI m/m,Neutral|Neutral|Good,3,1,2,33.3,66.7,0.5,2019-01-11_2019-01-20|2023-12-06_2023-12-15|2025-06-08_2025-06-17
0.1,3,CPI m/m|PPI m/m|Core PPI m/m,Neutral|Good|Good,8,8,0,100.0,0.0,inf,2019-10-08_2019-10-17|2019-12-07_2019-12-16|2022-03-06_2022-03-15|2023-04-10_2023-04-19|2023-11-06_2023-11-15|2024-01-05_2024-01-14|2025-03-10_2025-03-19|2025-05-09_2025-05-18
0.1,3,CPI m/m|PPI m/m|Core PPI m/m,Bad|Bad|Neutral,4,4,0,100.0,0.0,inf,2019-11-07_2019-11-16|2022-10-12_2022-10-21|2023-10-07_2023-10-16|2025-02-08_2025-02-17
0.1,3,CPI m/m|PPI m/m|Core PPI m/m,Neutral|Bad|Neutral,2,2,0,100.0,0.0,inf,2020-06-04_2020-06-13|2024-03-05_2024-03-14
0.1,3,CPI m/m|PPI m/m|Core PPI m/m,Bad|Neutral|Bad,1,1,0,100.0,0.0,inf,2020-09-02_2020-09-11
0.1,3,CPI m/m|PPI m/m|Core PPI m/m,Neutral|Bad|Bad,3,2,1,66.7,33.3,2.0,2020-10-12_2020-10-21|2022-04-05_2022-04-14|2025-08-07_2025-08-16
0.1,3,CPI m/m|PPI m/m|Core PPI m/m,Bad|Bad|Bad,2,2,0,100.0,0.0,inf,2021-06-09_2021-06-18|2021-07-09_2021-07-18
0.1,3,CPI m/m|PPI m/m|Core PPI m/m,Good|Good|Good,2,0,2,0.0,100.0,0.0,2022-08-03_2022-08-12|2025-04-09_2025-04-18
0.1,3,CPI m/m|PPI m/m|Core PPI m/m,Bad|Neutral|Neutral,1,1,0,100.0,0.0,inf,2024-04-04_2024-04-13
0.1,3,CPI m/m|PPI m/m|Core PPI m/m,Good|Neutral|Bad,1,1,0,100.0,0.0,inf,2024-07-03_2024-07-12
0.1,3,CPI m/m|PPI m/m|Core PPI m/m,Bad|Good|Good,1,1,0,100.0,0.0,inf,2025-09-06_2025-09-15
0.2,3,CPI m/m|PPI m/m|Core PPI m/m,Neutral|Neutral|Neutral,19,17,2,89.5,10.5,8.5,2018-03-07_2018-03-16|2018-08-04_2018-08-13|2019-02-10_2019-02-19|2019-03-12_2019-03-21|2019-06-10_2019-06-19|2019-09-08_2019-09-17|2019-11-07_2019-11-16|2020-01-06_2020-01-15|2020-09-02_2020-09-11|2020-10-12_2020-10-21|2022-10-12_2022-10-21|2023-07-09_2023-07-18|2023-10-07_2023-10-16|2023-12-06_2023-12-15|2024-01-05_2024-01-14|2024-04-04_2024-04-13|2024-07-03_2024-07-12|2025-02-08_2025-02-17|2025-06-08_2025-06-17
0.2,3,CPI m/m|PPI m/m|Core PPI m/m,Neutral|Neutral|Good,3,2,1,66.7,33.3,2.0,2019-01-11_2019-01-20|2019-12-07_2019-12-16|2022-03-06_2022-03-15
0.2,3,CPI m/m|PPI m/m|Core PPI m/m,Neutral|Good|Good,7,6,1,85.7,14.3,6.0,2019-10-08_2019-10-17|2023-04-10_2023-04-19|2023-11-06_2023-11-15|2025-03-10_2025-03-19|2025-04-09_2025-04-18|2025-05-09_2025-05-18|2025-09-06_2025-09-15
0.2,3,CPI m/m|PPI m/m|Core PPI m/m,Neutral|Bad|Neutral,3,3,0,100.0,0.0,inf,2020-06-04_2020-06-13|2021-06-09_2021-06-18|2024-03-05_2024-03-14
0.2,3,CPI m/m|PPI m/m|Core PPI m/m,Bad|Bad|Bad,1,1,0,100.0,0.0,inf,2021-07-09_2021-07-18
0.2,3,CPI m/m|PPI m/m|Core PPI m/m,Neutral|Bad|Bad,2,2,0,100.0,0.0,inf,2022-04-05_2022-04-14|2025-08-07_2025-08-16
0.2,3,CPI m/m|PPI m/m|Core PPI m/m,Neutral|Good|Neutral,1,0,1,0.0,100.0,0.0,2022-08-03_2022-08-12
0.3,3,CPI m/m|PPI m/m|Core PPI m/m,Neutral|Neutral|Neutral,20,18,2,90.0,10.0,9.0,2018-03-07_2018-03-16|2018-08-04_2018-08-13|2019-02-10_2019-02-19|2019-03-12_2019-03-21|2019-06-10_2019-06-19|2019-09-08_2019-09-17|2019-11-07_2019-11-16|2020-01-06_2020-01-15|2020-09-02_2020-09-11|2020-10-12_2020-10-21|2022-10-12_2022-10-21|2023-07-09_2023-07-18|2023-10-07_2023-10-16|2023-12-06_2023-12-15|2024-01-05_2024-01-14|2024-03-05_2024-03-14|2024-04-04_2024-04-13|2024-07-03_2024-07-12|2025-02-08_2025-02-17|2025-06-08_2025-06-17
0.3,3,CPI m/m|PPI m/m|Core PPI m/m,Neutral|Neutral|Good,4,3,1,75.0,25.0,3.0,2019-01-11_2019-01-20|2019-12-07_2019-12-16|2022-03-06_2022-03-15|2025-03-10_2025-03-19
0.3,3,CPI m/m|PPI m/m|Core PPI m/m,Neutral|Good|Good,5,4,1,80.0,20.0,4.0,2019-10-08_2019-10-17|2023-04-10_2023-04-19|2025-04-09_2025-04-18|2025-05-09_2025-05-18|2025-09-06_2025-09-15
0.3,3,CPI m/m|PPI m/m|Core PPI m/m,Neutral|Bad|Neutral,2,2,0,100.0,0.0,inf,2020-06-04_2020-06-13|2021-06-09_2021-06-18
0.3,3,CPI m/m|PPI m/m|Core PPI m/m,Bad|Bad|Bad,1,1,0,100.0,0.0,inf,2021-07-09_2021-07-18
0.3,3,CPI m/m|PPI m/m|Core PPI m/m,Neutral|Neutral|Bad,1,1,0,100.0,0.0,inf,2022-04-05_2022-04-14
0.3,3,CPI m/m|PPI m/m|Core PPI m/m,Neutral|Good|Neutral,2,1,1,50.0,50.0,1.0,2022-08-03_2022-08-12|2023-11-06_2023-11-15
0.3,3,CPI m/m|PPI m/m|Core PPI m/m,Neutral|Bad|Bad,1,1,0,100.0,0.0,inf,2025-08-07_2025-08-16
0.0,3,CPI m/m|PPI m/m|FOMC,Bad|Neutral|Neutral,1,0,1,0.0,100.0,0.0,2023-12-06_2023-12-15
0.1,3,CPI m/m|PPI m/m|FOMC,Neutral|Neutral|Neutral,1,0,1,0.0,100.0,0.0,2023-12-06_2023-12-15
0.2,3,CPI m/m|PPI m/m|FOMC,Neutral|Neutral|Neutral,1,0,1,0.0,100.0,0.0,2023-12-06_2023-12-15
0.3,3,CPI m/m|PPI m/m|FOMC,Neutral|Neutral|Neutral,1,0,1,0.0,100.0,0.0,2023-12-06_2023-12-15
0.0,3,CPI m/m|PPI m/m|CPI y/y,Neutral|Bad|Neutral,2,1,1,50.0,50.0,1.0,2018-03-07_2018-03-16|2020-10-12_2020-10-21
0.0,3,CPI m/m|PPI m/m|CPI y/y,Neutral|Good|Neutral,4,3,1,75.0,25.0,3.0,2018-08-04_2018-08-13|2019-01-11_2019-01-20|2020-01-06_2020-01-15|2022-03-06_2022-03-15
0.0,3,CPI m/m|PPI m/m|CPI y/y,Good|Good|Bad,1,1,0,100.0,0.0,inf,2019-02-10_2019-02-19
0.0,3,CPI m/m|PPI m/m|CPI y/y,Neutral|Good|Good,1,1,0,100.0,0.0,inf,2019-03-12_2019-03-21
0.0,3,CPI m/m|PPI m/m|CPI y/y,Neutral|Neutral|Good,1,1,0,100.0,0.0,inf,2019-06-10_2019-06-19
0.0,3,CPI m/m|PPI m/m|CPI y/y,Neutral|Bad|Good,2,2,0,100.0,0.0,inf,2019-09-08_2019-09-17|2025-08-07_2025-08-16
0.0,3,CPI m/m|PPI m/m|CPI y/y,Good|Good|Good,9,7,2,77.8,22.2,3.5,2019-10-08_2019-10-17|2022-08-03_2022-08-12|2023-04-10_2023-04-19|2023-07-09_2023-07-18|2023-11-06_2023-11-15|2025-03-10_2025-03-19|2025-04-09_2025-04-18|2025-05-09_2025-05-18|2025-06-08_2025-06-17
0.0,3,CPI m/m|PPI m/m|CPI y/y,Bad|Bad|Bad,7,7,0,100.0,0.0,inf,2019-11-07_2019-11-16|2020-09-02_2020-09-11|2021-06-09_2021-06-18|2021-07-09_2021-07-18|2022-10-12_2022-10-21|2023-10-07_2023-10-16|2025-02-08_2025-02-17
0.0,3,CPI m/m|PPI m/m|CPI y/y,Bad|Good|Bad,3,3,0,100.0,0.0,inf,2019-12-07_2019-12-16|2024-01-05_2024-01-14|2024-04-04_2024-04-13
0.0,3,CPI m/m|PPI m/m|CPI y/y,Good|Bad|Good,2,2,0,100.0,0.0,inf,2020-06-04_2020-06-13|2024-07-03_2024-07-12
0.0,3,CPI m/m|PPI m/m|CPI y/y,Neutral|Bad|Bad,2,2,0,100.0,0.0,inf,2022-04-05_2022-04-14|2024-03-05_2024-03-14
0.0,3,CPI m/m|PPI m/m|CPI y/y,Bad|Neutral|Neutral,1,0,1,0.0,100.0,0.0,2023-12-06_2023-12-15
0.0,3,CPI m/m|PPI m/m|CPI y/y,Bad|Good|Neutral,1,1,0,100.0,0.0,inf,2025-09-06_2025-09-15
0.1,3,CPI m/m|PPI m/m|CPI y/y,Neutral|Neutral|Neutral,5,3,2,60.0,40.0,1.5,2018-03-07_2018-03-16|2019-01-11_2019-01-20|2019-06-10_2019-06-19|2020-01-06_2020-01-15|2023-12-06_2023-12-15
0.1,3,CPI m/m|PPI m/m|CPI y/y,Neutral|Good|Neutral,4,4,0,100.0,0.0,inf,2018-08-04_2018-08-13|2022-03-06_2022-03-15|2023-04-10_2023-04-19|2023-11-06_2023-11-15
0.1,3,CPI m/m|PPI m/m|CPI y/y,Neutral|Good|Bad,3,3,0,100.0,0.0,inf,2019-02-10_2019-02-19|2019-12-07_2019-12-16|2024-01-05_2024-01-14
0.1,3,CPI m/m|PPI m/m|CPI y/y,Neutral|Neutral|Good,4,4,0,100.0,0.0,inf,2019-03-12_2019-03-21|2019-09-08_2019-09-17|2023-07-09_2023-07-18|2025-06-08_2025-06-17
0.1,3,CPI m/m|PPI m/m|CPI y/y,Neutral|Good|Good,3,3,0,100.0,0.0,inf,2019-10-08_2019-10-17|2025-03-10_2025-03-19|2025-05-09_2025-05-18
0.1,3,CPI m/m|PPI m/m|CPI y/y,Bad|Bad|Bad,5,5,0,100.0,0.0,inf,2019-11-07_2019-11-16|2021-06-09_2021-06-18|2021-07-09_2021-07-18|2023-10-07_2023-10-16|2025-02-08_2025-02-17
0.1,3,CPI m/m|PPI m/m|CPI y/y,Neutral|Bad|Good,1,1,0,100.0,0.0,inf,2020-06-04_2020-06-13
0.1,3,CPI m/m|PPI m/m|CPI y/y,Bad|Neutral|Bad,2,2,0,100.0,0.0,inf,2020-09-02_2020-09-11|2024-04-04_2024-04-13
0.1,3,CPI m/m|PPI m/m|CPI y/y,Neutral|Bad|Neutral,3,2,1,66.7,33.3,2.0,2020-10-12_2020-10-21|2022-04-05_2022-04-14|2025-08-07_2025-08-16
0.1,3,CPI m/m|PPI m/m|CPI y/y,Good|Good|Good,2,0,2,0.0,100.0,0.0,2022-08-03_2022-08-12|2025-04-09_2025-04-18
0.1,3,CPI m/m|PPI m/m|CPI y/y,Bad|Bad|Neutral,1,1,0,100.0,0.0,inf,2022-10-12_2022-10-21
0.1,3,CPI m/m|PPI m/m|CPI y/y,Neutral|Bad|Bad,1,1,0,100.0,0.0,inf,2024-03-05_2024-03-14
0.1,3,CPI m/m|PPI m/m|CPI y/y,Good|Neutral|Good,1,1,0,100.0,0.0,inf,2024-07-03_2024-07-12
0.1,3,CPI m/m|PPI m/m|CPI y/y,Bad|Good|Neutral,1,1,0,100.0,0.0,inf,2025-09-06_2025-09-15
0.2,3,CPI m/m|PPI m/m|CPI y/y,Neutral|Neutral|Neutral,22,19,3,86.4,13.6,6.33,2018-03-07_2018-03-16|2018-08-04_2018-08-13|2019-01-11_2019-01-20|2019-02-10_2019-02-19|2019-03-12_2019-03-21|2019-06-10_2019-06-19|2019-09-08_2019-09-17|2019-11-07_2019-11-16|2019-12-07_2019-12-16|2020-01-06_2020-01-15|2020-09-02_2020-09-11|2020-10-12_2020-10-21|2022-03-06_2022-03-15|2022-10-12_2022-10-21|2023-07-09_2023-07-18|2023-10-07_2023-10-16|2023-12-06_2023-12-15|2024-01-05_2024-01-14|2024-04-04_2024-04-13|2024-07-03_2024-07-12|2025-02-08_2025-02-17|2025-06-08_2025-06-17
0.2,3,CPI m/m|PPI m/m|CPI y/y,Neutral|Good|Neutral,8,6,2,75.0,25.0,3.0,2019-10-08_2019-10-17|2022-08-03_2022-08-12|2023-04-10_2023-04-19|2023-11-06_2023-11-15|2025-03-10_2025-03-19|2025-04-09_2025-04-18|2025-05-09_2025-05-18|2025-09-06_2025-09-15
0.2,3,CPI m/m|PPI m/m|CPI y/y,Neutral|Bad|Neutral,4,4,0,100.0,0.0,inf,2020-06-04_2020-06-13|2022-04-05_2022-04-14|2024-03-05_2024-03-14|2025-08-07_2025-08-16
0.2,3,CPI m/m|PPI m/m|CPI y/y,Neutral|Bad|Bad,1,1,0,100.0,0.0,inf,2021-06-09_2021-06-18
0.2,3,CPI m/m|PPI m/m|CPI y/y,Bad|Bad|Bad,1,1,0,100.0,0.0,inf,2021-07-09_2021-07-18
0.3,3,CPI m/m|PPI m/m|CPI y/y,Neutral|Neutral|Neutral,25,22,3,88.0,12.0,7.33,2018-03-07_2018-03-16|2018-08-04_2018-08-13|2019-01-11_2019-01-20|2019-02-10_2019-02-19|2019-03-12_2019-03-21|2019-06-10_2019-06-19|2019-09-08_2019-09-17|2019-11-07_2019-11-16|2019-12-07_2019-12-16|2020-01-06_2020-01-15|2020-09-02_2020-09-11|2020-10-12_2020-10-21|2022-03-06_2022-03-15|2022-04-05_2022-04-14|2022-10-12_2022-10-21|2023-07-09_2023-07-18|2023-10-07_2023-10-16|2023-12-06_2023-12-15|2024-01-05_2024-01-14|2024-03-05_2024-03-14|2024-04-04_2024-04-13|2024-07-03_2024-07-12|2025-02-08_2025-02-17|2025-03-10_2025-03-19|2025-06-08_2025-06-17
0.3,3,CPI m/m|PPI m/m|CPI y/y,Neutral|Good|Neutral,7,5,2,71.4,28.6,2.5,2019-10-08_2019-10-17|2022-08-03_2022-08-12|2023-04-10_2023-04-19|2023-11-06_2023-11-15|2025-04-09_2025-04-18|2025-05-09_2025-05-18|2025-09-06_2025-09-15
0.3,3,CPI m/m|PPI m/m|CPI y/y,Neutral|Bad|Neutral,3,3,0,100.0,0.0,inf,2020-06-04_2020-06-13|2021-06-09_2021-06-18|2025-08-07_2025-08-16
0.3,3,CPI m/m|PPI m/m|CPI y/y,Bad|Bad|Bad,1,1,0,100.0,0.0,inf,2021-07-09_2021-07-18
0.0,3,CPI m/m|Core PPI m/m|FOMC,Bad|Good|Neutral,1,0,1,0.0,100.0,0.0,2023-12-06_2023-12-15
0.1,3,CPI m/m|Core PPI m/m|FOMC,Neutral|Good|Neutral,1,0,1,0.0,100.0,0.0,2023-12-06_2023-12-15
0.2,3,CPI m/m|Core PPI m/m|FOMC,Neutral|Neutral|Neutral,1,0,1,0.0,100.0,0.0,2023-12-06_2023-12-15
0.3,3,CPI m/m|Core PPI m/m|FOMC,Neutral|Neutral|Neutral,1,0,1,0.0,100.0,0.0,2023-12-06_2023-12-15
0.0,3,CPI m/m|Core PPI m/m|CPI y/y,Neutral|Neutral|Neutral,1,1,0,100.0,0.0,inf,2018-03-07_2018-03-16
0.0,3,CPI m/m|Core PPI m/m|CPI y/y,Neutral|Good|Neutral,4,3,1,75.0,25.0,3.0,2018-08-04_2018-08-13|2019-01-11_2019-01-20|2020-01-06_2020-01-15|2022-03-06_2022-03-15
0.0,3,CPI m/m|Core PPI m/m|CPI y/y,Good|Bad|Bad,1,1,0,100.0,0.0,inf,2019-02-10_2019-02-19
0.0,3,CPI m/m|Core PPI m/m|CPI y/y,Neutral|Good|Good,1,1,0,100.0,0.0,inf,2019-03-12_2019-03-21
0.0,3,CPI m/m|Core PPI m/m|CPI y/y,Neutral|Neutral|Good,1,1,0,100.0,0.0,inf,2019-06-10_2019-06-19
0.0,3,CPI m/m|Core PPI m/m|CPI y/y,Neutral|Bad|Good,2,2,0,100.0,0.0,inf,2019-09-08_2019-09-17|2025-08-07_2025-08-16
0.0,3,CPI m/m|Core PPI m/m|CPI y/y,Good|Good|Good,9,7,2,77.8,22.2,3.5,2019-10-08_2019-10-17|2022-08-03_2022-08-12|2023-04-10_2023-04-19|2023-07-09_2023-07-18|2023-11-06_2023-11-15|2025-03-10_2025-03-19|2025-04-09_2025-04-18|2025-05-09_2025-05-18|2025-06-08_2025-06-17
0.0,3,CPI m/m|Core PPI m/m|CPI y/y,Bad|Bad|Bad,5,5,0,100.0,0.0,inf,2019-11-07_2019-11-16|2020-09-02_2020-09-11|2021-06-09_2021-06-18|2021-07-09_2021-07-18|2023-10-07_2023-10-16
0.0,3,CPI m/m|Core PPI m/m|CPI y/y,Bad|Good|Bad,2,2,0,100.0,0.0,inf,2019-12-07_2019-12-16|2024-01-05_2024-01-14
0.0,3,CPI m/m|Core PPI m/m|CPI y/y,Good|Neutral|Good,1,1,0,100.0,0.0,inf,2020-06-04_2020-06-13
0.0,3,CPI m/m|Core PPI m/m|CPI y/y,Neutral|Bad|Neutral,1,0,1,0.0,100.0,0.0,2020-10-12_2020-10-21
0.0,3,CPI m/m|Core PPI m/m|CPI y/y,Neutral|Bad|Bad,2,2,0,100.0,0.0,inf,2022-04-05_2022-04-14|2024-03-05_2024-03-14
0.0,3,CPI m/m|Core PPI m/m|CPI y/y,Bad|Neutral|Bad,3,3,0,100.0,0.0,inf,2022-10-12_2022-10-21|2024-04-04_2024-04-13|2025-02-08_2025-02-17
0.0,3,CPI m/m|Core PPI m/m|CPI y/y,Bad|Good|Neutral,2,1,1,50.0,50.0,1.0,2023-12-06_2023-12-15|2025-09-06_2025-09-15
0.0,3,CPI m/m|Core PPI m/m|CPI y/y,Good|Bad|Good,1,1,0,100.0,0.0,inf,2024-07-03_2024-07-12
0.1,3,CPI m/m|Core PPI m/m|CPI y/y,Neutral|Neutral|Neutral,4,4,0,100.0,0.0,inf,2018-03-07_2018-03-16|2018-08-04_2018-08-13|2019-06-10_2019-06-19|2020-01-06_2020-01-15
0.1,3,CPI m/m|Core PPI m/m|CPI y/y,Neutral|Good|Neutral,5,3,2,60.0,40.0,1.5,2019-01-11_2019-01-20|2022-03-06_2022-03-15|2023-04-10_2023-04-19|2023-11-06_2023-11-15|2023-12-06_2023-12-15
0.1,3,CPI m/m|Core PPI m/m|CPI y/y,Neutral|Neutral|Bad,2,2,0,100.0,0.0,inf,2019-02-10_2019-02-19|2024-03-05_2024-03-14
0.1,3,CPI m/m|Core PPI m/m|CPI y/y,Neutral|Neutral|Good,4,4,0,100.0,0.0,inf,2019-03-12_2019-03-21|2019-09-08_2019-09-17|2020-06-04_2020-06-13|2023-07-09_2023-07-18
0.1,3,CPI m/m|Core PPI m/m|CPI y/y,Neutral|Good|Good,4,4,0,100.0,0.0,inf,2019-10-08_2019-10-17|2025-03-10_2025-03-19|2025-05-09_2025-05-18|2025-06-08_2025-06-17
0.1,3,CPI m/m|Core PPI m/m|CPI y/y,Bad|Neutral|Bad,4,4,0,100.0,0.0,inf,2019-11-07_2019-11-16|2023-10-07_2023-10-16|2024-04-04_2024-04-13|2025-02-08_2025-02-17
0.1,3,CPI m/m|Core PPI m/m|CPI y/y,Neutral|Good|Bad,2,2,0,100.0,0.0,inf,2019-12-07_2019-12-16|2024-01-05_2024-01-14
0.1,3,CPI m/m|Core PPI m/m|CPI y/y,Bad|Bad|Bad,3,3,0,100.0,0.0,inf,2020-09-02_2020-09-11|2021-06-09_2021-06-18|2021-07-09_2021-07-18
0.1,3,CPI m/m|Core PPI m/m|CPI y/y,Neutral|Bad|Neutral,3,2,1,66.7,33.3,2.0,2020-10-12_2020-10-21|2022-04-05_2022-04-14|2025-08-07_2025-08-16
0.1,3,CPI m/m|Core PPI m/m|CPI y/y,Good|Good|Good,2,0,2,0.0,100.0,0.0,2022-08-03_2022-08-12|2025-04-09_2025-04-18
0.1,3,CPI m/m|Core PPI m/m|CPI y/y,Bad|Neutral|Neutral,1,1,0,100.0,0.0,inf,2022-10-12_2022-10-21
0.1,3,CPI m/m|Core PPI m/m|CPI y/y,Good|Bad|Good,1,1,0,100.0,0.0,inf,2024-07-03_2024-07-12
0.1,3,CPI m/m|Core PPI m/m|CPI y/y,Bad|Good|Neutral,1,1,0,100.0,0.0,inf,2025-09-06_2025-09-15
0.2,3,CPI m/m|Core PPI m/m|CPI y/y,Neutral|Neutral|Neutral,22,19,3,86.4,13.6,6.33,2018-03-07_2018-03-16|2018-08-04_2018-08-13|2019-02-10_2019-02-19|2019-03-12_2019-03-21|2019-06-10_2019-06-19|2019-09-08_2019-09-17|2019-11-07_2019-11-16|2020-01-06_2020-01-15|2020-06-04_2020-06-13|2020-09-02_2020-09-11|2020-10-12_2020-10-21|2022-08-03_2022-08-12|2022-10-12_2022-10-21|2023-07-09_2023-07-18|2023-10-07_2023-10-16|2023-12-06_2023-12-15|2024-01-05_2024-01-14|2024-03-05_2024-03-14|2024-04-04_2024-04-13|2024-07-03_2024-07-12|2025-02-08_2025-02-17|2025-06-08_2025-06-17
0.2,3,CPI m/m|Core PPI m/m|CPI y/y,Neutral|Good|Neutral,10,8,2,80.0,20.0,4.0,2019-01-11_2019-01-20|2019-10-08_2019-10-17|2019-12-07_2019-12-16|2022-03-06_2022-03-15|2023-04-10_2023-04-19|2023-11-06_2023-11-15|2025-03-10_2025-03-19|2025-04-09_2025-04-18|2025-05-09_2025-05-18|2025-09-06_2025-09-15
0.2,3,CPI m/m|Core PPI m/m|CPI y/y,Neutral|Neutral|Bad,1,1,0,100.0,0.0,inf,2021-06-09_2021-06-18
0.2,3,CPI m/m|Core PPI m/m|CPI y/y,Bad|Bad|Bad,1,1,0,100.0,0.0,inf,2021-07-09_2021-07-18
0.2,3,CPI m/m|Core PPI m/m|CPI y/y,Neutral|Bad|Neutral,2,2,0,100.0,0.0,inf,2022-04-05_2022-04-14|2025-08-07_2025-08-16
0.3,3,CPI m/m|Core PPI m/m|CPI y/y,Neutral|Neutral|Neutral,24,21,3,87.5,12.5,7.0,2018-03-07_2018-03-16|2018-08-04_2018-08-13|2019-02-10_2019-02-19|2019-03-12_2019-03-21|2019-06-10_2019-06-19|2019-09-08_2019-09-17|2019-11-07_2019-11-16|2020-01-06_2020-01-15|2020-06-04_2020-06-13|2020-09-02_2020-09-11|2020-10-12_2020-10-21|2021-06-09_2021-06-18|2022-08-03_2022-08-12|2022-10-12_2022-10-21|2023-07-09_2023-07-18|2023-10-07_2023-10-16|2023-11-06_2023-11-15|2023-12-06_2023-12-15|2024-01-05_2024-01-14|2024-03-05_2024-03-14|2024-04-04_2024-04-13|2024-07-03_2024-07-12|2025-02-08_2025-02-17|2025-06-08_2025-06-17
0.3,3,CPI m/m|Core PPI m/m|CPI y/y,Neutral|Good|Neutral,9,7,2,77.8,22.2,3.5,2019-01-11_2019-01-20|2019-10-08_2019-10-17|2019-12-07_2019-12-16|2022-03-06_2022-03-15|2023-04-10_2023-04-19|2025-03-10_2025-03-19|2025-04-09_2025-04-18|2025-05-09_2025-05-18|2025-09-06_2025-09-15
0.3,3,CPI m/m|Core PPI m/m|CPI y/y,Bad|Bad|Bad,1,1,0,100.0,0.0,inf,2021-07-09_2021-07-18
0.3,3,CPI m/m|Core PPI m/m|CPI y/y,Neutral|Bad|Neutral,2,2,0,100.0,0.0,inf,2022-04-05_2022-04-14|2025-08-07_2025-08-16
0.0,3,CPI m/m|FOMC|CPI y/y,Bad|Neutral|Neutral,1,0,1,0.0,100.0,0.0,2023-12-06_2023-12-15
0.1,3,CPI m/m|FOMC|CPI y/y,Neutral|Neutral|Neutral,1,0,1,0.0,100.0,0.0,2023-12-06_2023-12-15
0.2,3,CPI m/m|FOMC|CPI y/y,Neutral|Neutral|Neutral,1,0,1,0.0,100.0,0.0,2023-12-06_2023-12-15
0.3,3,CPI m/m|FOMC|CPI y/y,Neutral|Neutral|Neutral,1,0,1,0.0,100.0,0.0,2023-12-06_2023-12-15
0.0,3,Core CPI m/m|PPI m/m|Core PPI m/m,Neutral|Bad|Neutral,1,1,0,100.0,0.0,inf,2018-03-07_2018-03-16
0.0,3,Core CPI m/m|PPI m/m|Core PPI m/m,Neutral|Good|Good,7,6,1,85.7,14.3,6.0,2018-08-04_2018-08-13|2019-01-11_2019-01-20|2019-12-07_2019-12-16|2022-03-06_2022-03-15|2023-04-10_2023-04-19|2024-01-05_2024-01-14|2025-09-06_2025-09-15
0.0,3,Core CPI m/m|PPI m/m|Core PPI m/m,Neutral|Good|Bad,1,1,0,100.0,0.0,inf,2019-02-10_2019-02-19
0.0,3,Core CPI m/m|PPI m/m|Core PPI m/m,Good|Good|Good,10,8,2,80.0,20.0,4.0,2019-03-12_2019-03-21|2019-10-08_2019-10-17|2020-01-06_2020-01-15|2022-08-03_2022-08-12|2023-07-09_2023-07-18|2023-11-06_2023-11-15|2025-03-10_2025-03-19|2025-04-09_2025-04-18|2025-05-09_2025-05-18|2025-06-08_2025-06-17
0.0,3,Core CPI m/m|PPI m/m|Core PPI m/m,Good|Neutral|Neutral,1,1,0,100.0,0.0,inf,2019-06-10_2019-06-19
0.0,3,Core CPI m/m|PPI m/m|Core PPI m/m,Bad|Bad|Bad,5,5,0,100.0,0.0,inf,2019-09-08_2019-09-17|2020-09-02_2020-09-11|2021-06-09_2021-06-18|2021-07-09_2021-07-18|2024-03-05_2024-03-14
0.0,3,Core CPI m/m|PPI m/m|Core PPI m/m,Neutral|Bad|Bad,4,3,1,75.0,25.0,3.0,2019-11-07_2019-11-16|2020-10-12_2020-10-21|2023-10-07_2023-10-16|2025-08-07_2025-08-16
0.0,3,Core CPI m/m|PPI m/m|Core PPI m/m,Good|Bad|Neutral,1,1,0,100.0,0.0,inf,2020-06-04_2020-06-13
0.0,3,Core CPI m/m|PPI m/m|Core PPI m/m,Good|Bad|Bad,2,2,0,100.0,0.0,inf,2022-04-05_2022-04-14|2024-07-03_2024-07-12
0.0,3,Core CPI m/m|PPI m/m|Core PPI m/m,Bad|Bad|Neutral,2,2,0,100.0,0.0,inf,2022-10-12_2022-10-21|2025-02-08_2025-02-17
0.0,3,Core CPI m/m|PPI m/m|Core PPI m/m,Neutral|Neutral|Good,1,0,1,0.0,100.0,0.0,2023-12-06_2023-12-15
0.0,3,Core CPI m/m|PPI m/m|Core PPI m/m,Bad|Good|Neutral,1,1,0,100.0,0.0,inf,2024-04-04_2024-04-13
0.1,3,Core CPI m/m|PPI m/m|Core PPI m/m,Neutral|Neutral|Neutral,6,6,0,100.0,0.0,inf,2018-03-07_2018-03-16|2019-03-12_2019-03-21|2019-06-10_2019-06-19|2019-09-08_2019-09-17|2020-01-06_2020-01-15|2023-07-09_2023-07-18
0.1,3,Core CPI m/m|PPI m/m|Core PPI m/m,Neutral|Good|Neutral,2,2,0,100.0,0.0,inf,2018-08-04_2018-08-13|2019-02-10_2019-02-19
0.1,3,Core CPI m/m|PPI m/m|Core PPI m/m,Neutral|Neutral|Good,2,0,2,0.0,100.0,0.0,2019-01-11_2019-01-20|2023-12-06_2023-12-15
0.1,3,Core CPI m/m|PPI m/m|Core PPI m/m,Neutral|Good|Good,9,9,0,100.0,0.0,inf,2019-10-08_2019-10-17|2019-12-07_2019-12-16|2022-03-06_2022-03-15|2023-04-10_2023-04-19|2023-11-06_2023-11-15|2024-01-05_2024-01-14|2025-03-10_2025-03-19|2025-05-09_2025-05-18|2025-09-06_2025-09-15
0.1,3,Core CPI m/m|PPI m/m|Core PPI m/m,Neutral|Bad|Neutral,3,3,0,100.0,0.0,inf,2019-11-07_2019-11-16|2020-06-04_2020-06-13|2023-10-07_2023-10-16
0.1,3,Core CPI m/m|PPI m/m|Core PPI m/m,Bad|Neutral|Bad,1,1,0,100.0,0.0,inf,2020-09-02_2020-09-11
0.1,3,Core CPI m/m|PPI m/m|Core PPI m/m,Neutral|Bad|Bad,2,1,1,50.0,50.0,1.0,2020-10-12_2020-10-21|2025-08-07_2025-08-16
0.1,3,Core CPI m/m|PPI m/m|Core PPI m/m,Bad|Bad|Bad,2,2,0,100.0,0.0,inf,2021-06-09_2021-06-18|2021-07-09_2021-07-18
0.1,3,Core CPI m/m|PPI m/m|Core PPI m/m,Good|Bad|Bad,1,1,0,100.0,0.0,inf,2022-04-05_2022-04-14
0.1,3,Core CPI m/m|PPI m/m|Core PPI m/m,Good|Good|Good,2,0,2,0.0,100.0,0.0,2022-08-03_2022-08-12|2025-04-09_2025-04-18
0.1,3,Core CPI m/m|PPI m/m|Core PPI m/m,Bad|Bad|Neutral,3,3,0,100.0,0.0,inf,2022-10-12_2022-10-21|2024-03-05_2024-03-14|2025-02-08_2025-02-17
0.1,3,Core CPI m/m|PPI m/m|Core PPI m/m,Bad|Neutral|Neutral,1,1,0,100.0,0.0,inf,2024-04-04_2024-04-13
0.1,3,Core CPI m/m|PPI m/m|Core PPI m/m,Neutral|Neutral|Bad,1,1,0,100.0,0.0,inf,2024-07-03_2024-07-12
0.1,3,Core CPI m/m|PPI m/m|Core PPI m/m,Good|Neutral|Good,1,1,0,100.0,0.0,inf,2025-06-08_2025-06-17
0.2,3,Core CPI m/m|PPI m/m|Core PPI m/m,Neutral|Neutral|Neutral,19,17,2,89.5,10.5,8.5,2018-03-07_2018-03-16|2018-08-04_2018-08-13|2019-02-10_2019-02-19|2019-03-12_2019-03-21|2019-06-10_2019-06-19|2019-09-08_2019-09-17|2019-11-07_2019-11-16|2020-01-06_2020-01-15|2020-09-02_2020-09-11|2020-10-12_2020-10-21|2022-10-12_2022-10-21|2023-07-09_2023-07-18|2023-10-07_2023-10-16|2023-12-06_2023-12-15|2024-01-05_2024-01-14|2024-04-04_2024-04-13|2024-07-03_2024-07-12|2025-02-08_2025-02-17|2025-06-08_2025-06-17
0.2,3,Core CPI m/m|PPI m/m|Core PPI m/m,Neutral|Neutral|Good,3,2,1,66.7,33.3,2.0,2019-01-11_2019-01-20|2019-12-07_2019-12-16|2022-03-06_2022-03-15
0.2,3,Core CPI m/m|PPI m/m|Core PPI m/m,Neutral|Good|Good,7,6,1,85.7,14.3,6.0,2019-10-08_2019-10-17|2023-04-10_2023-04-19|2023-11-06_2023-11-15|2025-03-10_2025-03-19|2025-04-09_2025-04-18|2025-05-09_2025-05-18|2025-09-06_2025-09-15
0.2,3,Core CPI m/m|PPI m/m|Core PPI m/m,Neutral|Bad|Neutral,3,3,0,100.0,0.0,inf,2020-06-04_2020-06-13|2021-06-09_2021-06-18|2024-03-05_2024-03-14
0.2,3,Core CPI m/m|PPI m/m|Core PPI m/m,Bad|Bad|Bad,1,1,0,100.0,0.0,inf,2021-07-09_2021-07-18
0.2,3,Core CPI m/m|PPI m/m|Core PPI m/m,Neutral|Bad|Bad,2,2,0,100.0,0.0,inf,2022-04-05_2022-04-14|2025-08-07_2025-08-16
0.2,3,Core CPI m/m|PPI m/m|Core PPI m/m,Neutral|Good|Neutral,1,0,1,0.0,100.0,0.0,2022-08-03_2022-08-12
0.3,3,Core CPI m/m|PPI m/m|Core PPI m/m,Neutral|Neutral|Neutral,20,18,2,90.0,10.0,9.0,2018-03-07_2018-03-16|2018-08-04_2018-08-13|2019-02-10_2019-02-19|2019-03-12_2019-03-21|2019-06-10_2019-06-19|2019-09-08_2019-09-17|2019-11-07_2019-11-16|2020-01-06_2020-01-15|2020-09-02_2020-09-11|2020-10-12_2020-10-21|2022-10-12_2022-10-21|2023-07-09_2023-07-18|2023-10-07_2023-10-16|2023-12-06_2023-12-15|2024-01-05_2024-01-14|2024-03-05_2024-03-14|2024-04-04_2024-04-13|2024-07-03_2024-07-12|2025-02-08_2025-02-17|2025-06-08_2025-06-17
0.3,3,Core CPI m/m|PPI m/m|Core PPI m/m,Neutral|Neutral|Good,4,3,1,75.0,25.0,3.0,2019-01-11_2019-01-20|2019-12-07_2019-12-16|2022-03-06_2022-03-15|2025-03-10_2025-03-19
0.3,3,Core CPI m/m|PPI m/m|Core PPI m/m,Neutral|Good|Good,5,4,1,80.0,20.0,4.0,2019-10-08_2019-10-17|2023-04-10_2023-04-19|2025-04-09_2025-04-18|2025-05-09_2025-05-18|2025-09-06_2025-09-15
0.3,3,Core CPI m/m|PPI m/m|Core PPI m/m,Neutral|Bad|Neutral,2,2,0,100.0,0.0,inf,2020-06-04_2020-06-13|2021-06-09_2021-06-18
0.3,3,Core CPI m/m|PPI m/m|Core PPI m/m,Bad|Bad|Bad,1,1,0,100.0,0.0,inf,2021-07-09_2021-07-18
0.3,3,Core CPI m/m|PPI m/m|Core PPI m/m,Neutral|Neutral|Bad,1,1,0,100.0,0.0,inf,2022-04-05_2022-04-14
0.3,3,Core CPI m/m|PPI m/m|Core PPI m/m,Neutral|Good|Neutral,2,1,1,50.0,50.0,1.0,2022-08-03_2022-08-12|2023-11-06_2023-11-15
0.3,3,Core CPI m/m|PPI m/m|Core PPI m/m,Neutral|Bad|Bad,1,1,0,100.0,0.0,inf,2025-08-07_2025-08-16
0.0,3,Core CPI m/m|PPI m/m|FOMC,Neutral|Neutral|Neutral,1,0,1,0.0,100.0,0.0,2023-12-06_2023-12-15
0.1,3,Core CPI m/m|PPI m/m|FOMC,Neutral|Neutral|Neutral,1,0,1,0.0,100.0,0.0,2023-12-06_2023-12-15
0.2,3,Core CPI m/m|PPI m/m|FOMC,Neutral|Neutral|Neutral,1,0,1,0.0,100.0,0.0,2023-12-06_2023-12-15
0.3,3,Core CPI m/m|PPI m/m|FOMC,Neutral|Neutral|Neutral,1,0,1,0.0,100.0,0.0,2023-12-06_2023-12-15
0.0,3,Core CPI m/m|PPI m/m|CPI y/y,Neutral|Bad|Neutral,2,1,1,50.0,50.0,1.0,2018-03-07_2018-03-16|2020-10-12_2020-10-21
0.0,3,Core CPI m/m|PPI m/m|CPI y/y,Neutral|Good|Neutral,4,3,1,75.0,25.0,3.0,2018-08-04_2018-08-13|2019-01-11_2019-01-20|2022-03-06_2022-03-15|2025-09-06_2025-09-15
0.0,3,Core CPI m/m|PPI m/m|CPI y/y,Neutral|Good|Bad,3,3,0,100.0,0.0,inf,2019-02-10_2019-02-19|2019-12-07_2019-12-16|2024-01-05_2024-01-14
0.0,3,Core CPI m/m|PPI m/m|CPI y/y,Good|Good|Good,9,7,2,77.8,22.2,3.5,2019-03-12_2019-03-21|2019-10-08_2019-10-17|2022-08-03_2022-08-12|2023-07-09_2023-07-18|2023-11-06_2023-11-15|2025-03-10_2025-03-19|2025-04-09_2025-04-18|2025-05-09_2025-05-18|2025-06-08_2025-06-17
0.0,3,Core CPI m/m|PPI m/m|CPI y/y,Good|Neutral|Good,1,1,0,100.0,0.0,inf,2019-06-10_2019-06-19
0.0,3,Core CPI m/m|PPI m/m|CPI y/y,Bad|Bad|Good,1,1,0,100.0,0.0,inf,2019-09-08_2019-09-17
0.0,3,Core CPI m/m|PPI m/m|CPI y/y,Neutral|Bad|Bad,2,2,0,100.0,0.0,inf,2019-11-07_2019-11-16|2023-10-07_2023-10-16
0.0,3,Core CPI m/m|PPI m/m|CPI y/y,Good|Good|Neutral,1,1,0,100.0,0.0,inf,2020-01-06_2020-01-15
0.0,3,Core CPI m/m|PPI m/m|CPI y/y,Good|Bad|Good,2,2,0,100.0,0.0,inf,2020-06-04_2020-06-13|2024-07-03_2024-07-12
0.0,3,Core CPI m/m|PPI m/m|CPI y/y,Bad|Bad|Bad,6,6,0,100.0,0.0,inf,2020-09-02_2020-09-11|2021-06-09_2021-06-18|2021-07-09_2021-07-18|2022-10-12_2022-10-21|2024-03-05_2024-03-14|2025-02-08_2025-02-17
0.0,3,Core CPI m/m|PPI m/m|CPI y/y,Good|Bad|Bad,1,1,0,100.0,0.0,inf,2022-04-05_2022-04-14
0.0,3,Core CPI m/m|PPI m/m|CPI y/y,Neutral|Good|Good,1,1,0,100.0,0.0,inf,2023-04-10_2023-04-19
0.0,3,Core CPI m/m|PPI m/m|CPI y/y,Neutral|Neutral|Neutral,1,0,1,0.0,100.0,0.0,2023-12-06_2023-12-15
0.0,3,Core CPI m/m|PPI m/m|CPI y/y,Bad|Good|Bad,1,1,0,100.0,0.0,inf,2024-04-04_2024-04-13
0.0,3,Core CPI m/m|PPI m/m|CPI y/y,Neutral|Bad|Good,1,1,0,100.0,0.0,inf,2025-08-07_2025-08-16
0.1,3,Core CPI m/m|PPI m/m|CPI y/y,Neutral|Neutral|Neutral,5,3,2,60.0,40.0,1.5,2018-03-07_2018-03-16|2019-01-11_2019-01-20|2019-06-10_2019-06-19|2020-01-06_2020-01-15|2023-12-06_2023-12-15
0.1,3,Core CPI m/m|PPI m/m|CPI y/y,Neutral|Good|Neutral,5,5,0,100.0,0.0,inf,2018-08-04_2018-08-13|2022-03-06_2022-03-15|2023-04-10_2023-04-19|2023-11-06_2023-11-15|2025-09-06_2025-09-15
0.1,3,Core CPI m/m|PPI m/m|CPI y/y,Neutral|Good|Bad,3,3,0,100.0,0.0,inf,2019-02-10_2019-02-19|2019-12-07_2019-12-16|2024-01-05_2024-01-14
0.1,3,Core CPI m/m|PPI m/m|CPI y/y,Neutral|Neutral|Good,4,4,0,100.0,0.0,inf,2019-03-12_2019-03-21|2019-09-08_2019-09-17|2023-07-09_2023-07-18|2024-07-03_2024-07-12
0.1,3,Core CPI m/m|PPI m/m|CPI y/y,Neutral|Good|Good,3,3,0,100.0,0.0,inf,2019-10-08_2019-10-17|2025-03-10_2025-03-19|2025-05-09_2025-05-18
0.1,3,Core CPI m/m|PPI m/m|CPI y/y,Neutral|Bad|Bad,2,2,0,100.0,0.0,inf,2019-11-07_2019-11-16|2023-10-07_2023-10-16
0.1,3,Core CPI m/m|PPI m/m|CPI y/y,Neutral|Bad|Good,1,1,0,100.0,0.0,inf,2020-06-04_2020-06-13
0.1,3,Core CPI m/m|PPI m/m|CPI y/y,Bad|Neutral|Bad,2,2,0,100.0,0.0,inf,2020-09-02_2020-09-11|2024-04-04_2024-04-13
0.1,3,Core CPI m/m|PPI m/m|CPI y/y,Neutral|Bad|Neutral,2,1,1,50.0,50.0,1.0,2020-10-12_2020-10-21|2025-08-07_2025-08-16
0.1,3,Core CPI m/m|PPI m/m|CPI y/y,Bad|Bad|Bad,4,4,0,100.0,0.0,inf,2021-06-09_2021-06-18|2021-07-09_2021-07-18|2024-03-05_2024-03-14|2025-02-08_2025-02-17
0.1,3,Core CPI m/m|PPI m/m|CPI y/y,Good|Bad|Neutral,1,1,0,100.0,0.0,inf,2022-04-05_2022-04-14
0.1,3,Core CPI m/m|PPI m/m|CPI y/y,Good|Good|Good,2,0,2,0.0,100.0,0.0,2022-08-03_2022-08-12|2025-04-09_2025-04-18
0.1,3,Core CPI m/m|PPI m/m|CPI y/y,Bad|Bad|Neutral,1,1,0,100.0,0.0,inf,2022-10-12_2022-10-21
0.1,3,Core CPI m/m|PPI m/m|CPI y/y,Good|Neutral|Good,1,1,0,100.0,0.0,inf,2025-06-08_2025-06-17
0.2,3,Core CPI m/m|PPI m/m|CPI y/y,Neutral|Neutral|Neutral,22,19,3,86.4,13.6,6.33,2018-03-07_2018-03-16|2018-08-04_2018-08-13|2019-01-11_2019-01-20|2019-02-10_2019-02-19|2019-03-12_2019-03-21|2019-06-10_2019-06-19|2019-09-08_2019-09-17|2019-11-07_2019-11-16|2019-12-07_2019-12-16|2020-01-06_2020-01-15|2020-09-02_2020-09-11|2020-10-12_2020-10-21|2022-03-06_2022-03-15|2022-10-12_2022-10-21|2023-07-09_2023-07-18|2023-10-07_2023-10-16|2023-12-06_2023-12-15|2024-01-05_2024-01-14|2024-04-04_2024-04-13|2024-07-03_2024-07-12|2025-02-08_2025-02-17|2025-06-08_2025-06-17
0.2,3,Core CPI m/m|PPI m/m|CPI y/y,Neutral|Good|Neutral,8,6,2,75.0,25.0,3.0,2019-10-08_2019-10-17|2022-08-03_2022-08-12|2023-04-10_2023-04-19|2023-11-06_2023-11-15|2025-03-10_2025-03-19|2025-04-09_2025-04-18|2025-05-09_2025-05-18|2025-09-06_2025-09-15
0.2,3,Core CPI m/m|PPI m/m|CPI y/y,Neutral|Bad|Neutral,4,4,0,100.0,0.0,inf,2020-06-04_2020-06-13|2022-04-05_2022-04-14|2024-03-05_2024-03-14|2025-08-07_2025-08-16
0.2,3,Core CPI m/m|PPI m/m|CPI y/y,Neutral|Bad|Bad,1,1,0,100.0,0.0,inf,2021-06-09_2021-06-18
0.2,3,Core CPI m/m|PPI m/m|CPI y/y,Bad|Bad|Bad,1,1,0,100.0,0.0,inf,2021-07-09_2021-07-18
0.3,3,Core CPI m/m|PPI m/m|CPI y/y,Neutral|Neutral|Neutral,25,22,3,88.0,12.0,7.33,2018-03-07_2018-03-16|2018-08-04_2018-08-13|2019-01-11_2019-01-20|2019-02-10_2019-02-19|2019-03-12_2019-03-21|2019-06-10_2019-06-19|2019-09-08_2019-09-17|2019-11-07_2019-11-16|2019-12-07_2019-12-16|2020-01-06_2020-01-15|2020-09-02_2020-09-11|2020-10-12_2020-10-21|2022-03-06_2022-03-15|2022-04-05_2022-04-14|2022-10-12_2022-10-21|2023-07-09_2023-07-18|2023-10-07_2023-10-16|2023-12-06_2023-12-15|2024-01-05_2024-01-14|2024-03-05_2024-03-14|2024-04-04_2024-04-13|2024-07-03_2024-07-12|2025-02-08_2025-02-17|2025-03-10_2025-03-19|2025-06-08_2025-06-17
0.3,3,Core CPI m/m|PPI m/m|CPI y/y,Neutral|Good|Neutral,7,5,2,71.4,28.6,2.5,2019-10-08_2019-10-17|2022-08-03_2022-08-12|2023-04-10_2023-04-19|2023-11-06_2023-11-15|2025-04-09_2025-04-18|2025-05-09_2025-05-18|2025-09-06_2025-09-15
0.3,3,Core CPI m/m|PPI m/m|CPI y/y,Neutral|Bad|Neutral,3,3,0,100.0,0.0,inf,2020-06-04_2020-06-13|2021-06-09_2021-06-18|2025-08-07_2025-08-16
0.3,3,Core CPI m/m|PPI m/m|CPI y/y,Bad|Bad|Bad,1,1,0,100.0,0.0,inf,2021-07-09_2021-07-18
0.0,3,Core CPI m/m|Core PPI m/m|FOMC,Neutral|Good|Neutral,1,0,1,0.0,100.0,0.0,2023-12-06_2023-12-15
0.1,3,Core CPI m/m|Core PPI m/m|FOMC,Neutral|Good|Neutral,1,0,1,0.0,100.0,0.0,2023-12-06_2023-12-15
0.2,3,Core CPI m/m|Core PPI m/m|FOMC,Neutral|Neutral|Neutral,1,0,1,0.0,100.0,0.0,2023-12-06_2023-12-15
0.3,3,Core CPI m/m|Core PPI m/m|FOMC,Neutral|Neutral|Neutral,1,0,1,0.0,100.0,0.0,2023-12-06_2023-12-15
0.0,3,Core CPI m/m|Core PPI m/m|CPI y/y,Neutral|Neutral|Neutral,1,1,0,100.0,0.0,inf,2018-03-07_2018-03-16
0.0,3,Core CPI m/m|Core PPI m/m|CPI y/y,Neutral|Good|Neutral,5,3,2,60.0,40.0,1.5,2018-08-04_2018-08-13|2019-01-11_2019-01-20|2022-03-06_2022-03-15|2023-12-06_2023-12-15|2025-09-06_2025-09-15
0.0,3,Core CPI m/m|Core PPI m/m|CPI y/y,Neutral|Bad|Bad,3,3,0,100.0,0.0,inf,2019-02-10_2019-02-19|2019-11-07_2019-11-16|2023-10-07_2023-10-16
0.0,3,Core CPI m/m|Core PPI m/m|CPI y/y,Good|Good|Good,9,7,2,77.8,22.2,3.5,2019-03-12_2019-03-21|2019-10-08_2019-10-17|2022-08-03_2022-08-12|2023-07-09_2023-07-18|2023-11-06_2023-11-15|2025-03-10_2025-03-19|2025-04-09_2025-04-18|2025-05-09_2025-05-18|2025-06-08_2025-06-17
0.0,3,Core CPI m/m|Core PPI m/m|CPI y/y,Good|Neutral|Good,2,2,0,100.0,0.0,inf,2019-06-10_2019-06-19|2020-06-04_2020-06-13
0.0,3,Core CPI m/m|Core PPI m/m|CPI y/y,Bad|Bad|Good,1,1,0,100.0,0.0,inf,2019-09-08_2019-09-17
0.0,3,Core CPI m/m|Core PPI m/m|CPI y/y,Neutral|Good|Bad,2,2,0,100.0,0.0,inf,2019-12-07_2019-12-16|2024-01-05_2024-01-14
0.0,3,Core CPI m/m|Core PPI m/m|CPI y/y,Good|Good|Neutral,1,1,0,100.0,0.0,inf,2020-01-06_2020-01-15
0.0,3,Core CPI m/m|Core PPI m/m|CPI y/y,Bad|Bad|Bad,4,4,0,100.0,0.0,inf,2020-09-02_2020-09-11|2021-06-09_2021-06-18|2021-07-09_2021-07-18|2024-03-05_2024-03-14
0.0,3,Core CPI m/m|Core PPI m/m|CPI y/y,Neutral|Bad|Neutral,1,0,1,0.0,100.0,0.0,2020-10-12_2020-10-21
0.0,3,Core CPI m/m|Core PPI m/m|CPI y/y,Good|Bad|Bad,1,1,0,100.0,0.0,inf,2022-04-05_2022-04-14
0.0,3,Core CPI m/m|Core PPI m/m|CPI y/y,Bad|Neutral|Bad,3,3,0,100.0,0.0,inf,2022-10-12_2022-10-21|2024-04-04_2024-04-13|2025-02-08_2025-02-17
0.0,3,Core CPI m/m|Core PPI m/m|CPI y/y,Neutral|Good|Good,1,1,0,100.0,0.0,inf,2023-04-10_2023-04-19
0.0,3,Core CPI m/m|Core PPI m/m|CPI y/y,Good|Bad|Good,1,1,0,100.0,0.0,inf,2024-07-03_2024-07-12
0.0,3,Core CPI m/m|Core PPI m/m|CPI y/y,Neutral|Bad|Good,1,1,0,100.0,0.0,inf,2025-08-07_2025-08-16
0.1,3,Core CPI m/m|Core PPI m/m|CPI y/y,Neutral|Neutral|Neutral,4,4,0,100.0,0.0,inf,2018-03-07_2018-03-16|2018-08-04_2018-08-13|2019-06-10_2019-06-19|2020-01-06_2020-01-15
0.1,3,Core CPI m/m|Core PPI m/m|CPI y/y,Neutral|Good|Neutral,6,4,2,66.7,33.3,2.0,2019-01-11_2019-01-20|2022-03-06_2022-03-15|2023-04-10_2023-04-19|2023-11-06_2023-11-15|2023-12-06_2023-12-15|2025-09-06_2025-09-15
0.1,3,Core CPI m/m|Core PPI m/m|CPI y/y,Neutral|Neutral|Bad,3,3,0,100.0,0.0,inf,2019-02-10_2019-02-19|2019-11-07_2019-11-16|2023-10-07_2023-10-16
0.1,3,Core CPI m/m|Core PPI m/m|CPI y/y,Neutral|Neutral|Good,4,4,0,100.0,0.0,inf,2019-03-12_2019-03-21|2019-09-08_2019-09-17|2020-06-04_2020-06-13|2023-07-09_2023-07-18
0.1,3,Core CPI m/m|Core PPI m/m|CPI y/y,Neutral|Good|Good,3,3,0,100.0,0.0,inf,2019-10-08_2019-10-17|2025-03-10_2025-03-19|2025-05-09_2025-05-18
0.1,3,Core CPI m/m|Core PPI m/m|CPI y/y,Neutral|Good|Bad,2,2,0,100.0,0.0,inf,2019-12-07_2019-12-16|2024-01-05_2024-01-14
0.1,3,Core CPI m/m|Core PPI m/m|CPI y/y,Bad|Bad|Bad,3,3,0,100.0,0.0,inf,2020-09-02_2020-09-11|2021-06-09_2021-06-18|2021-07-09_2021-07-18
0.1,3,Core CPI m/m|Core PPI m/m|CPI y/y,Neutral|Bad|Neutral,2,1,1,50.0,50.0,1.0,2020-10-12_2020-10-21|2025-08-07_2025-08-16
0.1,3,Core CPI m/m|Core PPI m/m|CPI y/y,Good|Bad|Neutral,1,1,0,100.0,0.0,inf,2022-04-05_2022-04-14
0.1,3,Core CPI m/m|Core PPI m/m|CPI y/y,Good|Good|Good,3,1,2,33.3,66.7,0.5,2022-08-03_2022-08-12|2025-04-09_2025-04-18|2025-06-08_2025-06-17
0.1,3,Core CPI m/m|Core PPI m/m|CPI y/y,Bad|Neutral|Neutral,1,1,0,100.0,0.0,inf,2022-10-12_2022-10-21
0.1,3,Core CPI m/m|Core PPI m/m|CPI y/y,Bad|Neutral|Bad,3,3,0,100.0,0.0,inf,2024-03-05_2024-03-14|2024-04-04_2024-04-13|2025-02-08_2025-02-17
0.1,3,Core CPI m/m|Core PPI m/m|CPI y/y,Neutral|Bad|Good,1,1,0,100.0,0.0,inf,2024-07-03_2024-07-12
0.2,3,Core CPI m/m|Core PPI m/m|CPI y/y,Neutral|Neutral|Neutral,22,19,3,86.4,13.6,6.33,2018-03-07_2018-03-16|2018-08-04_2018-08-13|2019-02-10_2019-02-19|2019-03-12_2019-03-21|2019-06-10_2019-06-19|2019-09-08_2019-09-17|2019-11-07_2019-11-16|2020-01-06_2020-01-15|2020-06-04_2020-06-13|2020-09-02_2020-09-11|2020-10-12_2020-10-21|2022-08-03_2022-08-12|2022-10-12_2022-10-21|2023-07-09_2023-07-18|2023-10-07_2023-10-16|2023-12-06_2023-12-15|2024-01-05_2024-01-14|2024-03-05_2024-03-14|2024-04-04_2024-04-13|2024-07-03_2024-07-12|2025-02-08_2025-02-17|2025-06-08_2025-06-17
0.2,3,Core CPI m/m|Core PPI m/m|CPI y/y,Neutral|Good|Neutral,10,8,2,80.0,20.0,4.0,2019-01-11_2019-01-20|2019-10-08_2019-10-17|2019-12-07_2019-12-16|2022-03-06_2022-03-15|2023-04-10_2023-04-19|2023-11-06_2023-11-15|2025-03-10_2025-03-19|2025-04-09_2025-04-18|2025-05-09_2025-05-18|2025-09-06_2025-09-15
0.2,3,Core CPI m/m|Core PPI m/m|CPI y/y,Neutral|Neutral|Bad,1,1,0,100.0,0.0,inf,2021-06-09_2021-06-18
0.2,3,Core CPI m/m|Core PPI m/m|CPI y/y,Bad|Bad|Bad,1,1,0,100.0,0.0,inf,2021-07-09_2021-07-18
0.2,3,Core CPI m/m|Core PPI m/m|CPI y/y,Neutral|Bad|Neutral,2,2,0,100.0,0.0,inf,2022-04-05_2022-04-14|2025-08-07_2025-08-16
0.3,3,Core CPI m/m|Core PPI m/m|CPI y/y,Neutral|Neutral|Neutral,24,21,3,87.5,12.5,7.0,2018-03-07_2018-03-16|2018-08-04_2018-08-13|2019-02-10_2019-02-19|2019-03-12_2019-03-21|2019-06-10_2019-06-19|2019-09-08_2019-09-17|2019-11-07_2019-11-16|2020-01-06_2020-01-15|2020-06-04_2020-06-13|2020-09-02_2020-09-11|2020-10-12_2020-10-21|2021-06-09_2021-06-18|2022-08-03_2022-08-12|2022-10-12_2022-10-21|2023-07-09_2023-07-18|2023-10-07_2023-10-16|2023-11-06_2023-11-15|2023-12-06_2023-12-15|2024-01-05_2024-01-14|2024-03-05_2024-03-14|2024-04-04_2024-04-13|2024-07-03_2024-07-12|2025-02-08_2025-02-17|2025-06-08_2025-06-17
0.3,3,Core CPI m/m|Core PPI m/m|CPI y/y,Neutral|Good|Neutral,9,7,2,77.8,22.2,3.5,2019-01-11_2019-01-20|2019-10-08_2019-10-17|2019-12-07_2019-12-16|2022-03-06_2022-03-15|2023-04-10_2023-04-19|2025-03-10_2025-03-19|2025-04-09_2025-04-18|2025-05-09_2025-05-18|2025-09-06_2025-09-15
0.3,3,Core CPI m/m|Core PPI m/m|CPI y/y,Bad|Bad|Bad,1,1,0,100.0,0.0,inf,2021-07-09_2021-07-18
0.3,3,Core CPI m/m|Core PPI m/m|CPI y/y,Neutral|Bad|Neutral,2,2,0,100.0,0.0,inf,2022-04-05_2022-04-14|2025-08-07_2025-08-16
0.0,3,Core CPI m/m|FOMC|CPI y/y,Neutral|Neutral|Neutral,1,0,1,0.0,100.0,0.0,2023-12-06_2023-12-15
0.1,3,Core CPI m/m|FOMC|CPI y/y,Neutral|Neutral|Neutral,1,0,1,0.0,100.0,0.0,2023-12-06_2023-12-15
0.2,3,Core CPI m/m|FOMC|CPI y/y,Neutral|Neutral|Neutral,1,0,1,0.0,100.0,0.0,2023-12-06_2023-12-15
0.3,3,Core CPI m/m|FOMC|CPI y/y,Neutral|Neutral|Neutral,1,0,1,0.0,100.0,0.0,2023-12-06_2023-12-15
0.0,3,PPI m/m|Core PPI m/m|FOMC,Neutral|Good|Neutral,1,0,1,0.0,100.0,0.0,2023-12-06_2023-12-15
0.1,3,PPI m/m|Core PPI m/m|FOMC,Neutral|Good|Neutral,1,0,1,0.0,100.0,0.0,2023-12-06_2023-12-15
0.2,3,PPI m/m|Core PPI m/m|FOMC,Neutral|Neutral|Neutral,1,0,1,0.0,100.0,0.0,2023-12-06_2023-12-15
0.3,3,PPI m/m|Core PPI m/m|FOMC,Neutral|Neutral|Neutral,1,0,1,0.0,100.0,0.0,2023-12-06_2023-12-15
0.0,3,PPI m/m|Core PPI m/m|CPI y/y,Bad|Neutral|Neutral,1,1,0,100.0,0.0,inf,2018-03-07_2018-03-16
0.0,3,PPI m/m|Core PPI m/m|CPI y/y,Good|Good|Neutral,5,4,1,80.0,20.0,4.0,2018-08-04_2018-08-13|2019-01-11_2019-01-20|2020-01-06_2020-01-15|2022-03-06_2022-03-15|2025-09-06_2025-09-15
0.0,3,PPI m/m|Core PPI m/m|CPI y/y,Good|Bad|Bad,1,1,0,100.0,0.0,inf,2019-02-10_2019-02-19
0.0,3,PPI m/m|Core PPI m/m|CPI y/y,Good|Good|Good,10,8,2,80.0,20.0,4.0,2019-03-12_2019-03-21|2019-10-08_2019-10-17|2022-08-03_2022-08-12|2023-04-10_2023-04-19|2023-07-09_2023-07-18|2023-11-06_2023-11-15|2025-03-10_2025-03-19|2025-04-09_2025-04-18|2025-05-09_2025-05-18|2025-06-08_2025-06-17
0.0,3,PPI m/m|Core PPI m/m|CPI y/y,Neutral|Neutral|Good,1,1,0,100.0,0.0,inf,2019-06-10_2019-06-19
0.0,3,PPI m/m|Core PPI m/m|CPI y/y,Bad|Bad|Good,3,3,0,100.0,0.0,inf,2019-09-08_2019-09-17|2024-07-03_2024-07-12|2025-08-07_2025-08-16
0.0,3,PPI m/m|Core PPI m/m|CPI y/y,Bad|Bad|Bad,7,7,0,100.0,0.0,inf,2019-11-07_2019-11-16|2020-09-02_2020-09-11|2021-06-09_2021-06-18|2021-07-09_2021-07-18|2022-04-05_2022-04-14|2023-10-07_2023-10-16|2024-03-05_2024-03-14
0.0,3,PPI m/m|Core PPI m/m|CPI y/y,Good|Good|Bad,2,2,0,100.0,0.0,inf,2019-12-07_2019-12-16|2024-01-05_2024-01-14
0.0,3,PPI m/m|Core PPI m/m|CPI y/y,Bad|Neutral|Good,1,1,0,100.0,0.0,inf,2020-06-04_2020-06-13
0.0,3,PPI m/m|Core PPI m/m|CPI y/y,Bad|Bad|Neutral,1,0,1,0.0,100.0,0.0,2020-10-12_2020-10-21
0.0,3,PPI m/m|Core PPI m/m|CPI y/y,Bad|Neutral|Bad,2,2,0,100.0,0.0,inf,2022-10-12_2022-10-21|2025-02-08_2025-02-17
0.0,3,PPI m/m|Core PPI m/m|CPI y/y,Neutral|Good|Neutral,1,0,1,0.0,100.0,0.0,2023-12-06_2023-12-15
0.0,3,PPI m/m|Core PPI m/m|CPI y/y,Good|Neutral|Bad,1,1,0,100.0,0.0,inf,2024-04-04_2024-04-13
0.1,3,PPI m/m|Core PPI m/m|CPI y/y,Neutral|Neutral|Neutral,3,3,0,100.0,0.0,inf,2018-03-07_2018-03-16|2019-06-10_2019-06-19|2020-01-06_2020-01-15
0.1,3,PPI m/m|Core PPI m/m|CPI y/y,Good|Neutral|Neutral,1,1,0,100.0,0.0,inf,2018-08-04_2018-08-13
0.1,3,PPI m/m|Core PPI m/m|CPI y/y,Neutral|Good|Neutral,2,0,2,0.0,100.0,0.0,2019-01-11_2019-01-20|2023-12-06_2023-12-15
0.1,3,PPI m/m|Core PPI m/m|CPI y/y,Good|Neutral|Bad,1,1,0,100.0,0.0,inf,2019-02-10_2019-02-19
0.1,3,PPI m/m|Core PPI m/m|CPI y/y,Neutral|Neutral|Good,3,3,0,100.0,0.0,inf,2019-03-12_2019-03-21|2019-09-08_2019-09-17|2023-07-09_2023-07-18
0.1,3,PPI m/m|Core PPI m/m|CPI y/y,Good|Good|Good,5,3,2,60.0,40.0,1.5,2019-10-08_2019-10-17|2022-08-03_2022-08-12|2025-03-10_2025-03-19|2025-04-09_2025-04-18|2025-05-09_2025-05-18
0.1,3,PPI m/m|Core PPI m/m|CPI y/y,Bad|Neutral|Bad,4,4,0,100.0,0.0,inf,2019-11-07_2019-11-16|2023-10-07_2023-10-16|2024-03-05_2024-03-14|2025-02-08_2025-02-17
0.1,3,PPI m/m|Core PPI m/m|CPI y/y,Good|Good|Bad,2,2,0,100.0,0.0,inf,2019-12-07_2019-12-16|2024-01-05_2024-01-14
0.1,3,PPI m/m|Core PPI m/m|CPI y/y,Bad|Neutral|Good,1,1,0,100.0,0.0,inf,2020-06-04_2020-06-13
0.1,3,PPI m/m|Core PPI m/m|CPI y/y,Neutral|Bad|Bad,1,1,0,100.0,0.0,inf,2020-09-02_2020-09-11
0.1,3,PPI m/m|Core PPI m/m|CPI y/y,Bad|Bad|Neutral,3,2,1,66.7,33.3,2.0,2020-10-12_2020-10-21|2022-04-05_2022-04-14|2025-08-07_2025-08-16
0.1,3,PPI m/m|Core PPI m/m|CPI y/y,Bad|Bad|Bad,2,2,0,100.0,0.0,inf,2021-06-09_2021-06-18|2021-07-09_2021-07-18
0.1,3,PPI m/m|Core PPI m/m|CPI y/y,Good|Good|Neutral,4,4,0,100.0,0.0,inf,2022-03-06_2022-03-15|2023-04-10_2023-04-19|2023-11-06_2023-11-15|2025-09-06_2025-09-15
0.1,3,PPI m/m|Core PPI m/m|CPI y/y,Bad|Neutral|Neutral,1,1,0,100.0,0.0,inf,2022-10-12_2022-10-21
0.1,3,PPI m/m|Core PPI m/m|CPI y/y,Neutral|Neutral|Bad,1,1,0,100.0,0.0,inf,2024-04-04_2024-04-13
0.1,3,PPI m/m|Core PPI m/m|CPI y/y,Neutral|Bad|Good,1,1,0,100.0,0.0,inf,2024-07-03_2024-07-12
0.1,3,PPI m/m|Core PPI m/m|CPI y/y,Neutral|Good|Good,1,1,0,100.0,0.0,inf,2025-06-08_2025-06-17
0.2,3,PPI m/m|Core PPI m/m|CPI y/y,Neutral|Neutral|Neutral,19,17,2,89.5,10.5,8.5,2018-03-07_2018-03-16|2018-08-04_2018-08-13|2019-02-10_2019-02-19|2019-03-12_2019-03-21|2019-06-10_2019-06-19|2019-09-08_2019-09-17|2019-11-07_2019-11-16|2020-01-06_2020-01-15|2020-09-02_2020-09-11|2020-10-12_2020-10-21|2022-10-12_2022-10-21|2023-07-09_2023-07-18|2023-10-07_2023-10-16|2023-12-06_2023-12-15|2024-01-05_2024-01-14|2024-04-04_2024-04-13|2024-07-03_2024-07-12|2025-02-08_2025-02-17|2025-06-08_2025-06-17
0.2,3,PPI m/m|Core PPI m/m|CPI y/y,Neutral|Good|Neutral,3,2,1,66.7,33.3,2.0,2019-01-11_2019-01-20|2019-12-07_2019-12-16|2022-03-06_2022-03-15
0.2,3,PPI m/m|Core PPI m/m|CPI y/y,Good|Good|Neutral,7,6,1,85.7,14.3,6.0,2019-10-08_2019-10-17|2023-04-10_2023-04-19|2023-11-06_2023-11-15|2025-03-10_2025-03-19|2025-04-09_2025-04-18|2025-05-09_2025-05-18|2025-09-06_2025-09-15
0.2,3,PPI m/m|Core PPI m/m|CPI y/y,Bad|Neutral|Neutral,2,2,0,100.0,0.0,inf,2020-06-04_2020-06-13|2024-03-05_2024-03-14
0.2,3,PPI m/m|Core PPI m/m|CPI y/y,Bad|Neutral|Bad,1,1,0,100.0,0.0,inf,2021-06-09_2021-06-18
0.2,3,PPI m/m|Core PPI m/m|CPI y/y,Bad|Bad|Bad,1,1,0,100.0,0.0,inf,2021-07-09_2021-07-18
0.2,3,PPI m/m|Core PPI m/m|CPI y/y,Bad|Bad|Neutral,2,2,0,100.0,0.0,inf,2022-04-05_2022-04-14|2025-08-07_2025-08-16
0.2,3,PPI m/m|Core PPI m/m|CPI y/y,Good|Neutral|Neutral,1,0,1,0.0,100.0,0.0,2022-08-03_2022-08-12
0.3,3,PPI m/m|Core PPI m/m|CPI y/y,Neutral|Neutral|Neutral,20,18,2,90.0,10.0,9.0,2018-03-07_2018-03-16|2018-08-04_2018-08-13|2019-02-10_2019-02-19|2019-03-12_2019-03-21|2019-06-10_2019-06-19|2019-09-08_2019-09-17|2019-11-07_2019-11-16|2020-01-06_2020-01-15|2020-09-02_2020-09-11|2020-10-12_2020-10-21|2022-10-12_2022-10-21|2023-07-09_2023-07-18|2023-10-07_2023-10-16|2023-12-06_2023-12-15|2024-01-05_2024-01-14|2024-03-05_2024-03-14|2024-04-04_2024-04-13|2024-07-03_2024-07-12|2025-02-08_2025-02-17|2025-06-08_2025-06-17
0.3,3,PPI m/m|Core PPI m/m|CPI y/y,Neutral|Good|Neutral,4,3,1,75.0,25.0,3.0,2019-01-11_2019-01-20|2019-12-07_2019-12-16|2022-03-06_2022-03-15|2025-03-10_2025-03-19
0.3,3,PPI m/m|Core PPI m/m|CPI y/y,Good|Good|Neutral,5,4,1,80.0,20.0,4.0,2019-10-08_2019-10-17|2023-04-10_2023-04-19|2025-04-09_2025-04-18|2025-05-09_2025-05-18|2025-09-06_2025-09-15
0.3,3,PPI m/m|Core PPI m/m|CPI y/y,Bad|Neutral|Neutral,2,2,0,100.0,0.0,inf,2020-06-04_2020-06-13|2021-06-09_2021-06-18
0.3,3,PPI m/m|Core PPI m/m|CPI y/y,Bad|Bad|Bad,1,1,0,100.0,0.0,inf,2021-07-09_2021-07-18
0.3,3,PPI m/m|Core PPI m/m|CPI y/y,Neutral|Bad|Neutral,1,1,0,100.0,0.0,inf,2022-04-05_2022-04-14
0.3,3,PPI m/m|Core PPI m/m|CPI y/y,Good|Neutral|Neutral,2,1,1,50.0,50.0,1.0,2022-08-03_2022-08-12|2023-11-06_2023-11-15
0.3,3,PPI m/m|Core PPI m/m|CPI y/y,Bad|Bad|Neutral,1,1,0,100.0,0.0,inf,2025-08-07_2025-08-16
0.0,3,PPI m/m|FOMC|CPI y/y,Neutral|Neutral|Neutral,1,0,1,0.0,100.0,0.0,2023-12-06_2023-12-15
0.1,3,PPI m/m|FOMC|CPI y/y,Neutral|Neutral|Neutral,1,0,1,0.0,100.0,0.0,2023-12-06_2023-12-15
0.2,3,PPI m/m|FOMC|CPI y/y,Neutral|Neutral|Neutral,1,0,1,0.0,100.0,0.0,2023-12-06_2023-12-15
0.3,3,PPI m/m|FOMC|CPI y/y,Neutral|Neutral|Neutral,1,0,1,0.0,100.0,0.0,2023-12-06_2023-12-15
0.0,3,Core PPI m/m|FOMC|CPI y/y,Good|Neutral|Neutral,1,0,1,0.0,100.0,0.0,2023-12-06_2023-12-15
0.1,3,Core PPI m/m|FOMC|CPI y/y,Good|Neutral|Neutral,1,0,1,0.0,100.0,0.0,2023-12-06_2023-12-15
0.2,3,Core PPI m/m|FOMC|CPI y/y,Neutral|Neutral|Neutral,1,0,1,0.0,100.0,0.0,2023-12-06_2023-12-15
0.3,3,Core PPI m/m|FOMC|CPI y/y,Neutral|Neutral|Neutral,1,0,1,0.0,100.0,0.0,2023-12-06_2023-12-15
0.0,4,CPI m/m|Core CPI m/m|PPI m/m|Core PPI m/m,Neutral|Neutral|Bad|Neutral,1,1,0,100.0,0.0,inf,2018-03-07_2018-03-16
0.0,4,CPI m/m|Core CPI m/m|PPI m/m|Core PPI m/m,Neutral|Neutral|Good|Good,3,2,1,66.7,33.3,2.0,2018-08-04_2018-08-13|2019-01-11_2019-01-20|2022-03-06_2022-03-15
0.0,4,CPI m/m|Core CPI m/m|PPI m/m|Core PPI m/m,Good|Neutral|Good|Bad,1,1,0,100.0,0.0,inf,2019-02-10_2019-02-19
0.0,4,CPI m/m|Core CPI m/m|PPI m/m|Core PPI m/m,Neutral|Good|Good|Good,2,2,0,100.0,0.0,inf,2019-03-12_2019-03-21|2020-01-06_2020-01-15
0.0,4,CPI m/m|Core CPI m/m|PPI m/m|Core PPI m/m,Neutral|Good|Neutral|Neutral,1,1,0,100.0,0.0,inf,2019-06-10_2019-06-19
0.0,4,CPI m/m|Core CPI m/m|PPI m/m|Core PPI m/m,Neutral|Bad|Bad|Bad,2,2,0,100.0,0.0,inf,2019-09-08_2019-09-17|2024-03-05_2024-03-14
0.0,4,CPI m/m|Core CPI m/m|PPI m/m|Core PPI m/m,Good|Good|Good|Good,8,6,2,75.0,25.0,3.0,2019-10-08_2019-10-17|2022-08-03_2022-08-12|2023-07-09_2023-07-18|2023-11-06_2023-11-15|2025-03-10_2025-03-19|2025-04-09_2025-04-18|2025-05-09_2025-05-18|2025-06-08_2025-06-17
0.0,4,CPI m/m|Core CPI m/m|PPI m/m|Core PPI m/m,Bad|Neutral|Bad|Bad,2,2,0,100.0,0.0,inf,2019-11-07_2019-11-16|2023-10-07_2023-10-16
0.0,4,CPI m/m|Core CPI m/m|PPI m/m|Core PPI m/m,Bad|Neutral|Good|Good,3,3,0,100.0,0.0,inf,2019-12-07_2019-12-16|2024-01-05_2024-01-14|2025-09-06_2025-09-15
0.0,4,CPI m/m|Core CPI m/m|PPI m/m|Core PPI m/m,Good|Good|Bad|Neutral,1,1,0,100.0,0.0,inf,2020-06-04_2020-06-13
0.0,4,CPI m/m|Core CPI m/m|PPI m/m|Core PPI m/m,Bad|Bad|Bad|Bad,3,3,0,100.0,0.0,inf,2020-09-02_2020-09-11|2021-06-09_2021-06-18|2021-07-09_2021-07-18
0.0,4,CPI m/m|Core CPI m/m|PPI m/m|Core PPI m/m,Neutral|Neutral|Bad|Bad,2,1,1,50.0,50.0,1.0,2020-10-12_2020-10-21|2025-08-07_2025-08-16
0.0,4,CPI m/m|Core CPI m/m|PPI m/m|Core PPI m/m,Neutral|Good|Bad|Bad,1,1,0,100.0,0.0,inf,2022-04-05_2022-04-14
0.0,4,CPI m/m|Core CPI m/m|PPI m/m|Core PPI m/m,Bad|Bad|Bad|Neutral,2,2,0,100.0,0.0,inf,2022-10-12_2022-10-21|2025-02-08_2025-02-17
0.0,4,CPI m/m|Core CPI m/m|PPI m/m|Core PPI m/m,Good|Neutral|Good|Good,1,1,0,100.0,0.0,inf,2023-04-10_2023-04-19
0.0,4,CPI m/m|Core CPI m/m|PPI m/m|Core PPI m/m,Bad|Neutral|Neutral|Good,1,0,1,0.0,100.0,0.0,2023-12-06_2023-12-15
0.0,4,CPI m/m|Core CPI m/m|PPI m/m|Core PPI m/m,Bad|Bad|Good|Neutral,1,1,0,100.0,0.0,inf,2024-04-04_2024-04-13
0.0,4,CPI m/m|Core CPI m/m|PPI m/m|Core PPI m/m,Good|Good|Bad|Bad,1,1,0,100.0,0.0,inf,2024-07-03_2024-07-12
0.1,4,CPI m/m|Core CPI m/m|PPI m/m|Core PPI m/m,Neutral|Neutral|Neutral|Neutral,6,6,0,100.0,0.0,inf,2018-03-07_2018-03-16|2019-03-12_2019-03-21|2019-06-10_2019-06-19|2019-09-08_2019-09-17|2020-01-06_2020-01-15|2023-07-09_2023-07-18
0.1,4,CPI m/m|Core CPI m/m|PPI m/m|Core PPI m/m,Neutral|Neutral|Good|Neutral,2,2,0,100.0,0.0,inf,2018-08-04_2018-08-13|2019-02-10_2019-02-19
0.1,4,CPI m/m|Core CPI m/m|PPI m/m|Core PPI m/m,Neutral|Neutral|Neutral|Good,2,0,2,0.0,100.0,0.0,2019-01-11_2019-01-20|2023-12-06_2023-12-15
0.1,4,CPI m/m|Core CPI m/m|PPI m/m|Core PPI m/m,Neutral|Neutral|Good|Good,8,8,0,100.0,0.0,inf,2019-10-08_2019-10-17|2019-12-07_2019-12-16|2022-03-06_2022-03-15|2023-04-10_2023-04-19|2023-11-06_2023-11-15|2024-01-05_2024-01-14|2025-03-10_2025-03-19|2025-05-09_2025-05-18
0.1,4,CPI m/m|Core CPI m/m|PPI m/m|Core PPI m/m,Bad|Neutral|Bad|Neutral,2,2,0,100.0,0.0,inf,2019-11-07_2019-11-16|2023-10-07_2023-10-16
0.1,4,CPI m/m|Core CPI m/m|PPI m/m|Core PPI m/m,Neutral|Neutral|Bad|Neutral,1,1,0,100.0,0.0,inf,2020-06-04_2020-06-13
0.1,4,CPI m/m|Core CPI m/m|PPI m/m|Core PPI m/m,Bad|Bad|Neutral|Bad,1,1,0,100.0,0.0,inf,2020-09-02_2020-09-11
0.1,4,CPI m/m|Core CPI m/m|PPI m/m|Core PPI m/m,Neutral|Neutral|Bad|Bad,2,1,1,50.0,50.0,1.0,2020-10-12_2020-10-21|2025-08-07_2025-08-16
0.1,4,CPI m/m|Core CPI m/m|PPI m/m|Core PPI m/m,Bad|Bad|Bad|Bad,2,2,0,100.0,0.0,inf,2021-06-09_2021-06-18|2021-07-09_2021-07-18
0.1,4,CPI m/m|Core CPI m/m|PPI m/m|Core PPI m/m,Neutral|Good|Bad|Bad,1,1,0,100.0,0.0,inf,2022-04-05_2022-04-14
0.1,4,CPI m/m|Core CPI m/m|PPI m/m|Core PPI m/m,Good|Good|Good|Good,2,0,2,0.0,100.0,0.0,2022-08-03_2022-08-12|2025-04-09_2025-04-18
0.1,4,CPI m/m|Core CPI m/m|PPI m/m|Core PPI m/m,Bad|Bad|Bad|Neutral,2,2,0,100.0,0.0,inf,2022-10-12_2022-10-21|2025-02-08_2025-02-17
0.1,4,CPI m/m|Core CPI m/m|PPI m/m|Core PPI m/m,Neutral|Bad|Bad|Neutral,1,1,0,100.0,0.0,inf,2024-03-05_2024-03-14
0.1,4,CPI m/m|Core CPI m/m|PPI m/m|Core PPI m/m,Bad|Bad|Neutral|Neutral,1,1,0,100.0,0.0,inf,2024-04-04_2024-04-13
0.1,4,CPI m/m|Core CPI m/m|PPI m/m|Core PPI m/m,Good|Neutral|Neutral|Bad,1,1,0,100.0,0.0,inf,2024-07-03_2024-07-12
0.1,4,CPI m/m|Core CPI m/m|PPI m/m|Core PPI m/m,Neutral|Good|Neutral|Good,1,1,0,100.0,0.0,inf,2025-06-08_2025-06-17
0.1,4,CPI m/m|Core CPI m/m|PPI m/m|Core PPI m/m,Bad|Neutral|Good|Good,1,1,0,100.0,0.0,inf,2025-09-06_2025-09-15
0.2,4,CPI m/m|Core CPI m/m|PPI m/m|Core PPI m/m,Neutral|Neutral|Neutral|Neutral,19,17,2,89.5,10.5,8.5,2018-03-07_2018-03-16|2018-08-04_2018-08-13|2019-02-10_2019-02-19|2019-03-12_2019-03-21|2019-06-10_2019-06-19|2019-09-08_2019-09-17|2019-11-07_2019-11-16|2020-01-06_2020-01-15|2020-09-02_2020-09-11|2020-10-12_2020-10-21|2022-10-12_2022-10-21|2023-07-09_2023-07-18|2023-10-07_2023-10-16|2023-12-06_2023-12-15|2024-01-05_2024-01-14|2024-04-04_2024-04-13|2024-07-03_2024-07-12|2025-02-08_2025-02-17|2025-06-08_2025-06-17
0.2,4,CPI m/m|Core CPI m/m|PPI m/m|Core PPI m/m,Neutral|Neutral|Neutral|Good,3,2,1,66.7,33.3,2.0,2019-01-11_2019-01-20|2019-12-07_2019-12-16|2022-03-06_2022-03-15
0.2,4,CPI m/m|Core CPI m/m|PPI m/m|Core PPI m/m,Neutral|Neutral|Good|Good,7,6,1,85.7,14.3,6.0,2019-10-08_2019-10-17|2023-04-10_2023-04-19|2023-11-06_2023-11-15|2025-03-10_2025-03-19|2025-04-09_2025-04-18|2025-05-09_2025-05-18|2025-09-06_2025-09-15
0.2,4,CPI m/m|Core CPI m/m|PPI m/m|Core PPI m/m,Neutral|Neutral|Bad|Neutral,3,3,0,100.0,0.0,inf,2020-06-04_2020-06-13|2021-06-09_2021-06-18|2024-03-05_2024-03-14
0.2,4,CPI m/m|Core CPI m/m|PPI m/m|Core PPI m/m,Bad|Bad|Bad|Bad,1,1,0,100.0,0.0,inf,2021-07-09_2021-07-18
0.2,4,CPI m/m|Core CPI m/m|PPI m/m|Core PPI m/m,Neutral|Neutral|Bad|Bad,2,2,0,100.0,0.0,inf,2022-04-05_2022-04-14|2025-08-07_2025-08-16
0.2,4,CPI m/m|Core CPI m/m|PPI m/m|Core PPI m/m,Neutral|Neutral|Good|Neutral,1,0,1,0.0,100.0,0.0,2022-08-03_2022-08-12
0.3,4,CPI m/m|Core CPI m/m|PPI m/m|Core PPI m/m,Neutral|Neutral|Neutral|Neutral,20,18,2,90.0,10.0,9.0,2018-03-07_2018-03-16|2018-08-04_2018-08-13|2019-02-10_2019-02-19|2019-03-12_2019-03-21|2019-06-10_2019-06-19|2019-09-08_2019-09-17|2019-11-07_2019-11-16|2020-01-06_2020-01-15|2020-09-02_2020-09-11|2020-10-12_2020-10-21|2022-10-12_2022-10-21|2023-07-09_2023-07-18|2023-10-07_2023-10-16|2023-12-06_2023-12-15|2024-01-05_2024-01-14|2024-03-05_2024-03-14|2024-04-04_2024-04-13|2024-07-03_2024-07-12|2025-02-08_2025-02-17|2025-06-08_2025-06-17
0.3,4,CPI m/m|Core CPI m/m|PPI m/m|Core PPI m/m,Neutral|Neutral|Neutral|Good,4,3,1,75.0,25.0,3.0,2019-01-11_2019-01-20|2019-12-07_2019-12-16|2022-03-06_2022-03-15|2025-03-10_2025-03-19
0.3,4,CPI m/m|Core CPI m/m|PPI m/m|Core PPI m/m,Neutral|Neutral|Good|Good,5,4,1,80.0,20.0,4.0,2019-10-08_2019-10-17|2023-04-10_2023-04-19|2025-04-09_2025-04-18|2025-05-09_2025-05-18|2025-09-06_2025-09-15
0.3,4,CPI m/m|Core CPI m/m|PPI m/m|Core PPI m/m,Neutral|Neutral|Bad|Neutral,2,2,0,100.0,0.0,inf,2020-06-04_2020-06-13|2021-06-09_2021-06-18
0.3,4,CPI m/m|Core CPI m/m|PPI m/m|Core PPI m/m,Bad|Bad|Bad|Bad,1,1,0,100.0,0.0,inf,2021-07-09_2021-07-18
0.3,4,CPI m/m|Core CPI m/m|PPI m/m|Core PPI m/m,Neutral|Neutral|Neutral|Bad,1,1,0,100.0,0.0,inf,2022-04-05_2022-04-14
0.3,4,CPI m/m|Core CPI m/m|PPI m/m|Core PPI m/m,Neutral|Neutral|Good|Neutral,2,1,1,50.0,50.0,1.0,2022-08-03_2022-08-12|2023-11-06_2023-11-15
0.3,4,CPI m/m|Core CPI m/m|PPI m/m|Core PPI m/m,Neutral|Neutral|Bad|Bad,1,1,0,100.0,0.0,inf,2025-08-07_2025-08-16
0.0,4,CPI m/m|Core CPI m/m|PPI m/m|FOMC,Bad|Neutral|Neutral|Neutral,1,0,1,0.0,100.0,0.0,2023-12-06_2023-12-15
0.1,4,CPI m/m|Core CPI m/m|PPI m/m|FOMC,Neutral|Neutral|Neutral|Neutral,1,0,1,0.0,100.0,0.0,2023-12-06_2023-12-15
0.2,4,CPI m/m|Core CPI m/m|PPI m/m|FOMC,Neutral|Neutral|Neutral|Neutral,1,0,1,0.0,100.0,0.0,2023-12-06_2023-12-15
0.3,4,CPI m/m|Core CPI m/m|PPI m/m|FOMC,Neutral|Neutral|Neutral|Neutral,1,0,1,0.0,100.0,0.0,2023-12-06_2023-12-15
0.0,4,CPI m/m|Core CPI m/m|PPI m/m|CPI y/y,Neutral|Neutral|Bad|Neutral,2,1,1,50.0,50.0,1.0,2018-03-07_2018-03-16|2020-10-12_2020-10-21
0.0,4,CPI m/m|Core CPI m/m|PPI m/m|CPI y/y,Neutral|Neutral|Good|Neutral,3,2,1,66.7,33.3,2.0,2018-08-04_2018-08-13|2019-01-11_2019-01-20|2022-03-06_2022-03-15
0.0,4,CPI m/m|Core CPI m/m|PPI m/m|CPI y/y,Good|Neutral|Good|Bad,1,1,0,100.0,0.0,inf,2019-02-10_2019-02-19
0.0,4,CPI m/m|Core CPI m/m|PPI m/m|CPI y/y,Neutral|Good|Good|Good,1,1,0,100.0,0.0,inf,2019-03-12_2019-03-21
0.0,4,CPI m/m|Core CPI m/m|PPI m/m|CPI y/y,Neutral|Good|Neutral|Good,1,1,0,100.0,0.0,inf,2019-06-10_2019-06-19
0.0,4,CPI m/m|Core CPI m/m|PPI m/m|CPI y/y,Neutral|Bad|Bad|Good,1,1,0,100.0,0.0,inf,2019-09-08_2019-09-17
0.0,4,CPI m/m|Core CPI m/m|PPI m/m|CPI y/y,Good|Good|Good|Good,8,6,2,75.0,25.0,3.0,2019-10-08_2019-10-17|2022-08-03_2022-08-12|2023-07-09_2023-07-18|2023-11-06_2023-11-15|2025-03-10_2025-03-19|2025-04-09_2025-04-18|2025-05-09_2025-05-18|2025-06-08_2025-06-17
0.0,4,CPI m/m|Core CPI m/m|PPI m/m|CPI y/y,Bad|Neutral|Bad|Bad,2,2,0,100.0,0.0,inf,2019-11-07_2019-11-16|2023-10-07_2023-10-16
0.0,4,CPI m/m|Core CPI m/m|PPI m/m|CPI y/y,Bad|Neutral|Good|Bad,2,2,0,100.0,0.0,inf,2019-12-07_2019-12-16|2024-01-05_2024-01-14
0.0,4,CPI m/m|Core CPI m/m|PPI m/m|CPI y/y,Neutral|Good|Good|Neutral,1,1,0,100.0,0.0,inf,2020-01-06_2020-01-15
0.0,4,CPI m/m|Core CPI m/m|PPI m/m|CPI y/y,Good|Good|Bad|Good,2,2,0,100.0,0.0,inf,2020-06-04_2020-06-13|2024-07-03_2024-07-12
0.0,4,CPI m/m|Core CPI m/m|PPI m/m|CPI y/y,Bad|Bad|Bad|Bad,5,5,0,100.0,0.0,inf,2020-09-02_2020-09-11|2021-06-09_2021-06-18|2021-07-09_2021-07-18|2022-10-12_2022-10-21|2025-02-08_2025-02-17
0.0,4,CPI m/m|Core CPI m/m|PPI m/m|CPI y/y,Neutral|Good|Bad|Bad,1,1,0,100.0,0.0,inf,2022-04-05_2022-04-14
0.0,4,CPI m/m|Core CPI m/m|PPI m/m|CPI y/y,Good|Neutral|Good|Good,1,1,0,100.0,0.0,inf,2023-04-10_2023-04-19
0.0,4,CPI m/m|Core CPI m/m|PPI m/m|CPI y/y,Bad|Neutral|Neutral|Neutral,1,0,1,0.0,100.0,0.0,2023-12-06_2023-12-15
0.0,4,CPI m/m|Core CPI m/m|PPI m/m|CPI y/y,Neutral|Bad|Bad|Bad,1,1,0,100.0,0.0,inf,2024-03-05_2024-03-14
0.0,4,CPI m/m|Core CPI m/m|PPI m/m|CPI y/y,Bad|Bad|Good|Bad,1,1,0,100.0,0.0,inf,2024-04-04_2024-04-13
0.0,4,CPI m/m|Core CPI m/m|PPI m/m|CPI y/y,Neutral|Neutral|Bad|Good,1,1,0,100.0,0.0,inf,2025-08-07_2025-08-16
0.0,4,CPI m/m|Core CPI m/m|PPI m/m|CPI y/y,Bad|Neutral|Good|Neutral,1,1,0,100.0,0.0,inf,2025-09-06_2025-09-15
0.1,4,CPI m/m|Core CPI m/m|PPI m/m|CPI y/y,Neutral|Neutral|Neutral|Neutral,5,3,2,60.0,40.0,1.5,2018-03-07_2018-03-16|2019-01-11_2019-01-20|2019-06-10_2019-06-19|2020-01-06_2020-01-15|2023-12-06_2023-12-15
0.1,4,CPI m/m|Core CPI m/m|PPI m/m|CPI y/y,Neutral|Neutral|Good|Neutral,4,4,0,100.0,0.0,inf,2018-08-04_2018-08-13|2022-03-06_2022-03-15|2023-04-10_2023-04-19|2023-11-06_2023-11-15
0.1,4,CPI m/m|Core CPI m/m|PPI m/m|CPI y/y,Neutral|Neutral|Good|Bad,3,3,0,100.0,0.0,inf,2019-02-10_2019-02-19|2019-12-07_2019-12-16|2024-01-05_2024-01-14
0.1,4,CPI m/m|Core CPI m/m|PPI m/m|CPI y/y,Neutral|Neutral|Neutral|Good,3,3,0,100.0,0.0,inf,2019-03-12_2019-03-21|2019-09-08_2019-09-17|2023-07-09_2023-07-18
0.1,4,CPI m/m|Core CPI m/m|PPI m/m|CPI y/y,Neutral|Neutral|Good|Good,3,3,0,100.0,0.0,inf,2019-10-08_2019-10-17|2025-03-10_2025-03-19|2025-05-09_2025-05-18
0.1,4,CPI m/m|Core CPI m/m|PPI m/m|CPI y/y,Bad|Neutral|Bad|Bad,2,2,0,100.0,0.0,inf,2019-11-07_2019-11-16|2023-10-07_2023-10-16
0.1,4,CPI m/m|Core CPI m/m|PPI m/m|CPI y/y,Neutral|Neutral|Bad|Good,1,1,0,100.0,0.0,inf,2020-06-04_2020-06-13
0.1,4,CPI m/m|Core CPI m/m|PPI m/m|CPI y/y,Bad|Bad|Neutral|Bad,2,2,0,100.0,0.0,inf,2020-09-02_2020-09-11|2024-04-04_2024-04-13
0.1,4,CPI m/m|Core CPI m/m|PPI m/m|CPI y/y,Neutral|Neutral|Bad|Neutral,2,1,1,50.0,50.0,1.0,2020-10-12_2020-10-21|2025-08-07_2025-08-16
0.1,4,CPI m/m|Core CPI m/m|PPI m/m|CPI y/y,Bad|Bad|Bad|Bad,3,3,0,100.0,0.0,inf,2021-06-09_2021-06-18|2021-07-09_2021-07-18|2025-02-08_2025-02-17
0.1,4,CPI m/m|Core CPI m/m|PPI m/m|CPI y/y,Neutral|Good|Bad|Neutral,1,1,0,100.0,0.0,inf,2022-04-05_2022-04-14
0.1,4,CPI m/m|Core CPI m/m|PPI m/m|CPI y/y,Good|Good|Good|Good,2,0,2,0.0,100.0,0.0,2022-08-03_2022-08-12|2025-04-09_2025-04-18
0.1,4,CPI m/m|Core CPI m/m|PPI m/m|CPI y/y,Bad|Bad|Bad|Neutral,1,1,0,100.0,0.0,inf,2022-10-12_2022-10-21
0.1,4,CPI m/m|Core CPI m/m|PPI m/m|CPI y/y,Neutral|Bad|Bad|Bad,1,1,0,100.0,0.0,inf,2024-03-05_2024-03-14
0.1,4,CPI m/m|Core CPI m/m|PPI m/m|CPI y/y,Good|Neutral|Neutral|Good,1,1,0,100.0,0.0,inf,2024-07-03_2024-07-12
0.1,4,CPI m/m|Core CPI m/m|PPI m/m|CPI y/y,Neutral|Good|Neutral|Good,1,1,0,100.0,0.0,inf,2025-06-08_2025-06-17
0.1,4,CPI m/m|Core CPI m/m|PPI m/m|CPI y/y,Bad|Neutral|Good|Neutral,1,1,0,100.0,0.0,inf,2025-09-06_2025-09-15
0.2,4,CPI m/m|Core CPI m/m|PPI m/m|CPI y/y,Neutral|Neutral|Neutral|Neutral,22,19,3,86.4,13.6,6.33,2018-03-07_2018-03-16|2018-08-04_2018-08-13|2019-01-11_2019-01-20|2019-02-10_2019-02-19|2019-03-12_2019-03-21|2019-06-10_2019-06-19|2019-09-08_2019-09-17|2019-11-07_2019-11-16|2019-12-07_2019-12-16|2020-01-06_2020-01-15|2020-09-02_2020-09-11|2020-10-12_2020-10-21|2022-03-06_2022-03-15|2022-10-12_2022-10-21|2023-07-09_2023-07-18|2023-10-07_2023-10-16|2023-12-06_2023-12-15|2024-01-05_2024-01-14|2024-04-04_2024-04-13|2024-07-03_2024-07-12|2025-02-08_2025-02-17|2025-06-08_2025-06-17
0.2,4,CPI m/m|Core CPI m/m|PPI m/m|CPI y/y,Neutral|Neutral|Good|Neutral,8,6,2,75.0,25.0,3.0,2019-10-08_2019-10-17|2022-08-03_2022-08-12|2023-04-10_2023-04-19|2023-11-06_2023-11-15|2025-03-10_2025-03-19|2025-04-09_2025-04-18|2025-05-09_2025-05-18|2025-09-06_2025-09-15
0.2,4,CPI m/m|Core CPI m/m|PPI m/m|CPI y/y,Neutral|Neutral|Bad|Neutral,4,4,0,100.0,0.0,inf,2020-06-04_2020-06-13|2022-04-05_2022-04-14|2024-03-05_2024-03-14|2025-08-07_2025-08-16
0.2,4,CPI m/m|Core CPI m/m|PPI m/m|CPI y/y,Neutral|Neutral|Bad|Bad,1,1,0,100.0,0.0,inf,2021-06-09_2021-06-18
0.2,4,CPI m/m|Core CPI m/m|PPI m/m|CPI y/y,Bad|Bad|Bad|Bad,1,1,0,100.0,0.0,inf,2021-07-09_2021-07-18
0.3,4,CPI m/m|Core CPI m/m|PPI m/m|CPI y/y,Neutral|Neutral|Neutral|Neutral,25,22,3,88.0,12.0,7.33,2018-03-07_2018-03-16|2018-08-04_2018-08-13|2019-01-11_2019-01-20|2019-02-10_2019-02-19|2019-03-12_2019-03-21|2019-06-10_2019-06-19|2019-09-08_2019-09-17|2019-11-07_2019-11-16|2019-12-07_2019-12-16|2020-01-06_2020-01-15|2020-09-02_2020-09-11|2020-10-12_2020-10-21|2022-03-06_2022-03-15|2022-04-05_2022-04-14|2022-10-12_2022-10-21|2023-07-09_2023-07-18|2023-10-07_2023-10-16|2023-12-06_2023-12-15|2024-01-05_2024-01-14|2024-03-05_2024-03-14|2024-04-04_2024-04-13|2024-07-03_2024-07-12|2025-02-08_2025-02-17|2025-03-10_2025-03-19|2025-06-08_2025-06-17
0.3,4,CPI m/m|Core CPI m/m|PPI m/m|CPI y/y,Neutral|Neutral|Good|Neutral,7,5,2,71.4,28.6,2.5,2019-10-08_2019-10-17|2022-08-03_2022-08-12|2023-04-10_2023-04-19|2023-11-06_2023-11-15|2025-04-09_2025-04-18|2025-05-09_2025-05-18|2025-09-06_2025-09-15
0.3,4,CPI m/m|Core CPI m/m|PPI m/m|CPI y/y,Neutral|Neutral|Bad|Neutral,3,3,0,100.0,0.0,inf,2020-06-04_2020-06-13|2021-06-09_2021-06-18|2025-08-07_2025-08-16
0.3,4,CPI m/m|Core CPI m/m|PPI m/m|CPI y/y,Bad|Bad|Bad|Bad,1,1,0,100.0,0.0,inf,2021-07-09_2021-07-18
0.0,4,CPI m/m|Core CPI m/m|Core PPI m/m|FOMC,Bad|Neutral|Good|Neutral,1,0,1,0.0,100.0,0.0,2023-12-06_2023-12-15
0.1,4,CPI m/m|Core CPI m/m|Core PPI m/m|FOMC,Neutral|Neutral|Good|Neutral,1,0,1,0.0,100.0,0.0,2023-12-06_2023-12-15
0.2,4,CPI m/m|Core CPI m/m|Core PPI m/m|FOMC,Neutral|Neutral|Neutral|Neutral,1,0,1,0.0,100.0,0.0,2023-12-06_2023-12-15
0.3,4,CPI m/m|Core CPI m/m|Core PPI m/m|FOMC,Neutral|Neutral|Neutral|Neutral,1,0,1,0.0,100.0,0.0,2023-12-06_2023-12-15
0.0,4,CPI m/m|Core CPI m/m|Core PPI m/m|CPI y/y,Neutral|Neutral|Neutral|Neutral,1,1,0,100.0,0.0,inf,2018-03-07_2018-03-16
0.0,4,CPI m/m|Core CPI m/m|Core PPI m/m|CPI y/y,Neutral|Neutral|Good|Neutral,3,2,1,66.7,33.3,2.0,2018-08-04_2018-08-13|2019-01-11_2019-01-20|2022-03-06_2022-03-15
0.0,4,CPI m/m|Core CPI m/m|Core PPI m/m|CPI y/y,Good|Neutral|Bad|Bad,1,1,0,100.0,0.0,inf,2019-02-10_2019-02-19
0.0,4,CPI m/m|Core CPI m/m|Core PPI m/m|CPI y/y,Neutral|Good|Good|Good,1,1,0,100.0,0.0,inf,2019-03-12_2019-03-21
0.0,4,CPI m/m|Core CPI m/m|Core PPI m/m|CPI y/y,Neutral|Good|Neutral|Good,1,1,0,100.0,0.0,inf,2019-06-10_2019-06-19
0.0,4,CPI m/m|Core CPI m/m|Core PPI m/m|CPI y/y,Neutral|Bad|Bad|Good,1,1,0,100.0,0.0,inf,2019-09-08_2019-09-17
0.0,4,CPI m/m|Core CPI m/m|Core PPI m/m|CPI y/y,Good|Good|Good|Good,8,6,2,75.0,25.0,3.0,2019-10-08_2019-10-17|2022-08-03_2022-08-12|2023-07-09_2023-07-18|2023-11-06_2023-11-15|2025-03-10_2025-03-19|2025-04-09_2025-04-18|2025-05-09_2025-05-18|2025-06-08_2025-06-17
0.0,4,CPI m/m|Core CPI m/m|Core PPI m/m|CPI y/y,Bad|Neutral|Bad|Bad,2,2,0,100.0,0.0,inf,2019-11-07_2019-11-16|2023-10-07_2023-10-16
0.0,4,CPI m/m|Core CPI m/m|Core PPI m/m|CPI y/y,Bad|Neutral|Good|Bad,2,2,0,100.0,0.0,inf,2019-12-07_2019-12-16|2024-01-05_2024-01-14
0.0,4,CPI m/m|Core CPI m/m|Core PPI m/m|CPI y/y,Neutral|Good|Good|Neutral,1,1,0,100.0,0.0,inf,2020-01-06_2020-01-15
0.0,4,CPI m/m|Core CPI m/m|Core PPI m/m|CPI y/y,Good|Good|Neutral|Good,1,1,0,100.0,0.0,inf,2020-06-04_2020-06-13
0.0,4,CPI m/m|Core CPI m/m|Core PPI m/m|CPI y/y,Bad|Bad|Bad|Bad,3,3,0,100.0,0.0,inf,2020-09-02_2020-09-11|2021-06-09_2021-06-18|2021-07-09_2021-07-18
0.0,4,CPI m/m|Core CPI m/m|Core PPI m/m|CPI y/y,Neutral|Neutral|Bad|Neutral,1,0,1,0.0,100.0,0.0,2020-10-12_2020-10-21
0.0,4,CPI m/m|Core CPI m/m|Core PPI m/m|CPI y/y,Neutral|Good|Bad|Bad,1,1,0,100.0,0.0,inf,2022-04-05_2022-04-14
0.0,4,CPI m/m|Core CPI m/m|Core PPI m/m|CPI y/y,Bad|Bad|Neutral|Bad,3,3,0,100.0,0.0,inf,2022-10-12_2022-10-21|2024-04-04_2024-04-13|2025-02-08_2025-02-17
0.0,4,CPI m/m|Core CPI m/m|Core PPI m/m|CPI y/y,Good|Neutral|Good|Good,1,1,0,100.0,0.0,inf,2023-04-10_2023-04-19
0.0,4,CPI m/m|Core CPI m/m|Core PPI m/m|CPI y/y,Bad|Neutral|Good|Neutral,2,1,1,50.0,50.0,1.0,2023-12-06_2023-12-15|2025-09-06_2025-09-15
0.0,4,CPI m/m|Core CPI m/m|Core PPI m/m|CPI y/y,Neutral|Bad|Bad|Bad,1,1,0,100.0,0.0,inf,2024-03-05_2024-03-14
0.0,4,CPI m/m|Core CPI m/m|Core PPI m/m|CPI y/y,Good|Good|Bad|Good,1,1,0,100.0,0.0,inf,2024-07-03_2024-07-12
0.0,4,CPI m/m|Core CPI m/m|Core PPI m/m|CPI y/y,Neutral|Neutral|Bad|Good,1,1,0,100.0,0.0,inf,2025-08-07_2025-08-16
0.1,4,CPI m/m|Core CPI m/m|Core PPI m/m|CPI y/y,Neutral|Neutral|Neutral|Neutral,4,4,0,100.0,0.0,inf,2018-03-07_2018-03-16|2018-08-04_2018-08-13|2019-06-10_2019-06-19|2020-01-06_2020-01-15
0.1,4,CPI m/m|Core CPI m/m|Core PPI m/m|CPI y/y,Neutral|Neutral|Good|Neutral,5,3,2,60.0,40.0,1.5,2019-01-11_2019-01-20|2022-03-06_2022-03-15|2023-04-10_2023-04-19|2023-11-06_2023-11-15|2023-12-06_2023-12-15
0.1,4,CPI m/m|Core CPI m/m|Core PPI m/m|CPI y/y,Neutral|Neutral|Neutral|Bad,1,1,0,100.0,0.0,inf,2019-02-10_2019-02-19
0.1,4,CPI m/m|Core CPI m/m|Core PPI m/m|CPI y/y,Neutral|Neutral|Neutral|Good,4,4,0,100.0,0.0,inf,2019-03-12_2019-03-21|2019-09-08_2019-09-17|2020-06-04_2020-06-13|2023-07-09_2023-07-18
0.1,4,CPI m/m|Core CPI m/m|Core PPI m/m|CPI y/y,Neutral|Neutral|Good|Good,3,3,0,100.0,0.0,inf,2019-10-08_2019-10-17|2025-03-10_2025-03-19|2025-05-09_2025-05-18
0.1,4,CPI m/m|Core CPI m/m|Core PPI m/m|CPI y/y,Bad|Neutral|Neutral|Bad,2,2,0,100.0,0.0,inf,2019-11-07_2019-11-16|2023-10-07_2023-10-16
0.1,4,CPI m/m|Core CPI m/m|Core PPI m/m|CPI y/y,Neutral|Neutral|Good|Bad,2,2,0,100.0,0.0,inf,2019-12-07_2019-12-16|2024-01-05_2024-01-14
0.1,4,CPI m/m|Core CPI m/m|Core PPI m/m|CPI y/y,Bad|Bad|Bad|Bad,3,3,0,100.0,0.0,inf,2020-09-02_2020-09-11|2021-06-09_2021-06-18|2021-07-09_2021-07-18
0.1,4,CPI m/m|Core CPI m/m|Core PPI m/m|CPI y/y,Neutral|Neutral|Bad|Neutral,2,1,1,50.0,50.0,1.0,2020-10-12_2020-10-21|2025-08-07_2025-08-16
0.1,4,CPI m/m|Core CPI m/m|Core PPI m/m|CPI y/y,Neutral|Good|Bad|Neutral,1,1,0,100.0,0.0,inf,2022-04-05_2022-04-14
0.1,4,CPI m/m|Core CPI m/m|Core PPI m/m|CPI y/y,Good|Good|Good|Good,2,0,2,0.0,100.0,0.0,2022-08-03_2022-08-12|2025-04-09_2025-04-18
0.1,4,CPI m/m|Core CPI m/m|Core PPI m/m|CPI y/y,Bad|Bad|Neutral|Neutral,1,1,0,100.0,0.0,inf,2022-10-12_2022-10-21
0.1,4,CPI m/m|Core CPI m/m|Core PPI m/m|CPI y/y,Neutral|Bad|Neutral|Bad,1,1,0,100.0,0.0,inf,2024-03-05_2024-03-14
0.1,4,CPI m/m|Core CPI m/m|Core PPI m/m|CPI y/y,Bad|Bad|Neutral|Bad,2,2,0,100.0,0.0,inf,2024-04-04_2024-04-13|2025-02-08_2025-02-17
0.1,4,CPI m/m|Core CPI m/m|Core PPI m/m|CPI y/y,Good|Neutral|Bad|Good,1,1,0,100.0,0.0,inf,2024-07-03_2024-07-12
0.1,4,CPI m/m|Core CPI m/m|Core PPI m/m|CPI y/y,Neutral|Good|Good|Good,1,1,0,100.0,0.0,inf,2025-06-08_2025-06-17
0.1,4,CPI m/m|Core CPI m/m|Core PPI m/m|CPI y/y,Bad|Neutral|Good|Neutral,1,1,0,100.0,0.0,inf,2025-09-06_2025-09-15
0.2,4,CPI m/m|Core CPI m/m|Core PPI m/m|CPI y/y,Neutral|Neutral|Neutral|Neutral,22,19,3,86.4,13.6,6.33,2018-03-07_2018-03-16|2018-08-04_2018-08-13|2019-02-10_2019-02-19|2019-03-12_2019-03-21|2019-06-10_2019-06-19|2019-09-08_2019-09-17|2019-11-07_2019-11-16|2020-01-06_2020-01-15|2020-06-04_2020-06-13|2020-09-02_2020-09-11|2020-10-12_2020-10-21|2022-08-03_2022-08-12|2022-10-12_2022-10-21|2023-07-09_2023-07-18|2023-10-07_2023-10-16|2023-12-06_2023-12-15|2024-01-05_2024-01-14|2024-03-05_2024-03-14|2024-04-04_2024-04-13|2024-07-03_2024-07-12|2025-02-08_2025-02-17|2025-06-08_2025-06-17
0.2,4,CPI m/m|Core CPI m/m|Core PPI m/m|CPI y/y,Neutral|Neutral|Good|Neutral,10,8,2,80.0,20.0,4.0,2019-01-11_2019-01-20|2019-10-08_2019-10-17|2019-12-07_2019-12-16|2022-03-06_2022-03-15|2023-04-10_2023-04-19|2023-11-06_2023-11-15|2025-03-10_2025-03-19|2025-04-09_2025-04-18|2025-05-09_2025-05-18|2025-09-06_2025-09-15
0.2,4,CPI m/m|Core CPI m/m|Core PPI m/m|CPI y/y,Neutral|Neutral|Neutral|Bad,1,1,0,100.0,0.0,inf,2021-06-09_2021-06-18
0.2,4,CPI m/m|Core CPI m/m|Core PPI m/m|CPI y/y,Bad|Bad|Bad|Bad,1,1,0,100.0,0.0,inf,2021-07-09_2021-07-18
0.2,4,CPI m/m|Core CPI m/m|Core PPI m/m|CPI y/y,Neutral|Neutral|Bad|Neutral,2,2,0,100.0,0.0,inf,2022-04-05_2022-04-14|2025-08-07_2025-08-16
0.3,4,CPI m/m|Core CPI m/m|Core PPI m/m|CPI y/y,Neutral|Neutral|Neutral|Neutral,24,21,3,87.5,12.5,7.0,2018-03-07_2018-03-16|2018-08-04_2018-08-13|2019-02-10_2019-02-19|2019-03-12_2019-03-21|2019-06-10_2019-06-19|2019-09-08_2019-09-17|2019-11-07_2019-11-16|2020-01-06_2020-01-15|2020-06-04_2020-06-13|2020-09-02_2020-09-11|2020-10-12_2020-10-21|2021-06-09_2021-06-18|2022-08-03_2022-08-12|2022-10-12_2022-10-21|2023-07-09_2023-07-18|2023-10-07_2023-10-16|2023-11-06_2023-11-15|2023-12-06_2023-12-15|2024-01-05_2024-01-14|2024-03-05_2024-03-14|2024-04-04_2024-04-13|2024-07-03_2024-07-12|2025-02-08_2025-02-17|2025-06-08_2025-06-17
0.3,4,CPI m/m|Core CPI m/m|Core PPI m/m|CPI y/y,Neutral|Neutral|Good|Neutral,9,7,2,77.8,22.2,3.5,2019-01-11_2019-01-20|2019-10-08_2019-10-17|2019-12-07_2019-12-16|2022-03-06_2022-03-15|2023-04-10_2023-04-19|2025-03-10_2025-03-19|2025-04-09_2025-04-18|2025-05-09_2025-05-18|2025-09-06_2025-09-15
0.3,4,CPI m/m|Core CPI m/m|Core PPI m/m|CPI y/y,Bad|Bad|Bad|Bad,1,1,0,100.0,0.0,inf,2021-07-09_2021-07-18
0.3,4,CPI m/m|Core CPI m/m|Core PPI m/m|CPI y/y,Neutral|Neutral|Bad|Neutral,2,2,0,100.0,0.0,inf,2022-04-05_2022-04-14|2025-08-07_2025-08-16
0.0,4,CPI m/m|Core CPI m/m|FOMC|CPI y/y,Bad|Neutral|Neutral|Neutral,1,0,1,0.0,100.0,0.0,2023-12-06_2023-12-15
0.1,4,CPI m/m|Core CPI m/m|FOMC|CPI y/y,Neutral|Neutral|Neutral|Neutral,1,0,1,0.0,100.0,0.0,2023-12-06_2023-12-15
0.2,4,CPI m/m|Core CPI m/m|FOMC|CPI y/y,Neutral|Neutral|Neutral|Neutral,1,0,1,0.0,100.0,0.0,2023-12-06_2023-12-15
0.3,4,CPI m/m|Core CPI m/m|FOMC|CPI y/y,Neutral|Neutral|Neutral|Neutral,1,0,1,0.0,100.0,0.0,2023-12-06_2023-12-15
0.0,4,CPI m/m|PPI m/m|Core PPI m/m|FOMC,Bad|Neutral|Good|Neutral,1,0,1,0.0,100.0,0.0,2023-12-06_2023-12-15
0.1,4,CPI m/m|PPI m/m|Core PPI m/m|FOMC,Neutral|Neutral|Good|Neutral,1,0,1,0.0,100.0,0.0,2023-12-06_2023-12-15
0.2,4,CPI m/m|PPI m/m|Core PPI m/m|FOMC,Neutral|Neutral|Neutral|Neutral,1,0,1,0.0,100.0,0.0,2023-12-06_2023-12-15
0.3,4,CPI m/m|PPI m/m|Core PPI m/m|FOMC,Neutral|Neutral|Neutral|Neutral,1,0,1,0.0,100.0,0.0,2023-12-06_2023-12-15
0.0,4,CPI m/m|PPI m/m|Core PPI m/m|CPI y/y,Neutral|Bad|Neutral|Neutral,1,1,0,100.0,0.0,inf,2018-03-07_2018-03-16
0.0,4,CPI m/m|PPI m/m|Core PPI m/m|CPI y/y,Neutral|Good|Good|Neutral,4,3,1,75.0,25.0,3.0,2018-08-04_2018-08-13|2019-01-11_2019-01-20|2020-01-06_2020-01-15|2022-03-06_2022-03-15
0.0,4,CPI m/m|PPI m/m|Core PPI m/m|CPI y/y,Good|Good|Bad|Bad,1,1,0,100.0,0.0,inf,2019-02-10_2019-02-19
0.0,4,CPI m/m|PPI m/m|Core PPI m/m|CPI y/y,Neutral|Good|Good|Good,1,1,0,100.0,0.0,inf,2019-03-12_2019-03-21
0.0,4,CPI m/m|PPI m/m|Core PPI m/m|CPI y/y,Neutral|Neutral|Neutral|Good,1,1,0,100.0,0.0,inf,2019-06-10_2019-06-19
0.0,4,CPI m/m|PPI m/m|Core PPI m/m|CPI y/y,Neutral|Bad|Bad|Good,2,2,0,100.0,0.0,inf,2019-09-08_2019-09-17|2025-08-07_2025-08-16
0.0,4,CPI m/m|PPI m/m|Core PPI m/m|CPI y/y,Good|Good|Good|Good,9,7,2,77.8,22.2,3.5,2019-10-08_2019-10-17|2022-08-03_2022-08-12|2023-04-10_2023-04-19|2023-07-09_2023-07-18|2023-11-06_2023-11-15|2025-03-10_2025-03-19|2025-04-09_2025-04-18|2025-05-09_2025-05-18|2025-06-08_2025-06-17
0.0,4,CPI m/m|PPI m/m|Core PPI m/m|CPI y/y,Bad|Bad|Bad|Bad,5,5,0,100.0,0.0,inf,2019-11-07_2019-11-16|2020-09-02_2020-09-11|2021-06-09_2021-06-18|2021-07-09_2021-07-18|2023-10-07_2023-10-16
0.0,4,CPI m/m|PPI m/m|Core PPI m/m|CPI y/y,Bad|Good|Good|Bad,2,2,0,100.0,0.0,inf,2019-12-07_2019-12-16|2024-01-05_2024-01-14
0.0,4,CPI m/m|PPI m/m|Core PPI m/m|CPI y/y,Good|Bad|Neutral|Good,1,1,0,100.0,0.0,inf,2020-06-04_2020-06-13
0.0,4,CPI m/m|PPI m/m|Core PPI m/m|CPI y/y,Neutral|Bad|Bad|Neutral,1,0,1,0.0,100.0,0.0,2020-10-12_2020-10-21
0.0,4,CPI m/m|PPI m/m|Core PPI m/m|CPI y/y,Neutral|Bad|Bad|Bad,2,2,0,100.0,0.0,inf,2022-04-05_2022-04-14|2024-03-05_2024-03-14
0.0,4,CPI m/m|PPI m/m|Core PPI m/m|CPI y/y,Bad|Bad|Neutral|Bad,2,2,0,100.0,0.0,inf,2022-10-12_2022-10-21|2025-02-08_2025-02-17
0.0,4,CPI m/m|PPI m/m|Core PPI m/m|CPI y/y,Bad|Neutral|Good|Neutral,1,0,1,0.0,100.0,0.0,2023-12-06_2023-12-15
0.0,4,CPI m/m|PPI m/m|Core PPI m/m|CPI y/y,Bad|Good|Neutral|Bad,1,1,0,100.0,0.0,inf,2024-04-04_2024-04-13
0.0,4,CPI m/m|PPI m/m|Core PPI m/m|CPI y/y,Good|Bad|Bad|Good,1,1,0,100.0,0.0,inf,2024-07-03_2024-07-12
0.0,4,CPI m/m|PPI m/m|Core PPI m/m|CPI y/y,Bad|Good|Good|Neutral,1,1,0,100.0,0.0,inf,2025-09-06_2025-09-15
0.1,4,CPI m/m|PPI m/m|Core PPI m/m|CPI y/y,Neutral|Neutral|Neutral|Neutral,3,3,0,100.0,0.0,inf,2018-03-07_2018-03-16|2019-06-10_2019-06-19|2020-01-06_2020-01-15
0.1,4,CPI m/m|PPI m/m|Core PPI m/m|CPI y/y,Neutral|Good|Neutral|Neutral,1,1,0,100.0,0.0,inf,2018-08-04_2018-08-13
0.1,4,CPI m/m|PPI m/m|Core PPI m/m|CPI y/y,Neutral|Neutral|Good|Neutral,2,0,2,0.0,100.0,0.0,2019-01-11_2019-01-20|2023-12-06_2023-12-15
0.1,4,CPI m/m|PPI m/m|Core PPI m/m|CPI y/y,Neutral|Good|Neutral|Bad,1,1,0,100.0,0.0,inf,2019-02-10_2019-02-19
0.1,4,CPI m/m|PPI m/m|Core PPI m/m|CPI y/y,Neutral|Neutral|Neutral|Good,3,3,0,100.0,0.0,inf,2019-03-12_2019-03-21|2019-09-08_2019-09-17|2023-07-09_2023-07-18
0.1,4,CPI m/m|PPI m/m|Core PPI m/m|CPI y/y,Neutral|Good|Good|Good,3,3,0,100.0,0.0,inf,2019-10-08_2019-10-17|2025-03-10_2025-03-19|2025-05-09_2025-05-18
0.1,4,CPI m/m|PPI m/m|Core PPI m/m|CPI y/y,Bad|Bad|Neutral|Bad,3,3,0,100.0,0.0,inf,2019-11-07_2019-11-16|2023-10-07_2023-10-16|2025-02-08_2025-02-17
0.1,4,CPI m/m|PPI m/m|Core PPI m/m|CPI y/y,Neutral|Good|Good|Bad,2,2,0,100.0,0.0,inf,2019-12-07_2019-12-16|2024-01-05_2024-01-14
0.1,4,CPI m/m|PPI m/m|Core PPI m/m|CPI y/y,Neutral|Bad|Neutral|Good,1,1,0,100.0,0.0,inf,2020-06-04_2020-06-13
0.1,4,CPI m/m|PPI m/m|Core PPI m/m|CPI y/y,Bad|Neutral|Bad|Bad,1,1,0,100.0,0.0,inf,2020-09-02_2020-09-11
0.1,4,CPI m/m|PPI m/m|Core PPI m/m|CPI y/y,Neutral|Bad|Bad|Neutral,3,2,1,66.7,33.3,2.0,2020-10-12_2020-10-21|2022-04-05_2022-04-14|2025-08-07_2025-08-16
0.1,4,CPI m/m|PPI m/m|Core PPI m/m|CPI y/y,Bad|Bad|Bad|Bad,2,2,0,100.0,0.0,inf,2021-06-09_2021-06-18|2021-07-09_2021-07-18
0.1,4,CPI m/m|PPI m/m|Core PPI m/m|CPI y/y,Neutral|Good|Good|Neutral,3,3,0,100.0,0.0,inf,2022-03-06_2022-03-15|2023-04-10_2023-04-19|2023-11-06_2023-11-15
0.1,4,CPI m/m|PPI m/m|Core PPI m/m|CPI y/y,Good|Good|Good|Good,2,0,2,0.0,100.0,0.0,2022-08-03_2022-08-12|2025-04-09_2025-04-18
0.1,4,CPI m/m|PPI m/m|Core PPI m/m|CPI y/y,Bad|Bad|Neutral|Neutral,1,1,0,100.0,0.0,inf,2022-10-12_2022-10-21
0.1,4,CPI m/m|PPI m/m|Core PPI m/m|CPI y/y,Neutral|Bad|Neutral|Bad,1,1,0,100.0,0.0,inf,2024-03-05_2024-03-14
0.1,4,CPI m/m|PPI m/m|Core PPI m/m|CPI y/y,Bad|Neutral|Neutral|Bad,1,1,0,100.0,0.0,inf,2024-04-04_2024-04-13
0.1,4,CPI m/m|PPI m/m|Core PPI m/m|CPI y/y,Good|Neutral|Bad|Good,1,1,0,100.0,0.0,inf,2024-07-03_2024-07-12
0.1,4,CPI m/m|PPI m/m|Core PPI m/m|CPI y/y,Neutral|Neutral|Good|Good,1,1,0,100.0,0.0,inf,2025-06-08_2025-06-17
0.1,4,CPI m/m|PPI m/m|Core PPI m/m|CPI y/y,Bad|Good|Good|Neutral,1,1,0,100.0,0.0,inf,2025-09-06_2025-09-15
0.2,4,CPI m/m|PPI m/m|Core PPI m/m|CPI y/y,Neutral|Neutral|Neutral|Neutral,19,17,2,89.5,10.5,8.5,2018-03-07_2018-03-16|2018-08-04_2018-08-13|2019-02-10_2019-02-19|2019-03-12_2019-03-21|2019-06-10_2019-06-19|2019-09-08_2019-09-17|2019-11-07_2019-11-16|2020-01-06_2020-01-15|2020-09-02_2020-09-11|2020-10-12_2020-10-21|2022-10-12_2022-10-21|2023-07-09_2023-07-18|2023-10-07_2023-10-16|2023-12-06_2023-12-15|2024-01-05_2024-01-14|2024-04-04_2024-04-13|2024-07-03_2024-07-12|2025-02-08_2025-02-17|2025-06-08_2025-06-17
0.2,4,CPI m/m|PPI m/m|Core PPI m/m|CPI y/y,Neutral|Neutral|Good|Neutral,3,2,1,66.7,33.3,2.0,2019-01-11_2019-01-20|2019-12-07_2019-12-16|2022-03-06_2022-03-15
0.2,4,CPI m/m|PPI m/m|Core PPI m/m|CPI y/y,Neutral|Good|Good|Neutral,7,6,1,85.7,14.3,6.0,2019-10-08_2019-10-17|2023-04-10_2023-04-19|2023-11-06_2023-11-15|2025-03-10_2025-03-19|2025-04-09_2025-04-18|2025-05-09_2025-05-18|2025-09-06_2025-09-15
0.2,4,CPI m/m|PPI m/m|Core PPI m/m|CPI y/y,Neutral|Bad|Neutral|Neutral,2,2,0,100.0,0.0,inf,2020-06-04_2020-06-13|2024-03-05_2024-03-14
0.2,4,CPI m/m|PPI m/m|Core PPI m/m|CPI y/y,Neutral|Bad|Neutral|Bad,1,1,0,100.0,0.0,inf,2021-06-09_2021-06-18
0.2,4,CPI m/m|PPI m/m|Core PPI m/m|CPI y/y,Bad|Bad|Bad|Bad,1,1,0,100.0,0.0,inf,2021-07-09_2021-07-18
0.2,4,CPI m/m|PPI m/m|Core PPI m/m|CPI y/y,Neutral|Bad|Bad|Neutral,2,2,0,100.0,0.0,inf,2022-04-05_2022-04-14|2025-08-07_2025-08-16
0.2,4,CPI m/m|PPI m/m|Core PPI m/m|CPI y/y,Neutral|Good|Neutral|Neutral,1,0,1,0.0,100.0,0.0,2022-08-03_2022-08-12
0.3,4,CPI m/m|PPI m/m|Core PPI m/m|CPI y/y,Neutral|Neutral|Neutral|Neutral,20,18,2,90.0,10.0,9.0,2018-03-07_2018-03-16|2018-08-04_2018-08-13|2019-02-10_2019-02-19|2019-03-12_2019-03-21|2019-06-10_2019-06-19|2019-09-08_2019-09-17|2019-11-07_2019-11-16|2020-01-06_2020-01-15|2020-09-02_2020-09-11|2020-10-12_2020-10-21|2022-10-12_2022-10-21|2023-07-09_2023-07-18|2023-10-07_2023-10-16|2023-12-06_2023-12-15|2024-01-05_2024-01-14|2024-03-05_2024-03-14|2024-04-04_2024-04-13|2024-07-03_2024-07-12|2025-02-08_2025-02-17|2025-06-08_2025-06-17
0.3,4,CPI m/m|PPI m/m|Core PPI m/m|CPI y/y,Neutral|Neutral|Good|Neutral,4,3,1,75.0,25.0,3.0,2019-01-11_2019-01-20|2019-12-07_2019-12-16|2022-03-06_2022-03-15|2025-03-10_2025-03-19
0.3,4,CPI m/m|PPI m/m|Core PPI m/m|CPI y/y,Neutral|Good|Good|Neutral,5,4,1,80.0,20.0,4.0,2019-10-08_2019-10-17|2023-04-10_2023-04-19|2025-04-09_2025-04-18|2025-05-09_2025-05-18|2025-09-06_2025-09-15
0.3,4,CPI m/m|PPI m/m|Core PPI m/m|CPI y/y,Neutral|Bad|Neutral|Neutral,2,2,0,100.0,0.0,inf,2020-06-04_2020-06-13|2021-06-09_2021-06-18
0.3,4,CPI m/m|PPI m/m|Core PPI m/m|CPI y/y,Bad|Bad|Bad|Bad,1,1,0,100.0,0.0,inf,2021-07-09_2021-07-18
0.3,4,CPI m/m|PPI m/m|Core PPI m/m|CPI y/y,Neutral|Neutral|Bad|Neutral,1,1,0,100.0,0.0,inf,2022-04-05_2022-04-14
0.3,4,CPI m/m|PPI m/m|Core PPI m/m|CPI y/y,Neutral|Good|Neutral|Neutral,2,1,1,50.0,50.0,1.0,2022-08-03_2022-08-12|2023-11-06_2023-11-15
0.3,4,CPI m/m|PPI m/m|Core PPI m/m|CPI y/y,Neutral|Bad|Bad|Neutral,1,1,0,100.0,0.0,inf,2025-08-07_2025-08-16
0.0,4,CPI m/m|PPI m/m|FOMC|CPI y/y,Bad|Neutral|Neutral|Neutral,1,0,1,0.0,100.0,0.0,2023-12-06_2023-12-15
0.1,4,CPI m/m|PPI m/m|FOMC|CPI y/y,Neutral|Neutral|Neutral|Neutral,1,0,1,0.0,100.0,0.0,2023-12-06_2023-12-15
0.2,4,CPI m/m|PPI m/m|FOMC|CPI y/y,Neutral|Neutral|Neutral|Neutral,1,0,1,0.0,100.0,0.0,2023-12-06_2023-12-15
0.3,4,CPI m/m|PPI m/m|FOMC|CPI y/y,Neutral|Neutral|Neutral|Neutral,1,0,1,0.0,100.0,0.0,2023-12-06_2023-12-15
0.0,4,CPI m/m|Core PPI m/m|FOMC|CPI y/y,Bad|Good|Neutral|Neutral,1,0,1,0.0,100.0,0.0,2023-12-06_2023-12-15
0.1,4,CPI m/m|Core PPI m/m|FOMC|CPI y/y,Neutral|Good|Neutral|Neutral,1,0,1,0.0,100.0,0.0,2023-12-06_2023-12-15
0.2,4,CPI m/m|Core PPI m/m|FOMC|CPI y/y,Neutral|Neutral|Neutral|Neutral,1,0,1,0.0,100.0,0.0,2023-12-06_2023-12-15
0.3,4,CPI m/m|Core PPI m/m|FOMC|CPI y/y,Neutral|Neutral|Neutral|Neutral,1,0,1,0.0,100.0,0.0,2023-12-06_2023-12-15
0.0,4,Core CPI m/m|PPI m/m|Core PPI m/m|FOMC,Neutral|Neutral|Good|Neutral,1,0,1,0.0,100.0,0.0,2023-12-06_2023-12-15
0.1,4,Core CPI m/m|PPI m/m|Core PPI m/m|FOMC,Neutral|Neutral|Good|Neutral,1,0,1,0.0,100.0,0.0,2023-12-06_2023-12-15
0.2,4,Core CPI m/m|PPI m/m|Core PPI m/m|FOMC,Neutral|Neutral|Neutral|Neutral,1,0,1,0.0,100.0,0.0,2023-12-06_2023-12-15
0.3,4,Core CPI m/m|PPI m/m|Core PPI m/m|FOMC,Neutral|Neutral|Neutral|Neutral,1,0,1,0.0,100.0,0.0,2023-12-06_2023-12-15
0.0,4,Core CPI m/m|PPI m/m|Core PPI m/m|CPI y/y,Neutral|Bad|Neutral|Neutral,1,1,0,100.0,0.0,inf,2018-03-07_2018-03-16
0.0,4,Core CPI m/m|PPI m/m|Core PPI m/m|CPI y/y,Neutral|Good|Good|Neutral,4,3,1,75.0,25.0,3.0,2018-08-04_2018-08-13|2019-01-11_2019-01-20|2022-03-06_2022-03-15|2025-09-06_2025-09-15
0.0,4,Core CPI m/m|PPI m/m|Core PPI m/m|CPI y/y,Neutral|Good|Bad|Bad,1,1,0,100.0,0.0,inf,2019-02-10_2019-02-19
0.0,4,Core CPI m/m|PPI m/m|Core PPI m/m|CPI y/y,Good|Good|Good|Good,9,7,2,77.8,22.2,3.5,2019-03-12_2019-03-21|2019-10-08_2019-10-17|2022-08-03_2022-08-12|2023-07-09_2023-07-18|2023-11-06_2023-11-15|2025-03-10_2025-03-19|2025-04-09_2025-04-18|2025-05-09_2025-05-18|2025-06-08_2025-06-17
0.0,4,Core CPI m/m|PPI m/m|Core PPI m/m|CPI y/y,Good|Neutral|Neutral|Good,1,1,0,100.0,0.0,inf,2019-06-10_2019-06-19
0.0,4,Core CPI m/m|PPI m/m|Core PPI m/m|CPI y/y,Bad|Bad|Bad|Good,1,1,0,100.0,0.0,inf,2019-09-08_2019-09-17
0.0,4,Core CPI m/m|PPI m/m|Core PPI m/m|CPI y/y,Neutral|Bad|Bad|Bad,2,2,0,100.0,0.0,inf,2019-11-07_2019-11-16|2023-10-07_2023-10-16
0.0,4,Core CPI m/m|PPI m/m|Core PPI m/m|CPI y/y,Neutral|Good|Good|Bad,2,2,0,100.0,0.0,inf,2019-12-07_2019-12-16|2024-01-05_2024-01-14
0.0,4,Core CPI m/m|PPI m/m|Core PPI m/m|CPI y/y,Good|Good|Good|Neutral,1,1,0,100.0,0.0,inf,2020-01-06_2020-01-15
0.0,4,Core CPI m/m|PPI m/m|Core PPI m/m|CPI y/y,Good|Bad|Neutral|Good,1,1,0,100.0,0.0,inf,2020-06-04_2020-06-13
0.0,4,Core CPI m/m|PPI m/m|Core PPI m/m|CPI y/y,Bad|Bad|Bad|Bad,4,4,0,100.0,0.0,inf,2020-09-02_2020-09-11|2021-06-09_2021-06-18|2021-07-09_2021-07-18|2024-03-05_2024-03-14
0.0,4,Core CPI m/m|PPI m/m|Core PPI m/m|CPI y/y,Neutral|Bad|Bad|Neutral,1,0,1,0.0,100.0,0.0,2020-10-12_2020-10-21
0.0,4,Core CPI m/m|PPI m/m|Core PPI m/m|CPI y/y,Good|Bad|Bad|Bad,1,1,0,100.0,0.0,inf,2022-04-05_2022-04-14
0.0,4,Core CPI m/m|PPI m/m|Core PPI m/m|CPI y/y,Bad|Bad|Neutral|Bad,2,2,0,100.0,0.0,inf,2022-10-12_2022-10-21|2025-02-08_2025-02-17
0.0,4,Core CPI m/m|PPI m/m|Core PPI m/m|CPI y/y,Neutral|Good|Good|Good,1,1,0,100.0,0.0,inf,2023-04-10_2023-04-19
0.0,4,Core CPI m/m|PPI m/m|Core PPI m/m|CPI y/y,Neutral|Neutral|Good|Neutral,1,0,1,0.0,100.0,0.0,2023-12-06_2023-12-15
0.0,4,Core CPI m/m|PPI m/m|Core PPI m/m|CPI y/y,Bad|Good|Neutral|Bad,1,1,0,100.0,0.0,inf,2024-04-04_2024-04-13
0.0,4,Core CPI m/m|PPI m/m|Core PPI m/m|CPI y/y,Good|Bad|Bad|Good,1,1,0,100.0,0.0,inf,2024-07-03_2024-07-12
0.0,4,Core CPI m/m|PPI m/m|Core PPI m/m|CPI y/y,Neutral|Bad|Bad|Good,1,1,0,100.0,0.0,inf,2025-08-07_2025-08-16
0.1,4,Core CPI m/m|PPI m/m|Core PPI m/m|CPI y/y,Neutral|Neutral|Neutral|Neutral,3,3,0,100.0,0.0,inf,2018-03-07_2018-03-16|2019-06-10_2019-06-19|2020-01-06_2020-01-15
0.1,4,Core CPI m/m|PPI m/m|Core PPI m/m|CPI y/y,Neutral|Good|Neutral|Neutral,1,1,0,100.0,0.0,inf,2018-08-04_2018-08-13
0.1,4,Core CPI m/m|PPI m/m|Core PPI m/m|CPI y/y,Neutral|Neutral|Good|Neutral,2,0,2,0.0,100.0,0.0,2019-01-11_2019-01-20|2023-12-06_2023-12-15
0.1,4,Core CPI m/m|PPI m/m|Core PPI m/m|CPI y/y,Neutral|Good|Neutral|Bad,1,1,0,100.0,0.0,inf,2019-02-10_2019-02-19
0.1,4,Core CPI m/m|PPI m/m|Core PPI m/m|CPI y/y,Neutral|Neutral|Neutral|Good,3,3,0,100.0,0.0,inf,2019-03-12_2019-03-21|2019-09-08_2019-09-17|2023-07-09_2023-07-18
0.1,4,Core CPI m/m|PPI m/m|Core PPI m/m|CPI y/y,Neutral|Good|Good|Good,3,3,0,100.0,0.0,inf,2019-10-08_2019-10-17|2025-03-10_2025-03-19|2025-05-09_2025-05-18
0.1,4,Core CPI m/m|PPI m/m|Core PPI m/m|CPI y/y,Neutral|Bad|Neutral|Bad,2,2,0,100.0,0.0,inf,2019-11-07_2019-11-16|2023-10-07_2023-10-16
0.1,4,Core CPI m/m|PPI m/m|Core PPI m/m|CPI y/y,Neutral|Good|Good|Bad,2,2,0,100.0,0.0,inf,2019-12-07_2019-12-16|2024-01-05_2024-01-14
0.1,4,Core CPI m/m|PPI m/m|Core PPI m/m|CPI y/y,Neutral|Bad|Neutral|Good,1,1,0,100.0,0.0,inf,2020-06-04_2020-06-13
0.1,4,Core CPI m/m|PPI m/m|Core PPI m/m|CPI y/y,Bad|Neutral|Bad|Bad,1,1,0,100.0,0.0,inf,2020-09-02_2020-09-11
0.1,4,Core CPI m/m|PPI m/m|Core PPI m/m|CPI y/y,Neutral|Bad|Bad|Neutral,2,1,1,50.0,50.0,1.0,2020-10-12_2020-10-21|2025-08-07_2025-08-16
0.1,4,Core CPI m/m|PPI m/m|Core PPI m/m|CPI y/y,Bad|Bad|Bad|Bad,2,2,0,100.0,0.0,inf,2021-06-09_2021-06-18|2021-07-09_2021-07-18
0.1,4,Core CPI m/m|PPI m/m|Core PPI m/m|CPI y/y,Neutral|Good|Good|Neutral,4,4,0,100.0,0.0,inf,2022-03-06_2022-03-15|2023-04-10_2023-04-19|2023-11-06_2023-11-15|2025-09-06_2025-09-15
0.1,4,Core CPI m/m|PPI m/m|Core PPI m/m|CPI y/y,Good|Bad|Bad|Neutral,1,1,0,100.0,0.0,inf,2022-04-05_2022-04-14
0.1,4,Core CPI m/m|PPI m/m|Core PPI m/m|CPI y/y,Good|Good|Good|Good,2,0,2,0.0,100.0,0.0,2022-08-03_2022-08-12|2025-04-09_2025-04-18
0.1,4,Core CPI m/m|PPI m/m|Core PPI m/m|CPI y/y,Bad|Bad|Neutral|Neutral,1,1,0,100.0,0.0,inf,2022-10-12_2022-10-21
0.1,4,Core CPI m/m|PPI m/m|Core PPI m/m|CPI y/y,Bad|Bad|Neutral|Bad,2,2,0,100.0,0.0,inf,2024-03-05_2024-03-14|2025-02-08_2025-02-17
0.1,4,Core CPI m/m|PPI m/m|Core PPI m/m|CPI y/y,Bad|Neutral|Neutral|Bad,1,1,0,100.0,0.0,inf,2024-04-04_2024-04-13
0.1,4,Core CPI m/m|PPI m/m|Core PPI m/m|CPI y/y,Neutral|Neutral|Bad|Good,1,1,0,100.0,0.0,inf,2024-07-03_2024-07-12
0.1,4,Core CPI m/m|PPI m/m|Core PPI m/m|CPI y/y,Good|Neutral|Good|Good,1,1,0,100.0,0.0,inf,2025-06-08_2025-06-17
0.2,4,Core CPI m/m|PPI m/m|Core PPI m/m|CPI y/y,Neutral|Neutral|Neutral|Neutral,19,17,2,89.5,10.5,8.5,2018-03-07_2018-03-16|2018-08-04_2018-08-13|2019-02-10_2019-02-19|2019-03-12_2019-03-21|2019-06-10_2019-06-19|2019-09-08_2019-09-17|2019-11-07_2019-11-16|2020-01-06_2020-01-15|2020-09-02_2020-09-11|2020-10-12_2020-10-21|2022-10-12_2022-10-21|2023-07-09_2023-07-18|2023-10-07_2023-10-16|2023-12-06_2023-12-15|2024-01-05_2024-01-14|2024-04-04_2024-04-13|2024-07-03_2024-07-12|2025-02-08_2025-02-17|2025-06-08_2025-06-17
0.2,4,Core CPI m/m|PPI m/m|Core PPI m/m|CPI y/y,Neutral|Neutral|Good|Neutral,3,2,1,66.7,33.3,2.0,2019-01-11_2019-01-20|2019-12-07_2019-12-16|2022-03-06_2022-03-15
0.2,4,Core CPI m/m|PPI m/m|Core PPI m/m|CPI y/y,Neutral|Good|Good|Neutral,7,6,1,85.7,14.3,6.0,2019-10-08_2019-10-17|2023-04-10_2023-04-19|2023-11-06_2023-11-15|2025-03-10_2025-03-19|2025-04-09_2025-04-18|2025-05-09_2025-05-18|2025-09-06_2025-09-15
0.2,4,Core CPI m/m|PPI m/m|Core PPI m/m|CPI y/y,Neutral|Bad|Neutral|Neutral,2,2,0,100.0,0.0,inf,2020-06-04_2020-06-13|2024-03-05_2024-03-14
0.2,4,Core CPI m/m|PPI m/m|Core PPI m/m|CPI y/y,Neutral|Bad|Neutral|Bad,1,1,0,100.0,0.0,inf,2021-06-09_2021-06-18
0.2,4,Core CPI m/m|PPI m/m|Core PPI m/m|CPI y/y,Bad|Bad|Bad|Bad,1,1,0,100.0,0.0,inf,2021-07-09_2021-07-18
0.2,4,Core CPI m/m|PPI m/m|Core PPI m/m|CPI y/y,Neutral|Bad|Bad|Neutral,2,2,0,100.0,0.0,inf,2022-04-05_2022-04-14|2025-08-07_2025-08-16
0.2,4,Core CPI m/m|PPI m/m|Core PPI m/m|CPI y/y,Neutral|Good|Neutral|Neutral,1,0,1,0.0,100.0,0.0,2022-08-03_2022-08-12
0.3,4,Core CPI m/m|PPI m/m|Core PPI m/m|CPI y/y,Neutral|Neutral|Neutral|Neutral,20,18,2,90.0,10.0,9.0,2018-03-07_2018-03-16|2018-08-04_2018-08-13|2019-02-10_2019-02-19|2019-03-12_2019-03-21|2019-06-10_2019-06-19|2019-09-08_2019-09-17|2019-11-07_2019-11-16|2020-01-06_2020-01-15|2020-09-02_2020-09-11|2020-10-12_2020-10-21|2022-10-12_2022-10-21|2023-07-09_2023-07-18|2023-10-07_2023-10-16|2023-12-06_2023-12-15|2024-01-05_2024-01-14|2024-03-05_2024-03-14|2024-04-04_2024-04-13|2024-07-03_2024-07-12|2025-02-08_2025-02-17|2025-06-08_2025-06-17
0.3,4,Core CPI m/m|PPI m/m|Core PPI m/m|CPI y/y,Neutral|Neutral|Good|Neutral,4,3,1,75.0,25.0,3.0,2019-01-11_2019-01-20|2019-12-07_2019-12-16|2022-03-06_2022-03-15|2025-03-10_2025-03-19
0.3,4,Core CPI m/m|PPI m/m|Core PPI m/m|CPI y/y,Neutral|Good|Good|Neutral,5,4,1,80.0,20.0,4.0,2019-10-08_2019-10-17|2023-04-10_2023-04-19|2025-04-09_2025-04-18|2025-05-09_2025-05-18|2025-09-06_2025-09-15
0.3,4,Core CPI m/m|PPI m/m|Core PPI m/m|CPI y/y,Neutral|Bad|Neutral|Neutral,2,2,0,100.0,0.0,inf,2020-06-04_2020-06-13|2021-06-09_2021-06-18
0.3,4,Core CPI m/m|PPI m/m|Core PPI m/m|CPI y/y,Bad|Bad|Bad|Bad,1,1,0,100.0,0.0,inf,2021-07-09_2021-07-18
0.3,4,Core CPI m/m|PPI m/m|Core PPI m/m|CPI y/y,Neutral|Neutral|Bad|Neutral,1,1,0,100.0,0.0,inf,2022-04-05_2022-04-14
0.3,4,Core CPI m/m|PPI m/m|Core PPI m/m|CPI y/y,Neutral|Good|Neutral|Neutral,2,1,1,50.0,50.0,1.0,2022-08-03_2022-08-12|2023-11-06_2023-11-15
0.3,4,Core CPI m/m|PPI m/m|Core PPI m/m|CPI y/y,Neutral|Bad|Bad|Neutral,1,1,0,100.0,0.0,inf,2025-08-07_2025-08-16
0.0,4,Core CPI m/m|PPI m/m|FOMC|CPI y/y,Neutral|Neutral|Neutral|Neutral,1,0,1,0.0,100.0,0.0,2023-12-06_2023-12-15
0.1,4,Core CPI m/m|PPI m/m|FOMC|CPI y/y,Neutral|Neutral|Neutral|Neutral,1,0,1,0.0,100.0,0.0,2023-12-06_2023-12-15
0.2,4,Core CPI m/m|PPI m/m|FOMC|CPI y/y,Neutral|Neutral|Neutral|Neutral,1,0,1,0.0,100.0,0.0,2023-12-06_2023-12-15
0.3,4,Core CPI m/m|PPI m/m|FOMC|CPI y/y,Neutral|Neutral|Neutral|Neutral,1,0,1,0.0,100.0,0.0,2023-12-06_2023-12-15
0.0,4,Core CPI m/m|Core PPI m/m|FOMC|CPI y/y,Neutral|Good|Neutral|Neutral,1,0,1,0.0,100.0,0.0,2023-12-06_2023-12-15
0.1,4,Core CPI m/m|Core PPI m/m|FOMC|CPI y/y,Neutral|Good|Neutral|Neutral,1,0,1,0.0,100.0,0.0,2023-12-06_2023-12-15
0.2,4,Core CPI m/m|Core PPI m/m|FOMC|CPI y/y,Neutral|Neutral|Neutral|Neutral,1,0,1,0.0,100.0,0.0,2023-12-06_2023-12-15
0.3,4,Core CPI m/m|Core PPI m/m|FOMC|CPI y/y,Neutral|Neutral|Neutral|Neutral,1,0,1,0.0,100.0,0.0,2023-12-06_2023-12-15
0.0,4,PPI m/m|Core PPI m/m|FOMC|CPI y/y,Neutral|Good|Neutral|Neutral,1,0,1,0.0,100.0,0.0,2023-12-06_2023-12-15
0.1,4,PPI m/m|Core PPI m/m|FOMC|CPI y/y,Neutral|Good|Neutral|Neutral,1,0,1,0.0,100.0,0.0,2023-12-06_2023-12-15
0.2,4,PPI m/m|Core PPI m/m|FOMC|CPI y/y,Neutral|Neutral|Neutral|Neutral,1,0,1,0.0,100.0,0.0,2023-12-06_2023-12-15
0.3,4,PPI m/m|Core PPI m/m|FOMC|CPI y/y,Neutral|Neutral|Neutral|Neutral,1,0,1,0.0,100.0,0.0,2023-12-06_2023-12-15
0.0,5,CPI m/m|Core CPI m/m|PPI m/m|Core PPI m/m|FOMC,Bad|Neutral|Neutral|Good|Neutral,1,0,1,0.0,100.0,0.0,2023-12-06_2023-12-15
0.1,5,CPI m/m|Core CPI m/m|PPI m/m|Core PPI m/m|FOMC,Neutral|Neutral|Neutral|Good|Neutral,1,0,1,0.0,100.0,0.0,2023-12-06_2023-12-15
0.2,5,CPI m/m|Core CPI m/m|PPI m/m|Core PPI m/m|FOMC,Neutral|Neutral|Neutral|Neutral|Neutral,1,0,1,0.0,100.0,0.0,2023-12-06_2023-12-15
0.3,5,CPI m/m|Core CPI m/m|PPI m/m|Core PPI m/m|FOMC,Neutral|Neutral|Neutral|Neutral|Neutral,1,0,1,0.0,100.0,0.0,2023-12-06_2023-12-15
0.0,5,CPI m/m|Core CPI m/m|PPI m/m|Core PPI m/m|CPI y/y,Neutral|Neutral|Bad|Neutral|Neutral,1,1,0,100.0,0.0,inf,2018-03-07_2018-03-16
0.0,5,CPI m/m|Core CPI m/m|PPI m/m|Core PPI m/m|CPI y/y,Neutral|Neutral|Good|Good|Neutral,3,2,1,66.7,33.3,2.0,2018-08-04_2018-08-13|2019-01-11_2019-01-20|2022-03-06_2022-03-15
0.0,5,CPI m/m|Core CPI m/m|PPI m/m|Core PPI m/m|CPI y/y,Good|Neutral|Good|Bad|Bad,1,1,0,100.0,0.0,inf,2019-02-10_2019-02-19
0.0,5,CPI m/m|Core CPI m/m|PPI m/m|Core PPI m/m|CPI y/y,Neutral|Good|Good|Good|Good,1,1,0,100.0,0.0,inf,2019-03-12_2019-03-21
0.0,5,CPI m/m|Core CPI m/m|PPI m/m|Core PPI m/m|CPI y/y,Neutral|Good|Neutral|Neutral|Good,1,1,0,100.0,0.0,inf,2019-06-10_2019-06-19
0.0,5,CPI m/m|Core CPI m/m|PPI m/m|Core PPI m/m|CPI y/y,Neutral|Bad|Bad|Bad|Good,1,1,0,100.0,0.0,inf,2019-09-08_2019-09-17
0.0,5,CPI m/m|Core CPI m/m|PPI m/m|Core PPI m/m|CPI y/y,Good|Good|Good|Good|Good,8,6,2,75.0,25.0,3.0,2019-10-08_2019-10-17|2022-08-03_2022-08-12|2023-07-09_2023-07-18|2023-11-06_2023-11-15|2025-03-10_2025-03-19|2025-04-09_2025-04-18|2025-05-09_2025-05-18|2025-06-08_2025-06-17
0.0,5,CPI m/m|Core CPI m/m|PPI m/m|Core PPI m/m|CPI y/y,Bad|Neutral|Bad|Bad|Bad,2,2,0,100.0,0.0,inf,2019-11-07_2019-11-16|2023-10-07_2023-10-16
0.0,5,CPI m/m|Core CPI m/m|PPI m/m|Core PPI m/m|CPI y/y,Bad|Neutral|Good|Good|Bad,2,2,0,100.0,0.0,inf,2019-12-07_2019-12-16|2024-01-05_2024-01-14
0.0,5,CPI m/m|Core CPI m/m|PPI m/m|Core PPI m/m|CPI y/y,Neutral|Good|Good|Good|Neutral,1,1,0,100.0,0.0,inf,2020-01-06_2020-01-15
0.0,5,CPI m/m|Core CPI m/m|PPI m/m|Core PPI m/m|CPI y/y,Good|Good|Bad|Neutral|Good,1,1,0,100.0,0.0,inf,2020-06-04_2020-06-13
0.0,5,CPI m/m|Core CPI m/m|PPI m/m|Core PPI m/m|CPI y/y,Bad|Bad|Bad|Bad|Bad,3,3,0,100.0,0.0,inf,2020-09-02_2020-09-11|2021-06-09_2021-06-18|2021-07-09_2021-07-18
0.0,5,CPI m/m|Core CPI m/m|PPI m/m|Core PPI m/m|CPI y/y,Neutral|Neutral|Bad|Bad|Neutral,1,0,1,0.0,100.0,0.0,2020-10-12_2020-10-21
0.0,5,CPI m/m|Core CPI m/m|PPI m/m|Core PPI m/m|CPI y/y,Neutral|Good|Bad|Bad|Bad,1,1,0,100.0,0.0,inf,2022-04-05_2022-04-14
0.0,5,CPI m/m|Core CPI m/m|PPI m/m|Core PPI m/m|CPI y/y,Bad|Bad|Bad|Neutral|Bad,2,2,0,100.0,0.0,inf,2022-10-12_2022-10-21|2025-02-08_2025-02-17
0.0,5,CPI m/m|Core CPI m/m|PPI m/m|Core PPI m/m|CPI y/y,Good|Neutral|Good|Good|Good,1,1,0,100.0,0.0,inf,2023-04-10_2023-04-19
0.0,5,CPI m/m|Core CPI m/m|PPI m/m|Core PPI m/m|CPI y/y,Bad|Neutral|Neutral|Good|Neutral,1,0,1,0.0,100.0,0.0,2023-12-06_2023-12-15
0.0,5,CPI m/m|Core CPI m/m|PPI m/m|Core PPI m/m|CPI y/y,Neutral|Bad|Bad|Bad|Bad,1,1,0,100.0,0.0,inf,2024-03-05_2024-03-14
0.0,5,CPI m/m|Core CPI m/m|PPI m/m|Core PPI m/m|CPI y/y,Bad|Bad|Good|Neutral|Bad,1,1,0,100.0,0.0,inf,2024-04-04_2024-04-13
0.0,5,CPI m/m|Core CPI m/m|PPI m/m|Core PPI m/m|CPI y/y,Good|Good|Bad|Bad|Good,1,1,0,100.0,0.0,inf,2024-07-03_2024-07-12
0.0,5,CPI m/m|Core CPI m/m|PPI m/m|Core PPI m/m|CPI y/y,Neutral|Neutral|Bad|Bad|Good,1,1,0,100.0,0.0,inf,2025-08-07_2025-08-16
0.0,5,CPI m/m|Core CPI m/m|PPI m/m|Core PPI m/m|CPI y/y,Bad|Neutral|Good|Good|Neutral,1,1,0,100.0,0.0,inf,2025-09-06_2025-09-15
0.1,5,CPI m/m|Core CPI m/m|PPI m/m|Core PPI m/m|CPI y/y,Neutral|Neutral|Neutral|Neutral|Neutral,3,3,0,100.0,0.0,inf,2018-03-07_2018-03-16|2019-06-10_2019-06-19|2020-01-06_2020-01-15
0.1,5,CPI m/m|Core CPI m/m|PPI m/m|Core PPI m/m|CPI y/y,Neutral|Neutral|Good|Neutral|Neutral,1,1,0,100.0,0.0,inf,2018-08-04_2018-08-13
0.1,5,CPI m/m|Core CPI m/m|PPI m/m|Core PPI m/m|CPI y/y,Neutral|Neutral|Neutral|Good|Neutral,2,0,2,0.0,100.0,0.0,2019-01-11_2019-01-20|2023-12-06_2023-12-15
0.1,5,CPI m/m|Core CPI m/m|PPI m/m|Core PPI m/m|CPI y/y,Neutral|Neutral|Good|Neutral|Bad,1,1,0,100.0,0.0,inf,2019-02-10_2019-02-19
0.1,5,CPI m/m|Core CPI m/m|PPI m/m|Core PPI m/m|CPI y/y,Neutral|Neutral|Neutral|Neutral|Good,3,3,0,100.0,0.0,inf,2019-03-12_2019-03-21|2019-09-08_2019-09-17|2023-07-09_2023-07-18
0.1,5,CPI m/m|Core CPI m/m|PPI m/m|Core PPI m/m|CPI y/y,Neutral|Neutral|Good|Good|Good,3,3,0,100.0,0.0,inf,2019-10-08_2019-10-17|2025-03-10_2025-03-19|2025-05-09_2025-05-18
0.1,5,CPI m/m|Core CPI m/m|PPI m/m|Core PPI m/m|CPI y/y,Bad|Neutral|Bad|Neutral|Bad,2,2,0,100.0,0.0,inf,2019-11-07_2019-11-16|2023-10-07_2023-10-16
0.1,5,CPI m/m|Core CPI m/m|PPI m/m|Core PPI m/m|CPI y/y,Neutral|Neutral|Good|Good|Bad,2,2,0,100.0,0.0,inf,2019-12-07_2019-12-16|2024-01-05_2024-01-14
0.1,5,CPI m/m|Core CPI m/m|PPI m/m|Core PPI m/m|CPI y/y,Neutral|Neutral|Bad|Neutral|Good,1,1,0,100.0,0.0,inf,2020-06-04_2020-06-13
0.1,5,CPI m/m|Core CPI m/m|PPI m/m|Core PPI m/m|CPI y/y,Bad|Bad|Neutral|Bad|Bad,1,1,0,100.0,0.0,inf,2020-09-02_2020-09-11
0.1,5,CPI m/m|Core CPI m/m|PPI m/m|Core PPI m/m|CPI y/y,Neutral|Neutral|Bad|Bad|Neutral,2,1,1,50.0,50.0,1.0,2020-10-12_2020-10-21|2025-08-07_2025-08-16
0.1,5,CPI m/m|Core CPI m/m|PPI m/m|Core PPI m/m|CPI y/y,Bad|Bad|Bad|Bad|Bad,2,2,0,100.0,0.0,inf,2021-06-09_2021-06-18|2021-07-09_2021-07-18
0.1,5,CPI m/m|Core CPI m/m|PPI m/m|Core PPI m/m|CPI y/y,Neutral|Neutral|Good|Good|Neutral,3,3,0,100.0,0.0,inf,2022-03-06_2022-03-15|2023-04-10_2023-04-19|2023-11-06_2023-11-15
0.1,5,CPI m/m|Core CPI m/m|PPI m/m|Core PPI m/m|CPI y/y,Neutral|Good|Bad|Bad|Neutral,1,1,0,100.0,0.0,inf,2022-04-05_2022-04-14
0.1,5,CPI m/m|Core CPI m/m|PPI m/m|Core PPI m/m|CPI y/y,Good|Good|Good|Good|Good,2,0,2,0.0,100.0,0.0,2022-08-03_2022-08-12|2025-04-09_2025-04-18
0.1,5,CPI m/m|Core CPI m/m|PPI m/m|Core PPI m/m|CPI y/y,Bad|Bad|Bad|Neutral|Neutral,1,1,0,100.0,0.0,inf,2022-10-12_2022-10-21
0.1,5,CPI m/m|Core CPI m/m|PPI m/m|Core PPI m/m|CPI y/y,Neutral|Bad|Bad|Neutral|Bad,1,1,0,100.0,0.0,inf,2024-03-05_2024-03-14
0.1,5,CPI m/m|Core CPI m/m|PPI m/m|Core PPI m/m|CPI y/y,Bad|Bad|Neutral|Neutral|Bad,1,1,0,100.0,0.0,inf,2024-04-04_2024-04-13
0.1,5,CPI m/m|Core CPI m/m|PPI m/m|Core PPI m/m|CPI y/y,Good|Neutral|Neutral|Bad|Good,1,1,0,100.0,0.0,inf,2024-07-03_2024-07-12
0.1,5,CPI m/m|Core CPI m/m|PPI m/m|Core PPI m/m|CPI y/y,Bad|Bad|Bad|Neutral|Bad,1,1,0,100.0,0.0,inf,2025-02-08_2025-02-17
0.1,5,CPI m/m|Core CPI m/m|PPI m/m|Core PPI m/m|CPI y/y,Neutral|Good|Neutral|Good|Good,1,1,0,100.0,0.0,inf,2025-06-08_2025-06-17
0.1,5,CPI m/m|Core CPI m/m|PPI m/m|Core PPI m/m|CPI y/y,Bad|Neutral|Good|Good|Neutral,1,1,0,100.0,0.0,inf,2025-09-06_2025-09-15
0.2,5,CPI m/m|Core CPI m/m|PPI m/m|Core PPI m/m|CPI y/y,Neutral|Neutral|Neutral|Neutral|Neutral,19,17,2,89.5,10.5,8.5,2018-03-07_2018-03-16|2018-08-04_2018-08-13|2019-02-10_2019-02-19|2019-03-12_2019-03-21|2019-06-10_2019-06-19|2019-09-08_2019-09-17|2019-11-07_2019-11-16|2020-01-06_2020-01-15|2020-09-02_2020-09-11|2020-10-12_2020-10-21|2022-10-12_2022-10-21|2023-07-09_2023-07-18|2023-10-07_2023-10-16|2023-12-06_2023-12-15|2024-01-05_2024-01-14|2024-04-04_2024-04-13|2024-07-03_2024-07-12|2025-02-08_2025-02-17|2025-06-08_2025-06-17
0.2,5,CPI m/m|Core CPI m/m|PPI m/m|Core PPI m/m|CPI y/y,Neutral|Neutral|Neutral|Good|Neutral,3,2,1,66.7,33.3,2.0,2019-01-11_2019-01-20|2019-12-07_2019-12-16|2022-03-06_2022-03-15
0.2,5,CPI m/m|Core CPI m/m|PPI m/m|Core PPI m/m|CPI y/y,Neutral|Neutral|Good|Good|Neutral,7,6,1,85.7,14.3,6.0,2019-10-08_2019-10-17|2023-04-10_2023-04-19|2023-11-06_2023-11-15|2025-03-10_2025-03-19|2025-04-09_2025-04-18|2025-05-09_2025-05-18|2025-09-06_2025-09-15
0.2,5,CPI m/m|Core CPI m/m|PPI m/m|Core PPI m/m|CPI y/y,Neutral|Neutral|Bad|Neutral|Neutral,2,2,0,100.0,0.0,inf,2020-06-04_2020-06-13|2024-03-05_2024-03-14
0.2,5,CPI m/m|Core CPI m/m|PPI m/m|Core PPI m/m|CPI y/y,Neutral|Neutral|Bad|Neutral|Bad,1,1,0,100.0,0.0,inf,2021-06-09_2021-06-18
0.2,5,CPI m/m|Core CPI m/m|PPI m/m|Core PPI m/m|CPI y/y,Bad|Bad|Bad|Bad|Bad,1,1,0,100.0,0.0,inf,2021-07-09_2021-07-18
0.2,5,CPI m/m|Core CPI m/m|PPI m/m|Core PPI m/m|CPI y/y,Neutral|Neutral|Bad|Bad|Neutral,2,2,0,100.0,0.0,inf,2022-04-05_2022-04-14|2025-08-07_2025-08-16
0.2,5,CPI m/m|Core CPI m/m|PPI m/m|Core PPI m/m|CPI y/y,Neutral|Neutral|Good|Neutral|Neutral,1,0,1,0.0,100.0,0.0,2022-08-03_2022-08-12
0.3,5,CPI m/m|Core CPI m/m|PPI m/m|Core PPI m/m|CPI y/y,Neutral|Neutral|Neutral|Neutral|Neutral,20,18,2,90.0,10.0,9.0,2018-03-07_2018-03-16|2018-08-04_2018-08-13|2019-02-10_2019-02-19|2019-03-12_2019-03-21|2019-06-10_2019-06-19|2019-09-08_2019-09-17|2019-11-07_2019-11-16|2020-01-06_2020-01-15|2020-09-02_2020-09-11|2020-10-12_2020-10-21|2022-10-12_2022-10-21|2023-07-09_2023-07-18|2023-10-07_2023-10-16|2023-12-06_2023-12-15|2024-01-05_2024-01-14|2024-03-05_2024-03-14|2024-04-04_2024-04-13|2024-07-03_2024-07-12|2025-02-08_2025-02-17|2025-06-08_2025-06-17
0.3,5,CPI m/m|Core CPI m/m|PPI m/m|Core PPI m/m|CPI y/y,Neutral|Neutral|Neutral|Good|Neutral,4,3,1,75.0,25.0,3.0,2019-01-11_2019-01-20|2019-12-07_2019-12-16|2022-03-06_2022-03-15|2025-03-10_2025-03-19
0.3,5,CPI m/m|Core CPI m/m|PPI m/m|Core PPI m/m|CPI y/y,Neutral|Neutral|Good|Good|Neutral,5,4,1,80.0,20.0,4.0,2019-10-08_2019-10-17|2023-04-10_2023-04-19|2025-04-09_2025-04-18|2025-05-09_2025-05-18|2025-09-06_2025-09-15
0.3,5,CPI m/m|Core CPI m/m|PPI m/m|Core PPI m/m|CPI y/y,Neutral|Neutral|Bad|Neutral|Neutral,2,2,0,100.0,0.0,inf,2020-06-04_2020-06-13|2021-06-09_2021-06-18
0.3,5,CPI m/m|Core CPI m/m|PPI m/m|Core PPI m/m|CPI y/y,Bad|Bad|Bad|Bad|Bad,1,1,0,100.0,0.0,inf,2021-07-09_2021-07-18
0.3,5,CPI m/m|Core CPI m/m|PPI m/m|Core PPI m/m|CPI y/y,Neutral|Neutral|Neutral|Bad|Neutral,1,1,0,100.0,0.0,inf,2022-04-05_2022-04-14
0.3,5,CPI m/m|Core CPI m/m|PPI m/m|Core PPI m/m|CPI y/y,Neutral|Neutral|Good|Neutral|Neutral,2,1,1,50.0,50.0,1.0,2022-08-03_2022-08-12|2023-11-06_2023-11-15
0.3,5,CPI m/m|Core CPI m/m|PPI m/m|Core PPI m/m|CPI y/y,Neutral|Neutral|Bad|Bad|Neutral,1,1,0,100.0,0.0,inf,2025-08-07_2025-08-16
0.0,5,CPI m/m|Core CPI m/m|PPI m/m|FOMC|CPI y/y,Bad|Neutral|Neutral|Neutral|Neutral,1,0,1,0.0,100.0,0.0,2023-12-06_2023-12-15
0.1,5,CPI m/m|Core CPI m/m|PPI m/m|FOMC|CPI y/y,Neutral|Neutral|Neutral|Neutral|Neutral,1,0,1,0.0,100.0,0.0,2023-12-06_2023-12-15
0.2,5,CPI m/m|Core CPI m/m|PPI m/m|FOMC|CPI y/y,Neutral|Neutral|Neutral|Neutral|Neutral,1,0,1,0.0,100.0,0.0,2023-12-06_2023-12-15
0.3,5,CPI m/m|Core CPI m/m|PPI m/m|FOMC|CPI y/y,Neutral|Neutral|Neutral|Neutral|Neutral,1,0,1,0.0,100.0,0.0,2023-12-06_2023-12-15
0.0,5,CPI m/m|Core CPI m/m|Core PPI m/m|FOMC|CPI y/y,Bad|Neutral|Good|Neutral|Neutral,1,0,1,0.0,100.0,0.0,2023-12-06_2023-12-15
0.1,5,CPI m/m|Core CPI m/m|Core PPI m/m|FOMC|CPI y/y,Neutral|Neutral|Good|Neutral|Neutral,1,0,1,0.0,100.0,0.0,2023-12-06_2023-12-15
0.2,5,CPI m/m|Core CPI m/m|Core PPI m/m|FOMC|CPI y/y,Neutral|Neutral|Neutral|Neutral|Neutral,1,0,1,0.0,100.0,0.0,2023-12-06_2023-12-15
0.3,5,CPI m/m|Core CPI m/m|Core PPI m/m|FOMC|CPI y/y,Neutral|Neutral|Neutral|Neutral|Neutral,1,0,1,0.0,100.0,0.0,2023-12-06_2023-12-15
0.0,5,CPI m/m|PPI m/m|Core PPI m/m|FOMC|CPI y/y,Bad|Neutral|Good|Neutral|Neutral,1,0,1,0.0,100.0,0.0,2023-12-06_2023-12-15
0.1,5,CPI m/m|PPI m/m|Core PPI m/m|FOMC|CPI y/y,Neutral|Neutral|Good|Neutral|Neutral,1,0,1,0.0,100.0,0.0,2023-12-06_2023-12-15
0.2,5,CPI m/m|PPI m/m|Core PPI m/m|FOMC|CPI y/y,Neutral|Neutral|Neutral|Neutral|Neutral,1,0,1,0.0,100.0,0.0,2023-12-06_2023-12-15
0.3,5,CPI m/m|PPI m/m|Core PPI m/m|FOMC|CPI y/y,Neutral|Neutral|Neutral|Neutral|Neutral,1,0,1,0.0,100.0,0.0,2023-12-06_2023-12-15
0.0,5,Core CPI m/m|PPI m/m|Core PPI m/m|FOMC|CPI y/y,Neutral|Neutral|Good|Neutral|Neutral,1,0,1,0.0,100.0,0.0,2023-12-06_2023-12-15
0.1,5,Core CPI m/m|PPI m/m|Core PPI m/m|FOMC|CPI y/y,Neutral|Neutral|Good|Neutral|Neutral,1,0,1,0.0,100.0,0.0,2023-12-06_2023-12-15
0.2,5,Core CPI m/m|PPI m/m|Core PPI m/m|FOMC|CPI y/y,Neutral|Neutral|Neutral|Neutral|Neutral,1,0,1,0.0,100.0,0.0,2023-12-06_2023-12-15
0.3,5,Core CPI m/m|PPI m/m|Core PPI m/m|FOMC|CPI y/y,Neutral|Neutral|Neutral|Neutral|Neutral,1,0,1,0.0,100.0,0.0,2023-12-06_2023-12-15
0.0,6,CPI m/m|Core CPI m/m|PPI m/m|Core PPI m/m|FOMC|CPI y/y,Bad|Neutral|Neutral|Good|Neutral|Neutral,1,0,1,0.0,100.0,0.0,2023-12-06_2023-12-15
0.1,6,CPI m/m|Core CPI m/m|PPI m/m|Core PPI m/m|FOMC|CPI y/y,Neutral|Neutral|Neutral|Good|Neutral|Neutral,1,0,1,0.0,100.0,0.0,2023-12-06_2023-12-15
0.2,6,CPI m/m|Core CPI m/m|PPI m/m|Core PPI m/m|FOMC|CPI y/y,Neutral|Neutral|Neutral|Neutral|Neutral|Neutral,1,0,1,0.0,100.0,0.0,2023-12-06_2023-12-15
0.3,6,CPI m/m|Core CPI m/m|PPI m/m|Core PPI m/m|FOMC|CPI y/y,Neutral|Neutral|Neutral|Neutral|Neutral|Neutral,1,0,1,0.0,100.0,0.0,2023-12-06_2023-12-15
