آستانه,تعداد_شاخص‌ها,لیست_شاخص‌ها,الگوی_وضعیت,تعداد_کل_وقوع,تعداد_ضررده,تعداد_سودده,درصد_ضررده,درصد_سودده,نسبت_شانس,دوره‌ها
0.0,1,CPI m/m,Good,5,3,2,60.0,40.0,1.5,2022-10-14_2022-11-12|2023-03-15_2023-04-13|2024-05-16_2024-06-14|2025-03-13_2025-04-11|2025-05-14_2025-06-12
0.0,1,CPI m/m,Bad,4,3,1,75.0,25.0,3.0,2023-09-14_2023-10-13|2024-09-12_2024-10-11|2025-01-16_2025-02-14|2025-08-13_2025-09-11
0.0,1,CPI m/m,Neutral,3,0,3,0.0,100.0,0.0,2024-08-15_2024-09-13|2025-07-16_2025-08-14|2025-12-19_2026-01-17
0.1,1,CPI m/m,Good,2,1,1,50.0,50.0,1.0,2022-10-14_2022-11-12|2025-03-13_2025-04-11
0.1,1,CPI m/m,Neutral,7,2,5,28.6,71.4,0.4,2023-03-15_2023-04-13|2024-05-16_2024-06-14|2024-08-15_2024-09-13|2024-09-12_2024-10-11|2025-05-14_2025-06-12|2025-07-16_2025-08-14|2025-12-19_2026-01-17
0.1,1,CPI m/m,Bad,3,3,0,100.0,0.0,inf,2023-09-14_2023-10-13|2025-01-16_2025-02-14|2025-08-13_2025-09-11
0.2,1,CPI m/m,Neutral,12,6,6,50.0,50.0,1.0,2022-10-14_2022-11-12|2023-03-15_2023-04-13|2023-09-14_2023-10-13|2024-05-16_2024-06-14|2024-08-15_2024-09-13|2024-09-12_2024-10-11|2025-01-16_2025-02-14|2025-03-13_2025-04-11|2025-05-14_2025-06-12|2025-07-16_2025-08-14|2025-08-13_2025-09-11|2025-12-19_2026-01-17
0.3,1,CPI m/m,Neutral,12,6,6,50.0,50.0,1.0,2022-10-14_2022-11-12|2023-03-15_2023-04-13|2023-09-14_2023-10-13|2024-05-16_2024-06-14|2024-08-15_2024-09-13|2024-09-12_2024-10-11|2025-01-16_2025-02-14|2025-03-13_2025-04-11|2025-05-14_2025-06-12|2025-07-16_2025-08-14|2025-08-13_2025-09-11|2025-12-19_2026-01-17
0.0,1,Core CPI m/m,Good,5,3,2,60.0,40.0,1.5,2022-10-14_2022-11-12|2024-05-16_2024-06-14|2025-03-13_2025-04-11|2025-05-14_2025-06-12|2025-12-19_2026-01-17
0.0,1,Core CPI m/m,Neutral,4,2,2,50.0,50.0,1.0,2023-03-15_2023-04-13|2023-09-14_2023-10-13|2025-07-16_2025-08-14|2025-08-13_2025-09-11
0.0,1,Core CPI m/m,Bad,3,1,2,33.3,66.7,0.5,2024-08-15_2024-09-13|2024-09-12_2024-10-11|2025-01-16_2025-02-14
0.1,1,Core CPI m/m,Good,3,2,1,66.7,33.3,2.0,2022-10-14_2022-11-12|2025-03-13_2025-04-11|2025-05-14_2025-06-12
0.1,1,Core CPI m/m,Neutral,8,3,5,37.5,62.5,0.6,2023-03-15_2023-04-13|2023-09-14_2023-10-13|2024-05-16_2024-06-14|2024-08-15_2024-09-13|2024-09-12_2024-10-11|2025-07-16_2025-08-14|2025-08-13_2025-09-11|2025-12-19_2026-01-17
0.1,1,Core CPI m/m,Bad,1,1,0,100.0,0.0,inf,2025-01-16_2025-02-14
0.2,1,Core CPI m/m,Neutral,12,6,6,50.0,50.0,1.0,2022-10-14_2022-11-12|2023-03-15_2023-04-13|2023-09-14_2023-10-13|2024-05-16_2024-06-14|2024-08-15_2024-09-13|2024-09-12_2024-10-11|2025-01-16_2025-02-14|2025-03-13_2025-04-11|2025-05-14_2025-06-12|2025-07-16_2025-08-14|2025-08-13_2025-09-11|2025-12-19_2026-01-17
0.3,1,Core CPI m/m,Neutral,12,6,6,50.0,50.0,1.0,2022-10-14_2022-11-12|2023-03-15_2023-04-13|2023-09-14_2023-10-13|2024-05-16_2024-06-14|2024-08-15_2024-09-13|2024-09-12_2024-10-11|2025-01-16_2025-02-14|2025-03-13_2025-04-11|2025-05-14_2025-06-12|2025-07-16_2025-08-14|2025-08-13_2025-09-11|2025-12-19_2026-01-17
0.0,1,PPI m/m,Good,7,3,4,42.9,57.1,0.75,2022-03-11_2022-04-09|2023-03-15_2023-04-13|2024-01-12_2024-02-10|2024-05-16_2024-06-14|2024-10-11_2024-11-09|2025-03-13_2025-04-11|2025-05-14_2025-06-12
0.0,1,PPI m/m,Bad,7,4,3,57.1,42.9,1.33,2023-09-14_2023-10-13|2024-08-15_2024-09-13|2025-01-16_2025-02-14|2025-07-16_2025-08-14|2025-08-13_2025-09-11|2026-01-14_2026-02-12|2026-02-14_2026-03-15
0.0,1,PPI m/m,Neutral,2,0,2,0.0,100.0,0.0,2024-09-12_2024-10-11|2025-12-19_2026-01-17
0.1,1,PPI m/m,Good,6,3,3,50.0,50.0,1.0,2022-03-11_2022-04-09|2023-03-15_2023-04-13|2024-01-12_2024-02-10|2024-05-16_2024-06-14|2025-03-13_2025-04-11|2025-05-14_2025-06-12
0.1,1,PPI m/m,Bad,6,4,2,66.7,33.3,2.0,2023-09-14_2023-10-13|2025-01-16_2025-02-14|2025-07-16_2025-08-14|2025-08-13_2025-09-11|2026-01-14_2026-02-12|2026-02-14_2026-03-15
0.1,1,PPI m/m,Neutral,4,0,4,0.0,100.0,0.0,2024-08-15_2024-09-13|2024-09-12_2024-10-11|2024-10-11_2024-11-09|2025-12-19_2026-01-17
0.2,1,PPI m/m,Neutral,10,3,7,30.0,70.0,0.43,2022-03-11_2022-04-09|2024-01-12_2024-02-10|2024-08-15_2024-09-13|2024-09-12_2024-10-11|2024-10-11_2024-11-09|2025-01-16_2025-02-14|2025-08-13_2025-09-11|2025-12-19_2026-01-17|2026-01-14_2026-02-12|2026-02-14_2026-03-15
0.2,1,PPI m/m,Good,4,3,1,75.0,25.0,3.0,2023-03-15_2023-04-13|2024-05-16_2024-06-14|2025-03-13_2025-04-11|2025-05-14_2025-06-12
0.2,1,PPI m/m,Bad,2,1,1,50.0,50.0,1.0,2023-09-14_2023-10-13|2025-07-16_2025-08-14
0.3,1,PPI m/m,Neutral,12,4,8,33.3,66.7,0.5,2022-03-11_2022-04-09|2023-09-14_2023-10-13|2024-01-12_2024-02-10|2024-08-15_2024-09-13|2024-09-12_2024-10-11|2024-10-11_2024-11-09|2025-01-16_2025-02-14|2025-07-16_2025-08-14|2025-08-13_2025-09-11|2025-12-19_2026-01-17|2026-01-14_2026-02-12|2026-02-14_2026-03-15
0.3,1,PPI m/m,Good,4,3,1,75.0,25.0,3.0,2023-03-15_2023-04-13|2024-05-16_2024-06-14|2025-03-13_2025-04-11|2025-05-14_2025-06-12
0.0,1,Core PPI m/m,Good,7,3,4,42.9,57.1,0.75,2022-03-11_2022-04-09|2023-03-15_2023-04-13|2024-01-12_2024-02-10|2024-05-16_2024-06-14|2025-03-13_2025-04-11|2025-05-14_2025-06-12|2025-12-19_2026-01-17
0.0,1,Core PPI m/m,Bad,7,3,4,42.9,57.1,0.75,2023-09-14_2023-10-13|2024-08-15_2024-09-13|2024-09-12_2024-10-11|2025-07-16_2025-08-14|2025-08-13_2025-09-11|2026-01-14_2026-02-12|2026-02-14_2026-03-15
0.0,1,Core PPI m/m,Neutral,2,1,1,50.0,50.0,1.0,2024-10-11_2024-11-09|2025-01-16_2025-02-14
0.1,1,Core PPI m/m,Good,7,3,4,42.9,57.1,0.75,2022-03-11_2022-04-09|2023-03-15_2023-04-13|2024-01-12_2024-02-10|2024-05-16_2024-06-14|2025-03-13_2025-04-11|2025-05-14_2025-06-12|2025-12-19_2026-01-17
0.1,1,Core PPI m/m,Neutral,5,2,3,40.0,60.0,0.67,2023-09-14_2023-10-13|2024-08-15_2024-09-13|2024-09-12_2024-10-11|2024-10-11_2024-11-09|2025-01-16_2025-02-14
0.1,1,Core PPI m/m,Bad,4,2,2,50.0,50.0,1.0,2025-07-16_2025-08-14|2025-08-13_2025-09-11|2026-01-14_2026-02-12|2026-02-14_2026-03-15
0.2,1,Core PPI m/m,Good,5,3,2,60.0,40.0,1.5,2022-03-11_2022-04-09|2023-03-15_2023-04-13|2024-05-16_2024-06-14|2025-03-13_2025-04-11|2025-05-14_2025-06-12
0.2,1,Core PPI m/m,Neutral,9,3,6,33.3,66.7,0.5,2023-09-14_2023-10-13|2024-01-12_2024-02-10|2024-08-15_2024-09-13|2024-09-12_2024-10-11|2024-10-11_2024-11-09|2025-01-16_2025-02-14|2025-08-13_2025-09-11|2025-12-19_2026-01-17|2026-01-14_2026-02-12
0.2,1,Core PPI m/m,Bad,2,1,1,50.0,50.0,1.0,2025-07-16_2025-08-14|2026-02-14_2026-03-15
0.3,1,Core PPI m/m,Good,4,2,2,50.0,50.0,1.0,2022-03-11_2022-04-09|2023-03-15_2023-04-13|2025-03-13_2025-04-11|2025-05-14_2025-06-12
0.3,1,Core PPI m/m,Neutral,11,4,7,36.4,63.6,0.57,2023-09-14_2023-10-13|2024-01-12_2024-02-10|2024-05-16_2024-06-14|2024-08-15_2024-09-13|2024-09-12_2024-10-11|2024-10-11_2024-11-09|2025-01-16_2025-02-14|2025-07-16_2025-08-14|2025-08-13_2025-09-11|2025-12-19_2026-01-17|2026-01-14_2026-02-12
0.3,1,Core PPI m/m,Bad,1,1,0,100.0,0.0,inf,2026-02-14_2026-03-15
0.0,1,FOMC,Neutral,5,3,2,60.0,40.0,1.5,2023-03-15_2023-04-13|2023-09-14_2023-10-13|2024-05-16_2024-06-14|2024-10-11_2024-11-09|2025-01-16_2025-02-14
0.0,1,FOMC,Good,1,0,1,0.0,100.0,0.0,2024-09-12_2024-10-11
0.1,1,FOMC,Neutral,5,3,2,60.0,40.0,1.5,2023-03-15_2023-04-13|2023-09-14_2023-10-13|2024-05-16_2024-06-14|2024-10-11_2024-11-09|2025-01-16_2025-02-14
0.1,1,FOMC,Good,1,0,1,0.0,100.0,0.0,2024-09-12_2024-10-11
0.2,1,FOMC,Neutral,5,3,2,60.0,40.0,1.5,2023-03-15_2023-04-13|2023-09-14_2023-10-13|2024-05-16_2024-06-14|2024-10-11_2024-11-09|2025-01-16_2025-02-14
0.2,1,FOMC,Good,1,0,1,0.0,100.0,0.0,2024-09-12_2024-10-11
0.3,1,FOMC,Neutral,6,3,3,50.0,50.0,1.0,2023-03-15_2023-04-13|2023-09-14_2023-10-13|2024-05-16_2024-06-14|2024-09-12_2024-10-11|2024-10-11_2024-11-09|2025-01-16_2025-02-14
0.0,1,CPI y/y,Good,6,3,3,50.0,50.0,1.0,2022-10-14_2022-11-12|2023-03-15_2023-04-13|2024-05-16_2024-06-14|2025-03-13_2025-04-11|2025-05-14_2025-06-12|2025-07-16_2025-08-14
0.0,1,CPI y/y,Bad,3,2,1,66.7,33.3,2.0,2023-09-14_2023-10-13|2024-09-12_2024-10-11|2025-01-16_2025-02-14
0.0,1,CPI y/y,Neutral,3,1,2,33.3,66.7,0.5,2024-08-15_2024-09-13|2025-08-13_2025-09-11|2025-12-19_2026-01-17
0.1,1,CPI y/y,Good,4,3,1,75.0,25.0,3.0,2022-10-14_2022-11-12|2024-05-16_2024-06-14|2025-03-13_2025-04-11|2025-05-14_2025-06-12
0.1,1,CPI y/y,Neutral,5,1,4,20.0,80.0,0.25,2023-03-15_2023-04-13|2024-08-15_2024-09-13|2025-07-16_2025-08-14|2025-08-13_2025-09-11|2025-12-19_2026-01-17
0.1,1,CPI y/y,Bad,3,2,1,66.7,33.3,2.0,2023-09-14_2023-10-13|2024-09-12_2024-10-11|2025-01-16_2025-02-14
0.2,1,CPI y/y,Good,1,0,1,0.0,100.0,0.0,2022-10-14_2022-11-12
0.2,1,CPI y/y,Neutral,11,6,5,54.5,45.5,1.2,2023-03-15_2023-04-13|2023-09-14_2023-10-13|2024-05-16_2024-06-14|2024-08-15_2024-09-13|2024-09-12_2024-10-11|2025-01-16_2025-02-14|2025-03-13_2025-04-11|2025-05-14_2025-06-12|2025-07-16_2025-08-14|2025-08-13_2025-09-11|2025-12-19_2026-01-17
0.3,1,CPI y/y,Neutral,12,6,6,50.0,50.0,1.0,2022-10-14_2022-11-12|2023-03-15_2023-04-13|2023-09-14_2023-10-13|2024-05-16_2024-06-14|2024-08-15_2024-09-13|2024-09-12_2024-10-11|2025-01-16_2025-02-14|2025-03-13_2025-04-11|2025-05-14_2025-06-12|2025-07-16_2025-08-14|2025-08-13_2025-09-11|2025-12-19_2026-01-17
0.0,2,CPI m/m|Core CPI m/m,Good|Good,4,3,1,75.0,25.0,3.0,2022-10-14_2022-11-12|2024-05-16_2024-06-14|2025-03-13_2025-04-11|2025-05-14_2025-06-12
0.0,2,CPI m/m|Core CPI m/m,Good|Neutral,1,0,1,0.0,100.0,0.0,2023-03-15_2023-04-13
0.0,2,CPI m/m|Core CPI m/m,Bad|Neutral,2,2,0,100.0,0.0,inf,2023-09-14_2023-10-13|2025-08-13_2025-09-11
0.0,2,CPI m/m|Core CPI m/m,Neutral|Bad,1,0,1,0.0,100.0,0.0,2024-08-15_2024-09-13
0.0,2,CPI m/m|Core CPI m/m,Bad|Bad,2,1,1,50.0,50.0,1.0,2024-09-12_2024-10-11|2025-01-16_2025-02-14
0.0,2,CPI m/m|Core CPI m/m,Neutral|Neutral,1,0,1,0.0,100.0,0.0,2025-07-16_2025-08-14
0.0,2,CPI m/m|Core CPI m/m,Neutral|Good,1,0,1,0.0,100.0,0.0,2025-12-19_2026-01-17
0.1,2,CPI m/m|Core CPI m/m,Good|Good,2,1,1,50.0,50.0,1.0,2022-10-14_2022-11-12|2025-03-13_2025-04-11
0.1,2,CPI m/m|Core CPI m/m,Neutral|Neutral,6,1,5,16.7,83.3,0.2,2023-03-15_2023-04-13|2024-05-16_2024-06-14|2024-08-15_2024-09-13|2024-09-12_2024-10-11|2025-07-16_2025-08-14|2025-12-19_2026-01-17
0.1,2,CPI m/m|Core CPI m/m,Bad|Neutral,2,2,0,100.0,0.0,inf,2023-09-14_2023-10-13|2025-08-13_2025-09-11
0.1,2,CPI m/m|Core CPI m/m,Bad|Bad,1,1,0,100.0,0.0,inf,2025-01-16_2025-02-14
0.1,2,CPI m/m|Core CPI m/m,Neutral|Good,1,1,0,100.0,0.0,inf,2025-05-14_2025-06-12
0.2,2,CPI m/m|Core CPI m/m,Neutral|Neutral,12,6,6,50.0,50.0,1.0,2022-10-14_2022-11-12|2023-03-15_2023-04-13|2023-09-14_2023-10-13|2024-05-16_2024-06-14|2024-08-15_2024-09-13|2024-09-12_2024-10-11|2025-01-16_2025-02-14|2025-03-13_2025-04-11|2025-05-14_2025-06-12|2025-07-16_2025-08-14|2025-08-13_2025-09-11|2025-12-19_2026-01-17
0.3,2,CPI m/m|Core CPI m/m,Neutral|Neutral,12,6,6,50.0,50.0,1.0,2022-10-14_2022-11-12|2023-03-15_2023-04-13|2023-09-14_2023-10-13|2024-05-16_2024-06-14|2024-08-15_2024-09-13|2024-09-12_2024-10-11|2025-01-16_2025-02-14|2025-03-13_2025-04-11|2025-05-14_2025-06-12|2025-07-16_2025-08-14|2025-08-13_2025-09-11|2025-12-19_2026-01-17
0.0,2,CPI m/m|PPI m/m,Good|Good,4,3,1,75.0,25.0,3.0,2023-03-15_2023-04-13|2024-05-16_2024-06-14|2025-03-13_2025-04-11|2025-05-14_2025-06-12
0.0,2,CPI m/m|PPI m/m,Bad|Bad,3,3,0,100.0,0.0,inf,2023-09-14_2023-10-13|2025-01-16_2025-02-14|2025-08-13_2025-09-11
0.0,2,CPI m/m|PPI m/m,Neutral|Bad,2,0,2,0.0,100.0,0.0,2024-08-15_2024-09-13|2025-07-16_2025-08-14
0.0,2,CPI m/m|PPI m/m,Bad|Neutral,1,0,1,0.0,100.0,0.0,2024-09-12_2024-10-11
0.0,2,CPI m/m|PPI m/m,Neutral|Neutral,1,0,1,0.0,100.0,0.0,2025-12-19_2026-01-17
0.1,2,CPI m/m|PPI m/m,Neutral|Good,3,2,1,66.7,33.3,2.0,2023-03-15_2023-04-13|2024-05-16_2024-06-14|2025-05-14_2025-06-12
0.1,2,CPI m/m|PPI m/m,Bad|Bad,3,3,0,100.0,0.0,inf,2023-09-14_2023-10-13|2025-01-16_2025-02-14|2025-08-13_2025-09-11
0.1,2,CPI m/m|PPI m/m,Neutral|Neutral,3,0,3,0.0,100.0,0.0,2024-08-15_2024-09-13|2024-09-12_2024-10-11|2025-12-19_2026-01-17
0.1,2,CPI m/m|PPI m/m,Good|Good,1,1,0,100.0,0.0,inf,2025-03-13_2025-04-11
0.1,2,CPI m/m|PPI m/m,Neutral|Bad,1,0,1,0.0,100.0,0.0,2025-07-16_2025-08-14
0.2,2,CPI m/m|PPI m/m,Neutral|Good,4,3,1,75.0,25.0,3.0,2023-03-15_2023-04-13|2024-05-16_2024-06-14|2025-03-13_2025-04-11|2025-05-14_2025-06-12
0.2,2,CPI m/m|PPI m/m,Neutral|Bad,2,1,1,50.0,50.0,1.0,2023-09-14_2023-10-13|2025-07-16_2025-08-14
0.2,2,CPI m/m|PPI m/m,Neutral|Neutral,5,2,3,40.0,60.0,0.67,2024-08-15_2024-09-13|2024-09-12_2024-10-11|2025-01-16_2025-02-14|2025-08-13_2025-09-11|2025-12-19_2026-01-17
0.3,2,CPI m/m|PPI m/m,Neutral|Good,4,3,1,75.0,25.0,3.0,2023-03-15_2023-04-13|2024-05-16_2024-06-14|2025-03-13_2025-04-11|2025-05-14_2025-06-12
0.3,2,CPI m/m|PPI m/m,Neutral|Neutral,7,3,4,42.9,57.1,0.75,2023-09-14_2023-10-13|2024-08-15_2024-09-13|2024-09-12_2024-10-11|2025-01-16_2025-02-14|2025-07-16_2025-08-14|2025-08-13_2025-09-11|2025-12-19_2026-01-17
0.0,2,CPI m/m|Core PPI m/m,Good|Good,4,3,1,75.0,25.0,3.0,2023-03-15_2023-04-13|2024-05-16_2024-06-14|2025-03-13_2025-04-11|2025-05-14_2025-06-12
0.0,2,CPI m/m|Core PPI m/m,Bad|Bad,3,2,1,66.7,33.3,2.0,2023-09-14_2023-10-13|2024-09-12_2024-10-11|2025-08-13_2025-09-11
0.0,2,CPI m/m|Core PPI m/m,Neutral|Bad,2,0,2,0.0,100.0,0.0,2024-08-15_2024-09-13|2025-07-16_2025-08-14
0.0,2,CPI m/m|Core PPI m/m,Bad|Neutral,1,1,0,100.0,0.0,inf,2025-01-16_2025-02-14
0.0,2,CPI m/m|Core PPI m/m,Neutral|Good,1,0,1,0.0,100.0,0.0,2025-12-19_2026-01-17
0.1,2,CPI m/m|Core PPI m/m,Neutral|Good,4,2,2,50.0,50.0,1.0,2023-03-15_2023-04-13|2024-05-16_2024-06-14|2025-05-14_2025-06-12|2025-12-19_2026-01-17
0.1,2,CPI m/m|Core PPI m/m,Bad|Neutral,2,2,0,100.0,0.0,inf,2023-09-14_2023-10-13|2025-01-16_2025-02-14
0.1,2,CPI m/m|Core PPI m/m,Neutral|Neutral,2,0,2,0.0,100.0,0.0,2024-08-15_2024-09-13|2024-09-12_2024-10-11
0.1,2,CPI m/m|Core PPI m/m,Good|Good,1,1,0,100.0,0.0,inf,2025-03-13_2025-04-11
0.1,2,CPI m/m|Core PPI m/m,Neutral|Bad,1,0,1,0.0,100.0,0.0,2025-07-16_2025-08-14
0.1,2,CPI m/m|Core PPI m/m,Bad|Bad,1,1,0,100.0,0.0,inf,2025-08-13_2025-09-11
0.2,2,CPI m/m|Core PPI m/m,Neutral|Good,4,3,1,75.0,25.0,3.0,2023-03-15_2023-04-13|2024-05-16_2024-06-14|2025-03-13_2025-04-11|2025-05-14_2025-06-12
0.2,2,CPI m/m|Core PPI m/m,Neutral|Neutral,6,3,3,50.0,50.0,1.0,2023-09-14_2023-10-13|2024-08-15_2024-09-13|2024-09-12_2024-10-11|2025-01-16_2025-02-14|2025-08-13_2025-09-11|2025-12-19_2026-01-17
0.2,2,CPI m/m|Core PPI m/m,Neutral|Bad,1,0,1,0.0,100.0,0.0,2025-07-16_2025-08-14
0.3,2,CPI m/m|Core PPI m/m,Neutral|Good,3,2,1,66.7,33.3,2.0,2023-03-15_2023-04-13|2025-03-13_2025-04-11|2025-05-14_2025-06-12
0.3,2,CPI m/m|Core PPI m/m,Neutral|Neutral,8,4,4,50.0,50.0,1.0,2023-09-14_2023-10-13|2024-05-16_2024-06-14|2024-08-15_2024-09-13|2024-09-12_2024-10-11|2025-01-16_2025-02-14|2025-07-16_2025-08-14|2025-08-13_2025-09-11|2025-12-19_2026-01-17
0.0,2,CPI m/m|FOMC,Good|Neutral,2,1,1,50.0,50.0,1.0,2023-03-15_2023-04-13|2024-05-16_2024-06-14
0.0,2,CPI m/m|FOMC,Bad|Neutral,2,2,0,100.0,0.0,inf,2023-09-14_2023-10-13|2025-01-16_2025-02-14
0.0,2,CPI m/m|FOMC,Bad|Good,1,0,1,0.0,100.0,0.0,2024-09-12_2024-10-11
0.1,2,CPI m/m|FOMC,Neutral|Neutral,2,1,1,50.0,50.0,1.0,2023-03-15_2023-04-13|2024-05-16_2024-06-14
0.1,2,CPI m/m|FOMC,Bad|Neutral,2,2,0,100.0,0.0,inf,2023-09-14_2023-10-13|2025-01-16_2025-02-14
0.1,2,CPI m/m|FOMC,Neutral|Good,1,0,1,0.0,100.0,0.0,2024-09-12_2024-10-11
0.2,2,CPI m/m|FOMC,Neutral|Neutral,4,3,1,75.0,25.0,3.0,2023-03-15_2023-04-13|2023-09-14_2023-10-13|2024-05-16_2024-06-14|2025-01-16_2025-02-14
0.2,2,CPI m/m|FOMC,Neutral|Good,1,0,1,0.0,100.0,0.0,2024-09-12_2024-10-11
0.3,2,CPI m/m|FOMC,Neutral|Neutral,5,3,2,60.0,40.0,1.5,2023-03-15_2023-04-13|2023-09-14_2023-10-13|2024-05-16_2024-06-14|2024-09-12_2024-10-11|2025-01-16_2025-02-14
0.0,2,CPI m/m|CPI y/y,Good|Good,5,3,2,60.0,40.0,1.5,2022-10-14_2022-11-12|2023-03-15_2023-04-13|2024-05-16_2024-06-14|2025-03-13_2025-04-11|2025-05-14_2025-06-12
0.0,2,CPI m/m|CPI y/y,Bad|Bad,3,2,1,66.7,33.3,2.0,2023-09-14_2023-10-13|2024-09-12_2024-10-11|2025-01-16_2025-02-14
0.0,2,CPI m/m|CPI y/y,Neutral|Neutral,2,0,2,0.0,100.0,0.0,2024-08-15_2024-09-13|2025-12-19_2026-01-17
0.0,2,CPI m/m|CPI y/y,Neutral|Good,1,0,1,0.0,100.0,0.0,2025-07-16_2025-08-14
0.0,2,CPI m/m|CPI y/y,Bad|Neutral,1,1,0,100.0,0.0,inf,2025-08-13_2025-09-11
0.1,2,CPI m/m|CPI y/y,Good|Good,2,1,1,50.0,50.0,1.0,2022-10-14_2022-11-12|2025-03-13_2025-04-11
0.1,2,CPI m/m|CPI y/y,Neutral|Neutral,4,0,4,0.0,100.0,0.0,2023-03-15_2023-04-13|2024-08-15_2024-09-13|2025-07-16_2025-08-14|2025-12-19_2026-01-17
0.1,2,CPI m/m|CPI y/y,Bad|Bad,2,2,0,100.0,0.0,inf,2023-09-14_2023-10-13|2025-01-16_2025-02-14
0.1,2,CPI m/m|CPI y/y,Neutral|Good,2,2,0,100.0,0.0,inf,2024-05-16_2024-06-14|2025-05-14_2025-06-12
0.1,2,CPI m/m|CPI y/y,Neutral|Bad,1,0,1,0.0,100.0,0.0,2024-09-12_2024-10-11
0.1,2,CPI m/m|CPI y/y,Bad|Neutral,1,1,0,100.0,0.0,inf,2025-08-13_2025-09-11
0.2,2,CPI m/m|CPI y/y,Neutral|Good,1,0,1,0.0,100.0,0.0,2022-10-14_2022-11-12
0.2,2,CPI m/m|CPI y/y,Neutral|Neutral,11,6,5,54.5,45.5,1.2,2023-03-15_2023-04-13|2023-09-14_2023-10-13|2024-05-16_2024-06-14|2024-08-15_2024-09-13|2024-09-12_2024-10-11|2025-01-16_2025-02-14|2025-03-13_2025-04-11|2025-05-14_2025-06-12|2025-07-16_2025-08-14|2025-08-13_2025-09-11|2025-12-19_2026-01-17
0.3,2,CPI m/m|CPI y/y,Neutral|Neutral,12,6,6,50.0,50.0,1.0,2022-10-14_2022-11-12|2023-03-15_2023-04-13|2023-09-14_2023-10-13|2024-05-16_2024-06-14|2024-08-15_2024-09-13|2024-09-12_2024-10-11|2025-01-16_2025-02-14|2025-03-13_2025-04-11|2025-05-14_2025-06-12|2025-07-16_2025-08-14|2025-08-13_2025-09-11|2025-12-19_2026-01-17
0.0,2,Core CPI m/m|PPI m/m,Neutral|Good,1,0,1,0.0,100.0,0.0,2023-03-15_2023-04-13
0.0,2,Core CPI m/m|PPI m/m,Neutral|Bad,3,2,1,66.7,33.3,2.0,2023-09-14_2023-10-13|2025-07-16_2025-08-14|2025-08-13_2025-09-11
0.0,2,Core CPI m/m|PPI m/m,Good|Good,3,3,0,100.0,0.0,inf,2024-05-16_2024-06-14|2025-03-13_2025-04-11|2025-05-14_2025-06-12
0.0,2,Core CPI m/m|PPI m/m,Bad|Bad,2,1,1,50.0,50.0,1.0,2024-08-15_2024-09-13|2025-01-16_2025-02-14
0.0,2,Core CPI m/m|PPI m/m,Bad|Neutral,1,0,1,0.0,100.0,0.0,2024-09-12_2024-10-11
0.0,2,Core CPI m/m|PPI m/m,Good|Neutral,1,0,1,0.0,100.0,0.0,2025-12-19_2026-01-17
0.1,2,Core CPI m/m|PPI m/m,Neutral|Good,2,1,1,50.0,50.0,1.0,2023-03-15_2023-04-13|2024-05-16_2024-06-14
0.1,2,Core CPI m/m|PPI m/m,Neutral|Bad,3,2,1,66.7,33.3,2.0,2023-09-14_2023-10-13|2025-07-16_2025-08-14|2025-08-13_2025-09-11
0.1,2,Core CPI m/m|PPI m/m,Neutral|Neutral,3,0,3,0.0,100.0,0.0,2024-08-15_2024-09-13|2024-09-12_2024-10-11|2025-12-19_2026-01-17
0.1,2,Core CPI m/m|PPI m/m,Bad|Bad,1,1,0,100.0,0.0,inf,2025-01-16_2025-02-14
0.1,2,Core CPI m/m|PPI m/m,Good|Good,2,2,0,100.0,0.0,inf,2025-03-13_2025-04-11|2025-05-14_2025-06-12
0.2,2,Core CPI m/m|PPI m/m,Neutral|Good,4,3,1,75.0,25.0,3.0,2023-03-15_2023-04-13|2024-05-16_2024-06-14|2025-03-13_2025-04-11|2025-05-14_2025-06-12
0.2,2,Core CPI m/m|PPI m/m,Neutral|Bad,2,1,1,50.0,50.0,1.0,2023-09-14_2023-10-13|2025-07-16_2025-08-14
0.2,2,Core CPI m/m|PPI m/m,Neutral|Neutral,5,2,3,40.0,60.0,0.67,2024-08-15_2024-09-13|2024-09-12_2024-10-11|2025-01-16_2025-02-14|2025-08-13_2025-09-11|2025-12-19_2026-01-17
0.3,2,Core CPI m/m|PPI m/m,Neutral|Good,4,3,1,75.0,25.0,3.0,2023-03-15_2023-04-13|2024-05-16_2024-06-14|2025-03-13_2025-04-11|2025-05-14_2025-06-12
0.3,2,Core CPI m/m|PPI m/m,Neutral|Neutral,7,3,4,42.9,57.1,0.75,2023-09-14_2023-10-13|2024-08-15_2024-09-13|2024-09-12_2024-10-11|2025-01-16_2025-02-14|2025-07-16_2025-08-14|2025-08-13_2025-09-11|2025-12-19_2026-01-17
0.0,2,Core CPI m/m|Core PPI m/m,Neutral|Good,1,0,1,0.0,100.0,0.0,2023-03-15_2023-04-13
0.0,2,Core CPI m/m|Core PPI m/m,Neutral|Bad,3,2,1,66.7,33.3,2.0,2023-09-14_2023-10-13|2025-07-16_2025-08-14|2025-08-13_2025-09-11
0.0,2,Core CPI m/m|Core PPI m/m,Good|Good,4,3,1,75.0,25.0,3.0,2024-05-16_2024-06-14|2025-03-13_2025-04-11|2025-05-14_2025-06-12|2025-12-19_2026-01-17
0.0,2,Core CPI m/m|Core PPI m/m,Bad|Bad,2,0,2,0.0,100.0,0.0,2024-08-15_2024-09-13|2024-09-12_2024-10-11
0.0,2,Core CPI m/m|Core PPI m/m,Bad|Neutral,1,1,0,100.0,0.0,inf,2025-01-16_2025-02-14
0.1,2,Core CPI m/m|Core PPI m/m,Neutral|Good,3,1,2,33.3,66.7,0.5,2023-03-15_2023-04-13|2024-05-16_2024-06-14|2025-12-19_2026-01-17
0.1,2,Core CPI m/m|Core PPI m/m,Neutral|Neutral,3,1,2,33.3,66.7,0.5,2023-09-14_2023-10-13|2024-08-15_2024-09-13|2024-09-12_2024-10-11
0.1,2,Core CPI m/m|Core PPI m/m,Bad|Neutral,1,1,0,100.0,0.0,inf,2025-01-16_2025-02-14
0.1,2,Core CPI m/m|Core PPI m/m,Good|Good,2,2,0,100.0,0.0,inf,2025-03-13_2025-04-11|2025-05-14_2025-06-12
0.1,2,Core CPI m/m|Core PPI m/m,Neutral|Bad,2,1,1,50.0,50.0,1.0,2025-07-16_2025-08-14|2025-08-13_2025-09-11
0.2,2,Core CPI m/m|Core PPI m/m,Neutral|Good,4,3,1,75.0,25.0,3.0,2023-03-15_2023-04-13|2024-05-16_2024-06-14|2025-03-13_2025-04-11|2025-05-14_2025-06-12
0.2,2,Core CPI m/m|Core PPI m/m,Neutral|Neutral,6,3,3,50.0,50.0,1.0,2023-09-14_2023-10-13|2024-08-15_2024-09-13|2024-09-12_2024-10-11|2025-01-16_2025-02-14|2025-08-13_2025-09-11|2025-12-19_2026-01-17
0.2,2,Core CPI m/m|Core PPI m/m,Neutral|Bad,1,0,1,0.0,100.0,0.0,2025-07-16_2025-08-14
0.3,2,Core CPI m/m|Core PPI m/m,Neutral|Good,3,2,1,66.7,33.3,2.0,2023-03-15_2023-04-13|2025-03-13_2025-04-11|2025-05-14_2025-06-12
0.3,2,Core CPI m/m|Core PPI m/m,Neutral|Neutral,8,4,4,50.0,50.0,1.0,2023-09-14_2023-10-13|2024-05-16_2024-06-14|2024-08-15_2024-09-13|2024-09-12_2024-10-11|2025-01-16_2025-02-14|2025-07-16_2025-08-14|2025-08-13_2025-09-11|2025-12-19_2026-01-17
0.0,2,Core CPI m/m|FOMC,Neutral|Neutral,2,1,1,50.0,50.0,1.0,2023-03-15_2023-04-13|2023-09-14_2023-10-13
0.0,2,Core CPI m/m|FOMC,Good|Neutral,1,1,0,100.0,0.0,inf,2024-05-16_2024-06-14
0.0,2,Core CPI m/m|FOMC,Bad|Good,1,0,1,0.0,100.0,0.0,2024-09-12_2024-10-11
0.0,2,Core CPI m/m|FOMC,Bad|Neutral,1,1,0,100.0,0.0,inf,2025-01-16_2025-02-14
0.1,2,Core CPI m/m|FOMC,Neutral|Neutral,3,2,1,66.7,33.3,2.0,2023-03-15_2023-04-13|2023-09-14_2023-10-13|2024-05-16_2024-06-14
0.1,2,Core CPI m/m|FOMC,Neutral|Good,1,0,1,0.0,100.0,0.0,2024-09-12_2024-10-11
0.1,2,Core CPI m/m|FOMC,Bad|Neutral,1,1,0,100.0,0.0,inf,2025-01-16_2025-02-14
0.2,2,Core CPI m/m|FOMC,Neutral|Neutral,4,3,1,75.0,25.0,3.0,2023-03-15_2023-04-13|2023-09-14_2023-10-13|2024-05-16_2024-06-14|2025-01-16_2025-02-14
0.2,2,Core CPI m/m|FOMC,Neutral|Good,1,0,1,0.0,100.0,0.0,2024-09-12_2024-10-11
0.3,2,Core CPI m/m|FOMC,Neutral|Neutral,5,3,2,60.0,40.0,1.5,2023-03-15_2023-04-13|2023-09-14_2023-10-13|2024-05-16_2024-06-14|2024-09-12_2024-10-11|2025-01-16_2025-02-14
0.0,2,Core CPI m/m|CPI y/y,Good|Good,4,3,1,75.0,25.0,3.0,2022-10-14_2022-11-12|2024-05-16_2024-06-14|2025-03-13_2025-04-11|2025-05-14_2025-06-12
0.0,2,Core CPI m/m|CPI y/y,Neutral|Good,2,0,2,0.0,100.0,0.0,2023-03-15_2023-04-13|2025-07-16_2025-08-14
0.0,2,Core CPI m/m|CPI y/y,Neutral|Bad,1,1,0,100.0,0.0,inf,2023-09-14_2023-10-13
0.0,2,Core CPI m/m|CPI y/y,Bad|Neutral,1,0,1,0.0,100.0,0.0,2024-08-15_2024-09-13
0.0,2,Core CPI m/m|CPI y/y,Bad|Bad,2,1,1,50.0,50.0,1.0,2024-09-12_2024-10-11|2025-01-16_2025-02-14
0.0,2,Core CPI m/m|CPI y/y,Neutral|Neutral,1,1,0,100.0,0.0,inf,2025-08-13_2025-09-11
0.0,2,Core CPI m/m|CPI y/y,Good|Neutral,1,0,1,0.0,100.0,0.0,2025-12-19_2026-01-17
0.1,2,Core CPI m/m|CPI y/y,Good|Good,3,2,1,66.7,33.3,2.0,2022-10-14_2022-11-12|2025-03-13_2025-04-11|2025-05-14_2025-06-12
0.1,2,Core CPI m/m|CPI y/y,Neutral|Neutral,5,1,4,20.0,80.0,0.25,2023-03-15_2023-04-13|2024-08-15_2024-09-13|2025-07-16_2025-08-14|2025-08-13_2025-09-11|2025-12-19_2026-01-17
0.1,2,Core CPI m/m|CPI y/y,Neutral|Bad,2,1,1,50.0,50.0,1.0,2023-09-14_2023-10-13|2024-09-12_2024-10-11
0.1,2,Core CPI m/m|CPI y/y,Neutral|Good,1,1,0,100.0,0.0,inf,2024-05-16_2024-06-14
0.1,2,Core CPI m/m|CPI y/y,Bad|Bad,1,1,0,100.0,0.0,inf,2025-01-16_2025-02-14
0.2,2,Core CPI m/m|CPI y/y,Neutral|Good,1,0,1,0.0,100.0,0.0,2022-10-14_2022-11-12
0.2,2,Core CPI m/m|CPI y/y,Neutral|Neutral,11,6,5,54.5,45.5,1.2,2023-03-15_2023-04-13|2023-09-14_2023-10-13|2024-05-16_2024-06-14|2024-08-15_2024-09-13|2024-09-12_2024-10-11|2025-01-16_2025-02-14|2025-03-13_2025-04-11|2025-05-14_2025-06-12|2025-07-16_2025-08-14|2025-08-13_2025-09-11|2025-12-19_2026-01-17
0.3,2,Core CPI m/m|CPI y/y,Neutral|Neutral,12,6,6,50.0,50.0,1.0,2022-10-14_2022-11-12|2023-03-15_2023-04-13|2023-09-14_2023-10-13|2024-05-16_2024-06-14|2024-08-15_2024-09-13|2024-09-12_2024-10-11|2025-01-16_2025-02-14|2025-03-13_2025-04-11|2025-05-14_2025-06-12|2025-07-16_2025-08-14|2025-08-13_2025-09-11|2025-12-19_2026-01-17
0.0,2,PPI m/m|Core PPI m/m,Good|Good,6,3,3,50.0,50.0,1.0,2022-03-11_2022-04-09|2023-03-15_2023-04-13|2024-01-12_2024-02-10|2024-05-16_2024-06-14|2025-03-13_2025-04-11|2025-05-14_2025-06-12
0.0,2,PPI m/m|Core PPI m/m,Bad|Bad,6,3,3,50.0,50.0,1.0,2023-09-14_2023-10-13|2024-08-15_2024-09-13|2025-07-16_2025-08-14|2025-08-13_2025-09-11|2026-01-14_2026-02-12|2026-02-14_2026-03-15
0.0,2,PPI m/m|Core PPI m/m,Neutral|Bad,1,0,1,0.0,100.0,0.0,2024-09-12_2024-10-11
0.0,2,PPI m/m|Core PPI m/m,Good|Neutral,1,0,1,0.0,100.0,0.0,2024-10-11_2024-11-09
0.0,2,PPI m/m|Core PPI m/m,Bad|Neutral,1,1,0,100.0,0.0,inf,2025-01-16_2025-02-14
0.0,2,PPI m/m|Core PPI m/m,Neutral|Good,1,0,1,0.0,100.0,0.0,2025-12-19_2026-01-17
0.1,2,PPI m/m|Core PPI m/m,Good|Good,6,3,3,50.0,50.0,1.0,2022-03-11_2022-04-09|2023-03-15_2023-04-13|2024-01-12_2024-02-10|2024-05-16_2024-06-14|2025-03-13_2025-04-11|2025-05-14_2025-06-12
0.1,2,PPI m/m|Core PPI m/m,Bad|Neutral,2,2,0,100.0,0.0,inf,2023-09-14_2023-10-13|2025-01-16_2025-02-14
0.1,2,PPI m/m|Core PPI m/m,Neutral|Neutral,3,0,3,0.0,100.0,0.0,2024-08-15_2024-09-13|2024-09-12_2024-10-11|2024-10-11_2024-11-09
0.1,2,PPI m/m|Core PPI m/m,Bad|Bad,4,2,2,50.0,50.0,1.0,2025-07-16_2025-08-14|2025-08-13_2025-09-11|2026-01-14_2026-02-12|2026-02-14_2026-03-15
0.1,2,PPI m/m|Core PPI m/m,Neutral|Good,1,0,1,0.0,100.0,0.0,2025-12-19_2026-01-17
0.2,2,PPI m/m|Core PPI m/m,Neutral|Good,1,0,1,0.0,100.0,0.0,2022-03-11_2022-04-09
0.2,2,PPI m/m|Core PPI m/m,Good|Good,4,3,1,75.0,25.0,3.0,2023-03-15_2023-04-13|2024-05-16_2024-06-14|2025-03-13_2025-04-11|2025-05-14_2025-06-12
0.2,2,PPI m/m|Core PPI m/m,Bad|Neutral,1,1,0,100.0,0.0,inf,2023-09-14_2023-10-13
0.2,2,PPI m/m|Core PPI m/m,Neutral|Neutral,8,2,6,25.0,75.0,0.33,2024-01-12_2024-02-10|2024-08-15_2024-09-13|2024-09-12_2024-10-11|2024-10-11_2024-11-09|2025-01-16_2025-02-14|2025-08-13_2025-09-11|2025-12-19_2026-01-17|2026-01-14_2026-02-12
0.2,2,PPI m/m|Core PPI m/m,Bad|Bad,1,0,1,0.0,100.0,0.0,2025-07-16_2025-08-14
0.2,2,PPI m/m|Core PPI m/m,Neutral|Bad,1,1,0,100.0,0.0,inf,2026-02-14_2026-03-15
0.3,2,PPI m/m|Core PPI m/m,Neutral|Good,1,0,1,0.0,100.0,0.0,2022-03-11_2022-04-09
0.3,2,PPI m/m|Core PPI m/m,Good|Good,3,2,1,66.7,33.3,2.0,2023-03-15_2023-04-13|2025-03-13_2025-04-11|2025-05-14_2025-06-12
0.3,2,PPI m/m|Core PPI m/m,Neutral|Neutral,10,3,7,30.0,70.0,0.43,2023-09-14_2023-10-13|2024-01-12_2024-02-10|2024-08-15_2024-09-13|2024-09-12_2024-10-11|2024-10-11_2024-11-09|2025-01-16_2025-02-14|2025-07-16_2025-08-14|2025-08-13_2025-09-11|2025-12-19_2026-01-17|2026-01-14_2026-02-12
0.3,2,PPI m/m|Core PPI m/m,Good|Neutral,1,1,0,100.0,0.0,inf,2024-05-16_2024-06-14
0.3,2,PPI m/m|Core PPI m/m,Neutral|Bad,1,1,0,100.0,0.0,inf,2026-02-14_2026-03-15
0.0,2,PPI m/m|FOMC,Good|Neutral,3,1,2,33.3,66.7,0.5,2023-03-15_2023-04-13|2024-05-16_2024-06-14|2024-10-11_2024-11-09
0.0,2,PPI m/m|FOMC,Bad|Neutral,2,2,0,100.0,0.0,inf,2023-09-14_2023-10-13|2025-01-16_2025-02-14
0.0,2,PPI m/m|FOMC,Neutral|Good,1,0,1,0.0,100.0,0.0,2024-09-12_2024-10-11
0.1,2,PPI m/m|FOMC,Good|Neutral,2,1,1,50.0,50.0,1.0,2023-03-15_2023-04-13|2024-05-16_2024-06-14
0.1,2,PPI m/m|FOMC,Bad|Neutral,2,2,0,100.0,0.0,inf,2023-09-14_2023-10-13|2025-01-16_2025-02-14
0.1,2,PPI m/m|FOMC,Neutral|Good,1,0,1,0.0,100.0,0.0,2024-09-12_2024-10-11
0.1,2,PPI m/m|FOMC,Neutral|Neutral,1,0,1,0.0,100.0,0.0,2024-10-11_2024-11-09
0.2,2,PPI m/m|FOMC,Good|Neutral,2,1,1,50.0,50.0,1.0,2023-03-15_2023-04-13|2024-05-16_2024-06-14
0.2,2,PPI m/m|FOMC,Bad|Neutral,1,1,0,100.0,0.0,inf,2023-09-14_2023-10-13
0.2,2,PPI m/m|FOMC,Neutral|Good,1,0,1,0.0,100.0,0.0,2024-09-12_2024-10-11
0.2,2,PPI m/m|FOMC,Neutral|Neutral,2,1,1,50.0,50.0,1.0,2024-10-11_2024-11-09|2025-01-16_2025-02-14
0.3,2,PPI m/m|FOMC,Good|Neutral,2,1,1,50.0,50.0,1.0,2023-03-15_2023-04-13|2024-05-16_2024-06-14
0.3,2,PPI m/m|FOMC,Neutral|Neutral,4,2,2,50.0,50.0,1.0,2023-09-14_2023-10-13|2024-09-12_2024-10-11|2024-10-11_2024-11-09|2025-01-16_2025-02-14
0.0,2,PPI m/m|CPI y/y,Good|Good,4,3,1,75.0,25.0,3.0,2023-03-15_2023-04-13|2024-05-16_2024-06-14|2025-03-13_2025-04-11|2025-05-14_2025-06-12
0.0,2,PPI m/m|CPI y/y,Bad|Bad,2,2,0,100.0,0.0,inf,2023-09-14_2023-10-13|2025-01-16_2025-02-14
0.0,2,PPI m/m|CPI y/y,Bad|Neutral,2,1,1,50.0,50.0,1.0,2024-08-15_2024-09-13|2025-08-13_2025-09-11
0.0,2,PPI m/m|CPI y/y,Neutral|Bad,1,0,1,0.0,100.0,0.0,2024-09-12_2024-10-11
0.0,2,PPI m/m|CPI y/y,Bad|Good,1,0,1,0.0,100.0,0.0,2025-07-16_2025-08-14
0.0,2,PPI m/m|CPI y/y,Neutral|Neutral,1,0,1,0.0,100.0,0.0,2025-12-19_2026-01-17
0.1,2,PPI m/m|CPI y/y,Good|Neutral,1,0,1,0.0,100.0,0.0,2023-03-15_2023-04-13
0.1,2,PPI m/m|CPI y/y,Bad|Bad,2,2,0,100.0,0.0,inf,2023-09-14_2023-10-13|2025-01-16_2025-02-14
0.1,2,PPI m/m|CPI y/y,Good|Good,3,3,0,100.0,0.0,inf,2024-05-16_2024-06-14|2025-03-13_2025-04-11|2025-05-14_2025-06-12
0.1,2,PPI m/m|CPI y/y,Neutral|Neutral,2,0,2,0.0,100.0,0.0,2024-08-15_2024-09-13|2025-12-19_2026-01-17
0.1,2,PPI m/m|CPI y/y,Neutral|Bad,1,0,1,0.0,100.0,0.0,2024-09-12_2024-10-11
0.1,2,PPI m/m|CPI y/y,Bad|Neutral,2,1,1,50.0,50.0,1.0,2025-07-16_2025-08-14|2025-08-13_2025-09-11
0.2,2,PPI m/m|CPI y/y,Good|Neutral,4,3,1,75.0,25.0,3.0,2023-03-15_2023-04-13|2024-05-16_2024-06-14|2025-03-13_2025-04-11|2025-05-14_2025-06-12
0.2,2,PPI m/m|CPI y/y,Bad|Neutral,2,1,1,50.0,50.0,1.0,2023-09-14_2023-10-13|2025-07-16_2025-08-14
0.2,2,PPI m/m|CPI y/y,Neutral|Neutral,5,2,3,40.0,60.0,0.67,2024-08-15_2024-09-13|2024-09-12_2024-10-11|2025-01-16_2025-02-14|2025-08-13_2025-09-11|2025-12-19_2026-01-17
0.3,2,PPI m/m|CPI y/y,Good|Neutral,4,3,1,75.0,25.0,3.0,2023-03-15_2023-04-13|2024-05-16_2024-06-14|2025-03-13_2025-04-11|2025-05-14_2025-06-12
0.3,2,PPI m/m|CPI y/y,Neutral|Neutral,7,3,4,42.9,57.1,0.75,2023-09-14_2023-10-13|2024-08-15_2024-09-13|2024-09-12_2024-10-11|2025-01-16_2025-02-14|2025-07-16_2025-08-14|2025-08-13_2025-09-11|2025-12-19_2026-01-17
0.0,2,Core PPI m/m|FOMC,Good|Neutral,2,1,1,50.0,50.0,1.0,2023-03-15_2023-04-13|2024-05-16_2024-06-14
0.0,2,Core PPI m/m|FOMC,Bad|Neutral,1,1,0,100.0,0.0,inf,2023-09-14_2023-10-13
0.0,2,Core PPI m/m|FOMC,Bad|Good,1,0,1,0.0,100.0,0.0,2024-09-12_2024-10-11
0.0,2,Core PPI m/m|FOMC,Neutral|Neutral,2,1,1,50.0,50.0,1.0,2024-10-11_2024-11-09|2025-01-16_2025-02-14
0.1,2,Core PPI m/m|FOMC,Good|Neutral,2,1,1,50.0,50.0,1.0,2023-03-15_2023-04-13|2024-05-16_2024-06-14
0.1,2,Core PPI m/m|FOMC,Neutral|Neutral,3,2,1,66.7,33.3,2.0,2023-09-14_2023-10-13|2024-10-11_2024-11-09|2025-01-16_2025-02-14
0.1,2,Core PPI m/m|FOMC,Neutral|Good,1,0,1,0.0,100.0,0.0,2024-09-12_2024-10-11
0.2,2,Core PPI m/m|FOMC,Good|Neutral,2,1,1,50.0,50.0,1.0,2023-03-15_2023-04-13|2024-05-16_2024-06-14
0.2,2,Core PPI m/m|FOMC,Neutral|Neutral,3,2,1,66.7,33.3,2.0,2023-09-14_2023-10-13|2024-10-11_2024-11-09|2025-01-16_2025-02-14
0.2,2,Core PPI m/m|FOMC,Neutral|Good,1,0,1,0.0,100.0,0.0,2024-09-12_2024-10-11
0.3,2,Core PPI m/m|FOMC,Good|Neutral,1,0,1,0.0,100.0,0.0,2023-03-15_2023-04-13
0.3,2,Core PPI m/m|FOMC,Neutral|Neutral,5,3,2,60.0,40.0,1.5,2023-09-14_2023-10-13|2024-05-16_2024-06-14|2024-09-12_2024-10-11|2024-10-11_2024-11-09|2025-01-16_2025-02-14
0.0,2,Core PPI m/m|CPI y/y,Good|Good,4,3,1,75.0,25.0,3.0,2023-03-15_2023-04-13|2024-05-16_2024-06-14|2025-03-13_2025-04-11|2025-05-14_2025-06-12
0.0,2,Core PPI m/m|CPI y/y,Bad|Bad,2,1,1,50.0,50.0,1.0,2023-09-14_2023-10-13|2024-09-12_2024-10-11
0.0,2,Core PPI m/m|CPI y/y,Bad|Neutral,2,1,1,50.0,50.0,1.0,2024-08-15_2024-09-13|2025-08-13_2025-09-11
0.0,2,Core PPI m/m|CPI y/y,Neutral|Bad,1,1,0,100.0,0.0,inf,2025-01-16_2025-02-14
0.0,2,Core PPI m/m|CPI y/y,Bad|Good,1,0,1,0.0,100.0,0.0,2025-07-16_2025-08-14
0.0,2,Core PPI m/m|CPI y/y,Good|Neutral,1,0,1,0.0,100.0,0.0,2025-12-19_2026-01-17
0.1,2,Core PPI m/m|CPI y/y,Good|Neutral,2,0,2,0.0,100.0,0.0,2023-03-15_2023-04-13|2025-12-19_2026-01-17
0.1,2,Core PPI m/m|CPI y/y,Neutral|Bad,3,2,1,66.7,33.3,2.0,2023-09-14_2023-10-13|2024-09-12_2024-10-11|2025-01-16_2025-02-14
0.1,2,Core PPI m/m|CPI y/y,Good|Good,3,3,0,100.0,0.0,inf,2024-05-16_2024-06-14|2025-03-13_2025-04-11|2025-05-14_2025-06-12
0.1,2,Core PPI m/m|CPI y/y,Neutral|Neutral,1,0,1,0.0,100.0,0.0,2024-08-15_2024-09-13
0.1,2,Core PPI m/m|CPI y/y,Bad|Neutral,2,1,1,50.0,50.0,1.0,2025-07-16_2025-08-14|2025-08-13_2025-09-11
0.2,2,Core PPI m/m|CPI y/y,Good|Neutral,4,3,1,75.0,25.0,3.0,2023-03-15_2023-04-13|2024-05-16_2024-06-14|2025-03-13_2025-04-11|2025-05-14_2025-06-12
0.2,2,Core PPI m/m|CPI y/y,Neutral|Neutral,6,3,3,50.0,50.0,1.0,2023-09-14_2023-10-13|2024-08-15_2024-09-13|2024-09-12_2024-10-11|2025-01-16_2025-02-14|2025-08-13_2025-09-11|2025-12-19_2026-01-17
0.2,2,Core PPI m/m|CPI y/y,Bad|Neutral,1,0,1,0.0,100.0,0.0,2025-07-16_2025-08-14
0.3,2,Core PPI m/m|CPI y/y,Good|Neutral,3,2,1,66.7,33.3,2.0,2023-03-15_2023-04-13|2025-03-13_2025-04-11|2025-05-14_2025-06-12
0.3,2,Core PPI m/m|CPI y/y,Neutral|Neutral,8,4,4,50.0,50.0,1.0,2023-09-14_2023-10-13|2024-05-16_2024-06-14|2024-08-15_2024-09-13|2024-09-12_2024-10-11|2025-01-16_2025-02-14|2025-07-16_2025-08-14|2025-08-13_2025-09-11|2025-12-19_2026-01-17
0.0,2,FOMC|CPI y/y,Neutral|Good,2,1,1,50.0,50.0,1.0,2023-03-15_2023-04-13|2024-05-16_2024-06-14
0.0,2,FOMC|CPI y/y,Neutral|Bad,2,2,0,100.0,0.0,inf,2023-09-14_2023-10-13|2025-01-16_2025-02-14
0.0,2,FOMC|CPI y/y,Good|Bad,1,0,1,0.0,100.0,0.0,2024-09-12_2024-10-11
0.1,2,FOMC|CPI y/y,Neutral|Neutral,1,0,1,0.0,100.0,0.0,2023-03-15_2023-04-13
0.1,2,FOMC|CPI y/y,Neutral|Bad,2,2,0,100.0,0.0,inf,2023-09-14_2023-10-13|2025-01-16_2025-02-14
0.1,2,FOMC|CPI y/y,Neutral|Good,1,1,0,100.0,0.0,inf,2024-05-16_2024-06-14
0.1,2,FOMC|CPI y/y,Good|Bad,1,0,1,0.0,100.0,0.0,2024-09-12_2024-10-11
0.2,2,FOMC|CPI y/y,Neutral|Neutral,4,3,1,75.0,25.0,3.0,2023-03-15_2023-04-13|2023-09-14_2023-10-13|2024-05-16_2024-06-14|2025-01-16_2025-02-14
0.2,2,FOMC|CPI y/y,Good|Neutral,1,0,1,0.0,100.0,0.0,2024-09-12_2024-10-11
0.3,2,FOMC|CPI y/y,Neutral|Neutral,5,3,2,60.0,40.0,1.5,2023-03-15_2023-04-13|2023-09-14_2023-10-13|2024-05-16_2024-06-14|2024-09-12_2024-10-11|2025-01-16_2025-02-14
0.0,3,CPI m/m|Core CPI m/m|PPI m/m,Good|Neutral|Good,1,0,1,0.0,100.0,0.0,2023-03-15_2023-04-13
0.0,3,CPI m/m|Core CPI m/m|PPI m/m,Bad|Neutral|Bad,2,2,0,100.0,0.0,inf,2023-09-14_2023-10-13|2025-08-13_2025-09-11
0.0,3,CPI m/m|Core CPI m/m|PPI m/m,Good|Good|Good,3,3,0,100.0,0.0,inf,2024-05-16_2024-06-14|2025-03-13_2025-04-11|2025-05-14_2025-06-12
0.0,3,CPI m/m|Core CPI m/m|PPI m/m,Neutral|Bad|Bad,1,0,1,0.0,100.0,0.0,2024-08-15_2024-09-13
0.0,3,CPI m/m|Core CPI m/m|PPI m/m,Bad|Bad|Neutral,1,0,1,0.0,100.0,0.0,2024-09-12_2024-10-11
0.0,3,CPI m/m|Core CPI m/m|PPI m/m,Bad|Bad|Bad,1,1,0,100.0,0.0,inf,2025-01-16_2025-02-14
0.0,3,CPI m/m|Core CPI m/m|PPI m/m,Neutral|Neutral|Bad,1,0,1,0.0,100.0,0.0,2025-07-16_2025-08-14
0.0,3,CPI m/m|Core CPI m/m|PPI m/m,Neutral|Good|Neutral,1,0,1,0.0,100.0,0.0,2025-12-19_2026-01-17
0.1,3,CPI m/m|Core CPI m/m|PPI m/m,Neutral|Neutral|Good,2,1,1,50.0,50.0,1.0,2023-03-15_2023-04-13|2024-05-16_2024-06-14
0.1,3,CPI m/m|Core CPI m/m|PPI m/m,Bad|Neutral|Bad,2,2,0,100.0,0.0,inf,2023-09-14_2023-10-13|2025-08-13_2025-09-11
0.1,3,CPI m/m|Core CPI m/m|PPI m/m,Neutral|Neutral|Neutral,3,0,3,0.0,100.0,0.0,2024-08-15_2024-09-13|2024-09-12_2024-10-11|2025-12-19_2026-01-17
0.1,3,CPI m/m|Core CPI m/m|PPI m/m,Bad|Bad|Bad,1,1,0,100.0,0.0,inf,2025-01-16_2025-02-14
0.1,3,CPI m/m|Core CPI m/m|PPI m/m,Good|Good|Good,1,1,0,100.0,0.0,inf,2025-03-13_2025-04-11
0.1,3,CPI m/m|Core CPI m/m|PPI m/m,Neutral|Good|Good,1,1,0,100.0,0.0,inf,2025-05-14_2025-06-12
0.1,3,CPI m/m|Core CPI m/m|PPI m/m,Neutral|Neutral|Bad,1,0,1,0.0,100.0,0.0,2025-07-16_2025-08-14
0.2,3,CPI m/m|Core CPI m/m|PPI m/m,Neutral|Neutral|Good,4,3,1,75.0,25.0,3.0,2023-03-15_2023-04-13|2024-05-16_2024-06-14|2025-03-13_2025-04-11|2025-05-14_2025-06-12
0.2,3,CPI m/m|Core CPI m/m|PPI m/m,Neutral|Neutral|Bad,2,1,1,50.0,50.0,1.0,2023-09-14_2023-10-13|2025-07-16_2025-08-14
0.2,3,CPI m/m|Core CPI m/m|PPI m/m,Neutral|Neutral|Neutral,5,2,3,40.0,60.0,0.67,2024-08-15_2024-09-13|2024-09-12_2024-10-11|2025-01-16_2025-02-14|2025-08-13_2025-09-11|2025-12-19_2026-01-17
0.3,3,CPI m/m|Core CPI m/m|PPI m/m,Neutral|Neutral|Good,4,3,1,75.0,25.0,3.0,2023-03-15_2023-04-13|2024-05-16_2024-06-14|2025-03-13_2025-04-11|2025-05-14_2025-06-12
0.3,3,CPI m/m|Core CPI m/m|PPI m/m,Neutral|Neutral|Neutral,7,3,4,42.9,57.1,0.75,2023-09-14_2023-10-13|2024-08-15_2024-09-13|2024-09-12_2024-10-11|2025-01-16_2025-02-14|2025-07-16_2025-08-14|2025-08-13_2025-09-11|2025-12-19_2026-01-17
0.0,3,CPI m/m|Core CPI m/m|Core PPI m/m,Good|Neutral|Good,1,0,1,0.0,100.0,0.0,2023-03-15_2023-04-13
0.0,3,CPI m/m|Core CPI m/m|Core PPI m/m,Bad|Neutral|Bad,2,2,0,100.0,0.0,inf,2023-09-14_2023-10-13|2025-08-13_2025-09-11
0.0,3,CPI m/m|Core CPI m/m|Core PPI m/m,Good|Good|Good,3,3,0,100.0,0.0,inf,2024-05-16_2024-06-14|2025-03-13_2025-04-11|2025-05-14_2025-06-12
0.0,3,CPI m/m|Core CPI m/m|Core PPI m/m,Neutral|Bad|Bad,1,0,1,0.0,100.0,0.0,2024-08-15_2024-09-13
0.0,3,CPI m/m|Core CPI m/m|Core PPI m/m,Bad|Bad|Bad,1,0,1,0.0,100.0,0.0,2024-09-12_2024-10-11
0.0,3,CPI m/m|Core CPI m/m|Core PPI m/m,Bad|Bad|Neutral,1,1,0,100.0,0.0,inf,2025-01-16_2025-02-14
0.0,3,CPI m/m|Core CPI m/m|Core PPI m/m,Neutral|Neutral|Bad,1,0,1,0.0,100.0,0.0,2025-07-16_2025-08-14
0.0,3,CPI m/m|Core CPI m/m|Core PPI m/m,Neutral|Good|Good,1,0,1,0.0,100.0,0.0,2025-12-19_2026-01-17
0.1,3,CPI m/m|Core CPI m/m|Core PPI m/m,Neutral|Neutral|Good,3,1,2,33.3,66.7,0.5,2023-03-15_2023-04-13|2024-05-16_2024-06-14|2025-12-19_2026-01-17
0.1,3,CPI m/m|Core CPI m/m|Core PPI m/m,Bad|Neutral|Neutral,1,1,0,100.0,0.0,inf,2023-09-14_2023-10-13
0.1,3,CPI m/m|Core CPI m/m|Core PPI m/m,Neutral|Neutral|Neutral,2,0,2,0.0,100.0,0.0,2024-08-15_2024-09-13|2024-09-12_2024-10-11
0.1,3,CPI m/m|Core CPI m/m|Core PPI m/m,Bad|Bad|Neutral,1,1,0,100.0,0.0,inf,2025-01-16_2025-02-14
0.1,3,CPI m/m|Core CPI m/m|Core PPI m/m,Good|Good|Good,1,1,0,100.0,0.0,inf,2025-03-13_2025-04-11
0.1,3,CPI m/m|Core CPI m/m|Core PPI m/m,Neutral|Good|Good,1,1,0,100.0,0.0,inf,2025-05-14_2025-06-12
0.1,3,CPI m/m|Core CPI m/m|Core PPI m/m,Neutral|Neutral|Bad,1,0,1,0.0,100.0,0.0,2025-07-16_2025-08-14
0.1,3,CPI m/m|Core CPI m/m|Core PPI m/m,Bad|Neutral|Bad,1,1,0,100.0,0.0,inf,2025-08-13_2025-09-11
0.2,3,CPI m/m|Core CPI m/m|Core PPI m/m,Neutral|Neutral|Good,4,3,1,75.0,25.0,3.0,2023-03-15_2023-04-13|2024-05-16_2024-06-14|2025-03-13_2025-04-11|2025-05-14_2025-06-12
0.2,3,CPI m/m|Core CPI m/m|Core PPI m/m,Neutral|Neutral|Neutral,6,3,3,50.0,50.0,1.0,2023-09-14_2023-10-13|2024-08-15_2024-09-13|2024-09-12_2024-10-11|2025-01-16_2025-02-14|2025-08-13_2025-09-11|2025-12-19_2026-01-17
0.2,3,CPI m/m|Core CPI m/m|Core PPI m/m,Neutral|Neutral|Bad,1,0,1,0.0,100.0,0.0,2025-07-16_2025-08-14
0.3,3,CPI m/m|Core CPI m/m|Core PPI m/m,Neutral|Neutral|Good,3,2,1,66.7,33.3,2.0,2023-03-15_2023-04-13|2025-03-13_2025-04-11|2025-05-14_2025-06-12
0.3,3,CPI m/m|Core CPI m/m|Core PPI m/m,Neutral|Neutral|Neutral,8,4,4,50.0,50.0,1.0,2023-09-14_2023-10-13|2024-05-16_2024-06-14|2024-08-15_2024-09-13|2024-09-12_2024-10-11|2025-01-16_2025-02-14|2025-07-16_2025-08-14|2025-08-13_2025-09-11|2025-12-19_2026-01-17
0.0,3,CPI m/m|Core CPI m/m|FOMC,Good|Neutral|Neutral,1,0,1,0.0,100.0,0.0,2023-03-15_2023-04-13
0.0,3,CPI m/m|Core CPI m/m|FOMC,Bad|Neutral|Neutral,1,1,0,100.0,0.0,inf,2023-09-14_2023-10-13
0.0,3,CPI m/m|Core CPI m/m|FOMC,Good|Good|Neutral,1,1,0,100.0,0.0,inf,2024-05-16_2024-06-14
0.0,3,CPI m/m|Core CPI m/m|FOMC,Bad|Bad|Good,1,0,1,0.0,100.0,0.0,2024-09-12_2024-10-11
0.0,3,CPI m/m|Core CPI m/m|FOMC,Bad|Bad|Neutral,1,1,0,100.0,0.0,inf,2025-01-16_2025-02-14
0.1,3,CPI m/m|Core CPI m/m|FOMC,Neutral|Neutral|Neutral,2,1,1,50.0,50.0,1.0,2023-03-15_2023-04-13|2024-05-16_2024-06-14
0.1,3,CPI m/m|Core CPI m/m|FOMC,Bad|Neutral|Neutral,1,1,0,100.0,0.0,inf,2023-09-14_2023-10-13
0.1,3,CPI m/m|Core CPI m/m|FOMC,Neutral|Neutral|Good,1,0,1,0.0,100.0,0.0,2024-09-12_2024-10-11
0.1,3,CPI m/m|Core CPI m/m|FOMC,Bad|Bad|Neutral,1,1,0,100.0,0.0,inf,2025-01-16_2025-02-14
0.2,3,CPI m/m|Core CPI m/m|FOMC,Neutral|Neutral|Neutral,4,3,1,75.0,25.0,3.0,2023-03-15_2023-04-13|2023-09-14_2023-10-13|2024-05-16_2024-06-14|2025-01-16_2025-02-14
0.2,3,CPI m/m|Core CPI m/m|FOMC,Neutral|Neutral|Good,1,0,1,0.0,100.0,0.0,2024-09-12_2024-10-11
0.3,3,CPI m/m|Core CPI m/m|FOMC,Neutral|Neutral|Neutral,5,3,2,60.0,40.0,1.5,2023-03-15_2023-04-13|2023-09-14_2023-10-13|2024-05-16_2024-06-14|2024-09-12_2024-10-11|2025-01-16_2025-02-14
0.0,3,CPI m/m|Core CPI m/m|CPI y/y,Good|Good|Good,4,3,1,75.0,25.0,3.0,2022-10-14_2022-11-12|2024-05-16_2024-06-14|2025-03-13_2025-04-11|2025-05-14_2025-06-12
0.0,3,CPI m/m|Core CPI m/m|CPI y/y,Good|Neutral|Good,1,0,1,0.0,100.0,0.0,2023-03-15_2023-04-13
0.0,3,CPI m/m|Core CPI m/m|CPI y/y,Bad|Neutral|Bad,1,1,0,100.0,0.0,inf,2023-09-14_2023-10-13
0.0,3,CPI m/m|Core CPI m/m|CPI y/y,Neutral|Bad|Neutral,1,0,1,0.0,100.0,0.0,2024-08-15_2024-09-13
0.0,3,CPI m/m|Core CPI m/m|CPI y/y,Bad|Bad|Bad,2,1,1,50.0,50.0,1.0,2024-09-12_2024-10-11|2025-01-16_2025-02-14
0.0,3,CPI m/m|Core CPI m/m|CPI y/y,Neutral|Neutral|Good,1,0,1,0.0,100.0,0.0,2025-07-16_2025-08-14
0.0,3,CPI m/m|Core CPI m/m|CPI y/y,Bad|Neutral|Neutral,1,1,0,100.0,0.0,inf,2025-08-13_2025-09-11
0.0,3,CPI m/m|Core CPI m/m|CPI y/y,Neutral|Good|Neutral,1,0,1,0.0,100.0,0.0,2025-12-19_2026-01-17
0.1,3,CPI m/m|Core CPI m/m|CPI y/y,Good|Good|Good,2,1,1,50.0,50.0,1.0,2022-10-14_2022-11-12|2025-03-13_2025-04-11
0.1,3,CPI m/m|Core CPI m/m|CPI y/y,Neutral|Neutral|Neutral,4,0,4,0.0,100.0,0.0,2023-03-15_2023-04-13|2024-08-15_2024-09-13|2025-07-16_2025-08-14|2025-12-19_2026-01-17
0.1,3,CPI m/m|Core CPI m/m|CPI y/y,Bad|Neutral|Bad,1,1,0,100.0,0.0,inf,2023-09-14_2023-10-13
0.1,3,CPI m/m|Core CPI m/m|CPI y/y,Neutral|Neutral|Good,1,1,0,100.0,0.0,inf,2024-05-16_2024-06-14
0.1,3,CPI m/m|Core CPI m/m|CPI y/y,Neutral|Neutral|Bad,1,0,1,0.0,100.0,0.0,2024-09-12_2024-10-11
0.1,3,CPI m/m|Core CPI m/m|CPI y/y,Bad|Bad|Bad,1,1,0,100.0,0.0,inf,2025-01-16_2025-02-14
0.1,3,CPI m/m|Core CPI m/m|CPI y/y,Neutral|Good|Good,1,1,0,100.0,0.0,inf,2025-05-14_2025-06-12
0.1,3,CPI m/m|Core CPI m/m|CPI y/y,Bad|Neutral|Neutral,1,1,0,100.0,0.0,inf,2025-08-13_2025-09-11
0.2,3,CPI m/m|Core CPI m/m|CPI y/y,Neutral|Neutral|Good,1,0,1,0.0,100.0,0.0,2022-10-14_2022-11-12
0.2,3,CPI m/m|Core CPI m/m|CPI y/y,Neutral|Neutral|Neutral,11,6,5,54.5,45.5,1.2,2023-03-15_2023-04-13|2023-09-14_2023-10-13|2024-05-16_2024-06-14|2024-08-15_2024-09-13|2024-09-12_2024-10-11|2025-01-16_2025-02-14|2025-03-13_2025-04-11|2025-05-14_2025-06-12|2025-07-16_2025-08-14|2025-08-13_2025-09-11|2025-12-19_2026-01-17
0.3,3,CPI m/m|Core CPI m/m|CPI y/y,Neutral|Neutral|Neutral,12,6,6,50.0,50.0,1.0,2022-10-14_2022-11-12|2023-03-15_2023-04-13|2023-09-14_2023-10-13|2024-05-16_2024-06-14|2024-08-15_2024-09-13|2024-09-12_2024-10-11|2025-01-16_2025-02-14|2025-03-13_2025-04-11|2025-05-14_2025-06-12|2025-07-16_2025-08-14|2025-08-13_2025-09-11|2025-12-19_2026-01-17
0.0,3,CPI m/m|PPI m/m|Core PPI m/m,Good|Good|Good,4,3,1,75.0,25.0,3.0,2023-03-15_2023-04-13|2024-05-16_2024-06-14|2025-03-13_2025-04-11|2025-05-14_2025-06-12
0.0,3,CPI m/m|PPI m/m|Core PPI m/m,Bad|Bad|Bad,2,2,0,100.0,0.0,inf,2023-09-14_2023-10-13|2025-08-13_2025-09-11
0.0,3,CPI m/m|PPI m/m|Core PPI m/m,Neutral|Bad|Bad,2,0,2,0.0,100.0,0.0,2024-08-15_2024-09-13|2025-07-16_2025-08-14
0.0,3,CPI m/m|PPI m/m|Core PPI m/m,Bad|Neutral|Bad,1,0,1,0.0,100.0,0.0,2024-09-12_2024-10-11
0.0,3,CPI m/m|PPI m/m|Core PPI m/m,Bad|Bad|Neutral,1,1,0,100.0,0.0,inf,2025-01-16_2025-02-14
0.0,3,CPI m/m|PPI m/m|Core PPI m/m,Neutral|Neutral|Good,1,0,1,0.0,100.0,0.0,2025-12-19_2026-01-17
0.1,3,CPI m/m|PPI m/m|Core PPI m/m,Neutral|Good|Good,3,2,1,66.7,33.3,2.0,2023-03-15_2023-04-13|2024-05-16_2024-06-14|2025-05-14_2025-06-12
0.1,3,CPI m/m|PPI m/m|Core PPI m/m,Bad|Bad|Neutral,2,2,0,100.0,0.0,inf,2023-09-14_2023-10-13|2025-01-16_2025-02-14
0.1,3,CPI m/m|PPI m/m|Core PPI m/m,Neutral|Neutral|Neutral,2,0,2,0.0,100.0,0.0,2024-08-15_2024-09-13|2024-09-12_2024-10-11
0.1,3,CPI m/m|PPI m/m|Core PPI m/m,Good|Good|Good,1,1,0,100.0,0.0,inf,2025-03-13_2025-04-11
0.1,3,CPI m/m|PPI m/m|Core PPI m/m,Neutral|Bad|Bad,1,0,1,0.0,100.0,0.0,2025-07-16_2025-08-14
0.1,3,CPI m/m|PPI m/m|Core PPI m/m,Bad|Bad|Bad,1,1,0,100.0,0.0,inf,2025-08-13_2025-09-11
0.1,3,CPI m/m|PPI m/m|Core PPI m/m,Neutral|Neutral|Good,1,0,1,0.0,100.0,0.0,2025-12-19_2026-01-17
0.2,3,CPI m/m|PPI m/m|Core PPI m/m,Neutral|Good|Good,4,3,1,75.0,25.0,3.0,2023-03-15_2023-04-13|2024-05-16_2024-06-14|2025-03-13_2025-04-11|2025-05-14_2025-06-12
0.2,3,CPI m/m|PPI m/m|Core PPI m/m,Neutral|Bad|Neutral,1,1,0,100.0,0.0,inf,2023-09-14_2023-10-13
0.2,3,CPI m/m|PPI m/m|Core PPI m/m,Neutral|Neutral|Neutral,5,2,3,40.0,60.0,0.67,2024-08-15_2024-09-13|2024-09-12_2024-10-11|2025-01-16_2025-02-14|2025-08-13_2025-09-11|2025-12-19_2026-01-17
0.2,3,CPI m/m|PPI m/m|Core PPI m/m,Neutral|Bad|Bad,1,0,1,0.0,100.0,0.0,2025-07-16_2025-08-14
0.3,3,CPI m/m|PPI m/m|Core PPI m/m,Neutral|Good|Good,3,2,1,66.7,33.3,2.0,2023-03-15_2023-04-13|2025-03-13_2025-04-11|2025-05-14_2025-06-12
0.3,3,CPI m/m|PPI m/m|Core PPI m/m,Neutral|Neutral|Neutral,7,3,4,42.9,57.1,0.75,2023-09-14_2023-10-13|2024-08-15_2024-09-13|2024-09-12_2024-10-11|2025-01-16_2025-02-14|2025-07-16_2025-08-14|2025-08-13_2025-09-11|2025-12-19_2026-01-17
0.3,3,CPI m/m|PPI m/m|Core PPI m/m,Neutral|Good|Neutral,1,1,0,100.0,0.0,inf,2024-05-16_2024-06-14
0.0,3,CPI m/m|PPI m/m|FOMC,Good|Good|Neutral,2,1,1,50.0,50.0,1.0,2023-03-15_2023-04-13|2024-05-16_2024-06-14
0.0,3,CPI m/m|PPI m/m|FOMC,Bad|Bad|Neutral,2,2,0,100.0,0.0,inf,2023-09-14_2023-10-13|2025-01-16_2025-02-14
0.0,3,CPI m/m|PPI m/m|FOMC,Bad|Neutral|Good,1,0,1,0.0,100.0,0.0,2024-09-12_2024-10-11
0.1,3,CPI m/m|PPI m/m|FOMC,Neutral|Good|Neutral,2,1,1,50.0,50.0,1.0,2023-03-15_2023-04-13|2024-05-16_2024-06-14
0.1,3,CPI m/m|PPI m/m|FOMC,Bad|Bad|Neutral,2,2,0,100.0,0.0,inf,2023-09-14_2023-10-13|2025-01-16_2025-02-14
0.1,3,CPI m/m|PPI m/m|FOMC,Neutral|Neutral|Good,1,0,1,0.0,100.0,0.0,2024-09-12_2024-10-11
0.2,3,CPI m/m|PPI m/m|FOMC,Neutral|Good|Neutral,2,1,1,50.0,50.0,1.0,2023-03-15_2023-04-13|2024-05-16_2024-06-14
0.2,3,CPI m/m|PPI m/m|FOMC,Neutral|Bad|Neutral,1,1,0,100.0,0.0,inf,2023-09-14_2023-10-13
0.2,3,CPI m/m|PPI m/m|FOMC,Neutral|Neutral|Good,1,0,1,0.0,100.0,0.0,2024-09-12_2024-10-11
0.2,3,CPI m/m|PPI m/m|FOMC,Neutral|Neutral|Neutral,1,1,0,100.0,0.0,inf,2025-01-16_2025-02-14
0.3,3,CPI m/m|PPI m/m|FOMC,Neutral|Good|Neutral,2,1,1,50.0,50.0,1.0,2023-03-15_2023-04-13|2024-05-16_2024-06-14
0.3,3,CPI m/m|PPI m/m|FOMC,Neutral|Neutral|Neutral,3,2,1,66.7,33.3,2.0,2023-09-14_2023-10-13|2024-09-12_2024-10-11|2025-01-16_2025-02-14
0.0,3,CPI m/m|PPI m/m|CPI y/y,Good|Good|Good,4,3,1,75.0,25.0,3.0,2023-03-15_2023-04-13|2024-05-16_2024-06-14|2025-03-13_2025-04-11|2025-05-14_2025-06-12
0.0,3,CPI m/m|PPI m/m|CPI y/y,Bad|Bad|Bad,2,2,0,100.0,0.0,inf,2023-09-14_2023-10-13|2025-01-16_2025-02-14
0.0,3,CPI m/m|PPI m/m|CPI y/y,Neutral|Bad|Neutral,1,0,1,0.0,100.0,0.0,2024-08-15_2024-09-13
0.0,3,CPI m/m|PPI m/m|CPI y/y,Bad|Neutral|Bad,1,0,1,0.0,100.0,0.0,2024-09-12_2024-10-11
0.0,3,CPI m/m|PPI m/m|CPI y/y,Neutral|Bad|Good,1,0,1,0.0,100.0,0.0,2025-07-16_2025-08-14
0.0,3,CPI m/m|PPI m/m|CPI y/y,Bad|Bad|Neutral,1,1,0,100.0,0.0,inf,2025-08-13_2025-09-11
0.0,3,CPI m/m|PPI m/m|CPI y/y,Neutral|Neutral|Neutral,1,0,1,0.0,100.0,0.0,2025-12-19_2026-01-17
0.1,3,CPI m/m|PPI m/m|CPI y/y,Neutral|Good|Neutral,1,0,1,0.0,100.0,0.0,2023-03-15_2023-04-13
0.1,3,CPI m/m|PPI m/m|CPI y/y,Bad|Bad|Bad,2,2,0,100.0,0.0,inf,2023-09-14_2023-10-13|2025-01-16_2025-02-14
0.1,3,CPI m/m|PPI m/m|CPI y/y,Neutral|Good|Good,2,2,0,100.0,0.0,inf,2024-05-16_2024-06-14|2025-05-14_2025-06-12
0.1,3,CPI m/m|PPI m/m|CPI y/y,Neutral|Neutral|Neutral,2,0,2,0.0,100.0,0.0,2024-08-15_2024-09-13|2025-12-19_2026-01-17
0.1,3,CPI m/m|PPI m/m|CPI y/y,Neutral|Neutral|Bad,1,0,1,0.0,100.0,0.0,2024-09-12_2024-10-11
0.1,3,CPI m/m|PPI m/m|CPI y/y,Good|Good|Good,1,1,0,100.0,0.0,inf,2025-03-13_2025-04-11
0.1,3,CPI m/m|PPI m/m|CPI y/y,Neutral|Bad|Neutral,1,0,1,0.0,100.0,0.0,2025-07-16_2025-08-14
0.1,3,CPI m/m|PPI m/m|CPI y/y,Bad|Bad|Neutral,1,1,0,100.0,0.0,inf,2025-08-13_2025-09-11
0.2,3,CPI m/m|PPI m/m|CPI y/y,Neutral|Good|Neutral,4,3,1,75.0,25.0,3.0,2023-03-15_2023-04-13|2024-05-16_2024-06-14|2025-03-13_2025-04-11|2025-05-14_2025-06-12
0.2,3,CPI m/m|PPI m/m|CPI y/y,Neutral|Bad|Neutral,2,1,1,50.0,50.0,1.0,2023-09-14_2023-10-13|2025-07-16_2025-08-14
0.2,3,CPI m/m|PPI m/m|CPI y/y,Neutral|Neutral|Neutral,5,2,3,40.0,60.0,0.67,2024-08-15_2024-09-13|2024-09-12_2024-10-11|2025-01-16_2025-02-14|2025-08-13_2025-09-11|2025-12-19_2026-01-17
0.3,3,CPI m/m|PPI m/m|CPI y/y,Neutral|Good|Neutral,4,3,1,75.0,25.0,3.0,2023-03-15_2023-04-13|2024-05-16_2024-06-14|2025-03-13_2025-04-11|2025-05-14_2025-06-12
0.3,3,CPI m/m|PPI m/m|CPI y/y,Neutral|Neutral|Neutral,7,3,4,42.9,57.1,0.75,2023-09-14_2023-10-13|2024-08-15_2024-09-13|2024-09-12_2024-10-11|2025-01-16_2025-02-14|2025-07-16_2025-08-14|2025-08-13_2025-09-11|2025-12-19_2026-01-17
0.0,3,CPI m/m|Core PPI m/m|FOMC,Good|Good|Neutral,2,1,1,50.0,50.0,1.0,2023-03-15_2023-04-13|2024-05-16_2024-06-14
0.0,3,CPI m/m|Core PPI m/m|FOMC,Bad|Bad|Neutral,1,1,0,100.0,0.0,inf,2023-09-14_2023-10-13
0.0,3,CPI m/m|Core PPI m/m|FOMC,Bad|Bad|Good,1,0,1,0.0,100.0,0.0,2024-09-12_2024-10-11
0.0,3,CPI m/m|Core PPI m/m|FOMC,Bad|Neutral|Neutral,1,1,0,100.0,0.0,inf,2025-01-16_2025-02-14
0.1,3,CPI m/m|Core PPI m/m|FOMC,Neutral|Good|Neutral,2,1,1,50.0,50.0,1.0,2023-03-15_2023-04-13|2024-05-16_2024-06-14
0.1,3,CPI m/m|Core PPI m/m|FOMC,Bad|Neutral|Neutral,2,2,0,100.0,0.0,inf,2023-09-14_2023-10-13|2025-01-16_2025-02-14
0.1,3,CPI m/m|Core PPI m/m|FOMC,Neutral|Neutral|Good,1,0,1,0.0,100.0,0.0,2024-09-12_2024-10-11
0.2,3,CPI m/m|Core PPI m/m|FOMC,Neutral|Good|Neutral,2,1,1,50.0,50.0,1.0,2023-03-15_2023-04-13|2024-05-16_2024-06-14
0.2,3,CPI m/m|Core PPI m/m|FOMC,Neutral|Neutral|Neutral,2,2,0,100.0,0.0,inf,2023-09-14_2023-10-13|2025-01-16_2025-02-14
0.2,3,CPI m/m|Core PPI m/m|FOMC,Neutral|Neutral|Good,1,0,1,0.0,100.0,0.0,2024-09-12_2024-10-11
0.3,3,CPI m/m|Core PPI m/m|FOMC,Neutral|Good|Neutral,1,0,1,0.0,100.0,0.0,2023-03-15_2023-04-13
0.3,3,CPI m/m|Core PPI m/m|FOMC,Neutral|Neutral|Neutral,4,3,1,75.0,25.0,3.0,2023-09-14_2023-10-13|2024-05-16_2024-06-14|2024-09-12_2024-10-11|2025-01-16_2025-02-14
0.0,3,CPI m/m|Core PPI m/m|CPI y/y,Good|Good|Good,4,3,1,75.0,25.0,3.0,2023-03-15_2023-04-13|2024-05-16_2024-06-14|2025-03-13_2025-04-11|2025-05-14_2025-06-12
0.0,3,CPI m/m|Core PPI m/m|CPI y/y,Bad|Bad|Bad,2,1,1,50.0,50.0,1.0,2023-09-14_2023-10-13|2024-09-12_2024-10-11
0.0,3,CPI m/m|Core PPI m/m|CPI y/y,Neutral|Bad|Neutral,1,0,1,0.0,100.0,0.0,2024-08-15_2024-09-13
0.0,3,CPI m/m|Core PPI m/m|CPI y/y,Bad|Neutral|Bad,1,1,0,100.0,0.0,inf,2025-01-16_2025-02-14
0.0,3,CPI m/m|Core PPI m/m|CPI y/y,Neutral|Bad|Good,1,0,1,0.0,100.0,0.0,2025-07-16_2025-08-14
0.0,3,CPI m/m|Core PPI m/m|CPI y/y,Bad|Bad|Neutral,1,1,0,100.0,0.0,inf,2025-08-13_2025-09-11
0.0,3,CPI m/m|Core PPI m/m|CPI y/y,Neutral|Good|Neutral,1,0,1,0.0,100.0,0.0,2025-12-19_2026-01-17
0.1,3,CPI m/m|Core PPI m/m|CPI y/y,Neutral|Good|Neutral,2,0,2,0.0,100.0,0.0,2023-03-15_2023-04-13|2025-12-19_2026-01-17
0.1,3,CPI m/m|Core PPI m/m|CPI y/y,Bad|Neutral|Bad,2,2,0,100.0,0.0,inf,2023-09-14_2023-10-13|2025-01-16_2025-02-14
0.1,3,CPI m/m|Core PPI m/m|CPI y/y,Neutral|Good|Good,2,2,0,100.0,0.0,inf,2024-05-16_2024-06-14|2025-05-14_2025-06-12
0.1,3,CPI m/m|Core PPI m/m|CPI y/y,Neutral|Neutral|Neutral,1,0,1,0.0,100.0,0.0,2024-08-15_2024-09-13
0.1,3,CPI m/m|Core PPI m/m|CPI y/y,Neutral|Neutral|Bad,1,0,1,0.0,100.0,0.0,2024-09-12_2024-10-11
0.1,3,CPI m/m|Core PPI m/m|CPI y/y,Good|Good|Good,1,1,0,100.0,0.0,inf,2025-03-13_2025-04-11
0.1,3,CPI m/m|Core PPI m/m|CPI y/y,Neutral|Bad|Neutral,1,0,1,0.0,100.0,0.0,2025-07-16_2025-08-14
0.1,3,CPI m/m|Core PPI m/m|CPI y/y,Bad|Bad|Neutral,1,1,0,100.0,0.0,inf,2025-08-13_2025-09-11
0.2,3,CPI m/m|Core PPI m/m|CPI y/y,Neutral|Good|Neutral,4,3,1,75.0,25.0,3.0,2023-03-15_2023-04-13|2024-05-16_2024-06-14|2025-03-13_2025-04-11|2025-05-14_2025-06-12
0.2,3,CPI m/m|Core PPI m/m|CPI y/y,Neutral|Neutral|Neutral,6,3,3,50.0,50.0,1.0,2023-09-14_2023-10-13|2024-08-15_2024-09-13|2024-09-12_2024-10-11|2025-01-16_2025-02-14|2025-08-13_2025-09-11|2025-12-19_2026-01-17
0.2,3,CPI m/m|Core PPI m/m|CPI y/y,Neutral|Bad|Neutral,1,0,1,0.0,100.0,0.0,2025-07-16_2025-08-14
0.3,3,CPI m/m|Core PPI m/m|CPI y/y,Neutral|Good|Neutral,3,2,1,66.7,33.3,2.0,2023-03-15_2023-04-13|2025-03-13_2025-04-11|2025-05-14_2025-06-12
0.3,3,CPI m/m|Core PPI m/m|CPI y/y,Neutral|Neutral|Neutral,8,4,4,50.0,50.0,1.0,2023-09-14_2023-10-13|2024-05-16_2024-06-14|2024-08-15_2024-09-13|2024-09-12_2024-10-11|2025-01-16_2025-02-14|2025-07-16_2025-08-14|2025-08-13_2025-09-11|2025-12-19_2026-01-17
0.0,3,CPI m/m|FOMC|CPI y/y,Good|Neutral|Good,2,1,1,50.0,50.0,1.0,2023-03-15_2023-04-13|2024-05-16_2024-06-14
0.0,3,CPI m/m|FOMC|CPI y/y,Bad|Neutral|Bad,2,2,0,100.0,0.0,inf,2023-09-14_2023-10-13|2025-01-16_2025-02-14
0.0,3,CPI m/m|FOMC|CPI y/y,Bad|Good|Bad,1,0,1,0.0,100.0,0.0,2024-09-12_2024-10-11
0.1,3,CPI m/m|FOMC|CPI y/y,Neutral|Neutral|Neutral,1,0,1,0.0,100.0,0.0,2023-03-15_2023-04-13
0.1,3,CPI m/m|FOMC|CPI y/y,Bad|Neutral|Bad,2,2,0,100.0,0.0,inf,2023-09-14_2023-10-13|2025-01-16_2025-02-14
0.1,3,CPI m/m|FOMC|CPI y/y,Neutral|Neutral|Good,1,1,0,100.0,0.0,inf,2024-05-16_2024-06-14
0.1,3,CPI m/m|FOMC|CPI y/y,Neutral|Good|Bad,1,0,1,0.0,100.0,0.0,2024-09-12_2024-10-11
0.2,3,CPI m/m|FOMC|CPI y/y,Neutral|Neutral|Neutral,4,3,1,75.0,25.0,3.0,2023-03-15_2023-04-13|2023-09-14_2023-10-13|2024-05-16_2024-06-14|2025-01-16_2025-02-14
0.2,3,CPI m/m|FOMC|CPI y/y,Neutral|Good|Neutral,1,0,1,0.0,100.0,0.0,2024-09-12_2024-10-11
0.3,3,CPI m/m|FOMC|CPI y/y,Neutral|Neutral|Neutral,5,3,2,60.0,40.0,1.5,2023-03-15_2023-04-13|2023-09-14_2023-10-13|2024-05-16_2024-06-14|2024-09-12_2024-10-11|2025-01-16_2025-02-14
0.0,3,Core CPI m/m|PPI m/m|Core PPI m/m,Neutral|Good|Good,1,0,1,0.0,100.0,0.0,2023-03-15_2023-04-13
0.0,3,Core CPI m/m|PPI m/m|Core PPI m/m,Neutral|Bad|Bad,3,2,1,66.7,33.3,2.0,2023-09-14_2023-10-13|2025-07-16_2025-08-14|2025-08-13_2025-09-11
0.0,3,Core CPI m/m|PPI m/m|Core PPI m/m,Good|Good|Good,3,3,0,100.0,0.0,inf,2024-05-16_2024-06-14|2025-03-13_2025-04-11|2025-05-14_2025-06-12
0.0,3,Core CPI m/m|PPI m/m|Core PPI m/m,Bad|Bad|Bad,1,0,1,0.0,100.0,0.0,2024-08-15_2024-09-13
0.0,3,Core CPI m/m|PPI m/m|Core PPI m/m,Bad|Neutral|Bad,1,0,1,0.0,100.0,0.0,2024-09-12_2024-10-11
0.0,3,Core CPI m/m|PPI m/m|Core PPI m/m,Bad|Bad|Neutral,1,1,0,100.0,0.0,inf,2025-01-16_2025-02-14
0.0,3,Core CPI m/m|PPI m/m|Core PPI m/m,Good|Neutral|Good,1,0,1,0.0,100.0,0.0,2025-12-19_2026-01-17
0.1,3,Core CPI m/m|PPI m/m|Core PPI m/m,Neutral|Good|Good,2,1,1,50.0,50.0,1.0,2023-03-15_2023-04-13|2024-05-16_2024-06-14
0.1,3,Core CPI m/m|PPI m/m|Core PPI m/m,Neutral|Bad|Neutral,1,1,0,100.0,0.0,inf,2023-09-14_2023-10-13
0.1,3,Core CPI m/m|PPI m/m|Core PPI m/m,Neutral|Neutral|Neutral,2,0,2,0.0,100.0,0.0,2024-08-15_2024-09-13|2024-09-12_2024-10-11
0.1,3,Core CPI m/m|PPI m/m|Core PPI m/m,Bad|Bad|Neutral,1,1,0,100.0,0.0,inf,2025-01-16_2025-02-14
0.1,3,Core CPI m/m|PPI m/m|Core PPI m/m,Good|Good|Good,2,2,0,100.0,0.0,inf,2025-03-13_2025-04-11|2025-05-14_2025-06-12
0.1,3,Core CPI m/m|PPI m/m|Core PPI m/m,Neutral|Bad|Bad,2,1,1,50.0,50.0,1.0,2025-07-16_2025-08-14|2025-08-13_2025-09-11
0.1,3,Core CPI m/m|PPI m/m|Core PPI m/m,Neutral|Neutral|Good,1,0,1,0.0,100.0,0.0,2025-12-19_2026-01-17
0.2,3,Core CPI m/m|PPI m/m|Core PPI m/m,Neutral|Good|Good,4,3,1,75.0,25.0,3.0,2023-03-15_2023-04-13|2024-05-16_2024-06-14|2025-03-13_2025-04-11|2025-05-14_2025-06-12
0.2,3,Core CPI m/m|PPI m/m|Core PPI m/m,Neutral|Bad|Neutral,1,1,0,100.0,0.0,inf,2023-09-14_2023-10-13
0.2,3,Core CPI m/m|PPI m/m|Core PPI m/m,Neutral|Neutral|Neutral,5,2,3,40.0,60.0,0.67,2024-08-15_2024-09-13|2024-09-12_2024-10-11|2025-01-16_2025-02-14|2025-08-13_2025-09-11|2025-12-19_2026-01-17
0.2,3,Core CPI m/m|PPI m/m|Core PPI m/m,Neutral|Bad|Bad,1,0,1,0.0,100.0,0.0,2025-07-16_2025-08-14
0.3,3,Core CPI m/m|PPI m/m|Core PPI m/m,Neutral|Good|Good,3,2,1,66.7,33.3,2.0,2023-03-15_2023-04-13|2025-03-13_2025-04-11|2025-05-14_2025-06-12
0.3,3,Core CPI m/m|PPI m/m|Core PPI m/m,Neutral|Neutral|Neutral,7,3,4,42.9,57.1,0.75,2023-09-14_2023-10-13|2024-08-15_2024-09-13|2024-09-12_2024-10-11|2025-01-16_2025-02-14|2025-07-16_2025-08-14|2025-08-13_2025-09-11|2025-12-19_2026-01-17
0.3,3,Core CPI m/m|PPI m/m|Core PPI m/m,Neutral|Good|Neutral,1,1,0,100.0,0.0,inf,2024-05-16_2024-06-14
0.0,3,Core CPI m/m|PPI m/m|FOMC,Neutral|Good|Neutral,1,0,1,0.0,100.0,0.0,2023-03-15_2023-04-13
0.0,3,Core CPI m/m|PPI m/m|FOMC,Neutral|Bad|Neutral,1,1,0,100.0,0.0,inf,2023-09-14_2023-10-13
0.0,3,Core CPI m/m|PPI m/m|FOMC,Good|Good|Neutral,1,1,0,100.0,0.0,inf,2024-05-16_2024-06-14
0.0,3,Core CPI m/m|PPI m/m|FOMC,Bad|Neutral|Good,1,0,1,0.0,100.0,0.0,2024-09-12_2024-10-11
0.0,3,Core CPI m/m|PPI m/m|FOMC,Bad|Bad|Neutral,1,1,0,100.0,0.0,inf,2025-01-16_2025-02-14
0.1,3,Core CPI m/m|PPI m/m|FOMC,Neutral|Good|Neutral,2,1,1,50.0,50.0,1.0,2023-03-15_2023-04-13|2024-05-16_2024-06-14
0.1,3,Core CPI m/m|PPI m/m|FOMC,Neutral|Bad|Neutral,1,1,0,100.0,0.0,inf,2023-09-14_2023-10-13
0.1,3,Core CPI m/m|PPI m/m|FOMC,Neutral|Neutral|Good,1,0,1,0.0,100.0,0.0,2024-09-12_2024-10-11
0.1,3,Core CPI m/m|PPI m/m|FOMC,Bad|Bad|Neutral,1,1,0,100.0,0.0,inf,2025-01-16_2025-02-14
0.2,3,Core CPI m/m|PPI m/m|FOMC,Neutral|Good|Neutral,2,1,1,50.0,50.0,1.0,2023-03-15_2023-04-13|2024-05-16_2024-06-14
0.2,3,Core CPI m/m|PPI m/m|FOMC,Neutral|Bad|Neutral,1,1,0,100.0,0.0,inf,2023-09-14_2023-10-13
0.2,3,Core CPI m/m|PPI m/m|FOMC,Neutral|Neutral|Good,1,0,1,0.0,100.0,0.0,2024-09-12_2024-10-11
0.2,3,Core CPI m/m|PPI m/m|FOMC,Neutral|Neutral|Neutral,1,1,0,100.0,0.0,inf,2025-01-16_2025-02-14
0.3,3,Core CPI m/m|PPI m/m|FOMC,Neutral|Good|Neutral,2,1,1,50.0,50.0,1.0,2023-03-15_2023-04-13|2024-05-16_2024-06-14
0.3,3,Core CPI m/m|PPI m/m|FOMC,Neutral|Neutral|Neutral,3,2,1,66.7,33.3,2.0,2023-09-14_2023-10-13|2024-09-12_2024-10-11|2025-01-16_2025-02-14
0.0,3,Core CPI m/m|PPI m/m|CPI y/y,Neutral|Good|Good,1,0,1,0.0,100.0,0.0,2023-03-15_2023-04-13
0.0,3,Core CPI m/m|PPI m/m|CPI y/y,Neutral|Bad|Bad,1,1,0,100.0,0.0,inf,2023-09-14_2023-10-13
0.0,3,Core CPI m/m|PPI m/m|CPI y/y,Good|Good|Good,3,3,0,100.0,0.0,inf,2024-05-16_2024-06-14|2025-03-13_2025-04-11|2025-05-14_2025-06-12
0.0,3,Core CPI m/m|PPI m/m|CPI y/y,Bad|Bad|Neutral,1,0,1,0.0,100.0,0.0,2024-08-15_2024-09-13
0.0,3,Core CPI m/m|PPI m/m|CPI y/y,Bad|Neutral|Bad,1,0,1,0.0,100.0,0.0,2024-09-12_2024-10-11
0.0,3,Core CPI m/m|PPI m/m|CPI y/y,Bad|Bad|Bad,1,1,0,100.0,0.0,inf,2025-01-16_2025-02-14
0.0,3,Core CPI m/m|PPI m/m|CPI y/y,Neutral|Bad|Good,1,0,1,0.0,100.0,0.0,2025-07-16_2025-08-14
0.0,3,Core CPI m/m|PPI m/m|CPI y/y,Neutral|Bad|Neutral,1,1,0,100.0,0.0,inf,2025-08-13_2025-09-11
0.0,3,Core CPI m/m|PPI m/m|CPI y/y,Good|Neutral|Neutral,1,0,1,0.0,100.0,0.0,2025-12-19_2026-01-17
0.1,3,Core CPI m/m|PPI m/m|CPI y/y,Neutral|Good|Neutral,1,0,1,0.0,100.0,0.0,2023-03-15_2023-04-13
0.1,3,Core CPI m/m|PPI m/m|CPI y/y,Neutral|Bad|Bad,1,1,0,100.0,0.0,inf,2023-09-14_2023-10-13
0.1,3,Core CPI m/m|PPI m/m|CPI y/y,Neutral|Good|Good,1,1,0,100.0,0.0,inf,2024-05-16_2024-06-14
0.1,3,Core CPI m/m|PPI m/m|CPI y/y,Neutral|Neutral|Neutral,2,0,2,0.0,100.0,0.0,2024-08-15_2024-09-13|2025-12-19_2026-01-17
0.1,3,Core CPI m/m|PPI m/m|CPI y/y,Neutral|Neutral|Bad,1,0,1,0.0,100.0,0.0,2024-09-12_2024-10-11
0.1,3,Core CPI m/m|PPI m/m|CPI y/y,Bad|Bad|Bad,1,1,0,100.0,0.0,inf,2025-01-16_2025-02-14
0.1,3,Core CPI m/m|PPI m/m|CPI y/y,Good|Good|Good,2,2,0,100.0,0.0,inf,2025-03-13_2025-04-11|2025-05-14_2025-06-12
0.1,3,Core CPI m/m|PPI m/m|CPI y/y,Neutral|Bad|Neutral,2,1,1,50.0,50.0,1.0,2025-07-16_2025-08-14|2025-08-13_2025-09-11
0.2,3,Core CPI m/m|PPI m/m|CPI y/y,Neutral|Good|Neutral,4,3,1,75.0,25.0,3.0,2023-03-15_2023-04-13|2024-05-16_2024-06-14|2025-03-13_2025-04-11|2025-05-14_2025-06-12
0.2,3,Core CPI m/m|PPI m/m|CPI y/y,Neutral|Bad|Neutral,2,1,1,50.0,50.0,1.0,2023-09-14_2023-10-13|2025-07-16_2025-08-14
0.2,3,Core CPI m/m|PPI m/m|CPI y/y,Neutral|Neutral|Neutral,5,2,3,40.0,60.0,0.67,2024-08-15_2024-09-13|2024-09-12_2024-10-11|2025-01-16_2025-02-14|2025-08-13_2025-09-11|2025-12-19_2026-01-17
0.3,3,Core CPI m/m|PPI m/m|CPI y/y,Neutral|Good|Neutral,4,3,1,75.0,25.0,3.0,2023-03-15_2023-04-13|2024-05-16_2024-06-14|2025-03-13_2025-04-11|2025-05-14_2025-06-12
0.3,3,Core CPI m/m|PPI m/m|CPI y/y,Neutral|Neutral|Neutral,7,3,4,42.9,57.1,0.75,2023-09-14_2023-10-13|2024-08-15_2024-09-13|2024-09-12_2024-10-11|2025-01-16_2025-02-14|2025-07-16_2025-08-14|2025-08-13_2025-09-11|2025-12-19_2026-01-17
0.0,3,Core CPI m/m|Core PPI m/m|FOMC,Neutral|Good|Neutral,1,0,1,0.0,100.0,0.0,2023-03-15_2023-04-13
0.0,3,Core CPI m/m|Core PPI m/m|FOMC,Neutral|Bad|Neutral,1,1,0,100.0,0.0,inf,2023-09-14_2023-10-13
0.0,3,Core CPI m/m|Core PPI m/m|FOMC,Good|Good|Neutral,1,1,0,100.0,0.0,inf,2024-05-16_2024-06-14
0.0,3,Core CPI m/m|Core PPI m/m|FOMC,Bad|Bad|Good,1,0,1,0.0,100.0,0.0,2024-09-12_2024-10-11
0.0,3,Core CPI m/m|Core PPI m/m|FOMC,Bad|Neutral|Neutral,1,1,0,100.0,0.0,inf,2025-01-16_2025-02-14
0.1,3,Core CPI m/m|Core PPI m/m|FOMC,Neutral|Good|Neutral,2,1,1,50.0,50.0,1.0,2023-03-15_2023-04-13|2024-05-16_2024-06-14
0.1,3,Core CPI m/m|Core PPI m/m|FOMC,Neutral|Neutral|Neutral,1,1,0,100.0,0.0,inf,2023-09-14_2023-10-13
0.1,3,Core CPI m/m|Core PPI m/m|FOMC,Neutral|Neutral|Good,1,0,1,0.0,100.0,0.0,2024-09-12_2024-10-11
0.1,3,Core CPI m/m|Core PPI m/m|FOMC,Bad|Neutral|Neutral,1,1,0,100.0,0.0,inf,2025-01-16_2025-02-14
0.2,3,Core CPI m/m|Core PPI m/m|FOMC,Neutral|Good|Neutral,2,1,1,50.0,50.0,1.0,2023-03-15_2023-04-13|2024-05-16_2024-06-14
0.2,3,Core CPI m/m|Core PPI m/m|FOMC,Neutral|Neutral|Neutral,2,2,0,100.0,0.0,inf,2023-09-14_2023-10-13|2025-01-16_2025-02-14
0.2,3,Core CPI m/m|Core PPI m/m|FOMC,Neutral|Neutral|Good,1,0,1,0.0,100.0,0.0,2024-09-12_2024-10-11
0.3,3,Core CPI m/m|Core PPI m/m|FOMC,Neutral|Good|Neutral,1,0,1,0.0,100.0,0.0,2023-03-15_2023-04-13
0.3,3,Core CPI m/m|Core PPI m/m|FOMC,Neutral|Neutral|Neutral,4,3,1,75.0,25.0,3.0,2023-09-14_2023-10-13|2024-05-16_2024-06-14|2024-09-12_2024-10-11|2025-01-16_2025-02-14
0.0,3,Core CPI m/m|Core PPI m/m|CPI y/y,Neutral|Good|Good,1,0,1,0.0,100.0,0.0,2023-03-15_2023-04-13
0.0,3,Core CPI m/m|Core PPI m/m|CPI y/y,Neutral|Bad|Bad,1,1,0,100.0,0.0,inf,2023-09-14_2023-10-13
0.0,3,Core CPI m/m|Core PPI m/m|CPI y/y,Good|Good|Good,3,3,0,100.0,0.0,inf,2024-05-16_2024-06-14|2025-03-13_2025-04-11|2025-05-14_2025-06-12
0.0,3,Core CPI m/m|Core PPI m/m|CPI y/y,Bad|Bad|Neutral,1,0,1,0.0,100.0,0.0,2024-08-15_2024-09-13
0.0,3,Core CPI m/m|Core PPI m/m|CPI y/y,Bad|Bad|Bad,1,0,1,0.0,100.0,0.0,2024-09-12_2024-10-11
0.0,3,Core CPI m/m|Core PPI m/m|CPI y/y,Bad|Neutral|Bad,1,1,0,100.0,0.0,inf,2025-01-16_2025-02-14
0.0,3,Core CPI m/m|Core PPI m/m|CPI y/y,Neutral|Bad|Good,1,0,1,0.0,100.0,0.0,2025-07-16_2025-08-14
0.0,3,Core CPI m/m|Core PPI m/m|CPI y/y,Neutral|Bad|Neutral,1,1,0,100.0,0.0,inf,2025-08-13_2025-09-11
0.0,3,Core CPI m/m|Core PPI m/m|CPI y/y,Good|Good|Neutral,1,0,1,0.0,100.0,0.0,2025-12-19_2026-01-17
0.1,3,Core CPI m/m|Core PPI m/m|CPI y/y,Neutral|Good|Neutral,2,0,2,0.0,100.0,0.0,2023-03-15_2023-04-13|2025-12-19_2026-01-17
0.1,3,Core CPI m/m|Core PPI m/m|CPI y/y,Neutral|Neutral|Bad,2,1,1,50.0,50.0,1.0,2023-09-14_2023-10-13|2024-09-12_2024-10-11
0.1,3,Core CPI m/m|Core PPI m/m|CPI y/y,Neutral|Good|Good,1,1,0,100.0,0.0,inf,2024-05-16_2024-06-14
0.1,3,Core CPI m/m|Core PPI m/m|CPI y/y,Neutral|Neutral|Neutral,1,0,1,0.0,100.0,0.0,2024-08-15_2024-09-13
0.1,3,Core CPI m/m|Core PPI m/m|CPI y/y,Bad|Neutral|Bad,1,1,0,100.0,0.0,inf,2025-01-16_2025-02-14
0.1,3,Core CPI m/m|Core PPI m/m|CPI y/y,Good|Good|Good,2,2,0,100.0,0.0,inf,2025-03-13_2025-04-11|2025-05-14_2025-06-12
0.1,3,Core CPI m/m|Core PPI m/m|CPI y/y,Neutral|Bad|Neutral,2,1,1,50.0,50.0,1.0,2025-07-16_2025-08-14|2025-08-13_2025-09-11
0.2,3,Core CPI m/m|Core PPI m/m|CPI y/y,Neutral|Good|Neutral,4,3,1,75.0,25.0,3.0,2023-03-15_2023-04-13|2024-05-16_2024-06-14|2025-03-13_2025-04-11|2025-05-14_2025-06-12
0.2,3,Core CPI m/m|Core PPI m/m|CPI y/y,Neutral|Neutral|Neutral,6,3,3,50.0,50.0,1.0,2023-09-14_2023-10-13|2024-08-15_2024-09-13|2024-09-12_2024-10-11|2025-01-16_2025-02-14|2025-08-13_2025-09-11|2025-12-19_2026-01-17
0.2,3,Core CPI m/m|Core PPI m/m|CPI y/y,Neutral|Bad|Neutral,1,0,1,0.0,100.0,0.0,2025-07-16_2025-08-14
0.3,3,Core CPI m/m|Core PPI m/m|CPI y/y,Neutral|Good|Neutral,3,2,1,66.7,33.3,2.0,2023-03-15_2023-04-13|2025-03-13_2025-04-11|2025-05-14_2025-06-12
0.3,3,Core CPI m/m|Core PPI m/m|CPI y/y,Neutral|Neutral|Neutral,8,4,4,50.0,50.0,1.0,2023-09-14_2023-10-13|2024-05-16_2024-06-14|2024-08-15_2024-09-13|2024-09-12_2024-10-11|2025-01-16_2025-02-14|2025-07-16_2025-08-14|2025-08-13_2025-09-11|2025-12-19_2026-01-17
0.0,3,Core CPI m/m|FOMC|CPI y/y,Neutral|Neutral|Good,1,0,1,0.0,100.0,0.0,2023-03-15_2023-04-13
0.0,3,Core CPI m/m|FOMC|CPI y/y,Neutral|Neutral|Bad,1,1,0,100.0,0.0,inf,2023-09-14_2023-10-13
0.0,3,Core CPI m/m|FOMC|CPI y/y,Good|Neutral|Good,1,1,0,100.0,0.0,inf,2024-05-16_2024-06-14
0.0,3,Core CPI m/m|FOMC|CPI y/y,Bad|Good|Bad,1,0,1,0.0,100.0,0.0,2024-09-12_2024-10-11
0.0,3,Core CPI m/m|FOMC|CPI y/y,Bad|Neutral|Bad,1,1,0,100.0,0.0,inf,2025-01-16_2025-02-14
0.1,3,Core CPI m/m|FOMC|CPI y/y,Neutral|Neutral|Neutral,1,0,1,0.0,100.0,0.0,2023-03-15_2023-04-13
0.1,3,Core CPI m/m|FOMC|CPI y/y,Neutral|Neutral|Bad,1,1,0,100.0,0.0,inf,2023-09-14_2023-10-13
0.1,3,Core CPI m/m|FOMC|CPI y/y,Neutral|Neutral|Good,1,1,0,100.0,0.0,inf,2024-05-16_2024-06-14
0.1,3,Core CPI m/m|FOMC|CPI y/y,Neutral|Good|Bad,1,0,1,0.0,100.0,0.0,2024-09-12_2024-10-11
0.1,3,Core CPI m/m|FOMC|CPI y/y,Bad|Neutral|Bad,1,1,0,100.0,0.0,inf,2025-01-16_2025-02-14
0.2,3,Core CPI m/m|FOMC|CPI y/y,Neutral|Neutral|Neutral,4,3,1,75.0,25.0,3.0,2023-03-15_2023-04-13|2023-09-14_2023-10-13|2024-05-16_2024-06-14|2025-01-16_2025-02-14
0.2,3,Core CPI m/m|FOMC|CPI y/y,Neutral|Good|Neutral,1,0,1,0.0,100.0,0.0,2024-09-12_2024-10-11
0.3,3,Core CPI m/m|FOMC|CPI y/y,Neutral|Neutral|Neutral,5,3,2,60.0,40.0,1.5,2023-03-15_2023-04-13|2023-09-14_2023-10-13|2024-05-16_2024-06-14|2024-09-12_2024-10-11|2025-01-16_2025-02-14
0.0,3,PPI m/m|Core PPI m/m|FOMC,Good|Good|Neutral,2,1,1,50.0,50.0,1.0,2023-03-15_2023-04-13|2024-05-16_2024-06-14
0.0,3,PPI m/m|Core PPI m/m|FOMC,Bad|Bad|Neutral,1,1,0,100.0,0.0,inf,2023-09-14_2023-10-13
0.0,3,PPI m/m|Core PPI m/m|FOMC,Neutral|Bad|Good,1,0,1,0.0,100.0,0.0,2024-09-12_2024-10-11
0.0,3,PPI m/m|Core PPI m/m|FOMC,Good|Neutral|Neutral,1,0,1,0.0,100.0,0.0,2024-10-11_2024-11-09
0.0,3,PPI m/m|Core PPI m/m|FOMC,Bad|Neutral|Neutral,1,1,0,100.0,0.0,inf,2025-01-16_2025-02-14
0.1,3,PPI m/m|Core PPI m/m|FOMC,Good|Good|Neutral,2,1,1,50.0,50.0,1.0,2023-03-15_2023-04-13|2024-05-16_2024-06-14
0.1,3,PPI m/m|Core PPI m/m|FOMC,Bad|Neutral|Neutral,2,2,0,100.0,0.0,inf,2023-09-14_2023-10-13|2025-01-16_2025-02-14
0.1,3,PPI m/m|Core PPI m/m|FOMC,Neutral|Neutral|Good,1,0,1,0.0,100.0,0.0,2024-09-12_2024-10-11
0.1,3,PPI m/m|Core PPI m/m|FOMC,Neutral|Neutral|Neutral,1,0,1,0.0,100.0,0.0,2024-10-11_2024-11-09
0.2,3,PPI m/m|Core PPI m/m|FOMC,Good|Good|Neutral,2,1,1,50.0,50.0,1.0,2023-03-15_2023-04-13|2024-05-16_2024-06-14
0.2,3,PPI m/m|Core PPI m/m|FOMC,Bad|Neutral|Neutral,1,1,0,100.0,0.0,inf,2023-09-14_2023-10-13
0.2,3,PPI m/m|Core PPI m/m|FOMC,Neutral|Neutral|Good,1,0,1,0.0,100.0,0.0,2024-09-12_2024-10-11
0.2,3,PPI m/m|Core PPI m/m|FOMC,Neutral|Neutral|Neutral,2,1,1,50.0,50.0,1.0,2024-10-11_2024-11-09|2025-01-16_2025-02-14
0.3,3,PPI m/m|Core PPI m/m|FOMC,Good|Good|Neutral,1,0,1,0.0,100.0,0.0,2023-03-15_2023-04-13
0.3,3,PPI m/m|Core PPI m/m|FOMC,Neutral|Neutral|Neutral,4,2,2,50.0,50.0,1.0,2023-09-14_2023-10-13|2024-09-12_2024-10-11|2024-10-11_2024-11-09|2025-01-16_2025-02-14
0.3,3,PPI m/m|Core PPI m/m|FOMC,Good|Neutral|Neutral,1,1,0,100.0,0.0,inf,2024-05-16_2024-06-14
0.0,3,PPI m/m|Core PPI m/m|CPI y/y,Good|Good|Good,4,3,1,75.0,25.0,3.0,2023-03-15_2023-04-13|2024-05-16_2024-06-14|2025-03-13_2025-04-11|2025-05-14_2025-06-12
0.0,3,PPI m/m|Core PPI m/m|CPI y/y,Bad|Bad|Bad,1,1,0,100.0,0.0,inf,2023-09-14_2023-10-13
0.0,3,PPI m/m|Core PPI m/m|CPI y/y,Bad|Bad|Neutral,2,1,1,50.0,50.0,1.0,2024-08-15_2024-09-13|2025-08-13_2025-09-11
0.0,3,PPI m/m|Core PPI m/m|CPI y/y,Neutral|Bad|Bad,1,0,1,0.0,100.0,0.0,2024-09-12_2024-10-11
0.0,3,PPI m/m|Core PPI m/m|CPI y/y,Bad|Neutral|Bad,1,1,0,100.0,0.0,inf,2025-01-16_2025-02-14
0.0,3,PPI m/m|Core PPI m/m|CPI y/y,Bad|Bad|Good,1,0,1,0.0,100.0,0.0,2025-07-16_2025-08-14
0.0,3,PPI m/m|Core PPI m/m|CPI y/y,Neutral|Good|Neutral,1,0,1,0.0,100.0,0.0,2025-12-19_2026-01-17
0.1,3,PPI m/m|Core PPI m/m|CPI y/y,Good|Good|Neutral,1,0,1,0.0,100.0,0.0,2023-03-15_2023-04-13
0.1,3,PPI m/m|Core PPI m/m|CPI y/y,Bad|Neutral|Bad,2,2,0,100.0,0.0,inf,2023-09-14_2023-10-13|2025-01-16_2025-02-14
0.1,3,PPI m/m|Core PPI m/m|CPI y/y,Good|Good|Good,3,3,0,100.0,0.0,inf,2024-05-16_2024-06-14|2025-03-13_2025-04-11|2025-05-14_2025-06-12
0.1,3,PPI m/m|Core PPI m/m|CPI y/y,Neutral|Neutral|Neutral,1,0,1,0.0,100.0,0.0,2024-08-15_2024-09-13
0.1,3,PPI m/m|Core PPI m/m|CPI y/y,Neutral|Neutral|Bad,1,0,1,0.0,100.0,0.0,2024-09-12_2024-10-11
0.1,3,PPI m/m|Core PPI m/m|CPI y/y,Bad|Bad|Neutral,2,1,1,50.0,50.0,1.0,2025-07-16_2025-08-14|2025-08-13_2025-09-11
0.1,3,PPI m/m|Core PPI m/m|CPI y/y,Neutral|Good|Neutral,1,0,1,0.0,100.0,0.0,2025-12-19_2026-01-17
0.2,3,PPI m/m|Core PPI m/m|CPI y/y,Good|Good|Neutral,4,3,1,75.0,25.0,3.0,2023-03-15_2023-04-13|2024-05-16_2024-06-14|2025-03-13_2025-04-11|2025-05-14_2025-06-12
0.2,3,PPI m/m|Core PPI m/m|CPI y/y,Bad|Neutral|Neutral,1,1,0,100.0,0.0,inf,2023-09-14_2023-10-13
0.2,3,PPI m/m|Core PPI m/m|CPI y/y,Neutral|Neutral|Neutral,5,2,3,40.0,60.0,0.67,2024-08-15_2024-09-13|2024-09-12_2024-10-11|2025-01-16_2025-02-14|2025-08-13_2025-09-11|2025-12-19_2026-01-17
0.2,3,PPI m/m|Core PPI m/m|CPI y/y,Bad|Bad|Neutral,1,0,1,0.0,100.0,0.0,2025-07-16_2025-08-14
0.3,3,PPI m/m|Core PPI m/m|CPI y/y,Good|Good|Neutral,3,2,1,66.7,33.3,2.0,2023-03-15_2023-04-13|2025-03-13_2025-04-11|2025-05-14_2025-06-12
0.3,3,PPI m/m|Core PPI m/m|CPI y/y,Neutral|Neutral|Neutral,7,3,4,42.9,57.1,0.75,2023-09-14_2023-10-13|2024-08-15_2024-09-13|2024-09-12_2024-10-11|2025-01-16_2025-02-14|2025-07-16_2025-08-14|2025-08-13_2025-09-11|2025-12-19_2026-01-17
0.3,3,PPI m/m|Core PPI m/m|CPI y/y,Good|Neutral|Neutral,1,1,0,100.0,0.0,inf,2024-05-16_2024-06-14
0.0,3,PPI m/m|FOMC|CPI y/y,Good|Neutral|Good,2,1,1,50.0,50.0,1.0,2023-03-15_2023-04-13|2024-05-16_2024-06-14
0.0,3,PPI m/m|FOMC|CPI y/y,Bad|Neutral|Bad,2,2,0,100.0,0.0,inf,2023-09-14_2023-10-13|2025-01-16_2025-02-14
0.0,3,PPI m/m|FOMC|CPI y/y,Neutral|Good|Bad,1,0,1,0.0,100.0,0.0,2024-09-12_2024-10-11
0.1,3,PPI m/m|FOMC|CPI y/y,Good|Neutral|Neutral,1,0,1,0.0,100.0,0.0,2023-03-15_2023-04-13
0.1,3,PPI m/m|FOMC|CPI y/y,Bad|Neutral|Bad,2,2,0,100.0,0.0,inf,2023-09-14_2023-10-13|2025-01-16_2025-02-14
0.1,3,PPI m/m|FOMC|CPI y/y,Good|Neutral|Good,1,1,0,100.0,0.0,inf,2024-05-16_2024-06-14
0.1,3,PPI m/m|FOMC|CPI y/y,Neutral|Good|Bad,1,0,1,0.0,100.0,0.0,2024-09-12_2024-10-11
0.2,3,PPI m/m|FOMC|CPI y/y,Good|Neutral|Neutral,2,1,1,50.0,50.0,1.0,2023-03-15_2023-04-13|2024-05-16_2024-06-14
0.2,3,PPI m/m|FOMC|CPI y/y,Bad|Neutral|Neutral,1,1,0,100.0,0.0,inf,2023-09-14_2023-10-13
0.2,3,PPI m/m|FOMC|CPI y/y,Neutral|Good|Neutral,1,0,1,0.0,100.0,0.0,2024-09-12_2024-10-11
0.2,3,PPI m/m|FOMC|CPI y/y,Neutral|Neutral|Neutral,1,1,0,100.0,0.0,inf,2025-01-16_2025-02-14
0.3,3,PPI m/m|FOMC|CPI y/y,Good|Neutral|Neutral,2,1,1,50.0,50.0,1.0,2023-03-15_2023-04-13|2024-05-16_2024-06-14
0.3,3,PPI m/m|FOMC|CPI y/y,Neutral|Neutral|Neutral,3,2,1,66.7,33.3,2.0,2023-09-14_2023-10-13|2024-09-12_2024-10-11|2025-01-16_2025-02-14
0.0,3,Core PPI m/m|FOMC|CPI y/y,Good|Neutral|Good,2,1,1,50.0,50.0,1.0,2023-03-15_2023-04-13|2024-05-16_2024-06-14
0.0,3,Core PPI m/m|FOMC|CPI y/y,Bad|Neutral|Bad,1,1,0,100.0,0.0,inf,2023-09-14_2023-10-13
0.0,3,Core PPI m/m|FOMC|CPI y/y,Bad|Good|Bad,1,0,1,0.0,100.0,0.0,2024-09-12_2024-10-11
0.0,3,Core PPI m/m|FOMC|CPI y/y,Neutral|Neutral|Bad,1,1,0,100.0,0.0,inf,2025-01-16_2025-02-14
0.1,3,Core PPI m/m|FOMC|CPI y/y,Good|Neutral|Neutral,1,0,1,0.0,100.0,0.0,2023-03-15_2023-04-13
0.1,3,Core PPI m/m|FOMC|CPI y/y,Neutral|Neutral|Bad,2,2,0,100.0,0.0,inf,2023-09-14_2023-10-13|2025-01-16_2025-02-14
0.1,3,Core PPI m/m|FOMC|CPI y/y,Good|Neutral|Good,1,1,0,100.0,0.0,inf,2024-05-16_2024-06-14
0.1,3,Core PPI m/m|FOMC|CPI y/y,Neutral|Good|Bad,1,0,1,0.0,100.0,0.0,2024-09-12_2024-10-11
0.2,3,Core PPI m/m|FOMC|CPI y/y,Good|Neutral|Neutral,2,1,1,50.0,50.0,1.0,2023-03-15_2023-04-13|2024-05-16_2024-06-14
0.2,3,Core PPI m/m|FOMC|CPI y/y,Neutral|Neutral|Neutral,2,2,0,100.0,0.0,inf,2023-09-14_2023-10-13|2025-01-16_2025-02-14
0.2,3,Core PPI m/m|FOMC|CPI y/y,Neutral|Good|Neutral,1,0,1,0.0,100.0,0.0,2024-09-12_2024-10-11
0.3,3,Core PPI m/m|FOMC|CPI y/y,Good|Neutral|Neutral,1,0,1,0.0,100.0,0.0,2023-03-15_2023-04-13
0.3,3,Core PPI m/m|FOMC|CPI y/y,Neutral|Neutral|Neutral,4,3,1,75.0,25.0,3.0,2023-09-14_2023-10-13|2024-05-16_2024-06-14|2024-09-12_2024-10-11|2025-01-16_2025-02-14
0.0,4,CPI m/m|Core CPI m/m|PPI m/m|Core PPI m/m,Good|Neutral|Good|Good,1,0,1,0.0,100.0,0.0,2023-03-15_2023-04-13
0.0,4,CPI m/m|Core CPI m/m|PPI m/m|Core PPI m/m,Bad|Neutral|Bad|Bad,2,2,0,100.0,0.0,inf,2023-09-14_2023-10-13|2025-08-13_2025-09-11
0.0,4,CPI m/m|Core CPI m/m|PPI m/m|Core PPI m/m,Good|Good|Good|Good,3,3,0,100.0,0.0,inf,2024-05-16_2024-06-14|2025-03-13_2025-04-11|2025-05-14_2025-06-12
0.0,4,CPI m/m|Core CPI m/m|PPI m/m|Core PPI m/m,Neutral|Bad|Bad|Bad,1,0,1,0.0,100.0,0.0,2024-08-15_2024-09-13
0.0,4,CPI m/m|Core CPI m/m|PPI m/m|Core PPI m/m,Bad|Bad|Neutral|Bad,1,0,1,0.0,100.0,0.0,2024-09-12_2024-10-11
0.0,4,CPI m/m|Core CPI m/m|PPI m/m|Core PPI m/m,Bad|Bad|Bad|Neutral,1,1,0,100.0,0.0,inf,2025-01-16_2025-02-14
0.0,4,CPI m/m|Core CPI m/m|PPI m/m|Core PPI m/m,Neutral|Neutral|Bad|Bad,1,0,1,0.0,100.0,0.0,2025-07-16_2025-08-14
0.0,4,CPI m/m|Core CPI m/m|PPI m/m|Core PPI m/m,Neutral|Good|Neutral|Good,1,0,1,0.0,100.0,0.0,2025-12-19_2026-01-17
0.1,4,CPI m/m|Core CPI m/m|PPI m/m|Core PPI m/m,Neutral|Neutral|Good|Good,2,1,1,50.0,50.0,1.0,2023-03-15_2023-04-13|2024-05-16_2024-06-14
0.1,4,CPI m/m|Core CPI m/m|PPI m/m|Core PPI m/m,Bad|Neutral|Bad|Neutral,1,1,0,100.0,0.0,inf,2023-09-14_2023-10-13
0.1,4,CPI m/m|Core CPI m/m|PPI m/m|Core PPI m/m,Neutral|Neutral|Neutral|Neutral,2,0,2,0.0,100.0,0.0,2024-08-15_2024-09-13|2024-09-12_2024-10-11
0.1,4,CPI m/m|Core CPI m/m|PPI m/m|Core PPI m/m,Bad|Bad|Bad|Neutral,1,1,0,100.0,0.0,inf,2025-01-16_2025-02-14
0.1,4,CPI m/m|Core CPI m/m|PPI m/m|Core PPI m/m,Good|Good|Good|Good,1,1,0,100.0,0.0,inf,2025-03-13_2025-04-11
0.1,4,CPI m/m|Core CPI m/m|PPI m/m|Core PPI m/m,Neutral|Good|Good|Good,1,1,0,100.0,0.0,inf,2025-05-14_2025-06-12
0.1,4,CPI m/m|Core CPI m/m|PPI m/m|Core PPI m/m,Neutral|Neutral|Bad|Bad,1,0,1,0.0,100.0,0.0,2025-07-16_2025-08-14
0.1,4,CPI m/m|Core CPI m/m|PPI m/m|Core PPI m/m,Bad|Neutral|Bad|Bad,1,1,0,100.0,0.0,inf,2025-08-13_2025-09-11
0.1,4,CPI m/m|Core CPI m/m|PPI m/m|Core PPI m/m,Neutral|Neutral|Neutral|Good,1,0,1,0.0,100.0,0.0,2025-12-19_2026-01-17
0.2,4,CPI m/m|Core CPI m/m|PPI m/m|Core PPI m/m,Neutral|Neutral|Good|Good,4,3,1,75.0,25.0,3.0,2023-03-15_2023-04-13|2024-05-16_2024-06-14|2025-03-13_2025-04-11|2025-05-14_2025-06-12
0.2,4,CPI m/m|Core CPI m/m|PPI m/m|Core PPI m/m,Neutral|Neutral|Bad|Neutral,1,1,0,100.0,0.0,inf,2023-09-14_2023-10-13
0.2,4,CPI m/m|Core CPI m/m|PPI m/m|Core PPI m/m,Neutral|Neutral|Neutral|Neutral,5,2,3,40.0,60.0,0.67,2024-08-15_2024-09-13|2024-09-12_2024-10-11|2025-01-16_2025-02-14|2025-08-13_2025-09-11|2025-12-19_2026-01-17
0.2,4,CPI m/m|Core CPI m/m|PPI m/m|Core PPI m/m,Neutral|Neutral|Bad|Bad,1,0,1,0.0,100.0,0.0,2025-07-16_2025-08-14
0.3,4,CPI m/m|Core CPI m/m|PPI m/m|Core PPI m/m,Neutral|Neutral|Good|Good,3,2,1,66.7,33.3,2.0,2023-03-15_2023-04-13|2025-03-13_2025-04-11|2025-05-14_2025-06-12
0.3,4,CPI m/m|Core CPI m/m|PPI m/m|Core PPI m/m,Neutral|Neutral|Neutral|Neutral,7,3,4,42.9,57.1,0.75,2023-09-14_2023-10-13|2024-08-15_2024-09-13|2024-09-12_2024-10-11|2025-01-16_2025-02-14|2025-07-16_2025-08-14|2025-08-13_2025-09-11|2025-12-19_2026-01-17
0.3,4,CPI m/m|Core CPI m/m|PPI m/m|Core PPI m/m,Neutral|Neutral|Good|Neutral,1,1,0,100.0,0.0,inf,2024-05-16_2024-06-14
0.0,4,CPI m/m|Core CPI m/m|PPI m/m|FOMC,Good|Neutral|Good|Neutral,1,0,1,0.0,100.0,0.0,2023-03-15_2023-04-13
0.0,4,CPI m/m|Core CPI m/m|PPI m/m|FOMC,Bad|Neutral|Bad|Neutral,1,1,0,100.0,0.0,inf,2023-09-14_2023-10-13
0.0,4,CPI m/m|Core CPI m/m|PPI m/m|FOMC,Good|Good|Good|Neutral,1,1,0,100.0,0.0,inf,2024-05-16_2024-06-14
0.0,4,CPI m/m|Core CPI m/m|PPI m/m|FOMC,Bad|Bad|Neutral|Good,1,0,1,0.0,100.0,0.0,2024-09-12_2024-10-11
0.0,4,CPI m/m|Core CPI m/m|PPI m/m|FOMC,Bad|Bad|Bad|Neutral,1,1,0,100.0,0.0,inf,2025-01-16_2025-02-14
0.1,4,CPI m/m|Core CPI m/m|PPI m/m|FOMC,Neutral|Neutral|Good|Neutral,2,1,1,50.0,50.0,1.0,2023-03-15_2023-04-13|2024-05-16_2024-06-14
0.1,4,CPI m/m|Core CPI m/m|PPI m/m|FOMC,Bad|Neutral|Bad|Neutral,1,1,0,100.0,0.0,inf,2023-09-14_2023-10-13
0.1,4,CPI m/m|Core CPI m/m|PPI m/m|FOMC,Neutral|Neutral|Neutral|Good,1,0,1,0.0,100.0,0.0,2024-09-12_2024-10-11
0.1,4,CPI m/m|Core CPI m/m|PPI m/m|FOMC,Bad|Bad|Bad|Neutral,1,1,0,100.0,0.0,inf,2025-01-16_2025-02-14
0.2,4,CPI m/m|Core CPI m/m|PPI m/m|FOMC,Neutral|Neutral|Good|Neutral,2,1,1,50.0,50.0,1.0,2023-03-15_2023-04-13|2024-05-16_2024-06-14
0.2,4,CPI m/m|Core CPI m/m|PPI m/m|FOMC,Neutral|Neutral|Bad|Neutral,1,1,0,100.0,0.0,inf,2023-09-14_2023-10-13
0.2,4,CPI m/m|Core CPI m/m|PPI m/m|FOMC,Neutral|Neutral|Neutral|Good,1,0,1,0.0,100.0,0.0,2024-09-12_2024-10-11
0.2,4,CPI m/m|Core CPI m/m|PPI m/m|FOMC,Neutral|Neutral|Neutral|Neutral,1,1,0,100.0,0.0,inf,2025-01-16_2025-02-14
0.3,4,CPI m/m|Core CPI m/m|PPI m/m|FOMC,Neutral|Neutral|Good|Neutral,2,1,1,50.0,50.0,1.0,2023-03-15_2023-04-13|2024-05-16_2024-06-14
0.3,4,CPI m/m|Core CPI m/m|PPI m/m|FOMC,Neutral|Neutral|Neutral|Neutral,3,2,1,66.7,33.3,2.0,2023-09-14_2023-10-13|2024-09-12_2024-10-11|2025-01-16_2025-02-14
0.0,4,CPI m/m|Core CPI m/m|PPI m/m|CPI y/y,Good|Neutral|Good|Good,1,0,1,0.0,100.0,0.0,2023-03-15_2023-04-13
0.0,4,CPI m/m|Core CPI m/m|PPI m/m|CPI y/y,Bad|Neutral|Bad|Bad,1,1,0,100.0,0.0,inf,2023-09-14_2023-10-13
0.0,4,CPI m/m|Core CPI m/m|PPI m/m|CPI y/y,Good|Good|Good|Good,3,3,0,100.0,0.0,inf,2024-05-16_2024-06-14|2025-03-13_2025-04-11|2025-05-14_2025-06-12
0.0,4,CPI m/m|Core CPI m/m|PPI m/m|CPI y/y,Neutral|Bad|Bad|Neutral,1,0,1,0.0,100.0,0.0,2024-08-15_2024-09-13
0.0,4,CPI m/m|Core CPI m/m|PPI m/m|CPI y/y,Bad|Bad|Neutral|Bad,1,0,1,0.0,100.0,0.0,2024-09-12_2024-10-11
0.0,4,CPI m/m|Core CPI m/m|PPI m/m|CPI y/y,Bad|Bad|Bad|Bad,1,1,0,100.0,0.0,inf,2025-01-16_2025-02-14
0.0,4,CPI m/m|Core CPI m/m|PPI m/m|CPI y/y,Neutral|Neutral|Bad|Good,1,0,1,0.0,100.0,0.0,2025-07-16_2025-08-14
0.0,4,CPI m/m|Core CPI m/m|PPI m/m|CPI y/y,Bad|Neutral|Bad|Neutral,1,1,0,100.0,0.0,inf,2025-08-13_2025-09-11
0.0,4,CPI m/m|Core CPI m/m|PPI m/m|CPI y/y,Neutral|Good|Neutral|Neutral,1,0,1,0.0,100.0,0.0,2025-12-19_2026-01-17
0.1,4,CPI m/m|Core CPI m/m|PPI m/m|CPI y/y,Neutral|Neutral|Good|Neutral,1,0,1,0.0,100.0,0.0,2023-03-15_2023-04-13
0.1,4,CPI m/m|Core CPI m/m|PPI m/m|CPI y/y,Bad|Neutral|Bad|Bad,1,1,0,100.0,0.0,inf,2023-09-14_2023-10-13
0.1,4,CPI m/m|Core CPI m/m|PPI m/m|CPI y/y,Neutral|Neutral|Good|Good,1,1,0,100.0,0.0,inf,2024-05-16_2024-06-14
0.1,4,CPI m/m|Core CPI m/m|PPI m/m|CPI y/y,Neutral|Neutral|Neutral|Neutral,2,0,2,0.0,100.0,0.0,2024-08-15_2024-09-13|2025-12-19_2026-01-17
0.1,4,CPI m/m|Core CPI m/m|PPI m/m|CPI y/y,Neutral|Neutral|Neutral|Bad,1,0,1,0.0,100.0,0.0,2024-09-12_2024-10-11
0.1,4,CPI m/m|Core CPI m/m|PPI m/m|CPI y/y,Bad|Bad|Bad|Bad,1,1,0,100.0,0.0,inf,2025-01-16_2025-02-14
0.1,4,CPI m/m|Core CPI m/m|PPI m/m|CPI y/y,Good|Good|Good|Good,1,1,0,100.0,0.0,inf,2025-03-13_2025-04-11
0.1,4,CPI m/m|Core CPI m/m|PPI m/m|CPI y/y,Neutral|Good|Good|Good,1,1,0,100.0,0.0,inf,2025-05-14_2025-06-12
0.1,4,CPI m/m|Core CPI m/m|PPI m/m|CPI y/y,Neutral|Neutral|Bad|Neutral,1,0,1,0.0,100.0,0.0,2025-07-16_2025-08-14
0.1,4,CPI m/m|Core CPI m/m|PPI m/m|CPI y/y,Bad|Neutral|Bad|Neutral,1,1,0,100.0,0.0,inf,2025-08-13_2025-09-11
0.2,4,CPI m/m|Core CPI m/m|PPI m/m|CPI y/y,Neutral|Neutral|Good|Neutral,4,3,1,75.0,25.0,3.0,2023-03-15_2023-04-13|2024-05-16_2024-06-14|2025-03-13_2025-04-11|2025-05-14_2025-06-12
0.2,4,CPI m/m|Core CPI m/m|PPI m/m|CPI y/y,Neutral|Neutral|Bad|Neutral,2,1,1,50.0,50.0,1.0,2023-09-14_2023-10-13|2025-07-16_2025-08-14
0.2,4,CPI m/m|Core CPI m/m|PPI m/m|CPI y/y,Neutral|Neutral|Neutral|Neutral,5,2,3,40.0,60.0,0.67,2024-08-15_2024-09-13|2024-09-12_2024-10-11|2025-01-16_2025-02-14|2025-08-13_2025-09-11|2025-12-19_2026-01-17
0.3,4,CPI m/m|Core CPI m/m|PPI m/m|CPI y/y,Neutral|Neutral|Good|Neutral,4,3,1,75.0,25.0,3.0,2023-03-15_2023-04-13|2024-05-16_2024-06-14|2025-03-13_2025-04-11|2025-05-14_2025-06-12
0.3,4,CPI m/m|Core CPI m/m|PPI m/m|CPI y/y,Neutral|Neutral|Neutral|Neutral,7,3,4,42.9,57.1,0.75,2023-09-14_2023-10-13|2024-08-15_2024-09-13|2024-09-12_2024-10-11|2025-01-16_2025-02-14|2025-07-16_2025-08-14|2025-08-13_2025-09-11|2025-12-19_2026-01-17
0.0,4,CPI m/m|Core CPI m/m|Core PPI m/m|FOMC,Good|Neutral|Good|Neutral,1,0,1,0.0,100.0,0.0,2023-03-15_2023-04-13
0.0,4,CPI m/m|Core CPI m/m|Core PPI m/m|FOMC,Bad|Neutral|Bad|Neutral,1,1,0,100.0,0.0,inf,2023-09-14_2023-10-13
0.0,4,CPI m/m|Core CPI m/m|Core PPI m/m|FOMC,Good|Good|Good|Neutral,1,1,0,100.0,0.0,inf,2024-05-16_2024-06-14
0.0,4,CPI m/m|Core CPI m/m|Core PPI m/m|FOMC,Bad|Bad|Bad|Good,1,0,1,0.0,100.0,0.0,2024-09-12_2024-10-11
0.0,4,CPI m/m|Core CPI m/m|Core PPI m/m|FOMC,Bad|Bad|Neutral|Neutral,1,1,0,100.0,0.0,inf,2025-01-16_2025-02-14
0.1,4,CPI m/m|Core CPI m/m|Core PPI m/m|FOMC,Neutral|Neutral|Good|Neutral,2,1,1,50.0,50.0,1.0,2023-03-15_2023-04-13|2024-05-16_2024-06-14
0.1,4,CPI m/m|Core CPI m/m|Core PPI m/m|FOMC,Bad|Neutral|Neutral|Neutral,1,1,0,100.0,0.0,inf,2023-09-14_2023-10-13
0.1,4,CPI m/m|Core CPI m/m|Core PPI m/m|FOMC,Neutral|Neutral|Neutral|Good,1,0,1,0.0,100.0,0.0,2024-09-12_2024-10-11
0.1,4,CPI m/m|Core CPI m/m|Core PPI m/m|FOMC,Bad|Bad|Neutral|Neutral,1,1,0,100.0,0.0,inf,2025-01-16_2025-02-14
0.2,4,CPI m/m|Core CPI m/m|Core PPI m/m|FOMC,Neutral|Neutral|Good|Neutral,2,1,1,50.0,50.0,1.0,2023-03-15_2023-04-13|2024-05-16_2024-06-14
0.2,4,CPI m/m|Core CPI m/m|Core PPI m/m|FOMC,Neutral|Neutral|Neutral|Neutral,2,2,0,100.0,0.0,inf,2023-09-14_2023-10-13|2025-01-16_2025-02-14
0.2,4,CPI m/m|Core CPI m/m|Core PPI m/m|FOMC,Neutral|Neutral|Neutral|Good,1,0,1,0.0,100.0,0.0,2024-09-12_2024-10-11
0.3,4,CPI m/m|Core CPI m/m|Core PPI m/m|FOMC,Neutral|Neutral|Good|Neutral,1,0,1,0.0,100.0,0.0,2023-03-15_2023-04-13
0.3,4,CPI m/m|Core CPI m/m|Core PPI m/m|FOMC,Neutral|Neutral|Neutral|Neutral,4,3,1,75.0,25.0,3.0,2023-09-14_2023-10-13|2024-05-16_2024-06-14|2024-09-12_2024-10-11|2025-01-16_2025-02-14
0.0,4,CPI m/m|Core CPI m/m|Core PPI m/m|CPI y/y,Good|Neutral|Good|Good,1,0,1,0.0,100.0,0.0,2023-03-15_2023-04-13
0.0,4,CPI m/m|Core CPI m/m|Core PPI m/m|CPI y/y,Bad|Neutral|Bad|Bad,1,1,0,100.0,0.0,inf,2023-09-14_2023-10-13
0.0,4,CPI m/m|Core CPI m/m|Core PPI m/m|CPI y/y,Good|Good|Good|Good,3,3,0,100.0,0.0,inf,2024-05-16_2024-06-14|2025-03-13_2025-04-11|2025-05-14_2025-06-12
0.0,4,CPI m/m|Core CPI m/m|Core PPI m/m|CPI y/y,Neutral|Bad|Bad|Neutral,1,0,1,0.0,100.0,0.0,2024-08-15_2024-09-13
0.0,4,CPI m/m|Core CPI m/m|Core PPI m/m|CPI y/y,Bad|Bad|Bad|Bad,1,0,1,0.0,100.0,0.0,2024-09-12_2024-10-11
0.0,4,CPI m/m|Core CPI m/m|Core PPI m/m|CPI y/y,Bad|Bad|Neutral|Bad,1,1,0,100.0,0.0,inf,2025-01-16_2025-02-14
0.0,4,CPI m/m|Core CPI m/m|Core PPI m/m|CPI y/y,Neutral|Neutral|Bad|Good,1,0,1,0.0,100.0,0.0,2025-07-16_2025-08-14
0.0,4,CPI m/m|Core CPI m/m|Core PPI m/m|CPI y/y,Bad|Neutral|Bad|Neutral,1,1,0,100.0,0.0,inf,2025-08-13_2025-09-11
0.0,4,CPI m/m|Core CPI m/m|Core PPI m/m|CPI y/y,Neutral|Good|Good|Neutral,1,0,1,0.0,100.0,0.0,2025-12-19_2026-01-17
0.1,4,CPI m/m|Core CPI m/m|Core PPI m/m|CPI y/y,Neutral|Neutral|Good|Neutral,2,0,2,0.0,100.0,0.0,2023-03-15_2023-04-13|2025-12-19_2026-01-17
0.1,4,CPI m/m|Core CPI m/m|Core PPI m/m|CPI y/y,Bad|Neutral|Neutral|Bad,1,1,0,100.0,0.0,inf,2023-09-14_2023-10-13
0.1,4,CPI m/m|Core CPI m/m|Core PPI m/m|CPI y/y,Neutral|Neutral|Good|Good,1,1,0,100.0,0.0,inf,2024-05-16_2024-06-14
0.1,4,CPI m/m|Core CPI m/m|Core PPI m/m|CPI y/y,Neutral|Neutral|Neutral|Neutral,1,0,1,0.0,100.0,0.0,2024-08-15_2024-09-13
0.1,4,CPI m/m|Core CPI m/m|Core PPI m/m|CPI y/y,Neutral|Neutral|Neutral|Bad,1,0,1,0.0,100.0,0.0,2024-09-12_2024-10-11
0.1,4,CPI m/m|Core CPI m/m|Core PPI m/m|CPI y/y,Bad|Bad|Neutral|Bad,1,1,0,100.0,0.0,inf,2025-01-16_2025-02-14
0.1,4,CPI m/m|Core CPI m/m|Core PPI m/m|CPI y/y,Good|Good|Good|Good,1,1,0,100.0,0.0,inf,2025-03-13_2025-04-11
0.1,4,CPI m/m|Core CPI m/m|Core PPI m/m|CPI y/y,Neutral|Good|Good|Good,1,1,0,100.0,0.0,inf,2025-05-14_2025-06-12
0.1,4,CPI m/m|Core CPI m/m|Core PPI m/m|CPI y/y,Neutral|Neutral|Bad|Neutral,1,0,1,0.0,100.0,0.0,2025-07-16_2025-08-14
0.1,4,CPI m/m|Core CPI m/m|Core PPI m/m|CPI y/y,Bad|Neutral|Bad|Neutral,1,1,0,100.0,0.0,inf,2025-08-13_2025-09-11
0.2,4,CPI m/m|Core CPI m/m|Core PPI m/m|CPI y/y,Neutral|Neutral|Good|Neutral,4,3,1,75.0,25.0,3.0,2023-03-15_2023-04-13|2024-05-16_2024-06-14|2025-03-13_2025-04-11|2025-05-14_2025-06-12
0.2,4,CPI m/m|Core CPI m/m|Core PPI m/m|CPI y/y,Neutral|Neutral|Neutral|Neutral,6,3,3,50.0,50.0,1.0,2023-09-14_2023-10-13|2024-08-15_2024-09-13|2024-09-12_2024-10-11|2025-01-16_2025-02-14|2025-08-13_2025-09-11|2025-12-19_2026-01-17
0.2,4,CPI m/m|Core CPI m/m|Core PPI m/m|CPI y/y,Neutral|Neutral|Bad|Neutral,1,0,1,0.0,100.0,0.0,2025-07-16_2025-08-14
0.3,4,CPI m/m|Core CPI m/m|Core PPI m/m|CPI y/y,Neutral|Neutral|Good|Neutral,3,2,1,66.7,33.3,2.0,2023-03-15_2023-04-13|2025-03-13_2025-04-11|2025-05-14_2025-06-12
0.3,4,CPI m/m|Core CPI m/m|Core PPI m/m|CPI y/y,Neutral|Neutral|Neutral|Neutral,8,4,4,50.0,50.0,1.0,2023-09-14_2023-10-13|2024-05-16_2024-06-14|2024-08-15_2024-09-13|2024-09-12_2024-10-11|2025-01-16_2025-02-14|2025-07-16_2025-08-14|2025-08-13_2025-09-11|2025-12-19_2026-01-17
0.0,4,CPI m/m|Core CPI m/m|FOMC|CPI y/y,Good|Neutral|Neutral|Good,1,0,1,0.0,100.0,0.0,2023-03-15_2023-04-13
0.0,4,CPI m/m|Core CPI m/m|FOMC|CPI y/y,Bad|Neutral|Neutral|Bad,1,1,0,100.0,0.0,inf,2023-09-14_2023-10-13
0.0,4,CPI m/m|Core CPI m/m|FOMC|CPI y/y,Good|Good|Neutral|Good,1,1,0,100.0,0.0,inf,2024-05-16_2024-06-14
0.0,4,CPI m/m|Core CPI m/m|FOMC|CPI y/y,Bad|Bad|Good|Bad,1,0,1,0.0,100.0,0.0,2024-09-12_2024-10-11
0.0,4,CPI m/m|Core CPI m/m|FOMC|CPI y/y,Bad|Bad|Neutral|Bad,1,1,0,100.0,0.0,inf,2025-01-16_2025-02-14
0.1,4,CPI m/m|Core CPI m/m|FOMC|CPI y/y,Neutral|Neutral|Neutral|Neutral,1,0,1,0.0,100.0,0.0,2023-03-15_2023-04-13
0.1,4,CPI m/m|Core CPI m/m|FOMC|CPI y/y,Bad|Neutral|Neutral|Bad,1,1,0,100.0,0.0,inf,2023-09-14_2023-10-13
0.1,4,CPI m/m|Core CPI m/m|FOMC|CPI y/y,Neutral|Neutral|Neutral|Good,1,1,0,100.0,0.0,inf,2024-05-16_2024-06-14
0.1,4,CPI m/m|Core CPI m/m|FOMC|CPI y/y,Neutral|Neutral|Good|Bad,1,0,1,0.0,100.0,0.0,2024-09-12_2024-10-11
0.1,4,CPI m/m|Core CPI m/m|FOMC|CPI y/y,Bad|Bad|Neutral|Bad,1,1,0,100.0,0.0,inf,2025-01-16_2025-02-14
0.2,4,CPI m/m|Core CPI m/m|FOMC|CPI y/y,Neutral|Neutral|Neutral|Neutral,4,3,1,75.0,25.0,3.0,2023-03-15_2023-04-13|2023-09-14_2023-10-13|2024-05-16_2024-06-14|2025-01-16_2025-02-14
0.2,4,CPI m/m|Core CPI m/m|FOMC|CPI y/y,Neutral|Neutral|Good|Neutral,1,0,1,0.0,100.0,0.0,2024-09-12_2024-10-11
0.3,4,CPI m/m|Core CPI m/m|FOMC|CPI y/y,Neutral|Neutral|Neutral|Neutral,5,3,2,60.0,40.0,1.5,2023-03-15_2023-04-13|2023-09-14_2023-10-13|2024-05-16_2024-06-14|2024-09-12_2024-10-11|2025-01-16_2025-02-14
0.0,4,CPI m/m|PPI m/m|Core PPI m/m|FOMC,Good|Good|Good|Neutral,2,1,1,50.0,50.0,1.0,2023-03-15_2023-04-13|2024-05-16_2024-06-14
0.0,4,CPI m/m|PPI m/m|Core PPI m/m|FOMC,Bad|Bad|Bad|Neutral,1,1,0,100.0,0.0,inf,2023-09-14_2023-10-13
0.0,4,CPI m/m|PPI m/m|Core PPI m/m|FOMC,Bad|Neutral|Bad|Good,1,0,1,0.0,100.0,0.0,2024-09-12_2024-10-11
0.0,4,CPI m/m|PPI m/m|Core PPI m/m|FOMC,Bad|Bad|Neutral|Neutral,1,1,0,100.0,0.0,inf,2025-01-16_2025-02-14
0.1,4,CPI m/m|PPI m/m|Core PPI m/m|FOMC,Neutral|Good|Good|Neutral,2,1,1,50.0,50.0,1.0,2023-03-15_2023-04-13|2024-05-16_2024-06-14
0.1,4,CPI m/m|PPI m/m|Core PPI m/m|FOMC,Bad|Bad|Neutral|Neutral,2,2,0,100.0,0.0,inf,2023-09-14_2023-10-13|2025-01-16_2025-02-14
0.1,4,CPI m/m|PPI m/m|Core PPI m/m|FOMC,Neutral|Neutral|Neutral|Good,1,0,1,0.0,100.0,0.0,2024-09-12_2024-10-11
0.2,4,CPI m/m|PPI m/m|Core PPI m/m|FOMC,Neutral|Good|Good|Neutral,2,1,1,50.0,50.0,1.0,2023-03-15_2023-04-13|2024-05-16_2024-06-14
0.2,4,CPI m/m|PPI m/m|Core PPI m/m|FOMC,Neutral|Bad|Neutral|Neutral,1,1,0,100.0,0.0,inf,2023-09-14_2023-10-13
0.2,4,CPI m/m|PPI m/m|Core PPI m/m|FOMC,Neutral|Neutral|Neutral|Good,1,0,1,0.0,100.0,0.0,2024-09-12_2024-10-11
0.2,4,CPI m/m|PPI m/m|Core PPI m/m|FOMC,Neutral|Neutral|Neutral|Neutral,1,1,0,100.0,0.0,inf,2025-01-16_2025-02-14
0.3,4,CPI m/m|PPI m/m|Core PPI m/m|FOMC,Neutral|Good|Good|Neutral,1,0,1,0.0,100.0,0.0,2023-03-15_2023-04-13
0.3,4,CPI m/m|PPI m/m|Core PPI m/m|FOMC,Neutral|Neutral|Neutral|Neutral,3,2,1,66.7,33.3,2.0,2023-09-14_2023-10-13|2024-09-12_2024-10-11|2025-01-16_2025-02-14
0.3,4,CPI m/m|PPI m/m|Core PPI m/m|FOMC,Neutral|Good|Neutral|Neutral,1,1,0,100.0,0.0,inf,2024-05-16_2024-06-14
0.0,4,CPI m/m|PPI m/m|Core PPI m/m|CPI y/y,Good|Good|Good|Good,4,3,1,75.0,25.0,3.0,2023-03-15_2023-04-13|2024-05-16_2024-06-14|2025-03-13_2025-04-11|2025-05-14_2025-06-12
0.0,4,CPI m/m|PPI m/m|Core PPI m/m|CPI y/y,Bad|Bad|Bad|Bad,1,1,0,100.0,0.0,inf,2023-09-14_2023-10-13
0.0,4,CPI m/m|PPI m/m|Core PPI m/m|CPI y/y,Neutral|Bad|Bad|Neutral,1,0,1,0.0,100.0,0.0,2024-08-15_2024-09-13
0.0,4,CPI m/m|PPI m/m|Core PPI m/m|CPI y/y,Bad|Neutral|Bad|Bad,1,0,1,0.0,100.0,0.0,2024-09-12_2024-10-11
0.0,4,CPI m/m|PPI m/m|Core PPI m/m|CPI y/y,Bad|Bad|Neutral|Bad,1,1,0,100.0,0.0,inf,2025-01-16_2025-02-14
0.0,4,CPI m/m|PPI m/m|Core PPI m/m|CPI y/y,Neutral|Bad|Bad|Good,1,0,1,0.0,100.0,0.0,2025-07-16_2025-08-14
0.0,4,CPI m/m|PPI m/m|Core PPI m/m|CPI y/y,Bad|Bad|Bad|Neutral,1,1,0,100.0,0.0,inf,2025-08-13_2025-09-11
0.0,4,CPI m/m|PPI m/m|Core PPI m/m|CPI y/y,Neutral|Neutral|Good|Neutral,1,0,1,0.0,100.0,0.0,2025-12-19_2026-01-17
0.1,4,CPI m/m|PPI m/m|Core PPI m/m|CPI y/y,Neutral|Good|Good|Neutral,1,0,1,0.0,100.0,0.0,2023-03-15_2023-04-13
0.1,4,CPI m/m|PPI m/m|Core PPI m/m|CPI y/y,Bad|Bad|Neutral|Bad,2,2,0,100.0,0.0,inf,2023-09-14_2023-10-13|2025-01-16_2025-02-14
0.1,4,CPI m/m|PPI m/m|Core PPI m/m|CPI y/y,Neutral|Good|Good|Good,2,2,0,100.0,0.0,inf,2024-05-16_2024-06-14|2025-05-14_2025-06-12
0.1,4,CPI m/m|PPI m/m|Core PPI m/m|CPI y/y,Neutral|Neutral|Neutral|Neutral,1,0,1,0.0,100.0,0.0,2024-08-15_2024-09-13
0.1,4,CPI m/m|PPI m/m|Core PPI m/m|CPI y/y,Neutral|Neutral|Neutral|Bad,1,0,1,0.0,100.0,0.0,2024-09-12_2024-10-11
0.1,4,CPI m/m|PPI m/m|Core PPI m/m|CPI y/y,Good|Good|Good|Good,1,1,0,100.0,0.0,inf,2025-03-13_2025-04-11
0.1,4,CPI m/m|PPI m/m|Core PPI m/m|CPI y/y,Neutral|Bad|Bad|Neutral,1,0,1,0.0,100.0,0.0,2025-07-16_2025-08-14
0.1,4,CPI m/m|PPI m/m|Core PPI m/m|CPI y/y,Bad|Bad|Bad|Neutral,1,1,0,100.0,0.0,inf,2025-08-13_2025-09-11
0.1,4,CPI m/m|PPI m/m|Core PPI m/m|CPI y/y,Neutral|Neutral|Good|Neutral,1,0,1,0.0,100.0,0.0,2025-12-19_2026-01-17
0.2,4,CPI m/m|PPI m/m|Core PPI m/m|CPI y/y,Neutral|Good|Good|Neutral,4,3,1,75.0,25.0,3.0,2023-03-15_2023-04-13|2024-05-16_2024-06-14|2025-03-13_2025-04-11|2025-05-14_2025-06-12
0.2,4,CPI m/m|PPI m/m|Core PPI m/m|CPI y/y,Neutral|Bad|Neutral|Neutral,1,1,0,100.0,0.0,inf,2023-09-14_2023-10-13
0.2,4,CPI m/m|PPI m/m|Core PPI m/m|CPI y/y,Neutral|Neutral|Neutral|Neutral,5,2,3,40.0,60.0,0.67,2024-08-15_2024-09-13|2024-09-12_2024-10-11|2025-01-16_2025-02-14|2025-08-13_2025-09-11|2025-12-19_2026-01-17
0.2,4,CPI m/m|PPI m/m|Core PPI m/m|CPI y/y,Neutral|Bad|Bad|Neutral,1,0,1,0.0,100.0,0.0,2025-07-16_2025-08-14
0.3,4,CPI m/m|PPI m/m|Core PPI m/m|CPI y/y,Neutral|Good|Good|Neutral,3,2,1,66.7,33.3,2.0,2023-03-15_2023-04-13|2025-03-13_2025-04-11|2025-05-14_2025-06-12
0.3,4,CPI m/m|PPI m/m|Core PPI m/m|CPI y/y,Neutral|Neutral|Neutral|Neutral,7,3,4,42.9,57.1,0.75,2023-09-14_2023-10-13|2024-08-15_2024-09-13|2024-09-12_2024-10-11|2025-01-16_2025-02-14|2025-07-16_2025-08-14|2025-08-13_2025-09-11|2025-12-19_2026-01-17
0.3,4,CPI m/m|PPI m/m|Core PPI m/m|CPI y/y,Neutral|Good|Neutral|Neutral,1,1,0,100.0,0.0,inf,2024-05-16_2024-06-14
0.0,4,CPI m/m|PPI m/m|FOMC|CPI y/y,Good|Good|Neutral|Good,2,1,1,50.0,50.0,1.0,2023-03-15_2023-04-13|2024-05-16_2024-06-14
0.0,4,CPI m/m|PPI m/m|FOMC|CPI y/y,Bad|Bad|Neutral|Bad,2,2,0,100.0,0.0,inf,2023-09-14_2023-10-13|2025-01-16_2025-02-14
0.0,4,CPI m/m|PPI m/m|FOMC|CPI y/y,Bad|Neutral|Good|Bad,1,0,1,0.0,100.0,0.0,2024-09-12_2024-10-11
0.1,4,CPI m/m|PPI m/m|FOMC|CPI y/y,Neutral|Good|Neutral|Neutral,1,0,1,0.0,100.0,0.0,2023-03-15_2023-04-13
0.1,4,CPI m/m|PPI m/m|FOMC|CPI y/y,Bad|Bad|Neutral|Bad,2,2,0,100.0,0.0,inf,2023-09-14_2023-10-13|2025-01-16_2025-02-14
0.1,4,CPI m/m|PPI m/m|FOMC|CPI y/y,Neutral|Good|Neutral|Good,1,1,0,100.0,0.0,inf,2024-05-16_2024-06-14
0.1,4,CPI m/m|PPI m/m|FOMC|CPI y/y,Neutral|Neutral|Good|Bad,1,0,1,0.0,100.0,0.0,2024-09-12_2024-10-11
0.2,4,CPI m/m|PPI m/m|FOMC|CPI y/y,Neutral|Good|Neutral|Neutral,2,1,1,50.0,50.0,1.0,2023-03-15_2023-04-13|2024-05-16_2024-06-14
0.2,4,CPI m/m|PPI m/m|FOMC|CPI y/y,Neutral|Bad|Neutral|Neutral,1,1,0,100.0,0.0,inf,2023-09-14_2023-10-13
0.2,4,CPI m/m|PPI m/m|FOMC|CPI y/y,Neutral|Neutral|Good|Neutral,1,0,1,0.0,100.0,0.0,2024-09-12_2024-10-11
0.2,4,CPI m/m|PPI m/m|FOMC|CPI y/y,Neutral|Neutral|Neutral|Neutral,1,1,0,100.0,0.0,inf,2025-01-16_2025-02-14
0.3,4,CPI m/m|PPI m/m|FOMC|CPI y/y,Neutral|Good|Neutral|Neutral,2,1,1,50.0,50.0,1.0,2023-03-15_2023-04-13|2024-05-16_2024-06-14
0.3,4,CPI m/m|PPI m/m|FOMC|CPI y/y,Neutral|Neutral|Neutral|Neutral,3,2,1,66.7,33.3,2.0,2023-09-14_2023-10-13|2024-09-12_2024-10-11|2025-01-16_2025-02-14
0.0,4,CPI m/m|Core PPI m/m|FOMC|CPI y/y,Good|Good|Neutral|Good,2,1,1,50.0,50.0,1.0,2023-03-15_2023-04-13|2024-05-16_2024-06-14
0.0,4,CPI m/m|Core PPI m/m|FOMC|CPI y/y,Bad|Bad|Neutral|Bad,1,1,0,100.0,0.0,inf,2023-09-14_2023-10-13
0.0,4,CPI m/m|Core PPI m/m|FOMC|CPI y/y,Bad|Bad|Good|Bad,1,0,1,0.0,100.0,0.0,2024-09-12_2024-10-11
0.0,4,CPI m/m|Core PPI m/m|FOMC|CPI y/y,Bad|Neutral|Neutral|Bad,1,1,0,100.0,0.0,inf,2025-01-16_2025-02-14
0.1,4,CPI m/m|Core PPI m/m|FOMC|CPI y/y,Neutral|Good|Neutral|Neutral,1,0,1,0.0,100.0,0.0,2023-03-15_2023-04-13
0.1,4,CPI m/m|Core PPI m/m|FOMC|CPI y/y,Bad|Neutral|Neutral|Bad,2,2,0,100.0,0.0,inf,2023-09-14_2023-10-13|2025-01-16_2025-02-14
0.1,4,CPI m/m|Core PPI m/m|FOMC|CPI y/y,Neutral|Good|Neutral|Good,1,1,0,100.0,0.0,inf,2024-05-16_2024-06-14
0.1,4,CPI m/m|Core PPI m/m|FOMC|CPI y/y,Neutral|Neutral|Good|Bad,1,0,1,0.0,100.0,0.0,2024-09-12_2024-10-11
0.2,4,CPI m/m|Core PPI m/m|FOMC|CPI y/y,Neutral|Good|Neutral|Neutral,2,1,1,50.0,50.0,1.0,2023-03-15_2023-04-13|2024-05-16_2024-06-14
0.2,4,CPI m/m|Core PPI m/m|FOMC|CPI y/y,Neutral|Neutral|Neutral|Neutral,2,2,0,100.0,0.0,inf,2023-09-14_2023-10-13|2025-01-16_2025-02-14
0.2,4,CPI m/m|Core PPI m/m|FOMC|CPI y/y,Neutral|Neutral|Good|Neutral,1,0,1,0.0,100.0,0.0,2024-09-12_2024-10-11
0.3,4,CPI m/m|Core PPI m/m|FOMC|CPI y/y,Neutral|Good|Neutral|Neutral,1,0,1,0.0,100.0,0.0,2023-03-15_2023-04-13
0.3,4,CPI m/m|Core PPI m/m|FOMC|CPI y/y,Neutral|Neutral|Neutral|Neutral,4,3,1,75.0,25.0,3.0,2023-09-14_2023-10-13|2024-05-16_2024-06-14|2024-09-12_2024-10-11|2025-01-16_2025-02-14
0.0,4,Core CPI m/m|PPI m/m|Core PPI m/m|FOMC,Neutral|Good|Good|Neutral,1,0,1,0.0,100.0,0.0,2023-03-15_2023-04-13
0.0,4,Core CPI m/m|PPI m/m|Core PPI m/m|FOMC,Neutral|Bad|Bad|Neutral,1,1,0,100.0,0.0,inf,2023-09-14_2023-10-13
0.0,4,Core CPI m/m|PPI m/m|Core PPI m/m|FOMC,Good|Good|Good|Neutral,1,1,0,100.0,0.0,inf,2024-05-16_2024-06-14
0.0,4,Core CPI m/m|PPI m/m|Core PPI m/m|FOMC,Bad|Neutral|Bad|Good,1,0,1,0.0,100.0,0.0,2024-09-12_2024-10-11
0.0,4,Core CPI m/m|PPI m/m|Core PPI m/m|FOMC,Bad|Bad|Neutral|Neutral,1,1,0,100.0,0.0,inf,2025-01-16_2025-02-14
0.1,4,Core CPI m/m|PPI m/m|Core PPI m/m|FOMC,Neutral|Good|Good|Neutral,2,1,1,50.0,50.0,1.0,2023-03-15_2023-04-13|2024-05-16_2024-06-14
0.1,4,Core CPI m/m|PPI m/m|Core PPI m/m|FOMC,Neutral|Bad|Neutral|Neutral,1,1,0,100.0,0.0,inf,2023-09-14_2023-10-13
0.1,4,Core CPI m/m|PPI m/m|Core PPI m/m|FOMC,Neutral|Neutral|Neutral|Good,1,0,1,0.0,100.0,0.0,2024-09-12_2024-10-11
0.1,4,Core CPI m/m|PPI m/m|Core PPI m/m|FOMC,Bad|Bad|Neutral|Neutral,1,1,0,100.0,0.0,inf,2025-01-16_2025-02-14
0.2,4,Core CPI m/m|PPI m/m|Core PPI m/m|FOMC,Neutral|Good|Good|Neutral,2,1,1,50.0,50.0,1.0,2023-03-15_2023-04-13|2024-05-16_2024-06-14
0.2,4,Core CPI m/m|PPI m/m|Core PPI m/m|FOMC,Neutral|Bad|Neutral|Neutral,1,1,0,100.0,0.0,inf,2023-09-14_2023-10-13
0.2,4,Core CPI m/m|PPI m/m|Core PPI m/m|FOMC,Neutral|Neutral|Neutral|Good,1,0,1,0.0,100.0,0.0,2024-09-12_2024-10-11
0.2,4,Core CPI m/m|PPI m/m|Core PPI m/m|FOMC,Neutral|Neutral|Neutral|Neutral,1,1,0,100.0,0.0,inf,2025-01-16_2025-02-14
0.3,4,Core CPI m/m|PPI m/m|Core PPI m/m|FOMC,Neutral|Good|Good|Neutral,1,0,1,0.0,100.0,0.0,2023-03-15_2023-04-13
0.3,4,Core CPI m/m|PPI m/m|Core PPI m/m|FOMC,Neutral|Neutral|Neutral|Neutral,3,2,1,66.7,33.3,2.0,2023-09-14_2023-10-13|2024-09-12_2024-10-11|2025-01-16_2025-02-14
0.3,4,Core CPI m/m|PPI m/m|Core PPI m/m|FOMC,Neutral|Good|Neutral|Neutral,1,1,0,100.0,0.0,inf,2024-05-16_2024-06-14
0.0,4,Core CPI m/m|PPI m/m|Core PPI m/m|CPI y/y,Neutral|Good|Good|Good,1,0,1,0.0,100.0,0.0,2023-03-15_2023-04-13
0.0,4,Core CPI m/m|PPI m/m|Core PPI m/m|CPI y/y,Neutral|Bad|Bad|Bad,1,1,0,100.0,0.0,inf,2023-09-14_2023-10-13
0.0,4,Core CPI m/m|PPI m/m|Core PPI m/m|CPI y/y,Good|Good|Good|Good,3,3,0,100.0,0.0,inf,2024-05-16_2024-06-14|2025-03-13_2025-04-11|2025-05-14_2025-06-12
0.0,4,Core CPI m/m|PPI m/m|Core PPI m/m|CPI y/y,Bad|Bad|Bad|Neutral,1,0,1,0.0,100.0,0.0,2024-08-15_2024-09-13
0.0,4,Core CPI m/m|PPI m/m|Core PPI m/m|CPI y/y,Bad|Neutral|Bad|Bad,1,0,1,0.0,100.0,0.0,2024-09-12_2024-10-11
0.0,4,Core CPI m/m|PPI m/m|Core PPI m/m|CPI y/y,Bad|Bad|Neutral|Bad,1,1,0,100.0,0.0,inf,2025-01-16_2025-02-14
0.0,4,Core CPI m/m|PPI m/m|Core PPI m/m|CPI y/y,Neutral|Bad|Bad|Good,1,0,1,0.0,100.0,0.0,2025-07-16_2025-08-14
0.0,4,Core CPI m/m|PPI m/m|Core PPI m/m|CPI y/y,Neutral|Bad|Bad|Neutral,1,1,0,100.0,0.0,inf,2025-08-13_2025-09-11
0.0,4,Core CPI m/m|PPI m/m|Core PPI m/m|CPI y/y,Good|Neutral|Good|Neutral,1,0,1,0.0,100.0,0.0,2025-12-19_2026-01-17
0.1,4,Core CPI m/m|PPI m/m|Core PPI m/m|CPI y/y,Neutral|Good|Good|Neutral,1,0,1,0.0,100.0,0.0,2023-03-15_2023-04-13
0.1,4,Core CPI m/m|PPI m/m|Core PPI m/m|CPI y/y,Neutral|Bad|Neutral|Bad,1,1,0,100.0,0.0,inf,2023-09-14_2023-10-13
0.1,4,Core CPI m/m|PPI m/m|Core PPI m/m|CPI y/y,Neutral|Good|Good|Good,1,1,0,100.0,0.0,inf,2024-05-16_2024-06-14
0.1,4,Core CPI m/m|PPI m/m|Core PPI m/m|CPI y/y,Neutral|Neutral|Neutral|Neutral,1,0,1,0.0,100.0,0.0,2024-08-15_2024-09-13
0.1,4,Core CPI m/m|PPI m/m|Core PPI m/m|CPI y/y,Neutral|Neutral|Neutral|Bad,1,0,1,0.0,100.0,0.0,2024-09-12_2024-10-11
0.1,4,Core CPI m/m|PPI m/m|Core PPI m/m|CPI y/y,Bad|Bad|Neutral|Bad,1,1,0,100.0,0.0,inf,2025-01-16_2025-02-14
0.1,4,Core CPI m/m|PPI m/m|Core PPI m/m|CPI y/y,Good|Good|Good|Good,2,2,0,100.0,0.0,inf,2025-03-13_2025-04-11|2025-05-14_2025-06-12
0.1,4,Core CPI m/m|PPI m/m|Core PPI m/m|CPI y/y,Neutral|Bad|Bad|Neutral,2,1,1,50.0,50.0,1.0,2025-07-16_2025-08-14|2025-08-13_2025-09-11
0.1,4,Core CPI m/m|PPI m/m|Core PPI m/m|CPI y/y,Neutral|Neutral|Good|Neutral,1,0,1,0.0,100.0,0.0,2025-12-19_2026-01-17
0.2,4,Core CPI m/m|PPI m/m|Core PPI m/m|CPI y/y,Neutral|Good|Good|Neutral,4,3,1,75.0,25.0,3.0,2023-03-15_2023-04-13|2024-05-16_2024-06-14|2025-03-13_2025-04-11|2025-05-14_2025-06-12
0.2,4,Core CPI m/m|PPI m/m|Core PPI m/m|CPI y/y,Neutral|Bad|Neutral|Neutral,1,1,0,100.0,0.0,inf,2023-09-14_2023-10-13
0.2,4,Core CPI m/m|PPI m/m|Core PPI m/m|CPI y/y,Neutral|Neutral|Neutral|Neutral,5,2,3,40.0,60.0,0.67,2024-08-15_2024-09-13|2024-09-12_2024-10-11|2025-01-16_2025-02-14|2025-08-13_2025-09-11|2025-12-19_2026-01-17
0.2,4,Core CPI m/m|PPI m/m|Core PPI m/m|CPI y/y,Neutral|Bad|Bad|Neutral,1,0,1,0.0,100.0,0.0,2025-07-16_2025-08-14
0.3,4,Core CPI m/m|PPI m/m|Core PPI m/m|CPI y/y,Neutral|Good|Good|Neutral,3,2,1,66.7,33.3,2.0,2023-03-15_2023-04-13|2025-03-13_2025-04-11|2025-05-14_2025-06-12
0.3,4,Core CPI m/m|PPI m/m|Core PPI m/m|CPI y/y,Neutral|Neutral|Neutral|Neutral,7,3,4,42.9,57.1,0.75,2023-09-14_2023-10-13|2024-08-15_2024-09-13|2024-09-12_2024-10-11|2025-01-16_2025-02-14|2025-07-16_2025-08-14|2025-08-13_2025-09-11|2025-12-19_2026-01-17
0.3,4,Core CPI m/m|PPI m/m|Core PPI m/m|CPI y/y,Neutral|Good|Neutral|Neutral,1,1,0,100.0,0.0,inf,2024-05-16_2024-06-14
0.0,4,Core CPI m/m|PPI m/m|FOMC|CPI y/y,Neutral|Good|Neutral|Good,1,0,1,0.0,100.0,0.0,2023-03-15_2023-04-13
0.0,4,Core CPI m/m|PPI m/m|FOMC|CPI y/y,Neutral|Bad|Neutral|Bad,1,1,0,100.0,0.0,inf,2023-09-14_2023-10-13
0.0,4,Core CPI m/m|PPI m/m|FOMC|CPI y/y,Good|Good|Neutral|Good,1,1,0,100.0,0.0,inf,2024-05-16_2024-06-14
0.0,4,Core CPI m/m|PPI m/m|FOMC|CPI y/y,Bad|Neutral|Good|Bad,1,0,1,0.0,100.0,0.0,2024-09-12_2024-10-11
0.0,4,Core CPI m/m|PPI m/m|FOMC|CPI y/y,Bad|Bad|Neutral|Bad,1,1,0,100.0,0.0,inf,2025-01-16_2025-02-14
0.1,4,Core CPI m/m|PPI m/m|FOMC|CPI y/y,Neutral|Good|Neutral|Neutral,1,0,1,0.0,100.0,0.0,2023-03-15_2023-04-13
0.1,4,Core CPI m/m|PPI m/m|FOMC|CPI y/y,Neutral|Bad|Neutral|Bad,1,1,0,100.0,0.0,inf,2023-09-14_2023-10-13
0.1,4,Core CPI m/m|PPI m/m|FOMC|CPI y/y,Neutral|Good|Neutral|Good,1,1,0,100.0,0.0,inf,2024-05-16_2024-06-14
0.1,4,Core CPI m/m|PPI m/m|FOMC|CPI y/y,Neutral|Neutral|Good|Bad,1,0,1,0.0,100.0,0.0,2024-09-12_2024-10-11
0.1,4,Core CPI m/m|PPI m/m|FOMC|CPI y/y,Bad|Bad|Neutral|Bad,1,1,0,100.0,0.0,inf,2025-01-16_2025-02-14
0.2,4,Core CPI m/m|PPI m/m|FOMC|CPI y/y,Neutral|Good|Neutral|Neutral,2,1,1,50.0,50.0,1.0,2023-03-15_2023-04-13|2024-05-16_2024-06-14
0.2,4,Core CPI m/m|PPI m/m|FOMC|CPI y/y,Neutral|Bad|Neutral|Neutral,1,1,0,100.0,0.0,inf,2023-09-14_2023-10-13
0.2,4,Core CPI m/m|PPI m/m|FOMC|CPI y/y,Neutral|Neutral|Good|Neutral,1,0,1,0.0,100.0,0.0,2024-09-12_2024-10-11
0.2,4,Core CPI m/m|PPI m/m|FOMC|CPI y/y,Neutral|Neutral|Neutral|Neutral,1,1,0,100.0,0.0,inf,2025-01-16_2025-02-14
0.3,4,Core CPI m/m|PPI m/m|FOMC|CPI y/y,Neutral|Good|Neutral|Neutral,2,1,1,50.0,50.0,1.0,2023-03-15_2023-04-13|2024-05-16_2024-06-14
0.3,4,Core CPI m/m|PPI m/m|FOMC|CPI y/y,Neutral|Neutral|Neutral|Neutral,3,2,1,66.7,33.3,2.0,2023-09-14_2023-10-13|2024-09-12_2024-10-11|2025-01-16_2025-02-14
0.0,4,Core CPI m/m|Core PPI m/m|FOMC|CPI y/y,Neutral|Good|Neutral|Good,1,0,1,0.0,100.0,0.0,2023-03-15_2023-04-13
0.0,4,Core CPI m/m|Core PPI m/m|FOMC|CPI y/y,Neutral|Bad|Neutral|Bad,1,1,0,100.0,0.0,inf,2023-09-14_2023-10-13
0.0,4,Core CPI m/m|Core PPI m/m|FOMC|CPI y/y,Good|Good|Neutral|Good,1,1,0,100.0,0.0,inf,2024-05-16_2024-06-14
0.0,4,Core CPI m/m|Core PPI m/m|FOMC|CPI y/y,Bad|Bad|Good|Bad,1,0,1,0.0,100.0,0.0,2024-09-12_2024-10-11
0.0,4,Core CPI m/m|Core PPI m/m|FOMC|CPI y/y,Bad|Neutral|Neutral|Bad,1,1,0,100.0,0.0,inf,2025-01-16_2025-02-14
0.1,4,Core CPI m/m|Core PPI m/m|FOMC|CPI y/y,Neutral|Good|Neutral|Neutral,1,0,1,0.0,100.0,0.0,2023-03-15_2023-04-13
0.1,4,Core CPI m/m|Core PPI m/m|FOMC|CPI y/y,Neutral|Neutral|Neutral|Bad,1,1,0,100.0,0.0,inf,2023-09-14_2023-10-13
0.1,4,Core CPI m/m|Core PPI m/m|FOMC|CPI y/y,Neutral|Good|Neutral|Good,1,1,0,100.0,0.0,inf,2024-05-16_2024-06-14
0.1,4,Core CPI m/m|Core PPI m/m|FOMC|CPI y/y,Neutral|Neutral|Good|Bad,1,0,1,0.0,100.0,0.0,2024-09-12_2024-10-11
0.1,4,Core CPI m/m|Core PPI m/m|FOMC|CPI y/y,Bad|Neutral|Neutral|Bad,1,1,0,100.0,0.0,inf,2025-01-16_2025-02-14
0.2,4,Core CPI m/m|Core PPI m/m|FOMC|CPI y/y,Neutral|Good|Neutral|Neutral,2,1,1,50.0,50.0,1.0,2023-03-15_2023-04-13|2024-05-16_2024-06-14
0.2,4,Core CPI m/m|Core PPI m/m|FOMC|CPI y/y,Neutral|Neutral|Neutral|Neutral,2,2,0,100.0,0.0,inf,2023-09-14_2023-10-13|2025-01-16_2025-02-14
0.2,4,Core CPI m/m|Core PPI m/m|FOMC|CPI y/y,Neutral|Neutral|Good|Neutral,1,0,1,0.0,100.0,0.0,2024-09-12_2024-10-11
0.3,4,Core CPI m/m|Core PPI m/m|FOMC|CPI y/y,Neutral|Good|Neutral|Neutral,1,0,1,0.0,100.0,0.0,2023-03-15_2023-04-13
0.3,4,Core CPI m/m|Core PPI m/m|FOMC|CPI y/y,Neutral|Neutral|Neutral|Neutral,4,3,1,75.0,25.0,3.0,2023-09-14_2023-10-13|2024-05-16_2024-06-14|2024-09-12_2024-10-11|2025-01-16_2025-02-14
0.0,4,PPI m/m|Core PPI m/m|FOMC|CPI y/y,Good|Good|Neutral|Good,2,1,1,50.0,50.0,1.0,2023-03-15_2023-04-13|2024-05-16_2024-06-14
0.0,4,PPI m/m|Core PPI m/m|FOMC|CPI y/y,Bad|Bad|Neutral|Bad,1,1,0,100.0,0.0,inf,2023-09-14_2023-10-13
0.0,4,PPI m/m|Core PPI m/m|FOMC|CPI y/y,Neutral|Bad|Good|Bad,1,0,1,0.0,100.0,0.0,2024-09-12_2024-10-11
0.0,4,PPI m/m|Core PPI m/m|FOMC|CPI y/y,Bad|Neutral|Neutral|Bad,1,1,0,100.0,0.0,inf,2025-01-16_2025-02-14
0.1,4,PPI m/m|Core PPI m/m|FOMC|CPI y/y,Good|Good|Neutral|Neutral,1,0,1,0.0,100.0,0.0,2023-03-15_2023-04-13
0.1,4,PPI m/m|Core PPI m/m|FOMC|CPI y/y,Bad|Neutral|Neutral|Bad,2,2,0,100.0,0.0,inf,2023-09-14_2023-10-13|2025-01-16_2025-02-14
0.1,4,PPI m/m|Core PPI m/m|FOMC|CPI y/y,Good|Good|Neutral|Good,1,1,0,100.0,0.0,inf,2024-05-16_2024-06-14
0.1,4,PPI m/m|Core PPI m/m|FOMC|CPI y/y,Neutral|Neutral|Good|Bad,1,0,1,0.0,100.0,0.0,2024-09-12_2024-10-11
0.2,4,PPI m/m|Core PPI m/m|FOMC|CPI y/y,Good|Good|Neutral|Neutral,2,1,1,50.0,50.0,1.0,2023-03-15_2023-04-13|2024-05-16_2024-06-14
0.2,4,PPI m/m|Core PPI m/m|FOMC|CPI y/y,Bad|Neutral|Neutral|Neutral,1,1,0,100.0,0.0,inf,2023-09-14_2023-10-13
0.2,4,PPI m/m|Core PPI m/m|FOMC|CPI y/y,Neutral|Neutral|Good|Neutral,1,0,1,0.0,100.0,0.0,2024-09-12_2024-10-11
0.2,4,PPI m/m|Core PPI m/m|FOMC|CPI y/y,Neutral|Neutral|Neutral|Neutral,1,1,0,100.0,0.0,inf,2025-01-16_2025-02-14
0.3,4,PPI m/m|Core PPI m/m|FOMC|CPI y/y,Good|Good|Neutral|Neutral,1,0,1,0.0,100.0,0.0,2023-03-15_2023-04-13
0.3,4,PPI m/m|Core PPI m/m|FOMC|CPI y/y,Neutral|Neutral|Neutral|Neutral,3,2,1,66.7,33.3,2.0,2023-09-14_2023-10-13|2024-09-12_2024-10-11|2025-01-16_2025-02-14
0.3,4,PPI m/m|Core PPI m/m|FOMC|CPI y/y,Good|Neutral|Neutral|Neutral,1,1,0,100.0,0.0,inf,2024-05-16_2024-06-14
0.0,5,CPI m/m|Core CPI m/m|PPI m/m|Core PPI m/m|FOMC,Good|Neutral|Good|Good|Neutral,1,0,1,0.0,100.0,0.0,2023-03-15_2023-04-13
0.0,5,CPI m/m|Core CPI m/m|PPI m/m|Core PPI m/m|FOMC,Bad|Neutral|Bad|Bad|Neutral,1,1,0,100.0,0.0,inf,2023-09-14_2023-10-13
0.0,5,CPI m/m|Core CPI m/m|PPI m/m|Core PPI m/m|FOMC,Good|Good|Good|Good|Neutral,1,1,0,100.0,0.0,inf,2024-05-16_2024-06-14
0.0,5,CPI m/m|Core CPI m/m|PPI m/m|Core PPI m/m|FOMC,Bad|Bad|Neutral|Bad|Good,1,0,1,0.0,100.0,0.0,2024-09-12_2024-10-11
0.0,5,CPI m/m|Core CPI m/m|PPI m/m|Core PPI m/m|FOMC,Bad|Bad|Bad|Neutral|Neutral,1,1,0,100.0,0.0,inf,2025-01-16_2025-02-14
0.1,5,CPI m/m|Core CPI m/m|PPI m/m|Core PPI m/m|FOMC,Neutral|Neutral|Good|Good|Neutral,2,1,1,50.0,50.0,1.0,2023-03-15_2023-04-13|2024-05-16_2024-06-14
0.1,5,CPI m/m|Core CPI m/m|PPI m/m|Core PPI m/m|FOMC,Bad|Neutral|Bad|Neutral|Neutral,1,1,0,100.0,0.0,inf,2023-09-14_2023-10-13
0.1,5,CPI m/m|Core CPI m/m|PPI m/m|Core PPI m/m|FOMC,Neutral|Neutral|Neutral|Neutral|Good,1,0,1,0.0,100.0,0.0,2024-09-12_2024-10-11
0.1,5,CPI m/m|Core CPI m/m|PPI m/m|Core PPI m/m|FOMC,Bad|Bad|Bad|Neutral|Neutral,1,1,0,100.0,0.0,inf,2025-01-16_2025-02-14
0.2,5,CPI m/m|Core CPI m/m|PPI m/m|Core PPI m/m|FOMC,Neutral|Neutral|Good|Good|Neutral,2,1,1,50.0,50.0,1.0,2023-03-15_2023-04-13|2024-05-16_2024-06-14
0.2,5,CPI m/m|Core CPI m/m|PPI m/m|Core PPI m/m|FOMC,Neutral|Neutral|Bad|Neutral|Neutral,1,1,0,100.0,0.0,inf,2023-09-14_2023-10-13
0.2,5,CPI m/m|Core CPI m/m|PPI m/m|Core PPI m/m|FOMC,Neutral|Neutral|Neutral|Neutral|Good,1,0,1,0.0,100.0,0.0,2024-09-12_2024-10-11
0.2,5,CPI m/m|Core CPI m/m|PPI m/m|Core PPI m/m|FOMC,Neutral|Neutral|Neutral|Neutral|Neutral,1,1,0,100.0,0.0,inf,2025-01-16_2025-02-14
0.3,5,CPI m/m|Core CPI m/m|PPI m/m|Core PPI m/m|FOMC,Neutral|Neutral|Good|Good|Neutral,1,0,1,0.0,100.0,0.0,2023-03-15_2023-04-13
0.3,5,CPI m/m|Core CPI m/m|PPI m/m|Core PPI m/m|FOMC,Neutral|Neutral|Neutral|Neutral|Neutral,3,2,1,66.7,33.3,2.0,2023-09-14_2023-10-13|2024-09-12_2024-10-11|2025-01-16_2025-02-14
0.3,5,CPI m/m|Core CPI m/m|PPI m/m|Core PPI m/m|FOMC,Neutral|Neutral|Good|Neutral|Neutral,1,1,0,100.0,0.0,inf,2024-05-16_2024-06-14
0.0,5,CPI m/m|Core CPI m/m|PPI m/m|Core PPI m/m|CPI y/y,Good|Neutral|Good|Good|Good,1,0,1,0.0,100.0,0.0,2023-03-15_2023-04-13
0.0,5,CPI m/m|Core CPI m/m|PPI m/m|Core PPI m/m|CPI y/y,Bad|Neutral|Bad|Bad|Bad,1,1,0,100.0,0.0,inf,2023-09-14_2023-10-13
0.0,5,CPI m/m|Core CPI m/m|PPI m/m|Core PPI m/m|CPI y/y,Good|Good|Good|Good|Good,3,3,0,100.0,0.0,inf,2024-05-16_2024-06-14|2025-03-13_2025-04-11|2025-05-14_2025-06-12
0.0,5,CPI m/m|Core CPI m/m|PPI m/m|Core PPI m/m|CPI y/y,Neutral|Bad|Bad|Bad|Neutral,1,0,1,0.0,100.0,0.0,2024-08-15_2024-09-13
0.0,5,CPI m/m|Core CPI m/m|PPI m/m|Core PPI m/m|CPI y/y,Bad|Bad|Neutral|Bad|Bad,1,0,1,0.0,100.0,0.0,2024-09-12_2024-10-11
0.0,5,CPI m/m|Core CPI m/m|PPI m/m|Core PPI m/m|CPI y/y,Bad|Bad|Bad|Neutral|Bad,1,1,0,100.0,0.0,inf,2025-01-16_2025-02-14
0.0,5,CPI m/m|Core CPI m/m|PPI m/m|Core PPI m/m|CPI y/y,Neutral|Neutral|Bad|Bad|Good,1,0,1,0.0,100.0,0.0,2025-07-16_2025-08-14
0.0,5,CPI m/m|Core CPI m/m|PPI m/m|Core PPI m/m|CPI y/y,Bad|Neutral|Bad|Bad|Neutral,1,1,0,100.0,0.0,inf,2025-08-13_2025-09-11
0.0,5,CPI m/m|Core CPI m/m|PPI m/m|Core PPI m/m|CPI y/y,Neutral|Good|Neutral|Good|Neutral,1,0,1,0.0,100.0,0.0,2025-12-19_2026-01-17
0.1,5,CPI m/m|Core CPI m/m|PPI m/m|Core PPI m/m|CPI y/y,Neutral|Neutral|Good|Good|Neutral,1,0,1,0.0,100.0,0.0,2023-03-15_2023-04-13
0.1,5,CPI m/m|Core CPI m/m|PPI m/m|Core PPI m/m|CPI y/y,Bad|Neutral|Bad|Neutral|Bad,1,1,0,100.0,0.0,inf,2023-09-14_2023-10-13
0.1,5,CPI m/m|Core CPI m/m|PPI m/m|Core PPI m/m|CPI y/y,Neutral|Neutral|Good|Good|Good,1,1,0,100.0,0.0,inf,2024-05-16_2024-06-14
0.1,5,CPI m/m|Core CPI m/m|PPI m/m|Core PPI m/m|CPI y/y,Neutral|Neutral|Neutral|Neutral|Neutral,1,0,1,0.0,100.0,0.0,2024-08-15_2024-09-13
0.1,5,CPI m/m|Core CPI m/m|PPI m/m|Core PPI m/m|CPI y/y,Neutral|Neutral|Neutral|Neutral|Bad,1,0,1,0.0,100.0,0.0,2024-09-12_2024-10-11
0.1,5,CPI m/m|Core CPI m/m|PPI m/m|Core PPI m/m|CPI y/y,Bad|Bad|Bad|Neutral|Bad,1,1,0,100.0,0.0,inf,2025-01-16_2025-02-14
0.1,5,CPI m/m|Core CPI m/m|PPI m/m|Core PPI m/m|CPI y/y,Good|Good|Good|Good|Good,1,1,0,100.0,0.0,inf,2025-03-13_2025-04-11
0.1,5,CPI m/m|Core CPI m/m|PPI m/m|Core PPI m/m|CPI y/y,Neutral|Good|Good|Good|Good,1,1,0,100.0,0.0,inf,2025-05-14_2025-06-12
0.1,5,CPI m/m|Core CPI m/m|PPI m/m|Core PPI m/m|CPI y/y,Neutral|Neutral|Bad|Bad|Neutral,1,0,1,0.0,100.0,0.0,2025-07-16_2025-08-14
0.1,5,CPI m/m|Core CPI m/m|PPI m/m|Core PPI m/m|CPI y/y,Bad|Neutral|Bad|Bad|Neutral,1,1,0,100.0,0.0,inf,2025-08-13_2025-09-11
0.1,5,CPI m/m|Core CPI m/m|PPI m/m|Core PPI m/m|CPI y/y,Neutral|Neutral|Neutral|Good|Neutral,1,0,1,0.0,100.0,0.0,2025-12-19_2026-01-17
0.2,5,CPI m/m|Core CPI m/m|PPI m/m|Core PPI m/m|CPI y/y,Neutral|Neutral|Good|Good|Neutral,4,3,1,75.0,25.0,3.0,2023-03-15_2023-04-13|2024-05-16_2024-06-14|2025-03-13_2025-04-11|2025-05-14_2025-06-12
0.2,5,CPI m/m|Core CPI m/m|PPI m/m|Core PPI m/m|CPI y/y,Neutral|Neutral|Bad|Neutral|Neutral,1,1,0,100.0,0.0,inf,2023-09-14_2023-10-13
0.2,5,CPI m/m|Core CPI m/m|PPI m/m|Core PPI m/m|CPI y/y,Neutral|Neutral|Neutral|Neutral|Neutral,5,2,3,40.0,60.0,0.67,2024-08-15_2024-09-13|2024-09-12_2024-10-11|2025-01-16_2025-02-14|2025-08-13_2025-09-11|2025-12-19_2026-01-17
0.2,5,CPI m/m|Core CPI m/m|PPI m/m|Core PPI m/m|CPI y/y,Neutral|Neutral|Bad|Bad|Neutral,1,0,1,0.0,100.0,0.0,2025-07-16_2025-08-14
0.3,5,CPI m/m|Core CPI m/m|PPI m/m|Core PPI m/m|CPI y/y,Neutral|Neutral|Good|Good|Neutral,3,2,1,66.7,33.3,2.0,2023-03-15_2023-04-13|2025-03-13_2025-04-11|2025-05-14_2025-06-12
0.3,5,CPI m/m|Core CPI m/m|PPI m/m|Core PPI m/m|CPI y/y,Neutral|Neutral|Neutral|Neutral|Neutral,7,3,4,42.9,57.1,0.75,2023-09-14_2023-10-13|2024-08-15_2024-09-13|2024-09-12_2024-10-11|2025-01-16_2025-02-14|2025-07-16_2025-08-14|2025-08-13_2025-09-11|2025-12-19_2026-01-17
0.3,5,CPI m/m|Core CPI m/m|PPI m/m|Core PPI m/m|CPI y/y,Neutral|Neutral|Good|Neutral|Neutral,1,1,0,100.0,0.0,inf,2024-05-16_2024-06-14
0.0,5,CPI m/m|Core CPI m/m|PPI m/m|FOMC|CPI y/y,Good|Neutral|Good|Neutral|Good,1,0,1,0.0,100.0,0.0,2023-03-15_2023-04-13
0.0,5,CPI m/m|Core CPI m/m|PPI m/m|FOMC|CPI y/y,Bad|Neutral|Bad|Neutral|Bad,1,1,0,100.0,0.0,inf,2023-09-14_2023-10-13
0.0,5,CPI m/m|Core CPI m/m|PPI m/m|FOMC|CPI y/y,Good|Good|Good|Neutral|Good,1,1,0,100.0,0.0,inf,2024-05-16_2024-06-14
0.0,5,CPI m/m|Core CPI m/m|PPI m/m|FOMC|CPI y/y,Bad|Bad|Neutral|Good|Bad,1,0,1,0.0,100.0,0.0,2024-09-12_2024-10-11
0.0,5,CPI m/m|Core CPI m/m|PPI m/m|FOMC|CPI y/y,Bad|Bad|Bad|Neutral|Bad,1,1,0,100.0,0.0,inf,2025-01-16_2025-02-14
0.1,5,CPI m/m|Core CPI m/m|PPI m/m|FOMC|CPI y/y,Neutral|Neutral|Good|Neutral|Neutral,1,0,1,0.0,100.0,0.0,2023-03-15_2023-04-13
0.1,5,CPI m/m|Core CPI m/m|PPI m/m|FOMC|CPI y/y,Bad|Neutral|Bad|Neutral|Bad,1,1,0,100.0,0.0,inf,2023-09-14_2023-10-13
0.1,5,CPI m/m|Core CPI m/m|PPI m/m|FOMC|CPI y/y,Neutral|Neutral|Good|Neutral|Good,1,1,0,100.0,0.0,inf,2024-05-16_2024-06-14
0.1,5,CPI m/m|Core CPI m/m|PPI m/m|FOMC|CPI y/y,Neutral|Neutral|Neutral|Good|Bad,1,0,1,0.0,100.0,0.0,2024-09-12_2024-10-11
0.1,5,CPI m/m|Core CPI m/m|PPI m/m|FOMC|CPI y/y,Bad|Bad|Bad|Neutral|Bad,1,1,0,100.0,0.0,inf,2025-01-16_2025-02-14
0.2,5,CPI m/m|Core CPI m/m|PPI m/m|FOMC|CPI y/y,Neutral|Neutral|Good|Neutral|Neutral,2,1,1,50.0,50.0,1.0,2023-03-15_2023-04-13|2024-05-16_2024-06-14
0.2,5,CPI m/m|Core CPI m/m|PPI m/m|FOMC|CPI y/y,Neutral|Neutral|Bad|Neutral|Neutral,1,1,0,100.0,0.0,inf,2023-09-14_2023-10-13
0.2,5,CPI m/m|Core CPI m/m|PPI m/m|FOMC|CPI y/y,Neutral|Neutral|Neutral|Good|Neutral,1,0,1,0.0,100.0,0.0,2024-09-12_2024-10-11
0.2,5,CPI m/m|Core CPI m/m|PPI m/m|FOMC|CPI y/y,Neutral|Neutral|Neutral|Neutral|Neutral,1,1,0,100.0,0.0,inf,2025-01-16_2025-02-14
0.3,5,CPI m/m|Core CPI m/m|PPI m/m|FOMC|CPI y/y,Neutral|Neutral|Good|Neutral|Neutral,2,1,1,50.0,50.0,1.0,2023-03-15_2023-04-13|2024-05-16_2024-06-14
0.3,5,CPI m/m|Core CPI m/m|PPI m/m|FOMC|CPI y/y,Neutral|Neutral|Neutral|Neutral|Neutral,3,2,1,66.7,33.3,2.0,2023-09-14_2023-10-13|2024-09-12_2024-10-11|2025-01-16_2025-02-14
0.0,5,CPI m/m|Core CPI m/m|Core PPI m/m|FOMC|CPI y/y,Good|Neutral|Good|Neutral|Good,1,0,1,0.0,100.0,0.0,2023-03-15_2023-04-13
0.0,5,CPI m/m|Core CPI m/m|Core PPI m/m|FOMC|CPI y/y,Bad|Neutral|Bad|Neutral|Bad,1,1,0,100.0,0.0,inf,2023-09-14_2023-10-13
0.0,5,CPI m/m|Core CPI m/m|Core PPI m/m|FOMC|CPI y/y,Good|Good|Good|Neutral|Good,1,1,0,100.0,0.0,inf,2024-05-16_2024-06-14
0.0,5,CPI m/m|Core CPI m/m|Core PPI m/m|FOMC|CPI y/y,Bad|Bad|Bad|Good|Bad,1,0,1,0.0,100.0,0.0,2024-09-12_2024-10-11
0.0,5,CPI m/m|Core CPI m/m|Core PPI m/m|FOMC|CPI y/y,Bad|Bad|Neutral|Neutral|Bad,1,1,0,100.0,0.0,inf,2025-01-16_2025-02-14
0.1,5,CPI m/m|Core CPI m/m|Core PPI m/m|FOMC|CPI y/y,Neutral|Neutral|Good|Neutral|Neutral,1,0,1,0.0,100.0,0.0,2023-03-15_2023-04-13
0.1,5,CPI m/m|Core CPI m/m|Core PPI m/m|FOMC|CPI y/y,Bad|Neutral|Neutral|Neutral|Bad,1,1,0,100.0,0.0,inf,2023-09-14_2023-10-13
0.1,5,CPI m/m|Core CPI m/m|Core PPI m/m|FOMC|CPI y/y,Neutral|Neutral|Good|Neutral|Good,1,1,0,100.0,0.0,inf,2024-05-16_2024-06-14
0.1,5,CPI m/m|Core CPI m/m|Core PPI m/m|FOMC|CPI y/y,Neutral|Neutral|Neutral|Good|Bad,1,0,1,0.0,100.0,0.0,2024-09-12_2024-10-11
0.1,5,CPI m/m|Core CPI m/m|Core PPI m/m|FOMC|CPI y/y,Bad|Bad|Neutral|Neutral|Bad,1,1,0,100.0,0.0,inf,2025-01-16_2025-02-14
0.2,5,CPI m/m|Core CPI m/m|Core PPI m/m|FOMC|CPI y/y,Neutral|Neutral|Good|Neutral|Neutral,2,1,1,50.0,50.0,1.0,2023-03-15_2023-04-13|2024-05-16_2024-06-14
0.2,5,CPI m/m|Core CPI m/m|Core PPI m/m|FOMC|CPI y/y,Neutral|Neutral|Neutral|Neutral|Neutral,2,2,0,100.0,0.0,inf,2023-09-14_2023-10-13|2025-01-16_2025-02-14
0.2,5,CPI m/m|Core CPI m/m|Core PPI m/m|FOMC|CPI y/y,Neutral|Neutral|Neutral|Good|Neutral,1,0,1,0.0,100.0,0.0,2024-09-12_2024-10-11
0.3,5,CPI m/m|Core CPI m/m|Core PPI m/m|FOMC|CPI y/y,Neutral|Neutral|Good|Neutral|Neutral,1,0,1,0.0,100.0,0.0,2023-03-15_2023-04-13
0.3,5,CPI m/m|Core CPI m/m|Core PPI m/m|FOMC|CPI y/y,Neutral|Neutral|Neutral|Neutral|Neutral,4,3,1,75.0,25.0,3.0,2023-09-14_2023-10-13|2024-05-16_2024-06-14|2024-09-12_2024-10-11|2025-01-16_2025-02-14
0.0,5,CPI m/m|PPI m/m|Core PPI m/m|FOMC|CPI y/y,Good|Good|Good|Neutral|Good,2,1,1,50.0,50.0,1.0,2023-03-15_2023-04-13|2024-05-16_2024-06-14
0.0,5,CPI m/m|PPI m/m|Core PPI m/m|FOMC|CPI y/y,Bad|Bad|Bad|Neutral|Bad,1,1,0,100.0,0.0,inf,2023-09-14_2023-10-13
0.0,5,CPI m/m|PPI m/m|Core PPI m/m|FOMC|CPI y/y,Bad|Neutral|Bad|Good|Bad,1,0,1,0.0,100.0,0.0,2024-09-12_2024-10-11
0.0,5,CPI m/m|PPI m/m|Core PPI m/m|FOMC|CPI y/y,Bad|Bad|Neutral|Neutral|Bad,1,1,0,100.0,0.0,inf,2025-01-16_2025-02-14
0.1,5,CPI m/m|PPI m/m|Core PPI m/m|FOMC|CPI y/y,Neutral|Good|Good|Neutral|Neutral,1,0,1,0.0,100.0,0.0,2023-03-15_2023-04-13
0.1,5,CPI m/m|PPI m/m|Core PPI m/m|FOMC|CPI y/y,Bad|Bad|Neutral|Neutral|Bad,2,2,0,100.0,0.0,inf,2023-09-14_2023-10-13|2025-01-16_2025-02-14
0.1,5,CPI m/m|PPI m/m|Core PPI m/m|FOMC|CPI y/y,Neutral|Good|Good|Neutral|Good,1,1,0,100.0,0.0,inf,2024-05-16_2024-06-14
0.1,5,CPI m/m|PPI m/m|Core PPI m/m|FOMC|CPI y/y,Neutral|Neutral|Neutral|Good|Bad,1,0,1,0.0,100.0,0.0,2024-09-12_2024-10-11
0.2,5,CPI m/m|PPI m/m|Core PPI m/m|FOMC|CPI y/y,Neutral|Good|Good|Neutral|Neutral,2,1,1,50.0,50.0,1.0,2023-03-15_2023-04-13|2024-05-16_2024-06-14
0.2,5,CPI m/m|PPI m/m|Core PPI m/m|FOMC|CPI y/y,Neutral|Bad|Neutral|Neutral|Neutral,1,1,0,100.0,0.0,inf,2023-09-14_2023-10-13
0.2,5,CPI m/m|PPI m/m|Core PPI m/m|FOMC|CPI y/y,Neutral|Neutral|Neutral|Good|Neutral,1,0,1,0.0,100.0,0.0,2024-09-12_2024-10-11
0.2,5,CPI m/m|PPI m/m|Core PPI m/m|FOMC|CPI y/y,Neutral|Neutral|Neutral|Neutral|Neutral,1,1,0,100.0,0.0,inf,2025-01-16_2025-02-14
0.3,5,CPI m/m|PPI m/m|Core PPI m/m|FOMC|CPI y/y,Neutral|Good|Good|Neutral|Neutral,1,0,1,0.0,100.0,0.0,2023-03-15_2023-04-13
0.3,5,CPI m/m|PPI m/m|Core PPI m/m|FOMC|CPI y/y,Neutral|Neutral|Neutral|Neutral|Neutral,3,2,1,66.7,33.3,2.0,2023-09-14_2023-10-13|2024-09-12_2024-10-11|2025-01-16_2025-02-14
0.3,5,CPI m/m|PPI m/m|Core PPI m/m|FOMC|CPI y/y,Neutral|Good|Neutral|Neutral|Neutral,1,1,0,100.0,0.0,inf,2024-05-16_2024-06-14
0.0,5,Core CPI m/m|PPI m/m|Core PPI m/m|FOMC|CPI y/y,Neutral|Good|Good|Neutral|Good,1,0,1,0.0,100.0,0.0,2023-03-15_2023-04-13
0.0,5,Core CPI m/m|PPI m/m|Core PPI m/m|FOMC|CPI y/y,Neutral|Bad|Bad|Neutral|Bad,1,1,0,100.0,0.0,inf,2023-09-14_2023-10-13
0.0,5,Core CPI m/m|PPI m/m|Core PPI m/m|FOMC|CPI y/y,Good|Good|Good|Neutral|Good,1,1,0,100.0,0.0,inf,2024-05-16_2024-06-14
0.0,5,Core CPI m/m|PPI m/m|Core PPI m/m|FOMC|CPI y/y,Bad|Neutral|Bad|Good|Bad,1,0,1,0.0,100.0,0.0,2024-09-12_2024-10-11
0.0,5,Core CPI m/m|PPI m/m|Core PPI m/m|FOMC|CPI y/y,Bad|Bad|Neutral|Neutral|Bad,1,1,0,100.0,0.0,inf,2025-01-16_2025-02-14
0.1,5,Core CPI m/m|PPI m/m|Core PPI m/m|FOMC|CPI y/y,Neutral|Good|Good|Neutral|Neutral,1,0,1,0.0,100.0,0.0,2023-03-15_2023-04-13
0.1,5,Core CPI m/m|PPI m/m|Core PPI m/m|FOMC|CPI y/y,Neutral|Bad|Neutral|Neutral|Bad,1,1,0,100.0,0.0,inf,2023-09-14_2023-10-13
0.1,5,Core CPI m/m|PPI m/m|Core PPI m/m|FOMC|CPI y/y,Neutral|Good|Good|Neutral|Good,1,1,0,100.0,0.0,inf,2024-05-16_2024-06-14
0.1,5,Core CPI m/m|PPI m/m|Core PPI m/m|FOMC|CPI y/y,Neutral|Neutral|Neutral|Good|Bad,1,0,1,0.0,100.0,0.0,2024-09-12_2024-10-11
0.1,5,Core CPI m/m|PPI m/m|Core PPI m/m|FOMC|CPI y/y,Bad|Bad|Neutral|Neutral|Bad,1,1,0,100.0,0.0,inf,2025-01-16_2025-02-14
0.2,5,Core CPI m/m|PPI m/m|Core PPI m/m|FOMC|CPI y/y,Neutral|Good|Good|Neutral|Neutral,2,1,1,50.0,50.0,1.0,2023-03-15_2023-04-13|2024-05-16_2024-06-14
0.2,5,Core CPI m/m|PPI m/m|Core PPI m/m|FOMC|CPI y/y,Neutral|Bad|Neutral|Neutral|Neutral,1,1,0,100.0,0.0,inf,2023-09-14_2023-10-13
0.2,5,Core CPI m/m|PPI m/m|Core PPI m/m|FOMC|CPI y/y,Neutral|Neutral|Neutral|Good|Neutral,1,0,1,0.0,100.0,0.0,2024-09-12_2024-10-11
0.2,5,Core CPI m/m|PPI m/m|Core PPI m/m|FOMC|CPI y/y,Neutral|Neutral|Neutral|Neutral|Neutral,1,1,0,100.0,0.0,inf,2025-01-16_2025-02-14
0.3,5,Core CPI m/m|PPI m/m|Core PPI m/m|FOMC|CPI y/y,Neutral|Good|Good|Neutral|Neutral,1,0,1,0.0,100.0,0.0,2023-03-15_2023-04-13
0.3,5,Core CPI m/m|PPI m/m|Core PPI m/m|FOMC|CPI y/y,Neutral|Neutral|Neutral|Neutral|Neutral,3,2,1,66.7,33.3,2.0,2023-09-14_2023-10-13|2024-09-12_2024-10-11|2025-01-16_2025-02-14
0.3,5,Core CPI m/m|PPI m/m|Core PPI m/m|FOMC|CPI y/y,Neutral|Good|Neutral|Neutral|Neutral,1,1,0,100.0,0.0,inf,2024-05-16_2024-06-14
0.0,6,CPI m/m|Core CPI m/m|PPI m/m|Core PPI m/m|FOMC|CPI y/y,Good|Neutral|Good|Good|Neutral|Good,1,0,1,0.0,100.0,0.0,2023-03-15_2023-04-13
0.0,6,CPI m/m|Core CPI m/m|PPI m/m|Core PPI m/m|FOMC|CPI y/y,Bad|Neutral|Bad|Bad|Neutral|Bad,1,1,0,100.0,0.0,inf,2023-09-14_2023-10-13
0.0,6,CPI m/m|Core CPI m/m|PPI m/m|Core PPI m/m|FOMC|CPI y/y,Good|Good|Good|Good|Neutral|Good,1,1,0,100.0,0.0,inf,2024-05-16_2024-06-14
0.0,6,CPI m/m|Core CPI m/m|PPI m/m|Core PPI m/m|FOMC|CPI y/y,Bad|Bad|Neutral|Bad|Good|Bad,1,0,1,0.0,100.0,0.0,2024-09-12_2024-10-11
0.0,6,CPI m/m|Core CPI m/m|PPI m/m|Core PPI m/m|FOMC|CPI y/y,Bad|Bad|Bad|Neutral|Neutral|Bad,1,1,0,100.0,0.0,inf,2025-01-16_2025-02-14
0.1,6,CPI m/m|Core CPI m/m|PPI m/m|Core PPI m/m|FOMC|CPI y/y,Neutral|Neutral|Good|Good|Neutral|Neutral,1,0,1,0.0,100.0,0.0,2023-03-15_2023-04-13
0.1,6,CPI m/m|Core CPI m/m|PPI m/m|Core PPI m/m|FOMC|CPI y/y,Bad|Neutral|Bad|Neutral|Neutral|Bad,1,1,0,100.0,0.0,inf,2023-09-14_2023-10-13
0.1,6,CPI m/m|Core CPI m/m|PPI m/m|Core PPI m/m|FOMC|CPI y/y,Neutral|Neutral|Good|Good|Neutral|Good,1,1,0,100.0,0.0,inf,2024-05-16_2024-06-14
0.1,6,CPI m/m|Core CPI m/m|PPI m/m|Core PPI m/m|FOMC|CPI y/y,Neutral|Neutral|Neutral|Neutral|Good|Bad,1,0,1,0.0,100.0,0.0,2024-09-12_2024-10-11
0.1,6,CPI m/m|Core CPI m/m|PPI m/m|Core PPI m/m|FOMC|CPI y/y,Bad|Bad|Bad|Neutral|Neutral|Bad,1,1,0,100.0,0.0,inf,2025-01-16_2025-02-14
0.2,6,CPI m/m|Core CPI m/m|PPI m/m|Core PPI m/m|FOMC|CPI y/y,Neutral|Neutral|Good|Good|Neutral|Neutral,2,1,1,50.0,50.0,1.0,2023-03-15_2023-04-13|2024-05-16_2024-06-14
0.2,6,CPI m/m|Core CPI m/m|PPI m/m|Core PPI m/m|FOMC|CPI y/y,Neutral|Neutral|Bad|Neutral|Neutral|Neutral,1,1,0,100.0,0.0,inf,2023-09-14_2023-10-13
0.2,6,CPI m/m|Core CPI m/m|PPI m/m|Core PPI m/m|FOMC|CPI y/y,Neutral|Neutral|Neutral|Neutral|Good|Neutral,1,0,1,0.0,100.0,0.0,2024-09-12_2024-10-11
0.2,6,CPI m/m|Core CPI m/m|PPI m/m|Core PPI m/m|FOMC|CPI y/y,Neutral|Neutral|Neutral|Neutral|Neutral|Neutral,1,1,0,100.0,0.0,inf,2025-01-16_2025-02-14
0.3,6,CPI m/m|Core CPI m/m|PPI m/m|Core PPI m/m|FOMC|CPI y/y,Neutral|Neutral|Good|Good|Neutral|Neutral,1,0,1,0.0,100.0,0.0,2023-03-15_2023-04-13
0.3,6,CPI m/m|Core CPI m/m|PPI m/m|Core PPI m/m|FOMC|CPI y/y,Neutral|Neutral|Neutral|Neutral|Neutral|Neutral,3,2,1,66.7,33.3,2.0,2023-09-14_2023-10-13|2024-09-12_2024-10-11|2025-01-16_2025-02-14
0.3,6,CPI m/m|Core CPI m/m|PPI m/m|Core PPI m/m|FOMC|CPI y/y,Neutral|Neutral|Good|Neutral|Neutral|Neutral,1,1,0,100.0,0.0,inf,2024-05-16_2024-06-14
