آستانه,تعداد_شاخص‌ها,لیست_شاخص‌ها,الگوی_وضعیت,تعداد_کل_وقوع,تعداد_ضررده,تعداد_سودده,درصد_ضررده,درصد_سودده,نسبت_شانس,دوره‌ها
0.0,1,CPI m/m,Neutral,15,9,6,60.0,40.0,1.5,2020-11-11_2020-12-10|2021-02-09_2021-03-10|2022-03-06_2022-04-04|2022-12-31_2023-01-29|2023-01-30_2023-02-28|2023-07-29_2023-08-27|2024-02-24_2024-03-24|2024-07-23_2024-08-21|2024-08-22_2024-09-20|2024-10-21_2024-11-19|2024-11-20_2024-12-19|2024-12-20_2025-01-18|2025-06-18_2025-07-17|2025-07-18_2025-08-16|2025-12-15_2026-01-13
0.0,1,CPI m/m,Bad,20,14,6,70.0,30.0,2.33,2021-04-10_2021-05-09|2021-05-10_2021-06-08|2021-06-09_2021-07-08|2021-07-09_2021-08-07|2021-10-07_2021-11-05|2021-12-06_2022-01-04|2022-01-05_2022-02-03|2022-05-05_2022-06-03|2022-06-04_2022-07-03|2022-07-04_2022-08-02|2022-09-02_2022-10-01|2022-10-02_2022-10-31|2023-09-27_2023-10-26|2023-11-26_2023-12-25|2023-12-26_2024-01-24|2024-01-25_2024-02-23|2024-03-25_2024-04-23|2024-09-21_2024-10-20|2025-01-19_2025-02-17|2025-08-17_2025-09-15
0.0,1,CPI m/m,Good,10,7,3,70.0,30.0,2.33,2021-09-07_2021-10-06|2022-08-03_2022-09-01|2022-12-01_2022-12-30|2023-03-31_2023-04-29|2023-05-30_2023-06-28|2024-04-24_2024-05-23|2024-05-24_2024-06-22|2025-03-20_2025-04-18|2025-10-16_2025-11-14|2026-02-13_2026-03-14
0.1,1,CPI m/m,Neutral,26,14,12,53.8,46.2,1.17,2020-11-11_2020-12-10|2021-02-09_2021-03-10|2021-04-10_2021-05-09|2022-01-05_2022-02-03|2022-03-06_2022-04-04|2022-05-05_2022-06-03|2022-12-31_2023-01-29|2023-01-30_2023-02-28|2023-03-31_2023-04-29|2023-05-30_2023-06-28|2023-07-29_2023-08-27|2023-11-26_2023-12-25|2023-12-26_2024-01-24|2024-01-25_2024-02-23|2024-02-24_2024-03-24|2024-05-24_2024-06-22|2024-07-23_2024-08-21|2024-08-22_2024-09-20|2024-09-21_2024-10-20|2024-10-21_2024-11-19|2024-11-20_2024-12-19|2024-12-20_2025-01-18|2025-06-18_2025-07-17|2025-07-18_2025-08-16|2025-12-15_2026-01-13|2026-02-13_2026-03-14
0.1,1,CPI m/m,Bad,13,10,3,76.9,23.1,3.33,2021-05-10_2021-06-08|2021-06-09_2021-07-08|2021-07-09_2021-08-07|2021-10-07_2021-11-05|2021-12-06_2022-01-04|2022-06-04_2022-07-03|2022-07-04_2022-08-02|2022-09-02_2022-10-01|2022-10-02_2022-10-31|2023-09-27_2023-10-26|2024-03-25_2024-04-23|2025-01-19_2025-02-17|2025-08-17_2025-09-15
0.1,1,CPI m/m,Good,6,6,0,100.0,0.0,inf,2021-09-07_2021-10-06|2022-08-03_2022-09-01|2022-12-01_2022-12-30|2024-04-24_2024-05-23|2025-03-20_2025-04-18|2025-10-16_2025-11-14
0.2,1,CPI m/m,Neutral,42,27,15,64.3,35.7,1.8,2020-11-11_2020-12-10|2021-02-09_2021-03-10|2021-04-10_2021-05-09|2021-06-09_2021-07-08|2021-09-07_2021-10-06|2021-10-07_2021-11-05|2021-12-06_2022-01-04|2022-01-05_2022-02-03|2022-03-06_2022-04-04|2022-05-05_2022-06-03|2022-07-04_2022-08-02|2022-08-03_2022-09-01|2022-09-02_2022-10-01|2022-10-02_2022-10-31|2022-12-01_2022-12-30|2022-12-31_2023-01-29|2023-01-30_2023-02-28|2023-03-31_2023-04-29|2023-05-30_2023-06-28|2023-07-29_2023-08-27|2023-09-27_2023-10-26|2023-11-26_2023-12-25|2023-12-26_2024-01-24|2024-01-25_2024-02-23|2024-02-24_2024-03-24|2024-03-25_2024-04-23|2024-04-24_2024-05-23|2024-05-24_2024-06-22|2024-07-23_2024-08-21|2024-08-22_2024-09-20|2024-09-21_2024-10-20|2024-10-21_2024-11-19|2024-11-20_2024-12-19|2024-12-20_2025-01-18|2025-01-19_2025-02-17|2025-03-20_2025-04-18|2025-06-18_2025-07-17|2025-07-18_2025-08-16|2025-08-17_2025-09-15|2025-10-16_2025-11-14|2025-12-15_2026-01-13|2026-02-13_2026-03-14
0.2,1,CPI m/m,Bad,3,3,0,100.0,0.0,inf,2021-05-10_2021-06-08|2021-07-09_2021-08-07|2022-06-04_2022-07-03
0.3,1,CPI m/m,Neutral,42,27,15,64.3,35.7,1.8,2020-11-11_2020-12-10|2021-02-09_2021-03-10|2021-04-10_2021-05-09|2021-06-09_2021-07-08|2021-09-07_2021-10-06|2021-10-07_2021-11-05|2021-12-06_2022-01-04|2022-01-05_2022-02-03|2022-03-06_2022-04-04|2022-05-05_2022-06-03|2022-07-04_2022-08-02|2022-08-03_2022-09-01|2022-09-02_2022-10-01|2022-10-02_2022-10-31|2022-12-01_2022-12-30|2022-12-31_2023-01-29|2023-01-30_2023-02-28|2023-03-31_2023-04-29|2023-05-30_2023-06-28|2023-07-29_2023-08-27|2023-09-27_2023-10-26|2023-11-26_2023-12-25|2023-12-26_2024-01-24|2024-01-25_2024-02-23|2024-02-24_2024-03-24|2024-03-25_2024-04-23|2024-04-24_2024-05-23|2024-05-24_2024-06-22|2024-07-23_2024-08-21|2024-08-22_2024-09-20|2024-09-21_2024-10-20|2024-10-21_2024-11-19|2024-11-20_2024-12-19|2024-12-20_2025-01-18|2025-01-19_2025-02-17|2025-03-20_2025-04-18|2025-06-18_2025-07-17|2025-07-18_2025-08-16|2025-08-17_2025-09-15|2025-10-16_2025-11-14|2025-12-15_2026-01-13|2026-02-13_2026-03-14
0.3,1,CPI m/m,Bad,3,3,0,100.0,0.0,inf,2021-05-10_2021-06-08|2021-07-09_2021-08-07|2022-06-04_2022-07-03
0.0,1,Core CPI m/m,Good,11,8,3,72.7,27.3,2.67,2020-11-11_2020-12-10|2021-02-09_2021-03-10|2021-09-07_2021-10-06|2022-08-03_2022-09-01|2022-12-01_2022-12-30|2024-05-24_2024-06-22|2024-12-20_2025-01-18|2025-03-20_2025-04-18|2025-06-18_2025-07-17|2025-10-16_2025-11-14|2025-12-15_2026-01-13
0.0,1,Core CPI m/m,Bad,16,11,5,68.8,31.2,2.2,2021-04-10_2021-05-09|2021-05-10_2021-06-08|2021-06-09_2021-07-08|2021-07-09_2021-08-07|2022-01-05_2022-02-03|2022-05-05_2022-06-03|2022-06-04_2022-07-03|2022-07-04_2022-08-02|2022-09-02_2022-10-01|2022-10-02_2022-10-31|2024-01-25_2024-02-23|2024-02-24_2024-03-24|2024-03-25_2024-04-23|2024-08-22_2024-09-20|2024-09-21_2024-10-20|2025-01-19_2025-02-17
0.0,1,Core CPI m/m,Neutral,18,11,7,61.1,38.9,1.57,2021-10-07_2021-11-05|2021-12-06_2022-01-04|2022-03-06_2022-04-04|2022-12-31_2023-01-29|2023-01-30_2023-02-28|2023-03-31_2023-04-29|2023-05-30_2023-06-28|2023-07-29_2023-08-27|2023-09-27_2023-10-26|2023-11-26_2023-12-25|2023-12-26_2024-01-24|2024-04-24_2024-05-23|2024-07-23_2024-08-21|2024-10-21_2024-11-19|2024-11-20_2024-12-19|2025-07-18_2025-08-16|2025-08-17_2025-09-15|2026-02-13_2026-03-14
0.1,1,Core CPI m/m,Neutral,30,20,10,66.7,33.3,2.0,2020-11-11_2020-12-10|2021-04-10_2021-05-09|2021-10-07_2021-11-05|2021-12-06_2022-01-04|2022-01-05_2022-02-03|2022-03-06_2022-04-04|2022-06-04_2022-07-03|2022-12-01_2022-12-30|2022-12-31_2023-01-29|2023-01-30_2023-02-28|2023-03-31_2023-04-29|2023-05-30_2023-06-28|2023-07-29_2023-08-27|2023-09-27_2023-10-26|2023-11-26_2023-12-25|2023-12-26_2024-01-24|2024-04-24_2024-05-23|2024-05-24_2024-06-22|2024-07-23_2024-08-21|2024-08-22_2024-09-20|2024-09-21_2024-10-20|2024-10-21_2024-11-19|2024-11-20_2024-12-19|2024-12-20_2025-01-18|2025-06-18_2025-07-17|2025-07-18_2025-08-16|2025-08-17_2025-09-15|2025-10-16_2025-11-14|2025-12-15_2026-01-13|2026-02-13_2026-03-14
0.1,1,Core CPI m/m,Good,4,3,1,75.0,25.0,3.0,2021-02-09_2021-03-10|2021-09-07_2021-10-06|2022-08-03_2022-09-01|2025-03-20_2025-04-18
0.1,1,Core CPI m/m,Bad,11,7,4,63.6,36.4,1.75,2021-05-10_2021-06-08|2021-06-09_2021-07-08|2021-07-09_2021-08-07|2022-05-05_2022-06-03|2022-07-04_2022-08-02|2022-09-02_2022-10-01|2022-10-02_2022-10-31|2024-01-25_2024-02-23|2024-02-24_2024-03-24|2024-03-25_2024-04-23|2025-01-19_2025-02-17
0.2,1,Core CPI m/m,Neutral,42,27,15,64.3,35.7,1.8,2020-11-11_2020-12-10|2021-02-09_2021-03-10|2021-04-10_2021-05-09|2021-06-09_2021-07-08|2021-09-07_2021-10-06|2021-10-07_2021-11-05|2021-12-06_2022-01-04|2022-01-05_2022-02-03|2022-03-06_2022-04-04|2022-05-05_2022-06-03|2022-06-04_2022-07-03|2022-07-04_2022-08-02|2022-08-03_2022-09-01|2022-10-02_2022-10-31|2022-12-01_2022-12-30|2022-12-31_2023-01-29|2023-01-30_2023-02-28|2023-03-31_2023-04-29|2023-05-30_2023-06-28|2023-07-29_2023-08-27|2023-09-27_2023-10-26|2023-11-26_2023-12-25|2023-12-26_2024-01-24|2024-01-25_2024-02-23|2024-02-24_2024-03-24|2024-03-25_2024-04-23|2024-04-24_2024-05-23|2024-05-24_2024-06-22|2024-07-23_2024-08-21|2024-08-22_2024-09-20|2024-09-21_2024-10-20|2024-10-21_2024-11-19|2024-11-20_2024-12-19|2024-12-20_2025-01-18|2025-01-19_2025-02-17|2025-03-20_2025-04-18|2025-06-18_2025-07-17|2025-07-18_2025-08-16|2025-08-17_2025-09-15|2025-10-16_2025-11-14|2025-12-15_2026-01-13|2026-02-13_2026-03-14
0.2,1,Core CPI m/m,Bad,3,3,0,100.0,0.0,inf,2021-05-10_2021-06-08|2021-07-09_2021-08-07|2022-09-02_2022-10-01
0.3,1,Core CPI m/m,Neutral,43,28,15,65.1,34.9,1.87,2020-11-11_2020-12-10|2021-02-09_2021-03-10|2021-04-10_2021-05-09|2021-06-09_2021-07-08|2021-09-07_2021-10-06|2021-10-07_2021-11-05|2021-12-06_2022-01-04|2022-01-05_2022-02-03|2022-03-06_2022-04-04|2022-05-05_2022-06-03|2022-06-04_2022-07-03|2022-07-04_2022-08-02|2022-08-03_2022-09-01|2022-09-02_2022-10-01|2022-10-02_2022-10-31|2022-12-01_2022-12-30|2022-12-31_2023-01-29|2023-01-30_2023-02-28|2023-03-31_2023-04-29|2023-05-30_2023-06-28|2023-07-29_2023-08-27|2023-09-27_2023-10-26|2023-11-26_2023-12-25|2023-12-26_2024-01-24|2024-01-25_2024-02-23|2024-02-24_2024-03-24|2024-03-25_2024-04-23|2024-04-24_2024-05-23|2024-05-24_2024-06-22|2024-07-23_2024-08-21|2024-08-22_2024-09-20|2024-09-21_2024-10-20|2024-10-21_2024-11-19|2024-11-20_2024-12-19|2024-12-20_2025-01-18|2025-01-19_2025-02-17|2025-03-20_2025-04-18|2025-06-18_2025-07-17|2025-07-18_2025-08-16|2025-08-17_2025-09-15|2025-10-16_2025-11-14|2025-12-15_2026-01-13|2026-02-13_2026-03-14
0.3,1,Core CPI m/m,Bad,2,2,0,100.0,0.0,inf,2021-05-10_2021-06-08|2021-07-09_2021-08-07
0.0,1,PPI m/m,Bad,23,16,7,69.6,30.4,2.29,2020-11-11_2020-12-10|2021-02-09_2021-03-10|2021-03-11_2021-04-09|2021-05-10_2021-06-08|2021-06-09_2021-07-08|2021-07-09_2021-08-07|2021-09-07_2021-10-06|2021-12-06_2022-01-04|2022-07-04_2022-08-02|2022-10-02_2022-10-31|2022-12-01_2022-12-30|2023-01-30_2023-02-28|2023-07-29_2023-08-27|2023-09-27_2023-10-26|2024-01-25_2024-02-23|2024-02-24_2024-03-24|2024-04-24_2024-05-23|2024-08-22_2024-09-20|2024-11-20_2024-12-19|2025-01-19_2025-02-17|2025-07-18_2025-08-16|2026-01-14_2026-02-12|2026-02-13_2026-03-14
0.0,1,PPI m/m,Neutral,7,4,3,57.1,42.9,1.33,2020-12-11_2021-01-09|2022-05-05_2022-06-03|2022-06-04_2022-07-03|2022-09-02_2022-10-01|2023-11-26_2023-12-25|2024-10-21_2024-11-19|2025-11-15_2025-12-14
0.0,1,PPI m/m,Good,16,10,6,62.5,37.5,1.67,2021-10-07_2021-11-05|2022-01-05_2022-02-03|2022-03-06_2022-04-04|2022-08-03_2022-09-01|2022-12-31_2023-01-29|2023-03-31_2023-04-29|2023-05-30_2023-06-28|2023-12-26_2024-01-24|2024-03-25_2024-04-23|2024-05-24_2024-06-22|2024-07-23_2024-08-21|2024-09-21_2024-10-20|2024-12-20_2025-01-18|2025-03-20_2025-04-18|2025-06-18_2025-07-17|2025-08-17_2025-09-15
0.1,1,PPI m/m,Neutral,16,11,5,68.8,31.2,2.2,2020-11-11_2020-12-10|2020-12-11_2021-01-09|2021-09-07_2021-10-06|2021-10-07_2021-11-05|2022-05-05_2022-06-03|2022-06-04_2022-07-03|2022-09-02_2022-10-01|2022-12-01_2022-12-30|2023-07-29_2023-08-27|2023-11-26_2023-12-25|2024-03-25_2024-04-23|2024-07-23_2024-08-21|2024-08-22_2024-09-20|2024-09-21_2024-10-20|2024-10-21_2024-11-19|2025-11-15_2025-12-14
0.1,1,PPI m/m,Bad,18,11,7,61.1,38.9,1.57,2021-02-09_2021-03-10|2021-03-11_2021-04-09|2021-05-10_2021-06-08|2021-06-09_2021-07-08|2021-07-09_2021-08-07|2021-12-06_2022-01-04|2022-07-04_2022-08-02|2022-10-02_2022-10-31|2023-01-30_2023-02-28|2023-09-27_2023-10-26|2024-01-25_2024-02-23|2024-02-24_2024-03-24|2024-04-24_2024-05-23|2024-11-20_2024-12-19|2025-01-19_2025-02-17|2025-07-18_2025-08-16|2026-01-14_2026-02-12|2026-02-13_2026-03-14
0.1,1,PPI m/m,Good,12,8,4,66.7,33.3,2.0,2022-01-05_2022-02-03|2022-03-06_2022-04-04|2022-08-03_2022-09-01|2022-12-31_2023-01-29|2023-03-31_2023-04-29|2023-05-30_2023-06-28|2023-12-26_2024-01-24|2024-05-24_2024-06-22|2024-12-20_2025-01-18|2025-03-20_2025-04-18|2025-06-18_2025-07-17|2025-08-17_2025-09-15
0.2,1,PPI m/m,Neutral,30,22,8,73.3,26.7,2.75,2020-11-11_2020-12-10|2020-12-11_2021-01-09|2021-09-07_2021-10-06|2021-10-07_2021-11-05|2022-01-05_2022-02-03|2022-03-06_2022-04-04|2022-05-05_2022-06-03|2022-06-04_2022-07-03|2022-09-02_2022-10-01|2022-10-02_2022-10-31|2022-12-01_2022-12-30|2023-05-30_2023-06-28|2023-07-29_2023-08-27|2023-09-27_2023-10-26|2023-11-26_2023-12-25|2023-12-26_2024-01-24|2024-01-25_2024-02-23|2024-03-25_2024-04-23|2024-04-24_2024-05-23|2024-07-23_2024-08-21|2024-08-22_2024-09-20|2024-09-21_2024-10-20|2024-10-21_2024-11-19|2024-11-20_2024-12-19|2024-12-20_2025-01-18|2025-01-19_2025-02-17|2025-06-18_2025-07-17|2025-11-15_2025-12-14|2026-01-14_2026-02-12|2026-02-13_2026-03-14
0.2,1,PPI m/m,Bad,10,4,6,40.0,60.0,0.67,2021-02-09_2021-03-10|2021-03-11_2021-04-09|2021-05-10_2021-06-08|2021-06-09_2021-07-08|2021-07-09_2021-08-07|2021-12-06_2022-01-04|2022-07-04_2022-08-02|2023-01-30_2023-02-28|2024-02-24_2024-03-24|2025-07-18_2025-08-16
0.2,1,PPI m/m,Good,6,4,2,66.7,33.3,2.0,2022-08-03_2022-09-01|2022-12-31_2023-01-29|2023-03-31_2023-04-29|2024-05-24_2024-06-22|2025-03-20_2025-04-18|2025-08-17_2025-09-15
0.3,1,PPI m/m,Neutral,34,24,10,70.6,29.4,2.4,2020-11-11_2020-12-10|2020-12-11_2021-01-09|2021-03-11_2021-04-09|2021-05-10_2021-06-08|2021-09-07_2021-10-06|2021-10-07_2021-11-05|2022-01-05_2022-02-03|2022-03-06_2022-04-04|2022-05-05_2022-06-03|2022-06-04_2022-07-03|2022-09-02_2022-10-01|2022-10-02_2022-10-31|2022-12-01_2022-12-30|2023-01-30_2023-02-28|2023-05-30_2023-06-28|2023-07-29_2023-08-27|2023-09-27_2023-10-26|2023-11-26_2023-12-25|2023-12-26_2024-01-24|2024-01-25_2024-02-23|2024-02-24_2024-03-24|2024-03-25_2024-04-23|2024-04-24_2024-05-23|2024-07-23_2024-08-21|2024-08-22_2024-09-20|2024-09-21_2024-10-20|2024-10-21_2024-11-19|2024-11-20_2024-12-19|2024-12-20_2025-01-18|2025-01-19_2025-02-17|2025-06-18_2025-07-17|2025-11-15_2025-12-14|2026-01-14_2026-02-12|2026-02-13_2026-03-14
0.3,1,PPI m/m,Bad,6,2,4,33.3,66.7,0.5,2021-02-09_2021-03-10|2021-06-09_2021-07-08|2021-07-09_2021-08-07|2021-12-06_2022-01-04|2022-07-04_2022-08-02|2025-07-18_2025-08-16
0.3,1,PPI m/m,Good,6,4,2,66.7,33.3,2.0,2022-08-03_2022-09-01|2022-12-31_2023-01-29|2023-03-31_2023-04-29|2024-05-24_2024-06-22|2025-03-20_2025-04-18|2025-08-17_2025-09-15
0.0,1,Core PPI m/m,Good,18,10,8,55.6,44.4,1.25,2020-11-11_2020-12-10|2020-12-11_2021-01-09|2021-10-07_2021-11-05|2022-03-06_2022-04-04|2022-05-05_2022-06-03|2022-06-04_2022-07-03|2022-07-04_2022-08-02|2022-08-03_2022-09-01|2023-03-31_2023-04-29|2023-11-26_2023-12-25|2023-12-26_2024-01-24|2024-05-24_2024-06-22|2024-07-23_2024-08-21|2024-12-20_2025-01-18|2025-03-20_2025-04-18|2025-06-18_2025-07-17|2025-08-17_2025-09-15|2025-11-15_2025-12-14
0.0,1,Core PPI m/m,Bad,19,13,6,68.4,31.6,2.17,2021-02-09_2021-03-10|2021-03-11_2021-04-09|2021-05-10_2021-06-08|2021-06-09_2021-07-08|2021-07-09_2021-08-07|2021-09-07_2021-10-06|2021-12-06_2022-01-04|2022-09-02_2022-10-01|2022-12-01_2022-12-30|2023-01-30_2023-02-28|2023-07-29_2023-08-27|2023-09-27_2023-10-26|2024-01-25_2024-02-23|2024-02-24_2024-03-24|2024-04-24_2024-05-23|2024-08-22_2024-09-20|2025-07-18_2025-08-16|2026-01-14_2026-02-12|2026-02-13_2026-03-14
0.0,1,Core PPI m/m,Neutral,9,7,2,77.8,22.2,3.5,2022-01-05_2022-02-03|2022-10-02_2022-10-31|2022-12-31_2023-01-29|2023-05-30_2023-06-28|2024-03-25_2024-04-23|2024-09-21_2024-10-20|2024-10-21_2024-11-19|2024-11-20_2024-12-19|2025-01-19_2025-02-17
0.1,1,Core PPI m/m,Neutral,19,13,6,68.4,31.6,2.17,2020-11-11_2020-12-10|2020-12-11_2021-01-09|2021-09-07_2021-10-06|2022-01-05_2022-02-03|2022-06-04_2022-07-03|2022-07-04_2022-08-02|2022-10-02_2022-10-31|2022-12-31_2023-01-29|2023-05-30_2023-06-28|2023-07-29_2023-08-27|2023-09-27_2023-10-26|2024-02-24_2024-03-24|2024-03-25_2024-04-23|2024-08-22_2024-09-20|2024-09-21_2024-10-20|2024-10-21_2024-11-19|2024-11-20_2024-12-19|2025-01-19_2025-02-17|2025-11-15_2025-12-14
0.1,1,Core PPI m/m,Bad,14,10,4,71.4,28.6,2.5,2021-02-09_2021-03-10|2021-03-11_2021-04-09|2021-05-10_2021-06-08|2021-06-09_2021-07-08|2021-07-09_2021-08-07|2021-12-06_2022-01-04|2022-09-02_2022-10-01|2022-12-01_2022-12-30|2023-01-30_2023-02-28|2024-01-25_2024-02-23|2024-04-24_2024-05-23|2025-07-18_2025-08-16|2026-01-14_2026-02-12|2026-02-13_2026-03-14
0.1,1,Core PPI m/m,Good,13,7,6,53.8,46.2,1.17,2021-10-07_2021-11-05|2022-03-06_2022-04-04|2022-05-05_2022-06-03|2022-08-03_2022-09-01|2023-03-31_2023-04-29|2023-11-26_2023-12-25|2023-12-26_2024-01-24|2024-05-24_2024-06-22|2024-07-23_2024-08-21|2024-12-20_2025-01-18|2025-03-20_2025-04-18|2025-06-18_2025-07-17|2025-08-17_2025-09-15
0.2,1,Core PPI m/m,Neutral,31,19,12,61.3,38.7,1.58,2020-11-11_2020-12-10|2020-12-11_2021-01-09|2021-06-09_2021-07-08|2021-09-07_2021-10-06|2022-01-05_2022-02-03|2022-05-05_2022-06-03|2022-06-04_2022-07-03|2022-07-04_2022-08-02|2022-08-03_2022-09-01|2022-09-02_2022-10-01|2022-10-02_2022-10-31|2022-12-01_2022-12-30|2022-12-31_2023-01-29|2023-01-30_2023-02-28|2023-05-30_2023-06-28|2023-07-29_2023-08-27|2023-09-27_2023-10-26|2023-11-26_2023-12-25|2023-12-26_2024-01-24|2024-02-24_2024-03-24|2024-03-25_2024-04-23|2024-07-23_2024-08-21|2024-08-22_2024-09-20|2024-09-21_2024-10-20|2024-10-21_2024-11-19|2024-11-20_2024-12-19|2024-12-20_2025-01-18|2025-01-19_2025-02-17|2025-06-18_2025-07-17|2025-11-15_2025-12-14|2026-01-14_2026-02-12
0.2,1,Core PPI m/m,Bad,9,7,2,77.8,22.2,3.5,2021-02-09_2021-03-10|2021-03-11_2021-04-09|2021-05-10_2021-06-08|2021-07-09_2021-08-07|2021-12-06_2022-01-04|2024-01-25_2024-02-23|2024-04-24_2024-05-23|2025-07-18_2025-08-16|2026-02-13_2026-03-14
0.2,1,Core PPI m/m,Good,6,4,2,66.7,33.3,2.0,2021-10-07_2021-11-05|2022-03-06_2022-04-04|2023-03-31_2023-04-29|2024-05-24_2024-06-22|2025-03-20_2025-04-18|2025-08-17_2025-09-15
0.3,1,Core PPI m/m,Neutral,37,24,13,64.9,35.1,1.85,2020-11-11_2020-12-10|2020-12-11_2021-01-09|2021-03-11_2021-04-09|2021-05-10_2021-06-08|2021-06-09_2021-07-08|2021-09-07_2021-10-06|2021-10-07_2021-11-05|2021-12-06_2022-01-04|2022-01-05_2022-02-03|2022-05-05_2022-06-03|2022-06-04_2022-07-03|2022-07-04_2022-08-02|2022-08-03_2022-09-01|2022-09-02_2022-10-01|2022-10-02_2022-10-31|2022-12-01_2022-12-30|2022-12-31_2023-01-29|2023-01-30_2023-02-28|2023-05-30_2023-06-28|2023-07-29_2023-08-27|2023-09-27_2023-10-26|2023-11-26_2023-12-25|2023-12-26_2024-01-24|2024-02-24_2024-03-24|2024-03-25_2024-04-23|2024-04-24_2024-05-23|2024-05-24_2024-06-22|2024-07-23_2024-08-21|2024-08-22_2024-09-20|2024-09-21_2024-10-20|2024-10-21_2024-11-19|2024-11-20_2024-12-19|2024-12-20_2025-01-18|2025-01-19_2025-02-17|2025-06-18_2025-07-17|2025-11-15_2025-12-14|2026-01-14_2026-02-12
0.3,1,Core PPI m/m,Bad,5,3,2,60.0,40.0,1.5,2021-02-09_2021-03-10|2021-07-09_2021-08-07|2024-01-25_2024-02-23|2025-07-18_2025-08-16|2026-02-13_2026-03-14
0.3,1,Core PPI m/m,Good,4,3,1,75.0,25.0,3.0,2022-03-06_2022-04-04|2023-03-31_2023-04-29|2025-03-20_2025-04-18|2025-08-17_2025-09-15
0.0,1,FOMC,Neutral,7,3,4,42.9,57.1,0.75,2023-05-30_2023-06-28|2023-11-26_2023-12-25|2024-05-24_2024-06-22|2024-07-23_2024-08-21|2024-10-21_2024-11-19|2024-11-20_2024-12-19|2025-01-19_2025-02-17
0.0,1,FOMC,Good,1,1,0,100.0,0.0,inf,2024-08-22_2024-09-20
0.1,1,FOMC,Neutral,7,3,4,42.9,57.1,0.75,2023-05-30_2023-06-28|2023-11-26_2023-12-25|2024-05-24_2024-06-22|2024-07-23_2024-08-21|2024-10-21_2024-11-19|2024-11-20_2024-12-19|2025-01-19_2025-02-17
0.1,1,FOMC,Good,1,1,0,100.0,0.0,inf,2024-08-22_2024-09-20
0.2,1,FOMC,Neutral,7,3,4,42.9,57.1,0.75,2023-05-30_2023-06-28|2023-11-26_2023-12-25|2024-05-24_2024-06-22|2024-07-23_2024-08-21|2024-10-21_2024-11-19|2024-11-20_2024-12-19|2025-01-19_2025-02-17
0.2,1,FOMC,Good,1,1,0,100.0,0.0,inf,2024-08-22_2024-09-20
0.3,1,FOMC,Neutral,8,4,4,50.0,50.0,1.0,2023-05-30_2023-06-28|2023-11-26_2023-12-25|2024-05-24_2024-06-22|2024-07-23_2024-08-21|2024-08-22_2024-09-20|2024-10-21_2024-11-19|2024-11-20_2024-12-19|2025-01-19_2025-02-17
0.0,1,CPI y/y,Good,13,8,5,61.5,38.5,1.6,2020-11-11_2020-12-10|2022-08-03_2022-09-01|2022-12-01_2022-12-30|2023-03-31_2023-04-29|2023-05-30_2023-06-28|2023-07-29_2023-08-27|2024-05-24_2024-06-22|2024-07-23_2024-08-21|2025-03-20_2025-04-18|2025-07-18_2025-08-16|2025-10-16_2025-11-14|2025-12-15_2026-01-13|2026-02-13_2026-03-14
0.0,1,CPI y/y,Neutral,13,11,2,84.6,15.4,5.5,2021-02-09_2021-03-10|2021-09-07_2021-10-06|2021-12-06_2022-01-04|2022-01-05_2022-02-03|2022-03-06_2022-04-04|2022-12-31_2023-01-29|2023-11-26_2023-12-25|2024-04-24_2024-05-23|2024-08-22_2024-09-20|2024-10-21_2024-11-19|2024-11-20_2024-12-19|2024-12-20_2025-01-18|2025-08-17_2025-09-15
0.0,1,CPI y/y,Bad,19,11,8,57.9,42.1,1.38,2021-04-10_2021-05-09|2021-05-10_2021-06-08|2021-06-09_2021-07-08|2021-07-09_2021-08-07|2021-10-07_2021-11-05|2022-05-05_2022-06-03|2022-06-04_2022-07-03|2022-07-04_2022-08-02|2022-09-02_2022-10-01|2022-10-02_2022-10-31|2023-01-30_2023-02-28|2023-09-27_2023-10-26|2023-12-26_2024-01-24|2024-01-25_2024-02-23|2024-02-24_2024-03-24|2024-03-25_2024-04-23|2024-09-21_2024-10-20|2025-01-19_2025-02-17|2025-06-18_2025-07-17
0.1,1,CPI y/y,Neutral,19,14,5,73.7,26.3,2.8,2020-11-11_2020-12-10|2021-02-09_2021-03-10|2021-09-07_2021-10-06|2021-12-06_2022-01-04|2022-01-05_2022-02-03|2022-03-06_2022-04-04|2022-10-02_2022-10-31|2022-12-31_2023-01-29|2023-03-31_2023-04-29|2023-05-30_2023-06-28|2023-07-29_2023-08-27|2023-11-26_2023-12-25|2024-04-24_2024-05-23|2024-08-22_2024-09-20|2024-10-21_2024-11-19|2024-11-20_2024-12-19|2024-12-20_2025-01-18|2025-07-18_2025-08-16|2025-08-17_2025-09-15
0.1,1,CPI y/y,Bad,18,10,8,55.6,44.4,1.25,2021-04-10_2021-05-09|2021-05-10_2021-06-08|2021-06-09_2021-07-08|2021-07-09_2021-08-07|2021-10-07_2021-11-05|2022-05-05_2022-06-03|2022-06-04_2022-07-03|2022-07-04_2022-08-02|2022-09-02_2022-10-01|2023-01-30_2023-02-28|2023-09-27_2023-10-26|2023-12-26_2024-01-24|2024-01-25_2024-02-23|2024-02-24_2024-03-24|2024-03-25_2024-04-23|2024-09-21_2024-10-20|2025-01-19_2025-02-17|2025-06-18_2025-07-17
0.1,1,CPI y/y,Good,8,6,2,75.0,25.0,3.0,2022-08-03_2022-09-01|2022-12-01_2022-12-30|2024-05-24_2024-06-22|2024-07-23_2024-08-21|2025-03-20_2025-04-18|2025-10-16_2025-11-14|2025-12-15_2026-01-13|2026-02-13_2026-03-14
0.2,1,CPI y/y,Neutral,35,24,11,68.6,31.4,2.18,2020-11-11_2020-12-10|2021-02-09_2021-03-10|2021-04-10_2021-05-09|2021-09-07_2021-10-06|2021-10-07_2021-11-05|2021-12-06_2022-01-04|2022-01-05_2022-02-03|2022-03-06_2022-04-04|2022-08-03_2022-09-01|2022-10-02_2022-10-31|2022-12-31_2023-01-29|2023-03-31_2023-04-29|2023-05-30_2023-06-28|2023-07-29_2023-08-27|2023-09-27_2023-10-26|2023-11-26_2023-12-25|2023-12-26_2024-01-24|2024-02-24_2024-03-24|2024-03-25_2024-04-23|2024-04-24_2024-05-23|2024-05-24_2024-06-22|2024-07-23_2024-08-21|2024-08-22_2024-09-20|2024-09-21_2024-10-20|2024-10-21_2024-11-19|2024-11-20_2024-12-19|2024-12-20_2025-01-18|2025-01-19_2025-02-17|2025-03-20_2025-04-18|2025-06-18_2025-07-17|2025-07-18_2025-08-16|2025-08-17_2025-09-15|2025-10-16_2025-11-14|2025-12-15_2026-01-13|2026-02-13_2026-03-14
0.2,1,CPI y/y,Bad,9,5,4,55.6,44.4,1.25,2021-05-10_2021-06-08|2021-06-09_2021-07-08|2021-07-09_2021-08-07|2022-05-05_2022-06-03|2022-06-04_2022-07-03|2022-07-04_2022-08-02|2022-09-02_2022-10-01|2023-01-30_2023-02-28|2024-01-25_2024-02-23
0.2,1,CPI y/y,Good,1,1,0,100.0,0.0,inf,2022-12-01_2022-12-30
0.3,1,CPI y/y,Neutral,42,28,14,66.7,33.3,2.0,2020-11-11_2020-12-10|2021-02-09_2021-03-10|2021-04-10_2021-05-09|2021-06-09_2021-07-08|2021-09-07_2021-10-06|2021-10-07_2021-11-05|2021-12-06_2022-01-04|2022-01-05_2022-02-03|2022-03-06_2022-04-04|2022-05-05_2022-06-03|2022-06-04_2022-07-03|2022-08-03_2022-09-01|2022-09-02_2022-10-01|2022-10-02_2022-10-31|2022-12-01_2022-12-30|2022-12-31_2023-01-29|2023-01-30_2023-02-28|2023-03-31_2023-04-29|2023-05-30_2023-06-28|2023-07-29_2023-08-27|2023-09-27_2023-10-26|2023-11-26_2023-12-25|2023-12-26_2024-01-24|2024-01-25_2024-02-23|2024-02-24_2024-03-24|2024-03-25_2024-04-23|2024-04-24_2024-05-23|2024-05-24_2024-06-22|2024-07-23_2024-08-21|2024-08-22_2024-09-20|2024-09-21_2024-10-20|2024-10-21_2024-11-19|2024-11-20_2024-12-19|2024-12-20_2025-01-18|2025-01-19_2025-02-17|2025-03-20_2025-04-18|2025-06-18_2025-07-17|2025-07-18_2025-08-16|2025-08-17_2025-09-15|2025-10-16_2025-11-14|2025-12-15_2026-01-13|2026-02-13_2026-03-14
0.3,1,CPI y/y,Bad,3,2,1,66.7,33.3,2.0,2021-05-10_2021-06-08|2021-07-09_2021-08-07|2022-07-04_2022-08-02
0.0,2,CPI m/m|Core CPI m/m,Neutral|Good,5,3,2,60.0,40.0,1.5,2020-11-11_2020-12-10|2021-02-09_2021-03-10|2024-12-20_2025-01-18|2025-06-18_2025-07-17|2025-12-15_2026-01-13
0.0,2,CPI m/m|Core CPI m/m,Bad|Bad,14,10,4,71.4,28.6,2.5,2021-04-10_2021-05-09|2021-05-10_2021-06-08|2021-06-09_2021-07-08|2021-07-09_2021-08-07|2022-01-05_2022-02-03|2022-05-05_2022-06-03|2022-06-04_2022-07-03|2022-07-04_2022-08-02|2022-09-02_2022-10-01|2022-10-02_2022-10-31|2024-01-25_2024-02-23|2024-03-25_2024-04-23|2024-09-21_2024-10-20|2025-01-19_2025-02-17
0.0,2,CPI m/m|Core CPI m/m,Good|Good,6,5,1,83.3,16.7,5.0,2021-09-07_2021-10-06|2022-08-03_2022-09-01|2022-12-01_2022-12-30|2024-05-24_2024-06-22|2025-03-20_2025-04-18|2025-10-16_2025-11-14
0.0,2,CPI m/m|Core CPI m/m,Bad|Neutral,6,4,2,66.7,33.3,2.0,2021-10-07_2021-11-05|2021-12-06_2022-01-04|2023-09-27_2023-10-26|2023-11-26_2023-12-25|2023-12-26_2024-01-24|2025-08-17_2025-09-15
0.0,2,CPI m/m|Core CPI m/m,Neutral|Neutral,8,5,3,62.5,37.5,1.67,2022-03-06_2022-04-04|2022-12-31_2023-01-29|2023-01-30_2023-02-28|2023-07-29_2023-08-27|2024-07-23_2024-08-21|2024-10-21_2024-11-19|2024-11-20_2024-12-19|2025-07-18_2025-08-16
0.0,2,CPI m/m|Core CPI m/m,Good|Neutral,4,2,2,50.0,50.0,1.0,2023-03-31_2023-04-29|2023-05-30_2023-06-28|2024-04-24_2024-05-23|2026-02-13_2026-03-14
0.0,2,CPI m/m|Core CPI m/m,Neutral|Bad,2,1,1,50.0,50.0,1.0,2024-02-24_2024-03-24|2024-08-22_2024-09-20
0.1,2,CPI m/m|Core CPI m/m,Neutral|Neutral,22,13,9,59.1,40.9,1.44,2020-11-11_2020-12-10|2021-04-10_2021-05-09|2022-01-05_2022-02-03|2022-03-06_2022-04-04|2022-12-31_2023-01-29|2023-01-30_2023-02-28|2023-03-31_2023-04-29|2023-05-30_2023-06-28|2023-07-29_2023-08-27|2023-11-26_2023-12-25|2023-12-26_2024-01-24|2024-05-24_2024-06-22|2024-07-23_2024-08-21|2024-08-22_2024-09-20|2024-09-21_2024-10-20|2024-10-21_2024-11-19|2024-11-20_2024-12-19|2024-12-20_2025-01-18|2025-06-18_2025-07-17|2025-07-18_2025-08-16|2025-12-15_2026-01-13|2026-02-13_2026-03-14
0.1,2,CPI m/m|Core CPI m/m,Neutral|Good,1,0,1,0.0,100.0,0.0,2021-02-09_2021-03-10
0.1,2,CPI m/m|Core CPI m/m,Bad|Bad,8,6,2,75.0,25.0,3.0,2021-05-10_2021-06-08|2021-06-09_2021-07-08|2021-07-09_2021-08-07|2022-07-04_2022-08-02|2022-09-02_2022-10-01|2022-10-02_2022-10-31|2024-03-25_2024-04-23|2025-01-19_2025-02-17
0.1,2,CPI m/m|Core CPI m/m,Good|Good,3,3,0,100.0,0.0,inf,2021-09-07_2021-10-06|2022-08-03_2022-09-01|2025-03-20_2025-04-18
0.1,2,CPI m/m|Core CPI m/m,Bad|Neutral,5,4,1,80.0,20.0,4.0,2021-10-07_2021-11-05|2021-12-06_2022-01-04|2022-06-04_2022-07-03|2023-09-27_2023-10-26|2025-08-17_2025-09-15
0.1,2,CPI m/m|Core CPI m/m,Neutral|Bad,3,1,2,33.3,66.7,0.5,2022-05-05_2022-06-03|2024-01-25_2024-02-23|2024-02-24_2024-03-24
0.1,2,CPI m/m|Core CPI m/m,Good|Neutral,3,3,0,100.0,0.0,inf,2022-12-01_2022-12-30|2024-04-24_2024-05-23|2025-10-16_2025-11-14
0.2,2,CPI m/m|Core CPI m/m,Neutral|Neutral,41,26,15,63.4,36.6,1.73,2020-11-11_2020-12-10|2021-02-09_2021-03-10|2021-04-10_2021-05-09|2021-06-09_2021-07-08|2021-09-07_2021-10-06|2021-10-07_2021-11-05|2021-12-06_2022-01-04|2022-01-05_2022-02-03|2022-03-06_2022-04-04|2022-05-05_2022-06-03|2022-07-04_2022-08-02|2022-08-03_2022-09-01|2022-10-02_2022-10-31|2022-12-01_2022-12-30|2022-12-31_2023-01-29|2023-01-30_2023-02-28|2023-03-31_2023-04-29|2023-05-30_2023-06-28|2023-07-29_2023-08-27|2023-09-27_2023-10-26|2023-11-26_2023-12-25|2023-12-26_2024-01-24|2024-01-25_2024-02-23|2024-02-24_2024-03-24|2024-03-25_2024-04-23|2024-04-24_2024-05-23|2024-05-24_2024-06-22|2024-07-23_2024-08-21|2024-08-22_2024-09-20|2024-09-21_2024-10-20|2024-10-21_2024-11-19|2024-11-20_2024-12-19|2024-12-20_2025-01-18|2025-01-19_2025-02-17|2025-03-20_2025-04-18|2025-06-18_2025-07-17|2025-07-18_2025-08-16|2025-08-17_2025-09-15|2025-10-16_2025-11-14|2025-12-15_2026-01-13|2026-02-13_2026-03-14
0.2,2,CPI m/m|Core CPI m/m,Bad|Bad,2,2,0,100.0,0.0,inf,2021-05-10_2021-06-08|2021-07-09_2021-08-07
0.2,2,CPI m/m|Core CPI m/m,Bad|Neutral,1,1,0,100.0,0.0,inf,2022-06-04_2022-07-03
0.2,2,CPI m/m|Core CPI m/m,Neutral|Bad,1,1,0,100.0,0.0,inf,2022-09-02_2022-10-01
0.3,2,CPI m/m|Core CPI m/m,Neutral|Neutral,42,27,15,64.3,35.7,1.8,2020-11-11_2020-12-10|2021-02-09_2021-03-10|2021-04-10_2021-05-09|2021-06-09_2021-07-08|2021-09-07_2021-10-06|2021-10-07_2021-11-05|2021-12-06_2022-01-04|2022-01-05_2022-02-03|2022-03-06_2022-04-04|2022-05-05_2022-06-03|2022-07-04_2022-08-02|2022-08-03_2022-09-01|2022-09-02_2022-10-01|2022-10-02_2022-10-31|2022-12-01_2022-12-30|2022-12-31_2023-01-29|2023-01-30_2023-02-28|2023-03-31_2023-04-29|2023-05-30_2023-06-28|2023-07-29_2023-08-27|2023-09-27_2023-10-26|2023-11-26_2023-12-25|2023-12-26_2024-01-24|2024-01-25_2024-02-23|2024-02-24_2024-03-24|2024-03-25_2024-04-23|2024-04-24_2024-05-23|2024-05-24_2024-06-22|2024-07-23_2024-08-21|2024-08-22_2024-09-20|2024-09-21_2024-10-20|2024-10-21_2024-11-19|2024-11-20_2024-12-19|2024-12-20_2025-01-18|2025-01-19_2025-02-17|2025-03-20_2025-04-18|2025-06-18_2025-07-17|2025-07-18_2025-08-16|2025-08-17_2025-09-15|2025-10-16_2025-11-14|2025-12-15_2026-01-13|2026-02-13_2026-03-14
0.3,2,CPI m/m|Core CPI m/m,Bad|Bad,2,2,0,100.0,0.0,inf,2021-05-10_2021-06-08|2021-07-09_2021-08-07
0.3,2,CPI m/m|Core CPI m/m,Bad|Neutral,1,1,0,100.0,0.0,inf,2022-06-04_2022-07-03
0.0,2,CPI m/m|PPI m/m,Neutral|Bad,8,4,4,50.0,50.0,1.0,2020-11-11_2020-12-10|2021-02-09_2021-03-10|2023-01-30_2023-02-28|2023-07-29_2023-08-27|2024-02-24_2024-03-24|2024-08-22_2024-09-20|2024-11-20_2024-12-19|2025-07-18_2025-08-16
0.0,2,CPI m/m|PPI m/m,Bad|Bad,9,6,3,66.7,33.3,2.0,2021-05-10_2021-06-08|2021-06-09_2021-07-08|2021-07-09_2021-08-07|2021-12-06_2022-01-04|2022-07-04_2022-08-02|2022-10-02_2022-10-31|2023-09-27_2023-10-26|2024-01-25_2024-02-23|2025-01-19_2025-02-17
0.0,2,CPI m/m|PPI m/m,Good|Bad,4,4,0,100.0,0.0,inf,2021-09-07_2021-10-06|2022-12-01_2022-12-30|2024-04-24_2024-05-23|2026-02-13_2026-03-14
0.0,2,CPI m/m|PPI m/m,Bad|Good,6,5,1,83.3,16.7,5.0,2021-10-07_2021-11-05|2022-01-05_2022-02-03|2023-12-26_2024-01-24|2024-03-25_2024-04-23|2024-09-21_2024-10-20|2025-08-17_2025-09-15
0.0,2,CPI m/m|PPI m/m,Neutral|Good,5,3,2,60.0,40.0,1.5,2022-03-06_2022-04-04|2022-12-31_2023-01-29|2024-07-23_2024-08-21|2024-12-20_2025-01-18|2025-06-18_2025-07-17
0.0,2,CPI m/m|PPI m/m,Bad|Neutral,4,2,2,50.0,50.0,1.0,2022-05-05_2022-06-03|2022-06-04_2022-07-03|2022-09-02_2022-10-01|2023-11-26_2023-12-25
0.0,2,CPI m/m|PPI m/m,Good|Good,5,2,3,40.0,60.0,0.67,2022-08-03_2022-09-01|2023-03-31_2023-04-29|2023-05-30_2023-06-28|2024-05-24_2024-06-22|2025-03-20_2025-04-18
0.0,2,CPI m/m|PPI m/m,Neutral|Neutral,1,1,0,100.0,0.0,inf,2024-10-21_2024-11-19
0.1,2,CPI m/m|PPI m/m,Neutral|Neutral,8,4,4,50.0,50.0,1.0,2020-11-11_2020-12-10|2022-05-05_2022-06-03|2023-07-29_2023-08-27|2023-11-26_2023-12-25|2024-07-23_2024-08-21|2024-08-22_2024-09-20|2024-09-21_2024-10-20|2024-10-21_2024-11-19
0.1,2,CPI m/m|PPI m/m,Neutral|Bad,7,3,4,42.9,57.1,0.75,2021-02-09_2021-03-10|2023-01-30_2023-02-28|2024-01-25_2024-02-23|2024-02-24_2024-03-24|2024-11-20_2024-12-19|2025-07-18_2025-08-16|2026-02-13_2026-03-14
0.1,2,CPI m/m|PPI m/m,Bad|Bad,8,5,3,62.5,37.5,1.67,2021-05-10_2021-06-08|2021-06-09_2021-07-08|2021-07-09_2021-08-07|2021-12-06_2022-01-04|2022-07-04_2022-08-02|2022-10-02_2022-10-31|2023-09-27_2023-10-26|2025-01-19_2025-02-17
0.1,2,CPI m/m|PPI m/m,Good|Neutral,2,2,0,100.0,0.0,inf,2021-09-07_2021-10-06|2022-12-01_2022-12-30
0.1,2,CPI m/m|PPI m/m,Bad|Neutral,4,4,0,100.0,0.0,inf,2021-10-07_2021-11-05|2022-06-04_2022-07-03|2022-09-02_2022-10-01|2024-03-25_2024-04-23
0.1,2,CPI m/m|PPI m/m,Neutral|Good,9,5,4,55.6,44.4,1.25,2022-01-05_2022-02-03|2022-03-06_2022-04-04|2022-12-31_2023-01-29|2023-03-31_2023-04-29|2023-05-30_2023-06-28|2023-12-26_2024-01-24|2024-05-24_2024-06-22|2024-12-20_2025-01-18|2025-06-18_2025-07-17
0.1,2,CPI m/m|PPI m/m,Good|Good,2,2,0,100.0,0.0,inf,2022-08-03_2022-09-01|2025-03-20_2025-04-18
0.1,2,CPI m/m|PPI m/m,Good|Bad,1,1,0,100.0,0.0,inf,2024-04-24_2024-05-23
0.1,2,CPI m/m|PPI m/m,Bad|Good,1,1,0,100.0,0.0,inf,2025-08-17_2025-09-15
0.2,2,CPI m/m|PPI m/m,Neutral|Neutral,26,19,7,73.1,26.9,2.71,2020-11-11_2020-12-10|2021-09-07_2021-10-06|2021-10-07_2021-11-05|2022-01-05_2022-02-03|2022-03-06_2022-04-04|2022-05-05_2022-06-03|2022-09-02_2022-10-01|2022-10-02_2022-10-31|2022-12-01_2022-12-30|2023-05-30_2023-06-28|2023-07-29_2023-08-27|2023-09-27_2023-10-26|2023-11-26_2023-12-25|2023-12-26_2024-01-24|2024-01-25_2024-02-23|2024-03-25_2024-04-23|2024-04-24_2024-05-23|2024-07-23_2024-08-21|2024-08-22_2024-09-20|2024-09-21_2024-10-20|2024-10-21_2024-11-19|2024-11-20_2024-12-19|2024-12-20_2025-01-18|2025-01-19_2025-02-17|2025-06-18_2025-07-17|2026-02-13_2026-03-14
0.2,2,CPI m/m|PPI m/m,Neutral|Bad,7,1,6,14.3,85.7,0.17,2021-02-09_2021-03-10|2021-06-09_2021-07-08|2021-12-06_2022-01-04|2022-07-04_2022-08-02|2023-01-30_2023-02-28|2024-02-24_2024-03-24|2025-07-18_2025-08-16
0.2,2,CPI m/m|PPI m/m,Bad|Bad,2,2,0,100.0,0.0,inf,2021-05-10_2021-06-08|2021-07-09_2021-08-07
0.2,2,CPI m/m|PPI m/m,Bad|Neutral,1,1,0,100.0,0.0,inf,2022-06-04_2022-07-03
0.2,2,CPI m/m|PPI m/m,Neutral|Good,6,4,2,66.7,33.3,2.0,2022-08-03_2022-09-01|2022-12-31_2023-01-29|2023-03-31_2023-04-29|2024-05-24_2024-06-22|2025-03-20_2025-04-18|2025-08-17_2025-09-15
0.3,2,CPI m/m|PPI m/m,Neutral|Neutral,28,19,9,67.9,32.1,2.11,2020-11-11_2020-12-10|2021-09-07_2021-10-06|2021-10-07_2021-11-05|2022-01-05_2022-02-03|2022-03-06_2022-04-04|2022-05-05_2022-06-03|2022-09-02_2022-10-01|2022-10-02_2022-10-31|2022-12-01_2022-12-30|2023-01-30_2023-02-28|2023-05-30_2023-06-28|2023-07-29_2023-08-27|2023-09-27_2023-10-26|2023-11-26_2023-12-25|2023-12-26_2024-01-24|2024-01-25_2024-02-23|2024-02-24_2024-03-24|2024-03-25_2024-04-23|2024-04-24_2024-05-23|2024-07-23_2024-08-21|2024-08-22_2024-09-20|2024-09-21_2024-10-20|2024-10-21_2024-11-19|2024-11-20_2024-12-19|2024-12-20_2025-01-18|2025-01-19_2025-02-17|2025-06-18_2025-07-17|2026-02-13_2026-03-14
0.3,2,CPI m/m|PPI m/m,Neutral|Bad,5,1,4,20.0,80.0,0.25,2021-02-09_2021-03-10|2021-06-09_2021-07-08|2021-12-06_2022-01-04|2022-07-04_2022-08-02|2025-07-18_2025-08-16
0.3,2,CPI m/m|PPI m/m,Bad|Neutral,2,2,0,100.0,0.0,inf,2021-05-10_2021-06-08|2022-06-04_2022-07-03
0.3,2,CPI m/m|PPI m/m,Bad|Bad,1,1,0,100.0,0.0,inf,2021-07-09_2021-08-07
0.3,2,CPI m/m|PPI m/m,Neutral|Good,6,4,2,66.7,33.3,2.0,2022-08-03_2022-09-01|2022-12-31_2023-01-29|2023-03-31_2023-04-29|2024-05-24_2024-06-22|2025-03-20_2025-04-18|2025-08-17_2025-09-15
0.0,2,CPI m/m|Core PPI m/m,Neutral|Good,5,3,2,60.0,40.0,1.5,2020-11-11_2020-12-10|2022-03-06_2022-04-04|2024-07-23_2024-08-21|2024-12-20_2025-01-18|2025-06-18_2025-07-17
0.0,2,CPI m/m|Core PPI m/m,Neutral|Bad,6,2,4,33.3,66.7,0.5,2021-02-09_2021-03-10|2023-01-30_2023-02-28|2023-07-29_2023-08-27|2024-02-24_2024-03-24|2024-08-22_2024-09-20|2025-07-18_2025-08-16
0.0,2,CPI m/m|Core PPI m/m,Bad|Bad,7,5,2,71.4,28.6,2.5,2021-05-10_2021-06-08|2021-06-09_2021-07-08|2021-07-09_2021-08-07|2021-12-06_2022-01-04|2022-09-02_2022-10-01|2023-09-27_2023-10-26|2024-01-25_2024-02-23
0.0,2,CPI m/m|Core PPI m/m,Good|Bad,4,4,0,100.0,0.0,inf,2021-09-07_2021-10-06|2022-12-01_2022-12-30|2024-04-24_2024-05-23|2026-02-13_2026-03-14
0.0,2,CPI m/m|Core PPI m/m,Bad|Good,7,4,3,57.1,42.9,1.33,2021-10-07_2021-11-05|2022-05-05_2022-06-03|2022-06-04_2022-07-03|2022-07-04_2022-08-02|2023-11-26_2023-12-25|2023-12-26_2024-01-24|2025-08-17_2025-09-15
0.0,2,CPI m/m|Core PPI m/m,Bad|Neutral,5,4,1,80.0,20.0,4.0,2022-01-05_2022-02-03|2022-10-02_2022-10-31|2024-03-25_2024-04-23|2024-09-21_2024-10-20|2025-01-19_2025-02-17
0.0,2,CPI m/m|Core PPI m/m,Good|Good,4,2,2,50.0,50.0,1.0,2022-08-03_2022-09-01|2023-03-31_2023-04-29|2024-05-24_2024-06-22|2025-03-20_2025-04-18
0.0,2,CPI m/m|Core PPI m/m,Neutral|Neutral,3,3,0,100.0,0.0,inf,2022-12-31_2023-01-29|2024-10-21_2024-11-19|2024-11-20_2024-12-19
0.0,2,CPI m/m|Core PPI m/m,Good|Neutral,1,0,1,0.0,100.0,0.0,2023-05-30_2023-06-28
0.1,2,CPI m/m|Core PPI m/m,Neutral|Neutral,10,7,3,70.0,30.0,2.33,2020-11-11_2020-12-10|2022-01-05_2022-02-03|2022-12-31_2023-01-29|2023-05-30_2023-06-28|2023-07-29_2023-08-27|2024-02-24_2024-03-24|2024-08-22_2024-09-20|2024-09-21_2024-10-20|2024-10-21_2024-11-19|2024-11-20_2024-12-19
0.1,2,CPI m/m|Core PPI m/m,Neutral|Bad,5,2,3,40.0,60.0,0.67,2021-02-09_2021-03-10|2023-01-30_2023-02-28|2024-01-25_2024-02-23|2025-07-18_2025-08-16|2026-02-13_2026-03-14
0.1,2,CPI m/m|Core PPI m/m,Bad|Bad,5,4,1,80.0,20.0,4.0,2021-05-10_2021-06-08|2021-06-09_2021-07-08|2021-07-09_2021-08-07|2021-12-06_2022-01-04|2022-09-02_2022-10-01
0.1,2,CPI m/m|Core PPI m/m,Good|Neutral,1,1,0,100.0,0.0,inf,2021-09-07_2021-10-06
0.1,2,CPI m/m|Core PPI m/m,Bad|Good,2,2,0,100.0,0.0,inf,2021-10-07_2021-11-05|2025-08-17_2025-09-15
0.1,2,CPI m/m|Core PPI m/m,Neutral|Good,9,3,6,33.3,66.7,0.5,2022-03-06_2022-04-04|2022-05-05_2022-06-03|2023-03-31_2023-04-29|2023-11-26_2023-12-25|2023-12-26_2024-01-24|2024-05-24_2024-06-22|2024-07-23_2024-08-21|2024-12-20_2025-01-18|2025-06-18_2025-07-17
0.1,2,CPI m/m|Core PPI m/m,Bad|Neutral,6,4,2,66.7,33.3,2.0,2022-06-04_2022-07-03|2022-07-04_2022-08-02|2022-10-02_2022-10-31|2023-09-27_2023-10-26|2024-03-25_2024-04-23|2025-01-19_2025-02-17
0.1,2,CPI m/m|Core PPI m/m,Good|Good,2,2,0,100.0,0.0,inf,2022-08-03_2022-09-01|2025-03-20_2025-04-18
0.1,2,CPI m/m|Core PPI m/m,Good|Bad,2,2,0,100.0,0.0,inf,2022-12-01_2022-12-30|2024-04-24_2024-05-23
0.2,2,CPI m/m|Core PPI m/m,Neutral|Neutral,27,16,11,59.3,40.7,1.45,2020-11-11_2020-12-10|2021-06-09_2021-07-08|2021-09-07_2021-10-06|2022-01-05_2022-02-03|2022-05-05_2022-06-03|2022-07-04_2022-08-02|2022-08-03_2022-09-01|2022-09-02_2022-10-01|2022-10-02_2022-10-31|2022-12-01_2022-12-30|2022-12-31_2023-01-29|2023-01-30_2023-02-28|2023-05-30_2023-06-28|2023-07-29_2023-08-27|2023-09-27_2023-10-26|2023-11-26_2023-12-25|2023-12-26_2024-01-24|2024-02-24_2024-03-24|2024-03-25_2024-04-23|2024-07-23_2024-08-21|2024-08-22_2024-09-20|2024-09-21_2024-10-20|2024-10-21_2024-11-19|2024-11-20_2024-12-19|2024-12-20_2025-01-18|2025-01-19_2025-02-17|2025-06-18_2025-07-17
0.2,2,CPI m/m|Core PPI m/m,Neutral|Bad,6,4,2,66.7,33.3,2.0,2021-02-09_2021-03-10|2021-12-06_2022-01-04|2024-01-25_2024-02-23|2024-04-24_2024-05-23|2025-07-18_2025-08-16|2026-02-13_2026-03-14
0.2,2,CPI m/m|Core PPI m/m,Bad|Bad,2,2,0,100.0,0.0,inf,2021-05-10_2021-06-08|2021-07-09_2021-08-07
0.2,2,CPI m/m|Core PPI m/m,Neutral|Good,6,4,2,66.7,33.3,2.0,2021-10-07_2021-11-05|2022-03-06_2022-04-04|2023-03-31_2023-04-29|2024-05-24_2024-06-22|2025-03-20_2025-04-18|2025-08-17_2025-09-15
0.2,2,CPI m/m|Core PPI m/m,Bad|Neutral,1,1,0,100.0,0.0,inf,2022-06-04_2022-07-03
0.3,2,CPI m/m|Core PPI m/m,Neutral|Neutral,31,19,12,61.3,38.7,1.58,2020-11-11_2020-12-10|2021-06-09_2021-07-08|2021-09-07_2021-10-06|2021-10-07_2021-11-05|2021-12-06_2022-01-04|2022-01-05_2022-02-03|2022-05-05_2022-06-03|2022-07-04_2022-08-02|2022-08-03_2022-09-01|2022-09-02_2022-10-01|2022-10-02_2022-10-31|2022-12-01_2022-12-30|2022-12-31_2023-01-29|2023-01-30_2023-02-28|2023-05-30_2023-06-28|2023-07-29_2023-08-27|2023-09-27_2023-10-26|2023-11-26_2023-12-25|2023-12-26_2024-01-24|2024-02-24_2024-03-24|2024-03-25_2024-04-23|2024-04-24_2024-05-23|2024-05-24_2024-06-22|2024-07-23_2024-08-21|2024-08-22_2024-09-20|2024-09-21_2024-10-20|2024-10-21_2024-11-19|2024-11-20_2024-12-19|2024-12-20_2025-01-18|2025-01-19_2025-02-17|2025-06-18_2025-07-17
0.3,2,CPI m/m|Core PPI m/m,Neutral|Bad,4,2,2,50.0,50.0,1.0,2021-02-09_2021-03-10|2024-01-25_2024-02-23|2025-07-18_2025-08-16|2026-02-13_2026-03-14
0.3,2,CPI m/m|Core PPI m/m,Bad|Neutral,2,2,0,100.0,0.0,inf,2021-05-10_2021-06-08|2022-06-04_2022-07-03
0.3,2,CPI m/m|Core PPI m/m,Bad|Bad,1,1,0,100.0,0.0,inf,2021-07-09_2021-08-07
0.3,2,CPI m/m|Core PPI m/m,Neutral|Good,4,3,1,75.0,25.0,3.0,2022-03-06_2022-04-04|2023-03-31_2023-04-29|2025-03-20_2025-04-18|2025-08-17_2025-09-15
0.0,2,CPI m/m|FOMC,Good|Neutral,2,0,2,0.0,100.0,0.0,2023-05-30_2023-06-28|2024-05-24_2024-06-22
0.0,2,CPI m/m|FOMC,Bad|Neutral,2,1,1,50.0,50.0,1.0,2023-11-26_2023-12-25|2025-01-19_2025-02-17
0.0,2,CPI m/m|FOMC,Neutral|Neutral,3,2,1,66.7,33.3,2.0,2024-07-23_2024-08-21|2024-10-21_2024-11-19|2024-11-20_2024-12-19
0.0,2,CPI m/m|FOMC,Neutral|Good,1,1,0,100.0,0.0,inf,2024-08-22_2024-09-20
0.1,2,CPI m/m|FOMC,Neutral|Neutral,6,2,4,33.3,66.7,0.5,2023-05-30_2023-06-28|2023-11-26_2023-12-25|2024-05-24_2024-06-22|2024-07-23_2024-08-21|2024-10-21_2024-11-19|2024-11-20_2024-12-19
0.1,2,CPI m/m|FOMC,Neutral|Good,1,1,0,100.0,0.0,inf,2024-08-22_2024-09-20
0.1,2,CPI m/m|FOMC,Bad|Neutral,1,1,0,100.0,0.0,inf,2025-01-19_2025-02-17
0.2,2,CPI m/m|FOMC,Neutral|Neutral,7,3,4,42.9,57.1,0.75,2023-05-30_2023-06-28|2023-11-26_2023-12-25|2024-05-24_2024-06-22|2024-07-23_2024-08-21|2024-10-21_2024-11-19|2024-11-20_2024-12-19|2025-01-19_2025-02-17
0.2,2,CPI m/m|FOMC,Neutral|Good,1,1,0,100.0,0.0,inf,2024-08-22_2024-09-20
0.3,2,CPI m/m|FOMC,Neutral|Neutral,8,4,4,50.0,50.0,1.0,2023-05-30_2023-06-28|2023-11-26_2023-12-25|2024-05-24_2024-06-22|2024-07-23_2024-08-21|2024-08-22_2024-09-20|2024-10-21_2024-11-19|2024-11-20_2024-12-19|2025-01-19_2025-02-17
0.0,2,CPI m/m|CPI y/y,Neutral|Good,5,3,2,60.0,40.0,1.5,2020-11-11_2020-12-10|2023-07-29_2023-08-27|2024-07-23_2024-08-21|2025-07-18_2025-08-16|2025-12-15_2026-01-13
0.0,2,CPI m/m|CPI y/y,Neutral|Neutral,7,6,1,85.7,14.3,6.0,2021-02-09_2021-03-10|2022-03-06_2022-04-04|2022-12-31_2023-01-29|2024-08-22_2024-09-20|2024-10-21_2024-11-19|2024-11-20_2024-12-19|2024-12-20_2025-01-18
0.0,2,CPI m/m|CPI y/y,Bad|Bad,16,11,5,68.8,31.2,2.2,2021-04-10_2021-05-09|2021-05-10_2021-06-08|2021-06-09_2021-07-08|2021-07-09_2021-08-07|2021-10-07_2021-11-05|2022-05-05_2022-06-03|2022-06-04_2022-07-03|2022-07-04_2022-08-02|2022-09-02_2022-10-01|2022-10-02_2022-10-31|2023-09-27_2023-10-26|2023-12-26_2024-01-24|2024-01-25_2024-02-23|2024-03-25_2024-04-23|2024-09-21_2024-10-20|2025-01-19_2025-02-17
0.0,2,CPI m/m|CPI y/y,Good|Neutral,2,2,0,100.0,0.0,inf,2021-09-07_2021-10-06|2024-04-24_2024-05-23
0.0,2,CPI m/m|CPI y/y,Bad|Neutral,4,3,1,75.0,25.0,3.0,2021-12-06_2022-01-04|2022-01-05_2022-02-03|2023-11-26_2023-12-25|2025-08-17_2025-09-15
0.0,2,CPI m/m|CPI y/y,Good|Good,8,5,3,62.5,37.5,1.67,2022-08-03_2022-09-01|2022-12-01_2022-12-30|2023-03-31_2023-04-29|2023-05-30_2023-06-28|2024-05-24_2024-06-22|2025-03-20_2025-04-18|2025-10-16_2025-11-14|2026-02-13_2026-03-14
0.0,2,CPI m/m|CPI y/y,Neutral|Bad,3,0,3,0.0,100.0,0.0,2023-01-30_2023-02-28|2024-02-24_2024-03-24|2025-06-18_2025-07-17
0.1,2,CPI m/m|CPI y/y,Neutral|Neutral,14,9,5,64.3,35.7,1.8,2020-11-11_2020-12-10|2021-02-09_2021-03-10|2022-01-05_2022-02-03|2022-03-06_2022-04-04|2022-12-31_2023-01-29|2023-03-31_2023-04-29|2023-05-30_2023-06-28|2023-07-29_2023-08-27|2023-11-26_2023-12-25|2024-08-22_2024-09-20|2024-10-21_2024-11-19|2024-11-20_2024-12-19|2024-12-20_2025-01-18|2025-07-18_2025-08-16
0.1,2,CPI m/m|CPI y/y,Neutral|Bad,8,3,5,37.5,62.5,0.6,2021-04-10_2021-05-09|2022-05-05_2022-06-03|2023-01-30_2023-02-28|2023-12-26_2024-01-24|2024-01-25_2024-02-23|2024-02-24_2024-03-24|2024-09-21_2024-10-20|2025-06-18_2025-07-17
0.1,2,CPI m/m|CPI y/y,Bad|Bad,10,7,3,70.0,30.0,2.33,2021-05-10_2021-06-08|2021-06-09_2021-07-08|2021-07-09_2021-08-07|2021-10-07_2021-11-05|2022-06-04_2022-07-03|2022-07-04_2022-08-02|2022-09-02_2022-10-01|2023-09-27_2023-10-26|2024-03-25_2024-04-23|2025-01-19_2025-02-17
0.1,2,CPI m/m|CPI y/y,Good|Neutral,2,2,0,100.0,0.0,inf,2021-09-07_2021-10-06|2024-04-24_2024-05-23
0.1,2,CPI m/m|CPI y/y,Bad|Neutral,3,3,0,100.0,0.0,inf,2021-12-06_2022-01-04|2022-10-02_2022-10-31|2025-08-17_2025-09-15
0.1,2,CPI m/m|CPI y/y,Good|Good,4,4,0,100.0,0.0,inf,2022-08-03_2022-09-01|2022-12-01_2022-12-30|2025-03-20_2025-04-18|2025-10-16_2025-11-14
0.1,2,CPI m/m|CPI y/y,Neutral|Good,4,2,2,50.0,50.0,1.0,2024-05-24_2024-06-22|2024-07-23_2024-08-21|2025-12-15_2026-01-13|2026-02-13_2026-03-14
0.2,2,CPI m/m|CPI y/y,Neutral|Neutral,35,24,11,68.6,31.4,2.18,2020-11-11_2020-12-10|2021-02-09_2021-03-10|2021-04-10_2021-05-09|2021-09-07_2021-10-06|2021-10-07_2021-11-05|2021-12-06_2022-01-04|2022-01-05_2022-02-03|2022-03-06_2022-04-04|2022-08-03_2022-09-01|2022-10-02_2022-10-31|2022-12-31_2023-01-29|2023-03-31_2023-04-29|2023-05-30_2023-06-28|2023-07-29_2023-08-27|2023-09-27_2023-10-26|2023-11-26_2023-12-25|2023-12-26_2024-01-24|2024-02-24_2024-03-24|2024-03-25_2024-04-23|2024-04-24_2024-05-23|2024-05-24_2024-06-22|2024-07-23_2024-08-21|2024-08-22_2024-09-20|2024-09-21_2024-10-20|2024-10-21_2024-11-19|2024-11-20_2024-12-19|2024-12-20_2025-01-18|2025-01-19_2025-02-17|2025-03-20_2025-04-18|2025-06-18_2025-07-17|2025-07-18_2025-08-16|2025-08-17_2025-09-15|2025-10-16_2025-11-14|2025-12-15_2026-01-13|2026-02-13_2026-03-14
0.2,2,CPI m/m|CPI y/y,Bad|Bad,3,3,0,100.0,0.0,inf,2021-05-10_2021-06-08|2021-07-09_2021-08-07|2022-06-04_2022-07-03
0.2,2,CPI m/m|CPI y/y,Neutral|Bad,6,2,4,33.3,66.7,0.5,2021-06-09_2021-07-08|2022-05-05_2022-06-03|2022-07-04_2022-08-02|2022-09-02_2022-10-01|2023-01-30_2023-02-28|2024-01-25_2024-02-23
0.2,2,CPI m/m|CPI y/y,Neutral|Good,1,1,0,100.0,0.0,inf,2022-12-01_2022-12-30
0.3,2,CPI m/m|CPI y/y,Neutral|Neutral,41,27,14,65.9,34.1,1.93,2020-11-11_2020-12-10|2021-02-09_2021-03-10|2021-04-10_2021-05-09|2021-06-09_2021-07-08|2021-09-07_2021-10-06|2021-10-07_2021-11-05|2021-12-06_2022-01-04|2022-01-05_2022-02-03|2022-03-06_2022-04-04|2022-05-05_2022-06-03|2022-08-03_2022-09-01|2022-09-02_2022-10-01|2022-10-02_2022-10-31|2022-12-01_2022-12-30|2022-12-31_2023-01-29|2023-01-30_2023-02-28|2023-03-31_2023-04-29|2023-05-30_2023-06-28|2023-07-29_2023-08-27|2023-09-27_2023-10-26|2023-11-26_2023-12-25|2023-12-26_2024-01-24|2024-01-25_2024-02-23|2024-02-24_2024-03-24|2024-03-25_2024-04-23|2024-04-24_2024-05-23|2024-05-24_2024-06-22|2024-07-23_2024-08-21|2024-08-22_2024-09-20|2024-09-21_2024-10-20|2024-10-21_2024-11-19|2024-11-20_2024-12-19|2024-12-20_2025-01-18|2025-01-19_2025-02-17|2025-03-20_2025-04-18|2025-06-18_2025-07-17|2025-07-18_2025-08-16|2025-08-17_2025-09-15|2025-10-16_2025-11-14|2025-12-15_2026-01-13|2026-02-13_2026-03-14
0.3,2,CPI m/m|CPI y/y,Bad|Bad,2,2,0,100.0,0.0,inf,2021-05-10_2021-06-08|2021-07-09_2021-08-07
0.3,2,CPI m/m|CPI y/y,Bad|Neutral,1,1,0,100.0,0.0,inf,2022-06-04_2022-07-03
0.3,2,CPI m/m|CPI y/y,Neutral|Bad,1,0,1,0.0,100.0,0.0,2022-07-04_2022-08-02
0.0,2,Core CPI m/m|PPI m/m,Good|Bad,4,3,1,75.0,25.0,3.0,2020-11-11_2020-12-10|2021-02-09_2021-03-10|2021-09-07_2021-10-06|2022-12-01_2022-12-30
0.0,2,Core CPI m/m|PPI m/m,Bad|Bad,9,6,3,66.7,33.3,2.0,2021-05-10_2021-06-08|2021-06-09_2021-07-08|2021-07-09_2021-08-07|2022-07-04_2022-08-02|2022-10-02_2022-10-31|2024-01-25_2024-02-23|2024-02-24_2024-03-24|2024-08-22_2024-09-20|2025-01-19_2025-02-17
0.0,2,Core CPI m/m|PPI m/m,Neutral|Good,8,5,3,62.5,37.5,1.67,2021-10-07_2021-11-05|2022-03-06_2022-04-04|2022-12-31_2023-01-29|2023-03-31_2023-04-29|2023-05-30_2023-06-28|2023-12-26_2024-01-24|2024-07-23_2024-08-21|2025-08-17_2025-09-15
0.0,2,Core CPI m/m|PPI m/m,Neutral|Bad,8,5,3,62.5,37.5,1.67,2021-12-06_2022-01-04|2023-01-30_2023-02-28|2023-07-29_2023-08-27|2023-09-27_2023-10-26|2024-04-24_2024-05-23|2024-11-20_2024-12-19|2025-07-18_2025-08-16|2026-02-13_2026-03-14
0.0,2,Core CPI m/m|PPI m/m,Bad|Good,3,2,1,66.7,33.3,2.0,2022-01-05_2022-02-03|2024-03-25_2024-04-23|2024-09-21_2024-10-20
0.0,2,Core CPI m/m|PPI m/m,Bad|Neutral,3,2,1,66.7,33.3,2.0,2022-05-05_2022-06-03|2022-06-04_2022-07-03|2022-09-02_2022-10-01
0.0,2,Core CPI m/m|PPI m/m,Good|Good,5,3,2,60.0,40.0,1.5,2022-08-03_2022-09-01|2024-05-24_2024-06-22|2024-12-20_2025-01-18|2025-03-20_2025-04-18|2025-06-18_2025-07-17
0.0,2,Core CPI m/m|PPI m/m,Neutral|Neutral,2,1,1,50.0,50.0,1.0,2023-11-26_2023-12-25|2024-10-21_2024-11-19
0.1,2,Core CPI m/m|PPI m/m,Neutral|Neutral,10,7,3,70.0,30.0,2.33,2020-11-11_2020-12-10|2021-10-07_2021-11-05|2022-06-04_2022-07-03|2022-12-01_2022-12-30|2023-07-29_2023-08-27|2023-11-26_2023-12-25|2024-07-23_2024-08-21|2024-08-22_2024-09-20|2024-09-21_2024-10-20|2024-10-21_2024-11-19
0.1,2,Core CPI m/m|PPI m/m,Good|Bad,1,0,1,0.0,100.0,0.0,2021-02-09_2021-03-10
0.1,2,Core CPI m/m|PPI m/m,Bad|Bad,8,5,3,62.5,37.5,1.67,2021-05-10_2021-06-08|2021-06-09_2021-07-08|2021-07-09_2021-08-07|2022-07-04_2022-08-02|2022-10-02_2022-10-31|2024-01-25_2024-02-23|2024-02-24_2024-03-24|2025-01-19_2025-02-17
0.1,2,Core CPI m/m|PPI m/m,Good|Neutral,1,1,0,100.0,0.0,inf,2021-09-07_2021-10-06
0.1,2,Core CPI m/m|PPI m/m,Neutral|Bad,7,4,3,57.1,42.9,1.33,2021-12-06_2022-01-04|2023-01-30_2023-02-28|2023-09-27_2023-10-26|2024-04-24_2024-05-23|2024-11-20_2024-12-19|2025-07-18_2025-08-16|2026-02-13_2026-03-14
0.1,2,Core CPI m/m|PPI m/m,Neutral|Good,10,6,4,60.0,40.0,1.5,2022-01-05_2022-02-03|2022-03-06_2022-04-04|2022-12-31_2023-01-29|2023-03-31_2023-04-29|2023-05-30_2023-06-28|2023-12-26_2024-01-24|2024-05-24_2024-06-22|2024-12-20_2025-01-18|2025-06-18_2025-07-17|2025-08-17_2025-09-15
0.1,2,Core CPI m/m|PPI m/m,Bad|Neutral,3,2,1,66.7,33.3,2.0,2022-05-05_2022-06-03|2022-09-02_2022-10-01|2024-03-25_2024-04-23
0.1,2,Core CPI m/m|PPI m/m,Good|Good,2,2,0,100.0,0.0,inf,2022-08-03_2022-09-01|2025-03-20_2025-04-18
0.2,2,Core CPI m/m|PPI m/m,Neutral|Neutral,26,19,7,73.1,26.9,2.71,2020-11-11_2020-12-10|2021-09-07_2021-10-06|2021-10-07_2021-11-05|2022-01-05_2022-02-03|2022-03-06_2022-04-04|2022-05-05_2022-06-03|2022-06-04_2022-07-03|2022-10-02_2022-10-31|2022-12-01_2022-12-30|2023-05-30_2023-06-28|2023-07-29_2023-08-27|2023-09-27_2023-10-26|2023-11-26_2023-12-25|2023-12-26_2024-01-24|2024-01-25_2024-02-23|2024-03-25_2024-04-23|2024-04-24_2024-05-23|2024-07-23_2024-08-21|2024-08-22_2024-09-20|2024-09-21_2024-10-20|2024-10-21_2024-11-19|2024-11-20_2024-12-19|2024-12-20_2025-01-18|2025-01-19_2025-02-17|2025-06-18_2025-07-17|2026-02-13_2026-03-14
0.2,2,Core CPI m/m|PPI m/m,Neutral|Bad,7,1,6,14.3,85.7,0.17,2021-02-09_2021-03-10|2021-06-09_2021-07-08|2021-12-06_2022-01-04|2022-07-04_2022-08-02|2023-01-30_2023-02-28|2024-02-24_2024-03-24|2025-07-18_2025-08-16
0.2,2,Core CPI m/m|PPI m/m,Bad|Bad,2,2,0,100.0,0.0,inf,2021-05-10_2021-06-08|2021-07-09_2021-08-07
0.2,2,Core CPI m/m|PPI m/m,Neutral|Good,6,4,2,66.7,33.3,2.0,2022-08-03_2022-09-01|2022-12-31_2023-01-29|2023-03-31_2023-04-29|2024-05-24_2024-06-22|2025-03-20_2025-04-18|2025-08-17_2025-09-15
0.2,2,Core CPI m/m|PPI m/m,Bad|Neutral,1,1,0,100.0,0.0,inf,2022-09-02_2022-10-01
0.3,2,Core CPI m/m|PPI m/m,Neutral|Neutral,29,20,9,69.0,31.0,2.22,2020-11-11_2020-12-10|2021-09-07_2021-10-06|2021-10-07_2021-11-05|2022-01-05_2022-02-03|2022-03-06_2022-04-04|2022-05-05_2022-06-03|2022-06-04_2022-07-03|2022-09-02_2022-10-01|2022-10-02_2022-10-31|2022-12-01_2022-12-30|2023-01-30_2023-02-28|2023-05-30_2023-06-28|2023-07-29_2023-08-27|2023-09-27_2023-10-26|2023-11-26_2023-12-25|2023-12-26_2024-01-24|2024-01-25_2024-02-23|2024-02-24_2024-03-24|2024-03-25_2024-04-23|2024-04-24_2024-05-23|2024-07-23_2024-08-21|2024-08-22_2024-09-20|2024-09-21_2024-10-20|2024-10-21_2024-11-19|2024-11-20_2024-12-19|2024-12-20_2025-01-18|2025-01-19_2025-02-17|2025-06-18_2025-07-17|2026-02-13_2026-03-14
0.3,2,Core CPI m/m|PPI m/m,Neutral|Bad,5,1,4,20.0,80.0,0.25,2021-02-09_2021-03-10|2021-06-09_2021-07-08|2021-12-06_2022-01-04|2022-07-04_2022-08-02|2025-07-18_2025-08-16
0.3,2,Core CPI m/m|PPI m/m,Bad|Neutral,1,1,0,100.0,0.0,inf,2021-05-10_2021-06-08
0.3,2,Core CPI m/m|PPI m/m,Bad|Bad,1,1,0,100.0,0.0,inf,2021-07-09_2021-08-07
0.3,2,Core CPI m/m|PPI m/m,Neutral|Good,6,4,2,66.7,33.3,2.0,2022-08-03_2022-09-01|2022-12-31_2023-01-29|2023-03-31_2023-04-29|2024-05-24_2024-06-22|2025-03-20_2025-04-18|2025-08-17_2025-09-15
0.0,2,Core CPI m/m|Core PPI m/m,Good|Good,6,4,2,66.7,33.3,2.0,2020-11-11_2020-12-10|2022-08-03_2022-09-01|2024-05-24_2024-06-22|2024-12-20_2025-01-18|2025-03-20_2025-04-18|2025-06-18_2025-07-17
0.0,2,Core CPI m/m|Core PPI m/m,Good|Bad,3,2,1,66.7,33.3,2.0,2021-02-09_2021-03-10|2021-09-07_2021-10-06|2022-12-01_2022-12-30
0.0,2,Core CPI m/m|Core PPI m/m,Bad|Bad,7,5,2,71.4,28.6,2.5,2021-05-10_2021-06-08|2021-06-09_2021-07-08|2021-07-09_2021-08-07|2022-09-02_2022-10-01|2024-01-25_2024-02-23|2024-02-24_2024-03-24|2024-08-22_2024-09-20
0.0,2,Core CPI m/m|Core PPI m/m,Neutral|Good,7,4,3,57.1,42.9,1.33,2021-10-07_2021-11-05|2022-03-06_2022-04-04|2023-03-31_2023-04-29|2023-11-26_2023-12-25|2023-12-26_2024-01-24|2024-07-23_2024-08-21|2025-08-17_2025-09-15
0.0,2,Core CPI m/m|Core PPI m/m,Neutral|Bad,7,4,3,57.1,42.9,1.33,2021-12-06_2022-01-04|2023-01-30_2023-02-28|2023-07-29_2023-08-27|2023-09-27_2023-10-26|2024-04-24_2024-05-23|2025-07-18_2025-08-16|2026-02-13_2026-03-14
0.0,2,Core CPI m/m|Core PPI m/m,Bad|Neutral,5,4,1,80.0,20.0,4.0,2022-01-05_2022-02-03|2022-10-02_2022-10-31|2024-03-25_2024-04-23|2024-09-21_2024-10-20|2025-01-19_2025-02-17
0.0,2,Core CPI m/m|Core PPI m/m,Bad|Good,3,1,2,33.3,66.7,0.5,2022-05-05_2022-06-03|2022-06-04_2022-07-03|2022-07-04_2022-08-02
0.0,2,Core CPI m/m|Core PPI m/m,Neutral|Neutral,4,3,1,75.0,25.0,3.0,2022-12-31_2023-01-29|2023-05-30_2023-06-28|2024-10-21_2024-11-19|2024-11-20_2024-12-19
0.1,2,Core CPI m/m|Core PPI m/m,Neutral|Neutral,11,8,3,72.7,27.3,2.67,2020-11-11_2020-12-10|2022-01-05_2022-02-03|2022-06-04_2022-07-03|2022-12-31_2023-01-29|2023-05-30_2023-06-28|2023-07-29_2023-08-27|2023-09-27_2023-10-26|2024-08-22_2024-09-20|2024-09-21_2024-10-20|2024-10-21_2024-11-19|2024-11-20_2024-12-19
0.1,2,Core CPI m/m|Core PPI m/m,Good|Bad,1,0,1,0.0,100.0,0.0,2021-02-09_2021-03-10
0.1,2,Core CPI m/m|Core PPI m/m,Bad|Bad,5,4,1,80.0,20.0,4.0,2021-05-10_2021-06-08|2021-06-09_2021-07-08|2021-07-09_2021-08-07|2022-09-02_2022-10-01|2024-01-25_2024-02-23
0.1,2,Core CPI m/m|Core PPI m/m,Good|Neutral,1,1,0,100.0,0.0,inf,2021-09-07_2021-10-06
0.1,2,Core CPI m/m|Core PPI m/m,Neutral|Good,10,5,5,50.0,50.0,1.0,2021-10-07_2021-11-05|2022-03-06_2022-04-04|2023-03-31_2023-04-29|2023-11-26_2023-12-25|2023-12-26_2024-01-24|2024-05-24_2024-06-22|2024-07-23_2024-08-21|2024-12-20_2025-01-18|2025-06-18_2025-07-17|2025-08-17_2025-09-15
0.1,2,Core CPI m/m|Core PPI m/m,Neutral|Bad,6,4,2,66.7,33.3,2.0,2021-12-06_2022-01-04|2022-12-01_2022-12-30|2023-01-30_2023-02-28|2024-04-24_2024-05-23|2025-07-18_2025-08-16|2026-02-13_2026-03-14
0.1,2,Core CPI m/m|Core PPI m/m,Bad|Good,1,0,1,0.0,100.0,0.0,2022-05-05_2022-06-03
0.1,2,Core CPI m/m|Core PPI m/m,Bad|Neutral,5,3,2,60.0,40.0,1.5,2022-07-04_2022-08-02|2022-10-02_2022-10-31|2024-02-24_2024-03-24|2024-03-25_2024-04-23|2025-01-19_2025-02-17
0.1,2,Core CPI m/m|Core PPI m/m,Good|Good,2,2,0,100.0,0.0,inf,2022-08-03_2022-09-01|2025-03-20_2025-04-18
0.2,2,Core CPI m/m|Core PPI m/m,Neutral|Neutral,27,16,11,59.3,40.7,1.45,2020-11-11_2020-12-10|2021-06-09_2021-07-08|2021-09-07_2021-10-06|2022-01-05_2022-02-03|2022-05-05_2022-06-03|2022-06-04_2022-07-03|2022-07-04_2022-08-02|2022-08-03_2022-09-01|2022-10-02_2022-10-31|2022-12-01_2022-12-30|2022-12-31_2023-01-29|2023-01-30_2023-02-28|2023-05-30_2023-06-28|2023-07-29_2023-08-27|2023-09-27_2023-10-26|2023-11-26_2023-12-25|2023-12-26_2024-01-24|2024-02-24_2024-03-24|2024-03-25_2024-04-23|2024-07-23_2024-08-21|2024-08-22_2024-09-20|2024-09-21_2024-10-20|2024-10-21_2024-11-19|2024-11-20_2024-12-19|2024-12-20_2025-01-18|2025-01-19_2025-02-17|2025-06-18_2025-07-17
0.2,2,Core CPI m/m|Core PPI m/m,Neutral|Bad,6,4,2,66.7,33.3,2.0,2021-02-09_2021-03-10|2021-12-06_2022-01-04|2024-01-25_2024-02-23|2024-04-24_2024-05-23|2025-07-18_2025-08-16|2026-02-13_2026-03-14
0.2,2,Core CPI m/m|Core PPI m/m,Bad|Bad,2,2,0,100.0,0.0,inf,2021-05-10_2021-06-08|2021-07-09_2021-08-07
0.2,2,Core CPI m/m|Core PPI m/m,Neutral|Good,6,4,2,66.7,33.3,2.0,2021-10-07_2021-11-05|2022-03-06_2022-04-04|2023-03-31_2023-04-29|2024-05-24_2024-06-22|2025-03-20_2025-04-18|2025-08-17_2025-09-15
0.2,2,Core CPI m/m|Core PPI m/m,Bad|Neutral,1,1,0,100.0,0.0,inf,2022-09-02_2022-10-01
0.3,2,Core CPI m/m|Core PPI m/m,Neutral|Neutral,32,20,12,62.5,37.5,1.67,2020-11-11_2020-12-10|2021-06-09_2021-07-08|2021-09-07_2021-10-06|2021-10-07_2021-11-05|2021-12-06_2022-01-04|2022-01-05_2022-02-03|2022-05-05_2022-06-03|2022-06-04_2022-07-03|2022-07-04_2022-08-02|2022-08-03_2022-09-01|2022-09-02_2022-10-01|2022-10-02_2022-10-31|2022-12-01_2022-12-30|2022-12-31_2023-01-29|2023-01-30_2023-02-28|2023-05-30_2023-06-28|2023-07-29_2023-08-27|2023-09-27_2023-10-26|2023-11-26_2023-12-25|2023-12-26_2024-01-24|2024-02-24_2024-03-24|2024-03-25_2024-04-23|2024-04-24_2024-05-23|2024-05-24_2024-06-22|2024-07-23_2024-08-21|2024-08-22_2024-09-20|2024-09-21_2024-10-20|2024-10-21_2024-11-19|2024-11-20_2024-12-19|2024-12-20_2025-01-18|2025-01-19_2025-02-17|2025-06-18_2025-07-17
0.3,2,Core CPI m/m|Core PPI m/m,Neutral|Bad,4,2,2,50.0,50.0,1.0,2021-02-09_2021-03-10|2024-01-25_2024-02-23|2025-07-18_2025-08-16|2026-02-13_2026-03-14
0.3,2,Core CPI m/m|Core PPI m/m,Bad|Neutral,1,1,0,100.0,0.0,inf,2021-05-10_2021-06-08
0.3,2,Core CPI m/m|Core PPI m/m,Bad|Bad,1,1,0,100.0,0.0,inf,2021-07-09_2021-08-07
0.3,2,Core CPI m/m|Core PPI m/m,Neutral|Good,4,3,1,75.0,25.0,3.0,2022-03-06_2022-04-04|2023-03-31_2023-04-29|2025-03-20_2025-04-18|2025-08-17_2025-09-15
0.0,2,Core CPI m/m|FOMC,Neutral|Neutral,5,2,3,40.0,60.0,0.67,2023-05-30_2023-06-28|2023-11-26_2023-12-25|2024-07-23_2024-08-21|2024-10-21_2024-11-19|2024-11-20_2024-12-19
0.0,2,Core CPI m/m|FOMC,Good|Neutral,1,0,1,0.0,100.0,0.0,2024-05-24_2024-06-22
0.0,2,Core CPI m/m|FOMC,Bad|Good,1,1,0,100.0,0.0,inf,2024-08-22_2024-09-20
0.0,2,Core CPI m/m|FOMC,Bad|Neutral,1,1,0,100.0,0.0,inf,2025-01-19_2025-02-17
0.1,2,Core CPI m/m|FOMC,Neutral|Neutral,6,2,4,33.3,66.7,0.5,2023-05-30_2023-06-28|2023-11-26_2023-12-25|2024-05-24_2024-06-22|2024-07-23_2024-08-21|2024-10-21_2024-11-19|2024-11-20_2024-12-19
0.1,2,Core CPI m/m|FOMC,Neutral|Good,1,1,0,100.0,0.0,inf,2024-08-22_2024-09-20
0.1,2,Core CPI m/m|FOMC,Bad|Neutral,1,1,0,100.0,0.0,inf,2025-01-19_2025-02-17
0.2,2,Core CPI m/m|FOMC,Neutral|Neutral,7,3,4,42.9,57.1,0.75,2023-05-30_2023-06-28|2023-11-26_2023-12-25|2024-05-24_2024-06-22|2024-07-23_2024-08-21|2024-10-21_2024-11-19|2024-11-20_2024-12-19|2025-01-19_2025-02-17
0.2,2,Core CPI m/m|FOMC,Neutral|Good,1,1,0,100.0,0.0,inf,2024-08-22_2024-09-20
0.3,2,Core CPI m/m|FOMC,Neutral|Neutral,8,4,4,50.0,50.0,1.0,2023-05-30_2023-06-28|2023-11-26_2023-12-25|2024-05-24_2024-06-22|2024-07-23_2024-08-21|2024-08-22_2024-09-20|2024-10-21_2024-11-19|2024-11-20_2024-12-19|2025-01-19_2025-02-17
0.0,2,Core CPI m/m|CPI y/y,Good|Good,7,6,1,85.7,14.3,6.0,2020-11-11_2020-12-10|2022-08-03_2022-09-01|2022-12-01_2022-12-30|2024-05-24_2024-06-22|2025-03-20_2025-04-18|2025-10-16_2025-11-14|2025-12-15_2026-01-13
0.0,2,Core CPI m/m|CPI y/y,Good|Neutral,3,2,1,66.7,33.3,2.0,2021-02-09_2021-03-10|2021-09-07_2021-10-06|2024-12-20_2025-01-18
0.0,2,Core CPI m/m|CPI y/y,Bad|Bad,14,9,5,64.3,35.7,1.8,2021-04-10_2021-05-09|2021-05-10_2021-06-08|2021-06-09_2021-07-08|2021-07-09_2021-08-07|2022-05-05_2022-06-03|2022-06-04_2022-07-03|2022-07-04_2022-08-02|2022-09-02_2022-10-01|2022-10-02_2022-10-31|2024-01-25_2024-02-23|2024-02-24_2024-03-24|2024-03-25_2024-04-23|2024-09-21_2024-10-20|2025-01-19_2025-02-17
0.0,2,Core CPI m/m|CPI y/y,Neutral|Bad,4,2,2,50.0,50.0,1.0,2021-10-07_2021-11-05|2023-01-30_2023-02-28|2023-09-27_2023-10-26|2023-12-26_2024-01-24
0.0,2,Core CPI m/m|CPI y/y,Neutral|Neutral,8,7,1,87.5,12.5,7.0,2021-12-06_2022-01-04|2022-03-06_2022-04-04|2022-12-31_2023-01-29|2023-11-26_2023-12-25|2024-04-24_2024-05-23|2024-10-21_2024-11-19|2024-11-20_2024-12-19|2025-08-17_2025-09-15
0.0,2,Core CPI m/m|CPI y/y,Bad|Neutral,2,2,0,100.0,0.0,inf,2022-01-05_2022-02-03|2024-08-22_2024-09-20
0.0,2,Core CPI m/m|CPI y/y,Neutral|Good,6,2,4,33.3,66.7,0.5,2023-03-31_2023-04-29|2023-05-30_2023-06-28|2023-07-29_2023-08-27|2024-07-23_2024-08-21|2025-07-18_2025-08-16|2026-02-13_2026-03-14
0.0,2,Core CPI m/m|CPI y/y,Good|Bad,1,0,1,0.0,100.0,0.0,2025-06-18_2025-07-17
0.1,2,Core CPI m/m|CPI y/y,Neutral|Neutral,16,12,4,75.0,25.0,3.0,2020-11-11_2020-12-10|2021-12-06_2022-01-04|2022-01-05_2022-02-03|2022-03-06_2022-04-04|2022-12-31_2023-01-29|2023-03-31_2023-04-29|2023-05-30_2023-06-28|2023-07-29_2023-08-27|2023-11-26_2023-12-25|2024-04-24_2024-05-23|2024-08-22_2024-09-20|2024-10-21_2024-11-19|2024-11-20_2024-12-19|2024-12-20_2025-01-18|2025-07-18_2025-08-16|2025-08-17_2025-09-15
0.1,2,Core CPI m/m|CPI y/y,Good|Neutral,2,1,1,50.0,50.0,1.0,2021-02-09_2021-03-10|2021-09-07_2021-10-06
0.1,2,Core CPI m/m|CPI y/y,Neutral|Bad,8,4,4,50.0,50.0,1.0,2021-04-10_2021-05-09|2021-10-07_2021-11-05|2022-06-04_2022-07-03|2023-01-30_2023-02-28|2023-09-27_2023-10-26|2023-12-26_2024-01-24|2024-09-21_2024-10-20|2025-06-18_2025-07-17
0.1,2,Core CPI m/m|CPI y/y,Bad|Bad,10,6,4,60.0,40.0,1.5,2021-05-10_2021-06-08|2021-06-09_2021-07-08|2021-07-09_2021-08-07|2022-05-05_2022-06-03|2022-07-04_2022-08-02|2022-09-02_2022-10-01|2024-01-25_2024-02-23|2024-02-24_2024-03-24|2024-03-25_2024-04-23|2025-01-19_2025-02-17
0.1,2,Core CPI m/m|CPI y/y,Good|Good,2,2,0,100.0,0.0,inf,2022-08-03_2022-09-01|2025-03-20_2025-04-18
0.1,2,Core CPI m/m|CPI y/y,Bad|Neutral,1,1,0,100.0,0.0,inf,2022-10-02_2022-10-31
0.1,2,Core CPI m/m|CPI y/y,Neutral|Good,6,4,2,66.7,33.3,2.0,2022-12-01_2022-12-30|2024-05-24_2024-06-22|2024-07-23_2024-08-21|2025-10-16_2025-11-14|2025-12-15_2026-01-13|2026-02-13_2026-03-14
0.2,2,Core CPI m/m|CPI y/y,Neutral|Neutral,35,24,11,68.6,31.4,2.18,2020-11-11_2020-12-10|2021-02-09_2021-03-10|2021-04-10_2021-05-09|2021-09-07_2021-10-06|2021-10-07_2021-11-05|2021-12-06_2022-01-04|2022-01-05_2022-02-03|2022-03-06_2022-04-04|2022-08-03_2022-09-01|2022-10-02_2022-10-31|2022-12-31_2023-01-29|2023-03-31_2023-04-29|2023-05-30_2023-06-28|2023-07-29_2023-08-27|2023-09-27_2023-10-26|2023-11-26_2023-12-25|2023-12-26_2024-01-24|2024-02-24_2024-03-24|2024-03-25_2024-04-23|2024-04-24_2024-05-23|2024-05-24_2024-06-22|2024-07-23_2024-08-21|2024-08-22_2024-09-20|2024-09-21_2024-10-20|2024-10-21_2024-11-19|2024-11-20_2024-12-19|2024-12-20_2025-01-18|2025-01-19_2025-02-17|2025-03-20_2025-04-18|2025-06-18_2025-07-17|2025-07-18_2025-08-16|2025-08-17_2025-09-15|2025-10-16_2025-11-14|2025-12-15_2026-01-13|2026-02-13_2026-03-14
0.2,2,Core CPI m/m|CPI y/y,Bad|Bad,3,3,0,100.0,0.0,inf,2021-05-10_2021-06-08|2021-07-09_2021-08-07|2022-09-02_2022-10-01
0.2,2,Core CPI m/m|CPI y/y,Neutral|Bad,6,2,4,33.3,66.7,0.5,2021-06-09_2021-07-08|2022-05-05_2022-06-03|2022-06-04_2022-07-03|2022-07-04_2022-08-02|2023-01-30_2023-02-28|2024-01-25_2024-02-23
0.2,2,Core CPI m/m|CPI y/y,Neutral|Good,1,1,0,100.0,0.0,inf,2022-12-01_2022-12-30
0.3,2,Core CPI m/m|CPI y/y,Neutral|Neutral,42,28,14,66.7,33.3,2.0,2020-11-11_2020-12-10|2021-02-09_2021-03-10|2021-04-10_2021-05-09|2021-06-09_2021-07-08|2021-09-07_2021-10-06|2021-10-07_2021-11-05|2021-12-06_2022-01-04|2022-01-05_2022-02-03|2022-03-06_2022-04-04|2022-05-05_2022-06-03|2022-06-04_2022-07-03|2022-08-03_2022-09-01|2022-09-02_2022-10-01|2022-10-02_2022-10-31|2022-12-01_2022-12-30|2022-12-31_2023-01-29|2023-01-30_2023-02-28|2023-03-31_2023-04-29|2023-05-30_2023-06-28|2023-07-29_2023-08-27|2023-09-27_2023-10-26|2023-11-26_2023-12-25|2023-12-26_2024-01-24|2024-01-25_2024-02-23|2024-02-24_2024-03-24|2024-03-25_2024-04-23|2024-04-24_2024-05-23|2024-05-24_2024-06-22|2024-07-23_2024-08-21|2024-08-22_2024-09-20|2024-09-21_2024-10-20|2024-10-21_2024-11-19|2024-11-20_2024-12-19|2024-12-20_2025-01-18|2025-01-19_2025-02-17|2025-03-20_2025-04-18|2025-06-18_2025-07-17|2025-07-18_2025-08-16|2025-08-17_2025-09-15|2025-10-16_2025-11-14|2025-12-15_2026-01-13|2026-02-13_2026-03-14
0.3,2,Core CPI m/m|CPI y/y,Bad|Bad,2,2,0,100.0,0.0,inf,2021-05-10_2021-06-08|2021-07-09_2021-08-07
0.3,2,Core CPI m/m|CPI y/y,Neutral|Bad,1,0,1,0.0,100.0,0.0,2022-07-04_2022-08-02
0.0,2,PPI m/m|Core PPI m/m,Bad|Good,2,1,1,50.0,50.0,1.0,2020-11-11_2020-12-10|2022-07-04_2022-08-02
0.0,2,PPI m/m|Core PPI m/m,Neutral|Good,5,2,3,40.0,60.0,0.67,2020-12-11_2021-01-09|2022-05-05_2022-06-03|2022-06-04_2022-07-03|2023-11-26_2023-12-25|2025-11-15_2025-12-14
0.0,2,PPI m/m|Core PPI m/m,Bad|Bad,18,12,6,66.7,33.3,2.0,2021-02-09_2021-03-10|2021-03-11_2021-04-09|2021-05-10_2021-06-08|2021-06-09_2021-07-08|2021-07-09_2021-08-07|2021-09-07_2021-10-06|2021-12-06_2022-01-04|2022-12-01_2022-12-30|2023-01-30_2023-02-28|2023-07-29_2023-08-27|2023-09-27_2023-10-26|2024-01-25_2024-02-23|2024-02-24_2024-03-24|2024-04-24_2024-05-23|2024-08-22_2024-09-20|2025-07-18_2025-08-16|2026-01-14_2026-02-12|2026-02-13_2026-03-14
0.0,2,PPI m/m|Core PPI m/m,Good|Good,11,7,4,63.6,36.4,1.75,2021-10-07_2021-11-05|2022-03-06_2022-04-04|2022-08-03_2022-09-01|2023-03-31_2023-04-29|2023-12-26_2024-01-24|2024-05-24_2024-06-22|2024-07-23_2024-08-21|2024-12-20_2025-01-18|2025-03-20_2025-04-18|2025-06-18_2025-07-17|2025-08-17_2025-09-15
0.0,2,PPI m/m|Core PPI m/m,Good|Neutral,5,3,2,60.0,40.0,1.5,2022-01-05_2022-02-03|2022-12-31_2023-01-29|2023-05-30_2023-06-28|2024-03-25_2024-04-23|2024-09-21_2024-10-20
0.0,2,PPI m/m|Core PPI m/m,Neutral|Bad,1,1,0,100.0,0.0,inf,2022-09-02_2022-10-01
0.0,2,PPI m/m|Core PPI m/m,Bad|Neutral,3,3,0,100.0,0.0,inf,2022-10-02_2022-10-31|2024-11-20_2024-12-19|2025-01-19_2025-02-17
0.0,2,PPI m/m|Core PPI m/m,Neutral|Neutral,1,1,0,100.0,0.0,inf,2024-10-21_2024-11-19
0.1,2,PPI m/m|Core PPI m/m,Neutral|Neutral,10,8,2,80.0,20.0,4.0,2020-11-11_2020-12-10|2020-12-11_2021-01-09|2021-09-07_2021-10-06|2022-06-04_2022-07-03|2023-07-29_2023-08-27|2024-03-25_2024-04-23|2024-08-22_2024-09-20|2024-09-21_2024-10-20|2024-10-21_2024-11-19|2025-11-15_2025-12-14
0.1,2,PPI m/m|Core PPI m/m,Bad|Bad,12,8,4,66.7,33.3,2.0,2021-02-09_2021-03-10|2021-03-11_2021-04-09|2021-05-10_2021-06-08|2021-06-09_2021-07-08|2021-07-09_2021-08-07|2021-12-06_2022-01-04|2023-01-30_2023-02-28|2024-01-25_2024-02-23|2024-04-24_2024-05-23|2025-07-18_2025-08-16|2026-01-14_2026-02-12|2026-02-13_2026-03-14
0.1,2,PPI m/m|Core PPI m/m,Neutral|Good,4,1,3,25.0,75.0,0.33,2021-10-07_2021-11-05|2022-05-05_2022-06-03|2023-11-26_2023-12-25|2024-07-23_2024-08-21
0.1,2,PPI m/m|Core PPI m/m,Good|Neutral,3,2,1,66.7,33.3,2.0,2022-01-05_2022-02-03|2022-12-31_2023-01-29|2023-05-30_2023-06-28
0.1,2,PPI m/m|Core PPI m/m,Good|Good,9,6,3,66.7,33.3,2.0,2022-03-06_2022-04-04|2022-08-03_2022-09-01|2023-03-31_2023-04-29|2023-12-26_2024-01-24|2024-05-24_2024-06-22|2024-12-20_2025-01-18|2025-03-20_2025-04-18|2025-06-18_2025-07-17|2025-08-17_2025-09-15
0.1,2,PPI m/m|Core PPI m/m,Bad|Neutral,6,3,3,50.0,50.0,1.0,2022-07-04_2022-08-02|2022-10-02_2022-10-31|2023-09-27_2023-10-26|2024-02-24_2024-03-24|2024-11-20_2024-12-19|2025-01-19_2025-02-17
0.1,2,PPI m/m|Core PPI m/m,Neutral|Bad,2,2,0,100.0,0.0,inf,2022-09-02_2022-10-01|2022-12-01_2022-12-30
0.2,2,PPI m/m|Core PPI m/m,Neutral|Neutral,25,17,8,68.0,32.0,2.12,2020-11-11_2020-12-10|2020-12-11_2021-01-09|2021-09-07_2021-10-06|2022-01-05_2022-02-03|2022-05-05_2022-06-03|2022-06-04_2022-07-03|2022-09-02_2022-10-01|2022-10-02_2022-10-31|2022-12-01_2022-12-30|2023-05-30_2023-06-28|2023-07-29_2023-08-27|2023-09-27_2023-10-26|2023-11-26_2023-12-25|2023-12-26_2024-01-24|2024-03-25_2024-04-23|2024-07-23_2024-08-21|2024-08-22_2024-09-20|2024-09-21_2024-10-20|2024-10-21_2024-11-19|2024-11-20_2024-12-19|2024-12-20_2025-01-18|2025-01-19_2025-02-17|2025-06-18_2025-07-17|2025-11-15_2025-12-14|2026-01-14_2026-02-12
0.2,2,PPI m/m|Core PPI m/m,Bad|Bad,6,4,2,66.7,33.3,2.0,2021-02-09_2021-03-10|2021-03-11_2021-04-09|2021-05-10_2021-06-08|2021-07-09_2021-08-07|2021-12-06_2022-01-04|2025-07-18_2025-08-16
0.2,2,PPI m/m|Core PPI m/m,Bad|Neutral,4,0,4,0.0,100.0,0.0,2021-06-09_2021-07-08|2022-07-04_2022-08-02|2023-01-30_2023-02-28|2024-02-24_2024-03-24
0.2,2,PPI m/m|Core PPI m/m,Neutral|Good,2,2,0,100.0,0.0,inf,2021-10-07_2021-11-05|2022-03-06_2022-04-04
0.2,2,PPI m/m|Core PPI m/m,Good|Neutral,2,2,0,100.0,0.0,inf,2022-08-03_2022-09-01|2022-12-31_2023-01-29
0.2,2,PPI m/m|Core PPI m/m,Good|Good,4,2,2,50.0,50.0,1.0,2023-03-31_2023-04-29|2024-05-24_2024-06-22|2025-03-20_2025-04-18|2025-08-17_2025-09-15
0.2,2,PPI m/m|Core PPI m/m,Neutral|Bad,3,3,0,100.0,0.0,inf,2024-01-25_2024-02-23|2024-04-24_2024-05-23|2026-02-13_2026-03-14
0.3,2,PPI m/m|Core PPI m/m,Neutral|Neutral,31,21,10,67.7,32.3,2.1,2020-11-11_2020-12-10|2020-12-11_2021-01-09|2021-03-11_2021-04-09|2021-05-10_2021-06-08|2021-09-07_2021-10-06|2021-10-07_2021-11-05|2022-01-05_2022-02-03|2022-05-05_2022-06-03|2022-06-04_2022-07-03|2022-09-02_2022-10-01|2022-10-02_2022-10-31|2022-12-01_2022-12-30|2023-01-30_2023-02-28|2023-05-30_2023-06-28|2023-07-29_2023-08-27|2023-09-27_2023-10-26|2023-11-26_2023-12-25|2023-12-26_2024-01-24|2024-02-24_2024-03-24|2024-03-25_2024-04-23|2024-04-24_2024-05-23|2024-07-23_2024-08-21|2024-08-22_2024-09-20|2024-09-21_2024-10-20|2024-10-21_2024-11-19|2024-11-20_2024-12-19|2024-12-20_2025-01-18|2025-01-19_2025-02-17|2025-06-18_2025-07-17|2025-11-15_2025-12-14|2026-01-14_2026-02-12
0.3,2,PPI m/m|Core PPI m/m,Bad|Bad,3,1,2,33.3,66.7,0.5,2021-02-09_2021-03-10|2021-07-09_2021-08-07|2025-07-18_2025-08-16
0.3,2,PPI m/m|Core PPI m/m,Bad|Neutral,3,1,2,33.3,66.7,0.5,2021-06-09_2021-07-08|2021-12-06_2022-01-04|2022-07-04_2022-08-02
0.3,2,PPI m/m|Core PPI m/m,Neutral|Good,1,1,0,100.0,0.0,inf,2022-03-06_2022-04-04
0.3,2,PPI m/m|Core PPI m/m,Good|Neutral,3,2,1,66.7,33.3,2.0,2022-08-03_2022-09-01|2022-12-31_2023-01-29|2024-05-24_2024-06-22
0.3,2,PPI m/m|Core PPI m/m,Good|Good,3,2,1,66.7,33.3,2.0,2023-03-31_2023-04-29|2025-03-20_2025-04-18|2025-08-17_2025-09-15
0.3,2,PPI m/m|Core PPI m/m,Neutral|Bad,2,2,0,100.0,0.0,inf,2024-01-25_2024-02-23|2026-02-13_2026-03-14
0.0,2,PPI m/m|FOMC,Good|Neutral,3,0,3,0.0,100.0,0.0,2023-05-30_2023-06-28|2024-05-24_2024-06-22|2024-07-23_2024-08-21
0.0,2,PPI m/m|FOMC,Neutral|Neutral,2,1,1,50.0,50.0,1.0,2023-11-26_2023-12-25|2024-10-21_2024-11-19
0.0,2,PPI m/m|FOMC,Bad|Good,1,1,0,100.0,0.0,inf,2024-08-22_2024-09-20
0.0,2,PPI m/m|FOMC,Bad|Neutral,2,2,0,100.0,0.0,inf,2024-11-20_2024-12-19|2025-01-19_2025-02-17
0.1,2,PPI m/m|FOMC,Good|Neutral,2,0,2,0.0,100.0,0.0,2023-05-30_2023-06-28|2024-05-24_2024-06-22
0.1,2,PPI m/m|FOMC,Neutral|Neutral,3,1,2,33.3,66.7,0.5,2023-11-26_2023-12-25|2024-07-23_2024-08-21|2024-10-21_2024-11-19
0.1,2,PPI m/m|FOMC,Neutral|Good,1,1,0,100.0,0.0,inf,2024-08-22_2024-09-20
0.1,2,PPI m/m|FOMC,Bad|Neutral,2,2,0,100.0,0.0,inf,2024-11-20_2024-12-19|2025-01-19_2025-02-17
0.2,2,PPI m/m|FOMC,Neutral|Neutral,6,3,3,50.0,50.0,1.0,2023-05-30_2023-06-28|2023-11-26_2023-12-25|2024-07-23_2024-08-21|2024-10-21_2024-11-19|2024-11-20_2024-12-19|2025-01-19_2025-02-17
0.2,2,PPI m/m|FOMC,Good|Neutral,1,0,1,0.0,100.0,0.0,2024-05-24_2024-06-22
0.2,2,PPI m/m|FOMC,Neutral|Good,1,1,0,100.0,0.0,inf,2024-08-22_2024-09-20
0.3,2,PPI m/m|FOMC,Neutral|Neutral,7,4,3,57.1,42.9,1.33,2023-05-30_2023-06-28|2023-11-26_2023-12-25|2024-07-23_2024-08-21|2024-08-22_2024-09-20|2024-10-21_2024-11-19|2024-11-20_2024-12-19|2025-01-19_2025-02-17
0.3,2,PPI m/m|FOMC,Good|Neutral,1,0,1,0.0,100.0,0.0,2024-05-24_2024-06-22
0.0,2,PPI m/m|CPI y/y,Bad|Good,5,4,1,80.0,20.0,4.0,2020-11-11_2020-12-10|2022-12-01_2022-12-30|2023-07-29_2023-08-27|2025-07-18_2025-08-16|2026-02-13_2026-03-14
0.0,2,PPI m/m|CPI y/y,Bad|Neutral,6,5,1,83.3,16.7,5.0,2021-02-09_2021-03-10|2021-09-07_2021-10-06|2021-12-06_2022-01-04|2024-04-24_2024-05-23|2024-08-22_2024-09-20|2024-11-20_2024-12-19
0.0,2,PPI m/m|CPI y/y,Bad|Bad,10,5,5,50.0,50.0,1.0,2021-05-10_2021-06-08|2021-06-09_2021-07-08|2021-07-09_2021-08-07|2022-07-04_2022-08-02|2022-10-02_2022-10-31|2023-01-30_2023-02-28|2023-09-27_2023-10-26|2024-01-25_2024-02-23|2024-02-24_2024-03-24|2025-01-19_2025-02-17
0.0,2,PPI m/m|CPI y/y,Good|Bad,5,3,2,60.0,40.0,1.5,2021-10-07_2021-11-05|2023-12-26_2024-01-24|2024-03-25_2024-04-23|2024-09-21_2024-10-20|2025-06-18_2025-07-17
0.0,2,PPI m/m|CPI y/y,Good|Neutral,5,5,0,100.0,0.0,inf,2022-01-05_2022-02-03|2022-03-06_2022-04-04|2022-12-31_2023-01-29|2024-12-20_2025-01-18|2025-08-17_2025-09-15
0.0,2,PPI m/m|CPI y/y,Neutral|Bad,3,2,1,66.7,33.3,2.0,2022-05-05_2022-06-03|2022-06-04_2022-07-03|2022-09-02_2022-10-01
0.0,2,PPI m/m|CPI y/y,Good|Good,6,2,4,33.3,66.7,0.5,2022-08-03_2022-09-01|2023-03-31_2023-04-29|2023-05-30_2023-06-28|2024-05-24_2024-06-22|2024-07-23_2024-08-21|2025-03-20_2025-04-18
0.0,2,PPI m/m|CPI y/y,Neutral|Neutral,2,1,1,50.0,50.0,1.0,2023-11-26_2023-12-25|2024-10-21_2024-11-19
0.1,2,PPI m/m|CPI y/y,Neutral|Neutral,6,5,1,83.3,16.7,5.0,2020-11-11_2020-12-10|2021-09-07_2021-10-06|2023-07-29_2023-08-27|2023-11-26_2023-12-25|2024-08-22_2024-09-20|2024-10-21_2024-11-19
0.1,2,PPI m/m|CPI y/y,Bad|Neutral,6,4,2,66.7,33.3,2.0,2021-02-09_2021-03-10|2021-12-06_2022-01-04|2022-10-02_2022-10-31|2024-04-24_2024-05-23|2024-11-20_2024-12-19|2025-07-18_2025-08-16
0.1,2,PPI m/m|CPI y/y,Bad|Bad,9,4,5,44.4,55.6,0.8,2021-05-10_2021-06-08|2021-06-09_2021-07-08|2021-07-09_2021-08-07|2022-07-04_2022-08-02|2023-01-30_2023-02-28|2023-09-27_2023-10-26|2024-01-25_2024-02-23|2024-02-24_2024-03-24|2025-01-19_2025-02-17
0.1,2,PPI m/m|CPI y/y,Neutral|Bad,6,4,2,66.7,33.3,2.0,2021-10-07_2021-11-05|2022-05-05_2022-06-03|2022-06-04_2022-07-03|2022-09-02_2022-10-01|2024-03-25_2024-04-23|2024-09-21_2024-10-20
0.1,2,PPI m/m|CPI y/y,Good|Neutral,7,5,2,71.4,28.6,2.5,2022-01-05_2022-02-03|2022-03-06_2022-04-04|2022-12-31_2023-01-29|2023-03-31_2023-04-29|2023-05-30_2023-06-28|2024-12-20_2025-01-18|2025-08-17_2025-09-15
0.1,2,PPI m/m|CPI y/y,Good|Good,3,2,1,66.7,33.3,2.0,2022-08-03_2022-09-01|2024-05-24_2024-06-22|2025-03-20_2025-04-18
0.1,2,PPI m/m|CPI y/y,Neutral|Good,2,1,1,50.0,50.0,1.0,2022-12-01_2022-12-30|2024-07-23_2024-08-21
0.1,2,PPI m/m|CPI y/y,Good|Bad,2,1,1,50.0,50.0,1.0,2023-12-26_2024-01-24|2025-06-18_2025-07-17
0.1,2,PPI m/m|CPI y/y,Bad|Good,1,1,0,100.0,0.0,inf,2026-02-13_2026-03-14
0.2,2,PPI m/m|CPI y/y,Neutral|Neutral,22,16,6,72.7,27.3,2.67,2020-11-11_2020-12-10|2021-09-07_2021-10-06|2021-10-07_2021-11-05|2022-01-05_2022-02-03|2022-03-06_2022-04-04|2022-10-02_2022-10-31|2023-05-30_2023-06-28|2023-07-29_2023-08-27|2023-09-27_2023-10-26|2023-11-26_2023-12-25|2023-12-26_2024-01-24|2024-03-25_2024-04-23|2024-04-24_2024-05-23|2024-07-23_2024-08-21|2024-08-22_2024-09-20|2024-09-21_2024-10-20|2024-10-21_2024-11-19|2024-11-20_2024-12-19|2024-12-20_2025-01-18|2025-01-19_2025-02-17|2025-06-18_2025-07-17|2026-02-13_2026-03-14
0.2,2,PPI m/m|CPI y/y,Bad|Neutral,4,1,3,25.0,75.0,0.33,2021-02-09_2021-03-10|2021-12-06_2022-01-04|2024-02-24_2024-03-24|2025-07-18_2025-08-16
0.2,2,PPI m/m|CPI y/y,Bad|Bad,5,2,3,40.0,60.0,0.67,2021-05-10_2021-06-08|2021-06-09_2021-07-08|2021-07-09_2021-08-07|2022-07-04_2022-08-02|2023-01-30_2023-02-28
0.2,2,PPI m/m|CPI y/y,Neutral|Bad,4,3,1,75.0,25.0,3.0,2022-05-05_2022-06-03|2022-06-04_2022-07-03|2022-09-02_2022-10-01|2024-01-25_2024-02-23
0.2,2,PPI m/m|CPI y/y,Good|Neutral,6,4,2,66.7,33.3,2.0,2022-08-03_2022-09-01|2022-12-31_2023-01-29|2023-03-31_2023-04-29|2024-05-24_2024-06-22|2025-03-20_2025-04-18|2025-08-17_2025-09-15
0.2,2,PPI m/m|CPI y/y,Neutral|Good,1,1,0,100.0,0.0,inf,2022-12-01_2022-12-30
0.3,2,PPI m/m|CPI y/y,Neutral|Neutral,29,20,9,69.0,31.0,2.22,2020-11-11_2020-12-10|2021-09-07_2021-10-06|2021-10-07_2021-11-05|2022-01-05_2022-02-03|2022-03-06_2022-04-04|2022-05-05_2022-06-03|2022-06-04_2022-07-03|2022-09-02_2022-10-01|2022-10-02_2022-10-31|2022-12-01_2022-12-30|2023-01-30_2023-02-28|2023-05-30_2023-06-28|2023-07-29_2023-08-27|2023-09-27_2023-10-26|2023-11-26_2023-12-25|2023-12-26_2024-01-24|2024-01-25_2024-02-23|2024-02-24_2024-03-24|2024-03-25_2024-04-23|2024-04-24_2024-05-23|2024-07-23_2024-08-21|2024-08-22_2024-09-20|2024-09-21_2024-10-20|2024-10-21_2024-11-19|2024-11-20_2024-12-19|2024-12-20_2025-01-18|2025-01-19_2025-02-17|2025-06-18_2025-07-17|2026-02-13_2026-03-14
0.3,2,PPI m/m|CPI y/y,Bad|Neutral,4,1,3,25.0,75.0,0.33,2021-02-09_2021-03-10|2021-06-09_2021-07-08|2021-12-06_2022-01-04|2025-07-18_2025-08-16
0.3,2,PPI m/m|CPI y/y,Neutral|Bad,1,1,0,100.0,0.0,inf,2021-05-10_2021-06-08
0.3,2,PPI m/m|CPI y/y,Bad|Bad,2,1,1,50.0,50.0,1.0,2021-07-09_2021-08-07|2022-07-04_2022-08-02
0.3,2,PPI m/m|CPI y/y,Good|Neutral,6,4,2,66.7,33.3,2.0,2022-08-03_2022-09-01|2022-12-31_2023-01-29|2023-03-31_2023-04-29|2024-05-24_2024-06-22|2025-03-20_2025-04-18|2025-08-17_2025-09-15
0.0,2,Core PPI m/m|FOMC,Neutral|Neutral,4,3,1,75.0,25.0,3.0,2023-05-30_2023-06-28|2024-10-21_2024-11-19|2024-11-20_2024-12-19|2025-01-19_2025-02-17
0.0,2,Core PPI m/m|FOMC,Good|Neutral,3,0,3,0.0,100.0,0.0,2023-11-26_2023-12-25|2024-05-24_2024-06-22|2024-07-23_2024-08-21
0.0,2,Core PPI m/m|FOMC,Bad|Good,1,1,0,100.0,0.0,inf,2024-08-22_2024-09-20
0.1,2,Core PPI m/m|FOMC,Neutral|Neutral,4,3,1,75.0,25.0,3.0,2023-05-30_2023-06-28|2024-10-21_2024-11-19|2024-11-20_2024-12-19|2025-01-19_2025-02-17
0.1,2,Core PPI m/m|FOMC,Good|Neutral,3,0,3,0.0,100.0,0.0,2023-11-26_2023-12-25|2024-05-24_2024-06-22|2024-07-23_2024-08-21
0.1,2,Core PPI m/m|FOMC,Neutral|Good,1,1,0,100.0,0.0,inf,2024-08-22_2024-09-20
0.2,2,Core PPI m/m|FOMC,Neutral|Neutral,6,3,3,50.0,50.0,1.0,2023-05-30_2023-06-28|2023-11-26_2023-12-25|2024-07-23_2024-08-21|2024-10-21_2024-11-19|2024-11-20_2024-12-19|2025-01-19_2025-02-17
0.2,2,Core PPI m/m|FOMC,Good|Neutral,1,0,1,0.0,100.0,0.0,2024-05-24_2024-06-22
0.2,2,Core PPI m/m|FOMC,Neutral|Good,1,1,0,100.0,0.0,inf,2024-08-22_2024-09-20
0.3,2,Core PPI m/m|FOMC,Neutral|Neutral,8,4,4,50.0,50.0,1.0,2023-05-30_2023-06-28|2023-11-26_2023-12-25|2024-05-24_2024-06-22|2024-07-23_2024-08-21|2024-08-22_2024-09-20|2024-10-21_2024-11-19|2024-11-20_2024-12-19|2025-01-19_2025-02-17
0.0,2,Core PPI m/m|CPI y/y,Good|Good,6,3,3,50.0,50.0,1.0,2020-11-11_2020-12-10|2022-08-03_2022-09-01|2023-03-31_2023-04-29|2024-05-24_2024-06-22|2024-07-23_2024-08-21|2025-03-20_2025-04-18
0.0,2,Core PPI m/m|CPI y/y,Bad|Neutral,5,4,1,80.0,20.0,4.0,2021-02-09_2021-03-10|2021-09-07_2021-10-06|2021-12-06_2022-01-04|2024-04-24_2024-05-23|2024-08-22_2024-09-20
0.0,2,Core PPI m/m|CPI y/y,Bad|Bad,8,4,4,50.0,50.0,1.0,2021-05-10_2021-06-08|2021-06-09_2021-07-08|2021-07-09_2021-08-07|2022-09-02_2022-10-01|2023-01-30_2023-02-28|2023-09-27_2023-10-26|2024-01-25_2024-02-23|2024-02-24_2024-03-24
0.0,2,Core PPI m/m|CPI y/y,Good|Bad,6,3,3,50.0,50.0,1.0,2021-10-07_2021-11-05|2022-05-05_2022-06-03|2022-06-04_2022-07-03|2022-07-04_2022-08-02|2023-12-26_2024-01-24|2025-06-18_2025-07-17
0.0,2,Core PPI m/m|CPI y/y,Neutral|Neutral,4,4,0,100.0,0.0,inf,2022-01-05_2022-02-03|2022-12-31_2023-01-29|2024-10-21_2024-11-19|2024-11-20_2024-12-19
0.0,2,Core PPI m/m|CPI y/y,Good|Neutral,4,3,1,75.0,25.0,3.0,2022-03-06_2022-04-04|2023-11-26_2023-12-25|2024-12-20_2025-01-18|2025-08-17_2025-09-15
0.0,2,Core PPI m/m|CPI y/y,Neutral|Bad,4,3,1,75.0,25.0,3.0,2022-10-02_2022-10-31|2024-03-25_2024-04-23|2024-09-21_2024-10-20|2025-01-19_2025-02-17
0.0,2,Core PPI m/m|CPI y/y,Bad|Good,4,3,1,75.0,25.0,3.0,2022-12-01_2022-12-30|2023-07-29_2023-08-27|2025-07-18_2025-08-16|2026-02-13_2026-03-14
0.0,2,Core PPI m/m|CPI y/y,Neutral|Good,1,0,1,0.0,100.0,0.0,2023-05-30_2023-06-28
0.1,2,Core PPI m/m|CPI y/y,Neutral|Neutral,10,9,1,90.0,10.0,9.0,2020-11-11_2020-12-10|2021-09-07_2021-10-06|2022-01-05_2022-02-03|2022-10-02_2022-10-31|2022-12-31_2023-01-29|2023-05-30_2023-06-28|2023-07-29_2023-08-27|2024-08-22_2024-09-20|2024-10-21_2024-11-19|2024-11-20_2024-12-19
0.1,2,Core PPI m/m|CPI y/y,Bad|Neutral,4,2,2,50.0,50.0,1.0,2021-02-09_2021-03-10|2021-12-06_2022-01-04|2024-04-24_2024-05-23|2025-07-18_2025-08-16
0.1,2,Core PPI m/m|CPI y/y,Bad|Bad,6,4,2,66.7,33.3,2.0,2021-05-10_2021-06-08|2021-06-09_2021-07-08|2021-07-09_2021-08-07|2022-09-02_2022-10-01|2023-01-30_2023-02-28|2024-01-25_2024-02-23
0.1,2,Core PPI m/m|CPI y/y,Good|Bad,4,2,2,50.0,50.0,1.0,2021-10-07_2021-11-05|2022-05-05_2022-06-03|2023-12-26_2024-01-24|2025-06-18_2025-07-17
0.1,2,Core PPI m/m|CPI y/y,Good|Neutral,5,3,2,60.0,40.0,1.5,2022-03-06_2022-04-04|2023-03-31_2023-04-29|2023-11-26_2023-12-25|2024-12-20_2025-01-18|2025-08-17_2025-09-15
0.1,2,Core PPI m/m|CPI y/y,Neutral|Bad,7,3,4,42.9,57.1,0.75,2022-06-04_2022-07-03|2022-07-04_2022-08-02|2023-09-27_2023-10-26|2024-02-24_2024-03-24|2024-03-25_2024-04-23|2024-09-21_2024-10-20|2025-01-19_2025-02-17
0.1,2,Core PPI m/m|CPI y/y,Good|Good,4,2,2,50.0,50.0,1.0,2022-08-03_2022-09-01|2024-05-24_2024-06-22|2024-07-23_2024-08-21|2025-03-20_2025-04-18
0.1,2,Core PPI m/m|CPI y/y,Bad|Good,2,2,0,100.0,0.0,inf,2022-12-01_2022-12-30|2026-02-13_2026-03-14
0.2,2,Core PPI m/m|CPI y/y,Neutral|Neutral,21,14,7,66.7,33.3,2.0,2020-11-11_2020-12-10|2021-09-07_2021-10-06|2022-01-05_2022-02-03|2022-08-03_2022-09-01|2022-10-02_2022-10-31|2022-12-31_2023-01-29|2023-05-30_2023-06-28|2023-07-29_2023-08-27|2023-09-27_2023-10-26|2023-11-26_2023-12-25|2023-12-26_2024-01-24|2024-02-24_2024-03-24|2024-03-25_2024-04-23|2024-07-23_2024-08-21|2024-08-22_2024-09-20|2024-09-21_2024-10-20|2024-10-21_2024-11-19|2024-11-20_2024-12-19|2024-12-20_2025-01-18|2025-01-19_2025-02-17|2025-06-18_2025-07-17
0.2,2,Core PPI m/m|CPI y/y,Bad|Neutral,5,3,2,60.0,40.0,1.5,2021-02-09_2021-03-10|2021-12-06_2022-01-04|2024-04-24_2024-05-23|2025-07-18_2025-08-16|2026-02-13_2026-03-14
0.2,2,Core PPI m/m|CPI y/y,Bad|Bad,3,3,0,100.0,0.0,inf,2021-05-10_2021-06-08|2021-07-09_2021-08-07|2024-01-25_2024-02-23
0.2,2,Core PPI m/m|CPI y/y,Neutral|Bad,6,2,4,33.3,66.7,0.5,2021-06-09_2021-07-08|2022-05-05_2022-06-03|2022-06-04_2022-07-03|2022-07-04_2022-08-02|2022-09-02_2022-10-01|2023-01-30_2023-02-28
0.2,2,Core PPI m/m|CPI y/y,Good|Neutral,6,4,2,66.7,33.3,2.0,2021-10-07_2021-11-05|2022-03-06_2022-04-04|2023-03-31_2023-04-29|2024-05-24_2024-06-22|2025-03-20_2025-04-18|2025-08-17_2025-09-15
0.2,2,Core PPI m/m|CPI y/y,Neutral|Good,1,1,0,100.0,0.0,inf,2022-12-01_2022-12-30
0.3,2,Core PPI m/m|CPI y/y,Neutral|Neutral,31,20,11,64.5,35.5,1.82,2020-11-11_2020-12-10|2021-06-09_2021-07-08|2021-09-07_2021-10-06|2021-10-07_2021-11-05|2021-12-06_2022-01-04|2022-01-05_2022-02-03|2022-05-05_2022-06-03|2022-06-04_2022-07-03|2022-08-03_2022-09-01|2022-09-02_2022-10-01|2022-10-02_2022-10-31|2022-12-01_2022-12-30|2022-12-31_2023-01-29|2023-01-30_2023-02-28|2023-05-30_2023-06-28|2023-07-29_2023-08-27|2023-09-27_2023-10-26|2023-11-26_2023-12-25|2023-12-26_2024-01-24|2024-02-24_2024-03-24|2024-03-25_2024-04-23|2024-04-24_2024-05-23|2024-05-24_2024-06-22|2024-07-23_2024-08-21|2024-08-22_2024-09-20|2024-09-21_2024-10-20|2024-10-21_2024-11-19|2024-11-20_2024-12-19|2024-12-20_2025-01-18|2025-01-19_2025-02-17|2025-06-18_2025-07-17
0.3,2,Core PPI m/m|CPI y/y,Bad|Neutral,4,2,2,50.0,50.0,1.0,2021-02-09_2021-03-10|2024-01-25_2024-02-23|2025-07-18_2025-08-16|2026-02-13_2026-03-14
0.3,2,Core PPI m/m|CPI y/y,Neutral|Bad,2,1,1,50.0,50.0,1.0,2021-05-10_2021-06-08|2022-07-04_2022-08-02
0.3,2,Core PPI m/m|CPI y/y,Bad|Bad,1,1,0,100.0,0.0,inf,2021-07-09_2021-08-07
0.3,2,Core PPI m/m|CPI y/y,Good|Neutral,4,3,1,75.0,25.0,3.0,2022-03-06_2022-04-04|2023-03-31_2023-04-29|2025-03-20_2025-04-18|2025-08-17_2025-09-15
0.0,2,FOMC|CPI y/y,Neutral|Good,3,0,3,0.0,100.0,0.0,2023-05-30_2023-06-28|2024-05-24_2024-06-22|2024-07-23_2024-08-21
0.0,2,FOMC|CPI y/y,Neutral|Neutral,3,2,1,66.7,33.3,2.0,2023-11-26_2023-12-25|2024-10-21_2024-11-19|2024-11-20_2024-12-19
0.0,2,FOMC|CPI y/y,Good|Neutral,1,1,0,100.0,0.0,inf,2024-08-22_2024-09-20
0.0,2,FOMC|CPI y/y,Neutral|Bad,1,1,0,100.0,0.0,inf,2025-01-19_2025-02-17
0.1,2,FOMC|CPI y/y,Neutral|Neutral,4,2,2,50.0,50.0,1.0,2023-05-30_2023-06-28|2023-11-26_2023-12-25|2024-10-21_2024-11-19|2024-11-20_2024-12-19
0.1,2,FOMC|CPI y/y,Neutral|Good,2,0,2,0.0,100.0,0.0,2024-05-24_2024-06-22|2024-07-23_2024-08-21
0.1,2,FOMC|CPI y/y,Good|Neutral,1,1,0,100.0,0.0,inf,2024-08-22_2024-09-20
0.1,2,FOMC|CPI y/y,Neutral|Bad,1,1,0,100.0,0.0,inf,2025-01-19_2025-02-17
0.2,2,FOMC|CPI y/y,Neutral|Neutral,7,3,4,42.9,57.1,0.75,2023-05-30_2023-06-28|2023-11-26_2023-12-25|2024-05-24_2024-06-22|2024-07-23_2024-08-21|2024-10-21_2024-11-19|2024-11-20_2024-12-19|2025-01-19_2025-02-17
0.2,2,FOMC|CPI y/y,Good|Neutral,1,1,0,100.0,0.0,inf,2024-08-22_2024-09-20
0.3,2,FOMC|CPI y/y,Neutral|Neutral,8,4,4,50.0,50.0,1.0,2023-05-30_2023-06-28|2023-11-26_2023-12-25|2024-05-24_2024-06-22|2024-07-23_2024-08-21|2024-08-22_2024-09-20|2024-10-21_2024-11-19|2024-11-20_2024-12-19|2025-01-19_2025-02-17
0.0,3,CPI m/m|Core CPI m/m|PPI m/m,Neutral|Good|Bad,2,1,1,50.0,50.0,1.0,2020-11-11_2020-12-10|2021-02-09_2021-03-10
0.0,3,CPI m/m|Core CPI m/m|PPI m/m,Bad|Bad|Bad,7,5,2,71.4,28.6,2.5,2021-05-10_2021-06-08|2021-06-09_2021-07-08|2021-07-09_2021-08-07|2022-07-04_2022-08-02|2022-10-02_2022-10-31|2024-01-25_2024-02-23|2025-01-19_2025-02-17
0.0,3,CPI m/m|Core CPI m/m|PPI m/m,Good|Good|Bad,2,2,0,100.0,0.0,inf,2021-09-07_2021-10-06|2022-12-01_2022-12-30
0.0,3,CPI m/m|Core CPI m/m|PPI m/m,Bad|Neutral|Good,3,3,0,100.0,0.0,inf,2021-10-07_2021-11-05|2023-12-26_2024-01-24|2025-08-17_2025-09-15
0.0,3,CPI m/m|Core CPI m/m|PPI m/m,Bad|Neutral|Bad,2,1,1,50.0,50.0,1.0,2021-12-06_2022-01-04|2023-09-27_2023-10-26
0.0,3,CPI m/m|Core CPI m/m|PPI m/m,Bad|Bad|Good,3,2,1,66.7,33.3,2.0,2022-01-05_2022-02-03|2024-03-25_2024-04-23|2024-09-21_2024-10-20
0.0,3,CPI m/m|Core CPI m/m|PPI m/m,Neutral|Neutral|Good,3,2,1,66.7,33.3,2.0,2022-03-06_2022-04-04|2022-12-31_2023-01-29|2024-07-23_2024-08-21
0.0,3,CPI m/m|Core CPI m/m|PPI m/m,Bad|Bad|Neutral,3,2,1,66.7,33.3,2.0,2022-05-05_2022-06-03|2022-06-04_2022-07-03|2022-09-02_2022-10-01
0.0,3,CPI m/m|Core CPI m/m|PPI m/m,Good|Good|Good,3,2,1,66.7,33.3,2.0,2022-08-03_2022-09-01|2024-05-24_2024-06-22|2025-03-20_2025-04-18
0.0,3,CPI m/m|Core CPI m/m|PPI m/m,Neutral|Neutral|Bad,4,2,2,50.0,50.0,1.0,2023-01-30_2023-02-28|2023-07-29_2023-08-27|2024-11-20_2024-12-19|2025-07-18_2025-08-16
0.0,3,CPI m/m|Core CPI m/m|PPI m/m,Good|Neutral|Good,2,0,2,0.0,100.0,0.0,2023-03-31_2023-04-29|2023-05-30_2023-06-28
0.0,3,CPI m/m|Core CPI m/m|PPI m/m,Bad|Neutral|Neutral,1,0,1,0.0,100.0,0.0,2023-11-26_2023-12-25
0.0,3,CPI m/m|Core CPI m/m|PPI m/m,Neutral|Bad|Bad,2,1,1,50.0,50.0,1.0,2024-02-24_2024-03-24|2024-08-22_2024-09-20
0.0,3,CPI m/m|Core CPI m/m|PPI m/m,Good|Neutral|Bad,2,2,0,100.0,0.0,inf,2024-04-24_2024-05-23|2026-02-13_2026-03-14
0.0,3,CPI m/m|Core CPI m/m|PPI m/m,Neutral|Neutral|Neutral,1,1,0,100.0,0.0,inf,2024-10-21_2024-11-19
0.0,3,CPI m/m|Core CPI m/m|PPI m/m,Neutral|Good|Good,2,1,1,50.0,50.0,1.0,2024-12-20_2025-01-18|2025-06-18_2025-07-17
0.1,3,CPI m/m|Core CPI m/m|PPI m/m,Neutral|Neutral|Neutral,7,4,3,57.1,42.9,1.33,2020-11-11_2020-12-10|2023-07-29_2023-08-27|2023-11-26_2023-12-25|2024-07-23_2024-08-21|2024-08-22_2024-09-20|2024-09-21_2024-10-20|2024-10-21_2024-11-19
0.1,3,CPI m/m|Core CPI m/m|PPI m/m,Neutral|Good|Bad,1,0,1,0.0,100.0,0.0,2021-02-09_2021-03-10
0.1,3,CPI m/m|Core CPI m/m|PPI m/m,Bad|Bad|Bad,6,4,2,66.7,33.3,2.0,2021-05-10_2021-06-08|2021-06-09_2021-07-08|2021-07-09_2021-08-07|2022-07-04_2022-08-02|2022-10-02_2022-10-31|2025-01-19_2025-02-17
0.1,3,CPI m/m|Core CPI m/m|PPI m/m,Good|Good|Neutral,1,1,0,100.0,0.0,inf,2021-09-07_2021-10-06
0.1,3,CPI m/m|Core CPI m/m|PPI m/m,Bad|Neutral|Neutral,2,2,0,100.0,0.0,inf,2021-10-07_2021-11-05|2022-06-04_2022-07-03
0.1,3,CPI m/m|Core CPI m/m|PPI m/m,Bad|Neutral|Bad,2,1,1,50.0,50.0,1.0,2021-12-06_2022-01-04|2023-09-27_2023-10-26
0.1,3,CPI m/m|Core CPI m/m|PPI m/m,Neutral|Neutral|Good,9,5,4,55.6,44.4,1.25,2022-01-05_2022-02-03|2022-03-06_2022-04-04|2022-12-31_2023-01-29|2023-03-31_2023-04-29|2023-05-30_2023-06-28|2023-12-26_2024-01-24|2024-05-24_2024-06-22|2024-12-20_2025-01-18|2025-06-18_2025-07-17
0.1,3,CPI m/m|Core CPI m/m|PPI m/m,Neutral|Bad|Neutral,1,0,1,0.0,100.0,0.0,2022-05-05_2022-06-03
0.1,3,CPI m/m|Core CPI m/m|PPI m/m,Good|Good|Good,2,2,0,100.0,0.0,inf,2022-08-03_2022-09-01|2025-03-20_2025-04-18
0.1,3,CPI m/m|Core CPI m/m|PPI m/m,Bad|Bad|Neutral,2,2,0,100.0,0.0,inf,2022-09-02_2022-10-01|2024-03-25_2024-04-23
0.1,3,CPI m/m|Core CPI m/m|PPI m/m,Good|Neutral|Neutral,1,1,0,100.0,0.0,inf,2022-12-01_2022-12-30
0.1,3,CPI m/m|Core CPI m/m|PPI m/m,Neutral|Neutral|Bad,4,2,2,50.0,50.0,1.0,2023-01-30_2023-02-28|2024-11-20_2024-12-19|2025-07-18_2025-08-16|2026-02-13_2026-03-14
0.1,3,CPI m/m|Core CPI m/m|PPI m/m,Neutral|Bad|Bad,2,1,1,50.0,50.0,1.0,2024-01-25_2024-02-23|2024-02-24_2024-03-24
0.1,3,CPI m/m|Core CPI m/m|PPI m/m,Good|Neutral|Bad,1,1,0,100.0,0.0,inf,2024-04-24_2024-05-23
0.1,3,CPI m/m|Core CPI m/m|PPI m/m,Bad|Neutral|Good,1,1,0,100.0,0.0,inf,2025-08-17_2025-09-15
0.2,3,CPI m/m|Core CPI m/m|PPI m/m,Neutral|Neutral|Neutral,25,18,7,72.0,28.0,2.57,2020-11-11_2020-12-10|2021-09-07_2021-10-06|2021-10-07_2021-11-05|2022-01-05_2022-02-03|2022-03-06_2022-04-04|2022-05-05_2022-06-03|2022-10-02_2022-10-31|2022-12-01_2022-12-30|2023-05-30_2023-06-28|2023-07-29_2023-08-27|2023-09-27_2023-10-26|2023-11-26_2023-12-25|2023-12-26_2024-01-24|2024-01-25_2024-02-23|2024-03-25_2024-04-23|2024-04-24_2024-05-23|2024-07-23_2024-08-21|2024-08-22_2024-09-20|2024-09-21_2024-10-20|2024-10-21_2024-11-19|2024-11-20_2024-12-19|2024-12-20_2025-01-18|2025-01-19_2025-02-17|2025-06-18_2025-07-17|2026-02-13_2026-03-14
0.2,3,CPI m/m|Core CPI m/m|PPI m/m,Neutral|Neutral|Bad,7,1,6,14.3,85.7,0.17,2021-02-09_2021-03-10|2021-06-09_2021-07-08|2021-12-06_2022-01-04|2022-07-04_2022-08-02|2023-01-30_2023-02-28|2024-02-24_2024-03-24|2025-07-18_2025-08-16
0.2,3,CPI m/m|Core CPI m/m|PPI m/m,Bad|Bad|Bad,2,2,0,100.0,0.0,inf,2021-05-10_2021-06-08|2021-07-09_2021-08-07
0.2,3,CPI m/m|Core CPI m/m|PPI m/m,Bad|Neutral|Neutral,1,1,0,100.0,0.0,inf,2022-06-04_2022-07-03
0.2,3,CPI m/m|Core CPI m/m|PPI m/m,Neutral|Neutral|Good,6,4,2,66.7,33.3,2.0,2022-08-03_2022-09-01|2022-12-31_2023-01-29|2023-03-31_2023-04-29|2024-05-24_2024-06-22|2025-03-20_2025-04-18|2025-08-17_2025-09-15
0.2,3,CPI m/m|Core CPI m/m|PPI m/m,Neutral|Bad|Neutral,1,1,0,100.0,0.0,inf,2022-09-02_2022-10-01
0.3,3,CPI m/m|Core CPI m/m|PPI m/m,Neutral|Neutral|Neutral,28,19,9,67.9,32.1,2.11,2020-11-11_2020-12-10|2021-09-07_2021-10-06|2021-10-07_2021-11-05|2022-01-05_2022-02-03|2022-03-06_2022-04-04|2022-05-05_2022-06-03|2022-09-02_2022-10-01|2022-10-02_2022-10-31|2022-12-01_2022-12-30|2023-01-30_2023-02-28|2023-05-30_2023-06-28|2023-07-29_2023-08-27|2023-09-27_2023-10-26|2023-11-26_2023-12-25|2023-12-26_2024-01-24|2024-01-25_2024-02-23|2024-02-24_2024-03-24|2024-03-25_2024-04-23|2024-04-24_2024-05-23|2024-07-23_2024-08-21|2024-08-22_2024-09-20|2024-09-21_2024-10-20|2024-10-21_2024-11-19|2024-11-20_2024-12-19|2024-12-20_2025-01-18|2025-01-19_2025-02-17|2025-06-18_2025-07-17|2026-02-13_2026-03-14
0.3,3,CPI m/m|Core CPI m/m|PPI m/m,Neutral|Neutral|Bad,5,1,4,20.0,80.0,0.25,2021-02-09_2021-03-10|2021-06-09_2021-07-08|2021-12-06_2022-01-04|2022-07-04_2022-08-02|2025-07-18_2025-08-16
0.3,3,CPI m/m|Core CPI m/m|PPI m/m,Bad|Bad|Neutral,1,1,0,100.0,0.0,inf,2021-05-10_2021-06-08
0.3,3,CPI m/m|Core CPI m/m|PPI m/m,Bad|Bad|Bad,1,1,0,100.0,0.0,inf,2021-07-09_2021-08-07
0.3,3,CPI m/m|Core CPI m/m|PPI m/m,Bad|Neutral|Neutral,1,1,0,100.0,0.0,inf,2022-06-04_2022-07-03
0.3,3,CPI m/m|Core CPI m/m|PPI m/m,Neutral|Neutral|Good,6,4,2,66.7,33.3,2.0,2022-08-03_2022-09-01|2022-12-31_2023-01-29|2023-03-31_2023-04-29|2024-05-24_2024-06-22|2025-03-20_2025-04-18|2025-08-17_2025-09-15
0.0,3,CPI m/m|Core CPI m/m|Core PPI m/m,Neutral|Good|Good,3,2,1,66.7,33.3,2.0,2020-11-11_2020-12-10|2024-12-20_2025-01-18|2025-06-18_2025-07-17
0.0,3,CPI m/m|Core CPI m/m|Core PPI m/m,Neutral|Good|Bad,1,0,1,0.0,100.0,0.0,2021-02-09_2021-03-10
0.0,3,CPI m/m|Core CPI m/m|Core PPI m/m,Bad|Bad|Bad,5,4,1,80.0,20.0,4.0,2021-05-10_2021-06-08|2021-06-09_2021-07-08|2021-07-09_2021-08-07|2022-09-02_2022-10-01|2024-01-25_2024-02-23
0.0,3,CPI m/m|Core CPI m/m|Core PPI m/m,Good|Good|Bad,2,2,0,100.0,0.0,inf,2021-09-07_2021-10-06|2022-12-01_2022-12-30
0.0,3,CPI m/m|Core CPI m/m|Core PPI m/m,Bad|Neutral|Good,4,3,1,75.0,25.0,3.0,2021-10-07_2021-11-05|2023-11-26_2023-12-25|2023-12-26_2024-01-24|2025-08-17_2025-09-15
0.0,3,CPI m/m|Core CPI m/m|Core PPI m/m,Bad|Neutral|Bad,2,1,1,50.0,50.0,1.0,2021-12-06_2022-01-04|2023-09-27_2023-10-26
0.0,3,CPI m/m|Core CPI m/m|Core PPI m/m,Bad|Bad|Neutral,5,4,1,80.0,20.0,4.0,2022-01-05_2022-02-03|2022-10-02_2022-10-31|2024-03-25_2024-04-23|2024-09-21_2024-10-20|2025-01-19_2025-02-17
0.0,3,CPI m/m|Core CPI m/m|Core PPI m/m,Neutral|Neutral|Good,2,1,1,50.0,50.0,1.0,2022-03-06_2022-04-04|2024-07-23_2024-08-21
0.0,3,CPI m/m|Core CPI m/m|Core PPI m/m,Bad|Bad|Good,3,1,2,33.3,66.7,0.5,2022-05-05_2022-06-03|2022-06-04_2022-07-03|2022-07-04_2022-08-02
0.0,3,CPI m/m|Core CPI m/m|Core PPI m/m,Good|Good|Good,3,2,1,66.7,33.3,2.0,2022-08-03_2022-09-01|2024-05-24_2024-06-22|2025-03-20_2025-04-18
0.0,3,CPI m/m|Core CPI m/m|Core PPI m/m,Neutral|Neutral|Neutral,3,3,0,100.0,0.0,inf,2022-12-31_2023-01-29|2024-10-21_2024-11-19|2024-11-20_2024-12-19
0.0,3,CPI m/m|Core CPI m/m|Core PPI m/m,Neutral|Neutral|Bad,3,1,2,33.3,66.7,0.5,2023-01-30_2023-02-28|2023-07-29_2023-08-27|2025-07-18_2025-08-16
0.0,3,CPI m/m|Core CPI m/m|Core PPI m/m,Good|Neutral|Good,1,0,1,0.0,100.0,0.0,2023-03-31_2023-04-29
0.0,3,CPI m/m|Core CPI m/m|Core PPI m/m,Good|Neutral|Neutral,1,0,1,0.0,100.0,0.0,2023-05-30_2023-06-28
0.0,3,CPI m/m|Core CPI m/m|Core PPI m/m,Neutral|Bad|Bad,2,1,1,50.0,50.0,1.0,2024-02-24_2024-03-24|2024-08-22_2024-09-20
0.0,3,CPI m/m|Core CPI m/m|Core PPI m/m,Good|Neutral|Bad,2,2,0,100.0,0.0,inf,2024-04-24_2024-05-23|2026-02-13_2026-03-14
0.1,3,CPI m/m|Core CPI m/m|Core PPI m/m,Neutral|Neutral|Neutral,9,7,2,77.8,22.2,3.5,2020-11-11_2020-12-10|2022-01-05_2022-02-03|2022-12-31_2023-01-29|2023-05-30_2023-06-28|2023-07-29_2023-08-27|2024-08-22_2024-09-20|2024-09-21_2024-10-20|2024-10-21_2024-11-19|2024-11-20_2024-12-19
0.1,3,CPI m/m|Core CPI m/m|Core PPI m/m,Neutral|Good|Bad,1,0,1,0.0,100.0,0.0,2021-02-09_2021-03-10
0.1,3,CPI m/m|Core CPI m/m|Core PPI m/m,Bad|Bad|Bad,4,3,1,75.0,25.0,3.0,2021-05-10_2021-06-08|2021-06-09_2021-07-08|2021-07-09_2021-08-07|2022-09-02_2022-10-01
0.1,3,CPI m/m|Core CPI m/m|Core PPI m/m,Good|Good|Neutral,1,1,0,100.0,0.0,inf,2021-09-07_2021-10-06
0.1,3,CPI m/m|Core CPI m/m|Core PPI m/m,Bad|Neutral|Good,2,2,0,100.0,0.0,inf,2021-10-07_2021-11-05|2025-08-17_2025-09-15
0.1,3,CPI m/m|Core CPI m/m|Core PPI m/m,Bad|Neutral|Bad,1,1,0,100.0,0.0,inf,2021-12-06_2022-01-04
0.1,3,CPI m/m|Core CPI m/m|Core PPI m/m,Neutral|Neutral|Good,8,3,5,37.5,62.5,0.6,2022-03-06_2022-04-04|2023-03-31_2023-04-29|2023-11-26_2023-12-25|2023-12-26_2024-01-24|2024-05-24_2024-06-22|2024-07-23_2024-08-21|2024-12-20_2025-01-18|2025-06-18_2025-07-17
0.1,3,CPI m/m|Core CPI m/m|Core PPI m/m,Neutral|Bad|Good,1,0,1,0.0,100.0,0.0,2022-05-05_2022-06-03
0.1,3,CPI m/m|Core CPI m/m|Core PPI m/m,Bad|Neutral|Neutral,2,1,1,50.0,50.0,1.0,2022-06-04_2022-07-03|2023-09-27_2023-10-26
0.1,3,CPI m/m|Core CPI m/m|Core PPI m/m,Bad|Bad|Neutral,4,3,1,75.0,25.0,3.0,2022-07-04_2022-08-02|2022-10-02_2022-10-31|2024-03-25_2024-04-23|2025-01-19_2025-02-17
0.1,3,CPI m/m|Core CPI m/m|Core PPI m/m,Good|Good|Good,2,2,0,100.0,0.0,inf,2022-08-03_2022-09-01|2025-03-20_2025-04-18
0.1,3,CPI m/m|Core CPI m/m|Core PPI m/m,Good|Neutral|Bad,2,2,0,100.0,0.0,inf,2022-12-01_2022-12-30|2024-04-24_2024-05-23
0.1,3,CPI m/m|Core CPI m/m|Core PPI m/m,Neutral|Neutral|Bad,3,1,2,33.3,66.7,0.5,2023-01-30_2023-02-28|2025-07-18_2025-08-16|2026-02-13_2026-03-14
0.1,3,CPI m/m|Core CPI m/m|Core PPI m/m,Neutral|Bad|Bad,1,1,0,100.0,0.0,inf,2024-01-25_2024-02-23
0.1,3,CPI m/m|Core CPI m/m|Core PPI m/m,Neutral|Bad|Neutral,1,0,1,0.0,100.0,0.0,2024-02-24_2024-03-24
0.2,3,CPI m/m|Core CPI m/m|Core PPI m/m,Neutral|Neutral|Neutral,26,15,11,57.7,42.3,1.36,2020-11-11_2020-12-10|2021-06-09_2021-07-08|2021-09-07_2021-10-06|2022-01-05_2022-02-03|2022-05-05_2022-06-03|2022-07-04_2022-08-02|2022-08-03_2022-09-01|2022-10-02_2022-10-31|2022-12-01_2022-12-30|2022-12-31_2023-01-29|2023-01-30_2023-02-28|2023-05-30_2023-06-28|2023-07-29_2023-08-27|2023-09-27_2023-10-26|2023-11-26_2023-12-25|2023-12-26_2024-01-24|2024-02-24_2024-03-24|2024-03-25_2024-04-23|2024-07-23_2024-08-21|2024-08-22_2024-09-20|2024-09-21_2024-10-20|2024-10-21_2024-11-19|2024-11-20_2024-12-19|2024-12-20_2025-01-18|2025-01-19_2025-02-17|2025-06-18_2025-07-17
0.2,3,CPI m/m|Core CPI m/m|Core PPI m/m,Neutral|Neutral|Bad,6,4,2,66.7,33.3,2.0,2021-02-09_2021-03-10|2021-12-06_2022-01-04|2024-01-25_2024-02-23|2024-04-24_2024-05-23|2025-07-18_2025-08-16|2026-02-13_2026-03-14
0.2,3,CPI m/m|Core CPI m/m|Core PPI m/m,Bad|Bad|Bad,2,2,0,100.0,0.0,inf,2021-05-10_2021-06-08|2021-07-09_2021-08-07
0.2,3,CPI m/m|Core CPI m/m|Core PPI m/m,Neutral|Neutral|Good,6,4,2,66.7,33.3,2.0,2021-10-07_2021-11-05|2022-03-06_2022-04-04|2023-03-31_2023-04-29|2024-05-24_2024-06-22|2025-03-20_2025-04-18|2025-08-17_2025-09-15
0.2,3,CPI m/m|Core CPI m/m|Core PPI m/m,Bad|Neutral|Neutral,1,1,0,100.0,0.0,inf,2022-06-04_2022-07-03
0.2,3,CPI m/m|Core CPI m/m|Core PPI m/m,Neutral|Bad|Neutral,1,1,0,100.0,0.0,inf,2022-09-02_2022-10-01
0.3,3,CPI m/m|Core CPI m/m|Core PPI m/m,Neutral|Neutral|Neutral,31,19,12,61.3,38.7,1.58,2020-11-11_2020-12-10|2021-06-09_2021-07-08|2021-09-07_2021-10-06|2021-10-07_2021-11-05|2021-12-06_2022-01-04|2022-01-05_2022-02-03|2022-05-05_2022-06-03|2022-07-04_2022-08-02|2022-08-03_2022-09-01|2022-09-02_2022-10-01|2022-10-02_2022-10-31|2022-12-01_2022-12-30|2022-12-31_2023-01-29|2023-01-30_2023-02-28|2023-05-30_2023-06-28|2023-07-29_2023-08-27|2023-09-27_2023-10-26|2023-11-26_2023-12-25|2023-12-26_2024-01-24|2024-02-24_2024-03-24|2024-03-25_2024-04-23|2024-04-24_2024-05-23|2024-05-24_2024-06-22|2024-07-23_2024-08-21|2024-08-22_2024-09-20|2024-09-21_2024-10-20|2024-10-21_2024-11-19|2024-11-20_2024-12-19|2024-12-20_2025-01-18|2025-01-19_2025-02-17|2025-06-18_2025-07-17
0.3,3,CPI m/m|Core CPI m/m|Core PPI m/m,Neutral|Neutral|Bad,4,2,2,50.0,50.0,1.0,2021-02-09_2021-03-10|2024-01-25_2024-02-23|2025-07-18_2025-08-16|2026-02-13_2026-03-14
0.3,3,CPI m/m|Core CPI m/m|Core PPI m/m,Bad|Bad|Neutral,1,1,0,100.0,0.0,inf,2021-05-10_2021-06-08
0.3,3,CPI m/m|Core CPI m/m|Core PPI m/m,Bad|Bad|Bad,1,1,0,100.0,0.0,inf,2021-07-09_2021-08-07
0.3,3,CPI m/m|Core CPI m/m|Core PPI m/m,Neutral|Neutral|Good,4,3,1,75.0,25.0,3.0,2022-03-06_2022-04-04|2023-03-31_2023-04-29|2025-03-20_2025-04-18|2025-08-17_2025-09-15
0.3,3,CPI m/m|Core CPI m/m|Core PPI m/m,Bad|Neutral|Neutral,1,1,0,100.0,0.0,inf,2022-06-04_2022-07-03
0.0,3,CPI m/m|Core CPI m/m|FOMC,Good|Neutral|Neutral,1,0,1,0.0,100.0,0.0,2023-05-30_2023-06-28
0.0,3,CPI m/m|Core CPI m/m|FOMC,Bad|Neutral|Neutral,1,0,1,0.0,100.0,0.0,2023-11-26_2023-12-25
0.0,3,CPI m/m|Core CPI m/m|FOMC,Good|Good|Neutral,1,0,1,0.0,100.0,0.0,2024-05-24_2024-06-22
0.0,3,CPI m/m|Core CPI m/m|FOMC,Neutral|Neutral|Neutral,3,2,1,66.7,33.3,2.0,2024-07-23_2024-08-21|2024-10-21_2024-11-19|2024-11-20_2024-12-19
0.0,3,CPI m/m|Core CPI m/m|FOMC,Neutral|Bad|Good,1,1,0,100.0,0.0,inf,2024-08-22_2024-09-20
0.0,3,CPI m/m|Core CPI m/m|FOMC,Bad|Bad|Neutral,1,1,0,100.0,0.0,inf,2025-01-19_2025-02-17
0.1,3,CPI m/m|Core CPI m/m|FOMC,Neutral|Neutral|Neutral,6,2,4,33.3,66.7,0.5,2023-05-30_2023-06-28|2023-11-26_2023-12-25|2024-05-24_2024-06-22|2024-07-23_2024-08-21|2024-10-21_2024-11-19|2024-11-20_2024-12-19
0.1,3,CPI m/m|Core CPI m/m|FOMC,Neutral|Neutral|Good,1,1,0,100.0,0.0,inf,2024-08-22_2024-09-20
0.1,3,CPI m/m|Core CPI m/m|FOMC,Bad|Bad|Neutral,1,1,0,100.0,0.0,inf,2025-01-19_2025-02-17
0.2,3,CPI m/m|Core CPI m/m|FOMC,Neutral|Neutral|Neutral,7,3,4,42.9,57.1,0.75,2023-05-30_2023-06-28|2023-11-26_2023-12-25|2024-05-24_2024-06-22|2024-07-23_2024-08-21|2024-10-21_2024-11-19|2024-11-20_2024-12-19|2025-01-19_2025-02-17
0.2,3,CPI m/m|Core CPI m/m|FOMC,Neutral|Neutral|Good,1,1,0,100.0,0.0,inf,2024-08-22_2024-09-20
0.3,3,CPI m/m|Core CPI m/m|FOMC,Neutral|Neutral|Neutral,8,4,4,50.0,50.0,1.0,2023-05-30_2023-06-28|2023-11-26_2023-12-25|2024-05-24_2024-06-22|2024-07-23_2024-08-21|2024-08-22_2024-09-20|2024-10-21_2024-11-19|2024-11-20_2024-12-19|2025-01-19_2025-02-17
0.0,3,CPI m/m|Core CPI m/m|CPI y/y,Neutral|Good|Good,2,2,0,100.0,0.0,inf,2020-11-11_2020-12-10|2025-12-15_2026-01-13
0.0,3,CPI m/m|Core CPI m/m|CPI y/y,Neutral|Good|Neutral,2,1,1,50.0,50.0,1.0,2021-02-09_2021-03-10|2024-12-20_2025-01-18
0.0,3,CPI m/m|Core CPI m/m|CPI y/y,Bad|Bad|Bad,13,9,4,69.2,30.8,2.25,2021-04-10_2021-05-09|2021-05-10_2021-06-08|2021-06-09_2021-07-08|2021-07-09_2021-08-07|2022-05-05_2022-06-03|2022-06-04_2022-07-03|2022-07-04_2022-08-02|2022-09-02_2022-10-01|2022-10-02_2022-10-31|2024-01-25_2024-02-23|2024-03-25_2024-04-23|2024-09-21_2024-10-20|2025-01-19_2025-02-17
0.0,3,CPI m/m|Core CPI m/m|CPI y/y,Good|Good|Neutral,1,1,0,100.0,0.0,inf,2021-09-07_2021-10-06
0.0,3,CPI m/m|Core CPI m/m|CPI y/y,Bad|Neutral|Bad,3,2,1,66.7,33.3,2.0,2021-10-07_2021-11-05|2023-09-27_2023-10-26|2023-12-26_2024-01-24
0.0,3,CPI m/m|Core CPI m/m|CPI y/y,Bad|Neutral|Neutral,3,2,1,66.7,33.3,2.0,2021-12-06_2022-01-04|2023-11-26_2023-12-25|2025-08-17_2025-09-15
0.0,3,CPI m/m|Core CPI m/m|CPI y/y,Bad|Bad|Neutral,1,1,0,100.0,0.0,inf,2022-01-05_2022-02-03
0.0,3,CPI m/m|Core CPI m/m|CPI y/y,Neutral|Neutral|Neutral,4,4,0,100.0,0.0,inf,2022-03-06_2022-04-04|2022-12-31_2023-01-29|2024-10-21_2024-11-19|2024-11-20_2024-12-19
0.0,3,CPI m/m|Core CPI m/m|CPI y/y,Good|Good|Good,5,4,1,80.0,20.0,4.0,2022-08-03_2022-09-01|2022-12-01_2022-12-30|2024-05-24_2024-06-22|2025-03-20_2025-04-18|2025-10-16_2025-11-14
0.0,3,CPI m/m|Core CPI m/m|CPI y/y,Neutral|Neutral|Bad,1,0,1,0.0,100.0,0.0,2023-01-30_2023-02-28
0.0,3,CPI m/m|Core CPI m/m|CPI y/y,Good|Neutral|Good,3,1,2,33.3,66.7,0.5,2023-03-31_2023-04-29|2023-05-30_2023-06-28|2026-02-13_2026-03-14
0.0,3,CPI m/m|Core CPI m/m|CPI y/y,Neutral|Neutral|Good,3,1,2,33.3,66.7,0.5,2023-07-29_2023-08-27|2024-07-23_2024-08-21|2025-07-18_2025-08-16
0.0,3,CPI m/m|Core CPI m/m|CPI y/y,Neutral|Bad|Bad,1,0,1,0.0,100.0,0.0,2024-02-24_2024-03-24
0.0,3,CPI m/m|Core CPI m/m|CPI y/y,Good|Neutral|Neutral,1,1,0,100.0,0.0,inf,2024-04-24_2024-05-23
0.0,3,CPI m/m|Core CPI m/m|CPI y/y,Neutral|Bad|Neutral,1,1,0,100.0,0.0,inf,2024-08-22_2024-09-20
0.0,3,CPI m/m|Core CPI m/m|CPI y/y,Neutral|Good|Bad,1,0,1,0.0,100.0,0.0,2025-06-18_2025-07-17
0.1,3,CPI m/m|Core CPI m/m|CPI y/y,Neutral|Neutral|Neutral,13,9,4,69.2,30.8,2.25,2020-11-11_2020-12-10|2022-01-05_2022-02-03|2022-03-06_2022-04-04|2022-12-31_2023-01-29|2023-03-31_2023-04-29|2023-05-30_2023-06-28|2023-07-29_2023-08-27|2023-11-26_2023-12-25|2024-08-22_2024-09-20|2024-10-21_2024-11-19|2024-11-20_2024-12-19|2024-12-20_2025-01-18|2025-07-18_2025-08-16
0.1,3,CPI m/m|Core CPI m/m|CPI y/y,Neutral|Good|Neutral,1,0,1,0.0,100.0,0.0,2021-02-09_2021-03-10
0.1,3,CPI m/m|Core CPI m/m|CPI y/y,Neutral|Neutral|Bad,5,2,3,40.0,60.0,0.67,2021-04-10_2021-05-09|2023-01-30_2023-02-28|2023-12-26_2024-01-24|2024-09-21_2024-10-20|2025-06-18_2025-07-17
0.1,3,CPI m/m|Core CPI m/m|CPI y/y,Bad|Bad|Bad,7,5,2,71.4,28.6,2.5,2021-05-10_2021-06-08|2021-06-09_2021-07-08|2021-07-09_2021-08-07|2022-07-04_2022-08-02|2022-09-02_2022-10-01|2024-03-25_2024-04-23|2025-01-19_2025-02-17
0.1,3,CPI m/m|Core CPI m/m|CPI y/y,Good|Good|Neutral,1,1,0,100.0,0.0,inf,2021-09-07_2021-10-06
0.1,3,CPI m/m|Core CPI m/m|CPI y/y,Bad|Neutral|Bad,3,2,1,66.7,33.3,2.0,2021-10-07_2021-11-05|2022-06-04_2022-07-03|2023-09-27_2023-10-26
0.1,3,CPI m/m|Core CPI m/m|CPI y/y,Bad|Neutral|Neutral,2,2,0,100.0,0.0,inf,2021-12-06_2022-01-04|2025-08-17_2025-09-15
0.1,3,CPI m/m|Core CPI m/m|CPI y/y,Neutral|Bad|Bad,3,1,2,33.3,66.7,0.5,2022-05-05_2022-06-03|2024-01-25_2024-02-23|2024-02-24_2024-03-24
0.1,3,CPI m/m|Core CPI m/m|CPI y/y,Good|Good|Good,2,2,0,100.0,0.0,inf,2022-08-03_2022-09-01|2025-03-20_2025-04-18
0.1,3,CPI m/m|Core CPI m/m|CPI y/y,Bad|Bad|Neutral,1,1,0,100.0,0.0,inf,2022-10-02_2022-10-31
0.1,3,CPI m/m|Core CPI m/m|CPI y/y,Good|Neutral|Good,2,2,0,100.0,0.0,inf,2022-12-01_2022-12-30|2025-10-16_2025-11-14
0.1,3,CPI m/m|Core CPI m/m|CPI y/y,Good|Neutral|Neutral,1,1,0,100.0,0.0,inf,2024-04-24_2024-05-23
0.1,3,CPI m/m|Core CPI m/m|CPI y/y,Neutral|Neutral|Good,4,2,2,50.0,50.0,1.0,2024-05-24_2024-06-22|2024-07-23_2024-08-21|2025-12-15_2026-01-13|2026-02-13_2026-03-14
0.2,3,CPI m/m|Core CPI m/m|CPI y/y,Neutral|Neutral|Neutral,35,24,11,68.6,31.4,2.18,2020-11-11_2020-12-10|2021-02-09_2021-03-10|2021-04-10_2021-05-09|2021-09-07_2021-10-06|2021-10-07_2021-11-05|2021-12-06_2022-01-04|2022-01-05_2022-02-03|2022-03-06_2022-04-04|2022-08-03_2022-09-01|2022-10-02_2022-10-31|2022-12-31_2023-01-29|2023-03-31_2023-04-29|2023-05-30_2023-06-28|2023-07-29_2023-08-27|2023-09-27_2023-10-26|2023-11-26_2023-12-25|2023-12-26_2024-01-24|2024-02-24_2024-03-24|2024-03-25_2024-04-23|2024-04-24_2024-05-23|2024-05-24_2024-06-22|2024-07-23_2024-08-21|2024-08-22_2024-09-20|2024-09-21_2024-10-20|2024-10-21_2024-11-19|2024-11-20_2024-12-19|2024-12-20_2025-01-18|2025-01-19_2025-02-17|2025-03-20_2025-04-18|2025-06-18_2025-07-17|2025-07-18_2025-08-16|2025-08-17_2025-09-15|2025-10-16_2025-11-14|2025-12-15_2026-01-13|2026-02-13_2026-03-14
0.2,3,CPI m/m|Core CPI m/m|CPI y/y,Bad|Bad|Bad,2,2,0,100.0,0.0,inf,2021-05-10_2021-06-08|2021-07-09_2021-08-07
0.2,3,CPI m/m|Core CPI m/m|CPI y/y,Neutral|Neutral|Bad,5,1,4,20.0,80.0,0.25,2021-06-09_2021-07-08|2022-05-05_2022-06-03|2022-07-04_2022-08-02|2023-01-30_2023-02-28|2024-01-25_2024-02-23
0.2,3,CPI m/m|Core CPI m/m|CPI y/y,Bad|Neutral|Bad,1,1,0,100.0,0.0,inf,2022-06-04_2022-07-03
0.2,3,CPI m/m|Core CPI m/m|CPI y/y,Neutral|Bad|Bad,1,1,0,100.0,0.0,inf,2022-09-02_2022-10-01
0.2,3,CPI m/m|Core CPI m/m|CPI y/y,Neutral|Neutral|Good,1,1,0,100.0,0.0,inf,2022-12-01_2022-12-30
0.3,3,CPI m/m|Core CPI m/m|CPI y/y,Neutral|Neutral|Neutral,41,27,14,65.9,34.1,1.93,2020-11-11_2020-12-10|2021-02-09_2021-03-10|2021-04-10_2021-05-09|2021-06-09_2021-07-08|2021-09-07_2021-10-06|2021-10-07_2021-11-05|2021-12-06_2022-01-04|2022-01-05_2022-02-03|2022-03-06_2022-04-04|2022-05-05_2022-06-03|2022-08-03_2022-09-01|2022-09-02_2022-10-01|2022-10-02_2022-10-31|2022-12-01_2022-12-30|2022-12-31_2023-01-29|2023-01-30_2023-02-28|2023-03-31_2023-04-29|2023-05-30_2023-06-28|2023-07-29_2023-08-27|2023-09-27_2023-10-26|2023-11-26_2023-12-25|2023-12-26_2024-01-24|2024-01-25_2024-02-23|2024-02-24_2024-03-24|2024-03-25_2024-04-23|2024-04-24_2024-05-23|2024-05-24_2024-06-22|2024-07-23_2024-08-21|2024-08-22_2024-09-20|2024-09-21_2024-10-20|2024-10-21_2024-11-19|2024-11-20_2024-12-19|2024-12-20_2025-01-18|2025-01-19_2025-02-17|2025-03-20_2025-04-18|2025-06-18_2025-07-17|2025-07-18_2025-08-16|2025-08-17_2025-09-15|2025-10-16_2025-11-14|2025-12-15_2026-01-13|2026-02-13_2026-03-14
0.3,3,CPI m/m|Core CPI m/m|CPI y/y,Bad|Bad|Bad,2,2,0,100.0,0.0,inf,2021-05-10_2021-06-08|2021-07-09_2021-08-07
0.3,3,CPI m/m|Core CPI m/m|CPI y/y,Bad|Neutral|Neutral,1,1,0,100.0,0.0,inf,2022-06-04_2022-07-03
0.3,3,CPI m/m|Core CPI m/m|CPI y/y,Neutral|Neutral|Bad,1,0,1,0.0,100.0,0.0,2022-07-04_2022-08-02
0.0,3,CPI m/m|PPI m/m|Core PPI m/m,Neutral|Bad|Good,1,1,0,100.0,0.0,inf,2020-11-11_2020-12-10
0.0,3,CPI m/m|PPI m/m|Core PPI m/m,Neutral|Bad|Bad,6,2,4,33.3,66.7,0.5,2021-02-09_2021-03-10|2023-01-30_2023-02-28|2023-07-29_2023-08-27|2024-02-24_2024-03-24|2024-08-22_2024-09-20|2025-07-18_2025-08-16
0.0,3,CPI m/m|PPI m/m|Core PPI m/m,Bad|Bad|Bad,6,4,2,66.7,33.3,2.0,2021-05-10_2021-06-08|2021-06-09_2021-07-08|2021-07-09_2021-08-07|2021-12-06_2022-01-04|2023-09-27_2023-10-26|2024-01-25_2024-02-23
0.0,3,CPI m/m|PPI m/m|Core PPI m/m,Good|Bad|Bad,4,4,0,100.0,0.0,inf,2021-09-07_2021-10-06|2022-12-01_2022-12-30|2024-04-24_2024-05-23|2026-02-13_2026-03-14
0.0,3,CPI m/m|PPI m/m|Core PPI m/m,Bad|Good|Good,3,3,0,100.0,0.0,inf,2021-10-07_2021-11-05|2023-12-26_2024-01-24|2025-08-17_2025-09-15
0.0,3,CPI m/m|PPI m/m|Core PPI m/m,Bad|Good|Neutral,3,2,1,66.7,33.3,2.0,2022-01-05_2022-02-03|2024-03-25_2024-04-23|2024-09-21_2024-10-20
0.0,3,CPI m/m|PPI m/m|Core PPI m/m,Neutral|Good|Good,4,2,2,50.0,50.0,1.0,2022-03-06_2022-04-04|2024-07-23_2024-08-21|2024-12-20_2025-01-18|2025-06-18_2025-07-17
0.0,3,CPI m/m|PPI m/m|Core PPI m/m,Bad|Neutral|Good,3,1,2,33.3,66.7,0.5,2022-05-05_2022-06-03|2022-06-04_2022-07-03|2023-11-26_2023-12-25
0.0,3,CPI m/m|PPI m/m|Core PPI m/m,Bad|Bad|Good,1,0,1,0.0,100.0,0.0,2022-07-04_2022-08-02
0.0,3,CPI m/m|PPI m/m|Core PPI m/m,Good|Good|Good,4,2,2,50.0,50.0,1.0,2022-08-03_2022-09-01|2023-03-31_2023-04-29|2024-05-24_2024-06-22|2025-03-20_2025-04-18
0.0,3,CPI m/m|PPI m/m|Core PPI m/m,Bad|Neutral|Bad,1,1,0,100.0,0.0,inf,2022-09-02_2022-10-01
0.0,3,CPI m/m|PPI m/m|Core PPI m/m,Bad|Bad|Neutral,2,2,0,100.0,0.0,inf,2022-10-02_2022-10-31|2025-01-19_2025-02-17
0.0,3,CPI m/m|PPI m/m|Core PPI m/m,Neutral|Good|Neutral,1,1,0,100.0,0.0,inf,2022-12-31_2023-01-29
0.0,3,CPI m/m|PPI m/m|Core PPI m/m,Good|Good|Neutral,1,0,1,0.0,100.0,0.0,2023-05-30_2023-06-28
0.0,3,CPI m/m|PPI m/m|Core PPI m/m,Neutral|Neutral|Neutral,1,1,0,100.0,0.0,inf,2024-10-21_2024-11-19
0.0,3,CPI m/m|PPI m/m|Core PPI m/m,Neutral|Bad|Neutral,1,1,0,100.0,0.0,inf,2024-11-20_2024-12-19
0.1,3,CPI m/m|PPI m/m|Core PPI m/m,Neutral|Neutral|Neutral,5,4,1,80.0,20.0,4.0,2020-11-11_2020-12-10|2023-07-29_2023-08-27|2024-08-22_2024-09-20|2024-09-21_2024-10-20|2024-10-21_2024-11-19
0.1,3,CPI m/m|PPI m/m|Core PPI m/m,Neutral|Bad|Bad,5,2,3,40.0,60.0,0.67,2021-02-09_2021-03-10|2023-01-30_2023-02-28|2024-01-25_2024-02-23|2025-07-18_2025-08-16|2026-02-13_2026-03-14
0.1,3,CPI m/m|PPI m/m|Core PPI m/m,Bad|Bad|Bad,4,3,1,75.0,25.0,3.0,2021-05-10_2021-06-08|2021-06-09_2021-07-08|2021-07-09_2021-08-07|2021-12-06_2022-01-04
0.1,3,CPI m/m|PPI m/m|Core PPI m/m,Good|Neutral|Neutral,1,1,0,100.0,0.0,inf,2021-09-07_2021-10-06
0.1,3,CPI m/m|PPI m/m|Core PPI m/m,Bad|Neutral|Good,1,1,0,100.0,0.0,inf,2021-10-07_2021-11-05
0.1,3,CPI m/m|PPI m/m|Core PPI m/m,Neutral|Good|Neutral,3,2,1,66.7,33.3,2.0,2022-01-05_2022-02-03|2022-12-31_2023-01-29|2023-05-30_2023-06-28
0.1,3,CPI m/m|PPI m/m|Core PPI m/m,Neutral|Good|Good,6,3,3,50.0,50.0,1.0,2022-03-06_2022-04-04|2023-03-31_2023-04-29|2023-12-26_2024-01-24|2024-05-24_2024-06-22|2024-12-20_2025-01-18|2025-06-18_2025-07-17
0.1,3,CPI m/m|PPI m/m|Core PPI m/m,Neutral|Neutral|Good,3,0,3,0.0,100.0,0.0,2022-05-05_2022-06-03|2023-11-26_2023-12-25|2024-07-23_2024-08-21
0.1,3,CPI m/m|PPI m/m|Core PPI m/m,Bad|Neutral|Neutral,2,2,0,100.0,0.0,inf,2022-06-04_2022-07-03|2024-03-25_2024-04-23
0.1,3,CPI m/m|PPI m/m|Core PPI m/m,Bad|Bad|Neutral,4,2,2,50.0,50.0,1.0,2022-07-04_2022-08-02|2022-10-02_2022-10-31|2023-09-27_2023-10-26|2025-01-19_2025-02-17
0.1,3,CPI m/m|PPI m/m|Core PPI m/m,Good|Good|Good,2,2,0,100.0,0.0,inf,2022-08-03_2022-09-01|2025-03-20_2025-04-18
0.1,3,CPI m/m|PPI m/m|Core PPI m/m,Bad|Neutral|Bad,1,1,0,100.0,0.0,inf,2022-09-02_2022-10-01
0.1,3,CPI m/m|PPI m/m|Core PPI m/m,Good|Neutral|Bad,1,1,0,100.0,0.0,inf,2022-12-01_2022-12-30
0.1,3,CPI m/m|PPI m/m|Core PPI m/m,Neutral|Bad|Neutral,2,1,1,50.0,50.0,1.0,2024-02-24_2024-03-24|2024-11-20_2024-12-19
0.1,3,CPI m/m|PPI m/m|Core PPI m/m,Good|Bad|Bad,1,1,0,100.0,0.0,inf,2024-04-24_2024-05-23
0.1,3,CPI m/m|PPI m/m|Core PPI m/m,Bad|Good|Good,1,1,0,100.0,0.0,inf,2025-08-17_2025-09-15
0.2,3,CPI m/m|PPI m/m|Core PPI m/m,Neutral|Neutral|Neutral,21,14,7,66.7,33.3,2.0,2020-11-11_2020-12-10|2021-09-07_2021-10-06|2022-01-05_2022-02-03|2022-05-05_2022-06-03|2022-09-02_2022-10-01|2022-10-02_2022-10-31|2022-12-01_2022-12-30|2023-05-30_2023-06-28|2023-07-29_2023-08-27|2023-09-27_2023-10-26|2023-11-26_2023-12-25|2023-12-26_2024-01-24|2024-03-25_2024-04-23|2024-07-23_2024-08-21|2024-08-22_2024-09-20|2024-09-21_2024-10-20|2024-10-21_2024-11-19|2024-11-20_2024-12-19|2024-12-20_2025-01-18|2025-01-19_2025-02-17|2025-06-18_2025-07-17
0.2,3,CPI m/m|PPI m/m|Core PPI m/m,Neutral|Bad|Bad,3,1,2,33.3,66.7,0.5,2021-02-09_2021-03-10|2021-12-06_2022-01-04|2025-07-18_2025-08-16
0.2,3,CPI m/m|PPI m/m|Core PPI m/m,Bad|Bad|Bad,2,2,0,100.0,0.0,inf,2021-05-10_2021-06-08|2021-07-09_2021-08-07
0.2,3,CPI m/m|PPI m/m|Core PPI m/m,Neutral|Bad|Neutral,4,0,4,0.0,100.0,0.0,2021-06-09_2021-07-08|2022-07-04_2022-08-02|2023-01-30_2023-02-28|2024-02-24_2024-03-24
0.2,3,CPI m/m|PPI m/m|Core PPI m/m,Neutral|Neutral|Good,2,2,0,100.0,0.0,inf,2021-10-07_2021-11-05|2022-03-06_2022-04-04
0.2,3,CPI m/m|PPI m/m|Core PPI m/m,Bad|Neutral|Neutral,1,1,0,100.0,0.0,inf,2022-06-04_2022-07-03
0.2,3,CPI m/m|PPI m/m|Core PPI m/m,Neutral|Good|Neutral,2,2,0,100.0,0.0,inf,2022-08-03_2022-09-01|2022-12-31_2023-01-29
0.2,3,CPI m/m|PPI m/m|Core PPI m/m,Neutral|Good|Good,4,2,2,50.0,50.0,1.0,2023-03-31_2023-04-29|2024-05-24_2024-06-22|2025-03-20_2025-04-18|2025-08-17_2025-09-15
0.2,3,CPI m/m|PPI m/m|Core PPI m/m,Neutral|Neutral|Bad,3,3,0,100.0,0.0,inf,2024-01-25_2024-02-23|2024-04-24_2024-05-23|2026-02-13_2026-03-14
0.3,3,CPI m/m|PPI m/m|Core PPI m/m,Neutral|Neutral|Neutral,25,16,9,64.0,36.0,1.78,2020-11-11_2020-12-10|2021-09-07_2021-10-06|2021-10-07_2021-11-05|2022-01-05_2022-02-03|2022-05-05_2022-06-03|2022-09-02_2022-10-01|2022-10-02_2022-10-31|2022-12-01_2022-12-30|2023-01-30_2023-02-28|2023-05-30_2023-06-28|2023-07-29_2023-08-27|2023-09-27_2023-10-26|2023-11-26_2023-12-25|2023-12-26_2024-01-24|2024-02-24_2024-03-24|2024-03-25_2024-04-23|2024-04-24_2024-05-23|2024-07-23_2024-08-21|2024-08-22_2024-09-20|2024-09-21_2024-10-20|2024-10-21_2024-11-19|2024-11-20_2024-12-19|2024-12-20_2025-01-18|2025-01-19_2025-02-17|2025-06-18_2025-07-17
0.3,3,CPI m/m|PPI m/m|Core PPI m/m,Neutral|Bad|Bad,2,0,2,0.0,100.0,0.0,2021-02-09_2021-03-10|2025-07-18_2025-08-16
0.3,3,CPI m/m|PPI m/m|Core PPI m/m,Bad|Neutral|Neutral,2,2,0,100.0,0.0,inf,2021-05-10_2021-06-08|2022-06-04_2022-07-03
0.3,3,CPI m/m|PPI m/m|Core PPI m/m,Neutral|Bad|Neutral,3,1,2,33.3,66.7,0.5,2021-06-09_2021-07-08|2021-12-06_2022-01-04|2022-07-04_2022-08-02
0.3,3,CPI m/m|PPI m/m|Core PPI m/m,Bad|Bad|Bad,1,1,0,100.0,0.0,inf,2021-07-09_2021-08-07
0.3,3,CPI m/m|PPI m/m|Core PPI m/m,Neutral|Neutral|Good,1,1,0,100.0,0.0,inf,2022-03-06_2022-04-04
0.3,3,CPI m/m|PPI m/m|Core PPI m/m,Neutral|Good|Neutral,3,2,1,66.7,33.3,2.0,2022-08-03_2022-09-01|2022-12-31_2023-01-29|2024-05-24_2024-06-22
0.3,3,CPI m/m|PPI m/m|Core PPI m/m,Neutral|Good|Good,3,2,1,66.7,33.3,2.0,2023-03-31_2023-04-29|2025-03-20_2025-04-18|2025-08-17_2025-09-15
0.3,3,CPI m/m|PPI m/m|Core PPI m/m,Neutral|Neutral|Bad,2,2,0,100.0,0.0,inf,2024-01-25_2024-02-23|2026-02-13_2026-03-14
0.0,3,CPI m/m|PPI m/m|FOMC,Good|Good|Neutral,2,0,2,0.0,100.0,0.0,2023-05-30_2023-06-28|2024-05-24_2024-06-22
0.0,3,CPI m/m|PPI m/m|FOMC,Bad|Neutral|Neutral,1,0,1,0.0,100.0,0.0,2023-11-26_2023-12-25
0.0,3,CPI m/m|PPI m/m|FOMC,Neutral|Good|Neutral,1,0,1,0.0,100.0,0.0,2024-07-23_2024-08-21
0.0,3,CPI m/m|PPI m/m|FOMC,Neutral|Bad|Good,1,1,0,100.0,0.0,inf,2024-08-22_2024-09-20
0.0,3,CPI m/m|PPI m/m|FOMC,Neutral|Neutral|Neutral,1,1,0,100.0,0.0,inf,2024-10-21_2024-11-19
0.0,3,CPI m/m|PPI m/m|FOMC,Neutral|Bad|Neutral,1,1,0,100.0,0.0,inf,2024-11-20_2024-12-19
0.0,3,CPI m/m|PPI m/m|FOMC,Bad|Bad|Neutral,1,1,0,100.0,0.0,inf,2025-01-19_2025-02-17
0.1,3,CPI m/m|PPI m/m|FOMC,Neutral|Good|Neutral,2,0,2,0.0,100.0,0.0,2023-05-30_2023-06-28|2024-05-24_2024-06-22
0.1,3,CPI m/m|PPI m/m|FOMC,Neutral|Neutral|Neutral,3,1,2,33.3,66.7,0.5,2023-11-26_2023-12-25|2024-07-23_2024-08-21|2024-10-21_2024-11-19
0.1,3,CPI m/m|PPI m/m|FOMC,Neutral|Neutral|Good,1,1,0,100.0,0.0,inf,2024-08-22_2024-09-20
0.1,3,CPI m/m|PPI m/m|FOMC,Neutral|Bad|Neutral,1,1,0,100.0,0.0,inf,2024-11-20_2024-12-19
0.1,3,CPI m/m|PPI m/m|FOMC,Bad|Bad|Neutral,1,1,0,100.0,0.0,inf,2025-01-19_2025-02-17
0.2,3,CPI m/m|PPI m/m|FOMC,Neutral|Neutral|Neutral,6,3,3,50.0,50.0,1.0,2023-05-30_2023-06-28|2023-11-26_2023-12-25|2024-07-23_2024-08-21|2024-10-21_2024-11-19|2024-11-20_2024-12-19|2025-01-19_2025-02-17
0.2,3,CPI m/m|PPI m/m|FOMC,Neutral|Good|Neutral,1,0,1,0.0,100.0,0.0,2024-05-24_2024-06-22
0.2,3,CPI m/m|PPI m/m|FOMC,Neutral|Neutral|Good,1,1,0,100.0,0.0,inf,2024-08-22_2024-09-20
0.3,3,CPI m/m|PPI m/m|FOMC,Neutral|Neutral|Neutral,7,4,3,57.1,42.9,1.33,2023-05-30_2023-06-28|2023-11-26_2023-12-25|2024-07-23_2024-08-21|2024-08-22_2024-09-20|2024-10-21_2024-11-19|2024-11-20_2024-12-19|2025-01-19_2025-02-17
0.3,3,CPI m/m|PPI m/m|FOMC,Neutral|Good|Neutral,1,0,1,0.0,100.0,0.0,2024-05-24_2024-06-22
0.0,3,CPI m/m|PPI m/m|CPI y/y,Neutral|Bad|Good,3,2,1,66.7,33.3,2.0,2020-11-11_2020-12-10|2023-07-29_2023-08-27|2025-07-18_2025-08-16
0.0,3,CPI m/m|PPI m/m|CPI y/y,Neutral|Bad|Neutral,3,2,1,66.7,33.3,2.0,2021-02-09_2021-03-10|2024-08-22_2024-09-20|2024-11-20_2024-12-19
0.0,3,CPI m/m|PPI m/m|CPI y/y,Bad|Bad|Bad,8,5,3,62.5,37.5,1.67,2021-05-10_2021-06-08|2021-06-09_2021-07-08|2021-07-09_2021-08-07|2022-07-04_2022-08-02|2022-10-02_2022-10-31|2023-09-27_2023-10-26|2024-01-25_2024-02-23|2025-01-19_2025-02-17
0.0,3,CPI m/m|PPI m/m|CPI y/y,Good|Bad|Neutral,2,2,0,100.0,0.0,inf,2021-09-07_2021-10-06|2024-04-24_2024-05-23
0.0,3,CPI m/m|PPI m/m|CPI y/y,Bad|Good|Bad,4,3,1,75.0,25.0,3.0,2021-10-07_2021-11-05|2023-12-26_2024-01-24|2024-03-25_2024-04-23|2024-09-21_2024-10-20
0.0,3,CPI m/m|PPI m/m|CPI y/y,Bad|Bad|Neutral,1,1,0,100.0,0.0,inf,2021-12-06_2022-01-04
0.0,3,CPI m/m|PPI m/m|CPI y/y,Bad|Good|Neutral,2,2,0,100.0,0.0,inf,2022-01-05_2022-02-03|2025-08-17_2025-09-15
0.0,3,CPI m/m|PPI m/m|CPI y/y,Neutral|Good|Neutral,3,3,0,100.0,0.0,inf,2022-03-06_2022-04-04|2022-12-31_2023-01-29|2024-12-20_2025-01-18
0.0,3,CPI m/m|PPI m/m|CPI y/y,Bad|Neutral|Bad,3,2,1,66.7,33.3,2.0,2022-05-05_2022-06-03|2022-06-04_2022-07-03|2022-09-02_2022-10-01
0.0,3,CPI m/m|PPI m/m|CPI y/y,Good|Good|Good,5,2,3,40.0,60.0,0.67,2022-08-03_2022-09-01|2023-03-31_2023-04-29|2023-05-30_2023-06-28|2024-05-24_2024-06-22|2025-03-20_2025-04-18
0.0,3,CPI m/m|PPI m/m|CPI y/y,Good|Bad|Good,2,2,0,100.0,0.0,inf,2022-12-01_2022-12-30|2026-02-13_2026-03-14
0.0,3,CPI m/m|PPI m/m|CPI y/y,Neutral|Bad|Bad,2,0,2,0.0,100.0,0.0,2023-01-30_2023-02-28|2024-02-24_2024-03-24
0.0,3,CPI m/m|PPI m/m|CPI y/y,Bad|Neutral|Neutral,1,0,1,0.0,100.0,0.0,2023-11-26_2023-12-25
0.0,3,CPI m/m|PPI m/m|CPI y/y,Neutral|Good|Good,1,0,1,0.0,100.0,0.0,2024-07-23_2024-08-21
0.0,3,CPI m/m|PPI m/m|CPI y/y,Neutral|Neutral|Neutral,1,1,0,100.0,0.0,inf,2024-10-21_2024-11-19
0.0,3,CPI m/m|PPI m/m|CPI y/y,Neutral|Good|Bad,1,0,1,0.0,100.0,0.0,2025-06-18_2025-07-17
0.1,3,CPI m/m|PPI m/m|CPI y/y,Neutral|Neutral|Neutral,5,4,1,80.0,20.0,4.0,2020-11-11_2020-12-10|2023-07-29_2023-08-27|2023-11-26_2023-12-25|2024-08-22_2024-09-20|2024-10-21_2024-11-19
0.1,3,CPI m/m|PPI m/m|CPI y/y,Neutral|Bad|Neutral,3,1,2,33.3,66.7,0.5,2021-02-09_2021-03-10|2024-11-20_2024-12-19|2025-07-18_2025-08-16
0.1,3,CPI m/m|PPI m/m|CPI y/y,Bad|Bad|Bad,6,3,3,50.0,50.0,1.0,2021-05-10_2021-06-08|2021-06-09_2021-07-08|2021-07-09_2021-08-07|2022-07-04_2022-08-02|2023-09-27_2023-10-26|2025-01-19_2025-02-17
0.1,3,CPI m/m|PPI m/m|CPI y/y,Good|Neutral|Neutral,1,1,0,100.0,0.0,inf,2021-09-07_2021-10-06
0.1,3,CPI m/m|PPI m/m|CPI y/y,Bad|Neutral|Bad,4,4,0,100.0,0.0,inf,2021-10-07_2021-11-05|2022-06-04_2022-07-03|2022-09-02_2022-10-01|2024-03-25_2024-04-23
0.1,3,CPI m/m|PPI m/m|CPI y/y,Bad|Bad|Neutral,2,2,0,100.0,0.0,inf,2021-12-06_2022-01-04|2022-10-02_2022-10-31
0.1,3,CPI m/m|PPI m/m|CPI y/y,Neutral|Good|Neutral,6,4,2,66.7,33.3,2.0,2022-01-05_2022-02-03|2022-03-06_2022-04-04|2022-12-31_2023-01-29|2023-03-31_2023-04-29|2023-05-30_2023-06-28|2024-12-20_2025-01-18
0.1,3,CPI m/m|PPI m/m|CPI y/y,Neutral|Neutral|Bad,2,0,2,0.0,100.0,0.0,2022-05-05_2022-06-03|2024-09-21_2024-10-20
0.1,3,CPI m/m|PPI m/m|CPI y/y,Good|Good|Good,2,2,0,100.0,0.0,inf,2022-08-03_2022-09-01|2025-03-20_2025-04-18
0.1,3,CPI m/m|PPI m/m|CPI y/y,Good|Neutral|Good,1,1,0,100.0,0.0,inf,2022-12-01_2022-12-30
0.1,3,CPI m/m|PPI m/m|CPI y/y,Neutral|Bad|Bad,3,1,2,33.3,66.7,0.5,2023-01-30_2023-02-28|2024-01-25_2024-02-23|2024-02-24_2024-03-24
0.1,3,CPI m/m|PPI m/m|CPI y/y,Neutral|Good|Bad,2,1,1,50.0,50.0,1.0,2023-12-26_2024-01-24|2025-06-18_2025-07-17
0.1,3,CPI m/m|PPI m/m|CPI y/y,Good|Bad|Neutral,1,1,0,100.0,0.0,inf,2024-04-24_2024-05-23
0.1,3,CPI m/m|PPI m/m|CPI y/y,Neutral|Good|Good,1,0,1,0.0,100.0,0.0,2024-05-24_2024-06-22
0.1,3,CPI m/m|PPI m/m|CPI y/y,Neutral|Neutral|Good,1,0,1,0.0,100.0,0.0,2024-07-23_2024-08-21
0.1,3,CPI m/m|PPI m/m|CPI y/y,Bad|Good|Neutral,1,1,0,100.0,0.0,inf,2025-08-17_2025-09-15
0.1,3,CPI m/m|PPI m/m|CPI y/y,Neutral|Bad|Good,1,1,0,100.0,0.0,inf,2026-02-13_2026-03-14
0.2,3,CPI m/m|PPI m/m|CPI y/y,Neutral|Neutral|Neutral,22,16,6,72.7,27.3,2.67,2020-11-11_2020-12-10|2021-09-07_2021-10-06|2021-10-07_2021-11-05|2022-01-05_2022-02-03|2022-03-06_2022-04-04|2022-10-02_2022-10-31|2023-05-30_2023-06-28|2023-07-29_2023-08-27|2023-09-27_2023-10-26|2023-11-26_2023-12-25|2023-12-26_2024-01-24|2024-03-25_2024-04-23|2024-04-24_2024-05-23|2024-07-23_2024-08-21|2024-08-22_2024-09-20|2024-09-21_2024-10-20|2024-10-21_2024-11-19|2024-11-20_2024-12-19|2024-12-20_2025-01-18|2025-01-19_2025-02-17|2025-06-18_2025-07-17|2026-02-13_2026-03-14
0.2,3,CPI m/m|PPI m/m|CPI y/y,Neutral|Bad|Neutral,4,1,3,25.0,75.0,0.33,2021-02-09_2021-03-10|2021-12-06_2022-01-04|2024-02-24_2024-03-24|2025-07-18_2025-08-16
0.2,3,CPI m/m|PPI m/m|CPI y/y,Bad|Bad|Bad,2,2,0,100.0,0.0,inf,2021-05-10_2021-06-08|2021-07-09_2021-08-07
0.2,3,CPI m/m|PPI m/m|CPI y/y,Neutral|Bad|Bad,3,0,3,0.0,100.0,0.0,2021-06-09_2021-07-08|2022-07-04_2022-08-02|2023-01-30_2023-02-28
0.2,3,CPI m/m|PPI m/m|CPI y/y,Neutral|Neutral|Bad,3,2,1,66.7,33.3,2.0,2022-05-05_2022-06-03|2022-09-02_2022-10-01|2024-01-25_2024-02-23
0.2,3,CPI m/m|PPI m/m|CPI y/y,Bad|Neutral|Bad,1,1,0,100.0,0.0,inf,2022-06-04_2022-07-03
0.2,3,CPI m/m|PPI m/m|CPI y/y,Neutral|Good|Neutral,6,4,2,66.7,33.3,2.0,2022-08-03_2022-09-01|2022-12-31_2023-01-29|2023-03-31_2023-04-29|2024-05-24_2024-06-22|2025-03-20_2025-04-18|2025-08-17_2025-09-15
0.2,3,CPI m/m|PPI m/m|CPI y/y,Neutral|Neutral|Good,1,1,0,100.0,0.0,inf,2022-12-01_2022-12-30
0.3,3,CPI m/m|PPI m/m|CPI y/y,Neutral|Neutral|Neutral,28,19,9,67.9,32.1,2.11,2020-11-11_2020-12-10|2021-09-07_2021-10-06|2021-10-07_2021-11-05|2022-01-05_2022-02-03|2022-03-06_2022-04-04|2022-05-05_2022-06-03|2022-09-02_2022-10-01|2022-10-02_2022-10-31|2022-12-01_2022-12-30|2023-01-30_2023-02-28|2023-05-30_2023-06-28|2023-07-29_2023-08-27|2023-09-27_2023-10-26|2023-11-26_2023-12-25|2023-12-26_2024-01-24|2024-01-25_2024-02-23|2024-02-24_2024-03-24|2024-03-25_2024-04-23|2024-04-24_2024-05-23|2024-07-23_2024-08-21|2024-08-22_2024-09-20|2024-09-21_2024-10-20|2024-10-21_2024-11-19|2024-11-20_2024-12-19|2024-12-20_2025-01-18|2025-01-19_2025-02-17|2025-06-18_2025-07-17|2026-02-13_2026-03-14
0.3,3,CPI m/m|PPI m/m|CPI y/y,Neutral|Bad|Neutral,4,1,3,25.0,75.0,0.33,2021-02-09_2021-03-10|2021-06-09_2021-07-08|2021-12-06_2022-01-04|2025-07-18_2025-08-16
0.3,3,CPI m/m|PPI m/m|CPI y/y,Bad|Neutral|Bad,1,1,0,100.0,0.0,inf,2021-05-10_2021-06-08
0.3,3,CPI m/m|PPI m/m|CPI y/y,Bad|Bad|Bad,1,1,0,100.0,0.0,inf,2021-07-09_2021-08-07
0.3,3,CPI m/m|PPI m/m|CPI y/y,Bad|Neutral|Neutral,1,1,0,100.0,0.0,inf,2022-06-04_2022-07-03
0.3,3,CPI m/m|PPI m/m|CPI y/y,Neutral|Bad|Bad,1,0,1,0.0,100.0,0.0,2022-07-04_2022-08-02
0.3,3,CPI m/m|PPI m/m|CPI y/y,Neutral|Good|Neutral,6,4,2,66.7,33.3,2.0,2022-08-03_2022-09-01|2022-12-31_2023-01-29|2023-03-31_2023-04-29|2024-05-24_2024-06-22|2025-03-20_2025-04-18|2025-08-17_2025-09-15
0.0,3,CPI m/m|Core PPI m/m|FOMC,Good|Neutral|Neutral,1,0,1,0.0,100.0,0.0,2023-05-30_2023-06-28
0.0,3,CPI m/m|Core PPI m/m|FOMC,Bad|Good|Neutral,1,0,1,0.0,100.0,0.0,2023-11-26_2023-12-25
0.0,3,CPI m/m|Core PPI m/m|FOMC,Good|Good|Neutral,1,0,1,0.0,100.0,0.0,2024-05-24_2024-06-22
0.0,3,CPI m/m|Core PPI m/m|FOMC,Neutral|Good|Neutral,1,0,1,0.0,100.0,0.0,2024-07-23_2024-08-21
0.0,3,CPI m/m|Core PPI m/m|FOMC,Neutral|Bad|Good,1,1,0,100.0,0.0,inf,2024-08-22_2024-09-20
0.0,3,CPI m/m|Core PPI m/m|FOMC,Neutral|Neutral|Neutral,2,2,0,100.0,0.0,inf,2024-10-21_2024-11-19|2024-11-20_2024-12-19
0.0,3,CPI m/m|Core PPI m/m|FOMC,Bad|Neutral|Neutral,1,1,0,100.0,0.0,inf,2025-01-19_2025-02-17
0.1,3,CPI m/m|Core PPI m/m|FOMC,Neutral|Neutral|Neutral,3,2,1,66.7,33.3,2.0,2023-05-30_2023-06-28|2024-10-21_2024-11-19|2024-11-20_2024-12-19
0.1,3,CPI m/m|Core PPI m/m|FOMC,Neutral|Good|Neutral,3,0,3,0.0,100.0,0.0,2023-11-26_2023-12-25|2024-05-24_2024-06-22|2024-07-23_2024-08-21
0.1,3,CPI m/m|Core PPI m/m|FOMC,Neutral|Neutral|Good,1,1,0,100.0,0.0,inf,2024-08-22_2024-09-20
0.1,3,CPI m/m|Core PPI m/m|FOMC,Bad|Neutral|Neutral,1,1,0,100.0,0.0,inf,2025-01-19_2025-02-17
0.2,3,CPI m/m|Core PPI m/m|FOMC,Neutral|Neutral|Neutral,6,3,3,50.0,50.0,1.0,2023-05-30_2023-06-28|2023-11-26_2023-12-25|2024-07-23_2024-08-21|2024-10-21_2024-11-19|2024-11-20_2024-12-19|2025-01-19_2025-02-17
0.2,3,CPI m/m|Core PPI m/m|FOMC,Neutral|Good|Neutral,1,0,1,0.0,100.0,0.0,2024-05-24_2024-06-22
0.2,3,CPI m/m|Core PPI m/m|FOMC,Neutral|Neutral|Good,1,1,0,100.0,0.0,inf,2024-08-22_2024-09-20
0.3,3,CPI m/m|Core PPI m/m|FOMC,Neutral|Neutral|Neutral,8,4,4,50.0,50.0,1.0,2023-05-30_2023-06-28|2023-11-26_2023-12-25|2024-05-24_2024-06-22|2024-07-23_2024-08-21|2024-08-22_2024-09-20|2024-10-21_2024-11-19|2024-11-20_2024-12-19|2025-01-19_2025-02-17
0.0,3,CPI m/m|Core PPI m/m|CPI y/y,Neutral|Good|Good,2,1,1,50.0,50.0,1.0,2020-11-11_2020-12-10|2024-07-23_2024-08-21
0.0,3,CPI m/m|Core PPI m/m|CPI y/y,Neutral|Bad|Neutral,2,1,1,50.0,50.0,1.0,2021-02-09_2021-03-10|2024-08-22_2024-09-20
0.0,3,CPI m/m|Core PPI m/m|CPI y/y,Bad|Bad|Bad,6,4,2,66.7,33.3,2.0,2021-05-10_2021-06-08|2021-06-09_2021-07-08|2021-07-09_2021-08-07|2022-09-02_2022-10-01|2023-09-27_2023-10-26|2024-01-25_2024-02-23
0.0,3,CPI m/m|Core PPI m/m|CPI y/y,Good|Bad|Neutral,2,2,0,100.0,0.0,inf,2021-09-07_2021-10-06|2024-04-24_2024-05-23
0.0,3,CPI m/m|Core PPI m/m|CPI y/y,Bad|Good|Bad,5,3,2,60.0,40.0,1.5,2021-10-07_2021-11-05|2022-05-05_2022-06-03|2022-06-04_2022-07-03|2022-07-04_2022-08-02|2023-12-26_2024-01-24
0.0,3,CPI m/m|Core PPI m/m|CPI y/y,Bad|Bad|Neutral,1,1,0,100.0,0.0,inf,2021-12-06_2022-01-04
0.0,3,CPI m/m|Core PPI m/m|CPI y/y,Bad|Neutral|Neutral,1,1,0,100.0,0.0,inf,2022-01-05_2022-02-03
0.0,3,CPI m/m|Core PPI m/m|CPI y/y,Neutral|Good|Neutral,2,2,0,100.0,0.0,inf,2022-03-06_2022-04-04|2024-12-20_2025-01-18
0.0,3,CPI m/m|Core PPI m/m|CPI y/y,Good|Good|Good,4,2,2,50.0,50.0,1.0,2022-08-03_2022-09-01|2023-03-31_2023-04-29|2024-05-24_2024-06-22|2025-03-20_2025-04-18
0.0,3,CPI m/m|Core PPI m/m|CPI y/y,Bad|Neutral|Bad,4,3,1,75.0,25.0,3.0,2022-10-02_2022-10-31|2024-03-25_2024-04-23|2024-09-21_2024-10-20|2025-01-19_2025-02-17
0.0,3,CPI m/m|Core PPI m/m|CPI y/y,Good|Bad|Good,2,2,0,100.0,0.0,inf,2022-12-01_2022-12-30|2026-02-13_2026-03-14
0.0,3,CPI m/m|Core PPI m/m|CPI y/y,Neutral|Neutral|Neutral,3,3,0,100.0,0.0,inf,2022-12-31_2023-01-29|2024-10-21_2024-11-19|2024-11-20_2024-12-19
0.0,3,CPI m/m|Core PPI m/m|CPI y/y,Neutral|Bad|Bad,2,0,2,0.0,100.0,0.0,2023-01-30_2023-02-28|2024-02-24_2024-03-24
0.0,3,CPI m/m|Core PPI m/m|CPI y/y,Good|Neutral|Good,1,0,1,0.0,100.0,0.0,2023-05-30_2023-06-28
0.0,3,CPI m/m|Core PPI m/m|CPI y/y,Neutral|Bad|Good,2,1,1,50.0,50.0,1.0,2023-07-29_2023-08-27|2025-07-18_2025-08-16
0.0,3,CPI m/m|Core PPI m/m|CPI y/y,Bad|Good|Neutral,2,1,1,50.0,50.0,1.0,2023-11-26_2023-12-25|2025-08-17_2025-09-15
0.0,3,CPI m/m|Core PPI m/m|CPI y/y,Neutral|Good|Bad,1,0,1,0.0,100.0,0.0,2025-06-18_2025-07-17
0.1,3,CPI m/m|Core PPI m/m|CPI y/y,Neutral|Neutral|Neutral,8,7,1,87.5,12.5,7.0,2020-11-11_2020-12-10|2022-01-05_2022-02-03|2022-12-31_2023-01-29|2023-05-30_2023-06-28|2023-07-29_2023-08-27|2024-08-22_2024-09-20|2024-10-21_2024-11-19|2024-11-20_2024-12-19
0.1,3,CPI m/m|Core PPI m/m|CPI y/y,Neutral|Bad|Neutral,2,0,2,0.0,100.0,0.0,2021-02-09_2021-03-10|2025-07-18_2025-08-16
0.1,3,CPI m/m|Core PPI m/m|CPI y/y,Bad|Bad|Bad,4,3,1,75.0,25.0,3.0,2021-05-10_2021-06-08|2021-06-09_2021-07-08|2021-07-09_2021-08-07|2022-09-02_2022-10-01
0.1,3,CPI m/m|Core PPI m/m|CPI y/y,Good|Neutral|Neutral,1,1,0,100.0,0.0,inf,2021-09-07_2021-10-06
0.1,3,CPI m/m|Core PPI m/m|CPI y/y,Bad|Good|Bad,1,1,0,100.0,0.0,inf,2021-10-07_2021-11-05
0.1,3,CPI m/m|Core PPI m/m|CPI y/y,Bad|Bad|Neutral,1,1,0,100.0,0.0,inf,2021-12-06_2022-01-04
0.1,3,CPI m/m|Core PPI m/m|CPI y/y,Neutral|Good|Neutral,4,2,2,50.0,50.0,1.0,2022-03-06_2022-04-04|2023-03-31_2023-04-29|2023-11-26_2023-12-25|2024-12-20_2025-01-18
0.1,3,CPI m/m|Core PPI m/m|CPI y/y,Neutral|Good|Bad,3,1,2,33.3,66.7,0.5,2022-05-05_2022-06-03|2023-12-26_2024-01-24|2025-06-18_2025-07-17
0.1,3,CPI m/m|Core PPI m/m|CPI y/y,Bad|Neutral|Bad,5,3,2,60.0,40.0,1.5,2022-06-04_2022-07-03|2022-07-04_2022-08-02|2023-09-27_2023-10-26|2024-03-25_2024-04-23|2025-01-19_2025-02-17
0.1,3,CPI m/m|Core PPI m/m|CPI y/y,Good|Good|Good,2,2,0,100.0,0.0,inf,2022-08-03_2022-09-01|2025-03-20_2025-04-18
0.1,3,CPI m/m|Core PPI m/m|CPI y/y,Bad|Neutral|Neutral,1,1,0,100.0,0.0,inf,2022-10-02_2022-10-31
0.1,3,CPI m/m|Core PPI m/m|CPI y/y,Good|Bad|Good,1,1,0,100.0,0.0,inf,2022-12-01_2022-12-30
0.1,3,CPI m/m|Core PPI m/m|CPI y/y,Neutral|Bad|Bad,2,1,1,50.0,50.0,1.0,2023-01-30_2023-02-28|2024-01-25_2024-02-23
0.1,3,CPI m/m|Core PPI m/m|CPI y/y,Neutral|Neutral|Bad,2,0,2,0.0,100.0,0.0,2024-02-24_2024-03-24|2024-09-21_2024-10-20
0.1,3,CPI m/m|Core PPI m/m|CPI y/y,Good|Bad|Neutral,1,1,0,100.0,0.0,inf,2024-04-24_2024-05-23
0.1,3,CPI m/m|Core PPI m/m|CPI y/y,Neutral|Good|Good,2,0,2,0.0,100.0,0.0,2024-05-24_2024-06-22|2024-07-23_2024-08-21
0.1,3,CPI m/m|Core PPI m/m|CPI y/y,Bad|Good|Neutral,1,1,0,100.0,0.0,inf,2025-08-17_2025-09-15
0.1,3,CPI m/m|Core PPI m/m|CPI y/y,Neutral|Bad|Good,1,1,0,100.0,0.0,inf,2026-02-13_2026-03-14
0.2,3,CPI m/m|Core PPI m/m|CPI y/y,Neutral|Neutral|Neutral,21,14,7,66.7,33.3,2.0,2020-11-11_2020-12-10|2021-09-07_2021-10-06|2022-01-05_2022-02-03|2022-08-03_2022-09-01|2022-10-02_2022-10-31|2022-12-31_2023-01-29|2023-05-30_2023-06-28|2023-07-29_2023-08-27|2023-09-27_2023-10-26|2023-11-26_2023-12-25|2023-12-26_2024-01-24|2024-02-24_2024-03-24|2024-03-25_2024-04-23|2024-07-23_2024-08-21|2024-08-22_2024-09-20|2024-09-21_2024-10-20|2024-10-21_2024-11-19|2024-11-20_2024-12-19|2024-12-20_2025-01-18|2025-01-19_2025-02-17|2025-06-18_2025-07-17
0.2,3,CPI m/m|Core PPI m/m|CPI y/y,Neutral|Bad|Neutral,5,3,2,60.0,40.0,1.5,2021-02-09_2021-03-10|2021-12-06_2022-01-04|2024-04-24_2024-05-23|2025-07-18_2025-08-16|2026-02-13_2026-03-14
0.2,3,CPI m/m|Core PPI m/m|CPI y/y,Bad|Bad|Bad,2,2,0,100.0,0.0,inf,2021-05-10_2021-06-08|2021-07-09_2021-08-07
0.2,3,CPI m/m|Core PPI m/m|CPI y/y,Neutral|Neutral|Bad,5,1,4,20.0,80.0,0.25,2021-06-09_2021-07-08|2022-05-05_2022-06-03|2022-07-04_2022-08-02|2022-09-02_2022-10-01|2023-01-30_2023-02-28
0.2,3,CPI m/m|Core PPI m/m|CPI y/y,Neutral|Good|Neutral,6,4,2,66.7,33.3,2.0,2021-10-07_2021-11-05|2022-03-06_2022-04-04|2023-03-31_2023-04-29|2024-05-24_2024-06-22|2025-03-20_2025-04-18|2025-08-17_2025-09-15
0.2,3,CPI m/m|Core PPI m/m|CPI y/y,Bad|Neutral|Bad,1,1,0,100.0,0.0,inf,2022-06-04_2022-07-03
0.2,3,CPI m/m|Core PPI m/m|CPI y/y,Neutral|Neutral|Good,1,1,0,100.0,0.0,inf,2022-12-01_2022-12-30
0.2,3,CPI m/m|Core PPI m/m|CPI y/y,Neutral|Bad|Bad,1,1,0,100.0,0.0,inf,2024-01-25_2024-02-23
0.3,3,CPI m/m|Core PPI m/m|CPI y/y,Neutral|Neutral|Neutral,30,19,11,63.3,36.7,1.73,2020-11-11_2020-12-10|2021-06-09_2021-07-08|2021-09-07_2021-10-06|2021-10-07_2021-11-05|2021-12-06_2022-01-04|2022-01-05_2022-02-03|2022-05-05_2022-06-03|2022-08-03_2022-09-01|2022-09-02_2022-10-01|2022-10-02_2022-10-31|2022-12-01_2022-12-30|2022-12-31_2023-01-29|2023-01-30_2023-02-28|2023-05-30_2023-06-28|2023-07-29_2023-08-27|2023-09-27_2023-10-26|2023-11-26_2023-12-25|2023-12-26_2024-01-24|2024-02-24_2024-03-24|2024-03-25_2024-04-23|2024-04-24_2024-05-23|2024-05-24_2024-06-22|2024-07-23_2024-08-21|2024-08-22_2024-09-20|2024-09-21_2024-10-20|2024-10-21_2024-11-19|2024-11-20_2024-12-19|2024-12-20_2025-01-18|2025-01-19_2025-02-17|2025-06-18_2025-07-17
0.3,3,CPI m/m|Core PPI m/m|CPI y/y,Neutral|Bad|Neutral,4,2,2,50.0,50.0,1.0,2021-02-09_2021-03-10|2024-01-25_2024-02-23|2025-07-18_2025-08-16|2026-02-13_2026-03-14
0.3,3,CPI m/m|Core PPI m/m|CPI y/y,Bad|Neutral|Bad,1,1,0,100.0,0.0,inf,2021-05-10_2021-06-08
0.3,3,CPI m/m|Core PPI m/m|CPI y/y,Bad|Bad|Bad,1,1,0,100.0,0.0,inf,2021-07-09_2021-08-07
0.3,3,CPI m/m|Core PPI m/m|CPI y/y,Neutral|Good|Neutral,4,3,1,75.0,25.0,3.0,2022-03-06_2022-04-04|2023-03-31_2023-04-29|2025-03-20_2025-04-18|2025-08-17_2025-09-15
0.3,3,CPI m/m|Core PPI m/m|CPI y/y,Bad|Neutral|Neutral,1,1,0,100.0,0.0,inf,2022-06-04_2022-07-03
0.3,3,CPI m/m|Core PPI m/m|CPI y/y,Neutral|Neutral|Bad,1,0,1,0.0,100.0,0.0,2022-07-04_2022-08-02
0.0,3,CPI m/m|FOMC|CPI y/y,Good|Neutral|Good,2,0,2,0.0,100.0,0.0,2023-05-30_2023-06-28|2024-05-24_2024-06-22
0.0,3,CPI m/m|FOMC|CPI y/y,Bad|Neutral|Neutral,1,0,1,0.0,100.0,0.0,2023-11-26_2023-12-25
0.0,3,CPI m/m|FOMC|CPI y/y,Neutral|Neutral|Good,1,0,1,0.0,100.0,0.0,2024-07-23_2024-08-21
0.0,3,CPI m/m|FOMC|CPI y/y,Neutral|Good|Neutral,1,1,0,100.0,0.0,inf,2024-08-22_2024-09-20
0.0,3,CPI m/m|FOMC|CPI y/y,Neutral|Neutral|Neutral,2,2,0,100.0,0.0,inf,2024-10-21_2024-11-19|2024-11-20_2024-12-19
0.0,3,CPI m/m|FOMC|CPI y/y,Bad|Neutral|Bad,1,1,0,100.0,0.0,inf,2025-01-19_2025-02-17
0.1,3,CPI m/m|FOMC|CPI y/y,Neutral|Neutral|Neutral,4,2,2,50.0,50.0,1.0,2023-05-30_2023-06-28|2023-11-26_2023-12-25|2024-10-21_2024-11-19|2024-11-20_2024-12-19
0.1,3,CPI m/m|FOMC|CPI y/y,Neutral|Neutral|Good,2,0,2,0.0,100.0,0.0,2024-05-24_2024-06-22|2024-07-23_2024-08-21
0.1,3,CPI m/m|FOMC|CPI y/y,Neutral|Good|Neutral,1,1,0,100.0,0.0,inf,2024-08-22_2024-09-20
0.1,3,CPI m/m|FOMC|CPI y/y,Bad|Neutral|Bad,1,1,0,100.0,0.0,inf,2025-01-19_2025-02-17
0.2,3,CPI m/m|FOMC|CPI y/y,Neutral|Neutral|Neutral,7,3,4,42.9,57.1,0.75,2023-05-30_2023-06-28|2023-11-26_2023-12-25|2024-05-24_2024-06-22|2024-07-23_2024-08-21|2024-10-21_2024-11-19|2024-11-20_2024-12-19|2025-01-19_2025-02-17
0.2,3,CPI m/m|FOMC|CPI y/y,Neutral|Good|Neutral,1,1,0,100.0,0.0,inf,2024-08-22_2024-09-20
0.3,3,CPI m/m|FOMC|CPI y/y,Neutral|Neutral|Neutral,8,4,4,50.0,50.0,1.0,2023-05-30_2023-06-28|2023-11-26_2023-12-25|2024-05-24_2024-06-22|2024-07-23_2024-08-21|2024-08-22_2024-09-20|2024-10-21_2024-11-19|2024-11-20_2024-12-19|2025-01-19_2025-02-17
0.0,3,Core CPI m/m|PPI m/m|Core PPI m/m,Good|Bad|Good,1,1,0,100.0,0.0,inf,2020-11-11_2020-12-10
0.0,3,Core CPI m/m|PPI m/m|Core PPI m/m,Good|Bad|Bad,3,2,1,66.7,33.3,2.0,2021-02-09_2021-03-10|2021-09-07_2021-10-06|2022-12-01_2022-12-30
0.0,3,Core CPI m/m|PPI m/m|Core PPI m/m,Bad|Bad|Bad,6,4,2,66.7,33.3,2.0,2021-05-10_2021-06-08|2021-06-09_2021-07-08|2021-07-09_2021-08-07|2024-01-25_2024-02-23|2024-02-24_2024-03-24|2024-08-22_2024-09-20
0.0,3,Core CPI m/m|PPI m/m|Core PPI m/m,Neutral|Good|Good,6,4,2,66.7,33.3,2.0,2021-10-07_2021-11-05|2022-03-06_2022-04-04|2023-03-31_2023-04-29|2023-12-26_2024-01-24|2024-07-23_2024-08-21|2025-08-17_2025-09-15
0.0,3,Core CPI m/m|PPI m/m|Core PPI m/m,Neutral|Bad|Bad,7,4,3,57.1,42.9,1.33,2021-12-06_2022-01-04|2023-01-30_2023-02-28|2023-07-29_2023-08-27|2023-09-27_2023-10-26|2024-04-24_2024-05-23|2025-07-18_2025-08-16|2026-02-13_2026-03-14
0.0,3,Core CPI m/m|PPI m/m|Core PPI m/m,Bad|Good|Neutral,3,2,1,66.7,33.3,2.0,2022-01-05_2022-02-03|2024-03-25_2024-04-23|2024-09-21_2024-10-20
0.0,3,Core CPI m/m|PPI m/m|Core PPI m/m,Bad|Neutral|Good,2,1,1,50.0,50.0,1.0,2022-05-05_2022-06-03|2022-06-04_2022-07-03
0.0,3,Core CPI m/m|PPI m/m|Core PPI m/m,Bad|Bad|Good,1,0,1,0.0,100.0,0.0,2022-07-04_2022-08-02
0.0,3,Core CPI m/m|PPI m/m|Core PPI m/m,Good|Good|Good,5,3,2,60.0,40.0,1.5,2022-08-03_2022-09-01|2024-05-24_2024-06-22|2024-12-20_2025-01-18|2025-03-20_2025-04-18|2025-06-18_2025-07-17
0.0,3,Core CPI m/m|PPI m/m|Core PPI m/m,Bad|Neutral|Bad,1,1,0,100.0,0.0,inf,2022-09-02_2022-10-01
0.0,3,Core CPI m/m|PPI m/m|Core PPI m/m,Bad|Bad|Neutral,2,2,0,100.0,0.0,inf,2022-10-02_2022-10-31|2025-01-19_2025-02-17
0.0,3,Core CPI m/m|PPI m/m|Core PPI m/m,Neutral|Good|Neutral,2,1,1,50.0,50.0,1.0,2022-12-31_2023-01-29|2023-05-30_2023-06-28
0.0,3,Core CPI m/m|PPI m/m|Core PPI m/m,Neutral|Neutral|Good,1,0,1,0.0,100.0,0.0,2023-11-26_2023-12-25
0.0,3,Core CPI m/m|PPI m/m|Core PPI m/m,Neutral|Neutral|Neutral,1,1,0,100.0,0.0,inf,2024-10-21_2024-11-19
0.0,3,Core CPI m/m|PPI m/m|Core PPI m/m,Neutral|Bad|Neutral,1,1,0,100.0,0.0,inf,2024-11-20_2024-12-19
0.1,3,Core CPI m/m|PPI m/m|Core PPI m/m,Neutral|Neutral|Neutral,6,5,1,83.3,16.7,5.0,2020-11-11_2020-12-10|2022-06-04_2022-07-03|2023-07-29_2023-08-27|2024-08-22_2024-09-20|2024-09-21_2024-10-20|2024-10-21_2024-11-19
0.1,3,Core CPI m/m|PPI m/m|Core PPI m/m,Good|Bad|Bad,1,0,1,0.0,100.0,0.0,2021-02-09_2021-03-10
0.1,3,Core CPI m/m|PPI m/m|Core PPI m/m,Bad|Bad|Bad,4,3,1,75.0,25.0,3.0,2021-05-10_2021-06-08|2021-06-09_2021-07-08|2021-07-09_2021-08-07|2024-01-25_2024-02-23
0.1,3,Core CPI m/m|PPI m/m|Core PPI m/m,Good|Neutral|Neutral,1,1,0,100.0,0.0,inf,2021-09-07_2021-10-06
0.1,3,Core CPI m/m|PPI m/m|Core PPI m/m,Neutral|Neutral|Good,3,1,2,33.3,66.7,0.5,2021-10-07_2021-11-05|2023-11-26_2023-12-25|2024-07-23_2024-08-21
0.1,3,Core CPI m/m|PPI m/m|Core PPI m/m,Neutral|Bad|Bad,5,3,2,60.0,40.0,1.5,2021-12-06_2022-01-04|2023-01-30_2023-02-28|2024-04-24_2024-05-23|2025-07-18_2025-08-16|2026-02-13_2026-03-14
0.1,3,Core CPI m/m|PPI m/m|Core PPI m/m,Neutral|Good|Neutral,3,2,1,66.7,33.3,2.0,2022-01-05_2022-02-03|2022-12-31_2023-01-29|2023-05-30_2023-06-28
0.1,3,Core CPI m/m|PPI m/m|Core PPI m/m,Neutral|Good|Good,7,4,3,57.1,42.9,1.33,2022-03-06_2022-04-04|2023-03-31_2023-04-29|2023-12-26_2024-01-24|2024-05-24_2024-06-22|2024-12-20_2025-01-18|2025-06-18_2025-07-17|2025-08-17_2025-09-15
0.1,3,Core CPI m/m|PPI m/m|Core PPI m/m,Bad|Neutral|Good,1,0,1,0.0,100.0,0.0,2022-05-05_2022-06-03
0.1,3,Core CPI m/m|PPI m/m|Core PPI m/m,Bad|Bad|Neutral,4,2,2,50.0,50.0,1.0,2022-07-04_2022-08-02|2022-10-02_2022-10-31|2024-02-24_2024-03-24|2025-01-19_2025-02-17
0.1,3,Core CPI m/m|PPI m/m|Core PPI m/m,Good|Good|Good,2,2,0,100.0,0.0,inf,2022-08-03_2022-09-01|2025-03-20_2025-04-18
0.1,3,Core CPI m/m|PPI m/m|Core PPI m/m,Bad|Neutral|Bad,1,1,0,100.0,0.0,inf,2022-09-02_2022-10-01
0.1,3,Core CPI m/m|PPI m/m|Core PPI m/m,Neutral|Neutral|Bad,1,1,0,100.0,0.0,inf,2022-12-01_2022-12-30
0.1,3,Core CPI m/m|PPI m/m|Core PPI m/m,Neutral|Bad|Neutral,2,1,1,50.0,50.0,1.0,2023-09-27_2023-10-26|2024-11-20_2024-12-19
0.1,3,Core CPI m/m|PPI m/m|Core PPI m/m,Bad|Neutral|Neutral,1,1,0,100.0,0.0,inf,2024-03-25_2024-04-23
0.2,3,Core CPI m/m|PPI m/m|Core PPI m/m,Neutral|Neutral|Neutral,21,14,7,66.7,33.3,2.0,2020-11-11_2020-12-10|2021-09-07_2021-10-06|2022-01-05_2022-02-03|2022-05-05_2022-06-03|2022-06-04_2022-07-03|2022-10-02_2022-10-31|2022-12-01_2022-12-30|2023-05-30_2023-06-28|2023-07-29_2023-08-27|2023-09-27_2023-10-26|2023-11-26_2023-12-25|2023-12-26_2024-01-24|2024-03-25_2024-04-23|2024-07-23_2024-08-21|2024-08-22_2024-09-20|2024-09-21_2024-10-20|2024-10-21_2024-11-19|2024-11-20_2024-12-19|2024-12-20_2025-01-18|2025-01-19_2025-02-17|2025-06-18_2025-07-17
0.2,3,Core CPI m/m|PPI m/m|Core PPI m/m,Neutral|Bad|Bad,3,1,2,33.3,66.7,0.5,2021-02-09_2021-03-10|2021-12-06_2022-01-04|2025-07-18_2025-08-16
0.2,3,Core CPI m/m|PPI m/m|Core PPI m/m,Bad|Bad|Bad,2,2,0,100.0,0.0,inf,2021-05-10_2021-06-08|2021-07-09_2021-08-07
0.2,3,Core CPI m/m|PPI m/m|Core PPI m/m,Neutral|Bad|Neutral,4,0,4,0.0,100.0,0.0,2021-06-09_2021-07-08|2022-07-04_2022-08-02|2023-01-30_2023-02-28|2024-02-24_2024-03-24
0.2,3,Core CPI m/m|PPI m/m|Core PPI m/m,Neutral|Neutral|Good,2,2,0,100.0,0.0,inf,2021-10-07_2021-11-05|2022-03-06_2022-04-04
0.2,3,Core CPI m/m|PPI m/m|Core PPI m/m,Neutral|Good|Neutral,2,2,0,100.0,0.0,inf,2022-08-03_2022-09-01|2022-12-31_2023-01-29
0.2,3,Core CPI m/m|PPI m/m|Core PPI m/m,Bad|Neutral|Neutral,1,1,0,100.0,0.0,inf,2022-09-02_2022-10-01
0.2,3,Core CPI m/m|PPI m/m|Core PPI m/m,Neutral|Good|Good,4,2,2,50.0,50.0,1.0,2023-03-31_2023-04-29|2024-05-24_2024-06-22|2025-03-20_2025-04-18|2025-08-17_2025-09-15
0.2,3,Core CPI m/m|PPI m/m|Core PPI m/m,Neutral|Neutral|Bad,3,3,0,100.0,0.0,inf,2024-01-25_2024-02-23|2024-04-24_2024-05-23|2026-02-13_2026-03-14
0.3,3,Core CPI m/m|PPI m/m|Core PPI m/m,Neutral|Neutral|Neutral,26,17,9,65.4,34.6,1.89,2020-11-11_2020-12-10|2021-09-07_2021-10-06|2021-10-07_2021-11-05|2022-01-05_2022-02-03|2022-05-05_2022-06-03|2022-06-04_2022-07-03|2022-09-02_2022-10-01|2022-10-02_2022-10-31|2022-12-01_2022-12-30|2023-01-30_2023-02-28|2023-05-30_2023-06-28|2023-07-29_2023-08-27|2023-09-27_2023-10-26|2023-11-26_2023-12-25|2023-12-26_2024-01-24|2024-02-24_2024-03-24|2024-03-25_2024-04-23|2024-04-24_2024-05-23|2024-07-23_2024-08-21|2024-08-22_2024-09-20|2024-09-21_2024-10-20|2024-10-21_2024-11-19|2024-11-20_2024-12-19|2024-12-20_2025-01-18|2025-01-19_2025-02-17|2025-06-18_2025-07-17
0.3,3,Core CPI m/m|PPI m/m|Core PPI m/m,Neutral|Bad|Bad,2,0,2,0.0,100.0,0.0,2021-02-09_2021-03-10|2025-07-18_2025-08-16
0.3,3,Core CPI m/m|PPI m/m|Core PPI m/m,Bad|Neutral|Neutral,1,1,0,100.0,0.0,inf,2021-05-10_2021-06-08
0.3,3,Core CPI m/m|PPI m/m|Core PPI m/m,Neutral|Bad|Neutral,3,1,2,33.3,66.7,0.5,2021-06-09_2021-07-08|2021-12-06_2022-01-04|2022-07-04_2022-08-02
0.3,3,Core CPI m/m|PPI m/m|Core PPI m/m,Bad|Bad|Bad,1,1,0,100.0,0.0,inf,2021-07-09_2021-08-07
0.3,3,Core CPI m/m|PPI m/m|Core PPI m/m,Neutral|Neutral|Good,1,1,0,100.0,0.0,inf,2022-03-06_2022-04-04
0.3,3,Core CPI m/m|PPI m/m|Core PPI m/m,Neutral|Good|Neutral,3,2,1,66.7,33.3,2.0,2022-08-03_2022-09-01|2022-12-31_2023-01-29|2024-05-24_2024-06-22
0.3,3,Core CPI m/m|PPI m/m|Core PPI m/m,Neutral|Good|Good,3,2,1,66.7,33.3,2.0,2023-03-31_2023-04-29|2025-03-20_2025-04-18|2025-08-17_2025-09-15
0.3,3,Core CPI m/m|PPI m/m|Core PPI m/m,Neutral|Neutral|Bad,2,2,0,100.0,0.0,inf,2024-01-25_2024-02-23|2026-02-13_2026-03-14
0.0,3,Core CPI m/m|PPI m/m|FOMC,Neutral|Good|Neutral,2,0,2,0.0,100.0,0.0,2023-05-30_2023-06-28|2024-07-23_2024-08-21
0.0,3,Core CPI m/m|PPI m/m|FOMC,Neutral|Neutral|Neutral,2,1,1,50.0,50.0,1.0,2023-11-26_2023-12-25|2024-10-21_2024-11-19
0.0,3,Core CPI m/m|PPI m/m|FOMC,Good|Good|Neutral,1,0,1,0.0,100.0,0.0,2024-05-24_2024-06-22
0.0,3,Core CPI m/m|PPI m/m|FOMC,Bad|Bad|Good,1,1,0,100.0,0.0,inf,2024-08-22_2024-09-20
0.0,3,Core CPI m/m|PPI m/m|FOMC,Neutral|Bad|Neutral,1,1,0,100.0,0.0,inf,2024-11-20_2024-12-19
0.0,3,Core CPI m/m|PPI m/m|FOMC,Bad|Bad|Neutral,1,1,0,100.0,0.0,inf,2025-01-19_2025-02-17
0.1,3,Core CPI m/m|PPI m/m|FOMC,Neutral|Good|Neutral,2,0,2,0.0,100.0,0.0,2023-05-30_2023-06-28|2024-05-24_2024-06-22
0.1,3,Core CPI m/m|PPI m/m|FOMC,Neutral|Neutral|Neutral,3,1,2,33.3,66.7,0.5,2023-11-26_2023-12-25|2024-07-23_2024-08-21|2024-10-21_2024-11-19
0.1,3,Core CPI m/m|PPI m/m|FOMC,Neutral|Neutral|Good,1,1,0,100.0,0.0,inf,2024-08-22_2024-09-20
0.1,3,Core CPI m/m|PPI m/m|FOMC,Neutral|Bad|Neutral,1,1,0,100.0,0.0,inf,2024-11-20_2024-12-19
0.1,3,Core CPI m/m|PPI m/m|FOMC,Bad|Bad|Neutral,1,1,0,100.0,0.0,inf,2025-01-19_2025-02-17
0.2,3,Core CPI m/m|PPI m/m|FOMC,Neutral|Neutral|Neutral,6,3,3,50.0,50.0,1.0,2023-05-30_2023-06-28|2023-11-26_2023-12-25|2024-07-23_2024-08-21|2024-10-21_2024-11-19|2024-11-20_2024-12-19|2025-01-19_2025-02-17
0.2,3,Core CPI m/m|PPI m/m|FOMC,Neutral|Good|Neutral,1,0,1,0.0,100.0,0.0,2024-05-24_2024-06-22
0.2,3,Core CPI m/m|PPI m/m|FOMC,Neutral|Neutral|Good,1,1,0,100.0,0.0,inf,2024-08-22_2024-09-20
0.3,3,Core CPI m/m|PPI m/m|FOMC,Neutral|Neutral|Neutral,7,4,3,57.1,42.9,1.33,2023-05-30_2023-06-28|2023-11-26_2023-12-25|2024-07-23_2024-08-21|2024-08-22_2024-09-20|2024-10-21_2024-11-19|2024-11-20_2024-12-19|2025-01-19_2025-02-17
0.3,3,Core CPI m/m|PPI m/m|FOMC,Neutral|Good|Neutral,1,0,1,0.0,100.0,0.0,2024-05-24_2024-06-22
0.0,3,Core CPI m/m|PPI m/m|CPI y/y,Good|Bad|Good,2,2,0,100.0,0.0,inf,2020-11-11_2020-12-10|2022-12-01_2022-12-30
0.0,3,Core CPI m/m|PPI m/m|CPI y/y,Good|Bad|Neutral,2,1,1,50.0,50.0,1.0,2021-02-09_2021-03-10|2021-09-07_2021-10-06
0.0,3,Core CPI m/m|PPI m/m|CPI y/y,Bad|Bad|Bad,8,5,3,62.5,37.5,1.67,2021-05-10_2021-06-08|2021-06-09_2021-07-08|2021-07-09_2021-08-07|2022-07-04_2022-08-02|2022-10-02_2022-10-31|2024-01-25_2024-02-23|2024-02-24_2024-03-24|2025-01-19_2025-02-17
0.0,3,Core CPI m/m|PPI m/m|CPI y/y,Neutral|Good|Bad,2,2,0,100.0,0.0,inf,2021-10-07_2021-11-05|2023-12-26_2024-01-24
0.0,3,Core CPI m/m|PPI m/m|CPI y/y,Neutral|Bad|Neutral,3,3,0,100.0,0.0,inf,2021-12-06_2022-01-04|2024-04-24_2024-05-23|2024-11-20_2024-12-19
0.0,3,Core CPI m/m|PPI m/m|CPI y/y,Bad|Good|Neutral,1,1,0,100.0,0.0,inf,2022-01-05_2022-02-03
0.0,3,Core CPI m/m|PPI m/m|CPI y/y,Neutral|Good|Neutral,3,3,0,100.0,0.0,inf,2022-03-06_2022-04-04|2022-12-31_2023-01-29|2025-08-17_2025-09-15
0.0,3,Core CPI m/m|PPI m/m|CPI y/y,Bad|Neutral|Bad,3,2,1,66.7,33.3,2.0,2022-05-05_2022-06-03|2022-06-04_2022-07-03|2022-09-02_2022-10-01
0.0,3,Core CPI m/m|PPI m/m|CPI y/y,Good|Good|Good,3,2,1,66.7,33.3,2.0,2022-08-03_2022-09-01|2024-05-24_2024-06-22|2025-03-20_2025-04-18
0.0,3,Core CPI m/m|PPI m/m|CPI y/y,Neutral|Bad|Bad,2,0,2,0.0,100.0,0.0,2023-01-30_2023-02-28|2023-09-27_2023-10-26
0.0,3,Core CPI m/m|PPI m/m|CPI y/y,Neutral|Good|Good,3,0,3,0.0,100.0,0.0,2023-03-31_2023-04-29|2023-05-30_2023-06-28|2024-07-23_2024-08-21
0.0,3,Core CPI m/m|PPI m/m|CPI y/y,Neutral|Bad|Good,3,2,1,66.7,33.3,2.0,2023-07-29_2023-08-27|2025-07-18_2025-08-16|2026-02-13_2026-03-14
0.0,3,Core CPI m/m|PPI m/m|CPI y/y,Neutral|Neutral|Neutral,2,1,1,50.0,50.0,1.0,2023-11-26_2023-12-25|2024-10-21_2024-11-19
0.0,3,Core CPI m/m|PPI m/m|CPI y/y,Bad|Good|Bad,2,1,1,50.0,50.0,1.0,2024-03-25_2024-04-23|2024-09-21_2024-10-20
0.0,3,Core CPI m/m|PPI m/m|CPI y/y,Bad|Bad|Neutral,1,1,0,100.0,0.0,inf,2024-08-22_2024-09-20
0.0,3,Core CPI m/m|PPI m/m|CPI y/y,Good|Good|Neutral,1,1,0,100.0,0.0,inf,2024-12-20_2025-01-18
0.0,3,Core CPI m/m|PPI m/m|CPI y/y,Good|Good|Bad,1,0,1,0.0,100.0,0.0,2025-06-18_2025-07-17
0.1,3,Core CPI m/m|PPI m/m|CPI y/y,Neutral|Neutral|Neutral,5,4,1,80.0,20.0,4.0,2020-11-11_2020-12-10|2023-07-29_2023-08-27|2023-11-26_2023-12-25|2024-08-22_2024-09-20|2024-10-21_2024-11-19
0.1,3,Core CPI m/m|PPI m/m|CPI y/y,Good|Bad|Neutral,1,0,1,0.0,100.0,0.0,2021-02-09_2021-03-10
0.1,3,Core CPI m/m|PPI m/m|CPI y/y,Bad|Bad|Bad,7,4,3,57.1,42.9,1.33,2021-05-10_2021-06-08|2021-06-09_2021-07-08|2021-07-09_2021-08-07|2022-07-04_2022-08-02|2024-01-25_2024-02-23|2024-02-24_2024-03-24|2025-01-19_2025-02-17
0.1,3,Core CPI m/m|PPI m/m|CPI y/y,Good|Neutral|Neutral,1,1,0,100.0,0.0,inf,2021-09-07_2021-10-06
0.1,3,Core CPI m/m|PPI m/m|CPI y/y,Neutral|Neutral|Bad,3,2,1,66.7,33.3,2.0,2021-10-07_2021-11-05|2022-06-04_2022-07-03|2024-09-21_2024-10-20
0.1,3,Core CPI m/m|PPI m/m|CPI y/y,Neutral|Bad|Neutral,4,3,1,75.0,25.0,3.0,2021-12-06_2022-01-04|2024-04-24_2024-05-23|2024-11-20_2024-12-19|2025-07-18_2025-08-16
0.1,3,Core CPI m/m|PPI m/m|CPI y/y,Neutral|Good|Neutral,7,5,2,71.4,28.6,2.5,2022-01-05_2022-02-03|2022-03-06_2022-04-04|2022-12-31_2023-01-29|2023-03-31_2023-04-29|2023-05-30_2023-06-28|2024-12-20_2025-01-18|2025-08-17_2025-09-15
0.1,3,Core CPI m/m|PPI m/m|CPI y/y,Bad|Neutral|Bad,3,2,1,66.7,33.3,2.0,2022-05-05_2022-06-03|2022-09-02_2022-10-01|2024-03-25_2024-04-23
0.1,3,Core CPI m/m|PPI m/m|CPI y/y,Good|Good|Good,2,2,0,100.0,0.0,inf,2022-08-03_2022-09-01|2025-03-20_2025-04-18
0.1,3,Core CPI m/m|PPI m/m|CPI y/y,Bad|Bad|Neutral,1,1,0,100.0,0.0,inf,2022-10-02_2022-10-31
0.1,3,Core CPI m/m|PPI m/m|CPI y/y,Neutral|Neutral|Good,2,1,1,50.0,50.0,1.0,2022-12-01_2022-12-30|2024-07-23_2024-08-21
0.1,3,Core CPI m/m|PPI m/m|CPI y/y,Neutral|Bad|Bad,2,0,2,0.0,100.0,0.0,2023-01-30_2023-02-28|2023-09-27_2023-10-26
0.1,3,Core CPI m/m|PPI m/m|CPI y/y,Neutral|Good|Bad,2,1,1,50.0,50.0,1.0,2023-12-26_2024-01-24|2025-06-18_2025-07-17
0.1,3,Core CPI m/m|PPI m/m|CPI y/y,Neutral|Good|Good,1,0,1,0.0,100.0,0.0,2024-05-24_2024-06-22
0.1,3,Core CPI m/m|PPI m/m|CPI y/y,Neutral|Bad|Good,1,1,0,100.0,0.0,inf,2026-02-13_2026-03-14
0.2,3,Core CPI m/m|PPI m/m|CPI y/y,Neutral|Neutral|Neutral,22,16,6,72.7,27.3,2.67,2020-11-11_2020-12-10|2021-09-07_2021-10-06|2021-10-07_2021-11-05|2022-01-05_2022-02-03|2022-03-06_2022-04-04|2022-10-02_2022-10-31|2023-05-30_2023-06-28|2023-07-29_2023-08-27|2023-09-27_2023-10-26|2023-11-26_2023-12-25|2023-12-26_2024-01-24|2024-03-25_2024-04-23|2024-04-24_2024-05-23|2024-07-23_2024-08-21|2024-08-22_2024-09-20|2024-09-21_2024-10-20|2024-10-21_2024-11-19|2024-11-20_2024-12-19|2024-12-20_2025-01-18|2025-01-19_2025-02-17|2025-06-18_2025-07-17|2026-02-13_2026-03-14
0.2,3,Core CPI m/m|PPI m/m|CPI y/y,Neutral|Bad|Neutral,4,1,3,25.0,75.0,0.33,2021-02-09_2021-03-10|2021-12-06_2022-01-04|2024-02-24_2024-03-24|2025-07-18_2025-08-16
0.2,3,Core CPI m/m|PPI m/m|CPI y/y,Bad|Bad|Bad,2,2,0,100.0,0.0,inf,2021-05-10_2021-06-08|2021-07-09_2021-08-07
0.2,3,Core CPI m/m|PPI m/m|CPI y/y,Neutral|Bad|Bad,3,0,3,0.0,100.0,0.0,2021-06-09_2021-07-08|2022-07-04_2022-08-02|2023-01-30_2023-02-28
0.2,3,Core CPI m/m|PPI m/m|CPI y/y,Neutral|Neutral|Bad,3,2,1,66.7,33.3,2.0,2022-05-05_2022-06-03|2022-06-04_2022-07-03|2024-01-25_2024-02-23
0.2,3,Core CPI m/m|PPI m/m|CPI y/y,Neutral|Good|Neutral,6,4,2,66.7,33.3,2.0,2022-08-03_2022-09-01|2022-12-31_2023-01-29|2023-03-31_2023-04-29|2024-05-24_2024-06-22|2025-03-20_2025-04-18|2025-08-17_2025-09-15
0.2,3,Core CPI m/m|PPI m/m|CPI y/y,Bad|Neutral|Bad,1,1,0,100.0,0.0,inf,2022-09-02_2022-10-01
0.2,3,Core CPI m/m|PPI m/m|CPI y/y,Neutral|Neutral|Good,1,1,0,100.0,0.0,inf,2022-12-01_2022-12-30
0.3,3,Core CPI m/m|PPI m/m|CPI y/y,Neutral|Neutral|Neutral,29,20,9,69.0,31.0,2.22,2020-11-11_2020-12-10|2021-09-07_2021-10-06|2021-10-07_2021-11-05|2022-01-05_2022-02-03|2022-03-06_2022-04-04|2022-05-05_2022-06-03|2022-06-04_2022-07-03|2022-09-02_2022-10-01|2022-10-02_2022-10-31|2022-12-01_2022-12-30|2023-01-30_2023-02-28|2023-05-30_2023-06-28|2023-07-29_2023-08-27|2023-09-27_2023-10-26|2023-11-26_2023-12-25|2023-12-26_2024-01-24|2024-01-25_2024-02-23|2024-02-24_2024-03-24|2024-03-25_2024-04-23|2024-04-24_2024-05-23|2024-07-23_2024-08-21|2024-08-22_2024-09-20|2024-09-21_2024-10-20|2024-10-21_2024-11-19|2024-11-20_2024-12-19|2024-12-20_2025-01-18|2025-01-19_2025-02-17|2025-06-18_2025-07-17|2026-02-13_2026-03-14
0.3,3,Core CPI m/m|PPI m/m|CPI y/y,Neutral|Bad|Neutral,4,1,3,25.0,75.0,0.33,2021-02-09_2021-03-10|2021-06-09_2021-07-08|2021-12-06_2022-01-04|2025-07-18_2025-08-16
0.3,3,Core CPI m/m|PPI m/m|CPI y/y,Bad|Neutral|Bad,1,1,0,100.0,0.0,inf,2021-05-10_2021-06-08
0.3,3,Core CPI m/m|PPI m/m|CPI y/y,Bad|Bad|Bad,1,1,0,100.0,0.0,inf,2021-07-09_2021-08-07
0.3,3,Core CPI m/m|PPI m/m|CPI y/y,Neutral|Bad|Bad,1,0,1,0.0,100.0,0.0,2022-07-04_2022-08-02
0.3,3,Core CPI m/m|PPI m/m|CPI y/y,Neutral|Good|Neutral,6,4,2,66.7,33.3,2.0,2022-08-03_2022-09-01|2022-12-31_2023-01-29|2023-03-31_2023-04-29|2024-05-24_2024-06-22|2025-03-20_2025-04-18|2025-08-17_2025-09-15
0.0,3,Core CPI m/m|Core PPI m/m|FOMC,Neutral|Neutral|Neutral,3,2,1,66.7,33.3,2.0,2023-05-30_2023-06-28|2024-10-21_2024-11-19|2024-11-20_2024-12-19
0.0,3,Core CPI m/m|Core PPI m/m|FOMC,Neutral|Good|Neutral,2,0,2,0.0,100.0,0.0,2023-11-26_2023-12-25|2024-07-23_2024-08-21
0.0,3,Core CPI m/m|Core PPI m/m|FOMC,Good|Good|Neutral,1,0,1,0.0,100.0,0.0,2024-05-24_2024-06-22
0.0,3,Core CPI m/m|Core PPI m/m|FOMC,Bad|Bad|Good,1,1,0,100.0,0.0,inf,2024-08-22_2024-09-20
0.0,3,Core CPI m/m|Core PPI m/m|FOMC,Bad|Neutral|Neutral,1,1,0,100.0,0.0,inf,2025-01-19_2025-02-17
0.1,3,Core CPI m/m|Core PPI m/m|FOMC,Neutral|Neutral|Neutral,3,2,1,66.7,33.3,2.0,2023-05-30_2023-06-28|2024-10-21_2024-11-19|2024-11-20_2024-12-19
0.1,3,Core CPI m/m|Core PPI m/m|FOMC,Neutral|Good|Neutral,3,0,3,0.0,100.0,0.0,2023-11-26_2023-12-25|2024-05-24_2024-06-22|2024-07-23_2024-08-21
0.1,3,Core CPI m/m|Core PPI m/m|FOMC,Neutral|Neutral|Good,1,1,0,100.0,0.0,inf,2024-08-22_2024-09-20
0.1,3,Core CPI m/m|Core PPI m/m|FOMC,Bad|Neutral|Neutral,1,1,0,100.0,0.0,inf,2025-01-19_2025-02-17
0.2,3,Core CPI m/m|Core PPI m/m|FOMC,Neutral|Neutral|Neutral,6,3,3,50.0,50.0,1.0,2023-05-30_2023-06-28|2023-11-26_2023-12-25|2024-07-23_2024-08-21|2024-10-21_2024-11-19|2024-11-20_2024-12-19|2025-01-19_2025-02-17
0.2,3,Core CPI m/m|Core PPI m/m|FOMC,Neutral|Good|Neutral,1,0,1,0.0,100.0,0.0,2024-05-24_2024-06-22
0.2,3,Core CPI m/m|Core PPI m/m|FOMC,Neutral|Neutral|Good,1,1,0,100.0,0.0,inf,2024-08-22_2024-09-20
0.3,3,Core CPI m/m|Core PPI m/m|FOMC,Neutral|Neutral|Neutral,8,4,4,50.0,50.0,1.0,2023-05-30_2023-06-28|2023-11-26_2023-12-25|2024-05-24_2024-06-22|2024-07-23_2024-08-21|2024-08-22_2024-09-20|2024-10-21_2024-11-19|2024-11-20_2024-12-19|2025-01-19_2025-02-17
0.0,3,Core CPI m/m|Core PPI m/m|CPI y/y,Good|Good|Good,4,3,1,75.0,25.0,3.0,2020-11-11_2020-12-10|2022-08-03_2022-09-01|2024-05-24_2024-06-22|2025-03-20_2025-04-18
0.0,3,Core CPI m/m|Core PPI m/m|CPI y/y,Good|Bad|Neutral,2,1,1,50.0,50.0,1.0,2021-02-09_2021-03-10|2021-09-07_2021-10-06
0.0,3,Core CPI m/m|Core PPI m/m|CPI y/y,Bad|Bad|Bad,6,4,2,66.7,33.3,2.0,2021-05-10_2021-06-08|2021-06-09_2021-07-08|2021-07-09_2021-08-07|2022-09-02_2022-10-01|2024-01-25_2024-02-23|2024-02-24_2024-03-24
0.0,3,Core CPI m/m|Core PPI m/m|CPI y/y,Neutral|Good|Bad,2,2,0,100.0,0.0,inf,2021-10-07_2021-11-05|2023-12-26_2024-01-24
0.0,3,Core CPI m/m|Core PPI m/m|CPI y/y,Neutral|Bad|Neutral,2,2,0,100.0,0.0,inf,2021-12-06_2022-01-04|2024-04-24_2024-05-23
0.0,3,Core CPI m/m|Core PPI m/m|CPI y/y,Bad|Neutral|Neutral,1,1,0,100.0,0.0,inf,2022-01-05_2022-02-03
0.0,3,Core CPI m/m|Core PPI m/m|CPI y/y,Neutral|Good|Neutral,3,2,1,66.7,33.3,2.0,2022-03-06_2022-04-04|2023-11-26_2023-12-25|2025-08-17_2025-09-15
0.0,3,Core CPI m/m|Core PPI m/m|CPI y/y,Bad|Good|Bad,3,1,2,33.3,66.7,0.5,2022-05-05_2022-06-03|2022-06-04_2022-07-03|2022-07-04_2022-08-02
0.0,3,Core CPI m/m|Core PPI m/m|CPI y/y,Bad|Neutral|Bad,4,3,1,75.0,25.0,3.0,2022-10-02_2022-10-31|2024-03-25_2024-04-23|2024-09-21_2024-10-20|2025-01-19_2025-02-17
0.0,3,Core CPI m/m|Core PPI m/m|CPI y/y,Good|Bad|Good,1,1,0,100.0,0.0,inf,2022-12-01_2022-12-30
0.0,3,Core CPI m/m|Core PPI m/m|CPI y/y,Neutral|Neutral|Neutral,3,3,0,100.0,0.0,inf,2022-12-31_2023-01-29|2024-10-21_2024-11-19|2024-11-20_2024-12-19
0.0,3,Core CPI m/m|Core PPI m/m|CPI y/y,Neutral|Bad|Bad,2,0,2,0.0,100.0,0.0,2023-01-30_2023-02-28|2023-09-27_2023-10-26
0.0,3,Core CPI m/m|Core PPI m/m|CPI y/y,Neutral|Good|Good,2,0,2,0.0,100.0,0.0,2023-03-31_2023-04-29|2024-07-23_2024-08-21
0.0,3,Core CPI m/m|Core PPI m/m|CPI y/y,Neutral|Neutral|Good,1,0,1,0.0,100.0,0.0,2023-05-30_2023-06-28
0.0,3,Core CPI m/m|Core PPI m/m|CPI y/y,Neutral|Bad|Good,3,2,1,66.7,33.3,2.0,2023-07-29_2023-08-27|2025-07-18_2025-08-16|2026-02-13_2026-03-14
0.0,3,Core CPI m/m|Core PPI m/m|CPI y/y,Bad|Bad|Neutral,1,1,0,100.0,0.0,inf,2024-08-22_2024-09-20
0.0,3,Core CPI m/m|Core PPI m/m|CPI y/y,Good|Good|Neutral,1,1,0,100.0,0.0,inf,2024-12-20_2025-01-18
0.0,3,Core CPI m/m|Core PPI m/m|CPI y/y,Good|Good|Bad,1,0,1,0.0,100.0,0.0,2025-06-18_2025-07-17
0.1,3,Core CPI m/m|Core PPI m/m|CPI y/y,Neutral|Neutral|Neutral,8,7,1,87.5,12.5,7.0,2020-11-11_2020-12-10|2022-01-05_2022-02-03|2022-12-31_2023-01-29|2023-05-30_2023-06-28|2023-07-29_2023-08-27|2024-08-22_2024-09-20|2024-10-21_2024-11-19|2024-11-20_2024-12-19
0.1,3,Core CPI m/m|Core PPI m/m|CPI y/y,Good|Bad|Neutral,1,0,1,0.0,100.0,0.0,2021-02-09_2021-03-10
0.1,3,Core CPI m/m|Core PPI m/m|CPI y/y,Bad|Bad|Bad,5,4,1,80.0,20.0,4.0,2021-05-10_2021-06-08|2021-06-09_2021-07-08|2021-07-09_2021-08-07|2022-09-02_2022-10-01|2024-01-25_2024-02-23
0.1,3,Core CPI m/m|Core PPI m/m|CPI y/y,Good|Neutral|Neutral,1,1,0,100.0,0.0,inf,2021-09-07_2021-10-06
0.1,3,Core CPI m/m|Core PPI m/m|CPI y/y,Neutral|Good|Bad,3,2,1,66.7,33.3,2.0,2021-10-07_2021-11-05|2023-12-26_2024-01-24|2025-06-18_2025-07-17
0.1,3,Core CPI m/m|Core PPI m/m|CPI y/y,Neutral|Bad|Neutral,3,2,1,66.7,33.3,2.0,2021-12-06_2022-01-04|2024-04-24_2024-05-23|2025-07-18_2025-08-16
0.1,3,Core CPI m/m|Core PPI m/m|CPI y/y,Neutral|Good|Neutral,5,3,2,60.0,40.0,1.5,2022-03-06_2022-04-04|2023-03-31_2023-04-29|2023-11-26_2023-12-25|2024-12-20_2025-01-18|2025-08-17_2025-09-15
0.1,3,Core CPI m/m|Core PPI m/m|CPI y/y,Bad|Good|Bad,1,0,1,0.0,100.0,0.0,2022-05-05_2022-06-03
0.1,3,Core CPI m/m|Core PPI m/m|CPI y/y,Neutral|Neutral|Bad,3,1,2,33.3,66.7,0.5,2022-06-04_2022-07-03|2023-09-27_2023-10-26|2024-09-21_2024-10-20
0.1,3,Core CPI m/m|Core PPI m/m|CPI y/y,Bad|Neutral|Bad,4,2,2,50.0,50.0,1.0,2022-07-04_2022-08-02|2024-02-24_2024-03-24|2024-03-25_2024-04-23|2025-01-19_2025-02-17
0.1,3,Core CPI m/m|Core PPI m/m|CPI y/y,Good|Good|Good,2,2,0,100.0,0.0,inf,2022-08-03_2022-09-01|2025-03-20_2025-04-18
0.1,3,Core CPI m/m|Core PPI m/m|CPI y/y,Bad|Neutral|Neutral,1,1,0,100.0,0.0,inf,2022-10-02_2022-10-31
0.1,3,Core CPI m/m|Core PPI m/m|CPI y/y,Neutral|Bad|Good,2,2,0,100.0,0.0,inf,2022-12-01_2022-12-30|2026-02-13_2026-03-14
0.1,3,Core CPI m/m|Core PPI m/m|CPI y/y,Neutral|Bad|Bad,1,0,1,0.0,100.0,0.0,2023-01-30_2023-02-28
0.1,3,Core CPI m/m|Core PPI m/m|CPI y/y,Neutral|Good|Good,2,0,2,0.0,100.0,0.0,2024-05-24_2024-06-22|2024-07-23_2024-08-21
0.2,3,Core CPI m/m|Core PPI m/m|CPI y/y,Neutral|Neutral|Neutral,21,14,7,66.7,33.3,2.0,2020-11-11_2020-12-10|2021-09-07_2021-10-06|2022-01-05_2022-02-03|2022-08-03_2022-09-01|2022-10-02_2022-10-31|2022-12-31_2023-01-29|2023-05-30_2023-06-28|2023-07-29_2023-08-27|2023-09-27_2023-10-26|2023-11-26_2023-12-25|2023-12-26_2024-01-24|2024-02-24_2024-03-24|2024-03-25_2024-04-23|2024-07-23_2024-08-21|2024-08-22_2024-09-20|2024-09-21_2024-10-20|2024-10-21_2024-11-19|2024-11-20_2024-12-19|2024-12-20_2025-01-18|2025-01-19_2025-02-17|2025-06-18_2025-07-17
0.2,3,Core CPI m/m|Core PPI m/m|CPI y/y,Neutral|Bad|Neutral,5,3,2,60.0,40.0,1.5,2021-02-09_2021-03-10|2021-12-06_2022-01-04|2024-04-24_2024-05-23|2025-07-18_2025-08-16|2026-02-13_2026-03-14
0.2,3,Core CPI m/m|Core PPI m/m|CPI y/y,Bad|Bad|Bad,2,2,0,100.0,0.0,inf,2021-05-10_2021-06-08|2021-07-09_2021-08-07
0.2,3,Core CPI m/m|Core PPI m/m|CPI y/y,Neutral|Neutral|Bad,5,1,4,20.0,80.0,0.25,2021-06-09_2021-07-08|2022-05-05_2022-06-03|2022-06-04_2022-07-03|2022-07-04_2022-08-02|2023-01-30_2023-02-28
0.2,3,Core CPI m/m|Core PPI m/m|CPI y/y,Neutral|Good|Neutral,6,4,2,66.7,33.3,2.0,2021-10-07_2021-11-05|2022-03-06_2022-04-04|2023-03-31_2023-04-29|2024-05-24_2024-06-22|2025-03-20_2025-04-18|2025-08-17_2025-09-15
0.2,3,Core CPI m/m|Core PPI m/m|CPI y/y,Bad|Neutral|Bad,1,1,0,100.0,0.0,inf,2022-09-02_2022-10-01
0.2,3,Core CPI m/m|Core PPI m/m|CPI y/y,Neutral|Neutral|Good,1,1,0,100.0,0.0,inf,2022-12-01_2022-12-30
0.2,3,Core CPI m/m|Core PPI m/m|CPI y/y,Neutral|Bad|Bad,1,1,0,100.0,0.0,inf,2024-01-25_2024-02-23
0.3,3,Core CPI m/m|Core PPI m/m|CPI y/y,Neutral|Neutral|Neutral,31,20,11,64.5,35.5,1.82,2020-11-11_2020-12-10|2021-06-09_2021-07-08|2021-09-07_2021-10-06|2021-10-07_2021-11-05|2021-12-06_2022-01-04|2022-01-05_2022-02-03|2022-05-05_2022-06-03|2022-06-04_2022-07-03|2022-08-03_2022-09-01|2022-09-02_2022-10-01|2022-10-02_2022-10-31|2022-12-01_2022-12-30|2022-12-31_2023-01-29|2023-01-30_2023-02-28|2023-05-30_2023-06-28|2023-07-29_2023-08-27|2023-09-27_2023-10-26|2023-11-26_2023-12-25|2023-12-26_2024-01-24|2024-02-24_2024-03-24|2024-03-25_2024-04-23|2024-04-24_2024-05-23|2024-05-24_2024-06-22|2024-07-23_2024-08-21|2024-08-22_2024-09-20|2024-09-21_2024-10-20|2024-10-21_2024-11-19|2024-11-20_2024-12-19|2024-12-20_2025-01-18|2025-01-19_2025-02-17|2025-06-18_2025-07-17
0.3,3,Core CPI m/m|Core PPI m/m|CPI y/y,Neutral|Bad|Neutral,4,2,2,50.0,50.0,1.0,2021-02-09_2021-03-10|2024-01-25_2024-02-23|2025-07-18_2025-08-16|2026-02-13_2026-03-14
0.3,3,Core CPI m/m|Core PPI m/m|CPI y/y,Bad|Neutral|Bad,1,1,0,100.0,0.0,inf,2021-05-10_2021-06-08
0.3,3,Core CPI m/m|Core PPI m/m|CPI y/y,Bad|Bad|Bad,1,1,0,100.0,0.0,inf,2021-07-09_2021-08-07
0.3,3,Core CPI m/m|Core PPI m/m|CPI y/y,Neutral|Good|Neutral,4,3,1,75.0,25.0,3.0,2022-03-06_2022-04-04|2023-03-31_2023-04-29|2025-03-20_2025-04-18|2025-08-17_2025-09-15
0.3,3,Core CPI m/m|Core PPI m/m|CPI y/y,Neutral|Neutral|Bad,1,0,1,0.0,100.0,0.0,2022-07-04_2022-08-02
0.0,3,Core CPI m/m|FOMC|CPI y/y,Neutral|Neutral|Good,2,0,2,0.0,100.0,0.0,2023-05-30_2023-06-28|2024-07-23_2024-08-21
0.0,3,Core CPI m/m|FOMC|CPI y/y,Neutral|Neutral|Neutral,3,2,1,66.7,33.3,2.0,2023-11-26_2023-12-25|2024-10-21_2024-11-19|2024-11-20_2024-12-19
0.0,3,Core CPI m/m|FOMC|CPI y/y,Good|Neutral|Good,1,0,1,0.0,100.0,0.0,2024-05-24_2024-06-22
0.0,3,Core CPI m/m|FOMC|CPI y/y,Bad|Good|Neutral,1,1,0,100.0,0.0,inf,2024-08-22_2024-09-20
0.0,3,Core CPI m/m|FOMC|CPI y/y,Bad|Neutral|Bad,1,1,0,100.0,0.0,inf,2025-01-19_2025-02-17
0.1,3,Core CPI m/m|FOMC|CPI y/y,Neutral|Neutral|Neutral,4,2,2,50.0,50.0,1.0,2023-05-30_2023-06-28|2023-11-26_2023-12-25|2024-10-21_2024-11-19|2024-11-20_2024-12-19
0.1,3,Core CPI m/m|FOMC|CPI y/y,Neutral|Neutral|Good,2,0,2,0.0,100.0,0.0,2024-05-24_2024-06-22|2024-07-23_2024-08-21
0.1,3,Core CPI m/m|FOMC|CPI y/y,Neutral|Good|Neutral,1,1,0,100.0,0.0,inf,2024-08-22_2024-09-20
0.1,3,Core CPI m/m|FOMC|CPI y/y,Bad|Neutral|Bad,1,1,0,100.0,0.0,inf,2025-01-19_2025-02-17
0.2,3,Core CPI m/m|FOMC|CPI y/y,Neutral|Neutral|Neutral,7,3,4,42.9,57.1,0.75,2023-05-30_2023-06-28|2023-11-26_2023-12-25|2024-05-24_2024-06-22|2024-07-23_2024-08-21|2024-10-21_2024-11-19|2024-11-20_2024-12-19|2025-01-19_2025-02-17
0.2,3,Core CPI m/m|FOMC|CPI y/y,Neutral|Good|Neutral,1,1,0,100.0,0.0,inf,2024-08-22_2024-09-20
0.3,3,Core CPI m/m|FOMC|CPI y/y,Neutral|Neutral|Neutral,8,4,4,50.0,50.0,1.0,2023-05-30_2023-06-28|2023-11-26_2023-12-25|2024-05-24_2024-06-22|2024-07-23_2024-08-21|2024-08-22_2024-09-20|2024-10-21_2024-11-19|2024-11-20_2024-12-19|2025-01-19_2025-02-17
0.0,3,PPI m/m|Core PPI m/m|FOMC,Good|Neutral|Neutral,1,0,1,0.0,100.0,0.0,2023-05-30_2023-06-28
0.0,3,PPI m/m|Core PPI m/m|FOMC,Neutral|Good|Neutral,1,0,1,0.0,100.0,0.0,2023-11-26_2023-12-25
0.0,3,PPI m/m|Core PPI m/m|FOMC,Good|Good|Neutral,2,0,2,0.0,100.0,0.0,2024-05-24_2024-06-22|2024-07-23_2024-08-21
0.0,3,PPI m/m|Core PPI m/m|FOMC,Bad|Bad|Good,1,1,0,100.0,0.0,inf,2024-08-22_2024-09-20
0.0,3,PPI m/m|Core PPI m/m|FOMC,Neutral|Neutral|Neutral,1,1,0,100.0,0.0,inf,2024-10-21_2024-11-19
0.0,3,PPI m/m|Core PPI m/m|FOMC,Bad|Neutral|Neutral,2,2,0,100.0,0.0,inf,2024-11-20_2024-12-19|2025-01-19_2025-02-17
0.1,3,PPI m/m|Core PPI m/m|FOMC,Good|Neutral|Neutral,1,0,1,0.0,100.0,0.0,2023-05-30_2023-06-28
0.1,3,PPI m/m|Core PPI m/m|FOMC,Neutral|Good|Neutral,2,0,2,0.0,100.0,0.0,2023-11-26_2023-12-25|2024-07-23_2024-08-21
0.1,3,PPI m/m|Core PPI m/m|FOMC,Good|Good|Neutral,1,0,1,0.0,100.0,0.0,2024-05-24_2024-06-22
0.1,3,PPI m/m|Core PPI m/m|FOMC,Neutral|Neutral|Good,1,1,0,100.0,0.0,inf,2024-08-22_2024-09-20
0.1,3,PPI m/m|Core PPI m/m|FOMC,Neutral|Neutral|Neutral,1,1,0,100.0,0.0,inf,2024-10-21_2024-11-19
0.1,3,PPI m/m|Core PPI m/m|FOMC,Bad|Neutral|Neutral,2,2,0,100.0,0.0,inf,2024-11-20_2024-12-19|2025-01-19_2025-02-17
0.2,3,PPI m/m|Core PPI m/m|FOMC,Neutral|Neutral|Neutral,6,3,3,50.0,50.0,1.0,2023-05-30_2023-06-28|2023-11-26_2023-12-25|2024-07-23_2024-08-21|2024-10-21_2024-11-19|2024-11-20_2024-12-19|2025-01-19_2025-02-17
0.2,3,PPI m/m|Core PPI m/m|FOMC,Good|Good|Neutral,1,0,1,0.0,100.0,0.0,2024-05-24_2024-06-22
0.2,3,PPI m/m|Core PPI m/m|FOMC,Neutral|Neutral|Good,1,1,0,100.0,0.0,inf,2024-08-22_2024-09-20
0.3,3,PPI m/m|Core PPI m/m|FOMC,Neutral|Neutral|Neutral,7,4,3,57.1,42.9,1.33,2023-05-30_2023-06-28|2023-11-26_2023-12-25|2024-07-23_2024-08-21|2024-08-22_2024-09-20|2024-10-21_2024-11-19|2024-11-20_2024-12-19|2025-01-19_2025-02-17
0.3,3,PPI m/m|Core PPI m/m|FOMC,Good|Neutral|Neutral,1,0,1,0.0,100.0,0.0,2024-05-24_2024-06-22
0.0,3,PPI m/m|Core PPI m/m|CPI y/y,Bad|Good|Good,1,1,0,100.0,0.0,inf,2020-11-11_2020-12-10
0.0,3,PPI m/m|Core PPI m/m|CPI y/y,Bad|Bad|Neutral,5,4,1,80.0,20.0,4.0,2021-02-09_2021-03-10|2021-09-07_2021-10-06|2021-12-06_2022-01-04|2024-04-24_2024-05-23|2024-08-22_2024-09-20
0.0,3,PPI m/m|Core PPI m/m|CPI y/y,Bad|Bad|Bad,7,3,4,42.9,57.1,0.75,2021-05-10_2021-06-08|2021-06-09_2021-07-08|2021-07-09_2021-08-07|2023-01-30_2023-02-28|2023-09-27_2023-10-26|2024-01-25_2024-02-23|2024-02-24_2024-03-24
0.0,3,PPI m/m|Core PPI m/m|CPI y/y,Good|Good|Bad,3,2,1,66.7,33.3,2.0,2021-10-07_2021-11-05|2023-12-26_2024-01-24|2025-06-18_2025-07-17
0.0,3,PPI m/m|Core PPI m/m|CPI y/y,Good|Neutral|Neutral,2,2,0,100.0,0.0,inf,2022-01-05_2022-02-03|2022-12-31_2023-01-29
0.0,3,PPI m/m|Core PPI m/m|CPI y/y,Good|Good|Neutral,3,3,0,100.0,0.0,inf,2022-03-06_2022-04-04|2024-12-20_2025-01-18|2025-08-17_2025-09-15
0.0,3,PPI m/m|Core PPI m/m|CPI y/y,Neutral|Good|Bad,2,1,1,50.0,50.0,1.0,2022-05-05_2022-06-03|2022-06-04_2022-07-03
0.0,3,PPI m/m|Core PPI m/m|CPI y/y,Bad|Good|Bad,1,0,1,0.0,100.0,0.0,2022-07-04_2022-08-02
0.0,3,PPI m/m|Core PPI m/m|CPI y/y,Good|Good|Good,5,2,3,40.0,60.0,0.67,2022-08-03_2022-09-01|2023-03-31_2023-04-29|2024-05-24_2024-06-22|2024-07-23_2024-08-21|2025-03-20_2025-04-18
0.0,3,PPI m/m|Core PPI m/m|CPI y/y,Neutral|Bad|Bad,1,1,0,100.0,0.0,inf,2022-09-02_2022-10-01
0.0,3,PPI m/m|Core PPI m/m|CPI y/y,Bad|Neutral|Bad,2,2,0,100.0,0.0,inf,2022-10-02_2022-10-31|2025-01-19_2025-02-17
0.0,3,PPI m/m|Core PPI m/m|CPI y/y,Bad|Bad|Good,4,3,1,75.0,25.0,3.0,2022-12-01_2022-12-30|2023-07-29_2023-08-27|2025-07-18_2025-08-16|2026-02-13_2026-03-14
0.0,3,PPI m/m|Core PPI m/m|CPI y/y,Good|Neutral|Good,1,0,1,0.0,100.0,0.0,2023-05-30_2023-06-28
0.0,3,PPI m/m|Core PPI m/m|CPI y/y,Neutral|Good|Neutral,1,0,1,0.0,100.0,0.0,2023-11-26_2023-12-25
0.0,3,PPI m/m|Core PPI m/m|CPI y/y,Good|Neutral|Bad,2,1,1,50.0,50.0,1.0,2024-03-25_2024-04-23|2024-09-21_2024-10-20
0.0,3,PPI m/m|Core PPI m/m|CPI y/y,Neutral|Neutral|Neutral,1,1,0,100.0,0.0,inf,2024-10-21_2024-11-19
0.0,3,PPI m/m|Core PPI m/m|CPI y/y,Bad|Neutral|Neutral,1,1,0,100.0,0.0,inf,2024-11-20_2024-12-19
0.1,3,PPI m/m|Core PPI m/m|CPI y/y,Neutral|Neutral|Neutral,5,5,0,100.0,0.0,inf,2020-11-11_2020-12-10|2021-09-07_2021-10-06|2023-07-29_2023-08-27|2024-08-22_2024-09-20|2024-10-21_2024-11-19
0.1,3,PPI m/m|Core PPI m/m|CPI y/y,Bad|Bad|Neutral,4,2,2,50.0,50.0,1.0,2021-02-09_2021-03-10|2021-12-06_2022-01-04|2024-04-24_2024-05-23|2025-07-18_2025-08-16
0.1,3,PPI m/m|Core PPI m/m|CPI y/y,Bad|Bad|Bad,5,3,2,60.0,40.0,1.5,2021-05-10_2021-06-08|2021-06-09_2021-07-08|2021-07-09_2021-08-07|2023-01-30_2023-02-28|2024-01-25_2024-02-23
0.1,3,PPI m/m|Core PPI m/m|CPI y/y,Neutral|Good|Bad,2,1,1,50.0,50.0,1.0,2021-10-07_2021-11-05|2022-05-05_2022-06-03
0.1,3,PPI m/m|Core PPI m/m|CPI y/y,Good|Neutral|Neutral,3,2,1,66.7,33.3,2.0,2022-01-05_2022-02-03|2022-12-31_2023-01-29|2023-05-30_2023-06-28
0.1,3,PPI m/m|Core PPI m/m|CPI y/y,Good|Good|Neutral,4,3,1,75.0,25.0,3.0,2022-03-06_2022-04-04|2023-03-31_2023-04-29|2024-12-20_2025-01-18|2025-08-17_2025-09-15
0.1,3,PPI m/m|Core PPI m/m|CPI y/y,Neutral|Neutral|Bad,3,2,1,66.7,33.3,2.0,2022-06-04_2022-07-03|2024-03-25_2024-04-23|2024-09-21_2024-10-20
0.1,3,PPI m/m|Core PPI m/m|CPI y/y,Bad|Neutral|Bad,4,1,3,25.0,75.0,0.33,2022-07-04_2022-08-02|2023-09-27_2023-10-26|2024-02-24_2024-03-24|2025-01-19_2025-02-17
0.1,3,PPI m/m|Core PPI m/m|CPI y/y,Good|Good|Good,3,2,1,66.7,33.3,2.0,2022-08-03_2022-09-01|2024-05-24_2024-06-22|2025-03-20_2025-04-18
0.1,3,PPI m/m|Core PPI m/m|CPI y/y,Neutral|Bad|Bad,1,1,0,100.0,0.0,inf,2022-09-02_2022-10-01
0.1,3,PPI m/m|Core PPI m/m|CPI y/y,Bad|Neutral|Neutral,2,2,0,100.0,0.0,inf,2022-10-02_2022-10-31|2024-11-20_2024-12-19
0.1,3,PPI m/m|Core PPI m/m|CPI y/y,Neutral|Bad|Good,1,1,0,100.0,0.0,inf,2022-12-01_2022-12-30
0.1,3,PPI m/m|Core PPI m/m|CPI y/y,Neutral|Good|Neutral,1,0,1,0.0,100.0,0.0,2023-11-26_2023-12-25
0.1,3,PPI m/m|Core PPI m/m|CPI y/y,Good|Good|Bad,2,1,1,50.0,50.0,1.0,2023-12-26_2024-01-24|2025-06-18_2025-07-17
0.1,3,PPI m/m|Core PPI m/m|CPI y/y,Neutral|Good|Good,1,0,1,0.0,100.0,0.0,2024-07-23_2024-08-21
0.1,3,PPI m/m|Core PPI m/m|CPI y/y,Bad|Bad|Good,1,1,0,100.0,0.0,inf,2026-02-13_2026-03-14
0.2,3,PPI m/m|Core PPI m/m|CPI y/y,Neutral|Neutral|Neutral,18,12,6,66.7,33.3,2.0,2020-11-11_2020-12-10|2021-09-07_2021-10-06|2022-01-05_2022-02-03|2022-10-02_2022-10-31|2023-05-30_2023-06-28|2023-07-29_2023-08-27|2023-09-27_2023-10-26|2023-11-26_2023-12-25|2023-12-26_2024-01-24|2024-03-25_2024-04-23|2024-07-23_2024-08-21|2024-08-22_2024-09-20|2024-09-21_2024-10-20|2024-10-21_2024-11-19|2024-11-20_2024-12-19|2024-12-20_2025-01-18|2025-01-19_2025-02-17|2025-06-18_2025-07-17
0.2,3,PPI m/m|Core PPI m/m|CPI y/y,Bad|Bad|Neutral,3,1,2,33.3,66.7,0.5,2021-02-09_2021-03-10|2021-12-06_2022-01-04|2025-07-18_2025-08-16
0.2,3,PPI m/m|Core PPI m/m|CPI y/y,Bad|Bad|Bad,2,2,0,100.0,0.0,inf,2021-05-10_2021-06-08|2021-07-09_2021-08-07
0.2,3,PPI m/m|Core PPI m/m|CPI y/y,Bad|Neutral|Bad,3,0,3,0.0,100.0,0.0,2021-06-09_2021-07-08|2022-07-04_2022-08-02|2023-01-30_2023-02-28
0.2,3,PPI m/m|Core PPI m/m|CPI y/y,Neutral|Good|Neutral,2,2,0,100.0,0.0,inf,2021-10-07_2021-11-05|2022-03-06_2022-04-04
0.2,3,PPI m/m|Core PPI m/m|CPI y/y,Neutral|Neutral|Bad,3,2,1,66.7,33.3,2.0,2022-05-05_2022-06-03|2022-06-04_2022-07-03|2022-09-02_2022-10-01
0.2,3,PPI m/m|Core PPI m/m|CPI y/y,Good|Neutral|Neutral,2,2,0,100.0,0.0,inf,2022-08-03_2022-09-01|2022-12-31_2023-01-29
0.2,3,PPI m/m|Core PPI m/m|CPI y/y,Neutral|Neutral|Good,1,1,0,100.0,0.0,inf,2022-12-01_2022-12-30
0.2,3,PPI m/m|Core PPI m/m|CPI y/y,Good|Good|Neutral,4,2,2,50.0,50.0,1.0,2023-03-31_2023-04-29|2024-05-24_2024-06-22|2025-03-20_2025-04-18|2025-08-17_2025-09-15
0.2,3,PPI m/m|Core PPI m/m|CPI y/y,Neutral|Bad|Bad,1,1,0,100.0,0.0,inf,2024-01-25_2024-02-23
0.2,3,PPI m/m|Core PPI m/m|CPI y/y,Bad|Neutral|Neutral,1,0,1,0.0,100.0,0.0,2024-02-24_2024-03-24
0.2,3,PPI m/m|Core PPI m/m|CPI y/y,Neutral|Bad|Neutral,2,2,0,100.0,0.0,inf,2024-04-24_2024-05-23|2026-02-13_2026-03-14
0.3,3,PPI m/m|Core PPI m/m|CPI y/y,Neutral|Neutral|Neutral,26,17,9,65.4,34.6,1.89,2020-11-11_2020-12-10|2021-09-07_2021-10-06|2021-10-07_2021-11-05|2022-01-05_2022-02-03|2022-05-05_2022-06-03|2022-06-04_2022-07-03|2022-09-02_2022-10-01|2022-10-02_2022-10-31|2022-12-01_2022-12-30|2023-01-30_2023-02-28|2023-05-30_2023-06-28|2023-07-29_2023-08-27|2023-09-27_2023-10-26|2023-11-26_2023-12-25|2023-12-26_2024-01-24|2024-02-24_2024-03-24|2024-03-25_2024-04-23|2024-04-24_2024-05-23|2024-07-23_2024-08-21|2024-08-22_2024-09-20|2024-09-21_2024-10-20|2024-10-21_2024-11-19|2024-11-20_2024-12-19|2024-12-20_2025-01-18|2025-01-19_2025-02-17|2025-06-18_2025-07-17
0.3,3,PPI m/m|Core PPI m/m|CPI y/y,Bad|Bad|Neutral,2,0,2,0.0,100.0,0.0,2021-02-09_2021-03-10|2025-07-18_2025-08-16
0.3,3,PPI m/m|Core PPI m/m|CPI y/y,Neutral|Neutral|Bad,1,1,0,100.0,0.0,inf,2021-05-10_2021-06-08
0.3,3,PPI m/m|Core PPI m/m|CPI y/y,Bad|Neutral|Neutral,2,1,1,50.0,50.0,1.0,2021-06-09_2021-07-08|2021-12-06_2022-01-04
0.3,3,PPI m/m|Core PPI m/m|CPI y/y,Bad|Bad|Bad,1,1,0,100.0,0.0,inf,2021-07-09_2021-08-07
0.3,3,PPI m/m|Core PPI m/m|CPI y/y,Neutral|Good|Neutral,1,1,0,100.0,0.0,inf,2022-03-06_2022-04-04
0.3,3,PPI m/m|Core PPI m/m|CPI y/y,Bad|Neutral|Bad,1,0,1,0.0,100.0,0.0,2022-07-04_2022-08-02
0.3,3,PPI m/m|Core PPI m/m|CPI y/y,Good|Neutral|Neutral,3,2,1,66.7,33.3,2.0,2022-08-03_2022-09-01|2022-12-31_2023-01-29|2024-05-24_2024-06-22
0.3,3,PPI m/m|Core PPI m/m|CPI y/y,Good|Good|Neutral,3,2,1,66.7,33.3,2.0,2023-03-31_2023-04-29|2025-03-20_2025-04-18|2025-08-17_2025-09-15
0.3,3,PPI m/m|Core PPI m/m|CPI y/y,Neutral|Bad|Neutral,2,2,0,100.0,0.0,inf,2024-01-25_2024-02-23|2026-02-13_2026-03-14
0.0,3,PPI m/m|FOMC|CPI y/y,Good|Neutral|Good,3,0,3,0.0,100.0,0.0,2023-05-30_2023-06-28|2024-05-24_2024-06-22|2024-07-23_2024-08-21
0.0,3,PPI m/m|FOMC|CPI y/y,Neutral|Neutral|Neutral,2,1,1,50.0,50.0,1.0,2023-11-26_2023-12-25|2024-10-21_2024-11-19
0.0,3,PPI m/m|FOMC|CPI y/y,Bad|Good|Neutral,1,1,0,100.0,0.0,inf,2024-08-22_2024-09-20
0.0,3,PPI m/m|FOMC|CPI y/y,Bad|Neutral|Neutral,1,1,0,100.0,0.0,inf,2024-11-20_2024-12-19
0.0,3,PPI m/m|FOMC|CPI y/y,Bad|Neutral|Bad,1,1,0,100.0,0.0,inf,2025-01-19_2025-02-17
0.1,3,PPI m/m|FOMC|CPI y/y,Good|Neutral|Neutral,1,0,1,0.0,100.0,0.0,2023-05-30_2023-06-28
0.1,3,PPI m/m|FOMC|CPI y/y,Neutral|Neutral|Neutral,2,1,1,50.0,50.0,1.0,2023-11-26_2023-12-25|2024-10-21_2024-11-19
0.1,3,PPI m/m|FOMC|CPI y/y,Good|Neutral|Good,1,0,1,0.0,100.0,0.0,2024-05-24_2024-06-22
0.1,3,PPI m/m|FOMC|CPI y/y,Neutral|Neutral|Good,1,0,1,0.0,100.0,0.0,2024-07-23_2024-08-21
0.1,3,PPI m/m|FOMC|CPI y/y,Neutral|Good|Neutral,1,1,0,100.0,0.0,inf,2024-08-22_2024-09-20
0.1,3,PPI m/m|FOMC|CPI y/y,Bad|Neutral|Neutral,1,1,0,100.0,0.0,inf,2024-11-20_2024-12-19
0.1,3,PPI m/m|FOMC|CPI y/y,Bad|Neutral|Bad,1,1,0,100.0,0.0,inf,2025-01-19_2025-02-17
0.2,3,PPI m/m|FOMC|CPI y/y,Neutral|Neutral|Neutral,6,3,3,50.0,50.0,1.0,2023-05-30_2023-06-28|2023-11-26_2023-12-25|2024-07-23_2024-08-21|2024-10-21_2024-11-19|2024-11-20_2024-12-19|2025-01-19_2025-02-17
0.2,3,PPI m/m|FOMC|CPI y/y,Good|Neutral|Neutral,1,0,1,0.0,100.0,0.0,2024-05-24_2024-06-22
0.2,3,PPI m/m|FOMC|CPI y/y,Neutral|Good|Neutral,1,1,0,100.0,0.0,inf,2024-08-22_2024-09-20
0.3,3,PPI m/m|FOMC|CPI y/y,Neutral|Neutral|Neutral,7,4,3,57.1,42.9,1.33,2023-05-30_2023-06-28|2023-11-26_2023-12-25|2024-07-23_2024-08-21|2024-08-22_2024-09-20|2024-10-21_2024-11-19|2024-11-20_2024-12-19|2025-01-19_2025-02-17
0.3,3,PPI m/m|FOMC|CPI y/y,Good|Neutral|Neutral,1,0,1,0.0,100.0,0.0,2024-05-24_2024-06-22
0.0,3,Core PPI m/m|FOMC|CPI y/y,Neutral|Neutral|Good,1,0,1,0.0,100.0,0.0,2023-05-30_2023-06-28
0.0,3,Core PPI m/m|FOMC|CPI y/y,Good|Neutral|Neutral,1,0,1,0.0,100.0,0.0,2023-11-26_2023-12-25
0.0,3,Core PPI m/m|FOMC|CPI y/y,Good|Neutral|Good,2,0,2,0.0,100.0,0.0,2024-05-24_2024-06-22|2024-07-23_2024-08-21
0.0,3,Core PPI m/m|FOMC|CPI y/y,Bad|Good|Neutral,1,1,0,100.0,0.0,inf,2024-08-22_2024-09-20
0.0,3,Core PPI m/m|FOMC|CPI y/y,Neutral|Neutral|Neutral,2,2,0,100.0,0.0,inf,2024-10-21_2024-11-19|2024-11-20_2024-12-19
0.0,3,Core PPI m/m|FOMC|CPI y/y,Neutral|Neutral|Bad,1,1,0,100.0,0.0,inf,2025-01-19_2025-02-17
0.1,3,Core PPI m/m|FOMC|CPI y/y,Neutral|Neutral|Neutral,3,2,1,66.7,33.3,2.0,2023-05-30_2023-06-28|2024-10-21_2024-11-19|2024-11-20_2024-12-19
0.1,3,Core PPI m/m|FOMC|CPI y/y,Good|Neutral|Neutral,1,0,1,0.0,100.0,0.0,2023-11-26_2023-12-25
0.1,3,Core PPI m/m|FOMC|CPI y/y,Good|Neutral|Good,2,0,2,0.0,100.0,0.0,2024-05-24_2024-06-22|2024-07-23_2024-08-21
0.1,3,Core PPI m/m|FOMC|CPI y/y,Neutral|Good|Neutral,1,1,0,100.0,0.0,inf,2024-08-22_2024-09-20
0.1,3,Core PPI m/m|FOMC|CPI y/y,Neutral|Neutral|Bad,1,1,0,100.0,0.0,inf,2025-01-19_2025-02-17
0.2,3,Core PPI m/m|FOMC|CPI y/y,Neutral|Neutral|Neutral,6,3,3,50.0,50.0,1.0,2023-05-30_2023-06-28|2023-11-26_2023-12-25|2024-07-23_2024-08-21|2024-10-21_2024-11-19|2024-11-20_2024-12-19|2025-01-19_2025-02-17
0.2,3,Core PPI m/m|FOMC|CPI y/y,Good|Neutral|Neutral,1,0,1,0.0,100.0,0.0,2024-05-24_2024-06-22
0.2,3,Core PPI m/m|FOMC|CPI y/y,Neutral|Good|Neutral,1,1,0,100.0,0.0,inf,2024-08-22_2024-09-20
0.3,3,Core PPI m/m|FOMC|CPI y/y,Neutral|Neutral|Neutral,8,4,4,50.0,50.0,1.0,2023-05-30_2023-06-28|2023-11-26_2023-12-25|2024-05-24_2024-06-22|2024-07-23_2024-08-21|2024-08-22_2024-09-20|2024-10-21_2024-11-19|2024-11-20_2024-12-19|2025-01-19_2025-02-17
0.0,4,CPI m/m|Core CPI m/m|PPI m/m|Core PPI m/m,Neutral|Good|Bad|Good,1,1,0,100.0,0.0,inf,2020-11-11_2020-12-10
0.0,4,CPI m/m|Core CPI m/m|PPI m/m|Core PPI m/m,Neutral|Good|Bad|Bad,1,0,1,0.0,100.0,0.0,2021-02-09_2021-03-10
0.0,4,CPI m/m|Core CPI m/m|PPI m/m|Core PPI m/m,Bad|Bad|Bad|Bad,4,3,1,75.0,25.0,3.0,2021-05-10_2021-06-08|2021-06-09_2021-07-08|2021-07-09_2021-08-07|2024-01-25_2024-02-23
0.0,4,CPI m/m|Core CPI m/m|PPI m/m|Core PPI m/m,Good|Good|Bad|Bad,2,2,0,100.0,0.0,inf,2021-09-07_2021-10-06|2022-12-01_2022-12-30
0.0,4,CPI m/m|Core CPI m/m|PPI m/m|Core PPI m/m,Bad|Neutral|Good|Good,3,3,0,100.0,0.0,inf,2021-10-07_2021-11-05|2023-12-26_2024-01-24|2025-08-17_2025-09-15
0.0,4,CPI m/m|Core CPI m/m|PPI m/m|Core PPI m/m,Bad|Neutral|Bad|Bad,2,1,1,50.0,50.0,1.0,2021-12-06_2022-01-04|2023-09-27_2023-10-26
0.0,4,CPI m/m|Core CPI m/m|PPI m/m|Core PPI m/m,Bad|Bad|Good|Neutral,3,2,1,66.7,33.3,2.0,2022-01-05_2022-02-03|2024-03-25_2024-04-23|2024-09-21_2024-10-20
0.0,4,CPI m/m|Core CPI m/m|PPI m/m|Core PPI m/m,Neutral|Neutral|Good|Good,2,1,1,50.0,50.0,1.0,2022-03-06_2022-04-04|2024-07-23_2024-08-21
0.0,4,CPI m/m|Core CPI m/m|PPI m/m|Core PPI m/m,Bad|Bad|Neutral|Good,2,1,1,50.0,50.0,1.0,2022-05-05_2022-06-03|2022-06-04_2022-07-03
0.0,4,CPI m/m|Core CPI m/m|PPI m/m|Core PPI m/m,Bad|Bad|Bad|Good,1,0,1,0.0,100.0,0.0,2022-07-04_2022-08-02
0.0,4,CPI m/m|Core CPI m/m|PPI m/m|Core PPI m/m,Good|Good|Good|Good,3,2,1,66.7,33.3,2.0,2022-08-03_2022-09-01|2024-05-24_2024-06-22|2025-03-20_2025-04-18
0.0,4,CPI m/m|Core CPI m/m|PPI m/m|Core PPI m/m,Bad|Bad|Neutral|Bad,1,1,0,100.0,0.0,inf,2022-09-02_2022-10-01
0.0,4,CPI m/m|Core CPI m/m|PPI m/m|Core PPI m/m,Bad|Bad|Bad|Neutral,2,2,0,100.0,0.0,inf,2022-10-02_2022-10-31|2025-01-19_2025-02-17
0.0,4,CPI m/m|Core CPI m/m|PPI m/m|Core PPI m/m,Neutral|Neutral|Good|Neutral,1,1,0,100.0,0.0,inf,2022-12-31_2023-01-29
0.0,4,CPI m/m|Core CPI m/m|PPI m/m|Core PPI m/m,Neutral|Neutral|Bad|Bad,3,1,2,33.3,66.7,0.5,2023-01-30_2023-02-28|2023-07-29_2023-08-27|2025-07-18_2025-08-16
0.0,4,CPI m/m|Core CPI m/m|PPI m/m|Core PPI m/m,Good|Neutral|Good|Good,1,0,1,0.0,100.0,0.0,2023-03-31_2023-04-29
0.0,4,CPI m/m|Core CPI m/m|PPI m/m|Core PPI m/m,Good|Neutral|Good|Neutral,1,0,1,0.0,100.0,0.0,2023-05-30_2023-06-28
0.0,4,CPI m/m|Core CPI m/m|PPI m/m|Core PPI m/m,Bad|Neutral|Neutral|Good,1,0,1,0.0,100.0,0.0,2023-11-26_2023-12-25
0.0,4,CPI m/m|Core CPI m/m|PPI m/m|Core PPI m/m,Neutral|Bad|Bad|Bad,2,1,1,50.0,50.0,1.0,2024-02-24_2024-03-24|2024-08-22_2024-09-20
0.0,4,CPI m/m|Core CPI m/m|PPI m/m|Core PPI m/m,Good|Neutral|Bad|Bad,2,2,0,100.0,0.0,inf,2024-04-24_2024-05-23|2026-02-13_2026-03-14
0.0,4,CPI m/m|Core CPI m/m|PPI m/m|Core PPI m/m,Neutral|Neutral|Neutral|Neutral,1,1,0,100.0,0.0,inf,2024-10-21_2024-11-19
0.0,4,CPI m/m|Core CPI m/m|PPI m/m|Core PPI m/m,Neutral|Neutral|Bad|Neutral,1,1,0,100.0,0.0,inf,2024-11-20_2024-12-19
0.0,4,CPI m/m|Core CPI m/m|PPI m/m|Core PPI m/m,Neutral|Good|Good|Good,2,1,1,50.0,50.0,1.0,2024-12-20_2025-01-18|2025-06-18_2025-07-17
0.1,4,CPI m/m|Core CPI m/m|PPI m/m|Core PPI m/m,Neutral|Neutral|Neutral|Neutral,5,4,1,80.0,20.0,4.0,2020-11-11_2020-12-10|2023-07-29_2023-08-27|2024-08-22_2024-09-20|2024-09-21_2024-10-20|2024-10-21_2024-11-19
0.1,4,CPI m/m|Core CPI m/m|PPI m/m|Core PPI m/m,Neutral|Good|Bad|Bad,1,0,1,0.0,100.0,0.0,2021-02-09_2021-03-10
0.1,4,CPI m/m|Core CPI m/m|PPI m/m|Core PPI m/m,Bad|Bad|Bad|Bad,3,2,1,66.7,33.3,2.0,2021-05-10_2021-06-08|2021-06-09_2021-07-08|2021-07-09_2021-08-07
0.1,4,CPI m/m|Core CPI m/m|PPI m/m|Core PPI m/m,Good|Good|Neutral|Neutral,1,1,0,100.0,0.0,inf,2021-09-07_2021-10-06
0.1,4,CPI m/m|Core CPI m/m|PPI m/m|Core PPI m/m,Bad|Neutral|Neutral|Good,1,1,0,100.0,0.0,inf,2021-10-07_2021-11-05
0.1,4,CPI m/m|Core CPI m/m|PPI m/m|Core PPI m/m,Bad|Neutral|Bad|Bad,1,1,0,100.0,0.0,inf,2021-12-06_2022-01-04
0.1,4,CPI m/m|Core CPI m/m|PPI m/m|Core PPI m/m,Neutral|Neutral|Good|Neutral,3,2,1,66.7,33.3,2.0,2022-01-05_2022-02-03|2022-12-31_2023-01-29|2023-05-30_2023-06-28
0.1,4,CPI m/m|Core CPI m/m|PPI m/m|Core PPI m/m,Neutral|Neutral|Good|Good,6,3,3,50.0,50.0,1.0,2022-03-06_2022-04-04|2023-03-31_2023-04-29|2023-12-26_2024-01-24|2024-05-24_2024-06-22|2024-12-20_2025-01-18|2025-06-18_2025-07-17
0.1,4,CPI m/m|Core CPI m/m|PPI m/m|Core PPI m/m,Neutral|Bad|Neutral|Good,1,0,1,0.0,100.0,0.0,2022-05-05_2022-06-03
0.1,4,CPI m/m|Core CPI m/m|PPI m/m|Core PPI m/m,Bad|Neutral|Neutral|Neutral,1,1,0,100.0,0.0,inf,2022-06-04_2022-07-03
0.1,4,CPI m/m|Core CPI m/m|PPI m/m|Core PPI m/m,Bad|Bad|Bad|Neutral,3,2,1,66.7,33.3,2.0,2022-07-04_2022-08-02|2022-10-02_2022-10-31|2025-01-19_2025-02-17
0.1,4,CPI m/m|Core CPI m/m|PPI m/m|Core PPI m/m,Good|Good|Good|Good,2,2,0,100.0,0.0,inf,2022-08-03_2022-09-01|2025-03-20_2025-04-18
0.1,4,CPI m/m|Core CPI m/m|PPI m/m|Core PPI m/m,Bad|Bad|Neutral|Bad,1,1,0,100.0,0.0,inf,2022-09-02_2022-10-01
0.1,4,CPI m/m|Core CPI m/m|PPI m/m|Core PPI m/m,Good|Neutral|Neutral|Bad,1,1,0,100.0,0.0,inf,2022-12-01_2022-12-30
0.1,4,CPI m/m|Core CPI m/m|PPI m/m|Core PPI m/m,Neutral|Neutral|Bad|Bad,3,1,2,33.3,66.7,0.5,2023-01-30_2023-02-28|2025-07-18_2025-08-16|2026-02-13_2026-03-14
0.1,4,CPI m/m|Core CPI m/m|PPI m/m|Core PPI m/m,Bad|Neutral|Bad|Neutral,1,0,1,0.0,100.0,0.0,2023-09-27_2023-10-26
0.1,4,CPI m/m|Core CPI m/m|PPI m/m|Core PPI m/m,Neutral|Neutral|Neutral|Good,2,0,2,0.0,100.0,0.0,2023-11-26_2023-12-25|2024-07-23_2024-08-21
0.1,4,CPI m/m|Core CPI m/m|PPI m/m|Core PPI m/m,Neutral|Bad|Bad|Bad,1,1,0,100.0,0.0,inf,2024-01-25_2024-02-23
0.1,4,CPI m/m|Core CPI m/m|PPI m/m|Core PPI m/m,Neutral|Bad|Bad|Neutral,1,0,1,0.0,100.0,0.0,2024-02-24_2024-03-24
0.1,4,CPI m/m|Core CPI m/m|PPI m/m|Core PPI m/m,Bad|Bad|Neutral|Neutral,1,1,0,100.0,0.0,inf,2024-03-25_2024-04-23
0.1,4,CPI m/m|Core CPI m/m|PPI m/m|Core PPI m/m,Good|Neutral|Bad|Bad,1,1,0,100.0,0.0,inf,2024-04-24_2024-05-23
0.1,4,CPI m/m|Core CPI m/m|PPI m/m|Core PPI m/m,Neutral|Neutral|Bad|Neutral,1,1,0,100.0,0.0,inf,2024-11-20_2024-12-19
0.1,4,CPI m/m|Core CPI m/m|PPI m/m|Core PPI m/m,Bad|Neutral|Good|Good,1,1,0,100.0,0.0,inf,2025-08-17_2025-09-15
0.2,4,CPI m/m|Core CPI m/m|PPI m/m|Core PPI m/m,Neutral|Neutral|Neutral|Neutral,20,13,7,65.0,35.0,1.86,2020-11-11_2020-12-10|2021-09-07_2021-10-06|2022-01-05_2022-02-03|2022-05-05_2022-06-03|2022-10-02_2022-10-31|2022-12-01_2022-12-30|2023-05-30_2023-06-28|2023-07-29_2023-08-27|2023-09-27_2023-10-26|2023-11-26_2023-12-25|2023-12-26_2024-01-24|2024-03-25_2024-04-23|2024-07-23_2024-08-21|2024-08-22_2024-09-20|2024-09-21_2024-10-20|2024-10-21_2024-11-19|2024-11-20_2024-12-19|2024-12-20_2025-01-18|2025-01-19_2025-02-17|2025-06-18_2025-07-17
0.2,4,CPI m/m|Core CPI m/m|PPI m/m|Core PPI m/m,Neutral|Neutral|Bad|Bad,3,1,2,33.3,66.7,0.5,2021-02-09_2021-03-10|2021-12-06_2022-01-04|2025-07-18_2025-08-16
0.2,4,CPI m/m|Core CPI m/m|PPI m/m|Core PPI m/m,Bad|Bad|Bad|Bad,2,2,0,100.0,0.0,inf,2021-05-10_2021-06-08|2021-07-09_2021-08-07
0.2,4,CPI m/m|Core CPI m/m|PPI m/m|Core PPI m/m,Neutral|Neutral|Bad|Neutral,4,0,4,0.0,100.0,0.0,2021-06-09_2021-07-08|2022-07-04_2022-08-02|2023-01-30_2023-02-28|2024-02-24_2024-03-24
0.2,4,CPI m/m|Core CPI m/m|PPI m/m|Core PPI m/m,Neutral|Neutral|Neutral|Good,2,2,0,100.0,0.0,inf,2021-10-07_2021-11-05|2022-03-06_2022-04-04
0.2,4,CPI m/m|Core CPI m/m|PPI m/m|Core PPI m/m,Bad|Neutral|Neutral|Neutral,1,1,0,100.0,0.0,inf,2022-06-04_2022-07-03
0.2,4,CPI m/m|Core CPI m/m|PPI m/m|Core PPI m/m,Neutral|Neutral|Good|Neutral,2,2,0,100.0,0.0,inf,2022-08-03_2022-09-01|2022-12-31_2023-01-29
0.2,4,CPI m/m|Core CPI m/m|PPI m/m|Core PPI m/m,Neutral|Bad|Neutral|Neutral,1,1,0,100.0,0.0,inf,2022-09-02_2022-10-01
0.2,4,CPI m/m|Core CPI m/m|PPI m/m|Core PPI m/m,Neutral|Neutral|Good|Good,4,2,2,50.0,50.0,1.0,2023-03-31_2023-04-29|2024-05-24_2024-06-22|2025-03-20_2025-04-18|2025-08-17_2025-09-15
0.2,4,CPI m/m|Core CPI m/m|PPI m/m|Core PPI m/m,Neutral|Neutral|Neutral|Bad,3,3,0,100.0,0.0,inf,2024-01-25_2024-02-23|2024-04-24_2024-05-23|2026-02-13_2026-03-14
0.3,4,CPI m/m|Core CPI m/m|PPI m/m|Core PPI m/m,Neutral|Neutral|Neutral|Neutral,25,16,9,64.0,36.0,1.78,2020-11-11_2020-12-10|2021-09-07_2021-10-06|2021-10-07_2021-11-05|2022-01-05_2022-02-03|2022-05-05_2022-06-03|2022-09-02_2022-10-01|2022-10-02_2022-10-31|2022-12-01_2022-12-30|2023-01-30_2023-02-28|2023-05-30_2023-06-28|2023-07-29_2023-08-27|2023-09-27_2023-10-26|2023-11-26_2023-12-25|2023-12-26_2024-01-24|2024-02-24_2024-03-24|2024-03-25_2024-04-23|2024-04-24_2024-05-23|2024-07-23_2024-08-21|2024-08-22_2024-09-20|2024-09-21_2024-10-20|2024-10-21_2024-11-19|2024-11-20_2024-12-19|2024-12-20_2025-01-18|2025-01-19_2025-02-17|2025-06-18_2025-07-17
0.3,4,CPI m/m|Core CPI m/m|PPI m/m|Core PPI m/m,Neutral|Neutral|Bad|Bad,2,0,2,0.0,100.0,0.0,2021-02-09_2021-03-10|2025-07-18_2025-08-16
0.3,4,CPI m/m|Core CPI m/m|PPI m/m|Core PPI m/m,Bad|Bad|Neutral|Neutral,1,1,0,100.0,0.0,inf,2021-05-10_2021-06-08
0.3,4,CPI m/m|Core CPI m/m|PPI m/m|Core PPI m/m,Neutral|Neutral|Bad|Neutral,3,1,2,33.3,66.7,0.5,2021-06-09_2021-07-08|2021-12-06_2022-01-04|2022-07-04_2022-08-02
0.3,4,CPI m/m|Core CPI m/m|PPI m/m|Core PPI m/m,Bad|Bad|Bad|Bad,1,1,0,100.0,0.0,inf,2021-07-09_2021-08-07
0.3,4,CPI m/m|Core CPI m/m|PPI m/m|Core PPI m/m,Neutral|Neutral|Neutral|Good,1,1,0,100.0,0.0,inf,2022-03-06_2022-04-04
0.3,4,CPI m/m|Core CPI m/m|PPI m/m|Core PPI m/m,Bad|Neutral|Neutral|Neutral,1,1,0,100.0,0.0,inf,2022-06-04_2022-07-03
0.3,4,CPI m/m|Core CPI m/m|PPI m/m|Core PPI m/m,Neutral|Neutral|Good|Neutral,3,2,1,66.7,33.3,2.0,2022-08-03_2022-09-01|2022-12-31_2023-01-29|2024-05-24_2024-06-22
0.3,4,CPI m/m|Core CPI m/m|PPI m/m|Core PPI m/m,Neutral|Neutral|Good|Good,3,2,1,66.7,33.3,2.0,2023-03-31_2023-04-29|2025-03-20_2025-04-18|2025-08-17_2025-09-15
0.3,4,CPI m/m|Core CPI m/m|PPI m/m|Core PPI m/m,Neutral|Neutral|Neutral|Bad,2,2,0,100.0,0.0,inf,2024-01-25_2024-02-23|2026-02-13_2026-03-14
0.0,4,CPI m/m|Core CPI m/m|PPI m/m|FOMC,Good|Neutral|Good|Neutral,1,0,1,0.0,100.0,0.0,2023-05-30_2023-06-28
0.0,4,CPI m/m|Core CPI m/m|PPI m/m|FOMC,Bad|Neutral|Neutral|Neutral,1,0,1,0.0,100.0,0.0,2023-11-26_2023-12-25
0.0,4,CPI m/m|Core CPI m/m|PPI m/m|FOMC,Good|Good|Good|Neutral,1,0,1,0.0,100.0,0.0,2024-05-24_2024-06-22
0.0,4,CPI m/m|Core CPI m/m|PPI m/m|FOMC,Neutral|Neutral|Good|Neutral,1,0,1,0.0,100.0,0.0,2024-07-23_2024-08-21
0.0,4,CPI m/m|Core CPI m/m|PPI m/m|FOMC,Neutral|Bad|Bad|Good,1,1,0,100.0,0.0,inf,2024-08-22_2024-09-20
0.0,4,CPI m/m|Core CPI m/m|PPI m/m|FOMC,Neutral|Neutral|Neutral|Neutral,1,1,0,100.0,0.0,inf,2024-10-21_2024-11-19
0.0,4,CPI m/m|Core CPI m/m|PPI m/m|FOMC,Neutral|Neutral|Bad|Neutral,1,1,0,100.0,0.0,inf,2024-11-20_2024-12-19
0.0,4,CPI m/m|Core CPI m/m|PPI m/m|FOMC,Bad|Bad|Bad|Neutral,1,1,0,100.0,0.0,inf,2025-01-19_2025-02-17
0.1,4,CPI m/m|Core CPI m/m|PPI m/m|FOMC,Neutral|Neutral|Good|Neutral,2,0,2,0.0,100.0,0.0,2023-05-30_2023-06-28|2024-05-24_2024-06-22
0.1,4,CPI m/m|Core CPI m/m|PPI m/m|FOMC,Neutral|Neutral|Neutral|Neutral,3,1,2,33.3,66.7,0.5,2023-11-26_2023-12-25|2024-07-23_2024-08-21|2024-10-21_2024-11-19
0.1,4,CPI m/m|Core CPI m/m|PPI m/m|FOMC,Neutral|Neutral|Neutral|Good,1,1,0,100.0,0.0,inf,2024-08-22_2024-09-20
0.1,4,CPI m/m|Core CPI m/m|PPI m/m|FOMC,Neutral|Neutral|Bad|Neutral,1,1,0,100.0,0.0,inf,2024-11-20_2024-12-19
0.1,4,CPI m/m|Core CPI m/m|PPI m/m|FOMC,Bad|Bad|Bad|Neutral,1,1,0,100.0,0.0,inf,2025-01-19_2025-02-17
0.2,4,CPI m/m|Core CPI m/m|PPI m/m|FOMC,Neutral|Neutral|Neutral|Neutral,6,3,3,50.0,50.0,1.0,2023-05-30_2023-06-28|2023-11-26_2023-12-25|2024-07-23_2024-08-21|2024-10-21_2024-11-19|2024-11-20_2024-12-19|2025-01-19_2025-02-17
0.2,4,CPI m/m|Core CPI m/m|PPI m/m|FOMC,Neutral|Neutral|Good|Neutral,1,0,1,0.0,100.0,0.0,2024-05-24_2024-06-22
0.2,4,CPI m/m|Core CPI m/m|PPI m/m|FOMC,Neutral|Neutral|Neutral|Good,1,1,0,100.0,0.0,inf,2024-08-22_2024-09-20
0.3,4,CPI m/m|Core CPI m/m|PPI m/m|FOMC,Neutral|Neutral|Neutral|Neutral,7,4,3,57.1,42.9,1.33,2023-05-30_2023-06-28|2023-11-26_2023-12-25|2024-07-23_2024-08-21|2024-08-22_2024-09-20|2024-10-21_2024-11-19|2024-11-20_2024-12-19|2025-01-19_2025-02-17
0.3,4,CPI m/m|Core CPI m/m|PPI m/m|FOMC,Neutral|Neutral|Good|Neutral,1,0,1,0.0,100.0,0.0,2024-05-24_2024-06-22
0.0,4,CPI m/m|Core CPI m/m|PPI m/m|CPI y/y,Neutral|Good|Bad|Good,1,1,0,100.0,0.0,inf,2020-11-11_2020-12-10
0.0,4,CPI m/m|Core CPI m/m|PPI m/m|CPI y/y,Neutral|Good|Bad|Neutral,1,0,1,0.0,100.0,0.0,2021-02-09_2021-03-10
0.0,4,CPI m/m|Core CPI m/m|PPI m/m|CPI y/y,Bad|Bad|Bad|Bad,7,5,2,71.4,28.6,2.5,2021-05-10_2021-06-08|2021-06-09_2021-07-08|2021-07-09_2021-08-07|2022-07-04_2022-08-02|2022-10-02_2022-10-31|2024-01-25_2024-02-23|2025-01-19_2025-02-17
0.0,4,CPI m/m|Core CPI m/m|PPI m/m|CPI y/y,Good|Good|Bad|Neutral,1,1,0,100.0,0.0,inf,2021-09-07_2021-10-06
0.0,4,CPI m/m|Core CPI m/m|PPI m/m|CPI y/y,Bad|Neutral|Good|Bad,2,2,0,100.0,0.0,inf,2021-10-07_2021-11-05|2023-12-26_2024-01-24
0.0,4,CPI m/m|Core CPI m/m|PPI m/m|CPI y/y,Bad|Neutral|Bad|Neutral,1,1,0,100.0,0.0,inf,2021-12-06_2022-01-04
0.0,4,CPI m/m|Core CPI m/m|PPI m/m|CPI y/y,Bad|Bad|Good|Neutral,1,1,0,100.0,0.0,inf,2022-01-05_2022-02-03
0.0,4,CPI m/m|Core CPI m/m|PPI m/m|CPI y/y,Neutral|Neutral|Good|Neutral,2,2,0,100.0,0.0,inf,2022-03-06_2022-04-04|2022-12-31_2023-01-29
0.0,4,CPI m/m|Core CPI m/m|PPI m/m|CPI y/y,Bad|Bad|Neutral|Bad,3,2,1,66.7,33.3,2.0,2022-05-05_2022-06-03|2022-06-04_2022-07-03|2022-09-02_2022-10-01
0.0,4,CPI m/m|Core CPI m/m|PPI m/m|CPI y/y,Good|Good|Good|Good,3,2,1,66.7,33.3,2.0,2022-08-03_2022-09-01|2024-05-24_2024-06-22|2025-03-20_2025-04-18
0.0,4,CPI m/m|Core CPI m/m|PPI m/m|CPI y/y,Good|Good|Bad|Good,1,1,0,100.0,0.0,inf,2022-12-01_2022-12-30
0.0,4,CPI m/m|Core CPI m/m|PPI m/m|CPI y/y,Neutral|Neutral|Bad|Bad,1,0,1,0.0,100.0,0.0,2023-01-30_2023-02-28
0.0,4,CPI m/m|Core CPI m/m|PPI m/m|CPI y/y,Good|Neutral|Good|Good,2,0,2,0.0,100.0,0.0,2023-03-31_2023-04-29|2023-05-30_2023-06-28
0.0,4,CPI m/m|Core CPI m/m|PPI m/m|CPI y/y,Neutral|Neutral|Bad|Good,2,1,1,50.0,50.0,1.0,2023-07-29_2023-08-27|2025-07-18_2025-08-16
0.0,4,CPI m/m|Core CPI m/m|PPI m/m|CPI y/y,Bad|Neutral|Bad|Bad,1,0,1,0.0,100.0,0.0,2023-09-27_2023-10-26
0.0,4,CPI m/m|Core CPI m/m|PPI m/m|CPI y/y,Bad|Neutral|Neutral|Neutral,1,0,1,0.0,100.0,0.0,2023-11-26_2023-12-25
0.0,4,CPI m/m|Core CPI m/m|PPI m/m|CPI y/y,Neutral|Bad|Bad|Bad,1,0,1,0.0,100.0,0.0,2024-02-24_2024-03-24
0.0,4,CPI m/m|Core CPI m/m|PPI m/m|CPI y/y,Bad|Bad|Good|Bad,2,1,1,50.0,50.0,1.0,2024-03-25_2024-04-23|2024-09-21_2024-10-20
0.0,4,CPI m/m|Core CPI m/m|PPI m/m|CPI y/y,Good|Neutral|Bad|Neutral,1,1,0,100.0,0.0,inf,2024-04-24_2024-05-23
0.0,4,CPI m/m|Core CPI m/m|PPI m/m|CPI y/y,Neutral|Neutral|Good|Good,1,0,1,0.0,100.0,0.0,2024-07-23_2024-08-21
0.0,4,CPI m/m|Core CPI m/m|PPI m/m|CPI y/y,Neutral|Bad|Bad|Neutral,1,1,0,100.0,0.0,inf,2024-08-22_2024-09-20
0.0,4,CPI m/m|Core CPI m/m|PPI m/m|CPI y/y,Neutral|Neutral|Neutral|Neutral,1,1,0,100.0,0.0,inf,2024-10-21_2024-11-19
0.0,4,CPI m/m|Core CPI m/m|PPI m/m|CPI y/y,Neutral|Neutral|Bad|Neutral,1,1,0,100.0,0.0,inf,2024-11-20_2024-12-19
0.0,4,CPI m/m|Core CPI m/m|PPI m/m|CPI y/y,Neutral|Good|Good|Neutral,1,1,0,100.0,0.0,inf,2024-12-20_2025-01-18
0.0,4,CPI m/m|Core CPI m/m|PPI m/m|CPI y/y,Neutral|Good|Good|Bad,1,0,1,0.0,100.0,0.0,2025-06-18_2025-07-17
0.0,4,CPI m/m|Core CPI m/m|PPI m/m|CPI y/y,Bad|Neutral|Good|Neutral,1,1,0,100.0,0.0,inf,2025-08-17_2025-09-15
0.0,4,CPI m/m|Core CPI m/m|PPI m/m|CPI y/y,Good|Neutral|Bad|Good,1,1,0,100.0,0.0,inf,2026-02-13_2026-03-14
0.1,4,CPI m/m|Core CPI m/m|PPI m/m|CPI y/y,Neutral|Neutral|Neutral|Neutral,5,4,1,80.0,20.0,4.0,2020-11-11_2020-12-10|2023-07-29_2023-08-27|2023-11-26_2023-12-25|2024-08-22_2024-09-20|2024-10-21_2024-11-19
0.1,4,CPI m/m|Core CPI m/m|PPI m/m|CPI y/y,Neutral|Good|Bad|Neutral,1,0,1,0.0,100.0,0.0,2021-02-09_2021-03-10
0.1,4,CPI m/m|Core CPI m/m|PPI m/m|CPI y/y,Bad|Bad|Bad|Bad,5,3,2,60.0,40.0,1.5,2021-05-10_2021-06-08|2021-06-09_2021-07-08|2021-07-09_2021-08-07|2022-07-04_2022-08-02|2025-01-19_2025-02-17
0.1,4,CPI m/m|Core CPI m/m|PPI m/m|CPI y/y,Good|Good|Neutral|Neutral,1,1,0,100.0,0.0,inf,2021-09-07_2021-10-06
0.1,4,CPI m/m|Core CPI m/m|PPI m/m|CPI y/y,Bad|Neutral|Neutral|Bad,2,2,0,100.0,0.0,inf,2021-10-07_2021-11-05|2022-06-04_2022-07-03
0.1,4,CPI m/m|Core CPI m/m|PPI m/m|CPI y/y,Bad|Neutral|Bad|Neutral,1,1,0,100.0,0.0,inf,2021-12-06_2022-01-04
0.1,4,CPI m/m|Core CPI m/m|PPI m/m|CPI y/y,Neutral|Neutral|Good|Neutral,6,4,2,66.7,33.3,2.0,2022-01-05_2022-02-03|2022-03-06_2022-04-04|2022-12-31_2023-01-29|2023-03-31_2023-04-29|2023-05-30_2023-06-28|2024-12-20_2025-01-18
0.1,4,CPI m/m|Core CPI m/m|PPI m/m|CPI y/y,Neutral|Bad|Neutral|Bad,1,0,1,0.0,100.0,0.0,2022-05-05_2022-06-03
0.1,4,CPI m/m|Core CPI m/m|PPI m/m|CPI y/y,Good|Good|Good|Good,2,2,0,100.0,0.0,inf,2022-08-03_2022-09-01|2025-03-20_2025-04-18
0.1,4,CPI m/m|Core CPI m/m|PPI m/m|CPI y/y,Bad|Bad|Neutral|Bad,2,2,0,100.0,0.0,inf,2022-09-02_2022-10-01|2024-03-25_2024-04-23
0.1,4,CPI m/m|Core CPI m/m|PPI m/m|CPI y/y,Bad|Bad|Bad|Neutral,1,1,0,100.0,0.0,inf,2022-10-02_2022-10-31
0.1,4,CPI m/m|Core CPI m/m|PPI m/m|CPI y/y,Good|Neutral|Neutral|Good,1,1,0,100.0,0.0,inf,2022-12-01_2022-12-30
0.1,4,CPI m/m|Core CPI m/m|PPI m/m|CPI y/y,Neutral|Neutral|Bad|Bad,1,0,1,0.0,100.0,0.0,2023-01-30_2023-02-28
0.1,4,CPI m/m|Core CPI m/m|PPI m/m|CPI y/y,Bad|Neutral|Bad|Bad,1,0,1,0.0,100.0,0.0,2023-09-27_2023-10-26
0.1,4,CPI m/m|Core CPI m/m|PPI m/m|CPI y/y,Neutral|Neutral|Good|Bad,2,1,1,50.0,50.0,1.0,2023-12-26_2024-01-24|2025-06-18_2025-07-17
0.1,4,CPI m/m|Core CPI m/m|PPI m/m|CPI y/y,Neutral|Bad|Bad|Bad,2,1,1,50.0,50.0,1.0,2024-01-25_2024-02-23|2024-02-24_2024-03-24
0.1,4,CPI m/m|Core CPI m/m|PPI m/m|CPI y/y,Good|Neutral|Bad|Neutral,1,1,0,100.0,0.0,inf,2024-04-24_2024-05-23
0.1,4,CPI m/m|Core CPI m/m|PPI m/m|CPI y/y,Neutral|Neutral|Good|Good,1,0,1,0.0,100.0,0.0,2024-05-24_2024-06-22
0.1,4,CPI m/m|Core CPI m/m|PPI m/m|CPI y/y,Neutral|Neutral|Neutral|Good,1,0,1,0.0,100.0,0.0,2024-07-23_2024-08-21
0.1,4,CPI m/m|Core CPI m/m|PPI m/m|CPI y/y,Neutral|Neutral|Neutral|Bad,1,0,1,0.0,100.0,0.0,2024-09-21_2024-10-20
0.1,4,CPI m/m|Core CPI m/m|PPI m/m|CPI y/y,Neutral|Neutral|Bad|Neutral,2,1,1,50.0,50.0,1.0,2024-11-20_2024-12-19|2025-07-18_2025-08-16
0.1,4,CPI m/m|Core CPI m/m|PPI m/m|CPI y/y,Bad|Neutral|Good|Neutral,1,1,0,100.0,0.0,inf,2025-08-17_2025-09-15
0.1,4,CPI m/m|Core CPI m/m|PPI m/m|CPI y/y,Neutral|Neutral|Bad|Good,1,1,0,100.0,0.0,inf,2026-02-13_2026-03-14
0.2,4,CPI m/m|Core CPI m/m|PPI m/m|CPI y/y,Neutral|Neutral|Neutral|Neutral,22,16,6,72.7,27.3,2.67,2020-11-11_2020-12-10|2021-09-07_2021-10-06|2021-10-07_2021-11-05|2022-01-05_2022-02-03|2022-03-06_2022-04-04|2022-10-02_2022-10-31|2023-05-30_2023-06-28|2023-07-29_2023-08-27|2023-09-27_2023-10-26|2023-11-26_2023-12-25|2023-12-26_2024-01-24|2024-03-25_2024-04-23|2024-04-24_2024-05-23|2024-07-23_2024-08-21|2024-08-22_2024-09-20|2024-09-21_2024-10-20|2024-10-21_2024-11-19|2024-11-20_2024-12-19|2024-12-20_2025-01-18|2025-01-19_2025-02-17|2025-06-18_2025-07-17|2026-02-13_2026-03-14
0.2,4,CPI m/m|Core CPI m/m|PPI m/m|CPI y/y,Neutral|Neutral|Bad|Neutral,4,1,3,25.0,75.0,0.33,2021-02-09_2021-03-10|2021-12-06_2022-01-04|2024-02-24_2024-03-24|2025-07-18_2025-08-16
0.2,4,CPI m/m|Core CPI m/m|PPI m/m|CPI y/y,Bad|Bad|Bad|Bad,2,2,0,100.0,0.0,inf,2021-05-10_2021-06-08|2021-07-09_2021-08-07
0.2,4,CPI m/m|Core CPI m/m|PPI m/m|CPI y/y,Neutral|Neutral|Bad|Bad,3,0,3,0.0,100.0,0.0,2021-06-09_2021-07-08|2022-07-04_2022-08-02|2023-01-30_2023-02-28
0.2,4,CPI m/m|Core CPI m/m|PPI m/m|CPI y/y,Neutral|Neutral|Neutral|Bad,2,1,1,50.0,50.0,1.0,2022-05-05_2022-06-03|2024-01-25_2024-02-23
0.2,4,CPI m/m|Core CPI m/m|PPI m/m|CPI y/y,Bad|Neutral|Neutral|Bad,1,1,0,100.0,0.0,inf,2022-06-04_2022-07-03
0.2,4,CPI m/m|Core CPI m/m|PPI m/m|CPI y/y,Neutral|Neutral|Good|Neutral,6,4,2,66.7,33.3,2.0,2022-08-03_2022-09-01|2022-12-31_2023-01-29|2023-03-31_2023-04-29|2024-05-24_2024-06-22|2025-03-20_2025-04-18|2025-08-17_2025-09-15
0.2,4,CPI m/m|Core CPI m/m|PPI m/m|CPI y/y,Neutral|Bad|Neutral|Bad,1,1,0,100.0,0.0,inf,2022-09-02_2022-10-01
0.2,4,CPI m/m|Core CPI m/m|PPI m/m|CPI y/y,Neutral|Neutral|Neutral|Good,1,1,0,100.0,0.0,inf,2022-12-01_2022-12-30
0.3,4,CPI m/m|Core CPI m/m|PPI m/m|CPI y/y,Neutral|Neutral|Neutral|Neutral,28,19,9,67.9,32.1,2.11,2020-11-11_2020-12-10|2021-09-07_2021-10-06|2021-10-07_2021-11-05|2022-01-05_2022-02-03|2022-03-06_2022-04-04|2022-05-05_2022-06-03|2022-09-02_2022-10-01|2022-10-02_2022-10-31|2022-12-01_2022-12-30|2023-01-30_2023-02-28|2023-05-30_2023-06-28|2023-07-29_2023-08-27|2023-09-27_2023-10-26|2023-11-26_2023-12-25|2023-12-26_2024-01-24|2024-01-25_2024-02-23|2024-02-24_2024-03-24|2024-03-25_2024-04-23|2024-04-24_2024-05-23|2024-07-23_2024-08-21|2024-08-22_2024-09-20|2024-09-21_2024-10-20|2024-10-21_2024-11-19|2024-11-20_2024-12-19|2024-12-20_2025-01-18|2025-01-19_2025-02-17|2025-06-18_2025-07-17|2026-02-13_2026-03-14
0.3,4,CPI m/m|Core CPI m/m|PPI m/m|CPI y/y,Neutral|Neutral|Bad|Neutral,4,1,3,25.0,75.0,0.33,2021-02-09_2021-03-10|2021-06-09_2021-07-08|2021-12-06_2022-01-04|2025-07-18_2025-08-16
0.3,4,CPI m/m|Core CPI m/m|PPI m/m|CPI y/y,Bad|Bad|Neutral|Bad,1,1,0,100.0,0.0,inf,2021-05-10_2021-06-08
0.3,4,CPI m/m|Core CPI m/m|PPI m/m|CPI y/y,Bad|Bad|Bad|Bad,1,1,0,100.0,0.0,inf,2021-07-09_2021-08-07
0.3,4,CPI m/m|Core CPI m/m|PPI m/m|CPI y/y,Bad|Neutral|Neutral|Neutral,1,1,0,100.0,0.0,inf,2022-06-04_2022-07-03
0.3,4,CPI m/m|Core CPI m/m|PPI m/m|CPI y/y,Neutral|Neutral|Bad|Bad,1,0,1,0.0,100.0,0.0,2022-07-04_2022-08-02
0.3,4,CPI m/m|Core CPI m/m|PPI m/m|CPI y/y,Neutral|Neutral|Good|Neutral,6,4,2,66.7,33.3,2.0,2022-08-03_2022-09-01|2022-12-31_2023-01-29|2023-03-31_2023-04-29|2024-05-24_2024-06-22|2025-03-20_2025-04-18|2025-08-17_2025-09-15
0.0,4,CPI m/m|Core CPI m/m|Core PPI m/m|FOMC,Good|Neutral|Neutral|Neutral,1,0,1,0.0,100.0,0.0,2023-05-30_2023-06-28
0.0,4,CPI m/m|Core CPI m/m|Core PPI m/m|FOMC,Bad|Neutral|Good|Neutral,1,0,1,0.0,100.0,0.0,2023-11-26_2023-12-25
0.0,4,CPI m/m|Core CPI m/m|Core PPI m/m|FOMC,Good|Good|Good|Neutral,1,0,1,0.0,100.0,0.0,2024-05-24_2024-06-22
0.0,4,CPI m/m|Core CPI m/m|Core PPI m/m|FOMC,Neutral|Neutral|Good|Neutral,1,0,1,0.0,100.0,0.0,2024-07-23_2024-08-21
0.0,4,CPI m/m|Core CPI m/m|Core PPI m/m|FOMC,Neutral|Bad|Bad|Good,1,1,0,100.0,0.0,inf,2024-08-22_2024-09-20
0.0,4,CPI m/m|Core CPI m/m|Core PPI m/m|FOMC,Neutral|Neutral|Neutral|Neutral,2,2,0,100.0,0.0,inf,2024-10-21_2024-11-19|2024-11-20_2024-12-19
0.0,4,CPI m/m|Core CPI m/m|Core PPI m/m|FOMC,Bad|Bad|Neutral|Neutral,1,1,0,100.0,0.0,inf,2025-01-19_2025-02-17
0.1,4,CPI m/m|Core CPI m/m|Core PPI m/m|FOMC,Neutral|Neutral|Neutral|Neutral,3,2,1,66.7,33.3,2.0,2023-05-30_2023-06-28|2024-10-21_2024-11-19|2024-11-20_2024-12-19
0.1,4,CPI m/m|Core CPI m/m|Core PPI m/m|FOMC,Neutral|Neutral|Good|Neutral,3,0,3,0.0,100.0,0.0,2023-11-26_2023-12-25|2024-05-24_2024-06-22|2024-07-23_2024-08-21
0.1,4,CPI m/m|Core CPI m/m|Core PPI m/m|FOMC,Neutral|Neutral|Neutral|Good,1,1,0,100.0,0.0,inf,2024-08-22_2024-09-20
0.1,4,CPI m/m|Core CPI m/m|Core PPI m/m|FOMC,Bad|Bad|Neutral|Neutral,1,1,0,100.0,0.0,inf,2025-01-19_2025-02-17
0.2,4,CPI m/m|Core CPI m/m|Core PPI m/m|FOMC,Neutral|Neutral|Neutral|Neutral,6,3,3,50.0,50.0,1.0,2023-05-30_2023-06-28|2023-11-26_2023-12-25|2024-07-23_2024-08-21|2024-10-21_2024-11-19|2024-11-20_2024-12-19|2025-01-19_2025-02-17
0.2,4,CPI m/m|Core CPI m/m|Core PPI m/m|FOMC,Neutral|Neutral|Good|Neutral,1,0,1,0.0,100.0,0.0,2024-05-24_2024-06-22
0.2,4,CPI m/m|Core CPI m/m|Core PPI m/m|FOMC,Neutral|Neutral|Neutral|Good,1,1,0,100.0,0.0,inf,2024-08-22_2024-09-20
0.3,4,CPI m/m|Core CPI m/m|Core PPI m/m|FOMC,Neutral|Neutral|Neutral|Neutral,8,4,4,50.0,50.0,1.0,2023-05-30_2023-06-28|2023-11-26_2023-12-25|2024-05-24_2024-06-22|2024-07-23_2024-08-21|2024-08-22_2024-09-20|2024-10-21_2024-11-19|2024-11-20_2024-12-19|2025-01-19_2025-02-17
0.0,4,CPI m/m|Core CPI m/m|Core PPI m/m|CPI y/y,Neutral|Good|Good|Good,1,1,0,100.0,0.0,inf,2020-11-11_2020-12-10
0.0,4,CPI m/m|Core CPI m/m|Core PPI m/m|CPI y/y,Neutral|Good|Bad|Neutral,1,0,1,0.0,100.0,0.0,2021-02-09_2021-03-10
0.0,4,CPI m/m|Core CPI m/m|Core PPI m/m|CPI y/y,Bad|Bad|Bad|Bad,5,4,1,80.0,20.0,4.0,2021-05-10_2021-06-08|2021-06-09_2021-07-08|2021-07-09_2021-08-07|2022-09-02_2022-10-01|2024-01-25_2024-02-23
0.0,4,CPI m/m|Core CPI m/m|Core PPI m/m|CPI y/y,Good|Good|Bad|Neutral,1,1,0,100.0,0.0,inf,2021-09-07_2021-10-06
0.0,4,CPI m/m|Core CPI m/m|Core PPI m/m|CPI y/y,Bad|Neutral|Good|Bad,2,2,0,100.0,0.0,inf,2021-10-07_2021-11-05|2023-12-26_2024-01-24
0.0,4,CPI m/m|Core CPI m/m|Core PPI m/m|CPI y/y,Bad|Neutral|Bad|Neutral,1,1,0,100.0,0.0,inf,2021-12-06_2022-01-04
0.0,4,CPI m/m|Core CPI m/m|Core PPI m/m|CPI y/y,Bad|Bad|Neutral|Neutral,1,1,0,100.0,0.0,inf,2022-01-05_2022-02-03
0.0,4,CPI m/m|Core CPI m/m|Core PPI m/m|CPI y/y,Neutral|Neutral|Good|Neutral,1,1,0,100.0,0.0,inf,2022-03-06_2022-04-04
0.0,4,CPI m/m|Core CPI m/m|Core PPI m/m|CPI y/y,Bad|Bad|Good|Bad,3,1,2,33.3,66.7,0.5,2022-05-05_2022-06-03|2022-06-04_2022-07-03|2022-07-04_2022-08-02
0.0,4,CPI m/m|Core CPI m/m|Core PPI m/m|CPI y/y,Good|Good|Good|Good,3,2,1,66.7,33.3,2.0,2022-08-03_2022-09-01|2024-05-24_2024-06-22|2025-03-20_2025-04-18
0.0,4,CPI m/m|Core CPI m/m|Core PPI m/m|CPI y/y,Bad|Bad|Neutral|Bad,4,3,1,75.0,25.0,3.0,2022-10-02_2022-10-31|2024-03-25_2024-04-23|2024-09-21_2024-10-20|2025-01-19_2025-02-17
0.0,4,CPI m/m|Core CPI m/m|Core PPI m/m|CPI y/y,Good|Good|Bad|Good,1,1,0,100.0,0.0,inf,2022-12-01_2022-12-30
0.0,4,CPI m/m|Core CPI m/m|Core PPI m/m|CPI y/y,Neutral|Neutral|Neutral|Neutral,3,3,0,100.0,0.0,inf,2022-12-31_2023-01-29|2024-10-21_2024-11-19|2024-11-20_2024-12-19
0.0,4,CPI m/m|Core CPI m/m|Core PPI m/m|CPI y/y,Neutral|Neutral|Bad|Bad,1,0,1,0.0,100.0,0.0,2023-01-30_2023-02-28
0.0,4,CPI m/m|Core CPI m/m|Core PPI m/m|CPI y/y,Good|Neutral|Good|Good,1,0,1,0.0,100.0,0.0,2023-03-31_2023-04-29
0.0,4,CPI m/m|Core CPI m/m|Core PPI m/m|CPI y/y,Good|Neutral|Neutral|Good,1,0,1,0.0,100.0,0.0,2023-05-30_2023-06-28
0.0,4,CPI m/m|Core CPI m/m|Core PPI m/m|CPI y/y,Neutral|Neutral|Bad|Good,2,1,1,50.0,50.0,1.0,2023-07-29_2023-08-27|2025-07-18_2025-08-16
0.0,4,CPI m/m|Core CPI m/m|Core PPI m/m|CPI y/y,Bad|Neutral|Bad|Bad,1,0,1,0.0,100.0,0.0,2023-09-27_2023-10-26
0.0,4,CPI m/m|Core CPI m/m|Core PPI m/m|CPI y/y,Bad|Neutral|Good|Neutral,2,1,1,50.0,50.0,1.0,2023-11-26_2023-12-25|2025-08-17_2025-09-15
0.0,4,CPI m/m|Core CPI m/m|Core PPI m/m|CPI y/y,Neutral|Bad|Bad|Bad,1,0,1,0.0,100.0,0.0,2024-02-24_2024-03-24
0.0,4,CPI m/m|Core CPI m/m|Core PPI m/m|CPI y/y,Good|Neutral|Bad|Neutral,1,1,0,100.0,0.0,inf,2024-04-24_2024-05-23
0.0,4,CPI m/m|Core CPI m/m|Core PPI m/m|CPI y/y,Neutral|Neutral|Good|Good,1,0,1,0.0,100.0,0.0,2024-07-23_2024-08-21
0.0,4,CPI m/m|Core CPI m/m|Core PPI m/m|CPI y/y,Neutral|Bad|Bad|Neutral,1,1,0,100.0,0.0,inf,2024-08-22_2024-09-20
0.0,4,CPI m/m|Core CPI m/m|Core PPI m/m|CPI y/y,Neutral|Good|Good|Neutral,1,1,0,100.0,0.0,inf,2024-12-20_2025-01-18
0.0,4,CPI m/m|Core CPI m/m|Core PPI m/m|CPI y/y,Neutral|Good|Good|Bad,1,0,1,0.0,100.0,0.0,2025-06-18_2025-07-17
0.0,4,CPI m/m|Core CPI m/m|Core PPI m/m|CPI y/y,Good|Neutral|Bad|Good,1,1,0,100.0,0.0,inf,2026-02-13_2026-03-14
0.1,4,CPI m/m|Core CPI m/m|Core PPI m/m|CPI y/y,Neutral|Neutral|Neutral|Neutral,8,7,1,87.5,12.5,7.0,2020-11-11_2020-12-10|2022-01-05_2022-02-03|2022-12-31_2023-01-29|2023-05-30_2023-06-28|2023-07-29_2023-08-27|2024-08-22_2024-09-20|2024-10-21_2024-11-19|2024-11-20_2024-12-19
0.1,4,CPI m/m|Core CPI m/m|Core PPI m/m|CPI y/y,Neutral|Good|Bad|Neutral,1,0,1,0.0,100.0,0.0,2021-02-09_2021-03-10
0.1,4,CPI m/m|Core CPI m/m|Core PPI m/m|CPI y/y,Bad|Bad|Bad|Bad,4,3,1,75.0,25.0,3.0,2021-05-10_2021-06-08|2021-06-09_2021-07-08|2021-07-09_2021-08-07|2022-09-02_2022-10-01
0.1,4,CPI m/m|Core CPI m/m|Core PPI m/m|CPI y/y,Good|Good|Neutral|Neutral,1,1,0,100.0,0.0,inf,2021-09-07_2021-10-06
0.1,4,CPI m/m|Core CPI m/m|Core PPI m/m|CPI y/y,Bad|Neutral|Good|Bad,1,1,0,100.0,0.0,inf,2021-10-07_2021-11-05
0.1,4,CPI m/m|Core CPI m/m|Core PPI m/m|CPI y/y,Bad|Neutral|Bad|Neutral,1,1,0,100.0,0.0,inf,2021-12-06_2022-01-04
0.1,4,CPI m/m|Core CPI m/m|Core PPI m/m|CPI y/y,Neutral|Neutral|Good|Neutral,4,2,2,50.0,50.0,1.0,2022-03-06_2022-04-04|2023-03-31_2023-04-29|2023-11-26_2023-12-25|2024-12-20_2025-01-18
0.1,4,CPI m/m|Core CPI m/m|Core PPI m/m|CPI y/y,Neutral|Bad|Good|Bad,1,0,1,0.0,100.0,0.0,2022-05-05_2022-06-03
0.1,4,CPI m/m|Core CPI m/m|Core PPI m/m|CPI y/y,Bad|Neutral|Neutral|Bad,2,1,1,50.0,50.0,1.0,2022-06-04_2022-07-03|2023-09-27_2023-10-26
0.1,4,CPI m/m|Core CPI m/m|Core PPI m/m|CPI y/y,Bad|Bad|Neutral|Bad,3,2,1,66.7,33.3,2.0,2022-07-04_2022-08-02|2024-03-25_2024-04-23|2025-01-19_2025-02-17
0.1,4,CPI m/m|Core CPI m/m|Core PPI m/m|CPI y/y,Good|Good|Good|Good,2,2,0,100.0,0.0,inf,2022-08-03_2022-09-01|2025-03-20_2025-04-18
0.1,4,CPI m/m|Core CPI m/m|Core PPI m/m|CPI y/y,Bad|Bad|Neutral|Neutral,1,1,0,100.0,0.0,inf,2022-10-02_2022-10-31
0.1,4,CPI m/m|Core CPI m/m|Core PPI m/m|CPI y/y,Good|Neutral|Bad|Good,1,1,0,100.0,0.0,inf,2022-12-01_2022-12-30
0.1,4,CPI m/m|Core CPI m/m|Core PPI m/m|CPI y/y,Neutral|Neutral|Bad|Bad,1,0,1,0.0,100.0,0.0,2023-01-30_2023-02-28
0.1,4,CPI m/m|Core CPI m/m|Core PPI m/m|CPI y/y,Neutral|Neutral|Good|Bad,2,1,1,50.0,50.0,1.0,2023-12-26_2024-01-24|2025-06-18_2025-07-17
0.1,4,CPI m/m|Core CPI m/m|Core PPI m/m|CPI y/y,Neutral|Bad|Bad|Bad,1,1,0,100.0,0.0,inf,2024-01-25_2024-02-23
0.1,4,CPI m/m|Core CPI m/m|Core PPI m/m|CPI y/y,Neutral|Bad|Neutral|Bad,1,0,1,0.0,100.0,0.0,2024-02-24_2024-03-24
0.1,4,CPI m/m|Core CPI m/m|Core PPI m/m|CPI y/y,Good|Neutral|Bad|Neutral,1,1,0,100.0,0.0,inf,2024-04-24_2024-05-23
0.1,4,CPI m/m|Core CPI m/m|Core PPI m/m|CPI y/y,Neutral|Neutral|Good|Good,2,0,2,0.0,100.0,0.0,2024-05-24_2024-06-22|2024-07-23_2024-08-21
0.1,4,CPI m/m|Core CPI m/m|Core PPI m/m|CPI y/y,Neutral|Neutral|Neutral|Bad,1,0,1,0.0,100.0,0.0,2024-09-21_2024-10-20
0.1,4,CPI m/m|Core CPI m/m|Core PPI m/m|CPI y/y,Neutral|Neutral|Bad|Neutral,1,0,1,0.0,100.0,0.0,2025-07-18_2025-08-16
0.1,4,CPI m/m|Core CPI m/m|Core PPI m/m|CPI y/y,Bad|Neutral|Good|Neutral,1,1,0,100.0,0.0,inf,2025-08-17_2025-09-15
0.1,4,CPI m/m|Core CPI m/m|Core PPI m/m|CPI y/y,Neutral|Neutral|Bad|Good,1,1,0,100.0,0.0,inf,2026-02-13_2026-03-14
0.2,4,CPI m/m|Core CPI m/m|Core PPI m/m|CPI y/y,Neutral|Neutral|Neutral|Neutral,21,14,7,66.7,33.3,2.0,2020-11-11_2020-12-10|2021-09-07_2021-10-06|2022-01-05_2022-02-03|2022-08-03_2022-09-01|2022-10-02_2022-10-31|2022-12-31_2023-01-29|2023-05-30_2023-06-28|2023-07-29_2023-08-27|2023-09-27_2023-10-26|2023-11-26_2023-12-25|2023-12-26_2024-01-24|2024-02-24_2024-03-24|2024-03-25_2024-04-23|2024-07-23_2024-08-21|2024-08-22_2024-09-20|2024-09-21_2024-10-20|2024-10-21_2024-11-19|2024-11-20_2024-12-19|2024-12-20_2025-01-18|2025-01-19_2025-02-17|2025-06-18_2025-07-17
0.2,4,CPI m/m|Core CPI m/m|Core PPI m/m|CPI y/y,Neutral|Neutral|Bad|Neutral,5,3,2,60.0,40.0,1.5,2021-02-09_2021-03-10|2021-12-06_2022-01-04|2024-04-24_2024-05-23|2025-07-18_2025-08-16|2026-02-13_2026-03-14
0.2,4,CPI m/m|Core CPI m/m|Core PPI m/m|CPI y/y,Bad|Bad|Bad|Bad,2,2,0,100.0,0.0,inf,2021-05-10_2021-06-08|2021-07-09_2021-08-07
0.2,4,CPI m/m|Core CPI m/m|Core PPI m/m|CPI y/y,Neutral|Neutral|Neutral|Bad,4,0,4,0.0,100.0,0.0,2021-06-09_2021-07-08|2022-05-05_2022-06-03|2022-07-04_2022-08-02|2023-01-30_2023-02-28
0.2,4,CPI m/m|Core CPI m/m|Core PPI m/m|CPI y/y,Neutral|Neutral|Good|Neutral,6,4,2,66.7,33.3,2.0,2021-10-07_2021-11-05|2022-03-06_2022-04-04|2023-03-31_2023-04-29|2024-05-24_2024-06-22|2025-03-20_2025-04-18|2025-08-17_2025-09-15
0.2,4,CPI m/m|Core CPI m/m|Core PPI m/m|CPI y/y,Bad|Neutral|Neutral|Bad,1,1,0,100.0,0.0,inf,2022-06-04_2022-07-03
0.2,4,CPI m/m|Core CPI m/m|Core PPI m/m|CPI y/y,Neutral|Bad|Neutral|Bad,1,1,0,100.0,0.0,inf,2022-09-02_2022-10-01
0.2,4,CPI m/m|Core CPI m/m|Core PPI m/m|CPI y/y,Neutral|Neutral|Neutral|Good,1,1,0,100.0,0.0,inf,2022-12-01_2022-12-30
0.2,4,CPI m/m|Core CPI m/m|Core PPI m/m|CPI y/y,Neutral|Neutral|Bad|Bad,1,1,0,100.0,0.0,inf,2024-01-25_2024-02-23
0.3,4,CPI m/m|Core CPI m/m|Core PPI m/m|CPI y/y,Neutral|Neutral|Neutral|Neutral,30,19,11,63.3,36.7,1.73,2020-11-11_2020-12-10|2021-06-09_2021-07-08|2021-09-07_2021-10-06|2021-10-07_2021-11-05|2021-12-06_2022-01-04|2022-01-05_2022-02-03|2022-05-05_2022-06-03|2022-08-03_2022-09-01|2022-09-02_2022-10-01|2022-10-02_2022-10-31|2022-12-01_2022-12-30|2022-12-31_2023-01-29|2023-01-30_2023-02-28|2023-05-30_2023-06-28|2023-07-29_2023-08-27|2023-09-27_2023-10-26|2023-11-26_2023-12-25|2023-12-26_2024-01-24|2024-02-24_2024-03-24|2024-03-25_2024-04-23|2024-04-24_2024-05-23|2024-05-24_2024-06-22|2024-07-23_2024-08-21|2024-08-22_2024-09-20|2024-09-21_2024-10-20|2024-10-21_2024-11-19|2024-11-20_2024-12-19|2024-12-20_2025-01-18|2025-01-19_2025-02-17|2025-06-18_2025-07-17
0.3,4,CPI m/m|Core CPI m/m|Core PPI m/m|CPI y/y,Neutral|Neutral|Bad|Neutral,4,2,2,50.0,50.0,1.0,2021-02-09_2021-03-10|2024-01-25_2024-02-23|2025-07-18_2025-08-16|2026-02-13_2026-03-14
0.3,4,CPI m/m|Core CPI m/m|Core PPI m/m|CPI y/y,Bad|Bad|Neutral|Bad,1,1,0,100.0,0.0,inf,2021-05-10_2021-06-08
0.3,4,CPI m/m|Core CPI m/m|Core PPI m/m|CPI y/y,Bad|Bad|Bad|Bad,1,1,0,100.0,0.0,inf,2021-07-09_2021-08-07
0.3,4,CPI m/m|Core CPI m/m|Core PPI m/m|CPI y/y,Neutral|Neutral|Good|Neutral,4,3,1,75.0,25.0,3.0,2022-03-06_2022-04-04|2023-03-31_2023-04-29|2025-03-20_2025-04-18|2025-08-17_2025-09-15
0.3,4,CPI m/m|Core CPI m/m|Core PPI m/m|CPI y/y,Bad|Neutral|Neutral|Neutral,1,1,0,100.0,0.0,inf,2022-06-04_2022-07-03
0.3,4,CPI m/m|Core CPI m/m|Core PPI m/m|CPI y/y,Neutral|Neutral|Neutral|Bad,1,0,1,0.0,100.0,0.0,2022-07-04_2022-08-02
0.0,4,CPI m/m|Core CPI m/m|FOMC|CPI y/y,Good|Neutral|Neutral|Good,1,0,1,0.0,100.0,0.0,2023-05-30_2023-06-28
0.0,4,CPI m/m|Core CPI m/m|FOMC|CPI y/y,Bad|Neutral|Neutral|Neutral,1,0,1,0.0,100.0,0.0,2023-11-26_2023-12-25
0.0,4,CPI m/m|Core CPI m/m|FOMC|CPI y/y,Good|Good|Neutral|Good,1,0,1,0.0,100.0,0.0,2024-05-24_2024-06-22
0.0,4,CPI m/m|Core CPI m/m|FOMC|CPI y/y,Neutral|Neutral|Neutral|Good,1,0,1,0.0,100.0,0.0,2024-07-23_2024-08-21
0.0,4,CPI m/m|Core CPI m/m|FOMC|CPI y/y,Neutral|Bad|Good|Neutral,1,1,0,100.0,0.0,inf,2024-08-22_2024-09-20
0.0,4,CPI m/m|Core CPI m/m|FOMC|CPI y/y,Neutral|Neutral|Neutral|Neutral,2,2,0,100.0,0.0,inf,2024-10-21_2024-11-19|2024-11-20_2024-12-19
0.0,4,CPI m/m|Core CPI m/m|FOMC|CPI y/y,Bad|Bad|Neutral|Bad,1,1,0,100.0,0.0,inf,2025-01-19_2025-02-17
0.1,4,CPI m/m|Core CPI m/m|FOMC|CPI y/y,Neutral|Neutral|Neutral|Neutral,4,2,2,50.0,50.0,1.0,2023-05-30_2023-06-28|2023-11-26_2023-12-25|2024-10-21_2024-11-19|2024-11-20_2024-12-19
0.1,4,CPI m/m|Core CPI m/m|FOMC|CPI y/y,Neutral|Neutral|Neutral|Good,2,0,2,0.0,100.0,0.0,2024-05-24_2024-06-22|2024-07-23_2024-08-21
0.1,4,CPI m/m|Core CPI m/m|FOMC|CPI y/y,Neutral|Neutral|Good|Neutral,1,1,0,100.0,0.0,inf,2024-08-22_2024-09-20
0.1,4,CPI m/m|Core CPI m/m|FOMC|CPI y/y,Bad|Bad|Neutral|Bad,1,1,0,100.0,0.0,inf,2025-01-19_2025-02-17
0.2,4,CPI m/m|Core CPI m/m|FOMC|CPI y/y,Neutral|Neutral|Neutral|Neutral,7,3,4,42.9,57.1,0.75,2023-05-30_2023-06-28|2023-11-26_2023-12-25|2024-05-24_2024-06-22|2024-07-23_2024-08-21|2024-10-21_2024-11-19|2024-11-20_2024-12-19|2025-01-19_2025-02-17
0.2,4,CPI m/m|Core CPI m/m|FOMC|CPI y/y,Neutral|Neutral|Good|Neutral,1,1,0,100.0,0.0,inf,2024-08-22_2024-09-20
0.3,4,CPI m/m|Core CPI m/m|FOMC|CPI y/y,Neutral|Neutral|Neutral|Neutral,8,4,4,50.0,50.0,1.0,2023-05-30_2023-06-28|2023-11-26_2023-12-25|2024-05-24_2024-06-22|2024-07-23_2024-08-21|2024-08-22_2024-09-20|2024-10-21_2024-11-19|2024-11-20_2024-12-19|2025-01-19_2025-02-17
0.0,4,CPI m/m|PPI m/m|Core PPI m/m|FOMC,Good|Good|Neutral|Neutral,1,0,1,0.0,100.0,0.0,2023-05-30_2023-06-28
0.0,4,CPI m/m|PPI m/m|Core PPI m/m|FOMC,Bad|Neutral|Good|Neutral,1,0,1,0.0,100.0,0.0,2023-11-26_2023-12-25
0.0,4,CPI m/m|PPI m/m|Core PPI m/m|FOMC,Good|Good|Good|Neutral,1,0,1,0.0,100.0,0.0,2024-05-24_2024-06-22
0.0,4,CPI m/m|PPI m/m|Core PPI m/m|FOMC,Neutral|Good|Good|Neutral,1,0,1,0.0,100.0,0.0,2024-07-23_2024-08-21
0.0,4,CPI m/m|PPI m/m|Core PPI m/m|FOMC,Neutral|Bad|Bad|Good,1,1,0,100.0,0.0,inf,2024-08-22_2024-09-20
0.0,4,CPI m/m|PPI m/m|Core PPI m/m|FOMC,Neutral|Neutral|Neutral|Neutral,1,1,0,100.0,0.0,inf,2024-10-21_2024-11-19
0.0,4,CPI m/m|PPI m/m|Core PPI m/m|FOMC,Neutral|Bad|Neutral|Neutral,1,1,0,100.0,0.0,inf,2024-11-20_2024-12-19
0.0,4,CPI m/m|PPI m/m|Core PPI m/m|FOMC,Bad|Bad|Neutral|Neutral,1,1,0,100.0,0.0,inf,2025-01-19_2025-02-17
0.1,4,CPI m/m|PPI m/m|Core PPI m/m|FOMC,Neutral|Good|Neutral|Neutral,1,0,1,0.0,100.0,0.0,2023-05-30_2023-06-28
0.1,4,CPI m/m|PPI m/m|Core PPI m/m|FOMC,Neutral|Neutral|Good|Neutral,2,0,2,0.0,100.0,0.0,2023-11-26_2023-12-25|2024-07-23_2024-08-21
0.1,4,CPI m/m|PPI m/m|Core PPI m/m|FOMC,Neutral|Good|Good|Neutral,1,0,1,0.0,100.0,0.0,2024-05-24_2024-06-22
0.1,4,CPI m/m|PPI m/m|Core PPI m/m|FOMC,Neutral|Neutral|Neutral|Good,1,1,0,100.0,0.0,inf,2024-08-22_2024-09-20
0.1,4,CPI m/m|PPI m/m|Core PPI m/m|FOMC,Neutral|Neutral|Neutral|Neutral,1,1,0,100.0,0.0,inf,2024-10-21_2024-11-19
0.1,4,CPI m/m|PPI m/m|Core PPI m/m|FOMC,Neutral|Bad|Neutral|Neutral,1,1,0,100.0,0.0,inf,2024-11-20_2024-12-19
0.1,4,CPI m/m|PPI m/m|Core PPI m/m|FOMC,Bad|Bad|Neutral|Neutral,1,1,0,100.0,0.0,inf,2025-01-19_2025-02-17
0.2,4,CPI m/m|PPI m/m|Core PPI m/m|FOMC,Neutral|Neutral|Neutral|Neutral,6,3,3,50.0,50.0,1.0,2023-05-30_2023-06-28|2023-11-26_2023-12-25|2024-07-23_2024-08-21|2024-10-21_2024-11-19|2024-11-20_2024-12-19|2025-01-19_2025-02-17
0.2,4,CPI m/m|PPI m/m|Core PPI m/m|FOMC,Neutral|Good|Good|Neutral,1,0,1,0.0,100.0,0.0,2024-05-24_2024-06-22
0.2,4,CPI m/m|PPI m/m|Core PPI m/m|FOMC,Neutral|Neutral|Neutral|Good,1,1,0,100.0,0.0,inf,2024-08-22_2024-09-20
0.3,4,CPI m/m|PPI m/m|Core PPI m/m|FOMC,Neutral|Neutral|Neutral|Neutral,7,4,3,57.1,42.9,1.33,2023-05-30_2023-06-28|2023-11-26_2023-12-25|2024-07-23_2024-08-21|2024-08-22_2024-09-20|2024-10-21_2024-11-19|2024-11-20_2024-12-19|2025-01-19_2025-02-17
0.3,4,CPI m/m|PPI m/m|Core PPI m/m|FOMC,Neutral|Good|Neutral|Neutral,1,0,1,0.0,100.0,0.0,2024-05-24_2024-06-22
0.0,4,CPI m/m|PPI m/m|Core PPI m/m|CPI y/y,Neutral|Bad|Good|Good,1,1,0,100.0,0.0,inf,2020-11-11_2020-12-10
0.0,4,CPI m/m|PPI m/m|Core PPI m/m|CPI y/y,Neutral|Bad|Bad|Neutral,2,1,1,50.0,50.0,1.0,2021-02-09_2021-03-10|2024-08-22_2024-09-20
0.0,4,CPI m/m|PPI m/m|Core PPI m/m|CPI y/y,Bad|Bad|Bad|Bad,5,3,2,60.0,40.0,1.5,2021-05-10_2021-06-08|2021-06-09_2021-07-08|2021-07-09_2021-08-07|2023-09-27_2023-10-26|2024-01-25_2024-02-23
0.0,4,CPI m/m|PPI m/m|Core PPI m/m|CPI y/y,Good|Bad|Bad|Neutral,2,2,0,100.0,0.0,inf,2021-09-07_2021-10-06|2024-04-24_2024-05-23
0.0,4,CPI m/m|PPI m/m|Core PPI m/m|CPI y/y,Bad|Good|Good|Bad,2,2,0,100.0,0.0,inf,2021-10-07_2021-11-05|2023-12-26_2024-01-24
0.0,4,CPI m/m|PPI m/m|Core PPI m/m|CPI y/y,Bad|Bad|Bad|Neutral,1,1,0,100.0,0.0,inf,2021-12-06_2022-01-04
0.0,4,CPI m/m|PPI m/m|Core PPI m/m|CPI y/y,Bad|Good|Neutral|Neutral,1,1,0,100.0,0.0,inf,2022-01-05_2022-02-03
0.0,4,CPI m/m|PPI m/m|Core PPI m/m|CPI y/y,Neutral|Good|Good|Neutral,2,2,0,100.0,0.0,inf,2022-03-06_2022-04-04|2024-12-20_2025-01-18
0.0,4,CPI m/m|PPI m/m|Core PPI m/m|CPI y/y,Bad|Neutral|Good|Bad,2,1,1,50.0,50.0,1.0,2022-05-05_2022-06-03|2022-06-04_2022-07-03
0.0,4,CPI m/m|PPI m/m|Core PPI m/m|CPI y/y,Bad|Bad|Good|Bad,1,0,1,0.0,100.0,0.0,2022-07-04_2022-08-02
0.0,4,CPI m/m|PPI m/m|Core PPI m/m|CPI y/y,Good|Good|Good|Good,4,2,2,50.0,50.0,1.0,2022-08-03_2022-09-01|2023-03-31_2023-04-29|2024-05-24_2024-06-22|2025-03-20_2025-04-18
0.0,4,CPI m/m|PPI m/m|Core PPI m/m|CPI y/y,Bad|Neutral|Bad|Bad,1,1,0,100.0,0.0,inf,2022-09-02_2022-10-01
0.0,4,CPI m/m|PPI m/m|Core PPI m/m|CPI y/y,Bad|Bad|Neutral|Bad,2,2,0,100.0,0.0,inf,2022-10-02_2022-10-31|2025-01-19_2025-02-17
0.0,4,CPI m/m|PPI m/m|Core PPI m/m|CPI y/y,Good|Bad|Bad|Good,2,2,0,100.0,0.0,inf,2022-12-01_2022-12-30|2026-02-13_2026-03-14
0.0,4,CPI m/m|PPI m/m|Core PPI m/m|CPI y/y,Neutral|Good|Neutral|Neutral,1,1,0,100.0,0.0,inf,2022-12-31_2023-01-29
0.0,4,CPI m/m|PPI m/m|Core PPI m/m|CPI y/y,Neutral|Bad|Bad|Bad,2,0,2,0.0,100.0,0.0,2023-01-30_2023-02-28|2024-02-24_2024-03-24
0.0,4,CPI m/m|PPI m/m|Core PPI m/m|CPI y/y,Good|Good|Neutral|Good,1,0,1,0.0,100.0,0.0,2023-05-30_2023-06-28
0.0,4,CPI m/m|PPI m/m|Core PPI m/m|CPI y/y,Neutral|Bad|Bad|Good,2,1,1,50.0,50.0,1.0,2023-07-29_2023-08-27|2025-07-18_2025-08-16
0.0,4,CPI m/m|PPI m/m|Core PPI m/m|CPI y/y,Bad|Neutral|Good|Neutral,1,0,1,0.0,100.0,0.0,2023-11-26_2023-12-25
0.0,4,CPI m/m|PPI m/m|Core PPI m/m|CPI y/y,Bad|Good|Neutral|Bad,2,1,1,50.0,50.0,1.0,2024-03-25_2024-04-23|2024-09-21_2024-10-20
0.0,4,CPI m/m|PPI m/m|Core PPI m/m|CPI y/y,Neutral|Good|Good|Good,1,0,1,0.0,100.0,0.0,2024-07-23_2024-08-21
0.0,4,CPI m/m|PPI m/m|Core PPI m/m|CPI y/y,Neutral|Neutral|Neutral|Neutral,1,1,0,100.0,0.0,inf,2024-10-21_2024-11-19
0.0,4,CPI m/m|PPI m/m|Core PPI m/m|CPI y/y,Neutral|Bad|Neutral|Neutral,1,1,0,100.0,0.0,inf,2024-11-20_2024-12-19
0.0,4,CPI m/m|PPI m/m|Core PPI m/m|CPI y/y,Neutral|Good|Good|Bad,1,0,1,0.0,100.0,0.0,2025-06-18_2025-07-17
0.0,4,CPI m/m|PPI m/m|Core PPI m/m|CPI y/y,Bad|Good|Good|Neutral,1,1,0,100.0,0.0,inf,2025-08-17_2025-09-15
0.1,4,CPI m/m|PPI m/m|Core PPI m/m|CPI y/y,Neutral|Neutral|Neutral|Neutral,4,4,0,100.0,0.0,inf,2020-11-11_2020-12-10|2023-07-29_2023-08-27|2024-08-22_2024-09-20|2024-10-21_2024-11-19
0.1,4,CPI m/m|PPI m/m|Core PPI m/m|CPI y/y,Neutral|Bad|Bad|Neutral,2,0,2,0.0,100.0,0.0,2021-02-09_2021-03-10|2025-07-18_2025-08-16
0.1,4,CPI m/m|PPI m/m|Core PPI m/m|CPI y/y,Bad|Bad|Bad|Bad,3,2,1,66.7,33.3,2.0,2021-05-10_2021-06-08|2021-06-09_2021-07-08|2021-07-09_2021-08-07
0.1,4,CPI m/m|PPI m/m|Core PPI m/m|CPI y/y,Good|Neutral|Neutral|Neutral,1,1,0,100.0,0.0,inf,2021-09-07_2021-10-06
0.1,4,CPI m/m|PPI m/m|Core PPI m/m|CPI y/y,Bad|Neutral|Good|Bad,1,1,0,100.0,0.0,inf,2021-10-07_2021-11-05
0.1,4,CPI m/m|PPI m/m|Core PPI m/m|CPI y/y,Bad|Bad|Bad|Neutral,1,1,0,100.0,0.0,inf,2021-12-06_2022-01-04
0.1,4,CPI m/m|PPI m/m|Core PPI m/m|CPI y/y,Neutral|Good|Neutral|Neutral,3,2,1,66.7,33.3,2.0,2022-01-05_2022-02-03|2022-12-31_2023-01-29|2023-05-30_2023-06-28
0.1,4,CPI m/m|PPI m/m|Core PPI m/m|CPI y/y,Neutral|Good|Good|Neutral,3,2,1,66.7,33.3,2.0,2022-03-06_2022-04-04|2023-03-31_2023-04-29|2024-12-20_2025-01-18
0.1,4,CPI m/m|PPI m/m|Core PPI m/m|CPI y/y,Neutral|Neutral|Good|Bad,1,0,1,0.0,100.0,0.0,2022-05-05_2022-06-03
0.1,4,CPI m/m|PPI m/m|Core PPI m/m|CPI y/y,Bad|Neutral|Neutral|Bad,2,2,0,100.0,0.0,inf,2022-06-04_2022-07-03|2024-03-25_2024-04-23
0.1,4,CPI m/m|PPI m/m|Core PPI m/m|CPI y/y,Bad|Bad|Neutral|Bad,3,1,2,33.3,66.7,0.5,2022-07-04_2022-08-02|2023-09-27_2023-10-26|2025-01-19_2025-02-17
0.1,4,CPI m/m|PPI m/m|Core PPI m/m|CPI y/y,Good|Good|Good|Good,2,2,0,100.0,0.0,inf,2022-08-03_2022-09-01|2025-03-20_2025-04-18
0.1,4,CPI m/m|PPI m/m|Core PPI m/m|CPI y/y,Bad|Neutral|Bad|Bad,1,1,0,100.0,0.0,inf,2022-09-02_2022-10-01
0.1,4,CPI m/m|PPI m/m|Core PPI m/m|CPI y/y,Bad|Bad|Neutral|Neutral,1,1,0,100.0,0.0,inf,2022-10-02_2022-10-31
0.1,4,CPI m/m|PPI m/m|Core PPI m/m|CPI y/y,Good|Neutral|Bad|Good,1,1,0,100.0,0.0,inf,2022-12-01_2022-12-30
0.1,4,CPI m/m|PPI m/m|Core PPI m/m|CPI y/y,Neutral|Bad|Bad|Bad,2,1,1,50.0,50.0,1.0,2023-01-30_2023-02-28|2024-01-25_2024-02-23
0.1,4,CPI m/m|PPI m/m|Core PPI m/m|CPI y/y,Neutral|Neutral|Good|Neutral,1,0,1,0.0,100.0,0.0,2023-11-26_2023-12-25
0.1,4,CPI m/m|PPI m/m|Core PPI m/m|CPI y/y,Neutral|Good|Good|Bad,2,1,1,50.0,50.0,1.0,2023-12-26_2024-01-24|2025-06-18_2025-07-17
0.1,4,CPI m/m|PPI m/m|Core PPI m/m|CPI y/y,Neutral|Bad|Neutral|Bad,1,0,1,0.0,100.0,0.0,2024-02-24_2024-03-24
0.1,4,CPI m/m|PPI m/m|Core PPI m/m|CPI y/y,Good|Bad|Bad|Neutral,1,1,0,100.0,0.0,inf,2024-04-24_2024-05-23
0.1,4,CPI m/m|PPI m/m|Core PPI m/m|CPI y/y,Neutral|Good|Good|Good,1,0,1,0.0,100.0,0.0,2024-05-24_2024-06-22
0.1,4,CPI m/m|PPI m/m|Core PPI m/m|CPI y/y,Neutral|Neutral|Good|Good,1,0,1,0.0,100.0,0.0,2024-07-23_2024-08-21
0.1,4,CPI m/m|PPI m/m|Core PPI m/m|CPI y/y,Neutral|Neutral|Neutral|Bad,1,0,1,0.0,100.0,0.0,2024-09-21_2024-10-20
0.1,4,CPI m/m|PPI m/m|Core PPI m/m|CPI y/y,Neutral|Bad|Neutral|Neutral,1,1,0,100.0,0.0,inf,2024-11-20_2024-12-19
0.1,4,CPI m/m|PPI m/m|Core PPI m/m|CPI y/y,Bad|Good|Good|Neutral,1,1,0,100.0,0.0,inf,2025-08-17_2025-09-15
0.1,4,CPI m/m|PPI m/m|Core PPI m/m|CPI y/y,Neutral|Bad|Bad|Good,1,1,0,100.0,0.0,inf,2026-02-13_2026-03-14
0.2,4,CPI m/m|PPI m/m|Core PPI m/m|CPI y/y,Neutral|Neutral|Neutral|Neutral,18,12,6,66.7,33.3,2.0,2020-11-11_2020-12-10|2021-09-07_2021-10-06|2022-01-05_2022-02-03|2022-10-02_2022-10-31|2023-05-30_2023-06-28|2023-07-29_2023-08-27|2023-09-27_2023-10-26|2023-11-26_2023-12-25|2023-12-26_2024-01-24|2024-03-25_2024-04-23|2024-07-23_2024-08-21|2024-08-22_2024-09-20|2024-09-21_2024-10-20|2024-10-21_2024-11-19|2024-11-20_2024-12-19|2024-12-20_2025-01-18|2025-01-19_2025-02-17|2025-06-18_2025-07-17
0.2,4,CPI m/m|PPI m/m|Core PPI m/m|CPI y/y,Neutral|Bad|Bad|Neutral,3,1,2,33.3,66.7,0.5,2021-02-09_2021-03-10|2021-12-06_2022-01-04|2025-07-18_2025-08-16
0.2,4,CPI m/m|PPI m/m|Core PPI m/m|CPI y/y,Bad|Bad|Bad|Bad,2,2,0,100.0,0.0,inf,2021-05-10_2021-06-08|2021-07-09_2021-08-07
0.2,4,CPI m/m|PPI m/m|Core PPI m/m|CPI y/y,Neutral|Bad|Neutral|Bad,3,0,3,0.0,100.0,0.0,2021-06-09_2021-07-08|2022-07-04_2022-08-02|2023-01-30_2023-02-28
0.2,4,CPI m/m|PPI m/m|Core PPI m/m|CPI y/y,Neutral|Neutral|Good|Neutral,2,2,0,100.0,0.0,inf,2021-10-07_2021-11-05|2022-03-06_2022-04-04
0.2,4,CPI m/m|PPI m/m|Core PPI m/m|CPI y/y,Neutral|Neutral|Neutral|Bad,2,1,1,50.0,50.0,1.0,2022-05-05_2022-06-03|2022-09-02_2022-10-01
0.2,4,CPI m/m|PPI m/m|Core PPI m/m|CPI y/y,Bad|Neutral|Neutral|Bad,1,1,0,100.0,0.0,inf,2022-06-04_2022-07-03
0.2,4,CPI m/m|PPI m/m|Core PPI m/m|CPI y/y,Neutral|Good|Neutral|Neutral,2,2,0,100.0,0.0,inf,2022-08-03_2022-09-01|2022-12-31_2023-01-29
0.2,4,CPI m/m|PPI m/m|Core PPI m/m|CPI y/y,Neutral|Neutral|Neutral|Good,1,1,0,100.0,0.0,inf,2022-12-01_2022-12-30
0.2,4,CPI m/m|PPI m/m|Core PPI m/m|CPI y/y,Neutral|Good|Good|Neutral,4,2,2,50.0,50.0,1.0,2023-03-31_2023-04-29|2024-05-24_2024-06-22|2025-03-20_2025-04-18|2025-08-17_2025-09-15
0.2,4,CPI m/m|PPI m/m|Core PPI m/m|CPI y/y,Neutral|Neutral|Bad|Bad,1,1,0,100.0,0.0,inf,2024-01-25_2024-02-23
0.2,4,CPI m/m|PPI m/m|Core PPI m/m|CPI y/y,Neutral|Bad|Neutral|Neutral,1,0,1,0.0,100.0,0.0,2024-02-24_2024-03-24
0.2,4,CPI m/m|PPI m/m|Core PPI m/m|CPI y/y,Neutral|Neutral|Bad|Neutral,2,2,0,100.0,0.0,inf,2024-04-24_2024-05-23|2026-02-13_2026-03-14
0.3,4,CPI m/m|PPI m/m|Core PPI m/m|CPI y/y,Neutral|Neutral|Neutral|Neutral,25,16,9,64.0,36.0,1.78,2020-11-11_2020-12-10|2021-09-07_2021-10-06|2021-10-07_2021-11-05|2022-01-05_2022-02-03|2022-05-05_2022-06-03|2022-09-02_2022-10-01|2022-10-02_2022-10-31|2022-12-01_2022-12-30|2023-01-30_2023-02-28|2023-05-30_2023-06-28|2023-07-29_2023-08-27|2023-09-27_2023-10-26|2023-11-26_2023-12-25|2023-12-26_2024-01-24|2024-02-24_2024-03-24|2024-03-25_2024-04-23|2024-04-24_2024-05-23|2024-07-23_2024-08-21|2024-08-22_2024-09-20|2024-09-21_2024-10-20|2024-10-21_2024-11-19|2024-11-20_2024-12-19|2024-12-20_2025-01-18|2025-01-19_2025-02-17|2025-06-18_2025-07-17
0.3,4,CPI m/m|PPI m/m|Core PPI m/m|CPI y/y,Neutral|Bad|Bad|Neutral,2,0,2,0.0,100.0,0.0,2021-02-09_2021-03-10|2025-07-18_2025-08-16
0.3,4,CPI m/m|PPI m/m|Core PPI m/m|CPI y/y,Bad|Neutral|Neutral|Bad,1,1,0,100.0,0.0,inf,2021-05-10_2021-06-08
0.3,4,CPI m/m|PPI m/m|Core PPI m/m|CPI y/y,Neutral|Bad|Neutral|Neutral,2,1,1,50.0,50.0,1.0,2021-06-09_2021-07-08|2021-12-06_2022-01-04
0.3,4,CPI m/m|PPI m/m|Core PPI m/m|CPI y/y,Bad|Bad|Bad|Bad,1,1,0,100.0,0.0,inf,2021-07-09_2021-08-07
0.3,4,CPI m/m|PPI m/m|Core PPI m/m|CPI y/y,Neutral|Neutral|Good|Neutral,1,1,0,100.0,0.0,inf,2022-03-06_2022-04-04
0.3,4,CPI m/m|PPI m/m|Core PPI m/m|CPI y/y,Bad|Neutral|Neutral|Neutral,1,1,0,100.0,0.0,inf,2022-06-04_2022-07-03
0.3,4,CPI m/m|PPI m/m|Core PPI m/m|CPI y/y,Neutral|Bad|Neutral|Bad,1,0,1,0.0,100.0,0.0,2022-07-04_2022-08-02
0.3,4,CPI m/m|PPI m/m|Core PPI m/m|CPI y/y,Neutral|Good|Neutral|Neutral,3,2,1,66.7,33.3,2.0,2022-08-03_2022-09-01|2022-12-31_2023-01-29|2024-05-24_2024-06-22
0.3,4,CPI m/m|PPI m/m|Core PPI m/m|CPI y/y,Neutral|Good|Good|Neutral,3,2,1,66.7,33.3,2.0,2023-03-31_2023-04-29|2025-03-20_2025-04-18|2025-08-17_2025-09-15
0.3,4,CPI m/m|PPI m/m|Core PPI m/m|CPI y/y,Neutral|Neutral|Bad|Neutral,2,2,0,100.0,0.0,inf,2024-01-25_2024-02-23|2026-02-13_2026-03-14
0.0,4,CPI m/m|PPI m/m|FOMC|CPI y/y,Good|Good|Neutral|Good,2,0,2,0.0,100.0,0.0,2023-05-30_2023-06-28|2024-05-24_2024-06-22
0.0,4,CPI m/m|PPI m/m|FOMC|CPI y/y,Bad|Neutral|Neutral|Neutral,1,0,1,0.0,100.0,0.0,2023-11-26_2023-12-25
0.0,4,CPI m/m|PPI m/m|FOMC|CPI y/y,Neutral|Good|Neutral|Good,1,0,1,0.0,100.0,0.0,2024-07-23_2024-08-21
0.0,4,CPI m/m|PPI m/m|FOMC|CPI y/y,Neutral|Bad|Good|Neutral,1,1,0,100.0,0.0,inf,2024-08-22_2024-09-20
0.0,4,CPI m/m|PPI m/m|FOMC|CPI y/y,Neutral|Neutral|Neutral|Neutral,1,1,0,100.0,0.0,inf,2024-10-21_2024-11-19
0.0,4,CPI m/m|PPI m/m|FOMC|CPI y/y,Neutral|Bad|Neutral|Neutral,1,1,0,100.0,0.0,inf,2024-11-20_2024-12-19
0.0,4,CPI m/m|PPI m/m|FOMC|CPI y/y,Bad|Bad|Neutral|Bad,1,1,0,100.0,0.0,inf,2025-01-19_2025-02-17
0.1,4,CPI m/m|PPI m/m|FOMC|CPI y/y,Neutral|Good|Neutral|Neutral,1,0,1,0.0,100.0,0.0,2023-05-30_2023-06-28
0.1,4,CPI m/m|PPI m/m|FOMC|CPI y/y,Neutral|Neutral|Neutral|Neutral,2,1,1,50.0,50.0,1.0,2023-11-26_2023-12-25|2024-10-21_2024-11-19
0.1,4,CPI m/m|PPI m/m|FOMC|CPI y/y,Neutral|Good|Neutral|Good,1,0,1,0.0,100.0,0.0,2024-05-24_2024-06-22
0.1,4,CPI m/m|PPI m/m|FOMC|CPI y/y,Neutral|Neutral|Neutral|Good,1,0,1,0.0,100.0,0.0,2024-07-23_2024-08-21
0.1,4,CPI m/m|PPI m/m|FOMC|CPI y/y,Neutral|Neutral|Good|Neutral,1,1,0,100.0,0.0,inf,2024-08-22_2024-09-20
0.1,4,CPI m/m|PPI m/m|FOMC|CPI y/y,Neutral|Bad|Neutral|Neutral,1,1,0,100.0,0.0,inf,2024-11-20_2024-12-19
0.1,4,CPI m/m|PPI m/m|FOMC|CPI y/y,Bad|Bad|Neutral|Bad,1,1,0,100.0,0.0,inf,2025-01-19_2025-02-17
0.2,4,CPI m/m|PPI m/m|FOMC|CPI y/y,Neutral|Neutral|Neutral|Neutral,6,3,3,50.0,50.0,1.0,2023-05-30_2023-06-28|2023-11-26_2023-12-25|2024-07-23_2024-08-21|2024-10-21_2024-11-19|2024-11-20_2024-12-19|2025-01-19_2025-02-17
0.2,4,CPI m/m|PPI m/m|FOMC|CPI y/y,Neutral|Good|Neutral|Neutral,1,0,1,0.0,100.0,0.0,2024-05-24_2024-06-22
0.2,4,CPI m/m|PPI m/m|FOMC|CPI y/y,Neutral|Neutral|Good|Neutral,1,1,0,100.0,0.0,inf,2024-08-22_2024-09-20
0.3,4,CPI m/m|PPI m/m|FOMC|CPI y/y,Neutral|Neutral|Neutral|Neutral,7,4,3,57.1,42.9,1.33,2023-05-30_2023-06-28|2023-11-26_2023-12-25|2024-07-23_2024-08-21|2024-08-22_2024-09-20|2024-10-21_2024-11-19|2024-11-20_2024-12-19|2025-01-19_2025-02-17
0.3,4,CPI m/m|PPI m/m|FOMC|CPI y/y,Neutral|Good|Neutral|Neutral,1,0,1,0.0,100.0,0.0,2024-05-24_2024-06-22
0.0,4,CPI m/m|Core PPI m/m|FOMC|CPI y/y,Good|Neutral|Neutral|Good,1,0,1,0.0,100.0,0.0,2023-05-30_2023-06-28
0.0,4,CPI m/m|Core PPI m/m|FOMC|CPI y/y,Bad|Good|Neutral|Neutral,1,0,1,0.0,100.0,0.0,2023-11-26_2023-12-25
0.0,4,CPI m/m|Core PPI m/m|FOMC|CPI y/y,Good|Good|Neutral|Good,1,0,1,0.0,100.0,0.0,2024-05-24_2024-06-22
0.0,4,CPI m/m|Core PPI m/m|FOMC|CPI y/y,Neutral|Good|Neutral|Good,1,0,1,0.0,100.0,0.0,2024-07-23_2024-08-21
0.0,4,CPI m/m|Core PPI m/m|FOMC|CPI y/y,Neutral|Bad|Good|Neutral,1,1,0,100.0,0.0,inf,2024-08-22_2024-09-20
0.0,4,CPI m/m|Core PPI m/m|FOMC|CPI y/y,Neutral|Neutral|Neutral|Neutral,2,2,0,100.0,0.0,inf,2024-10-21_2024-11-19|2024-11-20_2024-12-19
0.0,4,CPI m/m|Core PPI m/m|FOMC|CPI y/y,Bad|Neutral|Neutral|Bad,1,1,0,100.0,0.0,inf,2025-01-19_2025-02-17
0.1,4,CPI m/m|Core PPI m/m|FOMC|CPI y/y,Neutral|Neutral|Neutral|Neutral,3,2,1,66.7,33.3,2.0,2023-05-30_2023-06-28|2024-10-21_2024-11-19|2024-11-20_2024-12-19
0.1,4,CPI m/m|Core PPI m/m|FOMC|CPI y/y,Neutral|Good|Neutral|Neutral,1,0,1,0.0,100.0,0.0,2023-11-26_2023-12-25
0.1,4,CPI m/m|Core PPI m/m|FOMC|CPI y/y,Neutral|Good|Neutral|Good,2,0,2,0.0,100.0,0.0,2024-05-24_2024-06-22|2024-07-23_2024-08-21
0.1,4,CPI m/m|Core PPI m/m|FOMC|CPI y/y,Neutral|Neutral|Good|Neutral,1,1,0,100.0,0.0,inf,2024-08-22_2024-09-20
0.1,4,CPI m/m|Core PPI m/m|FOMC|CPI y/y,Bad|Neutral|Neutral|Bad,1,1,0,100.0,0.0,inf,2025-01-19_2025-02-17
0.2,4,CPI m/m|Core PPI m/m|FOMC|CPI y/y,Neutral|Neutral|Neutral|Neutral,6,3,3,50.0,50.0,1.0,2023-05-30_2023-06-28|2023-11-26_2023-12-25|2024-07-23_2024-08-21|2024-10-21_2024-11-19|2024-11-20_2024-12-19|2025-01-19_2025-02-17
0.2,4,CPI m/m|Core PPI m/m|FOMC|CPI y/y,Neutral|Good|Neutral|Neutral,1,0,1,0.0,100.0,0.0,2024-05-24_2024-06-22
0.2,4,CPI m/m|Core PPI m/m|FOMC|CPI y/y,Neutral|Neutral|Good|Neutral,1,1,0,100.0,0.0,inf,2024-08-22_2024-09-20
0.3,4,CPI m/m|Core PPI m/m|FOMC|CPI y/y,Neutral|Neutral|Neutral|Neutral,8,4,4,50.0,50.0,1.0,2023-05-30_2023-06-28|2023-11-26_2023-12-25|2024-05-24_2024-06-22|2024-07-23_2024-08-21|2024-08-22_2024-09-20|2024-10-21_2024-11-19|2024-11-20_2024-12-19|2025-01-19_2025-02-17
0.0,4,Core CPI m/m|PPI m/m|Core PPI m/m|FOMC,Neutral|Good|Neutral|Neutral,1,0,1,0.0,100.0,0.0,2023-05-30_2023-06-28
0.0,4,Core CPI m/m|PPI m/m|Core PPI m/m|FOMC,Neutral|Neutral|Good|Neutral,1,0,1,0.0,100.0,0.0,2023-11-26_2023-12-25
0.0,4,Core CPI m/m|PPI m/m|Core PPI m/m|FOMC,Good|Good|Good|Neutral,1,0,1,0.0,100.0,0.0,2024-05-24_2024-06-22
0.0,4,Core CPI m/m|PPI m/m|Core PPI m/m|FOMC,Neutral|Good|Good|Neutral,1,0,1,0.0,100.0,0.0,2024-07-23_2024-08-21
0.0,4,Core CPI m/m|PPI m/m|Core PPI m/m|FOMC,Bad|Bad|Bad|Good,1,1,0,100.0,0.0,inf,2024-08-22_2024-09-20
0.0,4,Core CPI m/m|PPI m/m|Core PPI m/m|FOMC,Neutral|Neutral|Neutral|Neutral,1,1,0,100.0,0.0,inf,2024-10-21_2024-11-19
0.0,4,Core CPI m/m|PPI m/m|Core PPI m/m|FOMC,Neutral|Bad|Neutral|Neutral,1,1,0,100.0,0.0,inf,2024-11-20_2024-12-19
0.0,4,Core CPI m/m|PPI m/m|Core PPI m/m|FOMC,Bad|Bad|Neutral|Neutral,1,1,0,100.0,0.0,inf,2025-01-19_2025-02-17
0.1,4,Core CPI m/m|PPI m/m|Core PPI m/m|FOMC,Neutral|Good|Neutral|Neutral,1,0,1,0.0,100.0,0.0,2023-05-30_2023-06-28
0.1,4,Core CPI m/m|PPI m/m|Core PPI m/m|FOMC,Neutral|Neutral|Good|Neutral,2,0,2,0.0,100.0,0.0,2023-11-26_2023-12-25|2024-07-23_2024-08-21
0.1,4,Core CPI m/m|PPI m/m|Core PPI m/m|FOMC,Neutral|Good|Good|Neutral,1,0,1,0.0,100.0,0.0,2024-05-24_2024-06-22
0.1,4,Core CPI m/m|PPI m/m|Core PPI m/m|FOMC,Neutral|Neutral|Neutral|Good,1,1,0,100.0,0.0,inf,2024-08-22_2024-09-20
0.1,4,Core CPI m/m|PPI m/m|Core PPI m/m|FOMC,Neutral|Neutral|Neutral|Neutral,1,1,0,100.0,0.0,inf,2024-10-21_2024-11-19
0.1,4,Core CPI m/m|PPI m/m|Core PPI m/m|FOMC,Neutral|Bad|Neutral|Neutral,1,1,0,100.0,0.0,inf,2024-11-20_2024-12-19
0.1,4,Core CPI m/m|PPI m/m|Core PPI m/m|FOMC,Bad|Bad|Neutral|Neutral,1,1,0,100.0,0.0,inf,2025-01-19_2025-02-17
0.2,4,Core CPI m/m|PPI m/m|Core PPI m/m|FOMC,Neutral|Neutral|Neutral|Neutral,6,3,3,50.0,50.0,1.0,2023-05-30_2023-06-28|2023-11-26_2023-12-25|2024-07-23_2024-08-21|2024-10-21_2024-11-19|2024-11-20_2024-12-19|2025-01-19_2025-02-17
0.2,4,Core CPI m/m|PPI m/m|Core PPI m/m|FOMC,Neutral|Good|Good|Neutral,1,0,1,0.0,100.0,0.0,2024-05-24_2024-06-22
0.2,4,Core CPI m/m|PPI m/m|Core PPI m/m|FOMC,Neutral|Neutral|Neutral|Good,1,1,0,100.0,0.0,inf,2024-08-22_2024-09-20
0.3,4,Core CPI m/m|PPI m/m|Core PPI m/m|FOMC,Neutral|Neutral|Neutral|Neutral,7,4,3,57.1,42.9,1.33,2023-05-30_2023-06-28|2023-11-26_2023-12-25|2024-07-23_2024-08-21|2024-08-22_2024-09-20|2024-10-21_2024-11-19|2024-11-20_2024-12-19|2025-01-19_2025-02-17
0.3,4,Core CPI m/m|PPI m/m|Core PPI m/m|FOMC,Neutral|Good|Neutral|Neutral,1,0,1,0.0,100.0,0.0,2024-05-24_2024-06-22
0.0,4,Core CPI m/m|PPI m/m|Core PPI m/m|CPI y/y,Good|Bad|Good|Good,1,1,0,100.0,0.0,inf,2020-11-11_2020-12-10
0.0,4,Core CPI m/m|PPI m/m|Core PPI m/m|CPI y/y,Good|Bad|Bad|Neutral,2,1,1,50.0,50.0,1.0,2021-02-09_2021-03-10|2021-09-07_2021-10-06
0.0,4,Core CPI m/m|PPI m/m|Core PPI m/m|CPI y/y,Bad|Bad|Bad|Bad,5,3,2,60.0,40.0,1.5,2021-05-10_2021-06-08|2021-06-09_2021-07-08|2021-07-09_2021-08-07|2024-01-25_2024-02-23|2024-02-24_2024-03-24
0.0,4,Core CPI m/m|PPI m/m|Core PPI m/m|CPI y/y,Neutral|Good|Good|Bad,2,2,0,100.0,0.0,inf,2021-10-07_2021-11-05|2023-12-26_2024-01-24
0.0,4,Core CPI m/m|PPI m/m|Core PPI m/m|CPI y/y,Neutral|Bad|Bad|Neutral,2,2,0,100.0,0.0,inf,2021-12-06_2022-01-04|2024-04-24_2024-05-23
0.0,4,Core CPI m/m|PPI m/m|Core PPI m/m|CPI y/y,Bad|Good|Neutral|Neutral,1,1,0,100.0,0.0,inf,2022-01-05_2022-02-03
0.0,4,Core CPI m/m|PPI m/m|Core PPI m/m|CPI y/y,Neutral|Good|Good|Neutral,2,2,0,100.0,0.0,inf,2022-03-06_2022-04-04|2025-08-17_2025-09-15
0.0,4,Core CPI m/m|PPI m/m|Core PPI m/m|CPI y/y,Bad|Neutral|Good|Bad,2,1,1,50.0,50.0,1.0,2022-05-05_2022-06-03|2022-06-04_2022-07-03
0.0,4,Core CPI m/m|PPI m/m|Core PPI m/m|CPI y/y,Bad|Bad|Good|Bad,1,0,1,0.0,100.0,0.0,2022-07-04_2022-08-02
0.0,4,Core CPI m/m|PPI m/m|Core PPI m/m|CPI y/y,Good|Good|Good|Good,3,2,1,66.7,33.3,2.0,2022-08-03_2022-09-01|2024-05-24_2024-06-22|2025-03-20_2025-04-18
0.0,4,Core CPI m/m|PPI m/m|Core PPI m/m|CPI y/y,Bad|Neutral|Bad|Bad,1,1,0,100.0,0.0,inf,2022-09-02_2022-10-01
0.0,4,Core CPI m/m|PPI m/m|Core PPI m/m|CPI y/y,Bad|Bad|Neutral|Bad,2,2,0,100.0,0.0,inf,2022-10-02_2022-10-31|2025-01-19_2025-02-17
0.0,4,Core CPI m/m|PPI m/m|Core PPI m/m|CPI y/y,Good|Bad|Bad|Good,1,1,0,100.0,0.0,inf,2022-12-01_2022-12-30
0.0,4,Core CPI m/m|PPI m/m|Core PPI m/m|CPI y/y,Neutral|Good|Neutral|Neutral,1,1,0,100.0,0.0,inf,2022-12-31_2023-01-29
0.0,4,Core CPI m/m|PPI m/m|Core PPI m/m|CPI y/y,Neutral|Bad|Bad|Bad,2,0,2,0.0,100.0,0.0,2023-01-30_2023-02-28|2023-09-27_2023-10-26
0.0,4,Core CPI m/m|PPI m/m|Core PPI m/m|CPI y/y,Neutral|Good|Good|Good,2,0,2,0.0,100.0,0.0,2023-03-31_2023-04-29|2024-07-23_2024-08-21
0.0,4,Core CPI m/m|PPI m/m|Core PPI m/m|CPI y/y,Neutral|Good|Neutral|Good,1,0,1,0.0,100.0,0.0,2023-05-30_2023-06-28
0.0,4,Core CPI m/m|PPI m/m|Core PPI m/m|CPI y/y,Neutral|Bad|Bad|Good,3,2,1,66.7,33.3,2.0,2023-07-29_2023-08-27|2025-07-18_2025-08-16|2026-02-13_2026-03-14
0.0,4,Core CPI m/m|PPI m/m|Core PPI m/m|CPI y/y,Neutral|Neutral|Good|Neutral,1,0,1,0.0,100.0,0.0,2023-11-26_2023-12-25
0.0,4,Core CPI m/m|PPI m/m|Core PPI m/m|CPI y/y,Bad|Good|Neutral|Bad,2,1,1,50.0,50.0,1.0,2024-03-25_2024-04-23|2024-09-21_2024-10-20
0.0,4,Core CPI m/m|PPI m/m|Core PPI m/m|CPI y/y,Bad|Bad|Bad|Neutral,1,1,0,100.0,0.0,inf,2024-08-22_2024-09-20
0.0,4,Core CPI m/m|PPI m/m|Core PPI m/m|CPI y/y,Neutral|Neutral|Neutral|Neutral,1,1,0,100.0,0.0,inf,2024-10-21_2024-11-19
0.0,4,Core CPI m/m|PPI m/m|Core PPI m/m|CPI y/y,Neutral|Bad|Neutral|Neutral,1,1,0,100.0,0.0,inf,2024-11-20_2024-12-19
0.0,4,Core CPI m/m|PPI m/m|Core PPI m/m|CPI y/y,Good|Good|Good|Neutral,1,1,0,100.0,0.0,inf,2024-12-20_2025-01-18
0.0,4,Core CPI m/m|PPI m/m|Core PPI m/m|CPI y/y,Good|Good|Good|Bad,1,0,1,0.0,100.0,0.0,2025-06-18_2025-07-17
0.1,4,Core CPI m/m|PPI m/m|Core PPI m/m|CPI y/y,Neutral|Neutral|Neutral|Neutral,4,4,0,100.0,0.0,inf,2020-11-11_2020-12-10|2023-07-29_2023-08-27|2024-08-22_2024-09-20|2024-10-21_2024-11-19
0.1,4,Core CPI m/m|PPI m/m|Core PPI m/m|CPI y/y,Good|Bad|Bad|Neutral,1,0,1,0.0,100.0,0.0,2021-02-09_2021-03-10
0.1,4,Core CPI m/m|PPI m/m|Core PPI m/m|CPI y/y,Bad|Bad|Bad|Bad,4,3,1,75.0,25.0,3.0,2021-05-10_2021-06-08|2021-06-09_2021-07-08|2021-07-09_2021-08-07|2024-01-25_2024-02-23
0.1,4,Core CPI m/m|PPI m/m|Core PPI m/m|CPI y/y,Good|Neutral|Neutral|Neutral,1,1,0,100.0,0.0,inf,2021-09-07_2021-10-06
0.1,4,Core CPI m/m|PPI m/m|Core PPI m/m|CPI y/y,Neutral|Neutral|Good|Bad,1,1,0,100.0,0.0,inf,2021-10-07_2021-11-05
0.1,4,Core CPI m/m|PPI m/m|Core PPI m/m|CPI y/y,Neutral|Bad|Bad|Neutral,3,2,1,66.7,33.3,2.0,2021-12-06_2022-01-04|2024-04-24_2024-05-23|2025-07-18_2025-08-16
0.1,4,Core CPI m/m|PPI m/m|Core PPI m/m|CPI y/y,Neutral|Good|Neutral|Neutral,3,2,1,66.7,33.3,2.0,2022-01-05_2022-02-03|2022-12-31_2023-01-29|2023-05-30_2023-06-28
0.1,4,Core CPI m/m|PPI m/m|Core PPI m/m|CPI y/y,Neutral|Good|Good|Neutral,4,3,1,75.0,25.0,3.0,2022-03-06_2022-04-04|2023-03-31_2023-04-29|2024-12-20_2025-01-18|2025-08-17_2025-09-15
0.1,4,Core CPI m/m|PPI m/m|Core PPI m/m|CPI y/y,Bad|Neutral|Good|Bad,1,0,1,0.0,100.0,0.0,2022-05-05_2022-06-03
0.1,4,Core CPI m/m|PPI m/m|Core PPI m/m|CPI y/y,Neutral|Neutral|Neutral|Bad,2,1,1,50.0,50.0,1.0,2022-06-04_2022-07-03|2024-09-21_2024-10-20
0.1,4,Core CPI m/m|PPI m/m|Core PPI m/m|CPI y/y,Bad|Bad|Neutral|Bad,3,1,2,33.3,66.7,0.5,2022-07-04_2022-08-02|2024-02-24_2024-03-24|2025-01-19_2025-02-17
0.1,4,Core CPI m/m|PPI m/m|Core PPI m/m|CPI y/y,Good|Good|Good|Good,2,2,0,100.0,0.0,inf,2022-08-03_2022-09-01|2025-03-20_2025-04-18
0.1,4,Core CPI m/m|PPI m/m|Core PPI m/m|CPI y/y,Bad|Neutral|Bad|Bad,1,1,0,100.0,0.0,inf,2022-09-02_2022-10-01
0.1,4,Core CPI m/m|PPI m/m|Core PPI m/m|CPI y/y,Bad|Bad|Neutral|Neutral,1,1,0,100.0,0.0,inf,2022-10-02_2022-10-31
0.1,4,Core CPI m/m|PPI m/m|Core PPI m/m|CPI y/y,Neutral|Neutral|Bad|Good,1,1,0,100.0,0.0,inf,2022-12-01_2022-12-30
0.1,4,Core CPI m/m|PPI m/m|Core PPI m/m|CPI y/y,Neutral|Bad|Bad|Bad,1,0,1,0.0,100.0,0.0,2023-01-30_2023-02-28
0.1,4,Core CPI m/m|PPI m/m|Core PPI m/m|CPI y/y,Neutral|Bad|Neutral|Bad,1,0,1,0.0,100.0,0.0,2023-09-27_2023-10-26
0.1,4,Core CPI m/m|PPI m/m|Core PPI m/m|CPI y/y,Neutral|Neutral|Good|Neutral,1,0,1,0.0,100.0,0.0,2023-11-26_2023-12-25
0.1,4,Core CPI m/m|PPI m/m|Core PPI m/m|CPI y/y,Neutral|Good|Good|Bad,2,1,1,50.0,50.0,1.0,2023-12-26_2024-01-24|2025-06-18_2025-07-17
0.1,4,Core CPI m/m|PPI m/m|Core PPI m/m|CPI y/y,Bad|Neutral|Neutral|Bad,1,1,0,100.0,0.0,inf,2024-03-25_2024-04-23
0.1,4,Core CPI m/m|PPI m/m|Core PPI m/m|CPI y/y,Neutral|Good|Good|Good,1,0,1,0.0,100.0,0.0,2024-05-24_2024-06-22
0.1,4,Core CPI m/m|PPI m/m|Core PPI m/m|CPI y/y,Neutral|Neutral|Good|Good,1,0,1,0.0,100.0,0.0,2024-07-23_2024-08-21
0.1,4,Core CPI m/m|PPI m/m|Core PPI m/m|CPI y/y,Neutral|Bad|Neutral|Neutral,1,1,0,100.0,0.0,inf,2024-11-20_2024-12-19
0.1,4,Core CPI m/m|PPI m/m|Core PPI m/m|CPI y/y,Neutral|Bad|Bad|Good,1,1,0,100.0,0.0,inf,2026-02-13_2026-03-14
0.2,4,Core CPI m/m|PPI m/m|Core PPI m/m|CPI y/y,Neutral|Neutral|Neutral|Neutral,18,12,6,66.7,33.3,2.0,2020-11-11_2020-12-10|2021-09-07_2021-10-06|2022-01-05_2022-02-03|2022-10-02_2022-10-31|2023-05-30_2023-06-28|2023-07-29_2023-08-27|2023-09-27_2023-10-26|2023-11-26_2023-12-25|2023-12-26_2024-01-24|2024-03-25_2024-04-23|2024-07-23_2024-08-21|2024-08-22_2024-09-20|2024-09-21_2024-10-20|2024-10-21_2024-11-19|2024-11-20_2024-12-19|2024-12-20_2025-01-18|2025-01-19_2025-02-17|2025-06-18_2025-07-17
0.2,4,Core CPI m/m|PPI m/m|Core PPI m/m|CPI y/y,Neutral|Bad|Bad|Neutral,3,1,2,33.3,66.7,0.5,2021-02-09_2021-03-10|2021-12-06_2022-01-04|2025-07-18_2025-08-16
0.2,4,Core CPI m/m|PPI m/m|Core PPI m/m|CPI y/y,Bad|Bad|Bad|Bad,2,2,0,100.0,0.0,inf,2021-05-10_2021-06-08|2021-07-09_2021-08-07
0.2,4,Core CPI m/m|PPI m/m|Core PPI m/m|CPI y/y,Neutral|Bad|Neutral|Bad,3,0,3,0.0,100.0,0.0,2021-06-09_2021-07-08|2022-07-04_2022-08-02|2023-01-30_2023-02-28
0.2,4,Core CPI m/m|PPI m/m|Core PPI m/m|CPI y/y,Neutral|Neutral|Good|Neutral,2,2,0,100.0,0.0,inf,2021-10-07_2021-11-05|2022-03-06_2022-04-04
0.2,4,Core CPI m/m|PPI m/m|Core PPI m/m|CPI y/y,Neutral|Neutral|Neutral|Bad,2,1,1,50.0,50.0,1.0,2022-05-05_2022-06-03|2022-06-04_2022-07-03
0.2,4,Core CPI m/m|PPI m/m|Core PPI m/m|CPI y/y,Neutral|Good|Neutral|Neutral,2,2,0,100.0,0.0,inf,2022-08-03_2022-09-01|2022-12-31_2023-01-29
0.2,4,Core CPI m/m|PPI m/m|Core PPI m/m|CPI y/y,Bad|Neutral|Neutral|Bad,1,1,0,100.0,0.0,inf,2022-09-02_2022-10-01
0.2,4,Core CPI m/m|PPI m/m|Core PPI m/m|CPI y/y,Neutral|Neutral|Neutral|Good,1,1,0,100.0,0.0,inf,2022-12-01_2022-12-30
0.2,4,Core CPI m/m|PPI m/m|Core PPI m/m|CPI y/y,Neutral|Good|Good|Neutral,4,2,2,50.0,50.0,1.0,2023-03-31_2023-04-29|2024-05-24_2024-06-22|2025-03-20_2025-04-18|2025-08-17_2025-09-15
0.2,4,Core CPI m/m|PPI m/m|Core PPI m/m|CPI y/y,Neutral|Neutral|Bad|Bad,1,1,0,100.0,0.0,inf,2024-01-25_2024-02-23
0.2,4,Core CPI m/m|PPI m/m|Core PPI m/m|CPI y/y,Neutral|Bad|Neutral|Neutral,1,0,1,0.0,100.0,0.0,2024-02-24_2024-03-24
0.2,4,Core CPI m/m|PPI m/m|Core PPI m/m|CPI y/y,Neutral|Neutral|Bad|Neutral,2,2,0,100.0,0.0,inf,2024-04-24_2024-05-23|2026-02-13_2026-03-14
0.3,4,Core CPI m/m|PPI m/m|Core PPI m/m|CPI y/y,Neutral|Neutral|Neutral|Neutral,26,17,9,65.4,34.6,1.89,2020-11-11_2020-12-10|2021-09-07_2021-10-06|2021-10-07_2021-11-05|2022-01-05_2022-02-03|2022-05-05_2022-06-03|2022-06-04_2022-07-03|2022-09-02_2022-10-01|2022-10-02_2022-10-31|2022-12-01_2022-12-30|2023-01-30_2023-02-28|2023-05-30_2023-06-28|2023-07-29_2023-08-27|2023-09-27_2023-10-26|2023-11-26_2023-12-25|2023-12-26_2024-01-24|2024-02-24_2024-03-24|2024-03-25_2024-04-23|2024-04-24_2024-05-23|2024-07-23_2024-08-21|2024-08-22_2024-09-20|2024-09-21_2024-10-20|2024-10-21_2024-11-19|2024-11-20_2024-12-19|2024-12-20_2025-01-18|2025-01-19_2025-02-17|2025-06-18_2025-07-17
0.3,4,Core CPI m/m|PPI m/m|Core PPI m/m|CPI y/y,Neutral|Bad|Bad|Neutral,2,0,2,0.0,100.0,0.0,2021-02-09_2021-03-10|2025-07-18_2025-08-16
0.3,4,Core CPI m/m|PPI m/m|Core PPI m/m|CPI y/y,Bad|Neutral|Neutral|Bad,1,1,0,100.0,0.0,inf,2021-05-10_2021-06-08
0.3,4,Core CPI m/m|PPI m/m|Core PPI m/m|CPI y/y,Neutral|Bad|Neutral|Neutral,2,1,1,50.0,50.0,1.0,2021-06-09_2021-07-08|2021-12-06_2022-01-04
0.3,4,Core CPI m/m|PPI m/m|Core PPI m/m|CPI y/y,Bad|Bad|Bad|Bad,1,1,0,100.0,0.0,inf,2021-07-09_2021-08-07
0.3,4,Core CPI m/m|PPI m/m|Core PPI m/m|CPI y/y,Neutral|Neutral|Good|Neutral,1,1,0,100.0,0.0,inf,2022-03-06_2022-04-04
0.3,4,Core CPI m/m|PPI m/m|Core PPI m/m|CPI y/y,Neutral|Bad|Neutral|Bad,1,0,1,0.0,100.0,0.0,2022-07-04_2022-08-02
0.3,4,Core CPI m/m|PPI m/m|Core PPI m/m|CPI y/y,Neutral|Good|Neutral|Neutral,3,2,1,66.7,33.3,2.0,2022-08-03_2022-09-01|2022-12-31_2023-01-29|2024-05-24_2024-06-22
0.3,4,Core CPI m/m|PPI m/m|Core PPI m/m|CPI y/y,Neutral|Good|Good|Neutral,3,2,1,66.7,33.3,2.0,2023-03-31_2023-04-29|2025-03-20_2025-04-18|2025-08-17_2025-09-15
0.3,4,Core CPI m/m|PPI m/m|Core PPI m/m|CPI y/y,Neutral|Neutral|Bad|Neutral,2,2,0,100.0,0.0,inf,2024-01-25_2024-02-23|2026-02-13_2026-03-14
0.0,4,Core CPI m/m|PPI m/m|FOMC|CPI y/y,Neutral|Good|Neutral|Good,2,0,2,0.0,100.0,0.0,2023-05-30_2023-06-28|2024-07-23_2024-08-21
0.0,4,Core CPI m/m|PPI m/m|FOMC|CPI y/y,Neutral|Neutral|Neutral|Neutral,2,1,1,50.0,50.0,1.0,2023-11-26_2023-12-25|2024-10-21_2024-11-19
0.0,4,Core CPI m/m|PPI m/m|FOMC|CPI y/y,Good|Good|Neutral|Good,1,0,1,0.0,100.0,0.0,2024-05-24_2024-06-22
0.0,4,Core CPI m/m|PPI m/m|FOMC|CPI y/y,Bad|Bad|Good|Neutral,1,1,0,100.0,0.0,inf,2024-08-22_2024-09-20
0.0,4,Core CPI m/m|PPI m/m|FOMC|CPI y/y,Neutral|Bad|Neutral|Neutral,1,1,0,100.0,0.0,inf,2024-11-20_2024-12-19
0.0,4,Core CPI m/m|PPI m/m|FOMC|CPI y/y,Bad|Bad|Neutral|Bad,1,1,0,100.0,0.0,inf,2025-01-19_2025-02-17
0.1,4,Core CPI m/m|PPI m/m|FOMC|CPI y/y,Neutral|Good|Neutral|Neutral,1,0,1,0.0,100.0,0.0,2023-05-30_2023-06-28
0.1,4,Core CPI m/m|PPI m/m|FOMC|CPI y/y,Neutral|Neutral|Neutral|Neutral,2,1,1,50.0,50.0,1.0,2023-11-26_2023-12-25|2024-10-21_2024-11-19
0.1,4,Core CPI m/m|PPI m/m|FOMC|CPI y/y,Neutral|Good|Neutral|Good,1,0,1,0.0,100.0,0.0,2024-05-24_2024-06-22
0.1,4,Core CPI m/m|PPI m/m|FOMC|CPI y/y,Neutral|Neutral|Neutral|Good,1,0,1,0.0,100.0,0.0,2024-07-23_2024-08-21
0.1,4,Core CPI m/m|PPI m/m|FOMC|CPI y/y,Neutral|Neutral|Good|Neutral,1,1,0,100.0,0.0,inf,2024-08-22_2024-09-20
0.1,4,Core CPI m/m|PPI m/m|FOMC|CPI y/y,Neutral|Bad|Neutral|Neutral,1,1,0,100.0,0.0,inf,2024-11-20_2024-12-19
0.1,4,Core CPI m/m|PPI m/m|FOMC|CPI y/y,Bad|Bad|Neutral|Bad,1,1,0,100.0,0.0,inf,2025-01-19_2025-02-17
0.2,4,Core CPI m/m|PPI m/m|FOMC|CPI y/y,Neutral|Neutral|Neutral|Neutral,6,3,3,50.0,50.0,1.0,2023-05-30_2023-06-28|2023-11-26_2023-12-25|2024-07-23_2024-08-21|2024-10-21_2024-11-19|2024-11-20_2024-12-19|2025-01-19_2025-02-17
0.2,4,Core CPI m/m|PPI m/m|FOMC|CPI y/y,Neutral|Good|Neutral|Neutral,1,0,1,0.0,100.0,0.0,2024-05-24_2024-06-22
0.2,4,Core CPI m/m|PPI m/m|FOMC|CPI y/y,Neutral|Neutral|Good|Neutral,1,1,0,100.0,0.0,inf,2024-08-22_2024-09-20
0.3,4,Core CPI m/m|PPI m/m|FOMC|CPI y/y,Neutral|Neutral|Neutral|Neutral,7,4,3,57.1,42.9,1.33,2023-05-30_2023-06-28|2023-11-26_2023-12-25|2024-07-23_2024-08-21|2024-08-22_2024-09-20|2024-10-21_2024-11-19|2024-11-20_2024-12-19|2025-01-19_2025-02-17
0.3,4,Core CPI m/m|PPI m/m|FOMC|CPI y/y,Neutral|Good|Neutral|Neutral,1,0,1,0.0,100.0,0.0,2024-05-24_2024-06-22
0.0,4,Core CPI m/m|Core PPI m/m|FOMC|CPI y/y,Neutral|Neutral|Neutral|Good,1,0,1,0.0,100.0,0.0,2023-05-30_2023-06-28
0.0,4,Core CPI m/m|Core PPI m/m|FOMC|CPI y/y,Neutral|Good|Neutral|Neutral,1,0,1,0.0,100.0,0.0,2023-11-26_2023-12-25
0.0,4,Core CPI m/m|Core PPI m/m|FOMC|CPI y/y,Good|Good|Neutral|Good,1,0,1,0.0,100.0,0.0,2024-05-24_2024-06-22
0.0,4,Core CPI m/m|Core PPI m/m|FOMC|CPI y/y,Neutral|Good|Neutral|Good,1,0,1,0.0,100.0,0.0,2024-07-23_2024-08-21
0.0,4,Core CPI m/m|Core PPI m/m|FOMC|CPI y/y,Bad|Bad|Good|Neutral,1,1,0,100.0,0.0,inf,2024-08-22_2024-09-20
0.0,4,Core CPI m/m|Core PPI m/m|FOMC|CPI y/y,Neutral|Neutral|Neutral|Neutral,2,2,0,100.0,0.0,inf,2024-10-21_2024-11-19|2024-11-20_2024-12-19
0.0,4,Core CPI m/m|Core PPI m/m|FOMC|CPI y/y,Bad|Neutral|Neutral|Bad,1,1,0,100.0,0.0,inf,2025-01-19_2025-02-17
0.1,4,Core CPI m/m|Core PPI m/m|FOMC|CPI y/y,Neutral|Neutral|Neutral|Neutral,3,2,1,66.7,33.3,2.0,2023-05-30_2023-06-28|2024-10-21_2024-11-19|2024-11-20_2024-12-19
0.1,4,Core CPI m/m|Core PPI m/m|FOMC|CPI y/y,Neutral|Good|Neutral|Neutral,1,0,1,0.0,100.0,0.0,2023-11-26_2023-12-25
0.1,4,Core CPI m/m|Core PPI m/m|FOMC|CPI y/y,Neutral|Good|Neutral|Good,2,0,2,0.0,100.0,0.0,2024-05-24_2024-06-22|2024-07-23_2024-08-21
0.1,4,Core CPI m/m|Core PPI m/m|FOMC|CPI y/y,Neutral|Neutral|Good|Neutral,1,1,0,100.0,0.0,inf,2024-08-22_2024-09-20
0.1,4,Core CPI m/m|Core PPI m/m|FOMC|CPI y/y,Bad|Neutral|Neutral|Bad,1,1,0,100.0,0.0,inf,2025-01-19_2025-02-17
0.2,4,Core CPI m/m|Core PPI m/m|FOMC|CPI y/y,Neutral|Neutral|Neutral|Neutral,6,3,3,50.0,50.0,1.0,2023-05-30_2023-06-28|2023-11-26_2023-12-25|2024-07-23_2024-08-21|2024-10-21_2024-11-19|2024-11-20_2024-12-19|2025-01-19_2025-02-17
0.2,4,Core CPI m/m|Core PPI m/m|FOMC|CPI y/y,Neutral|Good|Neutral|Neutral,1,0,1,0.0,100.0,0.0,2024-05-24_2024-06-22
0.2,4,Core CPI m/m|Core PPI m/m|FOMC|CPI y/y,Neutral|Neutral|Good|Neutral,1,1,0,100.0,0.0,inf,2024-08-22_2024-09-20
0.3,4,Core CPI m/m|Core PPI m/m|FOMC|CPI y/y,Neutral|Neutral|Neutral|Neutral,8,4,4,50.0,50.0,1.0,2023-05-30_2023-06-28|2023-11-26_2023-12-25|2024-05-24_2024-06-22|2024-07-23_2024-08-21|2024-08-22_2024-09-20|2024-10-21_2024-11-19|2024-11-20_2024-12-19|2025-01-19_2025-02-17
0.0,4,PPI m/m|Core PPI m/m|FOMC|CPI y/y,Good|Neutral|Neutral|Good,1,0,1,0.0,100.0,0.0,2023-05-30_2023-06-28
0.0,4,PPI m/m|Core PPI m/m|FOMC|CPI y/y,Neutral|Good|Neutral|Neutral,1,0,1,0.0,100.0,0.0,2023-11-26_2023-12-25
0.0,4,PPI m/m|Core PPI m/m|FOMC|CPI y/y,Good|Good|Neutral|Good,2,0,2,0.0,100.0,0.0,2024-05-24_2024-06-22|2024-07-23_2024-08-21
0.0,4,PPI m/m|Core PPI m/m|FOMC|CPI y/y,Bad|Bad|Good|Neutral,1,1,0,100.0,0.0,inf,2024-08-22_2024-09-20
0.0,4,PPI m/m|Core PPI m/m|FOMC|CPI y/y,Neutral|Neutral|Neutral|Neutral,1,1,0,100.0,0.0,inf,2024-10-21_2024-11-19
0.0,4,PPI m/m|Core PPI m/m|FOMC|CPI y/y,Bad|Neutral|Neutral|Neutral,1,1,0,100.0,0.0,inf,2024-11-20_2024-12-19
0.0,4,PPI m/m|Core PPI m/m|FOMC|CPI y/y,Bad|Neutral|Neutral|Bad,1,1,0,100.0,0.0,inf,2025-01-19_2025-02-17
0.1,4,PPI m/m|Core PPI m/m|FOMC|CPI y/y,Good|Neutral|Neutral|Neutral,1,0,1,0.0,100.0,0.0,2023-05-30_2023-06-28
0.1,4,PPI m/m|Core PPI m/m|FOMC|CPI y/y,Neutral|Good|Neutral|Neutral,1,0,1,0.0,100.0,0.0,2023-11-26_2023-12-25
0.1,4,PPI m/m|Core PPI m/m|FOMC|CPI y/y,Good|Good|Neutral|Good,1,0,1,0.0,100.0,0.0,2024-05-24_2024-06-22
0.1,4,PPI m/m|Core PPI m/m|FOMC|CPI y/y,Neutral|Good|Neutral|Good,1,0,1,0.0,100.0,0.0,2024-07-23_2024-08-21
0.1,4,PPI m/m|Core PPI m/m|FOMC|CPI y/y,Neutral|Neutral|Good|Neutral,1,1,0,100.0,0.0,inf,2024-08-22_2024-09-20
0.1,4,PPI m/m|Core PPI m/m|FOMC|CPI y/y,Neutral|Neutral|Neutral|Neutral,1,1,0,100.0,0.0,inf,2024-10-21_2024-11-19
0.1,4,PPI m/m|Core PPI m/m|FOMC|CPI y/y,Bad|Neutral|Neutral|Neutral,1,1,0,100.0,0.0,inf,2024-11-20_2024-12-19
0.1,4,PPI m/m|Core PPI m/m|FOMC|CPI y/y,Bad|Neutral|Neutral|Bad,1,1,0,100.0,0.0,inf,2025-01-19_2025-02-17
0.2,4,PPI m/m|Core PPI m/m|FOMC|CPI y/y,Neutral|Neutral|Neutral|Neutral,6,3,3,50.0,50.0,1.0,2023-05-30_2023-06-28|2023-11-26_2023-12-25|2024-07-23_2024-08-21|2024-10-21_2024-11-19|2024-11-20_2024-12-19|2025-01-19_2025-02-17
0.2,4,PPI m/m|Core PPI m/m|FOMC|CPI y/y,Good|Good|Neutral|Neutral,1,0,1,0.0,100.0,0.0,2024-05-24_2024-06-22
0.2,4,PPI m/m|Core PPI m/m|FOMC|CPI y/y,Neutral|Neutral|Good|Neutral,1,1,0,100.0,0.0,inf,2024-08-22_2024-09-20
0.3,4,PPI m/m|Core PPI m/m|FOMC|CPI y/y,Neutral|Neutral|Neutral|Neutral,7,4,3,57.1,42.9,1.33,2023-05-30_2023-06-28|2023-11-26_2023-12-25|2024-07-23_2024-08-21|2024-08-22_2024-09-20|2024-10-21_2024-11-19|2024-11-20_2024-12-19|2025-01-19_2025-02-17
0.3,4,PPI m/m|Core PPI m/m|FOMC|CPI y/y,Good|Neutral|Neutral|Neutral,1,0,1,0.0,100.0,0.0,2024-05-24_2024-06-22
0.0,5,CPI m/m|Core CPI m/m|PPI m/m|Core PPI m/m|FOMC,Good|Neutral|Good|Neutral|Neutral,1,0,1,0.0,100.0,0.0,2023-05-30_2023-06-28
0.0,5,CPI m/m|Core CPI m/m|PPI m/m|Core PPI m/m|FOMC,Bad|Neutral|Neutral|Good|Neutral,1,0,1,0.0,100.0,0.0,2023-11-26_2023-12-25
0.0,5,CPI m/m|Core CPI m/m|PPI m/m|Core PPI m/m|FOMC,Good|Good|Good|Good|Neutral,1,0,1,0.0,100.0,0.0,2024-05-24_2024-06-22
0.0,5,CPI m/m|Core CPI m/m|PPI m/m|Core PPI m/m|FOMC,Neutral|Neutral|Good|Good|Neutral,1,0,1,0.0,100.0,0.0,2024-07-23_2024-08-21
0.0,5,CPI m/m|Core CPI m/m|PPI m/m|Core PPI m/m|FOMC,Neutral|Bad|Bad|Bad|Good,1,1,0,100.0,0.0,inf,2024-08-22_2024-09-20
0.0,5,CPI m/m|Core CPI m/m|PPI m/m|Core PPI m/m|FOMC,Neutral|Neutral|Neutral|Neutral|Neutral,1,1,0,100.0,0.0,inf,2024-10-21_2024-11-19
0.0,5,CPI m/m|Core CPI m/m|PPI m/m|Core PPI m/m|FOMC,Neutral|Neutral|Bad|Neutral|Neutral,1,1,0,100.0,0.0,inf,2024-11-20_2024-12-19
0.0,5,CPI m/m|Core CPI m/m|PPI m/m|Core PPI m/m|FOMC,Bad|Bad|Bad|Neutral|Neutral,1,1,0,100.0,0.0,inf,2025-01-19_2025-02-17
0.1,5,CPI m/m|Core CPI m/m|PPI m/m|Core PPI m/m|FOMC,Neutral|Neutral|Good|Neutral|Neutral,1,0,1,0.0,100.0,0.0,2023-05-30_2023-06-28
0.1,5,CPI m/m|Core CPI m/m|PPI m/m|Core PPI m/m|FOMC,Neutral|Neutral|Neutral|Good|Neutral,2,0,2,0.0,100.0,0.0,2023-11-26_2023-12-25|2024-07-23_2024-08-21
0.1,5,CPI m/m|Core CPI m/m|PPI m/m|Core PPI m/m|FOMC,Neutral|Neutral|Good|Good|Neutral,1,0,1,0.0,100.0,0.0,2024-05-24_2024-06-22
0.1,5,CPI m/m|Core CPI m/m|PPI m/m|Core PPI m/m|FOMC,Neutral|Neutral|Neutral|Neutral|Good,1,1,0,100.0,0.0,inf,2024-08-22_2024-09-20
0.1,5,CPI m/m|Core CPI m/m|PPI m/m|Core PPI m/m|FOMC,Neutral|Neutral|Neutral|Neutral|Neutral,1,1,0,100.0,0.0,inf,2024-10-21_2024-11-19
0.1,5,CPI m/m|Core CPI m/m|PPI m/m|Core PPI m/m|FOMC,Neutral|Neutral|Bad|Neutral|Neutral,1,1,0,100.0,0.0,inf,2024-11-20_2024-12-19
0.1,5,CPI m/m|Core CPI m/m|PPI m/m|Core PPI m/m|FOMC,Bad|Bad|Bad|Neutral|Neutral,1,1,0,100.0,0.0,inf,2025-01-19_2025-02-17
0.2,5,CPI m/m|Core CPI m/m|PPI m/m|Core PPI m/m|FOMC,Neutral|Neutral|Neutral|Neutral|Neutral,6,3,3,50.0,50.0,1.0,2023-05-30_2023-06-28|2023-11-26_2023-12-25|2024-07-23_2024-08-21|2024-10-21_2024-11-19|2024-11-20_2024-12-19|2025-01-19_2025-02-17
0.2,5,CPI m/m|Core CPI m/m|PPI m/m|Core PPI m/m|FOMC,Neutral|Neutral|Good|Good|Neutral,1,0,1,0.0,100.0,0.0,2024-05-24_2024-06-22
0.2,5,CPI m/m|Core CPI m/m|PPI m/m|Core PPI m/m|FOMC,Neutral|Neutral|Neutral|Neutral|Good,1,1,0,100.0,0.0,inf,2024-08-22_2024-09-20
0.3,5,CPI m/m|Core CPI m/m|PPI m/m|Core PPI m/m|FOMC,Neutral|Neutral|Neutral|Neutral|Neutral,7,4,3,57.1,42.9,1.33,2023-05-30_2023-06-28|2023-11-26_2023-12-25|2024-07-23_2024-08-21|2024-08-22_2024-09-20|2024-10-21_2024-11-19|2024-11-20_2024-12-19|2025-01-19_2025-02-17
0.3,5,CPI m/m|Core CPI m/m|PPI m/m|Core PPI m/m|FOMC,Neutral|Neutral|Good|Neutral|Neutral,1,0,1,0.0,100.0,0.0,2024-05-24_2024-06-22
0.0,5,CPI m/m|Core CPI m/m|PPI m/m|Core PPI m/m|CPI y/y,Neutral|Good|Bad|Good|Good,1,1,0,100.0,0.0,inf,2020-11-11_2020-12-10
0.0,5,CPI m/m|Core CPI m/m|PPI m/m|Core PPI m/m|CPI y/y,Neutral|Good|Bad|Bad|Neutral,1,0,1,0.0,100.0,0.0,2021-02-09_2021-03-10
0.0,5,CPI m/m|Core CPI m/m|PPI m/m|Core PPI m/m|CPI y/y,Bad|Bad|Bad|Bad|Bad,4,3,1,75.0,25.0,3.0,2021-05-10_2021-06-08|2021-06-09_2021-07-08|2021-07-09_2021-08-07|2024-01-25_2024-02-23
0.0,5,CPI m/m|Core CPI m/m|PPI m/m|Core PPI m/m|CPI y/y,Good|Good|Bad|Bad|Neutral,1,1,0,100.0,0.0,inf,2021-09-07_2021-10-06
0.0,5,CPI m/m|Core CPI m/m|PPI m/m|Core PPI m/m|CPI y/y,Bad|Neutral|Good|Good|Bad,2,2,0,100.0,0.0,inf,2021-10-07_2021-11-05|2023-12-26_2024-01-24
0.0,5,CPI m/m|Core CPI m/m|PPI m/m|Core PPI m/m|CPI y/y,Bad|Neutral|Bad|Bad|Neutral,1,1,0,100.0,0.0,inf,2021-12-06_2022-01-04
0.0,5,CPI m/m|Core CPI m/m|PPI m/m|Core PPI m/m|CPI y/y,Bad|Bad|Good|Neutral|Neutral,1,1,0,100.0,0.0,inf,2022-01-05_2022-02-03
0.0,5,CPI m/m|Core CPI m/m|PPI m/m|Core PPI m/m|CPI y/y,Neutral|Neutral|Good|Good|Neutral,1,1,0,100.0,0.0,inf,2022-03-06_2022-04-04
0.0,5,CPI m/m|Core CPI m/m|PPI m/m|Core PPI m/m|CPI y/y,Bad|Bad|Neutral|Good|Bad,2,1,1,50.0,50.0,1.0,2022-05-05_2022-06-03|2022-06-04_2022-07-03
0.0,5,CPI m/m|Core CPI m/m|PPI m/m|Core PPI m/m|CPI y/y,Bad|Bad|Bad|Good|Bad,1,0,1,0.0,100.0,0.0,2022-07-04_2022-08-02
0.0,5,CPI m/m|Core CPI m/m|PPI m/m|Core PPI m/m|CPI y/y,Good|Good|Good|Good|Good,3,2,1,66.7,33.3,2.0,2022-08-03_2022-09-01|2024-05-24_2024-06-22|2025-03-20_2025-04-18
0.0,5,CPI m/m|Core CPI m/m|PPI m/m|Core PPI m/m|CPI y/y,Bad|Bad|Neutral|Bad|Bad,1,1,0,100.0,0.0,inf,2022-09-02_2022-10-01
0.0,5,CPI m/m|Core CPI m/m|PPI m/m|Core PPI m/m|CPI y/y,Bad|Bad|Bad|Neutral|Bad,2,2,0,100.0,0.0,inf,2022-10-02_2022-10-31|2025-01-19_2025-02-17
0.0,5,CPI m/m|Core CPI m/m|PPI m/m|Core PPI m/m|CPI y/y,Good|Good|Bad|Bad|Good,1,1,0,100.0,0.0,inf,2022-12-01_2022-12-30
0.0,5,CPI m/m|Core CPI m/m|PPI m/m|Core PPI m/m|CPI y/y,Neutral|Neutral|Good|Neutral|Neutral,1,1,0,100.0,0.0,inf,2022-12-31_2023-01-29
0.0,5,CPI m/m|Core CPI m/m|PPI m/m|Core PPI m/m|CPI y/y,Neutral|Neutral|Bad|Bad|Bad,1,0,1,0.0,100.0,0.0,2023-01-30_2023-02-28
0.0,5,CPI m/m|Core CPI m/m|PPI m/m|Core PPI m/m|CPI y/y,Good|Neutral|Good|Good|Good,1,0,1,0.0,100.0,0.0,2023-03-31_2023-04-29
0.0,5,CPI m/m|Core CPI m/m|PPI m/m|Core PPI m/m|CPI y/y,Good|Neutral|Good|Neutral|Good,1,0,1,0.0,100.0,0.0,2023-05-30_2023-06-28
0.0,5,CPI m/m|Core CPI m/m|PPI m/m|Core PPI m/m|CPI y/y,Neutral|Neutral|Bad|Bad|Good,2,1,1,50.0,50.0,1.0,2023-07-29_2023-08-27|2025-07-18_2025-08-16
0.0,5,CPI m/m|Core CPI m/m|PPI m/m|Core PPI m/m|CPI y/y,Bad|Neutral|Bad|Bad|Bad,1,0,1,0.0,100.0,0.0,2023-09-27_2023-10-26
0.0,5,CPI m/m|Core CPI m/m|PPI m/m|Core PPI m/m|CPI y/y,Bad|Neutral|Neutral|Good|Neutral,1,0,1,0.0,100.0,0.0,2023-11-26_2023-12-25
0.0,5,CPI m/m|Core CPI m/m|PPI m/m|Core PPI m/m|CPI y/y,Neutral|Bad|Bad|Bad|Bad,1,0,1,0.0,100.0,0.0,2024-02-24_2024-03-24
0.0,5,CPI m/m|Core CPI m/m|PPI m/m|Core PPI m/m|CPI y/y,Bad|Bad|Good|Neutral|Bad,2,1,1,50.0,50.0,1.0,2024-03-25_2024-04-23|2024-09-21_2024-10-20
0.0,5,CPI m/m|Core CPI m/m|PPI m/m|Core PPI m/m|CPI y/y,Good|Neutral|Bad|Bad|Neutral,1,1,0,100.0,0.0,inf,2024-04-24_2024-05-23
0.0,5,CPI m/m|Core CPI m/m|PPI m/m|Core PPI m/m|CPI y/y,Neutral|Neutral|Good|Good|Good,1,0,1,0.0,100.0,0.0,2024-07-23_2024-08-21
0.0,5,CPI m/m|Core CPI m/m|PPI m/m|Core PPI m/m|CPI y/y,Neutral|Bad|Bad|Bad|Neutral,1,1,0,100.0,0.0,inf,2024-08-22_2024-09-20
0.0,5,CPI m/m|Core CPI m/m|PPI m/m|Core PPI m/m|CPI y/y,Neutral|Neutral|Neutral|Neutral|Neutral,1,1,0,100.0,0.0,inf,2024-10-21_2024-11-19
0.0,5,CPI m/m|Core CPI m/m|PPI m/m|Core PPI m/m|CPI y/y,Neutral|Neutral|Bad|Neutral|Neutral,1,1,0,100.0,0.0,inf,2024-11-20_2024-12-19
0.0,5,CPI m/m|Core CPI m/m|PPI m/m|Core PPI m/m|CPI y/y,Neutral|Good|Good|Good|Neutral,1,1,0,100.0,0.0,inf,2024-12-20_2025-01-18
0.0,5,CPI m/m|Core CPI m/m|PPI m/m|Core PPI m/m|CPI y/y,Neutral|Good|Good|Good|Bad,1,0,1,0.0,100.0,0.0,2025-06-18_2025-07-17
0.0,5,CPI m/m|Core CPI m/m|PPI m/m|Core PPI m/m|CPI y/y,Bad|Neutral|Good|Good|Neutral,1,1,0,100.0,0.0,inf,2025-08-17_2025-09-15
0.0,5,CPI m/m|Core CPI m/m|PPI m/m|Core PPI m/m|CPI y/y,Good|Neutral|Bad|Bad|Good,1,1,0,100.0,0.0,inf,2026-02-13_2026-03-14
0.1,5,CPI m/m|Core CPI m/m|PPI m/m|Core PPI m/m|CPI y/y,Neutral|Neutral|Neutral|Neutral|Neutral,4,4,0,100.0,0.0,inf,2020-11-11_2020-12-10|2023-07-29_2023-08-27|2024-08-22_2024-09-20|2024-10-21_2024-11-19
0.1,5,CPI m/m|Core CPI m/m|PPI m/m|Core PPI m/m|CPI y/y,Neutral|Good|Bad|Bad|Neutral,1,0,1,0.0,100.0,0.0,2021-02-09_2021-03-10
0.1,5,CPI m/m|Core CPI m/m|PPI m/m|Core PPI m/m|CPI y/y,Bad|Bad|Bad|Bad|Bad,3,2,1,66.7,33.3,2.0,2021-05-10_2021-06-08|2021-06-09_2021-07-08|2021-07-09_2021-08-07
0.1,5,CPI m/m|Core CPI m/m|PPI m/m|Core PPI m/m|CPI y/y,Good|Good|Neutral|Neutral|Neutral,1,1,0,100.0,0.0,inf,2021-09-07_2021-10-06
0.1,5,CPI m/m|Core CPI m/m|PPI m/m|Core PPI m/m|CPI y/y,Bad|Neutral|Neutral|Good|Bad,1,1,0,100.0,0.0,inf,2021-10-07_2021-11-05
0.1,5,CPI m/m|Core CPI m/m|PPI m/m|Core PPI m/m|CPI y/y,Bad|Neutral|Bad|Bad|Neutral,1,1,0,100.0,0.0,inf,2021-12-06_2022-01-04
0.1,5,CPI m/m|Core CPI m/m|PPI m/m|Core PPI m/m|CPI y/y,Neutral|Neutral|Good|Neutral|Neutral,3,2,1,66.7,33.3,2.0,2022-01-05_2022-02-03|2022-12-31_2023-01-29|2023-05-30_2023-06-28
0.1,5,CPI m/m|Core CPI m/m|PPI m/m|Core PPI m/m|CPI y/y,Neutral|Neutral|Good|Good|Neutral,3,2,1,66.7,33.3,2.0,2022-03-06_2022-04-04|2023-03-31_2023-04-29|2024-12-20_2025-01-18
0.1,5,CPI m/m|Core CPI m/m|PPI m/m|Core PPI m/m|CPI y/y,Neutral|Bad|Neutral|Good|Bad,1,0,1,0.0,100.0,0.0,2022-05-05_2022-06-03
0.1,5,CPI m/m|Core CPI m/m|PPI m/m|Core PPI m/m|CPI y/y,Bad|Neutral|Neutral|Neutral|Bad,1,1,0,100.0,0.0,inf,2022-06-04_2022-07-03
0.1,5,CPI m/m|Core CPI m/m|PPI m/m|Core PPI m/m|CPI y/y,Bad|Bad|Bad|Neutral|Bad,2,1,1,50.0,50.0,1.0,2022-07-04_2022-08-02|2025-01-19_2025-02-17
0.1,5,CPI m/m|Core CPI m/m|PPI m/m|Core PPI m/m|CPI y/y,Good|Good|Good|Good|Good,2,2,0,100.0,0.0,inf,2022-08-03_2022-09-01|2025-03-20_2025-04-18
0.1,5,CPI m/m|Core CPI m/m|PPI m/m|Core PPI m/m|CPI y/y,Bad|Bad|Neutral|Bad|Bad,1,1,0,100.0,0.0,inf,2022-09-02_2022-10-01
0.1,5,CPI m/m|Core CPI m/m|PPI m/m|Core PPI m/m|CPI y/y,Bad|Bad|Bad|Neutral|Neutral,1,1,0,100.0,0.0,inf,2022-10-02_2022-10-31
0.1,5,CPI m/m|Core CPI m/m|PPI m/m|Core PPI m/m|CPI y/y,Good|Neutral|Neutral|Bad|Good,1,1,0,100.0,0.0,inf,2022-12-01_2022-12-30
0.1,5,CPI m/m|Core CPI m/m|PPI m/m|Core PPI m/m|CPI y/y,Neutral|Neutral|Bad|Bad|Bad,1,0,1,0.0,100.0,0.0,2023-01-30_2023-02-28
0.1,5,CPI m/m|Core CPI m/m|PPI m/m|Core PPI m/m|CPI y/y,Bad|Neutral|Bad|Neutral|Bad,1,0,1,0.0,100.0,0.0,2023-09-27_2023-10-26
0.1,5,CPI m/m|Core CPI m/m|PPI m/m|Core PPI m/m|CPI y/y,Neutral|Neutral|Neutral|Good|Neutral,1,0,1,0.0,100.0,0.0,2023-11-26_2023-12-25
0.1,5,CPI m/m|Core CPI m/m|PPI m/m|Core PPI m/m|CPI y/y,Neutral|Neutral|Good|Good|Bad,2,1,1,50.0,50.0,1.0,2023-12-26_2024-01-24|2025-06-18_2025-07-17
0.1,5,CPI m/m|Core CPI m/m|PPI m/m|Core PPI m/m|CPI y/y,Neutral|Bad|Bad|Bad|Bad,1,1,0,100.0,0.0,inf,2024-01-25_2024-02-23
0.1,5,CPI m/m|Core CPI m/m|PPI m/m|Core PPI m/m|CPI y/y,Neutral|Bad|Bad|Neutral|Bad,1,0,1,0.0,100.0,0.0,2024-02-24_2024-03-24
0.1,5,CPI m/m|Core CPI m/m|PPI m/m|Core PPI m/m|CPI y/y,Bad|Bad|Neutral|Neutral|Bad,1,1,0,100.0,0.0,inf,2024-03-25_2024-04-23
0.1,5,CPI m/m|Core CPI m/m|PPI m/m|Core PPI m/m|CPI y/y,Good|Neutral|Bad|Bad|Neutral,1,1,0,100.0,0.0,inf,2024-04-24_2024-05-23
0.1,5,CPI m/m|Core CPI m/m|PPI m/m|Core PPI m/m|CPI y/y,Neutral|Neutral|Good|Good|Good,1,0,1,0.0,100.0,0.0,2024-05-24_2024-06-22
0.1,5,CPI m/m|Core CPI m/m|PPI m/m|Core PPI m/m|CPI y/y,Neutral|Neutral|Neutral|Good|Good,1,0,1,0.0,100.0,0.0,2024-07-23_2024-08-21
0.1,5,CPI m/m|Core CPI m/m|PPI m/m|Core PPI m/m|CPI y/y,Neutral|Neutral|Neutral|Neutral|Bad,1,0,1,0.0,100.0,0.0,2024-09-21_2024-10-20
0.1,5,CPI m/m|Core CPI m/m|PPI m/m|Core PPI m/m|CPI y/y,Neutral|Neutral|Bad|Neutral|Neutral,1,1,0,100.0,0.0,inf,2024-11-20_2024-12-19
0.1,5,CPI m/m|Core CPI m/m|PPI m/m|Core PPI m/m|CPI y/y,Neutral|Neutral|Bad|Bad|Neutral,1,0,1,0.0,100.0,0.0,2025-07-18_2025-08-16
0.1,5,CPI m/m|Core CPI m/m|PPI m/m|Core PPI m/m|CPI y/y,Bad|Neutral|Good|Good|Neutral,1,1,0,100.0,0.0,inf,2025-08-17_2025-09-15
0.1,5,CPI m/m|Core CPI m/m|PPI m/m|Core PPI m/m|CPI y/y,Neutral|Neutral|Bad|Bad|Good,1,1,0,100.0,0.0,inf,2026-02-13_2026-03-14
0.2,5,CPI m/m|Core CPI m/m|PPI m/m|Core PPI m/m|CPI y/y,Neutral|Neutral|Neutral|Neutral|Neutral,18,12,6,66.7,33.3,2.0,2020-11-11_2020-12-10|2021-09-07_2021-10-06|2022-01-05_2022-02-03|2022-10-02_2022-10-31|2023-05-30_2023-06-28|2023-07-29_2023-08-27|2023-09-27_2023-10-26|2023-11-26_2023-12-25|2023-12-26_2024-01-24|2024-03-25_2024-04-23|2024-07-23_2024-08-21|2024-08-22_2024-09-20|2024-09-21_2024-10-20|2024-10-21_2024-11-19|2024-11-20_2024-12-19|2024-12-20_2025-01-18|2025-01-19_2025-02-17|2025-06-18_2025-07-17
0.2,5,CPI m/m|Core CPI m/m|PPI m/m|Core PPI m/m|CPI y/y,Neutral|Neutral|Bad|Bad|Neutral,3,1,2,33.3,66.7,0.5,2021-02-09_2021-03-10|2021-12-06_2022-01-04|2025-07-18_2025-08-16
0.2,5,CPI m/m|Core CPI m/m|PPI m/m|Core PPI m/m|CPI y/y,Bad|Bad|Bad|Bad|Bad,2,2,0,100.0,0.0,inf,2021-05-10_2021-06-08|2021-07-09_2021-08-07
0.2,5,CPI m/m|Core CPI m/m|PPI m/m|Core PPI m/m|CPI y/y,Neutral|Neutral|Bad|Neutral|Bad,3,0,3,0.0,100.0,0.0,2021-06-09_2021-07-08|2022-07-04_2022-08-02|2023-01-30_2023-02-28
0.2,5,CPI m/m|Core CPI m/m|PPI m/m|Core PPI m/m|CPI y/y,Neutral|Neutral|Neutral|Good|Neutral,2,2,0,100.0,0.0,inf,2021-10-07_2021-11-05|2022-03-06_2022-04-04
0.2,5,CPI m/m|Core CPI m/m|PPI m/m|Core PPI m/m|CPI y/y,Neutral|Neutral|Neutral|Neutral|Bad,1,0,1,0.0,100.0,0.0,2022-05-05_2022-06-03
0.2,5,CPI m/m|Core CPI m/m|PPI m/m|Core PPI m/m|CPI y/y,Bad|Neutral|Neutral|Neutral|Bad,1,1,0,100.0,0.0,inf,2022-06-04_2022-07-03
0.2,5,CPI m/m|Core CPI m/m|PPI m/m|Core PPI m/m|CPI y/y,Neutral|Neutral|Good|Neutral|Neutral,2,2,0,100.0,0.0,inf,2022-08-03_2022-09-01|2022-12-31_2023-01-29
0.2,5,CPI m/m|Core CPI m/m|PPI m/m|Core PPI m/m|CPI y/y,Neutral|Bad|Neutral|Neutral|Bad,1,1,0,100.0,0.0,inf,2022-09-02_2022-10-01
0.2,5,CPI m/m|Core CPI m/m|PPI m/m|Core PPI m/m|CPI y/y,Neutral|Neutral|Neutral|Neutral|Good,1,1,0,100.0,0.0,inf,2022-12-01_2022-12-30
0.2,5,CPI m/m|Core CPI m/m|PPI m/m|Core PPI m/m|CPI y/y,Neutral|Neutral|Good|Good|Neutral,4,2,2,50.0,50.0,1.0,2023-03-31_2023-04-29|2024-05-24_2024-06-22|2025-03-20_2025-04-18|2025-08-17_2025-09-15
0.2,5,CPI m/m|Core CPI m/m|PPI m/m|Core PPI m/m|CPI y/y,Neutral|Neutral|Neutral|Bad|Bad,1,1,0,100.0,0.0,inf,2024-01-25_2024-02-23
0.2,5,CPI m/m|Core CPI m/m|PPI m/m|Core PPI m/m|CPI y/y,Neutral|Neutral|Bad|Neutral|Neutral,1,0,1,0.0,100.0,0.0,2024-02-24_2024-03-24
0.2,5,CPI m/m|Core CPI m/m|PPI m/m|Core PPI m/m|CPI y/y,Neutral|Neutral|Neutral|Bad|Neutral,2,2,0,100.0,0.0,inf,2024-04-24_2024-05-23|2026-02-13_2026-03-14
0.3,5,CPI m/m|Core CPI m/m|PPI m/m|Core PPI m/m|CPI y/y,Neutral|Neutral|Neutral|Neutral|Neutral,25,16,9,64.0,36.0,1.78,2020-11-11_2020-12-10|2021-09-07_2021-10-06|2021-10-07_2021-11-05|2022-01-05_2022-02-03|2022-05-05_2022-06-03|2022-09-02_2022-10-01|2022-10-02_2022-10-31|2022-12-01_2022-12-30|2023-01-30_2023-02-28|2023-05-30_2023-06-28|2023-07-29_2023-08-27|2023-09-27_2023-10-26|2023-11-26_2023-12-25|2023-12-26_2024-01-24|2024-02-24_2024-03-24|2024-03-25_2024-04-23|2024-04-24_2024-05-23|2024-07-23_2024-08-21|2024-08-22_2024-09-20|2024-09-21_2024-10-20|2024-10-21_2024-11-19|2024-11-20_2024-12-19|2024-12-20_2025-01-18|2025-01-19_2025-02-17|2025-06-18_2025-07-17
0.3,5,CPI m/m|Core CPI m/m|PPI m/m|Core PPI m/m|CPI y/y,Neutral|Neutral|Bad|Bad|Neutral,2,0,2,0.0,100.0,0.0,2021-02-09_2021-03-10|2025-07-18_2025-08-16
0.3,5,CPI m/m|Core CPI m/m|PPI m/m|Core PPI m/m|CPI y/y,Bad|Bad|Neutral|Neutral|Bad,1,1,0,100.0,0.0,inf,2021-05-10_2021-06-08
0.3,5,CPI m/m|Core CPI m/m|PPI m/m|Core PPI m/m|CPI y/y,Neutral|Neutral|Bad|Neutral|Neutral,2,1,1,50.0,50.0,1.0,2021-06-09_2021-07-08|2021-12-06_2022-01-04
0.3,5,CPI m/m|Core CPI m/m|PPI m/m|Core PPI m/m|CPI y/y,Bad|Bad|Bad|Bad|Bad,1,1,0,100.0,0.0,inf,2021-07-09_2021-08-07
0.3,5,CPI m/m|Core CPI m/m|PPI m/m|Core PPI m/m|CPI y/y,Neutral|Neutral|Neutral|Good|Neutral,1,1,0,100.0,0.0,inf,2022-03-06_2022-04-04
0.3,5,CPI m/m|Core CPI m/m|PPI m/m|Core PPI m/m|CPI y/y,Bad|Neutral|Neutral|Neutral|Neutral,1,1,0,100.0,0.0,inf,2022-06-04_2022-07-03
0.3,5,CPI m/m|Core CPI m/m|PPI m/m|Core PPI m/m|CPI y/y,Neutral|Neutral|Bad|Neutral|Bad,1,0,1,0.0,100.0,0.0,2022-07-04_2022-08-02
0.3,5,CPI m/m|Core CPI m/m|PPI m/m|Core PPI m/m|CPI y/y,Neutral|Neutral|Good|Neutral|Neutral,3,2,1,66.7,33.3,2.0,2022-08-03_2022-09-01|2022-12-31_2023-01-29|2024-05-24_2024-06-22
0.3,5,CPI m/m|Core CPI m/m|PPI m/m|Core PPI m/m|CPI y/y,Neutral|Neutral|Good|Good|Neutral,3,2,1,66.7,33.3,2.0,2023-03-31_2023-04-29|2025-03-20_2025-04-18|2025-08-17_2025-09-15
0.3,5,CPI m/m|Core CPI m/m|PPI m/m|Core PPI m/m|CPI y/y,Neutral|Neutral|Neutral|Bad|Neutral,2,2,0,100.0,0.0,inf,2024-01-25_2024-02-23|2026-02-13_2026-03-14
0.0,5,CPI m/m|Core CPI m/m|PPI m/m|FOMC|CPI y/y,Good|Neutral|Good|Neutral|Good,1,0,1,0.0,100.0,0.0,2023-05-30_2023-06-28
0.0,5,CPI m/m|Core CPI m/m|PPI m/m|FOMC|CPI y/y,Bad|Neutral|Neutral|Neutral|Neutral,1,0,1,0.0,100.0,0.0,2023-11-26_2023-12-25
0.0,5,CPI m/m|Core CPI m/m|PPI m/m|FOMC|CPI y/y,Good|Good|Good|Neutral|Good,1,0,1,0.0,100.0,0.0,2024-05-24_2024-06-22
0.0,5,CPI m/m|Core CPI m/m|PPI m/m|FOMC|CPI y/y,Neutral|Neutral|Good|Neutral|Good,1,0,1,0.0,100.0,0.0,2024-07-23_2024-08-21
0.0,5,CPI m/m|Core CPI m/m|PPI m/m|FOMC|CPI y/y,Neutral|Bad|Bad|Good|Neutral,1,1,0,100.0,0.0,inf,2024-08-22_2024-09-20
0.0,5,CPI m/m|Core CPI m/m|PPI m/m|FOMC|CPI y/y,Neutral|Neutral|Neutral|Neutral|Neutral,1,1,0,100.0,0.0,inf,2024-10-21_2024-11-19
0.0,5,CPI m/m|Core CPI m/m|PPI m/m|FOMC|CPI y/y,Neutral|Neutral|Bad|Neutral|Neutral,1,1,0,100.0,0.0,inf,2024-11-20_2024-12-19
0.0,5,CPI m/m|Core CPI m/m|PPI m/m|FOMC|CPI y/y,Bad|Bad|Bad|Neutral|Bad,1,1,0,100.0,0.0,inf,2025-01-19_2025-02-17
0.1,5,CPI m/m|Core CPI m/m|PPI m/m|FOMC|CPI y/y,Neutral|Neutral|Good|Neutral|Neutral,1,0,1,0.0,100.0,0.0,2023-05-30_2023-06-28
0.1,5,CPI m/m|Core CPI m/m|PPI m/m|FOMC|CPI y/y,Neutral|Neutral|Neutral|Neutral|Neutral,2,1,1,50.0,50.0,1.0,2023-11-26_2023-12-25|2024-10-21_2024-11-19
0.1,5,CPI m/m|Core CPI m/m|PPI m/m|FOMC|CPI y/y,Neutral|Neutral|Good|Neutral|Good,1,0,1,0.0,100.0,0.0,2024-05-24_2024-06-22
0.1,5,CPI m/m|Core CPI m/m|PPI m/m|FOMC|CPI y/y,Neutral|Neutral|Neutral|Neutral|Good,1,0,1,0.0,100.0,0.0,2024-07-23_2024-08-21
0.1,5,CPI m/m|Core CPI m/m|PPI m/m|FOMC|CPI y/y,Neutral|Neutral|Neutral|Good|Neutral,1,1,0,100.0,0.0,inf,2024-08-22_2024-09-20
0.1,5,CPI m/m|Core CPI m/m|PPI m/m|FOMC|CPI y/y,Neutral|Neutral|Bad|Neutral|Neutral,1,1,0,100.0,0.0,inf,2024-11-20_2024-12-19
0.1,5,CPI m/m|Core CPI m/m|PPI m/m|FOMC|CPI y/y,Bad|Bad|Bad|Neutral|Bad,1,1,0,100.0,0.0,inf,2025-01-19_2025-02-17
0.2,5,CPI m/m|Core CPI m/m|PPI m/m|FOMC|CPI y/y,Neutral|Neutral|Neutral|Neutral|Neutral,6,3,3,50.0,50.0,1.0,2023-05-30_2023-06-28|2023-11-26_2023-12-25|2024-07-23_2024-08-21|2024-10-21_2024-11-19|2024-11-20_2024-12-19|2025-01-19_2025-02-17
0.2,5,CPI m/m|Core CPI m/m|PPI m/m|FOMC|CPI y/y,Neutral|Neutral|Good|Neutral|Neutral,1,0,1,0.0,100.0,0.0,2024-05-24_2024-06-22
0.2,5,CPI m/m|Core CPI m/m|PPI m/m|FOMC|CPI y/y,Neutral|Neutral|Neutral|Good|Neutral,1,1,0,100.0,0.0,inf,2024-08-22_2024-09-20
0.3,5,CPI m/m|Core CPI m/m|PPI m/m|FOMC|CPI y/y,Neutral|Neutral|Neutral|Neutral|Neutral,7,4,3,57.1,42.9,1.33,2023-05-30_2023-06-28|2023-11-26_2023-12-25|2024-07-23_2024-08-21|2024-08-22_2024-09-20|2024-10-21_2024-11-19|2024-11-20_2024-12-19|2025-01-19_2025-02-17
0.3,5,CPI m/m|Core CPI m/m|PPI m/m|FOMC|CPI y/y,Neutral|Neutral|Good|Neutral|Neutral,1,0,1,0.0,100.0,0.0,2024-05-24_2024-06-22
0.0,5,CPI m/m|Core CPI m/m|Core PPI m/m|FOMC|CPI y/y,Good|Neutral|Neutral|Neutral|Good,1,0,1,0.0,100.0,0.0,2023-05-30_2023-06-28
0.0,5,CPI m/m|Core CPI m/m|Core PPI m/m|FOMC|CPI y/y,Bad|Neutral|Good|Neutral|Neutral,1,0,1,0.0,100.0,0.0,2023-11-26_2023-12-25
0.0,5,CPI m/m|Core CPI m/m|Core PPI m/m|FOMC|CPI y/y,Good|Good|Good|Neutral|Good,1,0,1,0.0,100.0,0.0,2024-05-24_2024-06-22
0.0,5,CPI m/m|Core CPI m/m|Core PPI m/m|FOMC|CPI y/y,Neutral|Neutral|Good|Neutral|Good,1,0,1,0.0,100.0,0.0,2024-07-23_2024-08-21
0.0,5,CPI m/m|Core CPI m/m|Core PPI m/m|FOMC|CPI y/y,Neutral|Bad|Bad|Good|Neutral,1,1,0,100.0,0.0,inf,2024-08-22_2024-09-20
0.0,5,CPI m/m|Core CPI m/m|Core PPI m/m|FOMC|CPI y/y,Neutral|Neutral|Neutral|Neutral|Neutral,2,2,0,100.0,0.0,inf,2024-10-21_2024-11-19|2024-11-20_2024-12-19
0.0,5,CPI m/m|Core CPI m/m|Core PPI m/m|FOMC|CPI y/y,Bad|Bad|Neutral|Neutral|Bad,1,1,0,100.0,0.0,inf,2025-01-19_2025-02-17
0.1,5,CPI m/m|Core CPI m/m|Core PPI m/m|FOMC|CPI y/y,Neutral|Neutral|Neutral|Neutral|Neutral,3,2,1,66.7,33.3,2.0,2023-05-30_2023-06-28|2024-10-21_2024-11-19|2024-11-20_2024-12-19
0.1,5,CPI m/m|Core CPI m/m|Core PPI m/m|FOMC|CPI y/y,Neutral|Neutral|Good|Neutral|Neutral,1,0,1,0.0,100.0,0.0,2023-11-26_2023-12-25
0.1,5,CPI m/m|Core CPI m/m|Core PPI m/m|FOMC|CPI y/y,Neutral|Neutral|Good|Neutral|Good,2,0,2,0.0,100.0,0.0,2024-05-24_2024-06-22|2024-07-23_2024-08-21
0.1,5,CPI m/m|Core CPI m/m|Core PPI m/m|FOMC|CPI y/y,Neutral|Neutral|Neutral|Good|Neutral,1,1,0,100.0,0.0,inf,2024-08-22_2024-09-20
0.1,5,CPI m/m|Core CPI m/m|Core PPI m/m|FOMC|CPI y/y,Bad|Bad|Neutral|Neutral|Bad,1,1,0,100.0,0.0,inf,2025-01-19_2025-02-17
0.2,5,CPI m/m|Core CPI m/m|Core PPI m/m|FOMC|CPI y/y,Neutral|Neutral|Neutral|Neutral|Neutral,6,3,3,50.0,50.0,1.0,2023-05-30_2023-06-28|2023-11-26_2023-12-25|2024-07-23_2024-08-21|2024-10-21_2024-11-19|2024-11-20_2024-12-19|2025-01-19_2025-02-17
0.2,5,CPI m/m|Core CPI m/m|Core PPI m/m|FOMC|CPI y/y,Neutral|Neutral|Good|Neutral|Neutral,1,0,1,0.0,100.0,0.0,2024-05-24_2024-06-22
0.2,5,CPI m/m|Core CPI m/m|Core PPI m/m|FOMC|CPI y/y,Neutral|Neutral|Neutral|Good|Neutral,1,1,0,100.0,0.0,inf,2024-08-22_2024-09-20
0.3,5,CPI m/m|Core CPI m/m|Core PPI m/m|FOMC|CPI y/y,Neutral|Neutral|Neutral|Neutral|Neutral,8,4,4,50.0,50.0,1.0,2023-05-30_2023-06-28|2023-11-26_2023-12-25|2024-05-24_2024-06-22|2024-07-23_2024-08-21|2024-08-22_2024-09-20|2024-10-21_2024-11-19|2024-11-20_2024-12-19|2025-01-19_2025-02-17
0.0,5,CPI m/m|PPI m/m|Core PPI m/m|FOMC|CPI y/y,Good|Good|Neutral|Neutral|Good,1,0,1,0.0,100.0,0.0,2023-05-30_2023-06-28
0.0,5,CPI m/m|PPI m/m|Core PPI m/m|FOMC|CPI y/y,Bad|Neutral|Good|Neutral|Neutral,1,0,1,0.0,100.0,0.0,2023-11-26_2023-12-25
0.0,5,CPI m/m|PPI m/m|Core PPI m/m|FOMC|CPI y/y,Good|Good|Good|Neutral|Good,1,0,1,0.0,100.0,0.0,2024-05-24_2024-06-22
0.0,5,CPI m/m|PPI m/m|Core PPI m/m|FOMC|CPI y/y,Neutral|Good|Good|Neutral|Good,1,0,1,0.0,100.0,0.0,2024-07-23_2024-08-21
0.0,5,CPI m/m|PPI m/m|Core PPI m/m|FOMC|CPI y/y,Neutral|Bad|Bad|Good|Neutral,1,1,0,100.0,0.0,inf,2024-08-22_2024-09-20
0.0,5,CPI m/m|PPI m/m|Core PPI m/m|FOMC|CPI y/y,Neutral|Neutral|Neutral|Neutral|Neutral,1,1,0,100.0,0.0,inf,2024-10-21_2024-11-19
0.0,5,CPI m/m|PPI m/m|Core PPI m/m|FOMC|CPI y/y,Neutral|Bad|Neutral|Neutral|Neutral,1,1,0,100.0,0.0,inf,2024-11-20_2024-12-19
0.0,5,CPI m/m|PPI m/m|Core PPI m/m|FOMC|CPI y/y,Bad|Bad|Neutral|Neutral|Bad,1,1,0,100.0,0.0,inf,2025-01-19_2025-02-17
0.1,5,CPI m/m|PPI m/m|Core PPI m/m|FOMC|CPI y/y,Neutral|Good|Neutral|Neutral|Neutral,1,0,1,0.0,100.0,0.0,2023-05-30_2023-06-28
0.1,5,CPI m/m|PPI m/m|Core PPI m/m|FOMC|CPI y/y,Neutral|Neutral|Good|Neutral|Neutral,1,0,1,0.0,100.0,0.0,2023-11-26_2023-12-25
0.1,5,CPI m/m|PPI m/m|Core PPI m/m|FOMC|CPI y/y,Neutral|Good|Good|Neutral|Good,1,0,1,0.0,100.0,0.0,2024-05-24_2024-06-22
0.1,5,CPI m/m|PPI m/m|Core PPI m/m|FOMC|CPI y/y,Neutral|Neutral|Good|Neutral|Good,1,0,1,0.0,100.0,0.0,2024-07-23_2024-08-21
0.1,5,CPI m/m|PPI m/m|Core PPI m/m|FOMC|CPI y/y,Neutral|Neutral|Neutral|Good|Neutral,1,1,0,100.0,0.0,inf,2024-08-22_2024-09-20
0.1,5,CPI m/m|PPI m/m|Core PPI m/m|FOMC|CPI y/y,Neutral|Neutral|Neutral|Neutral|Neutral,1,1,0,100.0,0.0,inf,2024-10-21_2024-11-19
0.1,5,CPI m/m|PPI m/m|Core PPI m/m|FOMC|CPI y/y,Neutral|Bad|Neutral|Neutral|Neutral,1,1,0,100.0,0.0,inf,2024-11-20_2024-12-19
0.1,5,CPI m/m|PPI m/m|Core PPI m/m|FOMC|CPI y/y,Bad|Bad|Neutral|Neutral|Bad,1,1,0,100.0,0.0,inf,2025-01-19_2025-02-17
0.2,5,CPI m/m|PPI m/m|Core PPI m/m|FOMC|CPI y/y,Neutral|Neutral|Neutral|Neutral|Neutral,6,3,3,50.0,50.0,1.0,2023-05-30_2023-06-28|2023-11-26_2023-12-25|2024-07-23_2024-08-21|2024-10-21_2024-11-19|2024-11-20_2024-12-19|2025-01-19_2025-02-17
0.2,5,CPI m/m|PPI m/m|Core PPI m/m|FOMC|CPI y/y,Neutral|Good|Good|Neutral|Neutral,1,0,1,0.0,100.0,0.0,2024-05-24_2024-06-22
0.2,5,CPI m/m|PPI m/m|Core PPI m/m|FOMC|CPI y/y,Neutral|Neutral|Neutral|Good|Neutral,1,1,0,100.0,0.0,inf,2024-08-22_2024-09-20
0.3,5,CPI m/m|PPI m/m|Core PPI m/m|FOMC|CPI y/y,Neutral|Neutral|Neutral|Neutral|Neutral,7,4,3,57.1,42.9,1.33,2023-05-30_2023-06-28|2023-11-26_2023-12-25|2024-07-23_2024-08-21|2024-08-22_2024-09-20|2024-10-21_2024-11-19|2024-11-20_2024-12-19|2025-01-19_2025-02-17
0.3,5,CPI m/m|PPI m/m|Core PPI m/m|FOMC|CPI y/y,Neutral|Good|Neutral|Neutral|Neutral,1,0,1,0.0,100.0,0.0,2024-05-24_2024-06-22
0.0,5,Core CPI m/m|PPI m/m|Core PPI m/m|FOMC|CPI y/y,Neutral|Good|Neutral|Neutral|Good,1,0,1,0.0,100.0,0.0,2023-05-30_2023-06-28
0.0,5,Core CPI m/m|PPI m/m|Core PPI m/m|FOMC|CPI y/y,Neutral|Neutral|Good|Neutral|Neutral,1,0,1,0.0,100.0,0.0,2023-11-26_2023-12-25
0.0,5,Core CPI m/m|PPI m/m|Core PPI m/m|FOMC|CPI y/y,Good|Good|Good|Neutral|Good,1,0,1,0.0,100.0,0.0,2024-05-24_2024-06-22
0.0,5,Core CPI m/m|PPI m/m|Core PPI m/m|FOMC|CPI y/y,Neutral|Good|Good|Neutral|Good,1,0,1,0.0,100.0,0.0,2024-07-23_2024-08-21
0.0,5,Core CPI m/m|PPI m/m|Core PPI m/m|FOMC|CPI y/y,Bad|Bad|Bad|Good|Neutral,1,1,0,100.0,0.0,inf,2024-08-22_2024-09-20
0.0,5,Core CPI m/m|PPI m/m|Core PPI m/m|FOMC|CPI y/y,Neutral|Neutral|Neutral|Neutral|Neutral,1,1,0,100.0,0.0,inf,2024-10-21_2024-11-19
0.0,5,Core CPI m/m|PPI m/m|Core PPI m/m|FOMC|CPI y/y,Neutral|Bad|Neutral|Neutral|Neutral,1,1,0,100.0,0.0,inf,2024-11-20_2024-12-19
0.0,5,Core CPI m/m|PPI m/m|Core PPI m/m|FOMC|CPI y/y,Bad|Bad|Neutral|Neutral|Bad,1,1,0,100.0,0.0,inf,2025-01-19_2025-02-17
0.1,5,Core CPI m/m|PPI m/m|Core PPI m/m|FOMC|CPI y/y,Neutral|Good|Neutral|Neutral|Neutral,1,0,1,0.0,100.0,0.0,2023-05-30_2023-06-28
0.1,5,Core CPI m/m|PPI m/m|Core PPI m/m|FOMC|CPI y/y,Neutral|Neutral|Good|Neutral|Neutral,1,0,1,0.0,100.0,0.0,2023-11-26_2023-12-25
0.1,5,Core CPI m/m|PPI m/m|Core PPI m/m|FOMC|CPI y/y,Neutral|Good|Good|Neutral|Good,1,0,1,0.0,100.0,0.0,2024-05-24_2024-06-22
0.1,5,Core CPI m/m|PPI m/m|Core PPI m/m|FOMC|CPI y/y,Neutral|Neutral|Good|Neutral|Good,1,0,1,0.0,100.0,0.0,2024-07-23_2024-08-21
0.1,5,Core CPI m/m|PPI m/m|Core PPI m/m|FOMC|CPI y/y,Neutral|Neutral|Neutral|Good|Neutral,1,1,0,100.0,0.0,inf,2024-08-22_2024-09-20
0.1,5,Core CPI m/m|PPI m/m|Core PPI m/m|FOMC|CPI y/y,Neutral|Neutral|Neutral|Neutral|Neutral,1,1,0,100.0,0.0,inf,2024-10-21_2024-11-19
0.1,5,Core CPI m/m|PPI m/m|Core PPI m/m|FOMC|CPI y/y,Neutral|Bad|Neutral|Neutral|Neutral,1,1,0,100.0,0.0,inf,2024-11-20_2024-12-19
0.1,5,Core CPI m/m|PPI m/m|Core PPI m/m|FOMC|CPI y/y,Bad|Bad|Neutral|Neutral|Bad,1,1,0,100.0,0.0,inf,2025-01-19_2025-02-17
0.2,5,Core CPI m/m|PPI m/m|Core PPI m/m|FOMC|CPI y/y,Neutral|Neutral|Neutral|Neutral|Neutral,6,3,3,50.0,50.0,1.0,2023-05-30_2023-06-28|2023-11-26_2023-12-25|2024-07-23_2024-08-21|2024-10-21_2024-11-19|2024-11-20_2024-12-19|2025-01-19_2025-02-17
0.2,5,Core CPI m/m|PPI m/m|Core PPI m/m|FOMC|CPI y/y,Neutral|Good|Good|Neutral|Neutral,1,0,1,0.0,100.0,0.0,2024-05-24_2024-06-22
0.2,5,Core CPI m/m|PPI m/m|Core PPI m/m|FOMC|CPI y/y,Neutral|Neutral|Neutral|Good|Neutral,1,1,0,100.0,0.0,inf,2024-08-22_2024-09-20
0.3,5,Core CPI m/m|PPI m/m|Core PPI m/m|FOMC|CPI y/y,Neutral|Neutral|Neutral|Neutral|Neutral,7,4,3,57.1,42.9,1.33,2023-05-30_2023-06-28|2023-11-26_2023-12-25|2024-07-23_2024-08-21|2024-08-22_2024-09-20|2024-10-21_2024-11-19|2024-11-20_2024-12-19|2025-01-19_2025-02-17
0.3,5,Core CPI m/m|PPI m/m|Core PPI m/m|FOMC|CPI y/y,Neutral|Good|Neutral|Neutral|Neutral,1,0,1,0.0,100.0,0.0,2024-05-24_2024-06-22
0.0,6,CPI m/m|Core CPI m/m|PPI m/m|Core PPI m/m|FOMC|CPI y/y,Good|Neutral|Good|Neutral|Neutral|Good,1,0,1,0.0,100.0,0.0,2023-05-30_2023-06-28
0.0,6,CPI m/m|Core CPI m/m|PPI m/m|Core PPI m/m|FOMC|CPI y/y,Bad|Neutral|Neutral|Good|Neutral|Neutral,1,0,1,0.0,100.0,0.0,2023-11-26_2023-12-25
0.0,6,CPI m/m|Core CPI m/m|PPI m/m|Core PPI m/m|FOMC|CPI y/y,Good|Good|Good|Good|Neutral|Good,1,0,1,0.0,100.0,0.0,2024-05-24_2024-06-22
0.0,6,CPI m/m|Core CPI m/m|PPI m/m|Core PPI m/m|FOMC|CPI y/y,Neutral|Neutral|Good|Good|Neutral|Good,1,0,1,0.0,100.0,0.0,2024-07-23_2024-08-21
0.0,6,CPI m/m|Core CPI m/m|PPI m/m|Core PPI m/m|FOMC|CPI y/y,Neutral|Bad|Bad|Bad|Good|Neutral,1,1,0,100.0,0.0,inf,2024-08-22_2024-09-20
0.0,6,CPI m/m|Core CPI m/m|PPI m/m|Core PPI m/m|FOMC|CPI y/y,Neutral|Neutral|Neutral|Neutral|Neutral|Neutral,1,1,0,100.0,0.0,inf,2024-10-21_2024-11-19
0.0,6,CPI m/m|Core CPI m/m|PPI m/m|Core PPI m/m|FOMC|CPI y/y,Neutral|Neutral|Bad|Neutral|Neutral|Neutral,1,1,0,100.0,0.0,inf,2024-11-20_2024-12-19
0.0,6,CPI m/m|Core CPI m/m|PPI m/m|Core PPI m/m|FOMC|CPI y/y,Bad|Bad|Bad|Neutral|Neutral|Bad,1,1,0,100.0,0.0,inf,2025-01-19_2025-02-17
0.1,6,CPI m/m|Core CPI m/m|PPI m/m|Core PPI m/m|FOMC|CPI y/y,Neutral|Neutral|Good|Neutral|Neutral|Neutral,1,0,1,0.0,100.0,0.0,2023-05-30_2023-06-28
0.1,6,CPI m/m|Core CPI m/m|PPI m/m|Core PPI m/m|FOMC|CPI y/y,Neutral|Neutral|Neutral|Good|Neutral|Neutral,1,0,1,0.0,100.0,0.0,2023-11-26_2023-12-25
0.1,6,CPI m/m|Core CPI m/m|PPI m/m|Core PPI m/m|FOMC|CPI y/y,Neutral|Neutral|Good|Good|Neutral|Good,1,0,1,0.0,100.0,0.0,2024-05-24_2024-06-22
0.1,6,CPI m/m|Core CPI m/m|PPI m/m|Core PPI m/m|FOMC|CPI y/y,Neutral|Neutral|Neutral|Good|Neutral|Good,1,0,1,0.0,100.0,0.0,2024-07-23_2024-08-21
0.1,6,CPI m/m|Core CPI m/m|PPI m/m|Core PPI m/m|FOMC|CPI y/y,Neutral|Neutral|Neutral|Neutral|Good|Neutral,1,1,0,100.0,0.0,inf,2024-08-22_2024-09-20
0.1,6,CPI m/m|Core CPI m/m|PPI m/m|Core PPI m/m|FOMC|CPI y/y,Neutral|Neutral|Neutral|Neutral|Neutral|Neutral,1,1,0,100.0,0.0,inf,2024-10-21_2024-11-19
0.1,6,CPI m/m|Core CPI m/m|PPI m/m|Core PPI m/m|FOMC|CPI y/y,Neutral|Neutral|Bad|Neutral|Neutral|Neutral,1,1,0,100.0,0.0,inf,2024-11-20_2024-12-19
0.1,6,CPI m/m|Core CPI m/m|PPI m/m|Core PPI m/m|FOMC|CPI y/y,Bad|Bad|Bad|Neutral|Neutral|Bad,1,1,0,100.0,0.0,inf,2025-01-19_2025-02-17
0.2,6,CPI m/m|Core CPI m/m|PPI m/m|Core PPI m/m|FOMC|CPI y/y,Neutral|Neutral|Neutral|Neutral|Neutral|Neutral,6,3,3,50.0,50.0,1.0,2023-05-30_2023-06-28|2023-11-26_2023-12-25|2024-07-23_2024-08-21|2024-10-21_2024-11-19|2024-11-20_2024-12-19|2025-01-19_2025-02-17
0.2,6,CPI m/m|Core CPI m/m|PPI m/m|Core PPI m/m|FOMC|CPI y/y,Neutral|Neutral|Good|Good|Neutral|Neutral,1,0,1,0.0,100.0,0.0,2024-05-24_2024-06-22
0.2,6,CPI m/m|Core CPI m/m|PPI m/m|Core PPI m/m|FOMC|CPI y/y,Neutral|Neutral|Neutral|Neutral|Good|Neutral,1,1,0,100.0,0.0,inf,2024-08-22_2024-09-20
0.3,6,CPI m/m|Core CPI m/m|PPI m/m|Core PPI m/m|FOMC|CPI y/y,Neutral|Neutral|Neutral|Neutral|Neutral|Neutral,7,4,3,57.1,42.9,1.33,2023-05-30_2023-06-28|2023-11-26_2023-12-25|2024-07-23_2024-08-21|2024-08-22_2024-09-20|2024-10-21_2024-11-19|2024-11-20_2024-12-19|2025-01-19_2025-02-17
0.3,6,CPI m/m|Core CPI m/m|PPI m/m|Core PPI m/m|FOMC|CPI y/y,Neutral|Neutral|Good|Neutral|Neutral|Neutral,1,0,1,0.0,100.0,0.0,2024-05-24_2024-06-22
