آستانه,تعداد_شاخص‌ها,لیست_شاخص‌ها,الگوی_وضعیت,تعداد_کل_وقوع,تعداد_ضررده,تعداد_سودده,درصد_ضررده,درصد_سودده,نسبت_شانس,دوره‌ها
0.0,1,CPI m/m,Bad,9,7,2,77.8,22.2,3.5,2022-02-04_2022-02-13|2022-06-04_2022-06-13|2023-10-07_2023-10-16|2019-07-10_2019-07-19|2020-08-03_2020-08-12|2020-12-01_2020-12-10|2021-10-07_2021-10-16|2022-07-04_2022-07-13|2024-01-05_2024-01-14
0.0,1,CPI m/m,Good,10,7,3,70.0,30.0,2.33,2024-06-03_2024-06-12|2024-07-03_2024-07-12|2025-04-09_2025-04-18|2025-06-08_2025-06-17|2025-10-16_2025-10-25|2018-05-06_2018-05-15|2019-10-08_2019-10-17|2020-05-05_2020-05-14|2020-06-04_2020-06-13|2022-08-03_2022-08-12
0.0,1,CPI m/m,Neutral,7,7,0,100.0,0.0,inf,2024-08-12_2024-08-21|2025-07-08_2025-07-17|2019-01-11_2019-01-20|2020-10-12_2020-10-21|2022-03-06_2022-03-15|2023-08-08_2023-08-17|2023-09-07_2023-09-16
0.1,1,CPI m/m,Bad,6,4,2,66.7,33.3,2.0,2022-02-04_2022-02-13|2022-06-04_2022-06-13|2023-10-07_2023-10-16|2020-08-03_2020-08-12|2021-10-07_2021-10-16|2022-07-04_2022-07-13
0.1,1,CPI m/m,Neutral,15,12,3,80.0,20.0,4.0,2024-06-03_2024-06-12|2024-08-12_2024-08-21|2025-06-08_2025-06-17|2025-07-08_2025-07-17|2018-05-06_2018-05-15|2019-01-11_2019-01-20|2019-07-10_2019-07-19|2019-10-08_2019-10-17|2020-06-04_2020-06-13|2020-10-12_2020-10-21|2020-12-01_2020-12-10|2022-03-06_2022-03-15|2023-08-08_2023-08-17|2023-09-07_2023-09-16|2024-01-05_2024-01-14
0.1,1,CPI m/m,Good,5,5,0,100.0,0.0,inf,2024-07-03_2024-07-12|2025-04-09_2025-04-18|2025-10-16_2025-10-25|2020-05-05_2020-05-14|2022-08-03_2022-08-12
0.2,1,CPI m/m,Neutral,24,19,5,79.2,20.8,3.8,2022-02-04_2022-02-13|2023-10-07_2023-10-16|2024-06-03_2024-06-12|2024-07-03_2024-07-12|2024-08-12_2024-08-21|2025-04-09_2025-04-18|2025-06-08_2025-06-17|2025-07-08_2025-07-17|2025-10-16_2025-10-25|2018-05-06_2018-05-15|2019-01-11_2019-01-20|2019-07-10_2019-07-19|2019-10-08_2019-10-17|2020-05-05_2020-05-14|2020-06-04_2020-06-13|2020-10-12_2020-10-21|2020-12-01_2020-12-10|2021-10-07_2021-10-16|2022-03-06_2022-03-15|2022-07-04_2022-07-13|2022-08-03_2022-08-12|2023-08-08_2023-08-17|2023-09-07_2023-09-16|2024-01-05_2024-01-14
0.2,1,CPI m/m,Bad,2,2,0,100.0,0.0,inf,2022-06-04_2022-06-13|2020-08-03_2020-08-12
0.3,1,CPI m/m,Neutral,25,20,5,80.0,20.0,4.0,2022-02-04_2022-02-13|2023-10-07_2023-10-16|2024-06-03_2024-06-12|2024-07-03_2024-07-12|2024-08-12_2024-08-21|2025-04-09_2025-04-18|2025-06-08_2025-06-17|2025-07-08_2025-07-17|2025-10-16_2025-10-25|2018-05-06_2018-05-15|2019-01-11_2019-01-20|2019-07-10_2019-07-19|2019-10-08_2019-10-17|2020-05-05_2020-05-14|2020-06-04_2020-06-13|2020-08-03_2020-08-12|2020-10-12_2020-10-21|2020-12-01_2020-12-10|2021-10-07_2021-10-16|2022-03-06_2022-03-15|2022-07-04_2022-07-13|2022-08-03_2022-08-12|2023-08-08_2023-08-17|2023-09-07_2023-09-16|2024-01-05_2024-01-14
0.3,1,CPI m/m,Bad,1,1,0,100.0,0.0,inf,2022-06-04_2022-06-13
0.0,1,Core CPI m/m,Bad,7,5,2,71.4,28.6,2.5,2022-02-04_2022-02-13|2022-06-04_2022-06-13|2019-07-10_2019-07-19|2020-08-03_2020-08-12|2020-12-01_2020-12-10|2022-07-04_2022-07-13|2023-09-07_2023-09-16
0.0,1,Core CPI m/m,Neutral,8,8,0,100.0,0.0,inf,2023-10-07_2023-10-16|2024-08-12_2024-08-21|2019-01-11_2019-01-20|2020-10-12_2020-10-21|2021-10-07_2021-10-16|2022-03-06_2022-03-15|2023-08-08_2023-08-17|2024-01-05_2024-01-14
0.0,1,Core CPI m/m,Good,11,8,3,72.7,27.3,2.67,2024-06-03_2024-06-12|2024-07-03_2024-07-12|2025-04-09_2025-04-18|2025-06-08_2025-06-17|2025-07-08_2025-07-17|2025-10-16_2025-10-25|2018-05-06_2018-05-15|2019-10-08_2019-10-17|2020-05-05_2020-05-14|2020-06-04_2020-06-13|2022-08-03_2022-08-12
0.1,1,Core CPI m/m,Neutral,20,17,3,85.0,15.0,5.67,2022-02-04_2022-02-13|2022-06-04_2022-06-13|2023-10-07_2023-10-16|2024-06-03_2024-06-12|2024-07-03_2024-07-12|2024-08-12_2024-08-21|2025-07-08_2025-07-17|2025-10-16_2025-10-25|2018-05-06_2018-05-15|2019-01-11_2019-01-20|2019-07-10_2019-07-19|2019-10-08_2019-10-17|2020-06-04_2020-06-13|2020-10-12_2020-10-21|2020-12-01_2020-12-10|2021-10-07_2021-10-16|2022-03-06_2022-03-15|2023-08-08_2023-08-17|2023-09-07_2023-09-16|2024-01-05_2024-01-14
0.1,1,Core CPI m/m,Good,4,3,1,75.0,25.0,3.0,2025-04-09_2025-04-18|2025-06-08_2025-06-17|2020-05-05_2020-05-14|2022-08-03_2022-08-12
0.1,1,Core CPI m/m,Bad,2,1,1,50.0,50.0,1.0,2020-08-03_2020-08-12|2022-07-04_2022-07-13
0.2,1,Core CPI m/m,Neutral,25,20,5,80.0,20.0,4.0,2022-02-04_2022-02-13|2022-06-04_2022-06-13|2023-10-07_2023-10-16|2024-06-03_2024-06-12|2024-07-03_2024-07-12|2024-08-12_2024-08-21|2025-04-09_2025-04-18|2025-06-08_2025-06-17|2025-07-08_2025-07-17|2025-10-16_2025-10-25|2018-05-06_2018-05-15|2019-01-11_2019-01-20|2019-07-10_2019-07-19|2019-10-08_2019-10-17|2020-05-05_2020-05-14|2020-06-04_2020-06-13|2020-10-12_2020-10-21|2020-12-01_2020-12-10|2021-10-07_2021-10-16|2022-03-06_2022-03-15|2022-07-04_2022-07-13|2022-08-03_2022-08-12|2023-08-08_2023-08-17|2023-09-07_2023-09-16|2024-01-05_2024-01-14
0.2,1,Core CPI m/m,Bad,1,1,0,100.0,0.0,inf,2020-08-03_2020-08-12
0.3,1,Core CPI m/m,Neutral,25,20,5,80.0,20.0,4.0,2022-02-04_2022-02-13|2022-06-04_2022-06-13|2023-10-07_2023-10-16|2024-06-03_2024-06-12|2024-07-03_2024-07-12|2024-08-12_2024-08-21|2025-04-09_2025-04-18|2025-06-08_2025-06-17|2025-07-08_2025-07-17|2025-10-16_2025-10-25|2018-05-06_2018-05-15|2019-01-11_2019-01-20|2019-07-10_2019-07-19|2019-10-08_2019-10-17|2020-05-05_2020-05-14|2020-06-04_2020-06-13|2020-10-12_2020-10-21|2020-12-01_2020-12-10|2021-10-07_2021-10-16|2022-03-06_2022-03-15|2022-07-04_2022-07-13|2022-08-03_2022-08-12|2023-08-08_2023-08-17|2023-09-07_2023-09-16|2024-01-05_2024-01-14
0.3,1,Core CPI m/m,Bad,1,1,0,100.0,0.0,inf,2020-08-03_2020-08-12
0.0,1,PPI m/m,Bad,8,8,0,100.0,0.0,inf,2023-10-07_2023-10-16|2024-07-03_2024-07-12|2026-01-24_2026-02-02|2020-06-04_2020-06-13|2020-08-03_2020-08-12|2020-10-12_2020-10-21|2023-08-08_2023-08-17|2023-09-07_2023-09-16
0.0,1,PPI m/m,Good,12,10,2,83.3,16.7,5.0,2024-08-12_2024-08-21|2025-04-09_2025-04-18|2025-06-08_2025-06-17|2025-07-08_2025-07-17|2018-05-06_2018-05-15|2019-01-11_2019-01-20|2019-10-08_2019-10-17|2020-05-05_2020-05-14|2021-10-07_2021-10-16|2022-03-06_2022-03-15|2022-08-03_2022-08-12|2024-01-05_2024-01-14
0.0,1,PPI m/m,Neutral,1,1,0,100.0,0.0,inf,2019-07-10_2019-07-19
0.1,1,PPI m/m,Bad,6,6,0,100.0,0.0,inf,2023-10-07_2023-10-16|2026-01-24_2026-02-02|2020-06-04_2020-06-13|2020-08-03_2020-08-12|2020-10-12_2020-10-21|2023-09-07_2023-09-16
0.1,1,PPI m/m,Neutral,8,7,1,87.5,12.5,7.0,2024-07-03_2024-07-12|2024-08-12_2024-08-21|2025-06-08_2025-06-17|2018-05-06_2018-05-15|2019-01-11_2019-01-20|2019-07-10_2019-07-19|2021-10-07_2021-10-16|2023-08-08_2023-08-17
0.1,1,PPI m/m,Good,7,6,1,85.7,14.3,6.0,2025-04-09_2025-04-18|2025-07-08_2025-07-17|2019-10-08_2019-10-17|2020-05-05_2020-05-14|2022-03-06_2022-03-15|2022-08-03_2022-08-12|2024-01-05_2024-01-14
0.2,1,PPI m/m,Neutral,13,12,1,92.3,7.7,12.0,2023-10-07_2023-10-16|2024-07-03_2024-07-12|2024-08-12_2024-08-21|2025-06-08_2025-06-17|2025-07-08_2025-07-17|2018-05-06_2018-05-15|2019-01-11_2019-01-20|2019-07-10_2019-07-19|2020-10-12_2020-10-21|2021-10-07_2021-10-16|2022-03-06_2022-03-15|2023-08-08_2023-08-17|2024-01-05_2024-01-14
0.2,1,PPI m/m,Good,4,3,1,75.0,25.0,3.0,2025-04-09_2025-04-18|2019-10-08_2019-10-17|2020-05-05_2020-05-14|2022-08-03_2022-08-12
0.2,1,PPI m/m,Bad,4,4,0,100.0,0.0,inf,2026-01-24_2026-02-02|2020-06-04_2020-06-13|2020-08-03_2020-08-12|2023-09-07_2023-09-16
0.3,1,PPI m/m,Neutral,16,15,1,93.8,6.2,15.0,2023-10-07_2023-10-16|2024-07-03_2024-07-12|2024-08-12_2024-08-21|2025-06-08_2025-06-17|2025-07-08_2025-07-17|2026-01-24_2026-02-02|2018-05-06_2018-05-15|2019-01-11_2019-01-20|2019-07-10_2019-07-19|2020-08-03_2020-08-12|2020-10-12_2020-10-21|2021-10-07_2021-10-16|2022-03-06_2022-03-15|2023-08-08_2023-08-17|2023-09-07_2023-09-16|2024-01-05_2024-01-14
0.3,1,PPI m/m,Good,4,3,1,75.0,25.0,3.0,2025-04-09_2025-04-18|2019-10-08_2019-10-17|2020-05-05_2020-05-14|2022-08-03_2022-08-12
0.3,1,PPI m/m,Bad,1,1,0,100.0,0.0,inf,2020-06-04_2020-06-13
0.0,1,Core PPI m/m,Bad,7,7,0,100.0,0.0,inf,2023-10-07_2023-10-16|2024-07-03_2024-07-12|2026-01-24_2026-02-02|2019-07-10_2019-07-19|2020-08-03_2020-08-12|2020-10-12_2020-10-21|2023-08-08_2023-08-17
0.0,1,Core PPI m/m,Good,11,9,2,81.8,18.2,4.5,2024-08-12_2024-08-21|2025-04-09_2025-04-18|2025-06-08_2025-06-17|2025-07-08_2025-07-17|2019-01-11_2019-01-20|2019-10-08_2019-10-17|2020-05-05_2020-05-14|2021-10-07_2021-10-16|2022-03-06_2022-03-15|2022-08-03_2022-08-12|2024-01-05_2024-01-14
0.0,1,Core PPI m/m,Neutral,3,3,0,100.0,0.0,inf,2018-05-06_2018-05-15|2020-06-04_2020-06-13|2023-09-07_2023-09-16
0.1,1,Core PPI m/m,Neutral,6,6,0,100.0,0.0,inf,2023-10-07_2023-10-16|2018-05-06_2018-05-15|2019-07-10_2019-07-19|2020-06-04_2020-06-13|2023-08-08_2023-08-17|2023-09-07_2023-09-16
0.1,1,Core PPI m/m,Bad,4,4,0,100.0,0.0,inf,2024-07-03_2024-07-12|2026-01-24_2026-02-02|2020-08-03_2020-08-12|2020-10-12_2020-10-21
0.1,1,Core PPI m/m,Good,11,9,2,81.8,18.2,4.5,2024-08-12_2024-08-21|2025-04-09_2025-04-18|2025-06-08_2025-06-17|2025-07-08_2025-07-17|2019-01-11_2019-01-20|2019-10-08_2019-10-17|2020-05-05_2020-05-14|2021-10-07_2021-10-16|2022-03-06_2022-03-15|2022-08-03_2022-08-12|2024-01-05_2024-01-14
0.2,1,Core PPI m/m,Neutral,14,13,1,92.9,7.1,13.0,2023-10-07_2023-10-16|2024-07-03_2024-07-12|2024-08-12_2024-08-21|2025-06-08_2025-06-17|2025-07-08_2025-07-17|2018-05-06_2018-05-15|2019-07-10_2019-07-19|2020-05-05_2020-05-14|2020-06-04_2020-06-13|2020-10-12_2020-10-21|2022-08-03_2022-08-12|2023-08-08_2023-08-17|2023-09-07_2023-09-16|2024-01-05_2024-01-14
0.2,1,Core PPI m/m,Good,5,4,1,80.0,20.0,4.0,2025-04-09_2025-04-18|2019-01-11_2019-01-20|2019-10-08_2019-10-17|2021-10-07_2021-10-16|2022-03-06_2022-03-15
0.2,1,Core PPI m/m,Bad,2,2,0,100.0,0.0,inf,2026-01-24_2026-02-02|2020-08-03_2020-08-12
0.3,1,Core PPI m/m,Neutral,15,14,1,93.3,6.7,14.0,2023-10-07_2023-10-16|2024-07-03_2024-07-12|2024-08-12_2024-08-21|2025-06-08_2025-06-17|2025-07-08_2025-07-17|2018-05-06_2018-05-15|2019-07-10_2019-07-19|2020-05-05_2020-05-14|2020-06-04_2020-06-13|2020-10-12_2020-10-21|2021-10-07_2021-10-16|2022-08-03_2022-08-12|2023-08-08_2023-08-17|2023-09-07_2023-09-16|2024-01-05_2024-01-14
0.3,1,Core PPI m/m,Good,4,3,1,75.0,25.0,3.0,2025-04-09_2025-04-18|2019-01-11_2019-01-20|2019-10-08_2019-10-17|2022-03-06_2022-03-15
0.3,1,Core PPI m/m,Bad,2,2,0,100.0,0.0,inf,2026-01-24_2026-02-02|2020-08-03_2020-08-12
0.0,1,FOMC,Neutral,4,2,2,50.0,50.0,1.0,2023-07-19_2023-07-28|2024-06-03_2024-06-12|2024-07-23_2024-08-01|2024-10-31_2024-11-09
0.1,1,FOMC,Neutral,4,2,2,50.0,50.0,1.0,2023-07-19_2023-07-28|2024-06-03_2024-06-12|2024-07-23_2024-08-01|2024-10-31_2024-11-09
0.2,1,FOMC,Neutral,4,2,2,50.0,50.0,1.0,2023-07-19_2023-07-28|2024-06-03_2024-06-12|2024-07-23_2024-08-01|2024-10-31_2024-11-09
0.3,1,FOMC,Neutral,4,2,2,50.0,50.0,1.0,2023-07-19_2023-07-28|2024-06-03_2024-06-12|2024-07-23_2024-08-01|2024-10-31_2024-11-09
0.0,1,CPI y/y,Bad,9,7,2,77.8,22.2,3.5,2022-02-04_2022-02-13|2022-06-04_2022-06-13|2023-10-07_2023-10-16|2025-07-08_2025-07-17|2020-08-03_2020-08-12|2021-10-07_2021-10-16|2022-07-04_2022-07-13|2023-09-07_2023-09-16|2024-01-05_2024-01-14
0.0,1,CPI y/y,Good,12,9,3,75.0,25.0,3.0,2024-06-03_2024-06-12|2024-07-03_2024-07-12|2024-08-12_2024-08-21|2025-04-09_2025-04-18|2025-06-08_2025-06-17|2025-10-16_2025-10-25|2019-10-08_2019-10-17|2020-05-05_2020-05-14|2020-06-04_2020-06-13|2022-08-03_2022-08-12|2023-08-08_2023-08-17|2025-12-15_2025-12-24
0.0,1,CPI y/y,Neutral,6,6,0,100.0,0.0,inf,2018-05-06_2018-05-15|2019-01-11_2019-01-20|2019-07-10_2019-07-19|2020-10-12_2020-10-21|2020-12-01_2020-12-10|2022-03-06_2022-03-15
0.1,1,CPI y/y,Bad,9,7,2,77.8,22.2,3.5,2022-02-04_2022-02-13|2022-06-04_2022-06-13|2023-10-07_2023-10-16|2025-07-08_2025-07-17|2020-08-03_2020-08-12|2021-10-07_2021-10-16|2022-07-04_2022-07-13|2023-09-07_2023-09-16|2024-01-05_2024-01-14
0.1,1,CPI y/y,Good,11,8,3,72.7,27.3,2.67,2024-06-03_2024-06-12|2024-07-03_2024-07-12|2024-08-12_2024-08-21|2025-04-09_2025-04-18|2025-06-08_2025-06-17|2025-10-16_2025-10-25|2019-10-08_2019-10-17|2020-05-05_2020-05-14|2020-06-04_2020-06-13|2022-08-03_2022-08-12|2025-12-15_2025-12-24
0.1,1,CPI y/y,Neutral,7,7,0,100.0,0.0,inf,2018-05-06_2018-05-15|2019-01-11_2019-01-20|2019-07-10_2019-07-19|2020-10-12_2020-10-21|2020-12-01_2020-12-10|2022-03-06_2022-03-15|2023-08-08_2023-08-17
0.2,1,CPI y/y,Bad,4,2,2,50.0,50.0,1.0,2022-02-04_2022-02-13|2022-06-04_2022-06-13|2020-08-03_2020-08-12|2022-07-04_2022-07-13
0.2,1,CPI y/y,Neutral,22,19,3,86.4,13.6,6.33,2023-10-07_2023-10-16|2024-06-03_2024-06-12|2024-07-03_2024-07-12|2024-08-12_2024-08-21|2025-04-09_2025-04-18|2025-06-08_2025-06-17|2025-07-08_2025-07-17|2025-10-16_2025-10-25|2018-05-06_2018-05-15|2019-01-11_2019-01-20|2019-07-10_2019-07-19|2019-10-08_2019-10-17|2020-05-05_2020-05-14|2020-06-04_2020-06-13|2020-10-12_2020-10-21|2020-12-01_2020-12-10|2021-10-07_2021-10-16|2022-03-06_2022-03-15|2022-08-03_2022-08-12|2023-08-08_2023-08-17|2023-09-07_2023-09-16|2024-01-05_2024-01-14
0.2,1,CPI y/y,Good,1,1,0,100.0,0.0,inf,2025-12-15_2025-12-24
0.3,1,CPI y/y,Neutral,24,20,4,83.3,16.7,5.0,2022-02-04_2022-02-13|2022-06-04_2022-06-13|2023-10-07_2023-10-16|2024-06-03_2024-06-12|2024-07-03_2024-07-12|2024-08-12_2024-08-21|2025-04-09_2025-04-18|2025-06-08_2025-06-17|2025-07-08_2025-07-17|2025-10-16_2025-10-25|2018-05-06_2018-05-15|2019-01-11_2019-01-20|2019-07-10_2019-07-19|2019-10-08_2019-10-17|2020-05-05_2020-05-14|2020-06-04_2020-06-13|2020-10-12_2020-10-21|2020-12-01_2020-12-10|2021-10-07_2021-10-16|2022-03-06_2022-03-15|2022-08-03_2022-08-12|2023-08-08_2023-08-17|2023-09-07_2023-09-16|2024-01-05_2024-01-14
0.3,1,CPI y/y,Bad,2,1,1,50.0,50.0,1.0,2020-08-03_2020-08-12|2022-07-04_2022-07-13
0.3,1,CPI y/y,Good,1,1,0,100.0,0.0,inf,2025-12-15_2025-12-24
0.0,2,CPI m/m|Core CPI m/m,Bad|Bad,6,4,2,66.7,33.3,2.0,2022-02-04_2022-02-13|2022-06-04_2022-06-13|2019-07-10_2019-07-19|2020-08-03_2020-08-12|2020-12-01_2020-12-10|2022-07-04_2022-07-13
0.0,2,CPI m/m|Core CPI m/m,Bad|Neutral,3,3,0,100.0,0.0,inf,2023-10-07_2023-10-16|2021-10-07_2021-10-16|2024-01-05_2024-01-14
0.0,2,CPI m/m|Core CPI m/m,Good|Good,10,7,3,70.0,30.0,2.33,2024-06-03_2024-06-12|2024-07-03_2024-07-12|2025-04-09_2025-04-18|2025-06-08_2025-06-17|2025-10-16_2025-10-25|2018-05-06_2018-05-15|2019-10-08_2019-10-17|2020-05-05_2020-05-14|2020-06-04_2020-06-13|2022-08-03_2022-08-12
0.0,2,CPI m/m|Core CPI m/m,Neutral|Neutral,5,5,0,100.0,0.0,inf,2024-08-12_2024-08-21|2019-01-11_2019-01-20|2020-10-12_2020-10-21|2022-03-06_2022-03-15|2023-08-08_2023-08-17
0.0,2,CPI m/m|Core CPI m/m,Neutral|Good,1,1,0,100.0,0.0,inf,2025-07-08_2025-07-17
0.0,2,CPI m/m|Core CPI m/m,Neutral|Bad,1,1,0,100.0,0.0,inf,2023-09-07_2023-09-16
0.1,2,CPI m/m|Core CPI m/m,Bad|Neutral,4,3,1,75.0,25.0,3.0,2022-02-04_2022-02-13|2022-06-04_2022-06-13|2023-10-07_2023-10-16|2021-10-07_2021-10-16
0.1,2,CPI m/m|Core CPI m/m,Neutral|Neutral,14,12,2,85.7,14.3,6.0,2024-06-03_2024-06-12|2024-08-12_2024-08-21|2025-07-08_2025-07-17|2018-05-06_2018-05-15|2019-01-11_2019-01-20|2019-07-10_2019-07-19|2019-10-08_2019-10-17|2020-06-04_2020-06-13|2020-10-12_2020-10-21|2020-12-01_2020-12-10|2022-03-06_2022-03-15|2023-08-08_2023-08-17|2023-09-07_2023-09-16|2024-01-05_2024-01-14
0.1,2,CPI m/m|Core CPI m/m,Good|Neutral,2,2,0,100.0,0.0,inf,2024-07-03_2024-07-12|2025-10-16_2025-10-25
0.1,2,CPI m/m|Core CPI m/m,Good|Good,3,3,0,100.0,0.0,inf,2025-04-09_2025-04-18|2020-05-05_2020-05-14|2022-08-03_2022-08-12
0.1,2,CPI m/m|Core CPI m/m,Neutral|Good,1,0,1,0.0,100.0,0.0,2025-06-08_2025-06-17
0.1,2,CPI m/m|Core CPI m/m,Bad|Bad,2,1,1,50.0,50.0,1.0,2020-08-03_2020-08-12|2022-07-04_2022-07-13
0.2,2,CPI m/m|Core CPI m/m,Neutral|Neutral,24,19,5,79.2,20.8,3.8,2022-02-04_2022-02-13|2023-10-07_2023-10-16|2024-06-03_2024-06-12|2024-07-03_2024-07-12|2024-08-12_2024-08-21|2025-04-09_2025-04-18|2025-06-08_2025-06-17|2025-07-08_2025-07-17|2025-10-16_2025-10-25|2018-05-06_2018-05-15|2019-01-11_2019-01-20|2019-07-10_2019-07-19|2019-10-08_2019-10-17|2020-05-05_2020-05-14|2020-06-04_2020-06-13|2020-10-12_2020-10-21|2020-12-01_2020-12-10|2021-10-07_2021-10-16|2022-03-06_2022-03-15|2022-07-04_2022-07-13|2022-08-03_2022-08-12|2023-08-08_2023-08-17|2023-09-07_2023-09-16|2024-01-05_2024-01-14
0.2,2,CPI m/m|Core CPI m/m,Bad|Neutral,1,1,0,100.0,0.0,inf,2022-06-04_2022-06-13
0.2,2,CPI m/m|Core CPI m/m,Bad|Bad,1,1,0,100.0,0.0,inf,2020-08-03_2020-08-12
0.3,2,CPI m/m|Core CPI m/m,Neutral|Neutral,24,19,5,79.2,20.8,3.8,2022-02-04_2022-02-13|2023-10-07_2023-10-16|2024-06-03_2024-06-12|2024-07-03_2024-07-12|2024-08-12_2024-08-21|2025-04-09_2025-04-18|2025-06-08_2025-06-17|2025-07-08_2025-07-17|2025-10-16_2025-10-25|2018-05-06_2018-05-15|2019-01-11_2019-01-20|2019-07-10_2019-07-19|2019-10-08_2019-10-17|2020-05-05_2020-05-14|2020-06-04_2020-06-13|2020-10-12_2020-10-21|2020-12-01_2020-12-10|2021-10-07_2021-10-16|2022-03-06_2022-03-15|2022-07-04_2022-07-13|2022-08-03_2022-08-12|2023-08-08_2023-08-17|2023-09-07_2023-09-16|2024-01-05_2024-01-14
0.3,2,CPI m/m|Core CPI m/m,Bad|Neutral,1,1,0,100.0,0.0,inf,2022-06-04_2022-06-13
0.3,2,CPI m/m|Core CPI m/m,Neutral|Bad,1,1,0,100.0,0.0,inf,2020-08-03_2020-08-12
0.0,2,CPI m/m|PPI m/m,Bad|Bad,2,2,0,100.0,0.0,inf,2023-10-07_2023-10-16|2020-08-03_2020-08-12
0.0,2,CPI m/m|PPI m/m,Good|Bad,2,2,0,100.0,0.0,inf,2024-07-03_2024-07-12|2020-06-04_2020-06-13
0.0,2,CPI m/m|PPI m/m,Neutral|Good,4,4,0,100.0,0.0,inf,2024-08-12_2024-08-21|2025-07-08_2025-07-17|2019-01-11_2019-01-20|2022-03-06_2022-03-15
0.0,2,CPI m/m|PPI m/m,Good|Good,6,4,2,66.7,33.3,2.0,2025-04-09_2025-04-18|2025-06-08_2025-06-17|2018-05-06_2018-05-15|2019-10-08_2019-10-17|2020-05-05_2020-05-14|2022-08-03_2022-08-12
0.0,2,CPI m/m|PPI m/m,Bad|Neutral,1,1,0,100.0,0.0,inf,2019-07-10_2019-07-19
0.0,2,CPI m/m|PPI m/m,Neutral|Bad,3,3,0,100.0,0.0,inf,2020-10-12_2020-10-21|2023-08-08_2023-08-17|2023-09-07_2023-09-16
0.0,2,CPI m/m|PPI m/m,Bad|Good,2,2,0,100.0,0.0,inf,2021-10-07_2021-10-16|2024-01-05_2024-01-14
0.1,2,CPI m/m|PPI m/m,Bad|Bad,2,2,0,100.0,0.0,inf,2023-10-07_2023-10-16|2020-08-03_2020-08-12
0.1,2,CPI m/m|PPI m/m,Good|Neutral,1,1,0,100.0,0.0,inf,2024-07-03_2024-07-12
0.1,2,CPI m/m|PPI m/m,Neutral|Neutral,6,5,1,83.3,16.7,5.0,2024-08-12_2024-08-21|2025-06-08_2025-06-17|2018-05-06_2018-05-15|2019-01-11_2019-01-20|2019-07-10_2019-07-19|2023-08-08_2023-08-17
0.1,2,CPI m/m|PPI m/m,Good|Good,3,3,0,100.0,0.0,inf,2025-04-09_2025-04-18|2020-05-05_2020-05-14|2022-08-03_2022-08-12
0.1,2,CPI m/m|PPI m/m,Neutral|Good,4,3,1,75.0,25.0,3.0,2025-07-08_2025-07-17|2019-10-08_2019-10-17|2022-03-06_2022-03-15|2024-01-05_2024-01-14
0.1,2,CPI m/m|PPI m/m,Neutral|Bad,3,3,0,100.0,0.0,inf,2020-06-04_2020-06-13|2020-10-12_2020-10-21|2023-09-07_2023-09-16
0.1,2,CPI m/m|PPI m/m,Bad|Neutral,1,1,0,100.0,0.0,inf,2021-10-07_2021-10-16
0.2,2,CPI m/m|PPI m/m,Neutral|Neutral,13,12,1,92.3,7.7,12.0,2023-10-07_2023-10-16|2024-07-03_2024-07-12|2024-08-12_2024-08-21|2025-06-08_2025-06-17|2025-07-08_2025-07-17|2018-05-06_2018-05-15|2019-01-11_2019-01-20|2019-07-10_2019-07-19|2020-10-12_2020-10-21|2021-10-07_2021-10-16|2022-03-06_2022-03-15|2023-08-08_2023-08-17|2024-01-05_2024-01-14
0.2,2,CPI m/m|PPI m/m,Neutral|Good,4,3,1,75.0,25.0,3.0,2025-04-09_2025-04-18|2019-10-08_2019-10-17|2020-05-05_2020-05-14|2022-08-03_2022-08-12
0.2,2,CPI m/m|PPI m/m,Neutral|Bad,2,2,0,100.0,0.0,inf,2020-06-04_2020-06-13|2023-09-07_2023-09-16
0.2,2,CPI m/m|PPI m/m,Bad|Bad,1,1,0,100.0,0.0,inf,2020-08-03_2020-08-12
0.3,2,CPI m/m|PPI m/m,Neutral|Neutral,15,14,1,93.3,6.7,14.0,2023-10-07_2023-10-16|2024-07-03_2024-07-12|2024-08-12_2024-08-21|2025-06-08_2025-06-17|2025-07-08_2025-07-17|2018-05-06_2018-05-15|2019-01-11_2019-01-20|2019-07-10_2019-07-19|2020-08-03_2020-08-12|2020-10-12_2020-10-21|2021-10-07_2021-10-16|2022-03-06_2022-03-15|2023-08-08_2023-08-17|2023-09-07_2023-09-16|2024-01-05_2024-01-14
0.3,2,CPI m/m|PPI m/m,Neutral|Good,4,3,1,75.0,25.0,3.0,2025-04-09_2025-04-18|2019-10-08_2019-10-17|2020-05-05_2020-05-14|2022-08-03_2022-08-12
0.3,2,CPI m/m|PPI m/m,Neutral|Bad,1,1,0,100.0,0.0,inf,2020-06-04_2020-06-13
0.0,2,CPI m/m|Core PPI m/m,Bad|Bad,3,3,0,100.0,0.0,inf,2023-10-07_2023-10-16|2019-07-10_2019-07-19|2020-08-03_2020-08-12
0.0,2,CPI m/m|Core PPI m/m,Good|Bad,1,1,0,100.0,0.0,inf,2024-07-03_2024-07-12
0.0,2,CPI m/m|Core PPI m/m,Neutral|Good,4,4,0,100.0,0.0,inf,2024-08-12_2024-08-21|2025-07-08_2025-07-17|2019-01-11_2019-01-20|2022-03-06_2022-03-15
0.0,2,CPI m/m|Core PPI m/m,Good|Good,5,3,2,60.0,40.0,1.5,2025-04-09_2025-04-18|2025-06-08_2025-06-17|2019-10-08_2019-10-17|2020-05-05_2020-05-14|2022-08-03_2022-08-12
0.0,2,CPI m/m|Core PPI m/m,Good|Neutral,2,2,0,100.0,0.0,inf,2018-05-06_2018-05-15|2020-06-04_2020-06-13
0.0,2,CPI m/m|Core PPI m/m,Neutral|Bad,2,2,0,100.0,0.0,inf,2020-10-12_2020-10-21|2023-08-08_2023-08-17
0.0,2,CPI m/m|Core PPI m/m,Bad|Good,2,2,0,100.0,0.0,inf,2021-10-07_2021-10-16|2024-01-05_2024-01-14
0.0,2,CPI m/m|Core PPI m/m,Neutral|Neutral,1,1,0,100.0,0.0,inf,2023-09-07_2023-09-16
0.1,2,CPI m/m|Core PPI m/m,Bad|Neutral,1,1,0,100.0,0.0,inf,2023-10-07_2023-10-16
0.1,2,CPI m/m|Core PPI m/m,Good|Bad,1,1,0,100.0,0.0,inf,2024-07-03_2024-07-12
0.1,2,CPI m/m|Core PPI m/m,Neutral|Good,7,5,2,71.4,28.6,2.5,2024-08-12_2024-08-21|2025-06-08_2025-06-17|2025-07-08_2025-07-17|2019-01-11_2019-01-20|2019-10-08_2019-10-17|2022-03-06_2022-03-15|2024-01-05_2024-01-14
0.1,2,CPI m/m|Core PPI m/m,Good|Good,3,3,0,100.0,0.0,inf,2025-04-09_2025-04-18|2020-05-05_2020-05-14|2022-08-03_2022-08-12
0.1,2,CPI m/m|Core PPI m/m,Neutral|Neutral,5,5,0,100.0,0.0,inf,2018-05-06_2018-05-15|2019-07-10_2019-07-19|2020-06-04_2020-06-13|2023-08-08_2023-08-17|2023-09-07_2023-09-16
0.1,2,CPI m/m|Core PPI m/m,Bad|Bad,1,1,0,100.0,0.0,inf,2020-08-03_2020-08-12
0.1,2,CPI m/m|Core PPI m/m,Neutral|Bad,1,1,0,100.0,0.0,inf,2020-10-12_2020-10-21
0.1,2,CPI m/m|Core PPI m/m,Bad|Good,1,1,0,100.0,0.0,inf,2021-10-07_2021-10-16
0.2,2,CPI m/m|Core PPI m/m,Neutral|Neutral,14,13,1,92.9,7.1,13.0,2023-10-07_2023-10-16|2024-07-03_2024-07-12|2024-08-12_2024-08-21|2025-06-08_2025-06-17|2025-07-08_2025-07-17|2018-05-06_2018-05-15|2019-07-10_2019-07-19|2020-05-05_2020-05-14|2020-06-04_2020-06-13|2020-10-12_2020-10-21|2022-08-03_2022-08-12|2023-08-08_2023-08-17|2023-09-07_2023-09-16|2024-01-05_2024-01-14
0.2,2,CPI m/m|Core PPI m/m,Neutral|Good,5,4,1,80.0,20.0,4.0,2025-04-09_2025-04-18|2019-01-11_2019-01-20|2019-10-08_2019-10-17|2021-10-07_2021-10-16|2022-03-06_2022-03-15
0.2,2,CPI m/m|Core PPI m/m,Bad|Bad,1,1,0,100.0,0.0,inf,2020-08-03_2020-08-12
0.3,2,CPI m/m|Core PPI m/m,Neutral|Neutral,15,14,1,93.3,6.7,14.0,2023-10-07_2023-10-16|2024-07-03_2024-07-12|2024-08-12_2024-08-21|2025-06-08_2025-06-17|2025-07-08_2025-07-17|2018-05-06_2018-05-15|2019-07-10_2019-07-19|2020-05-05_2020-05-14|2020-06-04_2020-06-13|2020-10-12_2020-10-21|2021-10-07_2021-10-16|2022-08-03_2022-08-12|2023-08-08_2023-08-17|2023-09-07_2023-09-16|2024-01-05_2024-01-14
0.3,2,CPI m/m|Core PPI m/m,Neutral|Good,4,3,1,75.0,25.0,3.0,2025-04-09_2025-04-18|2019-01-11_2019-01-20|2019-10-08_2019-10-17|2022-03-06_2022-03-15
0.3,2,CPI m/m|Core PPI m/m,Neutral|Bad,1,1,0,100.0,0.0,inf,2020-08-03_2020-08-12
0.0,2,CPI m/m|FOMC,Good|Neutral,1,0,1,0.0,100.0,0.0,2024-06-03_2024-06-12
0.1,2,CPI m/m|FOMC,Neutral|Neutral,1,0,1,0.0,100.0,0.0,2024-06-03_2024-06-12
0.2,2,CPI m/m|FOMC,Neutral|Neutral,1,0,1,0.0,100.0,0.0,2024-06-03_2024-06-12
0.3,2,CPI m/m|FOMC,Neutral|Neutral,1,0,1,0.0,100.0,0.0,2024-06-03_2024-06-12
0.0,2,CPI m/m|CPI y/y,Bad|Bad,7,5,2,71.4,28.6,2.5,2022-02-04_2022-02-13|2022-06-04_2022-06-13|2023-10-07_2023-10-16|2020-08-03_2020-08-12|2021-10-07_2021-10-16|2022-07-04_2022-07-13|2024-01-05_2024-01-14
0.0,2,CPI m/m|CPI y/y,Good|Good,9,6,3,66.7,33.3,2.0,2024-06-03_2024-06-12|2024-07-03_2024-07-12|2025-04-09_2025-04-18|2025-06-08_2025-06-17|2025-10-16_2025-10-25|2019-10-08_2019-10-17|2020-05-05_2020-05-14|2020-06-04_2020-06-13|2022-08-03_2022-08-12
0.0,2,CPI m/m|CPI y/y,Neutral|Good,2,2,0,100.0,0.0,inf,2024-08-12_2024-08-21|2023-08-08_2023-08-17
0.0,2,CPI m/m|CPI y/y,Neutral|Bad,2,2,0,100.0,0.0,inf,2025-07-08_2025-07-17|2023-09-07_2023-09-16
0.0,2,CPI m/m|CPI y/y,Good|Neutral,1,1,0,100.0,0.0,inf,2018-05-06_2018-05-15
0.0,2,CPI m/m|CPI y/y,Neutral|Neutral,3,3,0,100.0,0.0,inf,2019-01-11_2019-01-20|2020-10-12_2020-10-21|2022-03-06_2022-03-15
0.0,2,CPI m/m|CPI y/y,Bad|Neutral,2,2,0,100.0,0.0,inf,2019-07-10_2019-07-19|2020-12-01_2020-12-10
0.1,2,CPI m/m|CPI y/y,Bad|Bad,6,4,2,66.7,33.3,2.0,2022-02-04_2022-02-13|2022-06-04_2022-06-13|2023-10-07_2023-10-16|2020-08-03_2020-08-12|2021-10-07_2021-10-16|2022-07-04_2022-07-13
0.1,2,CPI m/m|CPI y/y,Neutral|Good,5,2,3,40.0,60.0,0.67,2024-06-03_2024-06-12|2024-08-12_2024-08-21|2025-06-08_2025-06-17|2019-10-08_2019-10-17|2020-06-04_2020-06-13
0.1,2,CPI m/m|CPI y/y,Good|Good,5,5,0,100.0,0.0,inf,2024-07-03_2024-07-12|2025-04-09_2025-04-18|2025-10-16_2025-10-25|2020-05-05_2020-05-14|2022-08-03_2022-08-12
0.1,2,CPI m/m|CPI y/y,Neutral|Bad,3,3,0,100.0,0.0,inf,2025-07-08_2025-07-17|2023-09-07_2023-09-16|2024-01-05_2024-01-14
0.1,2,CPI m/m|CPI y/y,Neutral|Neutral,7,7,0,100.0,0.0,inf,2018-05-06_2018-05-15|2019-01-11_2019-01-20|2019-07-10_2019-07-19|2020-10-12_2020-10-21|2020-12-01_2020-12-10|2022-03-06_2022-03-15|2023-08-08_2023-08-17
0.2,2,CPI m/m|CPI y/y,Neutral|Bad,2,0,2,0.0,100.0,0.0,2022-02-04_2022-02-13|2022-07-04_2022-07-13
0.2,2,CPI m/m|CPI y/y,Bad|Bad,2,2,0,100.0,0.0,inf,2022-06-04_2022-06-13|2020-08-03_2020-08-12
0.2,2,CPI m/m|CPI y/y,Neutral|Neutral,22,19,3,86.4,13.6,6.33,2023-10-07_2023-10-16|2024-06-03_2024-06-12|2024-07-03_2024-07-12|2024-08-12_2024-08-21|2025-04-09_2025-04-18|2025-06-08_2025-06-17|2025-07-08_2025-07-17|2025-10-16_2025-10-25|2018-05-06_2018-05-15|2019-01-11_2019-01-20|2019-07-10_2019-07-19|2019-10-08_2019-10-17|2020-05-05_2020-05-14|2020-06-04_2020-06-13|2020-10-12_2020-10-21|2020-12-01_2020-12-10|2021-10-07_2021-10-16|2022-03-06_2022-03-15|2022-08-03_2022-08-12|2023-08-08_2023-08-17|2023-09-07_2023-09-16|2024-01-05_2024-01-14
0.3,2,CPI m/m|CPI y/y,Neutral|Neutral,23,19,4,82.6,17.4,4.75,2022-02-04_2022-02-13|2023-10-07_2023-10-16|2024-06-03_2024-06-12|2024-07-03_2024-07-12|2024-08-12_2024-08-21|2025-04-09_2025-04-18|2025-06-08_2025-06-17|2025-07-08_2025-07-17|2025-10-16_2025-10-25|2018-05-06_2018-05-15|2019-01-11_2019-01-20|2019-07-10_2019-07-19|2019-10-08_2019-10-17|2020-05-05_2020-05-14|2020-06-04_2020-06-13|2020-10-12_2020-10-21|2020-12-01_2020-12-10|2021-10-07_2021-10-16|2022-03-06_2022-03-15|2022-08-03_2022-08-12|2023-08-08_2023-08-17|2023-09-07_2023-09-16|2024-01-05_2024-01-14
0.3,2,CPI m/m|CPI y/y,Bad|Neutral,1,1,0,100.0,0.0,inf,2022-06-04_2022-06-13
0.3,2,CPI m/m|CPI y/y,Neutral|Bad,2,1,1,50.0,50.0,1.0,2020-08-03_2020-08-12|2022-07-04_2022-07-13
0.0,2,Core CPI m/m|PPI m/m,Neutral|Bad,3,3,0,100.0,0.0,inf,2023-10-07_2023-10-16|2020-10-12_2020-10-21|2023-08-08_2023-08-17
0.0,2,Core CPI m/m|PPI m/m,Good|Bad,2,2,0,100.0,0.0,inf,2024-07-03_2024-07-12|2020-06-04_2020-06-13
0.0,2,Core CPI m/m|PPI m/m,Neutral|Good,5,5,0,100.0,0.0,inf,2024-08-12_2024-08-21|2019-01-11_2019-01-20|2021-10-07_2021-10-16|2022-03-06_2022-03-15|2024-01-05_2024-01-14
0.0,2,Core CPI m/m|PPI m/m,Good|Good,7,5,2,71.4,28.6,2.5,2025-04-09_2025-04-18|2025-06-08_2025-06-17|2025-07-08_2025-07-17|2018-05-06_2018-05-15|2019-10-08_2019-10-17|2020-05-05_2020-05-14|2022-08-03_2022-08-12
0.0,2,Core CPI m/m|PPI m/m,Bad|Neutral,1,1,0,100.0,0.0,inf,2019-07-10_2019-07-19
0.0,2,Core CPI m/m|PPI m/m,Bad|Bad,2,2,0,100.0,0.0,inf,2020-08-03_2020-08-12|2023-09-07_2023-09-16
0.1,2,Core CPI m/m|PPI m/m,Neutral|Bad,4,4,0,100.0,0.0,inf,2023-10-07_2023-10-16|2020-06-04_2020-06-13|2020-10-12_2020-10-21|2023-09-07_2023-09-16
0.1,2,Core CPI m/m|PPI m/m,Neutral|Neutral,7,7,0,100.0,0.0,inf,2024-07-03_2024-07-12|2024-08-12_2024-08-21|2018-05-06_2018-05-15|2019-01-11_2019-01-20|2019-07-10_2019-07-19|2021-10-07_2021-10-16|2023-08-08_2023-08-17
0.1,2,Core CPI m/m|PPI m/m,Good|Good,3,3,0,100.0,0.0,inf,2025-04-09_2025-04-18|2020-05-05_2020-05-14|2022-08-03_2022-08-12
0.1,2,Core CPI m/m|PPI m/m,Good|Neutral,1,0,1,0.0,100.0,0.0,2025-06-08_2025-06-17
0.1,2,Core CPI m/m|PPI m/m,Neutral|Good,4,3,1,75.0,25.0,3.0,2025-07-08_2025-07-17|2019-10-08_2019-10-17|2022-03-06_2022-03-15|2024-01-05_2024-01-14
0.1,2,Core CPI m/m|PPI m/m,Bad|Bad,1,1,0,100.0,0.0,inf,2020-08-03_2020-08-12
0.2,2,Core CPI m/m|PPI m/m,Neutral|Neutral,13,12,1,92.3,7.7,12.0,2023-10-07_2023-10-16|2024-07-03_2024-07-12|2024-08-12_2024-08-21|2025-06-08_2025-06-17|2025-07-08_2025-07-17|2018-05-06_2018-05-15|2019-01-11_2019-01-20|2019-07-10_2019-07-19|2020-10-12_2020-10-21|2021-10-07_2021-10-16|2022-03-06_2022-03-15|2023-08-08_2023-08-17|2024-01-05_2024-01-14
0.2,2,Core CPI m/m|PPI m/m,Neutral|Good,4,3,1,75.0,25.0,3.0,2025-04-09_2025-04-18|2019-10-08_2019-10-17|2020-05-05_2020-05-14|2022-08-03_2022-08-12
0.2,2,Core CPI m/m|PPI m/m,Neutral|Bad,2,2,0,100.0,0.0,inf,2020-06-04_2020-06-13|2023-09-07_2023-09-16
0.2,2,Core CPI m/m|PPI m/m,Bad|Bad,1,1,0,100.0,0.0,inf,2020-08-03_2020-08-12
0.3,2,Core CPI m/m|PPI m/m,Neutral|Neutral,14,13,1,92.9,7.1,13.0,2023-10-07_2023-10-16|2024-07-03_2024-07-12|2024-08-12_2024-08-21|2025-06-08_2025-06-17|2025-07-08_2025-07-17|2018-05-06_2018-05-15|2019-01-11_2019-01-20|2019-07-10_2019-07-19|2020-10-12_2020-10-21|2021-10-07_2021-10-16|2022-03-06_2022-03-15|2023-08-08_2023-08-17|2023-09-07_2023-09-16|2024-01-05_2024-01-14
0.3,2,Core CPI m/m|PPI m/m,Neutral|Good,4,3,1,75.0,25.0,3.0,2025-04-09_2025-04-18|2019-10-08_2019-10-17|2020-05-05_2020-05-14|2022-08-03_2022-08-12
0.3,2,Core CPI m/m|PPI m/m,Neutral|Bad,1,1,0,100.0,0.0,inf,2020-06-04_2020-06-13
0.3,2,Core CPI m/m|PPI m/m,Bad|Neutral,1,1,0,100.0,0.0,inf,2020-08-03_2020-08-12
0.0,2,Core CPI m/m|Core PPI m/m,Neutral|Bad,3,3,0,100.0,0.0,inf,2023-10-07_2023-10-16|2020-10-12_2020-10-21|2023-08-08_2023-08-17
0.0,2,Core CPI m/m|Core PPI m/m,Good|Bad,1,1,0,100.0,0.0,inf,2024-07-03_2024-07-12
0.0,2,Core CPI m/m|Core PPI m/m,Neutral|Good,5,5,0,100.0,0.0,inf,2024-08-12_2024-08-21|2019-01-11_2019-01-20|2021-10-07_2021-10-16|2022-03-06_2022-03-15|2024-01-05_2024-01-14
0.0,2,Core CPI m/m|Core PPI m/m,Good|Good,6,4,2,66.7,33.3,2.0,2025-04-09_2025-04-18|2025-06-08_2025-06-17|2025-07-08_2025-07-17|2019-10-08_2019-10-17|2020-05-05_2020-05-14|2022-08-03_2022-08-12
0.0,2,Core CPI m/m|Core PPI m/m,Good|Neutral,2,2,0,100.0,0.0,inf,2018-05-06_2018-05-15|2020-06-04_2020-06-13
0.0,2,Core CPI m/m|Core PPI m/m,Bad|Bad,2,2,0,100.0,0.0,inf,2019-07-10_2019-07-19|2020-08-03_2020-08-12
0.0,2,Core CPI m/m|Core PPI m/m,Bad|Neutral,1,1,0,100.0,0.0,inf,2023-09-07_2023-09-16
0.1,2,Core CPI m/m|Core PPI m/m,Neutral|Neutral,6,6,0,100.0,0.0,inf,2023-10-07_2023-10-16|2018-05-06_2018-05-15|2019-07-10_2019-07-19|2020-06-04_2020-06-13|2023-08-08_2023-08-17|2023-09-07_2023-09-16
0.1,2,Core CPI m/m|Core PPI m/m,Neutral|Bad,2,2,0,100.0,0.0,inf,2024-07-03_2024-07-12|2020-10-12_2020-10-21
0.1,2,Core CPI m/m|Core PPI m/m,Neutral|Good,7,6,1,85.7,14.3,6.0,2024-08-12_2024-08-21|2025-07-08_2025-07-17|2019-01-11_2019-01-20|2019-10-08_2019-10-17|2021-10-07_2021-10-16|2022-03-06_2022-03-15|2024-01-05_2024-01-14
0.1,2,Core CPI m/m|Core PPI m/m,Good|Good,4,3,1,75.0,25.0,3.0,2025-04-09_2025-04-18|2025-06-08_2025-06-17|2020-05-05_2020-05-14|2022-08-03_2022-08-12
0.1,2,Core CPI m/m|Core PPI m/m,Bad|Bad,1,1,0,100.0,0.0,inf,2020-08-03_2020-08-12
0.2,2,Core CPI m/m|Core PPI m/m,Neutral|Neutral,14,13,1,92.9,7.1,13.0,2023-10-07_2023-10-16|2024-07-03_2024-07-12|2024-08-12_2024-08-21|2025-06-08_2025-06-17|2025-07-08_2025-07-17|2018-05-06_2018-05-15|2019-07-10_2019-07-19|2020-05-05_2020-05-14|2020-06-04_2020-06-13|2020-10-12_2020-10-21|2022-08-03_2022-08-12|2023-08-08_2023-08-17|2023-09-07_2023-09-16|2024-01-05_2024-01-14
0.2,2,Core CPI m/m|Core PPI m/m,Neutral|Good,5,4,1,80.0,20.0,4.0,2025-04-09_2025-04-18|2019-01-11_2019-01-20|2019-10-08_2019-10-17|2021-10-07_2021-10-16|2022-03-06_2022-03-15
0.2,2,Core CPI m/m|Core PPI m/m,Bad|Bad,1,1,0,100.0,0.0,inf,2020-08-03_2020-08-12
0.3,2,Core CPI m/m|Core PPI m/m,Neutral|Neutral,15,14,1,93.3,6.7,14.0,2023-10-07_2023-10-16|2024-07-03_2024-07-12|2024-08-12_2024-08-21|2025-06-08_2025-06-17|2025-07-08_2025-07-17|2018-05-06_2018-05-15|2019-07-10_2019-07-19|2020-05-05_2020-05-14|2020-06-04_2020-06-13|2020-10-12_2020-10-21|2021-10-07_2021-10-16|2022-08-03_2022-08-12|2023-08-08_2023-08-17|2023-09-07_2023-09-16|2024-01-05_2024-01-14
0.3,2,Core CPI m/m|Core PPI m/m,Neutral|Good,4,3,1,75.0,25.0,3.0,2025-04-09_2025-04-18|2019-01-11_2019-01-20|2019-10-08_2019-10-17|2022-03-06_2022-03-15
0.3,2,Core CPI m/m|Core PPI m/m,Bad|Bad,1,1,0,100.0,0.0,inf,2020-08-03_2020-08-12
0.0,2,Core CPI m/m|FOMC,Good|Neutral,1,0,1,0.0,100.0,0.0,2024-06-03_2024-06-12
0.1,2,Core CPI m/m|FOMC,Neutral|Neutral,1,0,1,0.0,100.0,0.0,2024-06-03_2024-06-12
0.2,2,Core CPI m/m|FOMC,Neutral|Neutral,1,0,1,0.0,100.0,0.0,2024-06-03_2024-06-12
0.3,2,Core CPI m/m|FOMC,Neutral|Neutral,1,0,1,0.0,100.0,0.0,2024-06-03_2024-06-12
0.0,2,Core CPI m/m|CPI y/y,Bad|Bad,5,3,2,60.0,40.0,1.5,2022-02-04_2022-02-13|2022-06-04_2022-06-13|2020-08-03_2020-08-12|2022-07-04_2022-07-13|2023-09-07_2023-09-16
0.0,2,Core CPI m/m|CPI y/y,Neutral|Bad,3,3,0,100.0,0.0,inf,2023-10-07_2023-10-16|2021-10-07_2021-10-16|2024-01-05_2024-01-14
0.0,2,Core CPI m/m|CPI y/y,Good|Good,9,6,3,66.7,33.3,2.0,2024-06-03_2024-06-12|2024-07-03_2024-07-12|2025-04-09_2025-04-18|2025-06-08_2025-06-17|2025-10-16_2025-10-25|2019-10-08_2019-10-17|2020-05-05_2020-05-14|2020-06-04_2020-06-13|2022-08-03_2022-08-12
0.0,2,Core CPI m/m|CPI y/y,Neutral|Good,2,2,0,100.0,0.0,inf,2024-08-12_2024-08-21|2023-08-08_2023-08-17
0.0,2,Core CPI m/m|CPI y/y,Good|Bad,1,1,0,100.0,0.0,inf,2025-07-08_2025-07-17
0.0,2,Core CPI m/m|CPI y/y,Good|Neutral,1,1,0,100.0,0.0,inf,2018-05-06_2018-05-15
0.0,2,Core CPI m/m|CPI y/y,Neutral|Neutral,3,3,0,100.0,0.0,inf,2019-01-11_2019-01-20|2020-10-12_2020-10-21|2022-03-06_2022-03-15
0.0,2,Core CPI m/m|CPI y/y,Bad|Neutral,2,2,0,100.0,0.0,inf,2019-07-10_2019-07-19|2020-12-01_2020-12-10
0.1,2,Core CPI m/m|CPI y/y,Neutral|Bad,7,6,1,85.7,14.3,6.0,2022-02-04_2022-02-13|2022-06-04_2022-06-13|2023-10-07_2023-10-16|2025-07-08_2025-07-17|2021-10-07_2021-10-16|2023-09-07_2023-09-16|2024-01-05_2024-01-14
0.1,2,Core CPI m/m|CPI y/y,Neutral|Good,6,4,2,66.7,33.3,2.0,2024-06-03_2024-06-12|2024-07-03_2024-07-12|2024-08-12_2024-08-21|2025-10-16_2025-10-25|2019-10-08_2019-10-17|2020-06-04_2020-06-13
0.1,2,Core CPI m/m|CPI y/y,Good|Good,4,3,1,75.0,25.0,3.0,2025-04-09_2025-04-18|2025-06-08_2025-06-17|2020-05-05_2020-05-14|2022-08-03_2022-08-12
0.1,2,Core CPI m/m|CPI y/y,Neutral|Neutral,7,7,0,100.0,0.0,inf,2018-05-06_2018-05-15|2019-01-11_2019-01-20|2019-07-10_2019-07-19|2020-10-12_2020-10-21|2020-12-01_2020-12-10|2022-03-06_2022-03-15|2023-08-08_2023-08-17
0.1,2,Core CPI m/m|CPI y/y,Bad|Bad,2,1,1,50.0,50.0,1.0,2020-08-03_2020-08-12|2022-07-04_2022-07-13
0.2,2,Core CPI m/m|CPI y/y,Neutral|Bad,3,1,2,33.3,66.7,0.5,2022-02-04_2022-02-13|2022-06-04_2022-06-13|2022-07-04_2022-07-13
0.2,2,Core CPI m/m|CPI y/y,Neutral|Neutral,22,19,3,86.4,13.6,6.33,2023-10-07_2023-10-16|2024-06-03_2024-06-12|2024-07-03_2024-07-12|2024-08-12_2024-08-21|2025-04-09_2025-04-18|2025-06-08_2025-06-17|2025-07-08_2025-07-17|2025-10-16_2025-10-25|2018-05-06_2018-05-15|2019-01-11_2019-01-20|2019-07-10_2019-07-19|2019-10-08_2019-10-17|2020-05-05_2020-05-14|2020-06-04_2020-06-13|2020-10-12_2020-10-21|2020-12-01_2020-12-10|2021-10-07_2021-10-16|2022-03-06_2022-03-15|2022-08-03_2022-08-12|2023-08-08_2023-08-17|2023-09-07_2023-09-16|2024-01-05_2024-01-14
0.2,2,Core CPI m/m|CPI y/y,Bad|Bad,1,1,0,100.0,0.0,inf,2020-08-03_2020-08-12
0.3,2,Core CPI m/m|CPI y/y,Neutral|Neutral,24,20,4,83.3,16.7,5.0,2022-02-04_2022-02-13|2022-06-04_2022-06-13|2023-10-07_2023-10-16|2024-06-03_2024-06-12|2024-07-03_2024-07-12|2024-08-12_2024-08-21|2025-04-09_2025-04-18|2025-06-08_2025-06-17|2025-07-08_2025-07-17|2025-10-16_2025-10-25|2018-05-06_2018-05-15|2019-01-11_2019-01-20|2019-07-10_2019-07-19|2019-10-08_2019-10-17|2020-05-05_2020-05-14|2020-06-04_2020-06-13|2020-10-12_2020-10-21|2020-12-01_2020-12-10|2021-10-07_2021-10-16|2022-03-06_2022-03-15|2022-08-03_2022-08-12|2023-08-08_2023-08-17|2023-09-07_2023-09-16|2024-01-05_2024-01-14
0.3,2,Core CPI m/m|CPI y/y,Bad|Bad,1,1,0,100.0,0.0,inf,2020-08-03_2020-08-12
0.3,2,Core CPI m/m|CPI y/y,Neutral|Bad,1,0,1,0.0,100.0,0.0,2022-07-04_2022-07-13
0.0,2,PPI m/m|Core PPI m/m,Bad|Bad,6,6,0,100.0,0.0,inf,2023-10-07_2023-10-16|2024-07-03_2024-07-12|2026-01-24_2026-02-02|2020-08-03_2020-08-12|2020-10-12_2020-10-21|2023-08-08_2023-08-17
0.0,2,PPI m/m|Core PPI m/m,Good|Good,11,9,2,81.8,18.2,4.5,2024-08-12_2024-08-21|2025-04-09_2025-04-18|2025-06-08_2025-06-17|2025-07-08_2025-07-17|2019-01-11_2019-01-20|2019-10-08_2019-10-17|2020-05-05_2020-05-14|2021-10-07_2021-10-16|2022-03-06_2022-03-15|2022-08-03_2022-08-12|2024-01-05_2024-01-14
0.0,2,PPI m/m|Core PPI m/m,Good|Neutral,1,1,0,100.0,0.0,inf,2018-05-06_2018-05-15
0.0,2,PPI m/m|Core PPI m/m,Neutral|Bad,1,1,0,100.0,0.0,inf,2019-07-10_2019-07-19
0.0,2,PPI m/m|Core PPI m/m,Bad|Neutral,2,2,0,100.0,0.0,inf,2020-06-04_2020-06-13|2023-09-07_2023-09-16
0.1,2,PPI m/m|Core PPI m/m,Bad|Neutral,3,3,0,100.0,0.0,inf,2023-10-07_2023-10-16|2020-06-04_2020-06-13|2023-09-07_2023-09-16
0.1,2,PPI m/m|Core PPI m/m,Neutral|Bad,1,1,0,100.0,0.0,inf,2024-07-03_2024-07-12
0.1,2,PPI m/m|Core PPI m/m,Neutral|Good,4,3,1,75.0,25.0,3.0,2024-08-12_2024-08-21|2025-06-08_2025-06-17|2019-01-11_2019-01-20|2021-10-07_2021-10-16
0.1,2,PPI m/m|Core PPI m/m,Good|Good,7,6,1,85.7,14.3,6.0,2025-04-09_2025-04-18|2025-07-08_2025-07-17|2019-10-08_2019-10-17|2020-05-05_2020-05-14|2022-03-06_2022-03-15|2022-08-03_2022-08-12|2024-01-05_2024-01-14
0.1,2,PPI m/m|Core PPI m/m,Bad|Bad,3,3,0,100.0,0.0,inf,2026-01-24_2026-02-02|2020-08-03_2020-08-12|2020-10-12_2020-10-21
0.1,2,PPI m/m|Core PPI m/m,Neutral|Neutral,3,3,0,100.0,0.0,inf,2018-05-06_2018-05-15|2019-07-10_2019-07-19|2023-08-08_2023-08-17
0.2,2,PPI m/m|Core PPI m/m,Neutral|Neutral,10,9,1,90.0,10.0,9.0,2023-10-07_2023-10-16|2024-07-03_2024-07-12|2024-08-12_2024-08-21|2025-06-08_2025-06-17|2025-07-08_2025-07-17|2018-05-06_2018-05-15|2019-07-10_2019-07-19|2020-10-12_2020-10-21|2023-08-08_2023-08-17|2024-01-05_2024-01-14
0.2,2,PPI m/m|Core PPI m/m,Good|Good,2,1,1,50.0,50.0,1.0,2025-04-09_2025-04-18|2019-10-08_2019-10-17
0.2,2,PPI m/m|Core PPI m/m,Bad|Bad,2,2,0,100.0,0.0,inf,2026-01-24_2026-02-02|2020-08-03_2020-08-12
0.2,2,PPI m/m|Core PPI m/m,Neutral|Good,3,3,0,100.0,0.0,inf,2019-01-11_2019-01-20|2021-10-07_2021-10-16|2022-03-06_2022-03-15
0.2,2,PPI m/m|Core PPI m/m,Good|Neutral,2,2,0,100.0,0.0,inf,2020-05-05_2020-05-14|2022-08-03_2022-08-12
0.2,2,PPI m/m|Core PPI m/m,Bad|Neutral,2,2,0,100.0,0.0,inf,2020-06-04_2020-06-13|2023-09-07_2023-09-16
0.3,2,PPI m/m|Core PPI m/m,Neutral|Neutral,12,11,1,91.7,8.3,11.0,2023-10-07_2023-10-16|2024-07-03_2024-07-12|2024-08-12_2024-08-21|2025-06-08_2025-06-17|2025-07-08_2025-07-17|2018-05-06_2018-05-15|2019-07-10_2019-07-19|2020-10-12_2020-10-21|2021-10-07_2021-10-16|2023-08-08_2023-08-17|2023-09-07_2023-09-16|2024-01-05_2024-01-14
0.3,2,PPI m/m|Core PPI m/m,Good|Good,2,1,1,50.0,50.0,1.0,2025-04-09_2025-04-18|2019-10-08_2019-10-17
0.3,2,PPI m/m|Core PPI m/m,Neutral|Bad,2,2,0,100.0,0.0,inf,2026-01-24_2026-02-02|2020-08-03_2020-08-12
0.3,2,PPI m/m|Core PPI m/m,Neutral|Good,2,2,0,100.0,0.0,inf,2019-01-11_2019-01-20|2022-03-06_2022-03-15
0.3,2,PPI m/m|Core PPI m/m,Good|Neutral,2,2,0,100.0,0.0,inf,2020-05-05_2020-05-14|2022-08-03_2022-08-12
0.3,2,PPI m/m|Core PPI m/m,Bad|Neutral,1,1,0,100.0,0.0,inf,2020-06-04_2020-06-13
0.0,2,PPI m/m|CPI y/y,Bad|Bad,3,3,0,100.0,0.0,inf,2023-10-07_2023-10-16|2020-08-03_2020-08-12|2023-09-07_2023-09-16
0.0,2,PPI m/m|CPI y/y,Bad|Good,3,3,0,100.0,0.0,inf,2024-07-03_2024-07-12|2020-06-04_2020-06-13|2023-08-08_2023-08-17
0.0,2,PPI m/m|CPI y/y,Good|Good,6,4,2,66.7,33.3,2.0,2024-08-12_2024-08-21|2025-04-09_2025-04-18|2025-06-08_2025-06-17|2019-10-08_2019-10-17|2020-05-05_2020-05-14|2022-08-03_2022-08-12
0.0,2,PPI m/m|CPI y/y,Good|Bad,3,3,0,100.0,0.0,inf,2025-07-08_2025-07-17|2021-10-07_2021-10-16|2024-01-05_2024-01-14
0.0,2,PPI m/m|CPI y/y,Good|Neutral,3,3,0,100.0,0.0,inf,2018-05-06_2018-05-15|2019-01-11_2019-01-20|2022-03-06_2022-03-15
0.0,2,PPI m/m|CPI y/y,Neutral|Neutral,1,1,0,100.0,0.0,inf,2019-07-10_2019-07-19
0.0,2,PPI m/m|CPI y/y,Bad|Neutral,1,1,0,100.0,0.0,inf,2020-10-12_2020-10-21
0.1,2,PPI m/m|CPI y/y,Bad|Bad,3,3,0,100.0,0.0,inf,2023-10-07_2023-10-16|2020-08-03_2020-08-12|2023-09-07_2023-09-16
0.1,2,PPI m/m|CPI y/y,Neutral|Good,3,2,1,66.7,33.3,2.0,2024-07-03_2024-07-12|2024-08-12_2024-08-21|2025-06-08_2025-06-17
0.1,2,PPI m/m|CPI y/y,Good|Good,4,3,1,75.0,25.0,3.0,2025-04-09_2025-04-18|2019-10-08_2019-10-17|2020-05-05_2020-05-14|2022-08-03_2022-08-12
0.1,2,PPI m/m|CPI y/y,Good|Bad,2,2,0,100.0,0.0,inf,2025-07-08_2025-07-17|2024-01-05_2024-01-14
0.1,2,PPI m/m|CPI y/y,Neutral|Neutral,4,4,0,100.0,0.0,inf,2018-05-06_2018-05-15|2019-01-11_2019-01-20|2019-07-10_2019-07-19|2023-08-08_2023-08-17
0.1,2,PPI m/m|CPI y/y,Bad|Good,1,1,0,100.0,0.0,inf,2020-06-04_2020-06-13
0.1,2,PPI m/m|CPI y/y,Bad|Neutral,1,1,0,100.0,0.0,inf,2020-10-12_2020-10-21
0.1,2,PPI m/m|CPI y/y,Neutral|Bad,1,1,0,100.0,0.0,inf,2021-10-07_2021-10-16
0.1,2,PPI m/m|CPI y/y,Good|Neutral,1,1,0,100.0,0.0,inf,2022-03-06_2022-03-15
0.2,2,PPI m/m|CPI y/y,Neutral|Neutral,13,12,1,92.3,7.7,12.0,2023-10-07_2023-10-16|2024-07-03_2024-07-12|2024-08-12_2024-08-21|2025-06-08_2025-06-17|2025-07-08_2025-07-17|2018-05-06_2018-05-15|2019-01-11_2019-01-20|2019-07-10_2019-07-19|2020-10-12_2020-10-21|2021-10-07_2021-10-16|2022-03-06_2022-03-15|2023-08-08_2023-08-17|2024-01-05_2024-01-14
0.2,2,PPI m/m|CPI y/y,Good|Neutral,4,3,1,75.0,25.0,3.0,2025-04-09_2025-04-18|2019-10-08_2019-10-17|2020-05-05_2020-05-14|2022-08-03_2022-08-12
0.2,2,PPI m/m|CPI y/y,Bad|Neutral,2,2,0,100.0,0.0,inf,2020-06-04_2020-06-13|2023-09-07_2023-09-16
0.2,2,PPI m/m|CPI y/y,Bad|Bad,1,1,0,100.0,0.0,inf,2020-08-03_2020-08-12
0.3,2,PPI m/m|CPI y/y,Neutral|Neutral,14,13,1,92.9,7.1,13.0,2023-10-07_2023-10-16|2024-07-03_2024-07-12|2024-08-12_2024-08-21|2025-06-08_2025-06-17|2025-07-08_2025-07-17|2018-05-06_2018-05-15|2019-01-11_2019-01-20|2019-07-10_2019-07-19|2020-10-12_2020-10-21|2021-10-07_2021-10-16|2022-03-06_2022-03-15|2023-08-08_2023-08-17|2023-09-07_2023-09-16|2024-01-05_2024-01-14
0.3,2,PPI m/m|CPI y/y,Good|Neutral,4,3,1,75.0,25.0,3.0,2025-04-09_2025-04-18|2019-10-08_2019-10-17|2020-05-05_2020-05-14|2022-08-03_2022-08-12
0.3,2,PPI m/m|CPI y/y,Bad|Neutral,1,1,0,100.0,0.0,inf,2020-06-04_2020-06-13
0.3,2,PPI m/m|CPI y/y,Neutral|Bad,1,1,0,100.0,0.0,inf,2020-08-03_2020-08-12
0.0,2,Core PPI m/m|CPI y/y,Bad|Bad,2,2,0,100.0,0.0,inf,2023-10-07_2023-10-16|2020-08-03_2020-08-12
0.0,2,Core PPI m/m|CPI y/y,Bad|Good,2,2,0,100.0,0.0,inf,2024-07-03_2024-07-12|2023-08-08_2023-08-17
0.0,2,Core PPI m/m|CPI y/y,Good|Good,6,4,2,66.7,33.3,2.0,2024-08-12_2024-08-21|2025-04-09_2025-04-18|2025-06-08_2025-06-17|2019-10-08_2019-10-17|2020-05-05_2020-05-14|2022-08-03_2022-08-12
0.0,2,Core PPI m/m|CPI y/y,Good|Bad,3,3,0,100.0,0.0,inf,2025-07-08_2025-07-17|2021-10-07_2021-10-16|2024-01-05_2024-01-14
0.0,2,Core PPI m/m|CPI y/y,Neutral|Neutral,1,1,0,100.0,0.0,inf,2018-05-06_2018-05-15
0.0,2,Core PPI m/m|CPI y/y,Good|Neutral,2,2,0,100.0,0.0,inf,2019-01-11_2019-01-20|2022-03-06_2022-03-15
0.0,2,Core PPI m/m|CPI y/y,Bad|Neutral,2,2,0,100.0,0.0,inf,2019-07-10_2019-07-19|2020-10-12_2020-10-21
0.0,2,Core PPI m/m|CPI y/y,Neutral|Good,1,1,0,100.0,0.0,inf,2020-06-04_2020-06-13
0.0,2,Core PPI m/m|CPI y/y,Neutral|Bad,1,1,0,100.0,0.0,inf,2023-09-07_2023-09-16
0.1,2,Core PPI m/m|CPI y/y,Neutral|Bad,2,2,0,100.0,0.0,inf,2023-10-07_2023-10-16|2023-09-07_2023-09-16
0.1,2,Core PPI m/m|CPI y/y,Bad|Good,1,1,0,100.0,0.0,inf,2024-07-03_2024-07-12
0.1,2,Core PPI m/m|CPI y/y,Good|Good,6,4,2,66.7,33.3,2.0,2024-08-12_2024-08-21|2025-04-09_2025-04-18|2025-06-08_2025-06-17|2019-10-08_2019-10-17|2020-05-05_2020-05-14|2022-08-03_2022-08-12
0.1,2,Core PPI m/m|CPI y/y,Good|Bad,3,3,0,100.0,0.0,inf,2025-07-08_2025-07-17|2021-10-07_2021-10-16|2024-01-05_2024-01-14
0.1,2,Core PPI m/m|CPI y/y,Neutral|Neutral,3,3,0,100.0,0.0,inf,2018-05-06_2018-05-15|2019-07-10_2019-07-19|2023-08-08_2023-08-17
0.1,2,Core PPI m/m|CPI y/y,Good|Neutral,2,2,0,100.0,0.0,inf,2019-01-11_2019-01-20|2022-03-06_2022-03-15
0.1,2,Core PPI m/m|CPI y/y,Neutral|Good,1,1,0,100.0,0.0,inf,2020-06-04_2020-06-13
0.1,2,Core PPI m/m|CPI y/y,Bad|Bad,1,1,0,100.0,0.0,inf,2020-08-03_2020-08-12
0.1,2,Core PPI m/m|CPI y/y,Bad|Neutral,1,1,0,100.0,0.0,inf,2020-10-12_2020-10-21
0.2,2,Core PPI m/m|CPI y/y,Neutral|Neutral,14,13,1,92.9,7.1,13.0,2023-10-07_2023-10-16|2024-07-03_2024-07-12|2024-08-12_2024-08-21|2025-06-08_2025-06-17|2025-07-08_2025-07-17|2018-05-06_2018-05-15|2019-07-10_2019-07-19|2020-05-05_2020-05-14|2020-06-04_2020-06-13|2020-10-12_2020-10-21|2022-08-03_2022-08-12|2023-08-08_2023-08-17|2023-09-07_2023-09-16|2024-01-05_2024-01-14
0.2,2,Core PPI m/m|CPI y/y,Good|Neutral,5,4,1,80.0,20.0,4.0,2025-04-09_2025-04-18|2019-01-11_2019-01-20|2019-10-08_2019-10-17|2021-10-07_2021-10-16|2022-03-06_2022-03-15
0.2,2,Core PPI m/m|CPI y/y,Bad|Bad,1,1,0,100.0,0.0,inf,2020-08-03_2020-08-12
0.3,2,Core PPI m/m|CPI y/y,Neutral|Neutral,15,14,1,93.3,6.7,14.0,2023-10-07_2023-10-16|2024-07-03_2024-07-12|2024-08-12_2024-08-21|2025-06-08_2025-06-17|2025-07-08_2025-07-17|2018-05-06_2018-05-15|2019-07-10_2019-07-19|2020-05-05_2020-05-14|2020-06-04_2020-06-13|2020-10-12_2020-10-21|2021-10-07_2021-10-16|2022-08-03_2022-08-12|2023-08-08_2023-08-17|2023-09-07_2023-09-16|2024-01-05_2024-01-14
0.3,2,Core PPI m/m|CPI y/y,Good|Neutral,4,3,1,75.0,25.0,3.0,2025-04-09_2025-04-18|2019-01-11_2019-01-20|2019-10-08_2019-10-17|2022-03-06_2022-03-15
0.3,2,Core PPI m/m|CPI y/y,Bad|Bad,1,1,0,100.0,0.0,inf,2020-08-03_2020-08-12
0.0,2,FOMC|CPI y/y,Neutral|Good,1,0,1,0.0,100.0,0.0,2024-06-03_2024-06-12
0.1,2,FOMC|CPI y/y,Neutral|Good,1,0,1,0.0,100.0,0.0,2024-06-03_2024-06-12
0.2,2,FOMC|CPI y/y,Neutral|Neutral,1,0,1,0.0,100.0,0.0,2024-06-03_2024-06-12
0.3,2,FOMC|CPI y/y,Neutral|Neutral,1,0,1,0.0,100.0,0.0,2024-06-03_2024-06-12
0.0,3,CPI m/m|Core CPI m/m|PPI m/m,Bad|Neutral|Bad,1,1,0,100.0,0.0,inf,2023-10-07_2023-10-16
0.0,3,CPI m/m|Core CPI m/m|PPI m/m,Good|Good|Bad,2,2,0,100.0,0.0,inf,2024-07-03_2024-07-12|2020-06-04_2020-06-13
0.0,3,CPI m/m|Core CPI m/m|PPI m/m,Neutral|Neutral|Good,3,3,0,100.0,0.0,inf,2024-08-12_2024-08-21|2019-01-11_2019-01-20|2022-03-06_2022-03-15
0.0,3,CPI m/m|Core CPI m/m|PPI m/m,Good|Good|Good,6,4,2,66.7,33.3,2.0,2025-04-09_2025-04-18|2025-06-08_2025-06-17|2018-05-06_2018-05-15|2019-10-08_2019-10-17|2020-05-05_2020-05-14|2022-08-03_2022-08-12
0.0,3,CPI m/m|Core CPI m/m|PPI m/m,Neutral|Good|Good,1,1,0,100.0,0.0,inf,2025-07-08_2025-07-17
0.0,3,CPI m/m|Core CPI m/m|PPI m/m,Bad|Bad|Neutral,1,1,0,100.0,0.0,inf,2019-07-10_2019-07-19
0.0,3,CPI m/m|Core CPI m/m|PPI m/m,Bad|Bad|Bad,1,1,0,100.0,0.0,inf,2020-08-03_2020-08-12
0.0,3,CPI m/m|Core CPI m/m|PPI m/m,Neutral|Neutral|Bad,2,2,0,100.0,0.0,inf,2020-10-12_2020-10-21|2023-08-08_2023-08-17
0.0,3,CPI m/m|Core CPI m/m|PPI m/m,Bad|Neutral|Good,2,2,0,100.0,0.0,inf,2021-10-07_2021-10-16|2024-01-05_2024-01-14
0.0,3,CPI m/m|Core CPI m/m|PPI m/m,Neutral|Bad|Bad,1,1,0,100.0,0.0,inf,2023-09-07_2023-09-16
0.1,3,CPI m/m|Core CPI m/m|PPI m/m,Bad|Neutral|Bad,1,1,0,100.0,0.0,inf,2023-10-07_2023-10-16
0.1,3,CPI m/m|Core CPI m/m|PPI m/m,Good|Neutral|Neutral,1,1,0,100.0,0.0,inf,2024-07-03_2024-07-12
0.1,3,CPI m/m|Core CPI m/m|PPI m/m,Neutral|Neutral|Neutral,5,5,0,100.0,0.0,inf,2024-08-12_2024-08-21|2018-05-06_2018-05-15|2019-01-11_2019-01-20|2019-07-10_2019-07-19|2023-08-08_2023-08-17
0.1,3,CPI m/m|Core CPI m/m|PPI m/m,Good|Good|Good,3,3,0,100.0,0.0,inf,2025-04-09_2025-04-18|2020-05-05_2020-05-14|2022-08-03_2022-08-12
0.1,3,CPI m/m|Core CPI m/m|PPI m/m,Neutral|Good|Neutral,1,0,1,0.0,100.0,0.0,2025-06-08_2025-06-17
0.1,3,CPI m/m|Core CPI m/m|PPI m/m,Neutral|Neutral|Good,4,3,1,75.0,25.0,3.0,2025-07-08_2025-07-17|2019-10-08_2019-10-17|2022-03-06_2022-03-15|2024-01-05_2024-01-14
0.1,3,CPI m/m|Core CPI m/m|PPI m/m,Neutral|Neutral|Bad,3,3,0,100.0,0.0,inf,2020-06-04_2020-06-13|2020-10-12_2020-10-21|2023-09-07_2023-09-16
0.1,3,CPI m/m|Core CPI m/m|PPI m/m,Bad|Bad|Bad,1,1,0,100.0,0.0,inf,2020-08-03_2020-08-12
0.1,3,CPI m/m|Core CPI m/m|PPI m/m,Bad|Neutral|Neutral,1,1,0,100.0,0.0,inf,2021-10-07_2021-10-16
0.2,3,CPI m/m|Core CPI m/m|PPI m/m,Neutral|Neutral|Neutral,13,12,1,92.3,7.7,12.0,2023-10-07_2023-10-16|2024-07-03_2024-07-12|2024-08-12_2024-08-21|2025-06-08_2025-06-17|2025-07-08_2025-07-17|2018-05-06_2018-05-15|2019-01-11_2019-01-20|2019-07-10_2019-07-19|2020-10-12_2020-10-21|2021-10-07_2021-10-16|2022-03-06_2022-03-15|2023-08-08_2023-08-17|2024-01-05_2024-01-14
0.2,3,CPI m/m|Core CPI m/m|PPI m/m,Neutral|Neutral|Good,4,3,1,75.0,25.0,3.0,2025-04-09_2025-04-18|2019-10-08_2019-10-17|2020-05-05_2020-05-14|2022-08-03_2022-08-12
0.2,3,CPI m/m|Core CPI m/m|PPI m/m,Neutral|Neutral|Bad,2,2,0,100.0,0.0,inf,2020-06-04_2020-06-13|2023-09-07_2023-09-16
0.2,3,CPI m/m|Core CPI m/m|PPI m/m,Bad|Bad|Bad,1,1,0,100.0,0.0,inf,2020-08-03_2020-08-12
0.3,3,CPI m/m|Core CPI m/m|PPI m/m,Neutral|Neutral|Neutral,14,13,1,92.9,7.1,13.0,2023-10-07_2023-10-16|2024-07-03_2024-07-12|2024-08-12_2024-08-21|2025-06-08_2025-06-17|2025-07-08_2025-07-17|2018-05-06_2018-05-15|2019-01-11_2019-01-20|2019-07-10_2019-07-19|2020-10-12_2020-10-21|2021-10-07_2021-10-16|2022-03-06_2022-03-15|2023-08-08_2023-08-17|2023-09-07_2023-09-16|2024-01-05_2024-01-14
0.3,3,CPI m/m|Core CPI m/m|PPI m/m,Neutral|Neutral|Good,4,3,1,75.0,25.0,3.0,2025-04-09_2025-04-18|2019-10-08_2019-10-17|2020-05-05_2020-05-14|2022-08-03_2022-08-12
0.3,3,CPI m/m|Core CPI m/m|PPI m/m,Neutral|Neutral|Bad,1,1,0,100.0,0.0,inf,2020-06-04_2020-06-13
0.3,3,CPI m/m|Core CPI m/m|PPI m/m,Neutral|Bad|Neutral,1,1,0,100.0,0.0,inf,2020-08-03_2020-08-12
0.0,3,CPI m/m|Core CPI m/m|Core PPI m/m,Bad|Neutral|Bad,1,1,0,100.0,0.0,inf,2023-10-07_2023-10-16
0.0,3,CPI m/m|Core CPI m/m|Core PPI m/m,Good|Good|Bad,1,1,0,100.0,0.0,inf,2024-07-03_2024-07-12
0.0,3,CPI m/m|Core CPI m/m|Core PPI m/m,Neutral|Neutral|Good,3,3,0,100.0,0.0,inf,2024-08-12_2024-08-21|2019-01-11_2019-01-20|2022-03-06_2022-03-15
0.0,3,CPI m/m|Core CPI m/m|Core PPI m/m,Good|Good|Good,5,3,2,60.0,40.0,1.5,2025-04-09_2025-04-18|2025-06-08_2025-06-17|2019-10-08_2019-10-17|2020-05-05_2020-05-14|2022-08-03_2022-08-12
0.0,3,CPI m/m|Core CPI m/m|Core PPI m/m,Neutral|Good|Good,1,1,0,100.0,0.0,inf,2025-07-08_2025-07-17
0.0,3,CPI m/m|Core CPI m/m|Core PPI m/m,Good|Good|Neutral,2,2,0,100.0,0.0,inf,2018-05-06_2018-05-15|2020-06-04_2020-06-13
0.0,3,CPI m/m|Core CPI m/m|Core PPI m/m,Bad|Bad|Bad,2,2,0,100.0,0.0,inf,2019-07-10_2019-07-19|2020-08-03_2020-08-12
0.0,3,CPI m/m|Core CPI m/m|Core PPI m/m,Neutral|Neutral|Bad,2,2,0,100.0,0.0,inf,2020-10-12_2020-10-21|2023-08-08_2023-08-17
0.0,3,CPI m/m|Core CPI m/m|Core PPI m/m,Bad|Neutral|Good,2,2,0,100.0,0.0,inf,2021-10-07_2021-10-16|2024-01-05_2024-01-14
0.0,3,CPI m/m|Core CPI m/m|Core PPI m/m,Neutral|Bad|Neutral,1,1,0,100.0,0.0,inf,2023-09-07_2023-09-16
0.1,3,CPI m/m|Core CPI m/m|Core PPI m/m,Bad|Neutral|Neutral,1,1,0,100.0,0.0,inf,2023-10-07_2023-10-16
0.1,3,CPI m/m|Core CPI m/m|Core PPI m/m,Good|Neutral|Bad,1,1,0,100.0,0.0,inf,2024-07-03_2024-07-12
0.1,3,CPI m/m|Core CPI m/m|Core PPI m/m,Neutral|Neutral|Good,6,5,1,83.3,16.7,5.0,2024-08-12_2024-08-21|2025-07-08_2025-07-17|2019-01-11_2019-01-20|2019-10-08_2019-10-17|2022-03-06_2022-03-15|2024-01-05_2024-01-14
0.1,3,CPI m/m|Core CPI m/m|Core PPI m/m,Good|Good|Good,3,3,0,100.0,0.0,inf,2025-04-09_2025-04-18|2020-05-05_2020-05-14|2022-08-03_2022-08-12
0.1,3,CPI m/m|Core CPI m/m|Core PPI m/m,Neutral|Good|Good,1,0,1,0.0,100.0,0.0,2025-06-08_2025-06-17
0.1,3,CPI m/m|Core CPI m/m|Core PPI m/m,Neutral|Neutral|Neutral,5,5,0,100.0,0.0,inf,2018-05-06_2018-05-15|2019-07-10_2019-07-19|2020-06-04_2020-06-13|2023-08-08_2023-08-17|2023-09-07_2023-09-16
0.1,3,CPI m/m|Core CPI m/m|Core PPI m/m,Bad|Bad|Bad,1,1,0,100.0,0.0,inf,2020-08-03_2020-08-12
0.1,3,CPI m/m|Core CPI m/m|Core PPI m/m,Neutral|Neutral|Bad,1,1,0,100.0,0.0,inf,2020-10-12_2020-10-21
0.1,3,CPI m/m|Core CPI m/m|Core PPI m/m,Bad|Neutral|Good,1,1,0,100.0,0.0,inf,2021-10-07_2021-10-16
0.2,3,CPI m/m|Core CPI m/m|Core PPI m/m,Neutral|Neutral|Neutral,14,13,1,92.9,7.1,13.0,2023-10-07_2023-10-16|2024-07-03_2024-07-12|2024-08-12_2024-08-21|2025-06-08_2025-06-17|2025-07-08_2025-07-17|2018-05-06_2018-05-15|2019-07-10_2019-07-19|2020-05-05_2020-05-14|2020-06-04_2020-06-13|2020-10-12_2020-10-21|2022-08-03_2022-08-12|2023-08-08_2023-08-17|2023-09-07_2023-09-16|2024-01-05_2024-01-14
0.2,3,CPI m/m|Core CPI m/m|Core PPI m/m,Neutral|Neutral|Good,5,4,1,80.0,20.0,4.0,2025-04-09_2025-04-18|2019-01-11_2019-01-20|2019-10-08_2019-10-17|2021-10-07_2021-10-16|2022-03-06_2022-03-15
0.2,3,CPI m/m|Core CPI m/m|Core PPI m/m,Bad|Bad|Bad,1,1,0,100.0,0.0,inf,2020-08-03_2020-08-12
0.3,3,CPI m/m|Core CPI m/m|Core PPI m/m,Neutral|Neutral|Neutral,15,14,1,93.3,6.7,14.0,2023-10-07_2023-10-16|2024-07-03_2024-07-12|2024-08-12_2024-08-21|2025-06-08_2025-06-17|2025-07-08_2025-07-17|2018-05-06_2018-05-15|2019-07-10_2019-07-19|2020-05-05_2020-05-14|2020-06-04_2020-06-13|2020-10-12_2020-10-21|2021-10-07_2021-10-16|2022-08-03_2022-08-12|2023-08-08_2023-08-17|2023-09-07_2023-09-16|2024-01-05_2024-01-14
0.3,3,CPI m/m|Core CPI m/m|Core PPI m/m,Neutral|Neutral|Good,4,3,1,75.0,25.0,3.0,2025-04-09_2025-04-18|2019-01-11_2019-01-20|2019-10-08_2019-10-17|2022-03-06_2022-03-15
0.3,3,CPI m/m|Core CPI m/m|Core PPI m/m,Neutral|Bad|Bad,1,1,0,100.0,0.0,inf,2020-08-03_2020-08-12
0.0,3,CPI m/m|Core CPI m/m|FOMC,Good|Good|Neutral,1,0,1,0.0,100.0,0.0,2024-06-03_2024-06-12
0.1,3,CPI m/m|Core CPI m/m|FOMC,Neutral|Neutral|Neutral,1,0,1,0.0,100.0,0.0,2024-06-03_2024-06-12
0.2,3,CPI m/m|Core CPI m/m|FOMC,Neutral|Neutral|Neutral,1,0,1,0.0,100.0,0.0,2024-06-03_2024-06-12
0.3,3,CPI m/m|Core CPI m/m|FOMC,Neutral|Neutral|Neutral,1,0,1,0.0,100.0,0.0,2024-06-03_2024-06-12
0.0,3,CPI m/m|Core CPI m/m|CPI y/y,Bad|Bad|Bad,4,2,2,50.0,50.0,1.0,2022-02-04_2022-02-13|2022-06-04_2022-06-13|2020-08-03_2020-08-12|2022-07-04_2022-07-13
0.0,3,CPI m/m|Core CPI m/m|CPI y/y,Bad|Neutral|Bad,3,3,0,100.0,0.0,inf,2023-10-07_2023-10-16|2021-10-07_2021-10-16|2024-01-05_2024-01-14
0.0,3,CPI m/m|Core CPI m/m|CPI y/y,Good|Good|Good,9,6,3,66.7,33.3,2.0,2024-06-03_2024-06-12|2024-07-03_2024-07-12|2025-04-09_2025-04-18|2025-06-08_2025-06-17|2025-10-16_2025-10-25|2019-10-08_2019-10-17|2020-05-05_2020-05-14|2020-06-04_2020-06-13|2022-08-03_2022-08-12
0.0,3,CPI m/m|Core CPI m/m|CPI y/y,Neutral|Neutral|Good,2,2,0,100.0,0.0,inf,2024-08-12_2024-08-21|2023-08-08_2023-08-17
0.0,3,CPI m/m|Core CPI m/m|CPI y/y,Neutral|Good|Bad,1,1,0,100.0,0.0,inf,2025-07-08_2025-07-17
0.0,3,CPI m/m|Core CPI m/m|CPI y/y,Good|Good|Neutral,1,1,0,100.0,0.0,inf,2018-05-06_2018-05-15
0.0,3,CPI m/m|Core CPI m/m|CPI y/y,Neutral|Neutral|Neutral,3,3,0,100.0,0.0,inf,2019-01-11_2019-01-20|2020-10-12_2020-10-21|2022-03-06_2022-03-15
0.0,3,CPI m/m|Core CPI m/m|CPI y/y,Bad|Bad|Neutral,2,2,0,100.0,0.0,inf,2019-07-10_2019-07-19|2020-12-01_2020-12-10
0.0,3,CPI m/m|Core CPI m/m|CPI y/y,Neutral|Bad|Bad,1,1,0,100.0,0.0,inf,2023-09-07_2023-09-16
0.1,3,CPI m/m|Core CPI m/m|CPI y/y,Bad|Neutral|Bad,4,3,1,75.0,25.0,3.0,2022-02-04_2022-02-13|2022-06-04_2022-06-13|2023-10-07_2023-10-16|2021-10-07_2021-10-16
0.1,3,CPI m/m|Core CPI m/m|CPI y/y,Neutral|Neutral|Good,4,2,2,50.0,50.0,1.0,2024-06-03_2024-06-12|2024-08-12_2024-08-21|2019-10-08_2019-10-17|2020-06-04_2020-06-13
0.1,3,CPI m/m|Core CPI m/m|CPI y/y,Good|Neutral|Good,2,2,0,100.0,0.0,inf,2024-07-03_2024-07-12|2025-10-16_2025-10-25
0.1,3,CPI m/m|Core CPI m/m|CPI y/y,Good|Good|Good,3,3,0,100.0,0.0,inf,2025-04-09_2025-04-18|2020-05-05_2020-05-14|2022-08-03_2022-08-12
0.1,3,CPI m/m|Core CPI m/m|CPI y/y,Neutral|Good|Good,1,0,1,0.0,100.0,0.0,2025-06-08_2025-06-17
0.1,3,CPI m/m|Core CPI m/m|CPI y/y,Neutral|Neutral|Bad,3,3,0,100.0,0.0,inf,2025-07-08_2025-07-17|2023-09-07_2023-09-16|2024-01-05_2024-01-14
0.1,3,CPI m/m|Core CPI m/m|CPI y/y,Neutral|Neutral|Neutral,7,7,0,100.0,0.0,inf,2018-05-06_2018-05-15|2019-01-11_2019-01-20|2019-07-10_2019-07-19|2020-10-12_2020-10-21|2020-12-01_2020-12-10|2022-03-06_2022-03-15|2023-08-08_2023-08-17
0.1,3,CPI m/m|Core CPI m/m|CPI y/y,Bad|Bad|Bad,2,1,1,50.0,50.0,1.0,2020-08-03_2020-08-12|2022-07-04_2022-07-13
0.2,3,CPI m/m|Core CPI m/m|CPI y/y,Neutral|Neutral|Bad,2,0,2,0.0,100.0,0.0,2022-02-04_2022-02-13|2022-07-04_2022-07-13
0.2,3,CPI m/m|Core CPI m/m|CPI y/y,Bad|Neutral|Bad,1,1,0,100.0,0.0,inf,2022-06-04_2022-06-13
0.2,3,CPI m/m|Core CPI m/m|CPI y/y,Neutral|Neutral|Neutral,22,19,3,86.4,13.6,6.33,2023-10-07_2023-10-16|2024-06-03_2024-06-12|2024-07-03_2024-07-12|2024-08-12_2024-08-21|2025-04-09_2025-04-18|2025-06-08_2025-06-17|2025-07-08_2025-07-17|2025-10-16_2025-10-25|2018-05-06_2018-05-15|2019-01-11_2019-01-20|2019-07-10_2019-07-19|2019-10-08_2019-10-17|2020-05-05_2020-05-14|2020-06-04_2020-06-13|2020-10-12_2020-10-21|2020-12-01_2020-12-10|2021-10-07_2021-10-16|2022-03-06_2022-03-15|2022-08-03_2022-08-12|2023-08-08_2023-08-17|2023-09-07_2023-09-16|2024-01-05_2024-01-14
0.2,3,CPI m/m|Core CPI m/m|CPI y/y,Bad|Bad|Bad,1,1,0,100.0,0.0,inf,2020-08-03_2020-08-12
0.3,3,CPI m/m|Core CPI m/m|CPI y/y,Neutral|Neutral|Neutral,23,19,4,82.6,17.4,4.75,2022-02-04_2022-02-13|2023-10-07_2023-10-16|2024-06-03_2024-06-12|2024-07-03_2024-07-12|2024-08-12_2024-08-21|2025-04-09_2025-04-18|2025-06-08_2025-06-17|2025-07-08_2025-07-17|2025-10-16_2025-10-25|2018-05-06_2018-05-15|2019-01-11_2019-01-20|2019-07-10_2019-07-19|2019-10-08_2019-10-17|2020-05-05_2020-05-14|2020-06-04_2020-06-13|2020-10-12_2020-10-21|2020-12-01_2020-12-10|2021-10-07_2021-10-16|2022-03-06_2022-03-15|2022-08-03_2022-08-12|2023-08-08_2023-08-17|2023-09-07_2023-09-16|2024-01-05_2024-01-14
0.3,3,CPI m/m|Core CPI m/m|CPI y/y,Bad|Neutral|Neutral,1,1,0,100.0,0.0,inf,2022-06-04_2022-06-13
0.3,3,CPI m/m|Core CPI m/m|CPI y/y,Neutral|Bad|Bad,1,1,0,100.0,0.0,inf,2020-08-03_2020-08-12
0.3,3,CPI m/m|Core CPI m/m|CPI y/y,Neutral|Neutral|Bad,1,0,1,0.0,100.0,0.0,2022-07-04_2022-07-13
0.0,3,CPI m/m|PPI m/m|Core PPI m/m,Bad|Bad|Bad,2,2,0,100.0,0.0,inf,2023-10-07_2023-10-16|2020-08-03_2020-08-12
0.0,3,CPI m/m|PPI m/m|Core PPI m/m,Good|Bad|Bad,1,1,0,100.0,0.0,inf,2024-07-03_2024-07-12
0.0,3,CPI m/m|PPI m/m|Core PPI m/m,Neutral|Good|Good,4,4,0,100.0,0.0,inf,2024-08-12_2024-08-21|2025-07-08_2025-07-17|2019-01-11_2019-01-20|2022-03-06_2022-03-15
0.0,3,CPI m/m|PPI m/m|Core PPI m/m,Good|Good|Good,5,3,2,60.0,40.0,1.5,2025-04-09_2025-04-18|2025-06-08_2025-06-17|2019-10-08_2019-10-17|2020-05-05_2020-05-14|2022-08-03_2022-08-12
0.0,3,CPI m/m|PPI m/m|Core PPI m/m,Good|Good|Neutral,1,1,0,100.0,0.0,inf,2018-05-06_2018-05-15
0.0,3,CPI m/m|PPI m/m|Core PPI m/m,Bad|Neutral|Bad,1,1,0,100.0,0.0,inf,2019-07-10_2019-07-19
0.0,3,CPI m/m|PPI m/m|Core PPI m/m,Good|Bad|Neutral,1,1,0,100.0,0.0,inf,2020-06-04_2020-06-13
0.0,3,CPI m/m|PPI m/m|Core PPI m/m,Neutral|Bad|Bad,2,2,0,100.0,0.0,inf,2020-10-12_2020-10-21|2023-08-08_2023-08-17
0.0,3,CPI m/m|PPI m/m|Core PPI m/m,Bad|Good|Good,2,2,0,100.0,0.0,inf,2021-10-07_2021-10-16|2024-01-05_2024-01-14
0.0,3,CPI m/m|PPI m/m|Core PPI m/m,Neutral|Bad|Neutral,1,1,0,100.0,0.0,inf,2023-09-07_2023-09-16
0.1,3,CPI m/m|PPI m/m|Core PPI m/m,Bad|Bad|Neutral,1,1,0,100.0,0.0,inf,2023-10-07_2023-10-16
0.1,3,CPI m/m|PPI m/m|Core PPI m/m,Good|Neutral|Bad,1,1,0,100.0,0.0,inf,2024-07-03_2024-07-12
0.1,3,CPI m/m|PPI m/m|Core PPI m/m,Neutral|Neutral|Good,3,2,1,66.7,33.3,2.0,2024-08-12_2024-08-21|2025-06-08_2025-06-17|2019-01-11_2019-01-20
0.1,3,CPI m/m|PPI m/m|Core PPI m/m,Good|Good|Good,3,3,0,100.0,0.0,inf,2025-04-09_2025-04-18|2020-05-05_2020-05-14|2022-08-03_2022-08-12
0.1,3,CPI m/m|PPI m/m|Core PPI m/m,Neutral|Good|Good,4,3,1,75.0,25.0,3.0,2025-07-08_2025-07-17|2019-10-08_2019-10-17|2022-03-06_2022-03-15|2024-01-05_2024-01-14
0.1,3,CPI m/m|PPI m/m|Core PPI m/m,Neutral|Neutral|Neutral,3,3,0,100.0,0.0,inf,2018-05-06_2018-05-15|2019-07-10_2019-07-19|2023-08-08_2023-08-17
0.1,3,CPI m/m|PPI m/m|Core PPI m/m,Neutral|Bad|Neutral,2,2,0,100.0,0.0,inf,2020-06-04_2020-06-13|2023-09-07_2023-09-16
0.1,3,CPI m/m|PPI m/m|Core PPI m/m,Bad|Bad|Bad,1,1,0,100.0,0.0,inf,2020-08-03_2020-08-12
0.1,3,CPI m/m|PPI m/m|Core PPI m/m,Neutral|Bad|Bad,1,1,0,100.0,0.0,inf,2020-10-12_2020-10-21
0.1,3,CPI m/m|PPI m/m|Core PPI m/m,Bad|Neutral|Good,1,1,0,100.0,0.0,inf,2021-10-07_2021-10-16
0.2,3,CPI m/m|PPI m/m|Core PPI m/m,Neutral|Neutral|Neutral,10,9,1,90.0,10.0,9.0,2023-10-07_2023-10-16|2024-07-03_2024-07-12|2024-08-12_2024-08-21|2025-06-08_2025-06-17|2025-07-08_2025-07-17|2018-05-06_2018-05-15|2019-07-10_2019-07-19|2020-10-12_2020-10-21|2023-08-08_2023-08-17|2024-01-05_2024-01-14
0.2,3,CPI m/m|PPI m/m|Core PPI m/m,Neutral|Good|Good,2,1,1,50.0,50.0,1.0,2025-04-09_2025-04-18|2019-10-08_2019-10-17
0.2,3,CPI m/m|PPI m/m|Core PPI m/m,Neutral|Neutral|Good,3,3,0,100.0,0.0,inf,2019-01-11_2019-01-20|2021-10-07_2021-10-16|2022-03-06_2022-03-15
0.2,3,CPI m/m|PPI m/m|Core PPI m/m,Neutral|Good|Neutral,2,2,0,100.0,0.0,inf,2020-05-05_2020-05-14|2022-08-03_2022-08-12
0.2,3,CPI m/m|PPI m/m|Core PPI m/m,Neutral|Bad|Neutral,2,2,0,100.0,0.0,inf,2020-06-04_2020-06-13|2023-09-07_2023-09-16
0.2,3,CPI m/m|PPI m/m|Core PPI m/m,Bad|Bad|Bad,1,1,0,100.0,0.0,inf,2020-08-03_2020-08-12
0.3,3,CPI m/m|PPI m/m|Core PPI m/m,Neutral|Neutral|Neutral,12,11,1,91.7,8.3,11.0,2023-10-07_2023-10-16|2024-07-03_2024-07-12|2024-08-12_2024-08-21|2025-06-08_2025-06-17|2025-07-08_2025-07-17|2018-05-06_2018-05-15|2019-07-10_2019-07-19|2020-10-12_2020-10-21|2021-10-07_2021-10-16|2023-08-08_2023-08-17|2023-09-07_2023-09-16|2024-01-05_2024-01-14
0.3,3,CPI m/m|PPI m/m|Core PPI m/m,Neutral|Good|Good,2,1,1,50.0,50.0,1.0,2025-04-09_2025-04-18|2019-10-08_2019-10-17
0.3,3,CPI m/m|PPI m/m|Core PPI m/m,Neutral|Neutral|Good,2,2,0,100.0,0.0,inf,2019-01-11_2019-01-20|2022-03-06_2022-03-15
0.3,3,CPI m/m|PPI m/m|Core PPI m/m,Neutral|Good|Neutral,2,2,0,100.0,0.0,inf,2020-05-05_2020-05-14|2022-08-03_2022-08-12
0.3,3,CPI m/m|PPI m/m|Core PPI m/m,Neutral|Bad|Neutral,1,1,0,100.0,0.0,inf,2020-06-04_2020-06-13
0.3,3,CPI m/m|PPI m/m|Core PPI m/m,Neutral|Neutral|Bad,1,1,0,100.0,0.0,inf,2020-08-03_2020-08-12
0.0,3,CPI m/m|PPI m/m|CPI y/y,Bad|Bad|Bad,2,2,0,100.0,0.0,inf,2023-10-07_2023-10-16|2020-08-03_2020-08-12
0.0,3,CPI m/m|PPI m/m|CPI y/y,Good|Bad|Good,2,2,0,100.0,0.0,inf,2024-07-03_2024-07-12|2020-06-04_2020-06-13
0.0,3,CPI m/m|PPI m/m|CPI y/y,Neutral|Good|Good,1,1,0,100.0,0.0,inf,2024-08-12_2024-08-21
0.0,3,CPI m/m|PPI m/m|CPI y/y,Good|Good|Good,5,3,2,60.0,40.0,1.5,2025-04-09_2025-04-18|2025-06-08_2025-06-17|2019-10-08_2019-10-17|2020-05-05_2020-05-14|2022-08-03_2022-08-12
0.0,3,CPI m/m|PPI m/m|CPI y/y,Neutral|Good|Bad,1,1,0,100.0,0.0,inf,2025-07-08_2025-07-17
0.0,3,CPI m/m|PPI m/m|CPI y/y,Good|Good|Neutral,1,1,0,100.0,0.0,inf,2018-05-06_2018-05-15
0.0,3,CPI m/m|PPI m/m|CPI y/y,Neutral|Good|Neutral,2,2,0,100.0,0.0,inf,2019-01-11_2019-01-20|2022-03-06_2022-03-15
0.0,3,CPI m/m|PPI m/m|CPI y/y,Bad|Neutral|Neutral,1,1,0,100.0,0.0,inf,2019-07-10_2019-07-19
0.0,3,CPI m/m|PPI m/m|CPI y/y,Neutral|Bad|Neutral,1,1,0,100.0,0.0,inf,2020-10-12_2020-10-21
0.0,3,CPI m/m|PPI m/m|CPI y/y,Bad|Good|Bad,2,2,0,100.0,0.0,inf,2021-10-07_2021-10-16|2024-01-05_2024-01-14
0.0,3,CPI m/m|PPI m/m|CPI y/y,Neutral|Bad|Good,1,1,0,100.0,0.0,inf,2023-08-08_2023-08-17
0.0,3,CPI m/m|PPI m/m|CPI y/y,Neutral|Bad|Bad,1,1,0,100.0,0.0,inf,2023-09-07_2023-09-16
0.1,3,CPI m/m|PPI m/m|CPI y/y,Bad|Bad|Bad,2,2,0,100.0,0.0,inf,2023-10-07_2023-10-16|2020-08-03_2020-08-12
0.1,3,CPI m/m|PPI m/m|CPI y/y,Good|Neutral|Good,1,1,0,100.0,0.0,inf,2024-07-03_2024-07-12
0.1,3,CPI m/m|PPI m/m|CPI y/y,Neutral|Neutral|Good,2,1,1,50.0,50.0,1.0,2024-08-12_2024-08-21|2025-06-08_2025-06-17
0.1,3,CPI m/m|PPI m/m|CPI y/y,Good|Good|Good,3,3,0,100.0,0.0,inf,2025-04-09_2025-04-18|2020-05-05_2020-05-14|2022-08-03_2022-08-12
0.1,3,CPI m/m|PPI m/m|CPI y/y,Neutral|Good|Bad,2,2,0,100.0,0.0,inf,2025-07-08_2025-07-17|2024-01-05_2024-01-14
0.1,3,CPI m/m|PPI m/m|CPI y/y,Neutral|Neutral|Neutral,4,4,0,100.0,0.0,inf,2018-05-06_2018-05-15|2019-01-11_2019-01-20|2019-07-10_2019-07-19|2023-08-08_2023-08-17
0.1,3,CPI m/m|PPI m/m|CPI y/y,Neutral|Good|Good,1,0,1,0.0,100.0,0.0,2019-10-08_2019-10-17
0.1,3,CPI m/m|PPI m/m|CPI y/y,Neutral|Bad|Good,1,1,0,100.0,0.0,inf,2020-06-04_2020-06-13
0.1,3,CPI m/m|PPI m/m|CPI y/y,Neutral|Bad|Neutral,1,1,0,100.0,0.0,inf,2020-10-12_2020-10-21
0.1,3,CPI m/m|PPI m/m|CPI y/y,Bad|Neutral|Bad,1,1,0,100.0,0.0,inf,2021-10-07_2021-10-16
0.1,3,CPI m/m|PPI m/m|CPI y/y,Neutral|Good|Neutral,1,1,0,100.0,0.0,inf,2022-03-06_2022-03-15
0.1,3,CPI m/m|PPI m/m|CPI y/y,Neutral|Bad|Bad,1,1,0,100.0,0.0,inf,2023-09-07_2023-09-16
0.2,3,CPI m/m|PPI m/m|CPI y/y,Neutral|Neutral|Neutral,13,12,1,92.3,7.7,12.0,2023-10-07_2023-10-16|2024-07-03_2024-07-12|2024-08-12_2024-08-21|2025-06-08_2025-06-17|2025-07-08_2025-07-17|2018-05-06_2018-05-15|2019-01-11_2019-01-20|2019-07-10_2019-07-19|2020-10-12_2020-10-21|2021-10-07_2021-10-16|2022-03-06_2022-03-15|2023-08-08_2023-08-17|2024-01-05_2024-01-14
0.2,3,CPI m/m|PPI m/m|CPI y/y,Neutral|Good|Neutral,4,3,1,75.0,25.0,3.0,2025-04-09_2025-04-18|2019-10-08_2019-10-17|2020-05-05_2020-05-14|2022-08-03_2022-08-12
0.2,3,CPI m/m|PPI m/m|CPI y/y,Neutral|Bad|Neutral,2,2,0,100.0,0.0,inf,2020-06-04_2020-06-13|2023-09-07_2023-09-16
0.2,3,CPI m/m|PPI m/m|CPI y/y,Bad|Bad|Bad,1,1,0,100.0,0.0,inf,2020-08-03_2020-08-12
0.3,3,CPI m/m|PPI m/m|CPI y/y,Neutral|Neutral|Neutral,14,13,1,92.9,7.1,13.0,2023-10-07_2023-10-16|2024-07-03_2024-07-12|2024-08-12_2024-08-21|2025-06-08_2025-06-17|2025-07-08_2025-07-17|2018-05-06_2018-05-15|2019-01-11_2019-01-20|2019-07-10_2019-07-19|2020-10-12_2020-10-21|2021-10-07_2021-10-16|2022-03-06_2022-03-15|2023-08-08_2023-08-17|2023-09-07_2023-09-16|2024-01-05_2024-01-14
0.3,3,CPI m/m|PPI m/m|CPI y/y,Neutral|Good|Neutral,4,3,1,75.0,25.0,3.0,2025-04-09_2025-04-18|2019-10-08_2019-10-17|2020-05-05_2020-05-14|2022-08-03_2022-08-12
0.3,3,CPI m/m|PPI m/m|CPI y/y,Neutral|Bad|Neutral,1,1,0,100.0,0.0,inf,2020-06-04_2020-06-13
0.3,3,CPI m/m|PPI m/m|CPI y/y,Neutral|Neutral|Bad,1,1,0,100.0,0.0,inf,2020-08-03_2020-08-12
0.0,3,CPI m/m|Core PPI m/m|CPI y/y,Bad|Bad|Bad,2,2,0,100.0,0.0,inf,2023-10-07_2023-10-16|2020-08-03_2020-08-12
0.0,3,CPI m/m|Core PPI m/m|CPI y/y,Good|Bad|Good,1,1,0,100.0,0.0,inf,2024-07-03_2024-07-12
0.0,3,CPI m/m|Core PPI m/m|CPI y/y,Neutral|Good|Good,1,1,0,100.0,0.0,inf,2024-08-12_2024-08-21
0.0,3,CPI m/m|Core PPI m/m|CPI y/y,Good|Good|Good,5,3,2,60.0,40.0,1.5,2025-04-09_2025-04-18|2025-06-08_2025-06-17|2019-10-08_2019-10-17|2020-05-05_2020-05-14|2022-08-03_2022-08-12
0.0,3,CPI m/m|Core PPI m/m|CPI y/y,Neutral|Good|Bad,1,1,0,100.0,0.0,inf,2025-07-08_2025-07-17
0.0,3,CPI m/m|Core PPI m/m|CPI y/y,Good|Neutral|Neutral,1,1,0,100.0,0.0,inf,2018-05-06_2018-05-15
0.0,3,CPI m/m|Core PPI m/m|CPI y/y,Neutral|Good|Neutral,2,2,0,100.0,0.0,inf,2019-01-11_2019-01-20|2022-03-06_2022-03-15
0.0,3,CPI m/m|Core PPI m/m|CPI y/y,Bad|Bad|Neutral,1,1,0,100.0,0.0,inf,2019-07-10_2019-07-19
0.0,3,CPI m/m|Core PPI m/m|CPI y/y,Good|Neutral|Good,1,1,0,100.0,0.0,inf,2020-06-04_2020-06-13
0.0,3,CPI m/m|Core PPI m/m|CPI y/y,Neutral|Bad|Neutral,1,1,0,100.0,0.0,inf,2020-10-12_2020-10-21
0.0,3,CPI m/m|Core PPI m/m|CPI y/y,Bad|Good|Bad,2,2,0,100.0,0.0,inf,2021-10-07_2021-10-16|2024-01-05_2024-01-14
0.0,3,CPI m/m|Core PPI m/m|CPI y/y,Neutral|Bad|Good,1,1,0,100.0,0.0,inf,2023-08-08_2023-08-17
0.0,3,CPI m/m|Core PPI m/m|CPI y/y,Neutral|Neutral|Bad,1,1,0,100.0,0.0,inf,2023-09-07_2023-09-16
0.1,3,CPI m/m|Core PPI m/m|CPI y/y,Bad|Neutral|Bad,1,1,0,100.0,0.0,inf,2023-10-07_2023-10-16
0.1,3,CPI m/m|Core PPI m/m|CPI y/y,Good|Bad|Good,1,1,0,100.0,0.0,inf,2024-07-03_2024-07-12
0.1,3,CPI m/m|Core PPI m/m|CPI y/y,Neutral|Good|Good,3,1,2,33.3,66.7,0.5,2024-08-12_2024-08-21|2025-06-08_2025-06-17|2019-10-08_2019-10-17
0.1,3,CPI m/m|Core PPI m/m|CPI y/y,Good|Good|Good,3,3,0,100.0,0.0,inf,2025-04-09_2025-04-18|2020-05-05_2020-05-14|2022-08-03_2022-08-12
0.1,3,CPI m/m|Core PPI m/m|CPI y/y,Neutral|Good|Bad,2,2,0,100.0,0.0,inf,2025-07-08_2025-07-17|2024-01-05_2024-01-14
0.1,3,CPI m/m|Core PPI m/m|CPI y/y,Neutral|Neutral|Neutral,3,3,0,100.0,0.0,inf,2018-05-06_2018-05-15|2019-07-10_2019-07-19|2023-08-08_2023-08-17
0.1,3,CPI m/m|Core PPI m/m|CPI y/y,Neutral|Good|Neutral,2,2,0,100.0,0.0,inf,2019-01-11_2019-01-20|2022-03-06_2022-03-15
0.1,3,CPI m/m|Core PPI m/m|CPI y/y,Neutral|Neutral|Good,1,1,0,100.0,0.0,inf,2020-06-04_2020-06-13
0.1,3,CPI m/m|Core PPI m/m|CPI y/y,Bad|Bad|Bad,1,1,0,100.0,0.0,inf,2020-08-03_2020-08-12
0.1,3,CPI m/m|Core PPI m/m|CPI y/y,Neutral|Bad|Neutral,1,1,0,100.0,0.0,inf,2020-10-12_2020-10-21
0.1,3,CPI m/m|Core PPI m/m|CPI y/y,Bad|Good|Bad,1,1,0,100.0,0.0,inf,2021-10-07_2021-10-16
0.1,3,CPI m/m|Core PPI m/m|CPI y/y,Neutral|Neutral|Bad,1,1,0,100.0,0.0,inf,2023-09-07_2023-09-16
0.2,3,CPI m/m|Core PPI m/m|CPI y/y,Neutral|Neutral|Neutral,14,13,1,92.9,7.1,13.0,2023-10-07_2023-10-16|2024-07-03_2024-07-12|2024-08-12_2024-08-21|2025-06-08_2025-06-17|2025-07-08_2025-07-17|2018-05-06_2018-05-15|2019-07-10_2019-07-19|2020-05-05_2020-05-14|2020-06-04_2020-06-13|2020-10-12_2020-10-21|2022-08-03_2022-08-12|2023-08-08_2023-08-17|2023-09-07_2023-09-16|2024-01-05_2024-01-14
0.2,3,CPI m/m|Core PPI m/m|CPI y/y,Neutral|Good|Neutral,5,4,1,80.0,20.0,4.0,2025-04-09_2025-04-18|2019-01-11_2019-01-20|2019-10-08_2019-10-17|2021-10-07_2021-10-16|2022-03-06_2022-03-15
0.2,3,CPI m/m|Core PPI m/m|CPI y/y,Bad|Bad|Bad,1,1,0,100.0,0.0,inf,2020-08-03_2020-08-12
0.3,3,CPI m/m|Core PPI m/m|CPI y/y,Neutral|Neutral|Neutral,15,14,1,93.3,6.7,14.0,2023-10-07_2023-10-16|2024-07-03_2024-07-12|2024-08-12_2024-08-21|2025-06-08_2025-06-17|2025-07-08_2025-07-17|2018-05-06_2018-05-15|2019-07-10_2019-07-19|2020-05-05_2020-05-14|2020-06-04_2020-06-13|2020-10-12_2020-10-21|2021-10-07_2021-10-16|2022-08-03_2022-08-12|2023-08-08_2023-08-17|2023-09-07_2023-09-16|2024-01-05_2024-01-14
0.3,3,CPI m/m|Core PPI m/m|CPI y/y,Neutral|Good|Neutral,4,3,1,75.0,25.0,3.0,2025-04-09_2025-04-18|2019-01-11_2019-01-20|2019-10-08_2019-10-17|2022-03-06_2022-03-15
0.3,3,CPI m/m|Core PPI m/m|CPI y/y,Neutral|Bad|Bad,1,1,0,100.0,0.0,inf,2020-08-03_2020-08-12
0.0,3,CPI m/m|FOMC|CPI y/y,Good|Neutral|Good,1,0,1,0.0,100.0,0.0,2024-06-03_2024-06-12
0.1,3,CPI m/m|FOMC|CPI y/y,Neutral|Neutral|Good,1,0,1,0.0,100.0,0.0,2024-06-03_2024-06-12
0.2,3,CPI m/m|FOMC|CPI y/y,Neutral|Neutral|Neutral,1,0,1,0.0,100.0,0.0,2024-06-03_2024-06-12
0.3,3,CPI m/m|FOMC|CPI y/y,Neutral|Neutral|Neutral,1,0,1,0.0,100.0,0.0,2024-06-03_2024-06-12
0.0,3,Core CPI m/m|PPI m/m|Core PPI m/m,Neutral|Bad|Bad,3,3,0,100.0,0.0,inf,2023-10-07_2023-10-16|2020-10-12_2020-10-21|2023-08-08_2023-08-17
0.0,3,Core CPI m/m|PPI m/m|Core PPI m/m,Good|Bad|Bad,1,1,0,100.0,0.0,inf,2024-07-03_2024-07-12
0.0,3,Core CPI m/m|PPI m/m|Core PPI m/m,Neutral|Good|Good,5,5,0,100.0,0.0,inf,2024-08-12_2024-08-21|2019-01-11_2019-01-20|2021-10-07_2021-10-16|2022-03-06_2022-03-15|2024-01-05_2024-01-14
0.0,3,Core CPI m/m|PPI m/m|Core PPI m/m,Good|Good|Good,6,4,2,66.7,33.3,2.0,2025-04-09_2025-04-18|2025-06-08_2025-06-17|2025-07-08_2025-07-17|2019-10-08_2019-10-17|2020-05-05_2020-05-14|2022-08-03_2022-08-12
0.0,3,Core CPI m/m|PPI m/m|Core PPI m/m,Good|Good|Neutral,1,1,0,100.0,0.0,inf,2018-05-06_2018-05-15
0.0,3,Core CPI m/m|PPI m/m|Core PPI m/m,Bad|Neutral|Bad,1,1,0,100.0,0.0,inf,2019-07-10_2019-07-19
0.0,3,Core CPI m/m|PPI m/m|Core PPI m/m,Good|Bad|Neutral,1,1,0,100.0,0.0,inf,2020-06-04_2020-06-13
0.0,3,Core CPI m/m|PPI m/m|Core PPI m/m,Bad|Bad|Bad,1,1,0,100.0,0.0,inf,2020-08-03_2020-08-12
0.0,3,Core CPI m/m|PPI m/m|Core PPI m/m,Bad|Bad|Neutral,1,1,0,100.0,0.0,inf,2023-09-07_2023-09-16
0.1,3,Core CPI m/m|PPI m/m|Core PPI m/m,Neutral|Bad|Neutral,3,3,0,100.0,0.0,inf,2023-10-07_2023-10-16|2020-06-04_2020-06-13|2023-09-07_2023-09-16
0.1,3,Core CPI m/m|PPI m/m|Core PPI m/m,Neutral|Neutral|Bad,1,1,0,100.0,0.0,inf,2024-07-03_2024-07-12
0.1,3,Core CPI m/m|PPI m/m|Core PPI m/m,Neutral|Neutral|Good,3,3,0,100.0,0.0,inf,2024-08-12_2024-08-21|2019-01-11_2019-01-20|2021-10-07_2021-10-16
0.1,3,Core CPI m/m|PPI m/m|Core PPI m/m,Good|Good|Good,3,3,0,100.0,0.0,inf,2025-04-09_2025-04-18|2020-05-05_2020-05-14|2022-08-03_2022-08-12
0.1,3,Core CPI m/m|PPI m/m|Core PPI m/m,Good|Neutral|Good,1,0,1,0.0,100.0,0.0,2025-06-08_2025-06-17
0.1,3,Core CPI m/m|PPI m/m|Core PPI m/m,Neutral|Good|Good,4,3,1,75.0,25.0,3.0,2025-07-08_2025-07-17|2019-10-08_2019-10-17|2022-03-06_2022-03-15|2024-01-05_2024-01-14
0.1,3,Core CPI m/m|PPI m/m|Core PPI m/m,Neutral|Neutral|Neutral,3,3,0,100.0,0.0,inf,2018-05-06_2018-05-15|2019-07-10_2019-07-19|2023-08-08_2023-08-17
0.1,3,Core CPI m/m|PPI m/m|Core PPI m/m,Bad|Bad|Bad,1,1,0,100.0,0.0,inf,2020-08-03_2020-08-12
0.1,3,Core CPI m/m|PPI m/m|Core PPI m/m,Neutral|Bad|Bad,1,1,0,100.0,0.0,inf,2020-10-12_2020-10-21
0.2,3,Core CPI m/m|PPI m/m|Core PPI m/m,Neutral|Neutral|Neutral,10,9,1,90.0,10.0,9.0,2023-10-07_2023-10-16|2024-07-03_2024-07-12|2024-08-12_2024-08-21|2025-06-08_2025-06-17|2025-07-08_2025-07-17|2018-05-06_2018-05-15|2019-07-10_2019-07-19|2020-10-12_2020-10-21|2023-08-08_2023-08-17|2024-01-05_2024-01-14
0.2,3,Core CPI m/m|PPI m/m|Core PPI m/m,Neutral|Good|Good,2,1,1,50.0,50.0,1.0,2025-04-09_2025-04-18|2019-10-08_2019-10-17
0.2,3,Core CPI m/m|PPI m/m|Core PPI m/m,Neutral|Neutral|Good,3,3,0,100.0,0.0,inf,2019-01-11_2019-01-20|2021-10-07_2021-10-16|2022-03-06_2022-03-15
0.2,3,Core CPI m/m|PPI m/m|Core PPI m/m,Neutral|Good|Neutral,2,2,0,100.0,0.0,inf,2020-05-05_2020-05-14|2022-08-03_2022-08-12
0.2,3,Core CPI m/m|PPI m/m|Core PPI m/m,Neutral|Bad|Neutral,2,2,0,100.0,0.0,inf,2020-06-04_2020-06-13|2023-09-07_2023-09-16
0.2,3,Core CPI m/m|PPI m/m|Core PPI m/m,Bad|Bad|Bad,1,1,0,100.0,0.0,inf,2020-08-03_2020-08-12
0.3,3,Core CPI m/m|PPI m/m|Core PPI m/m,Neutral|Neutral|Neutral,12,11,1,91.7,8.3,11.0,2023-10-07_2023-10-16|2024-07-03_2024-07-12|2024-08-12_2024-08-21|2025-06-08_2025-06-17|2025-07-08_2025-07-17|2018-05-06_2018-05-15|2019-07-10_2019-07-19|2020-10-12_2020-10-21|2021-10-07_2021-10-16|2023-08-08_2023-08-17|2023-09-07_2023-09-16|2024-01-05_2024-01-14
0.3,3,Core CPI m/m|PPI m/m|Core PPI m/m,Neutral|Good|Good,2,1,1,50.0,50.0,1.0,2025-04-09_2025-04-18|2019-10-08_2019-10-17
0.3,3,Core CPI m/m|PPI m/m|Core PPI m/m,Neutral|Neutral|Good,2,2,0,100.0,0.0,inf,2019-01-11_2019-01-20|2022-03-06_2022-03-15
0.3,3,Core CPI m/m|PPI m/m|Core PPI m/m,Neutral|Good|Neutral,2,2,0,100.0,0.0,inf,2020-05-05_2020-05-14|2022-08-03_2022-08-12
0.3,3,Core CPI m/m|PPI m/m|Core PPI m/m,Neutral|Bad|Neutral,1,1,0,100.0,0.0,inf,2020-06-04_2020-06-13
0.3,3,Core CPI m/m|PPI m/m|Core PPI m/m,Bad|Neutral|Bad,1,1,0,100.0,0.0,inf,2020-08-03_2020-08-12
0.0,3,Core CPI m/m|PPI m/m|CPI y/y,Neutral|Bad|Bad,1,1,0,100.0,0.0,inf,2023-10-07_2023-10-16
0.0,3,Core CPI m/m|PPI m/m|CPI y/y,Good|Bad|Good,2,2,0,100.0,0.0,inf,2024-07-03_2024-07-12|2020-06-04_2020-06-13
0.0,3,Core CPI m/m|PPI m/m|CPI y/y,Neutral|Good|Good,1,1,0,100.0,0.0,inf,2024-08-12_2024-08-21
0.0,3,Core CPI m/m|PPI m/m|CPI y/y,Good|Good|Good,5,3,2,60.0,40.0,1.5,2025-04-09_2025-04-18|2025-06-08_2025-06-17|2019-10-08_2019-10-17|2020-05-05_2020-05-14|2022-08-03_2022-08-12
0.0,3,Core CPI m/m|PPI m/m|CPI y/y,Good|Good|Bad,1,1,0,100.0,0.0,inf,2025-07-08_2025-07-17
0.0,3,Core CPI m/m|PPI m/m|CPI y/y,Good|Good|Neutral,1,1,0,100.0,0.0,inf,2018-05-06_2018-05-15
0.0,3,Core CPI m/m|PPI m/m|CPI y/y,Neutral|Good|Neutral,2,2,0,100.0,0.0,inf,2019-01-11_2019-01-20|2022-03-06_2022-03-15
0.0,3,Core CPI m/m|PPI m/m|CPI y/y,Bad|Neutral|Neutral,1,1,0,100.0,0.0,inf,2019-07-10_2019-07-19
0.0,3,Core CPI m/m|PPI m/m|CPI y/y,Bad|Bad|Bad,2,2,0,100.0,0.0,inf,2020-08-03_2020-08-12|2023-09-07_2023-09-16
0.0,3,Core CPI m/m|PPI m/m|CPI y/y,Neutral|Bad|Neutral,1,1,0,100.0,0.0,inf,2020-10-12_2020-10-21
0.0,3,Core CPI m/m|PPI m/m|CPI y/y,Neutral|Good|Bad,2,2,0,100.0,0.0,inf,2021-10-07_2021-10-16|2024-01-05_2024-01-14
0.0,3,Core CPI m/m|PPI m/m|CPI y/y,Neutral|Bad|Good,1,1,0,100.0,0.0,inf,2023-08-08_2023-08-17
0.1,3,Core CPI m/m|PPI m/m|CPI y/y,Neutral|Bad|Bad,2,2,0,100.0,0.0,inf,2023-10-07_2023-10-16|2023-09-07_2023-09-16
0.1,3,Core CPI m/m|PPI m/m|CPI y/y,Neutral|Neutral|Good,2,2,0,100.0,0.0,inf,2024-07-03_2024-07-12|2024-08-12_2024-08-21
0.1,3,Core CPI m/m|PPI m/m|CPI y/y,Good|Good|Good,3,3,0,100.0,0.0,inf,2025-04-09_2025-04-18|2020-05-05_2020-05-14|2022-08-03_2022-08-12
0.1,3,Core CPI m/m|PPI m/m|CPI y/y,Good|Neutral|Good,1,0,1,0.0,100.0,0.0,2025-06-08_2025-06-17
0.1,3,Core CPI m/m|PPI m/m|CPI y/y,Neutral|Good|Bad,2,2,0,100.0,0.0,inf,2025-07-08_2025-07-17|2024-01-05_2024-01-14
0.1,3,Core CPI m/m|PPI m/m|CPI y/y,Neutral|Neutral|Neutral,4,4,0,100.0,0.0,inf,2018-05-06_2018-05-15|2019-01-11_2019-01-20|2019-07-10_2019-07-19|2023-08-08_2023-08-17
0.1,3,Core CPI m/m|PPI m/m|CPI y/y,Neutral|Good|Good,1,0,1,0.0,100.0,0.0,2019-10-08_2019-10-17
0.1,3,Core CPI m/m|PPI m/m|CPI y/y,Neutral|Bad|Good,1,1,0,100.0,0.0,inf,2020-06-04_2020-06-13
0.1,3,Core CPI m/m|PPI m/m|CPI y/y,Bad|Bad|Bad,1,1,0,100.0,0.0,inf,2020-08-03_2020-08-12
0.1,3,Core CPI m/m|PPI m/m|CPI y/y,Neutral|Bad|Neutral,1,1,0,100.0,0.0,inf,2020-10-12_2020-10-21
0.1,3,Core CPI m/m|PPI m/m|CPI y/y,Neutral|Neutral|Bad,1,1,0,100.0,0.0,inf,2021-10-07_2021-10-16
0.1,3,Core CPI m/m|PPI m/m|CPI y/y,Neutral|Good|Neutral,1,1,0,100.0,0.0,inf,2022-03-06_2022-03-15
0.2,3,Core CPI m/m|PPI m/m|CPI y/y,Neutral|Neutral|Neutral,13,12,1,92.3,7.7,12.0,2023-10-07_2023-10-16|2024-07-03_2024-07-12|2024-08-12_2024-08-21|2025-06-08_2025-06-17|2025-07-08_2025-07-17|2018-05-06_2018-05-15|2019-01-11_2019-01-20|2019-07-10_2019-07-19|2020-10-12_2020-10-21|2021-10-07_2021-10-16|2022-03-06_2022-03-15|2023-08-08_2023-08-17|2024-01-05_2024-01-14
0.2,3,Core CPI m/m|PPI m/m|CPI y/y,Neutral|Good|Neutral,4,3,1,75.0,25.0,3.0,2025-04-09_2025-04-18|2019-10-08_2019-10-17|2020-05-05_2020-05-14|2022-08-03_2022-08-12
0.2,3,Core CPI m/m|PPI m/m|CPI y/y,Neutral|Bad|Neutral,2,2,0,100.0,0.0,inf,2020-06-04_2020-06-13|2023-09-07_2023-09-16
0.2,3,Core CPI m/m|PPI m/m|CPI y/y,Bad|Bad|Bad,1,1,0,100.0,0.0,inf,2020-08-03_2020-08-12
0.3,3,Core CPI m/m|PPI m/m|CPI y/y,Neutral|Neutral|Neutral,14,13,1,92.9,7.1,13.0,2023-10-07_2023-10-16|2024-07-03_2024-07-12|2024-08-12_2024-08-21|2025-06-08_2025-06-17|2025-07-08_2025-07-17|2018-05-06_2018-05-15|2019-01-11_2019-01-20|2019-07-10_2019-07-19|2020-10-12_2020-10-21|2021-10-07_2021-10-16|2022-03-06_2022-03-15|2023-08-08_2023-08-17|2023-09-07_2023-09-16|2024-01-05_2024-01-14
0.3,3,Core CPI m/m|PPI m/m|CPI y/y,Neutral|Good|Neutral,4,3,1,75.0,25.0,3.0,2025-04-09_2025-04-18|2019-10-08_2019-10-17|2020-05-05_2020-05-14|2022-08-03_2022-08-12
0.3,3,Core CPI m/m|PPI m/m|CPI y/y,Neutral|Bad|Neutral,1,1,0,100.0,0.0,inf,2020-06-04_2020-06-13
0.3,3,Core CPI m/m|PPI m/m|CPI y/y,Bad|Neutral|Bad,1,1,0,100.0,0.0,inf,2020-08-03_2020-08-12
0.0,3,Core CPI m/m|Core PPI m/m|CPI y/y,Neutral|Bad|Bad,1,1,0,100.0,0.0,inf,2023-10-07_2023-10-16
0.0,3,Core CPI m/m|Core PPI m/m|CPI y/y,Good|Bad|Good,1,1,0,100.0,0.0,inf,2024-07-03_2024-07-12
0.0,3,Core CPI m/m|Core PPI m/m|CPI y/y,Neutral|Good|Good,1,1,0,100.0,0.0,inf,2024-08-12_2024-08-21
0.0,3,Core CPI m/m|Core PPI m/m|CPI y/y,Good|Good|Good,5,3,2,60.0,40.0,1.5,2025-04-09_2025-04-18|2025-06-08_2025-06-17|2019-10-08_2019-10-17|2020-05-05_2020-05-14|2022-08-03_2022-08-12
0.0,3,Core CPI m/m|Core PPI m/m|CPI y/y,Good|Good|Bad,1,1,0,100.0,0.0,inf,2025-07-08_2025-07-17
0.0,3,Core CPI m/m|Core PPI m/m|CPI y/y,Good|Neutral|Neutral,1,1,0,100.0,0.0,inf,2018-05-06_2018-05-15
0.0,3,Core CPI m/m|Core PPI m/m|CPI y/y,Neutral|Good|Neutral,2,2,0,100.0,0.0,inf,2019-01-11_2019-01-20|2022-03-06_2022-03-15
0.0,3,Core CPI m/m|Core PPI m/m|CPI y/y,Bad|Bad|Neutral,1,1,0,100.0,0.0,inf,2019-07-10_2019-07-19
0.0,3,Core CPI m/m|Core PPI m/m|CPI y/y,Good|Neutral|Good,1,1,0,100.0,0.0,inf,2020-06-04_2020-06-13
0.0,3,Core CPI m/m|Core PPI m/m|CPI y/y,Bad|Bad|Bad,1,1,0,100.0,0.0,inf,2020-08-03_2020-08-12
0.0,3,Core CPI m/m|Core PPI m/m|CPI y/y,Neutral|Bad|Neutral,1,1,0,100.0,0.0,inf,2020-10-12_2020-10-21
0.0,3,Core CPI m/m|Core PPI m/m|CPI y/y,Neutral|Good|Bad,2,2,0,100.0,0.0,inf,2021-10-07_2021-10-16|2024-01-05_2024-01-14
0.0,3,Core CPI m/m|Core PPI m/m|CPI y/y,Neutral|Bad|Good,1,1,0,100.0,0.0,inf,2023-08-08_2023-08-17
0.0,3,Core CPI m/m|Core PPI m/m|CPI y/y,Bad|Neutral|Bad,1,1,0,100.0,0.0,inf,2023-09-07_2023-09-16
0.1,3,Core CPI m/m|Core PPI m/m|CPI y/y,Neutral|Neutral|Bad,2,2,0,100.0,0.0,inf,2023-10-07_2023-10-16|2023-09-07_2023-09-16
0.1,3,Core CPI m/m|Core PPI m/m|CPI y/y,Neutral|Bad|Good,1,1,0,100.0,0.0,inf,2024-07-03_2024-07-12
0.1,3,Core CPI m/m|Core PPI m/m|CPI y/y,Neutral|Good|Good,2,1,1,50.0,50.0,1.0,2024-08-12_2024-08-21|2019-10-08_2019-10-17
0.1,3,Core CPI m/m|Core PPI m/m|CPI y/y,Good|Good|Good,4,3,1,75.0,25.0,3.0,2025-04-09_2025-04-18|2025-06-08_2025-06-17|2020-05-05_2020-05-14|2022-08-03_2022-08-12
0.1,3,Core CPI m/m|Core PPI m/m|CPI y/y,Neutral|Good|Bad,3,3,0,100.0,0.0,inf,2025-07-08_2025-07-17|2021-10-07_2021-10-16|2024-01-05_2024-01-14
0.1,3,Core CPI m/m|Core PPI m/m|CPI y/y,Neutral|Neutral|Neutral,3,3,0,100.0,0.0,inf,2018-05-06_2018-05-15|2019-07-10_2019-07-19|2023-08-08_2023-08-17
0.1,3,Core CPI m/m|Core PPI m/m|CPI y/y,Neutral|Good|Neutral,2,2,0,100.0,0.0,inf,2019-01-11_2019-01-20|2022-03-06_2022-03-15
0.1,3,Core CPI m/m|Core PPI m/m|CPI y/y,Neutral|Neutral|Good,1,1,0,100.0,0.0,inf,2020-06-04_2020-06-13
0.1,3,Core CPI m/m|Core PPI m/m|CPI y/y,Bad|Bad|Bad,1,1,0,100.0,0.0,inf,2020-08-03_2020-08-12
0.1,3,Core CPI m/m|Core PPI m/m|CPI y/y,Neutral|Bad|Neutral,1,1,0,100.0,0.0,inf,2020-10-12_2020-10-21
0.2,3,Core CPI m/m|Core PPI m/m|CPI y/y,Neutral|Neutral|Neutral,14,13,1,92.9,7.1,13.0,2023-10-07_2023-10-16|2024-07-03_2024-07-12|2024-08-12_2024-08-21|2025-06-08_2025-06-17|2025-07-08_2025-07-17|2018-05-06_2018-05-15|2019-07-10_2019-07-19|2020-05-05_2020-05-14|2020-06-04_2020-06-13|2020-10-12_2020-10-21|2022-08-03_2022-08-12|2023-08-08_2023-08-17|2023-09-07_2023-09-16|2024-01-05_2024-01-14
0.2,3,Core CPI m/m|Core PPI m/m|CPI y/y,Neutral|Good|Neutral,5,4,1,80.0,20.0,4.0,2025-04-09_2025-04-18|2019-01-11_2019-01-20|2019-10-08_2019-10-17|2021-10-07_2021-10-16|2022-03-06_2022-03-15
0.2,3,Core CPI m/m|Core PPI m/m|CPI y/y,Bad|Bad|Bad,1,1,0,100.0,0.0,inf,2020-08-03_2020-08-12
0.3,3,Core CPI m/m|Core PPI m/m|CPI y/y,Neutral|Neutral|Neutral,15,14,1,93.3,6.7,14.0,2023-10-07_2023-10-16|2024-07-03_2024-07-12|2024-08-12_2024-08-21|2025-06-08_2025-06-17|2025-07-08_2025-07-17|2018-05-06_2018-05-15|2019-07-10_2019-07-19|2020-05-05_2020-05-14|2020-06-04_2020-06-13|2020-10-12_2020-10-21|2021-10-07_2021-10-16|2022-08-03_2022-08-12|2023-08-08_2023-08-17|2023-09-07_2023-09-16|2024-01-05_2024-01-14
0.3,3,Core CPI m/m|Core PPI m/m|CPI y/y,Neutral|Good|Neutral,4,3,1,75.0,25.0,3.0,2025-04-09_2025-04-18|2019-01-11_2019-01-20|2019-10-08_2019-10-17|2022-03-06_2022-03-15
0.3,3,Core CPI m/m|Core PPI m/m|CPI y/y,Bad|Bad|Bad,1,1,0,100.0,0.0,inf,2020-08-03_2020-08-12
0.0,3,Core CPI m/m|FOMC|CPI y/y,Good|Neutral|Good,1,0,1,0.0,100.0,0.0,2024-06-03_2024-06-12
0.1,3,Core CPI m/m|FOMC|CPI y/y,Neutral|Neutral|Good,1,0,1,0.0,100.0,0.0,2024-06-03_2024-06-12
0.2,3,Core CPI m/m|FOMC|CPI y/y,Neutral|Neutral|Neutral,1,0,1,0.0,100.0,0.0,2024-06-03_2024-06-12
0.3,3,Core CPI m/m|FOMC|CPI y/y,Neutral|Neutral|Neutral,1,0,1,0.0,100.0,0.0,2024-06-03_2024-06-12
0.0,3,PPI m/m|Core PPI m/m|CPI y/y,Bad|Bad|Bad,2,2,0,100.0,0.0,inf,2023-10-07_2023-10-16|2020-08-03_2020-08-12
0.0,3,PPI m/m|Core PPI m/m|CPI y/y,Bad|Bad|Good,2,2,0,100.0,0.0,inf,2024-07-03_2024-07-12|2023-08-08_2023-08-17
0.0,3,PPI m/m|Core PPI m/m|CPI y/y,Good|Good|Good,6,4,2,66.7,33.3,2.0,2024-08-12_2024-08-21|2025-04-09_2025-04-18|2025-06-08_2025-06-17|2019-10-08_2019-10-17|2020-05-05_2020-05-14|2022-08-03_2022-08-12
0.0,3,PPI m/m|Core PPI m/m|CPI y/y,Good|Good|Bad,3,3,0,100.0,0.0,inf,2025-07-08_2025-07-17|2021-10-07_2021-10-16|2024-01-05_2024-01-14
0.0,3,PPI m/m|Core PPI m/m|CPI y/y,Good|Neutral|Neutral,1,1,0,100.0,0.0,inf,2018-05-06_2018-05-15
0.0,3,PPI m/m|Core PPI m/m|CPI y/y,Good|Good|Neutral,2,2,0,100.0,0.0,inf,2019-01-11_2019-01-20|2022-03-06_2022-03-15
0.0,3,PPI m/m|Core PPI m/m|CPI y/y,Neutral|Bad|Neutral,1,1,0,100.0,0.0,inf,2019-07-10_2019-07-19
0.0,3,PPI m/m|Core PPI m/m|CPI y/y,Bad|Neutral|Good,1,1,0,100.0,0.0,inf,2020-06-04_2020-06-13
0.0,3,PPI m/m|Core PPI m/m|CPI y/y,Bad|Bad|Neutral,1,1,0,100.0,0.0,inf,2020-10-12_2020-10-21
0.0,3,PPI m/m|Core PPI m/m|CPI y/y,Bad|Neutral|Bad,1,1,0,100.0,0.0,inf,2023-09-07_2023-09-16
0.1,3,PPI m/m|Core PPI m/m|CPI y/y,Bad|Neutral|Bad,2,2,0,100.0,0.0,inf,2023-10-07_2023-10-16|2023-09-07_2023-09-16
0.1,3,PPI m/m|Core PPI m/m|CPI y/y,Neutral|Bad|Good,1,1,0,100.0,0.0,inf,2024-07-03_2024-07-12
0.1,3,PPI m/m|Core PPI m/m|CPI y/y,Neutral|Good|Good,2,1,1,50.0,50.0,1.0,2024-08-12_2024-08-21|2025-06-08_2025-06-17
0.1,3,PPI m/m|Core PPI m/m|CPI y/y,Good|Good|Good,4,3,1,75.0,25.0,3.0,2025-04-09_2025-04-18|2019-10-08_2019-10-17|2020-05-05_2020-05-14|2022-08-03_2022-08-12
0.1,3,PPI m/m|Core PPI m/m|CPI y/y,Good|Good|Bad,2,2,0,100.0,0.0,inf,2025-07-08_2025-07-17|2024-01-05_2024-01-14
0.1,3,PPI m/m|Core PPI m/m|CPI y/y,Neutral|Neutral|Neutral,3,3,0,100.0,0.0,inf,2018-05-06_2018-05-15|2019-07-10_2019-07-19|2023-08-08_2023-08-17
0.1,3,PPI m/m|Core PPI m/m|CPI y/y,Neutral|Good|Neutral,1,1,0,100.0,0.0,inf,2019-01-11_2019-01-20
0.1,3,PPI m/m|Core PPI m/m|CPI y/y,Bad|Neutral|Good,1,1,0,100.0,0.0,inf,2020-06-04_2020-06-13
0.1,3,PPI m/m|Core PPI m/m|CPI y/y,Bad|Bad|Bad,1,1,0,100.0,0.0,inf,2020-08-03_2020-08-12
0.1,3,PPI m/m|Core PPI m/m|CPI y/y,Bad|Bad|Neutral,1,1,0,100.0,0.0,inf,2020-10-12_2020-10-21
0.1,3,PPI m/m|Core PPI m/m|CPI y/y,Neutral|Good|Bad,1,1,0,100.0,0.0,inf,2021-10-07_2021-10-16
0.1,3,PPI m/m|Core PPI m/m|CPI y/y,Good|Good|Neutral,1,1,0,100.0,0.0,inf,2022-03-06_2022-03-15
0.2,3,PPI m/m|Core PPI m/m|CPI y/y,Neutral|Neutral|Neutral,10,9,1,90.0,10.0,9.0,2023-10-07_2023-10-16|2024-07-03_2024-07-12|2024-08-12_2024-08-21|2025-06-08_2025-06-17|2025-07-08_2025-07-17|2018-05-06_2018-05-15|2019-07-10_2019-07-19|2020-10-12_2020-10-21|2023-08-08_2023-08-17|2024-01-05_2024-01-14
0.2,3,PPI m/m|Core PPI m/m|CPI y/y,Good|Good|Neutral,2,1,1,50.0,50.0,1.0,2025-04-09_2025-04-18|2019-10-08_2019-10-17
0.2,3,PPI m/m|Core PPI m/m|CPI y/y,Neutral|Good|Neutral,3,3,0,100.0,0.0,inf,2019-01-11_2019-01-20|2021-10-07_2021-10-16|2022-03-06_2022-03-15
0.2,3,PPI m/m|Core PPI m/m|CPI y/y,Good|Neutral|Neutral,2,2,0,100.0,0.0,inf,2020-05-05_2020-05-14|2022-08-03_2022-08-12
0.2,3,PPI m/m|Core PPI m/m|CPI y/y,Bad|Neutral|Neutral,2,2,0,100.0,0.0,inf,2020-06-04_2020-06-13|2023-09-07_2023-09-16
0.2,3,PPI m/m|Core PPI m/m|CPI y/y,Bad|Bad|Bad,1,1,0,100.0,0.0,inf,2020-08-03_2020-08-12
0.3,3,PPI m/m|Core PPI m/m|CPI y/y,Neutral|Neutral|Neutral,12,11,1,91.7,8.3,11.0,2023-10-07_2023-10-16|2024-07-03_2024-07-12|2024-08-12_2024-08-21|2025-06-08_2025-06-17|2025-07-08_2025-07-17|2018-05-06_2018-05-15|2019-07-10_2019-07-19|2020-10-12_2020-10-21|2021-10-07_2021-10-16|2023-08-08_2023-08-17|2023-09-07_2023-09-16|2024-01-05_2024-01-14
0.3,3,PPI m/m|Core PPI m/m|CPI y/y,Good|Good|Neutral,2,1,1,50.0,50.0,1.0,2025-04-09_2025-04-18|2019-10-08_2019-10-17
0.3,3,PPI m/m|Core PPI m/m|CPI y/y,Neutral|Good|Neutral,2,2,0,100.0,0.0,inf,2019-01-11_2019-01-20|2022-03-06_2022-03-15
0.3,3,PPI m/m|Core PPI m/m|CPI y/y,Good|Neutral|Neutral,2,2,0,100.0,0.0,inf,2020-05-05_2020-05-14|2022-08-03_2022-08-12
0.3,3,PPI m/m|Core PPI m/m|CPI y/y,Bad|Neutral|Neutral,1,1,0,100.0,0.0,inf,2020-06-04_2020-06-13
0.3,3,PPI m/m|Core PPI m/m|CPI y/y,Neutral|Bad|Bad,1,1,0,100.0,0.0,inf,2020-08-03_2020-08-12
0.0,4,CPI m/m|Core CPI m/m|PPI m/m|Core PPI m/m,Bad|Neutral|Bad|Bad,1,1,0,100.0,0.0,inf,2023-10-07_2023-10-16
0.0,4,CPI m/m|Core CPI m/m|PPI m/m|Core PPI m/m,Good|Good|Bad|Bad,1,1,0,100.0,0.0,inf,2024-07-03_2024-07-12
0.0,4,CPI m/m|Core CPI m/m|PPI m/m|Core PPI m/m,Neutral|Neutral|Good|Good,3,3,0,100.0,0.0,inf,2024-08-12_2024-08-21|2019-01-11_2019-01-20|2022-03-06_2022-03-15
0.0,4,CPI m/m|Core CPI m/m|PPI m/m|Core PPI m/m,Good|Good|Good|Good,5,3,2,60.0,40.0,1.5,2025-04-09_2025-04-18|2025-06-08_2025-06-17|2019-10-08_2019-10-17|2020-05-05_2020-05-14|2022-08-03_2022-08-12
0.0,4,CPI m/m|Core CPI m/m|PPI m/m|Core PPI m/m,Neutral|Good|Good|Good,1,1,0,100.0,0.0,inf,2025-07-08_2025-07-17
0.0,4,CPI m/m|Core CPI m/m|PPI m/m|Core PPI m/m,Good|Good|Good|Neutral,1,1,0,100.0,0.0,inf,2018-05-06_2018-05-15
0.0,4,CPI m/m|Core CPI m/m|PPI m/m|Core PPI m/m,Bad|Bad|Neutral|Bad,1,1,0,100.0,0.0,inf,2019-07-10_2019-07-19
0.0,4,CPI m/m|Core CPI m/m|PPI m/m|Core PPI m/m,Good|Good|Bad|Neutral,1,1,0,100.0,0.0,inf,2020-06-04_2020-06-13
0.0,4,CPI m/m|Core CPI m/m|PPI m/m|Core PPI m/m,Bad|Bad|Bad|Bad,1,1,0,100.0,0.0,inf,2020-08-03_2020-08-12
0.0,4,CPI m/m|Core CPI m/m|PPI m/m|Core PPI m/m,Neutral|Neutral|Bad|Bad,2,2,0,100.0,0.0,inf,2020-10-12_2020-10-21|2023-08-08_2023-08-17
0.0,4,CPI m/m|Core CPI m/m|PPI m/m|Core PPI m/m,Bad|Neutral|Good|Good,2,2,0,100.0,0.0,inf,2021-10-07_2021-10-16|2024-01-05_2024-01-14
0.0,4,CPI m/m|Core CPI m/m|PPI m/m|Core PPI m/m,Neutral|Bad|Bad|Neutral,1,1,0,100.0,0.0,inf,2023-09-07_2023-09-16
0.1,4,CPI m/m|Core CPI m/m|PPI m/m|Core PPI m/m,Bad|Neutral|Bad|Neutral,1,1,0,100.0,0.0,inf,2023-10-07_2023-10-16
0.1,4,CPI m/m|Core CPI m/m|PPI m/m|Core PPI m/m,Good|Neutral|Neutral|Bad,1,1,0,100.0,0.0,inf,2024-07-03_2024-07-12
0.1,4,CPI m/m|Core CPI m/m|PPI m/m|Core PPI m/m,Neutral|Neutral|Neutral|Good,2,2,0,100.0,0.0,inf,2024-08-12_2024-08-21|2019-01-11_2019-01-20
0.1,4,CPI m/m|Core CPI m/m|PPI m/m|Core PPI m/m,Good|Good|Good|Good,3,3,0,100.0,0.0,inf,2025-04-09_2025-04-18|2020-05-05_2020-05-14|2022-08-03_2022-08-12
0.1,4,CPI m/m|Core CPI m/m|PPI m/m|Core PPI m/m,Neutral|Good|Neutral|Good,1,0,1,0.0,100.0,0.0,2025-06-08_2025-06-17
0.1,4,CPI m/m|Core CPI m/m|PPI m/m|Core PPI m/m,Neutral|Neutral|Good|Good,4,3,1,75.0,25.0,3.0,2025-07-08_2025-07-17|2019-10-08_2019-10-17|2022-03-06_2022-03-15|2024-01-05_2024-01-14
0.1,4,CPI m/m|Core CPI m/m|PPI m/m|Core PPI m/m,Neutral|Neutral|Neutral|Neutral,3,3,0,100.0,0.0,inf,2018-05-06_2018-05-15|2019-07-10_2019-07-19|2023-08-08_2023-08-17
0.1,4,CPI m/m|Core CPI m/m|PPI m/m|Core PPI m/m,Neutral|Neutral|Bad|Neutral,2,2,0,100.0,0.0,inf,2020-06-04_2020-06-13|2023-09-07_2023-09-16
0.1,4,CPI m/m|Core CPI m/m|PPI m/m|Core PPI m/m,Bad|Bad|Bad|Bad,1,1,0,100.0,0.0,inf,2020-08-03_2020-08-12
0.1,4,CPI m/m|Core CPI m/m|PPI m/m|Core PPI m/m,Neutral|Neutral|Bad|Bad,1,1,0,100.0,0.0,inf,2020-10-12_2020-10-21
0.1,4,CPI m/m|Core CPI m/m|PPI m/m|Core PPI m/m,Bad|Neutral|Neutral|Good,1,1,0,100.0,0.0,inf,2021-10-07_2021-10-16
0.2,4,CPI m/m|Core CPI m/m|PPI m/m|Core PPI m/m,Neutral|Neutral|Neutral|Neutral,10,9,1,90.0,10.0,9.0,2023-10-07_2023-10-16|2024-07-03_2024-07-12|2024-08-12_2024-08-21|2025-06-08_2025-06-17|2025-07-08_2025-07-17|2018-05-06_2018-05-15|2019-07-10_2019-07-19|2020-10-12_2020-10-21|2023-08-08_2023-08-17|2024-01-05_2024-01-14
0.2,4,CPI m/m|Core CPI m/m|PPI m/m|Core PPI m/m,Neutral|Neutral|Good|Good,2,1,1,50.0,50.0,1.0,2025-04-09_2025-04-18|2019-10-08_2019-10-17
0.2,4,CPI m/m|Core CPI m/m|PPI m/m|Core PPI m/m,Neutral|Neutral|Neutral|Good,3,3,0,100.0,0.0,inf,2019-01-11_2019-01-20|2021-10-07_2021-10-16|2022-03-06_2022-03-15
0.2,4,CPI m/m|Core CPI m/m|PPI m/m|Core PPI m/m,Neutral|Neutral|Good|Neutral,2,2,0,100.0,0.0,inf,2020-05-05_2020-05-14|2022-08-03_2022-08-12
0.2,4,CPI m/m|Core CPI m/m|PPI m/m|Core PPI m/m,Neutral|Neutral|Bad|Neutral,2,2,0,100.0,0.0,inf,2020-06-04_2020-06-13|2023-09-07_2023-09-16
0.2,4,CPI m/m|Core CPI m/m|PPI m/m|Core PPI m/m,Bad|Bad|Bad|Bad,1,1,0,100.0,0.0,inf,2020-08-03_2020-08-12
0.3,4,CPI m/m|Core CPI m/m|PPI m/m|Core PPI m/m,Neutral|Neutral|Neutral|Neutral,12,11,1,91.7,8.3,11.0,2023-10-07_2023-10-16|2024-07-03_2024-07-12|2024-08-12_2024-08-21|2025-06-08_2025-06-17|2025-07-08_2025-07-17|2018-05-06_2018-05-15|2019-07-10_2019-07-19|2020-10-12_2020-10-21|2021-10-07_2021-10-16|2023-08-08_2023-08-17|2023-09-07_2023-09-16|2024-01-05_2024-01-14
0.3,4,CPI m/m|Core CPI m/m|PPI m/m|Core PPI m/m,Neutral|Neutral|Good|Good,2,1,1,50.0,50.0,1.0,2025-04-09_2025-04-18|2019-10-08_2019-10-17
0.3,4,CPI m/m|Core CPI m/m|PPI m/m|Core PPI m/m,Neutral|Neutral|Neutral|Good,2,2,0,100.0,0.0,inf,2019-01-11_2019-01-20|2022-03-06_2022-03-15
0.3,4,CPI m/m|Core CPI m/m|PPI m/m|Core PPI m/m,Neutral|Neutral|Good|Neutral,2,2,0,100.0,0.0,inf,2020-05-05_2020-05-14|2022-08-03_2022-08-12
0.3,4,CPI m/m|Core CPI m/m|PPI m/m|Core PPI m/m,Neutral|Neutral|Bad|Neutral,1,1,0,100.0,0.0,inf,2020-06-04_2020-06-13
0.3,4,CPI m/m|Core CPI m/m|PPI m/m|Core PPI m/m,Neutral|Bad|Neutral|Bad,1,1,0,100.0,0.0,inf,2020-08-03_2020-08-12
0.0,4,CPI m/m|Core CPI m/m|PPI m/m|CPI y/y,Bad|Neutral|Bad|Bad,1,1,0,100.0,0.0,inf,2023-10-07_2023-10-16
0.0,4,CPI m/m|Core CPI m/m|PPI m/m|CPI y/y,Good|Good|Bad|Good,2,2,0,100.0,0.0,inf,2024-07-03_2024-07-12|2020-06-04_2020-06-13
0.0,4,CPI m/m|Core CPI m/m|PPI m/m|CPI y/y,Neutral|Neutral|Good|Good,1,1,0,100.0,0.0,inf,2024-08-12_2024-08-21
0.0,4,CPI m/m|Core CPI m/m|PPI m/m|CPI y/y,Good|Good|Good|Good,5,3,2,60.0,40.0,1.5,2025-04-09_2025-04-18|2025-06-08_2025-06-17|2019-10-08_2019-10-17|2020-05-05_2020-05-14|2022-08-03_2022-08-12
0.0,4,CPI m/m|Core CPI m/m|PPI m/m|CPI y/y,Neutral|Good|Good|Bad,1,1,0,100.0,0.0,inf,2025-07-08_2025-07-17
0.0,4,CPI m/m|Core CPI m/m|PPI m/m|CPI y/y,Good|Good|Good|Neutral,1,1,0,100.0,0.0,inf,2018-05-06_2018-05-15
0.0,4,CPI m/m|Core CPI m/m|PPI m/m|CPI y/y,Neutral|Neutral|Good|Neutral,2,2,0,100.0,0.0,inf,2019-01-11_2019-01-20|2022-03-06_2022-03-15
0.0,4,CPI m/m|Core CPI m/m|PPI m/m|CPI y/y,Bad|Bad|Neutral|Neutral,1,1,0,100.0,0.0,inf,2019-07-10_2019-07-19
0.0,4,CPI m/m|Core CPI m/m|PPI m/m|CPI y/y,Bad|Bad|Bad|Bad,1,1,0,100.0,0.0,inf,2020-08-03_2020-08-12
0.0,4,CPI m/m|Core CPI m/m|PPI m/m|CPI y/y,Neutral|Neutral|Bad|Neutral,1,1,0,100.0,0.0,inf,2020-10-12_2020-10-21
0.0,4,CPI m/m|Core CPI m/m|PPI m/m|CPI y/y,Bad|Neutral|Good|Bad,2,2,0,100.0,0.0,inf,2021-10-07_2021-10-16|2024-01-05_2024-01-14
0.0,4,CPI m/m|Core CPI m/m|PPI m/m|CPI y/y,Neutral|Neutral|Bad|Good,1,1,0,100.0,0.0,inf,2023-08-08_2023-08-17
0.0,4,CPI m/m|Core CPI m/m|PPI m/m|CPI y/y,Neutral|Bad|Bad|Bad,1,1,0,100.0,0.0,inf,2023-09-07_2023-09-16
0.1,4,CPI m/m|Core CPI m/m|PPI m/m|CPI y/y,Bad|Neutral|Bad|Bad,1,1,0,100.0,0.0,inf,2023-10-07_2023-10-16
0.1,4,CPI m/m|Core CPI m/m|PPI m/m|CPI y/y,Good|Neutral|Neutral|Good,1,1,0,100.0,0.0,inf,2024-07-03_2024-07-12
0.1,4,CPI m/m|Core CPI m/m|PPI m/m|CPI y/y,Neutral|Neutral|Neutral|Good,1,1,0,100.0,0.0,inf,2024-08-12_2024-08-21
0.1,4,CPI m/m|Core CPI m/m|PPI m/m|CPI y/y,Good|Good|Good|Good,3,3,0,100.0,0.0,inf,2025-04-09_2025-04-18|2020-05-05_2020-05-14|2022-08-03_2022-08-12
0.1,4,CPI m/m|Core CPI m/m|PPI m/m|CPI y/y,Neutral|Good|Neutral|Good,1,0,1,0.0,100.0,0.0,2025-06-08_2025-06-17
0.1,4,CPI m/m|Core CPI m/m|PPI m/m|CPI y/y,Neutral|Neutral|Good|Bad,2,2,0,100.0,0.0,inf,2025-07-08_2025-07-17|2024-01-05_2024-01-14
0.1,4,CPI m/m|Core CPI m/m|PPI m/m|CPI y/y,Neutral|Neutral|Neutral|Neutral,4,4,0,100.0,0.0,inf,2018-05-06_2018-05-15|2019-01-11_2019-01-20|2019-07-10_2019-07-19|2023-08-08_2023-08-17
0.1,4,CPI m/m|Core CPI m/m|PPI m/m|CPI y/y,Neutral|Neutral|Good|Good,1,0,1,0.0,100.0,0.0,2019-10-08_2019-10-17
0.1,4,CPI m/m|Core CPI m/m|PPI m/m|CPI y/y,Neutral|Neutral|Bad|Good,1,1,0,100.0,0.0,inf,2020-06-04_2020-06-13
0.1,4,CPI m/m|Core CPI m/m|PPI m/m|CPI y/y,Bad|Bad|Bad|Bad,1,1,0,100.0,0.0,inf,2020-08-03_2020-08-12
0.1,4,CPI m/m|Core CPI m/m|PPI m/m|CPI y/y,Neutral|Neutral|Bad|Neutral,1,1,0,100.0,0.0,inf,2020-10-12_2020-10-21
0.1,4,CPI m/m|Core CPI m/m|PPI m/m|CPI y/y,Bad|Neutral|Neutral|Bad,1,1,0,100.0,0.0,inf,2021-10-07_2021-10-16
0.1,4,CPI m/m|Core CPI m/m|PPI m/m|CPI y/y,Neutral|Neutral|Good|Neutral,1,1,0,100.0,0.0,inf,2022-03-06_2022-03-15
0.1,4,CPI m/m|Core CPI m/m|PPI m/m|CPI y/y,Neutral|Neutral|Bad|Bad,1,1,0,100.0,0.0,inf,2023-09-07_2023-09-16
0.2,4,CPI m/m|Core CPI m/m|PPI m/m|CPI y/y,Neutral|Neutral|Neutral|Neutral,13,12,1,92.3,7.7,12.0,2023-10-07_2023-10-16|2024-07-03_2024-07-12|2024-08-12_2024-08-21|2025-06-08_2025-06-17|2025-07-08_2025-07-17|2018-05-06_2018-05-15|2019-01-11_2019-01-20|2019-07-10_2019-07-19|2020-10-12_2020-10-21|2021-10-07_2021-10-16|2022-03-06_2022-03-15|2023-08-08_2023-08-17|2024-01-05_2024-01-14
0.2,4,CPI m/m|Core CPI m/m|PPI m/m|CPI y/y,Neutral|Neutral|Good|Neutral,4,3,1,75.0,25.0,3.0,2025-04-09_2025-04-18|2019-10-08_2019-10-17|2020-05-05_2020-05-14|2022-08-03_2022-08-12
0.2,4,CPI m/m|Core CPI m/m|PPI m/m|CPI y/y,Neutral|Neutral|Bad|Neutral,2,2,0,100.0,0.0,inf,2020-06-04_2020-06-13|2023-09-07_2023-09-16
0.2,4,CPI m/m|Core CPI m/m|PPI m/m|CPI y/y,Bad|Bad|Bad|Bad,1,1,0,100.0,0.0,inf,2020-08-03_2020-08-12
0.3,4,CPI m/m|Core CPI m/m|PPI m/m|CPI y/y,Neutral|Neutral|Neutral|Neutral,14,13,1,92.9,7.1,13.0,2023-10-07_2023-10-16|2024-07-03_2024-07-12|2024-08-12_2024-08-21|2025-06-08_2025-06-17|2025-07-08_2025-07-17|2018-05-06_2018-05-15|2019-01-11_2019-01-20|2019-07-10_2019-07-19|2020-10-12_2020-10-21|2021-10-07_2021-10-16|2022-03-06_2022-03-15|2023-08-08_2023-08-17|2023-09-07_2023-09-16|2024-01-05_2024-01-14
0.3,4,CPI m/m|Core CPI m/m|PPI m/m|CPI y/y,Neutral|Neutral|Good|Neutral,4,3,1,75.0,25.0,3.0,2025-04-09_2025-04-18|2019-10-08_2019-10-17|2020-05-05_2020-05-14|2022-08-03_2022-08-12
0.3,4,CPI m/m|Core CPI m/m|PPI m/m|CPI y/y,Neutral|Neutral|Bad|Neutral,1,1,0,100.0,0.0,inf,2020-06-04_2020-06-13
0.3,4,CPI m/m|Core CPI m/m|PPI m/m|CPI y/y,Neutral|Bad|Neutral|Bad,1,1,0,100.0,0.0,inf,2020-08-03_2020-08-12
0.0,4,CPI m/m|Core CPI m/m|Core PPI m/m|CPI y/y,Bad|Neutral|Bad|Bad,1,1,0,100.0,0.0,inf,2023-10-07_2023-10-16
0.0,4,CPI m/m|Core CPI m/m|Core PPI m/m|CPI y/y,Good|Good|Bad|Good,1,1,0,100.0,0.0,inf,2024-07-03_2024-07-12
0.0,4,CPI m/m|Core CPI m/m|Core PPI m/m|CPI y/y,Neutral|Neutral|Good|Good,1,1,0,100.0,0.0,inf,2024-08-12_2024-08-21
0.0,4,CPI m/m|Core CPI m/m|Core PPI m/m|CPI y/y,Good|Good|Good|Good,5,3,2,60.0,40.0,1.5,2025-04-09_2025-04-18|2025-06-08_2025-06-17|2019-10-08_2019-10-17|2020-05-05_2020-05-14|2022-08-03_2022-08-12
0.0,4,CPI m/m|Core CPI m/m|Core PPI m/m|CPI y/y,Neutral|Good|Good|Bad,1,1,0,100.0,0.0,inf,2025-07-08_2025-07-17
0.0,4,CPI m/m|Core CPI m/m|Core PPI m/m|CPI y/y,Good|Good|Neutral|Neutral,1,1,0,100.0,0.0,inf,2018-05-06_2018-05-15
0.0,4,CPI m/m|Core CPI m/m|Core PPI m/m|CPI y/y,Neutral|Neutral|Good|Neutral,2,2,0,100.0,0.0,inf,2019-01-11_2019-01-20|2022-03-06_2022-03-15
0.0,4,CPI m/m|Core CPI m/m|Core PPI m/m|CPI y/y,Bad|Bad|Bad|Neutral,1,1,0,100.0,0.0,inf,2019-07-10_2019-07-19
0.0,4,CPI m/m|Core CPI m/m|Core PPI m/m|CPI y/y,Good|Good|Neutral|Good,1,1,0,100.0,0.0,inf,2020-06-04_2020-06-13
0.0,4,CPI m/m|Core CPI m/m|Core PPI m/m|CPI y/y,Bad|Bad|Bad|Bad,1,1,0,100.0,0.0,inf,2020-08-03_2020-08-12
0.0,4,CPI m/m|Core CPI m/m|Core PPI m/m|CPI y/y,Neutral|Neutral|Bad|Neutral,1,1,0,100.0,0.0,inf,2020-10-12_2020-10-21
0.0,4,CPI m/m|Core CPI m/m|Core PPI m/m|CPI y/y,Bad|Neutral|Good|Bad,2,2,0,100.0,0.0,inf,2021-10-07_2021-10-16|2024-01-05_2024-01-14
0.0,4,CPI m/m|Core CPI m/m|Core PPI m/m|CPI y/y,Neutral|Neutral|Bad|Good,1,1,0,100.0,0.0,inf,2023-08-08_2023-08-17
0.0,4,CPI m/m|Core CPI m/m|Core PPI m/m|CPI y/y,Neutral|Bad|Neutral|Bad,1,1,0,100.0,0.0,inf,2023-09-07_2023-09-16
0.1,4,CPI m/m|Core CPI m/m|Core PPI m/m|CPI y/y,Bad|Neutral|Neutral|Bad,1,1,0,100.0,0.0,inf,2023-10-07_2023-10-16
0.1,4,CPI m/m|Core CPI m/m|Core PPI m/m|CPI y/y,Good|Neutral|Bad|Good,1,1,0,100.0,0.0,inf,2024-07-03_2024-07-12
0.1,4,CPI m/m|Core CPI m/m|Core PPI m/m|CPI y/y,Neutral|Neutral|Good|Good,2,1,1,50.0,50.0,1.0,2024-08-12_2024-08-21|2019-10-08_2019-10-17
0.1,4,CPI m/m|Core CPI m/m|Core PPI m/m|CPI y/y,Good|Good|Good|Good,3,3,0,100.0,0.0,inf,2025-04-09_2025-04-18|2020-05-05_2020-05-14|2022-08-03_2022-08-12
0.1,4,CPI m/m|Core CPI m/m|Core PPI m/m|CPI y/y,Neutral|Good|Good|Good,1,0,1,0.0,100.0,0.0,2025-06-08_2025-06-17
0.1,4,CPI m/m|Core CPI m/m|Core PPI m/m|CPI y/y,Neutral|Neutral|Good|Bad,2,2,0,100.0,0.0,inf,2025-07-08_2025-07-17|2024-01-05_2024-01-14
0.1,4,CPI m/m|Core CPI m/m|Core PPI m/m|CPI y/y,Neutral|Neutral|Neutral|Neutral,3,3,0,100.0,0.0,inf,2018-05-06_2018-05-15|2019-07-10_2019-07-19|2023-08-08_2023-08-17
0.1,4,CPI m/m|Core CPI m/m|Core PPI m/m|CPI y/y,Neutral|Neutral|Good|Neutral,2,2,0,100.0,0.0,inf,2019-01-11_2019-01-20|2022-03-06_2022-03-15
0.1,4,CPI m/m|Core CPI m/m|Core PPI m/m|CPI y/y,Neutral|Neutral|Neutral|Good,1,1,0,100.0,0.0,inf,2020-06-04_2020-06-13
0.1,4,CPI m/m|Core CPI m/m|Core PPI m/m|CPI y/y,Bad|Bad|Bad|Bad,1,1,0,100.0,0.0,inf,2020-08-03_2020-08-12
0.1,4,CPI m/m|Core CPI m/m|Core PPI m/m|CPI y/y,Neutral|Neutral|Bad|Neutral,1,1,0,100.0,0.0,inf,2020-10-12_2020-10-21
0.1,4,CPI m/m|Core CPI m/m|Core PPI m/m|CPI y/y,Bad|Neutral|Good|Bad,1,1,0,100.0,0.0,inf,2021-10-07_2021-10-16
0.1,4,CPI m/m|Core CPI m/m|Core PPI m/m|CPI y/y,Neutral|Neutral|Neutral|Bad,1,1,0,100.0,0.0,inf,2023-09-07_2023-09-16
0.2,4,CPI m/m|Core CPI m/m|Core PPI m/m|CPI y/y,Neutral|Neutral|Neutral|Neutral,14,13,1,92.9,7.1,13.0,2023-10-07_2023-10-16|2024-07-03_2024-07-12|2024-08-12_2024-08-21|2025-06-08_2025-06-17|2025-07-08_2025-07-17|2018-05-06_2018-05-15|2019-07-10_2019-07-19|2020-05-05_2020-05-14|2020-06-04_2020-06-13|2020-10-12_2020-10-21|2022-08-03_2022-08-12|2023-08-08_2023-08-17|2023-09-07_2023-09-16|2024-01-05_2024-01-14
0.2,4,CPI m/m|Core CPI m/m|Core PPI m/m|CPI y/y,Neutral|Neutral|Good|Neutral,5,4,1,80.0,20.0,4.0,2025-04-09_2025-04-18|2019-01-11_2019-01-20|2019-10-08_2019-10-17|2021-10-07_2021-10-16|2022-03-06_2022-03-15
0.2,4,CPI m/m|Core CPI m/m|Core PPI m/m|CPI y/y,Bad|Bad|Bad|Bad,1,1,0,100.0,0.0,inf,2020-08-03_2020-08-12
0.3,4,CPI m/m|Core CPI m/m|Core PPI m/m|CPI y/y,Neutral|Neutral|Neutral|Neutral,15,14,1,93.3,6.7,14.0,2023-10-07_2023-10-16|2024-07-03_2024-07-12|2024-08-12_2024-08-21|2025-06-08_2025-06-17|2025-07-08_2025-07-17|2018-05-06_2018-05-15|2019-07-10_2019-07-19|2020-05-05_2020-05-14|2020-06-04_2020-06-13|2020-10-12_2020-10-21|2021-10-07_2021-10-16|2022-08-03_2022-08-12|2023-08-08_2023-08-17|2023-09-07_2023-09-16|2024-01-05_2024-01-14
0.3,4,CPI m/m|Core CPI m/m|Core PPI m/m|CPI y/y,Neutral|Neutral|Good|Neutral,4,3,1,75.0,25.0,3.0,2025-04-09_2025-04-18|2019-01-11_2019-01-20|2019-10-08_2019-10-17|2022-03-06_2022-03-15
0.3,4,CPI m/m|Core CPI m/m|Core PPI m/m|CPI y/y,Neutral|Bad|Bad|Bad,1,1,0,100.0,0.0,inf,2020-08-03_2020-08-12
0.0,4,CPI m/m|Core CPI m/m|FOMC|CPI y/y,Good|Good|Neutral|Good,1,0,1,0.0,100.0,0.0,2024-06-03_2024-06-12
0.1,4,CPI m/m|Core CPI m/m|FOMC|CPI y/y,Neutral|Neutral|Neutral|Good,1,0,1,0.0,100.0,0.0,2024-06-03_2024-06-12
0.2,4,CPI m/m|Core CPI m/m|FOMC|CPI y/y,Neutral|Neutral|Neutral|Neutral,1,0,1,0.0,100.0,0.0,2024-06-03_2024-06-12
0.3,4,CPI m/m|Core CPI m/m|FOMC|CPI y/y,Neutral|Neutral|Neutral|Neutral,1,0,1,0.0,100.0,0.0,2024-06-03_2024-06-12
0.0,4,CPI m/m|PPI m/m|Core PPI m/m|CPI y/y,Bad|Bad|Bad|Bad,2,2,0,100.0,0.0,inf,2023-10-07_2023-10-16|2020-08-03_2020-08-12
0.0,4,CPI m/m|PPI m/m|Core PPI m/m|CPI y/y,Good|Bad|Bad|Good,1,1,0,100.0,0.0,inf,2024-07-03_2024-07-12
0.0,4,CPI m/m|PPI m/m|Core PPI m/m|CPI y/y,Neutral|Good|Good|Good,1,1,0,100.0,0.0,inf,2024-08-12_2024-08-21
0.0,4,CPI m/m|PPI m/m|Core PPI m/m|CPI y/y,Good|Good|Good|Good,5,3,2,60.0,40.0,1.5,2025-04-09_2025-04-18|2025-06-08_2025-06-17|2019-10-08_2019-10-17|2020-05-05_2020-05-14|2022-08-03_2022-08-12
0.0,4,CPI m/m|PPI m/m|Core PPI m/m|CPI y/y,Neutral|Good|Good|Bad,1,1,0,100.0,0.0,inf,2025-07-08_2025-07-17
0.0,4,CPI m/m|PPI m/m|Core PPI m/m|CPI y/y,Good|Good|Neutral|Neutral,1,1,0,100.0,0.0,inf,2018-05-06_2018-05-15
0.0,4,CPI m/m|PPI m/m|Core PPI m/m|CPI y/y,Neutral|Good|Good|Neutral,2,2,0,100.0,0.0,inf,2019-01-11_2019-01-20|2022-03-06_2022-03-15
0.0,4,CPI m/m|PPI m/m|Core PPI m/m|CPI y/y,Bad|Neutral|Bad|Neutral,1,1,0,100.0,0.0,inf,2019-07-10_2019-07-19
0.0,4,CPI m/m|PPI m/m|Core PPI m/m|CPI y/y,Good|Bad|Neutral|Good,1,1,0,100.0,0.0,inf,2020-06-04_2020-06-13
0.0,4,CPI m/m|PPI m/m|Core PPI m/m|CPI y/y,Neutral|Bad|Bad|Neutral,1,1,0,100.0,0.0,inf,2020-10-12_2020-10-21
0.0,4,CPI m/m|PPI m/m|Core PPI m/m|CPI y/y,Bad|Good|Good|Bad,2,2,0,100.0,0.0,inf,2021-10-07_2021-10-16|2024-01-05_2024-01-14
0.0,4,CPI m/m|PPI m/m|Core PPI m/m|CPI y/y,Neutral|Bad|Bad|Good,1,1,0,100.0,0.0,inf,2023-08-08_2023-08-17
0.0,4,CPI m/m|PPI m/m|Core PPI m/m|CPI y/y,Neutral|Bad|Neutral|Bad,1,1,0,100.0,0.0,inf,2023-09-07_2023-09-16
0.1,4,CPI m/m|PPI m/m|Core PPI m/m|CPI y/y,Bad|Bad|Neutral|Bad,1,1,0,100.0,0.0,inf,2023-10-07_2023-10-16
0.1,4,CPI m/m|PPI m/m|Core PPI m/m|CPI y/y,Good|Neutral|Bad|Good,1,1,0,100.0,0.0,inf,2024-07-03_2024-07-12
0.1,4,CPI m/m|PPI m/m|Core PPI m/m|CPI y/y,Neutral|Neutral|Good|Good,2,1,1,50.0,50.0,1.0,2024-08-12_2024-08-21|2025-06-08_2025-06-17
0.1,4,CPI m/m|PPI m/m|Core PPI m/m|CPI y/y,Good|Good|Good|Good,3,3,0,100.0,0.0,inf,2025-04-09_2025-04-18|2020-05-05_2020-05-14|2022-08-03_2022-08-12
0.1,4,CPI m/m|PPI m/m|Core PPI m/m|CPI y/y,Neutral|Good|Good|Bad,2,2,0,100.0,0.0,inf,2025-07-08_2025-07-17|2024-01-05_2024-01-14
0.1,4,CPI m/m|PPI m/m|Core PPI m/m|CPI y/y,Neutral|Neutral|Neutral|Neutral,3,3,0,100.0,0.0,inf,2018-05-06_2018-05-15|2019-07-10_2019-07-19|2023-08-08_2023-08-17
0.1,4,CPI m/m|PPI m/m|Core PPI m/m|CPI y/y,Neutral|Neutral|Good|Neutral,1,1,0,100.0,0.0,inf,2019-01-11_2019-01-20
0.1,4,CPI m/m|PPI m/m|Core PPI m/m|CPI y/y,Neutral|Good|Good|Good,1,0,1,0.0,100.0,0.0,2019-10-08_2019-10-17
0.1,4,CPI m/m|PPI m/m|Core PPI m/m|CPI y/y,Neutral|Bad|Neutral|Good,1,1,0,100.0,0.0,inf,2020-06-04_2020-06-13
0.1,4,CPI m/m|PPI m/m|Core PPI m/m|CPI y/y,Bad|Bad|Bad|Bad,1,1,0,100.0,0.0,inf,2020-08-03_2020-08-12
0.1,4,CPI m/m|PPI m/m|Core PPI m/m|CPI y/y,Neutral|Bad|Bad|Neutral,1,1,0,100.0,0.0,inf,2020-10-12_2020-10-21
0.1,4,CPI m/m|PPI m/m|Core PPI m/m|CPI y/y,Bad|Neutral|Good|Bad,1,1,0,100.0,0.0,inf,2021-10-07_2021-10-16
0.1,4,CPI m/m|PPI m/m|Core PPI m/m|CPI y/y,Neutral|Good|Good|Neutral,1,1,0,100.0,0.0,inf,2022-03-06_2022-03-15
0.1,4,CPI m/m|PPI m/m|Core PPI m/m|CPI y/y,Neutral|Bad|Neutral|Bad,1,1,0,100.0,0.0,inf,2023-09-07_2023-09-16
0.2,4,CPI m/m|PPI m/m|Core PPI m/m|CPI y/y,Neutral|Neutral|Neutral|Neutral,10,9,1,90.0,10.0,9.0,2023-10-07_2023-10-16|2024-07-03_2024-07-12|2024-08-12_2024-08-21|2025-06-08_2025-06-17|2025-07-08_2025-07-17|2018-05-06_2018-05-15|2019-07-10_2019-07-19|2020-10-12_2020-10-21|2023-08-08_2023-08-17|2024-01-05_2024-01-14
0.2,4,CPI m/m|PPI m/m|Core PPI m/m|CPI y/y,Neutral|Good|Good|Neutral,2,1,1,50.0,50.0,1.0,2025-04-09_2025-04-18|2019-10-08_2019-10-17
0.2,4,CPI m/m|PPI m/m|Core PPI m/m|CPI y/y,Neutral|Neutral|Good|Neutral,3,3,0,100.0,0.0,inf,2019-01-11_2019-01-20|2021-10-07_2021-10-16|2022-03-06_2022-03-15
0.2,4,CPI m/m|PPI m/m|Core PPI m/m|CPI y/y,Neutral|Good|Neutral|Neutral,2,2,0,100.0,0.0,inf,2020-05-05_2020-05-14|2022-08-03_2022-08-12
0.2,4,CPI m/m|PPI m/m|Core PPI m/m|CPI y/y,Neutral|Bad|Neutral|Neutral,2,2,0,100.0,0.0,inf,2020-06-04_2020-06-13|2023-09-07_2023-09-16
0.2,4,CPI m/m|PPI m/m|Core PPI m/m|CPI y/y,Bad|Bad|Bad|Bad,1,1,0,100.0,0.0,inf,2020-08-03_2020-08-12
0.3,4,CPI m/m|PPI m/m|Core PPI m/m|CPI y/y,Neutral|Neutral|Neutral|Neutral,12,11,1,91.7,8.3,11.0,2023-10-07_2023-10-16|2024-07-03_2024-07-12|2024-08-12_2024-08-21|2025-06-08_2025-06-17|2025-07-08_2025-07-17|2018-05-06_2018-05-15|2019-07-10_2019-07-19|2020-10-12_2020-10-21|2021-10-07_2021-10-16|2023-08-08_2023-08-17|2023-09-07_2023-09-16|2024-01-05_2024-01-14
0.3,4,CPI m/m|PPI m/m|Core PPI m/m|CPI y/y,Neutral|Good|Good|Neutral,2,1,1,50.0,50.0,1.0,2025-04-09_2025-04-18|2019-10-08_2019-10-17
0.3,4,CPI m/m|PPI m/m|Core PPI m/m|CPI y/y,Neutral|Neutral|Good|Neutral,2,2,0,100.0,0.0,inf,2019-01-11_2019-01-20|2022-03-06_2022-03-15
0.3,4,CPI m/m|PPI m/m|Core PPI m/m|CPI y/y,Neutral|Good|Neutral|Neutral,2,2,0,100.0,0.0,inf,2020-05-05_2020-05-14|2022-08-03_2022-08-12
0.3,4,CPI m/m|PPI m/m|Core PPI m/m|CPI y/y,Neutral|Bad|Neutral|Neutral,1,1,0,100.0,0.0,inf,2020-06-04_2020-06-13
0.3,4,CPI m/m|PPI m/m|Core PPI m/m|CPI y/y,Neutral|Neutral|Bad|Bad,1,1,0,100.0,0.0,inf,2020-08-03_2020-08-12
0.0,4,Core CPI m/m|PPI m/m|Core PPI m/m|CPI y/y,Neutral|Bad|Bad|Bad,1,1,0,100.0,0.0,inf,2023-10-07_2023-10-16
0.0,4,Core CPI m/m|PPI m/m|Core PPI m/m|CPI y/y,Good|Bad|Bad|Good,1,1,0,100.0,0.0,inf,2024-07-03_2024-07-12
0.0,4,Core CPI m/m|PPI m/m|Core PPI m/m|CPI y/y,Neutral|Good|Good|Good,1,1,0,100.0,0.0,inf,2024-08-12_2024-08-21
0.0,4,Core CPI m/m|PPI m/m|Core PPI m/m|CPI y/y,Good|Good|Good|Good,5,3,2,60.0,40.0,1.5,2025-04-09_2025-04-18|2025-06-08_2025-06-17|2019-10-08_2019-10-17|2020-05-05_2020-05-14|2022-08-03_2022-08-12
0.0,4,Core CPI m/m|PPI m/m|Core PPI m/m|CPI y/y,Good|Good|Good|Bad,1,1,0,100.0,0.0,inf,2025-07-08_2025-07-17
0.0,4,Core CPI m/m|PPI m/m|Core PPI m/m|CPI y/y,Good|Good|Neutral|Neutral,1,1,0,100.0,0.0,inf,2018-05-06_2018-05-15
0.0,4,Core CPI m/m|PPI m/m|Core PPI m/m|CPI y/y,Neutral|Good|Good|Neutral,2,2,0,100.0,0.0,inf,2019-01-11_2019-01-20|2022-03-06_2022-03-15
0.0,4,Core CPI m/m|PPI m/m|Core PPI m/m|CPI y/y,Bad|Neutral|Bad|Neutral,1,1,0,100.0,0.0,inf,2019-07-10_2019-07-19
0.0,4,Core CPI m/m|PPI m/m|Core PPI m/m|CPI y/y,Good|Bad|Neutral|Good,1,1,0,100.0,0.0,inf,2020-06-04_2020-06-13
0.0,4,Core CPI m/m|PPI m/m|Core PPI m/m|CPI y/y,Bad|Bad|Bad|Bad,1,1,0,100.0,0.0,inf,2020-08-03_2020-08-12
0.0,4,Core CPI m/m|PPI m/m|Core PPI m/m|CPI y/y,Neutral|Bad|Bad|Neutral,1,1,0,100.0,0.0,inf,2020-10-12_2020-10-21
0.0,4,Core CPI m/m|PPI m/m|Core PPI m/m|CPI y/y,Neutral|Good|Good|Bad,2,2,0,100.0,0.0,inf,2021-10-07_2021-10-16|2024-01-05_2024-01-14
0.0,4,Core CPI m/m|PPI m/m|Core PPI m/m|CPI y/y,Neutral|Bad|Bad|Good,1,1,0,100.0,0.0,inf,2023-08-08_2023-08-17
0.0,4,Core CPI m/m|PPI m/m|Core PPI m/m|CPI y/y,Bad|Bad|Neutral|Bad,1,1,0,100.0,0.0,inf,2023-09-07_2023-09-16
0.1,4,Core CPI m/m|PPI m/m|Core PPI m/m|CPI y/y,Neutral|Bad|Neutral|Bad,2,2,0,100.0,0.0,inf,2023-10-07_2023-10-16|2023-09-07_2023-09-16
0.1,4,Core CPI m/m|PPI m/m|Core PPI m/m|CPI y/y,Neutral|Neutral|Bad|Good,1,1,0,100.0,0.0,inf,2024-07-03_2024-07-12
0.1,4,Core CPI m/m|PPI m/m|Core PPI m/m|CPI y/y,Neutral|Neutral|Good|Good,1,1,0,100.0,0.0,inf,2024-08-12_2024-08-21
0.1,4,Core CPI m/m|PPI m/m|Core PPI m/m|CPI y/y,Good|Good|Good|Good,3,3,0,100.0,0.0,inf,2025-04-09_2025-04-18|2020-05-05_2020-05-14|2022-08-03_2022-08-12
0.1,4,Core CPI m/m|PPI m/m|Core PPI m/m|CPI y/y,Good|Neutral|Good|Good,1,0,1,0.0,100.0,0.0,2025-06-08_2025-06-17
0.1,4,Core CPI m/m|PPI m/m|Core PPI m/m|CPI y/y,Neutral|Good|Good|Bad,2,2,0,100.0,0.0,inf,2025-07-08_2025-07-17|2024-01-05_2024-01-14
0.1,4,Core CPI m/m|PPI m/m|Core PPI m/m|CPI y/y,Neutral|Neutral|Neutral|Neutral,3,3,0,100.0,0.0,inf,2018-05-06_2018-05-15|2019-07-10_2019-07-19|2023-08-08_2023-08-17
0.1,4,Core CPI m/m|PPI m/m|Core PPI m/m|CPI y/y,Neutral|Neutral|Good|Neutral,1,1,0,100.0,0.0,inf,2019-01-11_2019-01-20
0.1,4,Core CPI m/m|PPI m/m|Core PPI m/m|CPI y/y,Neutral|Good|Good|Good,1,0,1,0.0,100.0,0.0,2019-10-08_2019-10-17
0.1,4,Core CPI m/m|PPI m/m|Core PPI m/m|CPI y/y,Neutral|Bad|Neutral|Good,1,1,0,100.0,0.0,inf,2020-06-04_2020-06-13
0.1,4,Core CPI m/m|PPI m/m|Core PPI m/m|CPI y/y,Bad|Bad|Bad|Bad,1,1,0,100.0,0.0,inf,2020-08-03_2020-08-12
0.1,4,Core CPI m/m|PPI m/m|Core PPI m/m|CPI y/y,Neutral|Bad|Bad|Neutral,1,1,0,100.0,0.0,inf,2020-10-12_2020-10-21
0.1,4,Core CPI m/m|PPI m/m|Core PPI m/m|CPI y/y,Neutral|Neutral|Good|Bad,1,1,0,100.0,0.0,inf,2021-10-07_2021-10-16
0.1,4,Core CPI m/m|PPI m/m|Core PPI m/m|CPI y/y,Neutral|Good|Good|Neutral,1,1,0,100.0,0.0,inf,2022-03-06_2022-03-15
0.2,4,Core CPI m/m|PPI m/m|Core PPI m/m|CPI y/y,Neutral|Neutral|Neutral|Neutral,10,9,1,90.0,10.0,9.0,2023-10-07_2023-10-16|2024-07-03_2024-07-12|2024-08-12_2024-08-21|2025-06-08_2025-06-17|2025-07-08_2025-07-17|2018-05-06_2018-05-15|2019-07-10_2019-07-19|2020-10-12_2020-10-21|2023-08-08_2023-08-17|2024-01-05_2024-01-14
0.2,4,Core CPI m/m|PPI m/m|Core PPI m/m|CPI y/y,Neutral|Good|Good|Neutral,2,1,1,50.0,50.0,1.0,2025-04-09_2025-04-18|2019-10-08_2019-10-17
0.2,4,Core CPI m/m|PPI m/m|Core PPI m/m|CPI y/y,Neutral|Neutral|Good|Neutral,3,3,0,100.0,0.0,inf,2019-01-11_2019-01-20|2021-10-07_2021-10-16|2022-03-06_2022-03-15
0.2,4,Core CPI m/m|PPI m/m|Core PPI m/m|CPI y/y,Neutral|Good|Neutral|Neutral,2,2,0,100.0,0.0,inf,2020-05-05_2020-05-14|2022-08-03_2022-08-12
0.2,4,Core CPI m/m|PPI m/m|Core PPI m/m|CPI y/y,Neutral|Bad|Neutral|Neutral,2,2,0,100.0,0.0,inf,2020-06-04_2020-06-13|2023-09-07_2023-09-16
0.2,4,Core CPI m/m|PPI m/m|Core PPI m/m|CPI y/y,Bad|Bad|Bad|Bad,1,1,0,100.0,0.0,inf,2020-08-03_2020-08-12
0.3,4,Core CPI m/m|PPI m/m|Core PPI m/m|CPI y/y,Neutral|Neutral|Neutral|Neutral,12,11,1,91.7,8.3,11.0,2023-10-07_2023-10-16|2024-07-03_2024-07-12|2024-08-12_2024-08-21|2025-06-08_2025-06-17|2025-07-08_2025-07-17|2018-05-06_2018-05-15|2019-07-10_2019-07-19|2020-10-12_2020-10-21|2021-10-07_2021-10-16|2023-08-08_2023-08-17|2023-09-07_2023-09-16|2024-01-05_2024-01-14
0.3,4,Core CPI m/m|PPI m/m|Core PPI m/m|CPI y/y,Neutral|Good|Good|Neutral,2,1,1,50.0,50.0,1.0,2025-04-09_2025-04-18|2019-10-08_2019-10-17
0.3,4,Core CPI m/m|PPI m/m|Core PPI m/m|CPI y/y,Neutral|Neutral|Good|Neutral,2,2,0,100.0,0.0,inf,2019-01-11_2019-01-20|2022-03-06_2022-03-15
0.3,4,Core CPI m/m|PPI m/m|Core PPI m/m|CPI y/y,Neutral|Good|Neutral|Neutral,2,2,0,100.0,0.0,inf,2020-05-05_2020-05-14|2022-08-03_2022-08-12
0.3,4,Core CPI m/m|PPI m/m|Core PPI m/m|CPI y/y,Neutral|Bad|Neutral|Neutral,1,1,0,100.0,0.0,inf,2020-06-04_2020-06-13
0.3,4,Core CPI m/m|PPI m/m|Core PPI m/m|CPI y/y,Bad|Neutral|Bad|Bad,1,1,0,100.0,0.0,inf,2020-08-03_2020-08-12
0.0,5,CPI m/m|Core CPI m/m|PPI m/m|Core PPI m/m|CPI y/y,Bad|Neutral|Bad|Bad|Bad,1,1,0,100.0,0.0,inf,2023-10-07_2023-10-16
0.0,5,CPI m/m|Core CPI m/m|PPI m/m|Core PPI m/m|CPI y/y,Good|Good|Bad|Bad|Good,1,1,0,100.0,0.0,inf,2024-07-03_2024-07-12
0.0,5,CPI m/m|Core CPI m/m|PPI m/m|Core PPI m/m|CPI y/y,Neutral|Neutral|Good|Good|Good,1,1,0,100.0,0.0,inf,2024-08-12_2024-08-21
0.0,5,CPI m/m|Core CPI m/m|PPI m/m|Core PPI m/m|CPI y/y,Good|Good|Good|Good|Good,5,3,2,60.0,40.0,1.5,2025-04-09_2025-04-18|2025-06-08_2025-06-17|2019-10-08_2019-10-17|2020-05-05_2020-05-14|2022-08-03_2022-08-12
0.0,5,CPI m/m|Core CPI m/m|PPI m/m|Core PPI m/m|CPI y/y,Neutral|Good|Good|Good|Bad,1,1,0,100.0,0.0,inf,2025-07-08_2025-07-17
0.0,5,CPI m/m|Core CPI m/m|PPI m/m|Core PPI m/m|CPI y/y,Good|Good|Good|Neutral|Neutral,1,1,0,100.0,0.0,inf,2018-05-06_2018-05-15
0.0,5,CPI m/m|Core CPI m/m|PPI m/m|Core PPI m/m|CPI y/y,Neutral|Neutral|Good|Good|Neutral,2,2,0,100.0,0.0,inf,2019-01-11_2019-01-20|2022-03-06_2022-03-15
0.0,5,CPI m/m|Core CPI m/m|PPI m/m|Core PPI m/m|CPI y/y,Bad|Bad|Neutral|Bad|Neutral,1,1,0,100.0,0.0,inf,2019-07-10_2019-07-19
0.0,5,CPI m/m|Core CPI m/m|PPI m/m|Core PPI m/m|CPI y/y,Good|Good|Bad|Neutral|Good,1,1,0,100.0,0.0,inf,2020-06-04_2020-06-13
0.0,5,CPI m/m|Core CPI m/m|PPI m/m|Core PPI m/m|CPI y/y,Bad|Bad|Bad|Bad|Bad,1,1,0,100.0,0.0,inf,2020-08-03_2020-08-12
0.0,5,CPI m/m|Core CPI m/m|PPI m/m|Core PPI m/m|CPI y/y,Neutral|Neutral|Bad|Bad|Neutral,1,1,0,100.0,0.0,inf,2020-10-12_2020-10-21
0.0,5,CPI m/m|Core CPI m/m|PPI m/m|Core PPI m/m|CPI y/y,Bad|Neutral|Good|Good|Bad,2,2,0,100.0,0.0,inf,2021-10-07_2021-10-16|2024-01-05_2024-01-14
0.0,5,CPI m/m|Core CPI m/m|PPI m/m|Core PPI m/m|CPI y/y,Neutral|Neutral|Bad|Bad|Good,1,1,0,100.0,0.0,inf,2023-08-08_2023-08-17
0.0,5,CPI m/m|Core CPI m/m|PPI m/m|Core PPI m/m|CPI y/y,Neutral|Bad|Bad|Neutral|Bad,1,1,0,100.0,0.0,inf,2023-09-07_2023-09-16
0.1,5,CPI m/m|Core CPI m/m|PPI m/m|Core PPI m/m|CPI y/y,Bad|Neutral|Bad|Neutral|Bad,1,1,0,100.0,0.0,inf,2023-10-07_2023-10-16
0.1,5,CPI m/m|Core CPI m/m|PPI m/m|Core PPI m/m|CPI y/y,Good|Neutral|Neutral|Bad|Good,1,1,0,100.0,0.0,inf,2024-07-03_2024-07-12
0.1,5,CPI m/m|Core CPI m/m|PPI m/m|Core PPI m/m|CPI y/y,Neutral|Neutral|Neutral|Good|Good,1,1,0,100.0,0.0,inf,2024-08-12_2024-08-21
0.1,5,CPI m/m|Core CPI m/m|PPI m/m|Core PPI m/m|CPI y/y,Good|Good|Good|Good|Good,3,3,0,100.0,0.0,inf,2025-04-09_2025-04-18|2020-05-05_2020-05-14|2022-08-03_2022-08-12
0.1,5,CPI m/m|Core CPI m/m|PPI m/m|Core PPI m/m|CPI y/y,Neutral|Good|Neutral|Good|Good,1,0,1,0.0,100.0,0.0,2025-06-08_2025-06-17
0.1,5,CPI m/m|Core CPI m/m|PPI m/m|Core PPI m/m|CPI y/y,Neutral|Neutral|Good|Good|Bad,2,2,0,100.0,0.0,inf,2025-07-08_2025-07-17|2024-01-05_2024-01-14
0.1,5,CPI m/m|Core CPI m/m|PPI m/m|Core PPI m/m|CPI y/y,Neutral|Neutral|Neutral|Neutral|Neutral,3,3,0,100.0,0.0,inf,2018-05-06_2018-05-15|2019-07-10_2019-07-19|2023-08-08_2023-08-17
0.1,5,CPI m/m|Core CPI m/m|PPI m/m|Core PPI m/m|CPI y/y,Neutral|Neutral|Neutral|Good|Neutral,1,1,0,100.0,0.0,inf,2019-01-11_2019-01-20
0.1,5,CPI m/m|Core CPI m/m|PPI m/m|Core PPI m/m|CPI y/y,Neutral|Neutral|Good|Good|Good,1,0,1,0.0,100.0,0.0,2019-10-08_2019-10-17
0.1,5,CPI m/m|Core CPI m/m|PPI m/m|Core PPI m/m|CPI y/y,Neutral|Neutral|Bad|Neutral|Good,1,1,0,100.0,0.0,inf,2020-06-04_2020-06-13
0.1,5,CPI m/m|Core CPI m/m|PPI m/m|Core PPI m/m|CPI y/y,Bad|Bad|Bad|Bad|Bad,1,1,0,100.0,0.0,inf,2020-08-03_2020-08-12
0.1,5,CPI m/m|Core CPI m/m|PPI m/m|Core PPI m/m|CPI y/y,Neutral|Neutral|Bad|Bad|Neutral,1,1,0,100.0,0.0,inf,2020-10-12_2020-10-21
0.1,5,CPI m/m|Core CPI m/m|PPI m/m|Core PPI m/m|CPI y/y,Bad|Neutral|Neutral|Good|Bad,1,1,0,100.0,0.0,inf,2021-10-07_2021-10-16
0.1,5,CPI m/m|Core CPI m/m|PPI m/m|Core PPI m/m|CPI y/y,Neutral|Neutral|Good|Good|Neutral,1,1,0,100.0,0.0,inf,2022-03-06_2022-03-15
0.1,5,CPI m/m|Core CPI m/m|PPI m/m|Core PPI m/m|CPI y/y,Neutral|Neutral|Bad|Neutral|Bad,1,1,0,100.0,0.0,inf,2023-09-07_2023-09-16
0.2,5,CPI m/m|Core CPI m/m|PPI m/m|Core PPI m/m|CPI y/y,Neutral|Neutral|Neutral|Neutral|Neutral,10,9,1,90.0,10.0,9.0,2023-10-07_2023-10-16|2024-07-03_2024-07-12|2024-08-12_2024-08-21|2025-06-08_2025-06-17|2025-07-08_2025-07-17|2018-05-06_2018-05-15|2019-07-10_2019-07-19|2020-10-12_2020-10-21|2023-08-08_2023-08-17|2024-01-05_2024-01-14
0.2,5,CPI m/m|Core CPI m/m|PPI m/m|Core PPI m/m|CPI y/y,Neutral|Neutral|Good|Good|Neutral,2,1,1,50.0,50.0,1.0,2025-04-09_2025-04-18|2019-10-08_2019-10-17
0.2,5,CPI m/m|Core CPI m/m|PPI m/m|Core PPI m/m|CPI y/y,Neutral|Neutral|Neutral|Good|Neutral,3,3,0,100.0,0.0,inf,2019-01-11_2019-01-20|2021-10-07_2021-10-16|2022-03-06_2022-03-15
0.2,5,CPI m/m|Core CPI m/m|PPI m/m|Core PPI m/m|CPI y/y,Neutral|Neutral|Good|Neutral|Neutral,2,2,0,100.0,0.0,inf,2020-05-05_2020-05-14|2022-08-03_2022-08-12
0.2,5,CPI m/m|Core CPI m/m|PPI m/m|Core PPI m/m|CPI y/y,Neutral|Neutral|Bad|Neutral|Neutral,2,2,0,100.0,0.0,inf,2020-06-04_2020-06-13|2023-09-07_2023-09-16
0.2,5,CPI m/m|Core CPI m/m|PPI m/m|Core PPI m/m|CPI y/y,Bad|Bad|Bad|Bad|Bad,1,1,0,100.0,0.0,inf,2020-08-03_2020-08-12
0.3,5,CPI m/m|Core CPI m/m|PPI m/m|Core PPI m/m|CPI y/y,Neutral|Neutral|Neutral|Neutral|Neutral,12,11,1,91.7,8.3,11.0,2023-10-07_2023-10-16|2024-07-03_2024-07-12|2024-08-12_2024-08-21|2025-06-08_2025-06-17|2025-07-08_2025-07-17|2018-05-06_2018-05-15|2019-07-10_2019-07-19|2020-10-12_2020-10-21|2021-10-07_2021-10-16|2023-08-08_2023-08-17|2023-09-07_2023-09-16|2024-01-05_2024-01-14
0.3,5,CPI m/m|Core CPI m/m|PPI m/m|Core PPI m/m|CPI y/y,Neutral|Neutral|Good|Good|Neutral,2,1,1,50.0,50.0,1.0,2025-04-09_2025-04-18|2019-10-08_2019-10-17
0.3,5,CPI m/m|Core CPI m/m|PPI m/m|Core PPI m/m|CPI y/y,Neutral|Neutral|Neutral|Good|Neutral,2,2,0,100.0,0.0,inf,2019-01-11_2019-01-20|2022-03-06_2022-03-15
0.3,5,CPI m/m|Core CPI m/m|PPI m/m|Core PPI m/m|CPI y/y,Neutral|Neutral|Good|Neutral|Neutral,2,2,0,100.0,0.0,inf,2020-05-05_2020-05-14|2022-08-03_2022-08-12
0.3,5,CPI m/m|Core CPI m/m|PPI m/m|Core PPI m/m|CPI y/y,Neutral|Neutral|Bad|Neutral|Neutral,1,1,0,100.0,0.0,inf,2020-06-04_2020-06-13
0.3,5,CPI m/m|Core CPI m/m|PPI m/m|Core PPI m/m|CPI y/y,Neutral|Bad|Neutral|Bad|Bad,1,1,0,100.0,0.0,inf,2020-08-03_2020-08-12
