آستانه,تعداد_شاخص‌ها,لیست_شاخص‌ها,الگوی_وضعیت,تعداد_کل_وقوع,تعداد_ضررده,تعداد_سودده,درصد_ضررده,درصد_سودده,نسبت_شانس,دوره‌ها
0.0,1,CPI m/m,Bad,6,4,2,66.7,33.3,2.0,2021-06-16_2021-07-15|2021-10-15_2021-11-13|2023-09-15_2023-10-14|2024-03-15_2024-04-13|2024-09-13_2024-10-12|2025-09-11_2025-10-10
0.0,1,CPI m/m,Good,5,3,2,60.0,40.0,1.5,2022-11-16_2022-12-15|2023-03-16_2023-04-14|2023-06-15_2023-07-14|2024-06-14_2024-07-13|2025-05-16_2025-06-14
0.0,1,CPI m/m,Neutral,5,3,2,60.0,40.0,1.5,2023-04-14_2023-05-13|2023-07-14_2023-08-12|2024-02-17_2024-03-17|2024-11-15_2024-12-14|2025-07-17_2025-08-15
0.1,1,CPI m/m,Bad,5,3,2,60.0,40.0,1.5,2021-06-16_2021-07-15|2021-10-15_2021-11-13|2023-09-15_2023-10-14|2024-03-15_2024-04-13|2025-09-11_2025-10-10
0.1,1,CPI m/m,Good,2,1,1,50.0,50.0,1.0,2022-11-16_2022-12-15|2024-06-14_2024-07-13
0.1,1,CPI m/m,Neutral,9,6,3,66.7,33.3,2.0,2023-03-16_2023-04-14|2023-04-14_2023-05-13|2023-06-15_2023-07-14|2023-07-14_2023-08-12|2024-02-17_2024-03-17|2024-09-13_2024-10-12|2024-11-15_2024-12-14|2025-05-16_2025-06-14|2025-07-17_2025-08-15
0.2,1,CPI m/m,Bad,2,2,0,100.0,0.0,inf,2021-06-16_2021-07-15|2021-10-15_2021-11-13
0.2,1,CPI m/m,Neutral,14,8,6,57.1,42.9,1.33,2022-11-16_2022-12-15|2023-03-16_2023-04-14|2023-04-14_2023-05-13|2023-06-15_2023-07-14|2023-07-14_2023-08-12|2023-09-15_2023-10-14|2024-02-17_2024-03-17|2024-03-15_2024-04-13|2024-06-14_2024-07-13|2024-09-13_2024-10-12|2024-11-15_2024-12-14|2025-05-16_2025-06-14|2025-07-17_2025-08-15|2025-09-11_2025-10-10
0.3,1,CPI m/m,Bad,2,2,0,100.0,0.0,inf,2021-06-16_2021-07-15|2021-10-15_2021-11-13
0.3,1,CPI m/m,Neutral,14,8,6,57.1,42.9,1.33,2022-11-16_2022-12-15|2023-03-16_2023-04-14|2023-04-14_2023-05-13|2023-06-15_2023-07-14|2023-07-14_2023-08-12|2023-09-15_2023-10-14|2024-02-17_2024-03-17|2024-03-15_2024-04-13|2024-06-14_2024-07-13|2024-09-13_2024-10-12|2024-11-15_2024-12-14|2025-05-16_2025-06-14|2025-07-17_2025-08-15|2025-09-11_2025-10-10
0.0,1,Core CPI m/m,Bad,6,4,2,66.7,33.3,2.0,2021-06-16_2021-07-15|2021-10-15_2021-11-13|2023-04-14_2023-05-13|2024-02-17_2024-03-17|2024-03-15_2024-04-13|2024-09-13_2024-10-12
0.0,1,Core CPI m/m,Good,4,2,2,50.0,50.0,1.0,2022-11-16_2022-12-15|2023-06-15_2023-07-14|2024-06-14_2024-07-13|2025-05-16_2025-06-14
0.0,1,Core CPI m/m,Neutral,6,4,2,66.7,33.3,2.0,2023-03-16_2023-04-14|2023-07-14_2023-08-12|2023-09-15_2023-10-14|2024-11-15_2024-12-14|2025-07-17_2025-08-15|2025-09-11_2025-10-10
0.1,1,Core CPI m/m,Bad,5,3,2,60.0,40.0,1.5,2021-06-16_2021-07-15|2021-10-15_2021-11-13|2023-04-14_2023-05-13|2024-02-17_2024-03-17|2024-03-15_2024-04-13
0.1,1,Core CPI m/m,Neutral,10,6,4,60.0,40.0,1.5,2022-11-16_2022-12-15|2023-03-16_2023-04-14|2023-06-15_2023-07-14|2023-07-14_2023-08-12|2023-09-15_2023-10-14|2024-06-14_2024-07-13|2024-09-13_2024-10-12|2024-11-15_2024-12-14|2025-07-17_2025-08-15|2025-09-11_2025-10-10
0.1,1,Core CPI m/m,Good,1,1,0,100.0,0.0,inf,2025-05-16_2025-06-14
0.2,1,Core CPI m/m,Bad,1,1,0,100.0,0.0,inf,2021-06-16_2021-07-15
0.2,1,Core CPI m/m,Neutral,15,9,6,60.0,40.0,1.5,2021-10-15_2021-11-13|2022-11-16_2022-12-15|2023-03-16_2023-04-14|2023-04-14_2023-05-13|2023-06-15_2023-07-14|2023-07-14_2023-08-12|2023-09-15_2023-10-14|2024-02-17_2024-03-17|2024-03-15_2024-04-13|2024-06-14_2024-07-13|2024-09-13_2024-10-12|2024-11-15_2024-12-14|2025-05-16_2025-06-14|2025-07-17_2025-08-15|2025-09-11_2025-10-10
0.3,1,Core CPI m/m,Bad,1,1,0,100.0,0.0,inf,2021-06-16_2021-07-15
0.3,1,Core CPI m/m,Neutral,15,9,6,60.0,40.0,1.5,2021-10-15_2021-11-13|2022-11-16_2022-12-15|2023-03-16_2023-04-14|2023-04-14_2023-05-13|2023-06-15_2023-07-14|2023-07-14_2023-08-12|2023-09-15_2023-10-14|2024-02-17_2024-03-17|2024-03-15_2024-04-13|2024-06-14_2024-07-13|2024-09-13_2024-10-12|2024-11-15_2024-12-14|2025-05-16_2025-06-14|2025-07-17_2025-08-15|2025-09-11_2025-10-10
0.0,1,PPI m/m,Bad,8,5,3,62.5,37.5,1.67,2021-06-16_2021-07-15|2022-11-16_2022-12-15|2023-07-14_2023-08-12|2023-09-15_2023-10-14|2024-02-17_2024-03-17|2024-06-14_2024-07-13|2024-11-15_2024-12-14|2025-07-17_2025-08-15
0.0,1,PPI m/m,Neutral,1,1,0,100.0,0.0,inf,2021-10-15_2021-11-13
0.0,1,PPI m/m,Good,6,3,3,50.0,50.0,1.0,2023-03-16_2023-04-14|2023-04-14_2023-05-13|2023-06-15_2023-07-14|2024-03-15_2024-04-13|2024-09-13_2024-10-12|2025-05-16_2025-06-14
0.1,1,PPI m/m,Bad,5,4,1,80.0,20.0,4.0,2021-06-16_2021-07-15|2023-09-15_2023-10-14|2024-02-17_2024-03-17|2024-11-15_2024-12-14|2025-07-17_2025-08-15
0.1,1,PPI m/m,Neutral,9,4,5,44.4,55.6,0.8,2021-10-15_2021-11-13|2022-11-16_2022-12-15|2023-04-14_2023-05-13|2023-06-15_2023-07-14|2023-07-14_2023-08-12|2024-03-15_2024-04-13|2024-06-14_2024-07-13|2024-09-13_2024-10-12|2025-05-16_2025-06-14
0.1,1,PPI m/m,Good,1,1,0,100.0,0.0,inf,2023-03-16_2023-04-14
0.2,1,PPI m/m,Bad,3,3,0,100.0,0.0,inf,2021-06-16_2021-07-15|2024-02-17_2024-03-17|2025-07-17_2025-08-15
0.2,1,PPI m/m,Neutral,11,5,6,45.5,54.5,0.83,2021-10-15_2021-11-13|2022-11-16_2022-12-15|2023-04-14_2023-05-13|2023-06-15_2023-07-14|2023-07-14_2023-08-12|2023-09-15_2023-10-14|2024-03-15_2024-04-13|2024-06-14_2024-07-13|2024-09-13_2024-10-12|2024-11-15_2024-12-14|2025-05-16_2025-06-14
0.2,1,PPI m/m,Good,1,1,0,100.0,0.0,inf,2023-03-16_2023-04-14
0.3,1,PPI m/m,Bad,2,2,0,100.0,0.0,inf,2021-06-16_2021-07-15|2025-07-17_2025-08-15
0.3,1,PPI m/m,Neutral,12,6,6,50.0,50.0,1.0,2021-10-15_2021-11-13|2022-11-16_2022-12-15|2023-04-14_2023-05-13|2023-06-15_2023-07-14|2023-07-14_2023-08-12|2023-09-15_2023-10-14|2024-02-17_2024-03-17|2024-03-15_2024-04-13|2024-06-14_2024-07-13|2024-09-13_2024-10-12|2024-11-15_2024-12-14|2025-05-16_2025-06-14
0.3,1,PPI m/m,Good,1,1,0,100.0,0.0,inf,2023-03-16_2023-04-14
0.0,1,Core PPI m/m,Bad,7,4,3,57.1,42.9,1.33,2021-06-16_2021-07-15|2022-11-16_2022-12-15|2023-07-14_2023-08-12|2023-09-15_2023-10-14|2024-02-17_2024-03-17|2024-06-14_2024-07-13|2025-07-17_2025-08-15
0.0,1,Core PPI m/m,Good,4,3,1,75.0,25.0,3.0,2021-10-15_2021-11-13|2023-03-16_2023-04-14|2023-06-15_2023-07-14|2025-05-16_2025-06-14
0.0,1,Core PPI m/m,Neutral,4,2,2,50.0,50.0,1.0,2023-04-14_2023-05-13|2024-03-15_2024-04-13|2024-09-13_2024-10-12|2024-11-15_2024-12-14
0.1,1,Core PPI m/m,Bad,4,3,1,75.0,25.0,3.0,2021-06-16_2021-07-15|2022-11-16_2022-12-15|2024-06-14_2024-07-13|2025-07-17_2025-08-15
0.1,1,Core PPI m/m,Neutral,9,4,5,44.4,55.6,0.8,2021-10-15_2021-11-13|2023-04-14_2023-05-13|2023-06-15_2023-07-14|2023-07-14_2023-08-12|2023-09-15_2023-10-14|2024-02-17_2024-03-17|2024-03-15_2024-04-13|2024-09-13_2024-10-12|2024-11-15_2024-12-14
0.1,1,Core PPI m/m,Good,2,2,0,100.0,0.0,inf,2023-03-16_2023-04-14|2025-05-16_2025-06-14
0.2,1,Core PPI m/m,Bad,2,2,0,100.0,0.0,inf,2021-06-16_2021-07-15|2025-07-17_2025-08-15
0.2,1,Core PPI m/m,Neutral,12,6,6,50.0,50.0,1.0,2021-10-15_2021-11-13|2022-11-16_2022-12-15|2023-04-14_2023-05-13|2023-06-15_2023-07-14|2023-07-14_2023-08-12|2023-09-15_2023-10-14|2024-02-17_2024-03-17|2024-03-15_2024-04-13|2024-06-14_2024-07-13|2024-09-13_2024-10-12|2024-11-15_2024-12-14|2025-05-16_2025-06-14
0.2,1,Core PPI m/m,Good,1,1,0,100.0,0.0,inf,2023-03-16_2023-04-14
0.3,1,Core PPI m/m,Bad,2,2,0,100.0,0.0,inf,2021-06-16_2021-07-15|2025-07-17_2025-08-15
0.3,1,Core PPI m/m,Neutral,12,6,6,50.0,50.0,1.0,2021-10-15_2021-11-13|2022-11-16_2022-12-15|2023-04-14_2023-05-13|2023-06-15_2023-07-14|2023-07-14_2023-08-12|2023-09-15_2023-10-14|2024-02-17_2024-03-17|2024-03-15_2024-04-13|2024-06-14_2024-07-13|2024-09-13_2024-10-12|2024-11-15_2024-12-14|2025-05-16_2025-06-14
0.3,1,Core PPI m/m,Good,1,1,0,100.0,0.0,inf,2023-03-16_2023-04-14
0.0,1,FOMC,Neutral,6,2,4,33.3,66.7,0.5,2023-03-16_2023-04-14|2023-04-14_2023-05-13|2023-07-14_2023-08-12|2023-09-15_2023-10-14|2024-10-12_2024-11-10|2024-12-13_2025-01-11
0.0,1,FOMC,Good,1,1,0,100.0,0.0,inf,2024-09-13_2024-10-12
0.1,1,FOMC,Neutral,6,2,4,33.3,66.7,0.5,2023-03-16_2023-04-14|2023-04-14_2023-05-13|2023-07-14_2023-08-12|2023-09-15_2023-10-14|2024-10-12_2024-11-10|2024-12-13_2025-01-11
0.1,1,FOMC,Good,1,1,0,100.0,0.0,inf,2024-09-13_2024-10-12
0.2,1,FOMC,Neutral,6,2,4,33.3,66.7,0.5,2023-03-16_2023-04-14|2023-04-14_2023-05-13|2023-07-14_2023-08-12|2023-09-15_2023-10-14|2024-10-12_2024-11-10|2024-12-13_2025-01-11
0.2,1,FOMC,Good,1,1,0,100.0,0.0,inf,2024-09-13_2024-10-12
0.3,1,FOMC,Neutral,7,3,4,42.9,57.1,0.75,2023-03-16_2023-04-14|2023-04-14_2023-05-13|2023-07-14_2023-08-12|2023-09-15_2023-10-14|2024-09-13_2024-10-12|2024-10-12_2024-11-10|2024-12-13_2025-01-11
0.0,1,CPI y/y,Bad,6,4,2,66.7,33.3,2.0,2021-06-16_2021-07-15|2021-10-15_2021-11-13|2023-09-15_2023-10-14|2024-02-17_2024-03-17|2024-03-15_2024-04-13|2024-09-13_2024-10-12
0.0,1,CPI y/y,Good,9,5,4,55.6,44.4,1.25,2022-11-16_2022-12-15|2023-03-16_2023-04-14|2023-04-14_2023-05-13|2023-06-15_2023-07-14|2023-07-14_2023-08-12|2024-06-14_2024-07-13|2025-05-16_2025-06-14|2025-07-17_2025-08-15|2025-11-26_2025-12-25
0.0,1,CPI y/y,Neutral,2,2,0,100.0,0.0,inf,2024-11-15_2024-12-14|2025-09-11_2025-10-10
0.1,1,CPI y/y,Bad,6,4,2,66.7,33.3,2.0,2021-06-16_2021-07-15|2021-10-15_2021-11-13|2023-09-15_2023-10-14|2024-02-17_2024-03-17|2024-03-15_2024-04-13|2024-09-13_2024-10-12
0.1,1,CPI y/y,Good,5,3,2,60.0,40.0,1.5,2022-11-16_2022-12-15|2023-06-15_2023-07-14|2024-06-14_2024-07-13|2025-05-16_2025-06-14|2025-11-26_2025-12-25
0.1,1,CPI y/y,Neutral,6,4,2,66.7,33.3,2.0,2023-03-16_2023-04-14|2023-04-14_2023-05-13|2023-07-14_2023-08-12|2024-11-15_2024-12-14|2025-07-17_2025-08-15|2025-09-11_2025-10-10
0.2,1,CPI y/y,Bad,2,2,0,100.0,0.0,inf,2021-06-16_2021-07-15|2021-10-15_2021-11-13
0.2,1,CPI y/y,Good,2,2,0,100.0,0.0,inf,2022-11-16_2022-12-15|2025-11-26_2025-12-25
0.2,1,CPI y/y,Neutral,13,7,6,53.8,46.2,1.17,2023-03-16_2023-04-14|2023-04-14_2023-05-13|2023-06-15_2023-07-14|2023-07-14_2023-08-12|2023-09-15_2023-10-14|2024-02-17_2024-03-17|2024-03-15_2024-04-13|2024-06-14_2024-07-13|2024-09-13_2024-10-12|2024-11-15_2024-12-14|2025-05-16_2025-06-14|2025-07-17_2025-08-15|2025-09-11_2025-10-10
0.3,1,CPI y/y,Bad,1,1,0,100.0,0.0,inf,2021-06-16_2021-07-15
0.3,1,CPI y/y,Neutral,15,9,6,60.0,40.0,1.5,2021-10-15_2021-11-13|2022-11-16_2022-12-15|2023-03-16_2023-04-14|2023-04-14_2023-05-13|2023-06-15_2023-07-14|2023-07-14_2023-08-12|2023-09-15_2023-10-14|2024-02-17_2024-03-17|2024-03-15_2024-04-13|2024-06-14_2024-07-13|2024-09-13_2024-10-12|2024-11-15_2024-12-14|2025-05-16_2025-06-14|2025-07-17_2025-08-15|2025-09-11_2025-10-10
0.3,1,CPI y/y,Good,1,1,0,100.0,0.0,inf,2025-11-26_2025-12-25
0.0,2,CPI m/m|Core CPI m/m,Bad|Bad,4,3,1,75.0,25.0,3.0,2021-06-16_2021-07-15|2021-10-15_2021-11-13|2024-03-15_2024-04-13|2024-09-13_2024-10-12
0.0,2,CPI m/m|Core CPI m/m,Good|Good,4,2,2,50.0,50.0,1.0,2022-11-16_2022-12-15|2023-06-15_2023-07-14|2024-06-14_2024-07-13|2025-05-16_2025-06-14
0.0,2,CPI m/m|Core CPI m/m,Good|Neutral,1,1,0,100.0,0.0,inf,2023-03-16_2023-04-14
0.0,2,CPI m/m|Core CPI m/m,Neutral|Bad,2,1,1,50.0,50.0,1.0,2023-04-14_2023-05-13|2024-02-17_2024-03-17
0.0,2,CPI m/m|Core CPI m/m,Neutral|Neutral,3,2,1,66.7,33.3,2.0,2023-07-14_2023-08-12|2024-11-15_2024-12-14|2025-07-17_2025-08-15
0.0,2,CPI m/m|Core CPI m/m,Bad|Neutral,2,1,1,50.0,50.0,1.0,2023-09-15_2023-10-14|2025-09-11_2025-10-10
0.1,2,CPI m/m|Core CPI m/m,Bad|Bad,3,2,1,66.7,33.3,2.0,2021-06-16_2021-07-15|2021-10-15_2021-11-13|2024-03-15_2024-04-13
0.1,2,CPI m/m|Core CPI m/m,Good|Neutral,2,1,1,50.0,50.0,1.0,2022-11-16_2022-12-15|2024-06-14_2024-07-13
0.1,2,CPI m/m|Core CPI m/m,Neutral|Neutral,6,4,2,66.7,33.3,2.0,2023-03-16_2023-04-14|2023-06-15_2023-07-14|2023-07-14_2023-08-12|2024-09-13_2024-10-12|2024-11-15_2024-12-14|2025-07-17_2025-08-15
0.1,2,CPI m/m|Core CPI m/m,Neutral|Bad,2,1,1,50.0,50.0,1.0,2023-04-14_2023-05-13|2024-02-17_2024-03-17
0.1,2,CPI m/m|Core CPI m/m,Bad|Neutral,2,1,1,50.0,50.0,1.0,2023-09-15_2023-10-14|2025-09-11_2025-10-10
0.1,2,CPI m/m|Core CPI m/m,Neutral|Good,1,1,0,100.0,0.0,inf,2025-05-16_2025-06-14
0.2,2,CPI m/m|Core CPI m/m,Bad|Bad,1,1,0,100.0,0.0,inf,2021-06-16_2021-07-15
0.2,2,CPI m/m|Core CPI m/m,Bad|Neutral,1,1,0,100.0,0.0,inf,2021-10-15_2021-11-13
0.2,2,CPI m/m|Core CPI m/m,Neutral|Neutral,14,8,6,57.1,42.9,1.33,2022-11-16_2022-12-15|2023-03-16_2023-04-14|2023-04-14_2023-05-13|2023-06-15_2023-07-14|2023-07-14_2023-08-12|2023-09-15_2023-10-14|2024-02-17_2024-03-17|2024-03-15_2024-04-13|2024-06-14_2024-07-13|2024-09-13_2024-10-12|2024-11-15_2024-12-14|2025-05-16_2025-06-14|2025-07-17_2025-08-15|2025-09-11_2025-10-10
0.3,2,CPI m/m|Core CPI m/m,Bad|Bad,1,1,0,100.0,0.0,inf,2021-06-16_2021-07-15
0.3,2,CPI m/m|Core CPI m/m,Bad|Neutral,1,1,0,100.0,0.0,inf,2021-10-15_2021-11-13
0.3,2,CPI m/m|Core CPI m/m,Neutral|Neutral,14,8,6,57.1,42.9,1.33,2022-11-16_2022-12-15|2023-03-16_2023-04-14|2023-04-14_2023-05-13|2023-06-15_2023-07-14|2023-07-14_2023-08-12|2023-09-15_2023-10-14|2024-02-17_2024-03-17|2024-03-15_2024-04-13|2024-06-14_2024-07-13|2024-09-13_2024-10-12|2024-11-15_2024-12-14|2025-05-16_2025-06-14|2025-07-17_2025-08-15|2025-09-11_2025-10-10
0.0,2,CPI m/m|PPI m/m,Bad|Bad,2,1,1,50.0,50.0,1.0,2021-06-16_2021-07-15|2023-09-15_2023-10-14
0.0,2,CPI m/m|PPI m/m,Bad|Neutral,1,1,0,100.0,0.0,inf,2021-10-15_2021-11-13
0.0,2,CPI m/m|PPI m/m,Good|Bad,2,1,1,50.0,50.0,1.0,2022-11-16_2022-12-15|2024-06-14_2024-07-13
0.0,2,CPI m/m|PPI m/m,Good|Good,3,2,1,66.7,33.3,2.0,2023-03-16_2023-04-14|2023-06-15_2023-07-14|2025-05-16_2025-06-14
0.0,2,CPI m/m|PPI m/m,Neutral|Good,1,0,1,0.0,100.0,0.0,2023-04-14_2023-05-13
0.0,2,CPI m/m|PPI m/m,Neutral|Bad,4,3,1,75.0,25.0,3.0,2023-07-14_2023-08-12|2024-02-17_2024-03-17|2024-11-15_2024-12-14|2025-07-17_2025-08-15
0.0,2,CPI m/m|PPI m/m,Bad|Good,2,1,1,50.0,50.0,1.0,2024-03-15_2024-04-13|2024-09-13_2024-10-12
0.1,2,CPI m/m|PPI m/m,Bad|Bad,2,1,1,50.0,50.0,1.0,2021-06-16_2021-07-15|2023-09-15_2023-10-14
0.1,2,CPI m/m|PPI m/m,Bad|Neutral,2,1,1,50.0,50.0,1.0,2021-10-15_2021-11-13|2024-03-15_2024-04-13
0.1,2,CPI m/m|PPI m/m,Good|Neutral,2,1,1,50.0,50.0,1.0,2022-11-16_2022-12-15|2024-06-14_2024-07-13
0.1,2,CPI m/m|PPI m/m,Neutral|Good,1,1,0,100.0,0.0,inf,2023-03-16_2023-04-14
0.1,2,CPI m/m|PPI m/m,Neutral|Neutral,5,2,3,40.0,60.0,0.67,2023-04-14_2023-05-13|2023-06-15_2023-07-14|2023-07-14_2023-08-12|2024-09-13_2024-10-12|2025-05-16_2025-06-14
0.1,2,CPI m/m|PPI m/m,Neutral|Bad,3,3,0,100.0,0.0,inf,2024-02-17_2024-03-17|2024-11-15_2024-12-14|2025-07-17_2025-08-15
0.2,2,CPI m/m|PPI m/m,Bad|Bad,1,1,0,100.0,0.0,inf,2021-06-16_2021-07-15
0.2,2,CPI m/m|PPI m/m,Bad|Neutral,1,1,0,100.0,0.0,inf,2021-10-15_2021-11-13
0.2,2,CPI m/m|PPI m/m,Neutral|Neutral,10,4,6,40.0,60.0,0.67,2022-11-16_2022-12-15|2023-04-14_2023-05-13|2023-06-15_2023-07-14|2023-07-14_2023-08-12|2023-09-15_2023-10-14|2024-03-15_2024-04-13|2024-06-14_2024-07-13|2024-09-13_2024-10-12|2024-11-15_2024-12-14|2025-05-16_2025-06-14
0.2,2,CPI m/m|PPI m/m,Neutral|Good,1,1,0,100.0,0.0,inf,2023-03-16_2023-04-14
0.2,2,CPI m/m|PPI m/m,Neutral|Bad,2,2,0,100.0,0.0,inf,2024-02-17_2024-03-17|2025-07-17_2025-08-15
0.3,2,CPI m/m|PPI m/m,Bad|Bad,1,1,0,100.0,0.0,inf,2021-06-16_2021-07-15
0.3,2,CPI m/m|PPI m/m,Bad|Neutral,1,1,0,100.0,0.0,inf,2021-10-15_2021-11-13
0.3,2,CPI m/m|PPI m/m,Neutral|Neutral,11,5,6,45.5,54.5,0.83,2022-11-16_2022-12-15|2023-04-14_2023-05-13|2023-06-15_2023-07-14|2023-07-14_2023-08-12|2023-09-15_2023-10-14|2024-02-17_2024-03-17|2024-03-15_2024-04-13|2024-06-14_2024-07-13|2024-09-13_2024-10-12|2024-11-15_2024-12-14|2025-05-16_2025-06-14
0.3,2,CPI m/m|PPI m/m,Neutral|Good,1,1,0,100.0,0.0,inf,2023-03-16_2023-04-14
0.3,2,CPI m/m|PPI m/m,Neutral|Bad,1,1,0,100.0,0.0,inf,2025-07-17_2025-08-15
0.0,2,CPI m/m|Core PPI m/m,Bad|Bad,2,1,1,50.0,50.0,1.0,2021-06-16_2021-07-15|2023-09-15_2023-10-14
0.0,2,CPI m/m|Core PPI m/m,Bad|Good,1,1,0,100.0,0.0,inf,2021-10-15_2021-11-13
0.0,2,CPI m/m|Core PPI m/m,Good|Bad,2,1,1,50.0,50.0,1.0,2022-11-16_2022-12-15|2024-06-14_2024-07-13
0.0,2,CPI m/m|Core PPI m/m,Good|Good,3,2,1,66.7,33.3,2.0,2023-03-16_2023-04-14|2023-06-15_2023-07-14|2025-05-16_2025-06-14
0.0,2,CPI m/m|Core PPI m/m,Neutral|Neutral,2,1,1,50.0,50.0,1.0,2023-04-14_2023-05-13|2024-11-15_2024-12-14
0.0,2,CPI m/m|Core PPI m/m,Neutral|Bad,3,2,1,66.7,33.3,2.0,2023-07-14_2023-08-12|2024-02-17_2024-03-17|2025-07-17_2025-08-15
0.0,2,CPI m/m|Core PPI m/m,Bad|Neutral,2,1,1,50.0,50.0,1.0,2024-03-15_2024-04-13|2024-09-13_2024-10-12
0.1,2,CPI m/m|Core PPI m/m,Bad|Bad,1,1,0,100.0,0.0,inf,2021-06-16_2021-07-15
0.1,2,CPI m/m|Core PPI m/m,Bad|Neutral,3,1,2,33.3,66.7,0.5,2021-10-15_2021-11-13|2023-09-15_2023-10-14|2024-03-15_2024-04-13
0.1,2,CPI m/m|Core PPI m/m,Good|Bad,2,1,1,50.0,50.0,1.0,2022-11-16_2022-12-15|2024-06-14_2024-07-13
0.1,2,CPI m/m|Core PPI m/m,Neutral|Good,2,2,0,100.0,0.0,inf,2023-03-16_2023-04-14|2025-05-16_2025-06-14
0.1,2,CPI m/m|Core PPI m/m,Neutral|Neutral,6,3,3,50.0,50.0,1.0,2023-04-14_2023-05-13|2023-06-15_2023-07-14|2023-07-14_2023-08-12|2024-02-17_2024-03-17|2024-09-13_2024-10-12|2024-11-15_2024-12-14
0.1,2,CPI m/m|Core PPI m/m,Neutral|Bad,1,1,0,100.0,0.0,inf,2025-07-17_2025-08-15
0.2,2,CPI m/m|Core PPI m/m,Bad|Bad,1,1,0,100.0,0.0,inf,2021-06-16_2021-07-15
0.2,2,CPI m/m|Core PPI m/m,Bad|Neutral,1,1,0,100.0,0.0,inf,2021-10-15_2021-11-13
0.2,2,CPI m/m|Core PPI m/m,Neutral|Neutral,11,5,6,45.5,54.5,0.83,2022-11-16_2022-12-15|2023-04-14_2023-05-13|2023-06-15_2023-07-14|2023-07-14_2023-08-12|2023-09-15_2023-10-14|2024-02-17_2024-03-17|2024-03-15_2024-04-13|2024-06-14_2024-07-13|2024-09-13_2024-10-12|2024-11-15_2024-12-14|2025-05-16_2025-06-14
0.2,2,CPI m/m|Core PPI m/m,Neutral|Good,1,1,0,100.0,0.0,inf,2023-03-16_2023-04-14
0.2,2,CPI m/m|Core PPI m/m,Neutral|Bad,1,1,0,100.0,0.0,inf,2025-07-17_2025-08-15
0.3,2,CPI m/m|Core PPI m/m,Bad|Bad,1,1,0,100.0,0.0,inf,2021-06-16_2021-07-15
0.3,2,CPI m/m|Core PPI m/m,Bad|Neutral,1,1,0,100.0,0.0,inf,2021-10-15_2021-11-13
0.3,2,CPI m/m|Core PPI m/m,Neutral|Neutral,11,5,6,45.5,54.5,0.83,2022-11-16_2022-12-15|2023-04-14_2023-05-13|2023-06-15_2023-07-14|2023-07-14_2023-08-12|2023-09-15_2023-10-14|2024-02-17_2024-03-17|2024-03-15_2024-04-13|2024-06-14_2024-07-13|2024-09-13_2024-10-12|2024-11-15_2024-12-14|2025-05-16_2025-06-14
0.3,2,CPI m/m|Core PPI m/m,Neutral|Good,1,1,0,100.0,0.0,inf,2023-03-16_2023-04-14
0.3,2,CPI m/m|Core PPI m/m,Neutral|Bad,1,1,0,100.0,0.0,inf,2025-07-17_2025-08-15
0.0,2,CPI m/m|FOMC,Good|Neutral,1,1,0,100.0,0.0,inf,2023-03-16_2023-04-14
0.0,2,CPI m/m|FOMC,Neutral|Neutral,2,0,2,0.0,100.0,0.0,2023-04-14_2023-05-13|2023-07-14_2023-08-12
0.0,2,CPI m/m|FOMC,Bad|Neutral,1,0,1,0.0,100.0,0.0,2023-09-15_2023-10-14
0.0,2,CPI m/m|FOMC,Bad|Good,1,1,0,100.0,0.0,inf,2024-09-13_2024-10-12
0.1,2,CPI m/m|FOMC,Neutral|Neutral,3,1,2,33.3,66.7,0.5,2023-03-16_2023-04-14|2023-04-14_2023-05-13|2023-07-14_2023-08-12
0.1,2,CPI m/m|FOMC,Bad|Neutral,1,0,1,0.0,100.0,0.0,2023-09-15_2023-10-14
0.1,2,CPI m/m|FOMC,Neutral|Good,1,1,0,100.0,0.0,inf,2024-09-13_2024-10-12
0.2,2,CPI m/m|FOMC,Neutral|Neutral,4,1,3,25.0,75.0,0.33,2023-03-16_2023-04-14|2023-04-14_2023-05-13|2023-07-14_2023-08-12|2023-09-15_2023-10-14
0.2,2,CPI m/m|FOMC,Neutral|Good,1,1,0,100.0,0.0,inf,2024-09-13_2024-10-12
0.3,2,CPI m/m|FOMC,Neutral|Neutral,5,2,3,40.0,60.0,0.67,2023-03-16_2023-04-14|2023-04-14_2023-05-13|2023-07-14_2023-08-12|2023-09-15_2023-10-14|2024-09-13_2024-10-12
0.0,2,CPI m/m|CPI y/y,Bad|Bad,5,3,2,60.0,40.0,1.5,2021-06-16_2021-07-15|2021-10-15_2021-11-13|2023-09-15_2023-10-14|2024-03-15_2024-04-13|2024-09-13_2024-10-12
0.0,2,CPI m/m|CPI y/y,Good|Good,5,3,2,60.0,40.0,1.5,2022-11-16_2022-12-15|2023-03-16_2023-04-14|2023-06-15_2023-07-14|2024-06-14_2024-07-13|2025-05-16_2025-06-14
0.0,2,CPI m/m|CPI y/y,Neutral|Good,3,1,2,33.3,66.7,0.5,2023-04-14_2023-05-13|2023-07-14_2023-08-12|2025-07-17_2025-08-15
0.0,2,CPI m/m|CPI y/y,Neutral|Bad,1,1,0,100.0,0.0,inf,2024-02-17_2024-03-17
0.0,2,CPI m/m|CPI y/y,Neutral|Neutral,1,1,0,100.0,0.0,inf,2024-11-15_2024-12-14
0.0,2,CPI m/m|CPI y/y,Bad|Neutral,1,1,0,100.0,0.0,inf,2025-09-11_2025-10-10
0.1,2,CPI m/m|CPI y/y,Bad|Bad,4,2,2,50.0,50.0,1.0,2021-06-16_2021-07-15|2021-10-15_2021-11-13|2023-09-15_2023-10-14|2024-03-15_2024-04-13
0.1,2,CPI m/m|CPI y/y,Good|Good,2,1,1,50.0,50.0,1.0,2022-11-16_2022-12-15|2024-06-14_2024-07-13
0.1,2,CPI m/m|CPI y/y,Neutral|Neutral,5,3,2,60.0,40.0,1.5,2023-03-16_2023-04-14|2023-04-14_2023-05-13|2023-07-14_2023-08-12|2024-11-15_2024-12-14|2025-07-17_2025-08-15
0.1,2,CPI m/m|CPI y/y,Neutral|Good,2,1,1,50.0,50.0,1.0,2023-06-15_2023-07-14|2025-05-16_2025-06-14
0.1,2,CPI m/m|CPI y/y,Neutral|Bad,2,2,0,100.0,0.0,inf,2024-02-17_2024-03-17|2024-09-13_2024-10-12
0.1,2,CPI m/m|CPI y/y,Bad|Neutral,1,1,0,100.0,0.0,inf,2025-09-11_2025-10-10
0.2,2,CPI m/m|CPI y/y,Bad|Bad,2,2,0,100.0,0.0,inf,2021-06-16_2021-07-15|2021-10-15_2021-11-13
0.2,2,CPI m/m|CPI y/y,Neutral|Good,1,1,0,100.0,0.0,inf,2022-11-16_2022-12-15
0.2,2,CPI m/m|CPI y/y,Neutral|Neutral,13,7,6,53.8,46.2,1.17,2023-03-16_2023-04-14|2023-04-14_2023-05-13|2023-06-15_2023-07-14|2023-07-14_2023-08-12|2023-09-15_2023-10-14|2024-02-17_2024-03-17|2024-03-15_2024-04-13|2024-06-14_2024-07-13|2024-09-13_2024-10-12|2024-11-15_2024-12-14|2025-05-16_2025-06-14|2025-07-17_2025-08-15|2025-09-11_2025-10-10
0.3,2,CPI m/m|CPI y/y,Bad|Bad,1,1,0,100.0,0.0,inf,2021-06-16_2021-07-15
0.3,2,CPI m/m|CPI y/y,Bad|Neutral,1,1,0,100.0,0.0,inf,2021-10-15_2021-11-13
0.3,2,CPI m/m|CPI y/y,Neutral|Neutral,14,8,6,57.1,42.9,1.33,2022-11-16_2022-12-15|2023-03-16_2023-04-14|2023-04-14_2023-05-13|2023-06-15_2023-07-14|2023-07-14_2023-08-12|2023-09-15_2023-10-14|2024-02-17_2024-03-17|2024-03-15_2024-04-13|2024-06-14_2024-07-13|2024-09-13_2024-10-12|2024-11-15_2024-12-14|2025-05-16_2025-06-14|2025-07-17_2025-08-15|2025-09-11_2025-10-10
0.0,2,Core CPI m/m|PPI m/m,Bad|Bad,2,2,0,100.0,0.0,inf,2021-06-16_2021-07-15|2024-02-17_2024-03-17
0.0,2,Core CPI m/m|PPI m/m,Bad|Neutral,1,1,0,100.0,0.0,inf,2021-10-15_2021-11-13
0.0,2,Core CPI m/m|PPI m/m,Good|Bad,2,1,1,50.0,50.0,1.0,2022-11-16_2022-12-15|2024-06-14_2024-07-13
0.0,2,Core CPI m/m|PPI m/m,Neutral|Good,1,1,0,100.0,0.0,inf,2023-03-16_2023-04-14
0.0,2,Core CPI m/m|PPI m/m,Bad|Good,3,1,2,33.3,66.7,0.5,2023-04-14_2023-05-13|2024-03-15_2024-04-13|2024-09-13_2024-10-12
0.0,2,Core CPI m/m|PPI m/m,Good|Good,2,1,1,50.0,50.0,1.0,2023-06-15_2023-07-14|2025-05-16_2025-06-14
0.0,2,Core CPI m/m|PPI m/m,Neutral|Bad,4,2,2,50.0,50.0,1.0,2023-07-14_2023-08-12|2023-09-15_2023-10-14|2024-11-15_2024-12-14|2025-07-17_2025-08-15
0.1,2,Core CPI m/m|PPI m/m,Bad|Bad,2,2,0,100.0,0.0,inf,2021-06-16_2021-07-15|2024-02-17_2024-03-17
0.1,2,Core CPI m/m|PPI m/m,Bad|Neutral,3,1,2,33.3,66.7,0.5,2021-10-15_2021-11-13|2023-04-14_2023-05-13|2024-03-15_2024-04-13
0.1,2,Core CPI m/m|PPI m/m,Neutral|Neutral,5,2,3,40.0,60.0,0.67,2022-11-16_2022-12-15|2023-06-15_2023-07-14|2023-07-14_2023-08-12|2024-06-14_2024-07-13|2024-09-13_2024-10-12
0.1,2,Core CPI m/m|PPI m/m,Neutral|Good,1,1,0,100.0,0.0,inf,2023-03-16_2023-04-14
0.1,2,Core CPI m/m|PPI m/m,Neutral|Bad,3,2,1,66.7,33.3,2.0,2023-09-15_2023-10-14|2024-11-15_2024-12-14|2025-07-17_2025-08-15
0.1,2,Core CPI m/m|PPI m/m,Good|Neutral,1,1,0,100.0,0.0,inf,2025-05-16_2025-06-14
0.2,2,Core CPI m/m|PPI m/m,Bad|Bad,1,1,0,100.0,0.0,inf,2021-06-16_2021-07-15
0.2,2,Core CPI m/m|PPI m/m,Neutral|Neutral,11,5,6,45.5,54.5,0.83,2021-10-15_2021-11-13|2022-11-16_2022-12-15|2023-04-14_2023-05-13|2023-06-15_2023-07-14|2023-07-14_2023-08-12|2023-09-15_2023-10-14|2024-03-15_2024-04-13|2024-06-14_2024-07-13|2024-09-13_2024-10-12|2024-11-15_2024-12-14|2025-05-16_2025-06-14
0.2,2,Core CPI m/m|PPI m/m,Neutral|Good,1,1,0,100.0,0.0,inf,2023-03-16_2023-04-14
0.2,2,Core CPI m/m|PPI m/m,Neutral|Bad,2,2,0,100.0,0.0,inf,2024-02-17_2024-03-17|2025-07-17_2025-08-15
0.3,2,Core CPI m/m|PPI m/m,Bad|Bad,1,1,0,100.0,0.0,inf,2021-06-16_2021-07-15
0.3,2,Core CPI m/m|PPI m/m,Neutral|Neutral,12,6,6,50.0,50.0,1.0,2021-10-15_2021-11-13|2022-11-16_2022-12-15|2023-04-14_2023-05-13|2023-06-15_2023-07-14|2023-07-14_2023-08-12|2023-09-15_2023-10-14|2024-02-17_2024-03-17|2024-03-15_2024-04-13|2024-06-14_2024-07-13|2024-09-13_2024-10-12|2024-11-15_2024-12-14|2025-05-16_2025-06-14
0.3,2,Core CPI m/m|PPI m/m,Neutral|Good,1,1,0,100.0,0.0,inf,2023-03-16_2023-04-14
0.3,2,Core CPI m/m|PPI m/m,Neutral|Bad,1,1,0,100.0,0.0,inf,2025-07-17_2025-08-15
0.0,2,Core CPI m/m|Core PPI m/m,Bad|Bad,2,2,0,100.0,0.0,inf,2021-06-16_2021-07-15|2024-02-17_2024-03-17
0.0,2,Core CPI m/m|Core PPI m/m,Bad|Good,1,1,0,100.0,0.0,inf,2021-10-15_2021-11-13
0.0,2,Core CPI m/m|Core PPI m/m,Good|Bad,2,1,1,50.0,50.0,1.0,2022-11-16_2022-12-15|2024-06-14_2024-07-13
0.0,2,Core CPI m/m|Core PPI m/m,Neutral|Good,1,1,0,100.0,0.0,inf,2023-03-16_2023-04-14
0.0,2,Core CPI m/m|Core PPI m/m,Bad|Neutral,3,1,2,33.3,66.7,0.5,2023-04-14_2023-05-13|2024-03-15_2024-04-13|2024-09-13_2024-10-12
0.0,2,Core CPI m/m|Core PPI m/m,Good|Good,2,1,1,50.0,50.0,1.0,2023-06-15_2023-07-14|2025-05-16_2025-06-14
0.0,2,Core CPI m/m|Core PPI m/m,Neutral|Bad,3,1,2,33.3,66.7,0.5,2023-07-14_2023-08-12|2023-09-15_2023-10-14|2025-07-17_2025-08-15
0.0,2,Core CPI m/m|Core PPI m/m,Neutral|Neutral,1,1,0,100.0,0.0,inf,2024-11-15_2024-12-14
0.1,2,Core CPI m/m|Core PPI m/m,Bad|Bad,1,1,0,100.0,0.0,inf,2021-06-16_2021-07-15
0.1,2,Core CPI m/m|Core PPI m/m,Bad|Neutral,4,2,2,50.0,50.0,1.0,2021-10-15_2021-11-13|2023-04-14_2023-05-13|2024-02-17_2024-03-17|2024-03-15_2024-04-13
0.1,2,Core CPI m/m|Core PPI m/m,Neutral|Bad,3,2,1,66.7,33.3,2.0,2022-11-16_2022-12-15|2024-06-14_2024-07-13|2025-07-17_2025-08-15
0.1,2,Core CPI m/m|Core PPI m/m,Neutral|Good,1,1,0,100.0,0.0,inf,2023-03-16_2023-04-14
0.1,2,Core CPI m/m|Core PPI m/m,Neutral|Neutral,5,2,3,40.0,60.0,0.67,2023-06-15_2023-07-14|2023-07-14_2023-08-12|2023-09-15_2023-10-14|2024-09-13_2024-10-12|2024-11-15_2024-12-14
0.1,2,Core CPI m/m|Core PPI m/m,Good|Good,1,1,0,100.0,0.0,inf,2025-05-16_2025-06-14
0.2,2,Core CPI m/m|Core PPI m/m,Bad|Bad,1,1,0,100.0,0.0,inf,2021-06-16_2021-07-15
0.2,2,Core CPI m/m|Core PPI m/m,Neutral|Neutral,12,6,6,50.0,50.0,1.0,2021-10-15_2021-11-13|2022-11-16_2022-12-15|2023-04-14_2023-05-13|2023-06-15_2023-07-14|2023-07-14_2023-08-12|2023-09-15_2023-10-14|2024-02-17_2024-03-17|2024-03-15_2024-04-13|2024-06-14_2024-07-13|2024-09-13_2024-10-12|2024-11-15_2024-12-14|2025-05-16_2025-06-14
0.2,2,Core CPI m/m|Core PPI m/m,Neutral|Good,1,1,0,100.0,0.0,inf,2023-03-16_2023-04-14
0.2,2,Core CPI m/m|Core PPI m/m,Neutral|Bad,1,1,0,100.0,0.0,inf,2025-07-17_2025-08-15
0.3,2,Core CPI m/m|Core PPI m/m,Bad|Bad,1,1,0,100.0,0.0,inf,2021-06-16_2021-07-15
0.3,2,Core CPI m/m|Core PPI m/m,Neutral|Neutral,12,6,6,50.0,50.0,1.0,2021-10-15_2021-11-13|2022-11-16_2022-12-15|2023-04-14_2023-05-13|2023-06-15_2023-07-14|2023-07-14_2023-08-12|2023-09-15_2023-10-14|2024-02-17_2024-03-17|2024-03-15_2024-04-13|2024-06-14_2024-07-13|2024-09-13_2024-10-12|2024-11-15_2024-12-14|2025-05-16_2025-06-14
0.3,2,Core CPI m/m|Core PPI m/m,Neutral|Good,1,1,0,100.0,0.0,inf,2023-03-16_2023-04-14
0.3,2,Core CPI m/m|Core PPI m/m,Neutral|Bad,1,1,0,100.0,0.0,inf,2025-07-17_2025-08-15
0.0,2,Core CPI m/m|FOMC,Neutral|Neutral,3,1,2,33.3,66.7,0.5,2023-03-16_2023-04-14|2023-07-14_2023-08-12|2023-09-15_2023-10-14
0.0,2,Core CPI m/m|FOMC,Bad|Neutral,1,0,1,0.0,100.0,0.0,2023-04-14_2023-05-13
0.0,2,Core CPI m/m|FOMC,Bad|Good,1,1,0,100.0,0.0,inf,2024-09-13_2024-10-12
0.1,2,Core CPI m/m|FOMC,Neutral|Neutral,3,1,2,33.3,66.7,0.5,2023-03-16_2023-04-14|2023-07-14_2023-08-12|2023-09-15_2023-10-14
0.1,2,Core CPI m/m|FOMC,Bad|Neutral,1,0,1,0.0,100.0,0.0,2023-04-14_2023-05-13
0.1,2,Core CPI m/m|FOMC,Neutral|Good,1,1,0,100.0,0.0,inf,2024-09-13_2024-10-12
0.2,2,Core CPI m/m|FOMC,Neutral|Neutral,4,1,3,25.0,75.0,0.33,2023-03-16_2023-04-14|2023-04-14_2023-05-13|2023-07-14_2023-08-12|2023-09-15_2023-10-14
0.2,2,Core CPI m/m|FOMC,Neutral|Good,1,1,0,100.0,0.0,inf,2024-09-13_2024-10-12
0.3,2,Core CPI m/m|FOMC,Neutral|Neutral,5,2,3,40.0,60.0,0.67,2023-03-16_2023-04-14|2023-04-14_2023-05-13|2023-07-14_2023-08-12|2023-09-15_2023-10-14|2024-09-13_2024-10-12
0.0,2,Core CPI m/m|CPI y/y,Bad|Bad,5,4,1,80.0,20.0,4.0,2021-06-16_2021-07-15|2021-10-15_2021-11-13|2024-02-17_2024-03-17|2024-03-15_2024-04-13|2024-09-13_2024-10-12
0.0,2,Core CPI m/m|CPI y/y,Good|Good,4,2,2,50.0,50.0,1.0,2022-11-16_2022-12-15|2023-06-15_2023-07-14|2024-06-14_2024-07-13|2025-05-16_2025-06-14
0.0,2,Core CPI m/m|CPI y/y,Neutral|Good,3,2,1,66.7,33.3,2.0,2023-03-16_2023-04-14|2023-07-14_2023-08-12|2025-07-17_2025-08-15
0.0,2,Core CPI m/m|CPI y/y,Bad|Good,1,0,1,0.0,100.0,0.0,2023-04-14_2023-05-13
0.0,2,Core CPI m/m|CPI y/y,Neutral|Bad,1,0,1,0.0,100.0,0.0,2023-09-15_2023-10-14
0.0,2,Core CPI m/m|CPI y/y,Neutral|Neutral,2,2,0,100.0,0.0,inf,2024-11-15_2024-12-14|2025-09-11_2025-10-10
0.1,2,Core CPI m/m|CPI y/y,Bad|Bad,4,3,1,75.0,25.0,3.0,2021-06-16_2021-07-15|2021-10-15_2021-11-13|2024-02-17_2024-03-17|2024-03-15_2024-04-13
0.1,2,Core CPI m/m|CPI y/y,Neutral|Good,3,1,2,33.3,66.7,0.5,2022-11-16_2022-12-15|2023-06-15_2023-07-14|2024-06-14_2024-07-13
0.1,2,Core CPI m/m|CPI y/y,Neutral|Neutral,5,4,1,80.0,20.0,4.0,2023-03-16_2023-04-14|2023-07-14_2023-08-12|2024-11-15_2024-12-14|2025-07-17_2025-08-15|2025-09-11_2025-10-10
0.1,2,Core CPI m/m|CPI y/y,Bad|Neutral,1,0,1,0.0,100.0,0.0,2023-04-14_2023-05-13
0.1,2,Core CPI m/m|CPI y/y,Neutral|Bad,2,1,1,50.0,50.0,1.0,2023-09-15_2023-10-14|2024-09-13_2024-10-12
0.1,2,Core CPI m/m|CPI y/y,Good|Good,1,1,0,100.0,0.0,inf,2025-05-16_2025-06-14
0.2,2,Core CPI m/m|CPI y/y,Bad|Bad,1,1,0,100.0,0.0,inf,2021-06-16_2021-07-15
0.2,2,Core CPI m/m|CPI y/y,Neutral|Bad,1,1,0,100.0,0.0,inf,2021-10-15_2021-11-13
0.2,2,Core CPI m/m|CPI y/y,Neutral|Good,1,1,0,100.0,0.0,inf,2022-11-16_2022-12-15
0.2,2,Core CPI m/m|CPI y/y,Neutral|Neutral,13,7,6,53.8,46.2,1.17,2023-03-16_2023-04-14|2023-04-14_2023-05-13|2023-06-15_2023-07-14|2023-07-14_2023-08-12|2023-09-15_2023-10-14|2024-02-17_2024-03-17|2024-03-15_2024-04-13|2024-06-14_2024-07-13|2024-09-13_2024-10-12|2024-11-15_2024-12-14|2025-05-16_2025-06-14|2025-07-17_2025-08-15|2025-09-11_2025-10-10
0.3,2,Core CPI m/m|CPI y/y,Bad|Bad,1,1,0,100.0,0.0,inf,2021-06-16_2021-07-15
0.3,2,Core CPI m/m|CPI y/y,Neutral|Neutral,15,9,6,60.0,40.0,1.5,2021-10-15_2021-11-13|2022-11-16_2022-12-15|2023-03-16_2023-04-14|2023-04-14_2023-05-13|2023-06-15_2023-07-14|2023-07-14_2023-08-12|2023-09-15_2023-10-14|2024-02-17_2024-03-17|2024-03-15_2024-04-13|2024-06-14_2024-07-13|2024-09-13_2024-10-12|2024-11-15_2024-12-14|2025-05-16_2025-06-14|2025-07-17_2025-08-15|2025-09-11_2025-10-10
0.0,2,PPI m/m|Core PPI m/m,Bad|Bad,7,4,3,57.1,42.9,1.33,2021-06-16_2021-07-15|2022-11-16_2022-12-15|2023-07-14_2023-08-12|2023-09-15_2023-10-14|2024-02-17_2024-03-17|2024-06-14_2024-07-13|2025-07-17_2025-08-15
0.0,2,PPI m/m|Core PPI m/m,Neutral|Good,1,1,0,100.0,0.0,inf,2021-10-15_2021-11-13
0.0,2,PPI m/m|Core PPI m/m,Good|Good,3,2,1,66.7,33.3,2.0,2023-03-16_2023-04-14|2023-06-15_2023-07-14|2025-05-16_2025-06-14
0.0,2,PPI m/m|Core PPI m/m,Good|Neutral,3,1,2,33.3,66.7,0.5,2023-04-14_2023-05-13|2024-03-15_2024-04-13|2024-09-13_2024-10-12
0.0,2,PPI m/m|Core PPI m/m,Bad|Neutral,1,1,0,100.0,0.0,inf,2024-11-15_2024-12-14
0.1,2,PPI m/m|Core PPI m/m,Bad|Bad,2,2,0,100.0,0.0,inf,2021-06-16_2021-07-15|2025-07-17_2025-08-15
0.1,2,PPI m/m|Core PPI m/m,Neutral|Neutral,6,2,4,33.3,66.7,0.5,2021-10-15_2021-11-13|2023-04-14_2023-05-13|2023-06-15_2023-07-14|2023-07-14_2023-08-12|2024-03-15_2024-04-13|2024-09-13_2024-10-12
0.1,2,PPI m/m|Core PPI m/m,Neutral|Bad,2,1,1,50.0,50.0,1.0,2022-11-16_2022-12-15|2024-06-14_2024-07-13
0.1,2,PPI m/m|Core PPI m/m,Good|Good,1,1,0,100.0,0.0,inf,2023-03-16_2023-04-14
0.1,2,PPI m/m|Core PPI m/m,Bad|Neutral,3,2,1,66.7,33.3,2.0,2023-09-15_2023-10-14|2024-02-17_2024-03-17|2024-11-15_2024-12-14
0.1,2,PPI m/m|Core PPI m/m,Neutral|Good,1,1,0,100.0,0.0,inf,2025-05-16_2025-06-14
0.2,2,PPI m/m|Core PPI m/m,Bad|Bad,2,2,0,100.0,0.0,inf,2021-06-16_2021-07-15|2025-07-17_2025-08-15
0.2,2,PPI m/m|Core PPI m/m,Neutral|Neutral,11,5,6,45.5,54.5,0.83,2021-10-15_2021-11-13|2022-11-16_2022-12-15|2023-04-14_2023-05-13|2023-06-15_2023-07-14|2023-07-14_2023-08-12|2023-09-15_2023-10-14|2024-03-15_2024-04-13|2024-06-14_2024-07-13|2024-09-13_2024-10-12|2024-11-15_2024-12-14|2025-05-16_2025-06-14
0.2,2,PPI m/m|Core PPI m/m,Good|Good,1,1,0,100.0,0.0,inf,2023-03-16_2023-04-14
0.2,2,PPI m/m|Core PPI m/m,Bad|Neutral,1,1,0,100.0,0.0,inf,2024-02-17_2024-03-17
0.3,2,PPI m/m|Core PPI m/m,Bad|Bad,2,2,0,100.0,0.0,inf,2021-06-16_2021-07-15|2025-07-17_2025-08-15
0.3,2,PPI m/m|Core PPI m/m,Neutral|Neutral,12,6,6,50.0,50.0,1.0,2021-10-15_2021-11-13|2022-11-16_2022-12-15|2023-04-14_2023-05-13|2023-06-15_2023-07-14|2023-07-14_2023-08-12|2023-09-15_2023-10-14|2024-02-17_2024-03-17|2024-03-15_2024-04-13|2024-06-14_2024-07-13|2024-09-13_2024-10-12|2024-11-15_2024-12-14|2025-05-16_2025-06-14
0.3,2,PPI m/m|Core PPI m/m,Good|Good,1,1,0,100.0,0.0,inf,2023-03-16_2023-04-14
0.0,2,PPI m/m|FOMC,Good|Neutral,2,1,1,50.0,50.0,1.0,2023-03-16_2023-04-14|2023-04-14_2023-05-13
0.0,2,PPI m/m|FOMC,Bad|Neutral,2,0,2,0.0,100.0,0.0,2023-07-14_2023-08-12|2023-09-15_2023-10-14
0.0,2,PPI m/m|FOMC,Good|Good,1,1,0,100.0,0.0,inf,2024-09-13_2024-10-12
0.1,2,PPI m/m|FOMC,Good|Neutral,1,1,0,100.0,0.0,inf,2023-03-16_2023-04-14
0.1,2,PPI m/m|FOMC,Neutral|Neutral,2,0,2,0.0,100.0,0.0,2023-04-14_2023-05-13|2023-07-14_2023-08-12
0.1,2,PPI m/m|FOMC,Bad|Neutral,1,0,1,0.0,100.0,0.0,2023-09-15_2023-10-14
0.1,2,PPI m/m|FOMC,Neutral|Good,1,1,0,100.0,0.0,inf,2024-09-13_2024-10-12
0.2,2,PPI m/m|FOMC,Good|Neutral,1,1,0,100.0,0.0,inf,2023-03-16_2023-04-14
0.2,2,PPI m/m|FOMC,Neutral|Neutral,3,0,3,0.0,100.0,0.0,2023-04-14_2023-05-13|2023-07-14_2023-08-12|2023-09-15_2023-10-14
0.2,2,PPI m/m|FOMC,Neutral|Good,1,1,0,100.0,0.0,inf,2024-09-13_2024-10-12
0.3,2,PPI m/m|FOMC,Good|Neutral,1,1,0,100.0,0.0,inf,2023-03-16_2023-04-14
0.3,2,PPI m/m|FOMC,Neutral|Neutral,4,1,3,25.0,75.0,0.33,2023-04-14_2023-05-13|2023-07-14_2023-08-12|2023-09-15_2023-10-14|2024-09-13_2024-10-12
0.0,2,PPI m/m|CPI y/y,Bad|Bad,3,2,1,66.7,33.3,2.0,2021-06-16_2021-07-15|2023-09-15_2023-10-14|2024-02-17_2024-03-17
0.0,2,PPI m/m|CPI y/y,Neutral|Bad,1,1,0,100.0,0.0,inf,2021-10-15_2021-11-13
0.0,2,PPI m/m|CPI y/y,Bad|Good,4,2,2,50.0,50.0,1.0,2022-11-16_2022-12-15|2023-07-14_2023-08-12|2024-06-14_2024-07-13|2025-07-17_2025-08-15
0.0,2,PPI m/m|CPI y/y,Good|Good,4,2,2,50.0,50.0,1.0,2023-03-16_2023-04-14|2023-04-14_2023-05-13|2023-06-15_2023-07-14|2025-05-16_2025-06-14
0.0,2,PPI m/m|CPI y/y,Good|Bad,2,1,1,50.0,50.0,1.0,2024-03-15_2024-04-13|2024-09-13_2024-10-12
0.0,2,PPI m/m|CPI y/y,Bad|Neutral,1,1,0,100.0,0.0,inf,2024-11-15_2024-12-14
0.1,2,PPI m/m|CPI y/y,Bad|Bad,3,2,1,66.7,33.3,2.0,2021-06-16_2021-07-15|2023-09-15_2023-10-14|2024-02-17_2024-03-17
0.1,2,PPI m/m|CPI y/y,Neutral|Bad,3,2,1,66.7,33.3,2.0,2021-10-15_2021-11-13|2024-03-15_2024-04-13|2024-09-13_2024-10-12
0.1,2,PPI m/m|CPI y/y,Neutral|Good,4,2,2,50.0,50.0,1.0,2022-11-16_2022-12-15|2023-06-15_2023-07-14|2024-06-14_2024-07-13|2025-05-16_2025-06-14
0.1,2,PPI m/m|CPI y/y,Good|Neutral,1,1,0,100.0,0.0,inf,2023-03-16_2023-04-14
0.1,2,PPI m/m|CPI y/y,Neutral|Neutral,2,0,2,0.0,100.0,0.0,2023-04-14_2023-05-13|2023-07-14_2023-08-12
0.1,2,PPI m/m|CPI y/y,Bad|Neutral,2,2,0,100.0,0.0,inf,2024-11-15_2024-12-14|2025-07-17_2025-08-15
0.2,2,PPI m/m|CPI y/y,Bad|Bad,1,1,0,100.0,0.0,inf,2021-06-16_2021-07-15
0.2,2,PPI m/m|CPI y/y,Neutral|Bad,1,1,0,100.0,0.0,inf,2021-10-15_2021-11-13
0.2,2,PPI m/m|CPI y/y,Neutral|Good,1,1,0,100.0,0.0,inf,2022-11-16_2022-12-15
0.2,2,PPI m/m|CPI y/y,Good|Neutral,1,1,0,100.0,0.0,inf,2023-03-16_2023-04-14
0.2,2,PPI m/m|CPI y/y,Neutral|Neutral,9,3,6,33.3,66.7,0.5,2023-04-14_2023-05-13|2023-06-15_2023-07-14|2023-07-14_2023-08-12|2023-09-15_2023-10-14|2024-03-15_2024-04-13|2024-06-14_2024-07-13|2024-09-13_2024-10-12|2024-11-15_2024-12-14|2025-05-16_2025-06-14
0.2,2,PPI m/m|CPI y/y,Bad|Neutral,2,2,0,100.0,0.0,inf,2024-02-17_2024-03-17|2025-07-17_2025-08-15
0.3,2,PPI m/m|CPI y/y,Bad|Bad,1,1,0,100.0,0.0,inf,2021-06-16_2021-07-15
0.3,2,PPI m/m|CPI y/y,Neutral|Neutral,12,6,6,50.0,50.0,1.0,2021-10-15_2021-11-13|2022-11-16_2022-12-15|2023-04-14_2023-05-13|2023-06-15_2023-07-14|2023-07-14_2023-08-12|2023-09-15_2023-10-14|2024-02-17_2024-03-17|2024-03-15_2024-04-13|2024-06-14_2024-07-13|2024-09-13_2024-10-12|2024-11-15_2024-12-14|2025-05-16_2025-06-14
0.3,2,PPI m/m|CPI y/y,Good|Neutral,1,1,0,100.0,0.0,inf,2023-03-16_2023-04-14
0.3,2,PPI m/m|CPI y/y,Bad|Neutral,1,1,0,100.0,0.0,inf,2025-07-17_2025-08-15
0.0,2,Core PPI m/m|FOMC,Good|Neutral,1,1,0,100.0,0.0,inf,2023-03-16_2023-04-14
0.0,2,Core PPI m/m|FOMC,Neutral|Neutral,1,0,1,0.0,100.0,0.0,2023-04-14_2023-05-13
0.0,2,Core PPI m/m|FOMC,Bad|Neutral,2,0,2,0.0,100.0,0.0,2023-07-14_2023-08-12|2023-09-15_2023-10-14
0.0,2,Core PPI m/m|FOMC,Neutral|Good,1,1,0,100.0,0.0,inf,2024-09-13_2024-10-12
0.1,2,Core PPI m/m|FOMC,Good|Neutral,1,1,0,100.0,0.0,inf,2023-03-16_2023-04-14
0.1,2,Core PPI m/m|FOMC,Neutral|Neutral,3,0,3,0.0,100.0,0.0,2023-04-14_2023-05-13|2023-07-14_2023-08-12|2023-09-15_2023-10-14
0.1,2,Core PPI m/m|FOMC,Neutral|Good,1,1,0,100.0,0.0,inf,2024-09-13_2024-10-12
0.2,2,Core PPI m/m|FOMC,Good|Neutral,1,1,0,100.0,0.0,inf,2023-03-16_2023-04-14
0.2,2,Core PPI m/m|FOMC,Neutral|Neutral,3,0,3,0.0,100.0,0.0,2023-04-14_2023-05-13|2023-07-14_2023-08-12|2023-09-15_2023-10-14
0.2,2,Core PPI m/m|FOMC,Neutral|Good,1,1,0,100.0,0.0,inf,2024-09-13_2024-10-12
0.3,2,Core PPI m/m|FOMC,Good|Neutral,1,1,0,100.0,0.0,inf,2023-03-16_2023-04-14
0.3,2,Core PPI m/m|FOMC,Neutral|Neutral,4,1,3,25.0,75.0,0.33,2023-04-14_2023-05-13|2023-07-14_2023-08-12|2023-09-15_2023-10-14|2024-09-13_2024-10-12
0.0,2,Core PPI m/m|CPI y/y,Bad|Bad,3,2,1,66.7,33.3,2.0,2021-06-16_2021-07-15|2023-09-15_2023-10-14|2024-02-17_2024-03-17
0.0,2,Core PPI m/m|CPI y/y,Good|Bad,1,1,0,100.0,0.0,inf,2021-10-15_2021-11-13
0.0,2,Core PPI m/m|CPI y/y,Bad|Good,4,2,2,50.0,50.0,1.0,2022-11-16_2022-12-15|2023-07-14_2023-08-12|2024-06-14_2024-07-13|2025-07-17_2025-08-15
0.0,2,Core PPI m/m|CPI y/y,Good|Good,3,2,1,66.7,33.3,2.0,2023-03-16_2023-04-14|2023-06-15_2023-07-14|2025-05-16_2025-06-14
0.0,2,Core PPI m/m|CPI y/y,Neutral|Good,1,0,1,0.0,100.0,0.0,2023-04-14_2023-05-13
0.0,2,Core PPI m/m|CPI y/y,Neutral|Bad,2,1,1,50.0,50.0,1.0,2024-03-15_2024-04-13|2024-09-13_2024-10-12
0.0,2,Core PPI m/m|CPI y/y,Neutral|Neutral,1,1,0,100.0,0.0,inf,2024-11-15_2024-12-14
0.1,2,Core PPI m/m|CPI y/y,Bad|Bad,1,1,0,100.0,0.0,inf,2021-06-16_2021-07-15
0.1,2,Core PPI m/m|CPI y/y,Neutral|Bad,5,3,2,60.0,40.0,1.5,2021-10-15_2021-11-13|2023-09-15_2023-10-14|2024-02-17_2024-03-17|2024-03-15_2024-04-13|2024-09-13_2024-10-12
0.1,2,Core PPI m/m|CPI y/y,Bad|Good,2,1,1,50.0,50.0,1.0,2022-11-16_2022-12-15|2024-06-14_2024-07-13
0.1,2,Core PPI m/m|CPI y/y,Good|Neutral,1,1,0,100.0,0.0,inf,2023-03-16_2023-04-14
0.1,2,Core PPI m/m|CPI y/y,Neutral|Neutral,3,1,2,33.3,66.7,0.5,2023-04-14_2023-05-13|2023-07-14_2023-08-12|2024-11-15_2024-12-14
0.1,2,Core PPI m/m|CPI y/y,Neutral|Good,1,0,1,0.0,100.0,0.0,2023-06-15_2023-07-14
0.1,2,Core PPI m/m|CPI y/y,Good|Good,1,1,0,100.0,0.0,inf,2025-05-16_2025-06-14
0.1,2,Core PPI m/m|CPI y/y,Bad|Neutral,1,1,0,100.0,0.0,inf,2025-07-17_2025-08-15
0.2,2,Core PPI m/m|CPI y/y,Bad|Bad,1,1,0,100.0,0.0,inf,2021-06-16_2021-07-15
0.2,2,Core PPI m/m|CPI y/y,Neutral|Bad,1,1,0,100.0,0.0,inf,2021-10-15_2021-11-13
0.2,2,Core PPI m/m|CPI y/y,Neutral|Good,1,1,0,100.0,0.0,inf,2022-11-16_2022-12-15
0.2,2,Core PPI m/m|CPI y/y,Good|Neutral,1,1,0,100.0,0.0,inf,2023-03-16_2023-04-14
0.2,2,Core PPI m/m|CPI y/y,Neutral|Neutral,10,4,6,40.0,60.0,0.67,2023-04-14_2023-05-13|2023-06-15_2023-07-14|2023-07-14_2023-08-12|2023-09-15_2023-10-14|2024-02-17_2024-03-17|2024-03-15_2024-04-13|2024-06-14_2024-07-13|2024-09-13_2024-10-12|2024-11-15_2024-12-14|2025-05-16_2025-06-14
0.2,2,Core PPI m/m|CPI y/y,Bad|Neutral,1,1,0,100.0,0.0,inf,2025-07-17_2025-08-15
0.3,2,Core PPI m/m|CPI y/y,Bad|Bad,1,1,0,100.0,0.0,inf,2021-06-16_2021-07-15
0.3,2,Core PPI m/m|CPI y/y,Neutral|Neutral,12,6,6,50.0,50.0,1.0,2021-10-15_2021-11-13|2022-11-16_2022-12-15|2023-04-14_2023-05-13|2023-06-15_2023-07-14|2023-07-14_2023-08-12|2023-09-15_2023-10-14|2024-02-17_2024-03-17|2024-03-15_2024-04-13|2024-06-14_2024-07-13|2024-09-13_2024-10-12|2024-11-15_2024-12-14|2025-05-16_2025-06-14
0.3,2,Core PPI m/m|CPI y/y,Good|Neutral,1,1,0,100.0,0.0,inf,2023-03-16_2023-04-14
0.3,2,Core PPI m/m|CPI y/y,Bad|Neutral,1,1,0,100.0,0.0,inf,2025-07-17_2025-08-15
0.0,2,FOMC|CPI y/y,Neutral|Good,3,1,2,33.3,66.7,0.5,2023-03-16_2023-04-14|2023-04-14_2023-05-13|2023-07-14_2023-08-12
0.0,2,FOMC|CPI y/y,Neutral|Bad,1,0,1,0.0,100.0,0.0,2023-09-15_2023-10-14
0.0,2,FOMC|CPI y/y,Good|Bad,1,1,0,100.0,0.0,inf,2024-09-13_2024-10-12
0.1,2,FOMC|CPI y/y,Neutral|Neutral,3,1,2,33.3,66.7,0.5,2023-03-16_2023-04-14|2023-04-14_2023-05-13|2023-07-14_2023-08-12
0.1,2,FOMC|CPI y/y,Neutral|Bad,1,0,1,0.0,100.0,0.0,2023-09-15_2023-10-14
0.1,2,FOMC|CPI y/y,Good|Bad,1,1,0,100.0,0.0,inf,2024-09-13_2024-10-12
0.2,2,FOMC|CPI y/y,Neutral|Neutral,4,1,3,25.0,75.0,0.33,2023-03-16_2023-04-14|2023-04-14_2023-05-13|2023-07-14_2023-08-12|2023-09-15_2023-10-14
0.2,2,FOMC|CPI y/y,Good|Neutral,1,1,0,100.0,0.0,inf,2024-09-13_2024-10-12
0.3,2,FOMC|CPI y/y,Neutral|Neutral,5,2,3,40.0,60.0,0.67,2023-03-16_2023-04-14|2023-04-14_2023-05-13|2023-07-14_2023-08-12|2023-09-15_2023-10-14|2024-09-13_2024-10-12
0.0,3,CPI m/m|Core CPI m/m|PPI m/m,Bad|Bad|Bad,1,1,0,100.0,0.0,inf,2021-06-16_2021-07-15
0.0,3,CPI m/m|Core CPI m/m|PPI m/m,Bad|Bad|Neutral,1,1,0,100.0,0.0,inf,2021-10-15_2021-11-13
0.0,3,CPI m/m|Core CPI m/m|PPI m/m,Good|Good|Bad,2,1,1,50.0,50.0,1.0,2022-11-16_2022-12-15|2024-06-14_2024-07-13
0.0,3,CPI m/m|Core CPI m/m|PPI m/m,Good|Neutral|Good,1,1,0,100.0,0.0,inf,2023-03-16_2023-04-14
0.0,3,CPI m/m|Core CPI m/m|PPI m/m,Neutral|Bad|Good,1,0,1,0.0,100.0,0.0,2023-04-14_2023-05-13
0.0,3,CPI m/m|Core CPI m/m|PPI m/m,Good|Good|Good,2,1,1,50.0,50.0,1.0,2023-06-15_2023-07-14|2025-05-16_2025-06-14
0.0,3,CPI m/m|Core CPI m/m|PPI m/m,Neutral|Neutral|Bad,3,2,1,66.7,33.3,2.0,2023-07-14_2023-08-12|2024-11-15_2024-12-14|2025-07-17_2025-08-15
0.0,3,CPI m/m|Core CPI m/m|PPI m/m,Bad|Neutral|Bad,1,0,1,0.0,100.0,0.0,2023-09-15_2023-10-14
0.0,3,CPI m/m|Core CPI m/m|PPI m/m,Neutral|Bad|Bad,1,1,0,100.0,0.0,inf,2024-02-17_2024-03-17
0.0,3,CPI m/m|Core CPI m/m|PPI m/m,Bad|Bad|Good,2,1,1,50.0,50.0,1.0,2024-03-15_2024-04-13|2024-09-13_2024-10-12
0.1,3,CPI m/m|Core CPI m/m|PPI m/m,Bad|Bad|Bad,1,1,0,100.0,0.0,inf,2021-06-16_2021-07-15
0.1,3,CPI m/m|Core CPI m/m|PPI m/m,Bad|Bad|Neutral,2,1,1,50.0,50.0,1.0,2021-10-15_2021-11-13|2024-03-15_2024-04-13
0.1,3,CPI m/m|Core CPI m/m|PPI m/m,Good|Neutral|Neutral,2,1,1,50.0,50.0,1.0,2022-11-16_2022-12-15|2024-06-14_2024-07-13
0.1,3,CPI m/m|Core CPI m/m|PPI m/m,Neutral|Neutral|Good,1,1,0,100.0,0.0,inf,2023-03-16_2023-04-14
0.1,3,CPI m/m|Core CPI m/m|PPI m/m,Neutral|Bad|Neutral,1,0,1,0.0,100.0,0.0,2023-04-14_2023-05-13
0.1,3,CPI m/m|Core CPI m/m|PPI m/m,Neutral|Neutral|Neutral,3,1,2,33.3,66.7,0.5,2023-06-15_2023-07-14|2023-07-14_2023-08-12|2024-09-13_2024-10-12
0.1,3,CPI m/m|Core CPI m/m|PPI m/m,Bad|Neutral|Bad,1,0,1,0.0,100.0,0.0,2023-09-15_2023-10-14
0.1,3,CPI m/m|Core CPI m/m|PPI m/m,Neutral|Bad|Bad,1,1,0,100.0,0.0,inf,2024-02-17_2024-03-17
0.1,3,CPI m/m|Core CPI m/m|PPI m/m,Neutral|Neutral|Bad,2,2,0,100.0,0.0,inf,2024-11-15_2024-12-14|2025-07-17_2025-08-15
0.1,3,CPI m/m|Core CPI m/m|PPI m/m,Neutral|Good|Neutral,1,1,0,100.0,0.0,inf,2025-05-16_2025-06-14
0.2,3,CPI m/m|Core CPI m/m|PPI m/m,Bad|Bad|Bad,1,1,0,100.0,0.0,inf,2021-06-16_2021-07-15
0.2,3,CPI m/m|Core CPI m/m|PPI m/m,Bad|Neutral|Neutral,1,1,0,100.0,0.0,inf,2021-10-15_2021-11-13
0.2,3,CPI m/m|Core CPI m/m|PPI m/m,Neutral|Neutral|Neutral,10,4,6,40.0,60.0,0.67,2022-11-16_2022-12-15|2023-04-14_2023-05-13|2023-06-15_2023-07-14|2023-07-14_2023-08-12|2023-09-15_2023-10-14|2024-03-15_2024-04-13|2024-06-14_2024-07-13|2024-09-13_2024-10-12|2024-11-15_2024-12-14|2025-05-16_2025-06-14
0.2,3,CPI m/m|Core CPI m/m|PPI m/m,Neutral|Neutral|Good,1,1,0,100.0,0.0,inf,2023-03-16_2023-04-14
0.2,3,CPI m/m|Core CPI m/m|PPI m/m,Neutral|Neutral|Bad,2,2,0,100.0,0.0,inf,2024-02-17_2024-03-17|2025-07-17_2025-08-15
0.3,3,CPI m/m|Core CPI m/m|PPI m/m,Bad|Bad|Bad,1,1,0,100.0,0.0,inf,2021-06-16_2021-07-15
0.3,3,CPI m/m|Core CPI m/m|PPI m/m,Bad|Neutral|Neutral,1,1,0,100.0,0.0,inf,2021-10-15_2021-11-13
0.3,3,CPI m/m|Core CPI m/m|PPI m/m,Neutral|Neutral|Neutral,11,5,6,45.5,54.5,0.83,2022-11-16_2022-12-15|2023-04-14_2023-05-13|2023-06-15_2023-07-14|2023-07-14_2023-08-12|2023-09-15_2023-10-14|2024-02-17_2024-03-17|2024-03-15_2024-04-13|2024-06-14_2024-07-13|2024-09-13_2024-10-12|2024-11-15_2024-12-14|2025-05-16_2025-06-14
0.3,3,CPI m/m|Core CPI m/m|PPI m/m,Neutral|Neutral|Good,1,1,0,100.0,0.0,inf,2023-03-16_2023-04-14
0.3,3,CPI m/m|Core CPI m/m|PPI m/m,Neutral|Neutral|Bad,1,1,0,100.0,0.0,inf,2025-07-17_2025-08-15
0.0,3,CPI m/m|Core CPI m/m|Core PPI m/m,Bad|Bad|Bad,1,1,0,100.0,0.0,inf,2021-06-16_2021-07-15
0.0,3,CPI m/m|Core CPI m/m|Core PPI m/m,Bad|Bad|Good,1,1,0,100.0,0.0,inf,2021-10-15_2021-11-13
0.0,3,CPI m/m|Core CPI m/m|Core PPI m/m,Good|Good|Bad,2,1,1,50.0,50.0,1.0,2022-11-16_2022-12-15|2024-06-14_2024-07-13
0.0,3,CPI m/m|Core CPI m/m|Core PPI m/m,Good|Neutral|Good,1,1,0,100.0,0.0,inf,2023-03-16_2023-04-14
0.0,3,CPI m/m|Core CPI m/m|Core PPI m/m,Neutral|Bad|Neutral,1,0,1,0.0,100.0,0.0,2023-04-14_2023-05-13
0.0,3,CPI m/m|Core CPI m/m|Core PPI m/m,Good|Good|Good,2,1,1,50.0,50.0,1.0,2023-06-15_2023-07-14|2025-05-16_2025-06-14
0.0,3,CPI m/m|Core CPI m/m|Core PPI m/m,Neutral|Neutral|Bad,2,1,1,50.0,50.0,1.0,2023-07-14_2023-08-12|2025-07-17_2025-08-15
0.0,3,CPI m/m|Core CPI m/m|Core PPI m/m,Bad|Neutral|Bad,1,0,1,0.0,100.0,0.0,2023-09-15_2023-10-14
0.0,3,CPI m/m|Core CPI m/m|Core PPI m/m,Neutral|Bad|Bad,1,1,0,100.0,0.0,inf,2024-02-17_2024-03-17
0.0,3,CPI m/m|Core CPI m/m|Core PPI m/m,Bad|Bad|Neutral,2,1,1,50.0,50.0,1.0,2024-03-15_2024-04-13|2024-09-13_2024-10-12
0.0,3,CPI m/m|Core CPI m/m|Core PPI m/m,Neutral|Neutral|Neutral,1,1,0,100.0,0.0,inf,2024-11-15_2024-12-14
0.1,3,CPI m/m|Core CPI m/m|Core PPI m/m,Bad|Bad|Bad,1,1,0,100.0,0.0,inf,2021-06-16_2021-07-15
0.1,3,CPI m/m|Core CPI m/m|Core PPI m/m,Bad|Bad|Neutral,2,1,1,50.0,50.0,1.0,2021-10-15_2021-11-13|2024-03-15_2024-04-13
0.1,3,CPI m/m|Core CPI m/m|Core PPI m/m,Good|Neutral|Bad,2,1,1,50.0,50.0,1.0,2022-11-16_2022-12-15|2024-06-14_2024-07-13
0.1,3,CPI m/m|Core CPI m/m|Core PPI m/m,Neutral|Neutral|Good,1,1,0,100.0,0.0,inf,2023-03-16_2023-04-14
0.1,3,CPI m/m|Core CPI m/m|Core PPI m/m,Neutral|Bad|Neutral,2,1,1,50.0,50.0,1.0,2023-04-14_2023-05-13|2024-02-17_2024-03-17
0.1,3,CPI m/m|Core CPI m/m|Core PPI m/m,Neutral|Neutral|Neutral,4,2,2,50.0,50.0,1.0,2023-06-15_2023-07-14|2023-07-14_2023-08-12|2024-09-13_2024-10-12|2024-11-15_2024-12-14
0.1,3,CPI m/m|Core CPI m/m|Core PPI m/m,Bad|Neutral|Neutral,1,0,1,0.0,100.0,0.0,2023-09-15_2023-10-14
0.1,3,CPI m/m|Core CPI m/m|Core PPI m/m,Neutral|Good|Good,1,1,0,100.0,0.0,inf,2025-05-16_2025-06-14
0.1,3,CPI m/m|Core CPI m/m|Core PPI m/m,Neutral|Neutral|Bad,1,1,0,100.0,0.0,inf,2025-07-17_2025-08-15
0.2,3,CPI m/m|Core CPI m/m|Core PPI m/m,Bad|Bad|Bad,1,1,0,100.0,0.0,inf,2021-06-16_2021-07-15
0.2,3,CPI m/m|Core CPI m/m|Core PPI m/m,Bad|Neutral|Neutral,1,1,0,100.0,0.0,inf,2021-10-15_2021-11-13
0.2,3,CPI m/m|Core CPI m/m|Core PPI m/m,Neutral|Neutral|Neutral,11,5,6,45.5,54.5,0.83,2022-11-16_2022-12-15|2023-04-14_2023-05-13|2023-06-15_2023-07-14|2023-07-14_2023-08-12|2023-09-15_2023-10-14|2024-02-17_2024-03-17|2024-03-15_2024-04-13|2024-06-14_2024-07-13|2024-09-13_2024-10-12|2024-11-15_2024-12-14|2025-05-16_2025-06-14
0.2,3,CPI m/m|Core CPI m/m|Core PPI m/m,Neutral|Neutral|Good,1,1,0,100.0,0.0,inf,2023-03-16_2023-04-14
0.2,3,CPI m/m|Core CPI m/m|Core PPI m/m,Neutral|Neutral|Bad,1,1,0,100.0,0.0,inf,2025-07-17_2025-08-15
0.3,3,CPI m/m|Core CPI m/m|Core PPI m/m,Bad|Bad|Bad,1,1,0,100.0,0.0,inf,2021-06-16_2021-07-15
0.3,3,CPI m/m|Core CPI m/m|Core PPI m/m,Bad|Neutral|Neutral,1,1,0,100.0,0.0,inf,2021-10-15_2021-11-13
0.3,3,CPI m/m|Core CPI m/m|Core PPI m/m,Neutral|Neutral|Neutral,11,5,6,45.5,54.5,0.83,2022-11-16_2022-12-15|2023-04-14_2023-05-13|2023-06-15_2023-07-14|2023-07-14_2023-08-12|2023-09-15_2023-10-14|2024-02-17_2024-03-17|2024-03-15_2024-04-13|2024-06-14_2024-07-13|2024-09-13_2024-10-12|2024-11-15_2024-12-14|2025-05-16_2025-06-14
0.3,3,CPI m/m|Core CPI m/m|Core PPI m/m,Neutral|Neutral|Good,1,1,0,100.0,0.0,inf,2023-03-16_2023-04-14
0.3,3,CPI m/m|Core CPI m/m|Core PPI m/m,Neutral|Neutral|Bad,1,1,0,100.0,0.0,inf,2025-07-17_2025-08-15
0.0,3,CPI m/m|Core CPI m/m|FOMC,Good|Neutral|Neutral,1,1,0,100.0,0.0,inf,2023-03-16_2023-04-14
0.0,3,CPI m/m|Core CPI m/m|FOMC,Neutral|Bad|Neutral,1,0,1,0.0,100.0,0.0,2023-04-14_2023-05-13
0.0,3,CPI m/m|Core CPI m/m|FOMC,Neutral|Neutral|Neutral,1,0,1,0.0,100.0,0.0,2023-07-14_2023-08-12
0.0,3,CPI m/m|Core CPI m/m|FOMC,Bad|Neutral|Neutral,1,0,1,0.0,100.0,0.0,2023-09-15_2023-10-14
0.0,3,CPI m/m|Core CPI m/m|FOMC,Bad|Bad|Good,1,1,0,100.0,0.0,inf,2024-09-13_2024-10-12
0.1,3,CPI m/m|Core CPI m/m|FOMC,Neutral|Neutral|Neutral,2,1,1,50.0,50.0,1.0,2023-03-16_2023-04-14|2023-07-14_2023-08-12
0.1,3,CPI m/m|Core CPI m/m|FOMC,Neutral|Bad|Neutral,1,0,1,0.0,100.0,0.0,2023-04-14_2023-05-13
0.1,3,CPI m/m|Core CPI m/m|FOMC,Bad|Neutral|Neutral,1,0,1,0.0,100.0,0.0,2023-09-15_2023-10-14
0.1,3,CPI m/m|Core CPI m/m|FOMC,Neutral|Neutral|Good,1,1,0,100.0,0.0,inf,2024-09-13_2024-10-12
0.2,3,CPI m/m|Core CPI m/m|FOMC,Neutral|Neutral|Neutral,4,1,3,25.0,75.0,0.33,2023-03-16_2023-04-14|2023-04-14_2023-05-13|2023-07-14_2023-08-12|2023-09-15_2023-10-14
0.2,3,CPI m/m|Core CPI m/m|FOMC,Neutral|Neutral|Good,1,1,0,100.0,0.0,inf,2024-09-13_2024-10-12
0.3,3,CPI m/m|Core CPI m/m|FOMC,Neutral|Neutral|Neutral,5,2,3,40.0,60.0,0.67,2023-03-16_2023-04-14|2023-04-14_2023-05-13|2023-07-14_2023-08-12|2023-09-15_2023-10-14|2024-09-13_2024-10-12
0.0,3,CPI m/m|Core CPI m/m|CPI y/y,Bad|Bad|Bad,4,3,1,75.0,25.0,3.0,2021-06-16_2021-07-15|2021-10-15_2021-11-13|2024-03-15_2024-04-13|2024-09-13_2024-10-12
0.0,3,CPI m/m|Core CPI m/m|CPI y/y,Good|Good|Good,4,2,2,50.0,50.0,1.0,2022-11-16_2022-12-15|2023-06-15_2023-07-14|2024-06-14_2024-07-13|2025-05-16_2025-06-14
0.0,3,CPI m/m|Core CPI m/m|CPI y/y,Good|Neutral|Good,1,1,0,100.0,0.0,inf,2023-03-16_2023-04-14
0.0,3,CPI m/m|Core CPI m/m|CPI y/y,Neutral|Bad|Good,1,0,1,0.0,100.0,0.0,2023-04-14_2023-05-13
0.0,3,CPI m/m|Core CPI m/m|CPI y/y,Neutral|Neutral|Good,2,1,1,50.0,50.0,1.0,2023-07-14_2023-08-12|2025-07-17_2025-08-15
0.0,3,CPI m/m|Core CPI m/m|CPI y/y,Bad|Neutral|Bad,1,0,1,0.0,100.0,0.0,2023-09-15_2023-10-14
0.0,3,CPI m/m|Core CPI m/m|CPI y/y,Neutral|Bad|Bad,1,1,0,100.0,0.0,inf,2024-02-17_2024-03-17
0.0,3,CPI m/m|Core CPI m/m|CPI y/y,Neutral|Neutral|Neutral,1,1,0,100.0,0.0,inf,2024-11-15_2024-12-14
0.0,3,CPI m/m|Core CPI m/m|CPI y/y,Bad|Neutral|Neutral,1,1,0,100.0,0.0,inf,2025-09-11_2025-10-10
0.1,3,CPI m/m|Core CPI m/m|CPI y/y,Bad|Bad|Bad,3,2,1,66.7,33.3,2.0,2021-06-16_2021-07-15|2021-10-15_2021-11-13|2024-03-15_2024-04-13
0.1,3,CPI m/m|Core CPI m/m|CPI y/y,Good|Neutral|Good,2,1,1,50.0,50.0,1.0,2022-11-16_2022-12-15|2024-06-14_2024-07-13
0.1,3,CPI m/m|Core CPI m/m|CPI y/y,Neutral|Neutral|Neutral,4,3,1,75.0,25.0,3.0,2023-03-16_2023-04-14|2023-07-14_2023-08-12|2024-11-15_2024-12-14|2025-07-17_2025-08-15
0.1,3,CPI m/m|Core CPI m/m|CPI y/y,Neutral|Bad|Neutral,1,0,1,0.0,100.0,0.0,2023-04-14_2023-05-13
0.1,3,CPI m/m|Core CPI m/m|CPI y/y,Neutral|Neutral|Good,1,0,1,0.0,100.0,0.0,2023-06-15_2023-07-14
0.1,3,CPI m/m|Core CPI m/m|CPI y/y,Bad|Neutral|Bad,1,0,1,0.0,100.0,0.0,2023-09-15_2023-10-14
0.1,3,CPI m/m|Core CPI m/m|CPI y/y,Neutral|Bad|Bad,1,1,0,100.0,0.0,inf,2024-02-17_2024-03-17
0.1,3,CPI m/m|Core CPI m/m|CPI y/y,Neutral|Neutral|Bad,1,1,0,100.0,0.0,inf,2024-09-13_2024-10-12
0.1,3,CPI m/m|Core CPI m/m|CPI y/y,Neutral|Good|Good,1,1,0,100.0,0.0,inf,2025-05-16_2025-06-14
0.1,3,CPI m/m|Core CPI m/m|CPI y/y,Bad|Neutral|Neutral,1,1,0,100.0,0.0,inf,2025-09-11_2025-10-10
0.2,3,CPI m/m|Core CPI m/m|CPI y/y,Bad|Bad|Bad,1,1,0,100.0,0.0,inf,2021-06-16_2021-07-15
0.2,3,CPI m/m|Core CPI m/m|CPI y/y,Bad|Neutral|Bad,1,1,0,100.0,0.0,inf,2021-10-15_2021-11-13
0.2,3,CPI m/m|Core CPI m/m|CPI y/y,Neutral|Neutral|Good,1,1,0,100.0,0.0,inf,2022-11-16_2022-12-15
0.2,3,CPI m/m|Core CPI m/m|CPI y/y,Neutral|Neutral|Neutral,13,7,6,53.8,46.2,1.17,2023-03-16_2023-04-14|2023-04-14_2023-05-13|2023-06-15_2023-07-14|2023-07-14_2023-08-12|2023-09-15_2023-10-14|2024-02-17_2024-03-17|2024-03-15_2024-04-13|2024-06-14_2024-07-13|2024-09-13_2024-10-12|2024-11-15_2024-12-14|2025-05-16_2025-06-14|2025-07-17_2025-08-15|2025-09-11_2025-10-10
0.3,3,CPI m/m|Core CPI m/m|CPI y/y,Bad|Bad|Bad,1,1,0,100.0,0.0,inf,2021-06-16_2021-07-15
0.3,3,CPI m/m|Core CPI m/m|CPI y/y,Bad|Neutral|Neutral,1,1,0,100.0,0.0,inf,2021-10-15_2021-11-13
0.3,3,CPI m/m|Core CPI m/m|CPI y/y,Neutral|Neutral|Neutral,14,8,6,57.1,42.9,1.33,2022-11-16_2022-12-15|2023-03-16_2023-04-14|2023-04-14_2023-05-13|2023-06-15_2023-07-14|2023-07-14_2023-08-12|2023-09-15_2023-10-14|2024-02-17_2024-03-17|2024-03-15_2024-04-13|2024-06-14_2024-07-13|2024-09-13_2024-10-12|2024-11-15_2024-12-14|2025-05-16_2025-06-14|2025-07-17_2025-08-15|2025-09-11_2025-10-10
0.0,3,CPI m/m|PPI m/m|Core PPI m/m,Bad|Bad|Bad,2,1,1,50.0,50.0,1.0,2021-06-16_2021-07-15|2023-09-15_2023-10-14
0.0,3,CPI m/m|PPI m/m|Core PPI m/m,Bad|Neutral|Good,1,1,0,100.0,0.0,inf,2021-10-15_2021-11-13
0.0,3,CPI m/m|PPI m/m|Core PPI m/m,Good|Bad|Bad,2,1,1,50.0,50.0,1.0,2022-11-16_2022-12-15|2024-06-14_2024-07-13
0.0,3,CPI m/m|PPI m/m|Core PPI m/m,Good|Good|Good,3,2,1,66.7,33.3,2.0,2023-03-16_2023-04-14|2023-06-15_2023-07-14|2025-05-16_2025-06-14
0.0,3,CPI m/m|PPI m/m|Core PPI m/m,Neutral|Good|Neutral,1,0,1,0.0,100.0,0.0,2023-04-14_2023-05-13
0.0,3,CPI m/m|PPI m/m|Core PPI m/m,Neutral|Bad|Bad,3,2,1,66.7,33.3,2.0,2023-07-14_2023-08-12|2024-02-17_2024-03-17|2025-07-17_2025-08-15
0.0,3,CPI m/m|PPI m/m|Core PPI m/m,Bad|Good|Neutral,2,1,1,50.0,50.0,1.0,2024-03-15_2024-04-13|2024-09-13_2024-10-12
0.0,3,CPI m/m|PPI m/m|Core PPI m/m,Neutral|Bad|Neutral,1,1,0,100.0,0.0,inf,2024-11-15_2024-12-14
0.1,3,CPI m/m|PPI m/m|Core PPI m/m,Bad|Bad|Bad,1,1,0,100.0,0.0,inf,2021-06-16_2021-07-15
0.1,3,CPI m/m|PPI m/m|Core PPI m/m,Bad|Neutral|Neutral,2,1,1,50.0,50.0,1.0,2021-10-15_2021-11-13|2024-03-15_2024-04-13
0.1,3,CPI m/m|PPI m/m|Core PPI m/m,Good|Neutral|Bad,2,1,1,50.0,50.0,1.0,2022-11-16_2022-12-15|2024-06-14_2024-07-13
0.1,3,CPI m/m|PPI m/m|Core PPI m/m,Neutral|Good|Good,1,1,0,100.0,0.0,inf,2023-03-16_2023-04-14
0.1,3,CPI m/m|PPI m/m|Core PPI m/m,Neutral|Neutral|Neutral,4,1,3,25.0,75.0,0.33,2023-04-14_2023-05-13|2023-06-15_2023-07-14|2023-07-14_2023-08-12|2024-09-13_2024-10-12
0.1,3,CPI m/m|PPI m/m|Core PPI m/m,Bad|Bad|Neutral,1,0,1,0.0,100.0,0.0,2023-09-15_2023-10-14
0.1,3,CPI m/m|PPI m/m|Core PPI m/m,Neutral|Bad|Neutral,2,2,0,100.0,0.0,inf,2024-02-17_2024-03-17|2024-11-15_2024-12-14
0.1,3,CPI m/m|PPI m/m|Core PPI m/m,Neutral|Neutral|Good,1,1,0,100.0,0.0,inf,2025-05-16_2025-06-14
0.1,3,CPI m/m|PPI m/m|Core PPI m/m,Neutral|Bad|Bad,1,1,0,100.0,0.0,inf,2025-07-17_2025-08-15
0.2,3,CPI m/m|PPI m/m|Core PPI m/m,Bad|Bad|Bad,1,1,0,100.0,0.0,inf,2021-06-16_2021-07-15
0.2,3,CPI m/m|PPI m/m|Core PPI m/m,Bad|Neutral|Neutral,1,1,0,100.0,0.0,inf,2021-10-15_2021-11-13
0.2,3,CPI m/m|PPI m/m|Core PPI m/m,Neutral|Neutral|Neutral,10,4,6,40.0,60.0,0.67,2022-11-16_2022-12-15|2023-04-14_2023-05-13|2023-06-15_2023-07-14|2023-07-14_2023-08-12|2023-09-15_2023-10-14|2024-03-15_2024-04-13|2024-06-14_2024-07-13|2024-09-13_2024-10-12|2024-11-15_2024-12-14|2025-05-16_2025-06-14
0.2,3,CPI m/m|PPI m/m|Core PPI m/m,Neutral|Good|Good,1,1,0,100.0,0.0,inf,2023-03-16_2023-04-14
0.2,3,CPI m/m|PPI m/m|Core PPI m/m,Neutral|Bad|Neutral,1,1,0,100.0,0.0,inf,2024-02-17_2024-03-17
0.2,3,CPI m/m|PPI m/m|Core PPI m/m,Neutral|Bad|Bad,1,1,0,100.0,0.0,inf,2025-07-17_2025-08-15
0.3,3,CPI m/m|PPI m/m|Core PPI m/m,Bad|Bad|Bad,1,1,0,100.0,0.0,inf,2021-06-16_2021-07-15
0.3,3,CPI m/m|PPI m/m|Core PPI m/m,Bad|Neutral|Neutral,1,1,0,100.0,0.0,inf,2021-10-15_2021-11-13
0.3,3,CPI m/m|PPI m/m|Core PPI m/m,Neutral|Neutral|Neutral,11,5,6,45.5,54.5,0.83,2022-11-16_2022-12-15|2023-04-14_2023-05-13|2023-06-15_2023-07-14|2023-07-14_2023-08-12|2023-09-15_2023-10-14|2024-02-17_2024-03-17|2024-03-15_2024-04-13|2024-06-14_2024-07-13|2024-09-13_2024-10-12|2024-11-15_2024-12-14|2025-05-16_2025-06-14
0.3,3,CPI m/m|PPI m/m|Core PPI m/m,Neutral|Good|Good,1,1,0,100.0,0.0,inf,2023-03-16_2023-04-14
0.3,3,CPI m/m|PPI m/m|Core PPI m/m,Neutral|Bad|Bad,1,1,0,100.0,0.0,inf,2025-07-17_2025-08-15
0.0,3,CPI m/m|PPI m/m|FOMC,Good|Good|Neutral,1,1,0,100.0,0.0,inf,2023-03-16_2023-04-14
0.0,3,CPI m/m|PPI m/m|FOMC,Neutral|Good|Neutral,1,0,1,0.0,100.0,0.0,2023-04-14_2023-05-13
0.0,3,CPI m/m|PPI m/m|FOMC,Neutral|Bad|Neutral,1,0,1,0.0,100.0,0.0,2023-07-14_2023-08-12
0.0,3,CPI m/m|PPI m/m|FOMC,Bad|Bad|Neutral,1,0,1,0.0,100.0,0.0,2023-09-15_2023-10-14
0.0,3,CPI m/m|PPI m/m|FOMC,Bad|Good|Good,1,1,0,100.0,0.0,inf,2024-09-13_2024-10-12
0.1,3,CPI m/m|PPI m/m|FOMC,Neutral|Good|Neutral,1,1,0,100.0,0.0,inf,2023-03-16_2023-04-14
0.1,3,CPI m/m|PPI m/m|FOMC,Neutral|Neutral|Neutral,2,0,2,0.0,100.0,0.0,2023-04-14_2023-05-13|2023-07-14_2023-08-12
0.1,3,CPI m/m|PPI m/m|FOMC,Bad|Bad|Neutral,1,0,1,0.0,100.0,0.0,2023-09-15_2023-10-14
0.1,3,CPI m/m|PPI m/m|FOMC,Neutral|Neutral|Good,1,1,0,100.0,0.0,inf,2024-09-13_2024-10-12
0.2,3,CPI m/m|PPI m/m|FOMC,Neutral|Good|Neutral,1,1,0,100.0,0.0,inf,2023-03-16_2023-04-14
0.2,3,CPI m/m|PPI m/m|FOMC,Neutral|Neutral|Neutral,3,0,3,0.0,100.0,0.0,2023-04-14_2023-05-13|2023-07-14_2023-08-12|2023-09-15_2023-10-14
0.2,3,CPI m/m|PPI m/m|FOMC,Neutral|Neutral|Good,1,1,0,100.0,0.0,inf,2024-09-13_2024-10-12
0.3,3,CPI m/m|PPI m/m|FOMC,Neutral|Good|Neutral,1,1,0,100.0,0.0,inf,2023-03-16_2023-04-14
0.3,3,CPI m/m|PPI m/m|FOMC,Neutral|Neutral|Neutral,4,1,3,25.0,75.0,0.33,2023-04-14_2023-05-13|2023-07-14_2023-08-12|2023-09-15_2023-10-14|2024-09-13_2024-10-12
0.0,3,CPI m/m|PPI m/m|CPI y/y,Bad|Bad|Bad,2,1,1,50.0,50.0,1.0,2021-06-16_2021-07-15|2023-09-15_2023-10-14
0.0,3,CPI m/m|PPI m/m|CPI y/y,Bad|Neutral|Bad,1,1,0,100.0,0.0,inf,2021-10-15_2021-11-13
0.0,3,CPI m/m|PPI m/m|CPI y/y,Good|Bad|Good,2,1,1,50.0,50.0,1.0,2022-11-16_2022-12-15|2024-06-14_2024-07-13
0.0,3,CPI m/m|PPI m/m|CPI y/y,Good|Good|Good,3,2,1,66.7,33.3,2.0,2023-03-16_2023-04-14|2023-06-15_2023-07-14|2025-05-16_2025-06-14
0.0,3,CPI m/m|PPI m/m|CPI y/y,Neutral|Good|Good,1,0,1,0.0,100.0,0.0,2023-04-14_2023-05-13
0.0,3,CPI m/m|PPI m/m|CPI y/y,Neutral|Bad|Good,2,1,1,50.0,50.0,1.0,2023-07-14_2023-08-12|2025-07-17_2025-08-15
0.0,3,CPI m/m|PPI m/m|CPI y/y,Neutral|Bad|Bad,1,1,0,100.0,0.0,inf,2024-02-17_2024-03-17
0.0,3,CPI m/m|PPI m/m|CPI y/y,Bad|Good|Bad,2,1,1,50.0,50.0,1.0,2024-03-15_2024-04-13|2024-09-13_2024-10-12
0.0,3,CPI m/m|PPI m/m|CPI y/y,Neutral|Bad|Neutral,1,1,0,100.0,0.0,inf,2024-11-15_2024-12-14
0.1,3,CPI m/m|PPI m/m|CPI y/y,Bad|Bad|Bad,2,1,1,50.0,50.0,1.0,2021-06-16_2021-07-15|2023-09-15_2023-10-14
0.1,3,CPI m/m|PPI m/m|CPI y/y,Bad|Neutral|Bad,2,1,1,50.0,50.0,1.0,2021-10-15_2021-11-13|2024-03-15_2024-04-13
0.1,3,CPI m/m|PPI m/m|CPI y/y,Good|Neutral|Good,2,1,1,50.0,50.0,1.0,2022-11-16_2022-12-15|2024-06-14_2024-07-13
0.1,3,CPI m/m|PPI m/m|CPI y/y,Neutral|Good|Neutral,1,1,0,100.0,0.0,inf,2023-03-16_2023-04-14
0.1,3,CPI m/m|PPI m/m|CPI y/y,Neutral|Neutral|Neutral,2,0,2,0.0,100.0,0.0,2023-04-14_2023-05-13|2023-07-14_2023-08-12
0.1,3,CPI m/m|PPI m/m|CPI y/y,Neutral|Neutral|Good,2,1,1,50.0,50.0,1.0,2023-06-15_2023-07-14|2025-05-16_2025-06-14
0.1,3,CPI m/m|PPI m/m|CPI y/y,Neutral|Bad|Bad,1,1,0,100.0,0.0,inf,2024-02-17_2024-03-17
0.1,3,CPI m/m|PPI m/m|CPI y/y,Neutral|Neutral|Bad,1,1,0,100.0,0.0,inf,2024-09-13_2024-10-12
0.1,3,CPI m/m|PPI m/m|CPI y/y,Neutral|Bad|Neutral,2,2,0,100.0,0.0,inf,2024-11-15_2024-12-14|2025-07-17_2025-08-15
0.2,3,CPI m/m|PPI m/m|CPI y/y,Bad|Bad|Bad,1,1,0,100.0,0.0,inf,2021-06-16_2021-07-15
0.2,3,CPI m/m|PPI m/m|CPI y/y,Bad|Neutral|Bad,1,1,0,100.0,0.0,inf,2021-10-15_2021-11-13
0.2,3,CPI m/m|PPI m/m|CPI y/y,Neutral|Neutral|Good,1,1,0,100.0,0.0,inf,2022-11-16_2022-12-15
0.2,3,CPI m/m|PPI m/m|CPI y/y,Neutral|Good|Neutral,1,1,0,100.0,0.0,inf,2023-03-16_2023-04-14
0.2,3,CPI m/m|PPI m/m|CPI y/y,Neutral|Neutral|Neutral,9,3,6,33.3,66.7,0.5,2023-04-14_2023-05-13|2023-06-15_2023-07-14|2023-07-14_2023-08-12|2023-09-15_2023-10-14|2024-03-15_2024-04-13|2024-06-14_2024-07-13|2024-09-13_2024-10-12|2024-11-15_2024-12-14|2025-05-16_2025-06-14
0.2,3,CPI m/m|PPI m/m|CPI y/y,Neutral|Bad|Neutral,2,2,0,100.0,0.0,inf,2024-02-17_2024-03-17|2025-07-17_2025-08-15
0.3,3,CPI m/m|PPI m/m|CPI y/y,Bad|Bad|Bad,1,1,0,100.0,0.0,inf,2021-06-16_2021-07-15
0.3,3,CPI m/m|PPI m/m|CPI y/y,Bad|Neutral|Neutral,1,1,0,100.0,0.0,inf,2021-10-15_2021-11-13
0.3,3,CPI m/m|PPI m/m|CPI y/y,Neutral|Neutral|Neutral,11,5,6,45.5,54.5,0.83,2022-11-16_2022-12-15|2023-04-14_2023-05-13|2023-06-15_2023-07-14|2023-07-14_2023-08-12|2023-09-15_2023-10-14|2024-02-17_2024-03-17|2024-03-15_2024-04-13|2024-06-14_2024-07-13|2024-09-13_2024-10-12|2024-11-15_2024-12-14|2025-05-16_2025-06-14
0.3,3,CPI m/m|PPI m/m|CPI y/y,Neutral|Good|Neutral,1,1,0,100.0,0.0,inf,2023-03-16_2023-04-14
0.3,3,CPI m/m|PPI m/m|CPI y/y,Neutral|Bad|Neutral,1,1,0,100.0,0.0,inf,2025-07-17_2025-08-15
0.0,3,CPI m/m|Core PPI m/m|FOMC,Good|Good|Neutral,1,1,0,100.0,0.0,inf,2023-03-16_2023-04-14
0.0,3,CPI m/m|Core PPI m/m|FOMC,Neutral|Neutral|Neutral,1,0,1,0.0,100.0,0.0,2023-04-14_2023-05-13
0.0,3,CPI m/m|Core PPI m/m|FOMC,Neutral|Bad|Neutral,1,0,1,0.0,100.0,0.0,2023-07-14_2023-08-12
0.0,3,CPI m/m|Core PPI m/m|FOMC,Bad|Bad|Neutral,1,0,1,0.0,100.0,0.0,2023-09-15_2023-10-14
0.0,3,CPI m/m|Core PPI m/m|FOMC,Bad|Neutral|Good,1,1,0,100.0,0.0,inf,2024-09-13_2024-10-12
0.1,3,CPI m/m|Core PPI m/m|FOMC,Neutral|Good|Neutral,1,1,0,100.0,0.0,inf,2023-03-16_2023-04-14
0.1,3,CPI m/m|Core PPI m/m|FOMC,Neutral|Neutral|Neutral,2,0,2,0.0,100.0,0.0,2023-04-14_2023-05-13|2023-07-14_2023-08-12
0.1,3,CPI m/m|Core PPI m/m|FOMC,Bad|Neutral|Neutral,1,0,1,0.0,100.0,0.0,2023-09-15_2023-10-14
0.1,3,CPI m/m|Core PPI m/m|FOMC,Neutral|Neutral|Good,1,1,0,100.0,0.0,inf,2024-09-13_2024-10-12
0.2,3,CPI m/m|Core PPI m/m|FOMC,Neutral|Good|Neutral,1,1,0,100.0,0.0,inf,2023-03-16_2023-04-14
0.2,3,CPI m/m|Core PPI m/m|FOMC,Neutral|Neutral|Neutral,3,0,3,0.0,100.0,0.0,2023-04-14_2023-05-13|2023-07-14_2023-08-12|2023-09-15_2023-10-14
0.2,3,CPI m/m|Core PPI m/m|FOMC,Neutral|Neutral|Good,1,1,0,100.0,0.0,inf,2024-09-13_2024-10-12
0.3,3,CPI m/m|Core PPI m/m|FOMC,Neutral|Good|Neutral,1,1,0,100.0,0.0,inf,2023-03-16_2023-04-14
0.3,3,CPI m/m|Core PPI m/m|FOMC,Neutral|Neutral|Neutral,4,1,3,25.0,75.0,0.33,2023-04-14_2023-05-13|2023-07-14_2023-08-12|2023-09-15_2023-10-14|2024-09-13_2024-10-12
0.0,3,CPI m/m|Core PPI m/m|CPI y/y,Bad|Bad|Bad,2,1,1,50.0,50.0,1.0,2021-06-16_2021-07-15|2023-09-15_2023-10-14
0.0,3,CPI m/m|Core PPI m/m|CPI y/y,Bad|Good|Bad,1,1,0,100.0,0.0,inf,2021-10-15_2021-11-13
0.0,3,CPI m/m|Core PPI m/m|CPI y/y,Good|Bad|Good,2,1,1,50.0,50.0,1.0,2022-11-16_2022-12-15|2024-06-14_2024-07-13
0.0,3,CPI m/m|Core PPI m/m|CPI y/y,Good|Good|Good,3,2,1,66.7,33.3,2.0,2023-03-16_2023-04-14|2023-06-15_2023-07-14|2025-05-16_2025-06-14
0.0,3,CPI m/m|Core PPI m/m|CPI y/y,Neutral|Neutral|Good,1,0,1,0.0,100.0,0.0,2023-04-14_2023-05-13
0.0,3,CPI m/m|Core PPI m/m|CPI y/y,Neutral|Bad|Good,2,1,1,50.0,50.0,1.0,2023-07-14_2023-08-12|2025-07-17_2025-08-15
0.0,3,CPI m/m|Core PPI m/m|CPI y/y,Neutral|Bad|Bad,1,1,0,100.0,0.0,inf,2024-02-17_2024-03-17
0.0,3,CPI m/m|Core PPI m/m|CPI y/y,Bad|Neutral|Bad,2,1,1,50.0,50.0,1.0,2024-03-15_2024-04-13|2024-09-13_2024-10-12
0.0,3,CPI m/m|Core PPI m/m|CPI y/y,Neutral|Neutral|Neutral,1,1,0,100.0,0.0,inf,2024-11-15_2024-12-14
0.1,3,CPI m/m|Core PPI m/m|CPI y/y,Bad|Bad|Bad,1,1,0,100.0,0.0,inf,2021-06-16_2021-07-15
0.1,3,CPI m/m|Core PPI m/m|CPI y/y,Bad|Neutral|Bad,3,1,2,33.3,66.7,0.5,2021-10-15_2021-11-13|2023-09-15_2023-10-14|2024-03-15_2024-04-13
0.1,3,CPI m/m|Core PPI m/m|CPI y/y,Good|Bad|Good,2,1,1,50.0,50.0,1.0,2022-11-16_2022-12-15|2024-06-14_2024-07-13
0.1,3,CPI m/m|Core PPI m/m|CPI y/y,Neutral|Good|Neutral,1,1,0,100.0,0.0,inf,2023-03-16_2023-04-14
0.1,3,CPI m/m|Core PPI m/m|CPI y/y,Neutral|Neutral|Neutral,3,1,2,33.3,66.7,0.5,2023-04-14_2023-05-13|2023-07-14_2023-08-12|2024-11-15_2024-12-14
0.1,3,CPI m/m|Core PPI m/m|CPI y/y,Neutral|Neutral|Good,1,0,1,0.0,100.0,0.0,2023-06-15_2023-07-14
0.1,3,CPI m/m|Core PPI m/m|CPI y/y,Neutral|Neutral|Bad,2,2,0,100.0,0.0,inf,2024-02-17_2024-03-17|2024-09-13_2024-10-12
0.1,3,CPI m/m|Core PPI m/m|CPI y/y,Neutral|Good|Good,1,1,0,100.0,0.0,inf,2025-05-16_2025-06-14
0.1,3,CPI m/m|Core PPI m/m|CPI y/y,Neutral|Bad|Neutral,1,1,0,100.0,0.0,inf,2025-07-17_2025-08-15
0.2,3,CPI m/m|Core PPI m/m|CPI y/y,Bad|Bad|Bad,1,1,0,100.0,0.0,inf,2021-06-16_2021-07-15
0.2,3,CPI m/m|Core PPI m/m|CPI y/y,Bad|Neutral|Bad,1,1,0,100.0,0.0,inf,2021-10-15_2021-11-13
0.2,3,CPI m/m|Core PPI m/m|CPI y/y,Neutral|Neutral|Good,1,1,0,100.0,0.0,inf,2022-11-16_2022-12-15
0.2,3,CPI m/m|Core PPI m/m|CPI y/y,Neutral|Good|Neutral,1,1,0,100.0,0.0,inf,2023-03-16_2023-04-14
0.2,3,CPI m/m|Core PPI m/m|CPI y/y,Neutral|Neutral|Neutral,10,4,6,40.0,60.0,0.67,2023-04-14_2023-05-13|2023-06-15_2023-07-14|2023-07-14_2023-08-12|2023-09-15_2023-10-14|2024-02-17_2024-03-17|2024-03-15_2024-04-13|2024-06-14_2024-07-13|2024-09-13_2024-10-12|2024-11-15_2024-12-14|2025-05-16_2025-06-14
0.2,3,CPI m/m|Core PPI m/m|CPI y/y,Neutral|Bad|Neutral,1,1,0,100.0,0.0,inf,2025-07-17_2025-08-15
0.3,3,CPI m/m|Core PPI m/m|CPI y/y,Bad|Bad|Bad,1,1,0,100.0,0.0,inf,2021-06-16_2021-07-15
0.3,3,CPI m/m|Core PPI m/m|CPI y/y,Bad|Neutral|Neutral,1,1,0,100.0,0.0,inf,2021-10-15_2021-11-13
0.3,3,CPI m/m|Core PPI m/m|CPI y/y,Neutral|Neutral|Neutral,11,5,6,45.5,54.5,0.83,2022-11-16_2022-12-15|2023-04-14_2023-05-13|2023-06-15_2023-07-14|2023-07-14_2023-08-12|2023-09-15_2023-10-14|2024-02-17_2024-03-17|2024-03-15_2024-04-13|2024-06-14_2024-07-13|2024-09-13_2024-10-12|2024-11-15_2024-12-14|2025-05-16_2025-06-14
0.3,3,CPI m/m|Core PPI m/m|CPI y/y,Neutral|Good|Neutral,1,1,0,100.0,0.0,inf,2023-03-16_2023-04-14
0.3,3,CPI m/m|Core PPI m/m|CPI y/y,Neutral|Bad|Neutral,1,1,0,100.0,0.0,inf,2025-07-17_2025-08-15
0.0,3,CPI m/m|FOMC|CPI y/y,Good|Neutral|Good,1,1,0,100.0,0.0,inf,2023-03-16_2023-04-14
0.0,3,CPI m/m|FOMC|CPI y/y,Neutral|Neutral|Good,2,0,2,0.0,100.0,0.0,2023-04-14_2023-05-13|2023-07-14_2023-08-12
0.0,3,CPI m/m|FOMC|CPI y/y,Bad|Neutral|Bad,1,0,1,0.0,100.0,0.0,2023-09-15_2023-10-14
0.0,3,CPI m/m|FOMC|CPI y/y,Bad|Good|Bad,1,1,0,100.0,0.0,inf,2024-09-13_2024-10-12
0.1,3,CPI m/m|FOMC|CPI y/y,Neutral|Neutral|Neutral,3,1,2,33.3,66.7,0.5,2023-03-16_2023-04-14|2023-04-14_2023-05-13|2023-07-14_2023-08-12
0.1,3,CPI m/m|FOMC|CPI y/y,Bad|Neutral|Bad,1,0,1,0.0,100.0,0.0,2023-09-15_2023-10-14
0.1,3,CPI m/m|FOMC|CPI y/y,Neutral|Good|Bad,1,1,0,100.0,0.0,inf,2024-09-13_2024-10-12
0.2,3,CPI m/m|FOMC|CPI y/y,Neutral|Neutral|Neutral,4,1,3,25.0,75.0,0.33,2023-03-16_2023-04-14|2023-04-14_2023-05-13|2023-07-14_2023-08-12|2023-09-15_2023-10-14
0.2,3,CPI m/m|FOMC|CPI y/y,Neutral|Good|Neutral,1,1,0,100.0,0.0,inf,2024-09-13_2024-10-12
0.3,3,CPI m/m|FOMC|CPI y/y,Neutral|Neutral|Neutral,5,2,3,40.0,60.0,0.67,2023-03-16_2023-04-14|2023-04-14_2023-05-13|2023-07-14_2023-08-12|2023-09-15_2023-10-14|2024-09-13_2024-10-12
0.0,3,Core CPI m/m|PPI m/m|Core PPI m/m,Bad|Bad|Bad,2,2,0,100.0,0.0,inf,2021-06-16_2021-07-15|2024-02-17_2024-03-17
0.0,3,Core CPI m/m|PPI m/m|Core PPI m/m,Bad|Neutral|Good,1,1,0,100.0,0.0,inf,2021-10-15_2021-11-13
0.0,3,Core CPI m/m|PPI m/m|Core PPI m/m,Good|Bad|Bad,2,1,1,50.0,50.0,1.0,2022-11-16_2022-12-15|2024-06-14_2024-07-13
0.0,3,Core CPI m/m|PPI m/m|Core PPI m/m,Neutral|Good|Good,1,1,0,100.0,0.0,inf,2023-03-16_2023-04-14
0.0,3,Core CPI m/m|PPI m/m|Core PPI m/m,Bad|Good|Neutral,3,1,2,33.3,66.7,0.5,2023-04-14_2023-05-13|2024-03-15_2024-04-13|2024-09-13_2024-10-12
0.0,3,Core CPI m/m|PPI m/m|Core PPI m/m,Good|Good|Good,2,1,1,50.0,50.0,1.0,2023-06-15_2023-07-14|2025-05-16_2025-06-14
0.0,3,Core CPI m/m|PPI m/m|Core PPI m/m,Neutral|Bad|Bad,3,1,2,33.3,66.7,0.5,2023-07-14_2023-08-12|2023-09-15_2023-10-14|2025-07-17_2025-08-15
0.0,3,Core CPI m/m|PPI m/m|Core PPI m/m,Neutral|Bad|Neutral,1,1,0,100.0,0.0,inf,2024-11-15_2024-12-14
0.1,3,Core CPI m/m|PPI m/m|Core PPI m/m,Bad|Bad|Bad,1,1,0,100.0,0.0,inf,2021-06-16_2021-07-15
0.1,3,Core CPI m/m|PPI m/m|Core PPI m/m,Bad|Neutral|Neutral,3,1,2,33.3,66.7,0.5,2021-10-15_2021-11-13|2023-04-14_2023-05-13|2024-03-15_2024-04-13
0.1,3,Core CPI m/m|PPI m/m|Core PPI m/m,Neutral|Neutral|Bad,2,1,1,50.0,50.0,1.0,2022-11-16_2022-12-15|2024-06-14_2024-07-13
0.1,3,Core CPI m/m|PPI m/m|Core PPI m/m,Neutral|Good|Good,1,1,0,100.0,0.0,inf,2023-03-16_2023-04-14
0.1,3,Core CPI m/m|PPI m/m|Core PPI m/m,Neutral|Neutral|Neutral,3,1,2,33.3,66.7,0.5,2023-06-15_2023-07-14|2023-07-14_2023-08-12|2024-09-13_2024-10-12
0.1,3,Core CPI m/m|PPI m/m|Core PPI m/m,Neutral|Bad|Neutral,2,1,1,50.0,50.0,1.0,2023-09-15_2023-10-14|2024-11-15_2024-12-14
0.1,3,Core CPI m/m|PPI m/m|Core PPI m/m,Bad|Bad|Neutral,1,1,0,100.0,0.0,inf,2024-02-17_2024-03-17
0.1,3,Core CPI m/m|PPI m/m|Core PPI m/m,Good|Neutral|Good,1,1,0,100.0,0.0,inf,2025-05-16_2025-06-14
0.1,3,Core CPI m/m|PPI m/m|Core PPI m/m,Neutral|Bad|Bad,1,1,0,100.0,0.0,inf,2025-07-17_2025-08-15
0.2,3,Core CPI m/m|PPI m/m|Core PPI m/m,Bad|Bad|Bad,1,1,0,100.0,0.0,inf,2021-06-16_2021-07-15
0.2,3,Core CPI m/m|PPI m/m|Core PPI m/m,Neutral|Neutral|Neutral,11,5,6,45.5,54.5,0.83,2021-10-15_2021-11-13|2022-11-16_2022-12-15|2023-04-14_2023-05-13|2023-06-15_2023-07-14|2023-07-14_2023-08-12|2023-09-15_2023-10-14|2024-03-15_2024-04-13|2024-06-14_2024-07-13|2024-09-13_2024-10-12|2024-11-15_2024-12-14|2025-05-16_2025-06-14
0.2,3,Core CPI m/m|PPI m/m|Core PPI m/m,Neutral|Good|Good,1,1,0,100.0,0.0,inf,2023-03-16_2023-04-14
0.2,3,Core CPI m/m|PPI m/m|Core PPI m/m,Neutral|Bad|Neutral,1,1,0,100.0,0.0,inf,2024-02-17_2024-03-17
0.2,3,Core CPI m/m|PPI m/m|Core PPI m/m,Neutral|Bad|Bad,1,1,0,100.0,0.0,inf,2025-07-17_2025-08-15
0.3,3,Core CPI m/m|PPI m/m|Core PPI m/m,Bad|Bad|Bad,1,1,0,100.0,0.0,inf,2021-06-16_2021-07-15
0.3,3,Core CPI m/m|PPI m/m|Core PPI m/m,Neutral|Neutral|Neutral,12,6,6,50.0,50.0,1.0,2021-10-15_2021-11-13|2022-11-16_2022-12-15|2023-04-14_2023-05-13|2023-06-15_2023-07-14|2023-07-14_2023-08-12|2023-09-15_2023-10-14|2024-02-17_2024-03-17|2024-03-15_2024-04-13|2024-06-14_2024-07-13|2024-09-13_2024-10-12|2024-11-15_2024-12-14|2025-05-16_2025-06-14
0.3,3,Core CPI m/m|PPI m/m|Core PPI m/m,Neutral|Good|Good,1,1,0,100.0,0.0,inf,2023-03-16_2023-04-14
0.3,3,Core CPI m/m|PPI m/m|Core PPI m/m,Neutral|Bad|Bad,1,1,0,100.0,0.0,inf,2025-07-17_2025-08-15
0.0,3,Core CPI m/m|PPI m/m|FOMC,Neutral|Good|Neutral,1,1,0,100.0,0.0,inf,2023-03-16_2023-04-14
0.0,3,Core CPI m/m|PPI m/m|FOMC,Bad|Good|Neutral,1,0,1,0.0,100.0,0.0,2023-04-14_2023-05-13
0.0,3,Core CPI m/m|PPI m/m|FOMC,Neutral|Bad|Neutral,2,0,2,0.0,100.0,0.0,2023-07-14_2023-08-12|2023-09-15_2023-10-14
0.0,3,Core CPI m/m|PPI m/m|FOMC,Bad|Good|Good,1,1,0,100.0,0.0,inf,2024-09-13_2024-10-12
0.1,3,Core CPI m/m|PPI m/m|FOMC,Neutral|Good|Neutral,1,1,0,100.0,0.0,inf,2023-03-16_2023-04-14
0.1,3,Core CPI m/m|PPI m/m|FOMC,Bad|Neutral|Neutral,1,0,1,0.0,100.0,0.0,2023-04-14_2023-05-13
0.1,3,Core CPI m/m|PPI m/m|FOMC,Neutral|Neutral|Neutral,1,0,1,0.0,100.0,0.0,2023-07-14_2023-08-12
0.1,3,Core CPI m/m|PPI m/m|FOMC,Neutral|Bad|Neutral,1,0,1,0.0,100.0,0.0,2023-09-15_2023-10-14
0.1,3,Core CPI m/m|PPI m/m|FOMC,Neutral|Neutral|Good,1,1,0,100.0,0.0,inf,2024-09-13_2024-10-12
0.2,3,Core CPI m/m|PPI m/m|FOMC,Neutral|Good|Neutral,1,1,0,100.0,0.0,inf,2023-03-16_2023-04-14
0.2,3,Core CPI m/m|PPI m/m|FOMC,Neutral|Neutral|Neutral,3,0,3,0.0,100.0,0.0,2023-04-14_2023-05-13|2023-07-14_2023-08-12|2023-09-15_2023-10-14
0.2,3,Core CPI m/m|PPI m/m|FOMC,Neutral|Neutral|Good,1,1,0,100.0,0.0,inf,2024-09-13_2024-10-12
0.3,3,Core CPI m/m|PPI m/m|FOMC,Neutral|Good|Neutral,1,1,0,100.0,0.0,inf,2023-03-16_2023-04-14
0.3,3,Core CPI m/m|PPI m/m|FOMC,Neutral|Neutral|Neutral,4,1,3,25.0,75.0,0.33,2023-04-14_2023-05-13|2023-07-14_2023-08-12|2023-09-15_2023-10-14|2024-09-13_2024-10-12
0.0,3,Core CPI m/m|PPI m/m|CPI y/y,Bad|Bad|Bad,2,2,0,100.0,0.0,inf,2021-06-16_2021-07-15|2024-02-17_2024-03-17
0.0,3,Core CPI m/m|PPI m/m|CPI y/y,Bad|Neutral|Bad,1,1,0,100.0,0.0,inf,2021-10-15_2021-11-13
0.0,3,Core CPI m/m|PPI m/m|CPI y/y,Good|Bad|Good,2,1,1,50.0,50.0,1.0,2022-11-16_2022-12-15|2024-06-14_2024-07-13
0.0,3,Core CPI m/m|PPI m/m|CPI y/y,Neutral|Good|Good,1,1,0,100.0,0.0,inf,2023-03-16_2023-04-14
0.0,3,Core CPI m/m|PPI m/m|CPI y/y,Bad|Good|Good,1,0,1,0.0,100.0,0.0,2023-04-14_2023-05-13
0.0,3,Core CPI m/m|PPI m/m|CPI y/y,Good|Good|Good,2,1,1,50.0,50.0,1.0,2023-06-15_2023-07-14|2025-05-16_2025-06-14
0.0,3,Core CPI m/m|PPI m/m|CPI y/y,Neutral|Bad|Good,2,1,1,50.0,50.0,1.0,2023-07-14_2023-08-12|2025-07-17_2025-08-15
0.0,3,Core CPI m/m|PPI m/m|CPI y/y,Neutral|Bad|Bad,1,0,1,0.0,100.0,0.0,2023-09-15_2023-10-14
0.0,3,Core CPI m/m|PPI m/m|CPI y/y,Bad|Good|Bad,2,1,1,50.0,50.0,1.0,2024-03-15_2024-04-13|2024-09-13_2024-10-12
0.0,3,Core CPI m/m|PPI m/m|CPI y/y,Neutral|Bad|Neutral,1,1,0,100.0,0.0,inf,2024-11-15_2024-12-14
0.1,3,Core CPI m/m|PPI m/m|CPI y/y,Bad|Bad|Bad,2,2,0,100.0,0.0,inf,2021-06-16_2021-07-15|2024-02-17_2024-03-17
0.1,3,Core CPI m/m|PPI m/m|CPI y/y,Bad|Neutral|Bad,2,1,1,50.0,50.0,1.0,2021-10-15_2021-11-13|2024-03-15_2024-04-13
0.1,3,Core CPI m/m|PPI m/m|CPI y/y,Neutral|Neutral|Good,3,1,2,33.3,66.7,0.5,2022-11-16_2022-12-15|2023-06-15_2023-07-14|2024-06-14_2024-07-13
0.1,3,Core CPI m/m|PPI m/m|CPI y/y,Neutral|Good|Neutral,1,1,0,100.0,0.0,inf,2023-03-16_2023-04-14
0.1,3,Core CPI m/m|PPI m/m|CPI y/y,Bad|Neutral|Neutral,1,0,1,0.0,100.0,0.0,2023-04-14_2023-05-13
0.1,3,Core CPI m/m|PPI m/m|CPI y/y,Neutral|Neutral|Neutral,1,0,1,0.0,100.0,0.0,2023-07-14_2023-08-12
0.1,3,Core CPI m/m|PPI m/m|CPI y/y,Neutral|Bad|Bad,1,0,1,0.0,100.0,0.0,2023-09-15_2023-10-14
0.1,3,Core CPI m/m|PPI m/m|CPI y/y,Neutral|Neutral|Bad,1,1,0,100.0,0.0,inf,2024-09-13_2024-10-12
0.1,3,Core CPI m/m|PPI m/m|CPI y/y,Neutral|Bad|Neutral,2,2,0,100.0,0.0,inf,2024-11-15_2024-12-14|2025-07-17_2025-08-15
0.1,3,Core CPI m/m|PPI m/m|CPI y/y,Good|Neutral|Good,1,1,0,100.0,0.0,inf,2025-05-16_2025-06-14
0.2,3,Core CPI m/m|PPI m/m|CPI y/y,Bad|Bad|Bad,1,1,0,100.0,0.0,inf,2021-06-16_2021-07-15
0.2,3,Core CPI m/m|PPI m/m|CPI y/y,Neutral|Neutral|Bad,1,1,0,100.0,0.0,inf,2021-10-15_2021-11-13
0.2,3,Core CPI m/m|PPI m/m|CPI y/y,Neutral|Neutral|Good,1,1,0,100.0,0.0,inf,2022-11-16_2022-12-15
0.2,3,Core CPI m/m|PPI m/m|CPI y/y,Neutral|Good|Neutral,1,1,0,100.0,0.0,inf,2023-03-16_2023-04-14
0.2,3,Core CPI m/m|PPI m/m|CPI y/y,Neutral|Neutral|Neutral,9,3,6,33.3,66.7,0.5,2023-04-14_2023-05-13|2023-06-15_2023-07-14|2023-07-14_2023-08-12|2023-09-15_2023-10-14|2024-03-15_2024-04-13|2024-06-14_2024-07-13|2024-09-13_2024-10-12|2024-11-15_2024-12-14|2025-05-16_2025-06-14
0.2,3,Core CPI m/m|PPI m/m|CPI y/y,Neutral|Bad|Neutral,2,2,0,100.0,0.0,inf,2024-02-17_2024-03-17|2025-07-17_2025-08-15
0.3,3,Core CPI m/m|PPI m/m|CPI y/y,Bad|Bad|Bad,1,1,0,100.0,0.0,inf,2021-06-16_2021-07-15
0.3,3,Core CPI m/m|PPI m/m|CPI y/y,Neutral|Neutral|Neutral,12,6,6,50.0,50.0,1.0,2021-10-15_2021-11-13|2022-11-16_2022-12-15|2023-04-14_2023-05-13|2023-06-15_2023-07-14|2023-07-14_2023-08-12|2023-09-15_2023-10-14|2024-02-17_2024-03-17|2024-03-15_2024-04-13|2024-06-14_2024-07-13|2024-09-13_2024-10-12|2024-11-15_2024-12-14|2025-05-16_2025-06-14
0.3,3,Core CPI m/m|PPI m/m|CPI y/y,Neutral|Good|Neutral,1,1,0,100.0,0.0,inf,2023-03-16_2023-04-14
0.3,3,Core CPI m/m|PPI m/m|CPI y/y,Neutral|Bad|Neutral,1,1,0,100.0,0.0,inf,2025-07-17_2025-08-15
0.0,3,Core CPI m/m|Core PPI m/m|FOMC,Neutral|Good|Neutral,1,1,0,100.0,0.0,inf,2023-03-16_2023-04-14
0.0,3,Core CPI m/m|Core PPI m/m|FOMC,Bad|Neutral|Neutral,1,0,1,0.0,100.0,0.0,2023-04-14_2023-05-13
0.0,3,Core CPI m/m|Core PPI m/m|FOMC,Neutral|Bad|Neutral,2,0,2,0.0,100.0,0.0,2023-07-14_2023-08-12|2023-09-15_2023-10-14
0.0,3,Core CPI m/m|Core PPI m/m|FOMC,Bad|Neutral|Good,1,1,0,100.0,0.0,inf,2024-09-13_2024-10-12
0.1,3,Core CPI m/m|Core PPI m/m|FOMC,Neutral|Good|Neutral,1,1,0,100.0,0.0,inf,2023-03-16_2023-04-14
0.1,3,Core CPI m/m|Core PPI m/m|FOMC,Bad|Neutral|Neutral,1,0,1,0.0,100.0,0.0,2023-04-14_2023-05-13
0.1,3,Core CPI m/m|Core PPI m/m|FOMC,Neutral|Neutral|Neutral,2,0,2,0.0,100.0,0.0,2023-07-14_2023-08-12|2023-09-15_2023-10-14
0.1,3,Core CPI m/m|Core PPI m/m|FOMC,Neutral|Neutral|Good,1,1,0,100.0,0.0,inf,2024-09-13_2024-10-12
0.2,3,Core CPI m/m|Core PPI m/m|FOMC,Neutral|Good|Neutral,1,1,0,100.0,0.0,inf,2023-03-16_2023-04-14
0.2,3,Core CPI m/m|Core PPI m/m|FOMC,Neutral|Neutral|Neutral,3,0,3,0.0,100.0,0.0,2023-04-14_2023-05-13|2023-07-14_2023-08-12|2023-09-15_2023-10-14
0.2,3,Core CPI m/m|Core PPI m/m|FOMC,Neutral|Neutral|Good,1,1,0,100.0,0.0,inf,2024-09-13_2024-10-12
0.3,3,Core CPI m/m|Core PPI m/m|FOMC,Neutral|Good|Neutral,1,1,0,100.0,0.0,inf,2023-03-16_2023-04-14
0.3,3,Core CPI m/m|Core PPI m/m|FOMC,Neutral|Neutral|Neutral,4,1,3,25.0,75.0,0.33,2023-04-14_2023-05-13|2023-07-14_2023-08-12|2023-09-15_2023-10-14|2024-09-13_2024-10-12
0.0,3,Core CPI m/m|Core PPI m/m|CPI y/y,Bad|Bad|Bad,2,2,0,100.0,0.0,inf,2021-06-16_2021-07-15|2024-02-17_2024-03-17
0.0,3,Core CPI m/m|Core PPI m/m|CPI y/y,Bad|Good|Bad,1,1,0,100.0,0.0,inf,2021-10-15_2021-11-13
0.0,3,Core CPI m/m|Core PPI m/m|CPI y/y,Good|Bad|Good,2,1,1,50.0,50.0,1.0,2022-11-16_2022-12-15|2024-06-14_2024-07-13
0.0,3,Core CPI m/m|Core PPI m/m|CPI y/y,Neutral|Good|Good,1,1,0,100.0,0.0,inf,2023-03-16_2023-04-14
0.0,3,Core CPI m/m|Core PPI m/m|CPI y/y,Bad|Neutral|Good,1,0,1,0.0,100.0,0.0,2023-04-14_2023-05-13
0.0,3,Core CPI m/m|Core PPI m/m|CPI y/y,Good|Good|Good,2,1,1,50.0,50.0,1.0,2023-06-15_2023-07-14|2025-05-16_2025-06-14
0.0,3,Core CPI m/m|Core PPI m/m|CPI y/y,Neutral|Bad|Good,2,1,1,50.0,50.0,1.0,2023-07-14_2023-08-12|2025-07-17_2025-08-15
0.0,3,Core CPI m/m|Core PPI m/m|CPI y/y,Neutral|Bad|Bad,1,0,1,0.0,100.0,0.0,2023-09-15_2023-10-14
0.0,3,Core CPI m/m|Core PPI m/m|CPI y/y,Bad|Neutral|Bad,2,1,1,50.0,50.0,1.0,2024-03-15_2024-04-13|2024-09-13_2024-10-12
0.0,3,Core CPI m/m|Core PPI m/m|CPI y/y,Neutral|Neutral|Neutral,1,1,0,100.0,0.0,inf,2024-11-15_2024-12-14
0.1,3,Core CPI m/m|Core PPI m/m|CPI y/y,Bad|Bad|Bad,1,1,0,100.0,0.0,inf,2021-06-16_2021-07-15
0.1,3,Core CPI m/m|Core PPI m/m|CPI y/y,Bad|Neutral|Bad,3,2,1,66.7,33.3,2.0,2021-10-15_2021-11-13|2024-02-17_2024-03-17|2024-03-15_2024-04-13
0.1,3,Core CPI m/m|Core PPI m/m|CPI y/y,Neutral|Bad|Good,2,1,1,50.0,50.0,1.0,2022-11-16_2022-12-15|2024-06-14_2024-07-13
0.1,3,Core CPI m/m|Core PPI m/m|CPI y/y,Neutral|Good|Neutral,1,1,0,100.0,0.0,inf,2023-03-16_2023-04-14
0.1,3,Core CPI m/m|Core PPI m/m|CPI y/y,Bad|Neutral|Neutral,1,0,1,0.0,100.0,0.0,2023-04-14_2023-05-13
0.1,3,Core CPI m/m|Core PPI m/m|CPI y/y,Neutral|Neutral|Good,1,0,1,0.0,100.0,0.0,2023-06-15_2023-07-14
0.1,3,Core CPI m/m|Core PPI m/m|CPI y/y,Neutral|Neutral|Neutral,2,1,1,50.0,50.0,1.0,2023-07-14_2023-08-12|2024-11-15_2024-12-14
0.1,3,Core CPI m/m|Core PPI m/m|CPI y/y,Neutral|Neutral|Bad,2,1,1,50.0,50.0,1.0,2023-09-15_2023-10-14|2024-09-13_2024-10-12
0.1,3,Core CPI m/m|Core PPI m/m|CPI y/y,Good|Good|Good,1,1,0,100.0,0.0,inf,2025-05-16_2025-06-14
0.1,3,Core CPI m/m|Core PPI m/m|CPI y/y,Neutral|Bad|Neutral,1,1,0,100.0,0.0,inf,2025-07-17_2025-08-15
0.2,3,Core CPI m/m|Core PPI m/m|CPI y/y,Bad|Bad|Bad,1,1,0,100.0,0.0,inf,2021-06-16_2021-07-15
0.2,3,Core CPI m/m|Core PPI m/m|CPI y/y,Neutral|Neutral|Bad,1,1,0,100.0,0.0,inf,2021-10-15_2021-11-13
0.2,3,Core CPI m/m|Core PPI m/m|CPI y/y,Neutral|Neutral|Good,1,1,0,100.0,0.0,inf,2022-11-16_2022-12-15
0.2,3,Core CPI m/m|Core PPI m/m|CPI y/y,Neutral|Good|Neutral,1,1,0,100.0,0.0,inf,2023-03-16_2023-04-14
0.2,3,Core CPI m/m|Core PPI m/m|CPI y/y,Neutral|Neutral|Neutral,10,4,6,40.0,60.0,0.67,2023-04-14_2023-05-13|2023-06-15_2023-07-14|2023-07-14_2023-08-12|2023-09-15_2023-10-14|2024-02-17_2024-03-17|2024-03-15_2024-04-13|2024-06-14_2024-07-13|2024-09-13_2024-10-12|2024-11-15_2024-12-14|2025-05-16_2025-06-14
0.2,3,Core CPI m/m|Core PPI m/m|CPI y/y,Neutral|Bad|Neutral,1,1,0,100.0,0.0,inf,2025-07-17_2025-08-15
0.3,3,Core CPI m/m|Core PPI m/m|CPI y/y,Bad|Bad|Bad,1,1,0,100.0,0.0,inf,2021-06-16_2021-07-15
0.3,3,Core CPI m/m|Core PPI m/m|CPI y/y,Neutral|Neutral|Neutral,12,6,6,50.0,50.0,1.0,2021-10-15_2021-11-13|2022-11-16_2022-12-15|2023-04-14_2023-05-13|2023-06-15_2023-07-14|2023-07-14_2023-08-12|2023-09-15_2023-10-14|2024-02-17_2024-03-17|2024-03-15_2024-04-13|2024-06-14_2024-07-13|2024-09-13_2024-10-12|2024-11-15_2024-12-14|2025-05-16_2025-06-14
0.3,3,Core CPI m/m|Core PPI m/m|CPI y/y,Neutral|Good|Neutral,1,1,0,100.0,0.0,inf,2023-03-16_2023-04-14
0.3,3,Core CPI m/m|Core PPI m/m|CPI y/y,Neutral|Bad|Neutral,1,1,0,100.0,0.0,inf,2025-07-17_2025-08-15
0.0,3,Core CPI m/m|FOMC|CPI y/y,Neutral|Neutral|Good,2,1,1,50.0,50.0,1.0,2023-03-16_2023-04-14|2023-07-14_2023-08-12
0.0,3,Core CPI m/m|FOMC|CPI y/y,Bad|Neutral|Good,1,0,1,0.0,100.0,0.0,2023-04-14_2023-05-13
0.0,3,Core CPI m/m|FOMC|CPI y/y,Neutral|Neutral|Bad,1,0,1,0.0,100.0,0.0,2023-09-15_2023-10-14
0.0,3,Core CPI m/m|FOMC|CPI y/y,Bad|Good|Bad,1,1,0,100.0,0.0,inf,2024-09-13_2024-10-12
0.1,3,Core CPI m/m|FOMC|CPI y/y,Neutral|Neutral|Neutral,2,1,1,50.0,50.0,1.0,2023-03-16_2023-04-14|2023-07-14_2023-08-12
0.1,3,Core CPI m/m|FOMC|CPI y/y,Bad|Neutral|Neutral,1,0,1,0.0,100.0,0.0,2023-04-14_2023-05-13
0.1,3,Core CPI m/m|FOMC|CPI y/y,Neutral|Neutral|Bad,1,0,1,0.0,100.0,0.0,2023-09-15_2023-10-14
0.1,3,Core CPI m/m|FOMC|CPI y/y,Neutral|Good|Bad,1,1,0,100.0,0.0,inf,2024-09-13_2024-10-12
0.2,3,Core CPI m/m|FOMC|CPI y/y,Neutral|Neutral|Neutral,4,1,3,25.0,75.0,0.33,2023-03-16_2023-04-14|2023-04-14_2023-05-13|2023-07-14_2023-08-12|2023-09-15_2023-10-14
0.2,3,Core CPI m/m|FOMC|CPI y/y,Neutral|Good|Neutral,1,1,0,100.0,0.0,inf,2024-09-13_2024-10-12
0.3,3,Core CPI m/m|FOMC|CPI y/y,Neutral|Neutral|Neutral,5,2,3,40.0,60.0,0.67,2023-03-16_2023-04-14|2023-04-14_2023-05-13|2023-07-14_2023-08-12|2023-09-15_2023-10-14|2024-09-13_2024-10-12
0.0,3,PPI m/m|Core PPI m/m|FOMC,Good|Good|Neutral,1,1,0,100.0,0.0,inf,2023-03-16_2023-04-14
0.0,3,PPI m/m|Core PPI m/m|FOMC,Good|Neutral|Neutral,1,0,1,0.0,100.0,0.0,2023-04-14_2023-05-13
0.0,3,PPI m/m|Core PPI m/m|FOMC,Bad|Bad|Neutral,2,0,2,0.0,100.0,0.0,2023-07-14_2023-08-12|2023-09-15_2023-10-14
0.0,3,PPI m/m|Core PPI m/m|FOMC,Good|Neutral|Good,1,1,0,100.0,0.0,inf,2024-09-13_2024-10-12
0.1,3,PPI m/m|Core PPI m/m|FOMC,Good|Good|Neutral,1,1,0,100.0,0.0,inf,2023-03-16_2023-04-14
0.1,3,PPI m/m|Core PPI m/m|FOMC,Neutral|Neutral|Neutral,2,0,2,0.0,100.0,0.0,2023-04-14_2023-05-13|2023-07-14_2023-08-12
0.1,3,PPI m/m|Core PPI m/m|FOMC,Bad|Neutral|Neutral,1,0,1,0.0,100.0,0.0,2023-09-15_2023-10-14
0.1,3,PPI m/m|Core PPI m/m|FOMC,Neutral|Neutral|Good,1,1,0,100.0,0.0,inf,2024-09-13_2024-10-12
0.2,3,PPI m/m|Core PPI m/m|FOMC,Good|Good|Neutral,1,1,0,100.0,0.0,inf,2023-03-16_2023-04-14
0.2,3,PPI m/m|Core PPI m/m|FOMC,Neutral|Neutral|Neutral,3,0,3,0.0,100.0,0.0,2023-04-14_2023-05-13|2023-07-14_2023-08-12|2023-09-15_2023-10-14
0.2,3,PPI m/m|Core PPI m/m|FOMC,Neutral|Neutral|Good,1,1,0,100.0,0.0,inf,2024-09-13_2024-10-12
0.3,3,PPI m/m|Core PPI m/m|FOMC,Good|Good|Neutral,1,1,0,100.0,0.0,inf,2023-03-16_2023-04-14
0.3,3,PPI m/m|Core PPI m/m|FOMC,Neutral|Neutral|Neutral,4,1,3,25.0,75.0,0.33,2023-04-14_2023-05-13|2023-07-14_2023-08-12|2023-09-15_2023-10-14|2024-09-13_2024-10-12
0.0,3,PPI m/m|Core PPI m/m|CPI y/y,Bad|Bad|Bad,3,2,1,66.7,33.3,2.0,2021-06-16_2021-07-15|2023-09-15_2023-10-14|2024-02-17_2024-03-17
0.0,3,PPI m/m|Core PPI m/m|CPI y/y,Neutral|Good|Bad,1,1,0,100.0,0.0,inf,2021-10-15_2021-11-13
0.0,3,PPI m/m|Core PPI m/m|CPI y/y,Bad|Bad|Good,4,2,2,50.0,50.0,1.0,2022-11-16_2022-12-15|2023-07-14_2023-08-12|2024-06-14_2024-07-13|2025-07-17_2025-08-15
0.0,3,PPI m/m|Core PPI m/m|CPI y/y,Good|Good|Good,3,2,1,66.7,33.3,2.0,2023-03-16_2023-04-14|2023-06-15_2023-07-14|2025-05-16_2025-06-14
0.0,3,PPI m/m|Core PPI m/m|CPI y/y,Good|Neutral|Good,1,0,1,0.0,100.0,0.0,2023-04-14_2023-05-13
0.0,3,PPI m/m|Core PPI m/m|CPI y/y,Good|Neutral|Bad,2,1,1,50.0,50.0,1.0,2024-03-15_2024-04-13|2024-09-13_2024-10-12
0.0,3,PPI m/m|Core PPI m/m|CPI y/y,Bad|Neutral|Neutral,1,1,0,100.0,0.0,inf,2024-11-15_2024-12-14
0.1,3,PPI m/m|Core PPI m/m|CPI y/y,Bad|Bad|Bad,1,1,0,100.0,0.0,inf,2021-06-16_2021-07-15
0.1,3,PPI m/m|Core PPI m/m|CPI y/y,Neutral|Neutral|Bad,3,2,1,66.7,33.3,2.0,2021-10-15_2021-11-13|2024-03-15_2024-04-13|2024-09-13_2024-10-12
0.1,3,PPI m/m|Core PPI m/m|CPI y/y,Neutral|Bad|Good,2,1,1,50.0,50.0,1.0,2022-11-16_2022-12-15|2024-06-14_2024-07-13
0.1,3,PPI m/m|Core PPI m/m|CPI y/y,Good|Good|Neutral,1,1,0,100.0,0.0,inf,2023-03-16_2023-04-14
0.1,3,PPI m/m|Core PPI m/m|CPI y/y,Neutral|Neutral|Neutral,2,0,2,0.0,100.0,0.0,2023-04-14_2023-05-13|2023-07-14_2023-08-12
0.1,3,PPI m/m|Core PPI m/m|CPI y/y,Neutral|Neutral|Good,1,0,1,0.0,100.0,0.0,2023-06-15_2023-07-14
0.1,3,PPI m/m|Core PPI m/m|CPI y/y,Bad|Neutral|Bad,2,1,1,50.0,50.0,1.0,2023-09-15_2023-10-14|2024-02-17_2024-03-17
0.1,3,PPI m/m|Core PPI m/m|CPI y/y,Bad|Neutral|Neutral,1,1,0,100.0,0.0,inf,2024-11-15_2024-12-14
0.1,3,PPI m/m|Core PPI m/m|CPI y/y,Neutral|Good|Good,1,1,0,100.0,0.0,inf,2025-05-16_2025-06-14
0.1,3,PPI m/m|Core PPI m/m|CPI y/y,Bad|Bad|Neutral,1,1,0,100.0,0.0,inf,2025-07-17_2025-08-15
0.2,3,PPI m/m|Core PPI m/m|CPI y/y,Bad|Bad|Bad,1,1,0,100.0,0.0,inf,2021-06-16_2021-07-15
0.2,3,PPI m/m|Core PPI m/m|CPI y/y,Neutral|Neutral|Bad,1,1,0,100.0,0.0,inf,2021-10-15_2021-11-13
0.2,3,PPI m/m|Core PPI m/m|CPI y/y,Neutral|Neutral|Good,1,1,0,100.0,0.0,inf,2022-11-16_2022-12-15
0.2,3,PPI m/m|Core PPI m/m|CPI y/y,Good|Good|Neutral,1,1,0,100.0,0.0,inf,2023-03-16_2023-04-14
0.2,3,PPI m/m|Core PPI m/m|CPI y/y,Neutral|Neutral|Neutral,9,3,6,33.3,66.7,0.5,2023-04-14_2023-05-13|2023-06-15_2023-07-14|2023-07-14_2023-08-12|2023-09-15_2023-10-14|2024-03-15_2024-04-13|2024-06-14_2024-07-13|2024-09-13_2024-10-12|2024-11-15_2024-12-14|2025-05-16_2025-06-14
0.2,3,PPI m/m|Core PPI m/m|CPI y/y,Bad|Neutral|Neutral,1,1,0,100.0,0.0,inf,2024-02-17_2024-03-17
0.2,3,PPI m/m|Core PPI m/m|CPI y/y,Bad|Bad|Neutral,1,1,0,100.0,0.0,inf,2025-07-17_2025-08-15
0.3,3,PPI m/m|Core PPI m/m|CPI y/y,Bad|Bad|Bad,1,1,0,100.0,0.0,inf,2021-06-16_2021-07-15
0.3,3,PPI m/m|Core PPI m/m|CPI y/y,Neutral|Neutral|Neutral,12,6,6,50.0,50.0,1.0,2021-10-15_2021-11-13|2022-11-16_2022-12-15|2023-04-14_2023-05-13|2023-06-15_2023-07-14|2023-07-14_2023-08-12|2023-09-15_2023-10-14|2024-02-17_2024-03-17|2024-03-15_2024-04-13|2024-06-14_2024-07-13|2024-09-13_2024-10-12|2024-11-15_2024-12-14|2025-05-16_2025-06-14
0.3,3,PPI m/m|Core PPI m/m|CPI y/y,Good|Good|Neutral,1,1,0,100.0,0.0,inf,2023-03-16_2023-04-14
0.3,3,PPI m/m|Core PPI m/m|CPI y/y,Bad|Bad|Neutral,1,1,0,100.0,0.0,inf,2025-07-17_2025-08-15
0.0,3,PPI m/m|FOMC|CPI y/y,Good|Neutral|Good,2,1,1,50.0,50.0,1.0,2023-03-16_2023-04-14|2023-04-14_2023-05-13
0.0,3,PPI m/m|FOMC|CPI y/y,Bad|Neutral|Good,1,0,1,0.0,100.0,0.0,2023-07-14_2023-08-12
0.0,3,PPI m/m|FOMC|CPI y/y,Bad|Neutral|Bad,1,0,1,0.0,100.0,0.0,2023-09-15_2023-10-14
0.0,3,PPI m/m|FOMC|CPI y/y,Good|Good|Bad,1,1,0,100.0,0.0,inf,2024-09-13_2024-10-12
0.1,3,PPI m/m|FOMC|CPI y/y,Good|Neutral|Neutral,1,1,0,100.0,0.0,inf,2023-03-16_2023-04-14
0.1,3,PPI m/m|FOMC|CPI y/y,Neutral|Neutral|Neutral,2,0,2,0.0,100.0,0.0,2023-04-14_2023-05-13|2023-07-14_2023-08-12
0.1,3,PPI m/m|FOMC|CPI y/y,Bad|Neutral|Bad,1,0,1,0.0,100.0,0.0,2023-09-15_2023-10-14
0.1,3,PPI m/m|FOMC|CPI y/y,Neutral|Good|Bad,1,1,0,100.0,0.0,inf,2024-09-13_2024-10-12
0.2,3,PPI m/m|FOMC|CPI y/y,Good|Neutral|Neutral,1,1,0,100.0,0.0,inf,2023-03-16_2023-04-14
0.2,3,PPI m/m|FOMC|CPI y/y,Neutral|Neutral|Neutral,3,0,3,0.0,100.0,0.0,2023-04-14_2023-05-13|2023-07-14_2023-08-12|2023-09-15_2023-10-14
0.2,3,PPI m/m|FOMC|CPI y/y,Neutral|Good|Neutral,1,1,0,100.0,0.0,inf,2024-09-13_2024-10-12
0.3,3,PPI m/m|FOMC|CPI y/y,Good|Neutral|Neutral,1,1,0,100.0,0.0,inf,2023-03-16_2023-04-14
0.3,3,PPI m/m|FOMC|CPI y/y,Neutral|Neutral|Neutral,4,1,3,25.0,75.0,0.33,2023-04-14_2023-05-13|2023-07-14_2023-08-12|2023-09-15_2023-10-14|2024-09-13_2024-10-12
0.0,3,Core PPI m/m|FOMC|CPI y/y,Good|Neutral|Good,1,1,0,100.0,0.0,inf,2023-03-16_2023-04-14
0.0,3,Core PPI m/m|FOMC|CPI y/y,Neutral|Neutral|Good,1,0,1,0.0,100.0,0.0,2023-04-14_2023-05-13
0.0,3,Core PPI m/m|FOMC|CPI y/y,Bad|Neutral|Good,1,0,1,0.0,100.0,0.0,2023-07-14_2023-08-12
0.0,3,Core PPI m/m|FOMC|CPI y/y,Bad|Neutral|Bad,1,0,1,0.0,100.0,0.0,2023-09-15_2023-10-14
0.0,3,Core PPI m/m|FOMC|CPI y/y,Neutral|Good|Bad,1,1,0,100.0,0.0,inf,2024-09-13_2024-10-12
0.1,3,Core PPI m/m|FOMC|CPI y/y,Good|Neutral|Neutral,1,1,0,100.0,0.0,inf,2023-03-16_2023-04-14
0.1,3,Core PPI m/m|FOMC|CPI y/y,Neutral|Neutral|Neutral,2,0,2,0.0,100.0,0.0,2023-04-14_2023-05-13|2023-07-14_2023-08-12
0.1,3,Core PPI m/m|FOMC|CPI y/y,Neutral|Neutral|Bad,1,0,1,0.0,100.0,0.0,2023-09-15_2023-10-14
0.1,3,Core PPI m/m|FOMC|CPI y/y,Neutral|Good|Bad,1,1,0,100.0,0.0,inf,2024-09-13_2024-10-12
0.2,3,Core PPI m/m|FOMC|CPI y/y,Good|Neutral|Neutral,1,1,0,100.0,0.0,inf,2023-03-16_2023-04-14
0.2,3,Core PPI m/m|FOMC|CPI y/y,Neutral|Neutral|Neutral,3,0,3,0.0,100.0,0.0,2023-04-14_2023-05-13|2023-07-14_2023-08-12|2023-09-15_2023-10-14
0.2,3,Core PPI m/m|FOMC|CPI y/y,Neutral|Good|Neutral,1,1,0,100.0,0.0,inf,2024-09-13_2024-10-12
0.3,3,Core PPI m/m|FOMC|CPI y/y,Good|Neutral|Neutral,1,1,0,100.0,0.0,inf,2023-03-16_2023-04-14
0.3,3,Core PPI m/m|FOMC|CPI y/y,Neutral|Neutral|Neutral,4,1,3,25.0,75.0,0.33,2023-04-14_2023-05-13|2023-07-14_2023-08-12|2023-09-15_2023-10-14|2024-09-13_2024-10-12
0.0,4,CPI m/m|Core CPI m/m|PPI m/m|Core PPI m/m,Bad|Bad|Bad|Bad,1,1,0,100.0,0.0,inf,2021-06-16_2021-07-15
0.0,4,CPI m/m|Core CPI m/m|PPI m/m|Core PPI m/m,Bad|Bad|Neutral|Good,1,1,0,100.0,0.0,inf,2021-10-15_2021-11-13
0.0,4,CPI m/m|Core CPI m/m|PPI m/m|Core PPI m/m,Good|Good|Bad|Bad,2,1,1,50.0,50.0,1.0,2022-11-16_2022-12-15|2024-06-14_2024-07-13
0.0,4,CPI m/m|Core CPI m/m|PPI m/m|Core PPI m/m,Good|Neutral|Good|Good,1,1,0,100.0,0.0,inf,2023-03-16_2023-04-14
0.0,4,CPI m/m|Core CPI m/m|PPI m/m|Core PPI m/m,Neutral|Bad|Good|Neutral,1,0,1,0.0,100.0,0.0,2023-04-14_2023-05-13
0.0,4,CPI m/m|Core CPI m/m|PPI m/m|Core PPI m/m,Good|Good|Good|Good,2,1,1,50.0,50.0,1.0,2023-06-15_2023-07-14|2025-05-16_2025-06-14
0.0,4,CPI m/m|Core CPI m/m|PPI m/m|Core PPI m/m,Neutral|Neutral|Bad|Bad,2,1,1,50.0,50.0,1.0,2023-07-14_2023-08-12|2025-07-17_2025-08-15
0.0,4,CPI m/m|Core CPI m/m|PPI m/m|Core PPI m/m,Bad|Neutral|Bad|Bad,1,0,1,0.0,100.0,0.0,2023-09-15_2023-10-14
0.0,4,CPI m/m|Core CPI m/m|PPI m/m|Core PPI m/m,Neutral|Bad|Bad|Bad,1,1,0,100.0,0.0,inf,2024-02-17_2024-03-17
0.0,4,CPI m/m|Core CPI m/m|PPI m/m|Core PPI m/m,Bad|Bad|Good|Neutral,2,1,1,50.0,50.0,1.0,2024-03-15_2024-04-13|2024-09-13_2024-10-12
0.0,4,CPI m/m|Core CPI m/m|PPI m/m|Core PPI m/m,Neutral|Neutral|Bad|Neutral,1,1,0,100.0,0.0,inf,2024-11-15_2024-12-14
0.1,4,CPI m/m|Core CPI m/m|PPI m/m|Core PPI m/m,Bad|Bad|Bad|Bad,1,1,0,100.0,0.0,inf,2021-06-16_2021-07-15
0.1,4,CPI m/m|Core CPI m/m|PPI m/m|Core PPI m/m,Bad|Bad|Neutral|Neutral,2,1,1,50.0,50.0,1.0,2021-10-15_2021-11-13|2024-03-15_2024-04-13
0.1,4,CPI m/m|Core CPI m/m|PPI m/m|Core PPI m/m,Good|Neutral|Neutral|Bad,2,1,1,50.0,50.0,1.0,2022-11-16_2022-12-15|2024-06-14_2024-07-13
0.1,4,CPI m/m|Core CPI m/m|PPI m/m|Core PPI m/m,Neutral|Neutral|Good|Good,1,1,0,100.0,0.0,inf,2023-03-16_2023-04-14
0.1,4,CPI m/m|Core CPI m/m|PPI m/m|Core PPI m/m,Neutral|Bad|Neutral|Neutral,1,0,1,0.0,100.0,0.0,2023-04-14_2023-05-13
0.1,4,CPI m/m|Core CPI m/m|PPI m/m|Core PPI m/m,Neutral|Neutral|Neutral|Neutral,3,1,2,33.3,66.7,0.5,2023-06-15_2023-07-14|2023-07-14_2023-08-12|2024-09-13_2024-10-12
0.1,4,CPI m/m|Core CPI m/m|PPI m/m|Core PPI m/m,Bad|Neutral|Bad|Neutral,1,0,1,0.0,100.0,0.0,2023-09-15_2023-10-14
0.1,4,CPI m/m|Core CPI m/m|PPI m/m|Core PPI m/m,Neutral|Bad|Bad|Neutral,1,1,0,100.0,0.0,inf,2024-02-17_2024-03-17
0.1,4,CPI m/m|Core CPI m/m|PPI m/m|Core PPI m/m,Neutral|Neutral|Bad|Neutral,1,1,0,100.0,0.0,inf,2024-11-15_2024-12-14
0.1,4,CPI m/m|Core CPI m/m|PPI m/m|Core PPI m/m,Neutral|Good|Neutral|Good,1,1,0,100.0,0.0,inf,2025-05-16_2025-06-14
0.1,4,CPI m/m|Core CPI m/m|PPI m/m|Core PPI m/m,Neutral|Neutral|Bad|Bad,1,1,0,100.0,0.0,inf,2025-07-17_2025-08-15
0.2,4,CPI m/m|Core CPI m/m|PPI m/m|Core PPI m/m,Bad|Bad|Bad|Bad,1,1,0,100.0,0.0,inf,2021-06-16_2021-07-15
0.2,4,CPI m/m|Core CPI m/m|PPI m/m|Core PPI m/m,Bad|Neutral|Neutral|Neutral,1,1,0,100.0,0.0,inf,2021-10-15_2021-11-13
0.2,4,CPI m/m|Core CPI m/m|PPI m/m|Core PPI m/m,Neutral|Neutral|Neutral|Neutral,10,4,6,40.0,60.0,0.67,2022-11-16_2022-12-15|2023-04-14_2023-05-13|2023-06-15_2023-07-14|2023-07-14_2023-08-12|2023-09-15_2023-10-14|2024-03-15_2024-04-13|2024-06-14_2024-07-13|2024-09-13_2024-10-12|2024-11-15_2024-12-14|2025-05-16_2025-06-14
0.2,4,CPI m/m|Core CPI m/m|PPI m/m|Core PPI m/m,Neutral|Neutral|Good|Good,1,1,0,100.0,0.0,inf,2023-03-16_2023-04-14
0.2,4,CPI m/m|Core CPI m/m|PPI m/m|Core PPI m/m,Neutral|Neutral|Bad|Neutral,1,1,0,100.0,0.0,inf,2024-02-17_2024-03-17
0.2,4,CPI m/m|Core CPI m/m|PPI m/m|Core PPI m/m,Neutral|Neutral|Bad|Bad,1,1,0,100.0,0.0,inf,2025-07-17_2025-08-15
0.3,4,CPI m/m|Core CPI m/m|PPI m/m|Core PPI m/m,Bad|Bad|Bad|Bad,1,1,0,100.0,0.0,inf,2021-06-16_2021-07-15
0.3,4,CPI m/m|Core CPI m/m|PPI m/m|Core PPI m/m,Bad|Neutral|Neutral|Neutral,1,1,0,100.0,0.0,inf,2021-10-15_2021-11-13
0.3,4,CPI m/m|Core CPI m/m|PPI m/m|Core PPI m/m,Neutral|Neutral|Neutral|Neutral,11,5,6,45.5,54.5,0.83,2022-11-16_2022-12-15|2023-04-14_2023-05-13|2023-06-15_2023-07-14|2023-07-14_2023-08-12|2023-09-15_2023-10-14|2024-02-17_2024-03-17|2024-03-15_2024-04-13|2024-06-14_2024-07-13|2024-09-13_2024-10-12|2024-11-15_2024-12-14|2025-05-16_2025-06-14
0.3,4,CPI m/m|Core CPI m/m|PPI m/m|Core PPI m/m,Neutral|Neutral|Good|Good,1,1,0,100.0,0.0,inf,2023-03-16_2023-04-14
0.3,4,CPI m/m|Core CPI m/m|PPI m/m|Core PPI m/m,Neutral|Neutral|Bad|Bad,1,1,0,100.0,0.0,inf,2025-07-17_2025-08-15
0.0,4,CPI m/m|Core CPI m/m|PPI m/m|FOMC,Good|Neutral|Good|Neutral,1,1,0,100.0,0.0,inf,2023-03-16_2023-04-14
0.0,4,CPI m/m|Core CPI m/m|PPI m/m|FOMC,Neutral|Bad|Good|Neutral,1,0,1,0.0,100.0,0.0,2023-04-14_2023-05-13
0.0,4,CPI m/m|Core CPI m/m|PPI m/m|FOMC,Neutral|Neutral|Bad|Neutral,1,0,1,0.0,100.0,0.0,2023-07-14_2023-08-12
0.0,4,CPI m/m|Core CPI m/m|PPI m/m|FOMC,Bad|Neutral|Bad|Neutral,1,0,1,0.0,100.0,0.0,2023-09-15_2023-10-14
0.0,4,CPI m/m|Core CPI m/m|PPI m/m|FOMC,Bad|Bad|Good|Good,1,1,0,100.0,0.0,inf,2024-09-13_2024-10-12
0.1,4,CPI m/m|Core CPI m/m|PPI m/m|FOMC,Neutral|Neutral|Good|Neutral,1,1,0,100.0,0.0,inf,2023-03-16_2023-04-14
0.1,4,CPI m/m|Core CPI m/m|PPI m/m|FOMC,Neutral|Bad|Neutral|Neutral,1,0,1,0.0,100.0,0.0,2023-04-14_2023-05-13
0.1,4,CPI m/m|Core CPI m/m|PPI m/m|FOMC,Neutral|Neutral|Neutral|Neutral,1,0,1,0.0,100.0,0.0,2023-07-14_2023-08-12
0.1,4,CPI m/m|Core CPI m/m|PPI m/m|FOMC,Bad|Neutral|Bad|Neutral,1,0,1,0.0,100.0,0.0,2023-09-15_2023-10-14
0.1,4,CPI m/m|Core CPI m/m|PPI m/m|FOMC,Neutral|Neutral|Neutral|Good,1,1,0,100.0,0.0,inf,2024-09-13_2024-10-12
0.2,4,CPI m/m|Core CPI m/m|PPI m/m|FOMC,Neutral|Neutral|Good|Neutral,1,1,0,100.0,0.0,inf,2023-03-16_2023-04-14
0.2,4,CPI m/m|Core CPI m/m|PPI m/m|FOMC,Neutral|Neutral|Neutral|Neutral,3,0,3,0.0,100.0,0.0,2023-04-14_2023-05-13|2023-07-14_2023-08-12|2023-09-15_2023-10-14
0.2,4,CPI m/m|Core CPI m/m|PPI m/m|FOMC,Neutral|Neutral|Neutral|Good,1,1,0,100.0,0.0,inf,2024-09-13_2024-10-12
0.3,4,CPI m/m|Core CPI m/m|PPI m/m|FOMC,Neutral|Neutral|Good|Neutral,1,1,0,100.0,0.0,inf,2023-03-16_2023-04-14
0.3,4,CPI m/m|Core CPI m/m|PPI m/m|FOMC,Neutral|Neutral|Neutral|Neutral,4,1,3,25.0,75.0,0.33,2023-04-14_2023-05-13|2023-07-14_2023-08-12|2023-09-15_2023-10-14|2024-09-13_2024-10-12
0.0,4,CPI m/m|Core CPI m/m|PPI m/m|CPI y/y,Bad|Bad|Bad|Bad,1,1,0,100.0,0.0,inf,2021-06-16_2021-07-15
0.0,4,CPI m/m|Core CPI m/m|PPI m/m|CPI y/y,Bad|Bad|Neutral|Bad,1,1,0,100.0,0.0,inf,2021-10-15_2021-11-13
0.0,4,CPI m/m|Core CPI m/m|PPI m/m|CPI y/y,Good|Good|Bad|Good,2,1,1,50.0,50.0,1.0,2022-11-16_2022-12-15|2024-06-14_2024-07-13
0.0,4,CPI m/m|Core CPI m/m|PPI m/m|CPI y/y,Good|Neutral|Good|Good,1,1,0,100.0,0.0,inf,2023-03-16_2023-04-14
0.0,4,CPI m/m|Core CPI m/m|PPI m/m|CPI y/y,Neutral|Bad|Good|Good,1,0,1,0.0,100.0,0.0,2023-04-14_2023-05-13
0.0,4,CPI m/m|Core CPI m/m|PPI m/m|CPI y/y,Good|Good|Good|Good,2,1,1,50.0,50.0,1.0,2023-06-15_2023-07-14|2025-05-16_2025-06-14
0.0,4,CPI m/m|Core CPI m/m|PPI m/m|CPI y/y,Neutral|Neutral|Bad|Good,2,1,1,50.0,50.0,1.0,2023-07-14_2023-08-12|2025-07-17_2025-08-15
0.0,4,CPI m/m|Core CPI m/m|PPI m/m|CPI y/y,Bad|Neutral|Bad|Bad,1,0,1,0.0,100.0,0.0,2023-09-15_2023-10-14
0.0,4,CPI m/m|Core CPI m/m|PPI m/m|CPI y/y,Neutral|Bad|Bad|Bad,1,1,0,100.0,0.0,inf,2024-02-17_2024-03-17
0.0,4,CPI m/m|Core CPI m/m|PPI m/m|CPI y/y,Bad|Bad|Good|Bad,2,1,1,50.0,50.0,1.0,2024-03-15_2024-04-13|2024-09-13_2024-10-12
0.0,4,CPI m/m|Core CPI m/m|PPI m/m|CPI y/y,Neutral|Neutral|Bad|Neutral,1,1,0,100.0,0.0,inf,2024-11-15_2024-12-14
0.1,4,CPI m/m|Core CPI m/m|PPI m/m|CPI y/y,Bad|Bad|Bad|Bad,1,1,0,100.0,0.0,inf,2021-06-16_2021-07-15
0.1,4,CPI m/m|Core CPI m/m|PPI m/m|CPI y/y,Bad|Bad|Neutral|Bad,2,1,1,50.0,50.0,1.0,2021-10-15_2021-11-13|2024-03-15_2024-04-13
0.1,4,CPI m/m|Core CPI m/m|PPI m/m|CPI y/y,Good|Neutral|Neutral|Good,2,1,1,50.0,50.0,1.0,2022-11-16_2022-12-15|2024-06-14_2024-07-13
0.1,4,CPI m/m|Core CPI m/m|PPI m/m|CPI y/y,Neutral|Neutral|Good|Neutral,1,1,0,100.0,0.0,inf,2023-03-16_2023-04-14
0.1,4,CPI m/m|Core CPI m/m|PPI m/m|CPI y/y,Neutral|Bad|Neutral|Neutral,1,0,1,0.0,100.0,0.0,2023-04-14_2023-05-13
0.1,4,CPI m/m|Core CPI m/m|PPI m/m|CPI y/y,Neutral|Neutral|Neutral|Good,1,0,1,0.0,100.0,0.0,2023-06-15_2023-07-14
0.1,4,CPI m/m|Core CPI m/m|PPI m/m|CPI y/y,Neutral|Neutral|Neutral|Neutral,1,0,1,0.0,100.0,0.0,2023-07-14_2023-08-12
0.1,4,CPI m/m|Core CPI m/m|PPI m/m|CPI y/y,Bad|Neutral|Bad|Bad,1,0,1,0.0,100.0,0.0,2023-09-15_2023-10-14
0.1,4,CPI m/m|Core CPI m/m|PPI m/m|CPI y/y,Neutral|Bad|Bad|Bad,1,1,0,100.0,0.0,inf,2024-02-17_2024-03-17
0.1,4,CPI m/m|Core CPI m/m|PPI m/m|CPI y/y,Neutral|Neutral|Neutral|Bad,1,1,0,100.0,0.0,inf,2024-09-13_2024-10-12
0.1,4,CPI m/m|Core CPI m/m|PPI m/m|CPI y/y,Neutral|Neutral|Bad|Neutral,2,2,0,100.0,0.0,inf,2024-11-15_2024-12-14|2025-07-17_2025-08-15
0.1,4,CPI m/m|Core CPI m/m|PPI m/m|CPI y/y,Neutral|Good|Neutral|Good,1,1,0,100.0,0.0,inf,2025-05-16_2025-06-14
0.2,4,CPI m/m|Core CPI m/m|PPI m/m|CPI y/y,Bad|Bad|Bad|Bad,1,1,0,100.0,0.0,inf,2021-06-16_2021-07-15
0.2,4,CPI m/m|Core CPI m/m|PPI m/m|CPI y/y,Bad|Neutral|Neutral|Bad,1,1,0,100.0,0.0,inf,2021-10-15_2021-11-13
0.2,4,CPI m/m|Core CPI m/m|PPI m/m|CPI y/y,Neutral|Neutral|Neutral|Good,1,1,0,100.0,0.0,inf,2022-11-16_2022-12-15
0.2,4,CPI m/m|Core CPI m/m|PPI m/m|CPI y/y,Neutral|Neutral|Good|Neutral,1,1,0,100.0,0.0,inf,2023-03-16_2023-04-14
0.2,4,CPI m/m|Core CPI m/m|PPI m/m|CPI y/y,Neutral|Neutral|Neutral|Neutral,9,3,6,33.3,66.7,0.5,2023-04-14_2023-05-13|2023-06-15_2023-07-14|2023-07-14_2023-08-12|2023-09-15_2023-10-14|2024-03-15_2024-04-13|2024-06-14_2024-07-13|2024-09-13_2024-10-12|2024-11-15_2024-12-14|2025-05-16_2025-06-14
0.2,4,CPI m/m|Core CPI m/m|PPI m/m|CPI y/y,Neutral|Neutral|Bad|Neutral,2,2,0,100.0,0.0,inf,2024-02-17_2024-03-17|2025-07-17_2025-08-15
0.3,4,CPI m/m|Core CPI m/m|PPI m/m|CPI y/y,Bad|Bad|Bad|Bad,1,1,0,100.0,0.0,inf,2021-06-16_2021-07-15
0.3,4,CPI m/m|Core CPI m/m|PPI m/m|CPI y/y,Bad|Neutral|Neutral|Neutral,1,1,0,100.0,0.0,inf,2021-10-15_2021-11-13
0.3,4,CPI m/m|Core CPI m/m|PPI m/m|CPI y/y,Neutral|Neutral|Neutral|Neutral,11,5,6,45.5,54.5,0.83,2022-11-16_2022-12-15|2023-04-14_2023-05-13|2023-06-15_2023-07-14|2023-07-14_2023-08-12|2023-09-15_2023-10-14|2024-02-17_2024-03-17|2024-03-15_2024-04-13|2024-06-14_2024-07-13|2024-09-13_2024-10-12|2024-11-15_2024-12-14|2025-05-16_2025-06-14
0.3,4,CPI m/m|Core CPI m/m|PPI m/m|CPI y/y,Neutral|Neutral|Good|Neutral,1,1,0,100.0,0.0,inf,2023-03-16_2023-04-14
0.3,4,CPI m/m|Core CPI m/m|PPI m/m|CPI y/y,Neutral|Neutral|Bad|Neutral,1,1,0,100.0,0.0,inf,2025-07-17_2025-08-15
0.0,4,CPI m/m|Core CPI m/m|Core PPI m/m|FOMC,Good|Neutral|Good|Neutral,1,1,0,100.0,0.0,inf,2023-03-16_2023-04-14
0.0,4,CPI m/m|Core CPI m/m|Core PPI m/m|FOMC,Neutral|Bad|Neutral|Neutral,1,0,1,0.0,100.0,0.0,2023-04-14_2023-05-13
0.0,4,CPI m/m|Core CPI m/m|Core PPI m/m|FOMC,Neutral|Neutral|Bad|Neutral,1,0,1,0.0,100.0,0.0,2023-07-14_2023-08-12
0.0,4,CPI m/m|Core CPI m/m|Core PPI m/m|FOMC,Bad|Neutral|Bad|Neutral,1,0,1,0.0,100.0,0.0,2023-09-15_2023-10-14
0.0,4,CPI m/m|Core CPI m/m|Core PPI m/m|FOMC,Bad|Bad|Neutral|Good,1,1,0,100.0,0.0,inf,2024-09-13_2024-10-12
0.1,4,CPI m/m|Core CPI m/m|Core PPI m/m|FOMC,Neutral|Neutral|Good|Neutral,1,1,0,100.0,0.0,inf,2023-03-16_2023-04-14
0.1,4,CPI m/m|Core CPI m/m|Core PPI m/m|FOMC,Neutral|Bad|Neutral|Neutral,1,0,1,0.0,100.0,0.0,2023-04-14_2023-05-13
0.1,4,CPI m/m|Core CPI m/m|Core PPI m/m|FOMC,Neutral|Neutral|Neutral|Neutral,1,0,1,0.0,100.0,0.0,2023-07-14_2023-08-12
0.1,4,CPI m/m|Core CPI m/m|Core PPI m/m|FOMC,Bad|Neutral|Neutral|Neutral,1,0,1,0.0,100.0,0.0,2023-09-15_2023-10-14
0.1,4,CPI m/m|Core CPI m/m|Core PPI m/m|FOMC,Neutral|Neutral|Neutral|Good,1,1,0,100.0,0.0,inf,2024-09-13_2024-10-12
0.2,4,CPI m/m|Core CPI m/m|Core PPI m/m|FOMC,Neutral|Neutral|Good|Neutral,1,1,0,100.0,0.0,inf,2023-03-16_2023-04-14
0.2,4,CPI m/m|Core CPI m/m|Core PPI m/m|FOMC,Neutral|Neutral|Neutral|Neutral,3,0,3,0.0,100.0,0.0,2023-04-14_2023-05-13|2023-07-14_2023-08-12|2023-09-15_2023-10-14
0.2,4,CPI m/m|Core CPI m/m|Core PPI m/m|FOMC,Neutral|Neutral|Neutral|Good,1,1,0,100.0,0.0,inf,2024-09-13_2024-10-12
0.3,4,CPI m/m|Core CPI m/m|Core PPI m/m|FOMC,Neutral|Neutral|Good|Neutral,1,1,0,100.0,0.0,inf,2023-03-16_2023-04-14
0.3,4,CPI m/m|Core CPI m/m|Core PPI m/m|FOMC,Neutral|Neutral|Neutral|Neutral,4,1,3,25.0,75.0,0.33,2023-04-14_2023-05-13|2023-07-14_2023-08-12|2023-09-15_2023-10-14|2024-09-13_2024-10-12
0.0,4,CPI m/m|Core CPI m/m|Core PPI m/m|CPI y/y,Bad|Bad|Bad|Bad,1,1,0,100.0,0.0,inf,2021-06-16_2021-07-15
0.0,4,CPI m/m|Core CPI m/m|Core PPI m/m|CPI y/y,Bad|Bad|Good|Bad,1,1,0,100.0,0.0,inf,2021-10-15_2021-11-13
0.0,4,CPI m/m|Core CPI m/m|Core PPI m/m|CPI y/y,Good|Good|Bad|Good,2,1,1,50.0,50.0,1.0,2022-11-16_2022-12-15|2024-06-14_2024-07-13
0.0,4,CPI m/m|Core CPI m/m|Core PPI m/m|CPI y/y,Good|Neutral|Good|Good,1,1,0,100.0,0.0,inf,2023-03-16_2023-04-14
0.0,4,CPI m/m|Core CPI m/m|Core PPI m/m|CPI y/y,Neutral|Bad|Neutral|Good,1,0,1,0.0,100.0,0.0,2023-04-14_2023-05-13
0.0,4,CPI m/m|Core CPI m/m|Core PPI m/m|CPI y/y,Good|Good|Good|Good,2,1,1,50.0,50.0,1.0,2023-06-15_2023-07-14|2025-05-16_2025-06-14
0.0,4,CPI m/m|Core CPI m/m|Core PPI m/m|CPI y/y,Neutral|Neutral|Bad|Good,2,1,1,50.0,50.0,1.0,2023-07-14_2023-08-12|2025-07-17_2025-08-15
0.0,4,CPI m/m|Core CPI m/m|Core PPI m/m|CPI y/y,Bad|Neutral|Bad|Bad,1,0,1,0.0,100.0,0.0,2023-09-15_2023-10-14
0.0,4,CPI m/m|Core CPI m/m|Core PPI m/m|CPI y/y,Neutral|Bad|Bad|Bad,1,1,0,100.0,0.0,inf,2024-02-17_2024-03-17
0.0,4,CPI m/m|Core CPI m/m|Core PPI m/m|CPI y/y,Bad|Bad|Neutral|Bad,2,1,1,50.0,50.0,1.0,2024-03-15_2024-04-13|2024-09-13_2024-10-12
0.0,4,CPI m/m|Core CPI m/m|Core PPI m/m|CPI y/y,Neutral|Neutral|Neutral|Neutral,1,1,0,100.0,0.0,inf,2024-11-15_2024-12-14
0.1,4,CPI m/m|Core CPI m/m|Core PPI m/m|CPI y/y,Bad|Bad|Bad|Bad,1,1,0,100.0,0.0,inf,2021-06-16_2021-07-15
0.1,4,CPI m/m|Core CPI m/m|Core PPI m/m|CPI y/y,Bad|Bad|Neutral|Bad,2,1,1,50.0,50.0,1.0,2021-10-15_2021-11-13|2024-03-15_2024-04-13
0.1,4,CPI m/m|Core CPI m/m|Core PPI m/m|CPI y/y,Good|Neutral|Bad|Good,2,1,1,50.0,50.0,1.0,2022-11-16_2022-12-15|2024-06-14_2024-07-13
0.1,4,CPI m/m|Core CPI m/m|Core PPI m/m|CPI y/y,Neutral|Neutral|Good|Neutral,1,1,0,100.0,0.0,inf,2023-03-16_2023-04-14
0.1,4,CPI m/m|Core CPI m/m|Core PPI m/m|CPI y/y,Neutral|Bad|Neutral|Neutral,1,0,1,0.0,100.0,0.0,2023-04-14_2023-05-13
0.1,4,CPI m/m|Core CPI m/m|Core PPI m/m|CPI y/y,Neutral|Neutral|Neutral|Good,1,0,1,0.0,100.0,0.0,2023-06-15_2023-07-14
0.1,4,CPI m/m|Core CPI m/m|Core PPI m/m|CPI y/y,Neutral|Neutral|Neutral|Neutral,2,1,1,50.0,50.0,1.0,2023-07-14_2023-08-12|2024-11-15_2024-12-14
0.1,4,CPI m/m|Core CPI m/m|Core PPI m/m|CPI y/y,Bad|Neutral|Neutral|Bad,1,0,1,0.0,100.0,0.0,2023-09-15_2023-10-14
0.1,4,CPI m/m|Core CPI m/m|Core PPI m/m|CPI y/y,Neutral|Bad|Neutral|Bad,1,1,0,100.0,0.0,inf,2024-02-17_2024-03-17
0.1,4,CPI m/m|Core CPI m/m|Core PPI m/m|CPI y/y,Neutral|Neutral|Neutral|Bad,1,1,0,100.0,0.0,inf,2024-09-13_2024-10-12
0.1,4,CPI m/m|Core CPI m/m|Core PPI m/m|CPI y/y,Neutral|Good|Good|Good,1,1,0,100.0,0.0,inf,2025-05-16_2025-06-14
0.1,4,CPI m/m|Core CPI m/m|Core PPI m/m|CPI y/y,Neutral|Neutral|Bad|Neutral,1,1,0,100.0,0.0,inf,2025-07-17_2025-08-15
0.2,4,CPI m/m|Core CPI m/m|Core PPI m/m|CPI y/y,Bad|Bad|Bad|Bad,1,1,0,100.0,0.0,inf,2021-06-16_2021-07-15
0.2,4,CPI m/m|Core CPI m/m|Core PPI m/m|CPI y/y,Bad|Neutral|Neutral|Bad,1,1,0,100.0,0.0,inf,2021-10-15_2021-11-13
0.2,4,CPI m/m|Core CPI m/m|Core PPI m/m|CPI y/y,Neutral|Neutral|Neutral|Good,1,1,0,100.0,0.0,inf,2022-11-16_2022-12-15
0.2,4,CPI m/m|Core CPI m/m|Core PPI m/m|CPI y/y,Neutral|Neutral|Good|Neutral,1,1,0,100.0,0.0,inf,2023-03-16_2023-04-14
0.2,4,CPI m/m|Core CPI m/m|Core PPI m/m|CPI y/y,Neutral|Neutral|Neutral|Neutral,10,4,6,40.0,60.0,0.67,2023-04-14_2023-05-13|2023-06-15_2023-07-14|2023-07-14_2023-08-12|2023-09-15_2023-10-14|2024-02-17_2024-03-17|2024-03-15_2024-04-13|2024-06-14_2024-07-13|2024-09-13_2024-10-12|2024-11-15_2024-12-14|2025-05-16_2025-06-14
0.2,4,CPI m/m|Core CPI m/m|Core PPI m/m|CPI y/y,Neutral|Neutral|Bad|Neutral,1,1,0,100.0,0.0,inf,2025-07-17_2025-08-15
0.3,4,CPI m/m|Core CPI m/m|Core PPI m/m|CPI y/y,Bad|Bad|Bad|Bad,1,1,0,100.0,0.0,inf,2021-06-16_2021-07-15
0.3,4,CPI m/m|Core CPI m/m|Core PPI m/m|CPI y/y,Bad|Neutral|Neutral|Neutral,1,1,0,100.0,0.0,inf,2021-10-15_2021-11-13
0.3,4,CPI m/m|Core CPI m/m|Core PPI m/m|CPI y/y,Neutral|Neutral|Neutral|Neutral,11,5,6,45.5,54.5,0.83,2022-11-16_2022-12-15|2023-04-14_2023-05-13|2023-06-15_2023-07-14|2023-07-14_2023-08-12|2023-09-15_2023-10-14|2024-02-17_2024-03-17|2024-03-15_2024-04-13|2024-06-14_2024-07-13|2024-09-13_2024-10-12|2024-11-15_2024-12-14|2025-05-16_2025-06-14
0.3,4,CPI m/m|Core CPI m/m|Core PPI m/m|CPI y/y,Neutral|Neutral|Good|Neutral,1,1,0,100.0,0.0,inf,2023-03-16_2023-04-14
0.3,4,CPI m/m|Core CPI m/m|Core PPI m/m|CPI y/y,Neutral|Neutral|Bad|Neutral,1,1,0,100.0,0.0,inf,2025-07-17_2025-08-15
0.0,4,CPI m/m|Core CPI m/m|FOMC|CPI y/y,Good|Neutral|Neutral|Good,1,1,0,100.0,0.0,inf,2023-03-16_2023-04-14
0.0,4,CPI m/m|Core CPI m/m|FOMC|CPI y/y,Neutral|Bad|Neutral|Good,1,0,1,0.0,100.0,0.0,2023-04-14_2023-05-13
0.0,4,CPI m/m|Core CPI m/m|FOMC|CPI y/y,Neutral|Neutral|Neutral|Good,1,0,1,0.0,100.0,0.0,2023-07-14_2023-08-12
0.0,4,CPI m/m|Core CPI m/m|FOMC|CPI y/y,Bad|Neutral|Neutral|Bad,1,0,1,0.0,100.0,0.0,2023-09-15_2023-10-14
0.0,4,CPI m/m|Core CPI m/m|FOMC|CPI y/y,Bad|Bad|Good|Bad,1,1,0,100.0,0.0,inf,2024-09-13_2024-10-12
0.1,4,CPI m/m|Core CPI m/m|FOMC|CPI y/y,Neutral|Neutral|Neutral|Neutral,2,1,1,50.0,50.0,1.0,2023-03-16_2023-04-14|2023-07-14_2023-08-12
0.1,4,CPI m/m|Core CPI m/m|FOMC|CPI y/y,Neutral|Bad|Neutral|Neutral,1,0,1,0.0,100.0,0.0,2023-04-14_2023-05-13
0.1,4,CPI m/m|Core CPI m/m|FOMC|CPI y/y,Bad|Neutral|Neutral|Bad,1,0,1,0.0,100.0,0.0,2023-09-15_2023-10-14
0.1,4,CPI m/m|Core CPI m/m|FOMC|CPI y/y,Neutral|Neutral|Good|Bad,1,1,0,100.0,0.0,inf,2024-09-13_2024-10-12
0.2,4,CPI m/m|Core CPI m/m|FOMC|CPI y/y,Neutral|Neutral|Neutral|Neutral,4,1,3,25.0,75.0,0.33,2023-03-16_2023-04-14|2023-04-14_2023-05-13|2023-07-14_2023-08-12|2023-09-15_2023-10-14
0.2,4,CPI m/m|Core CPI m/m|FOMC|CPI y/y,Neutral|Neutral|Good|Neutral,1,1,0,100.0,0.0,inf,2024-09-13_2024-10-12
0.3,4,CPI m/m|Core CPI m/m|FOMC|CPI y/y,Neutral|Neutral|Neutral|Neutral,5,2,3,40.0,60.0,0.67,2023-03-16_2023-04-14|2023-04-14_2023-05-13|2023-07-14_2023-08-12|2023-09-15_2023-10-14|2024-09-13_2024-10-12
0.0,4,CPI m/m|PPI m/m|Core PPI m/m|FOMC,Good|Good|Good|Neutral,1,1,0,100.0,0.0,inf,2023-03-16_2023-04-14
0.0,4,CPI m/m|PPI m/m|Core PPI m/m|FOMC,Neutral|Good|Neutral|Neutral,1,0,1,0.0,100.0,0.0,2023-04-14_2023-05-13
0.0,4,CPI m/m|PPI m/m|Core PPI m/m|FOMC,Neutral|Bad|Bad|Neutral,1,0,1,0.0,100.0,0.0,2023-07-14_2023-08-12
0.0,4,CPI m/m|PPI m/m|Core PPI m/m|FOMC,Bad|Bad|Bad|Neutral,1,0,1,0.0,100.0,0.0,2023-09-15_2023-10-14
0.0,4,CPI m/m|PPI m/m|Core PPI m/m|FOMC,Bad|Good|Neutral|Good,1,1,0,100.0,0.0,inf,2024-09-13_2024-10-12
0.1,4,CPI m/m|PPI m/m|Core PPI m/m|FOMC,Neutral|Good|Good|Neutral,1,1,0,100.0,0.0,inf,2023-03-16_2023-04-14
0.1,4,CPI m/m|PPI m/m|Core PPI m/m|FOMC,Neutral|Neutral|Neutral|Neutral,2,0,2,0.0,100.0,0.0,2023-04-14_2023-05-13|2023-07-14_2023-08-12
0.1,4,CPI m/m|PPI m/m|Core PPI m/m|FOMC,Bad|Bad|Neutral|Neutral,1,0,1,0.0,100.0,0.0,2023-09-15_2023-10-14
0.1,4,CPI m/m|PPI m/m|Core PPI m/m|FOMC,Neutral|Neutral|Neutral|Good,1,1,0,100.0,0.0,inf,2024-09-13_2024-10-12
0.2,4,CPI m/m|PPI m/m|Core PPI m/m|FOMC,Neutral|Good|Good|Neutral,1,1,0,100.0,0.0,inf,2023-03-16_2023-04-14
0.2,4,CPI m/m|PPI m/m|Core PPI m/m|FOMC,Neutral|Neutral|Neutral|Neutral,3,0,3,0.0,100.0,0.0,2023-04-14_2023-05-13|2023-07-14_2023-08-12|2023-09-15_2023-10-14
0.2,4,CPI m/m|PPI m/m|Core PPI m/m|FOMC,Neutral|Neutral|Neutral|Good,1,1,0,100.0,0.0,inf,2024-09-13_2024-10-12
0.3,4,CPI m/m|PPI m/m|Core PPI m/m|FOMC,Neutral|Good|Good|Neutral,1,1,0,100.0,0.0,inf,2023-03-16_2023-04-14
0.3,4,CPI m/m|PPI m/m|Core PPI m/m|FOMC,Neutral|Neutral|Neutral|Neutral,4,1,3,25.0,75.0,0.33,2023-04-14_2023-05-13|2023-07-14_2023-08-12|2023-09-15_2023-10-14|2024-09-13_2024-10-12
0.0,4,CPI m/m|PPI m/m|Core PPI m/m|CPI y/y,Bad|Bad|Bad|Bad,2,1,1,50.0,50.0,1.0,2021-06-16_2021-07-15|2023-09-15_2023-10-14
0.0,4,CPI m/m|PPI m/m|Core PPI m/m|CPI y/y,Bad|Neutral|Good|Bad,1,1,0,100.0,0.0,inf,2021-10-15_2021-11-13
0.0,4,CPI m/m|PPI m/m|Core PPI m/m|CPI y/y,Good|Bad|Bad|Good,2,1,1,50.0,50.0,1.0,2022-11-16_2022-12-15|2024-06-14_2024-07-13
0.0,4,CPI m/m|PPI m/m|Core PPI m/m|CPI y/y,Good|Good|Good|Good,3,2,1,66.7,33.3,2.0,2023-03-16_2023-04-14|2023-06-15_2023-07-14|2025-05-16_2025-06-14
0.0,4,CPI m/m|PPI m/m|Core PPI m/m|CPI y/y,Neutral|Good|Neutral|Good,1,0,1,0.0,100.0,0.0,2023-04-14_2023-05-13
0.0,4,CPI m/m|PPI m/m|Core PPI m/m|CPI y/y,Neutral|Bad|Bad|Good,2,1,1,50.0,50.0,1.0,2023-07-14_2023-08-12|2025-07-17_2025-08-15
0.0,4,CPI m/m|PPI m/m|Core PPI m/m|CPI y/y,Neutral|Bad|Bad|Bad,1,1,0,100.0,0.0,inf,2024-02-17_2024-03-17
0.0,4,CPI m/m|PPI m/m|Core PPI m/m|CPI y/y,Bad|Good|Neutral|Bad,2,1,1,50.0,50.0,1.0,2024-03-15_2024-04-13|2024-09-13_2024-10-12
0.0,4,CPI m/m|PPI m/m|Core PPI m/m|CPI y/y,Neutral|Bad|Neutral|Neutral,1,1,0,100.0,0.0,inf,2024-11-15_2024-12-14
0.1,4,CPI m/m|PPI m/m|Core PPI m/m|CPI y/y,Bad|Bad|Bad|Bad,1,1,0,100.0,0.0,inf,2021-06-16_2021-07-15
0.1,4,CPI m/m|PPI m/m|Core PPI m/m|CPI y/y,Bad|Neutral|Neutral|Bad,2,1,1,50.0,50.0,1.0,2021-10-15_2021-11-13|2024-03-15_2024-04-13
0.1,4,CPI m/m|PPI m/m|Core PPI m/m|CPI y/y,Good|Neutral|Bad|Good,2,1,1,50.0,50.0,1.0,2022-11-16_2022-12-15|2024-06-14_2024-07-13
0.1,4,CPI m/m|PPI m/m|Core PPI m/m|CPI y/y,Neutral|Good|Good|Neutral,1,1,0,100.0,0.0,inf,2023-03-16_2023-04-14
0.1,4,CPI m/m|PPI m/m|Core PPI m/m|CPI y/y,Neutral|Neutral|Neutral|Neutral,2,0,2,0.0,100.0,0.0,2023-04-14_2023-05-13|2023-07-14_2023-08-12
0.1,4,CPI m/m|PPI m/m|Core PPI m/m|CPI y/y,Neutral|Neutral|Neutral|Good,1,0,1,0.0,100.0,0.0,2023-06-15_2023-07-14
0.1,4,CPI m/m|PPI m/m|Core PPI m/m|CPI y/y,Bad|Bad|Neutral|Bad,1,0,1,0.0,100.0,0.0,2023-09-15_2023-10-14
0.1,4,CPI m/m|PPI m/m|Core PPI m/m|CPI y/y,Neutral|Bad|Neutral|Bad,1,1,0,100.0,0.0,inf,2024-02-17_2024-03-17
0.1,4,CPI m/m|PPI m/m|Core PPI m/m|CPI y/y,Neutral|Neutral|Neutral|Bad,1,1,0,100.0,0.0,inf,2024-09-13_2024-10-12
0.1,4,CPI m/m|PPI m/m|Core PPI m/m|CPI y/y,Neutral|Bad|Neutral|Neutral,1,1,0,100.0,0.0,inf,2024-11-15_2024-12-14
0.1,4,CPI m/m|PPI m/m|Core PPI m/m|CPI y/y,Neutral|Neutral|Good|Good,1,1,0,100.0,0.0,inf,2025-05-16_2025-06-14
0.1,4,CPI m/m|PPI m/m|Core PPI m/m|CPI y/y,Neutral|Bad|Bad|Neutral,1,1,0,100.0,0.0,inf,2025-07-17_2025-08-15
0.2,4,CPI m/m|PPI m/m|Core PPI m/m|CPI y/y,Bad|Bad|Bad|Bad,1,1,0,100.0,0.0,inf,2021-06-16_2021-07-15
0.2,4,CPI m/m|PPI m/m|Core PPI m/m|CPI y/y,Bad|Neutral|Neutral|Bad,1,1,0,100.0,0.0,inf,2021-10-15_2021-11-13
0.2,4,CPI m/m|PPI m/m|Core PPI m/m|CPI y/y,Neutral|Neutral|Neutral|Good,1,1,0,100.0,0.0,inf,2022-11-16_2022-12-15
0.2,4,CPI m/m|PPI m/m|Core PPI m/m|CPI y/y,Neutral|Good|Good|Neutral,1,1,0,100.0,0.0,inf,2023-03-16_2023-04-14
0.2,4,CPI m/m|PPI m/m|Core PPI m/m|CPI y/y,Neutral|Neutral|Neutral|Neutral,9,3,6,33.3,66.7,0.5,2023-04-14_2023-05-13|2023-06-15_2023-07-14|2023-07-14_2023-08-12|2023-09-15_2023-10-14|2024-03-15_2024-04-13|2024-06-14_2024-07-13|2024-09-13_2024-10-12|2024-11-15_2024-12-14|2025-05-16_2025-06-14
0.2,4,CPI m/m|PPI m/m|Core PPI m/m|CPI y/y,Neutral|Bad|Neutral|Neutral,1,1,0,100.0,0.0,inf,2024-02-17_2024-03-17
0.2,4,CPI m/m|PPI m/m|Core PPI m/m|CPI y/y,Neutral|Bad|Bad|Neutral,1,1,0,100.0,0.0,inf,2025-07-17_2025-08-15
0.3,4,CPI m/m|PPI m/m|Core PPI m/m|CPI y/y,Bad|Bad|Bad|Bad,1,1,0,100.0,0.0,inf,2021-06-16_2021-07-15
0.3,4,CPI m/m|PPI m/m|Core PPI m/m|CPI y/y,Bad|Neutral|Neutral|Neutral,1,1,0,100.0,0.0,inf,2021-10-15_2021-11-13
0.3,4,CPI m/m|PPI m/m|Core PPI m/m|CPI y/y,Neutral|Neutral|Neutral|Neutral,11,5,6,45.5,54.5,0.83,2022-11-16_2022-12-15|2023-04-14_2023-05-13|2023-06-15_2023-07-14|2023-07-14_2023-08-12|2023-09-15_2023-10-14|2024-02-17_2024-03-17|2024-03-15_2024-04-13|2024-06-14_2024-07-13|2024-09-13_2024-10-12|2024-11-15_2024-12-14|2025-05-16_2025-06-14
0.3,4,CPI m/m|PPI m/m|Core PPI m/m|CPI y/y,Neutral|Good|Good|Neutral,1,1,0,100.0,0.0,inf,2023-03-16_2023-04-14
0.3,4,CPI m/m|PPI m/m|Core PPI m/m|CPI y/y,Neutral|Bad|Bad|Neutral,1,1,0,100.0,0.0,inf,2025-07-17_2025-08-15
0.0,4,CPI m/m|PPI m/m|FOMC|CPI y/y,Good|Good|Neutral|Good,1,1,0,100.0,0.0,inf,2023-03-16_2023-04-14
0.0,4,CPI m/m|PPI m/m|FOMC|CPI y/y,Neutral|Good|Neutral|Good,1,0,1,0.0,100.0,0.0,2023-04-14_2023-05-13
0.0,4,CPI m/m|PPI m/m|FOMC|CPI y/y,Neutral|Bad|Neutral|Good,1,0,1,0.0,100.0,0.0,2023-07-14_2023-08-12
0.0,4,CPI m/m|PPI m/m|FOMC|CPI y/y,Bad|Bad|Neutral|Bad,1,0,1,0.0,100.0,0.0,2023-09-15_2023-10-14
0.0,4,CPI m/m|PPI m/m|FOMC|CPI y/y,Bad|Good|Good|Bad,1,1,0,100.0,0.0,inf,2024-09-13_2024-10-12
0.1,4,CPI m/m|PPI m/m|FOMC|CPI y/y,Neutral|Good|Neutral|Neutral,1,1,0,100.0,0.0,inf,2023-03-16_2023-04-14
0.1,4,CPI m/m|PPI m/m|FOMC|CPI y/y,Neutral|Neutral|Neutral|Neutral,2,0,2,0.0,100.0,0.0,2023-04-14_2023-05-13|2023-07-14_2023-08-12
0.1,4,CPI m/m|PPI m/m|FOMC|CPI y/y,Bad|Bad|Neutral|Bad,1,0,1,0.0,100.0,0.0,2023-09-15_2023-10-14
0.1,4,CPI m/m|PPI m/m|FOMC|CPI y/y,Neutral|Neutral|Good|Bad,1,1,0,100.0,0.0,inf,2024-09-13_2024-10-12
0.2,4,CPI m/m|PPI m/m|FOMC|CPI y/y,Neutral|Good|Neutral|Neutral,1,1,0,100.0,0.0,inf,2023-03-16_2023-04-14
0.2,4,CPI m/m|PPI m/m|FOMC|CPI y/y,Neutral|Neutral|Neutral|Neutral,3,0,3,0.0,100.0,0.0,2023-04-14_2023-05-13|2023-07-14_2023-08-12|2023-09-15_2023-10-14
0.2,4,CPI m/m|PPI m/m|FOMC|CPI y/y,Neutral|Neutral|Good|Neutral,1,1,0,100.0,0.0,inf,2024-09-13_2024-10-12
0.3,4,CPI m/m|PPI m/m|FOMC|CPI y/y,Neutral|Good|Neutral|Neutral,1,1,0,100.0,0.0,inf,2023-03-16_2023-04-14
0.3,4,CPI m/m|PPI m/m|FOMC|CPI y/y,Neutral|Neutral|Neutral|Neutral,4,1,3,25.0,75.0,0.33,2023-04-14_2023-05-13|2023-07-14_2023-08-12|2023-09-15_2023-10-14|2024-09-13_2024-10-12
0.0,4,CPI m/m|Core PPI m/m|FOMC|CPI y/y,Good|Good|Neutral|Good,1,1,0,100.0,0.0,inf,2023-03-16_2023-04-14
0.0,4,CPI m/m|Core PPI m/m|FOMC|CPI y/y,Neutral|Neutral|Neutral|Good,1,0,1,0.0,100.0,0.0,2023-04-14_2023-05-13
0.0,4,CPI m/m|Core PPI m/m|FOMC|CPI y/y,Neutral|Bad|Neutral|Good,1,0,1,0.0,100.0,0.0,2023-07-14_2023-08-12
0.0,4,CPI m/m|Core PPI m/m|FOMC|CPI y/y,Bad|Bad|Neutral|Bad,1,0,1,0.0,100.0,0.0,2023-09-15_2023-10-14
0.0,4,CPI m/m|Core PPI m/m|FOMC|CPI y/y,Bad|Neutral|Good|Bad,1,1,0,100.0,0.0,inf,2024-09-13_2024-10-12
0.1,4,CPI m/m|Core PPI m/m|FOMC|CPI y/y,Neutral|Good|Neutral|Neutral,1,1,0,100.0,0.0,inf,2023-03-16_2023-04-14
0.1,4,CPI m/m|Core PPI m/m|FOMC|CPI y/y,Neutral|Neutral|Neutral|Neutral,2,0,2,0.0,100.0,0.0,2023-04-14_2023-05-13|2023-07-14_2023-08-12
0.1,4,CPI m/m|Core PPI m/m|FOMC|CPI y/y,Bad|Neutral|Neutral|Bad,1,0,1,0.0,100.0,0.0,2023-09-15_2023-10-14
0.1,4,CPI m/m|Core PPI m/m|FOMC|CPI y/y,Neutral|Neutral|Good|Bad,1,1,0,100.0,0.0,inf,2024-09-13_2024-10-12
0.2,4,CPI m/m|Core PPI m/m|FOMC|CPI y/y,Neutral|Good|Neutral|Neutral,1,1,0,100.0,0.0,inf,2023-03-16_2023-04-14
0.2,4,CPI m/m|Core PPI m/m|FOMC|CPI y/y,Neutral|Neutral|Neutral|Neutral,3,0,3,0.0,100.0,0.0,2023-04-14_2023-05-13|2023-07-14_2023-08-12|2023-09-15_2023-10-14
0.2,4,CPI m/m|Core PPI m/m|FOMC|CPI y/y,Neutral|Neutral|Good|Neutral,1,1,0,100.0,0.0,inf,2024-09-13_2024-10-12
0.3,4,CPI m/m|Core PPI m/m|FOMC|CPI y/y,Neutral|Good|Neutral|Neutral,1,1,0,100.0,0.0,inf,2023-03-16_2023-04-14
0.3,4,CPI m/m|Core PPI m/m|FOMC|CPI y/y,Neutral|Neutral|Neutral|Neutral,4,1,3,25.0,75.0,0.33,2023-04-14_2023-05-13|2023-07-14_2023-08-12|2023-09-15_2023-10-14|2024-09-13_2024-10-12
0.0,4,Core CPI m/m|PPI m/m|Core PPI m/m|FOMC,Neutral|Good|Good|Neutral,1,1,0,100.0,0.0,inf,2023-03-16_2023-04-14
0.0,4,Core CPI m/m|PPI m/m|Core PPI m/m|FOMC,Bad|Good|Neutral|Neutral,1,0,1,0.0,100.0,0.0,2023-04-14_2023-05-13
0.0,4,Core CPI m/m|PPI m/m|Core PPI m/m|FOMC,Neutral|Bad|Bad|Neutral,2,0,2,0.0,100.0,0.0,2023-07-14_2023-08-12|2023-09-15_2023-10-14
0.0,4,Core CPI m/m|PPI m/m|Core PPI m/m|FOMC,Bad|Good|Neutral|Good,1,1,0,100.0,0.0,inf,2024-09-13_2024-10-12
0.1,4,Core CPI m/m|PPI m/m|Core PPI m/m|FOMC,Neutral|Good|Good|Neutral,1,1,0,100.0,0.0,inf,2023-03-16_2023-04-14
0.1,4,Core CPI m/m|PPI m/m|Core PPI m/m|FOMC,Bad|Neutral|Neutral|Neutral,1,0,1,0.0,100.0,0.0,2023-04-14_2023-05-13
0.1,4,Core CPI m/m|PPI m/m|Core PPI m/m|FOMC,Neutral|Neutral|Neutral|Neutral,1,0,1,0.0,100.0,0.0,2023-07-14_2023-08-12
0.1,4,Core CPI m/m|PPI m/m|Core PPI m/m|FOMC,Neutral|Bad|Neutral|Neutral,1,0,1,0.0,100.0,0.0,2023-09-15_2023-10-14
0.1,4,Core CPI m/m|PPI m/m|Core PPI m/m|FOMC,Neutral|Neutral|Neutral|Good,1,1,0,100.0,0.0,inf,2024-09-13_2024-10-12
0.2,4,Core CPI m/m|PPI m/m|Core PPI m/m|FOMC,Neutral|Good|Good|Neutral,1,1,0,100.0,0.0,inf,2023-03-16_2023-04-14
0.2,4,Core CPI m/m|PPI m/m|Core PPI m/m|FOMC,Neutral|Neutral|Neutral|Neutral,3,0,3,0.0,100.0,0.0,2023-04-14_2023-05-13|2023-07-14_2023-08-12|2023-09-15_2023-10-14
0.2,4,Core CPI m/m|PPI m/m|Core PPI m/m|FOMC,Neutral|Neutral|Neutral|Good,1,1,0,100.0,0.0,inf,2024-09-13_2024-10-12
0.3,4,Core CPI m/m|PPI m/m|Core PPI m/m|FOMC,Neutral|Good|Good|Neutral,1,1,0,100.0,0.0,inf,2023-03-16_2023-04-14
0.3,4,Core CPI m/m|PPI m/m|Core PPI m/m|FOMC,Neutral|Neutral|Neutral|Neutral,4,1,3,25.0,75.0,0.33,2023-04-14_2023-05-13|2023-07-14_2023-08-12|2023-09-15_2023-10-14|2024-09-13_2024-10-12
0.0,4,Core CPI m/m|PPI m/m|Core PPI m/m|CPI y/y,Bad|Bad|Bad|Bad,2,2,0,100.0,0.0,inf,2021-06-16_2021-07-15|2024-02-17_2024-03-17
0.0,4,Core CPI m/m|PPI m/m|Core PPI m/m|CPI y/y,Bad|Neutral|Good|Bad,1,1,0,100.0,0.0,inf,2021-10-15_2021-11-13
0.0,4,Core CPI m/m|PPI m/m|Core PPI m/m|CPI y/y,Good|Bad|Bad|Good,2,1,1,50.0,50.0,1.0,2022-11-16_2022-12-15|2024-06-14_2024-07-13
0.0,4,Core CPI m/m|PPI m/m|Core PPI m/m|CPI y/y,Neutral|Good|Good|Good,1,1,0,100.0,0.0,inf,2023-03-16_2023-04-14
0.0,4,Core CPI m/m|PPI m/m|Core PPI m/m|CPI y/y,Bad|Good|Neutral|Good,1,0,1,0.0,100.0,0.0,2023-04-14_2023-05-13
0.0,4,Core CPI m/m|PPI m/m|Core PPI m/m|CPI y/y,Good|Good|Good|Good,2,1,1,50.0,50.0,1.0,2023-06-15_2023-07-14|2025-05-16_2025-06-14
0.0,4,Core CPI m/m|PPI m/m|Core PPI m/m|CPI y/y,Neutral|Bad|Bad|Good,2,1,1,50.0,50.0,1.0,2023-07-14_2023-08-12|2025-07-17_2025-08-15
0.0,4,Core CPI m/m|PPI m/m|Core PPI m/m|CPI y/y,Neutral|Bad|Bad|Bad,1,0,1,0.0,100.0,0.0,2023-09-15_2023-10-14
0.0,4,Core CPI m/m|PPI m/m|Core PPI m/m|CPI y/y,Bad|Good|Neutral|Bad,2,1,1,50.0,50.0,1.0,2024-03-15_2024-04-13|2024-09-13_2024-10-12
0.0,4,Core CPI m/m|PPI m/m|Core PPI m/m|CPI y/y,Neutral|Bad|Neutral|Neutral,1,1,0,100.0,0.0,inf,2024-11-15_2024-12-14
0.1,4,Core CPI m/m|PPI m/m|Core PPI m/m|CPI y/y,Bad|Bad|Bad|Bad,1,1,0,100.0,0.0,inf,2021-06-16_2021-07-15
0.1,4,Core CPI m/m|PPI m/m|Core PPI m/m|CPI y/y,Bad|Neutral|Neutral|Bad,2,1,1,50.0,50.0,1.0,2021-10-15_2021-11-13|2024-03-15_2024-04-13
0.1,4,Core CPI m/m|PPI m/m|Core PPI m/m|CPI y/y,Neutral|Neutral|Bad|Good,2,1,1,50.0,50.0,1.0,2022-11-16_2022-12-15|2024-06-14_2024-07-13
0.1,4,Core CPI m/m|PPI m/m|Core PPI m/m|CPI y/y,Neutral|Good|Good|Neutral,1,1,0,100.0,0.0,inf,2023-03-16_2023-04-14
0.1,4,Core CPI m/m|PPI m/m|Core PPI m/m|CPI y/y,Bad|Neutral|Neutral|Neutral,1,0,1,0.0,100.0,0.0,2023-04-14_2023-05-13
0.1,4,Core CPI m/m|PPI m/m|Core PPI m/m|CPI y/y,Neutral|Neutral|Neutral|Good,1,0,1,0.0,100.0,0.0,2023-06-15_2023-07-14
0.1,4,Core CPI m/m|PPI m/m|Core PPI m/m|CPI y/y,Neutral|Neutral|Neutral|Neutral,1,0,1,0.0,100.0,0.0,2023-07-14_2023-08-12
0.1,4,Core CPI m/m|PPI m/m|Core PPI m/m|CPI y/y,Neutral|Bad|Neutral|Bad,1,0,1,0.0,100.0,0.0,2023-09-15_2023-10-14
0.1,4,Core CPI m/m|PPI m/m|Core PPI m/m|CPI y/y,Bad|Bad|Neutral|Bad,1,1,0,100.0,0.0,inf,2024-02-17_2024-03-17
0.1,4,Core CPI m/m|PPI m/m|Core PPI m/m|CPI y/y,Neutral|Neutral|Neutral|Bad,1,1,0,100.0,0.0,inf,2024-09-13_2024-10-12
0.1,4,Core CPI m/m|PPI m/m|Core PPI m/m|CPI y/y,Neutral|Bad|Neutral|Neutral,1,1,0,100.0,0.0,inf,2024-11-15_2024-12-14
0.1,4,Core CPI m/m|PPI m/m|Core PPI m/m|CPI y/y,Good|Neutral|Good|Good,1,1,0,100.0,0.0,inf,2025-05-16_2025-06-14
0.1,4,Core CPI m/m|PPI m/m|Core PPI m/m|CPI y/y,Neutral|Bad|Bad|Neutral,1,1,0,100.0,0.0,inf,2025-07-17_2025-08-15
0.2,4,Core CPI m/m|PPI m/m|Core PPI m/m|CPI y/y,Bad|Bad|Bad|Bad,1,1,0,100.0,0.0,inf,2021-06-16_2021-07-15
0.2,4,Core CPI m/m|PPI m/m|Core PPI m/m|CPI y/y,Neutral|Neutral|Neutral|Bad,1,1,0,100.0,0.0,inf,2021-10-15_2021-11-13
0.2,4,Core CPI m/m|PPI m/m|Core PPI m/m|CPI y/y,Neutral|Neutral|Neutral|Good,1,1,0,100.0,0.0,inf,2022-11-16_2022-12-15
0.2,4,Core CPI m/m|PPI m/m|Core PPI m/m|CPI y/y,Neutral|Good|Good|Neutral,1,1,0,100.0,0.0,inf,2023-03-16_2023-04-14
0.2,4,Core CPI m/m|PPI m/m|Core PPI m/m|CPI y/y,Neutral|Neutral|Neutral|Neutral,9,3,6,33.3,66.7,0.5,2023-04-14_2023-05-13|2023-06-15_2023-07-14|2023-07-14_2023-08-12|2023-09-15_2023-10-14|2024-03-15_2024-04-13|2024-06-14_2024-07-13|2024-09-13_2024-10-12|2024-11-15_2024-12-14|2025-05-16_2025-06-14
0.2,4,Core CPI m/m|PPI m/m|Core PPI m/m|CPI y/y,Neutral|Bad|Neutral|Neutral,1,1,0,100.0,0.0,inf,2024-02-17_2024-03-17
0.2,4,Core CPI m/m|PPI m/m|Core PPI m/m|CPI y/y,Neutral|Bad|Bad|Neutral,1,1,0,100.0,0.0,inf,2025-07-17_2025-08-15
0.3,4,Core CPI m/m|PPI m/m|Core PPI m/m|CPI y/y,Bad|Bad|Bad|Bad,1,1,0,100.0,0.0,inf,2021-06-16_2021-07-15
0.3,4,Core CPI m/m|PPI m/m|Core PPI m/m|CPI y/y,Neutral|Neutral|Neutral|Neutral,12,6,6,50.0,50.0,1.0,2021-10-15_2021-11-13|2022-11-16_2022-12-15|2023-04-14_2023-05-13|2023-06-15_2023-07-14|2023-07-14_2023-08-12|2023-09-15_2023-10-14|2024-02-17_2024-03-17|2024-03-15_2024-04-13|2024-06-14_2024-07-13|2024-09-13_2024-10-12|2024-11-15_2024-12-14|2025-05-16_2025-06-14
0.3,4,Core CPI m/m|PPI m/m|Core PPI m/m|CPI y/y,Neutral|Good|Good|Neutral,1,1,0,100.0,0.0,inf,2023-03-16_2023-04-14
0.3,4,Core CPI m/m|PPI m/m|Core PPI m/m|CPI y/y,Neutral|Bad|Bad|Neutral,1,1,0,100.0,0.0,inf,2025-07-17_2025-08-15
0.0,4,Core CPI m/m|PPI m/m|FOMC|CPI y/y,Neutral|Good|Neutral|Good,1,1,0,100.0,0.0,inf,2023-03-16_2023-04-14
0.0,4,Core CPI m/m|PPI m/m|FOMC|CPI y/y,Bad|Good|Neutral|Good,1,0,1,0.0,100.0,0.0,2023-04-14_2023-05-13
0.0,4,Core CPI m/m|PPI m/m|FOMC|CPI y/y,Neutral|Bad|Neutral|Good,1,0,1,0.0,100.0,0.0,2023-07-14_2023-08-12
0.0,4,Core CPI m/m|PPI m/m|FOMC|CPI y/y,Neutral|Bad|Neutral|Bad,1,0,1,0.0,100.0,0.0,2023-09-15_2023-10-14
0.0,4,Core CPI m/m|PPI m/m|FOMC|CPI y/y,Bad|Good|Good|Bad,1,1,0,100.0,0.0,inf,2024-09-13_2024-10-12
0.1,4,Core CPI m/m|PPI m/m|FOMC|CPI y/y,Neutral|Good|Neutral|Neutral,1,1,0,100.0,0.0,inf,2023-03-16_2023-04-14
0.1,4,Core CPI m/m|PPI m/m|FOMC|CPI y/y,Bad|Neutral|Neutral|Neutral,1,0,1,0.0,100.0,0.0,2023-04-14_2023-05-13
0.1,4,Core CPI m/m|PPI m/m|FOMC|CPI y/y,Neutral|Neutral|Neutral|Neutral,1,0,1,0.0,100.0,0.0,2023-07-14_2023-08-12
0.1,4,Core CPI m/m|PPI m/m|FOMC|CPI y/y,Neutral|Bad|Neutral|Bad,1,0,1,0.0,100.0,0.0,2023-09-15_2023-10-14
0.1,4,Core CPI m/m|PPI m/m|FOMC|CPI y/y,Neutral|Neutral|Good|Bad,1,1,0,100.0,0.0,inf,2024-09-13_2024-10-12
0.2,4,Core CPI m/m|PPI m/m|FOMC|CPI y/y,Neutral|Good|Neutral|Neutral,1,1,0,100.0,0.0,inf,2023-03-16_2023-04-14
0.2,4,Core CPI m/m|PPI m/m|FOMC|CPI y/y,Neutral|Neutral|Neutral|Neutral,3,0,3,0.0,100.0,0.0,2023-04-14_2023-05-13|2023-07-14_2023-08-12|2023-09-15_2023-10-14
0.2,4,Core CPI m/m|PPI m/m|FOMC|CPI y/y,Neutral|Neutral|Good|Neutral,1,1,0,100.0,0.0,inf,2024-09-13_2024-10-12
0.3,4,Core CPI m/m|PPI m/m|FOMC|CPI y/y,Neutral|Good|Neutral|Neutral,1,1,0,100.0,0.0,inf,2023-03-16_2023-04-14
0.3,4,Core CPI m/m|PPI m/m|FOMC|CPI y/y,Neutral|Neutral|Neutral|Neutral,4,1,3,25.0,75.0,0.33,2023-04-14_2023-05-13|2023-07-14_2023-08-12|2023-09-15_2023-10-14|2024-09-13_2024-10-12
0.0,4,Core CPI m/m|Core PPI m/m|FOMC|CPI y/y,Neutral|Good|Neutral|Good,1,1,0,100.0,0.0,inf,2023-03-16_2023-04-14
0.0,4,Core CPI m/m|Core PPI m/m|FOMC|CPI y/y,Bad|Neutral|Neutral|Good,1,0,1,0.0,100.0,0.0,2023-04-14_2023-05-13
0.0,4,Core CPI m/m|Core PPI m/m|FOMC|CPI y/y,Neutral|Bad|Neutral|Good,1,0,1,0.0,100.0,0.0,2023-07-14_2023-08-12
0.0,4,Core CPI m/m|Core PPI m/m|FOMC|CPI y/y,Neutral|Bad|Neutral|Bad,1,0,1,0.0,100.0,0.0,2023-09-15_2023-10-14
0.0,4,Core CPI m/m|Core PPI m/m|FOMC|CPI y/y,Bad|Neutral|Good|Bad,1,1,0,100.0,0.0,inf,2024-09-13_2024-10-12
0.1,4,Core CPI m/m|Core PPI m/m|FOMC|CPI y/y,Neutral|Good|Neutral|Neutral,1,1,0,100.0,0.0,inf,2023-03-16_2023-04-14
0.1,4,Core CPI m/m|Core PPI m/m|FOMC|CPI y/y,Bad|Neutral|Neutral|Neutral,1,0,1,0.0,100.0,0.0,2023-04-14_2023-05-13
0.1,4,Core CPI m/m|Core PPI m/m|FOMC|CPI y/y,Neutral|Neutral|Neutral|Neutral,1,0,1,0.0,100.0,0.0,2023-07-14_2023-08-12
0.1,4,Core CPI m/m|Core PPI m/m|FOMC|CPI y/y,Neutral|Neutral|Neutral|Bad,1,0,1,0.0,100.0,0.0,2023-09-15_2023-10-14
0.1,4,Core CPI m/m|Core PPI m/m|FOMC|CPI y/y,Neutral|Neutral|Good|Bad,1,1,0,100.0,0.0,inf,2024-09-13_2024-10-12
0.2,4,Core CPI m/m|Core PPI m/m|FOMC|CPI y/y,Neutral|Good|Neutral|Neutral,1,1,0,100.0,0.0,inf,2023-03-16_2023-04-14
0.2,4,Core CPI m/m|Core PPI m/m|FOMC|CPI y/y,Neutral|Neutral|Neutral|Neutral,3,0,3,0.0,100.0,0.0,2023-04-14_2023-05-13|2023-07-14_2023-08-12|2023-09-15_2023-10-14
0.2,4,Core CPI m/m|Core PPI m/m|FOMC|CPI y/y,Neutral|Neutral|Good|Neutral,1,1,0,100.0,0.0,inf,2024-09-13_2024-10-12
0.3,4,Core CPI m/m|Core PPI m/m|FOMC|CPI y/y,Neutral|Good|Neutral|Neutral,1,1,0,100.0,0.0,inf,2023-03-16_2023-04-14
0.3,4,Core CPI m/m|Core PPI m/m|FOMC|CPI y/y,Neutral|Neutral|Neutral|Neutral,4,1,3,25.0,75.0,0.33,2023-04-14_2023-05-13|2023-07-14_2023-08-12|2023-09-15_2023-10-14|2024-09-13_2024-10-12
0.0,4,PPI m/m|Core PPI m/m|FOMC|CPI y/y,Good|Good|Neutral|Good,1,1,0,100.0,0.0,inf,2023-03-16_2023-04-14
0.0,4,PPI m/m|Core PPI m/m|FOMC|CPI y/y,Good|Neutral|Neutral|Good,1,0,1,0.0,100.0,0.0,2023-04-14_2023-05-13
0.0,4,PPI m/m|Core PPI m/m|FOMC|CPI y/y,Bad|Bad|Neutral|Good,1,0,1,0.0,100.0,0.0,2023-07-14_2023-08-12
0.0,4,PPI m/m|Core PPI m/m|FOMC|CPI y/y,Bad|Bad|Neutral|Bad,1,0,1,0.0,100.0,0.0,2023-09-15_2023-10-14
0.0,4,PPI m/m|Core PPI m/m|FOMC|CPI y/y,Good|Neutral|Good|Bad,1,1,0,100.0,0.0,inf,2024-09-13_2024-10-12
0.1,4,PPI m/m|Core PPI m/m|FOMC|CPI y/y,Good|Good|Neutral|Neutral,1,1,0,100.0,0.0,inf,2023-03-16_2023-04-14
0.1,4,PPI m/m|Core PPI m/m|FOMC|CPI y/y,Neutral|Neutral|Neutral|Neutral,2,0,2,0.0,100.0,0.0,2023-04-14_2023-05-13|2023-07-14_2023-08-12
0.1,4,PPI m/m|Core PPI m/m|FOMC|CPI y/y,Bad|Neutral|Neutral|Bad,1,0,1,0.0,100.0,0.0,2023-09-15_2023-10-14
0.1,4,PPI m/m|Core PPI m/m|FOMC|CPI y/y,Neutral|Neutral|Good|Bad,1,1,0,100.0,0.0,inf,2024-09-13_2024-10-12
0.2,4,PPI m/m|Core PPI m/m|FOMC|CPI y/y,Good|Good|Neutral|Neutral,1,1,0,100.0,0.0,inf,2023-03-16_2023-04-14
0.2,4,PPI m/m|Core PPI m/m|FOMC|CPI y/y,Neutral|Neutral|Neutral|Neutral,3,0,3,0.0,100.0,0.0,2023-04-14_2023-05-13|2023-07-14_2023-08-12|2023-09-15_2023-10-14
0.2,4,PPI m/m|Core PPI m/m|FOMC|CPI y/y,Neutral|Neutral|Good|Neutral,1,1,0,100.0,0.0,inf,2024-09-13_2024-10-12
0.3,4,PPI m/m|Core PPI m/m|FOMC|CPI y/y,Good|Good|Neutral|Neutral,1,1,0,100.0,0.0,inf,2023-03-16_2023-04-14
0.3,4,PPI m/m|Core PPI m/m|FOMC|CPI y/y,Neutral|Neutral|Neutral|Neutral,4,1,3,25.0,75.0,0.33,2023-04-14_2023-05-13|2023-07-14_2023-08-12|2023-09-15_2023-10-14|2024-09-13_2024-10-12
0.0,5,CPI m/m|Core CPI m/m|PPI m/m|Core PPI m/m|FOMC,Good|Neutral|Good|Good|Neutral,1,1,0,100.0,0.0,inf,2023-03-16_2023-04-14
0.0,5,CPI m/m|Core CPI m/m|PPI m/m|Core PPI m/m|FOMC,Neutral|Bad|Good|Neutral|Neutral,1,0,1,0.0,100.0,0.0,2023-04-14_2023-05-13
0.0,5,CPI m/m|Core CPI m/m|PPI m/m|Core PPI m/m|FOMC,Neutral|Neutral|Bad|Bad|Neutral,1,0,1,0.0,100.0,0.0,2023-07-14_2023-08-12
0.0,5,CPI m/m|Core CPI m/m|PPI m/m|Core PPI m/m|FOMC,Bad|Neutral|Bad|Bad|Neutral,1,0,1,0.0,100.0,0.0,2023-09-15_2023-10-14
0.0,5,CPI m/m|Core CPI m/m|PPI m/m|Core PPI m/m|FOMC,Bad|Bad|Good|Neutral|Good,1,1,0,100.0,0.0,inf,2024-09-13_2024-10-12
0.1,5,CPI m/m|Core CPI m/m|PPI m/m|Core PPI m/m|FOMC,Neutral|Neutral|Good|Good|Neutral,1,1,0,100.0,0.0,inf,2023-03-16_2023-04-14
0.1,5,CPI m/m|Core CPI m/m|PPI m/m|Core PPI m/m|FOMC,Neutral|Bad|Neutral|Neutral|Neutral,1,0,1,0.0,100.0,0.0,2023-04-14_2023-05-13
0.1,5,CPI m/m|Core CPI m/m|PPI m/m|Core PPI m/m|FOMC,Neutral|Neutral|Neutral|Neutral|Neutral,1,0,1,0.0,100.0,0.0,2023-07-14_2023-08-12
0.1,5,CPI m/m|Core CPI m/m|PPI m/m|Core PPI m/m|FOMC,Bad|Neutral|Bad|Neutral|Neutral,1,0,1,0.0,100.0,0.0,2023-09-15_2023-10-14
0.1,5,CPI m/m|Core CPI m/m|PPI m/m|Core PPI m/m|FOMC,Neutral|Neutral|Neutral|Neutral|Good,1,1,0,100.0,0.0,inf,2024-09-13_2024-10-12
0.2,5,CPI m/m|Core CPI m/m|PPI m/m|Core PPI m/m|FOMC,Neutral|Neutral|Good|Good|Neutral,1,1,0,100.0,0.0,inf,2023-03-16_2023-04-14
0.2,5,CPI m/m|Core CPI m/m|PPI m/m|Core PPI m/m|FOMC,Neutral|Neutral|Neutral|Neutral|Neutral,3,0,3,0.0,100.0,0.0,2023-04-14_2023-05-13|2023-07-14_2023-08-12|2023-09-15_2023-10-14
0.2,5,CPI m/m|Core CPI m/m|PPI m/m|Core PPI m/m|FOMC,Neutral|Neutral|Neutral|Neutral|Good,1,1,0,100.0,0.0,inf,2024-09-13_2024-10-12
0.3,5,CPI m/m|Core CPI m/m|PPI m/m|Core PPI m/m|FOMC,Neutral|Neutral|Good|Good|Neutral,1,1,0,100.0,0.0,inf,2023-03-16_2023-04-14
0.3,5,CPI m/m|Core CPI m/m|PPI m/m|Core PPI m/m|FOMC,Neutral|Neutral|Neutral|Neutral|Neutral,4,1,3,25.0,75.0,0.33,2023-04-14_2023-05-13|2023-07-14_2023-08-12|2023-09-15_2023-10-14|2024-09-13_2024-10-12
0.0,5,CPI m/m|Core CPI m/m|PPI m/m|Core PPI m/m|CPI y/y,Bad|Bad|Bad|Bad|Bad,1,1,0,100.0,0.0,inf,2021-06-16_2021-07-15
0.0,5,CPI m/m|Core CPI m/m|PPI m/m|Core PPI m/m|CPI y/y,Bad|Bad|Neutral|Good|Bad,1,1,0,100.0,0.0,inf,2021-10-15_2021-11-13
0.0,5,CPI m/m|Core CPI m/m|PPI m/m|Core PPI m/m|CPI y/y,Good|Good|Bad|Bad|Good,2,1,1,50.0,50.0,1.0,2022-11-16_2022-12-15|2024-06-14_2024-07-13
0.0,5,CPI m/m|Core CPI m/m|PPI m/m|Core PPI m/m|CPI y/y,Good|Neutral|Good|Good|Good,1,1,0,100.0,0.0,inf,2023-03-16_2023-04-14
0.0,5,CPI m/m|Core CPI m/m|PPI m/m|Core PPI m/m|CPI y/y,Neutral|Bad|Good|Neutral|Good,1,0,1,0.0,100.0,0.0,2023-04-14_2023-05-13
0.0,5,CPI m/m|Core CPI m/m|PPI m/m|Core PPI m/m|CPI y/y,Good|Good|Good|Good|Good,2,1,1,50.0,50.0,1.0,2023-06-15_2023-07-14|2025-05-16_2025-06-14
0.0,5,CPI m/m|Core CPI m/m|PPI m/m|Core PPI m/m|CPI y/y,Neutral|Neutral|Bad|Bad|Good,2,1,1,50.0,50.0,1.0,2023-07-14_2023-08-12|2025-07-17_2025-08-15
0.0,5,CPI m/m|Core CPI m/m|PPI m/m|Core PPI m/m|CPI y/y,Bad|Neutral|Bad|Bad|Bad,1,0,1,0.0,100.0,0.0,2023-09-15_2023-10-14
0.0,5,CPI m/m|Core CPI m/m|PPI m/m|Core PPI m/m|CPI y/y,Neutral|Bad|Bad|Bad|Bad,1,1,0,100.0,0.0,inf,2024-02-17_2024-03-17
0.0,5,CPI m/m|Core CPI m/m|PPI m/m|Core PPI m/m|CPI y/y,Bad|Bad|Good|Neutral|Bad,2,1,1,50.0,50.0,1.0,2024-03-15_2024-04-13|2024-09-13_2024-10-12
0.0,5,CPI m/m|Core CPI m/m|PPI m/m|Core PPI m/m|CPI y/y,Neutral|Neutral|Bad|Neutral|Neutral,1,1,0,100.0,0.0,inf,2024-11-15_2024-12-14
0.1,5,CPI m/m|Core CPI m/m|PPI m/m|Core PPI m/m|CPI y/y,Bad|Bad|Bad|Bad|Bad,1,1,0,100.0,0.0,inf,2021-06-16_2021-07-15
0.1,5,CPI m/m|Core CPI m/m|PPI m/m|Core PPI m/m|CPI y/y,Bad|Bad|Neutral|Neutral|Bad,2,1,1,50.0,50.0,1.0,2021-10-15_2021-11-13|2024-03-15_2024-04-13
0.1,5,CPI m/m|Core CPI m/m|PPI m/m|Core PPI m/m|CPI y/y,Good|Neutral|Neutral|Bad|Good,2,1,1,50.0,50.0,1.0,2022-11-16_2022-12-15|2024-06-14_2024-07-13
0.1,5,CPI m/m|Core CPI m/m|PPI m/m|Core PPI m/m|CPI y/y,Neutral|Neutral|Good|Good|Neutral,1,1,0,100.0,0.0,inf,2023-03-16_2023-04-14
0.1,5,CPI m/m|Core CPI m/m|PPI m/m|Core PPI m/m|CPI y/y,Neutral|Bad|Neutral|Neutral|Neutral,1,0,1,0.0,100.0,0.0,2023-04-14_2023-05-13
0.1,5,CPI m/m|Core CPI m/m|PPI m/m|Core PPI m/m|CPI y/y,Neutral|Neutral|Neutral|Neutral|Good,1,0,1,0.0,100.0,0.0,2023-06-15_2023-07-14
0.1,5,CPI m/m|Core CPI m/m|PPI m/m|Core PPI m/m|CPI y/y,Neutral|Neutral|Neutral|Neutral|Neutral,1,0,1,0.0,100.0,0.0,2023-07-14_2023-08-12
0.1,5,CPI m/m|Core CPI m/m|PPI m/m|Core PPI m/m|CPI y/y,Bad|Neutral|Bad|Neutral|Bad,1,0,1,0.0,100.0,0.0,2023-09-15_2023-10-14
0.1,5,CPI m/m|Core CPI m/m|PPI m/m|Core PPI m/m|CPI y/y,Neutral|Bad|Bad|Neutral|Bad,1,1,0,100.0,0.0,inf,2024-02-17_2024-03-17
0.1,5,CPI m/m|Core CPI m/m|PPI m/m|Core PPI m/m|CPI y/y,Neutral|Neutral|Neutral|Neutral|Bad,1,1,0,100.0,0.0,inf,2024-09-13_2024-10-12
0.1,5,CPI m/m|Core CPI m/m|PPI m/m|Core PPI m/m|CPI y/y,Neutral|Neutral|Bad|Neutral|Neutral,1,1,0,100.0,0.0,inf,2024-11-15_2024-12-14
0.1,5,CPI m/m|Core CPI m/m|PPI m/m|Core PPI m/m|CPI y/y,Neutral|Good|Neutral|Good|Good,1,1,0,100.0,0.0,inf,2025-05-16_2025-06-14
0.1,5,CPI m/m|Core CPI m/m|PPI m/m|Core PPI m/m|CPI y/y,Neutral|Neutral|Bad|Bad|Neutral,1,1,0,100.0,0.0,inf,2025-07-17_2025-08-15
0.2,5,CPI m/m|Core CPI m/m|PPI m/m|Core PPI m/m|CPI y/y,Bad|Bad|Bad|Bad|Bad,1,1,0,100.0,0.0,inf,2021-06-16_2021-07-15
0.2,5,CPI m/m|Core CPI m/m|PPI m/m|Core PPI m/m|CPI y/y,Bad|Neutral|Neutral|Neutral|Bad,1,1,0,100.0,0.0,inf,2021-10-15_2021-11-13
0.2,5,CPI m/m|Core CPI m/m|PPI m/m|Core PPI m/m|CPI y/y,Neutral|Neutral|Neutral|Neutral|Good,1,1,0,100.0,0.0,inf,2022-11-16_2022-12-15
0.2,5,CPI m/m|Core CPI m/m|PPI m/m|Core PPI m/m|CPI y/y,Neutral|Neutral|Good|Good|Neutral,1,1,0,100.0,0.0,inf,2023-03-16_2023-04-14
0.2,5,CPI m/m|Core CPI m/m|PPI m/m|Core PPI m/m|CPI y/y,Neutral|Neutral|Neutral|Neutral|Neutral,9,3,6,33.3,66.7,0.5,2023-04-14_2023-05-13|2023-06-15_2023-07-14|2023-07-14_2023-08-12|2023-09-15_2023-10-14|2024-03-15_2024-04-13|2024-06-14_2024-07-13|2024-09-13_2024-10-12|2024-11-15_2024-12-14|2025-05-16_2025-06-14
0.2,5,CPI m/m|Core CPI m/m|PPI m/m|Core PPI m/m|CPI y/y,Neutral|Neutral|Bad|Neutral|Neutral,1,1,0,100.0,0.0,inf,2024-02-17_2024-03-17
0.2,5,CPI m/m|Core CPI m/m|PPI m/m|Core PPI m/m|CPI y/y,Neutral|Neutral|Bad|Bad|Neutral,1,1,0,100.0,0.0,inf,2025-07-17_2025-08-15
0.3,5,CPI m/m|Core CPI m/m|PPI m/m|Core PPI m/m|CPI y/y,Bad|Bad|Bad|Bad|Bad,1,1,0,100.0,0.0,inf,2021-06-16_2021-07-15
0.3,5,CPI m/m|Core CPI m/m|PPI m/m|Core PPI m/m|CPI y/y,Bad|Neutral|Neutral|Neutral|Neutral,1,1,0,100.0,0.0,inf,2021-10-15_2021-11-13
0.3,5,CPI m/m|Core CPI m/m|PPI m/m|Core PPI m/m|CPI y/y,Neutral|Neutral|Neutral|Neutral|Neutral,11,5,6,45.5,54.5,0.83,2022-11-16_2022-12-15|2023-04-14_2023-05-13|2023-06-15_2023-07-14|2023-07-14_2023-08-12|2023-09-15_2023-10-14|2024-02-17_2024-03-17|2024-03-15_2024-04-13|2024-06-14_2024-07-13|2024-09-13_2024-10-12|2024-11-15_2024-12-14|2025-05-16_2025-06-14
0.3,5,CPI m/m|Core CPI m/m|PPI m/m|Core PPI m/m|CPI y/y,Neutral|Neutral|Good|Good|Neutral,1,1,0,100.0,0.0,inf,2023-03-16_2023-04-14
0.3,5,CPI m/m|Core CPI m/m|PPI m/m|Core PPI m/m|CPI y/y,Neutral|Neutral|Bad|Bad|Neutral,1,1,0,100.0,0.0,inf,2025-07-17_2025-08-15
0.0,5,CPI m/m|Core CPI m/m|PPI m/m|FOMC|CPI y/y,Good|Neutral|Good|Neutral|Good,1,1,0,100.0,0.0,inf,2023-03-16_2023-04-14
0.0,5,CPI m/m|Core CPI m/m|PPI m/m|FOMC|CPI y/y,Neutral|Bad|Good|Neutral|Good,1,0,1,0.0,100.0,0.0,2023-04-14_2023-05-13
0.0,5,CPI m/m|Core CPI m/m|PPI m/m|FOMC|CPI y/y,Neutral|Neutral|Bad|Neutral|Good,1,0,1,0.0,100.0,0.0,2023-07-14_2023-08-12
0.0,5,CPI m/m|Core CPI m/m|PPI m/m|FOMC|CPI y/y,Bad|Neutral|Bad|Neutral|Bad,1,0,1,0.0,100.0,0.0,2023-09-15_2023-10-14
0.0,5,CPI m/m|Core CPI m/m|PPI m/m|FOMC|CPI y/y,Bad|Bad|Good|Good|Bad,1,1,0,100.0,0.0,inf,2024-09-13_2024-10-12
0.1,5,CPI m/m|Core CPI m/m|PPI m/m|FOMC|CPI y/y,Neutral|Neutral|Good|Neutral|Neutral,1,1,0,100.0,0.0,inf,2023-03-16_2023-04-14
0.1,5,CPI m/m|Core CPI m/m|PPI m/m|FOMC|CPI y/y,Neutral|Bad|Neutral|Neutral|Neutral,1,0,1,0.0,100.0,0.0,2023-04-14_2023-05-13
0.1,5,CPI m/m|Core CPI m/m|PPI m/m|FOMC|CPI y/y,Neutral|Neutral|Neutral|Neutral|Neutral,1,0,1,0.0,100.0,0.0,2023-07-14_2023-08-12
0.1,5,CPI m/m|Core CPI m/m|PPI m/m|FOMC|CPI y/y,Bad|Neutral|Bad|Neutral|Bad,1,0,1,0.0,100.0,0.0,2023-09-15_2023-10-14
0.1,5,CPI m/m|Core CPI m/m|PPI m/m|FOMC|CPI y/y,Neutral|Neutral|Neutral|Good|Bad,1,1,0,100.0,0.0,inf,2024-09-13_2024-10-12
0.2,5,CPI m/m|Core CPI m/m|PPI m/m|FOMC|CPI y/y,Neutral|Neutral|Good|Neutral|Neutral,1,1,0,100.0,0.0,inf,2023-03-16_2023-04-14
0.2,5,CPI m/m|Core CPI m/m|PPI m/m|FOMC|CPI y/y,Neutral|Neutral|Neutral|Neutral|Neutral,3,0,3,0.0,100.0,0.0,2023-04-14_2023-05-13|2023-07-14_2023-08-12|2023-09-15_2023-10-14
0.2,5,CPI m/m|Core CPI m/m|PPI m/m|FOMC|CPI y/y,Neutral|Neutral|Neutral|Good|Neutral,1,1,0,100.0,0.0,inf,2024-09-13_2024-10-12
0.3,5,CPI m/m|Core CPI m/m|PPI m/m|FOMC|CPI y/y,Neutral|Neutral|Good|Neutral|Neutral,1,1,0,100.0,0.0,inf,2023-03-16_2023-04-14
0.3,5,CPI m/m|Core CPI m/m|PPI m/m|FOMC|CPI y/y,Neutral|Neutral|Neutral|Neutral|Neutral,4,1,3,25.0,75.0,0.33,2023-04-14_2023-05-13|2023-07-14_2023-08-12|2023-09-15_2023-10-14|2024-09-13_2024-10-12
0.0,5,CPI m/m|Core CPI m/m|Core PPI m/m|FOMC|CPI y/y,Good|Neutral|Good|Neutral|Good,1,1,0,100.0,0.0,inf,2023-03-16_2023-04-14
0.0,5,CPI m/m|Core CPI m/m|Core PPI m/m|FOMC|CPI y/y,Neutral|Bad|Neutral|Neutral|Good,1,0,1,0.0,100.0,0.0,2023-04-14_2023-05-13
0.0,5,CPI m/m|Core CPI m/m|Core PPI m/m|FOMC|CPI y/y,Neutral|Neutral|Bad|Neutral|Good,1,0,1,0.0,100.0,0.0,2023-07-14_2023-08-12
0.0,5,CPI m/m|Core CPI m/m|Core PPI m/m|FOMC|CPI y/y,Bad|Neutral|Bad|Neutral|Bad,1,0,1,0.0,100.0,0.0,2023-09-15_2023-10-14
0.0,5,CPI m/m|Core CPI m/m|Core PPI m/m|FOMC|CPI y/y,Bad|Bad|Neutral|Good|Bad,1,1,0,100.0,0.0,inf,2024-09-13_2024-10-12
0.1,5,CPI m/m|Core CPI m/m|Core PPI m/m|FOMC|CPI y/y,Neutral|Neutral|Good|Neutral|Neutral,1,1,0,100.0,0.0,inf,2023-03-16_2023-04-14
0.1,5,CPI m/m|Core CPI m/m|Core PPI m/m|FOMC|CPI y/y,Neutral|Bad|Neutral|Neutral|Neutral,1,0,1,0.0,100.0,0.0,2023-04-14_2023-05-13
0.1,5,CPI m/m|Core CPI m/m|Core PPI m/m|FOMC|CPI y/y,Neutral|Neutral|Neutral|Neutral|Neutral,1,0,1,0.0,100.0,0.0,2023-07-14_2023-08-12
0.1,5,CPI m/m|Core CPI m/m|Core PPI m/m|FOMC|CPI y/y,Bad|Neutral|Neutral|Neutral|Bad,1,0,1,0.0,100.0,0.0,2023-09-15_2023-10-14
0.1,5,CPI m/m|Core CPI m/m|Core PPI m/m|FOMC|CPI y/y,Neutral|Neutral|Neutral|Good|Bad,1,1,0,100.0,0.0,inf,2024-09-13_2024-10-12
0.2,5,CPI m/m|Core CPI m/m|Core PPI m/m|FOMC|CPI y/y,Neutral|Neutral|Good|Neutral|Neutral,1,1,0,100.0,0.0,inf,2023-03-16_2023-04-14
0.2,5,CPI m/m|Core CPI m/m|Core PPI m/m|FOMC|CPI y/y,Neutral|Neutral|Neutral|Neutral|Neutral,3,0,3,0.0,100.0,0.0,2023-04-14_2023-05-13|2023-07-14_2023-08-12|2023-09-15_2023-10-14
0.2,5,CPI m/m|Core CPI m/m|Core PPI m/m|FOMC|CPI y/y,Neutral|Neutral|Neutral|Good|Neutral,1,1,0,100.0,0.0,inf,2024-09-13_2024-10-12
0.3,5,CPI m/m|Core CPI m/m|Core PPI m/m|FOMC|CPI y/y,Neutral|Neutral|Good|Neutral|Neutral,1,1,0,100.0,0.0,inf,2023-03-16_2023-04-14
0.3,5,CPI m/m|Core CPI m/m|Core PPI m/m|FOMC|CPI y/y,Neutral|Neutral|Neutral|Neutral|Neutral,4,1,3,25.0,75.0,0.33,2023-04-14_2023-05-13|2023-07-14_2023-08-12|2023-09-15_2023-10-14|2024-09-13_2024-10-12
0.0,5,CPI m/m|PPI m/m|Core PPI m/m|FOMC|CPI y/y,Good|Good|Good|Neutral|Good,1,1,0,100.0,0.0,inf,2023-03-16_2023-04-14
0.0,5,CPI m/m|PPI m/m|Core PPI m/m|FOMC|CPI y/y,Neutral|Good|Neutral|Neutral|Good,1,0,1,0.0,100.0,0.0,2023-04-14_2023-05-13
0.0,5,CPI m/m|PPI m/m|Core PPI m/m|FOMC|CPI y/y,Neutral|Bad|Bad|Neutral|Good,1,0,1,0.0,100.0,0.0,2023-07-14_2023-08-12
0.0,5,CPI m/m|PPI m/m|Core PPI m/m|FOMC|CPI y/y,Bad|Bad|Bad|Neutral|Bad,1,0,1,0.0,100.0,0.0,2023-09-15_2023-10-14
0.0,5,CPI m/m|PPI m/m|Core PPI m/m|FOMC|CPI y/y,Bad|Good|Neutral|Good|Bad,1,1,0,100.0,0.0,inf,2024-09-13_2024-10-12
0.1,5,CPI m/m|PPI m/m|Core PPI m/m|FOMC|CPI y/y,Neutral|Good|Good|Neutral|Neutral,1,1,0,100.0,0.0,inf,2023-03-16_2023-04-14
0.1,5,CPI m/m|PPI m/m|Core PPI m/m|FOMC|CPI y/y,Neutral|Neutral|Neutral|Neutral|Neutral,2,0,2,0.0,100.0,0.0,2023-04-14_2023-05-13|2023-07-14_2023-08-12
0.1,5,CPI m/m|PPI m/m|Core PPI m/m|FOMC|CPI y/y,Bad|Bad|Neutral|Neutral|Bad,1,0,1,0.0,100.0,0.0,2023-09-15_2023-10-14
0.1,5,CPI m/m|PPI m/m|Core PPI m/m|FOMC|CPI y/y,Neutral|Neutral|Neutral|Good|Bad,1,1,0,100.0,0.0,inf,2024-09-13_2024-10-12
0.2,5,CPI m/m|PPI m/m|Core PPI m/m|FOMC|CPI y/y,Neutral|Good|Good|Neutral|Neutral,1,1,0,100.0,0.0,inf,2023-03-16_2023-04-14
0.2,5,CPI m/m|PPI m/m|Core PPI m/m|FOMC|CPI y/y,Neutral|Neutral|Neutral|Neutral|Neutral,3,0,3,0.0,100.0,0.0,2023-04-14_2023-05-13|2023-07-14_2023-08-12|2023-09-15_2023-10-14
0.2,5,CPI m/m|PPI m/m|Core PPI m/m|FOMC|CPI y/y,Neutral|Neutral|Neutral|Good|Neutral,1,1,0,100.0,0.0,inf,2024-09-13_2024-10-12
0.3,5,CPI m/m|PPI m/m|Core PPI m/m|FOMC|CPI y/y,Neutral|Good|Good|Neutral|Neutral,1,1,0,100.0,0.0,inf,2023-03-16_2023-04-14
0.3,5,CPI m/m|PPI m/m|Core PPI m/m|FOMC|CPI y/y,Neutral|Neutral|Neutral|Neutral|Neutral,4,1,3,25.0,75.0,0.33,2023-04-14_2023-05-13|2023-07-14_2023-08-12|2023-09-15_2023-10-14|2024-09-13_2024-10-12
0.0,5,Core CPI m/m|PPI m/m|Core PPI m/m|FOMC|CPI y/y,Neutral|Good|Good|Neutral|Good,1,1,0,100.0,0.0,inf,2023-03-16_2023-04-14
0.0,5,Core CPI m/m|PPI m/m|Core PPI m/m|FOMC|CPI y/y,Bad|Good|Neutral|Neutral|Good,1,0,1,0.0,100.0,0.0,2023-04-14_2023-05-13
0.0,5,Core CPI m/m|PPI m/m|Core PPI m/m|FOMC|CPI y/y,Neutral|Bad|Bad|Neutral|Good,1,0,1,0.0,100.0,0.0,2023-07-14_2023-08-12
0.0,5,Core CPI m/m|PPI m/m|Core PPI m/m|FOMC|CPI y/y,Neutral|Bad|Bad|Neutral|Bad,1,0,1,0.0,100.0,0.0,2023-09-15_2023-10-14
0.0,5,Core CPI m/m|PPI m/m|Core PPI m/m|FOMC|CPI y/y,Bad|Good|Neutral|Good|Bad,1,1,0,100.0,0.0,inf,2024-09-13_2024-10-12
0.1,5,Core CPI m/m|PPI m/m|Core PPI m/m|FOMC|CPI y/y,Neutral|Good|Good|Neutral|Neutral,1,1,0,100.0,0.0,inf,2023-03-16_2023-04-14
0.1,5,Core CPI m/m|PPI m/m|Core PPI m/m|FOMC|CPI y/y,Bad|Neutral|Neutral|Neutral|Neutral,1,0,1,0.0,100.0,0.0,2023-04-14_2023-05-13
0.1,5,Core CPI m/m|PPI m/m|Core PPI m/m|FOMC|CPI y/y,Neutral|Neutral|Neutral|Neutral|Neutral,1,0,1,0.0,100.0,0.0,2023-07-14_2023-08-12
0.1,5,Core CPI m/m|PPI m/m|Core PPI m/m|FOMC|CPI y/y,Neutral|Bad|Neutral|Neutral|Bad,1,0,1,0.0,100.0,0.0,2023-09-15_2023-10-14
0.1,5,Core CPI m/m|PPI m/m|Core PPI m/m|FOMC|CPI y/y,Neutral|Neutral|Neutral|Good|Bad,1,1,0,100.0,0.0,inf,2024-09-13_2024-10-12
0.2,5,Core CPI m/m|PPI m/m|Core PPI m/m|FOMC|CPI y/y,Neutral|Good|Good|Neutral|Neutral,1,1,0,100.0,0.0,inf,2023-03-16_2023-04-14
0.2,5,Core CPI m/m|PPI m/m|Core PPI m/m|FOMC|CPI y/y,Neutral|Neutral|Neutral|Neutral|Neutral,3,0,3,0.0,100.0,0.0,2023-04-14_2023-05-13|2023-07-14_2023-08-12|2023-09-15_2023-10-14
0.2,5,Core CPI m/m|PPI m/m|Core PPI m/m|FOMC|CPI y/y,Neutral|Neutral|Neutral|Good|Neutral,1,1,0,100.0,0.0,inf,2024-09-13_2024-10-12
0.3,5,Core CPI m/m|PPI m/m|Core PPI m/m|FOMC|CPI y/y,Neutral|Good|Good|Neutral|Neutral,1,1,0,100.0,0.0,inf,2023-03-16_2023-04-14
0.3,5,Core CPI m/m|PPI m/m|Core PPI m/m|FOMC|CPI y/y,Neutral|Neutral|Neutral|Neutral|Neutral,4,1,3,25.0,75.0,0.33,2023-04-14_2023-05-13|2023-07-14_2023-08-12|2023-09-15_2023-10-14|2024-09-13_2024-10-12
0.0,6,CPI m/m|Core CPI m/m|PPI m/m|Core PPI m/m|FOMC|CPI y/y,Good|Neutral|Good|Good|Neutral|Good,1,1,0,100.0,0.0,inf,2023-03-16_2023-04-14
0.0,6,CPI m/m|Core CPI m/m|PPI m/m|Core PPI m/m|FOMC|CPI y/y,Neutral|Bad|Good|Neutral|Neutral|Good,1,0,1,0.0,100.0,0.0,2023-04-14_2023-05-13
0.0,6,CPI m/m|Core CPI m/m|PPI m/m|Core PPI m/m|FOMC|CPI y/y,Neutral|Neutral|Bad|Bad|Neutral|Good,1,0,1,0.0,100.0,0.0,2023-07-14_2023-08-12
0.0,6,CPI m/m|Core CPI m/m|PPI m/m|Core PPI m/m|FOMC|CPI y/y,Bad|Neutral|Bad|Bad|Neutral|Bad,1,0,1,0.0,100.0,0.0,2023-09-15_2023-10-14
0.0,6,CPI m/m|Core CPI m/m|PPI m/m|Core PPI m/m|FOMC|CPI y/y,Bad|Bad|Good|Neutral|Good|Bad,1,1,0,100.0,0.0,inf,2024-09-13_2024-10-12
0.1,6,CPI m/m|Core CPI m/m|PPI m/m|Core PPI m/m|FOMC|CPI y/y,Neutral|Neutral|Good|Good|Neutral|Neutral,1,1,0,100.0,0.0,inf,2023-03-16_2023-04-14
0.1,6,CPI m/m|Core CPI m/m|PPI m/m|Core PPI m/m|FOMC|CPI y/y,Neutral|Bad|Neutral|Neutral|Neutral|Neutral,1,0,1,0.0,100.0,0.0,2023-04-14_2023-05-13
0.1,6,CPI m/m|Core CPI m/m|PPI m/m|Core PPI m/m|FOMC|CPI y/y,Neutral|Neutral|Neutral|Neutral|Neutral|Neutral,1,0,1,0.0,100.0,0.0,2023-07-14_2023-08-12
0.1,6,CPI m/m|Core CPI m/m|PPI m/m|Core PPI m/m|FOMC|CPI y/y,Bad|Neutral|Bad|Neutral|Neutral|Bad,1,0,1,0.0,100.0,0.0,2023-09-15_2023-10-14
0.1,6,CPI m/m|Core CPI m/m|PPI m/m|Core PPI m/m|FOMC|CPI y/y,Neutral|Neutral|Neutral|Neutral|Good|Bad,1,1,0,100.0,0.0,inf,2024-09-13_2024-10-12
0.2,6,CPI m/m|Core CPI m/m|PPI m/m|Core PPI m/m|FOMC|CPI y/y,Neutral|Neutral|Good|Good|Neutral|Neutral,1,1,0,100.0,0.0,inf,2023-03-16_2023-04-14
0.2,6,CPI m/m|Core CPI m/m|PPI m/m|Core PPI m/m|FOMC|CPI y/y,Neutral|Neutral|Neutral|Neutral|Neutral|Neutral,3,0,3,0.0,100.0,0.0,2023-04-14_2023-05-13|2023-07-14_2023-08-12|2023-09-15_2023-10-14
0.2,6,CPI m/m|Core CPI m/m|PPI m/m|Core PPI m/m|FOMC|CPI y/y,Neutral|Neutral|Neutral|Neutral|Good|Neutral,1,1,0,100.0,0.0,inf,2024-09-13_2024-10-12
0.3,6,CPI m/m|Core CPI m/m|PPI m/m|Core PPI m/m|FOMC|CPI y/y,Neutral|Neutral|Good|Good|Neutral|Neutral,1,1,0,100.0,0.0,inf,2023-03-16_2023-04-14
0.3,6,CPI m/m|Core CPI m/m|PPI m/m|Core PPI m/m|FOMC|CPI y/y,Neutral|Neutral|Neutral|Neutral|Neutral|Neutral,4,1,3,25.0,75.0,0.33,2023-04-14_2023-05-13|2023-07-14_2023-08-12|2023-09-15_2023-10-14|2024-09-13_2024-10-12
